# signature_gene_contribution | collection scie (stemness x immunogenicity (SCIE)) | DRVI run drvi_epi_64 | 04_3 - 04_7 signature interpretation
# CAVEAT: Cell type labels come from CellTypist (Cells_Adult_Breast.pkl, Kumar et al.
# CAVEAT: 2023), a NORMAL adult breast atlas with no malignant class: TNBC cells are assigned to the nearest normal state.
# CAVEAT: This subset therefore mixes normal and malignant epithelium and no CNV inference has been run.
# CAVEAT: Every state reported here is an EPITHELIAL state, not a tumour cell state.
signature,axis,gene,detection_rate,mean_expression,share_of_mean_signal,share_of_score_variance,spearman_with_score,rank_by_variance_share
BENPORATH_ES1,stemness,HSPD1,0.568947,0.825594,0.018297,0.023388,0.459567,1
BENPORATH_ES1,stemness,FABP5,0.355772,0.59721,0.013235,0.021123,0.453735,2
BENPORATH_ES1,stemness,HSPA8,0.737994,1.360238,0.030146,0.02051,0.316897,3
BENPORATH_ES1,stemness,MGST1,0.627625,1.068799,0.023687,0.020204,0.316101,4
BENPORATH_ES1,stemness,IFITM1,0.559678,1.172159,0.025978,0.020151,0.223351,5
BENPORATH_ES1,stemness,NPM1,0.757513,1.426301,0.03161,0.019661,0.315409,6
BENPORATH_ES1,stemness,TUBB4B,0.524012,0.719638,0.015949,0.018394,0.357633,7
BENPORATH_ES1,stemness,SERBP1,0.536761,0.697691,0.015462,0.017895,0.373464,8
BENPORATH_ES1,stemness,DEK,0.401257,0.462203,0.010243,0.017556,0.456574,9
BENPORATH_ES1,stemness,EPCAM,0.484478,0.61558,0.013643,0.013753,0.342653,10
BENPORATH_ES1,stemness,C1QBP,0.475007,0.56391,0.012497,0.013022,0.366102,11
BENPORATH_ES1,stemness,IDO1,0.123292,0.240647,0.005333,0.012999,0.297666,12
BENPORATH_ES1,stemness,CD24,0.729249,1.486312,0.03294,0.012608,0.176765,13
BENPORATH_ES1,stemness,CRABP2,0.438401,0.640847,0.014203,0.012456,0.270745,14
BENPORATH_ES1,stemness,HMGA1,0.319125,0.351814,0.007797,0.012418,0.396779,15
BENPORATH_ES1,stemness,CDC20,0.14183,0.188868,0.004186,0.012335,0.432415,16
BENPORATH_ES1,stemness,KRT8,0.651939,1.13047,0.025054,0.012042,0.17785,17
BENPORATH_ES1,stemness,SSB,0.360527,0.362084,0.008025,0.011756,0.369911,18
BENPORATH_ES1,stemness,SRSF7,0.447536,0.505229,0.011197,0.01165,0.351385,19
BENPORATH_ES1,stemness,HMGB3,0.253704,0.255115,0.005654,0.011009,0.407537,20
BENPORATH_ES1,stemness,SMS,0.463239,0.526735,0.011674,0.010512,0.31982,21
BENPORATH_ES1,stemness,PARP1,0.323988,0.313886,0.006956,0.009757,0.361739,22
BENPORATH_ES1,stemness,PTTG1,0.167717,0.204914,0.004541,0.009561,0.386331,23
BENPORATH_ES1,stemness,NUDT21,0.346503,0.329273,0.007297,0.009419,0.3196,24
BENPORATH_ES1,stemness,BIRC5,0.12884,0.146618,0.003249,0.008982,0.410482,25
BENPORATH_ES1,stemness,NASP,0.255061,0.228651,0.005067,0.008537,0.368765,26
BENPORATH_ES1,stemness,BUB3,0.331484,0.335694,0.00744,0.008527,0.299464,27
BENPORATH_ES1,stemness,KPNA2,0.228973,0.220337,0.004883,0.008448,0.372284,28
BENPORATH_ES1,stemness,UGP2,0.324203,0.305296,0.006766,0.008345,0.3343,29
BENPORATH_ES1,stemness,CTSC,0.20525,0.21282,0.004717,0.007965,0.332339,30
BENPORATH_ES1,stemness,EPRS,0.269153,0.240101,0.005321,0.007964,0.347273,31
BENPORATH_ES1,stemness,MTHFD2,0.346449,0.358531,0.007946,0.007872,0.303081,32
BENPORATH_ES1,stemness,MCM7,0.203221,0.180131,0.003992,0.007753,0.373841,33
BENPORATH_ES1,stemness,PSIP1,0.187356,0.162279,0.003596,0.007685,0.363761,34
BENPORATH_ES1,stemness,PRPF40A,0.311038,0.272386,0.006037,0.00751,0.295496,35
BENPORATH_ES1,stemness,LSR,0.299983,0.297091,0.006584,0.007429,0.282546,36
BENPORATH_ES1,stemness,SNRPA,0.290512,0.25672,0.005689,0.00719,0.329755,37
BENPORATH_ES1,stemness,DNAJB6,0.433954,0.471675,0.010453,0.007005,0.254787,38
BENPORATH_ES1,stemness,CDK1,0.10372,0.117226,0.002598,0.006983,0.375152,39
BENPORATH_ES1,stemness,MAD2L2,0.260784,0.22743,0.00504,0.006769,0.32995,40
BENPORATH_ES1,stemness,SFRP1,0.248156,0.312205,0.006919,0.006746,0.265974,41
BENPORATH_ES1,stemness,FXR1,0.284265,0.241792,0.005359,0.006659,0.303472,42
BENPORATH_ES1,stemness,CCNB1,0.113513,0.113565,0.002517,0.006624,0.335522,43
BENPORATH_ES1,stemness,NUDT1,0.205438,0.191849,0.004252,0.006546,0.328235,44
BENPORATH_ES1,stemness,BRIX1,0.214264,0.176524,0.003912,0.006483,0.349272,45
BENPORATH_ES1,stemness,AMD1,0.30631,0.281858,0.006247,0.006407,0.281061,46
BENPORATH_ES1,stemness,PAICS,0.221773,0.184743,0.004094,0.006388,0.354849,47
BENPORATH_ES1,stemness,HNRNPAB,0.29743,0.266462,0.005905,0.006376,0.285445,48
BENPORATH_ES1,stemness,LYPLA1,0.409532,0.425462,0.009429,0.006332,0.249334,49
BENPORATH_ES1,stemness,CRABP1,0.206768,0.319324,0.007077,0.005943,0.241476,50
BENPORATH_ES1,stemness,ILF3,0.306431,0.267276,0.005923,0.005909,0.288313,51
BENPORATH_ES1,stemness,AKIRIN1,0.276125,0.231727,0.005136,0.005853,0.280165,52
BENPORATH_ES1,stemness,DDX21,0.270913,0.230696,0.005113,0.005594,0.276226,53
BENPORATH_ES1,stemness,DDX18,0.247283,0.19919,0.004414,0.005423,0.278366,54
BENPORATH_ES1,stemness,PNN,0.269918,0.223494,0.004953,0.005287,0.259136,55
BENPORATH_ES1,stemness,DSG2,0.23839,0.196348,0.004352,0.005256,0.255378,56
BENPORATH_ES1,stemness,MAL2,0.297524,0.285166,0.00632,0.005097,0.205507,57
BENPORATH_ES1,stemness,BOP1,0.14574,0.106333,0.002357,0.005046,0.332217,58
BENPORATH_ES1,stemness,NOP16,0.209938,0.173156,0.003838,0.004907,0.303418,59
BENPORATH_ES1,stemness,ABCE1,0.212598,0.173962,0.003855,0.004896,0.315458,60
BENPORATH_ES1,stemness,NDUFAF4,0.202899,0.160706,0.003562,0.004762,0.29854,61
BENPORATH_ES1,stemness,RUVBL1,0.163458,0.122812,0.002722,0.004552,0.295615,62
BENPORATH_ES1,stemness,GINS2,0.116871,0.092344,0.002047,0.00455,0.292724,63
BENPORATH_ES1,stemness,RFC4,0.123776,0.094102,0.002086,0.004427,0.323451,64
BENPORATH_ES1,stemness,G3BP1,0.276581,0.242406,0.005372,0.004418,0.250329,65
BENPORATH_ES1,stemness,CCNA2,0.067046,0.06308,0.001398,0.004338,0.338718,66
BENPORATH_ES1,stemness,PDCD2,0.248909,0.19634,0.004351,0.004277,0.246347,67
BENPORATH_ES1,stemness,CXADR,0.231418,0.198312,0.004395,0.004097,0.235982,68
BENPORATH_ES1,stemness,M6PR,0.27509,0.229353,0.005083,0.004049,0.220106,69
BENPORATH_ES1,stemness,BCL2L12,0.178584,0.13314,0.002951,0.004021,0.274105,70
BENPORATH_ES1,stemness,RAD51AP1,0.073602,0.060001,0.00133,0.004018,0.328632,71
BENPORATH_ES1,stemness,TEAD4,0.108704,0.080334,0.00178,0.004007,0.297864,72
BENPORATH_ES1,stemness,TMX1,0.255504,0.213815,0.004739,0.003913,0.221988,73
BENPORATH_ES1,stemness,NOLC1,0.2227,0.177974,0.003944,0.003892,0.246829,74
BENPORATH_ES1,stemness,HSPA4,0.210919,0.171913,0.00381,0.003854,0.251983,75
BENPORATH_ES1,stemness,PAK1IP1,0.137639,0.099129,0.002197,0.003804,0.301104,76
BENPORATH_ES1,stemness,AP1M2,0.256297,0.221961,0.004919,0.003794,0.183689,77
BENPORATH_ES1,stemness,PTPN2,0.206163,0.15411,0.003415,0.003784,0.253813,78
BENPORATH_ES1,stemness,TFAM,0.206338,0.154723,0.003429,0.003733,0.24411,79
BENPORATH_ES1,stemness,FUBP1,0.176972,0.134004,0.00297,0.003609,0.241689,80
BENPORATH_ES1,stemness,SRA1,0.260488,0.210891,0.004674,0.003561,0.200345,81
BENPORATH_ES1,stemness,NOP56,0.169933,0.121465,0.002692,0.003529,0.256592,82
BENPORATH_ES1,stemness,PNISR,0.292245,0.255656,0.005666,0.003503,0.187177,83
BENPORATH_ES1,stemness,CBX5,0.198278,0.150704,0.00334,0.003496,0.23603,84
BENPORATH_ES1,stemness,MCM5,0.091388,0.068316,0.001514,0.003477,0.269687,85
BENPORATH_ES1,stemness,MAT2A,0.297605,0.269813,0.00598,0.003475,0.19505,86
BENPORATH_ES1,stemness,MCM3,0.129055,0.099052,0.002195,0.003456,0.266211,87
BENPORATH_ES1,stemness,CSE1L,0.137357,0.102132,0.002263,0.003448,0.277988,88
BENPORATH_ES1,stemness,RCC2,0.175454,0.12391,0.002746,0.003446,0.239295,89
BENPORATH_ES1,stemness,CCAR1,0.19003,0.138521,0.00307,0.003438,0.238212,90
BENPORATH_ES1,stemness,GMNN,0.182789,0.156811,0.003475,0.003436,0.214566,91
BENPORATH_ES1,stemness,NPM3,0.13455,0.100659,0.002231,0.003399,0.280912,92
BENPORATH_ES1,stemness,EXOSC5,0.193912,0.1477,0.003273,0.003281,0.24029,93
BENPORATH_ES1,stemness,MRS2,0.162827,0.117806,0.002611,0.00323,0.262416,94
BENPORATH_ES1,stemness,RBBP8,0.170283,0.125189,0.002774,0.003202,0.226704,95
BENPORATH_ES1,stemness,KLHL7,0.144235,0.103278,0.002289,0.003183,0.262635,96
BENPORATH_ES1,stemness,TMPO,0.134872,0.103736,0.002299,0.003135,0.256065,97
BENPORATH_ES1,stemness,PMAIP1,0.150347,0.126542,0.002804,0.003134,0.193558,98
BENPORATH_ES1,stemness,DHFR,0.080117,0.056602,0.001254,0.003113,0.277187,99
BENPORATH_ES1,stemness,RNF138,0.157534,0.116875,0.00259,0.003063,0.245327,100
BENPORATH_ES1,stemness,SEPHS1,0.133206,0.09137,0.002025,0.003062,0.255925,101
BENPORATH_ES1,stemness,FEN1,0.090864,0.064721,0.001434,0.003048,0.274461,102
BENPORATH_ES1,stemness,AZIN1,0.253274,0.218132,0.004834,0.00298,0.204336,103
BENPORATH_ES1,stemness,DBNDD1,0.16049,0.121801,0.002699,0.002976,0.217225,104
BENPORATH_ES1,stemness,MFGE8,0.186819,0.190708,0.004227,0.002966,0.216162,105
BENPORATH_ES1,stemness,MIS18A,0.121358,0.08669,0.001921,0.002932,0.24608,106
BENPORATH_ES1,stemness,GNL3,0.171371,0.127097,0.002817,0.002911,0.221432,107
BENPORATH_ES1,stemness,CEBPZ,0.180089,0.130816,0.002899,0.002885,0.218225,108
BENPORATH_ES1,stemness,ECT2,0.098736,0.079348,0.001759,0.002867,0.260457,109
BENPORATH_ES1,stemness,MSH6,0.1234,0.088468,0.001961,0.002836,0.249278,110
BENPORATH_ES1,stemness,ESRP1,0.17446,0.131733,0.002919,0.002823,0.217486,111
BENPORATH_ES1,stemness,ESF1,0.154941,0.109609,0.002429,0.002797,0.228701,112
BENPORATH_ES1,stemness,OAZ2,0.184052,0.130362,0.002889,0.002793,0.199176,113
BENPORATH_ES1,stemness,GART,0.141132,0.102672,0.002275,0.002789,0.25271,114
BENPORATH_ES1,stemness,TUBB2B,0.080735,0.098022,0.002172,0.002662,0.16358,115
BENPORATH_ES1,stemness,TERF1,0.132937,0.086615,0.00192,0.002622,0.22894,116
BENPORATH_ES1,stemness,NUP37,0.100509,0.06977,0.001546,0.002506,0.232388,117
BENPORATH_ES1,stemness,G3BP2,0.224016,0.186828,0.004141,0.002505,0.19587,118
BENPORATH_ES1,stemness,DLGAP5,0.044841,0.035909,0.000796,0.002483,0.27423,119
BENPORATH_ES1,stemness,GAL,0.066496,0.056847,0.00126,0.002455,0.24144,120
BENPORATH_ES1,stemness,CDCA5,0.052108,0.038003,0.000842,0.002448,0.280699,121
BENPORATH_ES1,stemness,MCM4,0.095069,0.066009,0.001463,0.002432,0.244224,122
BENPORATH_ES1,stemness,TIA1,0.196988,0.147852,0.003277,0.002391,0.205178,123
BENPORATH_ES1,stemness,INTS13,0.086122,0.058353,0.001293,0.002376,0.23469,124
BENPORATH_ES1,stemness,RRP15,0.114964,0.074284,0.001646,0.002368,0.22462,125
BENPORATH_ES1,stemness,IGF2BP2,0.079083,0.067577,0.001498,0.002353,0.224124,126
BENPORATH_ES1,stemness,MIS18BP1,0.129512,0.092956,0.00206,0.002352,0.215846,127
BENPORATH_ES1,stemness,NAA15,0.105654,0.071357,0.001581,0.002294,0.217488,128
BENPORATH_ES1,stemness,UNG,0.122513,0.090248,0.002,0.002254,0.210471,129
BENPORATH_ES1,stemness,SLC29A1,0.184159,0.151188,0.003351,0.002235,0.165466,130
BENPORATH_ES1,stemness,KIF2C,0.040838,0.032305,0.000716,0.002229,0.259539,131
BENPORATH_ES1,stemness,TCF7L1,0.10337,0.067355,0.001493,0.002205,0.218712,132
BENPORATH_ES1,stemness,PODXL,0.113325,0.083775,0.001857,0.002203,0.203632,133
BENPORATH_ES1,stemness,CDT1,0.054809,0.036544,0.00081,0.002191,0.262484,134
BENPORATH_ES1,stemness,NUDT15,0.110974,0.07447,0.00165,0.002179,0.212576,135
BENPORATH_ES1,stemness,MTHFD1,0.084201,0.055276,0.001225,0.002172,0.226322,136
BENPORATH_ES1,stemness,MAP7,0.160167,0.116152,0.002574,0.00216,0.171089,137
BENPORATH_ES1,stemness,USO1,0.190782,0.143218,0.003174,0.002155,0.189699,138
BENPORATH_ES1,stemness,GPM6B,0.092395,0.065951,0.001462,0.002128,0.219482,139
BENPORATH_ES1,stemness,HMMR,0.040515,0.032021,0.00071,0.002118,0.249542,140
BENPORATH_ES1,stemness,WDR12,0.083959,0.054421,0.001206,0.00209,0.234481,141
BENPORATH_ES1,stemness,PRPS1,0.092906,0.063742,0.001413,0.00208,0.217761,142
BENPORATH_ES1,stemness,AURKB,0.039911,0.031225,0.000692,0.002035,0.260992,143
BENPORATH_ES1,stemness,USP9X,0.176919,0.125039,0.002771,0.002,0.171945,144
BENPORATH_ES1,stemness,NTHL1,0.107508,0.073879,0.001637,0.001999,0.203282,145
BENPORATH_ES1,stemness,FANCL,0.103182,0.071603,0.001587,0.001964,0.215053,146
BENPORATH_ES1,stemness,NOL11,0.11362,0.081833,0.001814,0.001945,0.217909,147
BENPORATH_ES1,stemness,MARS,0.104123,0.073466,0.001628,0.001907,0.200476,148
BENPORATH_ES1,stemness,MTF2,0.12747,0.082819,0.001835,0.001901,0.192097,149
BENPORATH_ES1,stemness,RABGAP1L,0.147741,0.114393,0.002535,0.001878,0.168925,150
BENPORATH_ES1,stemness,MTA3,0.150011,0.100789,0.002234,0.001873,0.172014,151
BENPORATH_ES1,stemness,DSCC1,0.05141,0.036598,0.000811,0.00186,0.24178,152
BENPORATH_ES1,stemness,MCM6,0.052122,0.035096,0.000778,0.001851,0.226116,153
BENPORATH_ES1,stemness,DMKN,0.272404,0.295844,0.006557,0.001803,0.118273,154
BENPORATH_ES1,stemness,SLC16A1,0.075523,0.048746,0.00108,0.001775,0.205042,155
BENPORATH_ES1,stemness,KIF4A,0.037654,0.026036,0.000577,0.001752,0.249415,156
BENPORATH_ES1,stemness,TRIM22,0.139829,0.116703,0.002586,0.00175,0.141749,157
BENPORATH_ES1,stemness,SPC25,0.0349,0.024798,0.00055,0.00174,0.243117,158
BENPORATH_ES1,stemness,GPC4,0.066093,0.043581,0.000966,0.001712,0.172451,159
BENPORATH_ES1,stemness,MCM2,0.051934,0.033413,0.00074,0.001649,0.218616,160
BENPORATH_ES1,stemness,EXOSC9,0.065193,0.041284,0.000915,0.001619,0.190713,161
BENPORATH_ES1,stemness,TRIM24,0.090716,0.052364,0.00116,0.001616,0.186784,162
BENPORATH_ES1,stemness,ZNF267,0.08181,0.055987,0.001241,0.0016,0.174105,163
BENPORATH_ES1,stemness,NDC1,0.067221,0.042586,0.000944,0.001586,0.192995,164
BENPORATH_ES1,stemness,MSH2,0.081326,0.055383,0.001227,0.001575,0.201528,165
BENPORATH_ES1,stemness,RRM2,0.034618,0.02395,0.000531,0.001553,0.225226,166
BENPORATH_ES1,stemness,NFYB,0.108569,0.072823,0.001614,0.001533,0.17009,167
BENPORATH_ES1,stemness,RFC3,0.05595,0.037306,0.000827,0.001529,0.199303,168
BENPORATH_ES1,stemness,BRWD1,0.211832,0.167682,0.003716,0.001521,0.163619,169
BENPORATH_ES1,stemness,NMU,0.0304,0.026554,0.000589,0.001498,0.20312,170
BENPORATH_ES1,stemness,PUS7,0.069384,0.045052,0.000998,0.001476,0.198943,171
BENPORATH_ES1,stemness,PLPP1,0.142919,0.110672,0.002453,0.001475,0.153072,172
BENPORATH_ES1,stemness,TNPO3,0.094733,0.057396,0.001272,0.001472,0.17451,173
BENPORATH_ES1,stemness,NFE2L3,0.055829,0.033307,0.000738,0.001446,0.19887,174
BENPORATH_ES1,stemness,CDC6,0.036821,0.02523,0.000559,0.001438,0.216883,175
BENPORATH_ES1,stemness,PAK1,0.133623,0.092851,0.002058,0.00143,0.154195,176
BENPORATH_ES1,stemness,KCNS3,0.097231,0.064966,0.00144,0.001417,0.141459,177
BENPORATH_ES1,stemness,PROM1,0.114789,0.099717,0.00221,0.001413,0.161607,178
BENPORATH_ES1,stemness,CASP3,0.09527,0.064857,0.001437,0.001402,0.169836,179
BENPORATH_ES1,stemness,RRAS2,0.093618,0.061475,0.001362,0.0014,0.164248,180
BENPORATH_ES1,stemness,SLC6A8,0.081272,0.050671,0.001123,0.001396,0.147731,181
BENPORATH_ES1,stemness,NLN,0.074368,0.047797,0.001059,0.001386,0.18081,182
BENPORATH_ES1,stemness,NUP107,0.084765,0.057562,0.001276,0.001386,0.187368,183
BENPORATH_ES1,stemness,LARP7,0.122688,0.078308,0.001735,0.001385,0.149515,184
BENPORATH_ES1,stemness,OIP5,0.036364,0.023198,0.000514,0.001372,0.225719,185
BENPORATH_ES1,stemness,PUS1,0.060007,0.035637,0.00079,0.001346,0.173216,186
BENPORATH_ES1,stemness,TMEM177,0.067315,0.040078,0.000888,0.001346,0.181996,187
BENPORATH_ES1,stemness,NCAPH,0.027955,0.017601,0.00039,0.001335,0.21969,188
BENPORATH_ES1,stemness,TTLL12,0.083932,0.051994,0.001152,0.001328,0.17293,189
BENPORATH_ES1,stemness,HELLS,0.055668,0.036818,0.000816,0.00132,0.178935,190
BENPORATH_ES1,stemness,PRIM2,0.059013,0.040406,0.000895,0.001313,0.194386,191
BENPORATH_ES1,stemness,GPRC5B,0.091791,0.062827,0.001392,0.001302,0.171057,192
BENPORATH_ES1,stemness,BUB1,0.028734,0.020325,0.00045,0.001293,0.215286,193
BENPORATH_ES1,stemness,ITPR3,0.068511,0.044703,0.000991,0.001282,0.150737,194
BENPORATH_ES1,stemness,PPM1B,0.124824,0.08325,0.001845,0.001282,0.134214,195
BENPORATH_ES1,stemness,MGME1,0.114802,0.074103,0.001642,0.001261,0.150816,196
BENPORATH_ES1,stemness,MCM10,0.029675,0.020946,0.000464,0.001249,0.216267,197
BENPORATH_ES1,stemness,CHEK1,0.043202,0.02867,0.000635,0.001247,0.207213,198
BENPORATH_ES1,stemness,ARL5B,0.164452,0.130442,0.002891,0.001221,0.150245,199
BENPORATH_ES1,stemness,EGLN3,0.140192,0.130702,0.002897,0.001213,0.120542,200
BENPORATH_ES1,stemness,ICE2,0.122298,0.082604,0.001831,0.001209,0.138451,201
BENPORATH_ES1,stemness,NOC3L,0.083113,0.053196,0.001179,0.001207,0.15607,202
BENPORATH_ES1,stemness,PRKD3,0.079378,0.051595,0.001143,0.0012,0.177573,203
BENPORATH_ES1,stemness,FZD7,0.074462,0.045439,0.001007,0.001169,0.157058,204
BENPORATH_ES1,stemness,HPS3,0.086108,0.058616,0.001299,0.001145,0.157655,205
BENPORATH_ES1,stemness,DIDO1,0.116549,0.075599,0.001675,0.001125,0.138361,206
BENPORATH_ES1,stemness,CHEK2,0.040677,0.026268,0.000582,0.001077,0.18403,207
BENPORATH_ES1,stemness,LGALS8,0.13099,0.091979,0.002038,0.001053,0.10824,208
BENPORATH_ES1,stemness,DNMT3A,0.076786,0.048346,0.001071,0.001,0.155161,209
BENPORATH_ES1,stemness,MAK16,0.049932,0.032605,0.000723,0.000998,0.144199,210
BENPORATH_ES1,stemness,ANGEL2,0.100173,0.064892,0.001438,0.000991,0.134078,211
BENPORATH_ES1,stemness,ETV4,0.039508,0.024453,0.000542,0.000986,0.160188,212
BENPORATH_ES1,stemness,ELOVL6,0.039965,0.023431,0.000519,0.000982,0.150271,213
BENPORATH_ES1,stemness,PRKX,0.074851,0.047987,0.001063,0.000981,0.162601,214
BENPORATH_ES1,stemness,PRMT3,0.058516,0.037943,0.000841,0.000971,0.157071,215
BENPORATH_ES1,stemness,FGFR1,0.089024,0.064475,0.001429,0.00097,0.112831,216
BENPORATH_ES1,stemness,DLG3,0.103559,0.069717,0.001545,0.000962,0.118342,217
BENPORATH_ES1,stemness,ZNF770,0.12919,0.092769,0.002056,0.000941,0.14678,218
BENPORATH_ES1,stemness,MYO19,0.063903,0.037338,0.000827,0.000939,0.156087,219
BENPORATH_ES1,stemness,WDHD1,0.032791,0.019751,0.000438,0.000932,0.173969,220
BENPORATH_ES1,stemness,NCAPG2,0.041026,0.027112,0.000601,0.00093,0.174528,221
BENPORATH_ES1,stemness,CHAF1A,0.039562,0.022727,0.000504,0.000903,0.16514,222
BENPORATH_ES1,stemness,POLR3G,0.032536,0.019032,0.000422,0.00089,0.157949,223
BENPORATH_ES1,stemness,RAD54B,0.032401,0.021422,0.000475,0.000872,0.173625,224
BENPORATH_ES1,stemness,PRIM1,0.037452,0.024191,0.000536,0.000871,0.140154,225
BENPORATH_ES1,stemness,PARPBP,0.03267,0.02104,0.000466,0.00084,0.173132,226
BENPORATH_ES1,stemness,SLC39A10,0.07688,0.049717,0.001102,0.000831,0.134959,227
BENPORATH_ES1,stemness,EPHA1,0.053304,0.032789,0.000727,0.000821,0.119618,228
BENPORATH_ES1,stemness,ST6GAL1,0.077753,0.051393,0.001139,0.000816,0.116894,229
BENPORATH_ES1,stemness,AUTS2,0.149474,0.106271,0.002355,0.000815,0.095271,230
BENPORATH_ES1,stemness,GNPTAB,0.10595,0.069875,0.001549,0.000807,0.1107,231
BENPORATH_ES1,stemness,FKBP5,0.097191,0.075453,0.001672,0.000798,0.120534,232
BENPORATH_ES1,stemness,VSNL1,0.03486,0.024451,0.000542,0.000761,0.142763,233
BENPORATH_ES1,stemness,PDK1,0.048347,0.033775,0.000749,0.000759,0.148289,234
BENPORATH_ES1,stemness,ZNF195,0.083261,0.052776,0.00117,0.000756,0.122034,235
BENPORATH_ES1,stemness,PITPNC1,0.052955,0.032533,0.000721,0.000737,0.131832,236
BENPORATH_ES1,stemness,GINS4,0.026585,0.017177,0.000381,0.000723,0.158542,237
BENPORATH_ES1,stemness,GJA1,0.045741,0.03184,0.000706,0.00072,0.129704,238
BENPORATH_ES1,stemness,MED14,0.073172,0.043964,0.000974,0.000717,0.120453,239
BENPORATH_ES1,stemness,ACTA1,0.010666,0.019617,0.000435,0.000715,0.046854,240
BENPORATH_ES1,stemness,BUB1B,0.019008,0.011822,0.000262,0.000703,0.165644,241
BENPORATH_ES1,stemness,AEN,0.062372,0.038739,0.000859,0.000701,0.093932,242
BENPORATH_ES1,stemness,DIAPH2,0.040542,0.025939,0.000575,0.000669,0.139139,243
BENPORATH_ES1,stemness,PLCB3,0.04914,0.027892,0.000618,0.00066,0.12246,244
BENPORATH_ES1,stemness,PYCR2,0.062546,0.036537,0.00081,0.000641,0.097502,245
BENPORATH_ES1,stemness,PTPRZ1,0.026652,0.017741,0.000393,0.000619,0.124424,246
BENPORATH_ES1,stemness,SOX2,0.019398,0.011598,0.000257,0.000612,0.132447,247
BENPORATH_ES1,stemness,MICB,0.02152,0.012821,0.000284,0.000595,0.12254,248
BENPORATH_ES1,stemness,MDN1,0.064736,0.040942,0.000907,0.000593,0.118593,249
BENPORATH_ES1,stemness,PIK3CB,0.079459,0.053727,0.001191,0.000587,0.111136,250
BENPORATH_ES1,stemness,JARID2,0.075483,0.046475,0.00103,0.000583,0.098076,251
BENPORATH_ES1,stemness,KAT7,0.075738,0.051431,0.00114,0.000574,0.099873,252
BENPORATH_ES1,stemness,DDIAS,0.022232,0.014347,0.000318,0.000573,0.151686,253
BENPORATH_ES1,stemness,BMPR1A,0.073938,0.047554,0.001054,0.000557,0.111167,254
BENPORATH_ES1,stemness,PPP2R1B,0.045069,0.027033,0.000599,0.000552,0.106535,255
BENPORATH_ES1,stemness,COCH,0.020271,0.013776,0.000305,0.000546,0.140102,256
BENPORATH_ES1,stemness,COBL,0.085558,0.056212,0.001246,0.000538,0.090054,257
BENPORATH_ES1,stemness,IGF2BP3,0.020526,0.015068,0.000334,0.000533,0.139382,258
BENPORATH_ES1,stemness,TDRP,0.052874,0.031714,0.000703,0.00052,0.112574,259
BENPORATH_ES1,stemness,DNA2,0.019156,0.012687,0.000281,0.000504,0.129154,260
BENPORATH_ES1,stemness,MAN2A1,0.069693,0.046907,0.00104,0.000502,0.095839,261
BENPORATH_ES1,stemness,POLE2,0.01741,0.010646,0.000236,0.000493,0.125777,262
BENPORATH_ES1,stemness,LRP8,0.019102,0.009493,0.00021,0.000491,0.133244,263
BENPORATH_ES1,stemness,ZNF398,0.036714,0.021087,0.000467,0.000464,0.109608,264
BENPORATH_ES1,stemness,JADE1,0.062036,0.036965,0.000819,0.000463,0.084251,265
BENPORATH_ES1,stemness,ORC1,0.011432,0.006931,0.000154,0.000447,0.129614,266
BENPORATH_ES1,stemness,THEMIS2,0.024059,0.014867,0.000329,0.000443,0.102355,267
BENPORATH_ES1,stemness,SEMA6A,0.040448,0.024762,0.000549,0.000429,0.108483,268
BENPORATH_ES1,stemness,PCDH1,0.056689,0.034106,0.000756,0.000406,0.063169,269
BENPORATH_ES1,stemness,OLFM1,0.033113,0.018509,0.00041,0.000404,0.092629,270
BENPORATH_ES1,stemness,SLC13A3,0.024207,0.013502,0.000299,0.000398,0.100218,271
BENPORATH_ES1,stemness,HOMER1,0.048629,0.027719,0.000614,0.000394,0.095696,272
BENPORATH_ES1,stemness,CAPRIN2,0.036418,0.020555,0.000456,0.000382,0.099096,273
BENPORATH_ES1,stemness,LRRN1,0.053788,0.037027,0.000821,0.000369,0.085305,274
BENPORATH_ES1,stemness,KIFC2,0.045539,0.027191,0.000603,0.000353,0.08678,275
BENPORATH_ES1,stemness,CDC25A,0.012641,0.007014,0.000155,0.000348,0.11183,276
BENPORATH_ES1,stemness,FRAT2,0.049744,0.026051,0.000577,0.000347,0.073207,277
BENPORATH_ES1,stemness,LGR4,0.057697,0.034132,0.000756,0.000333,0.078136,278
BENPORATH_ES1,stemness,ERCC6L,0.009135,0.005661,0.000125,0.000296,0.114475,279
BENPORATH_ES1,stemness,FGF13,0.051558,0.033154,0.000735,0.000294,0.081272,280
BENPORATH_ES1,stemness,PPP2R2B,0.017249,0.009455,0.00021,0.000287,0.096464,281
BENPORATH_ES1,stemness,ROBO1,0.031072,0.018837,0.000417,0.000285,0.086432,282
BENPORATH_ES1,stemness,ABHD17B,0.031851,0.018655,0.000413,0.000269,0.074038,283
BENPORATH_ES1,stemness,PIM2,0.037036,0.023806,0.000528,0.000254,0.077569,284
BENPORATH_ES1,stemness,DNMT3B,0.01612,0.009631,0.000213,0.00024,0.086912,285
BENPORATH_ES1,stemness,FZD5,0.020325,0.010359,0.00023,0.000225,0.070797,286
BENPORATH_ES1,stemness,GPR19,0.006032,0.00356,7.9e-05,0.000202,0.089009,287
BENPORATH_ES1,stemness,ETV1,0.021144,0.014714,0.000326,0.000196,0.057926,288
BENPORATH_ES1,stemness,FOXD3,0.008597,0.003539,7.8e-05,0.000184,0.088967,289
BENPORATH_ES1,stemness,SIRT1,0.065999,0.040316,0.000893,0.000184,0.05609,290
BENPORATH_ES1,stemness,CACHD1,0.02062,0.011442,0.000254,0.000181,0.070612,291
BENPORATH_ES1,stemness,TNNT1,0.03897,0.029913,0.000663,0.000178,0.02089,292
BENPORATH_ES1,stemness,ZGRF1,0.011969,0.00762,0.000169,0.000177,0.081596,293
BENPORATH_ES1,stemness,CLDN6,0.011647,0.014767,0.000327,0.000174,0.069865,294
BENPORATH_ES1,stemness,FGF2,0.014414,0.007262,0.000161,0.000171,0.072016,295
BENPORATH_ES1,stemness,POU5F1,0.007026,0.003941,8.7e-05,0.000162,0.0708,296
BENPORATH_ES1,stemness,ADD2,0.006166,0.00442,9.8e-05,0.000152,0.073885,297
BENPORATH_ES1,stemness,PASK,0.016926,0.010386,0.00023,0.000135,0.06508,298
BENPORATH_ES1,stemness,L1TD1,0.00399,0.002613,5.8e-05,0.00013,0.052169,299
BENPORATH_ES1,stemness,PFAS,0.016617,0.009665,0.000214,0.000124,0.04863,300
BENPORATH_ES1,stemness,GPR176,0.008288,0.004376,9.7e-05,0.000117,0.054849,301
BENPORATH_ES1,stemness,DCLK1,0.027377,0.016284,0.000361,0.000117,0.050349,302
BENPORATH_ES1,stemness,CHST7,0.012359,0.006866,0.000152,0.00011,0.052188,303
BENPORATH_ES1,stemness,ADGRG2,0.004661,0.002352,5.2e-05,0.000109,0.067697,304
BENPORATH_ES1,stemness,GAD1,0.007953,0.004176,9.3e-05,0.000106,0.035859,305
BENPORATH_ES1,stemness,ERBB2,0.175844,0.144292,0.003198,9.8e-05,0.041214,306
BENPORATH_ES1,stemness,GLDC,0.00587,0.002979,6.6e-05,9.2e-05,0.056214,307
BENPORATH_ES1,stemness,CBS,0.007456,0.004057,9e-05,9.2e-05,0.064728,308
BENPORATH_ES1,stemness,SYNGR3,0.005911,0.003139,7e-05,9.2e-05,0.051712,309
BENPORATH_ES1,stemness,TMEFF1,0.003802,0.00248,5.5e-05,9.1e-05,0.05965,310
BENPORATH_ES1,stemness,HAS3,0.007818,0.004629,0.000103,8.9e-05,0.038338,311
BENPORATH_ES1,stemness,CNTNAP2,0.009377,0.006123,0.000136,8.3e-05,0.023955,312
BENPORATH_ES1,stemness,NLGN4X,0.014186,0.008112,0.00018,7.3e-05,0.033052,313
BENPORATH_ES1,stemness,USP44,0.005709,0.002884,6.4e-05,7.3e-05,0.049455,314
BENPORATH_ES1,stemness,RAP1GAP2,0.035437,0.02208,0.000489,7.3e-05,0.037309,315
BENPORATH_ES1,stemness,FOXO1,0.023065,0.013676,0.000303,6.2e-05,0.035602,316
BENPORATH_ES1,stemness,SPRY4,0.021547,0.012809,0.000284,5.5e-05,0.046586,317
BENPORATH_ES1,stemness,ZIC2,0.001236,0.000606,1.3e-05,5.4e-05,0.030712,318
BENPORATH_ES1,stemness,ALPL,0.045204,0.036453,0.000808,5.1e-05,0.061997,319
BENPORATH_ES1,stemness,EPB41L4B,0.054916,0.03286,0.000728,5.1e-05,0.026368,320
BENPORATH_ES1,stemness,CKMT1A,0.004043,0.0024,5.3e-05,4.8e-05,0.030597,321
BENPORATH_ES1,stemness,SALL2,0.020352,0.011136,0.000247,3.6e-05,0.02499,322
BENPORATH_ES1,stemness,CRMP1,0.002096,0.001464,3.2e-05,3.1e-05,0.029169,323
BENPORATH_ES1,stemness,ATP1A2,0.001034,0.000804,1.8e-05,3.1e-05,0.015691,324
BENPORATH_ES1,stemness,ADAM23,0.002015,0.000889,2e-05,3e-05,0.039289,325
BENPORATH_ES1,stemness,ZNF589,0.011727,0.006781,0.00015,2.9e-05,0.03214,326
BENPORATH_ES1,stemness,ZIC3,0.001397,0.000911,2e-05,2.8e-05,0.028024,327
BENPORATH_ES1,stemness,GABRA5,0.001182,0.000482,1.1e-05,2.2e-05,0.03791,328
BENPORATH_ES1,stemness,HESX1,0.003224,0.001647,3.6e-05,1.7e-05,0.021137,329
BENPORATH_ES1,stemness,LEFTY1,0.001384,0.000629,1.4e-05,1.6e-05,0.015112,330
BENPORATH_ES1,stemness,SLC7A3,0.000699,0.000478,1.1e-05,1.5e-05,0.009918,331
BENPORATH_ES1,stemness,NODAL,0.001061,0.000633,1.4e-05,1.4e-05,0.014589,332
BENPORATH_ES1,stemness,CYP2S1,0.002808,0.001922,4.3e-05,1.4e-05,0.024133,333
BENPORATH_ES1,stemness,NTS,0.001128,0.001871,4.1e-05,1.2e-05,0.003269,334
BENPORATH_ES1,stemness,ACTC1,0.000766,0.000906,2e-05,1.2e-05,0.016382,335
BENPORATH_ES1,stemness,SCGB3A2,0.001437,0.001136,2.5e-05,1e-05,0.006424,336
BENPORATH_ES1,stemness,DPPA4,0.000591,0.000329,7e-06,8e-06,0.020308,337
BENPORATH_ES1,stemness,CAMKV,0.000336,0.000178,4e-06,7e-06,0.018873,338
BENPORATH_ES1,stemness,SALL4,0.001814,0.001238,2.7e-05,6e-06,0.021128,339
BENPORATH_ES1,stemness,NMRK2,0.000188,0.000118,3e-06,4e-06,0.010113,340
BENPORATH_ES1,stemness,CNMD,0.000376,0.00025,6e-06,4e-06,0.015788,341
BENPORATH_ES1,stemness,VRTN,9.4e-05,4.3e-05,1e-06,4e-06,0.011406,342
BENPORATH_ES1,stemness,TDGF1,0.000228,0.000105,2e-06,4e-06,0.010083,343
BENPORATH_ES1,stemness,LIN28A,8.1e-05,3.8e-05,1e-06,2e-06,0.007639,344
BENPORATH_ES1,stemness,ZSCAN10,0.000524,0.0003,7e-06,2e-06,0.00202,345
BENPORATH_ES1,stemness,CER1,8.1e-05,2.5e-05,1e-06,2e-06,0.011315,346
BENPORATH_ES1,stemness,PRDM14,0.000416,0.000274,6e-06,2e-06,0.008145,347
BENPORATH_ES1,stemness,PIPOX,0.002028,0.001333,3e-05,1e-06,0.015068,348
BENPORATH_ES1,stemness,KLKB1,0.001061,0.000612,1.4e-05,1e-06,0.010892,349
BENPORATH_ES1,stemness,GDF3,4e-05,4.8e-05,1e-06,1e-06,0.00386,350
BENPORATH_ES1,stemness,ACTN3,0.000322,0.000209,5e-06,1e-06,0.008596,351
BENPORATH_ES1,stemness,UTF1,0.000134,6.5e-05,1e-06,1e-06,0.000405,352
BENPORATH_ES1,stemness,NANOG,0.000269,0.000148,3e-06,0.0,0.004692,353
BENPORATH_ES1,stemness,SALL1,0.000148,0.000126,3e-06,-4e-06,-0.000557,354
BENPORATH_ES1,stemness,CYP26A1,0.004017,0.002506,5.6e-05,-8e-06,0.006157,355
BENPORATH_ES1,stemness,GABRB3,0.005629,0.00321,7.1e-05,-1.6e-05,-0.002857,356
BENPORATH_ES1,stemness,RAB3B,0.014011,0.009389,0.000208,-1.7e-05,-0.004214,357
BENPORATH_ES1,stemness,AASS,0.016577,0.010212,0.000226,-2.5e-05,0.017535,358
BENPORATH_ES1,stemness,ANOS1,0.038635,0.025508,0.000565,-4e-05,0.015168,359
BENPORATH_ES1,stemness,LCK,0.015314,0.014977,0.000332,-4.9e-05,0.02767,360
BENPORATH_ES1,stemness,LRIG1,0.109214,0.077938,0.001727,-8.1e-05,0.01941,361
BENPORATH_ES1,stemness,KIF5C,0.024086,0.015788,0.00035,-0.000119,-0.007155,362
BENPORATH_ES1,stemness,SLC38A1,0.295146,0.288446,0.006393,-0.000124,0.056756,363
BENPORATH_ES1,stemness,SNRPN,0.126892,0.093602,0.002074,-0.000216,0.008879,364
BENPORATH_ES1,stemness,SCNN1A,0.06397,0.04247,0.000941,-0.000243,-0.006641,365
BENPORATH_ES1,stemness,SORL1,0.087129,0.060655,0.001344,-0.000369,-0.000133,366
BENPORATH_ES1,stemness,SFRP2,0.075456,0.113708,0.00252,-0.000381,0.068637,367
BENPORATH_ES1,stemness,RARRES2,0.100697,0.112265,0.002488,-0.000885,0.040843,368
BENPORATH_ES1,stemness,RPS24,0.945903,2.75932,0.061153,-0.00107,-0.072963,369
ESC_ASSOU,stemness,TUBB,0.671592,1.214985,0.009071,0.01211,0.513659,1
ESC_ASSOU,stemness,PRDX1,0.785978,1.655882,0.012363,0.011023,0.364391,2
ESC_ASSOU,stemness,LGALS1,0.555541,1.15629,0.008633,0.010576,0.383956,3
ESC_ASSOU,stemness,UQCRH,0.694389,1.25676,0.009383,0.010389,0.447791,4
ESC_ASSOU,stemness,RPL7,0.724695,1.345618,0.010047,0.010136,0.410019,5
ESC_ASSOU,stemness,HSPD1,0.568947,0.825594,0.006164,0.009402,0.48042,6
ESC_ASSOU,stemness,PFN1,0.837361,1.898765,0.014177,0.009306,0.356374,7
ESC_ASSOU,stemness,HSPE1,0.648729,1.042937,0.007787,0.009022,0.410062,8
ESC_ASSOU,stemness,HMGN2,0.718717,1.294254,0.009663,0.00899,0.349135,9
ESC_ASSOU,stemness,FABP5,0.355772,0.59721,0.004459,0.008485,0.46838,10
ESC_ASSOU,stemness,NPM1,0.757513,1.426301,0.010649,0.008313,0.340778,11
ESC_ASSOU,stemness,CD9,0.651805,1.143104,0.008535,0.008242,0.26631,12
ESC_ASSOU,stemness,HSPA8,0.737994,1.360238,0.010156,0.007997,0.299818,13
ESC_ASSOU,stemness,MGST1,0.627625,1.068799,0.00798,0.007865,0.314377,14
ESC_ASSOU,stemness,PGK1,0.542645,0.813209,0.006072,0.007859,0.405128,15
ESC_ASSOU,stemness,IFITM1,0.559678,1.172159,0.008752,0.007831,0.232475,16
ESC_ASSOU,stemness,NDUFA4,0.755619,1.446235,0.010798,0.007708,0.277376,17
ESC_ASSOU,stemness,TPM3,0.581494,0.837229,0.006251,0.007428,0.373699,18
ESC_ASSOU,stemness,NCL,0.594847,0.840657,0.006277,0.007258,0.388965,19
ESC_ASSOU,stemness,SSBP1,0.495144,0.632548,0.004723,0.007256,0.449821,20
ESC_ASSOU,stemness,DEK,0.401257,0.462203,0.003451,0.007146,0.500493,21
ESC_ASSOU,stemness,RPL24,0.879959,2.13532,0.015943,0.006873,0.209432,22
ESC_ASSOU,stemness,COX6A1,0.680297,1.12689,0.008414,0.00686,0.260786,23
ESC_ASSOU,stemness,SNRPD3,0.538225,0.708251,0.005288,0.006761,0.412975,24
ESC_ASSOU,stemness,NUCKS1,0.484975,0.589398,0.004401,0.006755,0.404528,25
ESC_ASSOU,stemness,CKS1B,0.390793,0.484964,0.003621,0.006736,0.475688,26
ESC_ASSOU,stemness,CBX3,0.461936,0.541296,0.004041,0.006488,0.441285,27
ESC_ASSOU,stemness,LSM5,0.479857,0.592052,0.00442,0.006324,0.411927,28
ESC_ASSOU,stemness,BST2,0.495762,0.861855,0.006435,0.006292,0.226474,29
ESC_ASSOU,stemness,HSP90B1,0.606843,0.923629,0.006896,0.006168,0.259769,30
ESC_ASSOU,stemness,CKS2,0.393036,0.499552,0.00373,0.006137,0.412263,31
ESC_ASSOU,stemness,SNRPD2,0.668731,1.075561,0.00803,0.00601,0.292406,32
ESC_ASSOU,stemness,RPLP0,0.959364,3.05458,0.022806,0.005949,0.201235,33
ESC_ASSOU,stemness,SNRPA1,0.31042,0.325871,0.002433,0.005933,0.462585,34
ESC_ASSOU,stemness,HNRNPA1,0.700246,1.169916,0.008735,0.005875,0.261059,35
ESC_ASSOU,stemness,RPS2,0.735952,1.41477,0.010563,0.005769,0.227517,36
ESC_ASSOU,stemness,CCT5,0.377064,0.417344,0.003116,0.005697,0.459032,37
ESC_ASSOU,stemness,UBE2C,0.175078,0.274254,0.002048,0.005697,0.444217,38
ESC_ASSOU,stemness,MRPL37,0.356202,0.359878,0.002687,0.005446,0.456468,39
ESC_ASSOU,stemness,C1QBP,0.475007,0.56391,0.00421,0.005332,0.406407,40
ESC_ASSOU,stemness,MT1X,0.507167,0.777077,0.005802,0.005327,0.325242,41
ESC_ASSOU,stemness,PSMA3,0.380328,0.410245,0.003063,0.005294,0.413061,42
ESC_ASSOU,stemness,SET,0.432692,0.470898,0.003516,0.005266,0.395906,43
ESC_ASSOU,stemness,RPL4,0.704491,1.190389,0.008888,0.005234,0.202881,44
ESC_ASSOU,stemness,TPM1,0.613372,1.025662,0.007658,0.005214,0.228326,45
ESC_ASSOU,stemness,NME2,0.575583,0.867136,0.006474,0.00514,0.3026,46
ESC_ASSOU,stemness,TKT,0.428165,0.486227,0.00363,0.005087,0.397458,47
ESC_ASSOU,stemness,NAP1L1,0.403823,0.425029,0.003173,0.004969,0.393427,48
ESC_ASSOU,stemness,HMGB2,0.270684,0.30449,0.002273,0.004964,0.42236,49
ESC_ASSOU,stemness,CSRP2,0.266909,0.300745,0.002245,0.004962,0.440686,50
ESC_ASSOU,stemness,CALU,0.351271,0.370159,0.002764,0.004886,0.406915,51
ESC_ASSOU,stemness,KRT8,0.651939,1.13047,0.00844,0.004871,0.19159,52
ESC_ASSOU,stemness,PRDX2,0.609476,0.913004,0.006817,0.004844,0.278038,53
ESC_ASSOU,stemness,HMGA1,0.319125,0.351814,0.002627,0.004771,0.415265,54
ESC_ASSOU,stemness,CD24,0.729249,1.486312,0.011097,0.004722,0.153395,55
ESC_ASSOU,stemness,CDC20,0.14183,0.188868,0.00141,0.004705,0.428458,56
ESC_ASSOU,stemness,CRABP2,0.438401,0.640847,0.004785,0.004684,0.280019,57
ESC_ASSOU,stemness,ABRACL,0.460136,0.552096,0.004122,0.004574,0.351756,58
ESC_ASSOU,stemness,EIF1AX,0.439852,0.469436,0.003505,0.004569,0.365927,59
ESC_ASSOU,stemness,SSB,0.360527,0.362084,0.002703,0.004565,0.398182,60
ESC_ASSOU,stemness,RPL12,0.961634,3.082763,0.023017,0.004557,0.1505,61
ESC_ASSOU,stemness,HMGB3,0.253704,0.255115,0.001905,0.00449,0.445046,62
ESC_ASSOU,stemness,LSM7,0.483336,0.579164,0.004324,0.004332,0.340941,63
ESC_ASSOU,stemness,RPS19,0.960909,3.011827,0.022487,0.004309,0.160978,64
ESC_ASSOU,stemness,HDAC2,0.383874,0.393412,0.002937,0.004298,0.414817,65
ESC_ASSOU,stemness,SRRM1,0.424685,0.446379,0.003333,0.004189,0.348243,66
ESC_ASSOU,stemness,SMS,0.463239,0.526735,0.003933,0.004182,0.347477,67
ESC_ASSOU,stemness,TCEA1,0.486237,0.587346,0.004385,0.004145,0.31284,68
ESC_ASSOU,stemness,RPL39L,0.312798,0.327327,0.002444,0.004141,0.385739,69
ESC_ASSOU,stemness,SNRPF,0.408323,0.446038,0.00333,0.004126,0.379459,70
ESC_ASSOU,stemness,MRPL11,0.338295,0.332817,0.002485,0.004125,0.42162,71
ESC_ASSOU,stemness,NUDT5,0.31077,0.301246,0.002249,0.004088,0.41002,72
ESC_ASSOU,stemness,SLC3A2,0.399739,0.437514,0.003267,0.004078,0.327915,73
ESC_ASSOU,stemness,RPL6,0.861125,2.111382,0.015764,0.004048,0.060974,74
ESC_ASSOU,stemness,CCT8,0.366223,0.371392,0.002773,0.004015,0.395688,75
ESC_ASSOU,stemness,PARP1,0.323988,0.313886,0.002344,0.003978,0.407915,76
ESC_ASSOU,stemness,RPA3,0.330423,0.331237,0.002473,0.003937,0.377811,77
ESC_ASSOU,stemness,EIF4EBP1,0.421905,0.584512,0.004364,0.003936,0.349549,78
ESC_ASSOU,stemness,PTTG1,0.167717,0.204914,0.00153,0.003865,0.406834,79
ESC_ASSOU,stemness,ATP1B3,0.273156,0.261658,0.001954,0.003798,0.402085,80
ESC_ASSOU,stemness,CARHSP1,0.341089,0.373522,0.002789,0.003721,0.333285,81
ESC_ASSOU,stemness,APEX1,0.407531,0.412826,0.003082,0.003676,0.341773,82
ESC_ASSOU,stemness,BCCIP,0.312046,0.293653,0.002192,0.003668,0.385468,83
ESC_ASSOU,stemness,CLDN7,0.478137,0.639236,0.004773,0.00361,0.197849,84
ESC_ASSOU,stemness,MRPL15,0.281726,0.260862,0.001948,0.003594,0.41749,85
ESC_ASSOU,stemness,BIRC5,0.12884,0.146618,0.001095,0.003548,0.418575,86
ESC_ASSOU,stemness,KRTCAP3,0.320737,0.32772,0.002447,0.003512,0.352004,87
ESC_ASSOU,stemness,DUT,0.400559,0.432302,0.003228,0.003416,0.309178,88
ESC_ASSOU,stemness,CENPF,0.116589,0.124804,0.000932,0.00341,0.388852,89
ESC_ASSOU,stemness,BUB3,0.331484,0.335694,0.002506,0.003388,0.333775,90
ESC_ASSOU,stemness,VBP1,0.291761,0.264526,0.001975,0.003353,0.384014,91
ESC_ASSOU,stemness,NASP,0.255061,0.228651,0.001707,0.003279,0.391232,92
ESC_ASSOU,stemness,USP1,0.269421,0.224166,0.001674,0.003271,0.387167,93
ESC_ASSOU,stemness,BZW1,0.430059,0.468133,0.003495,0.003258,0.284698,94
ESC_ASSOU,stemness,LAPTM4B,0.2549,0.247254,0.001846,0.003201,0.357152,95
ESC_ASSOU,stemness,UGP2,0.324203,0.305296,0.002279,0.003154,0.352814,96
ESC_ASSOU,stemness,PRKDC,0.317822,0.298886,0.002232,0.003115,0.356985,97
ESC_ASSOU,stemness,LSM6,0.3121,0.292435,0.002183,0.003094,0.356932,98
ESC_ASSOU,stemness,SFRP1,0.248156,0.312205,0.002331,0.003091,0.321331,99
ESC_ASSOU,stemness,KPNA2,0.228973,0.220337,0.001645,0.003073,0.374639,100
ESC_ASSOU,stemness,SERPINH1,0.294945,0.301245,0.002249,0.00306,0.366932,101
ESC_ASSOU,stemness,KRT18,0.683373,1.304822,0.009742,0.003024,0.066222,102
ESC_ASSOU,stemness,EPRS,0.269153,0.240101,0.001793,0.003021,0.365373,103
ESC_ASSOU,stemness,PSIP1,0.187356,0.162279,0.001212,0.002949,0.380854,104
ESC_ASSOU,stemness,MTHFD2,0.346449,0.358531,0.002677,0.002948,0.32086,105
ESC_ASSOU,stemness,CTSC,0.20525,0.21282,0.001589,0.002946,0.340235,106
ESC_ASSOU,stemness,DKC1,0.207399,0.168838,0.001261,0.002924,0.392927,107
ESC_ASSOU,stemness,PFDN4,0.23479,0.193466,0.001444,0.00286,0.39222,108
ESC_ASSOU,stemness,SNRPA,0.290512,0.25672,0.001917,0.002845,0.369796,109
ESC_ASSOU,stemness,MCM7,0.203221,0.180131,0.001345,0.002838,0.385411,110
ESC_ASSOU,stemness,DSP,0.434975,0.531795,0.00397,0.00281,0.222964,111
ESC_ASSOU,stemness,NUDT1,0.205438,0.191849,0.001432,0.002771,0.375223,112
ESC_ASSOU,stemness,CLIC4,0.287933,0.272991,0.002038,0.002714,0.349157,113
ESC_ASSOU,stemness,XRCC5,0.363617,0.344139,0.002569,0.002712,0.321947,114
ESC_ASSOU,stemness,MAD2L2,0.260784,0.22743,0.001698,0.002683,0.366735,115
ESC_ASSOU,stemness,EIF2S1,0.237168,0.198217,0.00148,0.002672,0.34399,116
ESC_ASSOU,stemness,TOMM40,0.239586,0.197431,0.001474,0.002634,0.362816,117
ESC_ASSOU,stemness,MT1F,0.243669,0.228837,0.001709,0.002626,0.3168,118
ESC_ASSOU,stemness,FXR1,0.284265,0.241792,0.001805,0.002579,0.335422,119
ESC_ASSOU,stemness,DNAJB6,0.433954,0.471675,0.003522,0.002575,0.266649,120
ESC_ASSOU,stemness,PCNA,0.208272,0.178274,0.001331,0.002561,0.348196,121
ESC_ASSOU,stemness,TK1,0.134348,0.126313,0.000943,0.002553,0.376896,122
ESC_ASSOU,stemness,MYC,0.297135,0.335383,0.002504,0.002553,0.28896,123
ESC_ASSOU,stemness,AMD1,0.30631,0.281858,0.002104,0.002523,0.315758,124
ESC_ASSOU,stemness,PAICS,0.221773,0.184743,0.001379,0.002515,0.390214,125
ESC_ASSOU,stemness,CCNB1,0.113513,0.113565,0.000848,0.002483,0.341916,126
ESC_ASSOU,stemness,ENAH,0.284897,0.245088,0.00183,0.002482,0.326131,127
ESC_ASSOU,stemness,PPP1CC,0.340216,0.317254,0.002369,0.002451,0.324151,128
ESC_ASSOU,stemness,YTHDF2,0.282304,0.233283,0.001742,0.002447,0.327693,129
ESC_ASSOU,stemness,LYPLA1,0.409532,0.425462,0.003177,0.002428,0.27464,130
ESC_ASSOU,stemness,CNOT7,0.300614,0.25942,0.001937,0.002428,0.316781,131
ESC_ASSOU,stemness,BAX,0.333499,0.314424,0.002348,0.002424,0.29926,132
ESC_ASSOU,stemness,MRPL42,0.277387,0.233848,0.001746,0.002375,0.344367,133
ESC_ASSOU,stemness,ATIC,0.226461,0.181598,0.001356,0.002366,0.345532,134
ESC_ASSOU,stemness,SRP72,0.263161,0.211116,0.001576,0.002357,0.337096,135
ESC_ASSOU,stemness,CISD1,0.237651,0.201686,0.001506,0.002347,0.349846,136
ESC_ASSOU,stemness,EIF4E,0.292715,0.260363,0.001944,0.002328,0.320659,137
ESC_ASSOU,stemness,IMPDH2,0.390255,0.435462,0.003251,0.002315,0.246115,138
ESC_ASSOU,stemness,DDX18,0.247283,0.19919,0.001487,0.002304,0.338603,139
ESC_ASSOU,stemness,UBA2,0.300063,0.288802,0.002156,0.002304,0.342109,140
ESC_ASSOU,stemness,AKIRIN1,0.276125,0.231727,0.00173,0.002286,0.314747,141
ESC_ASSOU,stemness,DDX21,0.270913,0.230696,0.001722,0.002286,0.326686,142
ESC_ASSOU,stemness,EEF1A1,0.979729,3.575518,0.026696,0.002271,0.02206,143
ESC_ASSOU,stemness,TPX2,0.101947,0.102668,0.000767,0.002262,0.360212,144
ESC_ASSOU,stemness,FKBP3,0.235703,0.190537,0.001423,0.002246,0.324566,145
ESC_ASSOU,stemness,ILF3,0.306431,0.267276,0.001996,0.002246,0.319372,146
ESC_ASSOU,stemness,DTYMK,0.202268,0.160559,0.001199,0.002246,0.353981,147
ESC_ASSOU,stemness,PGM1,0.218844,0.176933,0.001321,0.002231,0.342249,148
ESC_ASSOU,stemness,MCL1,0.424645,0.473958,0.003539,0.002209,0.212106,149
ESC_ASSOU,stemness,CRABP1,0.206768,0.319324,0.002384,0.002172,0.242684,150
ESC_ASSOU,stemness,ADSL,0.193899,0.147052,0.001098,0.002093,0.355194,151
ESC_ASSOU,stemness,HIKESHI,0.264397,0.219488,0.001639,0.002063,0.316142,152
ESC_ASSOU,stemness,MFAP2,0.182695,0.21472,0.001603,0.002058,0.306078,153
ESC_ASSOU,stemness,CCNC,0.28354,0.24563,0.001834,0.002053,0.317246,154
ESC_ASSOU,stemness,EIF5B,0.237732,0.185894,0.001388,0.002023,0.306457,155
ESC_ASSOU,stemness,DSG2,0.23839,0.196348,0.001466,0.002016,0.286789,156
ESC_ASSOU,stemness,MAL2,0.297524,0.285166,0.002129,0.001983,0.236674,157
ESC_ASSOU,stemness,BOP1,0.14574,0.106333,0.000794,0.001975,0.359254,158
ESC_ASSOU,stemness,NDUFAF4,0.202899,0.160706,0.0012,0.001975,0.345096,159
ESC_ASSOU,stemness,GNL2,0.178961,0.134902,0.001007,0.001973,0.335632,160
ESC_ASSOU,stemness,UCHL1,0.147231,0.168422,0.001257,0.001966,0.308993,161
ESC_ASSOU,stemness,PNN,0.269918,0.223494,0.001669,0.001957,0.284782,162
ESC_ASSOU,stemness,RNASEH2A,0.147781,0.114813,0.000857,0.001941,0.350559,163
ESC_ASSOU,stemness,NUSAP1,0.081581,0.076421,0.000571,0.001894,0.336598,164
ESC_ASSOU,stemness,DDX46,0.258554,0.207856,0.001552,0.001887,0.28574,165
ESC_ASSOU,stemness,KRR1,0.203812,0.152485,0.001138,0.001874,0.314631,166
ESC_ASSOU,stemness,RUVBL1,0.163458,0.122812,0.000917,0.001872,0.335313,167
ESC_ASSOU,stemness,ABCE1,0.212598,0.173962,0.001299,0.001857,0.338418,168
ESC_ASSOU,stemness,RBBP6,0.279819,0.237217,0.001771,0.001857,0.239785,169
ESC_ASSOU,stemness,PDCD2,0.248909,0.19634,0.001466,0.001813,0.302832,170
ESC_ASSOU,stemness,TARS,0.199473,0.160068,0.001195,0.00178,0.317759,171
ESC_ASSOU,stemness,ITGA6,0.182628,0.156229,0.001166,0.001762,0.297266,172
ESC_ASSOU,stemness,RPS24,0.945903,2.75932,0.020602,0.001761,0.048542,173
ESC_ASSOU,stemness,IMPA2,0.13322,0.093933,0.000701,0.001753,0.331927,174
ESC_ASSOU,stemness,IGFBP2,0.209643,0.256926,0.001918,0.00175,0.218264,175
ESC_ASSOU,stemness,RSL24D1,0.376808,0.391112,0.00292,0.001748,0.232903,176
ESC_ASSOU,stemness,TPD52,0.27321,0.239602,0.001789,0.001726,0.289909,177
ESC_ASSOU,stemness,TUBB6,0.138056,0.108631,0.000811,0.001715,0.319287,178
ESC_ASSOU,stemness,SUPT16H,0.220362,0.170961,0.001276,0.001706,0.290289,179
ESC_ASSOU,stemness,MEST,0.169853,0.172422,0.001287,0.001704,0.248895,180
ESC_ASSOU,stemness,DESI2,0.192233,0.140738,0.001051,0.001668,0.317801,181
ESC_ASSOU,stemness,H2AFX,0.242635,0.216926,0.00162,0.001645,0.255148,182
ESC_ASSOU,stemness,BCL2L12,0.178584,0.13314,0.000994,0.001643,0.313868,183
ESC_ASSOU,stemness,CXADR,0.231418,0.198312,0.001481,0.001641,0.273361,184
ESC_ASSOU,stemness,CCNA2,0.067046,0.06308,0.000471,0.001633,0.338438,185
ESC_ASSOU,stemness,RRM1,0.133139,0.100211,0.000748,0.001632,0.310258,186
ESC_ASSOU,stemness,RFC4,0.123776,0.094102,0.000703,0.001612,0.329158,187
ESC_ASSOU,stemness,TOP2A,0.069706,0.064193,0.000479,0.001608,0.32083,188
ESC_ASSOU,stemness,CKAP2,0.100093,0.076039,0.000568,0.001607,0.319383,189
ESC_ASSOU,stemness,POLR3K,0.221437,0.180292,0.001346,0.001604,0.272359,190
ESC_ASSOU,stemness,SLC5A6,0.177026,0.13684,0.001022,0.001581,0.289325,191
ESC_ASSOU,stemness,RAD51AP1,0.073602,0.060001,0.000448,0.00156,0.335487,192
ESC_ASSOU,stemness,TFAM,0.206338,0.154723,0.001155,0.001559,0.295828,193
ESC_ASSOU,stemness,SS18L2,0.263591,0.215246,0.001607,0.001557,0.261329,194
ESC_ASSOU,stemness,HLTF,0.190285,0.15619,0.001166,0.001544,0.293742,195
ESC_ASSOU,stemness,AP1M2,0.256297,0.221961,0.001657,0.001542,0.229429,196
ESC_ASSOU,stemness,TEAD4,0.108704,0.080334,0.0006,0.001537,0.315536,197
ESC_ASSOU,stemness,G3BP1,0.276581,0.242406,0.00181,0.001536,0.266279,198
ESC_ASSOU,stemness,M6PR,0.27509,0.229353,0.001712,0.001514,0.249354,199
ESC_ASSOU,stemness,DHX29,0.223546,0.164065,0.001225,0.001514,0.270158,200
ESC_ASSOU,stemness,CKAP5,0.147728,0.110657,0.000826,0.001512,0.291319,201
ESC_ASSOU,stemness,PAK1IP1,0.137639,0.099129,0.00074,0.001503,0.32742,202
ESC_ASSOU,stemness,PTPN2,0.206163,0.15411,0.001151,0.001492,0.291618,203
ESC_ASSOU,stemness,ASPM,0.059201,0.052198,0.00039,0.001473,0.303978,204
ESC_ASSOU,stemness,NPM3,0.13455,0.100659,0.000752,0.001471,0.326977,205
ESC_ASSOU,stemness,HSPA4,0.210919,0.171913,0.001284,0.001467,0.280128,206
ESC_ASSOU,stemness,CHORDC1,0.177698,0.136682,0.00102,0.001459,0.295934,207
ESC_ASSOU,stemness,NOLC1,0.2227,0.177974,0.001329,0.001437,0.275534,208
ESC_ASSOU,stemness,PTBP1,0.260314,0.214534,0.001602,0.001416,0.245995,209
ESC_ASSOU,stemness,GMNN,0.182789,0.156811,0.001171,0.001404,0.261473,210
ESC_ASSOU,stemness,FAM83D,0.066536,0.05794,0.000433,0.0014,0.307622,211
ESC_ASSOU,stemness,CENPA,0.062949,0.055975,0.000418,0.00139,0.302041,212
ESC_ASSOU,stemness,AK3,0.226367,0.181169,0.001353,0.001366,0.268977,213
ESC_ASSOU,stemness,RBM39,0.416934,0.434022,0.003241,0.001364,0.177293,214
ESC_ASSOU,stemness,EXOSC5,0.193912,0.1477,0.001103,0.00136,0.285659,215
ESC_ASSOU,stemness,CBX5,0.198278,0.150704,0.001125,0.001355,0.273411,216
ESC_ASSOU,stemness,CTBP2,0.200145,0.144519,0.001079,0.001352,0.256403,217
ESC_ASSOU,stemness,CCAR1,0.19003,0.138521,0.001034,0.001347,0.270785,218
ESC_ASSOU,stemness,FUBP1,0.176972,0.134004,0.001001,0.001331,0.260537,219
ESC_ASSOU,stemness,RFC2,0.132575,0.099307,0.000741,0.001328,0.299942,220
ESC_ASSOU,stemness,DHX9,0.192636,0.14414,0.001076,0.001324,0.270143,221
ESC_ASSOU,stemness,RBBP8,0.170283,0.125189,0.000935,0.001317,0.272136,222
ESC_ASSOU,stemness,HNRNPL,0.20662,0.159456,0.001191,0.001304,0.253726,223
ESC_ASSOU,stemness,SF3A1,0.184092,0.13241,0.000989,0.001292,0.26586,224
ESC_ASSOU,stemness,KIF23,0.056689,0.047757,0.000357,0.001285,0.299338,225
ESC_ASSOU,stemness,LYAR,0.121183,0.080252,0.000599,0.001284,0.29358,226
ESC_ASSOU,stemness,CSE1L,0.137357,0.102132,0.000763,0.00128,0.294856,227
ESC_ASSOU,stemness,MCM5,0.091388,0.068316,0.00051,0.001278,0.27944,228
ESC_ASSOU,stemness,MYBL2,0.061512,0.045026,0.000336,0.001276,0.321575,229
ESC_ASSOU,stemness,KLHL7,0.144235,0.103278,0.000771,0.00125,0.289474,230
ESC_ASSOU,stemness,MCM3,0.129055,0.099052,0.00074,0.00124,0.279038,231
ESC_ASSOU,stemness,FNBP1L,0.253986,0.209366,0.001563,0.001235,0.233058,232
ESC_ASSOU,stemness,PHIP,0.233997,0.188176,0.001405,0.001233,0.241002,233
ESC_ASSOU,stemness,MRPS30,0.185731,0.136292,0.001018,0.00122,0.265975,234
ESC_ASSOU,stemness,DHFR,0.080117,0.056602,0.000423,0.001215,0.298427,235
ESC_ASSOU,stemness,RNF138,0.157534,0.116875,0.000873,0.001213,0.273756,236
ESC_ASSOU,stemness,LARS,0.232533,0.191159,0.001427,0.0012,0.253098,237
ESC_ASSOU,stemness,MYO10,0.146895,0.109472,0.000817,0.001199,0.263194,238
ESC_ASSOU,stemness,PSME3,0.179861,0.131905,0.000985,0.001194,0.263282,239
ESC_ASSOU,stemness,MIS18A,0.121358,0.08669,0.000647,0.001187,0.278519,240
ESC_ASSOU,stemness,JPT2,0.201341,0.148968,0.001112,0.001176,0.235699,241
ESC_ASSOU,stemness,SLC1A5,0.157037,0.119066,0.000889,0.001174,0.246109,242
ESC_ASSOU,stemness,SEPHS1,0.133206,0.09137,0.000682,0.001173,0.28066,243
ESC_ASSOU,stemness,TACC3,0.058301,0.045589,0.00034,0.001164,0.280097,244
ESC_ASSOU,stemness,CEBPZ,0.180089,0.130816,0.000977,0.001164,0.261904,245
ESC_ASSOU,stemness,MAT2A,0.297605,0.269813,0.002014,0.001164,0.214402,246
ESC_ASSOU,stemness,OAZ2,0.184052,0.130362,0.000973,0.001158,0.246117,247
ESC_ASSOU,stemness,TMPO,0.134872,0.103736,0.000775,0.001153,0.274421,248
ESC_ASSOU,stemness,IPO7,0.207842,0.167548,0.001251,0.001152,0.250812,249
ESC_ASSOU,stemness,EXOSC7,0.153638,0.108951,0.000813,0.001143,0.251414,250
ESC_ASSOU,stemness,PMAIP1,0.150347,0.126542,0.000945,0.001142,0.210533,251
ESC_ASSOU,stemness,FEN1,0.090864,0.064721,0.000483,0.00114,0.28735,252
ESC_ASSOU,stemness,NIPBL,0.214102,0.161247,0.001204,0.001132,0.22821,253
ESC_ASSOU,stemness,DPP3,0.1074,0.072515,0.000541,0.001129,0.269314,254
ESC_ASSOU,stemness,GNL3,0.171371,0.127097,0.000949,0.00112,0.250697,255
ESC_ASSOU,stemness,GCSH,0.168469,0.120119,0.000897,0.001107,0.263122,256
ESC_ASSOU,stemness,XPO1,0.205518,0.1573,0.001174,0.001105,0.247906,257
ESC_ASSOU,stemness,ESF1,0.154941,0.109609,0.000818,0.001102,0.263368,258
ESC_ASSOU,stemness,RRS1,0.099394,0.06865,0.000513,0.001092,0.275569,259
ESC_ASSOU,stemness,ALDH7A1,0.167569,0.130902,0.000977,0.001085,0.257632,260
ESC_ASSOU,stemness,SMARCA5,0.244919,0.205815,0.001537,0.001085,0.238125,261
ESC_ASSOU,stemness,GART,0.141132,0.102672,0.000767,0.001066,0.274736,262
ESC_ASSOU,stemness,OSBPL9,0.200159,0.15468,0.001155,0.001066,0.230795,263
ESC_ASSOU,stemness,TERF1,0.132937,0.086615,0.000647,0.001042,0.262929,264
ESC_ASSOU,stemness,GMFB,0.160516,0.111994,0.000836,0.001027,0.23723,265
ESC_ASSOU,stemness,MFGE8,0.186819,0.190708,0.001424,0.001019,0.228614,266
ESC_ASSOU,stemness,PRKCI,0.187518,0.149689,0.001118,0.001015,0.249281,267
ESC_ASSOU,stemness,IDH1,0.262691,0.243454,0.001818,0.001015,0.200509,268
ESC_ASSOU,stemness,MSH6,0.1234,0.088468,0.000661,0.001013,0.261569,269
ESC_ASSOU,stemness,ECT2,0.098736,0.079348,0.000592,0.000991,0.260787,270
ESC_ASSOU,stemness,LMNB1,0.070553,0.054142,0.000404,0.000989,0.289844,271
ESC_ASSOU,stemness,MLLT10,0.156862,0.109699,0.000819,0.000983,0.229774,272
ESC_ASSOU,stemness,NUP37,0.100509,0.06977,0.000521,0.000982,0.256919,273
ESC_ASSOU,stemness,API5,0.177725,0.135521,0.001012,0.000978,0.244569,274
ESC_ASSOU,stemness,ZNF146,0.203289,0.170267,0.001271,0.000971,0.254646,275
ESC_ASSOU,stemness,PAWR,0.167945,0.116245,0.000868,0.000955,0.226674,276
ESC_ASSOU,stemness,MRPS9,0.115393,0.07759,0.000579,0.000947,0.254485,277
ESC_ASSOU,stemness,CDCA5,0.052108,0.038003,0.000284,0.000935,0.286488,278
ESC_ASSOU,stemness,GAL,0.066496,0.056847,0.000424,0.000935,0.249771,279
ESC_ASSOU,stemness,HMBS,0.110114,0.072072,0.000538,0.000918,0.257355,280
ESC_ASSOU,stemness,NUP54,0.130063,0.09049,0.000676,0.000909,0.256751,281
ESC_ASSOU,stemness,INTS13,0.086122,0.058353,0.000436,0.000909,0.253103,282
ESC_ASSOU,stemness,G3BP2,0.224016,0.186828,0.001395,0.000908,0.223002,283
ESC_ASSOU,stemness,MCM4,0.095069,0.066009,0.000493,0.000904,0.258336,284
ESC_ASSOU,stemness,ARF3,0.227321,0.180185,0.001345,0.000903,0.194279,285
ESC_ASSOU,stemness,TCF7L1,0.10337,0.067355,0.000503,0.000901,0.252678,286
ESC_ASSOU,stemness,NME1,0.124582,0.092722,0.000692,0.000897,0.258558,287
ESC_ASSOU,stemness,MTIF2,0.116186,0.073225,0.000547,0.000896,0.250789,288
ESC_ASSOU,stemness,PLS3,0.117502,0.097539,0.000728,0.000886,0.235423,289
ESC_ASSOU,stemness,RBM28,0.104042,0.069249,0.000517,0.000883,0.243966,290
ESC_ASSOU,stemness,NUDT15,0.110974,0.07447,0.000556,0.000878,0.249642,291
ESC_ASSOU,stemness,ANKRD10,0.328341,0.321193,0.002398,0.000877,0.171468,292
ESC_ASSOU,stemness,AP1S2,0.116522,0.096854,0.000723,0.000877,0.229077,293
ESC_ASSOU,stemness,BMP7,0.045311,0.040394,0.000302,0.000877,0.200333,294
ESC_ASSOU,stemness,EIF4A1,0.186,0.14885,0.001111,0.000875,0.206342,295
ESC_ASSOU,stemness,GPM6B,0.092395,0.065951,0.000492,0.000869,0.251031,296
ESC_ASSOU,stemness,HAUS4,0.155868,0.107328,0.000801,0.00086,0.228099,297
ESC_ASSOU,stemness,SLC29A1,0.184159,0.151188,0.001129,0.000856,0.198895,298
ESC_ASSOU,stemness,VRK1,0.076557,0.052455,0.000392,0.000855,0.237533,299
ESC_ASSOU,stemness,KIF2C,0.040838,0.032305,0.000241,0.000852,0.260556,300
ESC_ASSOU,stemness,UNG,0.122513,0.090248,0.000674,0.000851,0.234916,301
ESC_ASSOU,stemness,MIS18BP1,0.129512,0.092956,0.000694,0.000845,0.234602,302
ESC_ASSOU,stemness,PTK7,0.150455,0.108246,0.000808,0.00084,0.24247,303
ESC_ASSOU,stemness,METAP1,0.131111,0.093012,0.000694,0.000832,0.243528,304
ESC_ASSOU,stemness,DNAAF2,0.169302,0.117187,0.000875,0.000828,0.23302,305
ESC_ASSOU,stemness,MAP7,0.160167,0.116152,0.000867,0.000828,0.202151,306
ESC_ASSOU,stemness,SEC22C,0.171545,0.118618,0.000886,0.000826,0.202644,307
ESC_ASSOU,stemness,RNMT,0.194973,0.15285,0.001141,0.000825,0.235209,308
ESC_ASSOU,stemness,CDCA7,0.05853,0.041944,0.000313,0.000822,0.271523,309
ESC_ASSOU,stemness,HMMR,0.040515,0.032021,0.000239,0.000821,0.254944,310
ESC_ASSOU,stemness,CDT1,0.054809,0.036544,0.000273,0.000812,0.267714,311
ESC_ASSOU,stemness,NTHL1,0.107508,0.073879,0.000552,0.000811,0.234108,312
ESC_ASSOU,stemness,TIA1,0.196988,0.147852,0.001104,0.000809,0.226707,313
ESC_ASSOU,stemness,TXLNG,0.118671,0.074287,0.000555,0.000805,0.241681,314
ESC_ASSOU,stemness,PODXL,0.113325,0.083775,0.000625,0.000804,0.2207,315
ESC_ASSOU,stemness,MTHFD1,0.084201,0.055276,0.000413,0.000803,0.240459,316
ESC_ASSOU,stemness,USO1,0.190782,0.143218,0.001069,0.000803,0.220664,317
ESC_ASSOU,stemness,RGMA,0.079808,0.052891,0.000395,0.000802,0.250269,318
ESC_ASSOU,stemness,WDR12,0.083959,0.054421,0.000406,0.000802,0.252505,319
ESC_ASSOU,stemness,AARS,0.122433,0.09025,0.000674,0.000801,0.220221,320
ESC_ASSOU,stemness,TFRC,0.129713,0.091424,0.000683,0.000795,0.211573,321
ESC_ASSOU,stemness,SKP2,0.083838,0.0593,0.000443,0.000794,0.258288,322
ESC_ASSOU,stemness,PRPS1,0.092906,0.063742,0.000476,0.000792,0.237559,323
ESC_ASSOU,stemness,NIPSNAP1,0.168456,0.132236,0.000987,0.000784,0.228722,324
ESC_ASSOU,stemness,CD2AP,0.19269,0.148112,0.001106,0.000759,0.1968,325
ESC_ASSOU,stemness,USP9X,0.176919,0.125039,0.000934,0.000758,0.206126,326
ESC_ASSOU,stemness,AURKB,0.039911,0.031225,0.000233,0.000757,0.25914,327
ESC_ASSOU,stemness,MAT2B,0.213055,0.170226,0.001271,0.00075,0.200672,328
ESC_ASSOU,stemness,LMNB2,0.078841,0.047944,0.000358,0.000746,0.24295,329
ESC_ASSOU,stemness,ZNF638,0.197996,0.146429,0.001093,0.000738,0.204437,330
ESC_ASSOU,stemness,MTF2,0.12747,0.082819,0.000618,0.000728,0.220256,331
ESC_ASSOU,stemness,RECQL,0.107548,0.072152,0.000539,0.000724,0.222246,332
ESC_ASSOU,stemness,MTA3,0.150011,0.100789,0.000753,0.00072,0.204389,333
ESC_ASSOU,stemness,CENPH,0.064924,0.043234,0.000323,0.000716,0.243103,334
ESC_ASSOU,stemness,GALNT1,0.122607,0.079094,0.000591,0.000715,0.201892,335
ESC_ASSOU,stemness,CTCF,0.121438,0.075033,0.00056,0.000714,0.204017,336
ESC_ASSOU,stemness,FANCL,0.103182,0.071603,0.000535,0.000709,0.233278,337
ESC_ASSOU,stemness,IPO9,0.10337,0.066968,0.0005,0.000705,0.217269,338
ESC_ASSOU,stemness,CENPE,0.036579,0.025118,0.000188,0.000683,0.235741,339
ESC_ASSOU,stemness,MCM6,0.052122,0.035096,0.000262,0.000673,0.232248,340
ESC_ASSOU,stemness,MARS,0.104123,0.073466,0.000549,0.000671,0.205927,341
ESC_ASSOU,stemness,SLC16A1,0.075523,0.048746,0.000364,0.000668,0.224517,342
ESC_ASSOU,stemness,KIF20A,0.030776,0.024365,0.000182,0.000658,0.233887,343
ESC_ASSOU,stemness,MBD2,0.099099,0.059487,0.000444,0.000656,0.188432,344
ESC_ASSOU,stemness,GPC4,0.066093,0.043581,0.000325,0.000655,0.191438,345
ESC_ASSOU,stemness,KIF4A,0.037654,0.026036,0.000194,0.000653,0.249685,346
ESC_ASSOU,stemness,TRIM24,0.090716,0.052364,0.000391,0.000644,0.215999,347
ESC_ASSOU,stemness,EXOSC9,0.065193,0.041284,0.000308,0.000642,0.210256,348
ESC_ASSOU,stemness,POLR2D,0.084577,0.056423,0.000421,0.00063,0.210485,349
ESC_ASSOU,stemness,MCM2,0.051934,0.033413,0.000249,0.000628,0.230962,350
ESC_ASSOU,stemness,NUBP1,0.092059,0.057949,0.000433,0.000624,0.192815,351
ESC_ASSOU,stemness,RFC5,0.063903,0.040482,0.000302,0.000623,0.220725,352
ESC_ASSOU,stemness,STRBP,0.106783,0.062611,0.000467,0.000617,0.202654,353
ESC_ASSOU,stemness,NUP205,0.073562,0.047551,0.000355,0.000612,0.219639,354
ESC_ASSOU,stemness,TRIM2,0.112532,0.083466,0.000623,0.000611,0.22007,355
ESC_ASSOU,stemness,RABGAP1L,0.147741,0.114393,0.000854,0.00061,0.182554,356
ESC_ASSOU,stemness,NFYB,0.108569,0.072823,0.000544,0.000609,0.205041,357
ESC_ASSOU,stemness,PPAT,0.071788,0.045315,0.000338,0.000609,0.222153,358
ESC_ASSOU,stemness,CHD1,0.193025,0.147892,0.001104,0.000603,0.182829,359
ESC_ASSOU,stemness,NMU,0.0304,0.026554,0.000198,0.000599,0.210968,360
ESC_ASSOU,stemness,ARNTL2,0.045969,0.032825,0.000245,0.000597,0.193126,361
ESC_ASSOU,stemness,TNPO1,0.14801,0.105021,0.000784,0.000595,0.196907,362
ESC_ASSOU,stemness,JMJD1C,0.235529,0.193416,0.001444,0.000594,0.169449,363
ESC_ASSOU,stemness,RIF1,0.131836,0.092581,0.000691,0.000587,0.201049,364
ESC_ASSOU,stemness,MRPL1,0.078948,0.050958,0.00038,0.000584,0.220024,365
ESC_ASSOU,stemness,PAK1,0.133623,0.092851,0.000693,0.000582,0.191242,366
ESC_ASSOU,stemness,SLC6A8,0.081272,0.050671,0.000378,0.000581,0.18213,367
ESC_ASSOU,stemness,RRM2,0.034618,0.02395,0.000179,0.000579,0.227495,368
ESC_ASSOU,stemness,COA7,0.056461,0.034655,0.000259,0.000579,0.212386,369
ESC_ASSOU,stemness,EFS,0.105936,0.0655,0.000489,0.000578,0.182206,370
ESC_ASSOU,stemness,PSTK,0.068269,0.042432,0.000317,0.000577,0.196469,371
ESC_ASSOU,stemness,LARP7,0.122688,0.078308,0.000585,0.000576,0.189897,372
ESC_ASSOU,stemness,ZNF267,0.08181,0.055987,0.000418,0.000566,0.183628,373
ESC_ASSOU,stemness,AGPS,0.076584,0.050374,0.000376,0.000566,0.211884,374
ESC_ASSOU,stemness,RFC3,0.05595,0.037306,0.000279,0.000565,0.209699,375
ESC_ASSOU,stemness,TRIM22,0.139829,0.116703,0.000871,0.000565,0.159477,376
ESC_ASSOU,stemness,TFAP2C,0.142556,0.104022,0.000777,0.000564,0.1928,377
ESC_ASSOU,stemness,TNPO3,0.094733,0.057396,0.000429,0.000561,0.197978,378
ESC_ASSOU,stemness,NFE2L3,0.055829,0.033307,0.000249,0.000557,0.210279,379
ESC_ASSOU,stemness,WDR3,0.072594,0.046383,0.000346,0.000554,0.206662,380
ESC_ASSOU,stemness,KCNS3,0.097231,0.064966,0.000485,0.000546,0.16912,381
ESC_ASSOU,stemness,SORD,0.111766,0.081831,0.000611,0.000542,0.177103,382
ESC_ASSOU,stemness,MSH2,0.081326,0.055383,0.000413,0.000541,0.208693,383
ESC_ASSOU,stemness,OIP5,0.036364,0.023198,0.000173,0.000537,0.236548,384
ESC_ASSOU,stemness,ID1,0.091119,0.087889,0.000656,0.000536,0.159679,385
ESC_ASSOU,stemness,RRAS2,0.093618,0.061475,0.000459,0.000534,0.189223,386
ESC_ASSOU,stemness,NLN,0.074368,0.047797,0.000357,0.000534,0.202648,387
ESC_ASSOU,stemness,WDR4,0.061928,0.039894,0.000298,0.000533,0.20401,388
ESC_ASSOU,stemness,CLDN10,0.033557,0.032587,0.000243,0.000529,0.168291,389
ESC_ASSOU,stemness,PUS1,0.060007,0.035637,0.000266,0.000523,0.195496,390
ESC_ASSOU,stemness,GRTP1,0.112841,0.073509,0.000549,0.00052,0.169633,391
ESC_ASSOU,stemness,COL18A1,0.121452,0.096201,0.000718,0.000519,0.187275,392
ESC_ASSOU,stemness,CDC6,0.036821,0.02523,0.000188,0.000515,0.217413,393
ESC_ASSOU,stemness,MGME1,0.114802,0.074103,0.000553,0.000512,0.19147,394
ESC_ASSOU,stemness,CASP3,0.09527,0.064857,0.000484,0.000501,0.186522,395
ESC_ASSOU,stemness,TTK,0.031273,0.023851,0.000178,0.000499,0.215512,396
ESC_ASSOU,stemness,PPM1B,0.124824,0.08325,0.000622,0.000497,0.168635,397
ESC_ASSOU,stemness,NUP62,0.099233,0.060945,0.000455,0.000497,0.194257,398
ESC_ASSOU,stemness,GPRC5B,0.091791,0.062827,0.000469,0.000485,0.191015,399
ESC_ASSOU,stemness,ITPR3,0.068511,0.044703,0.000334,0.000481,0.170999,400
ESC_ASSOU,stemness,FZD7,0.074462,0.045439,0.000339,0.000479,0.189146,401
ESC_ASSOU,stemness,USP46,0.105171,0.068752,0.000513,0.000478,0.18128,402
ESC_ASSOU,stemness,FBXO5,0.041268,0.026418,0.000197,0.000477,0.194772,403
ESC_ASSOU,stemness,HELLS,0.055668,0.036818,0.000275,0.000477,0.193211,404
ESC_ASSOU,stemness,CHEK1,0.043202,0.02867,0.000214,0.000474,0.214749,405
ESC_ASSOU,stemness,NSD1,0.154512,0.110233,0.000823,0.000473,0.181156,406
ESC_ASSOU,stemness,BUB1,0.028734,0.020325,0.000152,0.000472,0.215186,407
ESC_ASSOU,stemness,PANK2,0.094881,0.057731,0.000431,0.000469,0.191901,408
ESC_ASSOU,stemness,THOC1,0.074193,0.048698,0.000364,0.000469,0.193744,409
ESC_ASSOU,stemness,ADNP,0.118725,0.075965,0.000567,0.000463,0.173987,410
ESC_ASSOU,stemness,PKP4,0.137948,0.095114,0.00071,0.000463,0.156559,411
ESC_ASSOU,stemness,NOC3L,0.083113,0.053196,0.000397,0.000455,0.180767,412
ESC_ASSOU,stemness,NUP107,0.084765,0.057562,0.00043,0.000453,0.192379,413
ESC_ASSOU,stemness,DEPDC1B,0.028264,0.019078,0.000142,0.00045,0.216919,414
ESC_ASSOU,stemness,CHAF1B,0.04922,0.031509,0.000235,0.000448,0.205638,415
ESC_ASSOU,stemness,ANAPC1,0.086417,0.053298,0.000398,0.000447,0.179839,416
ESC_ASSOU,stemness,TIPIN,0.05008,0.030966,0.000231,0.000442,0.180547,417
ESC_ASSOU,stemness,DLAT,0.07289,0.046898,0.00035,0.000435,0.181491,418
ESC_ASSOU,stemness,MCM10,0.029675,0.020946,0.000156,0.000434,0.210451,419
ESC_ASSOU,stemness,NUP35,0.061257,0.039852,0.000298,0.00043,0.187303,420
ESC_ASSOU,stemness,AGL,0.137988,0.097721,0.00073,0.000427,0.166361,421
ESC_ASSOU,stemness,HOOK1,0.126892,0.08921,0.000666,0.000426,0.157854,422
ESC_ASSOU,stemness,ETV4,0.039508,0.024453,0.000183,0.000423,0.185986,423
ESC_ASSOU,stemness,NUP160,0.074086,0.046905,0.00035,0.000417,0.178551,424
ESC_ASSOU,stemness,NUFIP1,0.059188,0.03618,0.00027,0.000412,0.173996,425
ESC_ASSOU,stemness,PPP6R3,0.135194,0.095225,0.000711,0.000406,0.170091,426
ESC_ASSOU,stemness,COQ3,0.048737,0.028488,0.000213,0.000406,0.189181,427
ESC_ASSOU,stemness,STC1,0.053358,0.040961,0.000306,0.000405,0.148602,428
ESC_ASSOU,stemness,FGFR1,0.089024,0.064475,0.000481,0.000404,0.151564,429
ESC_ASSOU,stemness,DIDO1,0.116549,0.075599,0.000564,0.000403,0.16412,430
ESC_ASSOU,stemness,SKIL,0.179014,0.145346,0.001085,0.000401,0.164901,431
ESC_ASSOU,stemness,EXOSC2,0.049892,0.029807,0.000223,0.000399,0.185389,432
ESC_ASSOU,stemness,ELOVL6,0.039965,0.023431,0.000175,0.000389,0.169831,433
ESC_ASSOU,stemness,IMPA1,0.068941,0.045107,0.000337,0.000389,0.180396,434
ESC_ASSOU,stemness,TTF2,0.049019,0.029771,0.000222,0.000387,0.176997,435
ESC_ASSOU,stemness,CHEK2,0.040677,0.026268,0.000196,0.000387,0.187892,436
ESC_ASSOU,stemness,PBX1,0.19813,0.157268,0.001174,0.000387,0.147016,437
ESC_ASSOU,stemness,HPS3,0.086108,0.058616,0.000438,0.000386,0.168545,438
ESC_ASSOU,stemness,CDH1,0.245429,0.219233,0.001637,0.000386,0.115926,439
ESC_ASSOU,stemness,HSD17B4,0.135315,0.102392,0.000764,0.000386,0.154115,440
ESC_ASSOU,stemness,ARFGEF1,0.123024,0.08207,0.000613,0.000384,0.161055,441
ESC_ASSOU,stemness,AKAP1,0.097433,0.061307,0.000458,0.000384,0.149392,442
ESC_ASSOU,stemness,MASTL,0.039347,0.026094,0.000195,0.000379,0.187869,443
ESC_ASSOU,stemness,DNMT3A,0.076786,0.048346,0.000361,0.000371,0.175675,444
ESC_ASSOU,stemness,FANCG,0.047702,0.028748,0.000215,0.000371,0.18637,445
ESC_ASSOU,stemness,BICD1,0.059121,0.037302,0.000279,0.00037,0.175476,446
ESC_ASSOU,stemness,POLR3G,0.032536,0.019032,0.000142,0.000366,0.175304,447
ESC_ASSOU,stemness,CNOT11,0.074918,0.043236,0.000323,0.000364,0.152462,448
ESC_ASSOU,stemness,TRIM14,0.070539,0.043643,0.000326,0.000363,0.157691,449
ESC_ASSOU,stemness,METTL3,0.1011,0.066973,0.0005,0.00036,0.168202,450
ESC_ASSOU,stemness,ITGB5,0.07954,0.049143,0.000367,0.000359,0.142538,451
ESC_ASSOU,stemness,IRX2,0.107132,0.073949,0.000552,0.000359,0.146068,452
ESC_ASSOU,stemness,LGALS8,0.13099,0.091979,0.000687,0.000357,0.135133,453
ESC_ASSOU,stemness,AUTS2,0.149474,0.106271,0.000793,0.000356,0.144375,454
ESC_ASSOU,stemness,ZNF273,0.061283,0.041933,0.000313,0.000355,0.165459,455
ESC_ASSOU,stemness,DLG3,0.103559,0.069717,0.000521,0.000354,0.14706,456
ESC_ASSOU,stemness,PROM1,0.114789,0.099717,0.000745,0.000351,0.156637,457
ESC_ASSOU,stemness,HIP1,0.079298,0.045608,0.000341,0.000351,0.159974,458
ESC_ASSOU,stemness,CDYL,0.065985,0.036493,0.000272,0.000349,0.173029,459
ESC_ASSOU,stemness,METTL8,0.069196,0.043874,0.000328,0.000349,0.176272,460
ESC_ASSOU,stemness,PIM1,0.058167,0.048318,0.000361,0.000348,0.170136,461
ESC_ASSOU,stemness,CTPS2,0.059564,0.036243,0.000271,0.000347,0.166379,462
ESC_ASSOU,stemness,PRKX,0.074851,0.047987,0.000358,0.000342,0.182214,463
ESC_ASSOU,stemness,CHAF1A,0.039562,0.022727,0.00017,0.000342,0.177753,464
ESC_ASSOU,stemness,DPYSL3,0.060424,0.042463,0.000317,0.00034,0.174612,465
ESC_ASSOU,stemness,ACTA1,0.010666,0.019617,0.000146,0.00034,0.057477,466
ESC_ASSOU,stemness,PRIM1,0.037452,0.024191,0.000181,0.000339,0.155782,467
ESC_ASSOU,stemness,UGT8,0.035424,0.022582,0.000169,0.000337,0.177864,468
ESC_ASSOU,stemness,SWAP70,0.133354,0.094991,0.000709,0.00033,0.154077,469
ESC_ASSOU,stemness,TTC19,0.136242,0.092527,0.000691,0.000327,0.167581,470
ESC_ASSOU,stemness,NPTX2,0.01518,0.013993,0.000104,0.000327,0.124204,471
ESC_ASSOU,stemness,WDHD1,0.032791,0.019751,0.000147,0.000327,0.176681,472
ESC_ASSOU,stemness,VSNL1,0.03486,0.024451,0.000183,0.000325,0.167082,473
ESC_ASSOU,stemness,RNF41,0.103209,0.066365,0.000495,0.000325,0.155604,474
ESC_ASSOU,stemness,GJA1,0.045741,0.03184,0.000238,0.000323,0.163005,475
ESC_ASSOU,stemness,UACA,0.103169,0.072858,0.000544,0.00032,0.169892,476
ESC_ASSOU,stemness,SLC39A10,0.07688,0.049717,0.000371,0.00032,0.162272,477
ESC_ASSOU,stemness,RBM14,0.06393,0.037536,0.00028,0.000317,0.146215,478
ESC_ASSOU,stemness,HEY2,0.044599,0.033371,0.000249,0.000314,0.144966,479
ESC_ASSOU,stemness,LIG1,0.059537,0.038788,0.00029,0.000311,0.15529,480
ESC_ASSOU,stemness,ZNF281,0.101503,0.067292,0.000502,0.00031,0.119879,481
ESC_ASSOU,stemness,CENPQ,0.03482,0.020051,0.00015,0.000308,0.169071,482
ESC_ASSOU,stemness,ZNF770,0.12919,0.092769,0.000693,0.000308,0.171212,483
ESC_ASSOU,stemness,EPHA1,0.053304,0.032789,0.000245,0.000307,0.133685,484
ESC_ASSOU,stemness,ATE1,0.097661,0.064002,0.000478,0.000307,0.152889,485
ESC_ASSOU,stemness,NUP88,0.054889,0.035368,0.000264,0.000306,0.152505,486
ESC_ASSOU,stemness,GNPTAB,0.10595,0.069875,0.000522,0.000305,0.143544,487
ESC_ASSOU,stemness,EGLN3,0.140192,0.130702,0.000976,0.000303,0.12633,488
ESC_ASSOU,stemness,RAD54B,0.032401,0.021422,0.00016,0.000303,0.174588,489
ESC_ASSOU,stemness,MARVELD3,0.093322,0.05988,0.000447,0.000302,0.143728,490
ESC_ASSOU,stemness,CRKL,0.080749,0.051266,0.000383,0.000302,0.149618,491
ESC_ASSOU,stemness,ROR1,0.031273,0.015385,0.000115,0.000301,0.180502,492
ESC_ASSOU,stemness,RMI1,0.045324,0.02798,0.000209,0.000296,0.155178,493
ESC_ASSOU,stemness,NDUFAF7,0.048535,0.029649,0.000221,0.000291,0.154156,494
ESC_ASSOU,stemness,EEF1E1,0.057535,0.035688,0.000266,0.00029,0.148604,495
ESC_ASSOU,stemness,CDC7,0.032294,0.020352,0.000152,0.00029,0.166365,496
ESC_ASSOU,stemness,PITPNC1,0.052955,0.032533,0.000243,0.000289,0.154272,497
ESC_ASSOU,stemness,SLC29A2,0.04746,0.027548,0.000206,0.000287,0.158127,498
ESC_ASSOU,stemness,ZNF195,0.083261,0.052776,0.000394,0.000284,0.150327,499
ESC_ASSOU,stemness,POLD1,0.04202,0.026462,0.000198,0.00028,0.163322,500
ESC_ASSOU,stemness,DARS2,0.036552,0.022107,0.000165,0.000279,0.147376,501
ESC_ASSOU,stemness,CADPS2,0.117583,0.085992,0.000642,0.000271,0.1272,502
ESC_ASSOU,stemness,GULP1,0.054903,0.038057,0.000284,0.000271,0.130496,503
ESC_ASSOU,stemness,BUB1B,0.019008,0.011822,8.8e-05,0.000269,0.170127,504
ESC_ASSOU,stemness,FCHO1,0.043189,0.028298,0.000211,0.000266,0.140782,505
ESC_ASSOU,stemness,FKBP5,0.097191,0.075453,0.000563,0.000265,0.144026,506
ESC_ASSOU,stemness,PDK1,0.048347,0.033775,0.000252,0.000264,0.155097,507
ESC_ASSOU,stemness,PYCR2,0.062546,0.036537,0.000273,0.000261,0.126504,508
ESC_ASSOU,stemness,SOX2,0.019398,0.011598,8.7e-05,0.000258,0.151852,509
ESC_ASSOU,stemness,ADM,0.083543,0.074302,0.000555,0.000255,0.1132,510
ESC_ASSOU,stemness,PLCB3,0.04914,0.027892,0.000208,0.000253,0.144121,511
ESC_ASSOU,stemness,SPAG5,0.021574,0.012584,9.4e-05,0.000249,0.17041,512
ESC_ASSOU,stemness,TAF4B,0.044304,0.026229,0.000196,0.000246,0.155007,513
ESC_ASSOU,stemness,IFI30,0.04433,0.028645,0.000214,0.000244,0.128428,514
ESC_ASSOU,stemness,AMMECR1,0.053089,0.031889,0.000238,0.000242,0.140225,515
ESC_ASSOU,stemness,KCNK5,0.027431,0.017488,0.000131,0.000238,0.147555,516
ESC_ASSOU,stemness,PTPRZ1,0.026652,0.017741,0.000132,0.000233,0.138972,517
ESC_ASSOU,stemness,LUC7L,0.144692,0.109099,0.000815,0.00023,0.143931,518
ESC_ASSOU,stemness,DIAPH2,0.040542,0.025939,0.000194,0.000229,0.14484,519
ESC_ASSOU,stemness,PDE9A,0.045889,0.026845,0.0002,0.000226,0.151272,520
ESC_ASSOU,stemness,MICB,0.02152,0.012821,9.6e-05,0.000223,0.129963,521
ESC_ASSOU,stemness,MARVELD2,0.080628,0.047373,0.000354,0.000221,0.110786,522
ESC_ASSOU,stemness,E2F5,0.028721,0.015277,0.000114,0.000219,0.130748,523
ESC_ASSOU,stemness,JARID2,0.075483,0.046475,0.000347,0.000218,0.126533,524
ESC_ASSOU,stemness,SEMA4C,0.056931,0.032304,0.000241,0.000217,0.126667,525
ESC_ASSOU,stemness,MFAP3L,0.029957,0.016177,0.000121,0.000216,0.138176,526
ESC_ASSOU,stemness,PSMA2,0.036566,0.021107,0.000158,0.00021,0.126276,527
ESC_ASSOU,stemness,ZNF567,0.066993,0.045912,0.000343,0.000209,0.139233,528
ESC_ASSOU,stemness,ITSN1,0.062654,0.038129,0.000285,0.000209,0.138429,529
ESC_ASSOU,stemness,CDA,0.020929,0.019169,0.000143,0.000209,0.083897,530
ESC_ASSOU,stemness,BMPR1A,0.073938,0.047554,0.000355,0.000208,0.137115,531
ESC_ASSOU,stemness,PPP2R1B,0.045069,0.027033,0.000202,0.000208,0.125309,532
ESC_ASSOU,stemness,ENO2,0.051638,0.035801,0.000267,0.000206,0.12139,533
ESC_ASSOU,stemness,COCH,0.020271,0.013776,0.000103,0.000204,0.146491,534
ESC_ASSOU,stemness,KIF1A,0.030386,0.018135,0.000135,0.000202,0.140403,535
ESC_ASSOU,stemness,VANGL2,0.055803,0.03213,0.00024,0.000202,0.132051,536
ESC_ASSOU,stemness,BCOR,0.053989,0.030313,0.000226,0.0002,0.114723,537
ESC_ASSOU,stemness,DDIAS,0.022232,0.014347,0.000107,0.000197,0.15106,538
ESC_ASSOU,stemness,IGF2BP3,0.020526,0.015068,0.000113,0.000196,0.140247,539
ESC_ASSOU,stemness,CIB2,0.030252,0.016452,0.000123,0.000196,0.137593,540
ESC_ASSOU,stemness,CCKBR,0.018807,0.012416,9.3e-05,0.000195,0.119702,541
ESC_ASSOU,stemness,BLM,0.016765,0.010815,8.1e-05,0.000195,0.142975,542
ESC_ASSOU,stemness,PLK4,0.017087,0.010834,8.1e-05,0.000194,0.144626,543
ESC_ASSOU,stemness,POU2F1,0.055185,0.032301,0.000241,0.000191,0.120708,544
ESC_ASSOU,stemness,TDRP,0.052874,0.031714,0.000237,0.000191,0.134429,545
ESC_ASSOU,stemness,B3GNT7,0.02101,0.012743,9.5e-05,0.000186,0.109982,546
ESC_ASSOU,stemness,MDN1,0.064736,0.040942,0.000306,0.000186,0.134582,547
ESC_ASSOU,stemness,KCTD14,0.034887,0.022916,0.000171,0.000186,0.12112,548
ESC_ASSOU,stemness,MRPL12,0.032254,0.018446,0.000138,0.000183,0.126689,549
ESC_ASSOU,stemness,SLC25A29,0.094518,0.058866,0.00044,0.000181,0.12268,550
ESC_ASSOU,stemness,SACS,0.042302,0.026116,0.000195,0.00018,0.144066,551
ESC_ASSOU,stemness,GRB14,0.021077,0.013432,1e-04,0.000177,0.120761,552
ESC_ASSOU,stemness,POLE2,0.01741,0.010646,7.9e-05,0.000177,0.129775,553
ESC_ASSOU,stemness,FIGNL1,0.036472,0.024386,0.000182,0.000174,0.126606,554
ESC_ASSOU,stemness,SEMA6A,0.040448,0.024762,0.000185,0.000173,0.132061,555
ESC_ASSOU,stemness,MYEF2,0.062063,0.037876,0.000283,0.000173,0.128795,556
ESC_ASSOU,stemness,COBL,0.085558,0.056212,0.00042,0.000171,0.115138,557
ESC_ASSOU,stemness,POLR1B,0.032603,0.019723,0.000147,0.000171,0.11841,558
ESC_ASSOU,stemness,GLMN,0.04065,0.026732,0.0002,0.00017,0.127517,559
ESC_ASSOU,stemness,IL17RD,0.028237,0.016673,0.000124,0.00017,0.127314,560
ESC_ASSOU,stemness,OLFM1,0.033113,0.018509,0.000138,0.000169,0.115036,561
ESC_ASSOU,stemness,LRP8,0.019102,0.009493,7.1e-05,0.000169,0.132723,562
ESC_ASSOU,stemness,FRAT2,0.049744,0.026051,0.000195,0.000168,0.113383,563
ESC_ASSOU,stemness,PIGW,0.028761,0.016991,0.000127,0.000168,0.127843,564
ESC_ASSOU,stemness,ZNF398,0.036714,0.021087,0.000157,0.000168,0.120815,565
ESC_ASSOU,stemness,BRAF,0.103518,0.069813,0.000521,0.000164,0.12656,566
ESC_ASSOU,stemness,FEZ1,0.024422,0.01413,0.000105,0.000163,0.125486,567
ESC_ASSOU,stemness,PKD2,0.040488,0.02273,0.00017,0.00016,0.134504,568
ESC_ASSOU,stemness,MAN2A1,0.069693,0.046907,0.00035,0.00016,0.117032,569
ESC_ASSOU,stemness,GEMIN4,0.031152,0.018679,0.000139,0.000157,0.118178,570
ESC_ASSOU,stemness,SLC13A3,0.024207,0.013502,0.000101,0.000157,0.113801,571
ESC_ASSOU,stemness,THEMIS2,0.024059,0.014867,0.000111,0.000154,0.10226,572
ESC_ASSOU,stemness,PCDH1,0.056689,0.034106,0.000255,0.000153,0.083896,573
ESC_ASSOU,stemness,EXTL2,0.051826,0.031268,0.000233,0.000152,0.126558,574
ESC_ASSOU,stemness,PPP1R1A,0.033463,0.024775,0.000185,0.000151,0.109305,575
ESC_ASSOU,stemness,PIK3CB,0.079459,0.053727,0.000401,0.000148,0.121235,576
ESC_ASSOU,stemness,LGR4,0.057697,0.034132,0.000255,0.000143,0.113146,577
ESC_ASSOU,stemness,USP28,0.051584,0.032516,0.000243,0.000142,0.113327,578
ESC_ASSOU,stemness,TNNT1,0.03897,0.029913,0.000223,0.000142,0.060313,579
ESC_ASSOU,stemness,RBPMS2,0.018874,0.00966,7.2e-05,0.00014,0.132308,580
ESC_ASSOU,stemness,GNG4,0.01827,0.016083,0.00012,0.00014,0.101849,581
ESC_ASSOU,stemness,SNTB1,0.031542,0.016737,0.000125,0.000137,0.119981,582
ESC_ASSOU,stemness,KNTC1,0.022904,0.014807,0.000111,0.000136,0.119108,583
ESC_ASSOU,stemness,HSPA14,0.033328,0.018404,0.000137,0.000135,0.108615,584
ESC_ASSOU,stemness,HOMER1,0.048629,0.027719,0.000207,0.000132,0.114976,585
ESC_ASSOU,stemness,CDC25A,0.012641,0.007014,5.2e-05,0.000132,0.116744,586
ESC_ASSOU,stemness,GTF2E1,0.024597,0.014607,0.000109,0.000128,0.092704,587
ESC_ASSOU,stemness,TRIM36,0.034631,0.02075,0.000155,0.000122,0.092412,588
ESC_ASSOU,stemness,PPP2R2B,0.017249,0.009455,7.1e-05,0.00012,0.115246,589
ESC_ASSOU,stemness,LRRN1,0.053788,0.037027,0.000276,0.000116,0.105316,590
ESC_ASSOU,stemness,FOXN3,0.058597,0.037323,0.000279,0.000115,0.109769,591
ESC_ASSOU,stemness,PLP1,0.012829,0.009425,7e-05,0.000115,0.094405,592
ESC_ASSOU,stemness,FGF13,0.051558,0.033154,0.000248,0.000115,0.100264,593
ESC_ASSOU,stemness,JMY,0.051155,0.02888,0.000216,0.000114,0.105173,594
ESC_ASSOU,stemness,GCLC,0.055359,0.034233,0.000256,0.000113,0.092949,595
ESC_ASSOU,stemness,ZNF43,0.059443,0.037837,0.000283,0.00011,0.10488,596
ESC_ASSOU,stemness,OCLN,0.104942,0.073331,0.000548,0.000108,0.095285,597
ESC_ASSOU,stemness,CABLES1,0.037036,0.018737,0.00014,0.000105,0.092456,598
ESC_ASSOU,stemness,ROBO1,0.031072,0.018837,0.000141,0.000104,0.103896,599
ESC_ASSOU,stemness,ABHD17B,0.031851,0.018655,0.000139,0.000101,0.092937,600
ESC_ASSOU,stemness,ZNF257,0.017396,0.011155,8.3e-05,1e-04,0.081766,601
ESC_ASSOU,stemness,PIF1,0.008544,0.0049,3.7e-05,9.9e-05,0.111512,602
ESC_ASSOU,stemness,HSD11B2,0.023925,0.014763,0.00011,9.8e-05,0.093998,603
ESC_ASSOU,stemness,SCLY,0.021037,0.011633,8.7e-05,9.8e-05,0.106579,604
ESC_ASSOU,stemness,CRLF1,0.015099,0.010492,7.8e-05,9.7e-05,0.10567,605
ESC_ASSOU,stemness,NR6A1,0.029339,0.016135,0.00012,9.2e-05,0.084856,606
ESC_ASSOU,stemness,ZNF614,0.032307,0.018855,0.000141,9.1e-05,0.092057,607
ESC_ASSOU,stemness,SOX11,0.032482,0.021587,0.000161,9e-05,0.113068,608
ESC_ASSOU,stemness,DUSP16,0.071573,0.04585,0.000342,8.8e-05,0.083339,609
ESC_ASSOU,stemness,ETV1,0.021144,0.014714,0.00011,8.7e-05,0.081829,610
ESC_ASSOU,stemness,TIMP4,0.012829,0.009354,7e-05,8.7e-05,0.066931,611
ESC_ASSOU,stemness,GFPT2,0.018431,0.011068,8.3e-05,8.7e-05,0.096522,612
ESC_ASSOU,stemness,SLC4A11,0.029325,0.017262,0.000129,8.4e-05,0.093688,613
ESC_ASSOU,stemness,ATXN7L1,0.027834,0.017715,0.000132,8.4e-05,0.082796,614
ESC_ASSOU,stemness,KIFC2,0.045539,0.027191,0.000203,8.4e-05,0.094995,615
ESC_ASSOU,stemness,FZD5,0.020325,0.010359,7.7e-05,8.3e-05,0.084698,616
ESC_ASSOU,stemness,ZNF331,0.098346,0.077931,0.000582,8e-05,0.107852,617
ESC_ASSOU,stemness,FOXD3,0.008597,0.003539,2.6e-05,8e-05,0.10277,618
ESC_ASSOU,stemness,PIM2,0.037036,0.023806,0.000178,7.9e-05,0.091107,619
ESC_ASSOU,stemness,CACHD1,0.02062,0.011442,8.5e-05,7.6e-05,0.095684,620
ESC_ASSOU,stemness,SIRT1,0.065999,0.040316,0.000301,7.5e-05,0.091683,621
ESC_ASSOU,stemness,GYG2,0.0259,0.014859,0.000111,7.5e-05,0.076559,622
ESC_ASSOU,stemness,PLS1,0.035196,0.023126,0.000173,7.4e-05,0.081019,623
ESC_ASSOU,stemness,GPR19,0.006032,0.00356,2.7e-05,7.3e-05,0.088298,624
ESC_ASSOU,stemness,DNMT3B,0.01612,0.009631,7.2e-05,7.3e-05,0.08621,625
ESC_ASSOU,stemness,ACVR2B,0.021776,0.012455,9.3e-05,7.2e-05,0.069812,626
ESC_ASSOU,stemness,FGF2,0.014414,0.007262,5.4e-05,6.9e-05,0.089985,627
ESC_ASSOU,stemness,YBX2,0.013783,0.00825,6.2e-05,6.8e-05,0.082146,628
ESC_ASSOU,stemness,POU5F1,0.007026,0.003941,2.9e-05,6.7e-05,0.077743,629
ESC_ASSOU,stemness,CRYM,0.011083,0.006286,4.7e-05,6.7e-05,0.08377,630
ESC_ASSOU,stemness,LINGO1,0.008745,0.004347,3.2e-05,6.7e-05,0.068623,631
ESC_ASSOU,stemness,ERBB2,0.175844,0.144292,0.001077,6.6e-05,0.085944,632
ESC_ASSOU,stemness,LARS2,0.021682,0.012318,9.2e-05,6.2e-05,0.079378,633
ESC_ASSOU,stemness,FAM72A,0.007053,0.003661,2.7e-05,6.1e-05,0.077547,634
ESC_ASSOU,stemness,MATR3,0.00763,0.005089,3.8e-05,5.9e-05,0.072952,635
ESC_ASSOU,stemness,FRAS1,0.011096,0.006742,5e-05,5.3e-05,0.075177,636
ESC_ASSOU,stemness,BCAT1,0.01475,0.012977,9.7e-05,4.9e-05,0.081679,637
ESC_ASSOU,stemness,CLDN6,0.011647,0.014767,0.00011,4.8e-05,0.067806,638
ESC_ASSOU,stemness,HIST1H2BG,0.024113,0.015067,0.000112,4.8e-05,0.06516,639
ESC_ASSOU,stemness,ADD2,0.006166,0.00442,3.3e-05,4.8e-05,0.071145,640
ESC_ASSOU,stemness,PFAS,0.016617,0.009665,7.2e-05,4.8e-05,0.064705,641
ESC_ASSOU,stemness,ZBTB3,0.009135,0.005599,4.2e-05,4.7e-05,0.053678,642
ESC_ASSOU,stemness,CD200,0.020311,0.015715,0.000117,4.6e-05,0.06966,643
ESC_ASSOU,stemness,ARHGAP19,0.016872,0.009123,6.8e-05,4.4e-05,0.053436,644
ESC_ASSOU,stemness,CTH,0.019143,0.011734,8.8e-05,4.4e-05,0.062934,645
ESC_ASSOU,stemness,CHST7,0.012359,0.006866,5.1e-05,4.4e-05,0.063772,646
ESC_ASSOU,stemness,GAD1,0.007953,0.004176,3.1e-05,4.4e-05,0.046499,647
ESC_ASSOU,stemness,MYCN,0.006448,0.003421,2.6e-05,4.2e-05,0.067869,648
ESC_ASSOU,stemness,RNF125,0.022125,0.014381,0.000107,4.2e-05,0.078531,649
ESC_ASSOU,stemness,TNNI3,0.027794,0.024865,0.000186,4.2e-05,0.000656,650
ESC_ASSOU,stemness,FGFR4,0.018055,0.011154,8.3e-05,4e-05,0.074812,651
ESC_ASSOU,stemness,SYNGR3,0.005911,0.003139,2.3e-05,3.9e-05,0.058703,652
ESC_ASSOU,stemness,HAS3,0.007818,0.004629,3.5e-05,3.8e-05,0.055842,653
ESC_ASSOU,stemness,CNTNAP2,0.009377,0.006123,4.6e-05,3.7e-05,0.036366,654
ESC_ASSOU,stemness,RASL11B,0.012816,0.007764,5.8e-05,3.7e-05,0.056562,655
ESC_ASSOU,stemness,FAM124A,0.006166,0.003116,2.3e-05,3.6e-05,0.062349,656
ESC_ASSOU,stemness,FSD1,0.004433,0.002187,1.6e-05,3.6e-05,0.068262,657
ESC_ASSOU,stemness,USP44,0.005709,0.002884,2.2e-05,3.6e-05,0.06214,658
ESC_ASSOU,stemness,PASK,0.016926,0.010386,7.8e-05,3.6e-05,0.071718,659
ESC_ASSOU,stemness,SENP3,0.011633,0.006642,5e-05,3.6e-05,0.056443,660
ESC_ASSOU,stemness,GLDC,0.00587,0.002979,2.2e-05,3.5e-05,0.060412,661
ESC_ASSOU,stemness,FKBP1B,0.015059,0.008719,6.5e-05,3.5e-05,0.056651,662
ESC_ASSOU,stemness,ANKHD1,0.025806,0.014442,0.000108,3.4e-05,0.065861,663
ESC_ASSOU,stemness,TMEFF1,0.003802,0.00248,1.9e-05,3.4e-05,0.062528,664
ESC_ASSOU,stemness,PITX2,0.00407,0.002756,2.1e-05,3.4e-05,0.054364,665
ESC_ASSOU,stemness,ADCY2,0.010921,0.005473,4.1e-05,3.4e-05,0.068564,666
ESC_ASSOU,stemness,GALNT12,0.004164,0.001912,1.4e-05,3.3e-05,0.057136,667
ESC_ASSOU,stemness,NLGN4X,0.014186,0.008112,6.1e-05,3.3e-05,0.046861,668
ESC_ASSOU,stemness,SPRY4,0.021547,0.012809,9.6e-05,3.2e-05,0.072559,669
ESC_ASSOU,stemness,CA11,0.024422,0.014437,0.000108,3.1e-05,0.047713,670
ESC_ASSOU,stemness,SEMA5B,0.004352,0.002288,1.7e-05,3.1e-05,0.055086,671
ESC_ASSOU,stemness,ZNF117,0.058798,0.038869,0.00029,3.1e-05,0.08707,672
ESC_ASSOU,stemness,FGFR3,0.013326,0.00881,6.6e-05,3.1e-05,0.045675,673
ESC_ASSOU,stemness,EPB41L4B,0.054916,0.03286,0.000245,3e-05,0.060226,674
ESC_ASSOU,stemness,SALL2,0.020352,0.011136,8.3e-05,2.7e-05,0.051421,675
ESC_ASSOU,stemness,DPYSL5,0.003224,0.001483,1.1e-05,2.6e-05,0.061868,676
ESC_ASSOU,stemness,USP32,0.053049,0.034663,0.000259,2.6e-05,0.077476,677
ESC_ASSOU,stemness,MATK,0.009632,0.007527,5.6e-05,2.5e-05,0.050351,678
ESC_ASSOU,stemness,PRKAA2,0.051826,0.032269,0.000241,2.4e-05,0.07434,679
ESC_ASSOU,stemness,CBS,0.007456,0.004057,3e-05,2.4e-05,0.059925,680
ESC_ASSOU,stemness,GLS2,0.009565,0.00516,3.9e-05,2.3e-05,0.048428,681
ESC_ASSOU,stemness,ZIC2,0.001236,0.000606,5e-06,2.2e-05,0.035219,682
ESC_ASSOU,stemness,FOXO1,0.023065,0.013676,0.000102,2.1e-05,0.055352,683
ESC_ASSOU,stemness,GNAL,0.008718,0.004527,3.4e-05,2e-05,0.051836,684
ESC_ASSOU,stemness,RET,0.012292,0.006291,4.7e-05,1.8e-05,0.039611,685
ESC_ASSOU,stemness,NAP1L3,0.004312,0.002609,1.9e-05,1.8e-05,0.048459,686
ESC_ASSOU,stemness,RAD51,0.001222,0.000619,5e-06,1.6e-05,0.044499,687
ESC_ASSOU,stemness,ZFP42,0.001558,0.001157,9e-06,1.3e-05,0.038988,688
ESC_ASSOU,stemness,ATP1A2,0.001034,0.000804,6e-06,1.3e-05,0.018482,689
ESC_ASSOU,stemness,ADAM23,0.002015,0.000889,7e-06,1.3e-05,0.043488,690
ESC_ASSOU,stemness,PLCL2,0.00536,0.003469,2.6e-05,1.2e-05,0.04253,691
ESC_ASSOU,stemness,CRMP1,0.002096,0.001464,1.1e-05,1.2e-05,0.031264,692
ESC_ASSOU,stemness,ZIC3,0.001397,0.000911,7e-06,1.2e-05,0.030431,693
ESC_ASSOU,stemness,GABRA5,0.001182,0.000482,4e-06,1.1e-05,0.043226,694
ESC_ASSOU,stemness,KCNQ2,0.001478,0.001002,7e-06,1.1e-05,0.028664,695
ESC_ASSOU,stemness,GLI2,0.0018,0.001131,8e-06,1e-05,0.035777,696
ESC_ASSOU,stemness,ARHGAP8,0.021426,0.012491,9.3e-05,9e-06,0.053989,697
ESC_ASSOU,stemness,SNRPN,0.126892,0.093602,0.000699,9e-06,0.07048,698
ESC_ASSOU,stemness,LEFTY1,0.001384,0.000629,5e-06,8e-06,0.023515,699
ESC_ASSOU,stemness,SLC7A3,0.000699,0.000478,4e-06,8e-06,0.01866,700
ESC_ASSOU,stemness,HESX1,0.003224,0.001647,1.2e-05,8e-06,0.031445,701
ESC_ASSOU,stemness,NODAL,0.001061,0.000633,5e-06,8e-06,0.026153,702
ESC_ASSOU,stemness,MAP4K1,0.008033,0.00706,5.3e-05,8e-06,0.040916,703
ESC_ASSOU,stemness,RGS17,0.002606,0.00175,1.3e-05,8e-06,0.026481,704
ESC_ASSOU,stemness,CHST4,0.001625,0.000845,6e-06,7e-06,0.02641,705
ESC_ASSOU,stemness,F2RL1,0.024973,0.015612,0.000117,7e-06,0.048325,706
ESC_ASSOU,stemness,ZNF589,0.011727,0.006781,5.1e-05,7e-06,0.043685,707
ESC_ASSOU,stemness,CCL26,0.001249,0.000854,6e-06,7e-06,0.020311,708
ESC_ASSOU,stemness,CYP26A1,0.004017,0.002506,1.9e-05,7e-06,0.033532,709
ESC_ASSOU,stemness,MMP1,0.003251,0.004053,3e-05,6e-06,0.030057,710
ESC_ASSOU,stemness,MYL7,0.001934,0.001577,1.2e-05,6e-06,0.022868,711
ESC_ASSOU,stemness,DDX25,0.001196,0.00078,6e-06,5e-06,0.019668,712
ESC_ASSOU,stemness,LEFTY2,0.0009,0.000648,5e-06,5e-06,0.024699,713
ESC_ASSOU,stemness,PLA2G3,0.001719,0.000841,6e-06,5e-06,0.017041,714
ESC_ASSOU,stemness,BMP2K,0.062963,0.04237,0.000316,5e-06,0.078623,715
ESC_ASSOU,stemness,HTR1D,0.000672,0.000277,2e-06,4e-06,0.022714,716
ESC_ASSOU,stemness,DPPA4,0.000591,0.000329,2e-06,4e-06,0.023656,717
ESC_ASSOU,stemness,MMP25,0.007066,0.004024,3e-05,4e-06,0.030278,718
ESC_ASSOU,stemness,SCG3,0.000645,0.000381,3e-06,3e-06,0.010612,719
ESC_ASSOU,stemness,PDE6G,0.002405,0.001546,1.2e-05,3e-06,0.016563,720
ESC_ASSOU,stemness,SEMA3A,0.002928,0.002031,1.5e-05,3e-06,0.0183,721
ESC_ASSOU,stemness,TRERF1,0.025671,0.015092,0.000113,2e-06,0.043341,722
ESC_ASSOU,stemness,EOMES,0.002069,0.001377,1e-05,2e-06,0.021911,723
ESC_ASSOU,stemness,CACNA2D3,0.002445,0.001178,9e-06,2e-06,0.025883,724
ESC_ASSOU,stemness,MYO5C,0.061942,0.03926,0.000293,2e-06,0.069222,725
ESC_ASSOU,stemness,VRTN,9.4e-05,4.3e-05,0.0,2e-06,0.01303,726
ESC_ASSOU,stemness,TDGF1,0.000228,0.000105,1e-06,1e-06,0.011459,727
ESC_ASSOU,stemness,SCGB3A2,0.001437,0.001136,8e-06,1e-06,0.008741,728
ESC_ASSOU,stemness,SYT6,0.000309,0.000201,1e-06,1e-06,0.008116,729
ESC_ASSOU,stemness,ZSCAN10,0.000524,0.0003,2e-06,1e-06,0.00668,730
ESC_ASSOU,stemness,NEFL,0.000699,0.000451,3e-06,1e-06,0.01259,731
ESC_ASSOU,stemness,UTF1,0.000134,6.5e-05,0.0,1e-06,0.007421,732
ESC_ASSOU,stemness,GAP43,0.000954,0.000535,4e-06,1e-06,0.006075,733
ESC_ASSOU,stemness,CER1,8.1e-05,2.5e-05,0.0,1e-06,0.011725,734
ESC_ASSOU,stemness,SOX3,0.000564,0.000332,2e-06,1e-06,0.012876,735
ESC_ASSOU,stemness,NTS,0.001128,0.001871,1.4e-05,1e-06,0.002694,736
ESC_ASSOU,stemness,PIPOX,0.002028,0.001333,1e-05,1e-06,0.018461,737
ESC_ASSOU,stemness,GABRA1,0.000107,7.1e-05,1e-06,0.0,0.004478,738
ESC_ASSOU,stemness,OTX2,4e-05,1.5e-05,0.0,0.0,0.007601,739
ESC_ASSOU,stemness,FAM131B,0.001316,0.000795,6e-06,0.0,0.005032,740
ESC_ASSOU,stemness,GDF3,4e-05,4.8e-05,0.0,-0.0,0.001199,741
ESC_ASSOU,stemness,SALL4,0.001814,0.001238,9e-06,-0.0,0.020976,742
ESC_ASSOU,stemness,GABRB3,0.005629,0.00321,2.4e-05,-0.0,0.011997,743
ESC_ASSOU,stemness,B3GAT1,0.003654,0.001878,1.4e-05,-1e-06,0.025183,744
ESC_ASSOU,stemness,SALL3,0.00039,0.000164,1e-06,-1e-06,0.000286,745
ESC_ASSOU,stemness,NANOG,0.000269,0.000148,1e-06,-1e-06,0.004862,746
ESC_ASSOU,stemness,CHGA,0.000309,0.000315,2e-06,-1e-06,0.0056,747
ESC_ASSOU,stemness,SERPINB9,0.016281,0.011462,8.6e-05,-1e-06,0.049017,748
ESC_ASSOU,stemness,CALB1,0.000121,8.7e-05,1e-06,-1e-06,0.003668,749
ESC_ASSOU,stemness,PRDM14,0.000416,0.000274,2e-06,-1e-06,0.005248,750
ESC_ASSOU,stemness,ACTN3,0.000322,0.000209,2e-06,-1e-06,0.006993,751
ESC_ASSOU,stemness,MT1H,0.002754,0.002668,2e-05,-1e-06,0.026031,752
ESC_ASSOU,stemness,SALL1,0.000148,0.000126,1e-06,-1e-06,0.002693,753
ESC_ASSOU,stemness,UNC5D,0.000107,7.3e-05,1e-06,-1e-06,-0.002414,754
ESC_ASSOU,stemness,TNFRSF8,0.000336,0.000264,2e-06,-1e-06,0.008386,755
ESC_ASSOU,stemness,DCP2,0.133166,0.102596,0.000766,-2e-06,0.096483,756
ESC_ASSOU,stemness,NAP1L2,0.005038,0.003176,2.4e-05,-2e-06,0.009054,757
ESC_ASSOU,stemness,PTPRG,0.033355,0.020463,0.000153,-2e-06,0.076983,758
ESC_ASSOU,stemness,KLKB1,0.001061,0.000612,5e-06,-2e-06,0.009636,759
ESC_ASSOU,stemness,CYP2S1,0.002808,0.001922,1.4e-05,-3e-06,0.018116,760
ESC_ASSOU,stemness,KCNN2,0.000766,0.000549,4e-06,-4e-06,0.013603,761
ESC_ASSOU,stemness,MYRIP,0.001948,0.00136,1e-05,-4e-06,0.009001,762
ESC_ASSOU,stemness,CCM2L,0.001316,0.001025,8e-06,-5e-06,0.009126,763
ESC_ASSOU,stemness,PRODH,0.005723,0.003511,2.6e-05,-5e-06,0.024876,764
ESC_ASSOU,stemness,ALPL,0.045204,0.036453,0.000272,-6e-06,0.076893,765
ESC_ASSOU,stemness,FOXA3,0.007456,0.004837,3.6e-05,-8e-06,0.012267,766
ESC_ASSOU,stemness,RAB3B,0.014011,0.009389,7e-05,-8e-06,0.010134,767
ESC_ASSOU,stemness,CDH6,0.001034,0.001235,9e-06,-8e-06,0.006977,768
ESC_ASSOU,stemness,LRIG1,0.109214,0.077938,0.000582,-1e-05,0.068543,769
ESC_ASSOU,stemness,PRKCQ,0.003103,0.00237,1.8e-05,-1.1e-05,0.013919,770
ESC_ASSOU,stemness,GRB7,0.13189,0.102553,0.000766,-1.2e-05,0.078997,771
ESC_ASSOU,stemness,ADAM19,0.004406,0.002943,2.2e-05,-1.4e-05,0.014364,772
ESC_ASSOU,stemness,SPRY1,0.056259,0.043541,0.000325,-1.5e-05,0.082304,773
ESC_ASSOU,stemness,ANK2,0.004487,0.003458,2.6e-05,-1.6e-05,0.021097,774
ESC_ASSOU,stemness,CHST8,0.01522,0.009109,6.8e-05,-1.6e-05,0.016283,775
ESC_ASSOU,stemness,AASS,0.016577,0.010212,7.6e-05,-1.7e-05,0.033508,776
ESC_ASSOU,stemness,PNMT,0.023979,0.02438,0.000182,-2.6e-05,0.043733,777
ESC_ASSOU,stemness,AFP,0.008141,0.006074,4.5e-05,-2.7e-05,0.007055,778
ESC_ASSOU,stemness,PDPN,0.014293,0.012616,9.4e-05,-3.3e-05,0.04224,779
ESC_ASSOU,stemness,PPP1R16B,0.004285,0.004036,3e-05,-3.3e-05,0.000334,780
ESC_ASSOU,stemness,ARMT1,0.130143,0.103469,0.000773,-3.3e-05,0.099013,781
ESC_ASSOU,stemness,CST1,0.001639,0.002802,2.1e-05,-4e-05,-0.008796,782
ESC_ASSOU,stemness,KIF5C,0.024086,0.015788,0.000118,-4.2e-05,0.024119,783
ESC_ASSOU,stemness,GRPR,0.007147,0.005503,4.1e-05,-4.8e-05,-0.008945,784
ESC_ASSOU,stemness,LCK,0.015314,0.014977,0.000112,-4.9e-05,0.02439,785
ESC_ASSOU,stemness,ENPP1,0.049744,0.031997,0.000239,-5.5e-05,0.03255,786
ESC_ASSOU,stemness,APBB2,0.098266,0.067856,0.000507,-6e-05,0.065802,787
ESC_ASSOU,stemness,LDB2,0.008221,0.008871,6.6e-05,-6.1e-05,0.009551,788
ESC_ASSOU,stemness,IQGAP2,0.070163,0.049099,0.000367,-7.1e-05,0.043139,789
ESC_ASSOU,stemness,SCNN1A,0.06397,0.04247,0.000317,-8.3e-05,0.036693,790
ESC_ASSOU,stemness,SORL1,0.087129,0.060655,0.000453,-0.000155,0.038252,791
ESC_ASSOU,stemness,SLC7A8,0.070929,0.051453,0.000384,-0.00017,0.005537,792
ESC_ASSOU,stemness,NOVA1,0.038621,0.03188,0.000238,-0.000202,-0.020774,793
ESC_ASSOU,stemness,GPR160,0.135315,0.11491,0.000858,-0.000207,0.03799,794
ESC_ASSOU,stemness,SLC38A1,0.295146,0.288446,0.002154,-0.000234,0.078614,795
ESC_ASSOU,stemness,MYB,0.077739,0.064637,0.000483,-0.000333,-0.012944,796
ESC_ASSOU,stemness,SLC2A3,0.033516,0.042474,0.000317,-0.000338,0.002716,797
ESC_ASSOU,stemness,THY1,0.033342,0.041661,0.000311,-0.000341,0.016522,798
ESC_ASSOU,stemness,CXCL12,0.049274,0.059934,0.000447,-0.00042,0.032499,799
ESC_ASSOU,stemness,RARRES2,0.100697,0.112265,0.000838,-0.000502,0.046172,800
ESC_ASSOU,stemness,SFRP2,0.075456,0.113708,0.000849,-0.000518,0.028409,801
ESC_ASSOU,stemness,WFDC2,0.44458,0.842645,0.006291,-0.000909,-0.029728,802
ESC_WONG,stemness,UQCRH,0.694389,1.25676,0.012796,0.016253,0.535738,1
ESC_WONG,stemness,PSMA7,0.637028,1.053272,0.010724,0.015098,0.499532,2
ESC_WONG,stemness,PRDX1,0.785978,1.655882,0.016859,0.014576,0.38105,3
ESC_WONG,stemness,SLC25A5,0.697465,1.254871,0.012776,0.013929,0.439344,4
ESC_WONG,stemness,RPS16,0.793138,1.678947,0.017094,0.013653,0.417114,5
ESC_WONG,stemness,ENO1,0.598246,0.989744,0.010077,0.013454,0.443817,6
ESC_WONG,stemness,RPS8,0.939187,2.824735,0.02876,0.013263,0.402121,7
ESC_WONG,stemness,HSPE1,0.648729,1.042937,0.010619,0.012361,0.427115,8
ESC_WONG,stemness,RPSA,0.719362,1.311213,0.01335,0.012097,0.373253,9
ESC_WONG,stemness,RPL22,0.80727,1.66559,0.016958,0.011692,0.344799,10
ESC_WONG,stemness,BANF1,0.58586,0.816032,0.008308,0.011353,0.453274,11
ESC_WONG,stemness,SNRPD1,0.471689,0.5843,0.005949,0.010615,0.492329,12
ESC_WONG,stemness,CKS1B,0.390793,0.484964,0.004938,0.010043,0.485115,13
ESC_WONG,stemness,RPS5,0.920084,2.53018,0.025761,0.009957,0.256474,14
ESC_WONG,stemness,RPS12,0.981623,3.495924,0.035593,0.009948,0.357599,15
ESC_WONG,stemness,RPS19,0.960909,3.011827,0.030665,0.00989,0.313654,16
ESC_WONG,stemness,NDUFAB1,0.548448,0.73207,0.007454,0.009822,0.434636,17
ESC_WONG,stemness,RPL13,0.972838,3.234086,0.032928,0.009382,0.317725,18
ESC_WONG,stemness,NHP2,0.549482,0.737861,0.007512,0.009361,0.399091,19
ESC_WONG,stemness,LSM5,0.479857,0.592052,0.006028,0.009229,0.428983,20
ESC_WONG,stemness,LSM4,0.511801,0.656444,0.006684,0.009074,0.414267,21
ESC_WONG,stemness,COX5B,0.677772,1.093348,0.011132,0.009064,0.315311,22
ESC_WONG,stemness,CKS2,0.393036,0.499552,0.005086,0.009037,0.404205,23
ESC_WONG,stemness,NCL,0.594847,0.840657,0.008559,0.00897,0.344948,24
ESC_WONG,stemness,PSMB5,0.487755,0.61151,0.006226,0.00874,0.396106,25
ESC_WONG,stemness,NME2,0.575583,0.867136,0.008829,0.008724,0.355917,26
ESC_WONG,stemness,DEK,0.401257,0.462203,0.004706,0.00867,0.4365,27
ESC_WONG,stemness,RPS27,0.920259,2.51421,0.025598,0.008664,0.259868,28
ESC_WONG,stemness,RPL27A,0.563225,0.773677,0.007877,0.008594,0.379448,29
ESC_WONG,stemness,RPL10A,0.800339,1.633225,0.016629,0.00851,0.213863,30
ESC_WONG,stemness,CBX3,0.461936,0.541296,0.005511,0.008212,0.406202,31
ESC_WONG,stemness,PSMA5,0.396193,0.443869,0.004519,0.008177,0.41818,32
ESC_WONG,stemness,NDUFB7,0.564662,0.750235,0.007638,0.008143,0.367129,33
ESC_WONG,stemness,PSMB6,0.518061,0.644165,0.006559,0.007793,0.372084,34
ESC_WONG,stemness,RPS23,0.915826,2.530667,0.025766,0.007569,0.152115,35
ESC_WONG,stemness,HNRNPA1,0.700246,1.169916,0.011911,0.007545,0.242484,36
ESC_WONG,stemness,PABPC1,0.769025,1.544114,0.015721,0.007544,0.208719,37
ESC_WONG,stemness,LSM2,0.456482,0.52013,0.005296,0.007499,0.405549,38
ESC_WONG,stemness,SNRPA1,0.31042,0.325871,0.003318,0.007448,0.430175,39
ESC_WONG,stemness,CCT5,0.377064,0.417344,0.004249,0.00741,0.422327,40
ESC_WONG,stemness,CYCS,0.495641,0.612953,0.006241,0.007366,0.345997,41
ESC_WONG,stemness,RPS3,0.961258,3.002287,0.030568,0.007323,0.211577,42
ESC_WONG,stemness,SDHC,0.476297,0.571945,0.005823,0.007028,0.363167,43
ESC_WONG,stemness,MRPL37,0.356202,0.359878,0.003664,0.007005,0.429833,44
ESC_WONG,stemness,EIF4EBP1,0.421905,0.584512,0.005951,0.006901,0.372791,45
ESC_WONG,stemness,SUMO1,0.550019,0.691385,0.007039,0.006881,0.302477,46
ESC_WONG,stemness,BTF3,0.763961,1.53657,0.015644,0.006622,0.091091,47
ESC_WONG,stemness,STOML2,0.429978,0.467308,0.004758,0.006548,0.37363,48
ESC_WONG,stemness,PHB,0.460177,0.515142,0.005245,0.006544,0.35703,49
ESC_WONG,stemness,HMGB2,0.270684,0.30449,0.0031,0.006484,0.371644,50
ESC_WONG,stemness,PPP4C,0.443479,0.488752,0.004976,0.006404,0.343453,51
ESC_WONG,stemness,CDC20,0.14183,0.188868,0.001923,0.006242,0.409572,52
ESC_WONG,stemness,CRABP2,0.438401,0.640847,0.006525,0.006226,0.26977,53
ESC_WONG,stemness,POLR2F,0.40921,0.436855,0.004448,0.006207,0.395312,54
ESC_WONG,stemness,CSRP2,0.266909,0.300745,0.003062,0.006204,0.402669,55
ESC_WONG,stemness,NDUFB10,0.534799,0.676332,0.006886,0.006198,0.303179,56
ESC_WONG,stemness,SET,0.432692,0.470898,0.004794,0.006138,0.330237,57
ESC_WONG,stemness,PPM1G,0.390081,0.403207,0.004105,0.006126,0.362864,58
ESC_WONG,stemness,MRPL11,0.338295,0.332817,0.003389,0.00609,0.424934,59
ESC_WONG,stemness,TIMM13,0.436171,0.494741,0.005037,0.006018,0.332937,60
ESC_WONG,stemness,NAP1L1,0.403823,0.425029,0.004327,0.006001,0.333623,61
ESC_WONG,stemness,EBNA1BP2,0.333889,0.315873,0.003216,0.005738,0.396249,62
ESC_WONG,stemness,RPA3,0.330423,0.331237,0.003372,0.00569,0.381157,63
ESC_WONG,stemness,PA2G4,0.379361,0.386026,0.00393,0.00559,0.352125,64
ESC_WONG,stemness,SSB,0.360527,0.362084,0.003687,0.005543,0.345663,65
ESC_WONG,stemness,MRPL4,0.35729,0.348064,0.003544,0.005447,0.386073,66
ESC_WONG,stemness,PARP1,0.323988,0.313886,0.003196,0.005403,0.375807,67
ESC_WONG,stemness,ECHS1,0.391599,0.402309,0.004096,0.005337,0.356341,68
ESC_WONG,stemness,POP7,0.350627,0.338486,0.003446,0.005331,0.374834,69
ESC_WONG,stemness,PDIA4,0.38288,0.43589,0.004438,0.005277,0.298786,70
ESC_WONG,stemness,FBL,0.383969,0.43728,0.004452,0.005204,0.364476,71
ESC_WONG,stemness,NDUFS2,0.367378,0.36468,0.003713,0.005045,0.344147,72
ESC_WONG,stemness,DAP3,0.35772,0.343251,0.003495,0.005035,0.361974,73
ESC_WONG,stemness,MRPL13,0.326608,0.306331,0.003119,0.004968,0.379458,74
ESC_WONG,stemness,EIF2S2,0.333539,0.309174,0.003148,0.004962,0.350143,75
ESC_WONG,stemness,NME4,0.42975,0.497754,0.005068,0.004933,0.302004,76
ESC_WONG,stemness,CCND1,0.311388,0.356366,0.003628,0.004929,0.283475,77
ESC_WONG,stemness,FDPS,0.302911,0.294957,0.003003,0.004896,0.368729,78
ESC_WONG,stemness,BIRC5,0.12884,0.146618,0.001493,0.004892,0.409159,79
ESC_WONG,stemness,CDK4,0.355073,0.356605,0.003631,0.004872,0.331833,80
ESC_WONG,stemness,MRPL15,0.281726,0.260862,0.002656,0.004832,0.398384,81
ESC_WONG,stemness,RNPS1,0.431308,0.447584,0.004557,0.004678,0.295897,82
ESC_WONG,stemness,UBE2V2,0.326446,0.301295,0.003068,0.004669,0.358635,83
ESC_WONG,stemness,VBP1,0.291761,0.264526,0.002693,0.004637,0.364012,84
ESC_WONG,stemness,APEX1,0.407531,0.412826,0.004203,0.004611,0.309068,85
ESC_WONG,stemness,BUB3,0.331484,0.335694,0.003418,0.004577,0.305107,86
ESC_WONG,stemness,FAM136A,0.315122,0.295604,0.00301,0.004532,0.355026,87
ESC_WONG,stemness,CDKN3,0.118617,0.128581,0.001309,0.004505,0.387216,88
ESC_WONG,stemness,PRMT1,0.333486,0.32211,0.00328,0.004468,0.330517,89
ESC_WONG,stemness,ANP32E,0.21965,0.202446,0.002061,0.00419,0.37305,90
ESC_WONG,stemness,NASP,0.255061,0.228651,0.002328,0.00418,0.345536,91
ESC_WONG,stemness,STIP1,0.260945,0.230092,0.002343,0.004174,0.349051,92
ESC_WONG,stemness,GLO1,0.335474,0.316875,0.003226,0.004156,0.333433,93
ESC_WONG,stemness,PHF5A,0.292715,0.251538,0.002561,0.004155,0.350547,94
ESC_WONG,stemness,TIMM8B,0.347403,0.346431,0.003527,0.004141,0.332574,95
ESC_WONG,stemness,EEF2,0.731371,1.346908,0.013713,0.004011,0.084986,96
ESC_WONG,stemness,SMC4,0.17168,0.158944,0.001618,0.003981,0.335785,97
ESC_WONG,stemness,KPNA2,0.228973,0.220337,0.002243,0.003904,0.322662,98
ESC_WONG,stemness,MTHFD2,0.346449,0.358531,0.00365,0.00385,0.277594,99
ESC_WONG,stemness,RCN2,0.409183,0.44141,0.004494,0.00373,0.241143,100
ESC_WONG,stemness,KRAS,0.276326,0.246888,0.002514,0.003707,0.283809,101
ESC_WONG,stemness,SRSF10,0.374095,0.357949,0.003644,0.003672,0.271665,102
ESC_WONG,stemness,SNRPA,0.290512,0.25672,0.002614,0.003639,0.331096,103
ESC_WONG,stemness,MCM7,0.203221,0.180131,0.001834,0.003621,0.339536,104
ESC_WONG,stemness,PSMD14,0.230357,0.191855,0.001953,0.003561,0.322648,105
ESC_WONG,stemness,CCNB2,0.091415,0.094196,0.000959,0.003492,0.369298,106
ESC_WONG,stemness,SERPINH1,0.294945,0.301245,0.003067,0.003482,0.301173,107
ESC_WONG,stemness,CTSC,0.20525,0.21282,0.002167,0.003464,0.300757,108
ESC_WONG,stemness,CISD1,0.237651,0.201686,0.002053,0.003419,0.341246,109
ESC_WONG,stemness,BAX,0.333499,0.314424,0.003201,0.003406,0.279095,110
ESC_WONG,stemness,NONO,0.357733,0.34273,0.003489,0.003361,0.283744,111
ESC_WONG,stemness,PDHA1,0.23037,0.192942,0.001964,0.003343,0.337301,112
ESC_WONG,stemness,LSM10,0.254766,0.20744,0.002112,0.003318,0.318303,113
ESC_WONG,stemness,PCNA,0.208272,0.178274,0.001815,0.003271,0.310569,114
ESC_WONG,stemness,MRPL16,0.238713,0.199283,0.002029,0.00325,0.324505,115
ESC_WONG,stemness,CLPP,0.285165,0.239857,0.002442,0.003247,0.31042,116
ESC_WONG,stemness,GARS,0.237933,0.208939,0.002127,0.003149,0.316524,117
ESC_WONG,stemness,DNMT1,0.214505,0.168938,0.00172,0.003089,0.306481,118
ESC_WONG,stemness,MAD2L1,0.111739,0.101566,0.001034,0.002983,0.364296,119
ESC_WONG,stemness,DTYMK,0.202268,0.160559,0.001635,0.002961,0.323294,120
ESC_WONG,stemness,XRCC5,0.363617,0.344139,0.003504,0.002923,0.251888,121
ESC_WONG,stemness,CDCA3,0.075792,0.072464,0.000738,0.002921,0.349299,122
ESC_WONG,stemness,NCBP2,0.26124,0.213645,0.002175,0.002907,0.302268,123
ESC_WONG,stemness,LYPLA1,0.409532,0.425462,0.004332,0.002902,0.228574,124
ESC_WONG,stemness,RUVBL2,0.229202,0.182651,0.00186,0.002891,0.313909,125
ESC_WONG,stemness,FH,0.20259,0.159755,0.001627,0.002822,0.324156,126
ESC_WONG,stemness,MYC,0.297135,0.335383,0.003415,0.002819,0.218263,127
ESC_WONG,stemness,ADSL,0.193899,0.147052,0.001497,0.002815,0.330561,128
ESC_WONG,stemness,DDX18,0.247283,0.19919,0.002028,0.002815,0.292454,129
ESC_WONG,stemness,SARS,0.267662,0.228274,0.002324,0.002812,0.254902,130
ESC_WONG,stemness,TRIP6,0.231297,0.184656,0.00188,0.002749,0.298768,131
ESC_WONG,stemness,MRPS18B,0.274795,0.227628,0.002318,0.00274,0.281441,132
ESC_WONG,stemness,YY1,0.288618,0.235137,0.002394,0.002739,0.245973,133
ESC_WONG,stemness,ADH5,0.264572,0.229427,0.002336,0.002712,0.266898,134
ESC_WONG,stemness,RUVBL1,0.163458,0.122812,0.00125,0.002707,0.318027,135
ESC_WONG,stemness,MRPS2,0.213176,0.161767,0.001647,0.002692,0.317179,136
ESC_WONG,stemness,MRTO4,0.164009,0.121229,0.001234,0.002657,0.313078,137
ESC_WONG,stemness,CCNC,0.28354,0.24563,0.002501,0.002636,0.274215,138
ESC_WONG,stemness,PLK1,0.069344,0.073949,0.000753,0.002528,0.306614,139
ESC_WONG,stemness,CDCA8,0.079593,0.074501,0.000759,0.002486,0.3208,140
ESC_WONG,stemness,ETFA,0.278153,0.24203,0.002464,0.002482,0.250314,141
ESC_WONG,stemness,NUSAP1,0.081581,0.076421,0.000778,0.002442,0.313066,142
ESC_WONG,stemness,ERP29,0.450612,0.495925,0.005049,0.002439,0.155075,143
ESC_WONG,stemness,NDUFA11,0.269677,0.237553,0.002419,0.002365,0.256437,144
ESC_WONG,stemness,POLR3K,0.221437,0.180292,0.001836,0.002331,0.261179,145
ESC_WONG,stemness,TIMM8A,0.128907,0.097758,0.000995,0.002328,0.301865,146
ESC_WONG,stemness,EIF2S3,0.329066,0.310454,0.003161,0.002279,0.241965,147
ESC_WONG,stemness,KIF22,0.217635,0.178361,0.001816,0.002268,0.242539,148
ESC_WONG,stemness,HDAC1,0.242904,0.196454,0.002,0.002264,0.242693,149
ESC_WONG,stemness,CCNA2,0.067046,0.06308,0.000642,0.00224,0.324838,150
ESC_WONG,stemness,FARSA,0.186658,0.141955,0.001445,0.002222,0.289329,151
ESC_WONG,stemness,WDR77,0.157265,0.11427,0.001163,0.002132,0.297895,152
ESC_WONG,stemness,RAD23B,0.247552,0.193937,0.001975,0.002101,0.252937,153
ESC_WONG,stemness,THOC3,0.190916,0.1464,0.001491,0.002082,0.259739,154
ESC_WONG,stemness,TOP2A,0.069706,0.064193,0.000654,0.002069,0.29836,155
ESC_WONG,stemness,PDCD2,0.248909,0.19634,0.001999,0.002057,0.249084,156
ESC_WONG,stemness,CKAP2,0.100093,0.076039,0.000774,0.002002,0.288569,157
ESC_WONG,stemness,RPA2,0.168456,0.124672,0.001269,0.001996,0.270344,158
ESC_WONG,stemness,RCC1,0.148937,0.105545,0.001075,0.001995,0.271564,159
ESC_WONG,stemness,SNX5,0.237181,0.186143,0.001895,0.001976,0.229882,160
ESC_WONG,stemness,RRM1,0.133139,0.100211,0.00102,0.001968,0.266152,161
ESC_WONG,stemness,WBP11,0.200965,0.15401,0.001568,0.001902,0.231004,162
ESC_WONG,stemness,HADH,0.198372,0.153795,0.001566,0.001877,0.258186,163
ESC_WONG,stemness,SEPHS2,0.306269,0.273941,0.002789,0.001843,0.193321,164
ESC_WONG,stemness,GEMIN6,0.149313,0.103895,0.001058,0.001791,0.275033,165
ESC_WONG,stemness,G3BP1,0.276581,0.242406,0.002468,0.001787,0.206308,166
ESC_WONG,stemness,CSE1L,0.137357,0.102132,0.00104,0.001671,0.260403,167
ESC_WONG,stemness,MYBL2,0.061512,0.045026,0.000458,0.001652,0.30727,168
ESC_WONG,stemness,MRPS36,0.251783,0.20018,0.002038,0.001646,0.206346,169
ESC_WONG,stemness,HAT1,0.197082,0.165344,0.001683,0.001646,0.206714,170
ESC_WONG,stemness,NIP7,0.135248,0.095572,0.000973,0.001616,0.260642,171
ESC_WONG,stemness,MCM5,0.091388,0.068316,0.000696,0.001604,0.245927,172
ESC_WONG,stemness,KIF23,0.056689,0.047757,0.000486,0.001578,0.277095,173
ESC_WONG,stemness,GMNN,0.182789,0.156811,0.001597,0.001546,0.198049,174
ESC_WONG,stemness,MAPK13,0.197284,0.149314,0.00152,0.001541,0.204322,175
ESC_WONG,stemness,PSME3,0.179861,0.131905,0.001343,0.001538,0.224683,176
ESC_WONG,stemness,HNRNPL,0.20662,0.159456,0.001623,0.001527,0.201489,177
ESC_WONG,stemness,EXOSC7,0.153638,0.108951,0.001109,0.00152,0.221793,178
ESC_WONG,stemness,DBF4,0.100617,0.068985,0.000702,0.001519,0.255108,179
ESC_WONG,stemness,CTNNA1,0.287422,0.246869,0.002513,0.001503,0.184021,180
ESC_WONG,stemness,MCM3,0.129055,0.099052,0.001008,0.001475,0.232363,181
ESC_WONG,stemness,TRIP13,0.063043,0.046339,0.000472,0.001465,0.293974,182
ESC_WONG,stemness,ZNF22,0.206754,0.154246,0.00157,0.001434,0.207135,183
ESC_WONG,stemness,RAB34,0.190513,0.149617,0.001523,0.001418,0.212226,184
ESC_WONG,stemness,DPP3,0.1074,0.072515,0.000738,0.001417,0.245103,185
ESC_WONG,stemness,MRPL39,0.141575,0.105221,0.001071,0.001391,0.241302,186
ESC_WONG,stemness,DHX9,0.192636,0.14414,0.001468,0.001362,0.20501,187
ESC_WONG,stemness,MRPS30,0.185731,0.136292,0.001388,0.001342,0.212948,188
ESC_WONG,stemness,LMNB1,0.070553,0.054142,0.000551,0.001312,0.265645,189
ESC_WONG,stemness,ALDH7A1,0.167569,0.130902,0.001333,0.001311,0.212707,190
ESC_WONG,stemness,AURKA,0.055185,0.043317,0.000441,0.001299,0.246767,191
ESC_WONG,stemness,GNL3,0.171371,0.127097,0.001294,0.001286,0.193087,192
ESC_WONG,stemness,SQLE,0.155815,0.120528,0.001227,0.001285,0.199643,193
ESC_WONG,stemness,CDCA5,0.052108,0.038003,0.000387,0.001282,0.276799,194
ESC_WONG,stemness,GART,0.141132,0.102672,0.001045,0.001281,0.232364,195
ESC_WONG,stemness,MRPS28,0.156459,0.107425,0.001094,0.00123,0.220141,196
ESC_WONG,stemness,NCAPD2,0.065179,0.043298,0.000441,0.001217,0.2397,197
ESC_WONG,stemness,SLC2A1,0.158286,0.125066,0.001273,0.001209,0.166015,198
ESC_WONG,stemness,PRPS1,0.092906,0.063742,0.000649,0.001151,0.229139,199
ESC_WONG,stemness,NEK2,0.040918,0.032859,0.000335,0.001136,0.251181,200
ESC_WONG,stemness,MCM4,0.095069,0.066009,0.000672,0.001129,0.22338,201
ESC_WONG,stemness,NIPSNAP1,0.168456,0.132236,0.001346,0.001128,0.204838,202
ESC_WONG,stemness,TERF1,0.132937,0.086615,0.000882,0.001128,0.212896,203
ESC_WONG,stemness,NTHL1,0.107508,0.073879,0.000752,0.001125,0.22363,204
ESC_WONG,stemness,GNPDA1,0.135718,0.095186,0.000969,0.001119,0.208107,205
ESC_WONG,stemness,EIF4A1,0.186,0.14885,0.001516,0.001099,0.154535,206
ESC_WONG,stemness,VRK1,0.076557,0.052455,0.000534,0.001086,0.214276,207
ESC_WONG,stemness,CDCA7,0.05853,0.041944,0.000427,0.001079,0.254672,208
ESC_WONG,stemness,GTSE1,0.041791,0.029985,0.000305,0.001078,0.252758,209
ESC_WONG,stemness,TEAD2,0.161,0.112398,0.001144,0.001068,0.198005,210
ESC_WONG,stemness,XPO1,0.205518,0.1573,0.001602,0.001054,0.18147,211
ESC_WONG,stemness,RACGAP1,0.058933,0.042612,0.000434,0.001046,0.233354,212
ESC_WONG,stemness,SS18,0.168254,0.119402,0.001216,0.00101,0.188989,213
ESC_WONG,stemness,AURKB,0.039911,0.031225,0.000318,0.001001,0.245334,214
ESC_WONG,stemness,IARS,0.149823,0.106478,0.001084,0.000998,0.201755,215
ESC_WONG,stemness,CDC34,0.118698,0.072683,0.00074,0.000984,0.184157,216
ESC_WONG,stemness,TCF7L1,0.10337,0.067355,0.000686,0.000963,0.205306,217
ESC_WONG,stemness,TCOF1,0.091898,0.059417,0.000605,0.000924,0.195677,218
ESC_WONG,stemness,MID1IP1,0.144853,0.104213,0.001061,0.000908,0.160533,219
ESC_WONG,stemness,TIMM44,0.103048,0.066007,0.000672,0.000882,0.20266,220
ESC_WONG,stemness,EIF4B,0.406013,0.450626,0.004588,0.00088,0.096928,221
ESC_WONG,stemness,KIF20A,0.030776,0.024365,0.000248,0.000862,0.221064,222
ESC_WONG,stemness,KIF4A,0.037654,0.026036,0.000265,0.000824,0.235315,223
ESC_WONG,stemness,NDUFA9,0.087452,0.058404,0.000595,0.000821,0.190384,224
ESC_WONG,stemness,MCM2,0.051934,0.033413,0.00034,0.000819,0.211932,225
ESC_WONG,stemness,UBE2G1,0.208957,0.161752,0.001647,0.000805,0.160656,226
ESC_WONG,stemness,KPNA6,0.141078,0.089837,0.000915,0.000796,0.158973,227
ESC_WONG,stemness,RFC3,0.05595,0.037306,0.00038,0.000781,0.195757,228
ESC_WONG,stemness,TCF19,0.047138,0.030557,0.000311,0.000764,0.208815,229
ESC_WONG,stemness,NT5DC2,0.109093,0.076812,0.000782,0.000756,0.188406,230
ESC_WONG,stemness,RPP40,0.059873,0.037396,0.000381,0.000751,0.206474,231
ESC_WONG,stemness,RRM2,0.034618,0.02395,0.000244,0.000732,0.215444,232
ESC_WONG,stemness,IPO9,0.10337,0.066968,0.000682,0.000731,0.171328,233
ESC_WONG,stemness,SLC16A1,0.075523,0.048746,0.000496,0.000686,0.179561,234
ESC_WONG,stemness,CDC6,0.036821,0.02523,0.000257,0.000685,0.204606,235
ESC_WONG,stemness,CHEK1,0.043202,0.02867,0.000292,0.000671,0.198213,236
ESC_WONG,stemness,MTF2,0.12747,0.082819,0.000843,0.000668,0.160895,237
ESC_WONG,stemness,SDHD,0.163593,0.120879,0.001231,0.000663,0.151739,238
ESC_WONG,stemness,MSH2,0.081326,0.055383,0.000564,0.000658,0.173831,239
ESC_WONG,stemness,TTK,0.031273,0.023851,0.000243,0.000655,0.20176,240
ESC_WONG,stemness,E2F3,0.084174,0.054774,0.000558,0.000644,0.17301,241
ESC_WONG,stemness,NLN,0.074368,0.047797,0.000487,0.000631,0.165968,242
ESC_WONG,stemness,BUB1,0.028734,0.020325,0.000207,0.000618,0.202953,243
ESC_WONG,stemness,PUS1,0.060007,0.035637,0.000363,0.00061,0.16738,244
ESC_WONG,stemness,DLAT,0.07289,0.046898,0.000477,0.00057,0.153197,245
ESC_WONG,stemness,HELLS,0.055668,0.036818,0.000375,0.000545,0.166981,246
ESC_WONG,stemness,TP53,0.074421,0.048213,0.000491,0.000544,0.147302,247
ESC_WONG,stemness,COQ3,0.048737,0.028488,0.00029,0.000543,0.17604,248
ESC_WONG,stemness,CHEK2,0.040677,0.026268,0.000267,0.000499,0.168204,249
ESC_WONG,stemness,ELOVL6,0.039965,0.023431,0.000239,0.000488,0.155332,250
ESC_WONG,stemness,RAD18,0.062237,0.038722,0.000394,0.000479,0.152448,251
ESC_WONG,stemness,PRIM1,0.037452,0.024191,0.000246,0.00046,0.13748,252
ESC_WONG,stemness,NUP107,0.084765,0.057562,0.000586,0.000444,0.149854,253
ESC_WONG,stemness,CHAF1A,0.039562,0.022727,0.000231,0.000414,0.156542,254
ESC_WONG,stemness,EEF1E1,0.057535,0.035688,0.000363,0.000379,0.120636,255
ESC_WONG,stemness,WDHD1,0.032791,0.019751,0.000201,0.000374,0.154612,256
ESC_WONG,stemness,CDC7,0.032294,0.020352,0.000207,0.000366,0.149387,257
ESC_WONG,stemness,KIF11,0.024865,0.01702,0.000173,0.00036,0.153798,258
ESC_WONG,stemness,POLD1,0.04202,0.026462,0.000269,0.000354,0.142798,259
ESC_WONG,stemness,NOP2,0.051746,0.032528,0.000331,0.00035,0.130627,260
ESC_WONG,stemness,EXO1,0.018216,0.012199,0.000124,0.000347,0.160196,261
ESC_WONG,stemness,DARS2,0.036552,0.022107,0.000225,0.00034,0.129496,262
ESC_WONG,stemness,BUB1B,0.019008,0.011822,0.00012,0.000338,0.159629,263
ESC_WONG,stemness,SOX2,0.019398,0.011598,0.000118,0.000325,0.150388,264
ESC_WONG,stemness,FGFR1,0.089024,0.064475,0.000656,0.000321,0.087862,265
ESC_WONG,stemness,GJA1,0.045741,0.03184,0.000324,0.000307,0.125255,266
ESC_WONG,stemness,SPAG5,0.021574,0.012584,0.000128,0.000296,0.154252,267
ESC_WONG,stemness,TGIF2,0.074757,0.047463,0.000483,0.00029,0.114924,268
ESC_WONG,stemness,MRPS17,0.044787,0.027208,0.000277,0.000282,0.115368,269
ESC_WONG,stemness,ALDOC,0.03975,0.02342,0.000238,0.000266,0.121254,270
ESC_WONG,stemness,PLK4,0.017087,0.010834,0.00011,0.000246,0.130706,271
ESC_WONG,stemness,CCNF,0.02633,0.016261,0.000166,0.000241,0.107569,272
ESC_WONG,stemness,BLM,0.016765,0.010815,0.00011,0.00024,0.129523,273
ESC_WONG,stemness,MRPL12,0.032254,0.018446,0.000188,0.000239,0.113153,274
ESC_WONG,stemness,POLE2,0.01741,0.010646,0.000108,0.000239,0.121313,275
ESC_WONG,stemness,ABCB7,0.087452,0.056502,0.000575,0.000231,0.115221,276
ESC_WONG,stemness,AMOTL2,0.084953,0.05715,0.000582,0.000181,0.072673,277
ESC_WONG,stemness,ACAD8,0.068994,0.045807,0.000466,0.000174,0.094079,278
ESC_WONG,stemness,HSPA14,0.033328,0.018404,0.000187,0.00014,0.079509,279
ESC_WONG,stemness,YAP1,0.117852,0.076481,0.000779,0.000133,0.080567,280
ESC_WONG,stemness,GSPT2,0.026961,0.015546,0.000158,0.000123,0.067492,281
ESC_WONG,stemness,NDUFB8,0.04292,0.026751,0.000272,0.000105,0.073807,282
ESC_WONG,stemness,BCAT1,0.01475,0.012977,0.000132,6.4e-05,0.070521,283
ESC_WONG,stemness,GLDC,0.00587,0.002979,3e-05,3.9e-05,0.054356,284
ESC_WONG,stemness,TMEFF1,0.003802,0.00248,2.5e-05,3.1e-05,0.051532,285
ESC_WONG,stemness,PROM1,0.114789,0.099717,0.001015,2.2e-05,0.098625,286
ESC_WONG,stemness,ZIC3,0.001397,0.000911,9e-06,1.4e-05,0.029036,287
ESC_WONG,stemness,PHC1,0.046937,0.028001,0.000285,8e-06,0.04023,288
ESC_WONG,stemness,PIPOX,0.002028,0.001333,1.4e-05,3e-06,0.018382,289
ESC_WONG,stemness,OTX2,4e-05,1.5e-05,0.0,0.0,0.007072,290
ESC_WONG,stemness,GNA14,0.006972,0.003789,3.9e-05,-0.0,0.007169,291
ESC_WONG,stemness,U2AF1,0.012439,0.006964,7.1e-05,-6e-06,0.033026,292
ESC_WONG,stemness,CCND2,0.022797,0.020345,0.000207,-3.3e-05,0.020536,293
ESC_WONG,stemness,UGDH,0.163485,0.13544,0.001379,-4.7e-05,0.063154,294
ESC_WONG,stemness,PDPN,0.014293,0.012616,0.000128,-4.8e-05,0.026654,295
ESC_WONG,stemness,CDKN1C,0.081192,0.058117,0.000592,-5.8e-05,0.037188,296
ESC_WONG,stemness,WEE1,0.150925,0.112381,0.001144,-0.000232,0.047966,297
FMASC,stemness,YBX1,0.702315,1.34127,0.012999,0.007753,0.004677,1
FMASC,stemness,HMGB1,0.730659,1.308047,0.012677,0.007677,0.050188,2
FMASC,stemness,GNAS,0.518639,0.712385,0.006904,0.007319,0.110298,3
FMASC,stemness,DEK,0.401257,0.462203,0.004479,0.006083,0.099442,4
FMASC,stemness,H2AFV,0.421502,0.471816,0.004573,0.005319,0.118256,5
FMASC,stemness,TSPAN13,0.473838,0.60433,0.005857,0.00498,0.137813,6
FMASC,stemness,ANXA1,0.365995,0.667426,0.006468,0.004873,-0.083842,7
FMASC,stemness,HMGN3,0.547803,0.713803,0.006918,0.004592,0.063028,8
FMASC,stemness,SRRM2,0.371811,0.375122,0.003636,0.004214,0.151994,9
FMASC,stemness,TTC3,0.415994,0.468867,0.004544,0.004177,0.223396,10
FMASC,stemness,SFRP1,0.248156,0.312205,0.003026,0.00397,0.127917,11
FMASC,stemness,FSCN1,0.223103,0.247793,0.002401,0.003883,0.070873,12
FMASC,stemness,FAM96A,0.373678,0.363985,0.003528,0.003755,0.0145,13
FMASC,stemness,ATP6V0E2,0.298787,0.307317,0.002978,0.003689,0.078053,14
FMASC,stemness,TMEM14A,0.403232,0.409134,0.003965,0.003682,0.045828,15
FMASC,stemness,TPM1,0.613372,1.025662,0.00994,0.003631,-0.054881,16
FMASC,stemness,UBE2E3,0.367271,0.351326,0.003405,0.0036,0.064169,17
FMASC,stemness,TPR,0.311535,0.272794,0.002644,0.003594,0.084617,18
FMASC,stemness,BTF3L4,0.437031,0.479354,0.004646,0.003527,-0.060735,19
FMASC,stemness,HDLBP,0.441168,0.495069,0.004798,0.00351,0.060187,20
FMASC,stemness,DUT,0.400559,0.432302,0.00419,0.003467,0.124895,21
FMASC,stemness,IGFBP5,0.198842,0.310055,0.003005,0.00344,0.208727,22
FMASC,stemness,PRKDC,0.317822,0.298886,0.002897,0.003432,0.146003,23
FMASC,stemness,DNAJC1,0.27325,0.241877,0.002344,0.003388,0.101796,24
FMASC,stemness,LMO4,0.302656,0.306746,0.002973,0.003382,0.036425,25
FMASC,stemness,NFIB,0.275574,0.257727,0.002498,0.003365,0.151995,26
FMASC,stemness,DSC2,0.30635,0.333894,0.003236,0.003342,0.031719,27
FMASC,stemness,SLBP,0.282922,0.272145,0.002637,0.003335,0.009176,28
FMASC,stemness,CSNK1A1,0.409089,0.419536,0.004066,0.003331,0.110477,29
FMASC,stemness,RBM25,0.348101,0.320057,0.003102,0.00332,0.092276,30
FMASC,stemness,MARCKS,0.270698,0.250894,0.002432,0.003263,0.132593,31
FMASC,stemness,CDC20,0.14183,0.188868,0.00183,0.003255,0.150828,32
FMASC,stemness,TRPS1,0.325614,0.349476,0.003387,0.003249,0.175168,33
FMASC,stemness,USP1,0.269421,0.224166,0.002173,0.003222,0.104733,34
FMASC,stemness,HNRNPR,0.36089,0.34174,0.003312,0.003198,0.11475,35
FMASC,stemness,CENPF,0.116589,0.124804,0.00121,0.00317,0.195271,36
FMASC,stemness,ENAH,0.284897,0.245088,0.002375,0.003164,0.104323,37
FMASC,stemness,ACP1,0.472576,0.553931,0.005368,0.003124,-0.047,38
FMASC,stemness,SMC4,0.17168,0.158944,0.00154,0.003061,0.176065,39
FMASC,stemness,ASPH,0.344837,0.34906,0.003383,0.003058,0.156005,40
FMASC,stemness,TYMS,0.163499,0.169395,0.001642,0.002982,0.181384,41
FMASC,stemness,HSPH1,0.324082,0.317676,0.003079,0.002959,0.044539,42
FMASC,stemness,BZW1,0.430059,0.468133,0.004537,0.002914,0.031009,43
FMASC,stemness,PSIP1,0.187356,0.162279,0.001573,0.002898,0.145111,44
FMASC,stemness,CXCL10,0.154995,0.394557,0.003824,0.002882,-0.18803,45
FMASC,stemness,EML4,0.246826,0.208607,0.002022,0.002746,0.101131,46
FMASC,stemness,ARL6IP1,0.246437,0.215256,0.002086,0.002745,0.167784,47
FMASC,stemness,RSF1,0.28761,0.240315,0.002329,0.002732,0.107424,48
FMASC,stemness,LYPLA1,0.409532,0.425462,0.004123,0.00271,0.073974,49
FMASC,stemness,YTHDF2,0.282304,0.233283,0.002261,0.002701,0.086809,50
FMASC,stemness,PPIC,0.326849,0.322196,0.003123,0.002691,0.005307,51
FMASC,stemness,NOL7,0.364745,0.353685,0.003428,0.002688,0.025938,52
FMASC,stemness,PTPRK,0.287409,0.262012,0.002539,0.002634,0.059761,53
FMASC,stemness,LPP,0.292272,0.263461,0.002553,0.002611,0.165881,54
FMASC,stemness,DNMT1,0.214505,0.168938,0.001637,0.002608,0.126994,55
FMASC,stemness,BNIP3L,0.36496,0.375709,0.003641,0.002608,0.083038,56
FMASC,stemness,FABP7,0.197915,0.346892,0.003362,0.002576,0.000415,57
FMASC,stemness,TOP1,0.292755,0.250864,0.002431,0.002552,0.014289,58
FMASC,stemness,GPX4,0.699413,1.217419,0.011799,0.002549,-0.060555,59
FMASC,stemness,UBE2T,0.16765,0.160879,0.001559,0.002546,0.134449,60
FMASC,stemness,PLOD1,0.233259,0.223847,0.002169,0.002531,-0.036269,61
FMASC,stemness,MKI67,0.090891,0.090548,0.000878,0.002497,0.224579,62
FMASC,stemness,CRYAB,0.330759,0.52374,0.005076,0.002486,-0.109862,63
FMASC,stemness,PPT1,0.302495,0.269398,0.002611,0.002482,0.082528,64
FMASC,stemness,ERBB3,0.23033,0.197173,0.001911,0.002472,0.171478,65
FMASC,stemness,GABRP,0.237598,0.317205,0.003074,0.002445,0.021045,66
FMASC,stemness,ARID4B,0.275601,0.225801,0.002188,0.002434,0.104052,67
FMASC,stemness,ORMDL1,0.281874,0.233584,0.002264,0.002399,0.061939,68
FMASC,stemness,RSRC2,0.293964,0.248031,0.002404,0.002391,0.087805,69
FMASC,stemness,DECR1,0.304926,0.283602,0.002749,0.002379,0.0515,70
FMASC,stemness,RNF130,0.280155,0.24067,0.002332,0.002297,0.101662,71
FMASC,stemness,SYNE2,0.252468,0.215861,0.002092,0.002283,0.155783,72
FMASC,stemness,PTTG1,0.167717,0.204914,0.001986,0.002273,0.127322,73
FMASC,stemness,EIF2A,0.322712,0.304057,0.002947,0.00226,-0.050275,74
FMASC,stemness,HIBADH,0.269018,0.231839,0.002247,0.002233,0.070698,75
FMASC,stemness,NCOA7,0.233796,0.222399,0.002155,0.002227,0.009019,76
FMASC,stemness,ARL4A,0.23213,0.203558,0.001973,0.002217,0.121269,77
FMASC,stemness,MCM7,0.203221,0.180131,0.001746,0.00221,0.128252,78
FMASC,stemness,JMJD1C,0.235529,0.193416,0.001875,0.002205,0.182002,79
FMASC,stemness,PAPSS1,0.290378,0.271336,0.00263,0.002204,0.076258,80
FMASC,stemness,NCOR1,0.266305,0.222913,0.00216,0.002196,0.142284,81
FMASC,stemness,BBX,0.233205,0.179981,0.001744,0.002188,0.078912,82
FMASC,stemness,PHF14,0.219812,0.165825,0.001607,0.002168,0.124905,83
FMASC,stemness,DTYMK,0.202268,0.160559,0.001556,0.002161,0.127809,84
FMASC,stemness,CDK1,0.10372,0.117226,0.001136,0.002129,0.213151,85
FMASC,stemness,MAGED2,0.36946,0.416887,0.00404,0.002119,0.082787,86
FMASC,stemness,BTG2,0.353072,0.531449,0.005151,0.002119,0.19664,87
FMASC,stemness,NFIA,0.23252,0.199422,0.001933,0.002118,0.170188,88
FMASC,stemness,PHF20L1,0.239116,0.185916,0.001802,0.002117,0.079122,89
FMASC,stemness,DARS,0.289142,0.247661,0.0024,0.002103,0.009215,90
FMASC,stemness,OSBPL1A,0.223869,0.171649,0.001664,0.002068,0.136468,91
FMASC,stemness,MAL2,0.297524,0.285166,0.002764,0.002062,-0.001522,92
FMASC,stemness,SCOC,0.357384,0.340269,0.003298,0.002039,0.063914,93
FMASC,stemness,ATP2B1,0.18287,0.139858,0.001355,0.002038,0.130211,94
FMASC,stemness,USP22,0.254712,0.217314,0.002106,0.002035,0.157043,95
FMASC,stemness,SLC38A1,0.295146,0.288446,0.002795,0.002027,0.182124,96
FMASC,stemness,TTYH1,0.12974,0.147514,0.00143,0.002023,0.142359,97
FMASC,stemness,PHIP,0.233997,0.188176,0.001824,0.002016,0.144972,98
FMASC,stemness,ANKRD12,0.239035,0.19692,0.001908,0.002002,0.155793,99
FMASC,stemness,SORT1,0.18475,0.140375,0.00136,0.001989,0.131618,100
FMASC,stemness,GMDS,0.260233,0.241973,0.002345,0.001976,0.055418,101
FMASC,stemness,WNK1,0.203396,0.149496,0.001449,0.001975,0.087887,102
FMASC,stemness,GRSF1,0.292715,0.253197,0.002454,0.001972,0.04881,103
FMASC,stemness,WRB,0.236872,0.191977,0.001861,0.001959,0.14497,104
FMASC,stemness,HES1,0.214532,0.190384,0.001845,0.001935,0.095805,105
FMASC,stemness,LIMCH1,0.214707,0.170507,0.001652,0.001934,0.122996,106
FMASC,stemness,UBA2,0.300063,0.288802,0.002799,0.001929,0.113909,107
FMASC,stemness,SGCE,0.142462,0.112298,0.001088,0.001925,0.059289,108
FMASC,stemness,AIG1,0.294461,0.25869,0.002507,0.001915,0.012336,109
FMASC,stemness,KIF22,0.217635,0.178361,0.001729,0.001903,0.11662,110
FMASC,stemness,TPX2,0.101947,0.102668,0.000995,0.001902,0.19769,111
FMASC,stemness,N4BP2L2,0.315337,0.298456,0.002892,0.001901,0.151949,112
FMASC,stemness,BAZ1B,0.193093,0.139285,0.00135,0.001889,0.122358,113
FMASC,stemness,CCNB2,0.091415,0.094196,0.000913,0.001886,0.136844,114
FMASC,stemness,WAC,0.209092,0.156807,0.00152,0.001886,0.144529,115
FMASC,stemness,LIMS1,0.213485,0.164577,0.001595,0.001877,0.026769,116
FMASC,stemness,CCNB1,0.113513,0.113565,0.001101,0.001866,0.149462,117
FMASC,stemness,PTN,0.147499,0.176277,0.001708,0.001849,0.054123,118
FMASC,stemness,PMP22,0.254537,0.2729,0.002645,0.001838,0.121736,119
FMASC,stemness,ARID5B,0.222324,0.186089,0.001803,0.001835,0.076486,120
FMASC,stemness,PIK3R1,0.207251,0.19615,0.001901,0.001833,0.12003,121
FMASC,stemness,COX16,0.332438,0.30591,0.002965,0.001828,-0.030513,122
FMASC,stemness,ARHGAP29,0.223707,0.198469,0.001923,0.001822,0.043152,123
FMASC,stemness,NQO2,0.212128,0.171659,0.001664,0.001819,0.08798,124
FMASC,stemness,ZFAND1,0.251206,0.210812,0.002043,0.001814,0.077501,125
FMASC,stemness,SLC44A1,0.227711,0.184874,0.001792,0.001806,0.142907,126
FMASC,stemness,RHOBTB3,0.18432,0.15726,0.001524,0.001788,0.17525,127
FMASC,stemness,PIK3R3,0.201972,0.159972,0.00155,0.001777,0.113153,128
FMASC,stemness,SMARCA2,0.199339,0.152279,0.001476,0.001769,0.12647,129
FMASC,stemness,MFAP2,0.182695,0.21472,0.002081,0.001758,0.112477,130
FMASC,stemness,CCNC,0.28354,0.24563,0.002381,0.001739,0.056398,131
FMASC,stemness,CTHRC1,0.161927,0.204814,0.001985,0.001738,0.132723,132
FMASC,stemness,CLMN,0.182856,0.133231,0.001291,0.001736,0.084089,133
FMASC,stemness,GOLM1,0.2022,0.155413,0.001506,0.001733,0.079373,134
FMASC,stemness,VMA21,0.230424,0.18419,0.001785,0.00173,0.017502,135
FMASC,stemness,SERPINE2,0.121224,0.116177,0.001126,0.001726,0.047413,136
FMASC,stemness,CSN3,0.109107,0.230454,0.002233,0.001722,0.174569,137
FMASC,stemness,MYO10,0.146895,0.109472,0.001061,0.001712,0.137072,138
FMASC,stemness,BEX4,0.299123,0.285356,0.002766,0.001709,0.075527,139
FMASC,stemness,LPGAT1,0.189412,0.136381,0.001322,0.001701,0.09591,140
FMASC,stemness,TNC,0.127188,0.115674,0.001121,0.001699,0.021386,141
FMASC,stemness,RBM47,0.226045,0.20246,0.001962,0.001693,0.123553,142
FMASC,stemness,ZFAND6,0.297659,0.257294,0.002494,0.001692,0.04227,143
FMASC,stemness,KDM5B,0.21468,0.167393,0.001622,0.001691,0.088466,144
FMASC,stemness,IDH1,0.262691,0.243454,0.002359,0.001677,0.093642,145
FMASC,stemness,CBX5,0.198278,0.150704,0.001461,0.001671,0.139376,146
FMASC,stemness,NUSAP1,0.081581,0.076421,0.000741,0.001666,0.203546,147
FMASC,stemness,CDCA3,0.075792,0.072464,0.000702,0.001658,0.150413,148
FMASC,stemness,TSPAN6,0.291412,0.266765,0.002585,0.001658,0.103032,149
FMASC,stemness,SMC2,0.122661,0.087151,0.000845,0.001657,0.16699,150
FMASC,stemness,C1D,0.269798,0.221667,0.002148,0.001644,0.034175,151
FMASC,stemness,TCEA3,0.227563,0.18708,0.001813,0.001621,0.040366,152
FMASC,stemness,RAB40B,0.185597,0.141281,0.001369,0.001621,0.06661,153
FMASC,stemness,CDCA8,0.079593,0.074501,0.000722,0.001619,0.182966,154
FMASC,stemness,GMNN,0.182789,0.156811,0.00152,0.001613,0.148121,155
FMASC,stemness,NKTR,0.196867,0.152867,0.001482,0.001602,0.142195,156
FMASC,stemness,CP,0.124743,0.130662,0.001266,0.001602,-0.051896,157
FMASC,stemness,KLF10,0.234132,0.206328,0.002,0.001602,0.0922,158
FMASC,stemness,CLCN3,0.191104,0.140889,0.001365,0.001599,0.11482,159
FMASC,stemness,CKAP5,0.147728,0.110657,0.001072,0.001593,0.132241,160
FMASC,stemness,DCTD,0.217085,0.165487,0.001604,0.001576,-0.000691,161
FMASC,stemness,STARD7,0.258742,0.2111,0.002046,0.001571,0.068673,162
FMASC,stemness,TOP2A,0.069706,0.064193,0.000622,0.001567,0.214254,163
FMASC,stemness,EFR3A,0.220174,0.176803,0.001713,0.001563,0.021882,164
FMASC,stemness,CELF1,0.191548,0.140755,0.001364,0.001553,0.09821,165
FMASC,stemness,TBC1D7,0.179498,0.138304,0.00134,0.001543,0.082948,166
FMASC,stemness,ASPM,0.059201,0.052198,0.000506,0.001528,0.196388,167
FMASC,stemness,MEST,0.169853,0.172422,0.001671,0.001524,0.120135,168
FMASC,stemness,DHX9,0.192636,0.14414,0.001397,0.00152,0.09274,169
FMASC,stemness,FBLN1,0.162209,0.153785,0.00149,0.001519,0.105761,170
FMASC,stemness,CHD2,0.207829,0.16411,0.00159,0.001505,0.112972,171
FMASC,stemness,HAT1,0.197082,0.165344,0.001602,0.001503,0.094642,172
FMASC,stemness,CTSS,0.147298,0.160756,0.001558,0.001496,-0.151827,173
FMASC,stemness,SMARCC1,0.188727,0.14188,0.001375,0.001473,0.136211,174
FMASC,stemness,FOXP1,0.188659,0.152114,0.001474,0.001466,0.137594,175
FMASC,stemness,RAD1,0.170162,0.130733,0.001267,0.001464,0.100735,176
FMASC,stemness,ABI2,0.172566,0.123265,0.001195,0.001462,0.104467,177
FMASC,stemness,USP9X,0.176919,0.125039,0.001212,0.001462,0.111415,178
FMASC,stemness,TSPAN15,0.262114,0.248223,0.002406,0.001456,-0.00353,179
FMASC,stemness,POGZ,0.173251,0.1269,0.00123,0.001452,0.161393,180
FMASC,stemness,REST,0.178396,0.123994,0.001202,0.001451,0.127792,181
FMASC,stemness,DHCR7,0.15294,0.114997,0.001114,0.001446,0.043498,182
FMASC,stemness,MAD2L1,0.111739,0.101566,0.000984,0.001424,0.164694,183
FMASC,stemness,TIA1,0.196988,0.147852,0.001433,0.001422,0.118986,184
FMASC,stemness,SCARB1,0.130761,0.093221,0.000903,0.001419,0.094743,185
FMASC,stemness,KDM5A,0.172029,0.124195,0.001204,0.001417,0.094062,186
FMASC,stemness,AHR,0.174272,0.13679,0.001326,0.001415,0.108387,187
FMASC,stemness,CCDC34,0.150656,0.104574,0.001013,0.001403,0.098239,188
FMASC,stemness,GINS2,0.116871,0.092344,0.000895,0.001402,0.098904,189
FMASC,stemness,CENPA,0.062949,0.055975,0.000542,0.0014,0.183095,190
FMASC,stemness,CCDC88A,0.094034,0.066228,0.000642,0.001396,0.119904,191
FMASC,stemness,NDRG2,0.199635,0.213881,0.002073,0.001395,0.113647,192
FMASC,stemness,FUBP1,0.176972,0.134004,0.001299,0.001393,0.075273,193
FMASC,stemness,TIMP2,0.105547,0.084763,0.000821,0.001393,0.130891,194
FMASC,stemness,SSFA2,0.179484,0.142436,0.00138,0.001392,0.132431,195
FMASC,stemness,RRM1,0.133139,0.100211,0.000971,0.00139,0.114616,196
FMASC,stemness,EFEMP1,0.156137,0.167681,0.001625,0.001386,0.000854,197
FMASC,stemness,TNRC6B,0.167273,0.123547,0.001197,0.001386,0.156033,198
FMASC,stemness,NUF2,0.063701,0.055522,0.000538,0.001386,0.182406,199
FMASC,stemness,PRPF4B,0.186322,0.140347,0.00136,0.001385,0.135632,200
FMASC,stemness,MBD4,0.178047,0.123947,0.001201,0.001377,0.082777,201
FMASC,stemness,CKAP2,0.100093,0.076039,0.000737,0.001374,0.129756,202
FMASC,stemness,CDC5L,0.15607,0.107195,0.001039,0.001371,0.087924,203
FMASC,stemness,RABEP1,0.194503,0.172899,0.001676,0.00136,0.159774,204
FMASC,stemness,ATAD2,0.105708,0.080771,0.000783,0.001358,0.166579,205
FMASC,stemness,ACADM,0.215795,0.169718,0.001645,0.001353,0.086839,206
FMASC,stemness,TFDP2,0.211456,0.168999,0.001638,0.001352,0.075136,207
FMASC,stemness,PTGR1,0.19723,0.150011,0.001454,0.001352,0.061059,208
FMASC,stemness,AUTS2,0.149474,0.106271,0.00103,0.001349,0.168762,209
FMASC,stemness,LRRCC1,0.151234,0.111629,0.001082,0.001347,0.111003,210
FMASC,stemness,PLK1,0.069344,0.073949,0.000717,0.001342,0.151711,211
FMASC,stemness,INTS10,0.176798,0.128078,0.001241,0.00134,0.091217,212
FMASC,stemness,PCF11,0.155976,0.114987,0.001114,0.001335,0.169863,213
FMASC,stemness,SVIP,0.199285,0.152929,0.001482,0.001331,0.05008,214
FMASC,stemness,PBK,0.057549,0.049376,0.000479,0.001324,0.198738,215
FMASC,stemness,EZH2,0.099515,0.07334,0.000711,0.001322,0.123773,216
FMASC,stemness,VCL,0.160812,0.12286,0.001191,0.001319,0.082092,217
FMASC,stemness,XIST,0.176019,0.169142,0.001639,0.001318,0.182344,218
FMASC,stemness,CDKN2C,0.072138,0.052633,0.00051,0.001317,0.140791,219
FMASC,stemness,TCERG1,0.147204,0.100016,0.000969,0.001316,0.073932,220
FMASC,stemness,HADH,0.198372,0.153795,0.001491,0.001314,0.079393,221
FMASC,stemness,MYLIP,0.139896,0.097468,0.000945,0.001299,0.139302,222
FMASC,stemness,IMPAD1,0.142784,0.09027,0.000875,0.001297,0.099216,223
FMASC,stemness,ITGB8,0.123615,0.09031,0.000875,0.001287,0.078995,224
FMASC,stemness,PDCD6IP,0.206916,0.161308,0.001563,0.001281,0.054087,225
FMASC,stemness,TRA2A,0.17,0.125483,0.001216,0.00128,0.110962,226
FMASC,stemness,MEF2A,0.151046,0.107755,0.001044,0.001279,0.088292,227
FMASC,stemness,ITGAV,0.154418,0.113077,0.001096,0.001275,0.146575,228
FMASC,stemness,KCTD1,0.155989,0.104671,0.001014,0.001275,0.050675,229
FMASC,stemness,KIF21A,0.118846,0.079087,0.000766,0.001275,0.109819,230
FMASC,stemness,ROCK2,0.123601,0.081798,0.000793,0.001275,0.131841,231
FMASC,stemness,PLOD2,0.158689,0.129794,0.001258,0.00127,0.063584,232
FMASC,stemness,RSRC1,0.14934,0.108702,0.001053,0.00127,0.045238,233
FMASC,stemness,RND3,0.194919,0.173446,0.001681,0.001268,0.008399,234
FMASC,stemness,INTS6,0.14226,0.107429,0.001041,0.001266,0.150071,235
FMASC,stemness,ARL5B,0.164452,0.130442,0.001264,0.001262,0.161775,236
FMASC,stemness,TFDP1,0.150105,0.103042,0.000999,0.001262,0.089705,237
FMASC,stemness,CRABP1,0.206768,0.319324,0.003095,0.001258,0.063071,238
FMASC,stemness,RFC1,0.160181,0.107584,0.001043,0.001257,0.099035,239
FMASC,stemness,AKAP13,0.160476,0.117216,0.001136,0.001257,0.069776,240
FMASC,stemness,CUX1,0.149985,0.106073,0.001028,0.001257,0.127867,241
FMASC,stemness,CPSF6,0.183434,0.138409,0.001341,0.00125,0.084499,242
FMASC,stemness,FBXO7,0.242192,0.195695,0.001897,0.001245,0.047005,243
FMASC,stemness,ADD3,0.185194,0.152745,0.00148,0.001241,0.142765,244
FMASC,stemness,EHF,0.197875,0.180347,0.001748,0.00123,0.116325,245
FMASC,stemness,RFC4,0.123776,0.094102,0.000912,0.001225,0.090885,246
FMASC,stemness,CNOT1,0.158649,0.111628,0.001082,0.001224,0.067037,247
FMASC,stemness,MAOB,0.134872,0.12954,0.001255,0.001224,0.086055,248
FMASC,stemness,NCOA4,0.21695,0.166932,0.001618,0.001217,0.055043,249
FMASC,stemness,ARIH1,0.142314,0.098011,0.00095,0.001213,0.147957,250
FMASC,stemness,PELI1,0.148561,0.111803,0.001084,0.001212,0.128535,251
FMASC,stemness,FAM83D,0.066536,0.05794,0.000562,0.001207,0.1691,252
FMASC,stemness,DBF4,0.100617,0.068985,0.000669,0.001205,0.145397,253
FMASC,stemness,SORBS2,0.15122,0.125295,0.001214,0.001199,0.1562,254
FMASC,stemness,PLEKHA1,0.148641,0.101691,0.000986,0.001198,0.095617,255
FMASC,stemness,MCM3,0.129055,0.099052,0.00096,0.001192,0.135368,256
FMASC,stemness,CXXC5,0.147271,0.10212,0.00099,0.001169,0.038471,257
FMASC,stemness,NRIP1,0.13858,0.102314,0.000992,0.001168,0.110298,258
FMASC,stemness,KCNN4,0.11491,0.08888,0.000861,0.001163,-0.021261,259
FMASC,stemness,ADD1,0.160154,0.113127,0.001096,0.001158,0.075002,260
FMASC,stemness,GCC2,0.166454,0.120509,0.001168,0.001152,0.085224,261
FMASC,stemness,MBOAT2,0.146653,0.11003,0.001066,0.001151,0.042648,262
FMASC,stemness,ERBB2,0.175844,0.144292,0.001398,0.001144,0.097244,263
FMASC,stemness,FKBP9,0.133555,0.101103,0.00098,0.001143,0.108247,264
FMASC,stemness,NMRAL1,0.228879,0.180613,0.00175,0.00114,0.015183,265
FMASC,stemness,CEP57,0.159254,0.112719,0.001092,0.001139,0.102847,266
FMASC,stemness,ACAT2,0.135154,0.09952,0.000965,0.001132,0.032893,267
FMASC,stemness,USP47,0.166212,0.123009,0.001192,0.001132,0.102783,268
FMASC,stemness,CENPN,0.108435,0.084215,0.000816,0.001114,0.103289,269
FMASC,stemness,NEK1,0.108677,0.071441,0.000692,0.001112,0.111915,270
FMASC,stemness,HAUS4,0.155868,0.107328,0.00104,0.001108,0.086949,271
FMASC,stemness,TEAD2,0.161,0.112398,0.001089,0.001107,0.072117,272
FMASC,stemness,DNAJC9,0.163821,0.122269,0.001185,0.001107,0.103014,273
FMASC,stemness,GNB4,0.13377,0.102242,0.000991,0.001102,0.081413,274
FMASC,stemness,CDK6,0.113835,0.085834,0.000832,0.001097,0.064242,275
FMASC,stemness,CCPG1,0.172472,0.130314,0.001263,0.001093,0.093059,276
FMASC,stemness,MKLN1,0.144719,0.105572,0.001023,0.00109,0.110798,277
FMASC,stemness,GMFB,0.160516,0.111994,0.001085,0.001087,0.027603,278
FMASC,stemness,CCNA2,0.067046,0.06308,0.000611,0.001085,0.171069,279
FMASC,stemness,FUNDC1,0.163875,0.11331,0.001098,0.001084,0.028531,280
FMASC,stemness,RERG,0.209992,0.215089,0.002085,0.001076,0.137002,281
FMASC,stemness,ASF1B,0.067879,0.052234,0.000506,0.001071,0.168238,282
FMASC,stemness,PPP1R1B,0.144557,0.14442,0.0014,0.001063,0.073665,283
FMASC,stemness,HMGCS1,0.132346,0.103988,0.001008,0.001061,0.123004,284
FMASC,stemness,GPM6B,0.092395,0.065951,0.000639,0.001055,0.096711,285
FMASC,stemness,PEG10,0.101087,0.103277,0.001001,0.001054,0.097004,286
FMASC,stemness,STK3,0.14899,0.110004,0.001066,0.001048,0.094886,287
FMASC,stemness,SEPHS1,0.133206,0.09137,0.000886,0.001045,0.064591,288
FMASC,stemness,MTF2,0.12747,0.082819,0.000803,0.001045,0.106858,289
FMASC,stemness,CUL5,0.163243,0.11704,0.001134,0.001043,0.095381,290
FMASC,stemness,CEP170,0.108596,0.073302,0.00071,0.001042,0.116059,291
FMASC,stemness,ARHGDIB,0.289424,0.29205,0.00283,0.001042,0.077805,292
FMASC,stemness,CEP70,0.132682,0.094543,0.000916,0.001039,0.107076,293
FMASC,stemness,KIF23,0.056689,0.047757,0.000463,0.001035,0.153334,294
FMASC,stemness,DCAF8,0.145014,0.099569,0.000965,0.001034,0.098104,295
FMASC,stemness,TCF7L2,0.134173,0.094858,0.000919,0.001033,0.109681,296
FMASC,stemness,TRIM2,0.112532,0.083466,0.000809,0.001032,0.111958,297
FMASC,stemness,WWP1,0.144544,0.103947,0.001007,0.001032,0.131295,298
FMASC,stemness,BARD1,0.087667,0.056334,0.000546,0.001029,0.139406,299
FMASC,stemness,MATN2,0.056515,0.042806,0.000415,0.001018,0.145622,300
FMASC,stemness,ANLN,0.057401,0.04403,0.000427,0.001014,0.17586,301
FMASC,stemness,CREM,0.165997,0.128892,0.001249,0.001008,0.087051,302
FMASC,stemness,DDX6,0.168012,0.128894,0.001249,0.001002,0.127028,303
FMASC,stemness,ECT2,0.098736,0.079348,0.000769,0.000999,0.169367,304
FMASC,stemness,CNP,0.142529,0.099058,0.00096,0.000997,0.03527,305
FMASC,stemness,NTRK2,0.094397,0.082637,0.000801,0.000996,0.071095,306
FMASC,stemness,TROAP,0.062775,0.051989,0.000504,0.000994,0.156952,307
FMASC,stemness,PBRM1,0.127792,0.086848,0.000842,0.00099,0.131138,308
FMASC,stemness,GLTP,0.172526,0.122382,0.001186,0.000988,0.050159,309
FMASC,stemness,RAD51AP1,0.073602,0.060001,0.000582,0.000985,0.117241,310
FMASC,stemness,TACC3,0.058301,0.045589,0.000442,0.000983,0.12275,311
FMASC,stemness,API5,0.177725,0.135521,0.001313,0.000981,0.068056,312
FMASC,stemness,RIF1,0.131836,0.092581,0.000897,0.00098,0.106719,313
FMASC,stemness,ATP6V1H,0.149353,0.105189,0.001019,0.00098,0.064545,314
FMASC,stemness,MCM5,0.091388,0.068316,0.000662,0.00097,0.073781,315
FMASC,stemness,RLF,0.128719,0.091415,0.000886,0.00097,0.117575,316
FMASC,stemness,VRK2,0.139197,0.098703,0.000957,0.000969,0.034638,317
FMASC,stemness,AURKA,0.055185,0.043317,0.00042,0.000961,0.160422,318
FMASC,stemness,RSPRY1,0.145014,0.096422,0.000934,0.000961,0.032389,319
FMASC,stemness,FOXM1,0.060773,0.044108,0.000427,0.000947,0.129104,320
FMASC,stemness,SETD2,0.121815,0.083051,0.000805,0.000946,0.126922,321
FMASC,stemness,SRD5A1,0.12078,0.083198,0.000806,0.000945,0.025389,322
FMASC,stemness,NAALADL2,0.124112,0.092488,0.000896,0.000942,0.114667,323
FMASC,stemness,TPP1,0.138889,0.098709,0.000957,0.000938,-0.01081,324
FMASC,stemness,RALGAPA1,0.132534,0.095958,0.00093,0.000933,0.125331,325
FMASC,stemness,QPCT,0.091307,0.087068,0.000844,0.000933,0.099944,326
FMASC,stemness,SERTAD4,0.121962,0.089432,0.000867,0.000932,0.11284,327
FMASC,stemness,SOSTDC1,0.080278,0.068634,0.000665,0.000928,0.036017,328
FMASC,stemness,CDC37L1,0.153101,0.105829,0.001026,0.000928,0.040684,329
FMASC,stemness,CASC4,0.161067,0.120776,0.001171,0.000928,0.126242,330
FMASC,stemness,AGR3,0.157024,0.219499,0.002127,0.000924,0.154964,331
FMASC,stemness,GLT8D1,0.142475,0.095646,0.000927,0.000923,0.091081,332
FMASC,stemness,CRYZ,0.145968,0.104589,0.001014,0.000922,0.037396,333
FMASC,stemness,PHKB,0.139654,0.098461,0.000954,0.000922,0.072019,334
FMASC,stemness,TCF12,0.137894,0.097568,0.000946,0.00092,0.127985,335
FMASC,stemness,MTIF2,0.116186,0.073225,0.00071,0.000919,0.06118,336
FMASC,stemness,TLE1,0.105869,0.065559,0.000635,0.000917,0.057982,337
FMASC,stemness,GAMT,0.147714,0.118522,0.001149,0.000917,0.125594,338
FMASC,stemness,ELF5,0.137559,0.143948,0.001395,0.000913,0.07325,339
FMASC,stemness,KIF1B,0.110114,0.070813,0.000686,0.000912,0.061333,340
FMASC,stemness,CKLF,0.128034,0.090291,0.000875,0.000903,0.065575,341
FMASC,stemness,SLC40A1,0.221262,0.270856,0.002625,0.0009,0.088866,342
FMASC,stemness,KIFAP3,0.131755,0.09044,0.000876,0.000899,0.016799,343
FMASC,stemness,ADAM17,0.109657,0.070462,0.000683,0.000897,0.088161,344
FMASC,stemness,PDCD4,0.269421,0.277062,0.002685,0.000897,0.107077,345
FMASC,stemness,ERLIN2,0.127457,0.088323,0.000856,0.000893,0.129581,346
FMASC,stemness,FAF2,0.119155,0.07522,0.000729,0.000893,0.057902,347
FMASC,stemness,SUCLG2,0.165326,0.119502,0.001158,0.000891,0.074039,348
FMASC,stemness,MAML2,0.125657,0.099777,0.000967,0.00089,0.127684,349
FMASC,stemness,DOCK7,0.110436,0.075741,0.000734,0.000886,0.090553,350
FMASC,stemness,ARHGEF9,0.109308,0.075537,0.000732,0.000885,0.100843,351
FMASC,stemness,TOPBP1,0.103129,0.065531,0.000635,0.000883,0.088584,352
FMASC,stemness,MBP,0.109523,0.076127,0.000738,0.000882,0.028426,353
FMASC,stemness,REV3L,0.098011,0.063196,0.000612,0.000878,0.137138,354
FMASC,stemness,PSRC1,0.056219,0.039223,0.00038,0.000878,0.152275,355
FMASC,stemness,CPSF7,0.119316,0.076842,0.000745,0.000876,0.107742,356
FMASC,stemness,LRRC26,0.155412,0.163866,0.001588,0.000873,0.062524,357
FMASC,stemness,PROM2,0.123561,0.085244,0.000826,0.00087,0.012177,358
FMASC,stemness,PCCB,0.120176,0.080413,0.000779,0.000869,0.029883,359
FMASC,stemness,SUPT7L,0.129378,0.083403,0.000808,0.000868,0.050758,360
FMASC,stemness,HEY1,0.049032,0.038748,0.000376,0.000868,0.141521,361
FMASC,stemness,ARHGAP18,0.105251,0.071761,0.000695,0.000867,0.084274,362
FMASC,stemness,NDC80,0.04605,0.035325,0.000342,0.000866,0.158769,363
FMASC,stemness,ZBTB10,0.109214,0.073836,0.000716,0.000866,0.149914,364
FMASC,stemness,NUMB,0.143939,0.102867,0.000997,0.000866,0.067054,365
FMASC,stemness,MAST4,0.114937,0.084316,0.000817,0.000862,0.106523,366
FMASC,stemness,FOXA1,0.114144,0.096281,0.000933,0.000859,0.101518,367
FMASC,stemness,GCNT1,0.096439,0.075887,0.000735,0.000859,0.054344,368
FMASC,stemness,PDE4B,0.098669,0.080488,0.00078,0.000854,0.06934,369
FMASC,stemness,TRIP13,0.063043,0.046339,0.000449,0.000852,0.146566,370
FMASC,stemness,NCAPD2,0.065179,0.043298,0.00042,0.000851,0.116783,371
FMASC,stemness,PPHLN1,0.132843,0.091463,0.000886,0.000849,0.071583,372
FMASC,stemness,BCL2L13,0.149044,0.103595,0.001004,0.000848,0.040403,373
FMASC,stemness,SLC35A2,0.126503,0.085882,0.000832,0.000844,-0.012455,374
FMASC,stemness,BMI1,0.116361,0.079303,0.000769,0.000839,0.097239,375
FMASC,stemness,CDCA2,0.048925,0.033931,0.000329,0.000835,0.164262,376
FMASC,stemness,CDCA7L,0.094692,0.068072,0.00066,0.000835,0.099143,377
FMASC,stemness,CADPS2,0.117583,0.085992,0.000833,0.00083,0.088408,378
FMASC,stemness,VPS13A,0.105694,0.070998,0.000688,0.000829,0.140287,379
FMASC,stemness,SKP2,0.083838,0.0593,0.000575,0.000827,0.140166,380
FMASC,stemness,EXOC5,0.127349,0.089155,0.000864,0.000826,0.09111,381
FMASC,stemness,MCCC2,0.153383,0.113615,0.001101,0.000822,0.094121,382
FMASC,stemness,HOOK1,0.126892,0.08921,0.000865,0.00082,0.09422,383
FMASC,stemness,DUSP5,0.099945,0.077002,0.000746,0.00082,0.091311,384
FMASC,stemness,NEBL,0.1279,0.094873,0.000919,0.00082,0.122621,385
FMASC,stemness,SESN3,0.098521,0.074525,0.000722,0.000818,0.126559,386
FMASC,stemness,GTSE1,0.041791,0.029985,0.000291,0.000818,0.17065,387
FMASC,stemness,TRIM33,0.101167,0.062357,0.000604,0.000816,0.102017,388
FMASC,stemness,ZHX1,0.131661,0.091766,0.000889,0.000812,0.083221,389
FMASC,stemness,GNPAT,0.144047,0.099496,0.000964,0.000812,0.0535,390
FMASC,stemness,BEX2,0.194275,0.174135,0.001688,0.000809,-0.042467,391
FMASC,stemness,KIF20B,0.063648,0.045548,0.000441,0.000807,0.158277,392
FMASC,stemness,GALNT6,0.146438,0.128182,0.001242,0.000803,0.102513,393
FMASC,stemness,NCAPG,0.044115,0.033377,0.000323,0.000801,0.144087,394
FMASC,stemness,CASP8AP2,0.097634,0.061691,0.000598,0.000801,0.1036,395
FMASC,stemness,ASNSD1,0.14934,0.102097,0.000989,0.000801,0.043564,396
FMASC,stemness,NDUFS1,0.11534,0.075872,0.000735,0.000796,0.078852,397
FMASC,stemness,DLGAP5,0.044841,0.035909,0.000348,0.000795,0.157634,398
FMASC,stemness,CHKA,0.115635,0.081002,0.000785,0.00079,0.115995,399
FMASC,stemness,RBM26,0.103706,0.065336,0.000633,0.00079,0.106457,400
FMASC,stemness,NCAPH2,0.079674,0.049913,0.000484,0.000787,0.069645,401
FMASC,stemness,FRMD3,0.062681,0.041843,0.000406,0.000786,0.058144,402
FMASC,stemness,SERTAD2,0.104808,0.066386,0.000643,0.000784,0.094193,403
FMASC,stemness,R3HDM1,0.100052,0.065204,0.000632,0.000784,0.069613,404
FMASC,stemness,PHF6,0.124165,0.086183,0.000835,0.00078,0.064848,405
FMASC,stemness,MCM4,0.095069,0.066009,0.00064,0.000773,0.102584,406
FMASC,stemness,HJURP,0.037641,0.026839,0.00026,0.000769,0.169638,407
FMASC,stemness,MPPE1,0.113217,0.071401,0.000692,0.000769,0.075775,408
FMASC,stemness,TULP4,0.107736,0.072987,0.000707,0.000768,0.105797,409
FMASC,stemness,LMNB2,0.078841,0.047944,0.000465,0.000767,0.103405,410
FMASC,stemness,FRMD4A,0.09167,0.060986,0.000591,0.000766,0.103198,411
FMASC,stemness,TTC14,0.113674,0.078399,0.00076,0.000763,0.101235,412
FMASC,stemness,ESPN,0.105963,0.075346,0.00073,0.000762,-0.039711,413
FMASC,stemness,RHPN2,0.116737,0.084139,0.000815,0.000761,0.112331,414
FMASC,stemness,RAP2B,0.117449,0.089251,0.000865,0.000757,0.073008,415
FMASC,stemness,TMEM64,0.074851,0.049404,0.000479,0.000756,0.092185,416
FMASC,stemness,CDCA5,0.052108,0.038003,0.000368,0.000754,0.155208,417
FMASC,stemness,G2E3,0.079835,0.05087,0.000493,0.000753,0.121542,418
FMASC,stemness,NRN1,0.080399,0.086653,0.00084,0.000752,0.09798,419
FMASC,stemness,CASK,0.101342,0.06269,0.000608,0.000751,0.068846,420
FMASC,stemness,MEGF9,0.093094,0.063665,0.000617,0.00075,0.163825,421
FMASC,stemness,FAM111A,0.105668,0.073018,0.000708,0.000748,0.115594,422
FMASC,stemness,YLPM1,0.103169,0.065786,0.000638,0.000746,0.079219,423
FMASC,stemness,NAAA,0.094719,0.060607,0.000587,0.000736,0.096534,424
FMASC,stemness,RECQL,0.107548,0.072152,0.000699,0.000736,0.061088,425
FMASC,stemness,GPATCH8,0.102014,0.066959,0.000649,0.000735,0.108688,426
FMASC,stemness,DMD,0.075106,0.050047,0.000485,0.000734,0.092316,427
FMASC,stemness,RAPH1,0.117529,0.084705,0.000821,0.000733,0.117887,428
FMASC,stemness,LPCAT1,0.075711,0.045311,0.000439,0.000732,0.096385,429
FMASC,stemness,RACGAP1,0.058933,0.042612,0.000413,0.000727,0.161541,430
FMASC,stemness,SNRPN,0.126892,0.093602,0.000907,0.000726,0.095434,431
FMASC,stemness,NCOA6,0.091468,0.05398,0.000523,0.000725,0.080694,432
FMASC,stemness,CBX6,0.089104,0.052045,0.000504,0.000724,0.113766,433
FMASC,stemness,ATP9A,0.091052,0.055809,0.000541,0.000723,0.075542,434
FMASC,stemness,MYO9A,0.095875,0.062852,0.000609,0.000723,0.135409,435
FMASC,stemness,RPS6KA5,0.093806,0.06322,0.000613,0.000722,0.127465,436
FMASC,stemness,PRKAR2B,0.081568,0.050033,0.000485,0.000722,0.094358,437
FMASC,stemness,PMS1,0.113043,0.075788,0.000735,0.000722,0.087753,438
FMASC,stemness,DYRK1A,0.090098,0.056992,0.000552,0.000722,0.131658,439
FMASC,stemness,CLEC11A,0.148332,0.125035,0.001212,0.000719,0.077412,440
FMASC,stemness,B3GNT5,0.079271,0.057529,0.000558,0.000718,0.084251,441
FMASC,stemness,GRTP1,0.112841,0.073509,0.000712,0.000714,0.049747,442
FMASC,stemness,NNT,0.067355,0.043703,0.000424,0.000713,0.148081,443
FMASC,stemness,DSN1,0.074435,0.0466,0.000452,0.000708,0.108027,444
FMASC,stemness,PAQR4,0.075321,0.046549,0.000451,0.000708,0.046007,445
FMASC,stemness,RPA1,0.132629,0.09542,0.000925,0.000707,0.099766,446
FMASC,stemness,TAF2,0.10822,0.071173,0.00069,0.000706,0.071219,447
FMASC,stemness,ZMYM5,0.111766,0.073715,0.000714,0.000703,0.081067,448
FMASC,stemness,FSTL1,0.110302,0.100823,0.000977,0.000698,0.081219,449
FMASC,stemness,GLB1,0.107871,0.072573,0.000703,0.000697,0.009065,450
FMASC,stemness,FAM13B,0.098091,0.067291,0.000652,0.000695,0.148324,451
FMASC,stemness,ISOC1,0.16014,0.124403,0.001206,0.000694,0.105997,452
FMASC,stemness,PREX1,0.074112,0.059882,0.00058,0.000694,0.14879,453
FMASC,stemness,CLSPN,0.042812,0.028763,0.000279,0.000694,0.132693,454
FMASC,stemness,BCL11A,0.073965,0.047066,0.000456,0.000692,0.095801,455
FMASC,stemness,HAUS1,0.096264,0.062992,0.00061,0.000692,0.070055,456
FMASC,stemness,ANK3,0.098749,0.068503,0.000664,0.000691,0.087324,457
FMASC,stemness,LMO7,0.067409,0.046884,0.000454,0.000691,0.145378,458
FMASC,stemness,LCOR,0.100952,0.068828,0.000667,0.00069,0.109319,459
FMASC,stemness,GPR180,0.091025,0.060141,0.000583,0.000687,0.058888,460
FMASC,stemness,VLDLR,0.067369,0.040721,0.000395,0.000686,0.025859,461
FMASC,stemness,CDT1,0.054809,0.036544,0.000354,0.000684,0.111482,462
FMASC,stemness,MEIS2,0.059483,0.036796,0.000357,0.00068,0.094543,463
FMASC,stemness,NAA35,0.095203,0.058673,0.000569,0.000679,0.06589,464
FMASC,stemness,GALNT7,0.106299,0.077059,0.000747,0.000679,0.084438,465
FMASC,stemness,RCOR1,0.086941,0.052742,0.000511,0.000676,0.080924,466
FMASC,stemness,KIF2C,0.040838,0.032305,0.000313,0.000674,0.149275,467
FMASC,stemness,MPP5,0.097339,0.061526,0.000596,0.000673,0.087411,468
FMASC,stemness,LYST,0.100818,0.069138,0.00067,0.000673,0.081145,469
FMASC,stemness,FMR1,0.092234,0.059564,0.000577,0.000671,0.066016,470
FMASC,stemness,CRYL1,0.127954,0.086891,0.000842,0.000667,0.034856,471
FMASC,stemness,NUP37,0.100509,0.06977,0.000676,0.000666,0.039603,472
FMASC,stemness,FBXO3,0.112787,0.076127,0.000738,0.000665,0.068382,473
FMASC,stemness,PTEN,0.097164,0.067814,0.000657,0.000664,0.080348,474
FMASC,stemness,PPIP5K2,0.11988,0.082472,0.000799,0.000663,0.113392,475
FMASC,stemness,ENDOD1,0.097608,0.063956,0.00062,0.000658,0.046901,476
FMASC,stemness,SLC39A9,0.101947,0.06349,0.000615,0.000658,0.068241,477
FMASC,stemness,SASS6,0.067866,0.041699,0.000404,0.000658,0.11471,478
FMASC,stemness,FKBP14,0.085182,0.054441,0.000528,0.000657,0.074253,479
FMASC,stemness,UMPS,0.093107,0.059644,0.000578,0.000657,0.039081,480
FMASC,stemness,TTC39A,0.142435,0.11513,0.001116,0.000656,0.078687,481
FMASC,stemness,RBM6,0.107683,0.073495,0.000712,0.000656,0.10748,482
FMASC,stemness,WWC2,0.081675,0.05256,0.000509,0.000656,0.080554,483
FMASC,stemness,GTF3C2,0.10016,0.063454,0.000615,0.000655,0.054973,484
FMASC,stemness,SCARA3,0.059456,0.035125,0.00034,0.000655,0.112705,485
FMASC,stemness,ACAT1,0.14496,0.107543,0.001042,0.000654,0.037907,486
FMASC,stemness,CENPT,0.101557,0.068111,0.00066,0.000654,0.089048,487
FMASC,stemness,HTT,0.093712,0.060339,0.000585,0.000653,0.074956,488
FMASC,stemness,ZDHHC21,0.087143,0.055121,0.000534,0.000652,0.067443,489
FMASC,stemness,APBB2,0.098266,0.067856,0.000658,0.000652,0.124499,490
FMASC,stemness,PIK3C2A,0.110759,0.076626,0.000743,0.000652,0.118196,491
FMASC,stemness,MYH10,0.092154,0.063159,0.000612,0.00065,0.15999,492
FMASC,stemness,GOLPH3L,0.126086,0.086964,0.000843,0.000649,0.047202,493
FMASC,stemness,CYP20A1,0.09746,0.065012,0.00063,0.000649,0.063111,494
FMASC,stemness,CDC42BPA,0.083395,0.053282,0.000516,0.000648,0.097781,495
FMASC,stemness,CAMK2D,0.088056,0.061374,0.000595,0.000648,0.048472,496
FMASC,stemness,ALG6,0.081729,0.050881,0.000493,0.000646,0.071015,497
FMASC,stemness,RAD50,0.115702,0.079382,0.000769,0.000646,0.05546,498
FMASC,stemness,NEK2,0.040918,0.032859,0.000318,0.000646,0.146291,499
FMASC,stemness,APH1B,0.104311,0.072009,0.000698,0.000645,-0.039035,500
FMASC,stemness,STAG1,0.092691,0.060778,0.000589,0.000645,0.100424,501
FMASC,stemness,KDM3A,0.09034,0.060111,0.000583,0.000644,0.098873,502
FMASC,stemness,LTBP1,0.064037,0.040718,0.000395,0.000643,0.099661,503
FMASC,stemness,GNA13,0.087788,0.05932,0.000575,0.000642,0.096256,504
FMASC,stemness,MELK,0.04695,0.033909,0.000329,0.00064,0.154478,505
FMASC,stemness,ATP11B,0.082683,0.052769,0.000511,0.00064,0.094153,506
FMASC,stemness,INTS8,0.087573,0.05788,0.000561,0.000638,0.090417,507
FMASC,stemness,DUSP22,0.119088,0.082177,0.000796,0.000636,0.059558,508
FMASC,stemness,CLOCK,0.085034,0.053626,0.00052,0.000636,0.130833,509
FMASC,stemness,ETV5,0.05677,0.038795,0.000376,0.000634,0.110438,510
FMASC,stemness,IGF2BP2,0.079083,0.067577,0.000655,0.000632,-0.022204,511
FMASC,stemness,SNCA,0.051705,0.047877,0.000464,0.000632,0.140982,512
FMASC,stemness,GPCPD1,0.094209,0.067259,0.000652,0.000631,0.071043,513
FMASC,stemness,COBL,0.085558,0.056212,0.000545,0.000628,0.086223,514
FMASC,stemness,NUP107,0.084765,0.057562,0.000558,0.000628,0.115826,515
FMASC,stemness,NPR3,0.040717,0.032349,0.000314,0.000626,0.115941,516
FMASC,stemness,FOXN2,0.064924,0.041692,0.000404,0.000626,0.07348,517
FMASC,stemness,RBM4B,0.093349,0.058849,0.00057,0.000625,0.096919,518
FMASC,stemness,WDR60,0.095485,0.059226,0.000574,0.000625,0.094949,519
FMASC,stemness,CSPP1,0.080601,0.049154,0.000476,0.000625,0.126258,520
FMASC,stemness,NFATC3,0.087949,0.054186,0.000525,0.000624,0.091,521
FMASC,stemness,JARID2,0.075483,0.046475,0.00045,0.000623,0.108673,522
FMASC,stemness,UNG,0.122513,0.090248,0.000875,0.000621,0.065507,523
FMASC,stemness,PRICKLE1,0.065394,0.045381,0.00044,0.00062,0.096323,524
FMASC,stemness,PDCL,0.112922,0.077506,0.000751,0.00062,0.067788,525
FMASC,stemness,IGSF3,0.077726,0.045214,0.000438,0.000618,0.093786,526
FMASC,stemness,HERC1,0.085759,0.057893,0.000561,0.000618,0.096935,527
FMASC,stemness,SLC22A17,0.084201,0.054726,0.00053,0.000618,0.124497,528
FMASC,stemness,SEMA4A,0.083193,0.053458,0.000518,0.000617,0.091137,529
FMASC,stemness,COL27A1,0.062197,0.035668,0.000346,0.000616,0.122686,530
FMASC,stemness,COMMD10,0.123615,0.085156,0.000825,0.000616,0.046974,531
FMASC,stemness,HELLS,0.055668,0.036818,0.000357,0.000615,0.118452,532
FMASC,stemness,OCLN,0.104942,0.073331,0.000711,0.000614,0.068315,533
FMASC,stemness,RGS9,0.063554,0.04265,0.000413,0.000614,0.106731,534
FMASC,stemness,PRKX,0.074851,0.047987,0.000465,0.000613,0.100727,535
FMASC,stemness,ACSL1,0.089427,0.06328,0.000613,0.000613,0.029346,536
FMASC,stemness,NDST1,0.098091,0.063086,0.000611,0.000611,0.076913,537
FMASC,stemness,SCLT1,0.067731,0.043864,0.000425,0.000611,0.107228,538
FMASC,stemness,METRN,0.076101,0.05299,0.000514,0.000608,0.038287,539
FMASC,stemness,RRM2,0.034618,0.02395,0.000232,0.000608,0.148207,540
FMASC,stemness,DOCK1,0.085719,0.053405,0.000518,0.000607,0.111668,541
FMASC,stemness,H2AFY2,0.117879,0.087276,0.000846,0.000607,0.053327,542
FMASC,stemness,PMS2,0.113768,0.076625,0.000743,0.000603,0.063282,543
FMASC,stemness,HMMR,0.040515,0.032021,0.00031,0.000602,0.136047,544
FMASC,stemness,KIT,0.060289,0.049633,0.000481,0.000602,0.096494,545
FMASC,stemness,TMC5,0.110248,0.099076,0.00096,0.000602,0.081763,546
FMASC,stemness,NCALD,0.078975,0.063028,0.000611,0.000601,0.054938,547
FMASC,stemness,PDS5B,0.08228,0.054926,0.000532,0.000601,0.124923,548
FMASC,stemness,TEX9,0.092033,0.066208,0.000642,0.0006,-0.009114,549
FMASC,stemness,PRKACA,0.086901,0.051242,0.000497,0.000599,0.06911,550
FMASC,stemness,SMYD3,0.105735,0.072709,0.000705,0.000598,0.069835,551
FMASC,stemness,TNKS,0.083489,0.051891,0.000503,0.000598,0.113031,552
FMASC,stemness,HAUS6,0.076101,0.048665,0.000472,0.000598,0.083556,553
FMASC,stemness,EFHC1,0.102108,0.073183,0.000709,0.000593,0.120554,554
FMASC,stemness,SPC25,0.0349,0.024798,0.00024,0.000592,0.160203,555
FMASC,stemness,SMARCA1,0.099878,0.071821,0.000696,0.000591,0.137283,556
FMASC,stemness,GOLIM4,0.072971,0.049126,0.000476,0.000591,0.059737,557
FMASC,stemness,ENTPD2,0.077054,0.050738,0.000492,0.00059,0.023502,558
FMASC,stemness,FAM122B,0.072796,0.043721,0.000424,0.000589,0.083235,559
FMASC,stemness,MAGI3,0.074851,0.047481,0.00046,0.000589,0.118441,560
FMASC,stemness,FAR1,0.099623,0.071564,0.000694,0.000589,0.081645,561
FMASC,stemness,TBC1D23,0.099717,0.064655,0.000627,0.000588,0.041895,562
FMASC,stemness,PPP1R9A,0.076033,0.048871,0.000474,0.000587,0.108993,563
FMASC,stemness,RECK,0.048199,0.030246,0.000293,0.000587,0.117769,564
FMASC,stemness,GFRA1,0.063554,0.060081,0.000582,0.000586,0.111368,565
FMASC,stemness,TSPYL5,0.083986,0.054221,0.000525,0.000586,0.065954,566
FMASC,stemness,SLC38A3,0.03983,0.030764,0.000298,0.000582,-0.029949,567
FMASC,stemness,STAU2,0.087868,0.056393,0.000547,0.000582,0.088687,568
FMASC,stemness,RANBP17,0.057012,0.038451,0.000373,0.000578,0.095821,569
FMASC,stemness,FAAH,0.083328,0.053061,0.000514,0.000577,0.066782,570
FMASC,stemness,APOOL,0.094397,0.060024,0.000582,0.000574,0.033296,571
FMASC,stemness,AURKB,0.039911,0.031225,0.000303,0.000573,0.1502,572
FMASC,stemness,TBC1D8,0.086229,0.057714,0.000559,0.000572,0.107427,573
FMASC,stemness,CDKN1C,0.081192,0.058117,0.000563,0.000572,0.101146,574
FMASC,stemness,MCCC1,0.095566,0.063992,0.00062,0.000571,0.061722,575
FMASC,stemness,NAB1,0.069988,0.040907,0.000396,0.00057,0.090313,576
FMASC,stemness,ANAPC1,0.086417,0.053298,0.000517,0.000566,0.047907,577
FMASC,stemness,IKBIP,0.070579,0.044619,0.000432,0.000562,0.077823,578
FMASC,stemness,SUSD4,0.079042,0.050332,0.000488,0.000559,0.050228,579
FMASC,stemness,FAM171A1,0.058368,0.036559,0.000354,0.000559,0.109509,580
FMASC,stemness,TBC1D4,0.08181,0.051757,0.000502,0.000556,0.091749,581
FMASC,stemness,PRC1,0.040099,0.02715,0.000263,0.000555,0.148994,582
FMASC,stemness,TCF19,0.047138,0.030557,0.000296,0.000554,0.111328,583
FMASC,stemness,CLDN23,0.060558,0.036088,0.00035,0.000553,0.044392,584
FMASC,stemness,APPBP2,0.093457,0.06358,0.000616,0.000553,0.095383,585
FMASC,stemness,TANC2,0.063487,0.039194,0.00038,0.000552,0.125758,586
FMASC,stemness,BPGM,0.115689,0.083109,0.000805,0.000551,0.014024,587
FMASC,stemness,CEP55,0.036029,0.024331,0.000236,0.00055,0.141006,588
FMASC,stemness,KIF20A,0.030776,0.024365,0.000236,0.000547,0.13804,589
FMASC,stemness,DNMT3A,0.076786,0.048346,0.000469,0.000546,0.082729,590
FMASC,stemness,CWC22,0.093255,0.060416,0.000586,0.000545,0.059772,591
FMASC,stemness,ARRDC3,0.082468,0.057807,0.00056,0.000544,0.076526,592
FMASC,stemness,CASP3,0.09527,0.064857,0.000629,0.000542,0.043702,593
FMASC,stemness,OCEL1,0.113513,0.076119,0.000738,0.00054,0.044184,594
FMASC,stemness,DCK,0.096949,0.070497,0.000683,0.000538,0.095966,595
FMASC,stemness,DSE,0.067154,0.044149,0.000428,0.000538,-0.010874,596
FMASC,stemness,CDK2,0.078236,0.053147,0.000515,0.000538,0.129249,597
FMASC,stemness,SHCBP1,0.039159,0.026001,0.000252,0.000538,0.133569,598
FMASC,stemness,DUSP6,0.063433,0.042788,0.000415,0.000537,0.072626,599
FMASC,stemness,SATB1,0.066872,0.04265,0.000413,0.000537,0.091888,600
FMASC,stemness,AGPS,0.076584,0.050374,0.000488,0.000537,0.035688,601
FMASC,stemness,DDAH1,0.079526,0.05235,0.000507,0.000536,0.106821,602
FMASC,stemness,BICD1,0.059121,0.037302,0.000362,0.000535,0.080243,603
FMASC,stemness,RASSF4,0.088768,0.066261,0.000642,0.000535,-0.01529,604
FMASC,stemness,MCM6,0.052122,0.035096,0.00034,0.000534,0.070609,605
FMASC,stemness,TRPM7,0.085222,0.059558,0.000577,0.00053,0.107897,606
FMASC,stemness,CLN6,0.063876,0.03794,0.000368,0.00053,0.053151,607
FMASC,stemness,NOV,0.045795,0.035588,0.000345,0.000529,0.078769,608
FMASC,stemness,NETO2,0.051423,0.030341,0.000294,0.000527,0.053939,609
FMASC,stemness,PPAT,0.071788,0.045315,0.000439,0.000525,0.062753,610
FMASC,stemness,LYN,0.077229,0.054051,0.000524,0.000524,-0.024255,611
FMASC,stemness,CENPK,0.046762,0.030855,0.000299,0.000524,0.142298,612
FMASC,stemness,RNF20,0.079687,0.049521,0.00048,0.000524,0.037874,613
FMASC,stemness,OGFOD1,0.084671,0.053623,0.00052,0.000523,0.011863,614
FMASC,stemness,DLEU2,0.049529,0.030764,0.000298,0.000523,0.1093,615
FMASC,stemness,ZDHHC2,0.053519,0.030542,0.000296,0.000523,0.119841,616
FMASC,stemness,GBF1,0.078948,0.04922,0.000477,0.000523,0.065425,617
FMASC,stemness,NECAB3,0.090112,0.056424,0.000547,0.000523,0.076751,618
FMASC,stemness,HERC4,0.109107,0.075413,0.000731,0.000521,0.043771,619
FMASC,stemness,LAMA4,0.053035,0.045827,0.000444,0.00052,0.131769,620
FMASC,stemness,COL14A1,0.044156,0.03924,0.00038,0.000519,0.150933,621
FMASC,stemness,CELSR1,0.066308,0.041927,0.000406,0.000519,0.114746,622
FMASC,stemness,UBE2W,0.075523,0.046972,0.000455,0.000518,0.09093,623
FMASC,stemness,CMYA5,0.071694,0.050366,0.000488,0.000518,0.089744,624
FMASC,stemness,RFC5,0.063903,0.040482,0.000392,0.000517,0.074167,625
FMASC,stemness,CTDSPL2,0.076638,0.05017,0.000486,0.000517,0.110405,626
FMASC,stemness,SLC44A3,0.086928,0.057743,0.00056,0.000517,0.050942,627
FMASC,stemness,HAUS2,0.073051,0.045518,0.000441,0.000516,0.051949,628
FMASC,stemness,WWC1,0.075456,0.046527,0.000451,0.000516,0.061209,629
FMASC,stemness,MYB,0.077739,0.064637,0.000626,0.000515,0.152607,630
FMASC,stemness,NME7,0.099649,0.06472,0.000627,0.000515,0.005973,631
FMASC,stemness,MAP3K4,0.0716,0.04367,0.000423,0.000513,0.092073,632
FMASC,stemness,GSTM4,0.099569,0.069664,0.000675,0.000505,0.080094,633
FMASC,stemness,EFTUD2,0.084617,0.056792,0.00055,0.000505,0.052622,634
FMASC,stemness,ENPP5,0.095404,0.067321,0.000652,0.000505,0.060553,635
FMASC,stemness,TMEM108,0.044908,0.02718,0.000263,0.000505,0.107835,636
FMASC,stemness,NCAPD3,0.067221,0.042478,0.000412,0.000505,0.107225,637
FMASC,stemness,TMPRSS2,0.076423,0.053343,0.000517,0.000504,0.057874,638
FMASC,stemness,SYNRG,0.078519,0.048735,0.000472,0.000504,0.091911,639
FMASC,stemness,MARVELD2,0.080628,0.047373,0.000459,0.000501,0.052703,640
FMASC,stemness,TMX3,0.078116,0.050212,0.000487,0.000501,0.072552,641
FMASC,stemness,BRCA2,0.041375,0.026684,0.000259,0.0005,0.133827,642
FMASC,stemness,RFC3,0.05595,0.037306,0.000362,0.0005,0.100976,643
FMASC,stemness,CCDC43,0.098776,0.062916,0.00061,0.000498,0.041634,644
FMASC,stemness,CEPT1,0.070257,0.045513,0.000441,0.000497,0.042634,645
FMASC,stemness,PTPN13,0.069558,0.044712,0.000433,0.000496,0.141806,646
FMASC,stemness,OPHN1,0.066885,0.043229,0.000419,0.000493,0.089272,647
FMASC,stemness,CENPL,0.040556,0.024748,0.00024,0.000492,0.133278,648
FMASC,stemness,B3GALNT1,0.084698,0.057421,0.000556,0.000492,0.068659,649
FMASC,stemness,AAAS,0.081635,0.0551,0.000534,0.000492,0.066753,650
FMASC,stemness,PSD3,0.060961,0.037864,0.000367,0.000492,0.114969,651
FMASC,stemness,CKAP2L,0.028654,0.018318,0.000178,0.000491,0.14282,652
FMASC,stemness,SLC31A2,0.076866,0.050625,0.000491,0.000491,0.023449,653
FMASC,stemness,SOX6,0.044599,0.028873,0.00028,0.000489,0.106027,654
FMASC,stemness,NFE2L3,0.055829,0.033307,0.000323,0.000489,0.015796,655
FMASC,stemness,FANCI,0.043135,0.027781,0.000269,0.000489,0.11055,656
FMASC,stemness,CENPH,0.064924,0.043234,0.000419,0.000487,0.091831,657
FMASC,stemness,RNF26,0.058073,0.032859,0.000318,0.000485,0.071763,658
FMASC,stemness,UBXN2B,0.086068,0.05358,0.000519,0.000485,0.06745,659
FMASC,stemness,CHST9,0.043739,0.029746,0.000288,0.000485,0.114393,660
FMASC,stemness,CNTLN,0.045472,0.02609,0.000253,0.000484,0.102533,661
FMASC,stemness,EPHX2,0.082992,0.054126,0.000525,0.000483,0.05951,662
FMASC,stemness,MCM2,0.051934,0.033413,0.000324,0.000483,0.076883,663
FMASC,stemness,ARMCX1,0.103464,0.074488,0.000722,0.000482,0.086744,664
FMASC,stemness,ITSN1,0.062654,0.038129,0.00037,0.00048,0.109462,665
FMASC,stemness,CELF2,0.058355,0.042527,0.000412,0.00048,0.010567,666
FMASC,stemness,SEC23A,0.083167,0.057203,0.000554,0.000474,0.07833,667
FMASC,stemness,HUS1,0.091804,0.05893,0.000571,0.000473,-0.015603,668
FMASC,stemness,PBX3,0.064709,0.040489,0.000392,0.000473,0.084749,669
FMASC,stemness,LPL,0.037318,0.027556,0.000267,0.000472,0.128606,670
FMASC,stemness,CORO2A,0.068967,0.042411,0.000411,0.000472,0.021756,671
FMASC,stemness,SPIRE1,0.058382,0.032834,0.000318,0.000469,0.086496,672
FMASC,stemness,UHRF1,0.046816,0.037365,0.000362,0.000468,0.109164,673
FMASC,stemness,SUV39H2,0.056904,0.038242,0.000371,0.000467,0.114155,674
FMASC,stemness,RNF170,0.080386,0.048521,0.00047,0.000467,0.061214,675
FMASC,stemness,SCRN1,0.064642,0.040714,0.000395,0.000466,0.085137,676
FMASC,stemness,SPATA13,0.079351,0.052565,0.000509,0.000466,0.08772,677
FMASC,stemness,VPS41,0.090877,0.061422,0.000595,0.000462,0.040174,678
FMASC,stemness,RNF214,0.081098,0.050599,0.00049,0.000461,0.054005,679
FMASC,stemness,CSNK1G3,0.086565,0.057488,0.000557,0.00046,0.066949,680
FMASC,stemness,PPARA,0.052498,0.029412,0.000285,0.00046,0.08277,681
FMASC,stemness,PPP1R3B,0.06702,0.041571,0.000403,0.00046,0.09392,682
FMASC,stemness,PPM1D,0.075832,0.051374,0.000498,0.000457,0.104666,683
FMASC,stemness,GRB10,0.068511,0.04093,0.000397,0.000457,0.072511,684
FMASC,stemness,CPEB2,0.074569,0.051065,0.000495,0.000456,0.097133,685
FMASC,stemness,CHAF1B,0.04922,0.031509,0.000305,0.000454,0.110741,686
FMASC,stemness,ERLIN1,0.074032,0.048599,0.000471,0.000453,0.06385,687
FMASC,stemness,CREB5,0.046668,0.036069,0.00035,0.000452,0.072119,688
FMASC,stemness,RAD18,0.062237,0.038722,0.000375,0.000452,0.085568,689
FMASC,stemness,BCKDHB,0.089198,0.05964,0.000578,0.000452,0.085524,690
FMASC,stemness,MYEF2,0.062063,0.037876,0.000367,0.000451,0.109512,691
FMASC,stemness,LIG1,0.059537,0.038788,0.000376,0.000451,0.109041,692
FMASC,stemness,PCMTD2,0.086995,0.059603,0.000578,0.000449,0.104431,693
FMASC,stemness,USP40,0.069397,0.04155,0.000403,0.000449,0.058689,694
FMASC,stemness,PCNT,0.054043,0.032066,0.000311,0.000449,0.119944,695
FMASC,stemness,FAM172A,0.087143,0.057593,0.000558,0.000447,0.084096,696
FMASC,stemness,IQGAP2,0.070163,0.049099,0.000476,0.000446,0.115547,697
FMASC,stemness,FBXO5,0.041268,0.026418,0.000256,0.000446,0.108456,698
FMASC,stemness,PHACTR2,0.069249,0.048836,0.000473,0.000446,0.063381,699
FMASC,stemness,ATL1,0.070673,0.04679,0.000453,0.000445,0.027959,700
FMASC,stemness,BACH1,0.08095,0.057259,0.000555,0.000445,0.080566,701
FMASC,stemness,LMBRD2,0.06483,0.041718,0.000404,0.000444,0.099455,702
FMASC,stemness,PPP1R14C,0.051208,0.030838,0.000299,0.000442,-0.002013,703
FMASC,stemness,HMBOX1,0.060383,0.035847,0.000347,0.00044,0.103118,704
FMASC,stemness,PTPRJ,0.043592,0.024728,0.00024,0.00044,0.102787,705
FMASC,stemness,NID1,0.026464,0.018704,0.000181,0.000439,0.158356,706
FMASC,stemness,NPNT,0.05407,0.035322,0.000342,0.000439,0.102133,707
FMASC,stemness,IRS1,0.069693,0.048626,0.000471,0.000438,0.08424,708
FMASC,stemness,CDH11,0.038353,0.025731,0.000249,0.000438,0.083614,709
FMASC,stemness,D2HGDH,0.067369,0.040943,0.000397,0.000435,0.0838,710
FMASC,stemness,IVD,0.103182,0.072642,0.000704,0.000434,0.043724,711
FMASC,stemness,PDZRN3,0.044586,0.025332,0.000246,0.000434,0.120914,712
FMASC,stemness,CLK4,0.082334,0.057436,0.000557,0.000433,0.093752,713
FMASC,stemness,IFT81,0.064118,0.039637,0.000384,0.000432,0.086741,714
FMASC,stemness,OIP5,0.036364,0.023198,0.000225,0.000429,0.134391,715
FMASC,stemness,PAG1,0.028989,0.017744,0.000172,0.000429,0.134427,716
FMASC,stemness,BCL2,0.072017,0.054191,0.000525,0.000428,0.13064,717
FMASC,stemness,DMTF1,0.068779,0.045428,0.00044,0.000428,0.087395,718
FMASC,stemness,SNX24,0.07645,0.050016,0.000485,0.000427,-0.01153,719
FMASC,stemness,SNX18,0.068806,0.04612,0.000447,0.000427,0.089135,720
FMASC,stemness,CNOT6,0.062076,0.036236,0.000351,0.000427,0.079061,721
FMASC,stemness,AMIGO2,0.066214,0.045149,0.000438,0.000425,0.066173,722
FMASC,stemness,NXT2,0.096063,0.065863,0.000638,0.000425,0.023557,723
FMASC,stemness,SHPRH,0.074596,0.050045,0.000485,0.000424,0.101294,724
FMASC,stemness,WDR48,0.076383,0.048479,0.00047,0.000421,0.066936,725
FMASC,stemness,ABL1,0.055238,0.02972,0.000288,0.000421,0.069486,726
FMASC,stemness,NAPEPLD,0.054714,0.033156,0.000321,0.000421,0.090885,727
FMASC,stemness,FBLN2,0.056071,0.049276,0.000478,0.00042,0.093943,728
FMASC,stemness,CTPS2,0.059564,0.036243,0.000351,0.000419,0.062051,729
FMASC,stemness,SORBS1,0.052874,0.033379,0.000323,0.000418,0.067283,730
FMASC,stemness,ANKMY2,0.061337,0.03799,0.000368,0.000417,0.067804,731
FMASC,stemness,PLEKHA8,0.052605,0.031522,0.000305,0.000417,0.094395,732
FMASC,stemness,PTPDC1,0.040381,0.020981,0.000203,0.000417,0.10659,733
FMASC,stemness,PLCB4,0.045956,0.025731,0.000249,0.000417,0.090888,734
FMASC,stemness,FAM20A,0.042235,0.02642,0.000256,0.000416,0.053482,735
FMASC,stemness,MCAM,0.048669,0.033442,0.000324,0.000415,0.049804,736
FMASC,stemness,MOAP1,0.07508,0.047226,0.000458,0.000414,0.084584,737
FMASC,stemness,RGMB,0.070526,0.044022,0.000427,0.000412,0.080482,738
FMASC,stemness,RAP2A,0.054929,0.032305,0.000313,0.000411,0.069928,739
FMASC,stemness,PEX3,0.08537,0.056817,0.000551,0.00041,0.023699,740
FMASC,stemness,UBTD2,0.060974,0.03524,0.000342,0.000408,0.074962,741
FMASC,stemness,CCDC18,0.036338,0.020473,0.000198,0.000408,0.103012,742
FMASC,stemness,DSCC1,0.05141,0.036598,0.000355,0.000407,0.090828,743
FMASC,stemness,SOX2,0.019398,0.011598,0.000112,0.000406,0.143788,744
FMASC,stemness,INPP4B,0.092073,0.079207,0.000768,0.000406,0.117949,745
FMASC,stemness,E2F1,0.0304,0.017581,0.00017,0.000406,0.111692,746
FMASC,stemness,MPP7,0.076692,0.05505,0.000534,0.000406,0.109229,747
FMASC,stemness,CDC6,0.036821,0.02523,0.000245,0.000403,0.10439,748
FMASC,stemness,MCM10,0.029675,0.020946,0.000203,0.0004,0.141019,749
FMASC,stemness,CXCR4,0.068752,0.06207,0.000602,0.000398,0.096163,750
FMASC,stemness,WDFY3,0.05638,0.033279,0.000323,0.000397,0.098058,751
FMASC,stemness,MASTL,0.039347,0.026094,0.000253,0.000397,0.123001,752
FMASC,stemness,NCAPH,0.027955,0.017601,0.000171,0.000397,0.119468,753
FMASC,stemness,CCNE2,0.032442,0.021163,0.000205,0.000395,0.111409,754
FMASC,stemness,CSNK1G1,0.061377,0.036384,0.000353,0.000395,0.043789,755
FMASC,stemness,NCAPG2,0.041026,0.027112,0.000263,0.000394,0.137698,756
FMASC,stemness,RAB3A,0.049784,0.029527,0.000286,0.000393,0.070221,757
FMASC,stemness,MPPED2,0.029822,0.01635,0.000158,0.000393,0.140886,758
FMASC,stemness,BUB1,0.028734,0.020325,0.000197,0.000392,0.134194,759
FMASC,stemness,TMLHE,0.067315,0.043771,0.000424,0.00039,0.028877,760
FMASC,stemness,TTK,0.031273,0.023851,0.000231,0.000389,0.134851,761
FMASC,stemness,APPL2,0.076624,0.052038,0.000504,0.000387,0.096605,762
FMASC,stemness,DEPDC1B,0.028264,0.019078,0.000185,0.000387,0.14662,763
FMASC,stemness,PDK2,0.082777,0.053725,0.000521,0.000387,0.054869,764
FMASC,stemness,TAF9B,0.093766,0.06636,0.000643,0.000386,0.072034,765
FMASC,stemness,NAV1,0.040287,0.022889,0.000222,0.000384,0.100961,766
FMASC,stemness,DPYSL4,0.035249,0.022131,0.000214,0.000384,0.101633,767
FMASC,stemness,VPS13B,0.057495,0.037151,0.00036,0.000383,0.104044,768
FMASC,stemness,NEIL3,0.023012,0.014773,0.000143,0.000383,0.125578,769
FMASC,stemness,PDE9A,0.045889,0.026845,0.00026,0.000382,0.088814,770
FMASC,stemness,CASD1,0.060048,0.037417,0.000363,0.000382,0.078016,771
FMASC,stemness,HOMER1,0.048629,0.027719,0.000269,0.00038,0.077378,772
FMASC,stemness,HAUS5,0.055279,0.036293,0.000352,0.00038,0.083408,773
FMASC,stemness,FAM198B,0.08052,0.063514,0.000616,0.000377,0.067293,774
FMASC,stemness,FANCA,0.041335,0.024663,0.000239,0.000376,0.065645,775
FMASC,stemness,CHAF1A,0.039562,0.022727,0.00022,0.000376,0.097293,776
FMASC,stemness,FKBP15,0.056085,0.033409,0.000324,0.000376,0.047288,777
FMASC,stemness,LOXL2,0.041657,0.031681,0.000307,0.000375,0.072143,778
FMASC,stemness,GEN1,0.033893,0.020796,0.000202,0.000374,0.106481,779
FMASC,stemness,TLN2,0.04836,0.029112,0.000282,0.000374,0.033787,780
FMASC,stemness,SMOC2,0.053962,0.039839,0.000386,0.000374,0.106516,781
FMASC,stemness,SCHIP1,0.025618,0.015345,0.000149,0.000373,0.115835,782
FMASC,stemness,MED23,0.065327,0.042978,0.000417,0.000372,0.067666,783
FMASC,stemness,STIL,0.030709,0.019009,0.000184,0.000372,0.120443,784
FMASC,stemness,DAPK1,0.038164,0.023957,0.000232,0.000372,0.087001,785
FMASC,stemness,MID1,0.048737,0.032742,0.000317,0.000371,0.053225,786
FMASC,stemness,SCAPER,0.053102,0.032629,0.000316,0.00037,0.07597,787
FMASC,stemness,FLRT3,0.035639,0.020095,0.000195,0.00037,0.102912,788
FMASC,stemness,CAB39L,0.095351,0.071661,0.000695,0.000369,0.07575,789
FMASC,stemness,GABPA,0.073575,0.050946,0.000494,0.000369,0.082648,790
FMASC,stemness,SFMBT2,0.046762,0.027534,0.000267,0.000368,0.09059,791
FMASC,stemness,GAB1,0.052337,0.031426,0.000305,0.000367,0.101367,792
FMASC,stemness,PRIM2,0.059013,0.040406,0.000392,0.000367,0.069246,793
FMASC,stemness,LRRC40,0.060961,0.038837,0.000376,0.000367,0.051515,794
FMASC,stemness,IPO8,0.064427,0.042144,0.000408,0.000367,0.085569,795
FMASC,stemness,CTSO,0.074354,0.051044,0.000495,0.000366,0.061738,796
FMASC,stemness,TDRKH,0.058355,0.035963,0.000349,0.000365,0.033564,797
FMASC,stemness,LOX,0.044035,0.032797,0.000318,0.000364,0.085406,798
FMASC,stemness,VCAN,0.047299,0.050984,0.000494,0.000363,0.116707,799
FMASC,stemness,POLK,0.068712,0.04382,0.000425,0.000363,0.079462,800
FMASC,stemness,PTER,0.060236,0.03719,0.00036,0.000362,0.080883,801
FMASC,stemness,ZSWIM6,0.047138,0.028971,0.000281,0.000362,0.100568,802
FMASC,stemness,DECR2,0.074824,0.044848,0.000435,0.000362,0.033266,803
FMASC,stemness,BBS7,0.079231,0.052853,0.000512,0.000362,0.01538,804
FMASC,stemness,ARHGEF19,0.053344,0.030873,0.000299,0.000361,0.050678,805
FMASC,stemness,TIMELESS,0.040851,0.025011,0.000242,0.00036,0.111677,806
FMASC,stemness,TUBE1,0.075066,0.047933,0.000465,0.00036,0.046612,807
FMASC,stemness,ELOVL6,0.039965,0.023431,0.000227,0.000359,0.045321,808
FMASC,stemness,RAB30,0.055695,0.035162,0.000341,0.000359,0.102349,809
FMASC,stemness,MSH3,0.066576,0.040994,0.000397,0.000358,0.060811,810
FMASC,stemness,CSGALNACT1,0.034108,0.018812,0.000182,0.000357,0.100642,811
FMASC,stemness,LIN9,0.035773,0.022691,0.00022,0.000357,0.095367,812
FMASC,stemness,PDK1,0.048347,0.033775,0.000327,0.000357,0.066078,813
FMASC,stemness,RBM12B,0.048293,0.030457,0.000295,0.000355,0.103624,814
FMASC,stemness,CDC23,0.073038,0.047303,0.000458,0.000354,0.053526,815
FMASC,stemness,PDGFC,0.051396,0.032952,0.000319,0.000354,0.077539,816
FMASC,stemness,CYB5D2,0.075214,0.048673,0.000472,0.00035,0.06404,817
FMASC,stemness,ANKRD46,0.077766,0.051568,0.0005,0.000346,0.066739,818
FMASC,stemness,NSUN7,0.052337,0.032933,0.000319,0.000346,0.113156,819
FMASC,stemness,TIPIN,0.05008,0.030966,0.0003,0.000344,0.039686,820
FMASC,stemness,KLHL28,0.066549,0.043052,0.000417,0.000344,0.071585,821
FMASC,stemness,METTL4,0.055413,0.034439,0.000334,0.000343,0.067687,822
FMASC,stemness,TIAM1,0.030897,0.01714,0.000166,0.000342,0.130383,823
FMASC,stemness,KBTBD7,0.052686,0.032008,0.00031,0.000342,0.069036,824
FMASC,stemness,WDHD1,0.032791,0.019751,0.000191,0.000341,0.098664,825
FMASC,stemness,LRRN1,0.053788,0.037027,0.000359,0.000341,0.091893,826
FMASC,stemness,ATAD5,0.033409,0.02199,0.000213,0.00034,0.126179,827
FMASC,stemness,PLEKHA6,0.055574,0.034554,0.000335,0.00034,0.06197,828
FMASC,stemness,FGD4,0.046413,0.029127,0.000282,0.00034,0.069635,829
FMASC,stemness,ZWILCH,0.044586,0.026883,0.000261,0.000339,0.090049,830
FMASC,stemness,TMEM184C,0.065582,0.040792,0.000395,0.000337,0.063499,831
FMASC,stemness,DTL,0.025806,0.017815,0.000173,0.000337,0.104916,832
FMASC,stemness,SNN,0.053237,0.031416,0.000304,0.000337,0.044777,833
FMASC,stemness,GULP1,0.054903,0.038057,0.000369,0.000336,0.011147,834
FMASC,stemness,MXRA8,0.070499,0.071914,0.000697,0.000336,0.095705,835
FMASC,stemness,RMI1,0.045324,0.02798,0.000271,0.000336,0.075445,836
FMASC,stemness,DOCK5,0.043444,0.02477,0.00024,0.000336,0.070778,837
FMASC,stemness,LPAR1,0.035975,0.020013,0.000194,0.000336,0.118817,838
FMASC,stemness,LANCL2,0.057213,0.034946,0.000339,0.000335,0.032148,839
FMASC,stemness,CDKL5,0.045311,0.026752,0.000259,0.000335,0.069995,840
FMASC,stemness,SNX16,0.047487,0.02858,0.000277,0.000335,0.07781,841
FMASC,stemness,SEMA6A,0.040448,0.024762,0.00024,0.000334,0.089735,842
FMASC,stemness,PTPRZ1,0.026652,0.017741,0.000172,0.000334,0.085344,843
FMASC,stemness,STK39,0.034712,0.020669,0.0002,0.000333,0.074545,844
FMASC,stemness,GATM,0.07563,0.059772,0.000579,0.000333,0.051615,845
FMASC,stemness,MYO5C,0.061942,0.03926,0.00038,0.000332,0.078434,846
FMASC,stemness,RFX3,0.045875,0.028643,0.000278,0.000331,0.076193,847
FMASC,stemness,ETAA1,0.054244,0.031647,0.000307,0.000331,0.05763,848
FMASC,stemness,TLE2,0.050147,0.029012,0.000281,0.000331,0.085568,849
FMASC,stemness,CEP192,0.042638,0.028626,0.000277,0.000331,0.117832,850
FMASC,stemness,CROT,0.072245,0.04924,0.000477,0.00033,0.044335,851
FMASC,stemness,GALK2,0.060545,0.038004,0.000368,0.00033,0.064306,852
FMASC,stemness,POLA2,0.036042,0.022378,0.000217,0.000328,0.080727,853
FMASC,stemness,MOSPD2,0.053976,0.03407,0.00033,0.000328,0.069705,854
FMASC,stemness,MXD3,0.030951,0.019106,0.000185,0.000327,0.11671,855
FMASC,stemness,CCNE1,0.043968,0.028393,0.000275,0.000327,0.075522,856
FMASC,stemness,GLCCI1,0.042289,0.023644,0.000229,0.000327,0.093752,857
FMASC,stemness,STARD13,0.04476,0.027465,0.000266,0.000326,0.094121,858
FMASC,stemness,RAPGEF5,0.040529,0.024284,0.000235,0.000326,0.057261,859
FMASC,stemness,RIMKLB,0.058113,0.040039,0.000388,0.000325,0.063765,860
FMASC,stemness,ARHGAP11A,0.024221,0.014749,0.000143,0.000324,0.130496,861
FMASC,stemness,DPYD,0.067275,0.049083,0.000476,0.000324,8.4e-05,862
FMASC,stemness,FRK,0.047568,0.030934,0.0003,0.000324,0.040571,863
FMASC,stemness,SLC38A6,0.060142,0.038511,0.000373,0.000322,0.045376,864
FMASC,stemness,LCP1,0.07696,0.069139,0.00067,0.000321,0.07449,865
FMASC,stemness,CDKAL1,0.056058,0.039958,0.000387,0.000319,0.045813,866
FMASC,stemness,TMTC2,0.043363,0.025571,0.000248,0.000319,0.071729,867
FMASC,stemness,PHKA1,0.042624,0.024258,0.000235,0.000319,0.071379,868
FMASC,stemness,ATP7A,0.059483,0.039523,0.000383,0.000318,0.096239,869
FMASC,stemness,LYSMD3,0.058543,0.036116,0.00035,0.000316,0.072203,870
FMASC,stemness,RAD54B,0.032401,0.021422,0.000208,0.000316,0.123214,871
FMASC,stemness,THBS2,0.029191,0.023401,0.000227,0.000314,0.13255,872
FMASC,stemness,KLHL13,0.036176,0.023586,0.000229,0.000313,0.104674,873
FMASC,stemness,CHEK1,0.043202,0.02867,0.000278,0.000311,0.082561,874
FMASC,stemness,PLAGL1,0.050792,0.036739,0.000356,0.000311,0.082489,875
FMASC,stemness,KIF18A,0.024798,0.015489,0.00015,0.00031,0.12032,876
FMASC,stemness,SPON1,0.027727,0.020104,0.000195,0.000309,0.135428,877
FMASC,stemness,NIPA1,0.03439,0.017758,0.000172,0.000308,0.073741,878
FMASC,stemness,OSCP1,0.0581,0.033363,0.000323,0.000308,0.009469,879
FMASC,stemness,INCENP,0.026827,0.016763,0.000162,0.000306,0.125213,880
FMASC,stemness,PFKM,0.055641,0.036256,0.000351,0.000304,0.05046,881
FMASC,stemness,TJP3,0.058046,0.037215,0.000361,0.000304,0.03431,882
FMASC,stemness,RABL3,0.069558,0.045955,0.000445,0.000304,0.009615,883
FMASC,stemness,FECH,0.066281,0.043477,0.000421,0.000303,0.032269,884
FMASC,stemness,SLC35A5,0.054674,0.033071,0.000321,0.000302,0.063671,885
FMASC,stemness,ESCO2,0.021467,0.013538,0.000131,0.000302,0.138227,886
FMASC,stemness,HACL1,0.054822,0.034359,0.000333,0.000301,0.014228,887
FMASC,stemness,SFMBT1,0.047366,0.028533,0.000277,0.000301,0.081616,888
FMASC,stemness,ASB7,0.044236,0.026342,0.000255,0.0003,0.018961,889
FMASC,stemness,PDIK1L,0.04519,0.029368,0.000285,0.000299,0.083581,890
FMASC,stemness,LNX1,0.05415,0.035522,0.000344,0.000297,0.06749,891
FMASC,stemness,ZEB2,0.027968,0.026657,0.000258,0.000297,0.09196,892
FMASC,stemness,ELN,0.045862,0.056303,0.000546,0.000297,0.091265,893
FMASC,stemness,KIF11,0.024865,0.01702,0.000165,0.000296,0.136329,894
FMASC,stemness,FAM135A,0.042759,0.028029,0.000272,0.000296,0.038693,895
FMASC,stemness,POLI,0.064279,0.042362,0.000411,0.000296,0.071118,896
FMASC,stemness,PRIM1,0.037452,0.024191,0.000234,0.000296,0.069558,897
FMASC,stemness,TTC8,0.077901,0.05274,0.000511,0.000295,0.017299,898
FMASC,stemness,NRARP,0.036579,0.019604,0.00019,0.000295,0.07334,899
FMASC,stemness,PRPF39,0.054674,0.036906,0.000358,0.000295,0.063932,900
FMASC,stemness,ALDH1A3,0.049663,0.037668,0.000365,0.000295,0.027906,901
FMASC,stemness,CHST14,0.038729,0.020255,0.000196,0.000294,0.06173,902
FMASC,stemness,SKA1,0.024449,0.016133,0.000156,0.000294,0.102077,903
FMASC,stemness,NRXN1,0.022501,0.018131,0.000176,0.000294,0.072144,904
FMASC,stemness,ZMAT1,0.053788,0.034395,0.000333,0.000293,0.080448,905
FMASC,stemness,LYPD6,0.04828,0.035156,0.000341,0.000293,0.109835,906
FMASC,stemness,BEND7,0.038057,0.021883,0.000212,0.000293,0.099222,907
FMASC,stemness,HEATR5A,0.044263,0.024628,0.000239,0.000292,0.056363,908
FMASC,stemness,RNF144A,0.035357,0.020614,0.0002,0.000292,0.0891,909
FMASC,stemness,RNF150,0.029298,0.017308,0.000168,0.000292,0.065429,910
FMASC,stemness,N4BP2,0.042611,0.027286,0.000264,0.000291,0.112973,911
FMASC,stemness,MMP16,0.017007,0.008854,8.6e-05,0.000291,0.146858,912
FMASC,stemness,CIT,0.021091,0.011356,0.00011,0.00029,0.125399,913
FMASC,stemness,PTGER3,0.055117,0.045367,0.00044,0.000289,0.133811,914
FMASC,stemness,TOX3,0.047178,0.029613,0.000287,0.000287,0.069938,915
FMASC,stemness,SPAG5,0.021574,0.012584,0.000122,0.000287,0.135283,916
FMASC,stemness,EFNB1,0.038017,0.021881,0.000212,0.000285,0.057353,917
FMASC,stemness,COX15,0.065891,0.041623,0.000403,0.000284,0.03604,918
FMASC,stemness,ALDOC,0.03975,0.02342,0.000227,0.000284,0.056764,919
FMASC,stemness,PIK3R4,0.047662,0.029269,0.000284,0.000283,0.06069,920
FMASC,stemness,RAPGEF6,0.04738,0.030871,0.000299,0.00028,0.094405,921
FMASC,stemness,GLRB,0.037654,0.023366,0.000226,0.00028,0.103576,922
FMASC,stemness,SNTB1,0.031542,0.016737,0.000162,0.000278,0.088582,923
FMASC,stemness,SIAE,0.055856,0.034249,0.000332,0.000278,0.062922,924
FMASC,stemness,ZMYM3,0.047716,0.028632,0.000277,0.000276,0.061655,925
FMASC,stemness,NAB2,0.047501,0.028722,0.000278,0.000276,0.042656,926
FMASC,stemness,PIP5K1B,0.027095,0.015314,0.000148,0.000276,0.096103,927
FMASC,stemness,RAD54L,0.019089,0.011685,0.000113,0.000276,0.119962,928
FMASC,stemness,HSPA12A,0.043618,0.025411,0.000246,0.000275,0.047084,929
FMASC,stemness,CENPQ,0.03482,0.020051,0.000194,0.000274,0.067534,930
FMASC,stemness,TBC1D24,0.037412,0.021712,0.00021,0.000272,0.059635,931
FMASC,stemness,TMTC4,0.04648,0.02854,0.000277,0.000271,0.067524,932
FMASC,stemness,AMMECR1L,0.043108,0.025014,0.000242,0.000271,0.057941,933
FMASC,stemness,SEC61A2,0.031152,0.018948,0.000184,0.00027,0.055611,934
FMASC,stemness,CDC7,0.032294,0.020352,0.000197,0.00027,0.071809,935
FMASC,stemness,MCPH1,0.050564,0.031705,0.000307,0.00027,0.067304,936
FMASC,stemness,MFAP3L,0.029957,0.016177,0.000157,0.000269,0.051318,937
FMASC,stemness,DCAKD,0.064615,0.042455,0.000411,0.000268,0.064412,938
FMASC,stemness,EMID1,0.028815,0.018249,0.000177,0.000268,0.076991,939
FMASC,stemness,DZIP3,0.044572,0.027886,0.00027,0.000267,0.07711,940
FMASC,stemness,SOX11,0.032482,0.021587,0.000209,0.000267,0.073831,941
FMASC,stemness,PHKA2,0.039991,0.024433,0.000237,0.000266,0.075325,942
FMASC,stemness,RAB8B,0.06033,0.041427,0.000401,0.000265,-0.004699,943
FMASC,stemness,LIN54,0.03584,0.022609,0.000219,0.000265,0.100368,944
FMASC,stemness,KCNK5,0.027431,0.017488,0.000169,0.000263,0.04435,945
FMASC,stemness,LDB1,0.037614,0.022732,0.00022,0.000263,0.047385,946
FMASC,stemness,ACSS1,0.038258,0.024111,0.000234,0.000261,0.085217,947
FMASC,stemness,BUB1B,0.019008,0.011822,0.000115,0.00026,0.126715,948
FMASC,stemness,CCDC66,0.053801,0.035706,0.000346,0.000259,0.078372,949
FMASC,stemness,ZBED4,0.035867,0.019807,0.000192,0.000259,0.05875,950
FMASC,stemness,PPFIBP2,0.055695,0.036034,0.000349,0.000259,0.052895,951
FMASC,stemness,PPM1L,0.03396,0.021706,0.00021,0.000259,0.074372,952
FMASC,stemness,LCA5,0.04245,0.026348,0.000255,0.000258,0.07182,953
FMASC,stemness,SPC24,0.021735,0.013861,0.000134,0.000257,0.110939,954
FMASC,stemness,DCBLD1,0.035061,0.020901,0.000203,0.000256,0.007027,955
FMASC,stemness,RBL1,0.0295,0.018421,0.000179,0.000256,0.085958,956
FMASC,stemness,FGF13,0.051558,0.033154,0.000321,0.000255,0.041945,957
FMASC,stemness,TLR5,0.043027,0.026475,0.000257,0.000255,0.026637,958
FMASC,stemness,MAP2K6,0.040475,0.026354,0.000255,0.000254,0.07381,959
FMASC,stemness,DSEL,0.042624,0.026329,0.000255,0.000254,0.052687,960
FMASC,stemness,ZEB1,0.019908,0.013478,0.000131,0.000253,0.109645,961
FMASC,stemness,DNAJC12,0.094988,0.078302,0.000759,0.000253,0.05181,962
FMASC,stemness,INTU,0.043256,0.02627,0.000255,0.000253,0.073888,963
FMASC,stemness,MEF2C,0.036015,0.030063,0.000291,0.000251,0.048066,964
FMASC,stemness,TSPAN12,0.046292,0.03491,0.000338,0.00025,0.063001,965
FMASC,stemness,NRCAM,0.016537,0.007852,7.6e-05,0.000249,0.127863,966
FMASC,stemness,SENP7,0.048266,0.03096,0.0003,0.000249,0.078238,967
FMASC,stemness,CDC14A,0.050765,0.03643,0.000353,0.000248,0.093553,968
FMASC,stemness,COL6A3,0.058342,0.055555,0.000538,0.000248,0.079232,969
FMASC,stemness,LRIG2,0.036015,0.021802,0.000211,0.000248,0.070733,970
FMASC,stemness,IFT88,0.056797,0.036682,0.000356,0.000247,0.059625,971
FMASC,stemness,PRR11,0.01827,0.011186,0.000108,0.000247,0.117204,972
FMASC,stemness,MMP2,0.049932,0.048946,0.000474,0.000247,0.085212,973
FMASC,stemness,ISLR,0.048092,0.043934,0.000426,0.000247,0.06893,974
FMASC,stemness,TSGA10,0.051329,0.03277,0.000318,0.000246,0.056863,975
FMASC,stemness,PLEKHA4,0.043551,0.026401,0.000256,0.000246,0.053691,976
FMASC,stemness,HDAC9,0.031045,0.02238,0.000217,0.000244,-0.003822,977
FMASC,stemness,RAD54L2,0.036526,0.020914,0.000203,0.000243,0.064546,978
FMASC,stemness,SEMA3B,0.038769,0.026253,0.000254,0.000243,0.083894,979
FMASC,stemness,TMEM231,0.037587,0.021397,0.000207,0.000243,0.045557,980
FMASC,stemness,TEX10,0.041845,0.027611,0.000268,0.000242,0.055083,981
FMASC,stemness,S1PR3,0.039978,0.025322,0.000245,0.000241,0.078342,982
FMASC,stemness,CEP135,0.03267,0.019261,0.000187,0.000241,0.090722,983
FMASC,stemness,DARS2,0.036552,0.022107,0.000214,0.00024,0.035492,984
FMASC,stemness,FIGN,0.023132,0.013713,0.000133,0.000239,0.045736,985
FMASC,stemness,FANCB,0.026209,0.016775,0.000163,0.000238,0.103585,986
FMASC,stemness,MBTD1,0.038473,0.023597,0.000229,0.000238,0.073692,987
FMASC,stemness,ANKRD44,0.030924,0.019976,0.000194,0.000237,0.086471,988
FMASC,stemness,IFT80,0.046493,0.03298,0.00032,0.000237,0.071391,989
FMASC,stemness,PPP2R2B,0.017249,0.009455,9.2e-05,0.000237,0.113871,990
FMASC,stemness,GINS1,0.023065,0.013717,0.000133,0.000237,0.089817,991
FMASC,stemness,CLCN2,0.025927,0.01356,0.000131,0.000237,0.068235,992
FMASC,stemness,TRIM59,0.022434,0.013206,0.000128,0.000236,0.080863,993
FMASC,stemness,MMP15,0.040609,0.026446,0.000256,0.000235,0.016796,994
FMASC,stemness,CLDN8,0.043484,0.032003,0.00031,0.000234,0.05337,995
FMASC,stemness,B3GNT9,0.029352,0.015988,0.000155,0.000234,0.044708,996
FMASC,stemness,PDE8A,0.03627,0.02142,0.000208,0.000232,0.068223,997
FMASC,stemness,EXO1,0.018216,0.012199,0.000118,0.000232,0.101832,998
FMASC,stemness,RHOH,0.052323,0.042605,0.000413,0.000232,0.085244,999
FMASC,stemness,MAML3,0.034967,0.022644,0.000219,0.000231,0.078253,1000
FMASC,stemness,LEF1,0.024194,0.016067,0.000156,0.00023,0.109726,1001
FMASC,stemness,TXNDC16,0.036808,0.02336,0.000226,0.00023,0.088742,1002
FMASC,stemness,DOPEY1,0.038876,0.026396,0.000256,0.000229,0.064229,1003
FMASC,stemness,NOVA1,0.038621,0.03188,0.000309,0.000227,0.112934,1004
FMASC,stemness,PLSCR4,0.048629,0.034073,0.00033,0.000226,0.027893,1005
FMASC,stemness,ASB3,0.04206,0.025532,0.000247,0.000226,0.050121,1006
FMASC,stemness,MCM8,0.025134,0.013716,0.000133,0.000225,0.070729,1007
FMASC,stemness,SLC5A1,0.03216,0.021631,0.00021,0.000225,0.015673,1008
FMASC,stemness,DOCK4,0.027606,0.016105,0.000156,0.000225,0.072146,1009
FMASC,stemness,SUV39H1,0.030037,0.017601,0.000171,0.000225,0.064745,1010
FMASC,stemness,IQGAP3,0.01428,0.008604,8.3e-05,0.000224,0.106767,1011
FMASC,stemness,RASSF3,0.034927,0.021151,0.000205,0.000224,0.057012,1012
FMASC,stemness,FIGNL1,0.036472,0.024386,0.000236,0.000223,0.076039,1013
FMASC,stemness,FAM184A,0.022528,0.011293,0.000109,0.000223,0.099449,1014
FMASC,stemness,PLXNB3,0.025792,0.013803,0.000134,0.000222,0.042514,1015
FMASC,stemness,SRCAP,0.032509,0.019774,0.000192,0.000222,0.060092,1016
FMASC,stemness,RGN,0.02864,0.016153,0.000157,0.000221,0.045674,1017
FMASC,stemness,RBMS3,0.029325,0.020196,0.000196,0.000221,0.071409,1018
FMASC,stemness,ALDH3B2,0.110557,0.100319,0.000972,0.000221,-0.042067,1019
FMASC,stemness,TTC21B,0.034954,0.023489,0.000228,0.000221,0.086278,1020
FMASC,stemness,SPTLC3,0.032281,0.018024,0.000175,0.000221,0.049936,1021
FMASC,stemness,HECTD2,0.041012,0.026023,0.000252,0.00022,0.078823,1022
FMASC,stemness,PEG3,0.029406,0.019063,0.000185,0.00022,0.087974,1023
FMASC,stemness,ITM2A,0.038567,0.039755,0.000385,0.000219,0.07664,1024
FMASC,stemness,PHACTR1,0.02418,0.01942,0.000188,0.000218,0.040806,1025
FMASC,stemness,OSR2,0.03267,0.021219,0.000206,0.000218,0.039836,1026
FMASC,stemness,POLE,0.029567,0.017252,0.000167,0.000217,0.080329,1027
FMASC,stemness,KANK4,0.020285,0.011886,0.000115,0.000217,0.081293,1028
FMASC,stemness,SLAIN1,0.016913,0.007982,7.7e-05,0.000217,0.113703,1029
FMASC,stemness,NCAM1,0.022474,0.015607,0.000151,0.000217,0.130706,1030
FMASC,stemness,RAP1GAP,0.041308,0.024714,0.00024,0.000216,0.055849,1031
FMASC,stemness,CLCN5,0.024341,0.013538,0.000131,0.000216,0.062781,1032
FMASC,stemness,PDGFRA,0.023495,0.01759,0.00017,0.000216,0.122749,1033
FMASC,stemness,WNK3,0.027673,0.017171,0.000166,0.000215,0.071817,1034
FMASC,stemness,CNTROB,0.032093,0.018491,0.000179,0.000215,0.080056,1035
FMASC,stemness,BACE1,0.03271,0.017936,0.000174,0.000215,0.071638,1036
FMASC,stemness,CDC25C,0.017007,0.009748,9.4e-05,0.000215,0.105879,1037
FMASC,stemness,CRLF3,0.047608,0.033075,0.000321,0.000214,0.042346,1038
FMASC,stemness,GLMN,0.04065,0.026732,0.000259,0.000213,0.047597,1039
FMASC,stemness,DCAF4,0.040797,0.025052,0.000243,0.000213,0.023224,1040
FMASC,stemness,ENPP2,0.018753,0.014879,0.000144,0.000213,0.094562,1041
FMASC,stemness,CSAD,0.032684,0.019528,0.000189,0.000213,0.068627,1042
FMASC,stemness,MPHOSPH9,0.028748,0.018261,0.000177,0.00021,0.091325,1043
FMASC,stemness,ROBO1,0.031072,0.018837,0.000183,0.00021,0.060997,1044
FMASC,stemness,SHISA2,0.032643,0.025725,0.000249,0.000208,0.097334,1045
FMASC,stemness,RAB38,0.052216,0.035974,0.000349,0.000205,0.025684,1046
FMASC,stemness,WDR35,0.033181,0.019229,0.000186,0.000205,0.065955,1047
FMASC,stemness,PLP1,0.012829,0.009425,9.1e-05,0.000205,0.079449,1048
FMASC,stemness,GPR37,0.023441,0.01189,0.000115,0.000205,0.042275,1049
FMASC,stemness,SENP1,0.045432,0.030096,0.000292,0.000204,0.066404,1050
FMASC,stemness,CCL2,0.077699,0.113362,0.001099,0.000204,0.048955,1051
FMASC,stemness,TNFAIP6,0.026961,0.023332,0.000226,0.000203,0.015964,1052
FMASC,stemness,CYP39A1,0.025927,0.015915,0.000154,0.000203,0.049383,1053
FMASC,stemness,SHROOM2,0.02555,0.013153,0.000127,0.000202,0.07582,1054
FMASC,stemness,E2F8,0.013863,0.008023,7.8e-05,0.000202,0.076517,1055
FMASC,stemness,DCAF17,0.041859,0.02543,0.000246,0.000201,0.044958,1056
FMASC,stemness,INTS9,0.033973,0.019579,0.00019,0.000201,0.053144,1057
FMASC,stemness,SRR,0.036338,0.021278,0.000206,0.0002,0.034658,1058
FMASC,stemness,CFH,0.039494,0.037748,0.000366,0.0002,-0.061668,1059
FMASC,stemness,PLA2G7,0.028895,0.019466,0.000189,0.000199,0.021007,1060
FMASC,stemness,B3GNTL1,0.037117,0.022457,0.000218,0.000199,0.017104,1061
FMASC,stemness,MBOAT1,0.033919,0.024484,0.000237,0.000198,0.064476,1062
FMASC,stemness,PCCA,0.041805,0.026529,0.000257,0.000197,0.064524,1063
FMASC,stemness,RNLS,0.045392,0.029083,0.000282,0.000197,0.018947,1064
FMASC,stemness,ETV1,0.021144,0.014714,0.000143,0.000197,0.078347,1065
FMASC,stemness,ZSCAN21,0.036042,0.021012,0.000204,0.000196,0.038792,1066
FMASC,stemness,EDNRA,0.029567,0.020153,0.000195,0.000196,0.020559,1067
FMASC,stemness,MEIS1,0.019667,0.011575,0.000112,0.000194,0.078923,1068
FMASC,stemness,GPR155,0.021695,0.012155,0.000118,0.000194,0.080154,1069
FMASC,stemness,BLNK,0.055319,0.036819,0.000357,0.000194,0.008671,1070
FMASC,stemness,KIF15,0.013998,0.007855,7.6e-05,0.000192,0.110889,1071
FMASC,stemness,CCDC30,0.032146,0.019554,0.00019,0.000192,0.069663,1072
FMASC,stemness,GFRA3,0.019922,0.013523,0.000131,0.000191,0.083407,1073
FMASC,stemness,GANC,0.030252,0.018417,0.000178,0.00019,0.056794,1074
FMASC,stemness,ERI2,0.046507,0.029945,0.00029,0.00019,0.056832,1075
FMASC,stemness,PUS10,0.034739,0.022434,0.000217,0.00019,0.035815,1076
FMASC,stemness,GLB1L,0.030642,0.017677,0.000171,0.000189,0.050707,1077
FMASC,stemness,CAPN6,0.027982,0.022882,0.000222,0.000188,0.04332,1078
FMASC,stemness,RCBTB2,0.028989,0.018084,0.000175,0.000188,0.068064,1079
FMASC,stemness,DNM3,0.018189,0.010234,9.9e-05,0.000186,0.013392,1080
FMASC,stemness,IFT140,0.03443,0.020641,0.0002,0.000185,0.05596,1081
FMASC,stemness,GALNT13,0.017961,0.01069,0.000104,0.000184,0.080753,1082
FMASC,stemness,ESRRG,0.027122,0.016962,0.000164,0.000182,0.073415,1083
FMASC,stemness,ARNT2,0.025456,0.013851,0.000134,0.000181,0.060792,1084
FMASC,stemness,GPC6,0.015314,0.008404,8.1e-05,0.000181,0.105504,1085
FMASC,stemness,DMXL2,0.030588,0.01942,0.000188,0.000181,0.072711,1086
FMASC,stemness,XRCC2,0.016657,0.0108,0.000105,0.000179,0.10419,1087
FMASC,stemness,CDON,0.025739,0.015412,0.000149,0.000179,0.095735,1088
FMASC,stemness,NLK,0.0268,0.014549,0.000141,0.000179,0.060269,1089
FMASC,stemness,RAB2B,0.048965,0.033093,0.000321,0.000178,0.052703,1090
FMASC,stemness,TTC28,0.025671,0.014713,0.000143,0.000177,0.092271,1091
FMASC,stemness,PCOLCE2,0.019976,0.014885,0.000144,0.000177,0.043739,1092
FMASC,stemness,PLK4,0.017087,0.010834,0.000105,0.000176,0.096526,1093
FMASC,stemness,KIF18B,0.012318,0.007312,7.1e-05,0.000176,0.11592,1094
FMASC,stemness,E2F7,0.012211,0.007057,6.8e-05,0.000176,0.097367,1095
FMASC,stemness,LRRC4C,0.028815,0.018864,0.000183,0.000176,0.048792,1096
FMASC,stemness,KATNAL2,0.022985,0.013348,0.000129,0.000175,0.064454,1097
FMASC,stemness,RSPO3,0.019049,0.015694,0.000152,0.000175,-0.033396,1098
FMASC,stemness,TFPI2,0.031985,0.033941,0.000329,0.000174,0.04071,1099
FMASC,stemness,CCDC138,0.027874,0.01776,0.000172,0.000173,0.073463,1100
FMASC,stemness,MACROD2,0.026289,0.015531,0.000151,0.000171,0.072623,1101
FMASC,stemness,BEX1,0.025483,0.021273,0.000206,0.000169,-0.044781,1102
FMASC,stemness,BLM,0.016765,0.010815,0.000105,0.000168,0.085074,1103
FMASC,stemness,RAC2,0.080883,0.070033,0.000679,0.000168,0.021286,1104
FMASC,stemness,DNMBP,0.031501,0.018959,0.000184,0.000168,0.070983,1105
FMASC,stemness,ZCCHC24,0.02234,0.012513,0.000121,0.000167,0.086558,1106
FMASC,stemness,WDR76,0.020486,0.012514,0.000121,0.000167,0.078822,1107
FMASC,stemness,FSD1L,0.022071,0.013128,0.000127,0.000166,0.052598,1108
FMASC,stemness,DNA2,0.019156,0.012687,0.000123,0.000166,0.083261,1109
FMASC,stemness,ARVCF,0.037063,0.023106,0.000224,0.000164,0.042621,1110
FMASC,stemness,SLC28A3,0.021964,0.013262,0.000129,0.000163,0.017531,1111
FMASC,stemness,ADAMTSL1,0.011244,0.006569,6.4e-05,0.000162,0.094055,1112
FMASC,stemness,ACCS,0.030843,0.019332,0.000187,0.000162,0.046713,1113
FMASC,stemness,GAS2,0.014763,0.008798,8.5e-05,0.000162,0.09273,1114
FMASC,stemness,RPGR,0.030037,0.018746,0.000182,0.000162,0.053321,1115
FMASC,stemness,PTCH1,0.015919,0.007922,7.7e-05,0.000161,0.0598,1116
FMASC,stemness,E2F2,0.013084,0.007752,7.5e-05,0.000161,0.076642,1117
FMASC,stemness,FBXO48,0.026773,0.01602,0.000155,0.00016,0.058747,1118
FMASC,stemness,TRERF1,0.025671,0.015092,0.000146,0.00016,0.061257,1119
FMASC,stemness,EDIL3,0.016523,0.01191,0.000115,0.000159,0.067654,1120
FMASC,stemness,CYFIP2,0.03126,0.019479,0.000189,0.000159,0.031823,1121
FMASC,stemness,BRCA1,0.020258,0.013743,0.000133,0.000158,0.083255,1122
FMASC,stemness,MEGF6,0.022447,0.01295,0.000126,0.000157,0.058043,1123
FMASC,stemness,MFSD9,0.030131,0.018003,0.000174,0.000156,0.015483,1124
FMASC,stemness,CPEB3,0.026625,0.01588,0.000154,0.000155,0.066267,1125
FMASC,stemness,HOXC6,0.02375,0.012843,0.000124,0.000154,0.058354,1126
FMASC,stemness,IKZF2,0.023253,0.016127,0.000156,0.000153,0.054396,1127
FMASC,stemness,PAQR3,0.022219,0.011895,0.000115,0.000153,0.055915,1128
FMASC,stemness,CTNND2,0.024973,0.014468,0.00014,0.000153,0.058628,1129
FMASC,stemness,TRIM23,0.028076,0.016455,0.000159,0.000152,0.059581,1130
FMASC,stemness,ACOT1,0.019908,0.010581,0.000103,0.000152,-0.01894,1131
FMASC,stemness,MUC15,0.025174,0.018589,0.00018,0.000151,0.023695,1132
FMASC,stemness,POLQ,0.011875,0.007009,6.8e-05,0.000151,0.102273,1133
FMASC,stemness,PDE1C,0.020096,0.01222,0.000118,0.00015,0.04039,1134
FMASC,stemness,MUC20,0.032375,0.024996,0.000242,0.00015,-0.022487,1135
FMASC,stemness,SRPX2,0.031676,0.022837,0.000221,0.00015,0.030438,1136
FMASC,stemness,NKAIN3,0.010035,0.004615,4.5e-05,0.00015,0.096068,1137
FMASC,stemness,TYRO3,0.01706,0.008581,8.3e-05,0.00015,0.062886,1138
FMASC,stemness,EFCAB7,0.029016,0.01827,0.000177,0.000149,0.038798,1139
FMASC,stemness,LRRN2,0.018955,0.008788,8.5e-05,0.000148,0.035682,1140
FMASC,stemness,EPHA7,0.011727,0.007293,7.1e-05,0.000147,0.068238,1141
FMASC,stemness,DTX4,0.020043,0.011031,0.000107,0.000147,0.01491,1142
FMASC,stemness,IGF2BP3,0.020526,0.015068,0.000146,0.000147,0.041755,1143
FMASC,stemness,TMOD2,0.023509,0.013778,0.000134,0.000146,0.041381,1144
FMASC,stemness,ARHGAP24,0.017343,0.010343,1e-04,0.000146,0.031518,1145
FMASC,stemness,POLE2,0.01741,0.010646,0.000103,0.000145,0.060068,1146
FMASC,stemness,ARSK,0.025913,0.015113,0.000146,0.000145,0.0553,1147
FMASC,stemness,FBXO16,0.029124,0.017124,0.000166,0.000145,0.037778,1148
FMASC,stemness,GSPT2,0.026961,0.015546,0.000151,0.000145,0.011545,1149
FMASC,stemness,SYNE1,0.024838,0.01673,0.000162,0.000144,0.04969,1150
FMASC,stemness,MEGF10,0.010277,0.004401,4.3e-05,0.000142,0.104142,1151
FMASC,stemness,SLC24A3,0.021158,0.010827,0.000105,0.000142,0.044665,1152
FMASC,stemness,TBC1D19,0.024328,0.015032,0.000146,0.000141,0.038854,1153
FMASC,stemness,RTTN,0.017772,0.01081,0.000105,0.00014,0.068862,1154
FMASC,stemness,PALB2,0.026894,0.015504,0.00015,0.00014,0.022384,1155
FMASC,stemness,TMEM144,0.037788,0.025181,0.000244,0.00014,0.041328,1156
FMASC,stemness,PLCE1,0.012923,0.006627,6.4e-05,0.000139,0.071075,1157
FMASC,stemness,TWIST1,0.007456,0.005407,5.2e-05,0.000139,0.008167,1158
FMASC,stemness,TSPAN8,0.037896,0.036696,0.000356,0.000139,-0.013624,1159
FMASC,stemness,TRMT2B,0.030037,0.018511,0.000179,0.000139,0.028789,1160
FMASC,stemness,TCFL5,0.018793,0.009139,8.9e-05,0.000139,0.049674,1161
FMASC,stemness,SLC35F3,0.01436,0.006321,6.1e-05,0.000138,0.051195,1162
FMASC,stemness,ZCWPW1,0.033812,0.020983,0.000203,0.000137,0.02836,1163
FMASC,stemness,ATP1B2,0.009739,0.005267,5.1e-05,0.000136,0.097227,1164
FMASC,stemness,KBTBD3,0.04386,0.027999,0.000271,0.000135,0.030347,1165
FMASC,stemness,ASTN2,0.023549,0.012523,0.000121,0.000135,0.032691,1166
FMASC,stemness,FAM81A,0.015005,0.007601,7.4e-05,0.000134,0.065922,1167
FMASC,stemness,LIN7A,0.031354,0.02148,0.000208,0.000133,0.085454,1168
FMASC,stemness,RNF180,0.024664,0.015864,0.000154,0.000133,0.062188,1169
FMASC,stemness,BACH2,0.018404,0.011123,0.000108,0.000133,0.034492,1170
FMASC,stemness,WDR19,0.023952,0.014857,0.000144,0.000132,0.055746,1171
FMASC,stemness,LOXL1,0.028264,0.016803,0.000163,0.000131,0.011152,1172
FMASC,stemness,CDC25A,0.012641,0.007014,6.8e-05,0.000131,0.073179,1173
FMASC,stemness,MORN4,0.037251,0.023348,0.000226,0.00013,-0.008879,1174
FMASC,stemness,STXBP4,0.024046,0.015854,0.000154,0.00013,0.05914,1175
FMASC,stemness,ALDH3B1,0.022568,0.013855,0.000134,0.000129,-0.023544,1176
FMASC,stemness,MNS1,0.015314,0.008308,8.1e-05,0.000129,0.062706,1177
FMASC,stemness,SLC35F2,0.026142,0.015918,0.000154,0.000129,0.01257,1178
FMASC,stemness,TTYH2,0.013232,0.006409,6.2e-05,0.000128,0.069327,1179
FMASC,stemness,CNNM3,0.020338,0.010799,0.000105,0.000128,0.0561,1180
FMASC,stemness,KAT2B,0.017638,0.010013,9.7e-05,0.000127,0.049976,1181
FMASC,stemness,PELI2,0.018928,0.011806,0.000114,0.000127,0.078369,1182
FMASC,stemness,ESPL1,0.008544,0.004424,4.3e-05,0.000127,0.090558,1183
FMASC,stemness,PARD3B,0.019035,0.01112,0.000108,0.000126,0.058456,1184
FMASC,stemness,SLC16A4,0.048065,0.034152,0.000331,0.000125,0.007079,1185
FMASC,stemness,FGF7,0.019734,0.019748,0.000191,0.000125,0.090121,1186
FMASC,stemness,ART3,0.012654,0.007688,7.5e-05,0.000125,0.014435,1187
FMASC,stemness,BCL2L14,0.020593,0.013876,0.000134,0.000124,-0.057355,1188
FMASC,stemness,LUZP2,0.010424,0.006087,5.9e-05,0.000124,0.076694,1189
FMASC,stemness,REEP1,0.018955,0.010792,0.000105,0.000124,0.062139,1190
FMASC,stemness,NAV3,0.016295,0.01049,0.000102,0.000124,0.081934,1191
FMASC,stemness,PPARGC1A,0.009659,0.004446,4.3e-05,0.000123,0.088095,1192
FMASC,stemness,CHN1,0.022152,0.014713,0.000143,0.000122,0.030948,1193
FMASC,stemness,FAM19A5,0.006703,0.004635,4.5e-05,0.000121,0.02777,1194
FMASC,stemness,OLFML3,0.024718,0.025896,0.000251,0.000121,0.042067,1195
FMASC,stemness,DZIP1,0.01381,0.007018,6.8e-05,0.000121,0.070265,1196
FMASC,stemness,SCML2,0.013151,0.007893,7.6e-05,0.00012,0.075873,1197
FMASC,stemness,YPEL1,0.018767,0.011258,0.000109,0.000119,0.06809,1198
FMASC,stemness,ARHGAP19,0.016872,0.009123,8.8e-05,0.000118,0.041755,1199
FMASC,stemness,FUT10,0.024194,0.014666,0.000142,0.000118,0.049945,1200
FMASC,stemness,PASK,0.016926,0.010386,0.000101,0.000118,0.062632,1201
FMASC,stemness,ARHGEF10,0.012601,0.007179,7e-05,0.000116,0.066479,1202
FMASC,stemness,AASS,0.016577,0.010212,9.9e-05,0.000116,0.079329,1203
FMASC,stemness,BMF,0.02007,0.011312,0.00011,0.000114,0.029146,1204
FMASC,stemness,FOXI1,0.023576,0.017196,0.000167,0.000114,-0.014184,1205
FMASC,stemness,GJC1,0.011056,0.006896,6.7e-05,0.000114,0.077685,1206
FMASC,stemness,BBS10,0.023589,0.014955,0.000145,0.000114,0.039796,1207
FMASC,stemness,FOXP2,0.01252,0.009779,9.5e-05,0.000114,0.047767,1208
FMASC,stemness,SOX5,0.008893,0.005353,5.2e-05,0.000114,0.075962,1209
FMASC,stemness,SLC12A6,0.019586,0.011685,0.000113,0.000113,0.048139,1210
FMASC,stemness,L1CAM,0.014669,0.009786,9.5e-05,0.000111,-0.051902,1211
FMASC,stemness,ENPP3,0.013783,0.010097,9.8e-05,0.000111,0.037185,1212
FMASC,stemness,TET1,0.016375,0.010179,9.9e-05,0.00011,0.078774,1213
FMASC,stemness,DLX1,0.008235,0.003937,3.8e-05,0.00011,0.078017,1214
FMASC,stemness,FAM78B,0.015462,0.009319,9e-05,0.000109,-0.060201,1215
FMASC,stemness,PANK1,0.016214,0.008195,7.9e-05,0.000107,0.044454,1216
FMASC,stemness,RARB,0.017222,0.011,0.000107,0.000107,0.038373,1217
FMASC,stemness,FAM49A,0.022246,0.014474,0.00014,0.000107,0.013743,1218
FMASC,stemness,LBP,0.020002,0.025968,0.000252,0.000107,-0.037175,1219
FMASC,stemness,CEP72,0.014669,0.008517,8.3e-05,0.000106,0.050842,1220
FMASC,stemness,PRSS12,0.011284,0.006916,6.7e-05,0.000105,0.001893,1221
FMASC,stemness,TSPAN2,0.02105,0.016175,0.000157,0.000105,0.041952,1222
FMASC,stemness,GIN1,0.019667,0.011532,0.000112,0.000105,0.029516,1223
FMASC,stemness,EML1,0.013957,0.008046,7.8e-05,0.000105,0.022208,1224
FMASC,stemness,ISPD,0.013407,0.007711,7.5e-05,0.000104,0.029175,1225
FMASC,stemness,ZFP30,0.020029,0.014143,0.000137,0.000103,0.063011,1226
FMASC,stemness,APCDD1,0.017289,0.010922,0.000106,0.000103,0.031695,1227
FMASC,stemness,PID1,0.018807,0.012479,0.000121,0.000103,0.018746,1228
FMASC,stemness,GNAZ,0.012708,0.006284,6.1e-05,0.000102,0.049134,1229
FMASC,stemness,ZBTB26,0.018525,0.010703,0.000104,0.000101,0.035376,1230
FMASC,stemness,PRIMA1,0.009108,0.004386,4.3e-05,0.000101,0.073671,1231
FMASC,stemness,CNTN1,0.009283,0.005414,5.2e-05,0.000101,0.088586,1232
FMASC,stemness,KCNE4,0.016819,0.012892,0.000125,1e-04,0.048961,1233
FMASC,stemness,COL11A1,0.017584,0.021582,0.000209,1e-04,0.109318,1234
FMASC,stemness,RNF165,0.014132,0.008139,7.9e-05,9.9e-05,0.038014,1235
FMASC,stemness,FAM181B,0.008611,0.003767,3.7e-05,9.9e-05,0.058216,1236
FMASC,stemness,BRIP1,0.009766,0.006038,5.9e-05,9.8e-05,0.071856,1237
FMASC,stemness,CENPI,0.009914,0.005981,5.8e-05,9.7e-05,0.075131,1238
FMASC,stemness,GHR,0.015354,0.008832,8.6e-05,9.6e-05,0.035506,1239
FMASC,stemness,STAMBPL1,0.016308,0.009602,9.3e-05,9.4e-05,0.024563,1240
FMASC,stemness,EGFLAM,0.035048,0.024531,0.000238,9.3e-05,0.027698,1241
FMASC,stemness,RCOR2,0.011324,0.006407,6.2e-05,9.3e-05,0.022329,1242
FMASC,stemness,TTC12,0.026692,0.01604,0.000155,9.3e-05,0.020804,1243
FMASC,stemness,CMTM5,0.008732,0.005527,5.4e-05,9.3e-05,0.054274,1244
FMASC,stemness,PCDH9,0.010344,0.006473,6.3e-05,9.3e-05,0.051323,1245
FMASC,stemness,SEMA5A,0.014454,0.010717,0.000104,9.2e-05,0.039979,1246
FMASC,stemness,ADCY2,0.010921,0.005473,5.3e-05,9.1e-05,0.057123,1247
FMASC,stemness,ATP13A4,0.017504,0.011434,0.000111,9.1e-05,0.020051,1248
FMASC,stemness,BICC1,0.014025,0.008965,8.7e-05,9.1e-05,0.055991,1249
FMASC,stemness,ERCC6L,0.009135,0.005661,5.5e-05,9.1e-05,0.080981,1250
FMASC,stemness,CHRD,0.015959,0.0093,9e-05,9.1e-05,0.042049,1251
FMASC,stemness,ZRANB3,0.01514,0.009183,8.9e-05,9.1e-05,0.039009,1252
FMASC,stemness,GRIP1,0.014374,0.007959,7.7e-05,9.1e-05,0.03792,1253
FMASC,stemness,DCLK2,0.012533,0.007194,7e-05,9e-05,0.055,1254
FMASC,stemness,MMACHC,0.018014,0.011047,0.000107,8.9e-05,0.030791,1255
FMASC,stemness,TTPA,0.009941,0.005138,5e-05,8.9e-05,0.073867,1256
FMASC,stemness,NCAM2,0.020835,0.014598,0.000141,8.9e-05,0.050666,1257
FMASC,stemness,SLC15A2,0.014898,0.009691,9.4e-05,8.8e-05,0.023585,1258
FMASC,stemness,SCAMP5,0.022138,0.013219,0.000128,8.8e-05,0.016123,1259
FMASC,stemness,MSH5,0.009041,0.00486,4.7e-05,8.8e-05,0.054199,1260
FMASC,stemness,PCSK5,0.012318,0.008142,7.9e-05,8.7e-05,0.016604,1261
FMASC,stemness,TBX18,0.008597,0.00507,4.9e-05,8.7e-05,0.067184,1262
FMASC,stemness,RABL2A,0.019183,0.010961,0.000106,8.7e-05,0.036121,1263
FMASC,stemness,SLITRK6,0.017719,0.013026,0.000126,8.6e-05,0.066202,1264
FMASC,stemness,AFAP1L2,0.015301,0.009494,9.2e-05,8.5e-05,0.056059,1265
FMASC,stemness,HMGCS2,0.022353,0.02042,0.000198,8.5e-05,0.029062,1266
FMASC,stemness,ADAMTS15,0.014763,0.008675,8.4e-05,8.4e-05,0.065033,1267
FMASC,stemness,PRX,0.012762,0.007504,7.3e-05,8.4e-05,0.053423,1268
FMASC,stemness,CADM2,0.010451,0.006652,6.4e-05,8.3e-05,0.036493,1269
FMASC,stemness,CAND2,0.009645,0.004623,4.5e-05,8.2e-05,0.059818,1270
FMASC,stemness,ZDBF2,0.015502,0.009608,9.3e-05,8.2e-05,0.048061,1271
FMASC,stemness,ALKBH8,0.015099,0.008564,8.3e-05,8.2e-05,0.030457,1272
FMASC,stemness,USP51,0.01115,0.005584,5.4e-05,8.2e-05,0.036169,1273
FMASC,stemness,C1QTNF2,0.009041,0.005086,4.9e-05,8.1e-05,0.066754,1274
FMASC,stemness,EME1,0.008557,0.005108,5e-05,8e-05,0.067736,1275
FMASC,stemness,AGBL3,0.016725,0.010032,9.7e-05,8e-05,0.030026,1276
FMASC,stemness,GPRASP2,0.015086,0.009221,8.9e-05,8e-05,0.039883,1277
FMASC,stemness,SHOX2,0.010559,0.00721,7e-05,8e-05,0.018094,1278
FMASC,stemness,OLFM4,0.011956,0.011506,0.000112,7.9e-05,0.025873,1279
FMASC,stemness,COL2A1,0.020835,0.030745,0.000298,7.9e-05,0.106887,1280
FMASC,stemness,TRAM1L1,0.017665,0.011014,0.000107,7.8e-05,0.020654,1281
FMASC,stemness,CSPG4,0.01068,0.007243,7e-05,7.7e-05,0.049273,1282
FMASC,stemness,SEMA6D,0.009068,0.005712,5.5e-05,7.7e-05,0.043337,1283
FMASC,stemness,EMILIN2,0.015516,0.009672,9.4e-05,7.6e-05,0.037029,1284
FMASC,stemness,PPP1R3C,0.019599,0.014498,0.000141,7.5e-05,0.062432,1285
FMASC,stemness,SLC35F1,0.005038,0.002059,2e-05,7.5e-05,0.08017,1286
FMASC,stemness,SLC27A6,0.010236,0.007522,7.3e-05,7.4e-05,0.04419,1287
FMASC,stemness,CHST10,0.013957,0.007371,7.1e-05,7.4e-05,0.044796,1288
FMASC,stemness,CATSPER2,0.011821,0.006596,6.4e-05,7.4e-05,0.042403,1289
FMASC,stemness,ZFP69,0.008759,0.004418,4.3e-05,7.4e-05,0.04042,1290
FMASC,stemness,ZKSCAN3,0.015838,0.009819,9.5e-05,7.4e-05,0.045048,1291
FMASC,stemness,ZDHHC15,0.014092,0.008441,8.2e-05,7.4e-05,0.034315,1292
FMASC,stemness,PRDM16,0.007066,0.003261,3.2e-05,7.4e-05,0.069971,1293
FMASC,stemness,SAMD5,0.010183,0.005745,5.6e-05,7.3e-05,0.041841,1294
FMASC,stemness,GPC3,0.019774,0.016564,0.000161,7.3e-05,0.067195,1295
FMASC,stemness,ASPA,0.007026,0.003478,3.4e-05,7.2e-05,0.052552,1296
FMASC,stemness,TRIM68,0.017383,0.010522,0.000102,7.2e-05,0.020956,1297
FMASC,stemness,NGFR,0.011512,0.008031,7.8e-05,7.1e-05,0.038763,1298
FMASC,stemness,COL9A1,0.006596,0.005564,5.4e-05,7.1e-05,0.077496,1299
FMASC,stemness,APBB1IP,0.010438,0.010711,0.000104,7.1e-05,0.008044,1300
FMASC,stemness,RPS6KA6,0.011795,0.006864,6.7e-05,6.9e-05,0.037969,1301
FMASC,stemness,LRRC49,0.016013,0.00931,9e-05,6.9e-05,0.028354,1302
FMASC,stemness,FAM72A,0.007053,0.003661,3.5e-05,6.8e-05,0.042624,1303
FMASC,stemness,GALM,0.031851,0.023049,0.000223,6.8e-05,-0.002777,1304
FMASC,stemness,LSP1,0.075106,0.081164,0.000787,6.7e-05,0.074728,1305
FMASC,stemness,MPV17L,0.022125,0.015733,0.000152,6.7e-05,0.030101,1306
FMASC,stemness,SPARCL1,0.092919,0.117132,0.001135,6.7e-05,0.09743,1307
FMASC,stemness,GJC3,0.015153,0.00927,9e-05,6.6e-05,0.030198,1308
FMASC,stemness,TBCEL,0.013071,0.007354,7.1e-05,6.6e-05,0.040329,1309
FMASC,stemness,RFTN2,0.006838,0.00367,3.6e-05,6.6e-05,0.072042,1310
FMASC,stemness,MYCN,0.006448,0.003421,3.3e-05,6.5e-05,0.044131,1311
FMASC,stemness,ITGA7,0.006663,0.003142,3e-05,6.5e-05,0.061743,1312
FMASC,stemness,HMGCLL1,0.021829,0.015023,0.000146,6.5e-05,0.035816,1313
FMASC,stemness,DENND2A,0.013984,0.009133,8.9e-05,6.5e-05,0.027746,1314
FMASC,stemness,SGCD,0.0063,0.003965,3.8e-05,6.5e-05,0.051015,1315
FMASC,stemness,HLF,0.012104,0.007548,7.3e-05,6.4e-05,0.037306,1316
FMASC,stemness,FGF18,0.009511,0.004596,4.5e-05,6.3e-05,0.027509,1317
FMASC,stemness,ZIK1,0.011848,0.006916,6.7e-05,6.3e-05,0.04611,1318
FMASC,stemness,RGS11,0.011647,0.006385,6.2e-05,6.3e-05,0.024745,1319
FMASC,stemness,HEPH,0.010841,0.007153,6.9e-05,6.3e-05,0.040699,1320
FMASC,stemness,FREM2,0.005991,0.003982,3.9e-05,6.3e-05,0.05218,1321
FMASC,stemness,DNAJC6,0.010774,0.005691,5.5e-05,6.2e-05,-0.003624,1322
FMASC,stemness,FREM1,0.004043,0.002359,2.3e-05,6.2e-05,0.064199,1323
FMASC,stemness,SRPK3,0.012036,0.007313,7.1e-05,6.2e-05,0.020019,1324
FMASC,stemness,SEC16B,0.009175,0.005136,5e-05,6.2e-05,0.010175,1325
FMASC,stemness,CTTNBP2,0.012695,0.007515,7.3e-05,6.1e-05,0.033037,1326
FMASC,stemness,RAB36,0.009941,0.006097,5.9e-05,6.1e-05,0.033578,1327
FMASC,stemness,GRIA2,0.006542,0.00394,3.8e-05,6.1e-05,0.058761,1328
FMASC,stemness,EPDR1,0.013648,0.008506,8.2e-05,6.1e-05,0.02258,1329
FMASC,stemness,BHLHB9,0.012708,0.007761,7.5e-05,5.9e-05,0.031892,1330
FMASC,stemness,SLITRK5,0.007106,0.003619,3.5e-05,5.9e-05,0.028017,1331
FMASC,stemness,TOX,0.00943,0.006441,6.2e-05,5.9e-05,0.062328,1332
FMASC,stemness,HFE,0.013299,0.008277,8e-05,5.9e-05,0.033593,1333
FMASC,stemness,IGSF11,0.004057,0.001821,1.8e-05,5.8e-05,0.064143,1334
FMASC,stemness,SFRP2,0.075456,0.113708,0.001102,5.7e-05,0.10562,1335
FMASC,stemness,LRRIQ1,0.011929,0.007873,7.6e-05,5.7e-05,0.024113,1336
FMASC,stemness,GRHL3,0.013178,0.008064,7.8e-05,5.6e-05,0.025316,1337
FMASC,stemness,GLDC,0.00587,0.002979,2.9e-05,5.6e-05,0.039402,1338
FMASC,stemness,BCAS1,0.011808,0.006935,6.7e-05,5.6e-05,0.031359,1339
FMASC,stemness,CDKL3,0.01522,0.009203,8.9e-05,5.6e-05,0.028415,1340
FMASC,stemness,TMPRSS5,0.006381,0.00353,3.4e-05,5.5e-05,0.04166,1341
FMASC,stemness,NTRK3,0.00888,0.005302,5.1e-05,5.5e-05,0.033817,1342
FMASC,stemness,MBNL3,0.013527,0.009151,8.9e-05,5.5e-05,0.032628,1343
FMASC,stemness,PFN4,0.009,0.004442,4.3e-05,5.5e-05,0.018827,1344
FMASC,stemness,ANGPT1,0.013904,0.010835,0.000105,5.4e-05,0.021544,1345
FMASC,stemness,TLR3,0.014293,0.009093,8.8e-05,5.4e-05,0.010515,1346
FMASC,stemness,FMNL3,0.009135,0.005885,5.7e-05,5.3e-05,0.039815,1347
FMASC,stemness,CRTAC1,0.006676,0.00347,3.4e-05,5.3e-05,0.020192,1348
FMASC,stemness,NCAN,0.003143,0.002898,2.8e-05,5.2e-05,0.035017,1349
FMASC,stemness,ELMO1,0.01299,0.009809,9.5e-05,5.2e-05,0.043788,1350
FMASC,stemness,ATP6V1B1,0.017195,0.012869,0.000125,5.1e-05,0.001685,1351
FMASC,stemness,EVC,0.008329,0.004389,4.3e-05,5.1e-05,0.049764,1352
FMASC,stemness,COL5A2,0.020929,0.023698,0.00023,5e-05,0.08478,1353
FMASC,stemness,NPL,0.02324,0.01648,0.00016,5e-05,0.008984,1354
FMASC,stemness,DOCK10,0.012318,0.009333,9e-05,4.9e-05,0.056105,1355
FMASC,stemness,EGF,0.009027,0.005365,5.2e-05,4.9e-05,0.023366,1356
FMASC,stemness,CSN1S1,0.004635,0.008942,8.7e-05,4.9e-05,0.003365,1357
FMASC,stemness,IGSF10,0.00712,0.004605,4.5e-05,4.9e-05,0.04174,1358
FMASC,stemness,AMPH,0.014683,0.009085,8.8e-05,4.9e-05,0.000129,1359
FMASC,stemness,VWC2,0.005132,0.00263,2.5e-05,4.8e-05,0.042287,1360
FMASC,stemness,ADAMTS10,0.006985,0.004781,4.6e-05,4.8e-05,0.027761,1361
FMASC,stemness,MAMDC2,0.010021,0.006799,6.6e-05,4.8e-05,0.031485,1362
FMASC,stemness,FBN1,0.016295,0.014437,0.00014,4.8e-05,0.056606,1363
FMASC,stemness,CDH2,0.009229,0.006672,6.5e-05,4.8e-05,0.037689,1364
FMASC,stemness,STXBP6,0.015059,0.008939,8.7e-05,4.8e-05,-0.053261,1365
FMASC,stemness,EMILIN1,0.009874,0.007786,7.5e-05,4.6e-05,0.036699,1366
FMASC,stemness,LRRC56,0.011069,0.006529,6.3e-05,4.5e-05,0.030614,1367
FMASC,stemness,SCN9A,0.005293,0.004022,3.9e-05,4.5e-05,0.01867,1368
FMASC,stemness,ACAD11,0.009027,0.006109,5.9e-05,4.5e-05,0.02698,1369
FMASC,stemness,OLFML2B,0.01612,0.01451,0.000141,4.5e-05,0.059996,1370
FMASC,stemness,ADAMTS18,0.004393,0.0029,2.8e-05,4.4e-05,0.028397,1371
FMASC,stemness,TRPM3,0.003493,0.001336,1.3e-05,4.3e-05,0.049814,1372
FMASC,stemness,FUT9,0.007644,0.00506,4.9e-05,4.3e-05,0.030598,1373
FMASC,stemness,CBS,0.007456,0.004057,3.9e-05,4.2e-05,0.028706,1374
FMASC,stemness,NKD2,0.006529,0.003308,3.2e-05,4.2e-05,0.028009,1375
FMASC,stemness,CALML4,0.01068,0.006424,6.2e-05,4.2e-05,-0.005319,1376
FMASC,stemness,GPRASP1,0.006918,0.004404,4.3e-05,4.2e-05,0.038308,1377
FMASC,stemness,TSPAN18,0.005884,0.003036,2.9e-05,4.1e-05,0.026615,1378
FMASC,stemness,HIF3A,0.005803,0.004813,4.7e-05,4.1e-05,0.047459,1379
FMASC,stemness,LGR5,0.005239,0.005003,4.8e-05,4.1e-05,0.038052,1380
FMASC,stemness,DPYSL5,0.003224,0.001483,1.4e-05,4e-05,0.057499,1381
FMASC,stemness,FBXL7,0.008033,0.004416,4.3e-05,4e-05,0.004779,1382
FMASC,stemness,MEG3,0.010008,0.010114,9.8e-05,4e-05,0.053555,1383
FMASC,stemness,RGS20,0.010868,0.006476,6.3e-05,4e-05,-0.043045,1384
FMASC,stemness,GABRA2,0.002311,0.001706,1.7e-05,4e-05,0.048548,1385
FMASC,stemness,FHL1,0.012681,0.010135,9.8e-05,4e-05,0.049856,1386
FMASC,stemness,JAM3,0.007241,0.005077,4.9e-05,4e-05,0.033293,1387
FMASC,stemness,PKIA,0.009833,0.006335,6.1e-05,3.9e-05,0.024238,1388
FMASC,stemness,TENM4,0.002324,0.001718,1.7e-05,3.9e-05,0.010836,1389
FMASC,stemness,PCDH11X,0.003533,0.002313,2.2e-05,3.9e-05,0.051498,1390
FMASC,stemness,CNRIP1,0.009686,0.008401,8.1e-05,3.8e-05,0.066596,1391
FMASC,stemness,GALNT12,0.004164,0.001912,1.9e-05,3.8e-05,0.022788,1392
FMASC,stemness,ITIH5,0.012345,0.00919,8.9e-05,3.8e-05,0.023385,1393
FMASC,stemness,FRMD5,0.003479,0.001683,1.6e-05,3.8e-05,0.02638,1394
FMASC,stemness,ZCCHC18,0.006005,0.003748,3.6e-05,3.7e-05,0.037807,1395
FMASC,stemness,GRAMD1B,0.005669,0.003804,3.7e-05,3.6e-05,0.030187,1396
FMASC,stemness,PTGS1,0.010021,0.006601,6.4e-05,3.6e-05,0.008088,1397
FMASC,stemness,PCDH8,0.004393,0.002843,2.8e-05,3.6e-05,0.022002,1398
FMASC,stemness,CLDN9,0.005763,0.003594,3.5e-05,3.5e-05,0.018843,1399
FMASC,stemness,EFCAB1,0.00583,0.003321,3.2e-05,3.5e-05,0.015219,1400
FMASC,stemness,LRRC17,0.003815,0.002411,2.3e-05,3.5e-05,0.050867,1401
FMASC,stemness,CYGB,0.008759,0.006476,6.3e-05,3.4e-05,0.019007,1402
FMASC,stemness,SHPK,0.004621,0.002297,2.2e-05,3.4e-05,0.033274,1403
FMASC,stemness,ALDH1A2,0.006018,0.004056,3.9e-05,3.4e-05,0.017425,1404
FMASC,stemness,PAMR1,0.00665,0.005006,4.9e-05,3.4e-05,0.02505,1405
FMASC,stemness,KCNH8,0.004433,0.002713,2.6e-05,3.4e-05,0.016986,1406
FMASC,stemness,LAMA2,0.006381,0.005043,4.9e-05,3.3e-05,0.042824,1407
FMASC,stemness,MGAT3,0.004299,0.002029,2e-05,3.3e-05,0.02998,1408
FMASC,stemness,DHRS2,0.018511,0.018022,0.000175,3.3e-05,0.02218,1409
FMASC,stemness,GRIA4,0.005938,0.004234,4.1e-05,3.3e-05,0.03048,1410
FMASC,stemness,EML5,0.007093,0.004468,4.3e-05,3.3e-05,0.032825,1411
FMASC,stemness,FGF10,0.006179,0.005261,5.1e-05,3.3e-05,0.052274,1412
FMASC,stemness,SCUBE1,0.003654,0.001631,1.6e-05,3.2e-05,0.036391,1413
FMASC,stemness,CCDC69,0.014414,0.010446,0.000101,3.2e-05,0.047139,1414
FMASC,stemness,STARD9,0.005024,0.003736,3.6e-05,3.2e-05,0.041692,1415
FMASC,stemness,BCHE,0.004755,0.004318,4.2e-05,3.1e-05,0.041419,1416
FMASC,stemness,ERMN,0.002633,0.001257,1.2e-05,3.1e-05,0.046034,1417
FMASC,stemness,SLC4A4,0.004661,0.002707,2.6e-05,3.1e-05,0.021971,1418
FMASC,stemness,NPY5R,0.004258,0.0026,2.5e-05,3.1e-05,0.039028,1419
FMASC,stemness,POU3F2,0.001867,0.000669,6e-06,3.1e-05,0.060899,1420
FMASC,stemness,PAX3,0.002808,0.001738,1.7e-05,3e-05,0.014276,1421
FMASC,stemness,SEMA5B,0.004352,0.002288,2.2e-05,3e-05,-0.002923,1422
FMASC,stemness,KCNMB4,0.005696,0.003075,3e-05,3e-05,0.015489,1423
FMASC,stemness,DLK1,0.003735,0.004282,4.2e-05,3e-05,0.028237,1424
FMASC,stemness,NECAB1,0.004379,0.002366,2.3e-05,3e-05,0.042208,1425
FMASC,stemness,GNA14,0.006972,0.003789,3.7e-05,3e-05,-0.00891,1426
FMASC,stemness,MED12L,0.005172,0.003322,3.2e-05,2.9e-05,0.026628,1427
FMASC,stemness,GRIK2,0.002982,0.001666,1.6e-05,2.9e-05,-0.001481,1428
FMASC,stemness,TMEM100,0.005481,0.005243,5.1e-05,2.8e-05,0.044558,1429
FMASC,stemness,PABPC4L,0.004124,0.002538,2.5e-05,2.8e-05,0.030824,1430
FMASC,stemness,GALNT5,0.004258,0.002716,2.6e-05,2.8e-05,0.04689,1431
FMASC,stemness,RUNX1T1,0.006569,0.005262,5.1e-05,2.8e-05,0.037926,1432
FMASC,stemness,IFFO1,0.006609,0.004601,4.5e-05,2.7e-05,0.03098,1433
FMASC,stemness,SARDH,0.007241,0.004084,4e-05,2.7e-05,0.026363,1434
FMASC,stemness,FAM149A,0.003117,0.001777,1.7e-05,2.6e-05,0.029007,1435
FMASC,stemness,IGDCC3,0.004944,0.002742,2.7e-05,2.6e-05,0.03654,1436
FMASC,stemness,DPP4,0.007885,0.00609,5.9e-05,2.6e-05,0.009235,1437
FMASC,stemness,RXRG,0.00266,0.001326,1.3e-05,2.6e-05,0.013742,1438
FMASC,stemness,LRRC4,0.003506,0.001605,1.6e-05,2.5e-05,0.021461,1439
FMASC,stemness,ANKLE1,0.002767,0.001461,1.4e-05,2.5e-05,0.032372,1440
FMASC,stemness,VAV1,0.009403,0.006247,6.1e-05,2.5e-05,-0.016499,1441
FMASC,stemness,SNX32,0.003829,0.002243,2.2e-05,2.4e-05,0.018702,1442
FMASC,stemness,ITGA4,0.010586,0.010123,9.8e-05,2.4e-05,0.020716,1443
FMASC,stemness,PCDH10,0.003318,0.002134,2.1e-05,2.4e-05,0.030804,1444
FMASC,stemness,ADAM23,0.002015,0.000889,9e-06,2.4e-05,0.040897,1445
FMASC,stemness,MDGA2,0.004017,0.002256,2.2e-05,2.4e-05,0.010232,1446
FMASC,stemness,SOX21,0.001814,0.000819,8e-06,2.3e-05,0.043233,1447
FMASC,stemness,PREX2,0.005145,0.004855,4.7e-05,2.3e-05,0.038029,1448
FMASC,stemness,TENM3,0.003331,0.002223,2.2e-05,2.3e-05,0.017775,1449
FMASC,stemness,GAL3ST1,0.003143,0.001354,1.3e-05,2.3e-05,0.025453,1450
FMASC,stemness,KCND2,0.002633,0.001259,1.2e-05,2.2e-05,0.043452,1451
FMASC,stemness,ADAMTS12,0.007885,0.006855,6.6e-05,2.2e-05,0.035065,1452
FMASC,stemness,IGF2BP1,0.002808,0.003292,3.2e-05,2.2e-05,0.048594,1453
FMASC,stemness,ACVR1C,0.003103,0.00162,1.6e-05,2.1e-05,0.019237,1454
FMASC,stemness,B3GAT2,0.003278,0.001826,1.8e-05,2.1e-05,0.024486,1455
FMASC,stemness,DMRT2,0.002714,0.001645,1.6e-05,2.1e-05,0.025901,1456
FMASC,stemness,WFDC1,0.003829,0.002794,2.7e-05,2e-05,0.042272,1457
FMASC,stemness,NXPH1,0.002082,0.00135,1.3e-05,2e-05,0.017286,1458
FMASC,stemness,SEMA3D,0.005615,0.004527,4.4e-05,2e-05,0.01221,1459
FMASC,stemness,ANO3,0.002257,0.001159,1.1e-05,2e-05,0.013777,1460
FMASC,stemness,SELPLG,0.008382,0.006967,6.8e-05,2e-05,0.009053,1461
FMASC,stemness,ENOX1,0.006394,0.003916,3.8e-05,2e-05,0.010597,1462
FMASC,stemness,OLFM3,0.001773,0.001012,1e-05,2e-05,0.046117,1463
FMASC,stemness,COL19A1,0.002687,0.002014,2e-05,2e-05,0.036762,1464
FMASC,stemness,ATP6V1G2,0.004729,0.002647,2.6e-05,2e-05,0.016695,1465
FMASC,stemness,MGAT4C,0.002861,0.001603,1.6e-05,1.9e-05,-0.004925,1466
FMASC,stemness,NTM,0.004017,0.002886,2.8e-05,1.9e-05,0.030468,1467
FMASC,stemness,JAKMIP2,0.00223,0.001582,1.5e-05,1.8e-05,0.024351,1468
FMASC,stemness,P4HA3,0.003278,0.002182,2.1e-05,1.8e-05,0.04095,1469
FMASC,stemness,MMP19,0.004057,0.004501,4.4e-05,1.8e-05,0.027639,1470
FMASC,stemness,FGD5,0.005682,0.003783,3.7e-05,1.7e-05,-0.009756,1471
FMASC,stemness,NDST3,0.002055,0.001115,1.1e-05,1.7e-05,0.017264,1472
FMASC,stemness,IKZF1,0.009538,0.008526,8.3e-05,1.7e-05,0.013693,1473
FMASC,stemness,BMPER,0.001639,0.001,1e-05,1.7e-05,0.04241,1474
FMASC,stemness,RGS17,0.002606,0.00175,1.7e-05,1.7e-05,0.013708,1475
FMASC,stemness,COL15A1,0.014213,0.016145,0.000156,1.7e-05,0.06768,1476
FMASC,stemness,ATP1A2,0.001034,0.000804,8e-06,1.7e-05,0.014862,1477
FMASC,stemness,MYO7A,0.004111,0.003118,3e-05,1.6e-05,0.005544,1478
FMASC,stemness,MAL,0.005736,0.004228,4.1e-05,1.6e-05,0.036239,1479
FMASC,stemness,WISP1,0.002445,0.001942,1.9e-05,1.6e-05,0.026767,1480
FMASC,stemness,PCDH19,0.002485,0.001259,1.2e-05,1.6e-05,0.025144,1481
FMASC,stemness,CPZ,0.00489,0.00356,3.5e-05,1.6e-05,0.000606,1482
FMASC,stemness,TNFRSF13C,0.002754,0.001507,1.5e-05,1.5e-05,0.017995,1483
FMASC,stemness,CLDN6,0.011647,0.014767,0.000143,1.5e-05,0.072088,1484
FMASC,stemness,ISL1,0.001572,0.000815,8e-06,1.5e-05,0.018252,1485
FMASC,stemness,CHN2,0.001881,0.001351,1.3e-05,1.5e-05,0.016152,1486
FMASC,stemness,GLI2,0.0018,0.001131,1.1e-05,1.5e-05,0.022956,1487
FMASC,stemness,LINGO3,0.001196,0.00049,5e-06,1.4e-05,0.020522,1488
FMASC,stemness,GABRB3,0.005629,0.00321,3.1e-05,1.4e-05,-0.01018,1489
FMASC,stemness,TBXA2R,0.001948,0.001181,1.1e-05,1.4e-05,0.025453,1490
FMASC,stemness,NEGR1,0.00317,0.002521,2.4e-05,1.4e-05,0.025088,1491
FMASC,stemness,MUM1L1,0.003748,0.002382,2.3e-05,1.4e-05,0.015528,1492
FMASC,stemness,SORCS1,0.001881,0.000657,6e-06,1.4e-05,0.009718,1493
FMASC,stemness,LGI4,0.005024,0.00394,3.8e-05,1.3e-05,0.020859,1494
FMASC,stemness,RAD51,0.001222,0.000619,6e-06,1.3e-05,0.028473,1495
FMASC,stemness,TEX15,0.001437,0.000608,6e-06,1.3e-05,0.032163,1496
FMASC,stemness,NID2,0.003305,0.003025,2.9e-05,1.3e-05,0.046949,1497
FMASC,stemness,EGFL8,0.004675,0.003145,3e-05,1.3e-05,0.02777,1498
FMASC,stemness,MTUS2,0.004366,0.00318,3.1e-05,1.3e-05,0.010006,1499
FMASC,stemness,LRRTM2,0.002633,0.001573,1.5e-05,1.3e-05,0.02191,1500
FMASC,stemness,MPZ,0.006341,0.005779,5.6e-05,1.2e-05,0.020372,1501
FMASC,stemness,TSPAN11,0.004715,0.003114,3e-05,1.2e-05,0.014396,1502
FMASC,stemness,PDZRN4,0.003143,0.001699,1.6e-05,1.2e-05,-0.022198,1503
FMASC,stemness,PABPC5,0.0027,0.001826,1.8e-05,1.2e-05,0.029663,1504
FMASC,stemness,NLGN1,0.001719,0.001036,1e-05,1.2e-05,0.024013,1505
FMASC,stemness,ANK2,0.004487,0.003458,3.4e-05,1.2e-05,0.017161,1506
FMASC,stemness,CYTIP,0.016819,0.016166,0.000157,1.2e-05,0.029615,1507
FMASC,stemness,CDH8,0.00262,0.001539,1.5e-05,1.2e-05,0.003145,1508
FMASC,stemness,BHLHE22,0.001921,0.001024,1e-05,1.2e-05,0.015875,1509
FMASC,stemness,PCDHA1,0.001182,0.000516,5e-06,1.1e-05,0.026543,1510
FMASC,stemness,LRCH2,0.002055,0.001434,1.4e-05,1.1e-05,0.017786,1511
FMASC,stemness,PLAC1,0.004406,0.002958,2.9e-05,1.1e-05,-0.027363,1512
FMASC,stemness,RGS1,0.025362,0.030042,0.000291,1.1e-05,0.03259,1513
FMASC,stemness,CORT,0.001236,0.000689,7e-06,1.1e-05,0.014531,1514
FMASC,stemness,ANKDD1B,0.002485,0.00163,1.6e-05,1e-05,0.031431,1515
FMASC,stemness,TYRP1,0.001961,0.001007,1e-05,9e-06,-0.002452,1516
FMASC,stemness,FAP,0.010115,0.010644,0.000103,9e-06,0.048289,1517
FMASC,stemness,MAG,0.002808,0.002012,2e-05,9e-06,0.025466,1518
FMASC,stemness,CACNA2D3,0.002445,0.001178,1.1e-05,9e-06,0.02297,1519
FMASC,stemness,ARHGAP6,0.005387,0.003898,3.8e-05,9e-06,0.020382,1520
FMASC,stemness,SAMSN1,0.009699,0.010572,0.000102,9e-06,0.018454,1521
FMASC,stemness,VAT1L,0.001572,0.000957,9e-06,8e-06,0.016169,1522
FMASC,stemness,GREM2,0.001478,0.001175,1.1e-05,8e-06,0.016695,1523
FMASC,stemness,LRRN3,0.004017,0.003561,3.5e-05,8e-06,0.018306,1524
FMASC,stemness,RBM20,0.001142,0.000942,9e-06,8e-06,0.020556,1525
FMASC,stemness,RUNDC3B,0.003049,0.002153,2.1e-05,8e-06,0.020296,1526
FMASC,stemness,TRAT1,0.00309,0.003093,3e-05,8e-06,0.003119,1527
FMASC,stemness,CBLN2,0.001652,0.001007,1e-05,8e-06,0.000268,1528
FMASC,stemness,KEL,0.001236,0.000636,6e-06,8e-06,0.007758,1529
FMASC,stemness,CTNNA3,0.001236,0.00081,8e-06,8e-06,0.015255,1530
FMASC,stemness,DAAM2,0.004849,0.003652,3.5e-05,8e-06,0.02597,1531
FMASC,stemness,HDC,0.00094,0.000768,7e-06,8e-06,0.016006,1532
FMASC,stemness,DAB1,0.000913,0.000419,4e-06,8e-06,0.022013,1533
FMASC,stemness,ZFPM2,0.001222,0.000705,7e-06,7e-06,0.007693,1534
FMASC,stemness,DENND1C,0.003761,0.002766,2.7e-05,7e-06,0.008359,1535
FMASC,stemness,B3GALT2,0.000954,0.000678,7e-06,7e-06,0.015642,1536
FMASC,stemness,SVEP1,0.003251,0.002865,2.8e-05,7e-06,0.030506,1537
FMASC,stemness,PURG,0.000645,0.000292,3e-06,7e-06,0.017933,1538
FMASC,stemness,EDAR,0.00094,0.000548,5e-06,7e-06,0.005704,1539
FMASC,stemness,GFRA2,0.001357,0.000652,6e-06,7e-06,0.004579,1540
FMASC,stemness,MTTP,0.001142,0.000573,6e-06,7e-06,0.013619,1541
FMASC,stemness,TNMD,0.000766,0.000724,7e-06,6e-06,0.009071,1542
FMASC,stemness,GPR37L1,0.001599,0.000866,8e-06,6e-06,-0.005034,1543
FMASC,stemness,CORO2B,0.001558,0.000973,9e-06,6e-06,0.009283,1544
FMASC,stemness,TCHH,0.003009,0.0021,2e-05,6e-06,-0.009354,1545
FMASC,stemness,GRIA3,0.002163,0.002373,2.3e-05,6e-06,0.037859,1546
FMASC,stemness,PCDHA6,0.002472,0.001617,1.6e-05,6e-06,0.0023,1547
FMASC,stemness,DACH2,0.000913,0.000483,5e-06,6e-06,0.002199,1548
FMASC,stemness,ABCA6,0.003667,0.003744,3.6e-05,6e-06,0.033939,1549
FMASC,stemness,PKHD1L1,0.000631,0.00041,4e-06,6e-06,-0.004543,1550
FMASC,stemness,PRKCQ,0.003103,0.00237,2.3e-05,6e-06,0.013979,1551
FMASC,stemness,AJAP1,0.000631,0.00032,3e-06,5e-06,0.014183,1552
FMASC,stemness,SYNPR,0.000564,0.000357,3e-06,5e-06,0.012978,1553
FMASC,stemness,SCN2B,0.000833,0.000417,4e-06,5e-06,0.005108,1554
FMASC,stemness,SYN3,0.001249,0.000686,7e-06,5e-06,0.012239,1555
FMASC,stemness,MYBPC2,0.003143,0.002254,2.2e-05,5e-06,0.003172,1556
FMASC,stemness,GABRG2,0.000685,0.000453,4e-06,5e-06,0.007506,1557
FMASC,stemness,HHIP,0.000403,0.000211,2e-06,5e-06,0.013921,1558
FMASC,stemness,SCG3,0.000645,0.000381,4e-06,4e-06,0.000175,1559
FMASC,stemness,ADORA3,0.001061,0.000914,9e-06,4e-06,0.01408,1560
FMASC,stemness,ADAM33,0.001719,0.001621,1.6e-05,4e-06,0.031884,1561
FMASC,stemness,GAP43,0.000954,0.000535,5e-06,4e-06,-0.000304,1562
FMASC,stemness,WNT16,0.000416,0.000276,3e-06,4e-06,0.001605,1563
FMASC,stemness,EBF2,0.000793,0.000771,7e-06,4e-06,0.022616,1564
FMASC,stemness,KCNB2,0.001008,0.000557,5e-06,4e-06,0.004165,1565
FMASC,stemness,PEX5L,0.00137,0.000786,8e-06,4e-06,-0.008714,1566
FMASC,stemness,KERA,0.000349,0.000373,4e-06,3e-06,0.01745,1567
FMASC,stemness,TMEFF2,0.000296,0.000141,1e-06,3e-06,0.004718,1568
FMASC,stemness,TNFSF8,0.00129,0.001214,1.2e-05,3e-06,0.008761,1569
FMASC,stemness,ACTC1,0.000766,0.000906,9e-06,3e-06,0.020603,1570
FMASC,stemness,MMP8,0.000457,0.000439,4e-06,3e-06,0.003605,1571
FMASC,stemness,HCK,0.006032,0.005012,4.9e-05,3e-06,0.00711,1572
FMASC,stemness,SLC5A9,0.000363,0.000207,2e-06,3e-06,0.009396,1573
FMASC,stemness,ADCY8,0.000403,0.000163,2e-06,3e-06,-0.000155,1574
FMASC,stemness,LDB2,0.008221,0.008871,8.6e-05,3e-06,0.042817,1575
FMASC,stemness,MYOZ2,0.000443,0.000155,2e-06,3e-06,0.002076,1576
FMASC,stemness,C1QL3,0.000202,0.000107,1e-06,3e-06,0.012731,1577
FMASC,stemness,PFKFB1,0.001276,0.000744,7e-06,3e-06,0.004816,1578
FMASC,stemness,EPHA3,0.000725,0.000646,6e-06,3e-06,0.017926,1579
FMASC,stemness,LTK,0.000712,0.000517,5e-06,3e-06,0.009925,1580
FMASC,stemness,ADAMTS20,0.000296,0.000178,2e-06,3e-06,-0.004083,1581
FMASC,stemness,RELN,0.000927,0.000835,8e-06,3e-06,0.013892,1582
FMASC,stemness,SLITRK2,0.000497,0.000269,3e-06,2e-06,0.014564,1583
FMASC,stemness,SELL,0.007147,0.006845,6.6e-05,2e-06,0.011748,1584
FMASC,stemness,GPD1,0.002405,0.001529,1.5e-05,2e-06,0.009275,1585
FMASC,stemness,NEFL,0.000699,0.000451,4e-06,2e-06,-0.0001,1586
FMASC,stemness,RHD,0.000242,0.000133,1e-06,2e-06,0.00385,1587
FMASC,stemness,SFRP5,0.000134,5.3e-05,1e-06,2e-06,0.005452,1588
FMASC,stemness,LRRTM4,0.000309,0.000179,2e-06,2e-06,0.001378,1589
FMASC,stemness,CDH10,0.000416,0.000374,4e-06,2e-06,0.016849,1590
FMASC,stemness,INSC,0.000363,0.000237,2e-06,2e-06,0.009381,1591
FMASC,stemness,LRRTM1,0.000228,0.000188,2e-06,2e-06,0.011018,1592
FMASC,stemness,KLHL6,0.001934,0.001695,1.6e-05,1e-06,0.008679,1593
FMASC,stemness,SPOCK3,0.000215,0.000113,1e-06,1e-06,0.005187,1594
FMASC,stemness,FMN2,0.00051,0.0004,4e-06,1e-06,0.007275,1595
FMASC,stemness,MAP4K1,0.008033,0.00706,6.8e-05,1e-06,0.02043,1596
FMASC,stemness,MUSK,9.4e-05,5.7e-05,1e-06,1e-06,0.007101,1597
FMASC,stemness,KCNA4,0.000121,4.1e-05,0.0,1e-06,0.012207,1598
FMASC,stemness,GPR171,0.001625,0.001462,1.4e-05,1e-06,-0.005124,1599
FMASC,stemness,PRSS35,0.000121,9.2e-05,1e-06,1e-06,0.005083,1600
FMASC,stemness,GPR17,0.000121,0.000116,1e-06,1e-06,0.004671,1601
FMASC,stemness,MAB21L1,0.001343,0.001183,1.1e-05,1e-06,0.015712,1602
FMASC,stemness,MAGEE2,0.000188,0.000124,1e-06,1e-06,-0.002494,1603
FMASC,stemness,GRM3,0.000107,8e-05,1e-06,1e-06,6.4e-05,1604
FMASC,stemness,GRID2,0.000658,0.000446,4e-06,1e-06,-0.00136,1605
FMASC,stemness,GABRA4,6.7e-05,2.8e-05,0.0,1e-06,0.004226,1606
FMASC,stemness,TYR,6.7e-05,2.8e-05,0.0,1e-06,0.003859,1607
FMASC,stemness,ADCYAP1R1,0.000228,0.000292,3e-06,1e-06,0.014125,1608
FMASC,stemness,ADIPOQ,0.000175,0.000139,1e-06,1e-06,-0.004503,1609
FMASC,stemness,GDPD2,0.00039,0.000206,2e-06,1e-06,0.006888,1610
FMASC,stemness,FAM19A1,0.000148,8e-05,1e-06,1e-06,0.000171,1611
FMASC,stemness,SLC36A2,8.1e-05,5.7e-05,1e-06,0.0,0.007188,1612
FMASC,stemness,AIRN,6.7e-05,2e-05,0.0,0.0,0.002813,1613
FMASC,stemness,MMD2,0.000107,8.2e-05,1e-06,0.0,0.006612,1614
FMASC,stemness,TMEM207,9.4e-05,3e-05,0.0,0.0,-0.005278,1615
FMASC,stemness,USH2A,0.000134,0.000108,1e-06,0.0,0.004782,1616
FMASC,stemness,ABCB4,0.000228,0.00012,1e-06,0.0,0.006576,1617
FMASC,stemness,SRL,9.4e-05,5.6e-05,1e-06,0.0,0.002386,1618
FMASC,stemness,CCR2,0.000833,0.00086,8e-06,0.0,0.00676,1619
FMASC,stemness,RAG2,9.4e-05,6.9e-05,1e-06,0.0,0.003146,1620
FMASC,stemness,EBF1,0.003587,0.003837,3.7e-05,0.0,0.033666,1621
FMASC,stemness,MYOCD,0.000416,0.000304,3e-06,0.0,0.004325,1622
FMASC,stemness,DCLK3,6.7e-05,3.2e-05,0.0,0.0,0.000909,1623
FMASC,stemness,CLEC12B,8.1e-05,6.2e-05,1e-06,0.0,-0.000704,1624
FMASC,stemness,P2RY12,0.000242,0.000167,2e-06,0.0,-0.002419,1625
FMASC,stemness,CSMD3,4e-05,7e-06,0.0,0.0,0.00216,1626
FMASC,stemness,P2RX1,0.000376,0.000313,3e-06,0.0,0.00878,1627
FMASC,stemness,IGLL1,0.000161,9.5e-05,1e-06,0.0,0.00335,1628
FMASC,stemness,KCNA1,0.000537,0.000411,4e-06,0.0,0.008801,1629
FMASC,stemness,PRKCB,0.00364,0.003262,3.2e-05,-0.0,0.012932,1630
FMASC,stemness,TRIM10,0.000121,0.000138,1e-06,-0.0,0.002659,1631
FMASC,stemness,DAZL,5.4e-05,4.9e-05,0.0,-0.0,0.002637,1632
FMASC,stemness,ATP12A,0.000658,0.000466,5e-06,-0.0,0.010728,1633
FMASC,stemness,GABRA1,0.000107,7.1e-05,1e-06,-0.0,-0.003896,1634
FMASC,stemness,CLEC12A,0.000981,0.000854,8e-06,-0.0,0.004577,1635
FMASC,stemness,ARL13A,4e-05,2.8e-05,0.0,-1e-06,0.007479,1636
FMASC,stemness,MAGEB16,0.000685,0.000469,5e-06,-1e-06,-0.015496,1637
FMASC,stemness,CDH6,0.001034,0.001235,1.2e-05,-1e-06,0.024039,1638
FMASC,stemness,CORIN,0.000833,0.000791,8e-06,-1e-06,0.002455,1639
FMASC,stemness,EPHA5,0.000228,0.000184,2e-06,-1e-06,0.006622,1640
FMASC,stemness,CLEC4D,0.000121,0.000122,1e-06,-1e-06,-0.005322,1641
FMASC,stemness,KHDRBS2,0.000336,0.000322,3e-06,-1e-06,0.009766,1642
FMASC,stemness,CNTN6,0.00039,0.000377,4e-06,-1e-06,0.004569,1643
FMASC,stemness,CIDEC,0.000913,0.000627,6e-06,-2e-06,-0.004199,1644
FMASC,stemness,AKR1B10,0.00266,0.001748,1.7e-05,-2e-06,-0.014689,1645
FMASC,stemness,P2RY14,0.000712,0.000722,7e-06,-2e-06,0.010924,1646
FMASC,stemness,ARG1,6.7e-05,0.000106,1e-06,-2e-06,0.008708,1647
FMASC,stemness,TNFRSF13B,0.00047,0.000443,4e-06,-2e-06,-0.002371,1648
FMASC,stemness,KRT79,0.000833,0.000839,8e-06,-3e-06,-0.010695,1649
FMASC,stemness,SCN7A,0.000255,0.000335,3e-06,-3e-06,0.006761,1650
FMASC,stemness,GUCY1A2,0.002149,0.001844,1.8e-05,-3e-06,0.013929,1651
FMASC,stemness,ANGPTL1,0.000887,0.001011,1e-05,-4e-06,0.015548,1652
FMASC,stemness,FPR1,0.001719,0.001527,1.5e-05,-5e-06,0.004677,1653
FMASC,stemness,ADAMDEC1,0.001196,0.0013,1.3e-05,-5e-06,0.00709,1654
FMASC,stemness,CLEC4E,0.000725,0.000763,7e-06,-5e-06,0.001055,1655
FMASC,stemness,LRRTM3,0.00086,0.000798,8e-06,-5e-06,-0.00376,1656
FMASC,stemness,PLAC9,0.023912,0.026429,0.000256,-6e-06,0.075652,1657
FMASC,stemness,OMD,0.002217,0.002541,2.5e-05,-6e-06,0.028712,1658
FMASC,stemness,TMEM119,0.003103,0.003728,3.6e-05,-7e-06,0.032459,1659
FMASC,stemness,WNT2,0.002297,0.002814,2.7e-05,-9e-06,0.024051,1660
FMASC,stemness,VGLL3,0.00583,0.00561,5.4e-05,-1e-05,0.029025,1661
FMASC,stemness,LRMP,0.002149,0.002135,2.1e-05,-1e-05,0.010024,1662
FMASC,stemness,CPA3,0.001773,0.002316,2.2e-05,-1.1e-05,0.019575,1663
FMASC,stemness,GPR65,0.008772,0.009037,8.8e-05,-1.1e-05,0.012166,1664
FMASC,stemness,EPYC,0.001048,0.001442,1.4e-05,-1.1e-05,0.014504,1665
FMASC,stemness,EGFL6,0.004017,0.004313,4.2e-05,-1.1e-05,0.016984,1666
FMASC,stemness,MEOX2,0.002364,0.002587,2.5e-05,-1.2e-05,0.018187,1667
FMASC,stemness,OLFML1,0.001787,0.002398,2.3e-05,-1.2e-05,0.025216,1668
FMASC,stemness,LGALS12,0.002754,0.002685,2.6e-05,-1.5e-05,-0.002109,1669
FMASC,stemness,DPT,0.01209,0.015705,0.000152,-1.5e-05,0.047624,1670
FMASC,stemness,OGN,0.003976,0.005064,4.9e-05,-1.7e-05,0.032277,1671
FMASC,stemness,LAIR1,0.007093,0.007254,7e-05,-1.7e-05,0.021527,1672
FMASC,stemness,PCDH17,0.003452,0.003554,3.4e-05,-2e-05,0.013284,1673
FMASC,stemness,CYBB,0.008638,0.009136,8.9e-05,-2e-05,0.018584,1674
FMASC,stemness,CCDC80,0.035961,0.042344,0.00041,-2e-05,0.093669,1675
FMASC,stemness,MEOX1,0.001961,0.002614,2.5e-05,-2e-05,0.013284,1676
FMASC,stemness,ABI3BP,0.005051,0.005936,5.8e-05,-2.1e-05,0.03495,1677
FMASC,stemness,PLEK,0.010371,0.011635,0.000113,-2.2e-05,0.011974,1678
FMASC,stemness,C7,0.0036,0.004708,4.6e-05,-2.3e-05,0.030804,1679
FMASC,stemness,DDC,0.004406,0.004882,4.7e-05,-2.5e-05,0.006433,1680
FMASC,stemness,ASPN,0.008611,0.011191,0.000108,-2.6e-05,0.048416,1681
FMASC,stemness,LALBA,0.003157,0.004604,4.5e-05,-3.3e-05,0.00306,1682
FMASC,stemness,PTPRC,0.021494,0.027968,0.000271,-4.9e-05,0.034568,1683
FMASC,stemness,MFAP4,0.019613,0.024194,0.000234,-5e-05,0.058658,1684
FMASC,stemness,HPGD,0.047111,0.048699,0.000472,-6.3e-05,0.033414,1685
FMASC,stemness,IGF1,0.016859,0.023841,0.000231,-7.2e-05,0.058565,1686
FMASC,stemness,CTSK,0.04699,0.056461,0.000547,-8.4e-05,0.093261,1687
FMASC,stemness,SFRP4,0.017302,0.025166,0.000244,-0.000132,0.064672,1688
FMASC,stemness,POSTN,0.053788,0.073543,0.000713,-0.000134,0.095799,1689
FMASC,stemness,COL1A2,0.090998,0.145301,0.001408,-0.000154,0.14452,1690
FMASC,stemness,ALAS2,0.005723,0.012741,0.000123,-0.000286,0.031531,1691
FMASC,stemness,COL1A1,0.099233,0.153687,0.001489,-0.000311,0.12199,1692
FMASC,stemness,COL3A1,0.075268,0.120216,0.001165,-0.000361,0.127557,1693
FMASC,stemness,ACY3,0.021695,0.043384,0.00042,-0.00039,-0.016994,1694
FMASC,stemness,LUM,0.074193,0.117908,0.001143,-0.000398,0.120919,1695
FMASC,stemness,DCN,0.080023,0.132566,0.001285,-0.000775,0.117852,1696
FMASC,stemness,PIP,0.137209,0.263865,0.002557,-0.00088,0.110619,1697
FMASC,stemness,APOD,0.250521,0.526186,0.0051,-0.000984,0.079576,1698
HALLMARK_IFNA,immune,CD74,0.618275,1.511673,0.058936,0.05629,0.697928,1
HALLMARK_IFNA,immune,IFI27,0.416948,1.075672,0.041938,0.051406,0.673822,2
HALLMARK_IFNA,immune,IFITM1,0.559678,1.172159,0.0457,0.049924,0.652715,3
HALLMARK_IFNA,immune,IFITM3,0.769025,1.847467,0.072028,0.047347,0.654898,4
HALLMARK_IFNA,immune,LY6E,0.632098,1.273043,0.049633,0.045508,0.517498,5
HALLMARK_IFNA,immune,HLA-C,0.737013,1.67926,0.06547,0.042505,0.590842,6
HALLMARK_IFNA,immune,CXCL10,0.154995,0.394557,0.015383,0.041591,0.526202,7
HALLMARK_IFNA,immune,B2M,0.908693,2.733092,0.106557,0.041532,0.679424,8
HALLMARK_IFNA,immune,PSMB9,0.342835,0.583014,0.02273,0.037354,0.641565,9
HALLMARK_IFNA,immune,UBE2L6,0.373047,0.563136,0.021955,0.036908,0.56489,10
HALLMARK_IFNA,immune,BST2,0.495762,0.861855,0.033602,0.03389,0.560277,11
HALLMARK_IFNA,immune,ISG15,0.323948,0.503351,0.019624,0.030639,0.569038,12
HALLMARK_IFNA,immune,TAP1,0.283782,0.385553,0.015032,0.029383,0.539034,13
HALLMARK_IFNA,immune,PSME2,0.525141,0.778176,0.030339,0.027565,0.47285,14
HALLMARK_IFNA,immune,C1S,0.218616,0.334393,0.013037,0.026704,0.517502,15
HALLMARK_IFNA,immune,LGALS3BP,0.339275,0.425776,0.0166,0.022723,0.431049,16
HALLMARK_IFNA,immune,PLSCR1,0.309534,0.380155,0.014821,0.022624,0.468578,17
HALLMARK_IFNA,immune,PSMB8,0.377668,0.464415,0.018106,0.022249,0.497628,18
HALLMARK_IFNA,immune,PSME1,0.566287,0.806614,0.031448,0.021076,0.416891,19
HALLMARK_IFNA,immune,LAP3,0.288188,0.316516,0.01234,0.018816,0.402185,20
HALLMARK_IFNA,immune,CD47,0.421811,0.510039,0.019885,0.017484,0.282855,21
HALLMARK_IFNA,immune,CXCL11,0.078948,0.124219,0.004843,0.016552,0.431295,22
HALLMARK_IFNA,immune,ISG20,0.23166,0.250497,0.009766,0.015869,0.391962,23
HALLMARK_IFNA,immune,GBP2,0.199205,0.207847,0.008103,0.014398,0.401727,24
HALLMARK_IFNA,immune,IRF1,0.339799,0.414785,0.016171,0.011866,0.250055,25
HALLMARK_IFNA,immune,PSMA3,0.380328,0.410245,0.015994,0.011369,0.23288,26
HALLMARK_IFNA,immune,GBP4,0.095767,0.10761,0.004195,0.010331,0.422224,27
HALLMARK_IFNA,immune,IFIT3,0.089883,0.092529,0.003607,0.00991,0.390116,28
HALLMARK_IFNA,immune,IFI44L,0.146035,0.14465,0.00564,0.009055,0.410469,29
HALLMARK_IFNA,immune,MX1,0.187558,0.189392,0.007384,0.008681,0.350226,30
HALLMARK_IFNA,immune,IFI35,0.152362,0.127023,0.004952,0.008237,0.339841,31
HALLMARK_IFNA,immune,OAS1,0.113217,0.101331,0.003951,0.008215,0.357484,32
HALLMARK_IFNA,immune,IFIT2,0.066388,0.073986,0.002885,0.007798,0.297928,33
HALLMARK_IFNA,immune,PARP12,0.130358,0.103652,0.004041,0.007234,0.316706,34
HALLMARK_IFNA,immune,RIPK2,0.192273,0.16297,0.006354,0.007227,0.211435,35
HALLMARK_IFNA,immune,NMI,0.153491,0.120568,0.004701,0.006759,0.301504,36
HALLMARK_IFNA,immune,PARP14,0.161242,0.137422,0.005358,0.006704,0.304844,37
HALLMARK_IFNA,immune,RTP4,0.09617,0.077348,0.003016,0.006383,0.339389,38
HALLMARK_IFNA,immune,PARP9,0.157561,0.120078,0.004682,0.006063,0.286738,39
HALLMARK_IFNA,immune,NCOA7,0.233796,0.222399,0.008671,0.005935,0.194577,40
HALLMARK_IFNA,immune,NUB1,0.208245,0.165406,0.006449,0.005683,0.192022,41
HALLMARK_IFNA,immune,EIF2AK2,0.247283,0.207388,0.008086,0.005469,0.189635,42
HALLMARK_IFNA,immune,IFIH1,0.089104,0.070556,0.002751,0.005447,0.299179,43
HALLMARK_IFNA,immune,ADAR,0.284762,0.247807,0.009661,0.005111,0.162661,44
HALLMARK_IFNA,immune,SP110,0.107696,0.076396,0.002978,0.004103,0.225323,45
HALLMARK_IFNA,immune,IFI44,0.103626,0.081993,0.003197,0.004086,0.283124,46
HALLMARK_IFNA,immune,OASL,0.042289,0.03903,0.001522,0.004011,0.262127,47
HALLMARK_IFNA,immune,BATF2,0.047044,0.035545,0.001386,0.003862,0.295584,48
HALLMARK_IFNA,immune,MVB12A,0.260475,0.21338,0.008319,0.003667,0.120024,49
HALLMARK_IFNA,immune,CMPK2,0.057267,0.04599,0.001793,0.003608,0.274435,50
HALLMARK_IFNA,immune,CNP,0.142529,0.099058,0.003862,0.002702,0.100263,51
HALLMARK_IFNA,immune,IRF7,0.157655,0.130619,0.005093,0.002671,0.153879,52
HALLMARK_IFNA,immune,RSAD2,0.036458,0.032274,0.001258,0.002649,0.223656,53
HALLMARK_IFNA,immune,LAMP3,0.040126,0.030386,0.001185,0.00259,0.220738,54
HALLMARK_IFNA,immune,SAMD9L,0.05728,0.040765,0.001589,0.002488,0.21117,55
HALLMARK_IFNA,immune,OGFR,0.151529,0.102627,0.004001,0.002392,0.098668,56
HALLMARK_IFNA,immune,USP18,0.069652,0.049399,0.001926,0.002174,0.162475,57
HALLMARK_IFNA,immune,TRIM21,0.048804,0.032409,0.001264,0.002078,0.190901,58
HALLMARK_IFNA,immune,CASP8,0.069438,0.045534,0.001775,0.001917,0.130973,59
HALLMARK_IFNA,immune,GMPR,0.082911,0.063529,0.002477,0.001526,0.044428,60
HALLMARK_IFNA,immune,SAMD9,0.04249,0.031376,0.001223,0.001518,0.163346,61
HALLMARK_IFNA,immune,DDX60,0.054177,0.038597,0.001505,0.001509,0.171453,62
HALLMARK_IFNA,immune,CASP1,0.063218,0.045544,0.001776,0.001493,0.178477,63
HALLMARK_IFNA,immune,IFITM2,0.347027,0.460544,0.017956,0.001445,0.120986,64
HALLMARK_IFNA,immune,TRIM14,0.070539,0.043643,0.001702,0.001346,0.102448,65
HALLMARK_IFNA,immune,TMEM140,0.029943,0.020704,0.000807,0.001278,0.157856,66
HALLMARK_IFNA,immune,PNPT1,0.128975,0.092752,0.003616,0.001265,0.057057,67
HALLMARK_IFNA,immune,IRF2,0.144759,0.105537,0.004115,0.001237,0.065668,68
HALLMARK_IFNA,immune,HERC6,0.044035,0.029659,0.001156,0.00111,0.138575,69
HALLMARK_IFNA,immune,PROCR,0.0322,0.021922,0.000855,0.0011,0.124363,70
HALLMARK_IFNA,immune,ELF1,0.195148,0.151315,0.005899,0.001085,0.039414,71
HALLMARK_IFNA,immune,IFI30,0.04433,0.028645,0.001117,0.001052,0.123065,72
HALLMARK_IFNA,immune,HELZ2,0.051652,0.031242,0.001218,0.001034,0.075127,73
HALLMARK_IFNA,immune,TRIM26,0.11847,0.080961,0.003156,0.000986,0.053589,74
HALLMARK_IFNA,immune,IL15,0.036069,0.022791,0.000889,0.000984,0.143522,75
HALLMARK_IFNA,immune,TRAFD1,0.096264,0.067419,0.002629,0.000971,0.06146,76
HALLMARK_IFNA,immune,EPSTI1,0.032294,0.029196,0.001138,0.000958,0.153978,77
HALLMARK_IFNA,immune,IL4R,0.059698,0.035433,0.001381,0.000949,0.080387,78
HALLMARK_IFNA,immune,TENT5A,0.117422,0.082327,0.00321,0.000941,0.017053,79
HALLMARK_IFNA,immune,STAT2,0.07876,0.05431,0.002117,0.000919,0.079855,80
HALLMARK_IFNA,immune,TXNIP,0.209253,0.202555,0.007897,0.000909,0.037095,81
HALLMARK_IFNA,immune,CSF1,0.050684,0.031838,0.001241,0.000903,0.105748,82
HALLMARK_IFNA,immune,MOV10,0.069451,0.044348,0.001729,0.000786,0.062614,83
HALLMARK_IFNA,immune,TRIM25,0.073145,0.04347,0.001695,0.000704,0.048381,84
HALLMARK_IFNA,immune,TRIM5,0.060128,0.038795,0.001513,0.000625,0.073077,85
HALLMARK_IFNA,immune,TDRD7,0.025027,0.01522,0.000593,0.000624,0.074527,86
HALLMARK_IFNA,immune,IRF9,0.039615,0.024117,0.00094,0.000573,0.088854,87
HALLMARK_IFNA,immune,UBA7,0.035518,0.02296,0.000895,0.000475,0.081545,88
HALLMARK_IFNA,immune,IL7,0.015448,0.008568,0.000334,0.000363,0.081981,89
HALLMARK_IFNA,immune,SLC25A28,0.037466,0.02023,0.000789,0.000324,0.027473,90
HALLMARK_IFNA,immune,DHX58,0.020432,0.011942,0.000466,0.000293,0.058851,91
HALLMARK_IFNA,immune,CMTR1,0.048172,0.029609,0.001154,0.000258,0.005161,92
HALLMARK_IFNA,immune,RNF31,0.026504,0.015633,0.00061,0.000137,0.00877,93
HALLMARK_IFNA,immune,SELL,0.007147,0.006845,0.000267,8e-05,0.035931,94
HALLMARK_IFNA,immune,CCRL2,0.003076,0.002589,0.000101,7e-06,0.011802,95
HALLMARK_IFNA,immune,LPAR6,0.07966,0.058008,0.002262,-0.000583,-0.055111,96
HALLMARK_IFNG,immune,HLA-B,0.695652,1.659674,0.041518,0.042188,0.724426,1
HALLMARK_IFNG,immune,CD74,0.618275,1.511673,0.037816,0.039341,0.710797,2
HALLMARK_IFNG,immune,HLA-A,0.591838,1.193077,0.029846,0.036872,0.651175,3
HALLMARK_IFNG,immune,IFI27,0.416948,1.075672,0.026909,0.033676,0.640316,4
HALLMARK_IFNG,immune,IFITM3,0.769025,1.847467,0.046216,0.031023,0.615368,5
HALLMARK_IFNG,immune,LY6E,0.632098,1.273043,0.031846,0.030919,0.492797,6
HALLMARK_IFNG,immune,HLA-DRB1,0.298935,0.574935,0.014382,0.029772,0.601832,7
HALLMARK_IFNG,immune,CXCL10,0.154995,0.394557,0.00987,0.02902,0.525606,8
HALLMARK_IFNG,immune,B2M,0.908693,2.733092,0.068371,0.028837,0.681191,9
HALLMARK_IFNG,immune,PSMB9,0.342835,0.583014,0.014585,0.025394,0.63743,10
HALLMARK_IFNG,immune,UBE2L6,0.373047,0.563136,0.014087,0.025257,0.561359,11
HALLMARK_IFNG,immune,SERPING1,0.281834,0.458719,0.011475,0.025104,0.483658,12
HALLMARK_IFNG,immune,BST2,0.495762,0.861855,0.02156,0.023027,0.55454,13
HALLMARK_IFNG,immune,TAP1,0.283782,0.385553,0.009645,0.02052,0.550417,14
HALLMARK_IFNG,immune,ISG15,0.323948,0.503351,0.012592,0.020468,0.552001,15
HALLMARK_IFNG,immune,IDO1,0.123292,0.240647,0.00602,0.019947,0.519257,16
HALLMARK_IFNG,immune,C1S,0.218616,0.334393,0.008365,0.018695,0.527905,17
HALLMARK_IFNG,immune,PSME2,0.525141,0.778176,0.019467,0.018509,0.453888,18
HALLMARK_IFNG,immune,HLA-DQA1,0.16374,0.247305,0.006187,0.016203,0.518717,19
HALLMARK_IFNG,immune,LGALS3BP,0.339275,0.425776,0.010651,0.015546,0.427645,20
HALLMARK_IFNG,immune,PLSCR1,0.309534,0.380155,0.00951,0.015516,0.471556,21
HALLMARK_IFNG,immune,PSMB8,0.377668,0.464415,0.011618,0.015261,0.501643,22
HALLMARK_IFNG,immune,PSME1,0.566287,0.806614,0.020178,0.014359,0.408728,23
HALLMARK_IFNG,immune,HLA-DMA,0.225427,0.273814,0.00685,0.013729,0.502837,24
HALLMARK_IFNG,immune,LAP3,0.288188,0.316516,0.007918,0.012884,0.401067,25
HALLMARK_IFNG,immune,ICAM1,0.209723,0.240462,0.006015,0.012123,0.397857,26
HALLMARK_IFNG,immune,SOD2,0.346973,0.408862,0.010228,0.011875,0.357691,27
HALLMARK_IFNG,immune,CXCL11,0.078948,0.124219,0.003107,0.01172,0.432437,28
HALLMARK_IFNG,immune,PSMB10,0.273371,0.297751,0.007448,0.01158,0.411433,29
HALLMARK_IFNG,immune,TNFSF10,0.363671,0.483365,0.012092,0.011424,0.340505,30
HALLMARK_IFNG,immune,VAMP8,0.576873,0.848271,0.02122,0.011338,0.33172,31
HALLMARK_IFNG,immune,STAT1,0.323142,0.362639,0.009072,0.011175,0.441335,32
HALLMARK_IFNG,immune,ISG20,0.23166,0.250497,0.006266,0.010998,0.399439,33
HALLMARK_IFNG,immune,CXCL9,0.078666,0.123711,0.003095,0.010496,0.417202,34
HALLMARK_IFNG,immune,IRF1,0.339799,0.414785,0.010376,0.008836,0.30571,35
HALLMARK_IFNG,immune,PSMB2,0.477331,0.617971,0.015459,0.008531,0.23373,36
HALLMARK_IFNG,immune,PSMA3,0.380328,0.410245,0.010263,0.007822,0.231508,37
HALLMARK_IFNG,immune,NFKBIA,0.461547,0.606186,0.015164,0.007695,0.225886,38
HALLMARK_IFNG,immune,GBP4,0.095767,0.10761,0.002692,0.007164,0.423633,39
HALLMARK_IFNG,immune,SRI,0.52502,0.665634,0.016651,0.006977,0.194296,40
HALLMARK_IFNG,immune,IFIT3,0.089883,0.092529,0.002315,0.006837,0.388759,41
HALLMARK_IFNG,immune,MT2A,0.65926,1.26186,0.031566,0.006627,0.195015,42
HALLMARK_IFNG,immune,TAPBP,0.343386,0.333073,0.008332,0.006299,0.296197,43
HALLMARK_IFNG,immune,IL15RA,0.09754,0.089197,0.002231,0.006136,0.385373,44
HALLMARK_IFNG,immune,IFI44L,0.146035,0.14465,0.003619,0.006019,0.401373,45
HALLMARK_IFNG,immune,IFI35,0.152362,0.127023,0.003178,0.00565,0.342561,46
HALLMARK_IFNG,immune,MVP,0.176395,0.14855,0.003716,0.005608,0.314908,47
HALLMARK_IFNG,immune,MX1,0.187558,0.189392,0.004738,0.005589,0.340056,48
HALLMARK_IFNG,immune,CFB,0.193469,0.195884,0.0049,0.005522,0.312731,49
HALLMARK_IFNG,immune,IFIT2,0.066388,0.073986,0.001851,0.005396,0.29828,50
HALLMARK_IFNG,immune,PFKP,0.159401,0.136606,0.003417,0.00518,0.251825,51
HALLMARK_IFNG,immune,RIPK2,0.192273,0.16297,0.004077,0.0051,0.2181,52
HALLMARK_IFNG,immune,PARP12,0.130358,0.103652,0.002593,0.005034,0.321351,53
HALLMARK_IFNG,immune,HIF1A,0.252576,0.226538,0.005667,0.004813,0.194198,54
HALLMARK_IFNG,immune,PARP14,0.161242,0.137422,0.003438,0.004641,0.316323,55
HALLMARK_IFNG,immune,NMI,0.153491,0.120568,0.003016,0.004606,0.305142,56
HALLMARK_IFNG,immune,C1R,0.115528,0.097818,0.002447,0.004501,0.328736,57
HALLMARK_IFNG,immune,RTP4,0.09617,0.077348,0.001935,0.004378,0.340874,58
HALLMARK_IFNG,immune,RNF213,0.25361,0.225786,0.005648,0.004295,0.237278,59
HALLMARK_IFNG,immune,SSPN,0.164452,0.146438,0.003663,0.004238,0.288274,60
HALLMARK_IFNG,immune,TNFAIP2,0.100402,0.085555,0.00214,0.0042,0.299098,61
HALLMARK_IFNG,immune,APOL6,0.136847,0.105031,0.002627,0.004073,0.320568,62
HALLMARK_IFNG,immune,MYD88,0.137397,0.099854,0.002498,0.003775,0.233158,63
HALLMARK_IFNG,immune,IFIH1,0.089104,0.070556,0.001765,0.00377,0.303378,64
HALLMARK_IFNG,immune,RBCK1,0.329966,0.313608,0.007845,0.003703,0.205262,65
HALLMARK_IFNG,immune,EIF2AK2,0.247283,0.207388,0.005188,0.003616,0.188921,66
HALLMARK_IFNG,immune,ADAR,0.284762,0.247807,0.006199,0.00353,0.176056,67
HALLMARK_IFNG,immune,IL18BP,0.065945,0.051512,0.001289,0.003272,0.313059,68
HALLMARK_IFNG,immune,OAS3,0.081246,0.058963,0.001475,0.003259,0.283495,69
HALLMARK_IFNG,immune,CDKN1A,0.410889,0.597627,0.01495,0.003145,0.110799,70
HALLMARK_IFNG,immune,NAMPT,0.347577,0.340695,0.008523,0.003134,0.117708,71
HALLMARK_IFNG,immune,SP110,0.107696,0.076396,0.001911,0.002895,0.234534,72
HALLMARK_IFNG,immune,OASL,0.042289,0.03903,0.000976,0.002824,0.26541,73
HALLMARK_IFNG,immune,BATF2,0.047044,0.035545,0.000889,0.002711,0.298686,74
HALLMARK_IFNG,immune,IFI44,0.103626,0.081993,0.002051,0.002665,0.275472,75
HALLMARK_IFNG,immune,PML,0.124783,0.088514,0.002214,0.002652,0.227371,76
HALLMARK_IFNG,immune,OAS2,0.068323,0.050933,0.001274,0.002618,0.272244,77
HALLMARK_IFNG,immune,CMPK2,0.057267,0.04599,0.00115,0.002394,0.268271,78
HALLMARK_IFNG,immune,UPP1,0.098776,0.078584,0.001966,0.00233,0.155351,79
HALLMARK_IFNG,immune,SECTM1,0.059295,0.042879,0.001073,0.002308,0.218934,80
HALLMARK_IFNG,immune,SAMHD1,0.092006,0.07139,0.001786,0.002266,0.219243,81
HALLMARK_IFNG,immune,XAF1,0.081581,0.063878,0.001598,0.002259,0.283409,82
HALLMARK_IFNG,immune,IFIT1,0.05188,0.047303,0.001183,0.002195,0.216857,83
HALLMARK_IFNG,immune,CFH,0.039494,0.037748,0.000944,0.00216,0.241515,84
HALLMARK_IFNG,immune,PNP,0.178141,0.143633,0.003593,0.002067,0.142787,85
HALLMARK_IFNG,immune,CASP4,0.126516,0.089581,0.002241,0.001981,0.19083,86
HALLMARK_IFNG,immune,ZNFX1,0.10372,0.068427,0.001712,0.001875,0.162028,87
HALLMARK_IFNG,immune,IRF7,0.157655,0.130619,0.003268,0.001824,0.174056,88
HALLMARK_IFNG,immune,ZBP1,0.028855,0.021388,0.000535,0.001818,0.241564,89
HALLMARK_IFNG,immune,RSAD2,0.036458,0.032274,0.000807,0.001784,0.219675,90
HALLMARK_IFNG,immune,CCL5,0.051558,0.08131,0.002034,0.001775,0.165243,91
HALLMARK_IFNG,immune,SAMD9L,0.05728,0.040765,0.00102,0.001766,0.221877,92
HALLMARK_IFNG,immune,OGFR,0.151529,0.102627,0.002567,0.001692,0.109917,93
HALLMARK_IFNG,immune,SPPL2A,0.199191,0.152327,0.003811,0.001619,0.070493,94
HALLMARK_IFNG,immune,BTG1,0.53672,0.783232,0.019593,0.001588,-0.010257,95
HALLMARK_IFNG,immune,ARID5B,0.222324,0.186089,0.004655,0.001575,0.097885,96
HALLMARK_IFNG,immune,NLRC5,0.056259,0.038126,0.000954,0.00156,0.212191,97
HALLMARK_IFNG,immune,NUP93,0.107575,0.077925,0.001949,0.001468,0.127329,98
HALLMARK_IFNG,immune,USP18,0.069652,0.049399,0.001236,0.001428,0.159839,99
HALLMARK_IFNG,immune,TRIM21,0.048804,0.032409,0.000811,0.001427,0.196462,100
HALLMARK_IFNG,immune,FAS,0.071076,0.046997,0.001176,0.001386,0.172891,101
HALLMARK_IFNG,immune,TNFAIP3,0.087935,0.082776,0.002071,0.001357,0.147102,102
HALLMARK_IFNG,immune,CASP8,0.069438,0.045534,0.001139,0.001351,0.137553,103
HALLMARK_IFNG,immune,SOCS1,0.095324,0.067613,0.001691,0.001296,0.11263,104
HALLMARK_IFNG,immune,PTPN2,0.206163,0.15411,0.003855,0.0012,0.078935,105
HALLMARK_IFNG,immune,JAK2,0.052861,0.035854,0.000897,0.001192,0.116722,106
HALLMARK_IFNG,immune,CD38,0.022044,0.017169,0.000429,0.001186,0.154682,107
HALLMARK_IFNG,immune,MTHFD2,0.346449,0.358531,0.008969,0.001178,0.051061,108
HALLMARK_IFNG,immune,STAT3,0.343171,0.340067,0.008507,0.001166,0.073724,109
HALLMARK_IFNG,immune,BPGM,0.115689,0.083109,0.002079,0.001152,0.088917,110
HALLMARK_IFNG,immune,LYSMD2,0.109953,0.071951,0.0018,0.001104,0.100354,111
HALLMARK_IFNG,immune,PDE4B,0.098669,0.080488,0.002013,0.001076,0.110763,112
HALLMARK_IFNG,immune,CASP1,0.063218,0.045544,0.001139,0.001058,0.190552,113
HALLMARK_IFNG,immune,CIITA,0.030843,0.02134,0.000534,0.001021,0.189908,114
HALLMARK_IFNG,immune,DDX60,0.054177,0.038597,0.000966,0.000987,0.173206,115
HALLMARK_IFNG,immune,TRIM14,0.070539,0.043643,0.001092,0.000933,0.112328,116
HALLMARK_IFNG,immune,CD274,0.015274,0.010961,0.000274,0.000909,0.161419,117
HALLMARK_IFNG,immune,IRF2,0.144759,0.105537,0.00264,0.000901,0.083752,118
HALLMARK_IFNG,immune,PTPN6,0.078774,0.05499,0.001376,0.000837,0.118407,119
HALLMARK_IFNG,immune,IFITM2,0.347027,0.460544,0.011521,0.00081,0.132547,120
HALLMARK_IFNG,immune,PNPT1,0.128975,0.092752,0.00232,0.000807,0.05879,121
HALLMARK_IFNG,immune,CASP3,0.09527,0.064857,0.001622,0.000792,0.084291,122
HALLMARK_IFNG,immune,IFI30,0.04433,0.028645,0.000717,0.000753,0.129953,123
HALLMARK_IFNG,immune,HERC6,0.044035,0.029659,0.000742,0.000731,0.140047,124
HALLMARK_IFNG,immune,IL4R,0.059698,0.035433,0.000886,0.000728,0.103689,125
HALLMARK_IFNG,immune,HELZ2,0.051652,0.031242,0.000782,0.000722,0.084204,126
HALLMARK_IFNG,immune,TRIM26,0.11847,0.080961,0.002025,0.000717,0.073276,127
HALLMARK_IFNG,immune,TRAFD1,0.096264,0.067419,0.001687,0.000711,0.081326,128
HALLMARK_IFNG,immune,IL15,0.036069,0.022791,0.00057,0.000692,0.15003,129
HALLMARK_IFNG,immune,CCL2,0.077699,0.113362,0.002836,0.000684,0.115282,130
HALLMARK_IFNG,immune,TNFAIP6,0.026961,0.023332,0.000584,0.000684,0.098906,131
HALLMARK_IFNG,immune,GCH1,0.051302,0.033021,0.000826,0.000655,0.08963,132
HALLMARK_IFNG,immune,TXNIP,0.209253,0.202555,0.005067,0.000649,0.054052,133
HALLMARK_IFNG,immune,STAT2,0.07876,0.05431,0.001359,0.000646,0.09778,134
HALLMARK_IFNG,immune,PTPN1,0.140192,0.094581,0.002366,0.000634,0.034208,135
HALLMARK_IFNG,immune,HLA-G,0.016389,0.010287,0.000257,0.000619,0.133416,136
HALLMARK_IFNG,immune,EPSTI1,0.032294,0.029196,0.00073,0.000617,0.156499,137
HALLMARK_IFNG,immune,CASP7,0.096009,0.067227,0.001682,0.000585,0.087021,138
HALLMARK_IFNG,immune,MX2,0.029043,0.02109,0.000528,0.000581,0.105463,139
HALLMARK_IFNG,immune,TOR1B,0.068564,0.039688,0.000993,0.000517,0.036301,140
HALLMARK_IFNG,immune,TRIM25,0.073145,0.04347,0.001087,0.000488,0.059588,141
HALLMARK_IFNG,immune,IRF8,0.023186,0.019453,0.000487,0.000488,0.115092,142
HALLMARK_IFNG,immune,VCAM1,0.017302,0.01701,0.000426,0.000486,0.118487,143
HALLMARK_IFNG,immune,IL6,0.016362,0.012732,0.000318,0.000466,0.096365,144
HALLMARK_IFNG,immune,TDRD7,0.025027,0.01522,0.000381,0.000431,0.080008,145
HALLMARK_IFNG,immune,PIM1,0.058167,0.048318,0.001209,0.000387,0.036114,146
HALLMARK_IFNG,immune,ARL4A,0.23213,0.203558,0.005092,0.000382,0.038667,147
HALLMARK_IFNG,immune,IRF9,0.039615,0.024117,0.000603,0.000381,0.093143,148
HALLMARK_IFNG,immune,NFKB1,0.081178,0.049497,0.001238,0.000351,0.048942,149
HALLMARK_IFNG,immune,CD69,0.015999,0.022875,0.000572,0.000306,0.088148,150
HALLMARK_IFNG,immune,CD40,0.056219,0.040578,0.001015,0.000283,0.057699,151
HALLMARK_IFNG,immune,PSMA2,0.036566,0.021107,0.000528,0.00027,0.044054,152
HALLMARK_IFNG,immune,SLC25A28,0.037466,0.02023,0.000506,0.000259,0.043549,153
HALLMARK_IFNG,immune,IL7,0.015448,0.008568,0.000214,0.000257,0.088933,154
HALLMARK_IFNG,immune,IRF5,0.020782,0.013766,0.000344,0.000232,0.059191,155
HALLMARK_IFNG,immune,VAMP5,0.06757,0.066925,0.001674,0.000204,0.090521,156
HALLMARK_IFNG,immune,DHX58,0.020432,0.011942,0.000299,0.0002,0.065667,157
HALLMARK_IFNG,immune,GZMA,0.007845,0.010077,0.000252,0.000191,0.073567,158
HALLMARK_IFNG,immune,CMTR1,0.048172,0.029609,0.000741,0.000187,0.013324,159
HALLMARK_IFNG,immune,PLA2G4A,0.016832,0.011125,0.000278,0.000185,0.053796,160
HALLMARK_IFNG,immune,GBP6,0.003318,0.002433,6.1e-05,0.00018,0.075062,161
HALLMARK_IFNG,immune,NCOA3,0.083435,0.053627,0.001342,0.000157,0.025807,162
HALLMARK_IFNG,immune,LCP2,0.011029,0.011346,0.000284,0.000153,0.068319,163
HALLMARK_IFNG,immune,LATS2,0.041886,0.025047,0.000627,0.000141,0.027098,164
HALLMARK_IFNG,immune,IL10RA,0.009538,0.009189,0.00023,0.000136,0.069056,165
HALLMARK_IFNG,immune,IFNAR2,0.044492,0.024031,0.000601,0.000131,-0.009948,166
HALLMARK_IFNG,immune,NOD1,0.025188,0.01467,0.000367,0.000126,0.01806,167
HALLMARK_IFNG,immune,IL2RB,0.007751,0.007515,0.000188,0.000115,0.056812,168
HALLMARK_IFNG,immune,XCL1,0.006959,0.009236,0.000231,9.8e-05,0.044241,169
HALLMARK_IFNG,immune,RNF31,0.026504,0.015633,0.000391,9.3e-05,0.01373,170
HALLMARK_IFNG,immune,CCL7,0.001397,0.001609,4e-05,7e-05,0.030296,171
HALLMARK_IFNG,immune,ITGB7,0.006784,0.005078,0.000127,6.6e-05,0.035043,172
HALLMARK_IFNG,immune,EIF4E3,0.047125,0.027074,0.000677,6.2e-05,-0.006266,173
HALLMARK_IFNG,immune,CSF2RB,0.003439,0.002801,7e-05,5.4e-05,0.041679,174
HALLMARK_IFNG,immune,STAT4,0.005844,0.006071,0.000152,5.3e-05,0.050633,175
HALLMARK_IFNG,immune,PELI1,0.148561,0.111803,0.002797,4.9e-05,0.001091,176
HALLMARK_IFNG,immune,FGL2,0.007442,0.00724,0.000181,4.6e-05,0.035002,177
HALLMARK_IFNG,immune,SLAMF7,0.003708,0.00257,6.4e-05,4.3e-05,0.039491,178
HALLMARK_IFNG,immune,METTL7B,0.007241,0.00463,0.000116,3.7e-05,0.029905,179
HALLMARK_IFNG,immune,FCGR1A,0.004366,0.003953,9.9e-05,3.4e-05,0.027555,180
HALLMARK_IFNG,immune,CD86,0.004567,0.003987,1e-04,3.2e-05,0.029776,181
HALLMARK_IFNG,immune,ST8SIA4,0.006072,0.005833,0.000146,2.8e-05,0.037581,182
HALLMARK_IFNG,immune,RIPK1,0.073051,0.044725,0.001119,2.3e-05,-0.00413,183
HALLMARK_IFNG,immune,IRF4,0.003291,0.002236,5.6e-05,2.3e-05,0.015226,184
HALLMARK_IFNG,immune,PTGS2,0.013756,0.009882,0.000247,2.2e-05,0.020745,185
HALLMARK_IFNG,immune,FPR1,0.001719,0.001527,3.8e-05,1.7e-05,0.02946,186
HALLMARK_IFNG,immune,GPR18,0.000806,0.000714,1.8e-05,8e-06,0.022838,187
HALLMARK_IFNG,immune,CMKLR1,0.001316,0.001196,3e-05,7e-06,0.018151,188
HALLMARK_IFNG,immune,KLRK1,0.000631,0.000437,1.1e-05,6e-06,0.01482,189
HALLMARK_IFNG,immune,BANK1,0.003372,0.002221,5.6e-05,5e-06,0.008648,190
HALLMARK_IFNG,immune,P2RY14,0.000712,0.000722,1.8e-05,3e-06,0.010178,191
HALLMARK_IFNG,immune,SELP,0.001545,0.001878,4.7e-05,-9e-06,0.007681,192
HALLMARK_IFNG,immune,ST3GAL5,0.013165,0.007273,0.000182,-4.3e-05,-0.050943,193
HALLMARK_IFNG,immune,RAPGEF6,0.04738,0.030871,0.000772,-9.6e-05,-0.011885,194
HALLMARK_IFNG,immune,SOCS3,0.304308,0.377995,0.009456,-0.000282,0.015798,195
HALLMARK_IFNG,immune,AUTS2,0.149474,0.106271,0.002658,-0.000438,-0.054422,196
HALLMARK_IFNG,immune,ISOC1,0.16014,0.124403,0.003112,-0.000496,-0.031479,197
IMMUNOGENIC_CONSENSUS,immune,HLA-B,0.695652,1.659674,0.115475,0.102542,0.803811,1
IMMUNOGENIC_CONSENSUS,immune,CD74,0.618275,1.511673,0.105177,0.102416,0.814028,2
IMMUNOGENIC_CONSENSUS,immune,HLA-A,0.591838,1.193077,0.08301,0.0879,0.717045,3
IMMUNOGENIC_CONSENSUS,immune,HLA-DRA,0.356242,0.727573,0.050622,0.082102,0.704157,4
IMMUNOGENIC_CONSENSUS,immune,HLA-DRB1,0.298935,0.574935,0.040002,0.074106,0.676511,5
IMMUNOGENIC_CONSENSUS,immune,B2M,0.908693,2.733092,0.19016,0.073085,0.786657,6
IMMUNOGENIC_CONSENSUS,immune,HLA-C,0.737013,1.67926,0.116837,0.072254,0.671875,7
IMMUNOGENIC_CONSENSUS,immune,HLA-DPA1,0.280947,0.472599,0.032882,0.059284,0.636055,8
IMMUNOGENIC_CONSENSUS,immune,HLA-DQB1,0.191642,0.318788,0.02218,0.051582,0.587108,9
IMMUNOGENIC_CONSENSUS,immune,HLA-DPB1,0.256821,0.395477,0.027516,0.051554,0.591969,10
IMMUNOGENIC_CONSENSUS,immune,TAP1,0.283782,0.385553,0.026825,0.045171,0.55558,11
IMMUNOGENIC_CONSENSUS,immune,PSME2,0.525141,0.778176,0.054143,0.040571,0.474461,12
IMMUNOGENIC_CONSENSUS,immune,HLA-DQA1,0.16374,0.247305,0.017207,0.039788,0.565712,13
IMMUNOGENIC_CONSENSUS,immune,HLA-DMA,0.225427,0.273814,0.019051,0.034541,0.555123,14
IMMUNOGENIC_CONSENSUS,immune,PSME1,0.566287,0.806614,0.056122,0.032162,0.439596,15
IMMUNOGENIC_CONSENSUS,immune,TAPBP,0.343386,0.333073,0.023174,0.014971,0.325342,16
IMMUNOGENIC_CONSENSUS,immune,HLA-DQA2,0.092597,0.094877,0.006601,0.014941,0.412668,17
IMMUNOGENIC_CONSENSUS,immune,HLA-DMB,0.071708,0.056427,0.003926,0.00877,0.361794,18
IMMUNOGENIC_CONSENSUS,immune,TAP2,0.059779,0.03974,0.002765,0.004695,0.255324,19
IMMUNOGENIC_CONSENSUS,immune,CIITA,0.030843,0.02134,0.001485,0.002295,0.191044,20
IMMUNOGENIC_CONSENSUS,immune,HLA-DOB,0.023132,0.01466,0.00102,0.001879,0.175421,21
IMMUNOGENIC_CONSENSUS,immune,IFI30,0.04433,0.028645,0.001993,0.001843,0.14629,22
IMMUNOGENIC_CONSENSUS,immune,HLA-DOA,0.010975,0.007761,0.00054,0.000593,0.101187,23
IMMUNOGENIC_CONSENSUS,immune,CD8A,0.008356,0.009399,0.000654,0.00057,0.069353,24
IMMUNOGENIC_CONSENSUS,immune,CD8B,0.009202,0.009094,0.000633,0.000384,0.052685,25
ISDS,immune,CD74,0.618275,1.511673,0.139624,0.13482,0.712438,1
ISDS,immune,IFI27,0.416948,1.075672,0.099353,0.126074,0.696283,2
ISDS,immune,IFITM1,0.559678,1.172159,0.108265,0.116368,0.655931,3
ISDS,immune,B2M,0.908693,2.733092,0.252438,0.099773,0.704291,4
ISDS,immune,UBE2L6,0.373047,0.563136,0.052013,0.082453,0.550131,5
ISDS,immune,BST2,0.495762,0.861855,0.079604,0.081466,0.591705,6
ISDS,immune,ISG15,0.323948,0.503351,0.046491,0.073202,0.582907,7
ISDS,immune,PLSCR1,0.309534,0.380155,0.035113,0.051447,0.465292,8
ISDS,immune,ISG20,0.23166,0.250497,0.023137,0.037238,0.401048,9
ISDS,immune,IRF1,0.339799,0.414785,0.038311,0.028363,0.272771,10
ISDS,immune,IFIT3,0.089883,0.092529,0.008546,0.02234,0.388273,11
ISDS,immune,MX1,0.187558,0.189392,0.017493,0.021437,0.351399,12
ISDS,immune,IFIT2,0.066388,0.073986,0.006834,0.017821,0.298853,13
ISDS,immune,NMI,0.153491,0.120568,0.011136,0.015385,0.289675,14
ISDS,immune,RTP4,0.09617,0.077348,0.007144,0.01446,0.32781,15
ISDS,immune,PARP9,0.157561,0.120078,0.011091,0.013982,0.282909,16
ISDS,immune,IFIH1,0.089104,0.070556,0.006517,0.012332,0.289037,17
ISDS,immune,IFI44,0.103626,0.081993,0.007573,0.009732,0.276118,18
ISDS,immune,SP110,0.107696,0.076396,0.007056,0.00967,0.226747,19
ISDS,immune,OASL,0.042289,0.03903,0.003605,0.009431,0.26442,20
ISDS,immune,SAMD9L,0.05728,0.040765,0.003765,0.005787,0.206273,21
ISDS,immune,USP18,0.069652,0.049399,0.004563,0.005246,0.159424,22
ISDS,immune,TXNIP,0.209253,0.202555,0.018709,0.004026,0.071323,23
ISDS,immune,STAT2,0.07876,0.05431,0.005016,0.002561,0.081765,24
ISDS,immune,IL4R,0.059698,0.035433,0.003273,0.002276,0.077058,25
ISDS,immune,IRF9,0.039615,0.024117,0.002228,0.001532,0.089033,26
ISDS,immune,DHX58,0.020432,0.011942,0.001103,0.00078,0.058237,27
KEGG_APM,immune,HLA-B,0.695652,1.659674,0.0609,0.067991,0.761768,1
KEGG_APM,immune,CD74,0.618275,1.511673,0.055469,0.064908,0.750798,2
KEGG_APM,immune,HLA-A,0.591838,1.193077,0.043778,0.058717,0.693666,3
KEGG_APM,immune,HLA-DRA,0.356242,0.727573,0.026697,0.05412,0.680999,4
KEGG_APM,immune,HLA-DRB1,0.298935,0.574935,0.021097,0.049544,0.662005,5
KEGG_APM,immune,HLA-C,0.737013,1.67926,0.061618,0.048317,0.645851,6
KEGG_APM,immune,B2M,0.908693,2.733092,0.100287,0.047154,0.710159,7
KEGG_APM,immune,HLA-DPA1,0.280947,0.472599,0.017341,0.039387,0.623053,8
KEGG_APM,immune,HLA-DRB5,0.225024,0.37211,0.013654,0.035939,0.597798,9
KEGG_APM,immune,HLA-DQB1,0.191642,0.318788,0.011698,0.035258,0.585278,10
KEGG_APM,immune,HLA-DPB1,0.256821,0.395477,0.014512,0.034383,0.580902,11
KEGG_APM,immune,LGMN,0.262342,0.370372,0.01359,0.034291,0.475162,12
KEGG_APM,immune,TAP1,0.283782,0.385553,0.014147,0.030889,0.564659,13
KEGG_APM,immune,HSP90AA1,0.764928,1.562595,0.057338,0.030282,0.447271,14
KEGG_APM,immune,CALR,0.655271,1.104259,0.040519,0.027664,0.442205,15
KEGG_APM,immune,HLA-E,0.492887,0.671836,0.024652,0.027458,0.52126,16
KEGG_APM,immune,HLA-DQA1,0.16374,0.247305,0.009075,0.02676,0.558687,17
KEGG_APM,immune,PSME2,0.525141,0.778176,0.028554,0.026426,0.452453,18
KEGG_APM,immune,HSP90AB1,0.842923,1.920045,0.070454,0.024718,0.392643,19
KEGG_APM,immune,HSPA5,0.522078,0.75556,0.027724,0.023468,0.398524,20
KEGG_APM,immune,HLA-DMA,0.225427,0.273814,0.010047,0.022986,0.546954,21
KEGG_APM,immune,PDIA3,0.526712,0.722927,0.026527,0.02245,0.411105,22
KEGG_APM,immune,PSME1,0.566287,0.806614,0.029598,0.021148,0.425646,23
KEGG_APM,immune,HLA-F,0.225225,0.246329,0.009039,0.019741,0.523316,24
KEGG_APM,immune,HSPA1A,0.497656,0.743165,0.02727,0.016844,0.340375,25
KEGG_APM,immune,HSPA8,0.737994,1.360238,0.049912,0.016152,0.312077,26
KEGG_APM,immune,CTSS,0.147298,0.160756,0.005899,0.015651,0.467031,27
KEGG_APM,immune,TAPBP,0.343386,0.333073,0.012222,0.00994,0.345175,28
KEGG_APM,immune,CTSB,0.49423,0.628386,0.023058,0.009907,0.271464,29
KEGG_APM,immune,HLA-DQA2,0.092597,0.094877,0.003481,0.00986,0.406077,30
KEGG_APM,immune,HSPA1B,0.381376,0.467151,0.017142,0.006784,0.238986,31
KEGG_APM,immune,HLA-DMB,0.071708,0.056427,0.002071,0.005877,0.360614,32
KEGG_APM,immune,CTSL,0.186913,0.159705,0.00586,0.005407,0.226111,33
KEGG_APM,immune,CANX,0.486493,0.568987,0.020878,0.005318,0.20594,34
KEGG_APM,immune,RFXANK,0.21652,0.164936,0.006052,0.003649,0.194718,35
KEGG_APM,immune,NFYC,0.197969,0.146273,0.005367,0.003203,0.17331,36
KEGG_APM,immune,TAP2,0.059779,0.03974,0.001458,0.00317,0.258885,37
KEGG_APM,immune,RFX5,0.110611,0.073603,0.002701,0.002351,0.173787,38
KEGG_APM,immune,HSPA4,0.210919,0.171913,0.006308,0.001823,0.149124,39
KEGG_APM,immune,HSPA6,0.028304,0.031788,0.001166,0.001559,0.129764,40
KEGG_APM,immune,CIITA,0.030843,0.02134,0.000783,0.001468,0.189173,41
KEGG_APM,immune,PSME3,0.179861,0.131905,0.00484,0.001431,0.119368,42
KEGG_APM,immune,HLA-DOB,0.023132,0.01466,0.000538,0.001272,0.178292,43
KEGG_APM,immune,IFI30,0.04433,0.028645,0.001051,0.001207,0.156087,44
KEGG_APM,immune,HLA-G,0.016389,0.010287,0.000377,0.000972,0.142826,45
KEGG_APM,immune,CREB1,0.143308,0.099737,0.00366,0.000779,0.089082,46
KEGG_APM,immune,NFYB,0.108569,0.072823,0.002672,0.000346,0.073034,47
KEGG_APM,immune,HLA-DOA,0.010975,0.007761,0.000285,0.000336,0.100226,48
KEGG_APM,immune,CD8A,0.008356,0.009399,0.000345,0.000288,0.070013,49
KEGG_APM,immune,CD8B,0.009202,0.009094,0.000334,0.000194,0.054158,50
KEGG_APM,immune,CD4,0.01389,0.010815,0.000397,5.8e-05,0.035549,51
KEGG_APM,immune,KLRC1,0.002028,0.002052,7.5e-05,5.5e-05,0.038137,52
KEGG_APM,immune,KLRD1,0.006905,0.006112,0.000224,4.5e-05,0.034843,53
KEGG_APM,immune,RFXAP,0.026786,0.016027,0.000588,3.8e-05,0.024378,54
KEGG_APM,immune,LTA,0.002714,0.00208,7.6e-05,3.4e-05,0.02884,55
KEGG_APM,immune,KLRC3,0.000752,0.000683,2.5e-05,1.8e-05,0.023789,56
KEGG_APM,immune,KLRC2,0.000605,0.000473,1.7e-05,1.4e-05,0.023083,57
KEGG_APM,immune,HSPA1L,0.004003,0.002213,8.1e-05,1.4e-05,0.011552,58
KEGG_APM,immune,KIR2DL4,0.00039,0.000355,1.3e-05,1.2e-05,0.021516,59
KEGG_APM,immune,KIR3DL2,0.000215,0.000186,7e-06,6e-06,0.015422,60
KEGG_APM,immune,KIR3DL1,0.000175,0.000235,9e-06,4e-06,0.012322,61
KEGG_APM,immune,KIR2DL1,0.000107,0.000111,4e-06,3e-06,0.009666,62
KEGG_APM,immune,KIR2DL3,9.4e-05,0.000107,4e-06,3e-06,0.006354,63
KEGG_APM,immune,KLRC4,0.000175,0.000192,7e-06,3e-06,0.008997,64
KEGG_APM,immune,IFNA5,6.7e-05,2.7e-05,1e-06,-1e-06,-0.003152,65
KEGG_APM,immune,NFYA,0.069048,0.046243,0.001697,-2e-06,0.033071,66
KEGG_APM,immune,HSPA2,0.098803,0.074349,0.002728,-9e-05,0.05183,67
LIM_STEM,stemness,VIM,0.586035,1.284394,0.044839,0.034709,0.47192,1
LIM_STEM,stemness,LGALS1,0.555541,1.15629,0.040366,0.025949,0.299784,2
LIM_STEM,stemness,TAGLN,0.245671,0.447465,0.015621,0.024564,0.406975,3
LIM_STEM,stemness,MYL9,0.249191,0.33953,0.011853,0.019145,0.308934,4
LIM_STEM,stemness,KRT14,0.163445,0.259728,0.009067,0.018659,0.297427,5
LIM_STEM,stemness,TPM2,0.220376,0.291594,0.01018,0.017744,0.325704,6
LIM_STEM,stemness,CRYAB,0.330759,0.52374,0.018284,0.016894,0.245312,7
LIM_STEM,stemness,CALD1,0.377628,0.49251,0.017194,0.016784,0.261697,8
LIM_STEM,stemness,APOE,0.256512,0.411266,0.014357,0.016039,0.226877,9
LIM_STEM,stemness,MYLK,0.132037,0.167035,0.005831,0.015015,0.323464,10
LIM_STEM,stemness,ACTA2,0.132118,0.182277,0.006363,0.0145,0.256217,11
LIM_STEM,stemness,SERPING1,0.281834,0.458719,0.016014,0.013252,0.063341,12
LIM_STEM,stemness,GSN,0.427977,0.510183,0.017811,0.012966,0.127924,13
LIM_STEM,stemness,CXCL14,0.093322,0.156478,0.005463,0.012892,0.311739,14
LIM_STEM,stemness,ITGB1,0.427036,0.486936,0.016999,0.012042,0.131902,15
LIM_STEM,stemness,FABP5,0.355772,0.59721,0.020849,0.011693,0.158958,16
LIM_STEM,stemness,CDKN1A,0.410889,0.597627,0.020863,0.010662,0.045846,17
LIM_STEM,stemness,NNMT,0.252697,0.307621,0.010739,0.009721,0.146274,18
LIM_STEM,stemness,IGFBP2,0.209643,0.256926,0.008969,0.009579,0.169091,19
LIM_STEM,stemness,KRT5,0.180814,0.239917,0.008376,0.009435,0.17685,20
LIM_STEM,stemness,GEM,0.152174,0.161788,0.005648,0.009216,0.227728,21
LIM_STEM,stemness,DST,0.227979,0.219239,0.007654,0.008939,0.123186,22
LIM_STEM,stemness,ACTG2,0.10599,0.185022,0.006459,0.008763,0.261546,23
LIM_STEM,stemness,PRNP,0.249553,0.224902,0.007851,0.008666,0.154364,24
LIM_STEM,stemness,IGFBP4,0.38198,0.589656,0.020585,0.008638,0.064097,25
LIM_STEM,stemness,CALU,0.351271,0.370159,0.012922,0.008536,0.073841,26
LIM_STEM,stemness,SERPINH1,0.294945,0.301245,0.010517,0.008344,0.153926,27
LIM_STEM,stemness,PDLIM4,0.248788,0.243404,0.008497,0.00828,0.118299,28
LIM_STEM,stemness,LAMB3,0.130936,0.145285,0.005072,0.007927,0.144067,29
LIM_STEM,stemness,KRT16,0.149729,0.208075,0.007264,0.00757,0.163324,30
LIM_STEM,stemness,CSRP2,0.266909,0.300745,0.010499,0.007531,0.130563,31
LIM_STEM,stemness,MYC,0.297135,0.335383,0.011708,0.007372,0.076177,32
LIM_STEM,stemness,CDH3,0.165917,0.152255,0.005315,0.00724,0.150173,33
LIM_STEM,stemness,ICAM1,0.209723,0.240462,0.008395,0.007037,0.051114,34
LIM_STEM,stemness,TIMP3,0.109026,0.117041,0.004086,0.007026,0.260315,35
LIM_STEM,stemness,CAV1,0.098414,0.106989,0.003735,0.006785,0.250111,36
LIM_STEM,stemness,THBS1,0.167448,0.165949,0.005793,0.006373,0.131605,37
LIM_STEM,stemness,CCDC85B,0.318051,0.310056,0.010824,0.006192,0.024505,38
LIM_STEM,stemness,ID4,0.122406,0.108805,0.003798,0.006154,0.203347,39
LIM_STEM,stemness,PPP1R14A,0.094585,0.093477,0.003263,0.006063,0.233254,40
LIM_STEM,stemness,SPHK1,0.155922,0.147331,0.005143,0.005964,0.145567,41
LIM_STEM,stemness,ITGA6,0.182628,0.156229,0.005454,0.005914,0.138858,42
LIM_STEM,stemness,PLPP1,0.142919,0.110672,0.003864,0.005834,0.138371,43
LIM_STEM,stemness,MAOB,0.134872,0.12954,0.004522,0.005551,0.15864,44
LIM_STEM,stemness,DKK3,0.049274,0.04665,0.001629,0.005403,0.249385,45
LIM_STEM,stemness,SYNM,0.120552,0.09751,0.003404,0.005141,0.169563,46
LIM_STEM,stemness,LBH,0.107924,0.107748,0.003762,0.005109,0.194915,47
LIM_STEM,stemness,MIA,0.117449,0.121678,0.004248,0.005023,0.213282,48
LIM_STEM,stemness,SBSPON,0.153518,0.140297,0.004898,0.004934,0.055747,49
LIM_STEM,stemness,GYPC,0.144114,0.145695,0.005086,0.004862,0.171189,50
LIM_STEM,stemness,ITGB4,0.163606,0.138166,0.004823,0.004848,0.094905,51
LIM_STEM,stemness,TSHZ2,0.065555,0.057473,0.002006,0.004818,0.1798,52
LIM_STEM,stemness,COL4A2,0.100979,0.095985,0.003351,0.004765,0.192661,53
LIM_STEM,stemness,SEMA3C,0.13557,0.111314,0.003886,0.004755,0.048118,54
LIM_STEM,stemness,TUBB6,0.138056,0.108631,0.003792,0.004754,0.160219,55
LIM_STEM,stemness,TINAGL1,0.14621,0.12022,0.004197,0.004698,0.077205,56
LIM_STEM,stemness,NTRK2,0.094397,0.082637,0.002885,0.004667,0.147711,57
LIM_STEM,stemness,PDLIM7,0.122809,0.093943,0.00328,0.004486,0.147326,58
LIM_STEM,stemness,MYH11,0.029983,0.030739,0.001073,0.004452,0.207428,59
LIM_STEM,stemness,CNN1,0.029957,0.032349,0.001129,0.004425,0.223907,60
LIM_STEM,stemness,POSTN,0.053788,0.073543,0.002567,0.004319,0.222563,61
LIM_STEM,stemness,TES,0.231714,0.193996,0.006772,0.004242,-0.00455,62
LIM_STEM,stemness,TRIM29,0.10149,0.083783,0.002925,0.004186,0.153958,63
LIM_STEM,stemness,COL17A1,0.027122,0.02552,0.000891,0.004171,0.211398,64
LIM_STEM,stemness,PLS3,0.117502,0.097539,0.003405,0.004002,0.155144,65
LIM_STEM,stemness,SERPINF1,0.066442,0.084117,0.002937,0.003914,0.219271,66
LIM_STEM,stemness,COL18A1,0.121452,0.096201,0.003358,0.003912,0.122962,67
LIM_STEM,stemness,HTRA1,0.062976,0.05967,0.002083,0.00382,0.184458,68
LIM_STEM,stemness,HACD1,0.112169,0.0933,0.003257,0.003757,0.134804,69
LIM_STEM,stemness,MATN2,0.056515,0.042806,0.001494,0.003672,0.202762,70
LIM_STEM,stemness,TGFB1I1,0.061673,0.047994,0.001675,0.003656,0.158866,71
LIM_STEM,stemness,TM7SF3,0.214358,0.173649,0.006062,0.003595,-0.017733,72
LIM_STEM,stemness,RND3,0.194919,0.173446,0.006055,0.003571,0.021854,73
LIM_STEM,stemness,PDGFA,0.078425,0.06081,0.002123,0.003533,0.115936,74
LIM_STEM,stemness,RAB34,0.190513,0.149617,0.005223,0.00349,0.041251,75
LIM_STEM,stemness,MBNL1,0.208031,0.169247,0.005908,0.003465,0.038346,76
LIM_STEM,stemness,IGFBP3,0.080869,0.093669,0.00327,0.003223,0.145007,77
LIM_STEM,stemness,MME,0.036579,0.030065,0.00105,0.003213,0.135478,78
LIM_STEM,stemness,BAG3,0.189506,0.147201,0.005139,0.003204,-0.005049,79
LIM_STEM,stemness,CRISPLD1,0.079513,0.061233,0.002138,0.00319,0.143622,80
LIM_STEM,stemness,SLC1A5,0.157037,0.119066,0.004157,0.003078,0.028218,81
LIM_STEM,stemness,ANTXR1,0.098521,0.070399,0.002458,0.003021,0.13592,82
LIM_STEM,stemness,SGCB,0.140406,0.09993,0.003489,0.002943,0.066733,83
LIM_STEM,stemness,ITM2A,0.038567,0.039755,0.001388,0.002939,0.19165,84
LIM_STEM,stemness,RARRES2,0.100697,0.112265,0.003919,0.00289,0.116691,85
LIM_STEM,stemness,ADAMTS1,0.061606,0.051775,0.001807,0.002837,0.1809,86
LIM_STEM,stemness,EGR2,0.081595,0.06004,0.002096,0.002792,0.088519,87
LIM_STEM,stemness,RBPMS,0.18518,0.146355,0.005109,0.002782,-0.010703,88
LIM_STEM,stemness,COL14A1,0.044156,0.03924,0.00137,0.002755,0.211289,89
LIM_STEM,stemness,COL4A1,0.055964,0.057316,0.002001,0.002751,0.178056,90
LIM_STEM,stemness,CTNNAL1,0.127752,0.088755,0.003098,0.002677,0.050899,91
LIM_STEM,stemness,CALML3,0.075026,0.09463,0.003304,0.002674,-0.004762,92
LIM_STEM,stemness,ATP2A2,0.186134,0.134277,0.004688,0.002672,-0.034755,93
LIM_STEM,stemness,AEBP1,0.043968,0.047515,0.001659,0.002668,0.195522,94
LIM_STEM,stemness,MEST,0.169853,0.172422,0.006019,0.002666,0.015674,95
LIM_STEM,stemness,MMP2,0.049932,0.048946,0.001709,0.00262,0.189127,96
LIM_STEM,stemness,SLC25A4,0.195981,0.152796,0.005334,0.002605,-0.052145,97
LIM_STEM,stemness,PHLDA3,0.118967,0.082634,0.002885,0.002592,0.001723,98
LIM_STEM,stemness,TNS4,0.038635,0.028144,0.000983,0.002561,0.10943,99
LIM_STEM,stemness,PKP1,0.072097,0.055469,0.001936,0.002497,0.084339,100
LIM_STEM,stemness,GNB4,0.13377,0.102242,0.003569,0.002456,0.074218,101
LIM_STEM,stemness,HSPG2,0.061485,0.047749,0.001667,0.002447,0.162576,102
LIM_STEM,stemness,MSRB3,0.036203,0.026323,0.000919,0.002433,0.190098,103
LIM_STEM,stemness,STAC2,0.071197,0.063912,0.002231,0.002433,0.119832,104
LIM_STEM,stemness,FERMT2,0.104297,0.068504,0.002392,0.002423,0.056851,105
LIM_STEM,stemness,JAG1,0.106272,0.072853,0.002543,0.002409,0.000194,106
LIM_STEM,stemness,THY1,0.033342,0.041661,0.001454,0.002393,0.17883,107
LIM_STEM,stemness,LAMC1,0.073333,0.049437,0.001726,0.002373,0.111253,108
LIM_STEM,stemness,HRAS,0.146223,0.094811,0.00331,0.002362,-0.022395,109
LIM_STEM,stemness,UPP1,0.098776,0.078584,0.002743,0.00236,0.087234,110
LIM_STEM,stemness,PCOLCE,0.056958,0.054182,0.001891,0.002309,0.112352,111
LIM_STEM,stemness,EGFR,0.074918,0.049124,0.001715,0.002304,0.101573,112
LIM_STEM,stemness,VCAN,0.047299,0.050984,0.00178,0.002258,0.156172,113
LIM_STEM,stemness,LRP1,0.065381,0.046423,0.001621,0.002216,0.118608,114
LIM_STEM,stemness,BMP7,0.045311,0.040394,0.00141,0.002198,0.125727,115
LIM_STEM,stemness,KLHL21,0.0966,0.060035,0.002096,0.002196,0.034485,116
LIM_STEM,stemness,FOXP1,0.188659,0.152114,0.00531,0.002191,-0.082333,117
LIM_STEM,stemness,PPP1R18,0.113875,0.08716,0.003043,0.002164,0.058492,118
LIM_STEM,stemness,KCNMB1,0.028868,0.02023,0.000706,0.002154,0.156895,119
LIM_STEM,stemness,LTBP4,0.101342,0.07813,0.002728,0.002131,0.097594,120
LIM_STEM,stemness,TP63,0.02234,0.017595,0.000614,0.002129,0.175557,121
LIM_STEM,stemness,QKI,0.119638,0.080853,0.002823,0.002127,0.052193,122
LIM_STEM,stemness,PLPP3,0.086377,0.05766,0.002013,0.002123,0.037392,123
LIM_STEM,stemness,DUSP6,0.063433,0.042788,0.001494,0.002117,0.083825,124
LIM_STEM,stemness,TCF7L1,0.10337,0.067355,0.002351,0.002081,0.05874,125
LIM_STEM,stemness,SNAI2,0.027713,0.021118,0.000737,0.002032,0.182963,126
LIM_STEM,stemness,COL16A1,0.08181,0.057508,0.002008,0.002005,0.058696,127
LIM_STEM,stemness,ENC1,0.083905,0.055198,0.001927,0.002003,0.062864,128
LIM_STEM,stemness,SNCA,0.051705,0.047877,0.001671,0.001989,0.145389,129
LIM_STEM,stemness,NRP2,0.037184,0.027407,0.000957,0.001929,0.158393,130
LIM_STEM,stemness,PRRX1,0.053237,0.045424,0.001586,0.001928,0.082538,131
LIM_STEM,stemness,SRPX,0.042893,0.036125,0.001261,0.001922,0.147078,132
LIM_STEM,stemness,PROS1,0.032952,0.024147,0.000843,0.0019,0.132086,133
LIM_STEM,stemness,TMEM64,0.074851,0.049404,0.001725,0.001891,0.108069,134
LIM_STEM,stemness,P3H2,0.044693,0.031468,0.001099,0.001879,0.12573,135
LIM_STEM,stemness,CCND2,0.022797,0.020345,0.00071,0.001824,0.143419,136
LIM_STEM,stemness,MCAM,0.048669,0.033442,0.001167,0.001823,0.131635,137
LIM_STEM,stemness,CNP,0.142529,0.099058,0.003458,0.001808,-0.007225,138
LIM_STEM,stemness,GJA1,0.045741,0.03184,0.001112,0.001803,0.13192,139
LIM_STEM,stemness,PXN,0.110195,0.074292,0.002594,0.001795,-0.008205,140
LIM_STEM,stemness,TMEM47,0.065985,0.042612,0.001488,0.001782,0.111799,141
LIM_STEM,stemness,WIF1,0.020432,0.021443,0.000749,0.001771,0.132982,142
LIM_STEM,stemness,SORBS1,0.052874,0.033379,0.001165,0.00177,0.075552,143
LIM_STEM,stemness,EGR3,0.048213,0.032512,0.001135,0.00177,0.079269,144
LIM_STEM,stemness,TPST1,0.068027,0.041951,0.001465,0.001769,0.101162,145
LIM_STEM,stemness,LHFPL6,0.045042,0.034394,0.001201,0.00176,0.1254,146
LIM_STEM,stemness,NRP1,0.069357,0.049652,0.001733,0.001754,0.091629,147
LIM_STEM,stemness,PCBP4,0.114843,0.075482,0.002635,0.001754,0.016305,148
LIM_STEM,stemness,TNS1,0.05904,0.037431,0.001307,0.001736,0.063738,149
LIM_STEM,stemness,NSG1,0.019008,0.013745,0.00048,0.001668,0.15114,150
LIM_STEM,stemness,EOGT,0.065609,0.044638,0.001558,0.001668,0.061064,151
LIM_STEM,stemness,LUZP1,0.10556,0.06642,0.002319,0.001651,0.015254,152
LIM_STEM,stemness,DCBLD2,0.09746,0.063887,0.00223,0.001644,0.047703,153
LIM_STEM,stemness,DPYSL3,0.060424,0.042463,0.001482,0.001642,0.132739,154
LIM_STEM,stemness,LAMA3,0.04609,0.031384,0.001096,0.001616,0.048268,155
LIM_STEM,stemness,LIMA1,0.155895,0.125428,0.004379,0.001614,-0.088216,156
LIM_STEM,stemness,P3H1,0.077968,0.050427,0.00176,0.001581,0.054318,157
LIM_STEM,stemness,SULF1,0.03795,0.033126,0.001156,0.00158,0.087381,158
LIM_STEM,stemness,FST,0.021923,0.015081,0.000526,0.001563,0.132855,159
LIM_STEM,stemness,FAS,0.071076,0.046997,0.001641,0.001563,0.016612,160
LIM_STEM,stemness,TGFBR3,0.041187,0.029463,0.001029,0.00156,0.114453,161
LIM_STEM,stemness,TCF4,0.036673,0.036024,0.001258,0.001556,0.128627,162
LIM_STEM,stemness,CADM1,0.078236,0.051078,0.001783,0.001548,0.079098,163
LIM_STEM,stemness,MEF2C,0.036015,0.030063,0.001049,0.001535,0.138114,164
LIM_STEM,stemness,ARC,0.044881,0.035239,0.00123,0.001478,0.072464,165
LIM_STEM,stemness,PXDC1,0.069478,0.042437,0.001481,0.001468,0.078695,166
LIM_STEM,stemness,SMTN,0.072218,0.046494,0.001623,0.001466,0.045805,167
LIM_STEM,stemness,IGFBP6,0.02688,0.027728,0.000968,0.001447,0.146966,168
LIM_STEM,stemness,IL17B,0.010062,0.008404,0.000293,0.001446,0.144785,169
LIM_STEM,stemness,LARGE2,0.067772,0.049484,0.001727,0.001444,0.027227,170
LIM_STEM,stemness,TACC1,0.099824,0.074602,0.002604,0.001444,0.020655,171
LIM_STEM,stemness,NBL1,0.079325,0.057507,0.002008,0.001424,0.034067,172
LIM_STEM,stemness,IRX4,0.036606,0.022291,0.000778,0.001413,0.079727,173
LIM_STEM,stemness,SSBP2,0.139157,0.100772,0.003518,0.001409,-0.032417,174
LIM_STEM,stemness,MXRA7,0.058409,0.033707,0.001177,0.00137,0.08037,175
LIM_STEM,stemness,GOLIM4,0.072971,0.049126,0.001715,0.001361,0.025669,176
LIM_STEM,stemness,VSIR,0.045136,0.031202,0.001089,0.001359,0.095035,177
LIM_STEM,stemness,SKI,0.091173,0.054443,0.001901,0.00135,0.009747,178
LIM_STEM,stemness,LMOD1,0.011929,0.009565,0.000334,0.001328,0.147283,179
LIM_STEM,stemness,SEMA5A,0.014454,0.010717,0.000374,0.001309,0.121918,180
LIM_STEM,stemness,FHOD3,0.033772,0.017738,0.000619,0.001306,0.123616,181
LIM_STEM,stemness,LGALS7,0.011324,0.01065,0.000372,0.001295,0.118959,182
LIM_STEM,stemness,CHST3,0.050107,0.028453,0.000993,0.001278,0.091869,183
LIM_STEM,stemness,FEZ1,0.024422,0.01413,0.000493,0.001265,0.151717,184
LIM_STEM,stemness,LIFR,0.069451,0.047856,0.001671,0.001263,0.042917,185
LIM_STEM,stemness,RCN3,0.050886,0.040897,0.001428,0.001255,0.103789,186
LIM_STEM,stemness,SLC6A8,0.081272,0.050671,0.001769,0.001254,0.011107,187
LIM_STEM,stemness,PGF,0.028237,0.017722,0.000619,0.00123,0.092473,188
LIM_STEM,stemness,LIMS2,0.022944,0.016803,0.000587,0.001222,0.140366,189
LIM_STEM,stemness,ELP5,0.181808,0.145056,0.005064,0.001214,-0.037168,190
LIM_STEM,stemness,RECK,0.048199,0.030246,0.001056,0.001204,0.099693,191
LIM_STEM,stemness,MTSS1,0.082656,0.055809,0.001948,0.001197,0.017889,192
LIM_STEM,stemness,NETO2,0.051423,0.030341,0.001059,0.001194,0.052766,193
LIM_STEM,stemness,COL5A1,0.029419,0.023085,0.000806,0.001193,0.082242,194
LIM_STEM,stemness,C19orf12,0.11139,0.073644,0.002571,0.001189,0.007155,195
LIM_STEM,stemness,EFNB1,0.038017,0.021881,0.000764,0.001188,0.08041,196
LIM_STEM,stemness,PTPRE,0.063688,0.042649,0.001489,0.001184,0.008938,197
LIM_STEM,stemness,PHLDB1,0.054392,0.034995,0.001222,0.001179,0.030935,198
LIM_STEM,stemness,DLK2,0.014025,0.008966,0.000313,0.001173,0.137304,199
LIM_STEM,stemness,OSR1,0.027565,0.018882,0.000659,0.001144,0.124454,200
LIM_STEM,stemness,EPAS1,0.09308,0.067476,0.002356,0.001138,-0.027433,201
LIM_STEM,stemness,COL12A1,0.050711,0.045495,0.001588,0.001137,0.058071,202
LIM_STEM,stemness,AMOTL1,0.045768,0.030078,0.00105,0.001134,0.080766,203
LIM_STEM,stemness,TSKU,0.097769,0.069851,0.002439,0.001125,-0.015552,204
LIM_STEM,stemness,NGFR,0.011512,0.008031,0.00028,0.001118,0.130451,205
LIM_STEM,stemness,SRGN,0.052632,0.068235,0.002382,0.001113,0.081472,206
LIM_STEM,stemness,FMOD,0.041832,0.033994,0.001187,0.001111,0.038111,207
LIM_STEM,stemness,ETS1,0.039897,0.0286,0.000998,0.001106,0.108709,208
LIM_STEM,stemness,NRG1,0.019331,0.012397,0.000433,0.001105,0.130091,209
LIM_STEM,stemness,BCAR1,0.085974,0.051162,0.001786,0.001099,-0.036204,210
LIM_STEM,stemness,PDPN,0.014293,0.012616,0.00044,0.001098,0.131286,211
LIM_STEM,stemness,COL5A2,0.020929,0.023698,0.000827,0.001095,0.112337,212
LIM_STEM,stemness,OXTR,0.011889,0.007841,0.000274,0.001093,0.109219,213
LIM_STEM,stemness,LAMB1,0.031434,0.020788,0.000726,0.001081,0.132206,214
LIM_STEM,stemness,ERF,0.141575,0.105664,0.003689,0.001077,-0.074229,215
LIM_STEM,stemness,BMP1,0.041066,0.024051,0.00084,0.001077,0.092367,216
LIM_STEM,stemness,SNTB2,0.06487,0.037764,0.001318,0.001075,0.011381,217
LIM_STEM,stemness,L3HYPDH,0.059671,0.038865,0.001357,0.001035,0.012196,218
LIM_STEM,stemness,UNC45A,0.117744,0.078957,0.002756,0.00103,-0.044426,219
LIM_STEM,stemness,COL9A2,0.051007,0.035488,0.001239,0.001013,0.024577,220
LIM_STEM,stemness,PRICKLE1,0.065394,0.045381,0.001584,0.001011,0.061234,221
LIM_STEM,stemness,PLEKHA4,0.043551,0.026401,0.000922,0.001001,0.04351,222
LIM_STEM,stemness,SPRED1,0.050335,0.031784,0.00111,0.001,0.03923,223
LIM_STEM,stemness,VSNL1,0.03486,0.024451,0.000854,0.000984,0.072353,224
LIM_STEM,stemness,PCDH7,0.030373,0.0158,0.000552,0.000983,0.098842,225
LIM_STEM,stemness,NT5E,0.033946,0.025741,0.000899,0.00098,0.077303,226
LIM_STEM,stemness,IL17RD,0.028237,0.016673,0.000582,0.000976,0.088875,227
LIM_STEM,stemness,NXN,0.040341,0.024058,0.00084,0.000973,0.070306,228
LIM_STEM,stemness,GNAI1,0.065421,0.048224,0.001684,0.000953,0.02894,229
LIM_STEM,stemness,CPNE8,0.039159,0.024963,0.000871,0.000951,0.095623,230
LIM_STEM,stemness,CLMP,0.024718,0.014127,0.000493,0.000948,0.117238,231
LIM_STEM,stemness,SLC2A3,0.033516,0.042474,0.001483,0.000932,0.10367,232
LIM_STEM,stemness,SEC24D,0.075657,0.05133,0.001792,0.000924,0.012069,233
LIM_STEM,stemness,TSPYL2,0.122325,0.09095,0.003175,0.000911,-0.062935,234
LIM_STEM,stemness,MEG3,0.010008,0.010114,0.000353,0.000905,0.124417,235
LIM_STEM,stemness,TCOF1,0.091898,0.059417,0.002074,0.000887,-0.021464,236
LIM_STEM,stemness,SIAH2,0.111431,0.071299,0.002489,0.000886,-0.038897,237
LIM_STEM,stemness,PAMR1,0.00665,0.005006,0.000175,0.00088,0.119756,238
LIM_STEM,stemness,TMEM178A,0.010115,0.007998,0.000279,0.000879,0.107373,239
LIM_STEM,stemness,MAMDC2,0.010021,0.006799,0.000237,0.000878,0.12067,240
LIM_STEM,stemness,NPTX2,0.01518,0.013993,0.000489,0.000876,0.089155,241
LIM_STEM,stemness,LRRN1,0.053788,0.037027,0.001293,0.000868,0.027426,242
LIM_STEM,stemness,STAC,0.039024,0.02608,0.00091,0.000858,0.043448,243
LIM_STEM,stemness,PKD1,0.070714,0.043426,0.001516,0.000853,0.000919,244
LIM_STEM,stemness,GNG11,0.036566,0.048636,0.001698,0.000848,0.093599,245
LIM_STEM,stemness,KLHL42,0.075442,0.047448,0.001656,0.000847,-0.024491,246
LIM_STEM,stemness,ANGPTL2,0.010881,0.009281,0.000324,0.000844,0.12569,247
LIM_STEM,stemness,SLCO3A1,0.029715,0.017678,0.000617,0.000841,0.047701,248
LIM_STEM,stemness,AHI1,0.108126,0.071958,0.002512,0.000838,-0.029742,249
LIM_STEM,stemness,SLC12A4,0.040744,0.023527,0.000821,0.000831,0.032268,250
LIM_STEM,stemness,YAF2,0.113083,0.075818,0.002647,0.000829,-0.051141,251
LIM_STEM,stemness,C1QTNF4,0.013339,0.008477,0.000296,0.000824,0.107382,252
LIM_STEM,stemness,GPC3,0.019774,0.016564,0.000578,0.000811,0.08327,253
LIM_STEM,stemness,MPDZ,0.049435,0.029286,0.001022,0.000801,0.024994,254
LIM_STEM,stemness,CBLB,0.079916,0.055062,0.001922,0.000774,-0.00928,255
LIM_STEM,stemness,ISM1,0.010948,0.005694,0.000199,0.000756,0.131293,256
LIM_STEM,stemness,EVA1A,0.04652,0.032432,0.001132,0.000751,0.037386,257
LIM_STEM,stemness,AKT3,0.030548,0.019047,0.000665,0.00075,0.028702,258
LIM_STEM,stemness,ADAMTS2,0.01201,0.007261,0.000253,0.000749,0.119623,259
LIM_STEM,stemness,LAMA1,0.017517,0.012211,0.000426,0.000748,0.10165,260
LIM_STEM,stemness,SLC27A3,0.043457,0.024925,0.00087,0.000736,0.023549,261
LIM_STEM,stemness,ADARB1,0.038326,0.022671,0.000791,0.000731,0.070702,262
LIM_STEM,stemness,COL7A1,0.013742,0.008748,0.000305,0.000709,0.080775,263
LIM_STEM,stemness,EXT1,0.046171,0.026053,0.00091,0.000704,0.013086,264
LIM_STEM,stemness,FXYD1,0.032845,0.032524,0.001135,0.000696,0.073298,265
LIM_STEM,stemness,TMEM121,0.048804,0.026744,0.000934,0.000695,0.011297,266
LIM_STEM,stemness,ACVR2A,0.027498,0.01757,0.000613,0.000691,0.023795,267
LIM_STEM,stemness,ELK3,0.039696,0.027245,0.000951,0.000685,0.035639,268
LIM_STEM,stemness,EDNRB,0.015435,0.01201,0.000419,0.000681,0.109842,269
LIM_STEM,stemness,CDH13,0.007254,0.005844,0.000204,0.000681,0.08706,270
LIM_STEM,stemness,CLIP3,0.020365,0.014125,0.000493,0.00068,0.104217,271
LIM_STEM,stemness,NTF3,0.00665,0.004405,0.000154,0.000675,0.107637,272
LIM_STEM,stemness,PLA2G7,0.028895,0.019466,0.00068,0.000674,0.072421,273
LIM_STEM,stemness,SCHIP1,0.025618,0.015345,0.000536,0.000664,0.090303,274
LIM_STEM,stemness,PTGS2,0.013756,0.009882,0.000345,0.000661,0.115487,275
LIM_STEM,stemness,LGR6,0.011526,0.007122,0.000249,0.000658,0.087904,276
LIM_STEM,stemness,JAM3,0.007241,0.005077,0.000177,0.000652,0.110597,277
LIM_STEM,stemness,HEG1,0.017168,0.011695,0.000408,0.00065,0.090713,278
LIM_STEM,stemness,CYGB,0.008759,0.006476,0.000226,0.000649,0.097834,279
LIM_STEM,stemness,FGFRL1,0.041697,0.023804,0.000831,0.000646,0.011479,280
LIM_STEM,stemness,MALT1,0.060115,0.036813,0.001285,0.000638,-0.005785,281
LIM_STEM,stemness,DUSP7,0.026545,0.015125,0.000528,0.000634,0.037285,282
LIM_STEM,stemness,ITGA1,0.010303,0.009322,0.000325,0.000634,0.090741,283
LIM_STEM,stemness,CDC42EP2,0.054594,0.035838,0.001251,0.000626,-0.020167,284
LIM_STEM,stemness,SMIM13,0.05055,0.030304,0.001058,0.000605,0.021157,285
LIM_STEM,stemness,RARB,0.017222,0.011,0.000384,0.000605,0.060616,286
LIM_STEM,stemness,PPP2R2B,0.017249,0.009455,0.00033,0.000594,0.109268,287
LIM_STEM,stemness,EPDR1,0.013648,0.008506,0.000297,0.000593,0.074953,288
LIM_STEM,stemness,TRIM9,0.018981,0.009458,0.00033,0.000588,0.103135,289
LIM_STEM,stemness,IL1B,0.020258,0.025312,0.000884,0.000588,0.081254,290
LIM_STEM,stemness,ENPP2,0.018753,0.014879,0.000519,0.000587,0.090265,291
LIM_STEM,stemness,FJX1,0.022837,0.011829,0.000413,0.000586,0.067896,292
LIM_STEM,stemness,WTIP,0.024758,0.015282,0.000534,0.000586,0.064328,293
LIM_STEM,stemness,JAM2,0.011875,0.010244,0.000358,0.000574,0.104798,294
LIM_STEM,stemness,ARHGEF28,0.037305,0.021859,0.000763,0.000573,0.015474,295
LIM_STEM,stemness,RAPGEF1,0.046937,0.026857,0.000938,0.00057,-0.005372,296
LIM_STEM,stemness,ADGRL1,0.05908,0.033918,0.001184,0.000567,-0.025312,297
LIM_STEM,stemness,GPSM1,0.028412,0.0145,0.000506,0.000562,0.067906,298
LIM_STEM,stemness,CAVIN2,0.007402,0.005656,0.000197,0.000555,0.0987,299
LIM_STEM,stemness,SLC27A6,0.010236,0.007522,0.000263,0.000552,0.094574,300
LIM_STEM,stemness,PLCH2,0.012695,0.007242,0.000253,0.000547,0.047059,301
LIM_STEM,stemness,FHL1,0.012681,0.010135,0.000354,0.000545,0.097146,302
LIM_STEM,stemness,FZD8,0.019908,0.00984,0.000344,0.000538,0.075372,303
LIM_STEM,stemness,ZNF219,0.06659,0.037919,0.001324,0.000537,-0.060128,304
LIM_STEM,stemness,DLL1,0.012332,0.007692,0.000269,0.000533,0.062126,305
LIM_STEM,stemness,SLC1A3,0.02054,0.015319,0.000535,0.000531,0.068556,306
LIM_STEM,stemness,AGPAT4,0.026585,0.015735,0.000549,0.000528,0.067602,307
LIM_STEM,stemness,EPHB1,0.015207,0.007464,0.000261,0.000525,0.083082,308
LIM_STEM,stemness,RCSD1,0.033705,0.030831,0.001076,0.000522,0.038106,309
LIM_STEM,stemness,VIT,0.011647,0.00659,0.00023,0.00052,0.085704,310
LIM_STEM,stemness,IL6,0.016362,0.012732,0.000444,0.000499,0.053155,311
LIM_STEM,stemness,KANK4,0.020285,0.011886,0.000415,0.000494,0.068445,312
LIM_STEM,stemness,ITGA9,0.01252,0.006406,0.000224,0.000492,0.087835,313
LIM_STEM,stemness,FBLN7,0.013017,0.008155,0.000285,0.00049,0.071871,314
LIM_STEM,stemness,SOBP,0.018699,0.010106,0.000353,0.000486,0.068553,315
LIM_STEM,stemness,NDN,0.019801,0.012011,0.000419,0.000483,0.002843,316
LIM_STEM,stemness,BACH1,0.08095,0.057259,0.001999,0.00048,-0.029475,317
LIM_STEM,stemness,PCDHGC3,0.017222,0.009897,0.000345,0.000477,0.073289,318
LIM_STEM,stemness,RHOJ,0.009753,0.006646,0.000232,0.000476,0.105801,319
LIM_STEM,stemness,SSH1,0.03576,0.02067,0.000722,0.000474,0.002869,320
LIM_STEM,stemness,SDK2,0.009591,0.004902,0.000171,0.000474,0.07612,321
LIM_STEM,stemness,NLGN2,0.026316,0.014822,0.000517,0.00047,0.028383,322
LIM_STEM,stemness,INKA1,0.011539,0.006831,0.000238,0.000463,0.083624,323
LIM_STEM,stemness,PRICKLE2,0.021117,0.012567,0.000439,0.000462,0.009423,324
LIM_STEM,stemness,BCL2L11,0.079083,0.050607,0.001767,0.000456,-0.045782,325
LIM_STEM,stemness,TWIST2,0.00759,0.007028,0.000245,0.00045,0.064263,326
LIM_STEM,stemness,SCN4B,0.006058,0.003357,0.000117,0.000443,0.09791,327
LIM_STEM,stemness,CSPG4,0.01068,0.007243,0.000253,0.000435,0.092558,328
LIM_STEM,stemness,BCOR,0.053989,0.030313,0.001058,0.000425,-0.042049,329
LIM_STEM,stemness,HDAC4,0.035397,0.019333,0.000675,0.000424,0.011166,330
LIM_STEM,stemness,RASL12,0.010706,0.007083,0.000247,0.000421,0.097597,331
LIM_STEM,stemness,CCDC3,0.017047,0.011625,0.000406,0.000417,0.067478,332
LIM_STEM,stemness,SLIT3,0.008168,0.007129,0.000249,0.000415,0.079346,333
LIM_STEM,stemness,SLC4A3,0.027176,0.015132,0.000528,0.000414,0.023352,334
LIM_STEM,stemness,WIPF1,0.024449,0.019615,0.000685,0.000411,0.072806,335
LIM_STEM,stemness,ARHGEF25,0.016295,0.009209,0.000321,0.000406,0.041469,336
LIM_STEM,stemness,PARD6G,0.018941,0.009028,0.000315,0.000405,0.03391,337
LIM_STEM,stemness,NRCAM,0.016537,0.007852,0.000274,0.000403,0.091474,338
LIM_STEM,stemness,PLXNA2,0.023616,0.014528,0.000507,0.000402,0.024928,339
LIM_STEM,stemness,ARHGAP24,0.017343,0.010343,0.000361,0.000401,0.033116,340
LIM_STEM,stemness,FAM216A,0.028237,0.016629,0.000581,0.000401,0.045378,341
LIM_STEM,stemness,FBXO30,0.040529,0.026109,0.000911,0.000398,-0.000398,342
LIM_STEM,stemness,RFLNB,0.015811,0.008129,0.000284,0.000392,0.074252,343
LIM_STEM,stemness,MICAL2,0.044021,0.027603,0.000964,0.000391,-0.027265,344
LIM_STEM,stemness,AXL,0.006891,0.004738,0.000165,0.00039,0.082896,345
LIM_STEM,stemness,PRDM1,0.012654,0.008821,0.000308,0.000388,0.066688,346
LIM_STEM,stemness,CRLF1,0.015099,0.010492,0.000366,0.000386,0.082862,347
LIM_STEM,stemness,TMEM204,0.012883,0.010041,0.000351,0.000378,0.059025,348
LIM_STEM,stemness,SYDE1,0.016201,0.008249,0.000288,0.000371,0.053236,349
LIM_STEM,stemness,PCDH18,0.011741,0.011159,0.00039,0.00037,0.083379,350
LIM_STEM,stemness,LCA5,0.04245,0.026348,0.00092,0.000366,-0.041021,351
LIM_STEM,stemness,FAM184A,0.022528,0.011293,0.000394,0.000363,0.030744,352
LIM_STEM,stemness,CPXM1,0.009148,0.009208,0.000321,0.000358,0.045771,353
LIM_STEM,stemness,LCAT,0.014669,0.008122,0.000284,0.000356,0.037308,354
LIM_STEM,stemness,DMWD,0.038917,0.019919,0.000695,0.000352,-0.017516,355
LIM_STEM,stemness,PEG3,0.029406,0.019063,0.000666,0.000346,-0.026354,356
LIM_STEM,stemness,SIMC1,0.033664,0.018769,0.000655,0.000346,0.001458,357
LIM_STEM,stemness,CNRIP1,0.009686,0.008401,0.000293,0.000339,0.088908,358
LIM_STEM,stemness,NUDT11,0.010035,0.006354,0.000222,0.000335,0.068752,359
LIM_STEM,stemness,KLHL29,0.00673,0.003412,0.000119,0.000327,0.071535,360
LIM_STEM,stemness,GPR87,0.012278,0.007377,0.000258,0.000326,0.035087,361
LIM_STEM,stemness,LAG3,0.027861,0.01823,0.000636,0.000321,0.00201,362
LIM_STEM,stemness,FLRT2,0.006367,0.004091,0.000143,0.000315,0.085083,363
LIM_STEM,stemness,RUSC2,0.016913,0.008876,0.00031,0.000313,0.0329,364
LIM_STEM,stemness,LRRC8C,0.01389,0.007763,0.000271,0.000313,0.054446,365
LIM_STEM,stemness,RASIP1,0.041617,0.029387,0.001026,0.00031,-0.022756,366
LIM_STEM,stemness,SOX11,0.032482,0.021587,0.000754,0.000307,0.035161,367
LIM_STEM,stemness,ELOVL4,0.013111,0.00832,0.00029,0.000307,0.056086,368
LIM_STEM,stemness,C1QTNF12,0.009551,0.005407,0.000189,0.000304,0.031107,369
LIM_STEM,stemness,TMEM201,0.028989,0.015295,0.000534,0.000303,-0.013649,370
LIM_STEM,stemness,EEPD1,0.021373,0.012167,0.000425,0.000302,0.010173,371
LIM_STEM,stemness,ALDH1L2,0.016926,0.012652,0.000442,0.000301,0.050495,372
LIM_STEM,stemness,ARHGAP20,0.005481,0.003409,0.000119,0.000299,0.06356,373
LIM_STEM,stemness,DOCK10,0.012318,0.009333,0.000326,0.000296,0.065993,374
LIM_STEM,stemness,DCUN1D3,0.042651,0.025307,0.000883,0.000295,-0.049733,375
LIM_STEM,stemness,THSD1,0.006179,0.003453,0.000121,0.000295,0.046274,376
LIM_STEM,stemness,HAS2,0.009874,0.005197,0.000181,0.000286,0.082855,377
LIM_STEM,stemness,TSHZ3,0.004581,0.003294,0.000115,0.000286,0.068001,378
LIM_STEM,stemness,ADGRA2,0.00892,0.005132,0.000179,0.000271,0.072262,379
LIM_STEM,stemness,PODN,0.005521,0.006577,0.00023,0.000268,0.06404,380
LIM_STEM,stemness,TBX2,0.010774,0.004893,0.000171,0.000264,0.070852,381
LIM_STEM,stemness,DZIP1L,0.007133,0.004305,0.00015,0.000261,0.069085,382
LIM_STEM,stemness,GJC1,0.011056,0.006896,0.000241,0.00026,0.065138,383
LIM_STEM,stemness,RFX2,0.019559,0.010886,0.00038,0.000259,-0.000158,384
LIM_STEM,stemness,TOX,0.00943,0.006441,0.000225,0.000258,0.080869,385
LIM_STEM,stemness,TTYH2,0.013232,0.006409,0.000224,0.00025,0.055096,386
LIM_STEM,stemness,PRX,0.012762,0.007504,0.000262,0.00025,0.009532,387
LIM_STEM,stemness,PTPRT,0.021265,0.012189,0.000426,0.00025,-0.060665,388
LIM_STEM,stemness,DCHS1,0.008665,0.005681,0.000198,0.000249,0.047154,389
LIM_STEM,stemness,TMEM255B,0.010424,0.007771,0.000271,0.000246,0.035078,390
LIM_STEM,stemness,VGLL3,0.00583,0.00561,0.000196,0.00024,0.070214,391
LIM_STEM,stemness,TRPC1,0.007818,0.004405,0.000154,0.000234,0.054576,392
LIM_STEM,stemness,TRO,0.012399,0.009292,0.000324,0.00023,0.02695,393
LIM_STEM,stemness,ARMH4,0.008248,0.005229,0.000183,0.000227,0.045391,394
LIM_STEM,stemness,SGIP1,0.004567,0.003799,0.000133,0.000225,0.063351,395
LIM_STEM,stemness,FGL2,0.007442,0.00724,0.000253,0.000222,0.056387,396
LIM_STEM,stemness,FLNC,0.004917,0.003214,0.000112,0.000222,0.057162,397
LIM_STEM,stemness,SCARF2,0.006394,0.004254,0.000148,0.00022,0.054279,398
LIM_STEM,stemness,ABI3BP,0.005051,0.005936,0.000207,0.000213,0.061838,399
LIM_STEM,stemness,MRGPRF,0.003788,0.003173,0.000111,0.000212,0.05997,400
LIM_STEM,stemness,ARHGAP25,0.009323,0.006288,0.00022,0.000211,0.027046,401
LIM_STEM,stemness,COL23A1,0.004863,0.002562,8.9e-05,0.000209,0.056277,402
LIM_STEM,stemness,SVEP1,0.003251,0.002865,1e-04,0.000206,0.065789,403
LIM_STEM,stemness,SLC38A5,0.008006,0.006474,0.000226,0.000196,0.059363,404
LIM_STEM,stemness,NECTIN3,0.011324,0.006289,0.00022,0.000194,0.029778,405
LIM_STEM,stemness,NGF,0.002902,0.001776,6.2e-05,0.000192,0.068108,406
LIM_STEM,stemness,MSX1,0.009121,0.005098,0.000178,0.000188,0.021581,407
LIM_STEM,stemness,QRICH2,0.012762,0.006542,0.000228,0.000187,0.023,408
LIM_STEM,stemness,OSBPL6,0.015731,0.009343,0.000326,0.000185,0.000342,409
LIM_STEM,stemness,GPR176,0.008288,0.004376,0.000153,0.000183,0.036613,410
LIM_STEM,stemness,CARD10,0.014857,0.007913,0.000276,0.000171,-0.015068,411
LIM_STEM,stemness,STXBP4,0.024046,0.015854,0.000553,0.000169,-0.015144,412
LIM_STEM,stemness,SH3TC1,0.01072,0.007077,0.000247,0.000153,0.006676,413
LIM_STEM,stemness,SHE,0.006717,0.003852,0.000134,0.000146,0.039158,414
LIM_STEM,stemness,CHST7,0.012359,0.006866,0.00024,0.000145,0.002343,415
LIM_STEM,stemness,LRP4,0.003318,0.001751,6.1e-05,0.000133,0.045412,416
LIM_STEM,stemness,SCML2,0.013151,0.007893,0.000276,0.000129,0.014545,417
LIM_STEM,stemness,SLIT2,0.003761,0.002665,9.3e-05,0.000121,0.029487,418
LIM_STEM,stemness,EID3,0.013769,0.008018,0.00028,0.00012,0.009674,419
LIM_STEM,stemness,TIE1,0.003063,0.003753,0.000131,0.00011,0.044311,420
LIM_STEM,stemness,MEDAG,0.003708,0.003539,0.000124,0.000108,0.045728,421
LIM_STEM,stemness,KCNIP3,0.010518,0.005012,0.000175,0.000104,0.013221,422
LIM_STEM,stemness,EVC,0.008329,0.004389,0.000153,0.000102,-0.000378,423
LIM_STEM,stemness,TENM3,0.003331,0.002223,7.8e-05,0.000101,0.018686,424
LIM_STEM,stemness,POPDC2,0.002646,0.001444,5e-05,9.9e-05,0.020161,425
LIM_STEM,stemness,ANKRD1,0.002875,0.003341,0.000117,9.5e-05,0.039164,426
LIM_STEM,stemness,PKNOX2,0.00579,0.002363,8.2e-05,9.4e-05,0.036783,427
LIM_STEM,stemness,CD70,0.006636,0.005592,0.000195,9.4e-05,0.008314,428
LIM_STEM,stemness,ARSI,0.0027,0.001371,4.8e-05,9.3e-05,0.037665,429
LIM_STEM,stemness,GPR3,0.005441,0.002821,9.8e-05,8.9e-05,0.028721,430
LIM_STEM,stemness,ZNF423,0.0036,0.002339,8.2e-05,8.4e-05,0.015418,431
LIM_STEM,stemness,MGARP,0.0018,0.000975,3.4e-05,8.3e-05,0.036058,432
LIM_STEM,stemness,KRT75,0.001196,0.001023,3.6e-05,8e-05,0.035194,433
LIM_STEM,stemness,POU3F1,0.005212,0.002711,9.5e-05,7.7e-05,0.008804,434
LIM_STEM,stemness,HS3ST3A1,0.002297,0.001392,4.9e-05,7.3e-05,0.031791,435
LIM_STEM,stemness,HSPB2,0.002821,0.001699,5.9e-05,7.2e-05,0.023081,436
LIM_STEM,stemness,LRCH2,0.002055,0.001434,5e-05,7.1e-05,0.040797,437
LIM_STEM,stemness,MFNG,0.006179,0.005993,0.000209,7e-05,0.025221,438
LIM_STEM,stemness,EBF3,0.002928,0.00116,4.1e-05,6.9e-05,0.04548,439
LIM_STEM,stemness,MAP3K7CL,0.00665,0.005108,0.000178,6.5e-05,-0.009523,440
LIM_STEM,stemness,STARD8,0.002311,0.001377,4.8e-05,6.1e-05,0.034368,441
LIM_STEM,stemness,AQP9,0.001746,0.001533,5.4e-05,5.7e-05,0.018101,442
LIM_STEM,stemness,CDH4,0.00184,0.000863,3e-05,5.7e-05,0.037606,443
LIM_STEM,stemness,PPP1R16B,0.004285,0.004036,0.000141,5.5e-05,0.020471,444
LIM_STEM,stemness,CSDC2,0.000887,0.000452,1.6e-05,5.3e-05,0.034179,445
LIM_STEM,stemness,BNC1,0.001934,0.000882,3.1e-05,4.1e-05,0.02137,446
LIM_STEM,stemness,ASPHD2,0.003452,0.001556,5.4e-05,4e-05,0.005665,447
LIM_STEM,stemness,PSD2,0.000752,0.000319,1.1e-05,3.8e-05,0.032291,448
LIM_STEM,stemness,ZC3H12B,0.000752,0.000483,1.7e-05,3.7e-05,0.026344,449
LIM_STEM,stemness,PCDH19,0.002485,0.001259,4.4e-05,3e-05,0.015868,450
LIM_STEM,stemness,UCN2,0.000537,0.000223,8e-06,3e-05,0.023765,451
LIM_STEM,stemness,SORCS1,0.001881,0.000657,2.3e-05,3e-05,0.016089,452
LIM_STEM,stemness,RELN,0.000927,0.000835,2.9e-05,2.7e-05,0.017666,453
LIM_STEM,stemness,HGFAC,0.001088,0.000547,1.9e-05,2.3e-05,0.005058,454
LIM_STEM,stemness,ACER2,0.007133,0.004439,0.000155,2.2e-05,-0.024797,455
LIM_STEM,stemness,SH2D5,0.000887,0.000335,1.2e-05,1.6e-05,0.016566,456
LIM_STEM,stemness,LEP,0.000578,0.000348,1.2e-05,1.5e-05,0.014805,457
LIM_STEM,stemness,MYOCD,0.000416,0.000304,1.1e-05,3e-06,-0.006697,458
LIM_STEM,stemness,IL24,0.001693,0.001331,4.6e-05,-3e-06,-0.021579,459
LIM_STEM,stemness,PPP1R3C,0.019599,0.014498,0.000506,-4.8e-05,-0.031734,460
LIM_STEM,stemness,CD36,0.039575,0.050919,0.001778,-5e-05,-0.043181,461
LIM_STEM,stemness,CACNB4,0.019049,0.012747,0.000445,-5.9e-05,-0.070158,462
LIM_STEM,stemness,KCNMA1,0.0707,0.055495,0.001937,-9.7e-05,-0.097255,463
LIM_STEM,stemness,EDARADD,0.037694,0.025749,0.000899,-0.000222,-0.117788,464
LIM_STEM,stemness,IL6ST,0.260233,0.27584,0.00963,-0.001167,-0.106479,465
