factor,Gene_set,Term,P-value,Adjusted P-value,Old P-value,Old adjusted P-value,Odds Ratio,Combined Score,Genes
DR 1+,GO_Biological_Process_2023,Extracellular Matrix Organization (GO:0030198),1.277608052044757e-11,1.0629698993012378e-08,0,0,11.696864111498257,293.3976640187776,POSTN;COL15A1;LUM;COL14A1;MMP2;COL11A1;COL12A1;DPT;COL1A1;MMP11;COL3A1;COL1A2;CCDC80;COL5A1;COL4A1;CTSK;COL5A2;COL10A1
DR 1+,GO_Biological_Process_2023,External Encapsulating Structure Organization (GO:0045229),1.497289211144394e-10,4.152482078907119e-08,0,0,15.30232558139535,346.17218788998093,POSTN;COL15A1;COL14A1;MMP2;COL11A1;COL1A1;MMP11;COL3A1;COL1A2;CCDC80;COL5A1;COL4A1;COL5A2;COL10A1
DR 1+,GO_Biological_Process_2023,Extracellular Structure Organization (GO:0043062),1.497289211144394e-10,4.152482078907119e-08,0,0,15.30232558139535,346.17218788998093,POSTN;COL15A1;COL14A1;MMP2;COL11A1;COL1A1;MMP11;COL3A1;COL1A2;CCDC80;COL5A1;COL4A1;COL5A2;COL10A1
DR 1+,GO_Biological_Process_2023,Collagen Fibril Organization (GO:0030199),9.092173281523147e-10,1.8911720425568146e-07,0,0,30.047619047619047,625.5444631047501,COL1A1;COL3A1;COL1A2;COL5A1;COL14A1;LUM;COL11A1;COL12A1;COL5A2;DPT
DR 1+,GO_Biological_Process_2023,Positive Regulation Of Locomotion (GO:0040017),5.841428530078328e-05,0.009720137074050339,0,0,19.94736842105263,194.44595172999095,PDGFRB;CAVIN1;CCL21;RARRES2;CCL19
DR 1+,GO_Biological_Process_2023,Regulation Of Glycoprotein Biosynthetic Process (GO:0010559),0.00012145241724754159,0.014750413010155804,0,0,inf,inf,CCL21;CCL19;IGF1
DR 1+,GO_Biological_Process_2023,Supramolecular Fiber Organization (GO:0097435),0.00012410203253736854,0.014750413010155804,0,0,4.668883283650539,41.99383409662028,COL1A1;COL3A1;EFEMP2;COL1A2;COL5A1;LUM;COL14A1;COL11A1;COL5A2;COL12A1;DPT
DR 1+,GO_Biological_Process_2023,Endodermal Cell Differentiation (GO:0035987),0.00016936810446428435,0.017614282864285572,0,0,14.233082706766917,123.59206388861277,COL11A1;MMP2;COL12A1;COL6A1;FN1
DR 1+,GO_Biological_Process_2023,Cellular Response To Transforming Growth Factor Beta Stimulus (GO:0071560),0.00029450227477084115,0.021951513913065386,0,0,8.598784194528875,69.91004017360326,CDH5;CLDN5;CLEC3B;COL3A1;COL1A2;WNT2
DR 1+,GO_Biological_Process_2023,Positive Regulation Of Cell Motility (GO:2000147),0.00032300951131971093,0.021951513913065386,0,0,4.478260869565218,35.99549413919941,COL1A1;PDGFRB;CDH5;CXCL12;CCL21;CAVIN1;PDPN;PECAM1;CCL19;IGF1
DR 1+,GO_Biological_Process_2023,Maintenance Of Blood-Brain Barrier (GO:0035633),0.0003530788440695878,0.021951513913065386,0,0,19.75,156.9891786404046,CDH5;CLDN5;PECAM1;ESAM
DR 1+,GO_Biological_Process_2023,Apical Junction Assembly (GO:0043297),0.0003950178597139277,0.021951513913065386,0,0,11.058479532163743,86.6606548833963,CDH5;CLDN5;RAMP2;PECAM1;ESAM
DR 1+,GO_Biological_Process_2023,Bicellular Tight Junction Assembly (GO:0070830),0.0003950178597139277,0.021951513913065386,0,0,11.058479532163743,86.6606548833963,CDH5;CLDN5;RAMP2;PECAM1;ESAM
DR 1+,GO_Biological_Process_2023,Tight Junction Assembly (GO:0120192),0.0003950178597139277,0.021951513913065386,0,0,11.058479532163743,86.6606548833963,CDH5;CLDN5;RAMP2;PECAM1;ESAM
DR 1+,GO_Biological_Process_2023,Regulation Of Cell Motility (GO:2000145),0.0003957604671826692,0.021951513913065386,0,0,8.02127659574468,62.844307059300036,FGF7;CCL21;CAVIN1;FBLN1;CCL19;LDB2
DR 1+,GO_Biological_Process_2023,Endothelium Development (GO:0003158),0.00046811653426905627,0.024342059781990926,0,0,58.7319587628866,450.2857872458315,PECAM1;CD34;FSTL1
DR 1+,GO_Biological_Process_2023,Eye Morphogenesis (GO:0048592),0.0006112157595893195,0.02991361835166552,0,0,15.791666666666666,116.85928929412923,MFAP5;COL5A1;COL5A2;FBN1
DR 1+,GO_Biological_Process_2023,Skin Development (GO:0043588),0.0007953202530924244,0.03676146947627206,0,0,9.038277511961722,64.50406884720583,COL1A1;COL3A1;COL1A2;COL5A1;COL5A2
DR 1+,GO_Biological_Process_2023,Regulation Of Chemotaxis (GO:0050920),0.0009797523443270978,0.04079531433429827,0,0,13.152777777777779,91.12521610440056,PDGFRB;CCL21;RARRES2;CCL19
DR 1+,GO_Biological_Process_2023,Regulation Of Cellular Response To Growth Factor Stimulus (GO:0090287),0.0011277550837606493,0.04079531433429827,0,0,29.350515463917525,199.217394861114,SFRP4;TMEM204;FSTL1
DR 1+,GO_Biological_Process_2023,Regulation Of Protein Modification Process (GO:0031399),0.0011277550837606493,0.04079531433429827,0,0,29.350515463917525,199.217394861114,CDH5;FN1;IGF1
DR 1+,GO_Biological_Process_2023,Eye Development (GO:0001654),0.0011277550837606493,0.04079531433429827,0,0,29.350515463917525,199.217394861114,COL5A1;COL5A2;FBN1
DR 1+,GO_Biological_Process_2023,Negative Regulation Of Dendritic Cell Apoptotic Process (GO:2000669),0.0011277550837606493,0.04079531433429827,0,0,29.350515463917525,199.217394861114,CXCL12;CCL21;CCL19
DR 1+,GO_Biological_Process_2023,Regulation Of Cell Migration (GO:0030334),0.001315116758203263,0.04559071428437978,0,0,3.1853146853146854,21.13083557032463,COL1A1;PDGFRB;CLDN5;CDH5;FGF7;SFRP2;CXCL12;PDPN;PECAM1;THY1;IGF1;LDB2
DR 2-,GO_Biological_Process_2023,Antigen Processing And Presentation Of Exogenous Peptide Antigen Via MHC Class II (GO:0019886),5.095065964936495e-14,3.1462032333482857e-11,0,0,86.22727272727273,2639.237352352936,HLA-DMA;HLA-DRB5;HLA-DMB;FCER1G;CTSL;HLA-DRA;FCGR2B;CTSD;CTSS;HLA-DQA1;HLA-DRB1;HLA-DPA1
DR 2-,GO_Biological_Process_2023,Antigen Processing And Presentation Of Peptide Antigen Via MHC Class II (GO:0002495),5.095065964936495e-14,3.1462032333482857e-11,0,0,86.22727272727273,2639.237352352936,HLA-DMA;HLA-DRB5;HLA-DMB;FCER1G;CTSL;HLA-DRA;FCGR2B;CTSD;CTSS;HLA-DQA1;HLA-DRB1;HLA-DPA1
DR 2-,GO_Biological_Process_2023,Antigen Processing And Presentation Of Exogenous Peptide Antigen (GO:0002478),4.775024949530451e-12,1.965718604223369e-09,0,0,36.87662337662338,961.2858757565721,HLA-DMA;HLA-DRB5;HLA-DMB;FCER1G;CTSL;HLA-DRA;FCGR2B;CTSD;CTSS;HLA-DQA1;HLA-DRB1;HLA-DPA1
DR 2-,GO_Biological_Process_2023,Inflammatory Response (GO:0006954),1.044569197081317e-11,3.225107395988566e-09,0,0,9.263673274420826,234.23041757498075,CXCL9;CCL3L1;SLC11A1;ITGB2;FPR1;CYBB;FPR3;LYZ;AIF1;CCL8;IL1B;CCL4;CCRL2;CCL3;C3AR1;OLR1;CCL2;CD14;CCL18;FOLR2;FCGR2B
DR 2-,GO_Biological_Process_2023,Immunoglobulin Mediated Immune Response (GO:0016064),3.904392037662979e-10,9.643848333027557e-08,0,0,35.074074074074076,759.8359317799898,CD74;HLA-DMA;HLA-DRB5;HLA-DMB;FCER1G;HLA-DRA;FCGR2B;HLA-DQA1;HLA-DRB1;HLA-DPA1
DR 2-,GO_Biological_Process_2023,Positive Regulation Of Lymphocyte Activation (GO:0051251),9.092173281523147e-10,1.871472333780181e-07,0,0,30.047619047619047,625.5444631047501,HLA-DMA;HLA-DRB5;HLA-DMB;TYROBP;CCL2;HLA-DRA;NCKAP1L;HLA-DQA1;HLA-DRB1;HLA-DPA1
DR 2-,GO_Biological_Process_2023,MHC Class II Protein Complex Assembly (GO:0002399),4.886748540152934e-09,6.035134447088874e-07,0,0,142.93548387096774,2735.319002199265,HLA-DRB5;HLA-DMA;HLA-DMB;HLA-DRA;HLA-DQA1;HLA-DRB1;HLA-DPA1
DR 2-,GO_Biological_Process_2023,Peptide Antigen Assembly With MHC Class II Protein Complex (GO:0002503),4.886748540152934e-09,6.035134447088874e-07,0,0,142.93548387096774,2735.319002199265,HLA-DRB5;HLA-DMA;HLA-DMB;HLA-DRA;HLA-DQA1;HLA-DRB1;HLA-DPA1
DR 2-,GO_Biological_Process_2023,Peptide Antigen Assembly With MHC Protein Complex (GO:0002501),4.886748540152934e-09,6.035134447088874e-07,0,0,142.93548387096774,2735.319002199265,HLA-DRB5;HLA-DMA;HLA-DMB;HLA-DRA;HLA-DQA1;HLA-DRB1;HLA-DPA1
DR 2-,GO_Biological_Process_2023,Immunoglobulin Production Involved In Immunoglobulin-Mediated Immune Response (GO:0002381),4.886748540152934e-09,6.035134447088874e-07,0,0,142.93548387096774,2735.319002199265,HLA-DRB5;HLA-DMA;HLA-DMB;HLA-DRA;HLA-DQA1;HLA-DRB1;HLA-DPA1
DR 2-,GO_Biological_Process_2023,Phagocytosis (GO:0006909),1.452307115260694e-07,1.630544806679052e-05,0,0,16.984015984015983,267.4123507570604,MSR1;TYROBP;SLC11A1;ITGB2;TREM2;CD36;CD14;FCGR2B;AIF1
DR 2-,GO_Biological_Process_2023,Regulation Of T Cell Activation (GO:0050863),1.7014039138281056e-07,1.7510281946480923e-05,0,0,13.083333333333334,203.92523164332442,IL4I1;HLA-DMA;HLA-DRB5;HLA-DMB;LAPTM5;CCL2;HLA-DRA;HLA-DQA1;HLA-DRB1;HLA-DPA1
DR 2-,GO_Biological_Process_2023,Positive Regulation Of Leukocyte Cell-Cell Adhesion (GO:1903039),2.4370052368476704e-07,2.315154975005287e-05,0,0,15.56043956043956,236.9438816487454,HLA-DMA;HLA-DRB5;HLA-DMB;ITGB2;CCL2;HLA-DRA;HLA-DQA1;HLA-DRB1;HLA-DPA1
DR 2-,GO_Biological_Process_2023,Receptor-Mediated Endocytosis (GO:0006898),8.134242599805443e-07,7.175564007685516e-05,0,0,10.444444444444445,146.4521359711862,MSR1;FCER1G;CTSL;MRC1;ITGB2;STAB1;LILRB1;APOE;CD36;FCGR2B
DR 2-,GO_Biological_Process_2023,Endocytosis (GO:0006897),9.557318918340284e-07,7.868859242766834e-05,0,0,12.428571428571429,172.26979882367422,MSR1;SLC11A1;MRC1;ITGB2;STAB1;APOE;CD14;CD36;FCGR2B
DR 2-,GO_Biological_Process_2023,Regulation Of ERK1 And ERK2 Cascade (GO:0070372),1.766757403808695e-06,0.00013637158710648364,0,0,6.45308740978348,85.47994905638444,CD74;CCL3L1;TREM2;SCIMP;CCL8;IL1B;CCL4;CCL3;CCL2;APOE;CD36;CCL18;HLA-DRB1
DR 2-,GO_Biological_Process_2023,Positive Regulation Of ERK1 And ERK2 Cascade (GO:0070374),1.959720872076202e-06,0.0001423679574714182,0,0,7.0606060606060606,92.79548733779338,CD74;CCL8;CCL3L1;CCL4;CCL3;CCL2;TREM2;APOE;CD36;CCL18;SCIMP;HLA-DRB1
DR 2-,GO_Biological_Process_2023,Positive Regulation Of T Cell Activation (GO:0050870),2.54499863557076e-06,0.0001746151841627716,0,0,7.704119850187266,99.2396987770773,HLA-DRB5;HLA-DMA;HLA-DMB;IL1B;HLA-DRA;CCL2;NCKAP1L;AIF1;HLA-DRB1;HLA-DQA1;HLA-DPA1
DR 2-,GO_Biological_Process_2023,Positive Regulation Of MAPK Cascade (GO:0043410),3.216197902456167e-06,0.00020905286365965087,0,0,5.565030146425495,70.38266515926101,CD74;CCL3L1;LAPTM5;TREM2;SCIMP;CCL8;IL1B;CCL4;CCL3;CCL2;APOE;CD36;CCL18;HLA-DRB1
DR 2-,GO_Biological_Process_2023,Response To Type II Interferon (GO:0034341),5.347234301780467e-06,0.00032315184803734964,0,0,8.008547008547009,97.2152002170102,CD74;CCL8;CCL3L1;SLC11A1;CCL4;CCL3;CCL2;CCL18;AIF1;HLA-DPA1
DR 2-,GO_Biological_Process_2023,Cellular Response To Low-Density Lipoprotein Particle Stimulus (GO:0071404),5.494889723712018e-06,0.00032315184803734964,0,0,49.94736842105263,604.94714446369,FCER1G;ITGB2;TREM2;CD36;CD68
DR 2-,GO_Biological_Process_2023,Cellular Response To Type II Interferon (GO:0071346),5.934080753962949e-06,0.000333117715052011,0,0,9.296703296703297,111.88395021608807,HCK;CCL8;CCL3L1;CCL4;CCL3;CCL2;CCL18;AIF1;HLA-DPA1
DR 2-,GO_Biological_Process_2023,Neutrophil Chemotaxis (GO:0030593),7.025921144222683e-06,0.0003772614179615223,0,0,7.707818930041152,91.46024122760969,CXCL9;FCER1G;CCL8;CCL3L1;ITGB2;CCL4;CCL3;CCL2;NCKAP1L;CCL18
DR 2-,GO_Biological_Process_2023,Neutrophil Migration (GO:1990266),9.142488283546798e-06,0.00045163892120721183,0,0,7.428571428571429,86.19057919428042,CXCL9;FCER1G;CCL8;CCL3L1;ITGB2;CCL4;CCL3;CCL2;NCKAP1L;CCL18
DR 2-,GO_Biological_Process_2023,Granulocyte Chemotaxis (GO:0071621),9.142488283546798e-06,0.00045163892120721183,0,0,7.428571428571429,86.19057919428042,CXCL9;FCER1G;CCL8;CCL3L1;ITGB2;CCL4;CCL3;CCL2;NCKAP1L;CCL18
DR 2-,GO_Biological_Process_2023,Positive Regulation Of Phagocytosis (GO:0050766),1.2821611303514803e-05,0.0006090265369169531,0,0,12.925708699902248,145.60007424149998,FCER1G;SLC11A1;IL1B;CCL2;TREM2;NCKAP1L;FCGR2B
DR 2-,GO_Biological_Process_2023,Eosinophil Chemotaxis (GO:0048245),1.7377372409106614e-05,0.0007664662473302381,0,0,17.26139817629179,189.19082109789363,CCL8;CCL3L1;CCL4;CCL3;CCL2;CCL18
DR 2-,GO_Biological_Process_2023,Eosinophil Migration (GO:0072677),1.7377372409106614e-05,0.0007664662473302381,0,0,17.26139817629179,189.19082109789363,CCL8;CCL3L1;CCL4;CCL3;CCL2;CCL18
DR 2-,GO_Biological_Process_2023,Monocyte Chemotaxis (GO:0002548),2.874146616457206e-05,0.001201481262778807,0,0,10.925558312655086,114.25041694763075,CCL8;CCL3L1;CCL4;CCL3;CCL2;CCL18;FOLR2
DR 2-,GO_Biological_Process_2023,Macrophage Activation (GO:0042116),2.9185779662643087e-05,0.001201481262778807,0,0,15.095744680851064,157.6271840592717,C1QA;FCGR3A;SLC11A1;ITGB2;TREM2;AIF1
DR 2-,GO_Biological_Process_2023,"Phagocytosis, Engulfment (GO:0006911)",3.0409982072163825e-05,0.001211494447068462,0,0,24.94736842105263,259.4710837955379,MSR1;ITGB2;CD36;FCGR2B;AIF1
DR 2-,GO_Biological_Process_2023,Cytokine-Mediated Signaling Pathway (GO:0019221),3.995592523382206e-05,0.00154204898949282,0,0,4.94385026737968,50.069998369949104,HCK;CXCL9;FCER1G;SPI1;CCL8;CCL3L1;IL1B;CCL4;CCL3;CCL2;LILRB1;CCL18
DR 2-,GO_Biological_Process_2023,Negative Regulation Of Lymphocyte Proliferation (GO:0050672),4.668507662899191e-05,0.0017471536253577274,0,0,13.411347517730496,133.73911085789635,IL4I1;TYROBP;LILRB1;MNDA;FCGR2B;HLA-DRB1
DR 2-,GO_Biological_Process_2023,Microglial Cell Activation (GO:0001774),5.841428530078328e-05,0.002121813010190216,0,0,19.94736842105263,194.44595172999095,C1QA;TYROBP;ITGB2;TREM2;AIF1
DR 2-,GO_Biological_Process_2023,Immune Response-Activating Cell Surface Receptor Signaling Pathway (GO:0002429),8.181450708587026e-05,0.0028868833214585644,0,0,39.541666666666664,372.12883861533135,FCER1G;FPR1;C3AR1;FPR3
DR 2-,GO_Biological_Process_2023,Negative Regulation Of Immune Response (GO:0050777),0.00010634030167659263,0.0034089485295616785,0,0,10.961315280464216,100.28360701932651,HCK;SPI1;TREM2;LILRB1;FCGR2B;HLA-DRB1
DR 2-,GO_Biological_Process_2023,Cellular Response To Interleukin-1 (GO:0071347),0.00010868871640220655,0.0034089485295616785,0,0,8.337128399746996,76.0931591082673,CCL8;CCL3L1;IL1B;CCL4;CCL3;CCL2;CCL18
DR 2-,GO_Biological_Process_2023,Cellular Response To Cytokine Stimulus (GO:0071345),0.00011864936813808615,0.0034089485295616785,0,0,4.330721003134796,39.14685050023031,HCK;CCL8;CCL3L1;IL1B;CCL4;CCL3;CCL2;LILRB1;MNDA;CCL18;AIF1;HLA-DPA1
DR 2-,GO_Biological_Process_2023,Cellular Response To Oxidised Low-Density Lipoprotein Particle Stimulus (GO:0140052),0.00012145241724754159,0.0034089485295616785,0,0,inf,inf,TREM2;CD36;CD68
DR 2-,GO_Biological_Process_2023,"Positive Regulation Of CD4-positive, Alpha-Beta T Cell Differentiation (GO:0043372)",0.00012145241724754159,0.0034089485295616785,0,0,inf,inf,HLA-DRA;NCKAP1L;HLA-DRB1
DR 2-,GO_Biological_Process_2023,Positive Regulation Of Myeloid Leukocyte Mediated Immunity (GO:0002888),0.00012145241724754159,0.0034089485295616785,0,0,inf,inf,SPI1;TYROBP;ITGB2
DR 2-,GO_Biological_Process_2023,High-Density Lipoprotein Particle Remodeling (GO:0034375),0.00012145241724754159,0.0034089485295616785,0,0,inf,inf,APOC1;APOE;PLTP
DR 2-,GO_Biological_Process_2023,Positive Regulation Of Regulatory T Cell Differentiation (GO:0045591),0.00012145241724754159,0.0034089485295616785,0,0,inf,inf,IL4I1;HLA-DRA;HLA-DRB1
DR 2-,GO_Biological_Process_2023,Lipoprotein Metabolic Process (GO:0042157),0.00012145241724754159,0.0034089485295616785,0,0,inf,inf,OLR1;APOE;CTSD
DR 2-,GO_Biological_Process_2023,Regulation Of Immune Response (GO:0050776),0.00014482304599736508,0.003805456634186082,0,0,7.8697729988052565,69.56877704447882,IL4I1;FCGR3A;HLA-DRA;TREM2;FCGR1A;FCGR2B;HLA-DRB1
DR 2-,GO_Biological_Process_2023,Regulation Of Interleukin-6 Production (GO:0032675),0.00014482304599736508,0.003805456634186082,0,0,7.8697729988052565,69.56877704447882,CD74;TYROBP;IL1B;TREM2;NCKAP1L;AIF1;SCIMP
DR 2-,GO_Biological_Process_2023,Chemokine-Mediated Signaling Pathway (GO:0070098),0.00014482304599736508,0.003805456634186082,0,0,7.8697729988052565,69.56877704447882,CXCL9;CCL8;CCL3L1;CCL4;CCL3;CCL2;CCL18
DR 2-,GO_Biological_Process_2023,Negative Regulation Of T Cell Activation (GO:0050868),0.00015309997781280465,0.00393913484580862,0,0,10.042553191489361,88.21799908306319,IL4I1;LAPTM5;NCKAP1L;LILRB1;FCGR2B;HLA-DRB1
DR 2-,GO_Biological_Process_2023,Fc-gamma Receptor Signaling Pathway (GO:0038094),0.00018357501735262067,0.004626839723071154,0,0,26.34722222222222,226.6621797598714,HCK;FCGR3A;FCER1G;FCGR2B
DR 2-,GO_Biological_Process_2023,Positive Regulation Of Immune Response (GO:0050778),0.00019012947348500593,0.004696197995079646,0,0,7.451612903225806,63.84396836547323,CD74;HLA-DMB;ITGB2;HLA-DRA;LILRB1;FCGR2B;HLA-DRB1
DR 2-,GO_Biological_Process_2023,Lymphocyte Migration (GO:0072676),0.00021477368960561024,0.005200892287508405,0,0,9.265139116202946,78.25267648946107,CCL8;CCL3L1;CCL4;CCL3;CCL2;CCL18
DR 2-,GO_Biological_Process_2023,Cellular Response To Chemokine (GO:1990869),0.000246253088153306,0.005848510843641017,0,0,7.075268817204301,58.78947510883268,CXCL9;CCL8;CCL3L1;CCL4;CCL3;CCL2;CCL18
DR 2-,GO_Biological_Process_2023,Positive Regulation Of Immune Effector Process (GO:0002699),0.0002643629965231669,0.006160156617096436,0,0,12.447368421052632,102.5437538440271,HLA-DMB;IL1B;HLA-DRA;LILRB1;HLA-DRB1
DR 2-,GO_Biological_Process_2023,Positive Regulation Of Hydrolase Activity (GO:0051345),0.00027866975010108156,0.0063732803958302916,0,0,5.813664596273292,47.58765370098808,CCL8;CCL3L1;CTSL;CCL4;CCL3;CCL2;CCL18;CTSS
DR 2-,GO_Biological_Process_2023,Regulation Of Phagocytosis (GO:0050764),0.00029450227477084115,0.0063808826200348915,0,0,8.598784194528875,69.91004017360326,HCK;FCER1G;SLC11A1;IL1B;TREM2;FCGR2B
DR 2-,GO_Biological_Process_2023,Lymphocyte Chemotaxis (GO:0048247),0.00029450227477084115,0.0063808826200348915,0,0,8.598784194528875,69.91004017360326,CCL8;CCL3L1;CCL4;CCL3;CCL2;CCL18
DR 2-,GO_Biological_Process_2023,Regulation Of B Cell Proliferation (GO:0030888),0.00029450227477084115,0.0063808826200348915,0,0,8.598784194528875,69.91004017360326,CD74;TYROBP;NCKAP1L;MNDA;FCGR2B;TNFSF13B
DR 2-,GO_Biological_Process_2023,Regulation Of Type II Interferon Production (GO:0032649),0.0003150108321840704,0.0067075582370228785,0,0,6.734767025089606,54.30177683274117,SLC11A1;IL1B;LAPTM5;LILRB1;CD14;HLA-DRB1;HLA-DPA1
DR 2-,GO_Biological_Process_2023,T Cell Activation Involved In Immune Response (GO:0002286),0.0003530788440695878,0.00692146622898319,0,0,19.75,156.9891786404046,CD74;FCER1G;SLC11A1;LILRB1
DR 2-,GO_Biological_Process_2023,Plasma Membrane Invagination (GO:0099024),0.0003530788440695878,0.00692146622898319,0,0,19.75,156.9891786404046,MSR1;ITGB2;CD36;FCGR2B
DR 2-,GO_Biological_Process_2023,Cholesterol Transport (GO:0030301),0.0003530788440695878,0.00692146622898319,0,0,19.75,156.9891786404046,MSR1;APOC1;CD36;APOE
DR 2-,GO_Biological_Process_2023,Lipopolysaccharide-Mediated Signaling Pathway (GO:0031663),0.0003530788440695878,0.00692146622898319,0,0,19.75,156.9891786404046,HCK;IL1B;CCL3;CCL2
DR 2-,GO_Biological_Process_2023,Regulation Of Calcium-Mediated Signaling (GO:0050848),0.0003530788440695878,0.00692146622898319,0,0,19.75,156.9891786404046,PLEK;CCL4;CCL3;TREM2
DR 2-,GO_Biological_Process_2023,Response To Interleukin-1 (GO:0070555),0.00039839383505799804,0.007687756035884806,0,0,6.425219941348973,50.29706829623644,CCL8;CCL3L1;IL1B;CCL4;CCL3;CCL2;CCL18
DR 2-,GO_Biological_Process_2023,Cellular Response To Lipopolysaccharide (GO:0071222),0.0004142951516105026,0.007871607880599549,0,0,5.420289855072464,42.218268622051674,HCK;CXCL9;IL1B;CCL3;CCL2;LILRB1;CD14;CD68
DR 2-,GO_Biological_Process_2023,Negative Regulation Of Inflammatory Response To Antigenic Stimulus (GO:0002862),0.00046811653426905627,0.007919505750990197,0,0,58.7319587628866,450.2857872458315,HCK;TREM2;HLA-DRB1
DR 2-,GO_Biological_Process_2023,Negative Regulation Of Interleukin-10 Production (GO:0032693),0.00046811653426905627,0.007919505750990197,0,0,58.7319587628866,450.2857872458315,TYROBP;LILRB1;FCGR2B
DR 2-,GO_Biological_Process_2023,Regulation Of Inflammatory Response To Antigenic Stimulus (GO:0002861),0.00046811653426905627,0.007919505750990197,0,0,58.7319587628866,450.2857872458315,HCK;TREM2;HLA-DRB1
DR 2-,GO_Biological_Process_2023,Nitric Oxide Mediated Signal Transduction (GO:0007263),0.00046811653426905627,0.007919505750990197,0,0,58.7319587628866,450.2857872458315,FPR1;APOE;CD36
DR 2-,GO_Biological_Process_2023,Cellular Response To Thyroid Hormone Stimulus (GO:0097067),0.00046811653426905627,0.007919505750990197,0,0,58.7319587628866,450.2857872458315,CTSL;CTSS;CTSB
DR 2-,GO_Biological_Process_2023,Response To Thyroid Hormone (GO:0097066),0.00046811653426905627,0.007919505750990197,0,0,58.7319587628866,450.2857872458315,CTSL;CTSS;CTSB
DR 2-,GO_Biological_Process_2023,"Regulation Of CD4-positive, Alpha-Beta T Cell Differentiation (GO:0043370)",0.00046811653426905627,0.007919505750990197,0,0,58.7319587628866,450.2857872458315,HLA-DRA;NCKAP1L;HLA-DRB1
DR 2-,GO_Biological_Process_2023,Negative Regulation Of B Cell Proliferation (GO:0030889),0.00046811653426905627,0.007919505750990197,0,0,58.7319587628866,450.2857872458315,TYROBP;MNDA;FCGR2B
DR 2-,GO_Biological_Process_2023,Negative Regulation Of B Cell Activation (GO:0050869),0.0006112157595893195,0.01020069544720013,0,0,15.791666666666666,116.85928929412923,TYROBP;LAPTM5;MNDA;FCGR2B
DR 2-,GO_Biological_Process_2023,Positive Regulation Of Endocytosis (GO:0045807),0.0008682852856439705,0.014297764370270713,0,0,6.673758865248227,47.04326101987329,FCER1G;SLC11A1;IL1B;TREM2;APOE;FCGR2B
DR 2-,GO_Biological_Process_2023,Regulation Of T Cell Proliferation (GO:0042129),0.0009241118507069289,0.015016817573987594,0,0,5.425144747725393,37.9037364344854,IL4I1;HLA-DMB;IL1B;NCKAP1L;LILRB1;HLA-DRB1;HLA-DPA1
DR 2-,GO_Biological_Process_2023,Regulation Of B Cell Differentiation (GO:0045577),0.0009797523443270978,0.01571420967849306,0,0,13.152777777777779,91.12521610440056,IL4I1;SPI1;SLAMF8;NCKAP1L
DR 2-,GO_Biological_Process_2023,Negative Regulation Of Cytokine Production (GO:0001818),0.0009973034600280549,0.01579063811711087,0,0,4.633540372670807,32.019874372860976,TYROBP;SLC11A1;LAPTM5;TREM2;LILRB1;NCKAP1L;FCGR2B;HLA-DRB1
DR 2-,GO_Biological_Process_2023,Cellular Response To Molecule Of Bacterial Origin (GO:0071219),0.001116573631361091,0.016385617981698845,0,0,5.221425726802071,35.492591985772684,CXCL9;IL1B;CCL2;LILRB1;CD14;CD68;FCGR2B
DR 2-,GO_Biological_Process_2023,Positive Regulation Of Lymphocyte Proliferation (GO:0050671),0.001116573631361091,0.016385617981698845,0,0,5.221425726802071,35.492591985772684,CD74;FCGR3A;HLA-DMB;IL1B;NCKAP1L;TNFSF13B;HLA-DPA1
DR 2-,GO_Biological_Process_2023,Fc Receptor Mediated Stimulatory Signaling Pathway (GO:0002431),0.0011277550837606493,0.016385617981698845,0,0,29.350515463917525,199.217394861114,HCK;FCER1G;FCGR2B
DR 2-,GO_Biological_Process_2023,Regulation Of Neutrophil Migration (GO:1902622),0.0011277550837606493,0.016385617981698845,0,0,29.350515463917525,199.217394861114,MPP1;SLAMF8;NCKAP1L
DR 2-,GO_Biological_Process_2023,Synapse Pruning (GO:0098883),0.0011277550837606493,0.016385617981698845,0,0,29.350515463917525,199.217394861114,C1QB;TREM2;C1QC
DR 2-,GO_Biological_Process_2023,Positive Regulation Of Myeloid Leukocyte Cytokine Production Involved In Immune Response (GO:0061081),0.0011277550837606493,0.016385617981698845,0,0,29.350515463917525,199.217394861114,CD74;LAPTM5;LILRB1
DR 2-,GO_Biological_Process_2023,Negative Regulation Of T Cell Mediated Cytotoxicity (GO:0001915),0.0011277550837606493,0.016385617981698845,0,0,29.350515463917525,199.217394861114,LILRB1;NCKAP1L;FCGR2B
DR 2-,GO_Biological_Process_2023,Regulation Of GTPase Activity (GO:0043087),0.0013392222949848618,0.019231855050073306,0,0,5.032258064516129,33.291739639332306,ADAP2;CCL8;CCL3L1;CCL4;CCL3;CCL2;CCL18
DR 2-,GO_Biological_Process_2023,Positive Regulation Of Interleukin-6 Production (GO:0032755),0.001439820148952626,0.020438826252373483,0,0,7.6396761133603235,49.988211945862055,CD74;TYROBP;IL1B;AIF1;SCIMP
DR 2-,GO_Biological_Process_2023,Regulation Of B Cell Activation (GO:0050864),0.0014808362963672226,0.02078219120469909,0,0,11.267857142857142,73.41176014759877,IL4I1;SLAMF8;LAPTM5;FCGR2B
DR 2-,GO_Biological_Process_2023,Defense Response To Bacterium (GO:0042742),0.0015837976232903235,0.021977416458017412,0,0,4.260869565217392,27.473787659521996,FCER1G;IL1B;SLC11A1;STAB1;SLAMF8;TREM2;LYZ;RNASE1
DR 2-,GO_Biological_Process_2023,Positive Regulation Of Macromolecule Metabolic Process (GO:0010604),0.0017860951149205417,0.02450919407696521,0,0,3.4670433145009416,21.938491602687204,CD74;TYROBP;IL1B;SLC11A1;CCL3;ITGAX;LAPTM5;TREM2;LILRB1;CD36
DR 2-,GO_Biological_Process_2023,Second-Messenger-Mediated Signaling (GO:0019932),0.0018773386273765495,0.02520123048706564,0,0,7.090225563909774,44.51172798101838,FCGR3A;FPR1;CCL3;CD36;APOE
DR 2-,GO_Biological_Process_2023,Positive Regulation Of Type II Interferon Production (GO:0032729),0.0018773386273765495,0.02520123048706564,0,0,7.090225563909774,44.51172798101838,SLC11A1;IL1B;LILRB1;CD14;HLA-DPA1
DR 2-,GO_Biological_Process_2023,Regulation Of Peptidase Activity (GO:0052547),0.0021365735668536314,0.025698332461239714,0,0,9.854166666666666,60.58885488683089,CST3;CTSL;CTSS;CTSB
DR 2-,GO_Biological_Process_2023,Positive Regulation Of T Cell Differentiation (GO:0045582),0.0021365735668536314,0.025698332461239714,0,0,9.854166666666666,60.58885488683089,IL4I1;HLA-DRA;NCKAP1L;HLA-DRB1
DR 2-,GO_Biological_Process_2023,Positive Regulation Of Protein Catabolic Process (GO:0045732),0.0021365735668536314,0.025698332461239714,0,0,9.854166666666666,60.58885488683089,IL1B;TREM2;APOE;TNFSF13B
DR 2-,GO_Biological_Process_2023,Regulation Of Cytokine Production Involved In Immune Response (GO:0002718),0.0021737022796164945,0.025698332461239714,0,0,19.556701030927837,119.90845954872826,LAPTM5;LILRB1;SCIMP
DR 2-,GO_Biological_Process_2023,Regulation Of Dendritic Cell Antigen Processing And Presentation (GO:0002604),0.0021737022796164945,0.025698332461239714,0,0,19.556701030927837,119.90845954872826,SLC11A1;CD68;FCGR2B
DR 2-,GO_Biological_Process_2023,Negative Regulation Of Leukocyte Degranulation (GO:0043301),0.0021737022796164945,0.025698332461239714,0,0,19.556701030927837,119.90845954872826,SPI1;NCKAP1L;FCGR2B
DR 2-,GO_Biological_Process_2023,Regulation Of Immune Effector Process (GO:0002697),0.0021737022796164945,0.025698332461239714,0,0,19.556701030927837,119.90845954872826,HLA-DRA;FCGR2B;HLA-DRB1
DR 2-,GO_Biological_Process_2023,Phospholipid Transport (GO:0015914),0.0021737022796164945,0.025698332461239714,0,0,19.556701030927837,119.90845954872826,APOC1;APOE;PLTP
DR 2-,GO_Biological_Process_2023,"Positive Regulation Of CD4-positive, Alpha-Beta T Cell Activation (GO:2000516)",0.0021737022796164945,0.025698332461239714,0,0,19.556701030927837,119.90845954872826,HLA-DRA;NCKAP1L;HLA-DRB1
DR 2-,GO_Biological_Process_2023,Positive Regulation Of Cholesterol Efflux (GO:0010875),0.0021737022796164945,0.025698332461239714,0,0,19.556701030927837,119.90845954872826,TREM2;APOE;PLTP
DR 2-,GO_Biological_Process_2023,Positive Regulation Of Cholesterol Transport (GO:0032376),0.0021737022796164945,0.025698332461239714,0,0,19.556701030927837,119.90845954872826,TREM2;APOE;PLTP
DR 2-,GO_Biological_Process_2023,Protein Kinase B Signaling (GO:0043491),0.0021737022796164945,0.025698332461239714,0,0,19.556701030927837,119.90845954872826,IL1B;CCL3;CCL2
DR 2-,GO_Biological_Process_2023,Protein Catabolic Process (GO:0030163),0.002404952856950651,0.025698332461239714,0,0,6.614035087719298,39.88411958945533,CTSL;APOE;CTSD;CTSS;CTSB
DR 2-,GO_Biological_Process_2023,Myeloid Leukocyte Differentiation (GO:0002573),0.002404952856950651,0.025698332461239714,0,0,6.614035087719298,39.88411958945533,SPI1;TYROBP;TREM2;MMP9;HLA-DRB1
DR 2-,GO_Biological_Process_2023,Proteolysis (GO:0006508),0.002416082112913995,0.025698332461239714,0,0,3.9427359490986214,23.757381325484182,ADAMDEC1;CTSL;OLR1;MMP19;MMP9;CTSD;CTSS;CTSB
DR 2-,GO_Biological_Process_2023,Regulation Of Establishment Of Protein Localization (GO:0070201),0.002476195597479778,0.025698332461239714,0,0,inf,inf,TREM2;CTSD
DR 2-,GO_Biological_Process_2023,Neutrophil Activation Involved In Immune Response (GO:0002283),0.002476195597479778,0.025698332461239714,0,0,inf,inf,FCER1G;TYROBP
DR 2-,GO_Biological_Process_2023,Regulation Of Plasma Membrane Bounded Cell Projection Organization (GO:0120035),0.002476195597479778,0.025698332461239714,0,0,inf,inf,TREM2;FCGR2B
DR 2-,GO_Biological_Process_2023,Positive Regulation Of TOR Signaling (GO:0032008),0.002476195597479778,0.025698332461239714,0,0,inf,inf,TREM2;NCKAP1L
DR 2-,GO_Biological_Process_2023,Positive Regulation Of Amyloid-Beta Clearance (GO:1900223),0.002476195597479778,0.025698332461239714,0,0,inf,inf,TREM2;APOE
DR 2-,GO_Biological_Process_2023,Complement Receptor Mediated Signaling Pathway (GO:0002430),0.002476195597479778,0.025698332461239714,0,0,inf,inf,FPR1;FPR3
DR 2-,GO_Biological_Process_2023,Positive Regulation Of Macrophage Cytokine Production (GO:0060907),0.002476195597479778,0.025698332461239714,0,0,inf,inf,LAPTM5;LILRB1
DR 2-,GO_Biological_Process_2023,Positive Regulation Of Monocyte Differentiation (GO:0045657),0.002476195597479778,0.025698332461239714,0,0,inf,inf,CD74;HLA-DRB1
DR 2-,GO_Biological_Process_2023,Positive Regulation Of Receptor Catabolic Process (GO:2000646),0.002476195597479778,0.025698332461239714,0,0,inf,inf,LAPTM5;APOE
DR 2-,GO_Biological_Process_2023,Lipoprotein Catabolic Process (GO:0042159),0.002476195597479778,0.025698332461239714,0,0,inf,inf,APOE;CTSD
DR 2-,GO_Biological_Process_2023,"Regulation Of CD4-positive, Alpha-Beta T Cell Activation (GO:2000514)",0.002476195597479778,0.025698332461239714,0,0,inf,inf,HLA-DRA;HLA-DRB1
DR 2-,GO_Biological_Process_2023,Regulation Of T Cell Mediated Immune Response To Tumor Cell (GO:0002840),0.002476195597479778,0.025698332461239714,0,0,inf,inf,IL4I1;HLA-DRB1
DR 2-,GO_Biological_Process_2023,Positive Regulation Of Cytokine Production (GO:0001819),0.00296433619247002,0.029807385393656793,0,0,3.00749063670412,17.506910219605594,CD74;FCER1G;TYROBP;IL1B;SLC11A1;LAPTM5;LILRB1;CD14;AIF1;SCIMP;HLA-DPA1
DR 2-,GO_Biological_Process_2023,Regulation Of Kinase Activity (GO:0043549),0.002968670771999826,0.029807385393656793,0,0,8.75462962962963,50.948801338613265,CD74;SLAMF8;TREM2;HLA-DRB1
DR 2-,GO_Biological_Process_2023,Positive Regulation Of Neuron Death (GO:1901216),0.002968670771999826,0.029807385393656793,0,0,8.75462962962963,50.948801338613265,C1QA;TYROBP;ITGB2;CCL3
DR 2-,GO_Biological_Process_2023,Positive Regulation Of Proteolysis (GO:0045862),0.002968670771999826,0.029807385393656793,0,0,8.75462962962963,50.948801338613265,CTSL;IL1B;APOE;CTSS
DR 2-,GO_Biological_Process_2023,Positive Regulation Of Signal Transduction (GO:0009967),0.003020759602005712,0.030085791197395597,0,0,4.258390355164549,24.708232473069767,CD74;CTSL;IL1B;LY86;TREM2;SCIMP;CTSS
DR 2-,GO_Biological_Process_2023,Cellular Response To Lipid (GO:0071396),0.003139202755597848,0.03101532322530674,0,0,3.75530839231547,21.644795479957452,CXCL9;IL1B;SPP1;CCL2;TREM2;LILRB1;CD14;CD68
DR 2-,GO_Biological_Process_2023,Response To Tumor Necrosis Factor (GO:0034612),0.003570415404878472,0.03482990138924217,0,0,4.787234042553192,26.976414877898662,CCL8;CCL3L1;CCL4;CCL3;CCL2;CCL18
DR 2-,GO_Biological_Process_2023,Negative Regulation Of Endocytosis (GO:0045806),0.0036663054093939128,0.03482990138924217,0,0,14.65979381443299,82.22049187959041,APOC1;LILRB1;FCGR2B
DR 2-,GO_Biological_Process_2023,Regulation Of Cholesterol Efflux (GO:0010874),0.0036663054093939128,0.03482990138924217,0,0,14.65979381443299,82.22049187959041,TREM2;APOE;PLTP
DR 2-,GO_Biological_Process_2023,Regulation Of Dendritic Cell Differentiation (GO:2001198),0.0036663054093939128,0.03482990138924217,0,0,14.65979381443299,82.22049187959041,TMEM176B;LILRB1;FCGR2B
DR 2-,GO_Biological_Process_2023,Regulation Of Lipopolysaccharide-Mediated Signaling Pathway (GO:0031664),0.0036663054093939128,0.03482990138924217,0,0,14.65979381443299,82.22049187959041,LY86;CD36;SCIMP
DR 2-,GO_Biological_Process_2023,Negative Regulation Of Inflammatory Response (GO:0050728),0.003771206378705224,0.03555297616565612,0,0,5.829721362229102,32.531945850142606,HCK;SLAMF8;TREM2;APOE;HLA-DRB1
DR 2-,GO_Biological_Process_2023,Regulation Of Interleukin-10 Production (GO:0032653),0.003998135981473634,0.03684849206805924,0,0,7.875,43.485175369973454,TYROBP;LILRB1;FCGR2B;HLA-DRB1
DR 2-,GO_Biological_Process_2023,Response To Amyloid-Beta (GO:1904645),0.003998135981473634,0.03684849206805924,0,0,7.875,43.485175369973454,TREM2;CD36;FCGR2B;MMP9
DR 2-,GO_Biological_Process_2023,Positive Regulation Of Leukocyte Mediated Cytotoxicity (GO:0001912),0.003998135981473634,0.03684849206805924,0,0,7.875,43.485175369973454,SPI1;TYROBP;HLA-DRA;HLA-DRB1
DR 2-,GO_Biological_Process_2023,Positive Regulation Of Multicellular Organismal Process (GO:0051240),0.004652050513075112,0.04255764728627973,0,0,3.197802197802198,17.17362781466105,FABP4;IL1B;SLC11A1;SPP1;ITGAX;G0S2;TREM2;APOE;CD36
DR 2-,GO_Biological_Process_2023,Positive Regulation Of Apoptotic Process (GO:0043065),0.005083669853044308,0.046164207856689114,0,0,3.4283071230342275,18.107364695741754,LGALS2;BCL2A1;CTSL;CCL3;LILRB1;MNDA;CTSD;CTSS
DR 2-,GO_Biological_Process_2023,Negative Regulation Of Osteoclast Differentiation (GO:0045671),0.005654249936284305,0.04987856193793655,0,0,11.721649484536082,60.66361305353392,CCL3;LILRB1;LILRB3
DR 2-,GO_Biological_Process_2023,Regulation Of Response To Biotic Stimulus (GO:0002831),0.005654249936284305,0.04987856193793655,0,0,11.721649484536082,60.66361305353392,TREM2;CD36;FCGR2B
DR 2-,GO_Biological_Process_2023,Cellular Response To Amyloid-Beta (GO:1904646),0.005654249936284305,0.04987856193793655,0,0,11.721649484536082,60.66361305353392,TREM2;CD36;FCGR2B
DR 2-,GO_Biological_Process_2023,Long-Chain Fatty Acid Transport (GO:0015909),0.005654249936284305,0.04987856193793655,0,0,11.721649484536082,60.66361305353392,FABP4;APOE;CD36
DR 3+,GO_Biological_Process_2023,Mitotic Sister Chromatid Segregation (GO:0000070),3.283318814845336e-26,1.835375217498543e-23,0,0,94.29004329004329,5532.784885195953,PLK1;KIF14;CDCA8;NCAPG;KIF23;KIF11;KIF22;KNSTRN;SMC4;NDC80;MZT1;ZWINT;SMC2;SGO1;TPX2;CCNB1;PSRC1;KIFC1;PRC1;NUSAP1;KIF2C;DLGAP5;CEP55
DR 3+,GO_Biological_Process_2023,Mitotic Spindle Organization (GO:0007052),2.9891572921522583e-24,8.3546946315655625e-22,0,0,100.74683544303798,5457.158945954113,GPSM2;PLK1;CDCA8;KIF23;TTK;KIF11;AURKB;MZT1;NDC80;AURKA;TPX2;CCNB1;INCENP;KIFC1;PRC1;KIF4A;NUF2;STMN1;BIRC5;DLGAP5;SPC25
DR 3+,GO_Biological_Process_2023,Microtubule Cytoskeleton Organization Involved In Mitosis (GO:1902850),5.035254084620082e-21,9.38235677767542e-19,0,0,104.04878048780488,4863.013482090275,GPSM2;PLK1;CDCA8;TTK;KIF11;AURKB;NDC80;CCNB1;INCENP;KIF4A;NUF2;STMN1;NUSAP1;CDK1;TACC3;BIRC5;DLGAP5;SPC25
DR 3+,GO_Biological_Process_2023,Mitotic Cytokinesis (GO:0000281),7.683774404094591e-18,8.590459783777753e-16,0,0,111.58823529411765,4397.404543291832,PLK1;CDCA8;KIF23;CENPA;AURKB;ANLN;RACGAP1;INCENP;KIF4A;STMN1;NUSAP1;BIRC5;KIF20A;ECT2;CEP55
DR 3+,GO_Biological_Process_2023,Cytoskeleton-Dependent Cytokinesis (GO:0061640),7.683774404094591e-18,8.590459783777753e-16,0,0,111.58823529411765,4397.404543291832,PLK1;CDCA8;KIF23;CENPA;AURKB;ANLN;RACGAP1;INCENP;KIF4A;STMN1;NUSAP1;BIRC5;KIF20A;ECT2;CEP55
DR 3+,GO_Biological_Process_2023,Positive Regulation Of Cell Cycle Process (GO:0090068),4.321573646039321e-17,4.026266113559967e-15,0,0,34.53658536585366,1301.3498291873145,PLK4;GPSM2;KIF14;CDCA8;NCAPG;KIF23;SMC4;NDC80;AURKB;AURKA;SMC2;RACGAP1;INCENP;NUSAP1;BIRC5;KIF20B;ECT2;MAD2L1
DR 3+,GO_Biological_Process_2023,Regulation Of Cell Cycle Process (GO:0010564),1.3630803584641263e-15,1.0885170291163524e-13,0,0,47.72268907563025,1633.501322018442,CDCA2;PLK1;KIF11;MKI67;KNSTRN;AURKB;AURKA;RACGAP1;PRC1;NEK2;KIF2C;KIF20A;KIF20B;ECT2;BUB1
DR 3+,GO_Biological_Process_2023,Mitotic Spindle Assembly (GO:0090307),1.582282165098512e-15,1.1056196628625852e-13,0,0,258.95454545454544,8825.147132334054,TPX2;RACGAP1;INCENP;KIFC1;PRC1;KIF4A;CDCA8;BIRC5;KIF23;KIF11;AURKB;MZT1
DR 3+,GO_Biological_Process_2023,Metaphase Plate Congression (GO:0051310),5.095065964936495e-14,3.164602082666112e-12,0,0,86.22727272727273,2639.237352352936,CCNB1;CENPF;PSRC1;INCENP;KIFC1;KIF14;CDCA8;KIF2C;KIF22;FAM83D;CEP55;NDC80
DR 3+,GO_Biological_Process_2023,Spindle Assembly Checkpoint Signaling (GO:0071173),2.0346053363684837e-13,8.74880294638448e-12,0,0,117.29213483146067,3427.6637536585085,CDC20;CENPF;NUF2;PLK1;TTK;TRIP13;BUB1;NDC80;ZWINT;MAD2L1;SPC25
DR 3+,GO_Biological_Process_2023,Negative Regulation Of Mitotic Metaphase/Anaphase Transition (GO:0045841),2.0346053363684837e-13,8.74880294638448e-12,0,0,117.29213483146067,3427.6637536585085,CDC20;CENPF;NUF2;PLK1;TTK;TRIP13;BUB1;NDC80;ZWINT;MAD2L1;SPC25
DR 3+,GO_Biological_Process_2023,Mitotic Spindle Assembly Checkpoint Signaling (GO:0007094),2.0346053363684837e-13,8.74880294638448e-12,0,0,117.29213483146067,3427.6637536585085,CDC20;CENPF;NUF2;PLK1;TTK;TRIP13;BUB1;NDC80;ZWINT;MAD2L1;SPC25
DR 3+,GO_Biological_Process_2023,Mitotic Spindle Checkpoint Signaling (GO:0071174),2.0346053363684837e-13,8.74880294638448e-12,0,0,117.29213483146067,3427.6637536585085,CDC20;CENPF;NUF2;PLK1;TTK;TRIP13;BUB1;NDC80;ZWINT;MAD2L1;SPC25
DR 3+,GO_Biological_Process_2023,Regulation Of Cytokinesis (GO:0032465),3.806156850002008e-12,1.3297760494694515e-10,0,0,105.44444444444444,2772.5985198542526,RACGAP1;PRC1;PLK1;KIF14;KIF23;KIF20A;KIF20B;ECT2;AURKB;AURKA
DR 3+,GO_Biological_Process_2023,Mitotic Metaphase Plate Congression (GO:0007080),3.806156850002008e-12,1.3297760494694515e-10,0,0,105.44444444444444,2772.5985198542526,CCNB1;PSRC1;KIFC1;NUF2;KIF14;CDCA8;KIF2C;KIF22;CEP55;NDC80
DR 3+,GO_Biological_Process_2023,Mitotic Nuclear Division (GO:0140014),3.806156850002008e-12,1.3297760494694515e-10,0,0,105.44444444444444,2772.5985198542526,SGO1;UBE2C;KIFC1;UBE2S;PLK1;NUSAP1;SMC4;KNSTRN;NDC80;ZWINT
DR 3+,GO_Biological_Process_2023,Positive Regulation Of Cytokinesis (GO:0032467),2.564614852553187e-10,8.266403797446357e-09,0,0,165.1304347826087,3646.7475591923917,RACGAP1;INCENP;KIF14;CDCA8;BIRC5;KIF23;ECT2;KIF20B
DR 3+,GO_Biological_Process_2023,Sister Chromatid Segregation (GO:0000819),2.661811598462154e-10,8.266403797446357e-09,0,0,62.53846153846154,1378.775704719465,TOP2A;SGO1;KIFC1;PLK1;NUSAP1;SMC4;KNSTRN;NDC80;ZWINT
DR 3+,GO_Biological_Process_2023,Mitotic Cell Cycle Phase Transition (GO:0044772),3.267691663956738e-10,9.613892842904298e-09,0,0,25.968789013732835,567.2042417009362,CCNA2;CCNB2;CCNB1;MELK;UBE2C;UBE2S;PLK1;CDK1;TACC3;AURKA;CDKN3
DR 3+,GO_Biological_Process_2023,Regulation Of Chromosome Segregation (GO:0051983),6.368217936034146e-10,1.618106284655949e-08,0,0,inf,inf,CDCA2;NCAPG;KIF2C;MKI67;SMC4;BUB1;SMC2
DR 3+,GO_Biological_Process_2023,Mitotic Spindle Elongation (GO:0000022),6.368217936034146e-10,1.618106284655949e-08,0,0,inf,inf,RACGAP1;INCENP;PRC1;KIF4A;BIRC5;CDCA8;KIF23
DR 3+,GO_Biological_Process_2023,Mitotic Spindle Midzone Assembly (GO:0051256),6.368217936034146e-10,1.618106284655949e-08,0,0,inf,inf,RACGAP1;INCENP;PRC1;KIF4A;BIRC5;CDCA8;KIF23
DR 3+,GO_Biological_Process_2023,Regulation Of Mitotic Cell Cycle (GO:0007346),6.830894285243711e-10,1.660204306717928e-08,0,0,18.37012987012987,387.69048304352634,CDC20;CCNB1;CDCA2;PLK1;CKS2;NEK2;MKI67;KIF20B;DLGAP5;AURKA;MAD2L1;CKS1B
DR 3+,GO_Biological_Process_2023,Positive Regulation Of Mitotic Sister Chromatid Separation (GO:1901970),4.886748540152934e-09,1.0506509361328808e-07,0,0,142.93548387096774,2735.319002199265,CDC20;UBE2C;INCENP;CDCA8;BIRC5;AURKB;DLGAP5
DR 3+,GO_Biological_Process_2023,Regulation Of Mitotic Cell Cycle Spindle Assembly Checkpoint (GO:0090266),4.886748540152934e-09,1.0506509361328808e-07,0,0,142.93548387096774,2735.319002199265,CCNB1;INCENP;CDCA8;BIRC5;AURKB;NDC80;MAD2L1
DR 3+,GO_Biological_Process_2023,Nuclear Chromosome Segregation (GO:0098813),4.886748540152934e-09,1.0506509361328808e-07,0,0,142.93548387096774,2735.319002199265,TOP2A;CENPF;INCENP;KIF2C;KIF22;FAM83D;NDC80
DR 3+,GO_Biological_Process_2023,Establishment Of Mitotic Spindle Localization (GO:0040001),1.3509524855534243e-08,2.7969719978680155e-07,0,0,inf,inf,GPSM2;PLK1;NUSAP1;CENPA;NDC80;MAD2L1
DR 3+,GO_Biological_Process_2023,Cell Cycle G2/M Phase Transition (GO:0044839),6.744256160702542e-08,1.3464425692259717e-06,0,0,47.59498207885304,785.8878462652283,CCNA2;CCNB1;MELK;PLK1;CDK1;AURKB;AURKA
DR 3+,GO_Biological_Process_2023,Establishment Of Chromosome Localization (GO:0051303),9.074828824550851e-08,1.6909431043079753e-06,0,0,121.2127659574468,1965.4863608757776,CENPF;INCENP;KIF2C;KIF22;FAM83D;NDC80
DR 3+,GO_Biological_Process_2023,Positive Regulation Of Chromosome Separation (GO:1905820),9.074828824550851e-08,1.6909431043079753e-06,0,0,121.2127659574468,1965.4863608757776,INCENP;CDCA8;NCAPG;BIRC5;SMC4;SMC2
DR 3+,GO_Biological_Process_2023,Establishment Of Mitotic Spindle Orientation (GO:0000132),2.8371369412893165e-07,4.286377162650616e-06,0,0,inf,inf,GPSM2;PLK1;CENPA;NDC80;MAD2L1
DR 3+,GO_Biological_Process_2023,Establishment Of Spindle Orientation (GO:0051294),2.8371369412893165e-07,4.286377162650616e-06,0,0,inf,inf,GPSM2;PLK1;CENPA;NDC80;MAD2L1
DR 3+,GO_Biological_Process_2023,Positive Regulation Of Mitotic Cell Cycle Spindle Assembly Checkpoint (GO:0090267),2.8371369412893165e-07,4.286377162650616e-06,0,0,inf,inf,INCENP;BIRC5;CDCA8;NDC80;MAD2L1
DR 3+,GO_Biological_Process_2023,Positive Regulation Of Spindle Checkpoint (GO:0090232),2.8371369412893165e-07,4.286377162650616e-06,0,0,inf,inf,INCENP;BIRC5;CDCA8;NDC80;MAD2L1
DR 3+,GO_Biological_Process_2023,Regulation Of Ubiquitin Protein Ligase Activity (GO:1904666),2.8371369412893165e-07,4.286377162650616e-06,0,0,inf,inf,CDC20;UBE2C;UBE2S;PLK1;MAD2L1
DR 3+,GO_Biological_Process_2023,Regulation Of Attachment Of Spindle Microtubules To Kinetochore (GO:0051988),2.8371369412893165e-07,4.286377162650616e-06,0,0,inf,inf,CCNB1;RACGAP1;NEK2;ECT2;KNSTRN
DR 3+,GO_Biological_Process_2023,Positive Regulation Of Chromosome Segregation (GO:0051984),2.8371369412893165e-07,4.286377162650616e-06,0,0,inf,inf,CCNB1;CDK1;NCAPG;SMC4;SMC2
DR 3+,GO_Biological_Process_2023,G2/M Transition Of Mitotic Cell Cycle (GO:0000086),1.0028427775804749e-06,1.4374079811986808e-05,0,0,40.361702127659576,557.5029453209594,CCNA2;CCNB1;MELK;PLK1;CDK1;AURKA
DR 3+,GO_Biological_Process_2023,Chromosome Condensation (GO:0030261),1.0028427775804749e-06,1.4374079811986808e-05,0,0,40.361702127659576,557.5029453209594,TOP2A;PLK1;NUSAP1;NCAPG;SMC4;SMC2
DR 3+,GO_Biological_Process_2023,Protein Phosphorylation (GO:0006468),1.1903994256103878e-06,1.663583197290517e-05,0,0,7.483957219251337,102.09031928723265,PLK4;MELK;INCENP;PLK1;CDK1;PBK;CDCA8;BIRC5;NEK2;TTK;AURKB;AURKA
DR 3+,GO_Biological_Process_2023,Regulation Of Mitotic Sister Chromatid Separation (GO:0010965),1.6347689119602374e-06,2.1757995756804115e-05,0,0,99.94736842105263,1331.699646548547,CCNB1;INCENP;BIRC5;CDCA8;AURKB
DR 3+,GO_Biological_Process_2023,Positive Regulation Of Cell Division (GO:0051781),1.6347689119602374e-06,2.1757995756804115e-05,0,0,99.94736842105263,1331.699646548547,RACGAP1;KIF14;KIF23;ECT2;KIF20B
DR 3+,GO_Biological_Process_2023,Spindle Assembly (GO:0051225),5.494889723712018e-06,6.465889443945755e-05,0,0,49.94736842105263,604.94714446369,TPX2;KIFC1;NEK2;KIF11;MZT1
DR 3+,GO_Biological_Process_2023,Regulation Of Mitotic Metaphase/Anaphase Transition (GO:0030071),5.494889723712018e-06,6.465889443945755e-05,0,0,49.94736842105263,604.94714446369,CDC20;CCNB1;UBE2C;PLK1;DLGAP5
DR 3+,GO_Biological_Process_2023,Mitotic Chromosome Condensation (GO:0007076),5.494889723712018e-06,6.465889443945755e-05,0,0,49.94736842105263,604.94714446369,PLK1;NUSAP1;NCAPG;SMC4;SMC2
DR 3+,GO_Biological_Process_2023,Positive Regulation Of Chromosome Organization (GO:2001252),5.494889723712018e-06,6.465889443945755e-05,0,0,49.94736842105263,604.94714446369,CDK1;NCAPG;SMC4;AURKB;SMC2
DR 3+,GO_Biological_Process_2023,Positive Regulation Of Mitotic Cytokinesis (GO:1903490),5.899112015048899e-06,6.465889443945755e-05,0,0,inf,inf,INCENP;BIRC5;CDCA8;KIF20B
DR 3+,GO_Biological_Process_2023,Regulation Of Mitotic Cytokinesis (GO:1902412),5.899112015048899e-06,6.465889443945755e-05,0,0,inf,inf,INCENP;BIRC5;CDCA8;AURKB
DR 3+,GO_Biological_Process_2023,Positive Regulation Of Ubiquitin Protein Ligase Activity (GO:1904668),5.899112015048899e-06,6.465889443945755e-05,0,0,inf,inf,CDC20;UBE2C;UBE2S;PLK1
DR 3+,GO_Biological_Process_2023,Centromere Complex Assembly (GO:0034508),5.899112015048899e-06,6.465889443945755e-05,0,0,inf,inf,CENPF;CENPW;HJURP;DLGAP5
DR 3+,GO_Biological_Process_2023,Positive Regulation Of Attachment Of Spindle Microtubules To Kinetochore (GO:0051987),5.899112015048899e-06,6.465889443945755e-05,0,0,inf,inf,CCNB1;INCENP;BIRC5;CDCA8
DR 3+,GO_Biological_Process_2023,Regulation Of Mitotic Nuclear Division (GO:0007088),8.16802572404555e-06,8.780627653348965e-05,0,0,14.225806451612904,166.65935314620725,CCNB1;CDCA2;NUSAP1;NEK2;MKI67;KIF20B;AURKA
DR 3+,GO_Biological_Process_2023,Phosphorylation (GO:0016310),9.142488283546798e-06,9.64273764245785e-05,0,0,7.428571428571429,86.19057919428042,PLK4;MELK;INCENP;PLK1;CDK1;CDCA8;BIRC5;NEK2;AURKB;AURKA
DR 3+,GO_Biological_Process_2023,Regulation Of Mitotic Cell Cycle Phase Transition (GO:1901990),9.74985806633938e-06,0.00010092908627932801,0,0,20.148936170212767,232.4836205393612,ANLN;CENPF;UBE2C;PLK1;KIF14;AURKA
DR 3+,GO_Biological_Process_2023,Kinetochore Organization (GO:0051383),2.836112005424511e-05,0.00027334251914350026,0,0,79.125,828.4776290914322,CENPF;CENPW;NUF2;DLGAP5
DR 3+,GO_Biological_Process_2023,Regulation Of Nuclear Division (GO:0051783),2.836112005424511e-05,0.00027334251914350026,0,0,79.125,828.4776290914322,CDCA2;NEK2;MKI67;KIF20B
DR 3+,GO_Biological_Process_2023,Positive Regulation Of Ubiquitin-Protein Transferase Activity (GO:0051443),2.836112005424511e-05,0.00027334251914350026,0,0,79.125,828.4776290914322,CDC20;UBE2C;UBE2S;PLK1
DR 3+,GO_Biological_Process_2023,Regulation Of Spindle Organization (GO:0090224),2.836112005424511e-05,0.00027334251914350026,0,0,79.125,828.4776290914322,GPSM2;TPX2;PSRC1;TACC3
DR 3+,GO_Biological_Process_2023,Regulation Of Cyclin-Dependent Protein Serine/Threonine Kinase Activity (GO:0000079),2.9185779662643087e-05,0.000276522895447754,0,0,15.095744680851064,157.6271840592717,CCNA2;CCNB2;CCNB1;PSRC1;PLK1;CDKN3
DR 3+,GO_Biological_Process_2023,Regulation Of Mitotic Spindle Organization (GO:0060236),3.0409982072163825e-05,0.0002786750816121242,0,0,24.94736842105263,259.4710837955379,GPSM2;TPX2;PSRC1;PLK1;TACC3
DR 3+,GO_Biological_Process_2023,Non-Membrane-Bounded Organelle Assembly (GO:0140694),3.0409982072163825e-05,0.0002786750816121242,0,0,24.94736842105263,259.4710837955379,CENPF;CENPW;NEK2;CENPA;DLGAP5
DR 3+,GO_Biological_Process_2023,Protein Modification Process (GO:0036211),3.995592523382206e-05,0.00036024777751139566,0,0,4.94385026737968,50.069998369949104,CCNA2;PLK4;MELK;UBE2S;INCENP;PLK1;CDK1;CDCA8;BIRC5;NEK2;AURKB;AURKA
DR 3+,GO_Biological_Process_2023,Regulation Of Chromosome Condensation (GO:0060623),0.00012145241724754159,0.0009300260444024075,0,0,inf,inf,NCAPG;SMC4;SMC2
DR 3+,GO_Biological_Process_2023,DNA Conformation Change (GO:0071103),0.00012145241724754159,0.0009300260444024075,0,0,inf,inf,TOP2A;HMGB2;HMGB3
DR 3+,GO_Biological_Process_2023,Regulation Of Microtubule Polymerization Or Depolymerization (GO:0031110),0.00012145241724754159,0.0009300260444024075,0,0,inf,inf,STMN1;SKA1;SKA2
DR 3+,GO_Biological_Process_2023,Anaphase-Promoting Complex-Dependent Catabolic Process (GO:0031145),0.00012145241724754159,0.0009300260444024075,0,0,inf,inf,CDC20;UBE2C;UBE2S
DR 3+,GO_Biological_Process_2023,Attachment Of Mitotic Spindle Microtubules To Kinetochore (GO:0051315),0.00012145241724754159,0.0009300260444024075,0,0,inf,inf,NUF2;KIF2C;NDC80
DR 3+,GO_Biological_Process_2023,Protein K11-linked Ubiquitination (GO:0070979),0.00012145241724754159,0.0009300260444024075,0,0,inf,inf,UBE2C;UBE2S;UBE2T
DR 3+,GO_Biological_Process_2023,Microtubule Depolymerization (GO:0007019),0.00012145241724754159,0.0009300260444024075,0,0,inf,inf,STMN1;KIF14;KIF2C
DR 3+,GO_Biological_Process_2023,Microtubule Polymerization Or Depolymerization (GO:0031109),0.00012145241724754159,0.0009300260444024075,0,0,inf,inf,STMN1;KIF14;KIF2C
DR 3+,GO_Biological_Process_2023,Positive Regulation Of Attachment Of Mitotic Spindle Microtubules To Kinetochore (GO:1902425),0.00012145241724754159,0.0009300260444024075,0,0,inf,inf,INCENP;BIRC5;CDCA8
DR 3+,GO_Biological_Process_2023,Regulation Of Attachment Of Mitotic Spindle Microtubules To Kinetochore (GO:1902423),0.00012145241724754159,0.0009300260444024075,0,0,inf,inf,INCENP;BIRC5;CDCA8
DR 3+,GO_Biological_Process_2023,Positive Regulation Of Chromosome Condensation (GO:1905821),0.00012145241724754159,0.0009300260444024075,0,0,inf,inf,NCAPG;SMC4;SMC2
DR 3+,GO_Biological_Process_2023,Peptidyl-Serine Modification (GO:0018209),0.00016936810446428435,0.0012623569386071326,0,0,14.233082706766917,123.59206388861277,PLK1;CDK1;PBK;TTK;AURKA
DR 3+,GO_Biological_Process_2023,Peptidyl-Serine Phosphorylation (GO:0018105),0.00016936810446428435,0.0012623569386071326,0,0,14.233082706766917,123.59206388861277,PLK1;CDK1;PBK;TTK;AURKA
DR 3+,GO_Biological_Process_2023,Regulation Of Cell Division (GO:0051302),0.0002643629965231669,0.001944459408637504,0,0,12.447368421052632,102.5437538440271,PRC1;PLK1;KIF20A;AURKB;AURKA
DR 3+,GO_Biological_Process_2023,Regulation Of G2/M Transition Of Mitotic Cell Cycle (GO:0010389),0.0003530788440695878,0.00256326069915454,0,0,19.75,156.9891786404046,CCNB1;CENPF;KIF14;CDK1
DR 3+,GO_Biological_Process_2023,Positive Regulation Of Mitotic Nuclear Division (GO:0045840),0.0003950178597139277,0.002830961327949815,0,0,11.058479532163743,86.6606548833963,CDC20;UBE2C;NUSAP1;DLGAP5;AURKA
DR 3+,GO_Biological_Process_2023,Regulation Of Chromosome Separation (GO:1905818),0.00046811653426905627,0.003007783248924166,0,0,58.7319587628866,450.2857872458315,NCAPG;SMC4;SMC2
DR 3+,GO_Biological_Process_2023,Positive Regulation Of Metaphase/Anaphase Transition Of Cell Cycle (GO:1902101),0.00046811653426905627,0.003007783248924166,0,0,58.7319587628866,450.2857872458315,CDC20;UBE2C;DLGAP5
DR 3+,GO_Biological_Process_2023,Positive Regulation Of Mitotic Metaphase/Anaphase Transition (GO:0045842),0.00046811653426905627,0.003007783248924166,0,0,58.7319587628866,450.2857872458315,CDC20;UBE2C;DLGAP5
DR 3+,GO_Biological_Process_2023,Regulation Of Microtubule Cytoskeleton Organization (GO:0070507),0.00046811653426905627,0.003007783248924166,0,0,58.7319587628866,450.2857872458315,STMN1;SKA1;SKA2
DR 3+,GO_Biological_Process_2023,Regulation Of Mitotic Sister Chromatid Segregation (GO:0033047),0.00046811653426905627,0.003007783248924166,0,0,58.7319587628866,450.2857872458315,CCNB1;CDK1;AURKB
DR 3+,GO_Biological_Process_2023,Kinetochore Assembly (GO:0051382),0.00046811653426905627,0.003007783248924166,0,0,58.7319587628866,450.2857872458315,CENPF;CENPW;DLGAP5
DR 3+,GO_Biological_Process_2023,Protein Depolymerization (GO:0051261),0.00046811653426905627,0.003007783248924166,0,0,58.7319587628866,450.2857872458315,STMN1;KIF14;KIF2C
DR 3+,GO_Biological_Process_2023,Microtubule Bundle Formation (GO:0001578),0.00046811653426905627,0.003007783248924166,0,0,58.7319587628866,450.2857872458315,PSRC1;PLK1;KIF20A
DR 3+,GO_Biological_Process_2023,Regulation Of Ubiquitin-Protein Transferase Activity (GO:0051438),0.00046811653426905627,0.003007783248924166,0,0,58.7319587628866,450.2857872458315,CDC20;PLK1;MAD2L1
DR 3+,GO_Biological_Process_2023,Positive Regulation Of Mitotic Cell Cycle Phase Transition (GO:1901992),0.0005691852899549823,0.0036156201941458534,0,0,9.947368421052632,74.319818800007,CDC20;CCNB1;UBE2C;CDK1;DLGAP5
DR 3+,GO_Biological_Process_2023,Chromosome Organization (GO:0051276),0.0009797523443270978,0.006153725398638738,0,0,13.152777777777779,91.12521610440056,TOP2A;CENPW;NUF2;CDCA8
DR 3+,GO_Biological_Process_2023,DNA Metabolic Process (GO:0006259),0.001116573631361091,0.006852337954589163,0,0,5.221425726802071,35.492591985772684,TOP2A;UBE2T;CDK1;HMGB2;HMGB3;KPNA2;TYMS
DR 3+,GO_Biological_Process_2023,"Protein Localization To Chromosome, Centromeric Region (GO:0071459)",0.0011277550837606493,0.006852337954589163,0,0,29.350515463917525,199.217394861114,CDK1;TTK;CENPA
DR 3+,GO_Biological_Process_2023,Regulation Of Cell Cycle G2/M Phase Transition (GO:1902749),0.0011277550837606493,0.006852337954589163,0,0,29.350515463917525,199.217394861114,CENPF;KIF14;AURKA
DR 3+,GO_Biological_Process_2023,Regulation Of Cyclin-Dependent Protein Kinase Activity (GO:1904029),0.0014808362963672226,0.008900940749132015,0,0,11.267857142857142,73.41176014759877,CCNA2;CCNB2;CCNB1;CDKN3
DR 3+,GO_Biological_Process_2023,CENP-A Containing Chromatin Assembly (GO:0034080),0.002476195597479778,0.012358869098135678,0,0,inf,inf,CENPW;HJURP
DR 3+,GO_Biological_Process_2023,Exit From Mitosis (GO:0010458),0.002476195597479778,0.012358869098135678,0,0,inf,inf,UBE2C;UBE2S
DR 3+,GO_Biological_Process_2023,DNA Topological Change (GO:0006265),0.002476195597479778,0.012358869098135678,0,0,inf,inf,TOP2A;HMGB2
DR 3+,GO_Biological_Process_2023,Free Ubiquitin Chain Polymerization (GO:0010994),0.002476195597479778,0.012358869098135678,0,0,inf,inf,UBE2C;UBE2S
DR 3+,GO_Biological_Process_2023,Homologous Chromosome Pairing At Meiosis (GO:0007129),0.002476195597479778,0.012358869098135678,0,0,inf,inf,MND1;TRIP13
DR 3+,GO_Biological_Process_2023,Homologous Chromosome Segregation (GO:0045143),0.002476195597479778,0.012358869098135678,0,0,inf,inf,PTTG1;MND1
DR 3+,GO_Biological_Process_2023,Regulation Of Metaphase/Anaphase Transition Of Cell Cycle (GO:1902099),0.002476195597479778,0.012358869098135678,0,0,inf,inf,UBE2C;PLK1
DR 3+,GO_Biological_Process_2023,Negative Regulation Of Ubiquitin-Protein Transferase Activity (GO:0051444),0.002476195597479778,0.012358869098135678,0,0,inf,inf,CDC20;MAD2L1
DR 3+,GO_Biological_Process_2023,Regulation Of Mitotic Centrosome Separation (GO:0046602),0.002476195597479778,0.012358869098135678,0,0,inf,inf,NEK2;KIF11
DR 3+,GO_Biological_Process_2023,Protein K27-linked Ubiquitination (GO:0044314),0.002476195597479778,0.012358869098135678,0,0,inf,inf,UBE2S;UBE2T
DR 3+,GO_Biological_Process_2023,Protein K29-linked Ubiquitination (GO:0035519),0.002476195597479778,0.012358869098135678,0,0,inf,inf,UBE2S;UBE2T
DR 3+,GO_Biological_Process_2023,Protein K6-linked Ubiquitination (GO:0085020),0.002476195597479778,0.012358869098135678,0,0,inf,inf,UBE2S;UBE2T
DR 3+,GO_Biological_Process_2023,Regulation Of Protein Localization To Cell Cortex (GO:1904776),0.002476195597479778,0.012358869098135678,0,0,inf,inf,GPSM2;PLK1
DR 3+,GO_Biological_Process_2023,Protein Localization To Condensed Chromosome (GO:1903083),0.002476195597479778,0.012358869098135678,0,0,inf,inf,CDK1;TTK
DR 3+,GO_Biological_Process_2023,Protein Localization To Microtubule Cytoskeleton (GO:0072698),0.002476195597479778,0.012358869098135678,0,0,inf,inf,FAM83D;KIF20B
DR 3+,GO_Biological_Process_2023,Protein Localization To Nuclear Envelope (GO:0090435),0.002476195597479778,0.012358869098135678,0,0,inf,inf,PLK1;LMNB1
DR 3+,GO_Biological_Process_2023,Centromeric Sister Chromatid Cohesion (GO:0070601),0.002476195597479778,0.012358869098135678,0,0,inf,inf,SGO1;BUB1
DR 3+,GO_Biological_Process_2023,Chromatin Remodeling At Centromere (GO:0031055),0.002476195597479778,0.012358869098135678,0,0,inf,inf,CENPW;HJURP
DR 3+,GO_Biological_Process_2023,Negative Regulation Of Cell Cycle Process (GO:0010948),0.002476195597479778,0.012358869098135678,0,0,inf,inf,NEK2;AURKB
DR 3+,GO_Biological_Process_2023,Regulation Of Cell Cycle (GO:0051726),0.004025495435584549,0.019913734057449232,0,0,4.010752688172043,22.119731373283955,CDC20;PLK1;CKS2;KIF20B;DLGAP5;CDKN3;CKS1B
DR 3+,GO_Biological_Process_2023,Membrane Organization (GO:0061024),0.005654249936284305,0.027725664161253744,0,0,11.721649484536082,60.66361305353392,KIF20A;CEP55;LMNB1
DR 3+,GO_Biological_Process_2023,Regulation Of Cellular Component Organization (GO:0051128),0.006728273525743593,0.03270526000774494,0,0,6.555555555555555,32.78719615952771,HJURP;KIF14;MKI67;AURKA
DR 3+,GO_Biological_Process_2023,Negative Regulation Of Transferase Activity (GO:0051348),0.007185712772057863,0.03319680528578798,0,0,38.755102040816325,191.2820287028576,CDC20;MAD2L1
DR 3+,GO_Biological_Process_2023,Nucleosome Assembly (GO:0006334),0.007185712772057863,0.03319680528578798,0,0,38.755102040816325,191.2820287028576,HMGB2;ASF1B
DR 3+,GO_Biological_Process_2023,Organelle Disassembly (GO:1903008),0.007185712772057863,0.03319680528578798,0,0,38.755102040816325,191.2820287028576,CDK1;AURKA
DR 3+,GO_Biological_Process_2023,Protein Localization To Kinetochore (GO:0034501),0.007185712772057863,0.03319680528578798,0,0,38.755102040816325,191.2820287028576,CDK1;TTK
DR 3+,GO_Biological_Process_2023,Regulation Of Telomere Capping (GO:1904353),0.007185712772057863,0.03319680528578798,0,0,38.755102040816325,191.2820287028576,NEK2;AURKB
DR 3+,GO_Biological_Process_2023,Mitotic Cell Cycle Checkpoint Signaling (GO:0007093),0.007185712772057863,0.03319680528578798,0,0,38.755102040816325,191.2820287028576,AURKB;ZWINT
DR 3+,GO_Biological_Process_2023,Positive Regulation Of Protein Localization To Nucleus (GO:1900182),0.008175776347842991,0.03746113916757567,0,0,9.762886597938145,46.92609156472618,PLK1;CDK1;ECT2
DR 3+,GO_Biological_Process_2023,Protein Autophosphorylation (GO:0046777),0.008465471564906535,0.03847315938847767,0,0,6.048076923076923,28.8599688612203,MELK;NEK2;AURKB;AURKA
DR 3+,GO_Biological_Process_2023,Proteasome-Mediated Ubiquitin-Dependent Protein Catabolic Process (GO:0043161),0.010472806011819992,0.04721208516618851,0,0,5.613095238095238,25.589951236958107,CDC20;UBE2C;UBE2S;KIF14
DR 4+,GO_Biological_Process_2023,Cellular Respiration (GO:0045333),4.2761533651194895e-05,0.007479773311395907,0,0,82.08333333333333,825.7477943224421,NDUFA3;NDUFB1;ETFB
DR 4+,GO_Biological_Process_2023,"Mitochondrial Electron Transport, NADH To Ubiquinone (GO:0006120)",0.0001755815331313593,0.007479773311395907,0,0,inf,inf,NDUFA3;NDUFB1
DR 4+,GO_Biological_Process_2023,NADH Dehydrogenase Complex Assembly (GO:0010257),0.0001755815331313593,0.007479773311395907,0,0,inf,inf,NDUFA3;NDUFB1
DR 4+,GO_Biological_Process_2023,Mitochondrial Respiratory Chain Complex I Assembly (GO:0032981),0.0001755815331313593,0.007479773311395907,0,0,inf,inf,NDUFA3;NDUFB1
DR 4+,GO_Biological_Process_2023,Aerobic Respiration (GO:0009060),0.0001755815331313593,0.007479773311395907,0,0,inf,inf,NDUFA3;NDUFB1
DR 4+,GO_Biological_Process_2023,Oxidative Phosphorylation (GO:0006119),0.0005223549337523973,0.013907700111157578,0,0,157.76,1192.2180745448827,NDUFA3;NDUFB1
DR 4+,GO_Biological_Process_2023,Proton Motive Force-Driven ATP Synthesis (GO:0015986),0.0005223549337523973,0.013907700111157578,0,0,157.76,1192.2180745448827,NDUFA3;NDUFB1
DR 4+,GO_Biological_Process_2023,Proton Motive Force-Driven Mitochondrial ATP Synthesis (GO:0042776),0.0005223549337523973,0.013907700111157578,0,0,157.76,1192.2180745448827,NDUFA3;NDUFB1
DR 4+,GO_Biological_Process_2023,Mitochondrial ATP Synthesis Coupled Electron Transport (GO:0042775),0.0010360058612490447,0.02006084076782241,0,0,78.84,541.818634532766,NDUFA3;NDUFB1
DR 4+,GO_Biological_Process_2023,Mitochondrial Respiratory Chain Complex Assembly (GO:0033108),0.0010360058612490447,0.02006084076782241,0,0,78.84,541.818634532766,NDUFA3;NDUFB1
DR 4+,GO_Biological_Process_2023,Aerobic Electron Transport Chain (GO:0019646),0.0010360058612490447,0.02006084076782241,0,0,78.84,541.818634532766,NDUFA3;NDUFB1
DR 4+,GO_Biological_Process_2023,Type I Interferon-Mediated Signaling Pathway (GO:0060337),0.0017122978542810539,0.030393286913488707,0,0,52.53333333333333,334.6330800293165,IFITM3;IFI27
DR 4+,GO_Biological_Process_2023,Pyroptosis (GO:0070269),0.002547071098803372,0.03875186743179416,0,0,39.38,235.209303821433,PYCARD;IFI27
DR 4+,GO_Biological_Process_2023,Cellular Response To Type I Interferon (GO:0071357),0.002547071098803372,0.03875186743179416,0,0,39.38,235.209303821433,IFITM3;IFI27
DR 4-,GO_Biological_Process_2023,Negative Regulation Of Intracellular Transport (GO:0032387),0.00011555325022049363,0.04726127934018189,0,0,inf,inf,INSIG1;CRYAB
DR 5+,GO_Biological_Process_2023,DNA Metabolic Process (GO:0006259),7.610358979235192e-22,4.3074631822471185e-19,0,0,44.376068376068375,2157.89112788309,TOP2A;FEN1;BLM;RNASEH2A;RFC4;MCM7;RFC2;HMGB2;NUDT1;HMGB3;MCM10;TYMS;FAM111B;RAD51AP1;ORC6;ORC1;MSH2;UBE2T;PCLAF;MCM3;CDK1;MCM5
DR 5+,GO_Biological_Process_2023,DNA Repair (GO:0006281),5.6526233830897936e-14,1.5996924174144116e-11,0,0,38.5,1174.4067546337396,FANCI;FEN1;BLM;PCNA;RNASEH2A;RFC4;RFC2;CDCA5;NUDT1;RAD51AP1;MSH2;UBE2T;CDK1;TRIP13
DR 5+,GO_Biological_Process_2023,DNA Replication (GO:0006260),6.615325049279324e-13,9.360684944730244e-11,0,0,211.0,5917.329844887822,FAM111B;FEN1;BLM;RFC4;RNASEH2A;MCM7;RFC2;PCLAF;CDK1;MCM5
DR 5+,GO_Biological_Process_2023,DNA-templated DNA Replication (GO:0006261),6.615325049279324e-13,9.360684944730244e-11,0,0,211.0,5917.329844887822,GINS2;BLM;RFC4;ORC6;MCM7;ORC1;RFC2;MCM3;MCM10;MCM5
DR 5+,GO_Biological_Process_2023,DNA Damage Response (GO:0006974),2.8347676471271746e-09,3.05417246487283e-07,0,0,11.292850990525409,222.25805439638353,TOP2A;FEN1;BLM;RFC4;MCM7;RFC2;NUDT1;MCM10;MASTL;RAD51AP1;MSH2;UBE2T;PCLAF;CDK1
DR 5+,GO_Biological_Process_2023,Mitotic Sister Chromatid Segregation (GO:0000070),3.237638655342223e-09,3.05417246487283e-07,0,0,15.10427807486631,295.26479551333694,SGO1;KIFC1;CDCA5;CENPK;NUSAP1;NCAPG;KIF23;KIF22;SMC4;ZWINT;NDC80;SMC2
DR 5+,GO_Biological_Process_2023,Mitotic Nuclear Division (GO:0140014),1.2439710040213076e-08,8.495990075813757e-07,0,0,41.21739130434783,750.2542918054718,SGO1;UBE2C;KIFC1;CENPK;NUSAP1;SMC4;NDC80;ZWINT
DR 5+,GO_Biological_Process_2023,Sister Chromatid Segregation (GO:0000819),1.2439710040213076e-08,8.495990075813757e-07,0,0,41.21739130434783,750.2542918054718,TOP2A;SGO1;KIFC1;CENPK;NUSAP1;SMC4;NDC80;ZWINT
DR 5+,GO_Biological_Process_2023,DNA Replication Initiation (GO:0006270),1.3509524855534243e-08,8.495990075813757e-07,0,0,inf,inf,ORC6;MCM7;ORC1;MCM3;MCM10;MCM5
DR 5+,GO_Biological_Process_2023,Microtubule Cytoskeleton Organization Involved In Mitosis (GO:1902850),2.4504320917809725e-08,1.3869445639480304e-06,0,0,17.48148148148148,306.3527602625997,CENPH;KIF4A;NUF2;STMN1;NUSAP1;CDK1;BIRC5;AURKB;NDC80;SPC25
DR 5+,GO_Biological_Process_2023,Positive Regulation Of Cell Cycle Process (GO:0090068),6.985857698553684e-08,3.594541324892168e-06,0,0,12.235955056179776,201.60929821776716,FEN1;RACGAP1;NUSAP1;BIRC5;NCAPG;KIF23;SMC4;AURKB;NDC80;MAD2L1;SMC2
DR 5+,GO_Biological_Process_2023,Regulation Of DNA Replication (GO:0006275),9.074828824550851e-08,3.951040857458294e-06,0,0,121.2127659574468,1965.4863608757776,CCNA2;BLM;PCNA;DSCC1;GMNN;ESCO2
DR 5+,GO_Biological_Process_2023,Positive Regulation Of Chromosome Organization (GO:2001252),9.074828824550851e-08,3.951040857458294e-06,0,0,121.2127659574468,1965.4863608757776,FEN1;CDK1;NCAPG;SMC4;AURKB;SMC2
DR 5+,GO_Biological_Process_2023,Mitotic Spindle Organization (GO:0007052),1.7014039138281056e-07,6.878532965905056e-06,0,0,13.083333333333334,203.92523164332442,CENPH;KIFC1;KIF4A;NUF2;STMN1;BIRC5;KIF23;AURKB;NDC80;SPC25
DR 5+,GO_Biological_Process_2023,Positive Regulation Of DNA-directed DNA Polymerase Activity (GO:1900264),2.8371369412893165e-07,9.445997110410314e-06,0,0,inf,inf,GINS2;PCNA;RFC4;RFC2;DSCC1
DR 5+,GO_Biological_Process_2023,Regulation Of DNA-directed DNA Polymerase Activity (GO:1900262),2.8371369412893165e-07,9.445997110410314e-06,0,0,inf,inf,GINS2;PCNA;RFC4;RFC2;DSCC1
DR 5+,GO_Biological_Process_2023,Regulation Of DNA-templated DNA Replication (GO:0090329),2.8371369412893165e-07,9.445997110410314e-06,0,0,inf,inf,BLM;MCM7;GMNN;MCM3;MCM5
DR 5+,GO_Biological_Process_2023,Double-Strand Break Repair Via Homologous Recombination (GO:0000724),8.511883467364275e-07,2.6765144680712105e-05,0,0,23.759856630824373,332.08278221593775,RAD51AP1;GINS2;FEN1;BLM;MCM7;MCM3;MCM5
DR 5+,GO_Biological_Process_2023,Chromosome Condensation (GO:0030261),1.0028427775804749e-06,2.9874158532134146e-05,0,0,40.361702127659576,557.5029453209594,TOP2A;CDCA5;NUSAP1;NCAPG;SMC4;SMC2
DR 5+,GO_Biological_Process_2023,DNA Duplex Unwinding (GO:0032508),1.6347689119602374e-06,4.626396020847472e-05,0,0,99.94736842105263,1331.699646548547,GINS2;BLM;MCM7;MCM3;MCM5
DR 5+,GO_Biological_Process_2023,Cell Cycle G2/M Phase Transition (GO:0044839),2.4059653434271885e-06,6.189892656271766e-05,0,0,30.25531914893617,391.42998698352,CCNA2;MELK;CDK1;PKMYT1;MASTL;AURKB
DR 5+,GO_Biological_Process_2023,Chromosome Organization (GO:0051276),2.4059653434271885e-06,6.189892656271766e-05,0,0,30.25531914893617,391.42998698352,TOP2A;CENPW;CENPH;MSH2;NUF2;HAT1
DR 5+,GO_Biological_Process_2023,Double-Strand Break Repair (GO:0006302),5.079677698940227e-06,0.00012366286668583987,0,0,24.19148936170213,294.9006114751804,RAD51AP1;FEN1;BLM;CDCA5;HMGB2;TRIP13
DR 5+,GO_Biological_Process_2023,Mitotic Chromosome Condensation (GO:0007076),5.494889723712018e-06,0.00012366286668583987,0,0,49.94736842105263,604.94714446369,CDCA5;NUSAP1;NCAPG;SMC4;SMC2
DR 5+,GO_Biological_Process_2023,DNA Strand Elongation Involved In DNA Replication (GO:0006271),5.899112015048899e-06,0.00012366286668583987,0,0,inf,inf,PCNA;RFC4;MCM7;MCM3
DR 5+,GO_Biological_Process_2023,Regulation Of DNA-templated DNA Replication Initiation (GO:0030174),5.899112015048899e-06,0.00012366286668583987,0,0,inf,inf,MCM7;GMNN;MCM3;MCM5
DR 5+,GO_Biological_Process_2023,Double-Strand Break Repair Via Break-Induced Replication (GO:0000727),5.899112015048899e-06,0.00012366286668583987,0,0,inf,inf,GINS2;MCM7;MCM3;MCM5
DR 5+,GO_Biological_Process_2023,Mitotic Cytokinesis (GO:0000281),1.2821611303514803e-05,0.0002502424826823924,0,0,12.925708699902248,145.60007424149998,RACGAP1;KIF4A;STMN1;NUSAP1;BIRC5;KIF23;AURKB
DR 5+,GO_Biological_Process_2023,Cytoskeleton-Dependent Cytokinesis (GO:0061640),1.2821611303514803e-05,0.0002502424826823924,0,0,12.925708699902248,145.60007424149998,RACGAP1;KIF4A;STMN1;NUSAP1;BIRC5;KIF23;AURKB
DR 5+,GO_Biological_Process_2023,Spindle Assembly Checkpoint Signaling (GO:0071173),1.7377372409106614e-05,0.00028928214069277484,0,0,17.26139817629179,189.19082109789363,NUF2;TRIP13;NDC80;ZWINT;MAD2L1;SPC25
DR 5+,GO_Biological_Process_2023,Negative Regulation Of Mitotic Metaphase/Anaphase Transition (GO:0045841),1.7377372409106614e-05,0.00028928214069277484,0,0,17.26139817629179,189.19082109789363,NUF2;TRIP13;NDC80;ZWINT;MAD2L1;SPC25
DR 5+,GO_Biological_Process_2023,Mitotic Spindle Assembly (GO:0090307),1.7377372409106614e-05,0.00028928214069277484,0,0,17.26139817629179,189.19082109789363,RACGAP1;KIFC1;KIF4A;BIRC5;KIF23;AURKB
DR 5+,GO_Biological_Process_2023,Mitotic Spindle Assembly Checkpoint Signaling (GO:0007094),1.7377372409106614e-05,0.00028928214069277484,0,0,17.26139817629179,189.19082109789363,NUF2;TRIP13;NDC80;ZWINT;MAD2L1;SPC25
DR 5+,GO_Biological_Process_2023,Mitotic Spindle Checkpoint Signaling (GO:0071174),1.7377372409106614e-05,0.00028928214069277484,0,0,17.26139817629179,189.19082109789363,NUF2;TRIP13;NDC80;ZWINT;MAD2L1;SPC25
DR 5+,GO_Biological_Process_2023,DNA Unwinding Involved In DNA Replication (GO:0006268),2.836112005424511e-05,0.00044589983196396477,0,0,79.125,828.4776290914322,GINS2;MCM7;MCM3;MCM5
DR 5+,GO_Biological_Process_2023,Positive Regulation Of Chromosome Segregation (GO:0051984),2.836112005424511e-05,0.00044589983196396477,0,0,79.125,828.4776290914322,CDK1;NCAPG;SMC4;SMC2
DR 5+,GO_Biological_Process_2023,G2/M Transition Of Mitotic Cell Cycle (GO:0000086),3.0409982072163825e-05,0.0004651905365633709,0,0,24.94736842105263,259.4710837955379,CCNA2;MELK;CDK1;PKMYT1;MASTL
DR 5+,GO_Biological_Process_2023,Post-Translational Protein Modification (GO:0043687),8.181450708587026e-05,0.001187359256682117,0,0,39.541666666666664,372.12883861533135,CCNA2;DSCC1;ESCO2;AURKB
DR 5+,GO_Biological_Process_2023,Mitotic Sister Chromatid Cohesion (GO:0007064),8.181450708587026e-05,0.001187359256682117,0,0,39.541666666666664,372.12883861533135,SGO1;CDCA5;DSCC1;ESCO2
DR 5+,GO_Biological_Process_2023,Response To UV (GO:0009411),0.00010286019114288906,0.0014554717046718802,0,0,16.614035087719298,152.55239380337426,FEN1;PCNA;MSH2;PCLAF;AURKB
DR 5+,GO_Biological_Process_2023,Positive Regulation Of DNA Biosynthetic Process (GO:2000573),0.00010634030167659263,0.0014625971949384794,0,0,10.961315280464216,100.28360701932651,GINS2;RFC4;PCNA;RFC2;DSCC1;AURKB
DR 5+,GO_Biological_Process_2023,Regulation Of Chromosome Condensation (GO:0060623),0.00012145241724754159,0.0014625971949384794,0,0,inf,inf,NCAPG;SMC4;SMC2
DR 5+,GO_Biological_Process_2023,DNA Conformation Change (GO:0071103),0.00012145241724754159,0.0014625971949384794,0,0,inf,inf,TOP2A;HMGB2;HMGB3
DR 5+,GO_Biological_Process_2023,DNA Strand Elongation (GO:0022616),0.00012145241724754159,0.0014625971949384794,0,0,inf,inf,RFC4;MCM7;MCM3
DR 5+,GO_Biological_Process_2023,Nucleosome Assembly (GO:0006334),0.00012145241724754159,0.0014625971949384794,0,0,inf,inf,HAT1;HMGB2;ASF1B
DR 5+,GO_Biological_Process_2023,Purine-Containing Compound Biosynthetic Process (GO:0072522),0.00012145241724754159,0.0014625971949384794,0,0,inf,inf,PRPS2;PNP;GMPS
DR 5+,GO_Biological_Process_2023,Positive Regulation Of Chromosome Condensation (GO:1905821),0.00012145241724754159,0.0014625971949384794,0,0,inf,inf,NCAPG;SMC4;SMC2
DR 5+,GO_Biological_Process_2023,Mitotic Metaphase Plate Congression (GO:0007080),0.00016936810446428435,0.0019971322318080194,0,0,14.233082706766917,123.59206388861277,KIFC1;CDCA5;NUF2;KIF22;NDC80
DR 5+,GO_Biological_Process_2023,Regulation Of Chromosome Segregation (GO:0051983),0.00018357501735262067,0.0019981434581073714,0,0,26.34722222222222,226.6621797598714,NCAPG;MKI67;SMC4;SMC2
DR 5+,GO_Biological_Process_2023,Mitotic Spindle Elongation (GO:0000022),0.00018357501735262067,0.0019981434581073714,0,0,26.34722222222222,226.6621797598714,RACGAP1;KIF4A;BIRC5;KIF23
DR 5+,GO_Biological_Process_2023,Mitotic Spindle Midzone Assembly (GO:0051256),0.00018357501735262067,0.0019981434581073714,0,0,26.34722222222222,226.6621797598714,RACGAP1;KIF4A;BIRC5;KIF23
DR 5+,GO_Biological_Process_2023,Positive Regulation Of Chromosome Separation (GO:1905820),0.00018357501735262067,0.0019981434581073714,0,0,26.34722222222222,226.6621797598714,NCAPG;BIRC5;SMC4;SMC2
DR 5+,GO_Biological_Process_2023,Mitotic Cell Cycle Phase Transition (GO:0044772),0.00029450227477084115,0.003145062028684832,0,0,8.598784194528875,69.91004017360326,CCNA2;MELK;UBE2C;CDK1;PKMYT1;MASTL
DR 5+,GO_Biological_Process_2023,Regulation Of Mitotic Cell Cycle Spindle Assembly Checkpoint (GO:0090266),0.0003530788440695878,0.0036335022862433947,0,0,19.75,156.9891786404046,BIRC5;AURKB;NDC80;MAD2L1
DR 5+,GO_Biological_Process_2023,Mitotic G2/M Transition Checkpoint (GO:0044818),0.0003530788440695878,0.0036335022862433947,0,0,19.75,156.9891786404046,BLM;ORC1;CDK1;CLSPN
DR 5+,GO_Biological_Process_2023,Regulation Of Chromosome Separation (GO:1905818),0.00046811653426905627,0.004273450941875578,0,0,58.7319587628866,450.2857872458315,NCAPG;SMC4;SMC2
DR 5+,GO_Biological_Process_2023,DNA Geometric Change (GO:0032392),0.00046811653426905627,0.004273450941875578,0,0,58.7319587628866,450.2857872458315,BLM;HMGB2;HMGB3
DR 5+,GO_Biological_Process_2023,Postreplication Repair (GO:0006301),0.00046811653426905627,0.004273450941875578,0,0,58.7319587628866,450.2857872458315,PCNA;MSH2;PCLAF
DR 5+,GO_Biological_Process_2023,Nucleosome Organization (GO:0034728),0.00046811653426905627,0.004273450941875578,0,0,58.7319587628866,450.2857872458315,HAT1;HMGB2;ASF1B
DR 5+,GO_Biological_Process_2023,Protein Acetylation (GO:0006473),0.00046811653426905627,0.004273450941875578,0,0,58.7319587628866,450.2857872458315,DSCC1;HAT1;ESCO2
DR 5+,GO_Biological_Process_2023,Mismatch Repair (GO:0006298),0.00046811653426905627,0.004273450941875578,0,0,58.7319587628866,450.2857872458315,PCNA;RNASEH2A;MSH2
DR 5+,GO_Biological_Process_2023,protein-DNA Complex Assembly (GO:0065004),0.00046811653426905627,0.004273450941875578,0,0,58.7319587628866,450.2857872458315,HAT1;HMGB2;ASF1B
DR 5+,GO_Biological_Process_2023,Regulation Of DNA Metabolic Process (GO:0051052),0.0006112157595893195,0.005491239998850077,0,0,15.791666666666666,116.85928929412923,CCNA2;DSCC1;GMNN;ESCO2
DR 5+,GO_Biological_Process_2023,Positive Regulation Of Transferase Activity (GO:0051347),0.0008682852856439705,0.0076788979949138645,0,0,6.673758865248227,47.04326101987329,GINS2;PCNA;RFC4;RFC2;DSCC1;AURKB
DR 5+,GO_Biological_Process_2023,DNA Recombination (GO:0006310),0.0011277550837606493,0.00925086054215257,0,0,29.350515463917525,199.217394861114,BLM;MSH2;HMGB3
DR 5+,GO_Biological_Process_2023,Positive Regulation Of Mitotic Cell Cycle Spindle Assembly Checkpoint (GO:0090267),0.0011277550837606493,0.00925086054215257,0,0,29.350515463917525,199.217394861114,BIRC5;NDC80;MAD2L1
DR 5+,GO_Biological_Process_2023,Positive Regulation Of Spindle Checkpoint (GO:0090232),0.0011277550837606493,0.00925086054215257,0,0,29.350515463917525,199.217394861114,BIRC5;NDC80;MAD2L1
DR 5+,GO_Biological_Process_2023,Kinetochore Organization (GO:0051383),0.0011277550837606493,0.00925086054215257,0,0,29.350515463917525,199.217394861114,CENPW;CENPH;NUF2
DR 5+,GO_Biological_Process_2023,Negative Regulation Of DNA Metabolic Process (GO:0051053),0.0011277550837606493,0.00925086054215257,0,0,29.350515463917525,199.217394861114,BLM;MSH2;GMNN
DR 5+,GO_Biological_Process_2023,Peptidyl-Serine Modification (GO:0018209),0.0021365735668536314,0.016109502392799475,0,0,9.854166666666666,60.58885488683089,CDK1;PBK;CLSPN;MASTL
DR 5+,GO_Biological_Process_2023,Peptidyl-Serine Phosphorylation (GO:0018105),0.0021365735668536314,0.016109502392799475,0,0,9.854166666666666,60.58885488683089,CDK1;PBK;CLSPN;MASTL
DR 5+,GO_Biological_Process_2023,Establishment Of Mitotic Spindle Localization (GO:0040001),0.0021737022796164945,0.016109502392799475,0,0,19.556701030927837,119.90845954872826,NUSAP1;NDC80;MAD2L1
DR 5+,GO_Biological_Process_2023,Mitotic G2 DNA Damage Checkpoint Signaling (GO:0007095),0.0021737022796164945,0.016109502392799475,0,0,19.556701030927837,119.90845954872826,BLM;CDK1;CLSPN
DR 5+,GO_Biological_Process_2023,Regulation Of DNA Recombination (GO:0000018),0.0021737022796164945,0.016109502392799475,0,0,19.556701030927837,119.90845954872826,RAD51AP1;BLM;MSH2
DR 5+,GO_Biological_Process_2023,CENP-A Containing Chromatin Assembly (GO:0034080),0.002476195597479778,0.016109502392799475,0,0,inf,inf,CENPW;HJURP
DR 5+,GO_Biological_Process_2023,DNA Replication Checkpoint Signaling (GO:0000076),0.002476195597479778,0.016109502392799475,0,0,inf,inf,ORC1;CLSPN
DR 5+,GO_Biological_Process_2023,DNA Topological Change (GO:0006265),0.002476195597479778,0.016109502392799475,0,0,inf,inf,TOP2A;HMGB2
DR 5+,GO_Biological_Process_2023,Folic Acid-Containing Compound Metabolic Process (GO:0006760),0.002476195597479778,0.016109502392799475,0,0,inf,inf,MTHFD2;GGH
DR 5+,GO_Biological_Process_2023,Tetrahydrofolate Interconversion (GO:0035999),0.002476195597479778,0.016109502392799475,0,0,inf,inf,MTHFD2;TYMS
DR 5+,GO_Biological_Process_2023,Tetrahydrofolate Metabolic Process (GO:0046653),0.002476195597479778,0.016109502392799475,0,0,inf,inf,MTHFD2;TYMS
DR 5+,GO_Biological_Process_2023,Homologous Chromosome Pairing At Meiosis (GO:0007129),0.002476195597479778,0.016109502392799475,0,0,inf,inf,MND1;TRIP13
DR 5+,GO_Biological_Process_2023,Nucleotide Biosynthetic Process (GO:0009165),0.002476195597479778,0.016109502392799475,0,0,inf,inf,PRPS2;PNP
DR 5+,GO_Biological_Process_2023,Mitotic DNA Integrity Checkpoint Signaling (GO:0044774),0.002476195597479778,0.016109502392799475,0,0,inf,inf,ORC1;CLSPN
DR 5+,GO_Biological_Process_2023,Mitotic DNA Replication (GO:1902969),0.002476195597479778,0.016109502392799475,0,0,inf,inf,MCM3;TK1
DR 5+,GO_Biological_Process_2023,Mitotic DNA Replication Checkpoint Signaling (GO:0033314),0.002476195597479778,0.016109502392799475,0,0,inf,inf,ORC1;CLSPN
DR 5+,GO_Biological_Process_2023,Chromatin Remodeling At Centromere (GO:0031055),0.002476195597479778,0.016109502392799475,0,0,inf,inf,CENPW;HJURP
DR 5+,GO_Biological_Process_2023,Response To X-ray (GO:0010165),0.002476195597479778,0.016109502392799475,0,0,inf,inf,BLM;MSH2
DR 5+,GO_Biological_Process_2023,Metaphase Plate Congression (GO:0051310),0.005245031590374188,0.03373508954717944,0,0,7.15530303030303,37.56873262434503,KIFC1;CDCA5;KIF22;NDC80
DR 5+,GO_Biological_Process_2023,Positive Regulation Of Mitotic Sister Chromatid Separation (GO:1901970),0.005654249936284305,0.03478592895583606,0,0,11.721649484536082,60.66361305353392,UBE2C;BIRC5;AURKB
DR 5+,GO_Biological_Process_2023,Nuclear Chromosome Segregation (GO:0098813),0.005654249936284305,0.03478592895583606,0,0,11.721649484536082,60.66361305353392,TOP2A;KIF22;NDC80
DR 5+,GO_Biological_Process_2023,Mitotic DNA Damage Checkpoint Signaling (GO:0044773),0.005654249936284305,0.03478592895583606,0,0,11.721649484536082,60.66361305353392,BLM;CDK1;CLSPN
DR 5+,GO_Biological_Process_2023,Recombinational Repair (GO:0000725),0.005654249936284305,0.03478592895583606,0,0,11.721649484536082,60.66361305353392,RAD51AP1;FEN1;BLM
DR 5+,GO_Biological_Process_2023,Protein Phosphorylation (GO:0006468),0.006774850593358865,0.03987366106847794,0,0,3.591673559415495,17.938749950747592,MELK;CDK1;PBK;BIRC5;CLSPN;MASTL;AURKB
DR 5+,GO_Biological_Process_2023,DNA Synthesis Involved In DNA Repair (GO:0000731),0.007185712772057863,0.03987366106847794,0,0,38.755102040816325,191.2820287028576,PCNA;PCLAF
DR 5+,GO_Biological_Process_2023,Translesion Synthesis (GO:0019985),0.007185712772057863,0.03987366106847794,0,0,38.755102040816325,191.2820287028576,PCNA;PCLAF
DR 5+,GO_Biological_Process_2023,Regulation Of Microtubule Polymerization Or Depolymerization (GO:0031110),0.007185712772057863,0.03987366106847794,0,0,38.755102040816325,191.2820287028576,STMN1;SKA1
DR 5+,GO_Biological_Process_2023,Interstrand Cross-Link Repair (GO:0036297),0.007185712772057863,0.03987366106847794,0,0,38.755102040816325,191.2820287028576,RAD51AP1;FANCI
DR 5+,GO_Biological_Process_2023,Attachment Of Mitotic Spindle Microtubules To Kinetochore (GO:0051315),0.007185712772057863,0.03987366106847794,0,0,38.755102040816325,191.2820287028576,NUF2;NDC80
DR 5+,GO_Biological_Process_2023,Protein K11-linked Ubiquitination (GO:0070979),0.007185712772057863,0.03987366106847794,0,0,38.755102040816325,191.2820287028576,UBE2C;UBE2T
DR 5+,GO_Biological_Process_2023,Protein Autoubiquitination (GO:0051865),0.007185712772057863,0.03987366106847794,0,0,38.755102040816325,191.2820287028576,UHRF1;UBE2T
DR 5+,GO_Biological_Process_2023,Mitotic Cell Cycle Checkpoint Signaling (GO:0007093),0.007185712772057863,0.03987366106847794,0,0,38.755102040816325,191.2820287028576,AURKB;ZWINT
DR 5+,GO_Biological_Process_2023,Positive Regulation Of RNA Biosynthetic Process (GO:1902680),0.007185712772057863,0.03987366106847794,0,0,38.755102040816325,191.2820287028576,TOP2A;GINS2
DR 5+,GO_Biological_Process_2023,Regulation Of Mitotic Cell Cycle (GO:0007346),0.008032793469584514,0.044141369939658594,0,0,4.709273182957394,22.71858368400937,GMNN;PKMYT1;MKI67;MAD2L1;CKS1B
DR 5+,GO_Biological_Process_2023,Positive Regulation Of Cytokinesis (GO:0032467),0.008175776347842991,0.044495090508453204,0,0,9.762886597938145,46.92609156472618,RACGAP1;BIRC5;KIF23
DR 7-,GO_Biological_Process_2023,Dicarboxylic Acid Metabolic Process (GO:0043648),6.735052514844246e-05,0.009227021945336616,0,0,497.25,4776.384529307972,MTHFD2;ASS1
DR 7-,GO_Biological_Process_2023,Regulation Of Cellular Catabolic Process (GO:0031329),0.00046644674031936053,0.03195160171187619,0,0,99.25,761.2838962509799,TRIB3;NUPR1
DR 7-,GO_Biological_Process_2023,Positive Regulation Of Proteasomal Protein Catabolic Process (GO:1901800),0.000991549043629318,0.04020299913676938,0,0,61.9375,428.3747479893375,TRIB3;NUPR1
DR 7-,GO_Biological_Process_2023,Brain Development (GO:0007420),0.001704959409990137,0.04020299913676938,0,0,44.97727272727273,286.69476037500294,DDIT4;PHGDH
DR 7-,GO_Biological_Process_2023,Positive Regulation Of Cell Cycle (GO:0045787),0.002602062144576179,0.04020299913676938,0,0,35.285714285714285,210.0012001285475,ASNS;NUPR1
DR 7-,GO_Biological_Process_2023,Citrulline Metabolic Process (GO:0000052),0.004999933071055651,0.04020299913676938,0,0,inf,inf,ASS1
DR 7-,GO_Biological_Process_2023,Alpha-Amino Acid Metabolic Process (GO:1901605),0.004999933071055651,0.04020299913676938,0,0,inf,inf,ASS1
DR 7-,GO_Biological_Process_2023,Folic Acid Metabolic Process (GO:0046655),0.004999933071055651,0.04020299913676938,0,0,inf,inf,MTHFD2
DR 7-,GO_Biological_Process_2023,Negative Regulation Of Macroautophagy (GO:0016242),0.004999933071055651,0.04020299913676938,0,0,inf,inf,NUPR1
DR 7-,GO_Biological_Process_2023,Negative Regulation Of Autophagosome Assembly (GO:1902902),0.004999933071055651,0.04020299913676938,0,0,inf,inf,NUPR1
DR 7-,GO_Biological_Process_2023,L-serine Metabolic Process (GO:0006563),0.004999933071055651,0.04020299913676938,0,0,inf,inf,PSAT1
DR 7-,GO_Biological_Process_2023,Aromatic Compound Biosynthetic Process (GO:0019438),0.004999933071055651,0.04020299913676938,0,0,inf,inf,PSAT1
DR 7-,GO_Biological_Process_2023,Aspartate Family Amino Acid Metabolic Process (GO:0009066),0.004999933071055651,0.04020299913676938,0,0,inf,inf,ASS1
DR 7-,GO_Biological_Process_2023,Aspartate Metabolic Process (GO:0006531),0.004999933071055651,0.04020299913676938,0,0,inf,inf,ASS1
DR 7-,GO_Biological_Process_2023,Neurotrophin TRK Receptor Signaling Pathway (GO:0048011),0.004999933071055651,0.04020299913676938,0,0,inf,inf,DDIT4
DR 7-,GO_Biological_Process_2023,Glutamine Family Amino Acid Biosynthetic Process (GO:0009084),0.004999933071055651,0.04020299913676938,0,0,inf,inf,ASS1
DR 7-,GO_Biological_Process_2023,Serine Family Amino Acid Biosynthetic Process (GO:0009070),0.004999933071055651,0.04020299913676938,0,0,inf,inf,PSAT1
DR 7-,GO_Biological_Process_2023,Regulation Of Autophagy (GO:0010506),0.00538428087031229,0.04020299913676938,0,0,23.44047619047619,122.45941218672897,TRIB3;NUPR1
DR 7-,GO_Biological_Process_2023,Central Nervous System Development (GO:0007417),0.0058580725172788445,0.04020299913676938,0,0,22.363636363636363,114.94762947823915,DDIT4;PHGDH
DR 7-,GO_Biological_Process_2023,Negative Regulation Of Fatty Acid Biosynthetic Process (GO:0045717),0.009977386647081452,0.04020299913676938,0,0,221.0,1018.2429321130927,TRIB3
DR 7-,GO_Biological_Process_2023,Negative Regulation Of Fatty Acid Metabolic Process (GO:0045922),0.009977386647081452,0.04020299913676938,0,0,221.0,1018.2429321130927,TRIB3
DR 7-,GO_Biological_Process_2023,Negative Regulation Of Glycolytic Process (GO:0045820),0.009977386647081452,0.04020299913676938,0,0,221.0,1018.2429321130927,NUPR1
DR 7-,GO_Biological_Process_2023,Negative Regulation Of Striated Muscle Cell Apoptotic Process (GO:0010664),0.009977386647081452,0.04020299913676938,0,0,221.0,1018.2429321130927,NUPR1
DR 7-,GO_Biological_Process_2023,Response To Laminar Fluid Shear Stress (GO:0034616),0.009977386647081452,0.04020299913676938,0,0,221.0,1018.2429321130927,ASS1
DR 7-,GO_Biological_Process_2023,Folic Acid-Containing Compound Metabolic Process (GO:0006760),0.009977386647081452,0.04020299913676938,0,0,221.0,1018.2429321130927,MTHFD2
DR 7-,GO_Biological_Process_2023,Tetrahydrofolate Interconversion (GO:0035999),0.009977386647081452,0.04020299913676938,0,0,221.0,1018.2429321130927,MTHFD2
DR 7-,GO_Biological_Process_2023,Tetrahydrofolate Metabolic Process (GO:0046653),0.009977386647081452,0.04020299913676938,0,0,221.0,1018.2429321130927,MTHFD2
DR 7-,GO_Biological_Process_2023,Positive Regulation Of Cellular Respiration (GO:1901857),0.009977386647081452,0.04020299913676938,0,0,221.0,1018.2429321130927,NUPR1
DR 7-,GO_Biological_Process_2023,Arginine Metabolic Process (GO:0006525),0.009977386647081452,0.04020299913676938,0,0,221.0,1018.2429321130927,ASS1
DR 7-,GO_Biological_Process_2023,Regulation Of Autophagosome Assembly (GO:2000785),0.009977386647081452,0.04020299913676938,0,0,221.0,1018.2429321130927,NUPR1
DR 7-,GO_Biological_Process_2023,Negative Regulation Of Cardiac Muscle Cell Apoptotic Process (GO:0010667),0.009977386647081452,0.04020299913676938,0,0,221.0,1018.2429321130927,NUPR1
DR 7-,GO_Biological_Process_2023,Neurotrophin Signaling Pathway (GO:0038179),0.009977386647081452,0.04020299913676938,0,0,221.0,1018.2429321130927,DDIT4
DR 7-,GO_Biological_Process_2023,Negative Regulation Of Organelle Assembly (GO:1902116),0.009977386647081452,0.04020299913676938,0,0,221.0,1018.2429321130927,NUPR1
DR 7-,GO_Biological_Process_2023,Negative Regulation Of Programmed Necrotic Cell Death (GO:0062099),0.009977386647081452,0.04020299913676938,0,0,221.0,1018.2429321130927,NUPR1
DR 7-,GO_Biological_Process_2023,Regulation Of Programmed Necrotic Cell Death (GO:0062098),0.014932427838149076,0.04757540962387031,0,0,110.44444444444444,464.3327495011699,NUPR1
DR 7-,GO_Biological_Process_2023,Regulation Of Response To Endoplasmic Reticulum Stress (GO:1905897),0.014932427838149076,0.04757540962387031,0,0,110.44444444444444,464.3327495011699,NUPR1
DR 7-,GO_Biological_Process_2023,Negative Regulation Of Lipid Biosynthetic Process (GO:0051055),0.014932427838149076,0.04757540962387031,0,0,110.44444444444444,464.3327495011699,TRIB3
DR 7-,GO_Biological_Process_2023,Negative Regulation Of TOR Signaling (GO:0032007),0.014932427838149076,0.04757540962387031,0,0,110.44444444444444,464.3327495011699,DDIT4
DR 7-,GO_Biological_Process_2023,Regulation Of Fatty Acid Biosynthetic Process (GO:0042304),0.014932427838149076,0.04757540962387031,0,0,110.44444444444444,464.3327495011699,TRIB3
DR 7-,GO_Biological_Process_2023,Regulation Of Cardiac Muscle Cell Apoptotic Process (GO:0010665),0.014932427838149076,0.04757540962387031,0,0,110.44444444444444,464.3327495011699,NUPR1
DR 7-,GO_Biological_Process_2023,Regulation Of Oxidative Phosphorylation (GO:0002082),0.014932427838149076,0.04757540962387031,0,0,110.44444444444444,464.3327495011699,NUPR1
DR 7-,GO_Biological_Process_2023,Negative Regulation Of Cellular Metabolic Process (GO:0031324),0.014932427838149076,0.04757540962387031,0,0,110.44444444444444,464.3327495011699,NUPR1
DR 7-,GO_Biological_Process_2023,Regulation Of Type B Pancreatic Cell Proliferation (GO:0061469),0.014932427838149076,0.04757540962387031,0,0,110.44444444444444,464.3327495011699,NUPR1
DR 8+,GO_Biological_Process_2023,Regulation Of Transcription By RNA Polymerase II (GO:0006357),1.2653733512508528e-16,1.0325446546206958e-13,0,0,11.845070422535212,433.6005800143782,CEBPD;CITED2;DNAJB1;ZFP36;MYC;HES1;JUNB;IER2;SOX4;KLF10;EGR1;JUN;EGR2;JUND;EGR4;FOS;KLF4;EFNA1;NFKBIA;NR4A1;KLF6;MAFB;ELF3;IRF1;ID1;FOSB;ID3;NCOA7;ATF3
DR 8+,GO_Biological_Process_2023,Regulation Of DNA-templated Transcription (GO:0006355),6.385411826817232e-16,2.6052480253414306e-13,0,0,11.42572463768116,399.75577550229735,BTG1;CEBPD;CITED2;ZFP36L2;MYC;HES1;JUNB;SOX4;KLF10;EGR1;JUN;EGR2;JUND;EGR4;FOS;KLF4;NR4A1;KLF6;MAFB;ELF3;TCIM;BAMBI;IRF1;ID1;FOSB;ID3;NCOA7;ATF3
DR 8+,GO_Biological_Process_2023,Positive Regulation Of Transcription By RNA Polymerase II (GO:0045944),4.93041325173651e-13,1.3410724044723309e-10,0,0,11.468611847922192,324.9996258955591,KLF10;EGR1;JUN;EGR2;JUND;EGR4;CITED2;FOS;KLF4;NFKBIA;NR4A1;KLF6;ELF3;MYC;IRF1;HES1;NCOA7;JUNB;ATF3;IER2;SOX4
DR 8+,GO_Biological_Process_2023,Positive Regulation Of DNA-templated Transcription (GO:0045893),8.828842136746335e-13,1.8010837958962524e-10,0,0,9.864864864864865,273.80506894337367,KLF10;EGR1;JUN;EGR2;JUND;EGR4;CITED2;FOS;KLF4;NFKBIA;NR4A1;KLF6;MAFB;ELF3;BAMBI;MYC;IRF1;HES1;NCOA7;JUNB;ATF3;IER2;SOX4
DR 8+,GO_Biological_Process_2023,Negative Regulation Of Transcription By RNA Polymerase II (GO:0000122),2.3204635466715287e-10,3.786996508167935e-08,0,0,11.014662756598241,244.35020337928282,KLF10;JUN;JUND;CITED2;KLF4;EFNA1;DNAJB1;ZFP36;MAFB;MYC;ID1;FOSB;ID3;HES1;ATF3;SOX4
DR 8+,GO_Biological_Process_2023,Negative Regulation Of DNA-templated Transcription (GO:0045892),6.199257175468406e-10,8.430989758637033e-08,0,0,8.708006279434851,184.62211116722605,KLF10;JUN;JUND;CITED2;KLF4;EFNA1;DNAJB1;ZFP36;MAFB;ELF3;MYC;IRF1;ID1;FOSB;ID3;HES1;ATF3;SOX4
DR 8+,GO_Biological_Process_2023,Regulation Of Cell Cycle (GO:0051726),1.4428893434648743e-08,1.6819967203819105e-06,0,0,13.82422646477946,249.58304289804914,PPP1R15A;NR4A1;JUN;CDKN1A;JUND;GADD45B;CITED2;MYC;IRF1;JUNB;RHOB
DR 8+,GO_Biological_Process_2023,Positive Regulation Of Nucleic Acid-Templated Transcription (GO:1903508),4.809012455536161e-07,4.905192704646884e-05,0,0,8.112068965517242,118.0111661086258,EGR1;JUN;EGR2;KLF6;MAFB;CITED2;BAMBI;MYC;IRF1;FOS;KLF4;SOX4
DR 8+,GO_Biological_Process_2023,Integrated Stress Response Signaling (GO:0140467),2.3631533614978472e-06,0.00021425923810913816,0,0,44.0,570.0426010699847,JUN;MAFB;CEBPD;FOS;JUNB
DR 8+,GO_Biological_Process_2023,Negative Regulation Of Cell Cycle (GO:0045786),5.424064353583599e-06,0.0004394513052434089,0,0,19.484848484848484,236.24726323693926,NR4A1;BTG2;CDKN1A;BTG1;DUSP1;RHOB
DR 8+,GO_Biological_Process_2023,Regulation Of Cell Population Proliferation (GO:0042127),5.923975928526345e-06,0.0004394513052434089,0,0,4.711576193590582,56.71089969295672,KLF10;JUN;BTG2;CDKN1A;JUND;BTG1;EDN2;EGR4;SERTAD1;BAMBI;MYC;IRF1;HES1;SGK1;JUNB;SOX4
DR 8+,GO_Biological_Process_2023,Positive Regulation Of miRNA Metabolic Process (GO:2000630),8.271892360610123e-06,0.0005192203204813738,0,0,29.303030303030305,342.92302707393475,EGR1;JUN;MYC;FOS;KLF4
DR 8+,GO_Biological_Process_2023,Positive Regulation Of miRNA Transcription (GO:1902895),8.271892360610123e-06,0.0005192203204813738,0,0,29.303030303030305,342.92302707393475,EGR1;JUN;MYC;FOS;KLF4
DR 8+,GO_Biological_Process_2023,Regulation Of miRNA Transcription (GO:1902893),1.3855179529339957e-05,0.0008075590354243861,0,0,25.103896103896105,280.8335558277095,EGR1;JUN;MYC;FOS;KLF4
DR 8+,GO_Biological_Process_2023,Regulation Of Apoptotic Process (GO:0042981),1.896895801259577e-05,0.0010081210539265653,0,0,4.6993367722918205,51.09451042702699,EGR1;JUN;GADD45B;CITED2;PLK2;RHOB;SOCS3;TCIM;MYC;ANGPTL4;SGK1;SOX4;IER3;MCL1
DR 8+,GO_Biological_Process_2023,Negative Regulation Of Nucleic Acid-Templated Transcription (GO:1903507),1.9767079488756183e-05,0.0010081210539265653,0,0,7.431372549019608,80.49285718935077,KLF10;JUN;ELF3;CITED2;IRF1;ID1;ID3;HES1;KLF4
DR 8+,GO_Biological_Process_2023,Response To Fibroblast Growth Factor (GO:0071774),4.6899083326448476e-05,0.0022511559996695268,0,0,34.57142857142857,344.5911439387833,NR4A1;ZFP36;ZFP36L2;IER2
DR 8+,GO_Biological_Process_2023,Negative Regulation Of Cell Differentiation (GO:0045596),0.0001275701970705944,0.0057831822672002806,0,0,9.686868686868687,86.8606382287636,EFNA1;NFKBIA;BAMBI;HES1;SOX4;ZFP36L2
DR 8+,GO_Biological_Process_2023,Fat Cell Differentiation (GO:0045444),0.00020658198817181633,0.008732827324530627,0,0,19.724489795918366,167.35861113139578,NR4A1;EGR2;MAFB;KLF4
DR 8+,GO_Biological_Process_2023,Cellular Response To Transforming Growth Factor Beta Stimulus (GO:0071560),0.0002253297261403253,0.008732827324530627,0,0,11.666666666666666,97.9760340879897,JUN;BAMBI;ID1;FOS;ZFP36L2
DR 8+,GO_Biological_Process_2023,Positive Regulation Of mRNA Catabolic Process (GO:0061014),0.0002461458682159368,0.008732827324530627,0,0,51.0,423.78889811433487,BTG2;ZFP36;ZFP36L2
DR 8+,GO_Biological_Process_2023,Ventricular Septum Development (GO:0003281),0.0002461458682159368,0.008732827324530627,0,0,51.0,423.78889811433487,CITED2;HES1;SOX4
DR 8+,GO_Biological_Process_2023,Ventricular Septum Morphogenesis (GO:0060412),0.0002461458682159368,0.008732827324530627,0,0,51.0,423.78889811433487,CITED2;HES1;SOX4
DR 8+,GO_Biological_Process_2023,Transforming Growth Factor Beta Receptor Signaling Pathway (GO:0007179),0.000780678536966035,0.0190132693894788,0,0,12.525974025974026,89.6276918870299,JUN;BAMBI;ID1;FOS
DR 8+,GO_Biological_Process_2023,Negative Regulation Of Cellular Process (GO:0048523),0.0007931626306989088,0.0190132693894788,0,0,3.927659574468085,28.041455912214477,KLF10;NR4A1;BTG2;CDKN1A;BTG1;DUSP1;MYC;IRF1;SOX4;RHOB
DR 8+,GO_Biological_Process_2023,G1/S Transition Of Mitotic Cell Cycle (GO:0000082),0.0008251238657990688,0.0190132693894788,0,0,25.473684210526315,180.86257308357466,CDKN1A;MYC;PLK2
DR 8+,GO_Biological_Process_2023,Negative Regulation Of DNA-binding Transcription Factor Activity (GO:0043433),0.0008321670345151906,0.0190132693894788,0,0,8.307359307359308,58.91145057126597,NFKBIA;ID1;ID3;HES1;KLF4
DR 8+,GO_Biological_Process_2023,Negative Regulation Of Erythrocyte Differentiation (GO:0045647),0.0008854218588237676,0.0190132693894788,0,0,inf,inf,ZFP36;MAFB
DR 8+,GO_Biological_Process_2023,Negative Regulation Of Myeloid Cell Differentiation (GO:0045638),0.0008854218588237676,0.0190132693894788,0,0,inf,inf,ZFP36;MAFB
DR 8+,GO_Biological_Process_2023,Negative Regulation Of Transcription From RNA Polymerase II Promoter In Response To Stress (GO:0097201),0.0008854218588237676,0.0190132693894788,0,0,inf,inf,JUN;CITED2
DR 8+,GO_Biological_Process_2023,"Regulation Of Nuclear-Transcribed mRNA Catabolic Process, Deadenylation-Dependent Decay (GO:1900151)",0.0008854218588237676,0.0190132693894788,0,0,inf,inf,ZFP36;ZFP36L2
DR 8+,GO_Biological_Process_2023,Regulation Of Nuclear-Transcribed mRNA poly(A) Tail Shortening (GO:0060211),0.0008854218588237676,0.0190132693894788,0,0,inf,inf,BTG2;ZFP36
DR 8+,GO_Biological_Process_2023,Cellular Response To Granulocyte Macrophage Colony-Stimulating Factor Stimulus (GO:0097011),0.0008854218588237676,0.0190132693894788,0,0,inf,inf,ZFP36;ZFP36L2
DR 8+,GO_Biological_Process_2023,Response To Granulocyte Macrophage Colony-Stimulating Factor (GO:0097012),0.0008854218588237676,0.0190132693894788,0,0,inf,inf,ZFP36;ZFP36L2
DR 8+,GO_Biological_Process_2023,"Positive Regulation Of Nuclear-Transcribed mRNA Catabolic Process, Deadenylation-Dependent Decay (GO:1900153)",0.0008854218588237676,0.0190132693894788,0,0,inf,inf,ZFP36;ZFP36L2
DR 8+,GO_Biological_Process_2023,Positive Regulation Of Nuclear-Transcribed mRNA poly(A) Tail Shortening (GO:0060213),0.0008854218588237676,0.0190132693894788,0,0,inf,inf,BTG2;ZFP36
DR 8+,GO_Biological_Process_2023,Mitral Valve Development (GO:0003174),0.0008854218588237676,0.0190132693894788,0,0,inf,inf,EFNA1;SOX4
DR 8+,GO_Biological_Process_2023,Mitral Valve Morphogenesis (GO:0003183),0.0008854218588237676,0.0190132693894788,0,0,inf,inf,EFNA1;SOX4
DR 8+,GO_Biological_Process_2023,DNA Damage Response (GO:0006974),0.001122946483262238,0.02349549564979452,0,0,6.0476190476190474,41.07421456944915,PPP1R15A;BTG2;CDKN1A;MYC;IER3;MCL1
DR 8+,GO_Biological_Process_2023,Positive Regulation Of Cellular Process (GO:0048522),0.0012369512294222998,0.02510291314845657,0,0,3.68,24.637988655276107,ZFP36;EGR2;EDN2;SERTAD1;EGR4;CITED2;BAMBI;MYC;HES1;SOX4
DR 8+,GO_Biological_Process_2023,Negative Regulation Of Mitotic Cell Cycle (GO:0045930),0.0012920617061705588,0.02510291314845657,0,0,20.36842105263158,135.4808808598907,BTG2;BTG1;ZFP36L2
DR 8+,GO_Biological_Process_2023,Cell Cycle G1/S Phase Transition (GO:0044843),0.0012920617061705588,0.02510291314845657,0,0,20.36842105263158,135.4808808598907,CDKN1A;MYC;PLK2
DR 8+,GO_Biological_Process_2023,Apoptotic Process (GO:0006915),0.0014529684614287318,0.027572610802926636,0,0,5.714714714714715,37.340783725750505,PPP1R15A;NFKBIA;MYC;IRF1;RHOB;IER3
DR 8+,GO_Biological_Process_2023,Negative Regulation Of Cell Population Proliferation (GO:0008285),0.0015513645097794974,0.028770759999547046,0,0,4.235294117647059,27.3965099566159,KLF10;BTG2;CDKN1A;BTG1;MYC;IRF1;HES1;SOX4
DR 8+,GO_Biological_Process_2023,Negative Regulation Of Mitotic Cell Cycle Phase Transition (GO:1901991),0.001896831871224096,0.03439588459819694,0,0,16.964912280701753,106.3287790077654,CDKN1A;KLF4;ZFP36L2
DR 8+,GO_Biological_Process_2023,Negative Regulation Of Programmed Cell Death (GO:0043069),0.002169819417360125,0.0379673936617642,0,0,3.9914529914529915,24.480025575815496,SOCS3;TCIM;CITED2;MYC;PLK2;ANGPTL4;IER3;MCL1
DR 8+,GO_Biological_Process_2023,Transmembrane Receptor Protein Serine/Threonine Kinase Signaling Pathway (GO:0007178),0.0024758207001381693,0.0379673936617642,0,0,8.589285714285714,51.545878347493016,JUN;BAMBI;ID1;FOS
DR 8+,GO_Biological_Process_2023,3'-UTR-mediated mRNA Destabilization (GO:0061158),0.0026048760193768416,0.0379673936617642,0,0,66.86206896551724,397.85406256500335,ZFP36;ZFP36L2
DR 8+,GO_Biological_Process_2023,Negative Regulation Of Stem Cell Differentiation (GO:2000737),0.0026048760193768416,0.0379673936617642,0,0,66.86206896551724,397.85406256500335,HES1;ZFP36L2
DR 8+,GO_Biological_Process_2023,Atrioventricular Valve Morphogenesis (GO:0003181),0.0026048760193768416,0.0379673936617642,0,0,66.86206896551724,397.85406256500335,EFNA1;SOX4
DR 8+,GO_Biological_Process_2023,Cellular Response To Corticosteroid Stimulus (GO:0071384),0.0026048760193768416,0.0379673936617642,0,0,66.86206896551724,397.85406256500335,ZFP36;ZFP36L2
DR 8+,GO_Biological_Process_2023,Cellular Response To Epidermal Growth Factor Stimulus (GO:0071364),0.0026048760193768416,0.0379673936617642,0,0,66.86206896551724,397.85406256500335,ZFP36;ZFP36L2
DR 8+,GO_Biological_Process_2023,Cellular Response To Glucocorticoid Stimulus (GO:0071385),0.0026048760193768416,0.0379673936617642,0,0,66.86206896551724,397.85406256500335,ZFP36;ZFP36L2
DR 8+,GO_Biological_Process_2023,Response To Epidermal Growth Factor (GO:0070849),0.0026048760193768416,0.0379673936617642,0,0,66.86206896551724,397.85406256500335,ZFP36;ZFP36L2
DR 8+,GO_Biological_Process_2023,Endoderm Development (GO:0007492),0.0026048760193768416,0.0379673936617642,0,0,66.86206896551724,397.85406256500335,DUSP2;DUSP1
DR 8+,GO_Biological_Process_2023,Cellular Response To Fibroblast Growth Factor Stimulus (GO:0044344),0.002652134116079117,0.0379673936617642,0,0,14.533834586466165,86.2203842097523,NR4A1;ZFP36;ZFP36L2
DR 8+,GO_Biological_Process_2023,Response To Ionizing Radiation (GO:0010212),0.002652134116079117,0.0379673936617642,0,0,14.533834586466165,86.2203842097523,CDKN1A;MYC;RHOB
DR 8+,GO_Biological_Process_2023,Negative Regulation Of Apoptotic Process (GO:0043066),0.0027420362349464314,0.03857761323648772,0,0,3.504743833017078,20.674674820424215,SOCS3;TCIM;CITED2;MYC;PLK2;ANGPTL4;KLF4;IER3;MCL1
DR 9+,GO_Biological_Process_2023,Cytoskeleton-Dependent Intracellular Transport (GO:0030705),4.602989843942945e-09,5.431528015852675e-07,0,0,inf,inf,TUBA1C;TUBA1B;TUBA1A;TUBB2A
DR 10+,GO_Biological_Process_2023,Negative Regulation Of Cell Population Proliferation (GO:0008285),2.2484061275006112e-08,1.5064321054254095e-05,0,0,11.449596774193548,201.63265646526895,KLF10;CDKN1A;FABP3;IFNL1;CDKN2A;HMGA1;HMOX1;NUPR1;IRF6;SOD2;NGF;IFIT3
DR 10+,GO_Biological_Process_2023,Defense Response To Symbiont (GO:0140546),3.0680757246001466e-07,0.00010012200037631202,0,0,13.367647058823529,200.47520563069892,ISG20;IFNL1;RSAD2;PMAIP1;ISG15;APOBEC3A;IFIT3;OASL;IFIT2
DR 10+,GO_Biological_Process_2023,Defense Response To Virus (GO:0051607),4.483074643715463e-07,0.00010012200037631202,0,0,12.686029411764705,185.4416699246294,ISG20;IFNL1;RSAD2;PMAIP1;ISG15;APOBEC3A;IFIT3;OASL;IFIT2
DR 10+,GO_Biological_Process_2023,Negative Regulation Of Cellular Process (GO:0048523),8.248470781461227e-07,0.00013816188558947557,0,0,7.847124824684432,109.92305679594779,KLF10;CDKN1A;FABP3;IFNL1;CDKN2A;HMGA1;NUPR1;IRF6;SOD2;NGF;APOBEC3A;IFIT3
DR 10+,GO_Biological_Process_2023,Negative Regulation Of Viral Genome Replication (GO:0045071),2.947498457004278e-06,0.0003949647932385732,0,0,20.994594594594595,267.3567928630323,ISG20;RSAD2;CCL5;ISG15;APOBEC3A;OASL
DR 10+,GO_Biological_Process_2023,Regulation Of Viral Genome Replication (GO:0045069),3.988277221514428e-06,0.0004453576230691112,0,0,19.6722972972973,244.5689743404054,ISG20;RSAD2;CCL5;ISG15;APOBEC3A;OASL
DR 10+,GO_Biological_Process_2023,Negative Regulation Of Viral Process (GO:0048525),5.309976925650973e-06,0.0005082406485980216,0,0,18.505564387917328,224.76716138874107,ISG20;RSAD2;CCL5;ISG15;APOBEC3A;OASL
DR 10+,GO_Biological_Process_2023,Regulation Of Cell Population Proliferation (GO:0042127),1.0492771926666036e-05,0.0008787696488582805,0,0,5.538732394366197,63.50059167345075,KLF10;CDKN1A;CDKN2A;CLEC11A;HMGA1;SOD2;NGF;IFIT3;SDCBP;FABP3;IFNL1;NUPR1;IRF6
DR 10+,GO_Biological_Process_2023,Cellular Response To Starvation (GO:0009267),0.00021315486803033743,0.015868195731147342,0,0,18.144522144522146,153.38456510824116,KLF10;CDKN1A;PMAIP1;PLIN2
DR 10+,GO_Biological_Process_2023,Regulation Of Phosphorylation (GO:0042325),0.00027977739287168873,0.018745085322403144,0,0,16.623931623931625,136.0089674923273,SDCBP;CDKN1A;CDKN2A;CCL5
DR 10+,GO_Biological_Process_2023,Positive Regulation Of Glucose Metabolic Process (GO:0010907),0.0004517130839206423,0.027513433293348214,0,0,inf,inf,NNMT;PMAIP1
DR 10-,GO_Biological_Process_2023,Regulation Of Wnt Signaling Pathway (GO:0030111),2.4467689539796434e-05,0.008539223649388956,0,0,35.0,371.63549867787435,SFRP1;SFRP2;SOSTDC1;FOLR1
DR 10-,GO_Biological_Process_2023,Negative Regulation Of Wnt Signaling Pathway (GO:0030178),0.00017704939035094884,0.03089511861624057,0,0,18.6,160.68692190379187,SFRP1;SFRP2;IGFBP2;SOSTDC1
DR 10-,GO_Biological_Process_2023,Regulation Of Canonical Wnt Signaling Pathway (GO:0060828),0.0003230274596208178,0.037578861135888465,0,0,15.476190476190476,124.39410941980891,SFRP1;SFRP2;IGFBP2;FOLR1
DR 10-,GO_Biological_Process_2023,Cellular Response To Organonitrogen Compound (GO:0071417),0.0005632019632017864,0.042132398371786846,0,0,25.344827586206897,189.62676263744825,SFRP1;IGFBP5;FOLR1
DR 10-,GO_Biological_Process_2023,Negative Regulation Of Cell Motility (GO:2000146),0.0007325449483812393,0.042132398371786846,0,0,12.080745341614907,87.2107297507887,SFRP1;SFRP2;IGFBP5;FBLN1
DR 10-,GO_Biological_Process_2023,Negative Regulation Of Epithelial To Mesenchymal Transition (GO:0010719),0.0007369025203759716,0.042132398371786846,0,0,131.13333333333333,945.8719377928516,SFRP1;SFRP2
DR 10-,GO_Biological_Process_2023,Negative Regulation Of Cell Differentiation (GO:0045596),0.0008450624315258107,0.042132398371786846,0,0,11.571428571428571,81.88058629139742,SFRP1;EFEMP1;SFRP2;SOSTDC1
DR 14+,GO_Biological_Process_2023,Regulation Of Cellular Catabolic Process (GO:0031329),8.293245504233783e-05,0.025613348893533325,0,0,59.04,554.8274598558337,HSPB1;TRIB3;NUPR1
DR 14+,GO_Biological_Process_2023,Positive Regulation Of Cellular Component Biogenesis (GO:0044089),0.00010327963263521502,0.025613348893533325,0,0,21.744444444444444,199.57204123311809,LGALS3;CLDN3;SDC1;CLU
DR 14+,GO_Biological_Process_2023,Positive Regulation Of Proteasomal Protein Catabolic Process (GO:1901800),0.0002764177669310214,0.04570107079926221,0,0,33.68571428571428,276.0071738592336,TRIB3;NUPR1;CLU
DR 14-,GO_Biological_Process_2023,Skeletal System Development (GO:0001501),0.0018457999721350387,0.034737986791857044,0,0,46.976190476190474,295.7077205902437,SNORC;PRELP
DR 14-,GO_Biological_Process_2023,Ruffle Assembly (GO:0097178),0.002999951725986083,0.034737986791857044,0,0,inf,inf,AIF1L
DR 14-,GO_Biological_Process_2023,Nervous System Development (GO:0007399),0.005562133624262159,0.034737986791857044,0,0,25.736842105263158,133.61985478902773,FABP7;SCRG1
DR 14-,GO_Biological_Process_2023,Positive Regulation Of Nitric-Oxide Synthase Activity (GO:0051000),0.008977407586967275,0.034737986791857044,0,0,199.2,938.8383898526647,S100A1
DR 14-,GO_Biological_Process_2023,Positive Regulation Of Sprouting Angiogenesis (GO:1903672),0.011954923933398426,0.034737986791857044,0,0,132.73333333333332,587.5589715536112,S100A1
DR 14-,GO_Biological_Process_2023,Regulation Of Nitric-Oxide Synthase Activity (GO:0050999),0.011954923933398426,0.034737986791857044,0,0,132.73333333333332,587.5589715536112,S100A1
DR 14-,GO_Biological_Process_2023,Positive Regulation Of Monooxygenase Activity (GO:0032770),0.014924983872534065,0.034737986791857044,0,0,99.5,418.36951067699306,S100A1
DR 14-,GO_Biological_Process_2023,Connective Tissue Development (GO:0061448),0.014924983872534065,0.034737986791857044,0,0,99.5,418.36951067699306,SNORC
DR 14-,GO_Biological_Process_2023,Actin Filament Bundle Assembly (GO:0051017),0.017887601738567002,0.034737986791857044,0,0,79.56,320.12139083757813,AIF1L
DR 14-,GO_Biological_Process_2023,Actin Filament Bundle Organization (GO:0061572),0.017887601738567002,0.034737986791857044,0,0,79.56,320.12139083757813,AIF1L
DR 14-,GO_Biological_Process_2023,Regulation Of Blood Circulation (GO:1903522),0.017887601738567002,0.034737986791857044,0,0,79.56,320.12139083757813,S100A1
DR 14-,GO_Biological_Process_2023,Ruffle Organization (GO:0031529),0.017887601738567002,0.034737986791857044,0,0,79.56,320.12139083757813,AIF1L
DR 14-,GO_Biological_Process_2023,Regulation Of Sprouting Angiogenesis (GO:1903670),0.020842792075114226,0.034737986791857044,0,0,66.26666666666667,256.501507451473,S100A1
DR 14-,GO_Biological_Process_2023,Substantia Nigra Development (GO:0021762),0.020842792075114226,0.034737986791857044,0,0,66.26666666666667,256.501507451473,S100A1
DR 14-,GO_Biological_Process_2023,Cartilage Development (GO:0051216),0.020842792075114226,0.034737986791857044,0,0,66.26666666666667,256.501507451473,SNORC
DR 14-,GO_Biological_Process_2023,Regulation Of Heart Contraction (GO:0008016),0.026730948808555827,0.04176710751336848,0,0,49.65,179.82898603346862,S100A1
DR 14-,GO_Biological_Process_2023,Monocarboxylic Acid Transport (GO:0015718),0.03258957173139429,0.0479258407814622,0,0,39.68,135.8549129562092,FABP7
DR 14-,GO_Biological_Process_2023,Fatty Acid Transport (GO:0015908),0.03550784484553427,0.049316451174353154,0,0,36.054545454545455,120.35013132850118,FABP7
DR 15+,GO_Biological_Process_2023,T Cell Receptor Signaling Pathway (GO:0050852),4.321573646039321e-17,3.807306382160642e-14,0,0,34.53658536585366,1301.3498291873145,ITK;THEMIS;CD3G;PTPN22;CD3E;CD3D;ZAP70;PTPRC;CD8B;CD8A;LCK;TRBC2;TRBC1;CD28;CTLA4;TRDC;CD247;SKAP1
DR 15+,GO_Biological_Process_2023,T Cell Activation (GO:0042110),5.552536430540899e-16,2.445892297653266e-13,0,0,23.22222222222222,815.7294766507857,ITK;RHOH;CD3G;PTPN22;CD3E;SLA2;CD3D;CD2;ZAP70;PTPRC;CD8B;LCK;CD8A;TRBC2;CD7;TRBC1;CD28;TRDC;CD247
DR 15+,GO_Biological_Process_2023,Antigen Receptor-Mediated Signaling Pathway (GO:0050851),4.7410447255202156e-14,1.3922868010611034e-11,0,0,16.272062185642433,499.22579038899534,ITK;THEMIS;CD3G;PTPN22;CD3E;SLA2;CD3D;ZAP70;PTPRC;CD8B;LCK;CD8A;TRBC2;TRBC1;CD28;CTLA4;TRDC;CD247;SKAP1
DR 15+,GO_Biological_Process_2023,T Cell Differentiation (GO:0030217),6.940285203317922e-08,1.5285978160307723e-05,0,0,27.44927536231884,452.455680212755,ZAP70;PTPRC;CD8A;LCK;CD28;RHOH;PTPN22;ZFP36L2
DR 15+,GO_Biological_Process_2023,Alpha-Beta T Cell Activation (GO:0046631),1.7790234902232164e-07,3.134639389773307e-05,0,0,35.67741935483871,554.499558975392,TRBC2;TRBC1;NKG7;CD3G;CD247;CD3E;CD3D
DR 15+,GO_Biological_Process_2023,Lymphocyte Differentiation (GO:0030098),2.9185779662643087e-05,0.004285445313798094,0,0,15.095744680851064,157.6271840592717,ZAP70;PTPRC;ITGA4;LCK;RHOH;PTPN22
DR 15+,GO_Biological_Process_2023,Gamma-Delta T Cell Activation (GO:0046629),8.181450708587026e-05,0.008008731193627966,0,0,39.541666666666664,372.12883861533135,ITK;CD3G;TRDC;CD3E
DR 15+,GO_Biological_Process_2023,Natural Killer Cell Mediated Cytotoxicity (GO:0042267),8.181450708587026e-05,0.008008731193627966,0,0,39.541666666666664,372.12883861533135,CD2;GZMB;NKG7;CORO1A
DR 15+,GO_Biological_Process_2023,Natural Killer Cell Mediated Immunity (GO:0002228),8.181450708587026e-05,0.008008731193627966,0,0,39.541666666666664,372.12883861533135,CD2;GZMB;NKG7;KLRD1
DR 15+,GO_Biological_Process_2023,Regulation Of T Cell Receptor Signaling Pathway (GO:0050856),0.00010286019114288906,0.009061982839688525,0,0,16.614035087719298,152.55239380337426,TRAT1;LCK;SH2D1A;PTPN22;SLA2
DR 15+,GO_Biological_Process_2023,Positive Regulation Of T Cell Activation (GO:0050870),0.00012544213679321537,0.010046774774074795,0,0,5.773351648351649,51.865862719527705,ZAP70;PTPRC;CD6;LCK;CCL5;SIRPG;CD28;RHOH;CD3E
DR 15+,GO_Biological_Process_2023,Regulation Of T Cell Differentiation (GO:0045580),0.00016936810446428435,0.012434441669419543,0,0,14.233082706766917,123.59206388861277,ZNF683;CD2;ZAP70;CAMK4;RHOH
DR 15+,GO_Biological_Process_2023,Enzyme-Linked Receptor Protein Signaling Pathway (GO:0007167),0.0003957604671826692,0.025775666668189912,0,0,8.02127659574468,62.844307059300036,ZAP70;CD8B;LCK;CD8A;CD7;CD3E
DR 15+,GO_Biological_Process_2023,Positive Regulation Of Antigen Receptor-Mediated Signaling Pathway (GO:0050857),0.00046811653426905627,0.025775666668189912,0,0,58.7319587628866,450.2857872458315,PTPRC;TRAT1;LCK
DR 15+,GO_Biological_Process_2023,Lymphocyte Mediated Immunity (GO:0002449),0.00046811653426905627,0.025775666668189912,0,0,58.7319587628866,450.2857872458315,CD8A;KLRD1;SLA2
DR 15+,GO_Biological_Process_2023,Natural Killer Cell Activation (GO:0030101),0.00046811653426905627,0.025775666668189912,0,0,58.7319587628866,450.2857872458315,CD2;PTPRC;IL2RB
DR 15+,GO_Biological_Process_2023,Positive Regulation Of Cell-Cell Adhesion (GO:0022409),0.0007953202530924244,0.0412163025279074,0,0,9.038277511961722,64.50406884720583,LCK;CCL5;SIRPG;CD3E;SKAP1
DR 15+,GO_Biological_Process_2023,Regulation Of Lymphocyte Differentiation (GO:0045619),0.0009797523443270978,0.047953434186231846,0,0,13.152777777777779,91.12521610440056,ZNF683;CD2;IKZF3;ZFP36L2
DR 15+,GO_Biological_Process_2023,Protein-Containing Complex Organization (GO:0043933),0.001082396678294696,0.0496776114396566,0,0,8.280701754385966,56.545414097797085,WIPF1;IL2RB;CD3G;CD247;CD3E
DR 15+,GO_Biological_Process_2023,Regulation Of Natural Killer Cell Activation (GO:0032814),0.0011277550837606493,0.0496776114396566,0,0,29.350515463917525,199.217394861114,ZNF683;PTPN22;KLRD1
DR 16+,GO_Biological_Process_2023,Primary Alcohol Catabolic Process (GO:0034310),0.001999963168059245,0.040280978431771454,0,0,inf,inf,AKR1C3
DR 16+,GO_Biological_Process_2023,Negative Regulation Of Signal Transduction (GO:0009968),0.0022821726060380356,0.040280978431771454,0,0,51.526315789473685,313.41537984788715,BPIFB1;FRZB
DR 16+,GO_Biological_Process_2023,Negative Regulation Of Toll-Like Receptor 4 Signaling Pathway (GO:0034144),0.005990923177088634,0.040280978431771454,0,0,332.3333333333333,1700.719076579553,BPIFB1
DR 16+,GO_Biological_Process_2023,Negative Regulation Of Lipid Biosynthetic Process (GO:0051055),0.005990923177088634,0.040280978431771454,0,0,332.3333333333333,1700.719076579553,AKR1C3
DR 16+,GO_Biological_Process_2023,Prostanoid Metabolic Process (GO:0006692),0.00798191329112281,0.040280978431771454,0,0,221.44444444444446,1069.7044701093293,AKR1C3
DR 16+,GO_Biological_Process_2023,Retinal Metabolic Process (GO:0042574),0.00798191329112281,0.040280978431771454,0,0,221.44444444444446,1069.7044701093293,AKR1C3
DR 16+,GO_Biological_Process_2023,Steroid Biosynthetic Process (GO:0006694),0.00798191329112281,0.040280978431771454,0,0,221.44444444444446,1069.7044701093293,AKR1C3
DR 16+,GO_Biological_Process_2023,Organic Hydroxy Compound Biosynthetic Process (GO:1901617),0.00798191329112281,0.040280978431771454,0,0,221.44444444444446,1069.7044701093293,AKR1C3
DR 16+,GO_Biological_Process_2023,Response To Corticosteroid (GO:0031960),0.00798191329112281,0.040280978431771454,0,0,221.44444444444446,1069.7044701093293,AKR1C3
DR 16+,GO_Biological_Process_2023,Non-Canonical Wnt Signaling Pathway (GO:0035567),0.00798191329112281,0.040280978431771454,0,0,221.44444444444446,1069.7044701093293,FRZB
DR 16+,GO_Biological_Process_2023,Innate Immune Response In Mucosa (GO:0002227),0.00798191329112281,0.040280978431771454,0,0,221.44444444444446,1069.7044701093293,BPIFB1
DR 16+,GO_Biological_Process_2023,Cellular Response To Prostaglandin Stimulus (GO:0071379),0.00798191329112281,0.040280978431771454,0,0,221.44444444444446,1069.7044701093293,AKR1C3
DR 16+,GO_Biological_Process_2023,Mucosal Immune Response (GO:0002385),0.009969912695602573,0.040280978431771454,0,0,166.0,764.958452991596,BPIFB1
DR 16+,GO_Biological_Process_2023,Cellular Response To Fatty Acid (GO:0071398),0.009969912695602573,0.040280978431771454,0,0,166.0,764.958452991596,AKR1C3
DR 16+,GO_Biological_Process_2023,Cellular Response To Steroid Hormone Stimulus (GO:0071383),0.009969912695602573,0.040280978431771454,0,0,166.0,764.958452991596,AKR1C3
DR 16+,GO_Biological_Process_2023,Arachidonic Acid Metabolic Process (GO:0019369),0.011954923933398426,0.040280978431771454,0,0,132.73333333333332,587.5589715536112,AKR1C3
DR 16+,GO_Biological_Process_2023,Development Of Primary Male Sexual Characteristics (GO:0046546),0.011954923933398426,0.040280978431771454,0,0,132.73333333333332,587.5589715536112,AKR1C3
DR 16+,GO_Biological_Process_2023,Diterpenoid Metabolic Process (GO:0016101),0.011954923933398426,0.040280978431771454,0,0,132.73333333333332,587.5589715536112,AKR1C3
DR 16+,GO_Biological_Process_2023,Male Gonad Development (GO:0008584),0.011954923933398426,0.040280978431771454,0,0,132.73333333333332,587.5589715536112,AKR1C3
DR 16+,GO_Biological_Process_2023,Gonad Development (GO:0008406),0.01393694971511305,0.040280978431771454,0,0,110.55555555555556,472.4272949222944,AKR1C3
DR 16+,GO_Biological_Process_2023,Cellular Response To Calcium Ion (GO:0071277),0.015915992842750006,0.040280978431771454,0,0,94.71428571428571,392.1579491912344,AKR1C3
DR 16+,GO_Biological_Process_2023,Retinoid Metabolic Process (GO:0001523),0.015915992842750006,0.040280978431771454,0,0,94.71428571428571,392.1579491912344,AKR1C3
DR 16+,GO_Biological_Process_2023,Regulation Of Toll-Like Receptor 4 Signaling Pathway (GO:0034143),0.015915992842750006,0.040280978431771454,0,0,94.71428571428571,392.1579491912344,BPIFB1
DR 16+,GO_Biological_Process_2023,Negative Regulation Of Immune System Process (GO:0002683),0.015915992842750006,0.040280978431771454,0,0,94.71428571428571,392.1579491912344,BPIFB1
DR 16+,GO_Biological_Process_2023,Cellular Response To Alcohol (GO:0097306),0.015915992842750006,0.040280978431771454,0,0,94.71428571428571,392.1579491912344,AKR1C3
DR 16+,GO_Biological_Process_2023,Prostaglandin Metabolic Process (GO:0006693),0.017892056171902555,0.040280978431771454,0,0,82.83333333333333,333.271505266226,AKR1C3
DR 16+,GO_Biological_Process_2023,Steroid Metabolic Process (GO:0008202),0.017892056171902555,0.040280978431771454,0,0,82.83333333333333,333.271505266226,AKR1C3
DR 16+,GO_Biological_Process_2023,Keratinocyte Differentiation (GO:0030216),0.017892056171902555,0.040280978431771454,0,0,82.83333333333333,333.271505266226,AKR1C3
DR 16+,GO_Biological_Process_2023,Wnt Signaling Pathway (GO:0016055),0.017892056171902555,0.040280978431771454,0,0,82.83333333333333,333.271505266226,FRZB
DR 16+,GO_Biological_Process_2023,Canonical Wnt Signaling Pathway (GO:0060070),0.019865142588336743,0.040280978431771454,0,0,73.5925925925926,288.39382112938614,FRZB
DR 16+,GO_Biological_Process_2023,Cellular Response To Ketone (GO:1901655),0.019865142588336743,0.040280978431771454,0,0,73.5925925925926,288.39382112938614,AKR1C3
DR 16+,GO_Biological_Process_2023,Positive Regulation Of Fat Cell Differentiation (GO:0045600),0.019865142588336743,0.040280978431771454,0,0,73.5925925925926,288.39382112938614,FRZB
DR 16+,GO_Biological_Process_2023,Epidermal Cell Differentiation (GO:0009913),0.021835255002465536,0.040280978431771454,0,0,66.2,253.16398717383677,AKR1C3
DR 16+,GO_Biological_Process_2023,Regulation Of Reactive Oxygen Species Metabolic Process (GO:2000377),0.021835255002465536,0.040280978431771454,0,0,66.2,253.16398717383677,AKR1C3
DR 16+,GO_Biological_Process_2023,Cellular Response To Salt (GO:1902075),0.021835255002465536,0.040280978431771454,0,0,66.2,253.16398717383677,AKR1C3
DR 16+,GO_Biological_Process_2023,Positive Regulation Of Cellular Metabolic Process (GO:0031325),0.023802396346046768,0.040280978431771454,0,0,60.15151515151515,224.84449993577954,AKR1C3
DR 16+,GO_Biological_Process_2023,Positive Regulation Of Reactive Oxygen Species Metabolic Process (GO:2000379),0.023802396346046768,0.040280978431771454,0,0,60.15151515151515,224.84449993577954,AKR1C3
DR 16+,GO_Biological_Process_2023,Negative Regulation Of Cellular Biosynthetic Process (GO:0031327),0.023802396346046768,0.040280978431771454,0,0,60.15151515151515,224.84449993577954,AKR1C3
DR 16+,GO_Biological_Process_2023,Regulation Of Wnt Signaling Pathway (GO:0030111),0.023802396346046768,0.040280978431771454,0,0,60.15151515151515,224.84449993577954,FRZB
DR 16+,GO_Biological_Process_2023,Regulation Of Fat Cell Differentiation (GO:0045598),0.02968602332368131,0.04778725705763333,0,0,47.19047619047619,165.9726299356419,FRZB
DR 16+,GO_Biological_Process_2023,Response To Calcium Ion (GO:0051592),0.02968602332368131,0.04778725705763333,0,0,47.19047619047619,165.9726299356419,AKR1C3
DR 16+,GO_Biological_Process_2023,Skin Development (GO:0043588),0.03164130980133688,0.04952993499026569,0,0,44.022222222222226,152.02157637342444,AKR1C3
DR 16+,GO_Biological_Process_2023,Regulation Of Cell Population Proliferation (GO:0042127),0.03226950309971855,0.04952993499026569,0,0,12.045751633986928,41.36068636019899,FRZB;AKR1C3
DR 16-,GO_Biological_Process_2023,Positive Regulation Of Potassium Ion Transmembrane Transporter Activity (GO:1901018),0.00012655842072503365,0.026830385193707132,0,0,inf,inf,LRRC26;GAL
DR 17-,GO_Biological_Process_2023,Regulation Of Cell Morphogenesis (GO:0022604),0.00038590327628149307,0.03490917558998777,0,0,120.24242424242425,945.0962920103668,CLDN4;CLDN3
DR 17-,GO_Biological_Process_2023,Positive Regulation Of Peptidase Activity (GO:0010952),0.0008044648578771591,0.03490917558998777,0,0,72.07272727272728,513.5422018151773,CLDN4;CLDN3
DR 17-,GO_Biological_Process_2023,Positive Regulation Of Response To Wounding (GO:1903036),0.001068686618732609,0.03490917558998777,0,0,60.03030303030303,410.68680348895003,CLDN4;CLDN3
DR 17-,GO_Biological_Process_2023,Odontogenesis (GO:0042476),0.001368987278038736,0.03490917558998777,0,0,51.42857142857143,339.10374988826976,ODAM;AQP5
DR 17-,GO_Biological_Process_2023,Positive Regulation Of Wound Healing (GO:0090303),0.002076198675569693,0.042354452981621736,0,0,39.95959595959596,246.83908017486098,CLDN4;CLDN3
DR 17-,GO_Biological_Process_2023,Apical Junction Assembly (GO:0043297),0.003397521840654105,0.04331840346833984,0,0,29.924242424242426,170.11060973385315,CLDN4;CLDN3
DR 17-,GO_Biological_Process_2023,Tight Junction Assembly (GO:0120192),0.003397521840654105,0.04331840346833984,0,0,29.924242424242426,170.11060973385315,CLDN4;CLDN3
DR 17-,GO_Biological_Process_2023,Bicellular Tight Junction Assembly (GO:0070830),0.003397521840654105,0.04331840346833984,0,0,29.924242424242426,170.11060973385315,CLDN4;CLDN3
DR 17-,GO_Biological_Process_2023,Regulation Of Wound Healing (GO:0061041),0.003905847397787526,0.04426627050825863,0,0,27.60839160839161,153.09627606294237,CLDN4;CLDN3
DR 18-,GO_Biological_Process_2023,Antigen Processing And Presentation Of Exogenous Peptide Antigen (GO:0002478),2.1788353756507982e-17,1.0284102973071767e-14,0,0,124.06349206349206,4759.7152366227765,HLA-DMA;HLA-DRB5;HLA-DMB;HLA-DRA;HLA-A;HLA-F;HLA-DQA2;CTSS;HLA-DQA1;HLA-DRB1;HLA-DPA1;HLA-E
DR 18-,GO_Biological_Process_2023,MHC Class II Protein Complex Assembly (GO:0002399),9.821903034286081e-15,7.726563720305051e-13,0,0,inf,inf,HLA-DRB5;HLA-DMA;HLA-DMB;HLA-DRA;HLA-DQA2;HLA-DQA1;HLA-DRB1;HLA-DPA1
DR 18-,GO_Biological_Process_2023,Immunoglobulin Production Involved In Immunoglobulin-Mediated Immune Response (GO:0002381),9.821903034286081e-15,7.726563720305051e-13,0,0,inf,inf,HLA-DRB5;HLA-DMA;HLA-DMB;HLA-DRA;HLA-DQA2;HLA-DQA1;HLA-DRB1;HLA-DPA1
DR 18-,GO_Biological_Process_2023,Antigen Processing And Presentation Of Endogenous Peptide Antigen (GO:0002483),9.821903034286081e-15,7.726563720305051e-13,0,0,inf,inf,HLA-B;HLA-C;TAP1;HLA-DRA;HLA-A;HLA-F;HLA-DRB1;HLA-E
DR 18-,GO_Biological_Process_2023,Peptide Antigen Assembly With MHC Class II Protein Complex (GO:0002503),9.821903034286081e-15,7.726563720305051e-13,0,0,inf,inf,HLA-DRB5;HLA-DMA;HLA-DMB;HLA-DRA;HLA-DQA2;HLA-DQA1;HLA-DRB1;HLA-DPA1
DR 18-,GO_Biological_Process_2023,Peptide Antigen Assembly With MHC Protein Complex (GO:0002501),9.821903034286081e-15,7.726563720305051e-13,0,0,inf,inf,HLA-DRB5;HLA-DMA;HLA-DMB;HLA-DRA;HLA-DQA2;HLA-DQA1;HLA-DRB1;HLA-DPA1
DR 18-,GO_Biological_Process_2023,Antigen Processing And Presentation Of Exogenous Peptide Antigen Via MHC Class II (GO:0019886),7.04884060376809e-13,4.158815956223173e-11,0,0,97.75,2735.117634016134,HLA-DMA;HLA-DRB5;HLA-DMB;HLA-DRA;HLA-DQA2;CTSS;HLA-DQA1;HLA-DRB1;HLA-DPA1
DR 18-,GO_Biological_Process_2023,Antigen Processing And Presentation Of Peptide Antigen Via MHC Class II (GO:0002495),7.04884060376809e-13,4.158815956223173e-11,0,0,97.75,2735.117634016134,HLA-DMA;HLA-DRB5;HLA-DMB;HLA-DRA;HLA-DQA2;CTSS;HLA-DQA1;HLA-DRB1;HLA-DPA1
DR 18-,GO_Biological_Process_2023,Immunoglobulin Mediated Immune Response (GO:0016064),1.5893067490733188e-12,8.335030950695627e-11,0,0,83.74285714285715,2275.1027629722244,CD74;HLA-DMA;HLA-DRB5;HLA-DMB;HLA-DRA;HLA-DQA2;HLA-DQA1;HLA-DRB1;HLA-DPA1
DR 18-,GO_Biological_Process_2023,Positive Regulation Of Lymphocyte Activation (GO:0051251),3.3314385377215476e-12,1.5724389898045706e-10,0,0,73.2375,1935.492593585911,PYCARD;HLA-DRB5;HLA-DMA;HLA-DMB;HLA-DRA;HLA-DQA2;HLA-DQA1;HLA-DRB1;HLA-DPA1
DR 18-,GO_Biological_Process_2023,Positive Regulation Of T Cell Mediated Cytotoxicity (GO:0001916),2.1411878792546103e-11,9.187642536437964e-10,0,0,214.265625,5263.879735892764,HLA-B;HLA-C;HLA-DRA;HLA-A;HLA-F;HLA-DRB1;HLA-E
DR 18-,GO_Biological_Process_2023,Positive Regulation Of Leukocyte Cell-Cell Adhesion (GO:1903039),3.8135121298003356e-11,1.4999814377214655e-09,0,0,48.725,1168.9071680427915,PYCARD;HLA-DRB5;HLA-DMA;HLA-DMB;HLA-DRA;HLA-DQA2;HLA-DQA1;HLA-DRB1;HLA-DPA1
DR 18-,GO_Biological_Process_2023,Positive Regulation Of T Cell Mediated Immunity (GO:0002711),1.908055680102524e-10,6.9277098539107025e-09,0,0,107.0234375,2395.159506483649,HLA-B;HLA-DRA;HLA-C;HLA-A;HLA-F;HLA-DRB1;HLA-E
DR 18-,GO_Biological_Process_2023,Regulation Of T Cell Activation (GO:0050863),3.785378788191529e-10,1.2762134200188584e-08,0,0,34.305882352941175,744.2559964483834,PYCARD;HLA-DRB5;HLA-DMA;HLA-DMB;HLA-DRA;HLA-DQA2;HLA-DQA1;HLA-DRB1;HLA-DPA1
DR 18-,GO_Biological_Process_2023,Positive Regulation Of T Cell Activation (GO:0050870),1.7044989801129208e-09,4.8762267267301886e-08,0,0,21.46829810901001,433.44482337944294,PYCARD;HLA-DRB5;HLA-DMA;HLA-DMB;HLA-DRA;HLA-A;HLA-DQA2;HLA-DQA1;HLA-DRB1;HLA-DPA1
DR 18-,GO_Biological_Process_2023,Positive Regulation Of Leukocyte Mediated Cytotoxicity (GO:0001912),1.9019099850025154e-09,4.8762267267301886e-08,0,0,61.0625,1226.1598646768828,HLA-B;HLA-DRA;HLA-C;HLA-A;HLA-F;HLA-DRB1;HLA-E
DR 18-,GO_Biological_Process_2023,Regulation Of T Cell Mediated Cytotoxicity (GO:0001914),1.9019099850025154e-09,4.8762267267301886e-08,0,0,61.0625,1226.1598646768828,HLA-B;HLA-C;HLA-DRA;HLA-A;HLA-F;HLA-DRB1;HLA-E
DR 18-,GO_Biological_Process_2023,Antigen Processing And Presentation Of Endogenous Peptide Antigen Via MHC Class I Via ER Pathway (GO:0002484),2.1695076538418213e-09,4.8762267267301886e-08,0,0,inf,inf,HLA-B;HLA-C;HLA-A;HLA-F;HLA-E
DR 18-,GO_Biological_Process_2023,"Antigen Processing And Presentation Of Endogenous Peptide Antigen Via MHC Class I Via ER Pathway, TAP-independent (GO:0002486)",2.1695076538418213e-09,4.8762267267301886e-08,0,0,inf,inf,HLA-B;HLA-C;HLA-A;HLA-F;HLA-E
DR 18-,GO_Biological_Process_2023,Antigen Processing And Presentation Of Endogenous Peptide Antigen Via MHC Class Ib (GO:0002476),2.1695076538418213e-09,4.8762267267301886e-08,0,0,inf,inf,HLA-B;HLA-C;HLA-A;HLA-F;HLA-E
DR 18-,GO_Biological_Process_2023,Antigen Processing And Presentation Of Peptide Antigen Via MHC Class Ib (GO:0002428),2.1695076538418213e-09,4.8762267267301886e-08,0,0,inf,inf,HLA-B;HLA-C;HLA-A;HLA-F;HLA-E
DR 18-,GO_Biological_Process_2023,Positive Regulation Of Alpha-Beta T Cell Activation (GO:0046635),1.8043511651651897e-06,3.871153408899861e-05,0,0,111.94285714285714,1480.4789315903156,HLA-DRA;HLA-A;HLA-DRB1;HLA-E
DR 18-,GO_Biological_Process_2023,Negative Regulation Of Natural Killer Cell Mediated Cytotoxicity (GO:0045953),4.1511549369984665e-06,8.518891870709896e-05,0,0,74.5904761904762,924.3344275135814,HLA-B;HLA-A;HLA-F;HLA-E
DR 18-,GO_Biological_Process_2023,Detection Of Bacterium (GO:0016045),2.7085493252828236e-05,0.000532681367305622,0,0,163.33333333333334,1717.6970053623727,HLA-B;HLA-A;HLA-DRB1
DR 18-,GO_Biological_Process_2023,Positive Regulation Of Immune Response (GO:0050778),0.0001056955227482658,0.001995531469487258,0,0,13.585434173669467,124.37394374464752,PYCARD;CD74;HLA-DMB;HLA-DRA;HLA-DRB1
DR 18-,GO_Biological_Process_2023,Positive Regulation Of Cytokine Production Involved In Immune Response (GO:0002720),0.0003591351532322351,0.005467446086830312,0,0,32.6,258.57706366694157,HLA-A;HLA-F;HLA-E
DR 18-,GO_Biological_Process_2023,Positive Regulation Of Monocyte Differentiation (GO:0045657),0.00037067431097154656,0.005467446086830312,0,0,inf,inf,CD74;HLA-DRB1
DR 18-,GO_Biological_Process_2023,Positive Regulation Of Natural Killer Cell Cytokine Production (GO:0002729),0.00037067431097154656,0.005467446086830312,0,0,inf,inf,HLA-F;HLA-E
DR 18-,GO_Biological_Process_2023,Antigen Processing And Presentation Of Endogenous Peptide Antigen Via MHC Class I (GO:0019885),0.00037067431097154656,0.005467446086830312,0,0,inf,inf,TAP1;HLA-A
DR 18-,GO_Biological_Process_2023,Regulation Of Natural Killer Cell Cytokine Production (GO:0002727),0.00037067431097154656,0.005467446086830312,0,0,inf,inf,HLA-F;HLA-E
DR 18-,GO_Biological_Process_2023,Protection From Natural Killer Cell Mediated Cytotoxicity (GO:0042270),0.00037067431097154656,0.005467446086830312,0,0,inf,inf,HLA-B;HLA-E
DR 18-,GO_Biological_Process_2023,"Regulation Of CD4-positive, Alpha-Beta T Cell Activation (GO:2000514)",0.00037067431097154656,0.005467446086830312,0,0,inf,inf,HLA-DRA;HLA-DRB1
DR 18-,GO_Biological_Process_2023,Regulation Of I-kappaB kinase/NF-kappaB Signaling (GO:0043122),0.0008654648418445439,0.01237876985910984,0,0,8.092436974789916,57.0698385305735,BST2;PYCARD;CD74;TNFSF10;HLA-DRB1
DR 18-,GO_Biological_Process_2023,Positive Regulation Of Memory T Cell Differentiation (GO:0043382),0.0010983022697360302,0.014399963092094617,0,0,105.94594594594595,721.9145825870551,HLA-DRA;HLA-DRB1
DR 18-,GO_Biological_Process_2023,Positive Regulation Of Regulatory T Cell Differentiation (GO:0045591),0.0010983022697360302,0.014399963092094617,0,0,105.94594594594595,721.9145825870551,HLA-DRA;HLA-DRB1
DR 18-,GO_Biological_Process_2023,"Positive Regulation Of CD4-positive, Alpha-Beta T Cell Differentiation (GO:0043372)",0.0010983022697360302,0.014399963092094617,0,0,105.94594594594595,721.9145825870551,HLA-DRA;HLA-DRB1
DR 18-,GO_Biological_Process_2023,Regulation Of Release Of Cytochrome C From Mitochondria (GO:0090199),0.0013363818786342864,0.01704789855987522,0,0,18.074074074074073,119.61041595615596,PYCARD;TNFSF10;CLU
DR 18-,GO_Biological_Process_2023,Positive Regulation Of Immune Effector Process (GO:0002699),0.0017139226923017013,0.01932106998406376,0,0,16.258333333333333,103.54884641154435,HLA-DMB;HLA-DRA;HLA-DRB1
DR 18-,GO_Biological_Process_2023,Regulation Of Type II Interferon Production (GO:0032649),0.0018064926048127787,0.01932106998406376,0,0,9.223809523809523,58.260976246256305,PYCARD;HLA-A;HLA-DRB1;HLA-DPA1
DR 18-,GO_Biological_Process_2023,Defense Response To Gram-positive Bacterium (GO:0050830),0.002152023930544227,0.01932106998406376,0,0,14.772727272727273,90.72443717709062,HLA-A;GBP2;HLA-E
DR 18-,GO_Biological_Process_2023,Positive Regulation Of Natural Killer Cell Mediated Cytotoxicity (GO:0045954),0.002169526926176651,0.01932106998406376,0,0,52.945945945945944,324.73051868457827,HLA-F;HLA-E
DR 18-,GO_Biological_Process_2023,Positive Regulation Of Natural Killer Cell Mediated Immunity (GO:0002717),0.002169526926176651,0.01932106998406376,0,0,52.945945945945944,324.73051868457827,HLA-F;HLA-E
DR 18-,GO_Biological_Process_2023,T-helper 1 Type Immune Response (GO:0042088),0.002169526926176651,0.01932106998406376,0,0,52.945945945945944,324.73051868457827,HLA-DRB1;IL18BP
DR 18-,GO_Biological_Process_2023,Regulation Of Memory T Cell Differentiation (GO:0043380),0.002169526926176651,0.01932106998406376,0,0,52.945945945945944,324.73051868457827,HLA-DRA;HLA-DRB1
DR 18-,GO_Biological_Process_2023,Antigen Processing And Presentation Of Peptide Antigen Via MHC Class I (GO:0002474),0.002169526926176651,0.01932106998406376,0,0,52.945945945945944,324.73051868457827,TAP1;HLA-A
DR 18-,GO_Biological_Process_2023,Regulation Of Monocyte Differentiation (GO:0045655),0.002169526926176651,0.01932106998406376,0,0,52.945945945945944,324.73051868457827,CD74;HLA-DRB1
DR 18-,GO_Biological_Process_2023,Positive Regulation Of Viral Entry Into Host Cell (GO:0046598),0.002169526926176651,0.01932106998406376,0,0,52.945945945945944,324.73051868457827,CD74;HLA-DRB1
DR 18-,GO_Biological_Process_2023,Positive Regulation By Symbiont Of Entry Into Host (GO:0075294),0.002169526926176651,0.01932106998406376,0,0,52.945945945945944,324.73051868457827,CD74;HLA-DRB1
DR 18-,GO_Biological_Process_2023,"Positive Regulation Of CD4-positive, CD25-positive, Alpha-Beta Regulatory T Cell Differentiation (GO:0032831)",0.002169526926176651,0.01932106998406376,0,0,52.945945945945944,324.73051868457827,HLA-DRA;HLA-DRB1
DR 18-,GO_Biological_Process_2023,"Regulation Of CD4-positive, Alpha-Beta T Cell Differentiation (GO:0043370)",0.002169526926176651,0.01932106998406376,0,0,52.945945945945944,324.73051868457827,HLA-DRA;HLA-DRB1
DR 18-,GO_Biological_Process_2023,"Regulation Of CD8-positive, Alpha-Beta T Cell Activation (GO:2001185)",0.002169526926176651,0.01932106998406376,0,0,52.945945945945944,324.73051868457827,HLA-A;HLA-E
DR 18-,GO_Biological_Process_2023,Regulation Of T Cell Cytokine Production (GO:0002724),0.002169526926176651,0.01932106998406376,0,0,52.945945945945944,324.73051868457827,HLA-A;HLA-F
DR 18-,GO_Biological_Process_2023,Regulation Of T-helper Cell Differentiation (GO:0045622),0.002169526926176651,0.01932106998406376,0,0,52.945945945945944,324.73051868457827,HLA-DRA;HLA-DRB1
DR 18-,GO_Biological_Process_2023,Positive Regulation Of I-kappaB kinase/NF-kappaB Signaling (GO:0043123),0.002350906419133346,0.020548663515387762,0,0,8.505494505494505,51.483369667592314,BST2;CD74;TNFSF10;HLA-DRB1
DR 18-,GO_Biological_Process_2023,Regulation Of Cytokine-Mediated Signaling Pathway (GO:0001959),0.0035713536923569302,0.028570829538855442,0,0,35.27927927927928,198.7920557682519,PYCARD;CD74
DR 18-,GO_Biological_Process_2023,Negative Regulation Of Natural Killer Cell Mediated Immunity (GO:0002716),0.0035713536923569302,0.028570829538855442,0,0,35.27927927927928,198.7920557682519,HLA-F;HLA-E
DR 18-,GO_Biological_Process_2023,Positive Regulation Of Natural Killer Cell Activation (GO:0032816),0.0035713536923569302,0.028570829538855442,0,0,35.27927927927928,198.7920557682519,HLA-F;HLA-E
DR 18-,GO_Biological_Process_2023,Positive Regulation Of Viral Life Cycle (GO:1903902),0.0035713536923569302,0.028570829538855442,0,0,35.27927927927928,198.7920557682519,CD74;HLA-DRB1
DR 18-,GO_Biological_Process_2023,"Positive Regulation Of CD8-positive, Alpha-Beta T Cell Activation (GO:2001187)",0.0035713536923569302,0.028570829538855442,0,0,35.27927927927928,198.7920557682519,HLA-A;HLA-E
DR 18-,GO_Biological_Process_2023,Positive Regulation Of Lymphocyte Proliferation (GO:0050671),0.0037610031274742622,0.02958655793613086,0,0,7.356190476190476,41.07012318359183,CD74;HLA-DMB;HLA-DPA1;HLA-E
DR 18-,GO_Biological_Process_2023,Positive Regulation Of Apoptotic Signaling Pathway (GO:2001235),0.004570364871542174,0.03536102234389005,0,0,10.811111111111112,58.252020625257494,PYCARD;TNFSF10;CTSS
DR 18-,GO_Biological_Process_2023,Response To Type II Interferon (GO:0034341),0.004644880053646574,0.03536102234389005,0,0,6.889285714285714,37.00917210232387,BST2;CD74;GBP2;HLA-DPA1
DR 18-,GO_Biological_Process_2023,Regulation Of Immune Effector Process (GO:0002697),0.005291141782751378,0.037166762273971574,0,0,26.445945945945947,138.62227600690923,HLA-DRA;HLA-DRB1
DR 18-,GO_Biological_Process_2023,Adaptive Immune Response Based On Somatic Recombination Of Immune Receptors Built From Immunoglobulin Superfamily Domains (GO:0002460),0.005291141782751378,0.037166762273971574,0,0,26.445945945945947,138.62227600690923,HLA-DRB1;IL18BP
DR 18-,GO_Biological_Process_2023,Pattern Recognition Receptor Signaling Pathway (GO:0002221),0.005291141782751378,0.037166762273971574,0,0,26.445945945945947,138.62227600690923,PYCARD;CTSS
DR 18-,GO_Biological_Process_2023,"Positive Regulation Of CD4-positive, Alpha-Beta T Cell Activation (GO:2000516)",0.005291141782751378,0.037166762273971574,0,0,26.445945945945947,138.62227600690923,HLA-DRA;HLA-DRB1
DR 18-,GO_Biological_Process_2023,Pyroptosis (GO:0070269),0.005291141782751378,0.037166762273971574,0,0,26.445945945945947,138.62227600690923,PYCARD;IFI27
DR 18-,GO_Biological_Process_2023,Positive Regulation Of Type II Interferon Production (GO:0032729),0.005354533547945057,0.037166762273971574,0,0,10.130208333333334,52.97908191081073,PYCARD;HLA-A;HLA-DPA1
DR 18-,GO_Biological_Process_2023,Regulation Of Cysteine-Type Endopeptidase Activity (GO:2000116),0.007316596018621917,0.04796435167763257,0,0,21.145945945945947,103.98751701833753,PYCARD;PSMB9
DR 18-,GO_Biological_Process_2023,Negative Regulation Of Leukocyte Mediated Cytotoxicity (GO:0001911),0.007316596018621917,0.04796435167763257,0,0,21.145945945945947,103.98751701833753,HLA-F;HLA-E
DR 18-,GO_Biological_Process_2023,Negative Regulation Of Protein-Containing Complex Assembly (GO:0031333),0.007316596018621917,0.04796435167763257,0,0,21.145945945945947,103.98751701833753,PYDC1;CLU
DR 18-,GO_Biological_Process_2023,Regulation Of Natural Killer Cell Mediated Cytotoxicity (GO:0042269),0.007316596018621917,0.04796435167763257,0,0,21.145945945945947,103.98751701833753,HLA-F;HLA-E
DR 21+,GO_Biological_Process_2023,Regulation Of Fibrinolysis (GO:0051917),3.888537823820402e-05,0.02870282157739974,0,0,48.48101265822785,492.31946014020923,SERPINE1;PLAUR;PLAT;THBS1
DR 21+,GO_Biological_Process_2023,Regulation Of PERK-mediated Unfolded Protein Response (GO:1903897),6.901121591053426e-05,0.02870282157739974,0,0,inf,inf,PPP1R15A;HSPA5;AGR2
DR 21+,GO_Biological_Process_2023,Regulation Of Plasminogen Activation (GO:0010755),8.786578033897879e-05,0.02870282157739974,0,0,32.30379746835443,301.7077814548718,SERPINE1;PLAUR;PLAT;THBS1
DR 21+,GO_Biological_Process_2023,Intermediate Filament Organization (GO:0045109),0.0001626995262673452,0.03193170992073883,0,0,13.58974358974359,118.5515613174877,KRT80;KRT17;KRT23;PKP1;KRT75
DR 21+,GO_Biological_Process_2023,Positive Regulation Of Cell Population Proliferation (GO:0008284),0.0001764856061915054,0.03193170992073883,0,0,3.8599025974025976,33.35832519221794,CDKN1A;RTKN2;LIF;AREG;THBS1;PTHLH;EREG;FOSL1;ESM1;CLCF1;PIM1;S100A6;TIMP1
DR 21+,GO_Biological_Process_2023,Negative Regulation Of Apoptotic Process (GO:0043066),0.00019550026482084996,0.03193170992073883,0,0,3.814446227929374,32.57517557825427,ANXA1;HSPA5;CAV1;PLAUR;FHL2;THBS1;FSTL1;DKK1;CLCF1;PIM1;SFN;CD44;IER3
DR 21+,GO_Biological_Process_2023,Regulation Of Wound Healing (GO:0061041),0.00023613921856391028,0.03305949059894744,0,0,12.224358974358974,102.08670997916195,ANXA1;TNFRSF12A;CAV1;SERPINE1;CLDN1
DR 21+,GO_Biological_Process_2023,Positive Regulation Of Epidermal Growth Factor Receptor Signaling Pathway (GO:0045742),0.0002966709774018398,0.036342194731725376,0,0,19.362025316455696,157.27554089908335,AGR2;PLAUR;AREG;EREG
DR 21+,GO_Biological_Process_2023,Negative Regulation Of Protein Phosphorylation (GO:0001933),0.0004004227736199653,0.043601590905285106,0,0,7.7840054682159945,60.89419409638729,ERRFI1;CDKN1A;IGFBP3;CAV1;SFN;DKK1
DR 21+,GO_Biological_Process_2023,Negative Regulation Of Fibrinolysis (GO:0051918),0.0006493109313518456,0.04464085087124467,0,0,35.90625,263.5374716744692,SERPINE1;PLAT;THBS1
DR 21+,GO_Biological_Process_2023,Regulation Of Epidermal Growth Factor-Activated Receptor Activity (GO:0007176),0.0006493109313518456,0.04464085087124467,0,0,35.90625,263.5374716744692,ERRFI1;AREG;EREG
DR 21+,GO_Biological_Process_2023,Negative Regulation Of Plasminogen Activation (GO:0010757),0.0006493109313518456,0.04464085087124467,0,0,35.90625,263.5374716744692,SERPINE1;PLAT;THBS1
DR 21+,GO_Biological_Process_2023,Negative Regulation Of Protein Processing (GO:0010955),0.0006493109313518456,0.04464085087124467,0,0,35.90625,263.5374716744692,SERPINE1;PLAT;THBS1
DR 21+,GO_Biological_Process_2023,Positive Regulation Of Extrinsic Apoptotic Signaling Pathway (GO:2001238),0.0007288302183060354,0.04464085087124467,0,0,13.815551537070524,99.80450793547504,TNFRSF12A;CAV1;INHBA;THBS1
DR 21+,GO_Biological_Process_2023,Positive Regulation Of Wound Healing (GO:0090303),0.0007288302183060354,0.04464085087124467,0,0,13.815551537070524,99.80450793547504,ANXA1;SERPINE1;CLDN1;THBS1
DR 21+,GO_Biological_Process_2023,Regulation Of Blood Coagulation (GO:0030193),0.0007288302183060354,0.04464085087124467,0,0,13.815551537070524,99.80450793547504,CAV1;SERPINE1;PLAUR;THBS1
DR 22+,GO_Biological_Process_2023,Regulation Of Endopeptidase Activity (GO:0052548),0.00012439158938045444,0.030392521953946105,0,0,20.687830687830687,186.0265456013671,SERPINA3;SERPINA1;TIMP1;SERPINA5
DR 22+,GO_Biological_Process_2023,Negative Regulation Of Endopeptidase Activity (GO:0010951),0.00015585908694331336,0.030392521953946105,0,0,19.298765432098765,169.18375127017427,SERPINA3;SERPINA1;TIMP1;SERPINA5
DR 22+,GO_Biological_Process_2023,Negative Regulation Of Peptidase Activity (GO:0010466),0.00023548908146681105,0.030613580590685436,0,0,17.010893246187365,142.10638265045966,SERPINA3;SERPINA1;TIMP1;SERPINA5
DR 23-,GO_Biological_Process_2023,Defense Response To Virus (GO:0051607),1.5136364608242948e-10,1.0444091579687634e-07,0,0,14.324528301886792,323.89672135965014,GBP5;IFITM1;STAT1;MX1;NLRC5;SAMHD1;IFIT3;IFI44L;IFIT2;ISG20;CXCL10;PLSCR1;IRF1;GBP2
DR 23-,GO_Biological_Process_2023,Defense Response To Symbiont (GO:0140546),1.1771696022789271e-09,4.0612351278622987e-07,0,0,13.446078431372548,276.45342874963205,GBP5;IFITM1;STAT1;MX1;NLRC5;SAMHD1;IFIT3;IFI44L;IFIT2;ISG20;PLSCR1;IRF1;GBP2
DR 23-,GO_Biological_Process_2023,Response To Cytokine (GO:0034097),2.940692824326101e-06,0.0006763593495950033,0,0,9.843103448275862,125.37028324526659,CIITA;PLSCR1;IFITM1;STAT1;UBD;LAMP3;MX1;JAK2;XAF1
DR 23-,GO_Biological_Process_2023,Positive Regulation Of Innate Immune Response (GO:0045089),4.129093397453478e-06,0.000712268611060725,0,0,38.891129032258064,482.1509322942506,GBP5;PLSCR1;NLRC5;IFI35;HLA-E
DR 23-,GO_Biological_Process_2023,Response To Type II Interferon (GO:0034341),1.4919608823417293e-05,0.0017558799062371675,0,0,9.225181598062955,102.51791339628464,GBP5;CIITA;IFITM1;STAT1;UBD;GBP2;GBP1;GBP4
DR 23-,GO_Biological_Process_2023,Regulation Of Innate Immune Response (GO:0045088),1.5268520923801457e-05,0.0017558799062371675,0,0,15.745901639344263,174.61759789261248,GBP5;PLSCR1;IRF1;IFI35;SAMHD1;HLA-E
DR 23-,GO_Biological_Process_2023,Cellular Response To Type II Interferon (GO:0071346),3.001892912866618e-05,0.002911954634663694,0,0,10.13409090909091,105.53320418383052,GBP5;STAT1;IRF1;JAK2;GBP2;GBP1;GBP4
DR 23-,GO_Biological_Process_2023,Antiviral Innate Immune Response (GO:0140374),3.738034902037675e-05,0.002911954634663694,0,0,40.84656084656085,416.4047673748363,CXCL10;MX1;IFIT3;IFIT2
DR 23-,GO_Biological_Process_2023,Response To Interferon-Beta (GO:0035456),3.798201697387427e-05,0.002911954634663694,0,0,19.405241935483872,197.51427081124987,IFITM1;PLSCR1;STAT1;IRF1;XAF1
DR 23-,GO_Biological_Process_2023,Type II Interferon-Mediated Signaling Pathway (GO:0060333),0.00014046595547254157,0.009692150927605368,0,0,90.5625,803.3387685442596,STAT1;IRF1;JAK2
DR 23-,GO_Biological_Process_2023,Interferon-Mediated Signaling Pathway (GO:0140888),0.0002077645622066726,0.013032504356600373,0,0,20.391534391534393,172.90196186594517,IFITM1;STAT1;IRF1;JAK2
DR 23-,GO_Biological_Process_2023,Negative Regulation Of Viral Process (GO:0048525),0.000764810426896848,0.04397659954656876,0,0,8.579749103942651,61.56727198839708,ISG20;IFITM1;PLSCR1;STAT1;MX1
DR 23-,GO_Biological_Process_2023,Defense Response To Gram-positive Bacterium (GO:0050830),0.0008945324191079857,0.04558729834719175,0,0,12.209523809523809,85.70120445154313,DEFB1;GBP2;GBP4;HLA-E
DR 23-,GO_Biological_Process_2023,Positive Regulation Of Natural Killer Cell Proliferation (GO:0032819),0.0011060285894515865,0.04558729834719175,0,0,inf,inf,JAK2;HLA-E
DR 23-,GO_Biological_Process_2023,Protection From Natural Killer Cell Mediated Cytotoxicity (GO:0042270),0.0011060285894515865,0.04558729834719175,0,0,inf,inf,HLA-B;HLA-E
DR 23-,GO_Biological_Process_2023,Regulation Of Type II Interferon-Mediated Signaling Pathway (GO:0060334),0.0011060285894515865,0.04558729834719175,0,0,inf,inf,NLRC5;PARP14
DR 23-,GO_Biological_Process_2023,Protein Ubiquitination (GO:0016567),0.0011462889680813647,0.04558729834719175,0,0,7.713709677419355,52.23126796683365,UBD;UBE2L6;TRIM22;HERC6;TNFSF13B
DR 23-,GO_Biological_Process_2023,Modification-Dependent Protein Catabolic Process (GO:0019941),0.0011892338699267414,0.04558729834719175,0,0,11.093795093795094,74.71056383864341,UBD;UBE2L6;HERC6;TNFSF13B
DR 25-,GO_Biological_Process_2023,Mitotic Spindle Organization (GO:0007052),3.639232504944528e-09,1.5248384195717573e-06,0,0,20.646551724137932,401.19332587610654,TPX2;GPSM2;CCNB1;CENPH;KIF4A;STMN1;NUF2;BIRC5;DLGAP5;MZT1
DR 25-,GO_Biological_Process_2023,Kinetochore Organization (GO:0051383),3.928112231698346e-08,4.124435891072964e-06,0,0,inf,inf,CENPF;CENPW;CENPH;NUF2;DLGAP5
DR 25-,GO_Biological_Process_2023,Mitotic Cytokinesis (GO:0000281),3.9374089652247865e-08,4.124435891072964e-06,0,0,25.626666666666665,436.9387120925433,RACGAP1;KIF4A;STMN1;BIRC5;KIF20A;ECT2;CENPA;CEP55
DR 25-,GO_Biological_Process_2023,Cytoskeleton-Dependent Cytokinesis (GO:0061640),3.9374089652247865e-08,4.124435891072964e-06,0,0,25.626666666666665,436.9387120925433,RACGAP1;KIF4A;STMN1;BIRC5;KIF20A;ECT2;CENPA;CEP55
DR 25-,GO_Biological_Process_2023,Microtubule Cytoskeleton Organization Involved In Mitosis (GO:1902850),2.581104690728804e-07,2.1629657308307375e-05,0,0,18.266666666666666,277.1031078864152,GPSM2;CCNB1;CENPH;KIF4A;NUF2;STMN1;BIRC5;DLGAP5
DR 25-,GO_Biological_Process_2023,Spindle Assembly Checkpoint Signaling (GO:0071173),1.7621206745994046e-06,8.203650696190561e-05,0,0,26.612903225806452,352.59415645305137,CDC20;CENPF;NUF2;TRIP13;BUB1;MAD2L1
DR 25-,GO_Biological_Process_2023,Negative Regulation Of Mitotic Metaphase/Anaphase Transition (GO:0045841),1.7621206745994046e-06,8.203650696190561e-05,0,0,26.612903225806452,352.59415645305137,CDC20;CENPF;NUF2;TRIP13;BUB1;MAD2L1
DR 25-,GO_Biological_Process_2023,Mitotic Spindle Assembly Checkpoint Signaling (GO:0007094),1.7621206745994046e-06,8.203650696190561e-05,0,0,26.612903225806452,352.59415645305137,CDC20;CENPF;NUF2;TRIP13;BUB1;MAD2L1
DR 25-,GO_Biological_Process_2023,Mitotic Spindle Checkpoint Signaling (GO:0071174),1.7621206745994046e-06,8.203650696190561e-05,0,0,26.612903225806452,352.59415645305137,CDC20;CENPF;NUF2;TRIP13;BUB1;MAD2L1
DR 25-,GO_Biological_Process_2023,Mitotic Sister Chromatid Segregation (GO:0000070),3.313505279463251e-05,0.0013557172299571078,0,0,9.96274217585693,102.76487695890383,TPX2;CCNB1;SMC4;CEP55;DLGAP5;MZT1;SMC2
DR 25-,GO_Biological_Process_2023,Regulation Of Chromosome Segregation (GO:0051983),3.966775991914457e-05,0.0013557172299571078,0,0,40.1875,407.29917892772386,MKI67;SMC4;BUB1;SMC2
DR 25-,GO_Biological_Process_2023,Mitotic Spindle Assembly (GO:0090307),4.085663545977449e-05,0.0013557172299571078,0,0,19.08730158730159,192.8856060539683,TPX2;RACGAP1;KIF4A;BIRC5;MZT1
DR 25-,GO_Biological_Process_2023,Positive Regulation Of Cell Cycle Process (GO:0090068),4.206282575045919e-05,0.0013557172299571078,0,0,9.524590163934427,95.97306796349869,GPSM2;RACGAP1;BIRC5;ECT2;SMC4;MAD2L1;SMC2
DR 25-,GO_Biological_Process_2023,Non-Membrane-Bounded Organelle Assembly (GO:0140694),0.00013559045229343642,0.0038467475158540897,0,0,24.0875,214.52018206268357,CENPF;CENPW;CENPA;DLGAP5
DR 25-,GO_Biological_Process_2023,Kinetochore Assembly (GO:0051382),0.00014689250657199388,0.0038467475158540897,0,0,89.12307692307692,786.5832977726202,CENPF;CENPW;DLGAP5
DR 25-,GO_Biological_Process_2023,Centromere Complex Assembly (GO:0034508),0.00014689250657199388,0.0038467475158540897,0,0,89.12307692307692,786.5832977726202,CENPF;CENPW;DLGAP5
DR 25-,GO_Biological_Process_2023,Establishment Of Mitotic Spindle Orientation (GO:0000132),0.00035828039911430133,0.007148547010899632,0,0,44.53846153846154,353.3768228294437,GPSM2;CENPA;MAD2L1
DR 25-,GO_Biological_Process_2023,Establishment Of Spindle Orientation (GO:0051294),0.00035828039911430133,0.007148547010899632,0,0,44.53846153846154,353.3768228294437,GPSM2;CENPA;MAD2L1
DR 25-,GO_Biological_Process_2023,Regulation Of Ubiquitin Protein Ligase Activity (GO:1904666),0.00035828039911430133,0.007148547010899632,0,0,44.53846153846154,353.3768228294437,CDC20;UBE2S;MAD2L1
DR 25-,GO_Biological_Process_2023,Regulation Of Attachment Of Spindle Microtubules To Kinetochore (GO:0051988),0.00035828039911430133,0.007148547010899632,0,0,44.53846153846154,353.3768228294437,CCNB1;RACGAP1;ECT2
DR 25-,GO_Biological_Process_2023,Positive Regulation Of Chromosome Segregation (GO:0051984),0.00035828039911430133,0.007148547010899632,0,0,44.53846153846154,353.3768228294437,CCNB1;SMC4;SMC2
DR 25-,GO_Biological_Process_2023,Regulation Of Cell Cycle Process (GO:0010564),0.0006583431090556436,0.012538443758832485,0,0,8.940242763772176,65.49429025770385,RACGAP1;KIF20A;MKI67;ECT2;BUB1
DR 25-,GO_Biological_Process_2023,Establishment Of Mitotic Spindle Localization (GO:0040001),0.0006991162998395033,0.012736075201423995,0,0,29.676923076923078,215.62342559407745,GPSM2;CENPA;MAD2L1
DR 25-,GO_Biological_Process_2023,Negative Regulation Of Ubiquitin-Protein Transferase Activity (GO:0051444),0.0011395448276595216,0.017246994453450095,0,0,inf,inf,CDC20;MAD2L1
DR 25-,GO_Biological_Process_2023,Regulation Of Mitotic Metaphase/Anaphase Transition (GO:0030071),0.0011937060600239922,0.017246994453450095,0,0,22.246153846153845,149.7320202945303,CDC20;CCNB1;DLGAP5
DR 25-,GO_Biological_Process_2023,protein-DNA Complex Organization (GO:0071824),0.0011937060600239922,0.017246994453450095,0,0,22.246153846153845,149.7320202945303,HMGB2;MTA2;PHF19
DR 25-,GO_Biological_Process_2023,Mitotic Spindle Elongation (GO:0000022),0.0011937060600239922,0.017246994453450095,0,0,22.246153846153845,149.7320202945303,RACGAP1;KIF4A;BIRC5
DR 25-,GO_Biological_Process_2023,Mitotic Spindle Midzone Assembly (GO:0051256),0.0011937060600239922,0.017246994453450095,0,0,22.246153846153845,149.7320202945303,RACGAP1;KIF4A;BIRC5
DR 25-,GO_Biological_Process_2023,Positive Regulation Of Chromosome Separation (GO:1905820),0.0011937060600239922,0.017246994453450095,0,0,22.246153846153845,149.7320202945303,BIRC5;SMC4;SMC2
DR 25-,GO_Biological_Process_2023,Regulation Of Mitotic Cell Cycle (GO:0007346),0.0014792696221749403,0.020660465723043333,0,0,7.222222222222222,47.061493638950814,CDC20;CCNB1;MKI67;DLGAP5;MAD2L1
DR 25-,GO_Biological_Process_2023,Positive Regulation Of Mitotic Sister Chromatid Separation (GO:1901970),0.0018635505282290237,0.023661444585695787,0,0,17.787692307692307,111.80047950956322,CDC20;BIRC5;DLGAP5
DR 25-,GO_Biological_Process_2023,Regulation Of Mitotic Cell Cycle Spindle Assembly Checkpoint (GO:0090266),0.0018635505282290237,0.023661444585695787,0,0,17.787692307692307,111.80047950956322,CCNB1;BIRC5;MAD2L1
DR 25-,GO_Biological_Process_2023,Membrane Organization (GO:0061024),0.0018635505282290237,0.023661444585695787,0,0,17.787692307692307,111.80047950956322,KIF20A;CEP55;LMNB1
DR 25-,GO_Biological_Process_2023,Positive Regulation Of Cytokinesis (GO:0032467),0.0027275350054210036,0.033612857860923544,0,0,14.815384615384616,87.47531995173294,RACGAP1;BIRC5;ECT2
DR 25-,GO_Biological_Process_2023,Regulation Of Chromosome Condensation (GO:0060623),0.0033433691674158933,0.03416760197920144,0,0,58.515151515151516,333.581785885994,SMC4;SMC2
DR 25-,GO_Biological_Process_2023,DNA Conformation Change (GO:0071103),0.0033433691674158933,0.03416760197920144,0,0,58.515151515151516,333.581785885994,HMGB2;HMGB3
DR 25-,GO_Biological_Process_2023,Negative Regulation Of Transferase Activity (GO:0051348),0.0033433691674158933,0.03416760197920144,0,0,58.515151515151516,333.581785885994,CDC20;MAD2L1
DR 25-,GO_Biological_Process_2023,Regulation Of Microtubule Polymerization Or Depolymerization (GO:0031110),0.0033433691674158933,0.03416760197920144,0,0,58.515151515151516,333.581785885994,STMN1;SKA2
DR 25-,GO_Biological_Process_2023,Anaphase-Promoting Complex-Dependent Catabolic Process (GO:0031145),0.0033433691674158933,0.03416760197920144,0,0,58.515151515151516,333.581785885994,CDC20;UBE2S
DR 25-,GO_Biological_Process_2023,Regulation Of Stem Cell Proliferation (GO:0072091),0.0033433691674158933,0.03416760197920144,0,0,58.515151515151516,333.581785885994,HMGB2;FBLN1
DR 25-,GO_Biological_Process_2023,Positive Regulation Of Chromosome Condensation (GO:1905821),0.0033433691674158933,0.03416760197920144,0,0,58.515151515151516,333.581785885994,SMC4;SMC2
DR 25-,GO_Biological_Process_2023,Chromosome Organization (GO:0051276),0.003802108468382068,0.03793055829171635,0,0,12.692307692307692,70.72407065342215,CENPW;CENPH;NUF2
DR 25-,GO_Biological_Process_2023,Mitotic Cell Cycle Phase Transition (GO:0044772),0.003925820750236214,0.03825392777555753,0,0,7.484375,41.464783499485925,CCNB2;CCNB1;UBE2S;CDKN3
DR 25-,GO_Biological_Process_2023,Regulation Of Cyclin-Dependent Protein Kinase Activity (GO:1904029),0.0051014530470554,0.048579746061732106,0,0,11.1,58.5883515419485,CCNB2;CCNB1;CDKN3
DR 26-,GO_Biological_Process_2023,Intermediate Filament Organization (GO:0045109),5.3079623516446326e-11,4.172058408392681e-08,0,0,52.666666666666664,1246.0526746270045,KRT81;KRT80;KRT17;KRT16;KRT14;KRT23;KRT5;VIM;KRT86;KRT6B
DR 26-,GO_Biological_Process_2023,Supramolecular Fiber Organization (GO:0097435),1.3035452799231175e-09,5.122932950097851e-07,0,0,8.845334827682825,180.95943566550065,KRT81;KRT80;GSN;TPM2;TPM1;KRT23;KRT5;KRT86;CNN2;CNN1;KRT17;KRT16;KRT14;MYH11;VIM;MYL9;KRT6B
DR 26-,GO_Biological_Process_2023,Actin Filament Organization (GO:0007015),9.557318918340284e-07,0.0002504017556605154,0,0,12.428571428571429,172.26979882367422,CNN2;CNN1;ACTA1;GSN;TPM2;TPM1;PLS3;FLNA;CAPG
DR 26-,GO_Biological_Process_2023,Actomyosin Structure Organization (GO:0031032),2.4059653434271885e-06,0.00047277218998344254,0,0,30.25531914893617,391.42998698352,PDLIM1;CSRP2;CSRP1;TPM1;MYH11;MYL9
DR 26-,GO_Biological_Process_2023,Regulation Of Muscle Contraction (GO:0006937),2.836112005424511e-05,0.004458368072527331,0,0,79.125,828.4776290914322,CNN1;CAV1;TPM1;MYL9
DR 26-,GO_Biological_Process_2023,Muscle Contraction (GO:0006936),5.841428530078328e-05,0.00765227137440261,0,0,19.94736842105263,194.44595172999095,TPM2;TPM1;MYH11;CRYAB;MYLK
DR 26-,GO_Biological_Process_2023,Platelet Aggregation (GO:0070527),0.00018357501735262067,0.016032218182128872,0,0,26.34722222222222,226.6621797598714,CSRP1;HSPB1;FLNA;MYL9
DR 26-,GO_Biological_Process_2023,Homotypic Cell-Cell Adhesion (GO:0034109),0.00018357501735262067,0.016032218182128872,0,0,26.34722222222222,226.6621797598714,CSRP1;HSPB1;FLNA;MYL9
DR 26-,GO_Biological_Process_2023,Myofibril Assembly (GO:0030239),0.00018357501735262067,0.016032218182128872,0,0,26.34722222222222,226.6621797598714,CSRP2;CSRP1;TPM1;MYL9
DR 26-,GO_Biological_Process_2023,Regulation Of Potassium Ion Transmembrane Transport (GO:1901379),0.00046811653426905627,0.03679395959354782,0,0,58.7319587628866,450.2857872458315,CAV1;FHL1;FLNA
DR 28+,GO_Biological_Process_2023,Atrioventricular Valve Morphogenesis (GO:0003181),8.242212170469402e-05,0.040175183035406806,0,0,inf,inf,EFNA1;TGFB2;SOX4
DR 28+,GO_Biological_Process_2023,Positive Regulation Of Response To Wounding (GO:1903036),0.0002141841103981132,0.040175183035406806,0,0,22.714285714285715,191.90560840459545,CLDN4;ANXA1;CLDN3;CLDN1
DR 28+,GO_Biological_Process_2023,Intermediate Filament Organization (GO:0045109),0.000215328280623263,0.040175183035406806,0,0,12.737617135207497,107.54811897655112,KRT81;KRT80;KRT15;KRT23;KRT6B
DR 28+,GO_Biological_Process_2023,Regulation Of Wound Healing (GO:0061041),0.00031185937572689897,0.040175183035406806,0,0,11.457831325301205,92.49859324390991,CLDN4;ANXA1;CLDN3;TNFRSF12A;CLDN1
DR 28+,GO_Biological_Process_2023,Cholesterol Biosynthetic Process (GO:0006695),0.00031916729323063994,0.040175183035406806,0,0,67.44705882352942,542.9350078394507,HMGCS1;INSIG1;MSMO1
DR 28+,GO_Biological_Process_2023,Renal Absorption (GO:0070293),0.00031916729323063994,0.040175183035406806,0,0,67.44705882352942,542.9350078394507,CLDN4;GSN;SGK1
DR 28+,GO_Biological_Process_2023,Secondary Alcohol Biosynthetic Process (GO:1902653),0.00031916729323063994,0.040175183035406806,0,0,67.44705882352942,542.9350078394507,HMGCS1;INSIG1;MSMO1
DR 28+,GO_Biological_Process_2023,Sterol Biosynthetic Process (GO:0016126),0.00031916729323063994,0.040175183035406806,0,0,67.44705882352942,542.9350078394507,HMGCS1;INSIG1;MSMO1
DR 28+,GO_Biological_Process_2023,Cellular Response To Reactive Oxygen Species (GO:0034614),0.0004379889154299117,0.049006093093102346,0,0,10.410733844468783,80.50950455493968,EDN1;JUN;ANXA1;TPM1;RHOB
DR 29+,GO_Biological_Process_2023,Fatty Acid Transport (GO:0015908),0.00019677242252160254,0.004525765717996858,0,0,198.6,1694.7456947280346,FABP3;CRABP1
DR 29+,GO_Biological_Process_2023,Lipid Transport (GO:0006869),0.0004041168288830134,0.004647343532154654,0,0,132.06666666666666,1031.9433839014505,FABP3;CRABP1
DR 29+,GO_Biological_Process_2023,Positive Regulation Of Phospholipid Biosynthetic Process (GO:0071073),0.001999963168059245,0.015310137008115397,0,0,inf,inf,FABP3
DR 29+,GO_Biological_Process_2023,Phospholipid Homeostasis (GO:0055091),0.003996940175559315,0.015310137008115397,0,0,665.0,3672.2804008559224,FABP3
DR 29+,GO_Biological_Process_2023,Positive Regulation Of Lipid Biosynthetic Process (GO:0046889),0.005990923177088634,0.015310137008115397,0,0,332.3333333333333,1700.719076579553,FABP3
DR 29+,GO_Biological_Process_2023,Sequestering Of Actin Monomers (GO:0042989),0.005990923177088634,0.015310137008115397,0,0,332.3333333333333,1700.719076579553,TMSB15A
DR 29+,GO_Biological_Process_2023,Intracellular Lipid Transport (GO:0032365),0.005990923177088634,0.015310137008115397,0,0,332.3333333333333,1700.719076579553,FABP3
DR 29+,GO_Biological_Process_2023,Regulation Of Fatty Acid Metabolic Process (GO:0019217),0.005990923177088634,0.015310137008115397,0,0,332.3333333333333,1700.719076579553,FABP3
DR 29+,GO_Biological_Process_2023,Regulation Of Fatty Acid Oxidation (GO:0046320),0.005990923177088634,0.015310137008115397,0,0,332.3333333333333,1700.719076579553,FABP3
DR 29+,GO_Biological_Process_2023,Negative Regulation Of Actin Filament Polymerization (GO:0030837),0.00798191329112281,0.01835840056958246,0,0,221.44444444444446,1069.7044701093293,TMSB15A
DR 29+,GO_Biological_Process_2023,Sterol Homeostasis (GO:0055092),0.015915992842750006,0.026147702527375007,0,0,94.71428571428571,392.1579491912344,FABP3
DR 29+,GO_Biological_Process_2023,Cholesterol Homeostasis (GO:0042632),0.015915992842750006,0.026147702527375007,0,0,94.71428571428571,392.1579491912344,FABP3
DR 29+,GO_Biological_Process_2023,Long-Chain Fatty Acid Transport (GO:0015909),0.015915992842750006,0.026147702527375007,0,0,94.71428571428571,392.1579491912344,FABP3
DR 29+,GO_Biological_Process_2023,Mononuclear Cell Differentiation (GO:1903131),0.015915992842750006,0.026147702527375007,0,0,94.71428571428571,392.1579491912344,LY6D
DR 29+,GO_Biological_Process_2023,Monocarboxylic Acid Transport (GO:0015718),0.021835255002465536,0.033480724337113826,0,0,66.2,253.16398717383677,CRABP1
DR 29+,GO_Biological_Process_2023,Lymphocyte Differentiation (GO:0030098),0.027727777558243148,0.03985868023997453,0,0,50.84615384615385,182.29976120459048,LY6D
DR 29-,GO_Biological_Process_2023,Cytokine-Mediated Signaling Pathway (GO:0019221),2.150203780525659e-06,0.0007812107344396612,0,0,6.28051948051948,81.96045224862189,CXCL8;CCL20;EBI3;CXCL1;TRAF1;CXCL3;CXCL2;TNF;NFKBIA;IL6;CLCF1;CCL2;BIRC3
DR 29-,GO_Biological_Process_2023,Inflammatory Response (GO:0006954),2.5400087667642034e-06,0.0007812107344396612,0,0,5.6798245614035086,73.17512814898188,SERPINA3;CD40;CXCL8;VCAM1;TNFAIP6;CCL20;CXCL1;CXCL3;CXCL2;TNF;SELE;IL6;ELF3;CCL2
DR 29-,GO_Biological_Process_2023,Positive Regulation Of Extrinsic Apoptotic Signaling Pathway (GO:2001238),2.712922646954534e-06,0.0007812107344396612,0,0,27.214285714285715,348.8186727127798,TNFRSF12A;TNFSF10;PMAIP1;G0S2;INHBA;TNF
DR 29-,GO_Biological_Process_2023,Regulation Of Transcription By RNA Polymerase II (GO:0006357),2.72198862174098e-06,0.0007812107344396612,0,0,3.8237268061587053,48.997800570386474,EDN1;CD40;CEBPD;LIF;INHBA;SOD2;KLF4;TNF;DKK1;FSTL3;NFKBIA;EFNA1;FOSL1;SPIB;SDCBP;IL6;ZFP36;ELF3;IRF1;NCOA7;IRF6;ATF3
DR 29-,GO_Biological_Process_2023,Cellular Response To Lipopolysaccharide (GO:0071222),3.4495878936956487e-06,0.0007920253803925209,0,0,8.401785714285714,105.6714079806626,IL6;ZFP36;CXCL8;PDE4B;TNFAIP3;CCL2;CXCL1;CXCL3;CXCL2;TNF
DR 29-,GO_Biological_Process_2023,Cellular Response To Molecule Of Bacterial Origin (GO:0071219),1.0513934649141921e-05,0.0020116661628691544,0,0,8.377777777777778,96.03286710752602,IL6;ZFP36;CXCL8;PDE4B;TNFAIP3;CCL2;CXCL1;CXCL3;CXCL2
DR 29-,GO_Biological_Process_2023,Cellular Response To Tumor Necrosis Factor (GO:0071356),1.751344314180322e-05,0.0028722046752557282,0,0,7.748971193415638,84.87093084400458,NFKBIA;ZFP36;CD40;CXCL8;CCL20;CCL2;TRAF1;TNF;BIRC3
DR 29-,GO_Biological_Process_2023,Neutrophil Chemotaxis (GO:0030593),2.2294705277277657e-05,0.0029371301203856945,0,0,7.468253968253968,79.99367317610186,EDN1;CXCL8;CCL20;PDE4B;SAA1;CCL2;CXCL1;CXCL3;CXCL2
DR 29-,GO_Biological_Process_2023,Response To Lipopolysaccharide (GO:0032496),2.699571780213367e-05,0.0029371301203856945,0,0,6.327702702702703,66.5663713049058,IL6;ZFP36;CXCL8;PDE4B;TNFAIP3;CCL2;CXCL1;CXCL3;CXCL2;SELE
DR 29-,GO_Biological_Process_2023,Neutrophil Migration (GO:1990266),2.8143232860838537e-05,0.0029371301203856945,0,0,7.206896551724138,75.51532959479269,EDN1;CXCL8;CCL20;PDE4B;SAA1;CCL2;CXCL1;CXCL3;CXCL2
DR 29-,GO_Biological_Process_2023,Granulocyte Chemotaxis (GO:0071621),2.8143232860838537e-05,0.0029371301203856945,0,0,7.206896551724138,75.51532959479269,EDN1;CXCL8;CCL20;PDE4B;SAA1;CCL2;CXCL1;CXCL3;CXCL2
DR 29-,GO_Biological_Process_2023,Response To Tumor Necrosis Factor (GO:0034612),4.1457622223450606e-05,0.003966112526043441,0,0,8.00424178154825,80.7695135634432,NFKBIA;ZFP36;CD40;CXCL8;CCL20;UBD;CCL2;SELE
DR 29-,GO_Biological_Process_2023,Positive Regulation Of Nitrogen Compound Metabolic Process (GO:0051173),5.375737584013652e-05,0.004603965600263574,0,0,44.372093023255815,436.22336327293266,NFKBIA;INHBA;KLF4;TNF
DR 29-,GO_Biological_Process_2023,Positive Regulation Of Transcription By RNA Polymerase II (GO:0045944),5.614592195443383e-05,0.004603965600263574,0,0,3.9075268817204303,38.24514015793343,EDN1;CD40;LIF;INHBA;KLF4;TNF;FSTL3;NFKBIA;SPIB;IL6;ELF3;IRF1;NCOA7;IRF6;ATF3
DR 29-,GO_Biological_Process_2023,Negative Regulation Of Lipid Localization (GO:1905953),8.823865237139691e-05,0.006753198194824244,0,0,inf,inf,NFKBIA;IL6;TNF
DR 29-,GO_Biological_Process_2023,Regulation Of Extrinsic Apoptotic Signaling Pathway (GO:2001236),0.00015973668236787716,0.011461106959895186,0,0,13.985294117647058,122.25921508518545,TNFRSF12A;TNFSF10;G0S2;TRAF1;TNF
DR 29-,GO_Biological_Process_2023,Regulation Of Endothelial Cell Apoptotic Process (GO:2000351),0.0002397042454194354,0.016187086690677168,0,0,12.42483660130719,103.57473885466472,CD40;TNFAIP3;CCL2;TNF;ICAM1
DR 29-,GO_Biological_Process_2023,Positive Regulation Of DNA-templated Transcription (GO:0045893),0.00028522334969611075,0.01704160001592307,0,0,3.1688081524147096,25.864566321009402,EDN1;CD40;LIF;INHBA;KLF4;TNF;FSTL3;NFKBIA;FOSL1;SPIB;IL6;ELF3;IRF1;NCOA7;IRF6;ATF3
DR 29-,GO_Biological_Process_2023,Regulation Of Inflammatory Response (GO:0050727),0.00031995407019067544,0.01704160001592307,0,0,4.466346153846154,35.942175253866324,NFKBIA;IL6;TNFAIP6;NFKBIZ;SAA1;TNFAIP3;KLF4;TNF;SELE;BIRC3
DR 29-,GO_Biological_Process_2023,Cellular Response To Lipid (GO:0071396),0.00032331609677020863,0.01704160001592307,0,0,4.941798941798941,39.7166455019583,IL6;ZFP36;CXCL8;PDE4B;TNFAIP3;CCL2;CXCL1;CXCL3;CXCL2
DR 29-,GO_Biological_Process_2023,Negative Regulation Of Lipid Storage (GO:0010888),0.00034142578429114165,0.01704160001592307,0,0,65.82758620689656,525.460822416594,NFKBIA;IL6;TNF
DR 29-,GO_Biological_Process_2023,Positive Regulation Of JUN Kinase Activity (GO:0043507),0.00034142578429114165,0.01704160001592307,0,0,65.82758620689656,525.460822416594,EDN1;TNF;DKK1
DR 29-,GO_Biological_Process_2023,Regulation Of Astrocyte Differentiation (GO:0048710),0.00034142578429114165,0.01704160001592307,0,0,65.82758620689656,525.460822416594,IL6;SERPINE2;CLCF1
DR 29-,GO_Biological_Process_2023,Positive Regulation Of Programmed Cell Death (GO:0043068),0.00037666695940010244,0.018017236224638234,0,0,4.8242894056847545,38.03541725460975,IL6;BCL2A1;GADD45B;TNFRSF12A;UBD;TNFSF10;PMAIP1;TNF;PHLDA1
DR 29-,GO_Biological_Process_2023,Positive Regulation Of Apoptotic Process (GO:0043065),0.0005820491654756455,0.02648632417637056,0,0,4.502415458937198,33.53829301313961,IL6;BCL2A1;GADD45B;TNFRSF12A;UBD;TNFSF10;PMAIP1;TNF;PHLDA1
DR 29-,GO_Biological_Process_2023,Chemokine-Mediated Signaling Pathway (GO:0070098),0.0006229361957857187,0.02648632417637056,0,0,7.109022556390977,52.472167946474805,CXCL8;CCL20;CCL2;CXCL1;CXCL3;CXCL2
DR 29-,GO_Biological_Process_2023,Positive Regulation Of Protein Metabolic Process (GO:0051247),0.0006229361957857187,0.02648632417637056,0,0,7.109022556390977,52.472167946474805,NFKBIA;IL6;TNFAIP3;INHBA;KLF4;TNF
DR 29-,GO_Biological_Process_2023,Positive Regulation Of Tyrosine Phosphorylation Of STAT Protein (GO:0042531),0.0006652515508504606,0.027275313584868885,0,0,9.303921568627452,68.0613990756743,CD40;IL6;CLCF1;LIF;TNF
DR 29-,GO_Biological_Process_2023,Cellular Response To Cytokine Stimulus (GO:0071345),0.0008753133668425817,0.03290988046533526,0,0,3.8541666666666665,27.136912320928243,NFKBIA;IL6;ZFP36;CD40;CXCL8;CCL20;IRF1;CLCF1;EBI3;CCL2
DR 29-,GO_Biological_Process_2023,Regulation Of Tyrosine Phosphorylation Of STAT Protein (GO:0042509),0.000888681441137102,0.03290988046533526,0,0,8.583710407239819,60.30718983697395,CD40;IL6;CLCF1;LIF;TNF
DR 29-,GO_Biological_Process_2023,Positive Regulation Of Apoptotic Signaling Pathway (GO:2001235),0.000888681441137102,0.03290988046533526,0,0,8.583710407239819,60.30718983697395,TNFRSF12A;TNFSF10;PMAIP1;G0S2;TNF
DR 29-,GO_Biological_Process_2023,Cellular Response To Chemokine (GO:1990869),0.0009679431562131527,0.0345517638052454,0,0,6.425170068027211,44.59284680946471,CXCL8;CCL20;CCL2;CXCL1;CXCL3;CXCL2
DR 29-,GO_Biological_Process_2023,Regulation Of Protein Metabolic Process (GO:0051246),0.0009932127226246498,0.0345517638052454,0,0,12.644518272425248,87.43135227228484,NFKBIA;EDN1;INHBA;KLF4
DR 29-,GO_Biological_Process_2023,Tumor Necrosis Factor-Mediated Signaling Pathway (GO:0033209),0.001438871175720753,0.045781897542265804,0,0,11.05813953488372,72.36331925591996,NFKBIA;TRAF1;TNF;BIRC3
DR 29-,GO_Biological_Process_2023,Calcium-Mediated Signaling (GO:0019722),0.0014969533878383986,0.045781897542265804,0,0,7.431372549019608,48.33604970389271,EDN1;CXCL8;VCAM1;CCL20;SELE
DR 29-,GO_Biological_Process_2023,Regulation Of Receptor Internalization (GO:0002090),0.0015977115159614046,0.045781897542265804,0,0,21.919540229885058,141.14393029264414,SDCBP;DKK1;SELE
DR 29-,GO_Biological_Process_2023,Response To Glucocorticoid (GO:0051384),0.0015977115159614046,0.045781897542265804,0,0,21.919540229885058,141.14393029264414,ZFP36;IL6;TNF
DR 29-,GO_Biological_Process_2023,Leukocyte Tethering Or Rolling (GO:0050901),0.0015977115159614046,0.045781897542265804,0,0,21.919540229885058,141.14393029264414,VCAM1;SELE;TNF
DR 29-,GO_Biological_Process_2023,Regulation Of JUN Kinase Activity (GO:0043506),0.0015977115159614046,0.045781897542265804,0,0,21.919540229885058,141.14393029264414,EDN1;TNF;DKK1
DR 29-,GO_Biological_Process_2023,Negative Regulation Of Signal Transduction (GO:0009968),0.001635067769366636,0.045781897542265804,0,0,4.7970062066447605,30.777932535617037,CXCL8;TCIM;TNFAIP3;SULF1;TNF;DKK1;FSTL3
DR 29-,GO_Biological_Process_2023,Regulation Of I-kappaB kinase/NF-kappaB Signaling (GO:0043122),0.001635067769366636,0.045781897542265804,0,0,4.7970062066447605,30.777932535617037,CD40;UBD;TNFSF10;TNFAIP3;TRAF1;TNF;BIRC3
DR 29-,GO_Biological_Process_2023,Cellular Response To Oxygen-Containing Compound (GO:1901701),0.001802360997741303,0.04926453393826228,0,0,3.7474747474747474,23.67901057397541,IL6;ZFP36;CXCL8;PDE4B;TNFAIP3;CCL2;CXCL1;CXCL3;CXCL2
DR 29-,GO_Biological_Process_2023,I-kappaB kinase/NF-kappaB Signaling (GO:0007249),0.0020034648751822187,0.04999951471106928,0,0,inf,inf,NFKBIA;BIRC3
DR 29-,GO_Biological_Process_2023,Regulation Of Response To Wounding (GO:1903034),0.0020034648751822187,0.04999951471106928,0,0,inf,inf,TNFRSF12A;PLAU
DR 29-,GO_Biological_Process_2023,Positive Regulation Of Gliogenesis (GO:0014015),0.0020034648751822187,0.04999951471106928,0,0,inf,inf,IL6;TNF
DR 29-,GO_Biological_Process_2023,Regulation Of Alpha-Beta T Cell Proliferation (GO:0046640),0.0020034648751822187,0.04999951471106928,0,0,inf,inf,IRF1;EBI3
DR 30+,GO_Biological_Process_2023,Mucosal Immune Response (GO:0002385),2.8371369412893165e-07,0.00029080653648215493,0,0,inf,inf,PIGR;BPIFB1;DEFB1;CAMP;LTF
DR 30+,GO_Biological_Process_2023,Antibacterial Humoral Response (GO:0019731),1.6329848557674028e-06,0.0008369047385807939,0,0,20.35483870967742,271.23028200932396,SLPI;DEFB1;HLA-A;PI3;WFDC2;CAMP;LTF
DR 30+,GO_Biological_Process_2023,Innate Immune Response In Mucosa (GO:0002227),5.899112015048899e-06,0.0020155299384750406,0,0,inf,inf,BPIFB1;DEFB1;CAMP;LTF
DR 30+,GO_Biological_Process_2023,Defense Response To Bacterium (GO:0042742),8.708307562171639e-06,0.0022315038128064824,0,0,6.585874799357946,76.73356242654522,PYCARD;SLPI;PLA2G2A;DEFB1;PI3;HLA-A;S100A9;WFDC2;CAMP;S100A8;LTF
DR 30+,GO_Biological_Process_2023,Negative Regulation Of Viral Life Cycle (GO:1903901),8.181450708587026e-05,0.01529260608410903,0,0,39.541666666666664,372.12883861533135,IFITM3;BST2;IFITM1;IFITM2
DR 30+,GO_Biological_Process_2023,Antimicrobial Humoral Response (GO:0019730),8.951769415088212e-05,0.01529260608410903,0,0,7.09640831758034,66.14614885219311,SLPI;DEFB1;HLA-A;PI3;S100A9;WFDC2;CAMP;LTF
DR 30+,GO_Biological_Process_2023,Regulation Of Apoptotic Cell Clearance (GO:2000425),0.00012145241724754159,0.0177841039541043,0,0,inf,inf,C3;CCL2;TGM2
DR 30+,GO_Biological_Process_2023,Response To Interferon-Alpha (GO:0035455),0.00018357501735262067,0.023520549098304522,0,0,26.34722222222222,226.6621797598714,IFITM3;BST2;IFITM1;IFITM2
DR 30+,GO_Biological_Process_2023,Negative Regulation Of Endopeptidase Activity (GO:0010951),0.00021477368960561024,0.023648246859482785,0,0,9.265139116202946,78.25267648946107,SERPINA3;SERPINA1;SERPING1;TIMP1;SERPINA5;LTF
DR 30+,GO_Biological_Process_2023,Positive Regulation Of Cytokine Production (GO:0001819),0.00023071460350714912,0.023648246859482785,0,0,3.73972602739726,31.317696474572895,ORM1;CXCL17;HLA-A;ORM2;AGT;C3;PYCARD;MDK;SAA1;CHI3L1;CYP1B1;CD14;LGALS9
DR 30+,GO_Biological_Process_2023,Positive Regulation Of NF-kappaB Transcription Factor Activity (GO:0051092),0.0003150108321840704,0.027838908859332885,0,0,6.734767025089606,54.30177683274117,PYCARD;LGALS9;CLU;S100A9;AGT;S100A8;LTF
DR 30+,GO_Biological_Process_2023,Macrophage Chemotaxis (GO:0048246),0.0003530788440695878,0.027838908859332885,0,0,19.75,156.9891786404046,EDN2;CXCL17;SAA1;CCL2
DR 30+,GO_Biological_Process_2023,Macrophage Migration (GO:1905517),0.0003530788440695878,0.027838908859332885,0,0,19.75,156.9891786404046,EDN2;CXCL17;SAA1;CCL2
DR 30+,GO_Biological_Process_2023,Negative Regulation Of Viral Genome Replication (GO:0045071),0.0003957604671826692,0.028975319918731136,0,0,8.02127659574468,62.844307059300036,IFITM3;BST2;IFITM1;IFITM2;SLPI;LTF
DR 30+,GO_Biological_Process_2023,Regulation Of Viral Genome Replication (GO:0045069),0.0005223494276843021,0.03569387755842731,0,0,7.51595744680851,56.799396641341,IFITM3;BST2;IFITM1;IFITM2;SLPI;LTF
DR 30+,GO_Biological_Process_2023,Positive Regulation Of Intracellular Signal Transduction (GO:1902533),0.0005700313980853076,0.03651763643984002,0,0,3.355612317298141,25.06581702790926,AKR1C3;AKR1C2;S100B;AGT;PYCARD;BST2;TNFSF10;CHI3L1;LGALS9;S100A9;S100A8;LTF;TGM2
DR 30+,GO_Biological_Process_2023,Negative Regulation Of Viral Process (GO:0048525),0.000678385467444629,0.040902653184161454,0,0,7.07008760951189,51.581909092393126,IFITM3;BST2;IFITM1;IFITM2;SLPI;LTF
DR 30+,GO_Biological_Process_2023,Negative Regulation Of Cell Adhesion (GO:0007162),0.001082396678294696,0.041283891459095196,0,0,8.280701754385966,56.545414097797085,MUC1;MDK;PODXL;CYP1B1;RND1
DR 30+,GO_Biological_Process_2023,Positive Regulation Of Interleukin-1 Production (GO:0032732),0.001096748066407853,0.041283891459095196,0,0,6.319148936170213,43.06756419019197,PYCARD;ORM1;SAA1;PYDC1;LGALS9;ORM2
DR 30+,GO_Biological_Process_2023,Regulation Of Interleukin-1 Production (GO:0032652),0.0011277550837606493,0.041283891459095196,0,0,29.350515463917525,199.217394861114,ORM1;SAA1;ORM2
DR 30+,GO_Biological_Process_2023,Negative Regulation Of Viral Entry Into Host Cell (GO:0046597),0.0011277550837606493,0.041283891459095196,0,0,29.350515463917525,199.217394861114,IFITM3;IFITM1;IFITM2
DR 30+,GO_Biological_Process_2023,Antigen Processing And Presentation Of Endogenous Peptide Antigen Via MHC Class I Via ER Pathway (GO:0002484),0.0011277550837606493,0.041283891459095196,0,0,29.350515463917525,199.217394861114,HLA-B;HLA-C;HLA-A
DR 30+,GO_Biological_Process_2023,"Antigen Processing And Presentation Of Endogenous Peptide Antigen Via MHC Class I Via ER Pathway, TAP-independent (GO:0002486)",0.0011277550837606493,0.041283891459095196,0,0,29.350515463917525,199.217394861114,HLA-B;HLA-C;HLA-A
DR 30+,GO_Biological_Process_2023,Antigen Processing And Presentation Of Endogenous Peptide Antigen Via MHC Class Ib (GO:0002476),0.0011277550837606493,0.041283891459095196,0,0,29.350515463917525,199.217394861114,HLA-B;HLA-C;HLA-A
DR 30+,GO_Biological_Process_2023,Antigen Processing And Presentation Of Peptide Antigen Via MHC Class Ib (GO:0002428),0.0011277550837606493,0.041283891459095196,0,0,29.350515463917525,199.217394861114,HLA-B;HLA-C;HLA-A
DR 30+,GO_Biological_Process_2023,Type I Interferon-Mediated Signaling Pathway (GO:0060337),0.0011277550837606493,0.041283891459095196,0,0,29.350515463917525,199.217394861114,IFITM3;IFITM1;IFITM2
DR 30+,GO_Biological_Process_2023,Leukocyte Aggregation (GO:0070486),0.0011277550837606493,0.041283891459095196,0,0,29.350515463917525,199.217394861114,S100A9;CD44;S100A8
DR 30+,GO_Biological_Process_2023,Negative Regulation Of Catalytic Activity (GO:0043086),0.0011277550837606493,0.041283891459095196,0,0,29.350515463917525,199.217394861114,HP;TIMP1;SERPINA5
DR 30+,GO_Biological_Process_2023,Regulation Of Tumor Necrosis Factor Production (GO:0032680),0.0013392222949848618,0.04733458111584425,0,0,5.032258064516129,33.291739639332306,PYCARD;ORM1;CD14;LGALS9;CLU;ORM2;LTF
DR 30+,GO_Biological_Process_2023,Regulation Of Endopeptidase Activity (GO:0052548),0.001439820148952626,0.04896313560569042,0,0,7.6396761133603235,49.988211945862055,SERPINA3;SERPINA1;SERPING1;TIMP1;SERPINA5
DR 30+,GO_Biological_Process_2023,Regulation Of Viral Entry Into Host Cell (GO:0046596),0.0014808362963672226,0.04896313560569042,0,0,11.267857142857142,73.41176014759877,IFITM3;IFITM1;IFITM2;LGALS9
DR 31-,GO_Biological_Process_2023,Antigen Processing And Presentation Of Endogenous Peptide Antigen (GO:0002483),1.1771040429003062e-11,1.1771040429003062e-09,0,0,1105.0,27807.743576073386,HLA-B;HLA-C;TAP1;HLA-A;HLA-F
DR 31-,GO_Biological_Process_2023,Antigen Processing And Presentation Of Endogenous Peptide Antigen Via MHC Class I Via ER Pathway (GO:0002484),5.256195966152172e-10,1.0512391932304344e-08,0,0,1991.0,42540.58874006873,HLA-B;HLA-C;HLA-A;HLA-F
DR 31-,GO_Biological_Process_2023,"Antigen Processing And Presentation Of Endogenous Peptide Antigen Via MHC Class I Via ER Pathway, TAP-independent (GO:0002486)",5.256195966152172e-10,1.0512391932304344e-08,0,0,1991.0,42540.58874006873,HLA-B;HLA-C;HLA-A;HLA-F
DR 31-,GO_Biological_Process_2023,Antigen Processing And Presentation Of Endogenous Peptide Antigen Via MHC Class Ib (GO:0002476),5.256195966152172e-10,1.0512391932304344e-08,0,0,1991.0,42540.58874006873,HLA-B;HLA-C;HLA-A;HLA-F
DR 31-,GO_Biological_Process_2023,Antigen Processing And Presentation Of Peptide Antigen Via MHC Class Ib (GO:0002428),5.256195966152172e-10,1.0512391932304344e-08,0,0,1991.0,42540.58874006873,HLA-B;HLA-C;HLA-A;HLA-F
DR 31-,GO_Biological_Process_2023,Positive Regulation Of T Cell Mediated Cytotoxicity (GO:0001916),1.3161597817894438e-08,2.1935996363157397e-07,0,0,397.4,7211.205498964733,HLA-B;HLA-C;HLA-A;HLA-F
DR 31-,GO_Biological_Process_2023,Positive Regulation Of T Cell Mediated Immunity (GO:0002711),3.436075206724876e-08,4.908678866749822e-07,0,0,283.57142857142856,4873.5580630878185,HLA-B;HLA-C;HLA-A;HLA-F
DR 31-,GO_Biological_Process_2023,Regulation Of T Cell Mediated Cytotoxicity (GO:0001914),1.0372752614816514e-07,1.152528068312946e-06,0,0,198.2,3187.3529663777663,HLA-B;HLA-C;HLA-A;HLA-F
DR 31-,GO_Biological_Process_2023,Positive Regulation Of Leukocyte Mediated Cytotoxicity (GO:0001912),1.0372752614816514e-07,1.152528068312946e-06,0,0,198.2,3187.3529663777663,HLA-B;HLA-C;HLA-A;HLA-F
DR 31-,GO_Biological_Process_2023,Negative Regulation Of Natural Killer Cell Mediated Cytotoxicity (GO:0045953),1.4610498288813075e-06,1.4610498288813074e-05,0,0,298.2,4006.721156354469,HLA-B;HLA-A;HLA-F
DR 31-,GO_Biological_Process_2023,Antigen Processing And Presentation Of Endogenous Peptide Antigen Via MHC Class I (GO:0019885),1.4006169293039608e-05,0.00012732881175490555,0,0,inf,inf,TAP1;HLA-A
DR 31-,GO_Biological_Process_2023,Regulation Of T Cell Cytokine Production (GO:0002724),8.370230051623418e-05,0.0005978735751159584,0,0,331.6666666666667,3113.767625036319,HLA-A;HLA-F
DR 31-,GO_Biological_Process_2023,Detection Of Bacterium (GO:0016045),8.370230051623418e-05,0.0005978735751159584,0,0,331.6666666666667,3113.767625036319,HLA-B;HLA-A
DR 31-,GO_Biological_Process_2023,Antigen Processing And Presentation Of Peptide Antigen Via MHC Class I (GO:0002474),8.370230051623418e-05,0.0005978735751159584,0,0,331.6666666666667,3113.767625036319,TAP1;HLA-A
DR 31-,GO_Biological_Process_2023,Positive Regulation Of Cytokine Production Involved In Immune Response (GO:0002720),0.000387495563114528,0.0025833037540968534,0,0,110.33333333333333,866.7572795720672,HLA-A;HLA-F
DR 31-,GO_Biological_Process_2023,Antigen Processing And Presentation Of Exogenous Peptide Antigen (GO:0002478),0.002314852053559043,0.014467825334744019,0,0,38.72549019607843,235.00213264590394,HLA-A;HLA-F
DR 31-,GO_Biological_Process_2023,Peptide Transport (GO:0015833),0.0039999418516560555,0.022221899175866974,0,0,inf,inf,TAP1
DR 31-,GO_Biological_Process_2023,Regulation Of T Cell Tolerance Induction (GO:0002664),0.0039999418516560555,0.022221899175866974,0,0,inf,inf,HLA-B
DR 31-,GO_Biological_Process_2023,Protection From Natural Killer Cell Mediated Cytotoxicity (GO:0042270),0.007985903415155158,0.03327459756314649,0,0,284.42857142857144,1373.8120047267832,HLA-B
DR 31-,GO_Biological_Process_2023,Regulation Of ERBB Signaling Pathway (GO:1901184),0.007985903415155158,0.03327459756314649,0,0,284.42857142857144,1373.8120047267832,IFI6
DR 31-,GO_Biological_Process_2023,Positive Regulation Of Leukocyte Degranulation (GO:0043302),0.007985903415155158,0.03327459756314649,0,0,284.42857142857144,1373.8120047267832,HLA-F
DR 31-,GO_Biological_Process_2023,Antigen Processing And Presentation Of Exogenous Peptide Antigen Via MHC Class I (GO:0042590),0.007985903415155158,0.03327459756314649,0,0,284.42857142857144,1373.8120047267832,HLA-A
DR 31-,GO_Biological_Process_2023,Regulation Of Natural Killer Cell Cytokine Production (GO:0002727),0.007985903415155158,0.03327459756314649,0,0,284.42857142857144,1373.8120047267832,HLA-F
DR 31-,GO_Biological_Process_2023,Positive Regulation Of Natural Killer Cell Cytokine Production (GO:0002729),0.007985903415155158,0.03327459756314649,0,0,284.42857142857144,1373.8120047267832,HLA-F
DR 31-,GO_Biological_Process_2023,Negative Regulation Of T Cell Cytokine Production (GO:0002725),0.011957907513459116,0.04599195197484275,0,0,142.14285714285714,629.1758129029836,HLA-F
DR 31-,GO_Biological_Process_2023,T Cell Mediated Cytotoxicity (GO:0001913),0.011957907513459116,0.04599195197484275,0,0,142.14285714285714,629.1758129029836,HLA-A
DR 31-,GO_Biological_Process_2023,Defense Response To Symbiont (GO:0140546),0.013832406278802188,0.04823028134166668,0,0,14.422222222222222,61.73780026585568,BST2;IFI6
DR 31-,GO_Biological_Process_2023,Defense Response To Virus (GO:0051607),0.01498750825946087,0.04823028134166668,0,0,13.794326241134751,57.943594423140084,BST2;IFI6
DR 31-,GO_Biological_Process_2023,"Regulation Of CD8-positive, Alpha-Beta T Cell Activation (GO:2001185)",0.015915992842750006,0.04823028134166668,0,0,94.71428571428571,392.1579491912344,HLA-A
DR 31-,GO_Biological_Process_2023,Regulation Of Mitochondrial Depolarization (GO:0051900),0.015915992842750006,0.04823028134166668,0,0,94.71428571428571,392.1579491912344,IFI6
DR 31-,GO_Biological_Process_2023,Positive Regulation Of Natural Killer Cell Mediated Cytotoxicity (GO:0045954),0.015915992842750006,0.04823028134166668,0,0,94.71428571428571,392.1579491912344,HLA-F
DR 31-,GO_Biological_Process_2023,Positive Regulation Of Natural Killer Cell Mediated Immunity (GO:0002717),0.015915992842750006,0.04823028134166668,0,0,94.71428571428571,392.1579491912344,HLA-F
DR 31-,GO_Biological_Process_2023,T Cell Mediated Immunity (GO:0002456),0.015915992842750006,0.04823028134166668,0,0,94.71428571428571,392.1579491912344,HLA-A
DR 33+,GO_Biological_Process_2023,B Cell Receptor Signaling Pathway (GO:0050853),7.61495474212687e-09,1.3783068083249635e-06,0,0,21.0,392.55618767127316,IGHG3;IGHM;CD79A;IGHG4;IGHG1;IGHG2;IGKC;IGLC3;IGHA1;IGHA2
DR 33+,GO_Biological_Process_2023,Renal Filtration (GO:0097205),2.836112005424511e-05,0.0017111209099394552,0,0,79.125,828.4776290914322,IGHA1;IGHA2;IGKV3-20;JCHAIN
DR 33+,GO_Biological_Process_2023,Glomerular Filtration (GO:0003094),2.836112005424511e-05,0.0017111209099394552,0,0,79.125,828.4776290914322,IGHA1;IGHA2;IGKV3-20;JCHAIN
DR 33+,GO_Biological_Process_2023,Antigen Receptor-Mediated Signaling Pathway (GO:0050851),5.631103523817261e-05,0.0025480743445273108,0,0,5.753086419753086,56.29176464144639,IGHG3;IGHM;CD79A;IGHG4;IGHG1;IGHG2;IGKC;IGLC3;IGHA1;IGHA2
DR 33+,GO_Biological_Process_2023,Antibacterial Humoral Response (GO:0019731),0.0003950178597139277,0.014121515450449864,0,0,11.058479532163743,86.6606548833963,IGHM;IGHA1;IGHA2;IGKV3-20;JCHAIN
DR 33+,GO_Biological_Process_2023,Positive Regulation Of Respiratory Burst (GO:0060267),0.00046811653426905627,0.014121515450449864,0,0,58.7319587628866,450.2857872458315,IGHA1;IGHA2;JCHAIN
DR 33+,GO_Biological_Process_2023,Retina Homeostasis (GO:0001895),0.001082396678294696,0.02551545877008469,0,0,8.280701754385966,56.545414097797085,IGHG3;IGKC;IGHA1;IGHA2;JCHAIN
DR 33+,GO_Biological_Process_2023,Regulation Of Respiratory Burst (GO:0060263),0.0011277550837606493,0.02551545877008469,0,0,29.350515463917525,199.217394861114,IGHA1;IGHA2;JCHAIN
DR 34-,GO_Biological_Process_2023,Defense Response To Symbiont (GO:0140546),1.1564913443057392e-28,5.528028625781434e-26,0,0,74.43478260869566,4788.165656872953,IFITM3;IFITM1;RSAD2;STAT1;MX2;MX1;IFI6;ISG15;DDX60L;IFIT1;SAMHD1;DDX60;IFIT3;IFI44L;OASL;IFIT2;ISG20;BST2;PLSCR1;IFNL1;OAS1;IFI27;IFI16;IRF7
DR 34-,GO_Biological_Process_2023,Defense Response To Virus (GO:0051607),4.414354365766598e-28,1.055030693418217e-25,0,0,68.4088888888889,4308.906326637852,IFITM3;IFITM1;RSAD2;STAT1;MX2;MX1;IFI6;ISG15;DDX60L;IFIT1;SAMHD1;DDX60;IFIT3;IFI44L;OASL;IFIT2;ISG20;BST2;PLSCR1;IFNL1;OAS1;IFI27;IFI16;IRF7
DR 34-,GO_Biological_Process_2023,Negative Regulation Of Viral Process (GO:0048525),3.597048082514731e-16,5.731296611473473e-14,0,0,66.33421052631579,2358.927308484325,IFITM3;IFITM1;RSAD2;STAT1;MX1;ISG15;IFIT1;OASL;ISG20;BST2;PLSCR1;OAS1;IFI16
DR 34-,GO_Biological_Process_2023,Negative Regulation Of Viral Genome Replication (GO:0045071),4.7812896731648225e-15,5.713641159431963e-13,0,0,66.32478632478633,2186.9978869289644,IFITM3;ISG20;BST2;IFITM1;PLSCR1;RSAD2;OAS1;IFI16;MX1;ISG15;IFIT1;OASL
DR 34-,GO_Biological_Process_2023,Regulation Of Viral Genome Replication (GO:0045069),1.0327989870850117e-14,9.873558316532711e-13,0,0,59.66153846153846,1921.335335451623,IFITM3;ISG20;BST2;IFITM1;PLSCR1;RSAD2;OAS1;IFI16;MX1;ISG15;IFIT1;OASL
DR 34-,GO_Biological_Process_2023,Response To Interferon-Beta (GO:0035456),1.1877568912407002e-10,9.462463233550913e-09,0,0,72.33488372093024,1653.125834766092,IFITM3;BST2;IFITM1;PLSCR1;IFI16;OAS1;STAT1;XAF1
DR 34-,GO_Biological_Process_2023,Response To Cytokine (GO:0034097),1.6974053925054714e-08,1.1590853965965935e-06,0,0,16.14802354920101,288.9136535331167,IFITM3;BST2;IFITM1;PLSCR1;STAT1;LAMP3;MX2;MX1;ISG15;XAF1
DR 34-,GO_Biological_Process_2023,Cellular Response To Type I Interferon (GO:0071357),5.209130442742713e-08,3.112455439538771e-06,0,0,211.7391304347826,3550.9219219142083,IFITM3;IFITM1;IFI27;STAT1;IFIT1
DR 34-,GO_Biological_Process_2023,Antiviral Innate Immune Response (GO:0140374),1.7882015349159006e-07,8.547603336898004e-06,0,0,105.81521739130434,1644.0388919295192,OAS1;MX1;IFIT1;IFIT3;IFIT2
DR 34-,GO_Biological_Process_2023,Response To Interferon-Alpha (GO:0035455),1.7882015349159006e-07,8.547603336898004e-06,0,0,105.81521739130434,1644.0388919295192,IFITM3;BST2;IFITM1;MX2;LAMP3
DR 34-,GO_Biological_Process_2023,Interleukin-27-Mediated Signaling Pathway (GO:0070106),3.7593766252616544e-07,1.6336200244318825e-05,0,0,inf,inf,OAS1;STAT1;MX1;OASL
DR 34-,GO_Biological_Process_2023,Type I Interferon-Mediated Signaling Pathway (GO:0060337),1.8443176866668958e-06,6.912639074916661e-05,0,0,165.7872340425532,2188.955359330991,IFITM3;IFITM1;IFI27;STAT1
DR 34-,GO_Biological_Process_2023,Negative Regulation Of Innate Immune Response (GO:0045824),2.0246223231973483e-06,6.912639074916661e-05,0,0,42.26086956521739,554.0453832683147,OAS1;IFI16;SERPING1;ISG15;SAMHD1
DR 34-,GO_Biological_Process_2023,Interferon-Mediated Signaling Pathway (GO:0140888),2.0246223231973483e-06,6.912639074916661e-05,0,0,42.26086956521739,554.0453832683147,IFITM3;IFITM1;IFNL1;IFI27;STAT1
DR 34-,GO_Biological_Process_2023,Response To Type I Interferon (GO:0034340),1.5641292208664002e-05,0.0004984358450494262,0,0,inf,inf,MX1;ISG15;IFIT1
DR 34-,GO_Biological_Process_2023,Positive Regulation Of Type I Interferon Production (GO:0032481),2.4390358468106204e-05,0.0007286619592346728,0,0,41.38297872340426,439.54196917749925,OAS1;STAT1;IRF7;ISG15
DR 34-,GO_Biological_Process_2023,Positive Regulation Of Interferon-Beta Production (GO:0032728),6.1438110331326e-05,0.001545653512545991,0,0,121.75,1180.668217506237,OAS1;IRF7;ISG15
DR 34-,GO_Biological_Process_2023,Negative Regulation Of Type I Interferon-Mediated Signaling Pathway (GO:0060339),6.1438110331326e-05,0.001545653512545991,0,0,121.75,1180.668217506237,OAS1;ISG15;SAMHD1
DR 34-,GO_Biological_Process_2023,Regulation Of Type I Interferon-Mediated Signaling Pathway (GO:0060338),6.1438110331326e-05,0.001545653512545991,0,0,121.75,1180.668217506237,OAS1;ISG15;SAMHD1
DR 34-,GO_Biological_Process_2023,Positive Regulation Of Pattern Recognition Receptor Signaling Pathway (GO:0062208),7.04457725653726e-05,0.0016836539643124051,0,0,27.56028368794326,263.4947037944123,RSAD2;IFI35;DDX60;OASL
DR 34-,GO_Biological_Process_2023,Regulation Of Interferon-Beta Production (GO:0032648),0.00029623224291963374,0.0061042730215756,0,0,40.541666666666664,329.3753709599557,OAS1;IRF7;ISG15
DR 34-,GO_Biological_Process_2023,Negative Regulation Of Viral Life Cycle (GO:1903901),0.00029623224291963374,0.0061042730215756,0,0,40.541666666666664,329.3753709599557,IFITM3;BST2;IFITM1
DR 34-,GO_Biological_Process_2023,Negative Regulation Of Cytokine-Mediated Signaling Pathway (GO:0001960),0.0003112708617175851,0.0061042730215756,0,0,16.50212765957447,133.25215745845796,OAS1;ISG15;SAMHD1;PARP14
DR 34-,GO_Biological_Process_2023,Regulation Of Immune Response (GO:0050776),0.000319261141295795,0.0061042730215756,0,0,10.483695652173912,84.38852036901535,PLSCR1;IFNL1;RSAD2;IRF7;SAMHD1
DR 34-,GO_Biological_Process_2023,Protein Ubiquitination (GO:0016567),0.000319261141295795,0.0061042730215756,0,0,10.483695652173912,84.38852036901535,ISG15;UBE2L6;TRIM22;HERC6;TNFSF13B
DR 34-,GO_Biological_Process_2023,Modification-Dependent Protein Catabolic Process (GO:0019941),0.0004164977290188217,0.007657150556576798,0,0,14.994197292069632,116.70927710471076,ISG15;UBE2L6;HERC6;TNFSF13B
DR 34-,GO_Biological_Process_2023,Regulation Of Cellular Catabolic Process (GO:0031329),0.0005090864217536538,0.009012715170305425,0,0,30.390625,230.4488505424132,IFI16;LAMP3;NUPR1
DR 34-,GO_Biological_Process_2023,Positive Regulation Of Interferon-Alpha Production (GO:0032727),0.0006378024460427529,0.009527174037763621,0,0,inf,inf,STAT1;IRF7
DR 34-,GO_Biological_Process_2023,ISG15-protein Conjugation (GO:0032020),0.0006378024460427529,0.009527174037763621,0,0,inf,inf,ISG15;UBE2L6
DR 34-,GO_Biological_Process_2023,Regulation Of Nuclease Activity (GO:0032069),0.0006378024460427529,0.009527174037763621,0,0,inf,inf,OAS1;OASL
DR 34-,GO_Biological_Process_2023,Regulation Of Ribonuclease Activity (GO:0060700),0.0006378024460427529,0.009527174037763621,0,0,inf,inf,OAS1;OASL
DR 34-,GO_Biological_Process_2023,Positive Regulation Of RIG-I Signaling Pathway (GO:1900246),0.0006378024460427529,0.009527174037763621,0,0,inf,inf,DDX60;OASL
DR 34-,GO_Biological_Process_2023,Protein Polyubiquitination (GO:0000209),0.0006992277992592925,0.010128208728664902,0,0,12.67430441898527,92.08558937510121,IFI27;UBE2L6;TRIM22;TNFSF13B
DR 34-,GO_Biological_Process_2023,Cellular Response To Interferon-Beta (GO:0035458),0.0007999061072773611,0.011245738802311136,0,0,24.3,173.28369373502775,IFI16;OAS1;STAT1
DR 34-,GO_Biological_Process_2023,Regulation Of Innate Immune Response (GO:0045088),0.0008821641679298669,0.012047842064870752,0,0,11.7629179331307,82.73015909098233,PLSCR1;IFI16;IFI35;SAMHD1
DR 34-,GO_Biological_Process_2023,Response To Type II Interferon (GO:0034341),0.001831710881665073,0.02306823418291173,0,0,6.725105189340813,42.38500801117645,IFITM3;BST2;IFITM1;STAT1;GBP1
DR 34-,GO_Biological_Process_2023,Regulation Of Interferon-Alpha Production (GO:0032647),0.0018821362617856851,0.02306823418291173,0,0,79.51020408163265,498.9541872659749,STAT1;IRF7
DR 34-,GO_Biological_Process_2023,Regulation Of Nucleocytoplasmic Transport (GO:0046822),0.0018821362617856851,0.02306823418291173,0,0,79.51020408163265,498.9541872659749,IFI27;MX2
DR 34-,GO_Biological_Process_2023,Regulation Of RIG-I Signaling Pathway (GO:0039535),0.0018821362617856851,0.02306823418291173,0,0,79.51020408163265,498.9541872659749,DDX60;OASL
DR 34-,GO_Biological_Process_2023,Ubiquitin-Dependent Protein Catabolic Process (GO:0006511),0.001955349706648241,0.02336642899444648,0,0,9.130023640661939,56.94565767140662,IFI27;UBE2L6;HERC6;TNFSF13B
DR 34-,GO_Biological_Process_2023,Cellular Response To Virus (GO:0098586),0.0022323242674411295,0.025405976186591902,0,0,15.1640625,92.57223376513396,IFNL1;OAS1;IFI6
DR 34-,GO_Biological_Process_2023,Regulation Of Viral Entry Into Host Cell (GO:0046596),0.0022323242674411295,0.025405976186591902,0,0,15.1640625,92.57223376513396,IFITM3;IFITM1;TRIM22
DR 34-,GO_Biological_Process_2023,Regulation Of Autophagy (GO:0010506),0.00232275668750075,0.025820411549426943,0,0,8.64501679731243,52.43203181473918,IFI16;LAMP3;NUPR1;TRIM22
DR 34-,GO_Biological_Process_2023,Regulation Of Proteasomal Protein Catabolic Process (GO:0061136),0.003702846210320557,0.03850925466851349,0,0,39.734693877551024,222.46078330728565,LAMP3;NUPR1
DR 34-,GO_Biological_Process_2023,Regulation Of Viral Life Cycle (GO:1903900),0.003702846210320557,0.03850925466851349,0,0,39.734693877551024,222.46078330728565,LAMP3;TRIM22
DR 34-,GO_Biological_Process_2023,Positive Regulation Of Immune Response (GO:0050778),0.003705911537137281,0.03850925466851349,0,0,7.454545454545454,41.72924852448527,PLSCR1;IFNL1;RSAD2;IFI35
DR 34-,GO_Biological_Process_2023,Apoptotic Process (GO:0006915),0.004086634692135033,0.04156194431575629,0,0,5.4662471395881,30.0645421753787,PLSCR1;IFI27;MX1;IFI6;IFIT2
DR 34-,GO_Biological_Process_2023,Protein Modification By Small Protein Conjugation (GO:0032446),0.0046650775279782125,0.046456397049449705,0,0,11.011363636363637,59.105155115331655,ISG15;UBE2L6;HERC6
DR 35-,GO_Biological_Process_2023,Chemokine-Mediated Signaling Pathway (GO:0070098),6.641886574375327e-08,2.5898985229442566e-05,0,0,29.1517094017094,481.79860072043823,CXCL10;CXCL11;CXCL9;CCL8;CCL7;CCL5;CCL2
DR 35-,GO_Biological_Process_2023,Cellular Response To Chemokine (GO:1990869),1.1990270939556745e-07,2.5898985229442566e-05,0,0,26.209615384615386,417.69176806061483,CXCL10;CXCL11;CXCL9;CCL8;CCL7;CCL5;CCL2
DR 35-,GO_Biological_Process_2023,Lymphocyte Chemotaxis (GO:0048247),4.1309762485145115e-07,5.948605797860897e-05,0,0,31.0,455.68703865612554,CXCL10;CXCL11;CCL8;CCL7;CCL5;CCL2
DR 35-,GO_Biological_Process_2023,Response To Type II Interferon (GO:0034341),1.0158458827040323e-06,9.26126660507908e-05,0,0,17.992042440318304,248.28638774633828,CCL8;CCL7;UBD;CCL5;CCL2;GBP1;GBP4
DR 35-,GO_Biological_Process_2023,Neutrophil Chemotaxis (GO:0030593),1.238471980027092e-06,9.26126660507908e-05,0,0,17.383333333333333,236.44170662543442,CXCL10;CXCL11;CXCL9;CCL8;CCL7;CCL5;CCL2
DR 35-,GO_Biological_Process_2023,Granulocyte Chemotaxis (GO:0071621),1.5006681998970731e-06,9.26126660507908e-05,0,0,16.81389578163772,225.4676182597355,CXCL10;CXCL11;CXCL9;CCL8;CCL7;CCL5;CCL2
DR 35-,GO_Biological_Process_2023,Neutrophil Migration (GO:1990266),1.5006681998970731e-06,9.26126660507908e-05,0,0,16.81389578163772,225.4676182597355,CXCL10;CXCL11;CXCL9;CCL8;CCL7;CCL5;CCL2
DR 35-,GO_Biological_Process_2023,Cellular Response To Type II Interferon (GO:0071346),4.556269243694864e-06,0.00022127683544627733,0,0,18.782608695652176,231.0074248874056,CCL8;CCL7;CCL5;CCL2;GBP1;GBP4
DR 35-,GO_Biological_Process_2023,Cytokine-Mediated Signaling Pathway (GO:0019221),4.609934071797444e-06,0.00022127683544627733,0,0,11.124363636363636,136.6883599603236,CXCL10;CXCL11;CXCL9;CCL8;CCL7;CCL5;CCL2;OASL
DR 35-,GO_Biological_Process_2023,Response To Tumor Necrosis Factor (GO:0034612),6.8985645413498885e-06,0.0002980179881863152,0,0,17.26222222222222,205.14765309387005,CCL8;CCL7;UBD;CCL5;CCL2;GBP1
DR 35-,GO_Biological_Process_2023,Inflammatory Response (GO:0006954),1.582144091633799e-05,0.0006213511341689102,0,0,9.216969696969697,101.88571504675814,CXCL10;CXCL11;CXCL9;CCL8;VCAM1;CCL7;CCL5;CCL2
DR 35-,GO_Biological_Process_2023,Regulation Of ERK1 And ERK2 Cascade (GO:0070372),2.2382670465652676e-05,0.0008057761367634964,0,0,10.538461538461538,112.8376634435948,CCL8;CCL7;CCL5;PLA2G2A;CCL2;GBP1;ICAM1
DR 35-,GO_Biological_Process_2023,Cellular Response To Interleukin-1 (GO:0071347),3.0396394643632055e-05,0.001010095575849927,0,0,18.30827067669173,190.427738786364,CCL8;CCL7;CCL5;CCL2;GBP1
DR 35-,GO_Biological_Process_2023,Eosinophil Chemotaxis (GO:0048245),3.962157578436335e-05,0.0011411013825896644,0,0,30.007662835249043,304.1617738970621,CCL8;CCL7;CCL5;CCL2
DR 35-,GO_Biological_Process_2023,Eosinophil Migration (GO:0072677),3.962157578436335e-05,0.0011411013825896644,0,0,30.007662835249043,304.1617738970621,CCL8;CCL7;CCL5;CCL2
DR 35-,GO_Biological_Process_2023,Response To Interleukin-1 (GO:0070555),8.006795726532292e-05,0.002161834846163719,0,0,14.456845238095237,136.36614175224517,CCL8;CCL7;CCL5;CCL2;GBP1
DR 35-,GO_Biological_Process_2023,Positive Regulation Of ERK1 And ERK2 Cascade (GO:0070374),9.417082724247336e-05,0.0023930469040440287,0,0,10.185185185185185,94.4207419009965,CCL8;CCL7;CCL5;PLA2G2A;CCL2;ICAM1
DR 35-,GO_Biological_Process_2023,Defense Response To Virus (GO:0051607),0.0001060562819798276,0.0025453507675158625,0,0,9.943152454780362,90.99516380637387,ISG20;CXCL10;ISG15;IFIT3;OASL;IFIT2
DR 35-,GO_Biological_Process_2023,Antiviral Innate Immune Response (GO:0140374),0.0001370773513767823,0.003116706094461576,0,0,49.075,436.5204163497358,CXCL10;IFIT3;IFIT2
DR 35-,GO_Biological_Process_2023,Lymphocyte Migration (GO:0072676),0.00020025359517557311,0.00432547765579238,0,0,17.949425287356323,152.8559778260435,CCL8;CCL7;CCL5;CCL2
DR 35-,GO_Biological_Process_2023,Positive Regulation Of Hydrolase Activity (GO:0051345),0.0002340478504048643,0.004595848698859153,0,0,11.152073732718893,93.23116884118252,CCL8;CCL7;CCL5;CCL2;CTSS
DR 35-,GO_Biological_Process_2023,Cellular Response To Tumor Necrosis Factor (GO:0071356),0.0002340478504048643,0.004595848698859153,0,0,11.152073732718893,93.23116884118252,CCL8;CCL7;CCL5;CCL2;GBP1
DR 35-,GO_Biological_Process_2023,Monocyte Chemotaxis (GO:0002548),0.0002474117153609525,0.004647037436344847,0,0,16.81896551724138,139.67237163698215,CCL8;CCL7;CCL5;CCL2
DR 35-,GO_Biological_Process_2023,Negative Regulation Of Viral Genome Replication (GO:0045071),0.00030207934457446376,0.005259308739490934,0,0,15.821501014198782,128.23043121460475,ISG20;CCL5;ISG15;OASL
DR 35-,GO_Biological_Process_2023,Cellular Response To Lipopolysaccharide (GO:0071222),0.00030435814464646604,0.005259308739490934,0,0,10.465367965367966,84.7412809847052,CXCL10;CXCL11;CXCL9;CCL5;CCL2
DR 35-,GO_Biological_Process_2023,Regulation Of Viral Genome Replication (GO:0045069),0.000364923717893842,0.006063347928082298,0,0,14.934865900383143,118.22174332151424,ISG20;CCL5;ISG15;OASL
DR 35-,GO_Biological_Process_2023,Negative Regulation Of Viral Process (GO:0048525),0.00043662411189982647,0.0069859857903972235,0,0,14.141560798548094,109.40530676937215,ISG20;CCL5;ISG15;OASL
DR 35-,GO_Biological_Process_2023,Positive Regulation Of Release Of Sequestered Calcium Ion Into Cytosol (GO:0051281),0.0006176505854639525,0.009200863893807844,0,0,24.4875,180.95252772856256,CXCL10;CXCL9;CXCL11
DR 35-,GO_Biological_Process_2023,Positive Regulation Of Calcium Ion Transmembrane Transport (GO:1904427),0.0006176505854639525,0.009200863893807844,0,0,24.4875,180.95252772856256,CXCL10;CXCL11;CXCL9
DR 35-,GO_Biological_Process_2023,Positive Regulation Of MAPK Cascade (GO:0043410),0.0006636568112448841,0.009556658081926331,0,0,6.827956989247312,49.96525079918083,CCL8;CCL7;CCL5;PLA2G2A;CCL2;ICAM1
DR 35-,GO_Biological_Process_2023,Cellular Response To Cytokine Stimulus (GO:0071345),0.0007764671003059667,0.010586437536351316,0,0,6.607638888888889,47.3156917058349,CCL8;CCL7;CCL5;CCL2;GBP1;GBP4
DR 35-,GO_Biological_Process_2023,Positive Regulation Of T Cell Apoptotic Process (GO:0070234),0.0007841805582482457,0.010586437536351316,0,0,126.83870967741936,907.0072837183947,CCL5;IDO1
DR 35-,GO_Biological_Process_2023,Defense Response To Symbiont (GO:0140546),0.0008364534774898901,0.010949936432594926,0,0,8.18452380952381,57.998315626727965,ISG20;ISG15;IFIT3;OASL;IFIT2
DR 35-,GO_Biological_Process_2023,Regulation Of Release Of Sequestered Calcium Ion Into Cytosol (GO:0051279),0.0010466847716317697,0.013299053568968367,0,0,19.57,134.2918345906854,CXCL10;CXCL11;CXCL9
DR 35-,GO_Biological_Process_2023,Leukocyte Cell-Cell Adhesion (GO:0007159),0.0013171932034776266,0.016257927540066705,0,0,17.78181818181818,117.93350217491681,VCAM1;CCL5;ICAM1
DR 35-,GO_Biological_Process_2023,T Cell Chemotaxis (GO:0010818),0.0015521602421939289,0.01862592290632715,0,0,63.38709677419355,409.9945632564261,CXCL10;CXCL11
DR 35-,GO_Biological_Process_2023,Regulation Of T Cell Proliferation (GO:0042129),0.0017955584959491672,0.020964358655406492,0,0,9.217598097502973,58.27770322470133,VCAM1;CCL5;PLA2G2A;IDO1
DR 35-,GO_Biological_Process_2023,Adenylate Cyclase-Activating G Protein-Coupled Receptor Signaling Pathway (GO:0007189),0.0019812451521143437,0.021722951520873064,0,0,15.03076923076923,93.55195511658269,CXCL10;CXCL11;CXCL9
DR 35-,GO_Biological_Process_2023,Cellular Response To Molecule Of Bacterial Origin (GO:0071219),0.0020113844000808393,0.021722951520873064,0,0,8.905747126436781,55.29517865330656,CXCL10;CXCL11;CXCL9;CCL2
DR 35-,GO_Biological_Process_2023,Positive Regulation Of GTPase Activity (GO:0043547),0.0020113844000808393,0.021722951520873064,0,0,8.905747126436781,55.29517865330656,CCL8;CCL7;CCL5;CCL2
DR 35-,GO_Biological_Process_2023,Regulation Of GTPase Activity (GO:0043087),0.002244605120695331,0.02365047346683861,0,0,8.614015572858731,52.53882486969056,CCL8;CCL7;CCL5;CCL2
DR 35-,GO_Biological_Process_2023,Antimicrobial Humoral Immune Response Mediated By Antimicrobial Peptide (GO:0061844),0.0023788278877037786,0.024467943987810294,0,0,13.95,84.2740061848994,CXCL10;CXCL11;CXCL9
DR 35-,GO_Biological_Process_2023,Regulation Of Natural Killer Cell Chemotaxis (GO:2000501),0.002560232644590248,0.025721407034022956,0,0,42.236559139784944,252.05330405014047,CCL7;CCL5
DR 35-,GO_Biological_Process_2023,Adenylate Cyclase-Modulating G Protein-Coupled Receptor Signaling Pathway (GO:0007188),0.0033142982089398557,0.031817262805822616,0,0,12.19375,69.62032999546776,CXCL10;CXCL11;CXCL9
DR 35-,GO_Biological_Process_2023,Intracellular Calcium Ion Homeostasis (GO:0006874),0.0033142982089398557,0.031817262805822616,0,0,12.19375,69.62032999546776,CCL8;CCL7;CCL5
DR 35-,GO_Biological_Process_2023,T Cell Migration (GO:0072678),0.0038007452366816586,0.034699641349059424,0,0,31.661290322580644,176.4343803679096,CXCL10;CXCL11
DR 35-,GO_Biological_Process_2023,Protein Kinase B Signaling (GO:0043491),0.0038007452366816586,0.034699641349059424,0,0,31.661290322580644,176.4343803679096,CCL5;CCL2
DR 35-,GO_Biological_Process_2023,Calcium Ion Homeostasis (GO:0055074),0.0038555157054510473,0.034699641349059424,0,0,11.470588235294118,63.75640285354601,CCL8;CCL7;CCL5
DR 35-,GO_Biological_Process_2023,Exocytosis (GO:0006887),0.005266219521385406,0.04375013140843261,0,0,25.316129032258065,132.8196161061194,CCL8;CCL5
DR 35-,GO_Biological_Process_2023,Positive Regulation Of Ion Transmembrane Transporter Activity (GO:0032414),0.005266219521385406,0.04375013140843261,0,0,25.316129032258065,132.8196161061194,CCL2;CTSS
DR 35-,GO_Biological_Process_2023,Positive Regulation Of Lymphocyte Migration (GO:2000403),0.005266219521385406,0.04375013140843261,0,0,25.316129032258065,132.8196161061194,CXCL10;CCL5
DR 35-,GO_Biological_Process_2023,Regulation Of T Cell Chemotaxis (GO:0010819),0.005266219521385406,0.04375013140843261,0,0,25.316129032258065,132.8196161061194,CXCL10;CCL5
DR 36-,GO_Biological_Process_2023,Defense Response To Bacterium (GO:0042742),1.871483887636646e-06,0.001040545041525975,0,0,8.921845574387948,117.6682488297953,PYCARD;SLPI;LCN2;S100A12;DEFB1;PI3;S100A14;S100A9;S100A8;KRT6A
DR 36-,GO_Biological_Process_2023,Epidermis Development (GO:0008544),4.886442392052168e-05,0.010789539302498218,0,0,12.165079365079364,120.75618531304995,KRTDAP;CRABP2;CALML5;KRT5;SPRR1B;S100A7
DR 36-,GO_Biological_Process_2023,Antimicrobial Humoral Response (GO:0019730),5.821693868254434e-05,0.010789539302498218,0,0,8.971102150537634,87.4802152383925,SLPI;S100A12;DEFB1;PI3;S100A9;S100A7;KRT6A
DR 36-,GO_Biological_Process_2023,Peptide Cross-Linking (GO:0018149),0.00014363985830851808,0.019965940304884012,0,0,23.704615384615384,209.74321044098588,CSTA;FN1;PI3;SPRR1B
DR 36-,GO_Biological_Process_2023,Antimicrobial Humoral Immune Response Mediated By Antimicrobial Peptide (GO:0061844),0.00018946329331202984,0.02106831821629772,0,0,12.493489583333334,107.0856378543521,S100A12;DEFB1;S100A9;KRT6A;S100A7
DR 36-,GO_Biological_Process_2023,Negative Regulation Of Interleukin-1 Beta Production (GO:0032691),0.00037427810072354325,0.029728374857470007,0,0,43.84090909090909,345.92719525008613,SERPINB1;PYDC1;CARD16
DR 36-,GO_Biological_Process_2023,Negative Regulation Of Interleukin-1 Production (GO:0032692),0.00037427810072354325,0.029728374857470007,0,0,43.84090909090909,345.92719525008613,SERPINB1;PYDC1;CARD16
DR 36-,GO_Biological_Process_2023,Epithelial Cell Migration (GO:0010631),0.0007337991106528171,0.0453324783914407,0,0,13.141880341880341,94.8485678352957,CYP1B1;S100A12;S100P;S100A9
DR 36-,GO_Biological_Process_2023,Endothelial Cell Migration (GO:0043542),0.0007337991106528171,0.0453324783914407,0,0,13.141880341880341,94.8485678352957,CYP1B1;S100A12;S100P;S100A9
DR 36-,GO_Biological_Process_2023,Response To Lipopolysaccharide (GO:0032496),0.0008959554717515286,0.04981512422938499,0,0,5.3375,37.45654591163967,PYCARD;SLPI;S100A14;CARD16;S100A9;S100A8;S100A7
DR 37-,GO_Biological_Process_2023,Mitotic Spindle Organization (GO:0007052),8.185692277845358e-11,3.945503677921463e-08,0,0,22.642857142857142,525.9040922199476,TPX2;STIL;PRC1;KIFC1;STMN1;BIRC5;CDCA8;KIF23;WDR62;KIF11;AURKB;SPC25
DR 37-,GO_Biological_Process_2023,Mitotic Sister Chromatid Segregation (GO:0000070),3.970605232210775e-10,9.569158609627968e-08,0,0,18.61764705882353,403.0149472441879,SGO1;TPX2;PRC1;KIFC1;CDCA5;NUSAP1;CDCA8;KIF23;KIF11;SMC4;CEP55;SMC2
DR 37-,GO_Biological_Process_2023,Mitotic Spindle Assembly (GO:0090307),7.54033462152869e-09,1.211480429192276e-06,0,0,40.23157894736842,752.4511919409886,TPX2;KIFC1;PRC1;CDCA8;BIRC5;KIF23;KIF11;AURKB
DR 37-,GO_Biological_Process_2023,Microtubule Cytoskeleton Organization Involved In Mitosis (GO:1902850),8.436462418151952e-08,1.0165937213873102e-05,0,0,17.566153846153846,286.11958081997483,STIL;STMN1;NUSAP1;BIRC5;CDCA8;KIF11;WDR62;AURKB;SPC25
DR 37-,GO_Biological_Process_2023,Mitotic Cytokinesis (GO:0000281),2.15760709397399e-07,1.733277698825772e-05,0,0,20.063157894736843,307.9513339856751,ANLN;STMN1;NUSAP1;BIRC5;CDCA8;KIF23;CEP55;AURKB
DR 37-,GO_Biological_Process_2023,Cytoskeleton-Dependent Cytokinesis (GO:0061640),2.15760709397399e-07,1.733277698825772e-05,0,0,20.063157894736843,307.9513339856751,ANLN;STMN1;NUSAP1;BIRC5;CDCA8;KIF23;CEP55;AURKB
DR 37-,GO_Biological_Process_2023,Positive Regulation Of Cell Cycle Process (GO:0090068),1.8408258788875026e-06,0.00012675401051768232,0,0,10.82857142857143,142.99449356837658,PLK4;STIL;NUSAP1;BIRC5;CDCA8;KIF23;SMC4;AURKB;SMC2
DR 37-,GO_Biological_Process_2023,Chromosome Condensation (GO:0030261),1.2819455852374547e-05,0.0007723722151055665,0,0,30.253164556962027,340.7881805149184,TOP2A;CDCA5;NUSAP1;SMC4;SMC2
DR 37-,GO_Biological_Process_2023,Mitotic Sister Chromatid Cohesion (GO:0007064),4.0795914117796444e-05,0.002184847844975321,0,0,47.85,483.61653474168656,SGO1;CDCA5;ESCO2;HASPIN
DR 37-,GO_Biological_Process_2023,DNA Metabolic Process (GO:0006259),5.1558688670684366e-05,0.0024851287939269867,0,0,7.651821862348178,75.54482893570926,TOP2A;RAD51AP1;BLM;UBE2T;HMGB2;PCLAF;NUDT1;TYMS
DR 37-,GO_Biological_Process_2023,Mitotic Nuclear Division (GO:0140014),7.288493975466859e-05,0.002775864267945831,0,0,17.260397830018082,164.43339837241268,SGO1;KIFC1;UBE2S;NUSAP1;SMC4
DR 37-,GO_Biological_Process_2023,Sister Chromatid Segregation (GO:0000819),7.288493975466859e-05,0.002775864267945831,0,0,17.260397830018082,164.43339837241268,TOP2A;SGO1;KIFC1;NUSAP1;SMC4
DR 37-,GO_Biological_Process_2023,Mitotic Chromosome Condensation (GO:0007076),9.214487196500685e-05,0.002775864267945831,0,0,31.883333333333333,296.2646687791442,CDCA5;NUSAP1;SMC4;SMC2
DR 37-,GO_Biological_Process_2023,Mitotic Spindle Elongation (GO:0000022),9.214487196500685e-05,0.002775864267945831,0,0,31.883333333333333,296.2646687791442,PRC1;BIRC5;CDCA8;KIF23
DR 37-,GO_Biological_Process_2023,Mitotic Spindle Midzone Assembly (GO:0051256),9.214487196500685e-05,0.002775864267945831,0,0,31.883333333333333,296.2646687791442,PRC1;BIRC5;CDCA8;KIF23
DR 37-,GO_Biological_Process_2023,Positive Regulation Of Chromosome Separation (GO:1905820),9.214487196500685e-05,0.002775864267945831,0,0,31.883333333333333,296.2646687791442,CDCA8;BIRC5;SMC4;SMC2
DR 37-,GO_Biological_Process_2023,DNA Repair (GO:0006281),0.00019945316292960933,0.005655083796004217,0,0,9.134615384615385,77.82629389813775,RAD51AP1;FANCI;BLM;CDCA5;UBE2T;NUDT1
DR 37-,GO_Biological_Process_2023,Metaphase Plate Congression (GO:0051310),0.0002500107447620614,0.006689277705024196,0,0,12.063291139240507,100.05301707423315,CENPF;KIFC1;CDCA5;CDCA8;CEP55
DR 37-,GO_Biological_Process_2023,Regulation Of Mitotic Cytokinesis (GO:1902412),0.0002775633902499666,0.006689277705024196,0,0,70.92592592592592,580.8451196878818,BIRC5;CDCA8;AURKB
DR 37-,GO_Biological_Process_2023,Centromere Complex Assembly (GO:0034508),0.0002775633902499666,0.006689277705024196,0,0,70.92592592592592,580.8451196878818,CENPF;CENPW;HJURP
DR 37-,GO_Biological_Process_2023,Double-Strand Break Repair (GO:0006302),0.0007630738249855263,0.01751436112585827,0,0,13.635714285714286,97.87928124834909,RAD51AP1;BLM;CDCA5;HMGB2
DR 37-,GO_Biological_Process_2023,Mitotic Metaphase Plate Congression (GO:0007080),0.0011081702249792582,0.024279002201818296,0,0,11.925,81.15016245741953,KIFC1;CDCA5;CDCA8;CEP55
DR 37-,GO_Biological_Process_2023,Regulation Of Mitotic Sister Chromatid Separation (GO:0010965),0.0013048872218416278,0.02711387430419554,0,0,23.617283950617285,156.85746617753628,BIRC5;CDCA8;AURKB
DR 37-,GO_Biological_Process_2023,Regulation Of Cell Cycle Process (GO:0010564),0.0017367019584656977,0.02711387430419554,0,0,7.069992553983619,44.93522812581496,PRC1;KIF11;MKI67;PKMYT1;AURKB
DR 37-,GO_Biological_Process_2023,CENP-A Containing Chromatin Assembly (GO:0034080),0.0017438383888590493,0.02711387430419554,0,0,inf,inf,CENPW;HJURP
DR 37-,GO_Biological_Process_2023,DNA Topological Change (GO:0006265),0.0017438383888590493,0.02711387430419554,0,0,inf,inf,TOP2A;HMGB2
DR 37-,GO_Biological_Process_2023,Protein K27-linked Ubiquitination (GO:0044314),0.0017438383888590493,0.02711387430419554,0,0,inf,inf,UBE2S;UBE2T
DR 37-,GO_Biological_Process_2023,Protein K29-linked Ubiquitination (GO:0035519),0.0017438383888590493,0.02711387430419554,0,0,inf,inf,UBE2S;UBE2T
DR 37-,GO_Biological_Process_2023,Protein K6-linked Ubiquitination (GO:0085020),0.0017438383888590493,0.02711387430419554,0,0,inf,inf,UBE2S;UBE2T
DR 37-,GO_Biological_Process_2023,Chromatin Remodeling At Centromere (GO:0031055),0.0017438383888590493,0.02711387430419554,0,0,inf,inf,CENPW;HJURP
DR 37-,GO_Biological_Process_2023,Positive Regulation Of Centriole Replication (GO:0046601),0.0017438383888590493,0.02711387430419554,0,0,inf,inf,PLK4;STIL
DR 37-,GO_Biological_Process_2023,Spindle Assembly (GO:0051225),0.002214449329694989,0.031393075791558374,0,0,17.703703703703702,108.21834165384291,TPX2;KIFC1;KIF11
DR 37-,GO_Biological_Process_2023,Regulation Of Chromosome Segregation (GO:0051983),0.002214449329694989,0.031393075791558374,0,0,17.703703703703702,108.21834165384291,MKI67;SMC4;SMC2
DR 37-,GO_Biological_Process_2023,Positive Regulation Of Chromosome Organization (GO:2001252),0.002214449329694989,0.031393075791558374,0,0,17.703703703703702,108.21834165384291,SMC4;AURKB;SMC2
DR 37-,GO_Biological_Process_2023,Protein Phosphorylation (GO:0006468),0.0025338343526597027,0.03489451879948505,0,0,4.375291375291376,26.155586212699745,PLK4;MELK;BIRC5;CDCA8;CLSPN;HASPIN;AURKB
DR 37-,GO_Biological_Process_2023,Positive Regulation Of Mitotic Sister Chromatid Separation (GO:1901970),0.0034360856516646027,0.044761980651414554,0,0,14.155555555555555,80.31044522939351,CDCA8;BIRC5;AURKB
DR 37-,GO_Biological_Process_2023,Regulation Of Mitotic Cell Cycle Spindle Assembly Checkpoint (GO:0090266),0.0034360856516646027,0.044761980651414554,0,0,14.155555555555555,80.31044522939351,CDCA8;BIRC5;AURKB
DR 38+,GO_Biological_Process_2023,Hydrogen Peroxide Catabolic Process (GO:0042744),1.952767484533088e-06,0.0006600354097721839,0,0,inf,inf,HBM;HBB;HBA1
DR 38+,GO_Biological_Process_2023,Collagen Fibril Organization (GO:0030199),4.770629208450433e-05,0.008062363362281232,0,0,27.426573426573427,272.9066723828164,GREM1;LOX;LUM;DPT
DR 38+,GO_Biological_Process_2023,Oxygen Transport (GO:0015671),0.0004838244498001781,0.03462113374988017,0,0,164.41666666666666,1255.1220467235462,HBB;HBA1
DR 38+,GO_Biological_Process_2023,Positive Regulation Of Cell Death (GO:0010942),0.0005121469489627245,0.03462113374988017,0,0,25.617391304347827,194.10038564483332,HBB;HBA1;SNCA
DR 38+,GO_Biological_Process_2023,Regulation Of Cell Death (GO:0010941),0.0005121469489627245,0.03462113374988017,0,0,25.617391304347827,194.10038564483332,HBB;HBA1;SNCA
DR 38+,GO_Biological_Process_2023,Positive Regulation Of Cellular Catabolic Process (GO:0031331),0.0008007943346541634,0.04018177966659063,0,0,21.32608695652174,152.05300397627505,TRIM58;DCN;SNCA
DR 38+,GO_Biological_Process_2023,Supramolecular Fiber Organization (GO:0097435),0.0008321670345151906,0.04018177966659063,0,0,8.307359307359308,58.91145057126597,GREM1;LOX;LUM;DPT;SNCA
DR 38+,GO_Biological_Process_2023,Carbon Dioxide Transport (GO:0015670),0.000959909306634151,0.04055616820529288,0,0,82.16666666666667,570.9491954765143,HBB;HBA1
DR 39+,GO_Biological_Process_2023,Epidermis Development (GO:0008544),0.01049989605597755,0.01049989605597755,0,0,inf,inf,CALML5
DR 40-,GO_Biological_Process_2023,Intermediate Filament Organization (GO:0045109),1.0623941883171437e-14,7.712981807182463e-12,0,0,129.4090909090909,4163.823721721833,KRT81;KRT17;KRT16;KRT15;KRT14;KRT23;PKP1;KRT5;KRT75;KRT86;KRT6B;KRT6A
DR 40-,GO_Biological_Process_2023,Epidermis Development (GO:0008544),3.508112342646697e-06,0.001273444780380751,0,0,12.622073578595318,158.53870267984973,KRTDAP;CALML5;CRABP2;FABP5;KRT15;KRT14;EMP1;KRT5
DR 40-,GO_Biological_Process_2023,Epithelial Cell Differentiation (GO:0030855),2.1849207930773928e-05,0.004314602084818187,0,0,9.091787439613526,97.5671157490985,LGALS3;ANXA1;KRT17;KRT16;KRT15;KRT14;KRT23;IRF6
DR 40-,GO_Biological_Process_2023,Supramolecular Fiber Organization (GO:0097435),2.3771912313047864e-05,0.004314602084818187,0,0,5.261363636363637,56.01776930554672,KRT81;GSN;KRT17;KRT16;KRT15;KRT14;KRT23;KRT5;KRT86;KRT75;KRT6B;KRT6A
DR 40-,GO_Biological_Process_2023,Epithelium Development (GO:0060429),0.0003150108321840704,0.04573957283312702,0,0,6.734767025089606,54.30177683274117,LGALS3;KRT17;KRT16;KRT15;KRT14;KRT23;KRT6A
DR 41-,GO_Biological_Process_2023,Intermediate Filament Organization (GO:0045109),2.2271503120264565e-09,1.4966450096817788e-06,0,0,37.48351648351648,746.766967271742,KRT81;KRT80;KRT17;KRT16;KRT23;PKP1;KRT86;KRT6B;KRT6A
DR 41-,GO_Biological_Process_2023,Keratinocyte Differentiation (GO:0030216),1.0028427775804749e-06,0.00033695517326703955,0,0,40.361702127659576,557.5029453209594,ANXA1;CDSN;KRT16;SPRR1B;EREG;S100A7
DR 41-,GO_Biological_Process_2023,Epidermis Development (GO:0008544),3.508112342646697e-06,0.0007858171647528601,0,0,12.622073578595318,158.53870267984973,KRTDAP;CDSN;CALML5;CRABP2;KLK5;KLK7;SPRR1B;S100A7
DR 41-,GO_Biological_Process_2023,Epidermal Cell Differentiation (GO:0009913),5.079677698940227e-06,0.0008533858534219581,0,0,24.19148936170213,294.9006114751804,ANXA1;CDSN;KRT16;SPRR1B;EREG;S100A7
DR 41-,GO_Biological_Process_2023,Skin Development (GO:0043588),7.169109186907215e-05,0.009635282747203298,0,0,12.063829787234043,115.12686557238213,ANXA1;CDSN;KRT16;SPRR1B;EREG;S100A7
DR 41-,GO_Biological_Process_2023,Defense Response To Bacterium (GO:0042742),0.0003198477199717921,0.035822944636840715,0,0,4.97980397980398,40.0757969366265,SLPI;LCN2;DEFB1;PI3;S100A14;RNASE1;F3;S100A9;KRT6A
DR 42-,GO_Biological_Process_2023,Regulation Of Apoptotic Process (GO:0042981),5.010180065015649e-05,0.020176272246117476,0,0,5.387096774193548,53.340088799017366,ANXA1;TNFRSF12A;HSPA5;CITED2;IGFBP3;MYC;FHL2;THBS1;CRYAB;DKK1;SOX4
DR 42-,GO_Biological_Process_2023,Ventricular Septum Development (GO:0003281),8.371897197559119e-05,0.020176272246117476,0,0,75.23076923076923,706.2698423925854,TGFB2;CITED2;SOX4
DR 42-,GO_Biological_Process_2023,Ventricular Septum Morphogenesis (GO:0060412),8.371897197559119e-05,0.020176272246117476,0,0,75.23076923076923,706.2698423925854,TGFB2;CITED2;SOX4
DR 42-,GO_Biological_Process_2023,Regulation Of Myoblast Differentiation (GO:0045661),0.00016498933899076194,0.025949857068467946,0,0,50.12820512820513,436.59810410851094,IGFBP3;SOSTDC1;SOX4
DR 42-,GO_Biological_Process_2023,Negative Regulation Of Programmed Cell Death (GO:0043069),0.00018002485871797749,0.025949857068467946,0,0,6.163398692810458,53.14338511569538,ANXA1;HSPA5;CITED2;MYC;FHL2;THBS1;CRYAB;DKK1
DR 42-,GO_Biological_Process_2023,Negative Regulation Of Protein-Containing Complex Assembly (GO:0031333),0.0002845110859922339,0.025949857068467946,0,0,37.57692307692308,306.8057444918856,HSPA5;CRYAB;DKK1
DR 42-,GO_Biological_Process_2023,Regulation Of Cell Migration (GO:0030334),0.00041202127652605774,0.025949857068467946,0,0,5.383070301291248,41.95799462086168,EDN1;ANXA1;IGFBP5;HSPA5;CITED2;TNC;THBS1;CLDN1
DR 42-,GO_Biological_Process_2023,Negative Regulation Of Myoblast Differentiation (GO:0045662),0.00043070302188328544,0.025949857068467946,0,0,inf,inf,SOSTDC1;SOX4
DR 42-,GO_Biological_Process_2023,Atrial Septum Morphogenesis (GO:0060413),0.00043070302188328544,0.025949857068467946,0,0,inf,inf,TGFB2;SOX4
DR 42-,GO_Biological_Process_2023,Cardiac Right Ventricle Morphogenesis (GO:0003215),0.00043070302188328544,0.025949857068467946,0,0,inf,inf,TGFB2;SOX4
DR 42-,GO_Biological_Process_2023,Negative Regulation Of calcineurin-NFAT Signaling Cascade (GO:0070885),0.00043070302188328544,0.025949857068467946,0,0,inf,inf,RCAN1;FHL2
DR 42-,GO_Biological_Process_2023,Negative Regulation Of Calcineurin-Mediated Signaling (GO:0106057),0.00043070302188328544,0.025949857068467946,0,0,inf,inf,RCAN1;FHL2
DR 42-,GO_Biological_Process_2023,Regulation Of Smooth Muscle Cell Proliferation (GO:0048660),0.000518683469694183,0.028846780660684176,0,0,13.635087719298246,103.13875885726118,EDN1;IGFBP5;IGFBP3;THBS1
DR 42-,GO_Biological_Process_2023,Negative Regulation Of Cell Population Proliferation (GO:0008285),0.0008009987245811514,0.04136586270515518,0,0,5.475362318840579,39.0374235443703,TGFB2;IGFBP5;ADAMTS1;IGFBP3;MYC;THBS1;SOX4
DR 42-,GO_Biological_Process_2023,Negative Regulation Of Apoptotic Process (GO:0043066),0.0009666627408106262,0.04659314410707219,0,0,4.665832290362954,32.38862553816017,ANXA1;HSPA5;CITED2;MYC;FHL2;THBS1;CRYAB;DKK1
DR 42-,GO_Biological_Process_2023,Negative Regulation Of Signal Transduction (GO:0009968),0.0012234943334398403,0.04851226411724653,0,0,7.424710424710424,49.790437071239616,IGFBP5;IGFBP3;SOSTDC1;THBS1;DKK1
DR 42-,GO_Biological_Process_2023,Positive Regulation Of Wound Healing (GO:0090303),0.0012646568123104217,0.04851226411724653,0,0,18.75,125.1178966542368,ANXA1;CLDN1;THBS1
DR 42-,GO_Biological_Process_2023,Atrioventricular Valve Morphogenesis (GO:0003181),0.0012748727776316516,0.04851226411724653,0,0,97.85,652.1613346516612,TGFB2;SOX4
DR 42-,GO_Biological_Process_2023,Response To Gamma Radiation (GO:0010332),0.0012748727776316516,0.04851226411724653,0,0,97.85,652.1613346516612,MYC;CRYAB
DR 43-,GO_Biological_Process_2023,Cellular Response To Zinc Ion (GO:0071294),2.632881620354717e-20,7.108780374957737e-19,0,0,inf,inf,MT2A;MT1A;MT1M;MT1F;MT1G;MT1X;MT1H;MT1E
DR 43-,GO_Biological_Process_2023,Response To Zinc Ion (GO:0010043),2.366639133027672e-19,3.1949628295873575e-18,0,0,5301.333333333333,227361.70682706297,MT2A;MT1A;MT1M;MT1F;MT1G;MT1X;MT1H;MT1E
DR 43-,GO_Biological_Process_2023,Cellular Response To Copper Ion (GO:0071280),1.1818109868729522e-18,7.977224161392427e-18,0,0,2649.3333333333335,109363.11208900389,MT2A;MT1A;MT1M;MT1F;MT1G;MT1X;MT1H;MT1E
DR 43-,GO_Biological_Process_2023,Response To Copper Ion (GO:0046688),1.1818109868729522e-18,7.977224161392427e-18,0,0,2649.3333333333335,109363.11208900389,MT2A;MT1A;MT1M;MT1F;MT1G;MT1X;MT1H;MT1E
DR 43-,GO_Biological_Process_2023,Negative Regulation Of Growth (GO:0045926),2.7847236071653105e-14,1.5037507478692677e-13,0,0,309.3333333333333,9654.925201372273,MT2A;MT1A;MT1M;MT1F;MT1G;MT1X;MT1H;MT1E
DR 43-,GO_Biological_Process_2023,Cellular Response To Metal Ion (GO:0071248),4.016997177375675e-14,1.8076487298190538e-13,0,0,292.0,9006.931741569168,MT2A;MT1A;MT1M;MT1F;MT1G;MT1X;MT1H;MT1E
DR 43-,GO_Biological_Process_2023,Response To Cadmium Ion (GO:0046686),1.0898752177967623e-12,4.2038044115017974e-12,0,0,595.5,16403.022432621794,MT1A;MT1F;MT1G;MT1X;MT1H;MT1E
DR 43-,GO_Biological_Process_2023,Cellular Response To Cadmium Ion (GO:0071276),4.775002640077856e-12,1.6115633910262767e-11,0,0,396.6,10338.42070523711,MT1A;MT1F;MT1G;MT1X;MT1H;MT1E
DR 43-,GO_Biological_Process_2023,Copper Ion Homeostasis (GO:0055070),0.0054999290027479076,0.013499825734017592,0,0,inf,inf,MT2A
DR 43-,GO_Biological_Process_2023,Intracellular Copper Ion Homeostasis (GO:0006878),0.0054999290027479076,0.013499825734017592,0,0,inf,inf,MT2A
DR 43-,GO_Biological_Process_2023,Monocyte Activation (GO:0042117),0.0054999290027479076,0.013499825734017592,0,0,inf,inf,MT1G
DR 43-,GO_Biological_Process_2023,Monocyte Differentiation (GO:0030224),0.01641744732289319,0.036939256476509676,0,0,99.35,408.2699479283951,MT1G
DR 44-,GO_Biological_Process_2023,Response To Unfolded Protein (GO:0006986),2.371033329223136e-13,2.408969862490706e-10,0,0,inf,inf,DNAJB1;HSPB8;DDIT3;HSPA6;SERPINH1;HSPB1;HSPA2;HERPUD1;HSPA1A
DR 44-,GO_Biological_Process_2023,'De Novo' Post-Translational Protein Folding (GO:0051084),2.895250251013203e-08,9.805247516764714e-06,0,0,149.2987012987013,2591.4685103402376,DNAJB1;HSPA5;HSPA6;HSPA2;HSPA1B;HSPA1A
DR 44-,GO_Biological_Process_2023,Chaperone Cofactor-Dependent Protein Refolding (GO:0051085),2.895250251013203e-08,9.805247516764714e-06,0,0,149.2987012987013,2591.4685103402376,DNAJB1;HSPA5;HSPA6;HSPA2;HSPA1B;HSPA1A
DR 44-,GO_Biological_Process_2023,Negative Regulation Of Transcription By RNA Polymerase II (GO:0000122),3.980477965149986e-08,1.0110414031480964e-05,0,0,7.144920558497834,121.74429368675214,KLF10;JUN;MSX2;CITED2;VEGFA;EFNA1;DNAJB1;MAFB;MYC;DDIT3;ID1;BHLHE40;ID3;HES1;SOX4;HSPA1A
DR 44-,GO_Biological_Process_2023,Regulation Of Apoptotic Process (GO:0042981),1.429061433803325e-07,2.9038528334883562e-05,0,0,5.116213151927438,80.63703333536301,JUN;ANXA1;GADD45B;HSPA5;CITED2;HSPB1;HYPK;AGT;RHOB;VEGFA;SOCS2;TCIM;MYC;ANGPTL4;SGK1;CRYAB;HSPA1B;SOX4;HSPA1A;IER3
DR 44-,GO_Biological_Process_2023,Negative Regulation Of DNA-templated Transcription (GO:0045892),1.767294507022782e-07,2.992618698558578e-05,0,0,5.556720202874049,86.39947424901426,KLF10;JUN;MSX2;CITED2;VEGFA;EFNA1;DNAJB1;MAFB;ELF3;MYC;DDIT3;ID1;BHLHE40;ID3;HES1;CRYAB;SOX4;HSPA1A
DR 44-,GO_Biological_Process_2023,Negative Regulation Of Cellular Component Organization (GO:0051129),8.103675159001509e-07,0.00011761905659350762,0,0,21.97861842105263,308.2672220357105,DNAJB1;HSPA5;HSPA2;CRYAB;HSPA1B;VEGFA;HSPA1A
DR 44-,GO_Biological_Process_2023,Regulation Of DNA-templated Transcription (GO:0006355),1.5547532233186298e-06,0.00019745365936146597,0,0,4.139265850945495,55.35934336467913,KLF10;JUN;EHF;MSX2;CITED2;ATF7IP2;FOS;AGT;MAFB;ELF3;TCIM;BAMBI;MYC;DDIT3;ID1;BHLHE40;ID3;HES1;IRF6;CRYAB;SOX4
DR 44-,GO_Biological_Process_2023,Cellular Response To Heat (GO:0034605),2.150489867459896e-06,0.00021605635537578642,0,0,61.37820512820513,800.9742155992508,DNAJB1;TCIM;HSPA6;HSPA1B;HSPA1A
DR 44-,GO_Biological_Process_2023,Negative Regulation Of Programmed Cell Death (GO:0043069),2.46651610639953e-06,0.00021605635537578642,0,0,5.69038208168643,73.47821882033324,ANXA1;HSPA5;CITED2;HSPB1;HYPK;VEGFA;SOCS2;TCIM;MYC;ANGPTL4;CRYAB;HSPA1B;HSPA1A;IER3
DR 44-,GO_Biological_Process_2023,Regulation Of Transcription By RNA Polymerase II (GO:0006357),2.568750641025242e-06,0.00021605635537578642,0,0,3.99,51.359642727525895,KLF10;JUN;EHF;MSX2;CITED2;FOS;VEGFA;EFNA1;NFKBIA;DNAJB1;MAFB;ELF3;MYC;DDIT3;ID1;BHLHE40;ID3;HES1;IRF6;SOX4;HSPA1A
DR 44-,GO_Biological_Process_2023,Negative Regulation Of Inclusion Body Assembly (GO:0090084),2.764500610123251e-06,0.00021605635537578642,0,0,inf,inf,DNAJB1;HSPA2;HSPA1B;HSPA1A
DR 44-,GO_Biological_Process_2023,Regulation Of Inclusion Body Assembly (GO:0090083),2.764500610123251e-06,0.00021605635537578642,0,0,inf,inf,DNAJB1;HSPA2;HSPA1B;HSPA1A
DR 44-,GO_Biological_Process_2023,Negative Regulation Of Nucleic Acid-Templated Transcription (GO:1903507),7.2077234982505565e-06,0.0005230747910158975,0,0,6.65826873385013,78.83628146598855,KLF10;JUN;ELF3;MSX2;CITED2;DDIT3;ID1;BHLHE40;ID3;HES1;CRYAB
DR 44-,GO_Biological_Process_2023,Negative Regulation Of Apoptotic Process (GO:0043066),1.0010747817068827e-05,0.0006780613188094619,0,0,4.639959432048681,53.414522836162966,ANXA1;HSPA5;CITED2;HSPB1;HYPK;VEGFA;SOCS2;TCIM;MYC;PDK4;ANGPTL4;CRYAB;HSPA1B;HSPA1A;IER3
DR 44-,GO_Biological_Process_2023,Protein Stabilization (GO:0050821),3.658202167042802e-05,0.0023229583760721794,0,0,13.501770956316411,137.93346627496462,EFNA1;CRYAB;HSPA1B;HYPK;SOX4;HSPA1A
DR 44-,GO_Biological_Process_2023,Cellular Heat Acclimation (GO:0070370),6.901121591053426e-05,0.0038952997425057115,0,0,inf,inf,HSPA6;HSPA1B;HSPA1A
DR 44-,GO_Biological_Process_2023,Heat Acclimation (GO:0010286),6.901121591053426e-05,0.0038952997425057115,0,0,inf,inf,HSPA6;HSPA1B;HSPA1A
DR 44-,GO_Biological_Process_2023,Positive Regulation Of DNA-templated Transcription (GO:0045893),0.0001048888010395139,0.005491393086430536,0,0,3.513579642769758,32.19355929147193,KLF10;JUN;EHF;CITED2;FOS;AGT;VEGFA;NFKBIA;MAFB;ELF3;BAMBI;MYC;DDIT3;HES1;IRF6;SOX4
DR 44-,GO_Biological_Process_2023,Response To Endoplasmic Reticulum Stress (GO:0034976),0.00010809828910296332,0.005491393086430536,0,0,15.29647435897436,139.69458799486304,PPP1R15A;JUN;HSPA5;DDIT3;HERPUD1
DR 44-,GO_Biological_Process_2023,Negative Regulation Of MAPK Cascade (GO:0043409),0.00023613921856391028,0.01142464028861585,0,0,12.224358974358974,102.08670997916195,RGS2;DUSP2;DUSP1;MYC;AGT
DR 44-,GO_Biological_Process_2023,Positive Regulation Of Transcription From RNA Polymerase II Promoter In Response To Stress (GO:0036003),0.0002677540110610758,0.012365367056275138,0,0,71.85,590.9979982250227,HSPA5;DDIT3;VEGFA
DR 44-,GO_Biological_Process_2023,Integrated Stress Response Signaling (GO:0140467),0.0002966709774018398,0.013105117958272575,0,0,19.362025316455696,157.27554089908335,JUN;MAFB;DDIT3;FOS
DR 44-,GO_Biological_Process_2023,Positive Regulation Of Transcription By RNA Polymerase II (GO:0045944),0.000350930910129523,0.014856075195483142,0,0,3.5618045112781953,28.33387418536248,KLF10;JUN;EHF;CITED2;FOS;VEGFA;NFKBIA;ELF3;MYC;DDIT3;HES1;IRF6;SOX4
DR 44-,GO_Biological_Process_2023,Positive Regulation Of Nucleic Acid-Templated Transcription (GO:1903508),0.00045327147131307764,0.018420952594163476,0,0,4.239726027397261,32.64173267085676,JUN;MAFB;BAMBI;CITED2;MYC;DDIT3;FOS;IRF6;AGT;SOX4
DR 44-,GO_Biological_Process_2023,Negative Regulation Of DNA-binding Transcription Factor Activity (GO:0043433),0.000503429116951735,0.01967246087780626,0,0,7.390909090909091,56.12706353046506,NFKBIA;DDIT3;ID1;BHLHE40;ID3;HES1
DR 44-,GO_Biological_Process_2023,Ventricular Septum Development (GO:0003281),0.0006493109313518456,0.022748272629430178,0,0,35.90625,263.5374716744692,CITED2;HES1;SOX4
DR 44-,GO_Biological_Process_2023,Ventricular Septum Morphogenesis (GO:0060412),0.0006493109313518456,0.022748272629430178,0,0,35.90625,263.5374716744692,CITED2;HES1;SOX4
DR 44-,GO_Biological_Process_2023,Purine Ribonucleoside Triphosphate Metabolic Process (GO:0009205),0.0006493109313518456,0.022748272629430178,0,0,35.90625,263.5374716744692,EFNA1;HSPA1B;HSPA1A
DR 44-,GO_Biological_Process_2023,Positive Regulation Of Wound Healing (GO:0090303),0.0007288302183060354,0.0246830500599644,0,0,13.815551537070524,99.80450793547504,CLDN4;ANXA1;SERPINE1;CLDN1
DR 44-,GO_Biological_Process_2023,Regulation Of Interleukin-8 Production (GO:0032677),0.0010342949377687013,0.033898182476548404,0,0,8.128205128205128,55.8735690090085,ANXA1;DDIT3;SERPINE1;HSPA1B;HSPA1A
DR 44-,GO_Biological_Process_2023,Regulation Of Cellular Response To Stress (GO:0080135),0.0012597408691091625,0.03679904828007188,0,0,23.925,159.7436180336659,DNAJB1;SLC38A2;SOX4
DR 44-,GO_Biological_Process_2023,Regulation Of Endoplasmic Reticulum Stress-Induced Intrinsic Apoptotic Signaling Pathway (GO:1902235),0.0012597408691091625,0.03679904828007188,0,0,23.925,159.7436180336659,DDIT3;HERPUD1;HSPA1A
DR 44-,GO_Biological_Process_2023,Anterior/Posterior Pattern Specification (GO:0009952),0.0012597408691091625,0.03679904828007188,0,0,23.925,159.7436180336659,DDIT3;BHLHE40;HES1
DR 44-,GO_Biological_Process_2023,Apoptotic Process (GO:0006915),0.001574303120791112,0.03679904828007188,0,0,4.8125,31.059598606622853,PPP1R15A;NFKBIA;MYC;DDIT4;PHLDA2;RHOB;IER3
DR 44-,GO_Biological_Process_2023,Negative Regulation Of Endoplasmic Reticulum Unfolded Protein Response (GO:1900102),0.0017023181783104122,0.03679904828007188,0,0,inf,inf,PPP1R15A;HSPA5
DR 44-,GO_Biological_Process_2023,Negative Regulation Of Phospholipase Activity (GO:0010519),0.0017023181783104122,0.03679904828007188,0,0,inf,inf,RGS2;ANXA1
DR 44-,GO_Biological_Process_2023,Negative Regulation Of Transcription From RNA Polymerase II Promoter In Response To Stress (GO:0097201),0.0017023181783104122,0.03679904828007188,0,0,inf,inf,JUN;CITED2
DR 44-,GO_Biological_Process_2023,Regulation Of Microtubule Nucleation (GO:0010968),0.0017023181783104122,0.03679904828007188,0,0,inf,inf,HSPA1B;HSPA1A
DR 44-,GO_Biological_Process_2023,Cellular Response To Topologically Incorrect Protein (GO:0035967),0.0017023181783104122,0.03679904828007188,0,0,inf,inf,HSPB8;HSPA1A
DR 44-,GO_Biological_Process_2023,Cellular Response To Unfolded Protein (GO:0034620),0.0017023181783104122,0.03679904828007188,0,0,inf,inf,HSPB8;HSPA1A
DR 44-,GO_Biological_Process_2023,Positive Regulation Of Cell Migration By Vascular Endothelial Growth Factor Signaling Pathway (GO:0038089),0.0017023181783104122,0.03679904828007188,0,0,inf,inf,HSPB1;VEGFA
DR 44-,GO_Biological_Process_2023,Positive Regulation Of Microtubule Nucleation (GO:0090063),0.0017023181783104122,0.03679904828007188,0,0,inf,inf,HSPA1B;HSPA1A
DR 44-,GO_Biological_Process_2023,Positive Regulation Of Transcription From RNA Polymerase II Promoter In Response To Endoplasmic Reticulum Stress (GO:1990440),0.0017023181783104122,0.03679904828007188,0,0,inf,inf,HSPA5;DDIT3
DR 44-,GO_Biological_Process_2023,Protein Localization To Endoplasmic Reticulum (GO:0070972),0.0017023181783104122,0.03679904828007188,0,0,inf,inf,PPP1R15A;HSPA5
DR 44-,GO_Biological_Process_2023,Mitral Valve Development (GO:0003174),0.0017023181783104122,0.03679904828007188,0,0,inf,inf,EFNA1;SOX4
DR 44-,GO_Biological_Process_2023,Mitral Valve Morphogenesis (GO:0003183),0.0017023181783104122,0.03679904828007188,0,0,inf,inf,EFNA1;SOX4
DR 44-,GO_Biological_Process_2023,Purine Ribonucleotide Metabolic Process (GO:0009150),0.002138652395598204,0.0434574166785555,0,0,17.934375,110.25299376365429,EFNA1;HSPA1B;HSPA1A
DR 44-,GO_Biological_Process_2023,Negative Regulation Of DNA Binding (GO:0043392),0.002138652395598204,0.0434574166785555,0,0,17.934375,110.25299376365429,NFKBIA;JUN;MSX2
DR 44-,GO_Biological_Process_2023,Regulation Of Cellular Catabolic Process (GO:0031329),0.002138652395598204,0.0434574166785555,0,0,17.934375,110.25299376365429,DDIT3;HSPB1;DEPP1
DR 45+,GO_Biological_Process_2023,Unsaturated Fatty Acid Biosynthetic Process (GO:0006636),0.0009999772468562472,0.007497985800948153,0,0,inf,inf,SCD
DR 45+,GO_Biological_Process_2023,Contractile Actin Filament Bundle Assembly (GO:0030038),0.0019994628802528407,0.007497985800948153,0,0,1997.0,12411.10875864577,PDLIM1
DR 45+,GO_Biological_Process_2023,Stress Fiber Assembly (GO:0043149),0.0019994628802528407,0.007497985800948153,0,0,1997.0,12411.10875864577,PDLIM1
DR 45+,GO_Biological_Process_2023,Ameboidal-Type Cell Migration (GO:0001667),0.0019994628802528407,0.007497985800948153,0,0,1997.0,12411.10875864577,PDLIM1
DR 45+,GO_Biological_Process_2023,Response To Fatty Acid (GO:0070542),0.003996940175559315,0.011990820526677947,0,0,665.0,3672.2804008559224,SCD
DR 45+,GO_Biological_Process_2023,Unsaturated Fatty Acid Metabolic Process (GO:0033559),0.005992420981906273,0.01284090210408487,0,0,398.6,2039.7397474739962,SCD
DR 45+,GO_Biological_Process_2023,Fatty Acid Biosynthetic Process (GO:0006633),0.005992420981906273,0.01284090210408487,0,0,398.6,2039.7397474739962,SCD
DR 45+,GO_Biological_Process_2023,Actomyosin Structure Organization (GO:0031032),0.009977386647081452,0.018707599963277723,0,0,221.0,1018.2429321130927,PDLIM1
DR 45+,GO_Biological_Process_2023,Positive Regulation Of Cold-Induced Thermogenesis (GO:0120162),0.01990480332141886,0.029842207694373166,0,0,104.15789473684211,407.96503834796744,SCD
DR 45+,GO_Biological_Process_2023,Circulatory System Development (GO:0072359),0.021884285642540323,0.029842207694373166,0,0,94.14285714285714,359.8127243917042,PDLIM1
DR 45+,GO_Biological_Process_2023,Heart Development (GO:0007507),0.021884285642540323,0.029842207694373166,0,0,94.14285714285714,359.8127243917042,PDLIM1
DR 45+,GO_Biological_Process_2023,Positive Regulation Of Metabolic Process (GO:0009893),0.025837248610015073,0.03095104496155385,0,0,78.92,288.5266335638289,SCD
DR 45+,GO_Biological_Process_2023,Regulation Of Cold-Induced Thermogenesis (GO:0120161),0.026824238966680007,0.03095104496155385,0,0,75.84615384615384,274.44546693171515,SCD
DR 45+,GO_Biological_Process_2023,Response To Lipid (GO:0033993),0.029782209026326924,0.03190950967106456,0,0,67.89655172413794,238.57789607658955,SCD
DR 46+,GO_Biological_Process_2023,Pathway-Restricted SMAD Protein Phosphorylation (GO:0060389),0.0014999697593334861,0.018302844934699886,0,0,inf,inf,TGFB2
DR 46+,GO_Biological_Process_2023,Cardioblast Differentiation (GO:0010002),0.0014999697593334861,0.018302844934699886,0,0,inf,inf,TGFB2
DR 46+,GO_Biological_Process_2023,Positive Regulation Of Blood Circulation (GO:1903524),0.0014999697593334861,0.018302844934699886,0,0,inf,inf,TGFB2
DR 46+,GO_Biological_Process_2023,Gland Morphogenesis (GO:0022612),0.0014999697593334861,0.018302844934699886,0,0,inf,inf,TGFB2
DR 46+,GO_Biological_Process_2023,Atrial Septum Development (GO:0003283),0.0014999697593334861,0.018302844934699886,0,0,inf,inf,TGFB2
DR 46+,GO_Biological_Process_2023,Pulmonary Valve Morphogenesis (GO:0003184),0.0014999697593334861,0.018302844934699886,0,0,inf,inf,TGFB2
DR 46+,GO_Biological_Process_2023,Embryonic Appendage Morphogenesis (GO:0035113),0.0014999697593334861,0.018302844934699886,0,0,inf,inf,TGFB2
DR 46+,GO_Biological_Process_2023,Regulation Of Transforming Growth Factor Beta2 Production (GO:0032909),0.0014999697593334861,0.018302844934699886,0,0,inf,inf,TGFB2
DR 46+,GO_Biological_Process_2023,Limb Morphogenesis (GO:0035108),0.0014999697593334861,0.018302844934699886,0,0,inf,inf,TGFB2
DR 46+,GO_Biological_Process_2023,Regulation Of Complement-Dependent Cytotoxicity (GO:1903659),0.0029984508787525596,0.018302844934699886,0,0,998.0,5798.040178435152,TGFB2
DR 46+,GO_Biological_Process_2023,Cardiac Right Ventricle Morphogenesis (GO:0003215),0.0029984508787525596,0.018302844934699886,0,0,998.0,5798.040178435152,TGFB2
DR 46+,GO_Biological_Process_2023,Negative Regulation Of Small GTPase Mediated Signal Transduction (GO:0051058),0.0029984508787525596,0.018302844934699886,0,0,998.0,5798.040178435152,TGFB2
DR 46+,GO_Biological_Process_2023,Catecholamine Biosynthetic Process (GO:0042423),0.0029984508787525596,0.018302844934699886,0,0,998.0,5798.040178435152,TGFB2
DR 46+,GO_Biological_Process_2023,Positive Regulation Of Cardiac Epithelial To Mesenchymal Transition (GO:0062043),0.0029984508787525596,0.018302844934699886,0,0,998.0,5798.040178435152,TGFB2
DR 46+,GO_Biological_Process_2023,Positive Regulation Of Cardiocyte Differentiation (GO:1905209),0.0029984508787525596,0.018302844934699886,0,0,998.0,5798.040178435152,TGFB2
DR 46+,GO_Biological_Process_2023,Mesenchyme Morphogenesis (GO:0072132),0.0029984508787525596,0.018302844934699886,0,0,998.0,5798.040178435152,TGFB2
DR 46+,GO_Biological_Process_2023,Regulation Of Epithelial To Mesenchymal Transition Involved In Endocardial Cushion Formation (GO:1905005),0.0029984508787525596,0.018302844934699886,0,0,998.0,5798.040178435152,TGFB2
DR 46+,GO_Biological_Process_2023,Atrial Septum Morphogenesis (GO:0060413),0.0029984508787525596,0.018302844934699886,0,0,998.0,5798.040178435152,TGFB2
DR 46+,GO_Biological_Process_2023,Atrioventricular Valve Development (GO:0003171),0.0029984508787525596,0.018302844934699886,0,0,998.0,5798.040178435152,TGFB2
DR 46+,GO_Biological_Process_2023,Pulmonary Valve Development (GO:0003177),0.0029984508787525596,0.018302844934699886,0,0,998.0,5798.040178435152,TGFB2
DR 46+,GO_Biological_Process_2023,Embryo Development Ending In Birth Or Egg Hatching (GO:0009792),0.0029984508787525596,0.018302844934699886,0,0,998.0,5798.040178435152,TGFB2
DR 46+,GO_Biological_Process_2023,Embryonic Limb Morphogenesis (GO:0030326),0.0029984508787525596,0.018302844934699886,0,0,998.0,5798.040178435152,TGFB2
DR 46+,GO_Biological_Process_2023,Endocardial Cushion Development (GO:0003197),0.0029984508787525596,0.018302844934699886,0,0,998.0,5798.040178435152,TGFB2
DR 46+,GO_Biological_Process_2023,Endocardial Cushion Morphogenesis (GO:0003203),0.0029984508787525596,0.018302844934699886,0,0,998.0,5798.040178435152,TGFB2
DR 46+,GO_Biological_Process_2023,Ventricular Trabecula Myocardium Morphogenesis (GO:0003222),0.0029984508787525596,0.018302844934699886,0,0,998.0,5798.040178435152,TGFB2
DR 46+,GO_Biological_Process_2023,Primary Neural Tube Formation (GO:0014020),0.0029984508787525596,0.018302844934699886,0,0,998.0,5798.040178435152,TGFB2
DR 46+,GO_Biological_Process_2023,Visual System Development (GO:0150063),0.004495435597996463,0.018302844934699886,0,0,498.75,2695.5904883764883,TGFB2
DR 46+,GO_Biological_Process_2023,Cardiac Atrium Morphogenesis (GO:0003209),0.004495435597996463,0.018302844934699886,0,0,498.75,2695.5904883764883,TGFB2
DR 46+,GO_Biological_Process_2023,Cardiac Epithelial To Mesenchymal Transition (GO:0060317),0.004495435597996463,0.018302844934699886,0,0,498.75,2695.5904883764883,TGFB2
DR 46+,GO_Biological_Process_2023,Outflow Tract Septum Morphogenesis (GO:0003148),0.004495435597996463,0.018302844934699886,0,0,498.75,2695.5904883764883,TGFB2
DR 46+,GO_Biological_Process_2023,Cardiocyte Differentiation (GO:0035051),0.004495435597996463,0.018302844934699886,0,0,498.75,2695.5904883764883,TGFB2
DR 46+,GO_Biological_Process_2023,Regulation Of Macrophage Cytokine Production (GO:0010935),0.004495435597996463,0.018302844934699886,0,0,498.75,2695.5904883764883,TGFB2
DR 46+,GO_Biological_Process_2023,Pharyngeal Arch Artery Morphogenesis (GO:0061626),0.004495435597996463,0.018302844934699886,0,0,498.75,2695.5904883764883,TGFB2
DR 46+,GO_Biological_Process_2023,Pharyngeal System Development (GO:0060037),0.004495435597996463,0.018302844934699886,0,0,498.75,2695.5904883764883,TGFB2
DR 46+,GO_Biological_Process_2023,Positive Regulation Of Stem Cell Differentiation (GO:2000738),0.004495435597996463,0.018302844934699886,0,0,498.75,2695.5904883764883,TGFB2
DR 46+,GO_Biological_Process_2023,Positive Regulation Of Stress-Activated Protein Kinase Signaling Cascade (GO:0070304),0.004495435597996463,0.018302844934699886,0,0,498.75,2695.5904883764883,TGFB2
DR 46+,GO_Biological_Process_2023,Neural Tube Closure (GO:0001843),0.004495435597996463,0.018302844934699886,0,0,498.75,2695.5904883764883,TGFB2
DR 46+,GO_Biological_Process_2023,Atrioventricular Valve Morphogenesis (GO:0003181),0.004495435597996463,0.018302844934699886,0,0,498.75,2695.5904883764883,TGFB2
DR 46+,GO_Biological_Process_2023,Secondary Palate Development (GO:0062009),0.004495435597996463,0.018302844934699886,0,0,498.75,2695.5904883764883,TGFB2
DR 46+,GO_Biological_Process_2023,Tube Closure (GO:0060606),0.004495435597996463,0.018302844934699886,0,0,498.75,2695.5904883764883,TGFB2
DR 46+,GO_Biological_Process_2023,Regulation Of Cell Killing (GO:0031341),0.004495435597996463,0.018302844934699886,0,0,498.75,2695.5904883764883,TGFB2
DR 46+,GO_Biological_Process_2023,Ventricular Cardiac Muscle Tissue Morphogenesis (GO:0055010),0.004495435597996463,0.018302844934699886,0,0,498.75,2695.5904883764883,TGFB2
DR 46+,GO_Biological_Process_2023,Negative Regulation Of Ras Protein Signal Transduction (GO:0046580),0.005990923177088634,0.020488957265643128,0,0,332.3333333333333,1700.719076579553,TGFB2
DR 46+,GO_Biological_Process_2023,Response To Progesterone (GO:0032570),0.005990923177088634,0.020488957265643128,0,0,332.3333333333333,1700.719076579553,TGFB2
DR 46+,GO_Biological_Process_2023,Dopamine Metabolic Process (GO:0042417),0.005990923177088634,0.020488957265643128,0,0,332.3333333333333,1700.719076579553,TGFB2
DR 46+,GO_Biological_Process_2023,Sensory Organ Development (GO:0007423),0.005990923177088634,0.020488957265643128,0,0,332.3333333333333,1700.719076579553,TGFB2
DR 46+,GO_Biological_Process_2023,Embryonic Digestive Tract Development (GO:0048566),0.005990923177088634,0.020488957265643128,0,0,332.3333333333333,1700.719076579553,TGFB2
DR 46+,GO_Biological_Process_2023,Negative Regulation Of Phosphatase Activity (GO:0010923),0.005990923177088634,0.020488957265643128,0,0,332.3333333333333,1700.719076579553,TGFB2
DR 46+,GO_Biological_Process_2023,Heart Trabecula Morphogenesis (GO:0061384),0.005990923177088634,0.020488957265643128,0,0,332.3333333333333,1700.719076579553,TGFB2
DR 46+,GO_Biological_Process_2023,Positive Regulation Of Notch Signaling Pathway (GO:0045747),0.005990923177088634,0.020488957265643128,0,0,332.3333333333333,1700.719076579553,TGFB2
DR 46+,GO_Biological_Process_2023,Eye Development (GO:0001654),0.0074849137117136465,0.02355391197671492,0,0,249.125,1219.4334397688704,TGFB2
DR 46+,GO_Biological_Process_2023,Ventricular Septum Development (GO:0003281),0.0074849137117136465,0.02355391197671492,0,0,249.125,1219.4334397688704,TGFB2
DR 46+,GO_Biological_Process_2023,Ventricular Septum Morphogenesis (GO:0060412),0.0074849137117136465,0.02355391197671492,0,0,249.125,1219.4334397688704,TGFB2
DR 46+,GO_Biological_Process_2023,Negative Regulation Of Cytokine Production Involved In Immune Response (GO:0002719),0.0074849137117136465,0.02355391197671492,0,0,249.125,1219.4334397688704,TGFB2
DR 46+,GO_Biological_Process_2023,Epithelial To Mesenchymal Transition (GO:0001837),0.008977407586967275,0.02355391197671492,0,0,199.2,938.8383898526647,TGFB2
DR 46+,GO_Biological_Process_2023,Positive Regulation Of Heart Contraction (GO:0045823),0.008977407586967275,0.02355391197671492,0,0,199.2,938.8383898526647,TGFB2
DR 46+,GO_Biological_Process_2023,BMP Signaling Pathway (GO:0030509),0.008977407586967275,0.02355391197671492,0,0,199.2,938.8383898526647,TGFB2
DR 46+,GO_Biological_Process_2023,Male Gonad Development (GO:0008584),0.008977407586967275,0.02355391197671492,0,0,199.2,938.8383898526647,TGFB2
DR 46+,GO_Biological_Process_2023,Positive Regulation Of Protein Secretion (GO:0050714),0.008977407586967275,0.02355391197671492,0,0,199.2,938.8383898526647,TGFB2
DR 46+,GO_Biological_Process_2023,Positive Regulation Of Response To Stimulus (GO:0048584),0.008977407586967275,0.02355391197671492,0,0,199.2,938.8383898526647,TGFB2
DR 46+,GO_Biological_Process_2023,Development Of Primary Male Sexual Characteristics (GO:0046546),0.008977407586967275,0.02355391197671492,0,0,199.2,938.8383898526647,TGFB2
DR 46+,GO_Biological_Process_2023,Gliogenesis (GO:0042063),0.008977407586967275,0.02355391197671492,0,0,199.2,938.8383898526647,TGFB2
DR 46+,GO_Biological_Process_2023,Heart Morphogenesis (GO:0003007),0.008977407586967275,0.02355391197671492,0,0,199.2,938.8383898526647,TGFB2
DR 46+,GO_Biological_Process_2023,Renal System Development (GO:0072001),0.01046840532298441,0.02355391197671492,0,0,165.91666666666666,756.4793839639228,TGFB2
DR 46+,GO_Biological_Process_2023,Stem Cell Differentiation (GO:0048863),0.01046840532298441,0.02355391197671492,0,0,165.91666666666666,756.4793839639228,TGFB2
DR 46+,GO_Biological_Process_2023,Positive Regulation Of Immune System Process (GO:0002684),0.01046840532298441,0.02355391197671492,0,0,165.91666666666666,756.4793839639228,TGFB2
DR 46+,GO_Biological_Process_2023,Cardiac Ventricle Morphogenesis (GO:0003208),0.01046840532298441,0.02355391197671492,0,0,165.91666666666666,756.4793839639228,TGFB2
DR 46+,GO_Biological_Process_2023,Regulation Of Notch Signaling Pathway (GO:0008593),0.01046840532298441,0.02355391197671492,0,0,165.91666666666666,756.4793839639228,TGFB2
DR 46+,GO_Biological_Process_2023,Regulation Of Ras Protein Signal Transduction (GO:0046578),0.01046840532298441,0.02355391197671492,0,0,165.91666666666666,756.4793839639228,TGFB2
DR 46+,GO_Biological_Process_2023,Cell Junction Organization (GO:0034330),0.01046840532298441,0.02355391197671492,0,0,165.91666666666666,756.4793839639228,TGFB2
DR 46+,GO_Biological_Process_2023,Response To Ketone (GO:1901654),0.01046840532298441,0.02355391197671492,0,0,165.91666666666666,756.4793839639228,TGFB2
DR 46+,GO_Biological_Process_2023,Mesenchymal Cell Differentiation (GO:0048762),0.01046840532298441,0.02355391197671492,0,0,165.91666666666666,756.4793839639228,TGFB2
DR 46+,GO_Biological_Process_2023,Neurogenesis (GO:0022008),0.01046840532298441,0.02355391197671492,0,0,165.91666666666666,756.4793839639228,TGFB2
DR 46+,GO_Biological_Process_2023,Regulation Of Stress-Activated MAPK Cascade (GO:0032872),0.01046840532298441,0.02355391197671492,0,0,165.91666666666666,756.4793839639228,TGFB2
DR 46+,GO_Biological_Process_2023,Digestive Tract Development (GO:0048565),0.01046840532298441,0.02355391197671492,0,0,165.91666666666666,756.4793839639228,TGFB2
DR 46+,GO_Biological_Process_2023,Gonad Development (GO:0008406),0.01046840532298441,0.02355391197671492,0,0,165.91666666666666,756.4793839639228,TGFB2
DR 46+,GO_Biological_Process_2023,Positive Regulation Of Protein Transport (GO:0051222),0.011957907513459116,0.024056496291782456,0,0,142.14285714285714,629.1758129029836,TGFB2
DR 46+,GO_Biological_Process_2023,Cell-Cell Junction Organization (GO:0045216),0.011957907513459116,0.024056496291782456,0,0,142.14285714285714,629.1758129029836,TGFB2
DR 46+,GO_Biological_Process_2023,Cellular Response To BMP Stimulus (GO:0071773),0.011957907513459116,0.024056496291782456,0,0,142.14285714285714,629.1758129029836,TGFB2
DR 46+,GO_Biological_Process_2023,Response To Steroid Hormone (GO:0048545),0.011957907513459116,0.024056496291782456,0,0,142.14285714285714,629.1758129029836,TGFB2
DR 46+,GO_Biological_Process_2023,Artery Morphogenesis (GO:0048844),0.011957907513459116,0.024056496291782456,0,0,142.14285714285714,629.1758129029836,TGFB2
DR 46+,GO_Biological_Process_2023,Regulation Of Transforming Growth Factor Beta Production (GO:0071634),0.011957907513459116,0.024056496291782456,0,0,142.14285714285714,629.1758129029836,TGFB2
DR 46+,GO_Biological_Process_2023,Embryonic Organ Development (GO:0048568),0.011957907513459116,0.024056496291782456,0,0,142.14285714285714,629.1758129029836,TGFB2
DR 46+,GO_Biological_Process_2023,SMAD Protein Signal Transduction (GO:0060395),0.011957907513459116,0.024056496291782456,0,0,142.14285714285714,629.1758129029836,TGFB2
DR 46+,GO_Biological_Process_2023,Positive Regulation Of Pathway-Restricted SMAD Protein Phosphorylation (GO:0010862),0.011957907513459116,0.024056496291782456,0,0,142.14285714285714,629.1758129029836,TGFB2
DR 46+,GO_Biological_Process_2023,Odontogenesis (GO:0042476),0.013445914798449674,0.025834285736347128,0,0,124.3125,535.6725014742757,TGFB2
DR 46+,GO_Biological_Process_2023,Regulation Of Epithelial Cell Migration (GO:0010632),0.013445914798449674,0.025834285736347128,0,0,124.3125,535.6725014742757,TGFB2
DR 46+,GO_Biological_Process_2023,Regulation Of Heart Contraction (GO:0008016),0.013445914798449674,0.025834285736347128,0,0,124.3125,535.6725014742757,TGFB2
DR 46+,GO_Biological_Process_2023,Positive Regulation Of Neuron Apoptotic Process (GO:0043525),0.013445914798449674,0.025834285736347128,0,0,124.3125,535.6725014742757,TGFB2
DR 46+,GO_Biological_Process_2023,Positive Regulation Of Cell Adhesion Mediated By Integrin (GO:0033630),0.014932427838149076,0.02775483869916839,0,0,110.44444444444444,464.3327495011699,TGFB2
DR 46+,GO_Biological_Process_2023,Kidney Development (GO:0001822),0.014932427838149076,0.02775483869916839,0,0,110.44444444444444,464.3327495011699,TGFB2
DR 46+,GO_Biological_Process_2023,Regulation Of Pathway-Restricted SMAD Protein Phosphorylation (GO:0060393),0.014932427838149076,0.02775483869916839,0,0,110.44444444444444,464.3327495011699,TGFB2
DR 46+,GO_Biological_Process_2023,Positive Regulation Of Growth (GO:0045927),0.01641744732289319,0.028942097857883868,0,0,99.35,408.2699479283951,TGFB2
DR 46+,GO_Biological_Process_2023,Positive Regulation Of Secretion By Cell (GO:1903532),0.01641744732289319,0.028942097857883868,0,0,99.35,408.2699479283951,TGFB2
DR 46+,GO_Biological_Process_2023,Positive Regulation Of Cell Growth (GO:0030307),0.01641744732289319,0.028942097857883868,0,0,99.35,408.2699479283951,TGFB2
DR 46+,GO_Biological_Process_2023,Positive Regulation Of miRNA Metabolic Process (GO:2000630),0.01641744732289319,0.028942097857883868,0,0,99.35,408.2699479283951,TGFB2
DR 46+,GO_Biological_Process_2023,Positive Regulation Of miRNA Transcription (GO:1902895),0.01641744732289319,0.028942097857883868,0,0,99.35,408.2699479283951,TGFB2
DR 46+,GO_Biological_Process_2023,Regulation Of miRNA Transcription (GO:1902893),0.017900973946623735,0.031235372906863866,0,0,90.27272727272727,363.15816873539876,TGFB2
DR 46+,GO_Biological_Process_2023,Activation Of Protein Kinase Activity (GO:0032147),0.019383008418779567,0.03281677662981491,0,0,82.70833333333333,326.14860525118996,TGFB2
DR 46+,GO_Biological_Process_2023,Positive Regulation Of Neuron Death (GO:1901216),0.019383008418779567,0.03281677662981491,0,0,82.70833333333333,326.14860525118996,TGFB2
DR 46+,GO_Biological_Process_2023,Regulation Of Cell Adhesion Mediated By Integrin (GO:0033628),0.019383008418779567,0.03281677662981491,0,0,82.70833333333333,326.14860525118996,TGFB2
DR 46+,GO_Biological_Process_2023,Regulation Of Protein Secretion (GO:0050708),0.020863551456261537,0.03430449325981464,0,0,76.3076923076923,295.2918137836408,TGFB2
DR 46+,GO_Biological_Process_2023,Extrinsic Apoptotic Signaling Pathway (GO:0097191),0.020863551456261537,0.03430449325981464,0,0,76.3076923076923,295.2918137836408,TGFB2
DR 46+,GO_Biological_Process_2023,Generation Of Neurons (GO:0048699),0.020863551456261537,0.03430449325981464,0,0,76.3076923076923,295.2918137836408,TGFB2
DR 46+,GO_Biological_Process_2023,Negative Regulation Of Epithelial Cell Proliferation (GO:0050680),0.022342603775324026,0.03570640416430289,0,0,70.82142857142857,269.21065931999277,TGFB2
DR 46+,GO_Biological_Process_2023,Neuron Development (GO:0048666),0.022342603775324026,0.03570640416430289,0,0,70.82142857142857,269.21065931999277,TGFB2
DR 46+,GO_Biological_Process_2023,Transforming Growth Factor Beta Receptor Signaling Pathway (GO:0007179),0.022342603775324026,0.03570640416430289,0,0,70.82142857142857,269.21065931999277,TGFB2
DR 46+,GO_Biological_Process_2023,Positive Regulation Of Cell Cycle (GO:0045787),0.02382016611063104,0.037029530953799156,0,0,66.06666666666666,246.9058491218439,TGFB2
DR 46+,GO_Biological_Process_2023,Regulation Of Epithelial Cell Proliferation (GO:0050678),0.02382016611063104,0.037029530953799156,0,0,66.06666666666666,246.9058491218439,TGFB2
DR 46+,GO_Biological_Process_2023,Positive Regulation Of Epithelial To Mesenchymal Transition (GO:0010718),0.02382016611063104,0.037029530953799156,0,0,66.06666666666666,246.9058491218439,TGFB2
DR 46+,GO_Biological_Process_2023,Collagen Fibril Organization (GO:0030199),0.025296239181982868,0.03896988198305469,0,0,61.90625,227.63544359817465,TGFB2
DR 46+,GO_Biological_Process_2023,Positive Regulation Of Stress-Activated MAPK Cascade (GO:0032874),0.026770823728140856,0.04051160050895651,0,0,58.23529411764706,210.83754263767145,TGFB2
DR 46+,GO_Biological_Process_2023,Negative Regulation Of Cell Growth (GO:0030308),0.026770823728140856,0.04051160050895651,0,0,58.23529411764706,210.83754263767145,TGFB2
DR 46+,GO_Biological_Process_2023,Wound Healing (GO:0042060),0.028243920482991285,0.04163543450509922,0,0,54.97222222222222,196.07915776000354,TGFB2
DR 46+,GO_Biological_Process_2023,Neuron Differentiation (GO:0030182),0.028243920482991285,0.04163543450509922,0,0,54.97222222222222,196.07915776000354,TGFB2
DR 46+,GO_Biological_Process_2023,Hemopoiesis (GO:0030097),0.028243920482991285,0.04163543450509922,0,0,54.97222222222222,196.07915776000354,TGFB2
DR 46+,GO_Biological_Process_2023,Transmembrane Receptor Protein Serine/Threonine Kinase Signaling Pathway (GO:0007178),0.029715530184864707,0.04270046774463752,0,0,52.05263157894737,183.02150146546361,TGFB2
DR 46+,GO_Biological_Process_2023,Positive Regulation Of Epithelial Cell Migration (GO:0010634),0.029715530184864707,0.04270046774463752,0,0,52.05263157894737,183.02150146546361,TGFB2
DR 46+,GO_Biological_Process_2023,Cellular Response To Transforming Growth Factor Beta Stimulus (GO:0071560),0.029715530184864707,0.04270046774463752,0,0,52.05263157894737,183.02150146546361,TGFB2
DR 46+,GO_Biological_Process_2023,Positive Regulation Of Phosphatidylinositol 3-Kinase Signaling (GO:0014068),0.031185653566893613,0.04335566471494965,0,0,49.425,171.39587223544177,TGFB2
DR 46+,GO_Biological_Process_2023,Regulation Of Epithelial To Mesenchymal Transition (GO:0010717),0.031185653566893613,0.04335566471494965,0,0,49.425,171.39587223544177,TGFB2
DR 46+,GO_Biological_Process_2023,Negative Regulation Of Blood Vessel Morphogenesis (GO:2000181),0.031185653566893613,0.04335566471494965,0,0,49.425,171.39587223544177,TGFB2
DR 46+,GO_Biological_Process_2023,Positive Regulation Of Transmembrane Receptor Protein Serine/Threonine Kinase Signaling Pathway (GO:0090100),0.031185653566893613,0.04335566471494965,0,0,49.425,171.39587223544177,TGFB2
DR 46+,GO_Biological_Process_2023,Circulatory System Development (GO:0072359),0.03265429137271584,0.04396758917113708,0,0,47.04761904761905,160.98655468236515,TGFB2
DR 46+,GO_Biological_Process_2023,Positive Regulation Of Cell Adhesion (GO:0045785),0.03265429137271584,0.04396758917113708,0,0,47.04761904761905,160.98655468236515,TGFB2
DR 46+,GO_Biological_Process_2023,Heart Development (GO:0007507),0.03265429137271584,0.04396758917113708,0,0,47.04761904761905,160.98655468236515,TGFB2
DR 46+,GO_Biological_Process_2023,Regulation Of Phosphatidylinositol 3-Kinase Signaling (GO:0014066),0.03265429137271584,0.04396758917113708,0,0,47.04761904761905,160.98655468236515,TGFB2
DR 46+,GO_Biological_Process_2023,Negative Regulation Of Angiogenesis (GO:0016525),0.034121444339914986,0.04523075179942219,0,0,44.88636363636363,151.6184709430509,TGFB2
DR 46+,GO_Biological_Process_2023,Skeletal System Development (GO:0001501),0.034121444339914986,0.04523075179942219,0,0,44.88636363636363,151.6184709430509,TGFB2
DR 46+,GO_Biological_Process_2023,Positive Regulation Of Cellular Component Organization (GO:0051130),0.03558711321655867,0.04681074123101179,0,0,42.91304347826087,143.1481157792265,TGFB2
DR 46+,GO_Biological_Process_2023,Negative Regulation Of Growth (GO:0045926),0.037051298740697146,0.04799827336863039,0,0,41.104166666666664,135.456803075988,TGFB2
DR 46+,GO_Biological_Process_2023,Regulation Of Immune Response (GO:0050776),0.037051298740697146,0.04799827336863039,0,0,41.104166666666664,135.456803075988,TGFB2
DR 46+,GO_Biological_Process_2023,Positive Regulation Of Immune Response (GO:0050778),0.0385140016556819,0.04914846479941496,0,0,39.44,128.44556625973019,TGFB2
DR 46+,GO_Biological_Process_2023,Negative Regulation Of DNA-binding Transcription Factor Activity (GO:0043433),0.0385140016556819,0.04914846479941496,0,0,39.44,128.44556625973019,ID3
DR 47-,GO_Biological_Process_2023,Organic Substance Transport (GO:0071702),0.0023615657929183793,0.031499493122853876,0,0,41.041666666666664,248.23766467681088,TCN1;AQP5
DR 47-,GO_Biological_Process_2023,Regulation Of Signal Transduction (GO:0009966),0.002547071098803372,0.031499493122853876,0,0,39.38,235.209303821433,IGFBP2;IGFBP7
DR 47-,GO_Biological_Process_2023,Response To Testosterone (GO:0033574),0.002999951725986083,0.031499493122853876,0,0,inf,inf,SPP1
DR 47-,GO_Biological_Process_2023,Positive Regulation Of Bone Resorption (GO:0045780),0.002999951725986083,0.031499493122853876,0,0,inf,inf,SPP1
DR 47-,GO_Biological_Process_2023,Response To Vitamin (GO:0033273),0.005992420981906273,0.03595452589143764,0,0,398.6,2039.7397474739962,SPP1
DR 47-,GO_Biological_Process_2023,Steroid Catabolic Process (GO:0006706),0.005992420981906273,0.03595452589143764,0,0,398.6,2039.7397474739962,SPP1
DR 47-,GO_Biological_Process_2023,Cobalamin Transport (GO:0015889),0.005992420981906273,0.03595452589143764,0,0,398.6,2039.7397474739962,TCN1
DR 47-,GO_Biological_Process_2023,Response To Vitamin D (GO:0033280),0.008977407586967275,0.037705111865262556,0,0,199.2,938.8383898526647,SPP1
DR 47-,GO_Biological_Process_2023,Water Transport (GO:0006833),0.008977407586967275,0.037705111865262556,0,0,199.2,938.8383898526647,AQP5
DR 47-,GO_Biological_Process_2023,Fluid Transport (GO:0042044),0.008977407586967275,0.037705111865262556,0,0,199.2,938.8383898526647,AQP5
DR 47-,GO_Biological_Process_2023,Cellular Response To Osmotic Stress (GO:0071470),0.011954923933398426,0.038623600400210296,0,0,132.73333333333332,587.5589715536112,AQP5
DR 47-,GO_Biological_Process_2023,Carbon Dioxide Transport (GO:0015670),0.011954923933398426,0.038623600400210296,0,0,132.73333333333332,587.5589715536112,AQP5
DR 47-,GO_Biological_Process_2023,Positive Regulation Of Activated T Cell Proliferation (GO:0042104),0.011954923933398426,0.038623600400210296,0,0,132.73333333333332,587.5589715536112,IGFBP2
DR 47-,GO_Biological_Process_2023,One-Carbon Compound Transport (GO:0019755),0.014924983872534065,0.0447749516176022,0,0,99.5,418.36951067699306,AQP5
DR 47-,GO_Biological_Process_2023,Gas Transport (GO:0015669),0.017887601738567002,0.04863318150859986,0,0,79.56,320.12139083757813,AQP5
DR 47-,GO_Biological_Process_2023,Vitamin Transport (GO:0051180),0.020842792075114226,0.04863318150859986,0,0,66.26666666666667,256.501507451473,TCN1
DR 47-,GO_Biological_Process_2023,Regulation Of Insulin-Like Growth Factor Receptor Signaling Pathway (GO:0043567),0.020842792075114226,0.04863318150859986,0,0,66.26666666666667,256.501507451473,IGFBP2
DR 47-,GO_Biological_Process_2023,Regulation Of Bone Resorption (GO:0045124),0.020842792075114226,0.04863318150859986,0,0,66.26666666666667,256.501507451473,SPP1
DR 47-,GO_Biological_Process_2023,Regulation Of Activated T Cell Proliferation (GO:0046006),0.023790569534768182,0.04996019602301319,0,0,56.77142857142857,212.23805632949055,IGFBP2
DR 47-,GO_Biological_Process_2023,Protein Homotetramerization (GO:0051289),0.023790569534768182,0.04996019602301319,0,0,56.77142857142857,212.23805632949055,AQP5
DR 48+,GO_Biological_Process_2023,Sterol Biosynthetic Process (GO:0016126),0.001999963168059245,0.0033332719467654083,0,0,inf,inf,MSMO1
DR 48+,GO_Biological_Process_2023,Sterol Metabolic Process (GO:0016125),0.001999963168059245,0.0033332719467654083,0,0,inf,inf,MSMO1
DR 48+,GO_Biological_Process_2023,Steroid Biosynthetic Process (GO:0006694),0.001999963168059245,0.0033332719467654083,0,0,inf,inf,MSMO1
DR 48+,GO_Biological_Process_2023,Cholesterol Biosynthetic Process (GO:0006695),0.001999963168059245,0.0033332719467654083,0,0,inf,inf,MSMO1
DR 48+,GO_Biological_Process_2023,Organic Hydroxy Compound Biosynthetic Process (GO:1901617),0.001999963168059245,0.0033332719467654083,0,0,inf,inf,MSMO1
DR 48+,GO_Biological_Process_2023,Secondary Alcohol Biosynthetic Process (GO:1902653),0.001999963168059245,0.0033332719467654083,0,0,inf,inf,MSMO1
DR 48+,GO_Biological_Process_2023,Cholesterol Metabolic Process (GO:0008203),0.002499957206903733,0.0035713674384339044,0,0,inf,inf,MSMO1
DR 48+,GO_Biological_Process_2023,Monocarboxylic Acid Metabolic Process (GO:0032787),0.0039999418516560555,0.00449993734450074,0,0,inf,inf,MSMO1
DR 48+,GO_Biological_Process_2023,Steroid Metabolic Process (GO:0008202),0.00449993734450074,0.00449993734450074,0,0,inf,inf,MSMO1
DR 48+,GO_Biological_Process_2023,Fatty Acid Metabolic Process (GO:0006631),0.00449993734450074,0.00449993734450074,0,0,inf,inf,MSMO1
DR 48-,GO_Biological_Process_2023,Defense Response To Bacterium (GO:0042742),0.00037392657342122094,0.026174860139485466,0,0,34.01162790697674,268.40109871695074,SLPI;LCN2;PI3
DR 48-,GO_Biological_Process_2023,Antibacterial Humoral Response (GO:0019731),0.0009369746166754723,0.03279411158364153,0,0,66.03333333333333,460.4408166406084,SLPI;PI3
DR 50+,GO_Biological_Process_2023,Response To Endoplasmic Reticulum Stress (GO:0034976),1.7918925931945402e-08,1.2023599300335364e-05,0,0,44.287581699346404,789.9756804037036,PPP1R15A;XBP1;HSPA5;DDIT3;TRIB3;ATF3;HERPUD1
DR 50+,GO_Biological_Process_2023,Cellular Response To Starvation (GO:0009267),1.8733820716759107e-06,0.0006285196850472681,0,0,24.78205128205128,326.8198726433367,KLF10;XBP1;HSPA5;ASNS;PMAIP1;PLIN2
DR 50+,GO_Biological_Process_2023,Regulation Of Endoplasmic Reticulum Stress-Induced Intrinsic Apoptotic Signaling Pathway (GO:1902235),9.164306428799938e-06,0.002049749871241586,0,0,71.85185185185185,833.4954462918487,XBP1;DDIT3;PMAIP1;HERPUD1
DR 50+,GO_Biological_Process_2023,Cellular Response To Glucose Starvation (GO:0042149),2.092122592748066e-05,0.0028076285194679044,0,0,47.876543209876544,515.8576077527066,XBP1;HSPA5;PMAIP1;PLIN2
DR 50+,GO_Biological_Process_2023,Regulation Of Cellular Catabolic Process (GO:0031329),2.092122592748066e-05,0.0028076285194679044,0,0,47.876543209876544,515.8576077527066,DDIT3;TRIB3;NUPR1;DEPP1
DR 50+,GO_Biological_Process_2023,Regulation Of Intrinsic Apoptotic Signaling Pathway (GO:2001242),2.826748683329045e-05,0.003161247277522982,0,0,20.262054507337528,212.2206718290932,DDIT3;PPIF;PMAIP1;NUPR1;HERPUD1
DR 50+,GO_Biological_Process_2023,Positive Regulation Of Intrinsic Apoptotic Signaling Pathway (GO:2001244),4.093850164736525e-05,0.003924247800768869,0,0,35.888888888888886,362.60122037980375,MYC;DDIT3;PMAIP1;NUPR1
DR 50+,GO_Biological_Process_2023,Positive Regulation Of Response To Endoplasmic Reticulum Stress (GO:1905898),0.00022228871715591902,0.016572858801291297,0,0,52.90909090909091,445.0465902827354,XBP1;DDIT3;PMAIP1
DR 50+,GO_Biological_Process_2023,Intrinsic Apoptotic Signaling Pathway In Response To Endoplasmic Reticulum Stress (GO:0070059),0.00022228871715591902,0.016572858801291297,0,0,52.90909090909091,445.0465902827354,PPP1R15A;DDIT3;TRIB3
DR 50+,GO_Biological_Process_2023,ERAD Pathway (GO:0036503),0.00043541501647398356,0.029216347605404293,0,0,35.25454545454546,272.84236319116195,XBP1;HSPA5;HERPUD1
DR 50+,GO_Biological_Process_2023,Negative Regulation Of Endoplasmic Reticulum Unfolded Protein Response (GO:1900102),0.0008268935923102836,0.030824755580011128,0,0,inf,inf,PPP1R15A;HSPA5
DR 50+,GO_Biological_Process_2023,ATF6-mediated Unfolded Protein Response (GO:0036500),0.0008268935923102836,0.030824755580011128,0,0,inf,inf,XBP1;DDIT3
DR 50+,GO_Biological_Process_2023,Positive Regulation Of Signal Transduction By P53 Class Mediator (GO:1901798),0.0008268935923102836,0.030824755580011128,0,0,inf,inf,MYC;PMAIP1
DR 50+,GO_Biological_Process_2023,Positive Regulation Of Transcription From RNA Polymerase II Promoter In Response To Endoplasmic Reticulum Stress (GO:1990440),0.0008268935923102836,0.030824755580011128,0,0,inf,inf,HSPA5;DDIT3
DR 50+,GO_Biological_Process_2023,Nucleotide-Sugar Biosynthetic Process (GO:0009226),0.0008268935923102836,0.030824755580011128,0,0,inf,inf,UGDH;GFPT1
DR 50+,GO_Biological_Process_2023,Protein Localization To Endoplasmic Reticulum (GO:0070972),0.0008268935923102836,0.030824755580011128,0,0,inf,inf,PPP1R15A;HSPA5
DR 50+,GO_Biological_Process_2023,Regulation Of Systemic Arterial Blood Pressure (GO:0003073),0.0008268935923102836,0.030824755580011128,0,0,inf,inf,ADM;SPX
DR 50+,GO_Biological_Process_2023,Positive Regulation Of Endoplasmic Reticulum Stress-Induced Intrinsic Apoptotic Signaling Pathway (GO:1902237),0.0008268935923102836,0.030824755580011128,0,0,inf,inf,DDIT3;PMAIP1
DR 51+,GO_Biological_Process_2023,Positive Regulation Of Supramolecular Fiber Organization (GO:1902905),2.6888066642585057e-05,0.03129770957196901,0,0,11.050167224080267,116.2900591161203,PYCARD;EDN1;CDC42EP4;SYNPO2;PLEK;CDC42EP1;CLU
DR 51+,GO_Biological_Process_2023,Regulation Of Cysteine-Type Endopeptidase Activity (GO:2000116),0.00017645176338694675,0.04631997377496738,0,0,26.63859649122807,230.2230849256623,CST3;PYCARD;BIRC3;LTF
DR 51+,GO_Biological_Process_2023,Second-Messenger-Mediated Signaling (GO:0019932),0.00020305567249441402,0.04631997377496738,0,0,9.369727047146402,79.66170389265623,POMC;EDN1;GUCY1B1;EDN3;SPHK1;SELE
DR 51+,GO_Biological_Process_2023,Positive Regulation Of Cytoskeleton Organization (GO:0051495),0.00020305567249441402,0.04631997377496738,0,0,9.369727047146402,79.66170389265623,PYCARD;EDN1;CDC42EP4;SYNPO2;PLEK;CDC42EP1
DR 51+,GO_Biological_Process_2023,Regulation Of Nitric Oxide Biosynthetic Process (GO:0045428),0.00025201364377110515,0.04631997377496738,0,0,12.586436170212766,104.29155409330143,EDN1;JAK2;KLF4;CLU;ASS1
DR 51+,GO_Biological_Process_2023,Regulation Of G Protein-Coupled Receptor Signaling Pathway (GO:0008277),0.00025201364377110515,0.04631997377496738,0,0,12.586436170212766,104.29155409330143,EDN1;RAMP3;RGS16;PLEK;MGLL
DR 51+,GO_Biological_Process_2023,Calcium-Mediated Signaling (GO:0019722),0.0002785565433202506,0.04631997377496738,0,0,8.695852534562212,71.18328787904075,POMC;EDN1;VCAM1;SPHK1;CLU;SELE
DR 53-,GO_Biological_Process_2023,Regulation Of DNA-templated Transcription (GO:0006355),8.771675386328772e-10,6.429638058178991e-07,0,0,9.172297297297296,191.28205145967036,ZNF331;BTG1;CEBPD;EGR4;CITED2;KLF4;ETS2;NR4A2;NR4A1;IL6;NR4A3;TCIM;BAMBI;MYC;BHLHE40;HES1;ATF3;SOX4
DR 53-,GO_Biological_Process_2023,Positive Regulation Of Transcription By RNA Polymerase II (GO:0045944),1.1083649799159174e-07,4.0621576513918374e-05,0,0,8.790925589836661,140.78851688925997,EGR4;CITED2;KLF4;ELL2;ETS2;NR4A2;NR4A1;IL6;NR4A3;MYC;HES1;ATF3;SOX4
DR 53-,GO_Biological_Process_2023,Positive Regulation Of DNA-templated Transcription (GO:0045893),2.0709464667548175e-06,0.00044669112152123663,0,0,6.57351724137931,86.03093861290857,EGR4;CITED2;KLF4;ETS2;NR4A2;NR4A1;IL6;NR4A3;BAMBI;MYC;HES1;ATF3;SOX4
DR 53-,GO_Biological_Process_2023,Negative Regulation Of Transcription By RNA Polymerase II (GO:0000122),2.437605028765275e-06,0.00044669112152123663,0,0,8.685661764705882,112.25778810876075,NR4A2;NR4A3;CITED2;MYC;BHLHE40;HES1;KLF4;ATF3;ETS2;SOX4
DR 53-,GO_Biological_Process_2023,Regulation Of Transcription By RNA Polymerase II (GO:0006357),4.1676510259807215e-06,0.0006109776404087737,0,0,5.735668789808917,71.05437111199649,CEBPD;EGR4;CITED2;KLF4;ETS2;NR4A2;NR4A1;IL6;NR4A3;MYC;BHLHE40;HES1;ATF3;SOX4
DR 53-,GO_Biological_Process_2023,Endoderm Development (GO:0007492),8.622370980705899e-06,0.0010533663214762374,0,0,inf,inf,DUSP4;DUSP2;DUSP1
DR 53-,GO_Biological_Process_2023,Cellular Response To Peptide Hormone Stimulus (GO:0071375),1.9650595313037764e-05,0.00205769805206524,0,0,41.11578947368421,445.5883770761457,NR4A2;NR4A1;NR4A3;INSIG1
DR 53-,GO_Biological_Process_2023,Regulation Of Astrocyte Differentiation (GO:0048710),3.3984792666982215e-05,0.0031138566281122453,0,0,150.53846153846155,1548.9801636362677,IL6;SERPINE2;HES1
DR 53-,GO_Biological_Process_2023,Fat Cell Differentiation (GO:0045444),4.9912534998493456e-05,0.0037874801173943293,0,0,29.338345864661655,290.60330959281055,NR4A2;NR4A1;NR4A3;KLF4
DR 53-,GO_Biological_Process_2023,Negative Regulation Of DNA-templated Transcription (GO:0045892),5.1670942938531095e-05,0.0037874801173943293,0,0,5.868055555555555,57.92131699142411,NR4A2;NR4A3;CITED2;MYC;BHLHE40;HES1;KLF4;ATF3;ETS2;SOX4
DR 53-,GO_Biological_Process_2023,Ventricular Septum Development (GO:0003281),8.371897197559119e-05,0.005113833871509029,0,0,75.23076923076923,706.2698423925854,CITED2;HES1;SOX4
DR 53-,GO_Biological_Process_2023,Ventricular Septum Morphogenesis (GO:0060412),8.371897197559119e-05,0.005113833871509029,0,0,75.23076923076923,706.2698423925854,CITED2;HES1;SOX4
DR 53-,GO_Biological_Process_2023,Negative Regulation Of MAPK Cascade (GO:0043409),0.00019418994791872812,0.010812238350473461,0,0,18.63157894736842,159.23802698881275,DUSP4;DUSP2;DUSP1;MYC
DR 53-,GO_Biological_Process_2023,Negative Regulation Of Cellular Process (GO:0048523),0.0002078880805412939,0.010812238350473461,0,0,5.348325358851675,45.34583376818676,NR4A1;BTG2;IL6;BTG1;DUSP1;CHMP1B;MYC;CYP1B1;SOX4
DR 53-,GO_Biological_Process_2023,Regulation Of Cell Population Proliferation (GO:0042127),0.00022125999352947054,0.010812238350473461,0,0,4.469982078853047,37.620138489051676,BTG2;IL6;NR4A3;BTG1;EGR4;BAMBI;MYC;CYP1B1;HES1;AREG;SOX4
DR 53-,GO_Biological_Process_2023,Negative Regulation Of Cell Cycle (GO:0045786),0.0003283824153648677,0.015044019403903002,0,0,15.748987854251013,126.32785596252369,NR4A1;BTG2;BTG1;DUSP1
DR 53-,GO_Biological_Process_2023,Protein-Containing Complex Disassembly (GO:0032984),0.00043070302188328544,0.018570900884732247,0,0,inf,inf,CHMP1B;MYC
DR 53-,GO_Biological_Process_2023,Negative Regulation Of Cell Population Proliferation (GO:0008285),0.0008009987245811514,0.032578760780250335,0,0,5.475362318840579,39.0374235443703,BTG2;IL6;BTG1;MYC;CYP1B1;HES1;SOX4
DR 53-,GO_Biological_Process_2023,Positive Regulation Of Cell Population Proliferation (GO:0008284),0.0009048644055865899,0.032578760780250335,0,0,4.718532574320051,33.066180824565635,IL6;NR4A3;EGR4;BAMBI;MYC;HES1;AREG;SOX4
DR 53-,GO_Biological_Process_2023,Positive Regulation Of Receptor Signaling Pathway Via JAK-STAT (GO:0046427),0.0009333614957506916,0.032578760780250335,0,0,21.439560439560438,149.57776673563794,IL6;CYP1B1;HES1
DR 53-,GO_Biological_Process_2023,Positive Regulation Of Receptor Signaling Pathway Via STAT (GO:1904894),0.0009333614957506916,0.032578760780250335,0,0,21.439560439560438,149.57776673563794,IL6;CYP1B1;HES1
DR 53-,GO_Biological_Process_2023,Regulation Of Centrosome Duplication (GO:0010824),0.0012748727776316516,0.03893673941683336,0,0,97.85,652.1613346516612,CHMP1B;PLK2
DR 53-,GO_Biological_Process_2023,Regulation Of Type B Pancreatic Cell Proliferation (GO:0061469),0.0012748727776316516,0.03893673941683336,0,0,97.85,652.1613346516612,NR4A1;NR4A3
DR 53-,GO_Biological_Process_2023,Positive Regulation Of Astrocyte Differentiation (GO:0048711),0.0012748727776316516,0.03893673941683336,0,0,97.85,652.1613346516612,SERPINE2;HES1
DR 53-,GO_Biological_Process_2023,Positive Regulation Of Protein Metabolic Process (GO:0051247),0.0015445427698365843,0.044932134825440825,0,0,9.709273182957393,62.848390903510975,IL6;PLK2;KLF4;SOX4
DR 53-,GO_Biological_Process_2023,Positive Regulation Of Cellular Process (GO:0048522),0.0015937728587468779,0.044932134825440825,0,0,4.281430219146482,27.579480136356228,IL6;EGR4;CITED2;BAMBI;MYC;HES1;AREG;SOX4
DR 53-,GO_Biological_Process_2023,Negative Regulation Of DNA-binding Transcription Factor Activity (GO:0043433),0.0017977214384655028,0.048804807940563466,0,0,9.263157894736842,58.55460052071487,BHLHE40;CYP1B1;HES1;KLF4
DR 55-,GO_Biological_Process_2023,B Cell Receptor Signaling Pathway (GO:0050853),0.00016893787056332534,0.032098195407031814,0,0,18.78846153846154,163.19619251935336,IGHG3;IGHG1;IGHG2;IGLC3
DR 56+,GO_Biological_Process_2023,Regulation Of Podosome Assembly (GO:0071801),5.899112015048899e-06,0.006949153953727603,0,0,inf,inf,HCK;GSN;LCP1;TNF
DR 56+,GO_Biological_Process_2023,Cortical Actin Cytoskeleton Organization (GO:0030866),2.836112005424511e-05,0.01670469971195037,0,0,79.125,828.4776290914322,FMNL1;PLEK;LCP1;TNF
DR 56+,GO_Biological_Process_2023,Cortical Cytoskeleton Organization (GO:0030865),8.181450708587026e-05,0.032125829782385054,0,0,39.541666666666664,372.12883861533135,FMNL1;PLEK;LCP1;TNF
