gene_list,Gene_set,Term,Overlap,P-value,Adjusted P-value,Odds Ratio,Combined Score,arm,resolution,fdr_bh,significant,library
DR 1+,gs_ind_0,BENPORATH_ES1,2/64,0.6243459872992299,0.7105457443294687,1.1801574803149606,0.5559138861838541,scie,drvi_argmax,1.0,False,scie
DR 1+,gs_ind_0,ESC_ASSOU,4/130,0.6204383309585504,0.7105457443294687,1.0466595970307528,0.49960104716145615,scie,drvi_argmax,1.0,False,scie
DR 1+,gs_ind_0,FMASC,19/284,0.0010907264245316307,0.004908268910392338,2.6385395783974244,17.997244584607696,scie,drvi_argmax,0.006011458588157452,True,scie
DR 1+,gs_ind_0,HALLMARK_IFNA,2/44,0.42244382625665255,0.7105457443294687,1.7540528022232516,1.5114651889009827,scie,drvi_argmax,1.0,False,scie
DR 1+,gs_ind_0,HALLMARK_IFNG,2/98,0.8386283839670683,0.8386283839670683,0.7504793766064216,0.13207506281488685,scie,drvi_argmax,1.0,False,scie
DR 1+,gs_ind_0,IMMUNOGENIC_CONSENSUS,1/17,0.4310567647979185,0.7105457443294687,2.705426356589147,2.2766581933831054,scie,drvi_argmax,1.0,False,scie
DR 1+,gs_ind_0,ISDS,1/15,0.3918721212756629,0.7105457443294687,3.081796311146752,2.8870875377328926,scie,drvi_argmax,1.0,False,scie
DR 1+,gs_ind_0,KEGG_APM,1/30,0.63159621718175,0.7105457443294687,1.5029562475364604,0.6906158893042619,scie,drvi_argmax,1.0,False,scie
DR 1+,gs_ind_0,LIM_STEM,17/140,9.156118872262425e-07,8.240506985036183e-06,5.295504820735423,73.62696880583,scie,drvi_argmax,6.954014333363868e-06,True,scie
DR 2-,gs_ind_0,BENPORATH_ES1,2/64,0.9141043987246659,0.9899610190855349,0.5976954732510288,0.053679324669099096,scie,drvi_argmax,1.0,False,scie
DR 2-,gs_ind_0,ESC_ASSOU,3/130,0.9899610190855349,0.9899610190855349,0.3987795948254821,0.004023570980044404,scie,drvi_argmax,1.0,False,scie
DR 2-,gs_ind_0,ESC_WONG,1/61,0.980416280125157,0.9899610190855349,0.36785292629448474,0.007275403221650299,scie,drvi_argmax,1.0,False,scie
DR 2-,gs_ind_0,FMASC,14/284,0.8559719553704661,0.9899610190855349,0.7869327053739481,0.12238193747732339,scie,drvi_argmax,1.0,False,scie
DR 2-,gs_ind_0,HALLMARK_IFNA,1/44,0.9406471106958184,0.9899610190855349,0.5163969035890218,0.03159689349490894,scie,drvi_argmax,1.0,False,scie
DR 2-,gs_ind_0,HALLMARK_IFNG,7/98,0.39794417577144986,0.9899610190855349,1.2569478646309717,1.1582064967887538,scie,drvi_argmax,1.0,False,scie
DR 2-,gs_ind_0,IMMUNOGENIC_CONSENSUS,7/17,3.262291689476814e-05,0.00016311458447384067,11.450030656039239,118.28449067464044,scie,drvi_argmax,0.0002174861126317876,True,scie
DR 2-,gs_ind_0,ISDS,1/15,0.6153971150452301,0.9899610190855349,1.5736805066854327,0.7640022213463056,scie,drvi_argmax,1.0,False,scie
DR 2-,gs_ind_0,KEGG_APM,10/30,5.661028378933174e-06,5.6610283789331744e-05,8.382400343827227,101.27536454110901,scie,drvi_argmax,3.996020032188123e-05,True,scie
DR 2-,gs_ind_0,LIM_STEM,8/140,0.6423857639716521,0.9899610190855349,0.9694846034468676,0.4290611918343852,scie,drvi_argmax,1.0,False,scie
DR 3+,gs_ind_0,BENPORATH_ES1,25/64,3.2481407968500875e-14,4.872211195275131e-14,10.569393199750241,328.26536111282485,scie,drvi_argmax,5.568241366028721e-13,True,scie
DR 3+,gs_ind_0,ESC_ASSOU,43/130,4.206103433485524e-21,8.412206866971048e-21,9.451031321619556,443.4211274740819,scie,drvi_argmax,1.5772887875570714e-19,True,scie
DR 3+,gs_ind_0,ESC_WONG,34/61,1.1382201819576651e-25,6.829321091745991e-25,22.490022172949,1291.7180562345811,scie,drvi_argmax,8.536651364682488e-24,True,scie
DR 3+,gs_ind_0,FMASC,66/284,1.1553944573463969e-23,3.4661833720391906e-23,7.107924761023743,375.4051552299144,scie,drvi_argmax,6.932366744078382e-22,True,scie
DR 3+,gs_ind_0,HALLMARK_IFNG,1/98,0.9991589553693094,0.9991589553693094,0.20068123758160658,0.0001688528937156143,scie,drvi_argmax,1.0,False,scie
DR 3+,gs_ind_0,LIM_STEM,4/140,0.9896991761853144,0.9991589553693094,0.4300642753472942,0.004452990643952025,scie,drvi_argmax,1.0,False,scie
DR 4+,gs_ind_0,BENPORATH_ES1,5/64,0.0034020510492818465,0.006804102098563693,6.190033908300162,35.18029497846141,scie,drvi_argmax,0.01701025524640923,True,scie
DR 4+,gs_ind_0,ESC_ASSOU,8/130,0.0008938641427632057,0.003575456571052823,5.021768707482993,35.25259918488991,scie,drvi_argmax,0.005059608355263429,True,scie
DR 4+,gs_ind_0,ESC_WONG,1/61,0.6431951872356865,0.7350802139836417,1.4551811824539098,0.642181705643073,scie,drvi_argmax,1.0,False,scie
DR 4+,gs_ind_0,FMASC,2/284,0.959900814372547,0.959900814372547,0.47352156201713724,0.019379020609533046,scie,drvi_argmax,1.0,False,scie
DR 4+,gs_ind_0,HALLMARK_IFNA,5/44,0.0006135461257118277,0.003575456571052823,9.421940928270041,69.6870787566702,scie,drvi_argmax,0.003718461367950471,True,scie
DR 4+,gs_ind_0,HALLMARK_IFNG,6/98,0.004477187612720505,0.007163500180352808,4.792432432432433,25.921117776329602,scie,drvi_argmax,0.020824128431258162,True,scie
DR 4+,gs_ind_0,ISDS,3/15,0.0016280537504124357,0.004341476667766495,17.952131147540985,115.25932417895568,scie,drvi_argmax,0.008800290542769923,True,scie
DR 4+,gs_ind_0,LIM_STEM,3/140,0.4100874581464978,0.5467832775286637,1.5276900149031296,1.36175970343156,scie,drvi_argmax,1.0,False,scie
DR 4-,gs_ind_0,BENPORATH_ES1,6/64,0.6305987493736038,0.7882484367170047,0.9954298771779492,0.4589782976701129,scie,drvi_argmax,1.0,False,scie
DR 4-,gs_ind_0,ESC_ASSOU,14/130,0.4264228779547114,0.7107047965911857,1.1241758621086424,0.9581617907573688,scie,drvi_argmax,1.0,False,scie
DR 4-,gs_ind_0,ESC_WONG,2/61,0.9883214125632505,0.999999824257491,0.36862603983658954,0.004330367231426374,scie,drvi_argmax,1.0,False,scie
DR 4-,gs_ind_0,FMASC,8/284,0.999999824257491,0.999999824257491,0.24345600150301777,4.2785572292407466e-08,scie,drvi_argmax,1.0,False,scie
DR 4-,gs_ind_0,HALLMARK_IFNA,32/44,6.95791470862533e-24,3.4789573543126644e-23,27.597032640949553,1471.5334566039978,scie,drvi_argmax,4.63860980575022e-22,True,scie
DR 4-,gs_ind_0,HALLMARK_IFNG,51/98,1.0110371632319126e-27,1.0110371632319126e-26,12.71681042070058,790.4619402480339,scie,drvi_argmax,1.0110371632319125e-25,True,scie
DR 4-,gs_ind_0,IMMUNOGENIC_CONSENSUS,13/17,1.1526064974768236e-10,2.305212994953647e-10,28.744,657.772666739961,scie,drvi_argmax,1.2349355330108822e-09,True,scie
DR 4-,gs_ind_0,ISDS,13/15,6.105430331618256e-12,1.526357582904564e-11,51.7968,1337.4888127673826,scie,drvi_argmax,7.182859213668535e-11,True,scie
DR 4-,gs_ind_0,KEGG_APM,22/30,9.638909712633279e-17,3.212969904211093e-16,26.58180919426594,980.2876431472577,scie,drvi_argmax,2.6287935579908944e-15,True,scie
DR 4-,gs_ind_0,LIM_STEM,14/140,0.5448526380061407,0.7783609114373439,1.0291621189161695,0.6249483123221277,scie,drvi_argmax,1.0,False,scie
DR 5+,gs_ind_0,BENPORATH_ES1,25/64,1.7274189042785102e-15,4.0306441099831906e-15,12.312651669180822,418.53347859100927,scie,drvi_argmax,3.45483780855702e-14,True,scie
DR 5+,gs_ind_0,ESC_ASSOU,42/130,2.120064913673655e-22,1.3558545933456384e-21,10.82169633656682,540.0613585550053,scie,drvi_argmax,1.0600324568368275e-20,True,scie
DR 5+,gs_ind_0,ESC_WONG,30/61,3.8738702667018236e-22,1.3558545933456384e-21,19.56084656084656,964.4009451523186,scie,drvi_argmax,1.7879401230931494e-20,True,scie
DR 5+,gs_ind_0,FMASC,49/284,1.4185899888646088e-13,2.4825324805130655e-13,4.767713595431584,141.04776627598284,scie,drvi_argmax,2.0265571269494407e-12,True,scie
DR 5+,gs_ind_0,HALLMARK_IFNA,1/44,0.9377658398085207,0.9764465923569297,0.5255401344970668,0.033768580748976845,scie,drvi_argmax,1.0,False,scie
DR 5+,gs_ind_0,HALLMARK_IFNG,4/98,0.857300487270285,0.9764465923569297,0.7236068895643364,0.1114114335681006,scie,drvi_argmax,1.0,False,scie
DR 5+,gs_ind_0,LIM_STEM,4/140,0.9764465923569297,0.9764465923569297,0.48917465513210195,0.011659587034053188,scie,drvi_argmax,1.0,False,scie
DR 6+,gs_ind_0,FMASC,5/284,0.513459970034408,0.9106264110129012,1.1658349810124595,0.7771260214023543,scie,drvi_argmax,1.0,False,scie
DR 6+,gs_ind_0,LIM_STEM,1/140,0.9106264110129012,0.9106264110129012,0.6049627791563276,0.05663815957295449,scie,drvi_argmax,1.0,False,scie
DR 7+,gs_ind_0,ESC_ASSOU,3/130,0.9350310861863047,0.9350310861863047,0.5732599472537553,0.03850902529967287,scie,drvi_argmax,1.0,False,scie
DR 7+,gs_ind_0,FMASC,18/284,0.06381052356859995,0.37532498992640345,1.6212393384162975,4.46138665025075,scie,drvi_argmax,0.23203826752218162,False,scie
DR 7+,gs_ind_0,HALLMARK_IFNA,4/44,0.1251083299754678,0.37532498992640345,2.4621959237343853,5.117859574676084,scie,drvi_argmax,0.42650567037091297,False,scie
DR 7+,gs_ind_0,HALLMARK_IFNG,4/98,0.6361319157339089,0.7633582988806906,1.0247957171034094,0.46356564830547947,scie,drvi_argmax,1.0,False,scie
DR 7+,gs_ind_0,ISDS,1/15,0.49205841154542995,0.7633582988806906,2.2445320197044336,1.5917274943546529,scie,drvi_argmax,1.0,False,scie
DR 7+,gs_ind_0,LIM_STEM,6/140,0.5902464875091904,0.7633582988806906,1.0418159288047764,0.549261041045069,scie,drvi_argmax,1.0,False,scie
DR 7-,gs_ind_0,BENPORATH_ES1,4/64,0.7632946661430913,0.8889211366846067,0.8521431798251442,0.23017335559910923,scie,drvi_argmax,1.0,False,scie
DR 7-,gs_ind_0,ESC_ASSOU,12/130,0.33541068861261264,0.5590178143543544,1.2325681184295216,1.3464568725179449,scie,drvi_argmax,0.9537744699884719,False,scie
DR 7-,gs_ind_0,ESC_WONG,5/61,0.5413345343479229,0.7733350490684613,1.1249821004095426,0.6904215715488005,scie,drvi_argmax,1.0,False,scie
DR 7-,gs_ind_0,FMASC,8/284,0.9999680846975768,0.9999680846975768,0.3176612417118746,1.0138416383533947e-05,scie,drvi_argmax,1.0,False,scie
DR 7-,gs_ind_0,HALLMARK_IFNA,20/44,1.0690210398067865e-11,2.6725525995169663e-11,10.90154341306415,275.39143975814113,scie,drvi_argmax,1.2102124978944753e-10,True,scie
DR 7-,gs_ind_0,HALLMARK_IFNG,35/98,6.182615704878118e-16,3.0913078524390586e-15,7.986180944249439,279.67302234024726,scie,drvi_argmax,1.3352796556945943e-14,True,scie
DR 7-,gs_ind_0,IMMUNOGENIC_CONSENSUS,14/17,1.2870030547333455e-13,4.2900101824444853e-13,52.34806087383407,1553.7579708541011,scie,drvi_argmax,1.8834191044878227e-12,True,scie
DR 7-,gs_ind_0,ISDS,8/15,5.346957128553841e-06,1.0693914257107682e-05,13.723432343234323,166.58851081665347,scie,drvi_argmax,3.819255091824172e-05,True,scie
DR 7-,gs_ind_0,KEGG_APM,20/30,4.830039310521021e-16,3.0913078524390586e-15,25.632872503840247,903.9818745479905,scie,drvi_argmax,1.2075098276302552e-14,True,scie
DR 7-,gs_ind_0,LIM_STEM,9/140,0.8000290230161461,0.8889211366846067,0.8210780288771269,0.18318848010891925,scie,drvi_argmax,1.0,False,scie
DR 8+,gs_ind_0,BENPORATH_ES1,1/64,0.9720473487708696,0.9720473487708696,0.4060108683597649,0.011510717896533927,scie,drvi_argmax,1.0,False,scie
DR 8+,gs_ind_0,ESC_ASSOU,8/130,0.3937896173854229,0.9720473487708696,1.2353809865654806,1.1512990767673648,scie,drvi_argmax,1.0,False,scie
DR 8+,gs_ind_0,ESC_WONG,1/61,0.9668549021920724,0.9720473487708696,0.4268420439995344,0.014387498286547569,scie,drvi_argmax,1.0,False,scie
DR 8+,gs_ind_0,FMASC,13/284,0.7746299763841773,0.9720473487708696,0.8537227045514338,0.21801500781735908,scie,drvi_argmax,1.0,False,scie
DR 8+,gs_ind_0,HALLMARK_IFNA,2/44,0.693013292958073,0.9720473487708696,1.0323390019514915,0.3785650074444329,scie,drvi_argmax,1.0,False,scie
DR 8+,gs_ind_0,HALLMARK_IFNG,5/98,0.6118829550275838,0.9720473487708696,1.0332855093256814,0.5075645817044344,scie,drvi_argmax,1.0,False,scie
DR 8+,gs_ind_0,ISDS,1/15,0.5629671731639578,0.9720473487708696,1.825643516270034,1.0488941980993924,scie,drvi_argmax,1.0,False,scie
DR 8+,gs_ind_0,KEGG_APM,2/30,0.4834298706552469,0.9720473487708696,1.5510933732435355,1.127410697943772,scie,drvi_argmax,1.0,False,scie
DR 8+,gs_ind_0,LIM_STEM,6/140,0.7747785226421493,0.9720473487708696,0.8377497390444448,0.21377535963125585,scie,drvi_argmax,1.0,False,scie
DR 9+,gs_ind_0,BENPORATH_ES1,6/64,0.008552231625693168,0.025656694877079503,4.067961165048544,19.369853455324762,scie,drvi_argmax,0.03745502901763431,True,scie
DR 9+,gs_ind_0,ESC_ASSOU,11/130,0.0008025380867762492,0.004815228520657495,3.7759031808161247,26.91362307595391,scie,drvi_argmax,0.00458593192443571,True,scie
DR 9+,gs_ind_0,ESC_WONG,5/61,0.02771247128395044,0.04156870692592566,3.499789296249473,12.549799034050668,scie,drvi_argmax,0.11011577993622691,False,scie
DR 9+,gs_ind_0,FMASC,8/284,0.5738160259775673,0.6885792311730807,1.0355818583666685,0.5752102630533105,scie,drvi_argmax,1.0,False,scie
DR 9+,gs_ind_0,HALLMARK_IFNG,1/98,0.9452883190231492,0.9452883190231492,0.502791014295439,0.028289686515716624,scie,drvi_argmax,1.0,False,scie
DR 9+,gs_ind_0,LIM_STEM,9/140,0.015517405413316988,0.031034810826633976,2.6998157657481086,11.246873497236532,scie,drvi_argmax,0.06377015923280954,False,scie
DR 9-,gs_ind_0,BENPORATH_ES1,3/64,0.9350642295877603,0.9967497796671586,0.571213489912677,0.03835130644701637,scie,drvi_argmax,1.0,False,scie
DR 9-,gs_ind_0,ESC_ASSOU,7/130,0.9550505901938229,0.9967497796671586,0.6017988456226909,0.027677310175377022,scie,drvi_argmax,1.0,False,scie
DR 9-,gs_ind_0,FMASC,24/284,0.6482368762937989,0.9967497796671586,0.951151942058153,0.41232351045626564,scie,drvi_argmax,1.0,False,scie
DR 9-,gs_ind_0,HALLMARK_IFNA,3/44,0.7660517378822775,0.9967497796671586,0.856108193457591,0.22815760087643444,scie,drvi_argmax,1.0,False,scie
DR 9-,gs_ind_0,HALLMARK_IFNG,5/98,0.9474290368878734,0.9967497796671586,0.5863705712832683,0.03166591065211534,scie,drvi_argmax,1.0,False,scie
DR 9-,gs_ind_0,ISDS,2/15,0.3912731285942247,0.9967497796671586,1.8985416010911762,1.7814954183121483,scie,drvi_argmax,1.0,False,scie
DR 9-,gs_ind_0,LIM_STEM,5/140,0.9967497796671586,0.9967497796671586,0.39479141189106415,0.0012852488784609426,scie,drvi_argmax,1.0,False,scie
DR 10-,gs_ind_0,BENPORATH_ES1,8/64,0.2041677048936734,0.22685300543741488,1.5586899540653465,2.4764677037601692,scie,drvi_argmax,0.6621655293848866,False,scie
DR 10-,gs_ind_0,ESC_ASSOU,22/130,0.001783382145282216,0.0044584553632055395,2.2718305089736606,14.378968790834577,scie,drvi_argmax,0.00946928572716221,True,scie
DR 10-,gs_ind_0,ESC_WONG,10/61,0.03960377631738282,0.04950472039672853,2.143499178934632,6.920996176688925,scie,drvi_argmax,0.15232221660531853,False,scie
DR 10-,gs_ind_0,FMASC,22/284,0.800515148547824,0.800515148547824,0.8546782291191237,0.1901657545873311,scie,drvi_argmax,1.0,False,scie
DR 10-,gs_ind_0,HALLMARK_IFNA,11/44,0.0011462878568003826,0.003820959522667942,3.667498329249276,24.833461906109175,scie,drvi_argmax,0.006252479218911178,True,scie
DR 10-,gs_ind_0,HALLMARK_IFNG,17/98,0.004616282304897161,0.009232564609794321,2.315428593135672,12.452758394363489,scie,drvi_argmax,0.021305918330294587,True,scie
DR 10-,gs_ind_0,IMMUNOGENIC_CONSENSUS,11/17,1.5933242075233687e-08,7.966621037616843e-08,19.18691159586682,344.4982772612288,scie,drvi_argmax,1.4058743007559135e-07,True,scie
DR 10-,gs_ind_0,ISDS,4/15,0.03793758293075528,0.04950472039672853,4.062165192475396,13.290644983116305,scie,drvi_argmax,0.14685515973195593,False,scie
DR 10-,gs_ind_0,KEGG_APM,18/30,1.8111292630412132e-12,1.811129263041213e-11,16.694953271028037,451.38262963417475,scie,drvi_argmax,2.2639115788015163e-11,True,scie
DR 10-,gs_ind_0,LIM_STEM,21/140,0.009864947674085654,0.016441579456809425,1.9459520488809192,8.987899970410904,scie,drvi_argmax,0.0422783471746528,True,scie
DR 11-,gs_ind_0,BENPORATH_ES1,1/64,0.8574015589697379,0.8574015589697379,0.7585301837270341,0.11669903936474406,scie,drvi_argmax,1.0,False,scie
DR 11-,gs_ind_0,ESC_ASSOU,4/130,0.5417859546660911,0.8126789319991368,1.1636577288751202,0.7131875213374778,scie,drvi_argmax,1.0,False,scie
DR 11-,gs_ind_0,FMASC,7/284,0.7545623351368993,0.8574015589697379,0.8568854568854569,0.24131384279330226,scie,drvi_argmax,1.0,False,scie
DR 11-,gs_ind_0,HALLMARK_IFNA,8/44,2.7348994362094637e-05,0.00024614094925885175,8.616438356164384,90.531459898084,scie,drvi_argmax,0.00018768525764589723,True,scie
DR 11-,gs_ind_0,HALLMARK_IFNG,9/98,0.0018339267318894536,0.005501780195668361,3.8937441230156535,24.535633706069945,scie,drvi_argmax,0.009652245957312913,True,scie
DR 11-,gs_ind_0,IMMUNOGENIC_CONSENSUS,3/17,0.012356549915974785,0.027802237310943268,8.234665852914251,36.17957260790503,scie,drvi_argmax,0.05113055137644738,False,scie
DR 11-,gs_ind_0,ISDS,4/15,0.0007319195991288691,0.0032936381960799108,13.611045828437133,98.26957157989835,scie,drvi_argmax,0.0042636093153138,True,scie
DR 11-,gs_ind_0,KEGG_APM,3/30,0.05631737092010501,0.10137126765618902,4.312630732099759,12.4063701590892,scie,drvi_argmax,0.20730320584087733,False,scie
DR 11-,gs_ind_0,LIM_STEM,3/140,0.7951283444777089,0.8574015589697379,0.8129686242960579,0.18637446986680642,scie,drvi_argmax,1.0,False,scie
DR 12-,gs_ind_0,BENPORATH_ES1,7/64,0.41250724565089447,0.8697073635448994,1.238953693884765,1.0970953644597246,scie,drvi_argmax,1.0,False,scie
DR 12-,gs_ind_0,ESC_ASSOU,11/130,0.7144752529870498,0.8697073635448994,0.9012969552266484,0.3030222711946514,scie,drvi_argmax,1.0,False,scie
DR 12-,gs_ind_0,ESC_WONG,5/61,0.7078421928716827,0.8697073635448994,0.9152530309141379,0.3162511337338529,scie,drvi_argmax,1.0,False,scie
DR 12-,gs_ind_0,FMASC,24/284,0.7827366271904095,0.8697073635448994,0.8700317987796145,0.21312212228210772,scie,drvi_argmax,1.0,False,scie
DR 12-,gs_ind_0,HALLMARK_IFNA,5/44,0.41266397550072126,0.8697073635448994,1.321851562765127,1.1699994175600559,scie,drvi_argmax,1.0,False,scie
DR 12-,gs_ind_0,HALLMARK_IFNG,9/98,0.6034844839323419,0.8697073635448994,1.0006734522078518,0.5053750658134137,scie,drvi_argmax,1.0,False,scie
DR 12-,gs_ind_0,IMMUNOGENIC_CONSENSUS,2/17,0.49340640051151047,0.8697073635448994,1.52736403098136,1.0789637103759024,scie,drvi_argmax,1.0,False,scie
DR 12-,gs_ind_0,ISDS,2/15,0.42716391757886274,0.8697073635448994,1.7555946447767028,1.4932867853005518,scie,drvi_argmax,1.0,False,scie
DR 12-,gs_ind_0,KEGG_APM,4/30,0.3203917820967051,0.8697073635448994,1.615245283018868,1.8384894852605418,scie,drvi_argmax,0.9286718321643627,False,scie
DR 12-,gs_ind_0,LIM_STEM,7/140,0.9860903382116424,0.9860903382116424,0.5104899363600378,0.007150589602125054,scie,drvi_argmax,1.0,False,scie
DR 13-,gs_ind_0,BENPORATH_ES1,5/64,0.5255026922278038,0.7357037691189252,1.1466662789683348,0.7377650443334094,scie,drvi_argmax,1.0,False,scie
DR 13-,gs_ind_0,ESC_ASSOU,13/130,0.16427197311639802,0.5749519059073931,1.4599485620762216,2.637005595218305,scie,drvi_argmax,0.5475732437213268,False,scie
DR 13-,gs_ind_0,ESC_WONG,5/61,0.4817186790255338,0.7357037691189252,1.2095722203509203,0.883465488333008,scie,drvi_argmax,1.0,False,scie
DR 13-,gs_ind_0,FMASC,17/284,0.873991105560727,0.873991105560727,0.7823311585258332,0.10536833473697597,scie,drvi_argmax,1.0,False,scie
DR 13-,gs_ind_0,HALLMARK_IFNG,6/98,0.7531272803284577,0.873991105560727,0.8616065542894811,0.24428358159179814,scie,drvi_argmax,1.0,False,scie
DR 13-,gs_ind_0,KEGG_APM,3/30,0.3893474127426135,0.7357037691189252,1.5850449891405523,1.495146376151026,scie,drvi_argmax,1.0,False,scie
DR 13-,gs_ind_0,LIM_STEM,21/140,0.0010920816435152705,0.007644571504606894,2.4257200071634406,16.542609086368646,scie,drvi_argmax,0.006011458588157452,True,scie
DR 14+,gs_ind_0,BENPORATH_ES1,6/64,0.3584903140941109,0.9897147158637792,1.3579825559347745,1.3930913442273036,scie,drvi_argmax,1.0,False,scie
DR 14+,gs_ind_0,ESC_ASSOU,8/130,0.7883024487893321,0.9897147158637792,0.8290516206482593,0.1972093646744545,scie,drvi_argmax,1.0,False,scie
DR 14+,gs_ind_0,ESC_WONG,3/61,0.8559436980897498,0.9897147158637792,0.7165480376182717,0.11145953325967904,scie,drvi_argmax,1.0,False,scie
DR 14+,gs_ind_0,FMASC,13/284,0.9897147158637792,0.9897147158637792,0.562288362145785,0.005813242509071622,scie,drvi_argmax,1.0,False,scie
DR 14+,gs_ind_0,HALLMARK_IFNA,2/44,0.8603647570068705,0.9897147158637792,0.706077779949189,0.1061932815962637,scie,drvi_argmax,1.0,False,scie
DR 14+,gs_ind_0,HALLMARK_IFNG,5/98,0.8803179024349416,0.9897147158637792,0.7000997008973081,0.08924323787640773,scie,drvi_argmax,1.0,False,scie
DR 14+,gs_ind_0,ISDS,1/15,0.6957751294159382,0.9897147158637792,1.2526459542505974,0.45437071467155316,scie,drvi_argmax,1.0,False,scie
DR 14+,gs_ind_0,KEGG_APM,1/30,0.9083126735442345,0.9897147158637792,0.6106729316999496,0.058726342932781804,scie,drvi_argmax,1.0,False,scie
DR 14+,gs_ind_0,LIM_STEM,11/140,0.5022199543581757,0.9897147158637792,1.0791301144658034,0.7432153620519232,scie,drvi_argmax,1.0,False,scie
DR 14-,gs_ind_0,BENPORATH_ES1,10/64,0.09927026740309486,0.19854053480618972,1.7663078812396158,4.0800107802012535,scie,drvi_argmax,0.3483167277301574,False,scie
DR 14-,gs_ind_0,ESC_ASSOU,22/130,0.007786420377235465,0.020763787672627907,1.9662703791193896,9.54697815405571,scie,drvi_argmax,0.03435185460545058,True,scie
DR 14-,gs_ind_0,ESC_WONG,4/61,0.8749285373986633,0.975445694359961,0.694390972452705,0.09277970787663703,scie,drvi_argmax,1.0,False,scie
DR 14-,gs_ind_0,FMASC,42/284,0.003644656560380005,0.01457862624152002,1.7232755536765423,9.675318774582212,scie,drvi_argmax,0.01763543496958067,True,scie
DR 14-,gs_ind_0,HALLMARK_IFNA,3/44,0.8326932931071772,0.975445694359961,0.7513497026078999,0.13756454203987808,scie,drvi_argmax,1.0,False,scie
DR 14-,gs_ind_0,HALLMARK_IFNG,5/98,0.975445694359961,0.975445694359961,0.5137656085452084,0.012772618909656594,scie,drvi_argmax,1.0,False,scie
DR 14-,gs_ind_0,KEGG_APM,3/30,0.5902554204278213,0.9444086726845141,1.1428768699654777,0.602524594168903,scie,drvi_argmax,1.0,False,scie
DR 14-,gs_ind_0,LIM_STEM,32/140,2.5941436197491297e-06,2.0753148957993038e-05,3.008724309097622,38.698976602934586,scie,drvi_argmax,1.9215878664808367e-05,True,scie
DR 15+,gs_ind_0,BENPORATH_ES1,3/64,0.8527213572661317,0.9197775126146106,0.7221408256485392,0.11505324335755555,scie,drvi_argmax,1.0,False,scie
DR 15+,gs_ind_0,ESC_ASSOU,6/130,0.9197775126146106,0.9197775126146106,0.6530816406419904,0.054612954485987825,scie,drvi_argmax,1.0,False,scie
DR 15+,gs_ind_0,FMASC,17/284,0.8359914892619013,0.9197775126146106,0.815576323987539,0.1460997705618089,scie,drvi_argmax,1.0,False,scie
DR 15+,gs_ind_0,HALLMARK_IFNA,6/44,0.09172637803286357,0.4127687011478861,2.2167471517652024,5.2956876569743825,scie,drvi_argmax,0.3256557799983322,False,scie
DR 15+,gs_ind_0,HALLMARK_IFNG,12/98,0.04483874235348718,0.40354868118138465,1.9309630275929763,5.995027561325307,scie,drvi_argmax,0.17027370513982473,False,scie
DR 15+,gs_ind_0,IMMUNOGENIC_CONSENSUS,2/17,0.34919917317025934,0.8285550616036426,2.084323712507074,2.192943704799495,scie,drvi_argmax,0.9790631023465215,False,scie
DR 15+,gs_ind_0,ISDS,1/15,0.6753303373493635,0.9197775126146106,1.3282470263126276,0.5214077788373931,scie,drvi_argmax,1.0,False,scie
DR 15+,gs_ind_0,KEGG_APM,3/30,0.36824669404606336,0.8285550616036426,1.6455509155155799,1.6439089867066823,scie,drvi_argmax,1.0,False,scie
DR 15+,gs_ind_0,LIM_STEM,9/140,0.6931114705355212,0.9197775126146106,0.9199696939935179,0.33722817623291557,scie,drvi_argmax,1.0,False,scie
DR 16-,gs_ind_0,BENPORATH_ES1,7/64,0.4617734986713003,0.978032131835661,1.1752612066059993,0.9081017349348484,scie,drvi_argmax,1.0,False,scie
DR 16-,gs_ind_0,ESC_ASSOU,15/130,0.3152134435187411,0.978032131835661,1.2193673352703003,1.4077660160383048,scie,drvi_argmax,0.9180974083070129,False,scie
DR 16-,gs_ind_0,ESC_WONG,3/61,0.9532734373083337,0.978032131835661,0.5278589202639835,0.02525989357254076,scie,drvi_argmax,1.0,False,scie
DR 16-,gs_ind_0,FMASC,25/284,0.7957608725656266,0.978032131835661,0.8631161174513776,0.19718453011435072,scie,drvi_argmax,1.0,False,scie
DR 16-,gs_ind_0,HALLMARK_IFNG,5/98,0.975445694359961,0.978032131835661,0.5137656085452084,0.012772618909656594,scie,drvi_argmax,1.0,False,scie
DR 16-,gs_ind_0,KEGG_APM,1/30,0.9586315160560509,0.978032131835661,0.4515101312603543,0.019075632835905108,scie,drvi_argmax,1.0,False,scie
DR 16-,gs_ind_0,LIM_STEM,8/140,0.978032131835661,0.978032131835661,0.55603038470963,0.012350966624334419,scie,drvi_argmax,1.0,False,scie
DR 17-,gs_ind_0,BENPORATH_ES1,6/64,0.277242480037621,0.999424631160777,1.5132075471698114,1.9412376354110574,scie,drvi_argmax,0.8487014695029214,False,scie
DR 17-,gs_ind_0,ESC_ASSOU,9/130,0.5491620996306825,0.999424631160777,1.0514800514800515,0.6302167845401634,scie,drvi_argmax,1.0,False,scie
DR 17-,gs_ind_0,ESC_WONG,4/61,0.6176436435465507,0.999424631160777,1.0505576208178438,0.5062044832557433,scie,drvi_argmax,1.0,False,scie
DR 17-,gs_ind_0,FMASC,19/284,0.5996624941276034,0.999424631160777,0.981845259201475,0.5021041699358869,scie,drvi_argmax,1.0,False,scie
DR 17-,gs_ind_0,HALLMARK_IFNA,2/44,0.8198526568232561,0.9999692122454731,0.7845291962939022,0.15583153766898392,scie,drvi_argmax,1.0,False,scie
DR 17-,gs_ind_0,HALLMARK_IFNG,2/98,0.9934607181010434,0.9999692122454731,0.335269221279584,0.002199619781018662,scie,drvi_argmax,1.0,False,scie
DR 17-,gs_ind_0,KEGG_APM,2/30,0.6246403944754856,0.999424631160777,1.1789088104877579,0.5547699220862117,scie,drvi_argmax,1.0,False,scie
DR 17-,gs_ind_0,LIM_STEM,1/140,0.9999692122454731,0.9999692122454731,0.13478005865102638,4.149639240236284e-06,scie,drvi_argmax,1.0,False,scie
DR 18-,gs_ind_0,BENPORATH_ES1,3/64,0.5726424403918223,0.8589636605877335,1.1747740382431757,0.6549292078571924,scie,drvi_argmax,1.0,False,scie
DR 18-,gs_ind_0,ESC_ASSOU,4/130,0.862035562408189,0.994135210823293,0.7164869029275809,0.10636875249013726,scie,drvi_argmax,1.0,False,scie
DR 18-,gs_ind_0,FMASC,6/284,0.994135210823293,0.994135210823293,0.43993939456834197,0.002587747535666156,scie,drvi_argmax,1.0,False,scie
DR 18-,gs_ind_0,HALLMARK_IFNA,18/44,6.223875535719854e-14,1.4003719955369673e-13,17.640243130302647,536.4009588215446,scie,drvi_argmax,1.0092771139005168e-12,True,scie
DR 18-,gs_ind_0,HALLMARK_IFNG,32/98,3.932136795551624e-21,2.0239292115045084e-20,14.8838004101162,699.316909602176,scie,drvi_argmax,1.5728547182206495e-19,True,scie
DR 18-,gs_ind_0,IMMUNOGENIC_CONSENSUS,14/17,4.2655674705683313e-17,1.2796702411704996e-16,100.56323930846224,3790.5675240078826,scie,drvi_argmax,1.2796702411704995e-15,True,scie
DR 18-,gs_ind_0,ISDS,6/15,2.883650145673854e-05,5.190570262212937e-05,15.024946759963493,157.0688185739708,scie,drvi_argmax,0.0001944033806072261,True,scie
DR 18-,gs_ind_0,KEGG_APM,20/30,4.497620470010018e-21,2.0239292115045084e-20,51.12545155993432,2395.265160726672,scie,drvi_argmax,1.587395460003536e-19,True,scie
DR 18-,gs_ind_0,LIM_STEM,2/140,0.9911315394623057,0.994135210823293,0.3531324171769352,0.003145710420018292,scie,drvi_argmax,1.0,False,scie
DR 19+,gs_ind_0,BENPORATH_ES1,2/64,0.24904431952177625,0.5407108977839986,2.67859649122807,3.7235823624656033,scie,drvi_argmax,0.7794529188986145,False,scie
DR 19+,gs_ind_0,ESC_ASSOU,3/130,0.3089776558765706,0.5407108977839986,1.8402139037433156,2.1613060480509807,scie,drvi_argmax,0.9177554134947642,False,scie
DR 19+,gs_ind_0,ESC_WONG,1/61,0.6078675811435391,0.7091788446674624,1.60568707101835,0.7993081576543927,scie,drvi_argmax,1.0,False,scie
DR 19+,gs_ind_0,FMASC,10/284,0.0061670081800964055,0.04316905726067484,3.1655337864854056,16.107949904619282,scie,drvi_argmax,0.02803185536407457,True,scie
DR 19+,gs_ind_0,HALLMARK_IFNA,1/44,0.48947216057866655,0.6852610248101332,2.2530683810637053,1.6096544429697137,scie,drvi_argmax,1.0,False,scie
DR 19+,gs_ind_0,HALLMARK_IFNG,1/98,0.7809723833020031,0.7809723833020031,0.9770534550195568,0.2415427490848887,scie,drvi_argmax,1.0,False,scie
DR 19+,gs_ind_0,ISDS,1/15,0.20348393042937263,0.5407108977839986,6.8609000584453534,10.923707192595813,scie,drvi_argmax,0.6621655293848866,False,scie
DR 19-,gs_ind_0,BENPORATH_ES1,5/64,0.7839721974692551,0.9999885078446499,0.823421951900965,0.2004058523163402,scie,drvi_argmax,1.0,False,scie
DR 19-,gs_ind_0,ESC_ASSOU,9/130,0.919059240584968,0.9999885078446499,0.6857385380739022,0.05787955331919732,scie,drvi_argmax,1.0,False,scie
DR 19-,gs_ind_0,ESC_WONG,4/61,0.8749285373986633,0.9999885078446499,0.694390972452705,0.09277970787663703,scie,drvi_argmax,1.0,False,scie
DR 19-,gs_ind_0,FMASC,11/284,0.9999885078446499,0.9999885078446499,0.3389319531336675,3.895081040013956e-06,scie,drvi_argmax,1.0,False,scie
DR 19-,gs_ind_0,HALLMARK_IFNA,24/44,7.993415769267156e-14,2.664471923089052e-13,12.056173564568507,363.58493591676364,scie,drvi_argmax,1.2621182793579719e-12,True,scie
DR 19-,gs_ind_0,HALLMARK_IFNG,39/98,6.231305059908107e-16,6.231305059908107e-15,7.158649218201212,250.63702072203992,scie,drvi_argmax,1.3352796556945943e-14,True,scie
DR 19-,gs_ind_0,IMMUNOGENIC_CONSENSUS,13/17,1.1526064974768236e-10,2.8815162436920585e-10,28.744,657.772666739961,scie,drvi_argmax,1.2349355330108822e-09,True,scie
DR 19-,gs_ind_0,ISDS,11/15,7.3664337183035165e-09,1.4732867436607033e-08,24.2272060979185,453.68670820272393,scie,drvi_argmax,6.799784970741707e-08,True,scie
DR 19-,gs_ind_0,KEGG_APM,21/30,2.3742272391936375e-15,1.1871136195968187e-14,22.587450520451547,760.612166579223,scie,drvi_argmax,4.5952785274715565e-14,True,scie
DR 19-,gs_ind_0,LIM_STEM,25/140,0.002145512048013045,0.003575853413355075,2.1203611203611206,13.02829818035929,scie,drvi_argmax,0.011097476110412301,True,scie
DR 20+,gs_ind_0,BENPORATH_ES1,1/64,0.7128213868663815,0.8395859255194995,1.1965354330708662,0.4050564386668593,scie,drvi_argmax,1.0,False,scie
DR 20+,gs_ind_0,ESC_ASSOU,2/130,0.7196450790167138,0.8395859255194995,0.9778263418794307,0.32170206434082815,scie,drvi_argmax,1.0,False,scie
DR 20+,gs_ind_0,FMASC,1/284,0.9972016296066541,0.9972016296066541,0.23696649029982364,0.000664049572950703,scie,drvi_argmax,1.0,False,scie
DR 20+,gs_ind_0,HALLMARK_IFNA,4/44,0.008726307783211464,0.030542077241240122,6.191626409017713,29.35705753160373,scie,drvi_argmax,0.037940468622658534,True,scie
DR 20+,gs_ind_0,HALLMARK_IFNG,4/98,0.11211098355130317,0.26159229495304076,2.5790200138026225,5.643581741859308,scie,drvi_argmax,0.38882422040914394,False,scie
DR 20+,gs_ind_0,ISDS,3/15,0.002460902896200543,0.017226320273403803,15.384225352112676,92.41653337702354,scie,drvi_argmax,0.012620014852310476,True,scie
DR 20+,gs_ind_0,LIM_STEM,4/140,0.27334449892088225,0.47835287311154395,1.7453416149068324,2.2637471326889447,scie,drvi_argmax,0.8410599966796377,False,scie
DR 21+,gs_ind_0,BENPORATH_ES1,8/64,0.3060795620347698,0.43725651719252834,1.3633605332720378,1.6140964473116701,scie,drvi_argmax,0.9136703344321486,False,scie
DR 21+,gs_ind_0,ESC_ASSOU,14/130,0.4264228779547114,0.5330285974433893,1.1241758621086424,0.9581617907573688,scie,drvi_argmax,1.0,False,scie
DR 21+,gs_ind_0,ESC_WONG,5/61,0.7465336971278809,0.8294818856976454,0.8686372586741506,0.2539152858110248,scie,drvi_argmax,1.0,False,scie
DR 21+,gs_ind_0,FMASC,11/284,0.9999885078446499,0.9999885078446499,0.3389319531336675,3.895081040013956e-06,scie,drvi_argmax,1.0,False,scie
DR 21+,gs_ind_0,HALLMARK_IFNA,22/44,9.772695907417267e-12,3.2575653024724225e-11,9.96358543417367,252.5911262353477,scie,drvi_argmax,1.1276187585481461e-10,True,scie
DR 21+,gs_ind_0,HALLMARK_IFNG,39/98,6.231305059908107e-16,6.231305059908107e-15,7.158649218201212,250.63702072203992,scie,drvi_argmax,1.3352796556945943e-14,True,scie
DR 21+,gs_ind_0,IMMUNOGENIC_CONSENSUS,12/17,2.893796018772118e-09,7.234490046930294e-09,21.648179406800097,425.61828932480995,scie,drvi_argmax,2.7129337675988602e-08,True,scie
DR 21+,gs_ind_0,ISDS,9/15,2.471507229032267e-06,4.943014458064534e-06,13.695722032536654,176.82111711652567,scie,drvi_argmax,1.8536304217742004e-05,True,scie
DR 21+,gs_ind_0,KEGG_APM,20/30,4.9969655217689966e-14,2.4984827608844983e-13,19.36697005672075,593.159173126574,scie,drvi_argmax,8.328275869614995e-13,True,scie
DR 21+,gs_ind_0,LIM_STEM,20/140,0.058953989823952946,0.09825664970658825,1.58390133446742,4.484021466987814,scie,drvi_argmax,0.2156853286242181,False,scie
DR 21-,gs_ind_0,BENPORATH_ES1,5/64,0.4102353839871217,0.9988987103981667,1.3229813664596273,1.1788083828849858,scie,drvi_argmax,1.0,False,scie
DR 21-,gs_ind_0,ESC_ASSOU,7/130,0.7633408003177973,0.9988987103981667,0.8519096629432711,0.23005879150670494,scie,drvi_argmax,1.0,False,scie
DR 21-,gs_ind_0,ESC_WONG,1/61,0.9849724025464703,0.9988987103981667,0.3437826541274817,0.005205438660706,scie,drvi_argmax,1.0,False,scie
DR 21-,gs_ind_0,FMASC,17/284,0.7001202806989766,0.9988987103981667,0.9156021711627148,0.3264150390575241,scie,drvi_argmax,1.0,False,scie
DR 21-,gs_ind_0,HALLMARK_IFNA,2/44,0.7960083115483235,0.9988987103981667,0.8301158301158301,0.18938731692262045,scie,drvi_argmax,1.0,False,scie
DR 21-,gs_ind_0,HALLMARK_IFNG,1/98,0.9988987103981667,0.9988987103981667,0.2089596227527262,0.00023025187002007308,scie,drvi_argmax,1.0,False,scie
DR 21-,gs_ind_0,ISDS,1/15,0.6393520735795136,0.9988987103981667,1.4708680142687276,0.6579192634711964,scie,drvi_argmax,1.0,False,scie
DR 21-,gs_ind_0,LIM_STEM,9/140,0.5770524498761634,0.9988987103981667,1.0252657717079228,0.5637137956596197,scie,drvi_argmax,1.0,False,scie
DR 22+,gs_ind_0,BENPORATH_ES1,3/64,0.8031140422072811,0.9866639318233972,0.8009553636392395,0.17561631559967658,scie,drvi_argmax,1.0,False,scie
DR 22+,gs_ind_0,ESC_ASSOU,4/130,0.9772299604040151,0.9866639318233972,0.4864450127877238,0.011204424490269446,scie,drvi_argmax,1.0,False,scie
DR 22+,gs_ind_0,ESC_WONG,1/61,0.9849724025464703,0.9866639318233972,0.3437826541274817,0.005205438660706,scie,drvi_argmax,1.0,False,scie
DR 22+,gs_ind_0,FMASC,11/284,0.9866639318233972,0.9866639318233972,0.5570861811313312,0.007479323270037708,scie,drvi_argmax,1.0,False,scie
DR 22+,gs_ind_0,HALLMARK_IFNA,14/44,2.8586332068840874e-07,7.146583017210218e-07,7.4426927101499825,112.14464826681196,scie,drvi_argmax,2.2568156896453317e-06,True,scie
DR 22+,gs_ind_0,HALLMARK_IFNG,22/98,1.0755030400623784e-07,3.5850101335412617e-07,4.8173515981735155,77.29588606433167,scie,drvi_argmax,9.088758085034184e-07,True,scie
DR 22+,gs_ind_0,IMMUNOGENIC_CONSENSUS,12/17,1.7858560934671944e-11,8.929280467335972e-11,35.46025104602511,877.5893747038809,scie,drvi_argmax,1.9842845482968827e-10,True,scie
DR 22+,gs_ind_0,ISDS,5/15,0.0019674702370375587,0.003934940474075117,7.699792960662526,47.977461565669714,scie,drvi_argmax,0.010265062106282915,True,scie
DR 22+,gs_ind_0,KEGG_APM,20/30,8.741937953109892e-18,8.741937953109891e-17,32.56011103993167,1278.9090581461048,scie,drvi_argmax,2.7606119851925974e-16,True,scie
DR 22+,gs_ind_0,LIM_STEM,6/140,0.9101042631712014,0.9866639318233972,0.6683007745967802,0.06295133402619359,scie,drvi_argmax,1.0,False,scie
DR 23-,gs_ind_0,BENPORATH_ES1,5/64,0.39056225051462196,0.6509370841910366,1.3573639982308714,1.276150073431584,scie,drvi_argmax,1.0,False,scie
DR 23-,gs_ind_0,ESC_ASSOU,7/130,0.7414380585534113,0.9988954539403758,0.8744439446193832,0.26160184763404964,scie,drvi_argmax,1.0,False,scie
DR 23-,gs_ind_0,ESC_WONG,1/61,0.9834012570507787,0.9988954539403758,0.3524550315994166,0.00589940843846068,scie,drvi_argmax,1.0,False,scie
DR 23-,gs_ind_0,FMASC,8/284,0.9988954539403758,0.9988954539403758,0.4072917995392915,0.0004501211878790152,scie,drvi_argmax,1.0,False,scie
DR 23-,gs_ind_0,HALLMARK_IFNA,32/44,1.3677897025074018e-30,6.838948512537009e-30,50.127461139896376,3446.982618724098,scie,drvi_argmax,2.0516845537611025e-28,True,scie
DR 23-,gs_ind_0,HALLMARK_IFNG,50/98,2.006447272778369e-37,2.006447272778369e-36,24.20047278219187,2044.9225937244216,scie,drvi_argmax,6.019341818335107e-35,True,scie
DR 23-,gs_ind_0,IMMUNOGENIC_CONSENSUS,14/17,5.58283385176812e-15,1.3957084629420298e-14,67.64254522769806,2219.9660957024375,scie,drvi_argmax,1.0467813472065224e-13,True,scie
DR 23-,gs_ind_0,ISDS,13/15,1.573284101455259e-14,3.146568202910518e-14,87.45194805194805,2779.48754593765,scie,drvi_argmax,2.776383708450457e-13,True,scie
DR 23-,gs_ind_0,KEGG_APM,19/30,1.6780223029189577e-16,5.593407676396526e-16,28.82608695652174,1047.071448922922,scie,drvi_argmax,4.377449485875542e-15,True,scie
DR 23-,gs_ind_0,LIM_STEM,6/140,0.898293088459971,0.9988954539403758,0.685850845914574,0.07356359687100734,scie,drvi_argmax,1.0,False,scie
DR 24-,gs_ind_0,BENPORATH_ES1,2/64,0.7991407521470687,0.9905258483224858,0.8256983240223463,0.18513658233258978,scie,drvi_argmax,1.0,False,scie
DR 24-,gs_ind_0,ESC_ASSOU,3/130,0.9441491573144408,0.9905258483224858,0.5528968649606736,0.03177560190155508,scie,drvi_argmax,1.0,False,scie
DR 24-,gs_ind_0,FMASC,14/284,0.4168522687624103,0.9905258483224858,1.1339932025520243,0.9922705780410294,scie,drvi_argmax,1.0,False,scie
DR 24-,gs_ind_0,HALLMARK_IFNA,1/44,0.8740491849408204,0.9905258483224858,0.7111830824919032,0.0957384916994865,scie,drvi_argmax,1.0,False,scie
DR 24-,gs_ind_0,HALLMARK_IFNG,2/98,0.9450986710411463,0.9905258483224858,0.5249370422902133,0.02964106518150399,scie,drvi_argmax,1.0,False,scie
DR 24-,gs_ind_0,LIM_STEM,2/140,0.9905258483224858,0.9905258483224858,0.357279712804792,0.003401058825028244,scie,drvi_argmax,1.0,False,scie
DR 25-,gs_ind_0,BENPORATH_ES1,25/64,2.954205870354879e-10,9.847352901182932e-10,6.479606188466948,142.17954318691525,scie,drvi_argmax,3.108907320971988e-09,True,scie
DR 25-,gs_ind_0,ESC_ASSOU,40/130,5.8677668190743704e-12,2.933883409537185e-11,4.769298290907213,123.34143187943889,scie,drvi_argmax,7.041320182889245e-11,True,scie
DR 25-,gs_ind_0,ESC_WONG,27/61,1.4588601272554584e-12,1.4588601272554582e-11,8.11573319968258,221.18104497605879,scie,drvi_argmax,1.862374630538883e-11,True,scie
DR 25-,gs_ind_0,FMASC,48/284,6.287594824139325e-05,0.00010479324706898876,2.1038574844903475,20.353447024317994,scie,drvi_argmax,0.0004100605320090865,True,scie
DR 25-,gs_ind_0,HALLMARK_IFNA,11/44,0.0029926320582315345,0.004275188654616478,3.201866656165085,18.607974636354115,scie,drvi_argmax,0.01521677317744848,True,scie
DR 25-,gs_ind_0,HALLMARK_IFNG,18/98,0.0067062852735633545,0.008382856591954193,2.1665447119884287,10.842928184412896,scie,drvi_argmax,0.03024617560713822,True,scie
DR 25-,gs_ind_0,IMMUNOGENIC_CONSENSUS,11/17,5.567126678489765e-08,1.113425335697953e-07,16.754008524457074,279.85563573349845,scie,drvi_argmax,4.840979720425882e-07,True,scie
DR 25-,gs_ind_0,ISDS,3/15,0.18347850508240676,0.20386500564711862,2.535594936708861,4.299501222696118,scie,drvi_argmax,0.6015688691226452,False,scie
DR 25-,gs_ind_0,KEGG_APM,16/30,2.319429188805329e-09,5.7985729720133224e-09,11.018502943650127,219.06926643216246,scie,drvi_argmax,2.244608892392254e-08,True,scie
DR 25-,gs_ind_0,LIM_STEM,15/140,0.42901327061977196,0.42901327061977196,1.1155485873218716,0.9440524323371307,scie,drvi_argmax,1.0,False,scie
DR 26-,gs_ind_0,BENPORATH_ES1,3/64,0.21346564240679183,0.42693128481358367,2.263842533162174,3.496005354301749,scie,drvi_argmax,0.6812733268301867,False,scie
DR 26-,gs_ind_0,ESC_ASSOU,6/130,0.10155398347670412,0.3046619504301124,2.142908713505708,4.901185304083262,scie,drvi_argmax,0.35425808189547947,False,scie
DR 26-,gs_ind_0,ESC_WONG,1/61,0.7916088258727692,0.9214613348991714,0.9469070874029551,0.22128074381192764,scie,drvi_argmax,1.0,False,scie
DR 26-,gs_ind_0,FMASC,5/284,0.8594181385578046,0.9214613348991714,0.7228960663665494,0.10951853848151927,scie,drvi_argmax,1.0,False,scie
DR 26-,gs_ind_0,HALLMARK_IFNG,1/98,0.9214613348991714,0.9214613348991714,0.576068376068376,0.04711920267962119,scie,drvi_argmax,1.0,False,scie
DR 26-,gs_ind_0,LIM_STEM,17/140,1.2052421147388262e-08,7.231452688432958e-08,7.7300743247326125,140.95017734051245,scie,drvi_argmax,1.0956746497625692e-07,True,scie
DR 27+,gs_ind_0,BENPORATH_ES1,1/64,0.9780367974108345,0.999801638526761,0.3795136841375004,0.008428234011324927,scie,drvi_argmax,1.0,False,scie
DR 27+,gs_ind_0,ESC_ASSOU,3/130,0.9834522312495015,0.999801638526761,0.43318385650224217,0.00722819787713681,scie,drvi_argmax,1.0,False,scie
DR 27+,gs_ind_0,FMASC,21/284,0.11861294930468812,0.5930647465234405,1.416767293427635,3.020391477866839,scie,drvi_argmax,0.40667296904464495,False,scie
DR 27+,gs_ind_0,HALLMARK_IFNG,1/98,0.9972610170014506,0.999801638526761,0.24256184344290072,0.0006652842829426712,scie,drvi_argmax,1.0,False,scie
DR 27+,gs_ind_0,LIM_STEM,1/140,0.999801638526761,0.999801638526761,0.16555350291317322,3.284269420804464e-05,scie,drvi_argmax,1.0,False,scie
DR 28+,gs_ind_0,BENPORATH_ES1,2/64,0.9117009758838418,0.9867491016236035,0.6029875518672199,0.05574211090950317,scie,drvi_argmax,1.0,False,scie
DR 28+,gs_ind_0,ESC_ASSOU,4/130,0.9645217722883669,0.9867491016236035,0.526091959773853,0.01900395317448618,scie,drvi_argmax,1.0,False,scie
DR 28+,gs_ind_0,ESC_WONG,1/61,0.9797588189736075,0.9867491016236035,0.37108458320579535,0.007588249525978232,scie,drvi_argmax,1.0,False,scie
DR 28+,gs_ind_0,FMASC,10/284,0.9867491016236035,0.9867491016236035,0.5455494839101397,0.007277343636044108,scie,drvi_argmax,1.0,False,scie
DR 28+,gs_ind_0,HALLMARK_IFNA,6/44,0.0477389402797566,0.15912980093252202,2.667242628616019,8.113773030269845,scie,drvi_argmax,0.18014694445191168,False,scie
DR 28+,gs_ind_0,HALLMARK_IFNG,10/98,0.07088070286968676,0.17720175717421688,1.888286252354049,4.997834962923882,scie,drvi_argmax,0.25619531157718106,False,scie
DR 28+,gs_ind_0,IMMUNOGENIC_CONSENSUS,9/17,1.4068519231620261e-07,7.03425961581013e-07,18.419020471624773,290.59211768911194,scie,drvi_argmax,1.156316649174268e-06,True,scie
DR 28+,gs_ind_0,ISDS,2/15,0.2316727193987036,0.4633454387974072,2.866912555709236,4.192657769253917,scie,drvi_argmax,0.731598061259064,False,scie
DR 28+,gs_ind_0,KEGG_APM,14/30,3.0052770769395883e-10,3.005277076939588e-09,15.08518363357073,330.74990956656575,scie,drvi_argmax,3.108907320971988e-09,True,scie
DR 28+,gs_ind_0,LIM_STEM,10/140,0.34763525232053,0.5793920872008833,1.2505236270753513,1.3213051081286515,scie,drvi_argmax,0.9790631023465215,False,scie
DR 29+,gs_ind_0,BENPORATH_ES1,2/64,0.48058581652664145,0.9633174858847053,1.5575257731958763,1.1412761819050405,scie,drvi_argmax,1.0,False,scie
DR 29+,gs_ind_0,ESC_ASSOU,3/130,0.6422116572564702,0.9633174858847053,1.0538286893704851,0.466674699334545,scie,drvi_argmax,1.0,False,scie
DR 29+,gs_ind_0,FMASC,3/284,0.9808554888678945,0.9808554888678945,0.4370010283256988,0.00844729118462617,scie,drvi_argmax,1.0,False,scie
DR 29-,gs_ind_0,BENPORATH_ES1,1/64,0.9499815953847328,0.9806136074508989,0.4876171204856376,0.025020935343619703,scie,drvi_argmax,1.0,False,scie
DR 29-,gs_ind_0,ESC_ASSOU,6/130,0.5377284165652464,0.8755566257758338,1.1037998146431882,0.6847992242864644,scie,drvi_argmax,1.0,False,scie
DR 29-,gs_ind_0,ESC_WONG,1/61,0.9423120289765573,0.9806136074508989,0.5126275451313542,0.03045972296085614,scie,drvi_argmax,1.0,False,scie
DR 29-,gs_ind_0,FMASC,7/284,0.9806136074508989,0.9806136074508989,0.5287263311215407,0.010350755470936349,scie,drvi_argmax,1.0,False,scie
DR 29-,gs_ind_0,HALLMARK_IFNA,9/44,9.783745456146772e-05,0.0004891872728073385,6.158213082174026,56.853873804631526,scie,drvi_argmax,0.000624494390817879,True,scie
DR 29-,gs_ind_0,HALLMARK_IFNG,18/98,1.1965989254731797e-07,1.1965989254731796e-06,5.8023988005997005,92.48218516527204,scie,drvi_argmax,9.971657712276498e-07,True,scie
DR 29-,gs_ind_0,IMMUNOGENIC_CONSENSUS,3/17,0.037913514752052936,0.07582702950410587,5.231724137931034,17.12054331192823,scie,drvi_argmax,0.14685515973195593,False,scie
DR 29-,gs_ind_0,ISDS,3/15,0.02706613483705319,0.06766533709263296,6.0752,21.928264109428394,scie,drvi_argmax,0.10826453934821276,False,scie
DR 29-,gs_ind_0,KEGG_APM,5/30,0.009635071225902547,0.032116904086341824,4.756449948400412,22.08108441694489,scie,drvi_argmax,0.04159023550749301,True,scie
DR 29-,gs_ind_0,LIM_STEM,6/140,0.6128896380430836,0.8755566257758338,1.0160137260509008,0.497410241262438,scie,drvi_argmax,1.0,False,scie
DR 30+,gs_ind_0,BENPORATH_ES1,5/64,0.31220628566758907,0.4843089199674216,1.513396389946113,1.761731325271232,scie,drvi_argmax,0.9180974083070129,False,scie
DR 30+,gs_ind_0,ESC_ASSOU,9/130,0.3390162439771951,0.4843089199674216,1.282668197913676,1.3874714959705194,scie,drvi_argmax,0.9594799357845144,False,scie
DR 30+,gs_ind_0,ESC_WONG,1/61,0.97533295316251,0.9910056590457824,0.39164967264140815,0.009781989427687448,scie,drvi_argmax,1.0,False,scie
DR 30+,gs_ind_0,FMASC,15/284,0.6982088865086018,0.8727611081357523,0.9154061983055649,0.3288477367791501,scie,drvi_argmax,1.0,False,scie
DR 30+,gs_ind_0,HALLMARK_IFNA,8/44,0.0030639445299014277,0.008592545234477568,3.96748942617259,22.9640356282184,scie,drvi_argmax,0.015448459814629048,True,scie
DR 30+,gs_ind_0,HALLMARK_IFNG,13/98,0.003437018093791027,0.008592545234477568,2.7452326468344777,15.574119381506211,scie,drvi_argmax,0.01704306492788939,True,scie
DR 30+,gs_ind_0,IMMUNOGENIC_CONSENSUS,9/17,8.99627118444041e-08,4.4981355922202043e-07,19.509439124487002,316.51861515742087,scie,drvi_argmax,7.711089586663208e-07,True,scie
DR 30+,gs_ind_0,ISDS,3/15,0.051883374287864215,0.10376674857572843,4.619383259911895,13.667632008110516,scie,drvi_argmax,0.19216064551060819,False,scie
DR 30+,gs_ind_0,KEGG_APM,13/30,2.2486400607672907e-09,2.2486400607672906e-08,13.919254658385093,277.1732859319159,scie,drvi_argmax,2.244608892392254e-08,True,scie
DR 30+,gs_ind_0,LIM_STEM,3/140,0.9910056590457824,0.9910056590457824,0.391910292350821,0.0035409229059747754,scie,drvi_argmax,1.0,False,scie
DR 31-,gs_ind_0,HALLMARK_IFNA,3/44,0.0007614506927101849,0.0007614506927101849,25.307692307692307,181.71644695252905,scie,drvi_argmax,0.0043929847656356815,True,scie
DR 31-,gs_ind_0,HALLMARK_IFNG,5/98,2.752717112139826e-05,3.670289482853101e-05,24.81699346405229,260.5867947069067,scie,drvi_argmax,0.00018768525764589723,True,scie
DR 31-,gs_ind_0,IMMUNOGENIC_CONSENSUS,4/17,4.395355677851387e-07,8.790711355702774e-07,119.9090909090909,1755.1749773221673,scie,drvi_argmax,3.4249524762478344e-06,True,scie
DR 31-,gs_ind_0,KEGG_APM,6/30,5.480241383125986e-10,2.1920965532503943e-09,149.1399416909621,3180.364780334931,scie,drvi_argmax,5.573126830297613e-09,True,scie
DR 33+,gs_ind_0,FMASC,1/284,0.8837118026169755,0.8837118026169755,0.6676464824612973,0.0825373187854552,scie,drvi_argmax,1.0,False,scie
DR 34-,gs_ind_0,BENPORATH_ES1,2/64,0.766532813790362,0.9855421891590368,0.8879041916167665,0.2360739879359147,scie,drvi_argmax,1.0,False,scie
DR 34-,gs_ind_0,ESC_ASSOU,7/130,0.3133312924512284,0.46999693867684267,1.3867041439954615,1.6092621243500822,scie,drvi_argmax,0.9180974083070129,False,scie
DR 34-,gs_ind_0,FMASC,3/284,0.999797895679736,0.999797895679736,0.24633188007965984,4.978976871603239e-05,scie,drvi_argmax,1.0,False,scie
DR 34-,gs_ind_0,HALLMARK_IFNA,34/44,2.6929702209032425e-41,2.4236731988129185e-40,121.57142857142857,11356.636827495096,scie,drvi_argmax,1.6157821325419454e-38,True,scie
DR 34-,gs_ind_0,HALLMARK_IFNG,38/98,2.9031503741120583e-30,1.3064176683504264e-29,24.85837320574163,1690.6616206465217,scie,drvi_argmax,3.48378044893447e-28,True,scie
DR 34-,gs_ind_0,IMMUNOGENIC_CONSENSUS,3/17,0.03272762154504094,0.06447103834784382,5.5634273772204805,19.024339432407757,scie,drvi_argmax,0.12918797978305635,False,scie
DR 34-,gs_ind_0,ISDS,12/15,6.524619710573829e-15,1.957385913172149e-14,92.93002915451895,3035.3915451722737,scie,drvi_argmax,1.1862944928316054e-13,True,scie
DR 34-,gs_ind_0,KEGG_APM,4/30,0.0358172435265799,0.06447103834784382,3.93691399467531,13.107269487543327,scie,drvi_argmax,0.14045977853560745,False,scie
DR 34-,gs_ind_0,LIM_STEM,1/140,0.9981763665162672,0.999797895679736,0.2260609531080995,0.0004126286796496609,scie,drvi_argmax,1.0,False,scie
DR 35-,gs_ind_0,BENPORATH_ES1,9/64,0.18331658920374377,0.261880841719634,1.560205113729918,2.646951359104223,scie,drvi_argmax,0.6015688691226452,False,scie
DR 35-,gs_ind_0,ESC_ASSOU,13/130,0.54625804529611,0.6828225566201375,1.0315914893617022,0.6237660345956179,scie,drvi_argmax,1.0,False,scie
DR 35-,gs_ind_0,ESC_WONG,3/61,0.9532734373083337,0.999962827438336,0.5278589202639835,0.02525989357254076,scie,drvi_argmax,1.0,False,scie
DR 35-,gs_ind_0,FMASC,12/284,0.999962827438336,0.999962827438336,0.37196116126834255,1.3827006198081475e-05,scie,drvi_argmax,1.0,False,scie
DR 35-,gs_ind_0,HALLMARK_IFNA,34/44,7.115569344568372e-27,3.5577846722841856e-26,35.33376233376234,2127.357928978952,scie,drvi_argmax,6.099059438201461e-25,True,scie
DR 35-,gs_ind_0,HALLMARK_IFNG,56/98,1.6397458680875838e-33,1.6397458680875837e-32,16.178343171178508,1221.3155315046822,scie,drvi_argmax,3.2794917361751677e-31,True,scie
DR 35-,gs_ind_0,IMMUNOGENIC_CONSENSUS,14/17,3.395682860455603e-12,6.791365720911206e-12,39.92914592110303,1054.4694984286346,scie,drvi_argmax,4.157979012802779e-11,True,scie
DR 35-,gs_ind_0,ISDS,14/15,8.994246926090845e-14,2.248561731522711e-13,93.27167113494191,2801.8442667236327,scie,drvi_argmax,1.3837302963216683e-12,True,scie
DR 35-,gs_ind_0,KEGG_APM,22/30,9.638909712633279e-17,3.212969904211093e-16,26.58180919426594,980.2876431472577,scie,drvi_argmax,2.6287935579908944e-15,True,scie
DR 35-,gs_ind_0,LIM_STEM,18/140,0.15320884024084724,0.2553480670680788,1.3889740005591278,2.6056503869348533,scie,drvi_argmax,0.513549185164851,False,scie
DR 36-,gs_ind_0,BENPORATH_ES1,1/64,0.847519454944784,0.9919057183338451,0.7862169883631802,0.13007290553978493,scie,drvi_argmax,1.0,False,scie
DR 36-,gs_ind_0,ESC_ASSOU,1/130,0.979503067940098,0.9919057183338451,0.3719889295110534,0.007703857047800594,scie,drvi_argmax,1.0,False,scie
DR 36-,gs_ind_0,ESC_WONG,1/61,0.8332332848868047,0.9919057183338451,0.8265194178307613,0.1507915433170572,scie,drvi_argmax,1.0,False,scie
DR 36-,gs_ind_0,FMASC,3/284,0.9919057183338451,0.9919057183338451,0.3792755063796503,0.00308245480441241,scie,drvi_argmax,1.0,False,scie
DR 36-,gs_ind_0,HALLMARK_IFNA,5/44,0.007308602196016048,0.024362007320053496,5.051115129596142,24.844936361438382,scie,drvi_argmax,0.03248267642673799,True,scie
DR 36-,gs_ind_0,HALLMARK_IFNG,8/98,0.0056148972156213565,0.024362007320053496,3.516881522406384,18.22564764069426,scie,drvi_argmax,0.02571708648376194,True,scie
DR 36-,gs_ind_0,IMMUNOGENIC_CONSENSUS,3/17,0.011239663589078634,0.028099158972696582,8.545713381841189,38.35577976314765,scie,drvi_argmax,0.04749153629188155,True,scie
DR 36-,gs_ind_0,ISDS,4/15,0.0006409503134005329,0.006409503134005329,14.13449817147501,103.9247263452287,scie,drvi_argmax,0.003803152629562575,True,scie
DR 36-,gs_ind_0,KEGG_APM,3/30,0.051712200690623475,0.10342440138124695,4.475562969140951,13.256892919086019,scie,drvi_argmax,0.19216064551060819,False,scie
DR 36-,gs_ind_0,LIM_STEM,1/140,0.9849713098987039,0.9919057183338451,0.34341992577790464,0.005200327315012716,scie,drvi_argmax,1.0,False,scie
DR 37-,gs_ind_0,BENPORATH_ES1,31/64,1.079902494662143e-15,2.699756236655357e-15,9.805177651565183,337.90510701727027,scie,drvi_argmax,2.2342810234389165e-14,True,scie
DR 37-,gs_ind_0,ESC_ASSOU,52/130,2.0009752363189468e-21,1.0004876181594734e-20,7.757511419931802,369.7280542892166,scie,drvi_argmax,8.575608155652628e-20,True,scie
DR 37-,gs_ind_0,ESC_WONG,35/61,7.50188761690727e-21,2.500629205635757e-20,14.36350681183378,665.5924421833117,scie,drvi_argmax,2.500629205635757e-19,True,scie
DR 37-,gs_ind_0,FMASC,81/284,1.1115458892732627e-22,1.1115458892732625e-21,5.353849475188388,270.6430889226221,scie,drvi_argmax,6.06297757785416e-21,True,scie
DR 37-,gs_ind_0,HALLMARK_IFNA,4/44,0.6560889765594565,0.8201112206993206,0.9954763924229573,0.4195523497247994,scie,drvi_argmax,1.0,False,scie
DR 37-,gs_ind_0,HALLMARK_IFNG,10/98,0.5245733986708456,0.8201112206993206,1.0665510031585035,0.6881066260961242,scie,drvi_argmax,1.0,False,scie
DR 37-,gs_ind_0,IMMUNOGENIC_CONSENSUS,2/17,0.5190584575090342,0.8201112206993206,1.4508003575201105,0.9513460379906375,scie,drvi_argmax,1.0,False,scie
DR 37-,gs_ind_0,ISDS,1/15,0.7953125302266378,0.8836805891407087,0.9263676432460461,0.21215683048520098,scie,drvi_argmax,1.0,False,scie
DR 37-,gs_ind_0,KEGG_APM,3/30,0.5902554204278213,0.8201112206993206,1.1428768699654777,0.602524594168903,scie,drvi_argmax,1.0,False,scie
DR 37-,gs_ind_0,LIM_STEM,6/140,0.9968837233655148,0.9968837233655148,0.41407287774390533,0.0012923803888027002,scie,drvi_argmax,1.0,False,scie
DR 38+,gs_ind_0,BENPORATH_ES1,2/64,0.4146694010343831,0.5805371614481363,1.7830588235294118,1.5695797883311398,scie,drvi_argmax,1.0,False,scie
DR 38+,gs_ind_0,ESC_ASSOU,2/130,0.7923900776860646,0.7923900776860646,0.8370336461432822,0.1947789733616373,scie,drvi_argmax,1.0,False,scie
DR 38+,gs_ind_0,FMASC,12/284,0.016069088105463984,0.056241808369123944,2.377558221594919,9.821355033976396,scie,drvi_argmax,0.06558811471617952,False,scie
DR 38+,gs_ind_0,HALLMARK_IFNA,2/44,0.2520841651743721,0.49799675070087446,2.649826989619377,3.651441077915081,scie,drvi_argmax,0.7836813425110014,False,scie
DR 38+,gs_ind_0,HALLMARK_IFNG,2/98,0.6449622592682555,0.7524559691462981,1.1341054556537642,0.4973772315313795,scie,drvi_argmax,1.0,False,scie
DR 38+,gs_ind_0,ISDS,1/15,0.2845695718290711,0.49799675070087446,4.619500594530321,5.805684475938927,scie,drvi_argmax,0.8667093558245821,False,scie
DR 38+,gs_ind_0,LIM_STEM,10/140,0.0006465359470256378,0.004525751629179464,4.259703481592537,31.282758696294444,scie,drvi_argmax,0.003803152629562575,True,scie
DR 39+,gs_ind_0,BENPORATH_ES1,13/64,0.003924351917836478,0.007848703835672956,2.733482257925939,15.145006216228323,scie,drvi_argmax,0.01854024528111722,True,scie
DR 39+,gs_ind_0,ESC_ASSOU,23/130,0.0010113627418201249,0.002696967311520333,2.345716993511701,16.177135460920194,scie,drvi_argmax,0.005671192944785746,True,scie
DR 39+,gs_ind_0,ESC_WONG,18/61,3.2007981208769094e-06,2.5606384967015275e-05,4.590259581455473,58.076470835379574,scie,drvi_argmax,2.3420474055196898e-05,True,scie
DR 39+,gs_ind_0,FMASC,42/284,0.00048789610099970386,0.0019515844039988154,1.9665040173166526,14.995395628046287,scie,drvi_argmax,0.0029871189857124726,True,scie
DR 39+,gs_ind_0,HALLMARK_IFNA,1/44,0.9856805099177631,0.9999846764654159,0.33732307400019,0.004865211822959914,scie,drvi_argmax,1.0,False,scie
DR 39+,gs_ind_0,HALLMARK_IFNG,5/98,0.954033590892338,0.9999846764654159,0.571830985915493,0.026908306218805165,scie,drvi_argmax,1.0,False,scie
DR 39+,gs_ind_0,KEGG_APM,1/30,0.9441064865951623,0.9999846764654159,0.5013307185880376,0.02883469583124362,scie,drvi_argmax,1.0,False,scie
DR 39+,gs_ind_0,LIM_STEM,2/140,0.9999846764654159,0.9999846764654159,0.16805504165124954,2.5752169735406607e-06,scie,drvi_argmax,1.0,False,scie
DR 40-,gs_ind_0,BENPORATH_ES1,3/64,0.5650393568353387,0.807199081193341,1.1886913784392081,0.6785762320907652,scie,drvi_argmax,1.0,False,scie
DR 40-,gs_ind_0,ESC_ASSOU,2/130,0.9854294029278629,0.9999118268325852,0.3872573527813403,0.005684082389143337,scie,drvi_argmax,1.0,False,scie
DR 40-,gs_ind_0,ESC_WONG,2/61,0.7764968661918974,0.9706210827398717,0.868738556875264,0.21975842680219515,scie,drvi_argmax,1.0,False,scie
DR 40-,gs_ind_0,FMASC,3/284,0.9999118268325852,0.9999118268325852,0.22878847176646497,2.0173893634768565e-05,scie,drvi_argmax,1.0,False,scie
DR 40-,gs_ind_0,HALLMARK_IFNA,10/44,1.599908584200123e-05,3.999771460500307e-05,7.003734329154441,77.34209092394961,scie,drvi_argmax,0.00011162152913024112,True,scie
DR 40-,gs_ind_0,HALLMARK_IFNG,18/98,1.4331527891678888e-07,4.777175963892963e-07,5.720327882705877,90.14217887483233,scie,drvi_argmax,1.1620157750009908e-06,True,scie
DR 40-,gs_ind_0,IMMUNOGENIC_CONSENSUS,12/17,1.9574872104898457e-13,1.032541057363427e-12,54.44539736992567,1593.1782012182982,scie,drvi_argmax,2.731377503009087e-12,True,scie
DR 40-,gs_ind_0,ISDS,4/15,0.0037230410235277686,0.007446082047055537,8.490186335403727,47.48743302349538,scie,drvi_argmax,0.01772876677870366,True,scie
DR 40-,gs_ind_0,KEGG_APM,15/30,2.0650821147268542e-13,1.032541057363427e-12,24.764705882352942,723.3383322296476,scie,drvi_argmax,2.8160210655366194e-12,True,scie
DR 40-,gs_ind_0,LIM_STEM,11/140,0.04894044539420575,0.08156740899034293,1.9641478212906784,5.926130799220992,scie,drvi_argmax,0.18352667022827157,False,scie
DR 41-,gs_ind_0,BENPORATH_ES1,7/64,0.17709298918198513,0.29515498196997525,1.6937686391461308,2.9320495608279598,scie,drvi_argmax,0.5870485829237075,False,scie
DR 41-,gs_ind_0,ESC_ASSOU,9/130,0.6115123424003033,0.764390428000379,0.9935482898445861,0.48864705925432805,scie,drvi_argmax,1.0,False,scie
DR 41-,gs_ind_0,ESC_WONG,3/61,0.8323689184707861,0.924854353856429,0.7546858599490178,0.1384694029682498,scie,drvi_argmax,1.0,False,scie
DR 41-,gs_ind_0,FMASC,8/284,0.9998340344944483,0.9998340344944483,0.35313496629952323,5.8613087219760144e-05,scie,drvi_argmax,1.0,False,scie
DR 41-,gs_ind_0,HALLMARK_IFNA,8/44,0.011871528573724555,0.02374305714744911,3.08159402241594,13.66259316888448,scie,drvi_argmax,0.04946470239051898,True,scie
DR 41-,gs_ind_0,HALLMARK_IFNG,15/98,0.003682478462242078,0.009206196155605193,2.521279280519421,14.129675835533455,scie,drvi_argmax,0.017675896618761972,True,scie
DR 41-,gs_ind_0,IMMUNOGENIC_CONSENSUS,9/17,6.403225388833085e-07,6.403225388833084e-06,15.127127774186597,215.73241384846952,scie,drvi_argmax,4.925557991410065e-06,True,scie
DR 41-,gs_ind_0,ISDS,6/15,0.000379577286039853,0.0012652576201328434,9.05659309564233,71.33382378626615,scie,drvi_argmax,0.0023479007383908437,True,scie
DR 41-,gs_ind_0,KEGG_APM,11/30,3.2988461767587733e-06,1.6494230883793866e-05,8.052521208655037,101.6384217808138,scie,drvi_argmax,2.3847080795846552e-05,True,scie
DR 41-,gs_ind_0,LIM_STEM,13/140,0.2088853803651485,0.29840768623592645,1.3812652608213096,2.1630194035065378,scie,drvi_argmax,0.6731257042788652,False,scie
DR 42-,gs_ind_0,BENPORATH_ES1,2/64,0.4259433713524238,0.5692749052441616,1.7411494252873563,1.485982014120569,scie,drvi_argmax,1.0,False,scie
DR 42-,gs_ind_0,ESC_ASSOU,3/130,0.5692749052441616,0.5692749052441616,1.181038062283737,0.6653871881440673,scie,drvi_argmax,1.0,False,scie
DR 42-,gs_ind_0,FMASC,7/284,0.46119393076062587,0.5692749052441616,1.1783081783081784,0.9119358845914647,scie,drvi_argmax,1.0,False,scie
DR 42-,gs_ind_0,KEGG_APM,2/30,0.1449441707851287,0.3623604269628217,3.8868723532970355,7.507131071105529,scie,drvi_argmax,0.49133617215297865,False,scie
DR 42-,gs_ind_0,LIM_STEM,8/140,0.011084216668034228,0.05542108334017114,3.119446540880503,14.04447548361072,scie,drvi_argmax,0.047166879438443526,True,scie
DR 43-,gs_ind_0,ESC_ASSOU,3/130,0.011803730499793911,0.03541119149938174,9.310873440285205,41.334129671462875,scie,drvi_argmax,0.04946470239051898,True,scie
DR 43-,gs_ind_0,HALLMARK_IFNG,1/98,0.3314559110779099,0.4410090791012386,3.8882051282051284,4.293591247438056,scie,drvi_argmax,0.9515480700801241,False,scie
DR 43-,gs_ind_0,LIM_STEM,1/140,0.4410090791012386,0.4410090791012386,2.6573476702508962,2.175543475779876,scie,drvi_argmax,1.0,False,scie
DR 44-,gs_ind_0,ESC_ASSOU,6/130,0.11725565366853537,0.2931391341713384,2.0484950554907804,4.390741544453256,scie,drvi_argmax,0.4043298402363289,False,scie
DR 44-,gs_ind_0,ESC_WONG,3/61,0.20979084450024632,0.34965140750041057,2.2849866183199516,3.5683361524770443,scie,drvi_argmax,0.6731257042788652,False,scie
DR 44-,gs_ind_0,FMASC,3/284,0.9849811778736243,0.9849811778736243,0.41884206182607603,0.006338230850014589,scie,drvi_argmax,1.0,False,scie
DR 44-,gs_ind_0,KEGG_APM,4/30,0.006754979218927535,0.03377489609463767,6.731180704143163,33.63890987403149,scie,drvi_argmax,0.03024617560713822,True,scie
DR 44-,gs_ind_0,LIM_STEM,5/140,0.29743978084753103,0.37179972605941375,1.5496989706739173,1.8790774011472973,scie,drvi_argmax,0.9013326692349425,False,scie
DR 45+,gs_ind_0,BENPORATH_ES1,8/64,0.3060795620347698,0.4503049193124873,1.3633605332720378,1.6140964473116701,scie,drvi_argmax,0.9136703344321486,False,scie
DR 45+,gs_ind_0,ESC_ASSOU,15/130,0.3152134435187411,0.4503049193124873,1.2193673352703003,1.4077660160383048,scie,drvi_argmax,0.9180974083070129,False,scie
DR 45+,gs_ind_0,ESC_WONG,7/61,0.4104665058489985,0.5130831323112481,1.2420880449470166,1.10603089671803,scie,drvi_argmax,1.0,False,scie
DR 45+,gs_ind_0,FMASC,15/284,0.9992648213673885,0.9992648213673885,0.4748385999829974,0.00034921957776735756,scie,drvi_argmax,1.0,False,scie
DR 45+,gs_ind_0,HALLMARK_IFNA,23/44,9.265617537027874e-13,4.632808768513937e-12,10.95794300687848,303.6149671414357,scie,drvi_argmax,1.2085588091775488e-11,True,scie
DR 45+,gs_ind_0,HALLMARK_IFNG,39/98,6.231305059908107e-16,6.231305059908107e-15,7.158649218201212,250.63702072203992,scie,drvi_argmax,1.3352796556945943e-14,True,scie
DR 45+,gs_ind_0,IMMUNOGENIC_CONSENSUS,12/17,2.893796018772118e-09,7.234490046930294e-09,21.648179406800097,425.61828932480995,scie,drvi_argmax,2.7129337675988602e-08,True,scie
DR 45+,gs_ind_0,ISDS,10/15,1.5524585094860313e-07,3.1049170189720625e-07,17.993557623478882,282.10759991893116,scie,drvi_argmax,1.241966807588825e-06,True,scie
DR 45+,gs_ind_0,KEGG_APM,16/30,2.319429188805329e-09,7.234490046930294e-09,11.018502943650127,219.06926643216246,scie,drvi_argmax,2.244608892392254e-08,True,scie
DR 45+,gs_ind_0,LIM_STEM,10/140,0.9107738753655663,0.9992648213673885,0.70555404712342,0.06594152459839613,scie,drvi_argmax,1.0,False,scie
DR 46-,gs_ind_0,FMASC,4/284,0.8103196222580422,0.9382395176594251,0.7823761915833527,0.16455445683052702,scie,drvi_argmax,1.0,False,scie
DR 46-,gs_ind_0,LIM_STEM,1/140,0.9382395176594251,0.9382395176594251,0.5228673835125448,0.033332802629488005,scie,drvi_argmax,1.0,False,scie
DR 47-,gs_ind_0,BENPORATH_ES1,6/64,0.24942493404755664,0.5027272462629109,1.5769063180827887,2.1896878155901263,scie,drvi_argmax,0.7794529188986145,False,scie
DR 47-,gs_ind_0,ESC_ASSOU,19/130,0.0006426661454192652,0.005783995308773387,2.6828871874204476,19.718912785226046,scie,drvi_argmax,0.003803152629562575,True,scie
DR 47-,gs_ind_0,ESC_WONG,6/61,0.21591173490424942,0.5027272462629109,1.664900194311959,2.5521015158405813,scie,drvi_argmax,0.6854340790611093,False,scie
DR 47-,gs_ind_0,FMASC,20/284,0.4270915324744852,0.5491176846100524,1.0949676473772307,0.9315513108019258,scie,drvi_argmax,1.0,False,scie
DR 47-,gs_ind_0,HALLMARK_IFNA,4/44,0.33515149750860723,0.5027272462629109,1.567996567996568,1.7140909132735882,scie,drvi_argmax,0.9537744699884719,False,scie
DR 47-,gs_ind_0,HALLMARK_IFNG,8/98,0.32505392412377015,0.5027272462629109,1.3302590742004359,1.4948975110553386,scie,drvi_argmax,0.9376555503570293,False,scie
DR 47-,gs_ind_0,ISDS,1/15,0.6451192720069312,0.6451192720069312,1.4471047495120364,0.6342950427181961,scie,drvi_argmax,1.0,False,scie
DR 47-,gs_ind_0,KEGG_APM,2/30,0.603899510914623,0.6451192720069312,1.2270695750783804,0.6188694326943827,scie,drvi_argmax,1.0,False,scie
DR 47-,gs_ind_0,LIM_STEM,18/140,0.004020135665270892,0.018090610493719017,2.2823040904673557,12.590192730860778,scie,drvi_argmax,0.018844385930957306,True,scie
DR 48-,gs_ind_0,BENPORATH_ES1,3/64,0.868753853354065,0.9998955943368891,0.6955520408446405,0.09786100501844036,scie,drvi_argmax,1.0,False,scie
DR 48-,gs_ind_0,ESC_ASSOU,6/130,0.9342436873701986,0.9998955943368891,0.6285070595972742,0.042749772775246525,scie,drvi_argmax,1.0,False,scie
DR 48-,gs_ind_0,ESC_WONG,2/61,0.9499020509951127,0.9998955943368891,0.5106110240706452,0.02624357043854046,scie,drvi_argmax,1.0,False,scie
DR 48-,gs_ind_0,FMASC,8/284,0.9998955943368891,0.9998955943368891,0.3422833372737206,3.5738184466754916e-05,scie,drvi_argmax,1.0,False,scie
DR 48-,gs_ind_0,HALLMARK_IFNA,7/44,0.04092134982721427,0.20460674913607135,2.546666666666667,8.13940986839231,scie,drvi_argmax,0.15638732418043672,False,scie
DR 48-,gs_ind_0,HALLMARK_IFNG,9/98,0.3043405853221967,0.9998955943368891,1.3315374063102645,1.5840073620886095,scie,drvi_argmax,0.9136703344321486,False,scie
DR 48-,gs_ind_0,IMMUNOGENIC_CONSENSUS,1/17,0.7333090594078184,0.9998955943368891,1.1236608509335781,0.34854614535627076,scie,drvi_argmax,1.0,False,scie
DR 48-,gs_ind_0,ISDS,5/15,0.003495390837400644,0.03495390837400644,6.675399571593343,37.75812989795599,scie,drvi_argmax,0.017190446741314643,True,scie
DR 48-,gs_ind_0,KEGG_APM,2/30,0.667454805822902,0.9998955943368891,1.0844484091584894,0.43842470430120406,scie,drvi_argmax,1.0,False,scie
DR 48-,gs_ind_0,LIM_STEM,2/140,0.9998286100206294,0.9998955943368891,0.20969222297007895,3.594222592568809e-05,scie,drvi_argmax,1.0,False,scie
DR 49-,gs_ind_0,BENPORATH_ES1,16/64,0.0003467369660388686,0.0013869478641554743,3.2314977788953145,25.74516212626332,scie,drvi_argmax,0.0021671060377429284,True,scie
DR 49-,gs_ind_0,ESC_ASSOU,24/130,0.0016435907673882182,0.0043829087130352485,2.2085810424397185,14.158930228397173,scie,drvi_argmax,0.00880495053957974,True,scie
DR 49-,gs_ind_0,ESC_WONG,17/61,5.105056749178668e-05,0.0004084045399342934,3.7643511006337445,37.20192964848821,scie,drvi_argmax,0.00033659714829749457,True,scie
DR 49-,gs_ind_0,FMASC,42/284,0.003644656560380005,0.00728931312076001,1.7232755536765423,9.675318774582212,scie,drvi_argmax,0.01763543496958067,True,scie
DR 49-,gs_ind_0,HALLMARK_IFNA,2/44,0.944759307828476,0.9999750543141054,0.5211142391465402,0.029612360746995144,scie,drvi_argmax,1.0,False,scie
DR 49-,gs_ind_0,HALLMARK_IFNG,1/98,0.9999750543141054,0.9999750543141054,0.13136687873529979,3.277077768533347e-06,scie,drvi_argmax,1.0,False,scie
DR 49-,gs_ind_0,KEGG_APM,2/30,0.8184785495604582,0.9999750543141054,0.7832869326969818,0.15689870903970313,scie,drvi_argmax,1.0,False,scie
DR 49-,gs_ind_0,LIM_STEM,7/140,0.9910433086154321,0.9999750543141054,0.4841332055860407,0.004355767594799265,scie,drvi_argmax,1.0,False,scie
DR 50+,gs_ind_0,BENPORATH_ES1,5/64,0.4167813970377279,0.9520790921158836,1.3118800461361015,1.1481487873115241,scie,drvi_argmax,1.0,False,scie
DR 50+,gs_ind_0,ESC_ASSOU,8/130,0.6383273211967315,0.9520790921158836,0.9733792312105565,0.43695391272662354,scie,drvi_argmax,1.0,False,scie
DR 50+,gs_ind_0,ESC_WONG,2/61,0.9207211819733536,0.9520790921158836,0.5826008564345279,0.04812167869126713,scie,drvi_argmax,1.0,False,scie
DR 50+,gs_ind_0,FMASC,16/284,0.7964711434053032,0.9520790921158836,0.8442467691274846,0.19212049219063104,scie,drvi_argmax,1.0,False,scie
DR 50+,gs_ind_0,HALLMARK_IFNA,1/44,0.9520790921158836,0.9520790921158836,0.47869411301953585,0.023507312079337834,scie,drvi_argmax,1.0,False,scie
DR 50+,gs_ind_0,HALLMARK_IFNG,4/98,0.8998791060376853,0.9520790921158836,0.6575875486381323,0.06937210066376329,scie,drvi_argmax,1.0,False,scie
DR 50+,gs_ind_0,KEGG_APM,2/30,0.5996552967529765,0.9520790921158836,1.2371445856019359,0.6326761051303332,scie,drvi_argmax,1.0,False,scie
DR 50+,gs_ind_0,LIM_STEM,14/140,0.07202900307919319,0.5762320246335455,1.6855122496289254,4.434054186739403,scie,drvi_argmax,0.2587868374102749,False,scie
DR 51+,gs_ind_0,BENPORATH_ES1,1/64,0.9014810578136322,0.9916927323063525,0.6347363054438339,0.0658324683324815,scie,drvi_argmax,1.0,False,scie
DR 51+,gs_ind_0,ESC_ASSOU,1/130,0.9916927323063525,0.9916927323063525,0.3002416599538902,0.0025046055201421503,scie,drvi_argmax,1.0,False,scie
DR 51+,gs_ind_0,ESC_WONG,1/61,0.889985367742973,0.9916927323063525,0.6672810511921041,0.07777177809397239,scie,drvi_argmax,1.0,False,scie
DR 51+,gs_ind_0,FMASC,5/284,0.9792642305571005,0.9916927323063525,0.4961558945226618,0.010396338702714955,scie,drvi_argmax,1.0,False,scie
DR 51+,gs_ind_0,HALLMARK_IFNA,8/44,9.721043644768568e-05,0.00024302609111921417,7.0589589041095895,65.21512701637992,scie,drvi_argmax,0.000624494390817879,True,scie
DR 51+,gs_ind_0,HALLMARK_IFNG,17/98,1.2759229166867966e-08,4.253076388955989e-08,7.423026202625996,134.9284287229646,scie,drvi_argmax,1.1426175373314596e-07,True,scie
DR 51+,gs_ind_0,IMMUNOGENIC_CONSENSUS,11/17,4.5468663058678515e-13,2.2734331529339258e-12,57.224951519069165,1626.2855074199363,scie,drvi_argmax,6.062488407823802e-12,True,scie
DR 51+,gs_ind_0,ISDS,2/15,0.09457122952718326,0.18914245905436652,5.183833468505001,12.22556309952479,scie,drvi_argmax,0.33378081009594096,False,scie
DR 51+,gs_ind_0,KEGG_APM,14/30,1.0203249686909428e-13,1.0203249686909427e-12,29.77768838830786,890.7544359987571,scie,drvi_argmax,1.5304874530364142e-12,True,scie
DR 51+,gs_ind_0,LIM_STEM,6/140,0.36520054549757425,0.6086675758292904,1.346041900809775,1.3558796318667479,scie,drvi_argmax,1.0,False,scie
DR 53-,gs_ind_0,BENPORATH_ES1,5/64,0.5316689781809538,0.992024953039331,1.138150105402986,0.7190083517399308,scie,drvi_argmax,1.0,False,scie
DR 53-,gs_ind_0,ESC_ASSOU,12/130,0.26446200886358545,0.992024953039331,1.3195174336242745,1.7550342856475638,scie,drvi_argmax,0.8179237387533571,False,scie
DR 53-,gs_ind_0,ESC_WONG,1/61,0.992024953039331,0.992024953039331,0.29694021393626135,0.0023776055607392615,scie,drvi_argmax,1.0,False,scie
DR 53-,gs_ind_0,FMASC,13/284,0.9878708668826219,0.992024953039331,0.5711903566047213,0.006970402316405115,scie,drvi_argmax,1.0,False,scie
DR 53-,gs_ind_0,HALLMARK_IFNA,1/44,0.968859554983366,0.992024953039331,0.4169069311498097,0.013189107453842473,scie,drvi_argmax,1.0,False,scie
DR 53-,gs_ind_0,HALLMARK_IFNG,4/98,0.9459850423410882,0.992024953039331,0.5709410043881034,0.031703509856823624,scie,drvi_argmax,1.0,False,scie
DR 53-,gs_ind_0,LIM_STEM,11/140,0.4836301032957746,0.992024953039331,1.0958746765198377,0.7960816262191469,scie,drvi_argmax,1.0,False,scie
DR 54+,gs_ind_0,BENPORATH_ES1,12/64,0.02170483454944398,0.05787955879851728,2.2085385878489325,8.459189228606842,scie,drvi_argmax,0.08740201831990864,False,scie
DR 54+,gs_ind_0,ESC_ASSOU,18/130,0.09064747322113216,0.18129494644226432,1.52144901065449,3.6526601203562157,scie,drvi_argmax,0.3237409757897577,False,scie
DR 54+,gs_ind_0,ESC_WONG,9/61,0.1489907391160535,0.2383851825856856,1.6521944548054208,3.1455653212574646,scie,drvi_argmax,0.502215974548495,False,scie
DR 54+,gs_ind_0,FMASC,46/284,0.00027547484139895875,0.00220379873119167,1.9717693513260466,16.16262147709334,scie,drvi_argmax,0.0017398411035723712,True,scie
DR 54+,gs_ind_0,HALLMARK_IFNA,1/44,0.9908062995031384,0.998061796286623,0.30377668308702793,0.00280574930579761,scie,drvi_argmax,1.0,False,scie
DR 54+,gs_ind_0,HALLMARK_IFNG,3/98,0.998061796286623,0.998061796286623,0.316482205580224,0.0006140022091558709,scie,drvi_argmax,1.0,False,scie
DR 54+,gs_ind_0,KEGG_APM,2/30,0.8184785495604582,0.998061796286623,0.7832869326969818,0.15689870903970313,scie,drvi_argmax,1.0,False,scie
DR 54+,gs_ind_0,LIM_STEM,22/140,0.018313860211452038,0.05787955879851728,1.7897032230613765,7.158986703220012,scie,drvi_argmax,0.07424537923561637,False,scie
DR 1+,gs_ind_0,EMT_A_MESENCHYMAL,6/10,1.7741370623647672e-07,3.3500337286911263e-07,46.88982259570495,728.8920472129025,emt,drvi_argmax,2.0100202372146754e-05,True,emt
DR 1+,gs_ind_0,EMT_B_MESENCHYMAL,7/14,7.936695508249059e-08,3.1746782032996235e-07,32.965811965811966,538.9641169067462,emt,drvi_argmax,1.904806921979774e-05,True,emt
DR 1+,gs_ind_0,EMT_C_HYBRID,2/11,0.047354586698243877,0.047354586698243877,7.983837546622461,24.35143580537573,emt,drvi_argmax,0.49413481772080564,False,emt
DR 1+,gs_ind_0,EMT_C_MESENCHYMAL,7/16,2.5125252965183446e-07,3.3500337286911263e-07,25.99865047233468,395.0964815314144,emt,drvi_argmax,2.0100202372146754e-05,True,emt
DR 2-,gs_ind_0,EMT_A_MESENCHYMAL,2/10,0.12218120845793307,0.2579198743693866,4.525538610505931,9.513813639015485,emt,drvi_argmax,0.7716707902606299,False,emt
DR 2-,gs_ind_0,EMT_B_MESENCHYMAL,2/14,0.2112428591168492,0.2579198743693866,3.0707818930041153,4.774288371740835,emt,drvi_argmax,1.0,False,emt
DR 2-,gs_ind_0,EMT_C_MESENCHYMAL,2/16,0.2579198743693866,0.2579198743693866,2.644387682701859,3.583426426335561,emt,drvi_argmax,1.0,False,emt
DR 4-,gs_ind_0,EMT_A_MESENCHYMAL,1/10,0.6521950846781617,0.7723912010246936,1.4178868223189554,0.6060212075438708,emt,drvi_argmax,1.0,False,emt
DR 4-,gs_ind_0,EMT_B_MESENCHYMAL,1/14,0.7723912010246936,0.7723912010246936,0.9955444165970482,0.2571134028989587,emt,drvi_argmax,1.0,False,emt
DR 4-,gs_ind_0,EMT_C_HYBRID,3/11,0.0890268800811036,0.3561075203244144,3.737155621742368,9.039495293396369,emt,drvi_argmax,0.6104700348418532,False,emt
DR 4-,gs_ind_0,EMT_C_MESENCHYMAL,3/16,0.21021240394829258,0.42042480789658515,2.3464603844350678,3.659625993605602,emt,drvi_argmax,1.0,False,emt
DR 7-,gs_ind_0,EMT_C_HYBRID,1/11,0.5989241978387824,0.7356873296624247,1.6507435781883733,0.8462045638198724,emt,drvi_argmax,1.0,False,emt
DR 7-,gs_ind_0,EMT_C_MESENCHYMAL,1/16,0.7356873296624247,0.7356873296624247,1.1151928360639056,0.3423085239384877,emt,drvi_argmax,1.0,False,emt
DR 9+,gs_ind_0,EMT_A_MESENCHYMAL,1/10,0.25158848005521295,0.37148388421581546,5.40614811364695,7.460271080759852,emt,drvi_argmax,1.0,False,emt
DR 9+,gs_ind_0,EMT_B_MESENCHYMAL,1/14,0.3337811507678258,0.37148388421581546,3.7964601769911503,4.165740863693672,emt,drvi_argmax,1.0,False,emt
DR 9+,gs_ind_0,EMT_C_MESENCHYMAL,1/16,0.37148388421581546,0.37148388421581546,3.3031687125321154,3.2709621439784415,emt,drvi_argmax,1.0,False,emt
DR 9-,gs_ind_0,EMT_C_MESENCHYMAL,1/16,0.7762647302752483,0.7762647302752483,0.9854611540208996,0.24957953730610763,emt,drvi_argmax,1.0,False,emt
DR 10-,gs_ind_0,EMT_A_MESENCHYMAL,3/10,0.05209759202446102,0.13415135031823172,4.827540360873694,14.263627195058156,emt,drvi_argmax,0.5209759202446101,False,emt
DR 10-,gs_ind_0,EMT_B_MESENCHYMAL,3/14,0.12173460065327593,0.16231280087103458,3.141459184937446,6.615636621331893,emt,drvi_argmax,0.7716707902606299,False,emt
DR 10-,gs_ind_0,EMT_C_HYBRID,3/11,0.06707567515911586,0.13415135031823172,4.257248198424669,11.50280287463056,emt,drvi_argmax,0.5577252406808552,False,emt
DR 10-,gs_ind_0,EMT_C_MESENCHYMAL,3/16,0.16472501988885124,0.16472501988885124,2.6731033027329323,4.8208823070553715,emt,drvi_argmax,0.9570752939770462,False,emt
DR 11-,gs_ind_0,EMT_A_MESENCHYMAL,2/10,0.033069245263873275,0.07879135877575937,9.89002557544757,33.7165962636629,emt,drvi_argmax,0.3968309431664793,False,emt
DR 11-,gs_ind_0,EMT_B_MESENCHYMAL,2/14,0.062025453248410876,0.07879135877575937,6.711304347826087,18.65883842672455,emt,drvi_argmax,0.5577252406808552,False,emt
DR 11-,gs_ind_0,EMT_C_MESENCHYMAL,2/16,0.07879135877575937,0.07879135877575937,5.779610194902549,14.685711785369042,emt,drvi_argmax,0.6099976163284595,False,emt
DR 12-,gs_ind_0,EMT_A_MESENCHYMAL,1/10,0.6343626607054424,0.6343626607054424,1.4923331951927061,0.6792122749412427,emt,drvi_argmax,1.0,False,emt
DR 12-,gs_ind_0,EMT_B_MESENCHYMAL,2/14,0.3923900400022161,0.5231867200029549,1.8970976253298153,1.7747328059441352,emt,drvi_argmax,1.0,False,emt
DR 12-,gs_ind_0,EMT_C_HYBRID,2/11,0.283424309925239,0.5231867200029549,2.5003471740036107,3.152463160145791,emt,drvi_argmax,1.0,False,emt
DR 12-,gs_ind_0,EMT_C_MESENCHYMAL,3/16,0.1911920631922482,0.5231867200029549,2.470871401905885,4.087999384854031,emt,drvi_argmax,1.0,False,emt
DR 13-,gs_ind_0,EMT_A_MESENCHYMAL,2/10,0.16748817644598307,0.44965873120327177,3.675972083748754,6.5683832163946665,emt,drvi_argmax,0.9570752939770462,False,emt
DR 13-,gs_ind_0,EMT_B_MESENCHYMAL,2/14,0.2804594462492491,0.44965873120327177,2.494237288135593,3.170989066570809,emt,drvi_argmax,1.0,False,emt
DR 13-,gs_ind_0,EMT_C_HYBRID,1/11,0.5742293158297269,0.5742293158297269,1.7715247715247715,0.9827116609054897,emt,drvi_argmax,1.0,False,emt
DR 13-,gs_ind_0,EMT_C_MESENCHYMAL,2/16,0.3372440484024538,0.44965873120327177,2.147866744593805,2.334620389075596,emt,drvi_argmax,1.0,False,emt
DR 14+,gs_ind_0,EMT_A_MESENCHYMAL,1/10,0.547192798037368,0.7190709381458009,1.9171443460135487,1.1559499943385532,emt,drvi_argmax,1.0,False,emt
DR 14+,gs_ind_0,EMT_B_MESENCHYMAL,1/14,0.6705612906325266,0.7190709381458009,1.3461679501283461,0.5379827885707585,emt,drvi_argmax,1.0,False,emt
DR 14+,gs_ind_0,EMT_C_MESENCHYMAL,1/16,0.7190709381458009,0.7190709381458009,1.1711913126796551,0.3862533480361414,emt,drvi_argmax,1.0,False,emt
DR 14-,gs_ind_0,EMT_A_MESENCHYMAL,4/10,0.012561034907328936,0.022101391011992665,6.322372284204345,27.674008034683848,emt,drvi_argmax,0.25721018958751535,False,emt
DR 14-,gs_ind_0,EMT_B_MESENCHYMAL,5/14,0.008969261088304252,0.022101391011992665,5.305290079418495,25.008882685969482,emt,drvi_argmax,0.21526226611930205,False,emt
DR 14-,gs_ind_0,EMT_C_HYBRID,1/11,0.6871503525497031,0.6871503525497031,1.2821339061940566,0.4810594070651021,emt,drvi_argmax,1.0,False,emt
DR 14-,gs_ind_0,EMT_C_MESENCHYMAL,5/16,0.016576043258994498,0.022101391011992665,4.377738240853998,17.947837244976302,emt,drvi_argmax,0.25721018958751535,False,emt
DR 15+,gs_ind_0,EMT_A_MESENCHYMAL,2/10,0.15850425507640636,0.31700851015281273,3.8152734778121773,7.027633939023078,emt,drvi_argmax,0.9510255304584382,False,emt
DR 15+,gs_ind_0,EMT_B_MESENCHYMAL,2/14,0.26703916125302873,0.35605221500403833,2.5887719298245613,3.4181108016538304,emt,drvi_argmax,1.0,False,emt
DR 15+,gs_ind_0,EMT_C_HYBRID,1/11,0.561370601860355,0.561370601860355,1.8382279741164758,1.0613450055868807,emt,drvi_argmax,1.0,False,emt
DR 15+,gs_ind_0,EMT_C_MESENCHYMAL,3/16,0.10261986128223376,0.31700851015281273,3.3776992540243422,7.690088230993356,emt,drvi_argmax,0.6841324085482251,False,emt
DR 18-,gs_ind_0,EMT_C_HYBRID,1/11,0.40508601729074695,0.40508601729074695,2.9640905542544886,2.67851775758729,emt,drvi_argmax,1.0,False,emt
DR 19-,gs_ind_0,EMT_A_MESENCHYMAL,1/10,0.6521950846781617,0.6521950846781617,1.4178868223189554,0.6060212075438708,emt,drvi_argmax,1.0,False,emt
DR 19-,gs_ind_0,EMT_B_MESENCHYMAL,2/14,0.4157573805821314,0.5543431741095085,1.8020151133501259,1.5815447066059733,emt,drvi_argmax,1.0,False,emt
DR 19-,gs_ind_0,EMT_C_HYBRID,4/11,0.018219055095782335,0.07287622038312934,5.476335877862596,21.934298264593334,emt,drvi_argmax,0.25721018958751535,False,emt
DR 19-,gs_ind_0,EMT_C_MESENCHYMAL,4/16,0.06763160999690164,0.13526321999380328,3.276641221374046,8.82622227550237,emt,drvi_argmax,0.5577252406808552,False,emt
DR 20+,gs_ind_0,EMT_A_MESENCHYMAL,2/10,0.014372742842220421,0.03567874797684783,15.749395648670427,66.81557824450312,emt,drvi_argmax,0.25721018958751535,False,emt
DR 20+,gs_ind_0,EMT_B_MESENCHYMAL,2/14,0.027708338081518718,0.03567874797684783,10.687671232876712,38.32622307235847,emt,drvi_argmax,0.36852306245659844,False,emt
DR 20+,gs_ind_0,EMT_C_MESENCHYMAL,2/16,0.03567874797684783,0.03567874797684783,9.204062352385451,30.678981205657067,emt,drvi_argmax,0.4077571197354038,False,emt
DR 21+,gs_ind_0,EMT_A_MESENCHYMAL,1/10,0.6521950846781617,0.6521950846781617,1.4178868223189554,0.6060212075438708,emt,drvi_argmax,1.0,False,emt
DR 21+,gs_ind_0,EMT_B_MESENCHYMAL,2/14,0.4157573805821314,0.5543431741095085,1.8020151133501259,1.5815447066059733,emt,drvi_argmax,1.0,False,emt
DR 21+,gs_ind_0,EMT_C_HYBRID,4/11,0.018219055095782335,0.07287622038312934,5.476335877862596,21.934298264593334,emt,drvi_argmax,0.25721018958751535,False,emt
DR 21+,gs_ind_0,EMT_C_MESENCHYMAL,4/16,0.06763160999690164,0.13526321999380328,3.276641221374046,8.82622227550237,emt,drvi_argmax,0.5577252406808552,False,emt
DR 21-,gs_ind_0,EMT_A_MESENCHYMAL,1/10,0.4928856485217957,0.6631530198571376,2.251058681185723,1.592574678469101,emt,drvi_argmax,1.0,False,emt
DR 21-,gs_ind_0,EMT_B_MESENCHYMAL,1/14,0.6138831364576351,0.6631530198571376,1.580672626649638,0.7712903153598732,emt,drvi_argmax,1.0,False,emt
DR 21-,gs_ind_0,EMT_C_HYBRID,1/11,0.5262685530663408,0.6631530198571376,2.0355774493705527,1.3067259960766693,emt,drvi_argmax,1.0,False,emt
DR 21-,gs_ind_0,EMT_C_MESENCHYMAL,1/16,0.6631530198571376,0.6631530198571376,1.375231738969225,0.5648757715065239,emt,drvi_argmax,1.0,False,emt
DR 22+,gs_ind_0,EMT_A_MESENCHYMAL,1/10,0.4928856485217957,0.6138831364576351,2.251058681185723,1.592574678469101,emt,drvi_argmax,1.0,False,emt
DR 22+,gs_ind_0,EMT_B_MESENCHYMAL,1/14,0.6138831364576351,0.6138831364576351,1.580672626649638,0.7712903153598732,emt,drvi_argmax,1.0,False,emt
DR 22+,gs_ind_0,EMT_C_HYBRID,1/11,0.5262685530663408,0.6138831364576351,2.0355774493705527,1.3067259960766693,emt,drvi_argmax,1.0,False,emt
DR 22+,gs_ind_0,EMT_C_MESENCHYMAL,3/16,0.08217897810467553,0.3287159124187021,3.7456405822164576,9.359815507976604,emt,drvi_argmax,0.6104700348418532,False,emt
DR 23-,gs_ind_0,EMT_A_MESENCHYMAL,1/10,0.48466677232232896,0.48466677232232896,2.3077399380804953,1.671481478913353,emt,drvi_argmax,1.0,False,emt
DR 23-,gs_ind_0,EMT_B_MESENCHYMAL,2/14,0.22440166863326239,0.4097585875068792,2.941501976284585,4.395538377690415,emt,drvi_argmax,1.0,False,emt
DR 23-,gs_ind_0,EMT_C_MESENCHYMAL,2/16,0.2731723916712528,0.4097585875068792,2.5330516559901866,3.287020083918333,emt,drvi_argmax,1.0,False,emt
DR 25-,gs_ind_0,EMT_A_MESENCHYMAL,1/10,0.6521950846781617,0.7723912010246936,1.4178868223189554,0.6060212075438708,emt,drvi_argmax,1.0,False,emt
DR 25-,gs_ind_0,EMT_B_MESENCHYMAL,1/14,0.7723912010246936,0.7723912010246936,0.9955444165970482,0.2571134028989587,emt,drvi_argmax,1.0,False,emt
DR 25-,gs_ind_0,EMT_C_HYBRID,2/11,0.3026424059627462,0.7723912010246936,2.3750497149675196,2.838667372830134,emt,drvi_argmax,1.0,False,emt
DR 25-,gs_ind_0,EMT_C_MESENCHYMAL,2/16,0.4859611905187856,0.7723912010246936,1.5517241379310345,1.1197652790566384,emt,drvi_argmax,1.0,False,emt
DR 26-,gs_ind_0,EMT_A_MESENCHYMAL,4/10,6.508234170366405e-05,0.0002603293668146562,28.950372208436725,279.07745670724097,emt,drvi_argmax,0.003904940502219843,True,emt
DR 26-,gs_ind_0,EMT_B_MESENCHYMAL,4/14,0.0002880343998581494,0.0005760687997162988,17.88479262672811,145.80453141823511,emt,drvi_argmax,0.013825651193191173,True,emt
DR 26-,gs_ind_0,EMT_C_HYBRID,2/11,0.02917474244448071,0.02917474244448071,10.534454693434617,37.2335237100784,emt,drvi_argmax,0.36852306245659844,False,emt
DR 26-,gs_ind_0,EMT_C_MESENCHYMAL,4/16,0.0005046435008844081,0.0006728580011792108,15.007741935483871,113.93364888126183,emt,drvi_argmax,0.020185740035376324,True,emt
DR 28+,gs_ind_0,EMT_C_HYBRID,2/11,0.14163697010612034,0.2548747134749501,4.0827691635728325,7.97972351449228,emt,drvi_argmax,0.8716121237299713,False,emt
DR 28+,gs_ind_0,EMT_C_MESENCHYMAL,2/16,0.2548747134749501,0.2548747134749501,2.6677636285591646,3.646787993161495,emt,drvi_argmax,1.0,False,emt
DR 29-,gs_ind_0,EMT_C_HYBRID,1/11,0.3981721246958076,0.3981721246958076,3.0335195530726256,2.7934798600063635,emt,drvi_argmax,1.0,False,emt
DR 30+,gs_ind_0,EMT_C_HYBRID,1/11,0.4826053699077755,0.4826053699077755,2.318491032776747,1.6891505501322073,emt,drvi_argmax,1.0,False,emt
DR 30+,gs_ind_0,EMT_C_MESENCHYMAL,2/16,0.23665929035151576,0.4733185807030315,2.816593886462882,4.059088553847028,emt,drvi_argmax,1.0,False,emt
DR 34-,gs_ind_0,EMT_C_MESENCHYMAL,1/16,0.5021967007492771,0.5021967007492771,2.1765604122924223,1.4991351539579805,emt,drvi_argmax,1.0,False,emt
DR 35-,gs_ind_0,EMT_A_MESENCHYMAL,1/10,0.6521950846781617,0.6521950846781617,1.4178868223189554,0.6060212075438708,emt,drvi_argmax,1.0,False,emt
DR 35-,gs_ind_0,EMT_B_MESENCHYMAL,2/14,0.4157573805821314,0.5543431741095085,1.8020151133501259,1.5815447066059733,emt,drvi_argmax,1.0,False,emt
DR 35-,gs_ind_0,EMT_C_HYBRID,4/11,0.018219055095782335,0.07287622038312934,5.476335877862596,21.934298264593334,emt,drvi_argmax,0.25721018958751535,False,emt
DR 35-,gs_ind_0,EMT_C_MESENCHYMAL,4/16,0.06763160999690164,0.13526321999380328,3.276641221374046,8.82622227550237,emt,drvi_argmax,0.5577252406808552,False,emt
DR 37-,gs_ind_0,EMT_C_HYBRID,1/11,0.6871503525497031,0.6871503525497031,1.2821339061940566,0.4810594070651021,emt,drvi_argmax,1.0,False,emt
DR 38+,gs_ind_0,EMT_A_MESENCHYMAL,3/10,0.0010711029211991473,0.004284411684796589,21.922088353413656,149.92661774212434,emt,drvi_argmax,0.03672352872682791,True,emt
DR 38+,gs_ind_0,EMT_B_MESENCHYMAL,3/14,0.0030545516547057054,0.0060757405738926,14.267679413305396,82.62587863112043,emt,drvi_argmax,0.09163654964117117,False,emt
DR 38+,gs_ind_0,EMT_C_HYBRID,1/11,0.21754784800548002,0.21754784800548002,6.392446633825944,9.750631930800703,emt,drvi_argmax,1.0,False,emt
DR 38+,gs_ind_0,EMT_C_MESENCHYMAL,3/16,0.00455680543041945,0.0060757405738926,12.141454707719769,65.45620278213039,emt,drvi_argmax,0.121514811477852,False,emt
DR 40-,gs_ind_0,EMT_A_MESENCHYMAL,1/10,0.3729646744212864,0.5266676664961342,3.3157894736842106,3.270268891553858,emt,drvi_argmax,1.0,False,emt
DR 40-,gs_ind_0,EMT_B_MESENCHYMAL,1/14,0.4801036857226474,0.5266676664961342,2.328422344996931,1.7084873151249196,emt,drvi_argmax,1.0,False,emt
DR 40-,gs_ind_0,EMT_C_MESENCHYMAL,1/16,0.5266676664961342,0.5266676664961342,2.0258420958830867,1.298940664728067,emt,drvi_argmax,1.0,False,emt
DR 41-,gs_ind_0,EMT_A_MESENCHYMAL,1/10,0.5297023155722551,0.652589466581808,2.017665270442542,1.2821054191232772,emt,drvi_argmax,1.0,False,emt
DR 41-,gs_ind_0,EMT_B_MESENCHYMAL,1/14,0.652589466581808,0.652589466581808,1.4167627835447905,0.6046843238627935,emt,drvi_argmax,1.0,False,emt
DR 41-,gs_ind_0,EMT_C_HYBRID,1/11,0.5639702373019148,0.652589466581808,1.824518042511122,1.044999641319455,emt,drvi_argmax,1.0,False,emt
DR 41-,gs_ind_0,EMT_C_MESENCHYMAL,2/16,0.32508303342155054,0.652589466581808,2.2125435540069684,2.48617908558833,emt,drvi_argmax,1.0,False,emt
DR 42-,gs_ind_0,EMT_A_MESENCHYMAL,1/10,0.20394694147796796,0.30615044982183354,6.906564163217031,10.98071466032322,emt,drvi_argmax,1.0,False,emt
DR 42-,gs_ind_0,EMT_B_MESENCHYMAL,1/14,0.2735967125012962,0.30615044982183354,4.850187265917603,6.286328244111424,emt,drvi_argmax,1.0,False,emt
DR 42-,gs_ind_0,EMT_C_MESENCHYMAL,1/16,0.30615044982183354,0.30615044982183354,4.220007249003262,4.995132406574429,emt,drvi_argmax,1.0,False,emt
DR 44-,gs_ind_0,EMT_A_MESENCHYMAL,1/10,0.23205894778923858,0.3449958342226912,5.946346448645887,8.686207957277059,emt,drvi_argmax,1.0,False,emt
DR 44-,gs_ind_0,EMT_B_MESENCHYMAL,1/14,0.3092903978285587,0.3449958342226912,4.175836030204962,4.900237701539787,emt,drvi_argmax,1.0,False,emt
DR 44-,gs_ind_0,EMT_C_MESENCHYMAL,1/16,0.3449958342226912,0.3449958342226912,3.633260256811776,3.866598900446823,emt,drvi_argmax,1.0,False,emt
DR 45+,gs_ind_0,EMT_B_MESENCHYMAL,1/14,0.7723912010246936,0.7723912010246936,0.9955444165970482,0.2571134028989587,emt,drvi_argmax,1.0,False,emt
DR 45+,gs_ind_0,EMT_C_HYBRID,3/11,0.0890268800811036,0.2670806402433108,3.737155621742368,9.039495293396369,emt,drvi_argmax,0.6104700348418532,False,emt
DR 45+,gs_ind_0,EMT_C_MESENCHYMAL,3/16,0.21021240394829258,0.3153186059224389,2.3464603844350678,3.659625993605602,emt,drvi_argmax,1.0,False,emt
DR 47-,gs_ind_0,EMT_B_MESENCHYMAL,2/14,0.23765384235035142,0.35648076352552716,2.8220532319391634,4.055121475734806,emt,drvi_argmax,1.0,False,emt
DR 47-,gs_ind_0,EMT_C_HYBRID,1/11,0.5318299203435617,0.5318299203435617,2.0026954177897576,1.2645650505188235,emt,drvi_argmax,1.0,False,emt
DR 47-,gs_ind_0,EMT_C_MESENCHYMAL,3/16,0.08519008500538665,0.25557025501616,3.684262806868171,9.073861168460414,emt,drvi_argmax,0.6104700348418532,False,emt
DR 48-,gs_ind_0,EMT_C_MESENCHYMAL,1/16,0.7116540457030583,0.7116540457030583,1.1968067774519386,0.4071098344599177,emt,drvi_argmax,1.0,False,emt
DR 49-,gs_ind_0,EMT_A_MESENCHYMAL,1/10,0.6521950846781617,0.815935952873828,1.4178868223189554,0.6060212075438708,emt,drvi_argmax,1.0,False,emt
DR 49-,gs_ind_0,EMT_B_MESENCHYMAL,1/14,0.7723912010246936,0.815935952873828,0.9955444165970482,0.2571134028989587,emt,drvi_argmax,1.0,False,emt
DR 49-,gs_ind_0,EMT_C_MESENCHYMAL,1/16,0.815935952873828,0.815935952873828,0.8661169051661411,0.1761849952303511,emt,drvi_argmax,1.0,False,emt
DR 50+,gs_ind_0,EMT_A_MESENCHYMAL,1/10,0.4955989409320591,0.6660366751178577,2.232739643786272,1.567357031351431,emt,drvi_argmax,1.0,False,emt
DR 50+,gs_ind_0,EMT_B_MESENCHYMAL,1/14,0.6167753976077653,0.6660366751178577,1.567807351077313,0.7576434427928534,emt,drvi_argmax,1.0,False,emt
DR 50+,gs_ind_0,EMT_C_MESENCHYMAL,1/16,0.6660366751178577,0.6660366751178577,1.3640377775052128,0.5543593327554402,emt,drvi_argmax,1.0,False,emt
DR 51+,gs_ind_0,EMT_C_HYBRID,1/11,0.32490370020295944,0.32490370020295944,3.947584789311408,4.437979224397218,emt,drvi_argmax,1.0,False,emt
DR 53-,gs_ind_0,EMT_A_MESENCHYMAL,1/10,0.5422562606705332,0.7141465012777481,1.9449040661855308,1.1903135420451685,emt,drvi_argmax,1.0,False,emt
DR 53-,gs_ind_0,EMT_B_MESENCHYMAL,1/14,0.6655166363324345,0.7141465012777481,1.3656633221850614,0.556086692237407,emt,drvi_argmax,1.0,False,emt
DR 53-,gs_ind_0,EMT_C_HYBRID,2/11,0.19722329132671396,0.7141465012777481,3.2633351054403685,5.2977593442256685,emt,drvi_argmax,1.0,False,emt
DR 53-,gs_ind_0,EMT_C_MESENCHYMAL,1/16,0.7141465012777481,0.7141465012777481,1.188154061926853,0.4000124463374849,emt,drvi_argmax,1.0,False,emt
DR 54+,gs_ind_0,EMT_A_MESENCHYMAL,3/10,0.0697156550851069,0.09295420678014253,4.237805907172996,11.28667721611285,emt,drvi_argmax,0.5577252406808552,False,emt
DR 54+,gs_ind_0,EMT_B_MESENCHYMAL,4/14,0.04353789159641081,0.08707578319282162,3.9051254089422027,12.239145895960975,emt,drvi_argmax,0.4749588174153907,False,emt
DR 54+,gs_ind_0,EMT_C_HYBRID,2/11,0.3026424059627462,0.3026424059627462,2.3750497149675196,2.838667372830134,emt,drvi_argmax,1.0,False,emt
DR 54+,gs_ind_0,EMT_C_MESENCHYMAL,5/16,0.016576043258994498,0.06630417303597799,4.377738240853998,17.947837244976302,emt,drvi_argmax,0.25721018958751535,False,emt
DR 1+,gs_ind_0,MP10_PROTEIN_MATURATION,1/15,0.3918721212756629,0.5224961617008839,3.081796311146752,2.8870875377328926,gavish_tnbc,drvi_argmax,0.7201974120741913,False,gavish_tnbc
DR 1+,gs_ind_0,MP12_EMT_1,31/45,2.1638061239111876e-39,2.596567348693425e-38,120.99400299850075,10771.969026475785,gavish_tnbc,drvi_argmax,3.678470410649019e-37,True,gavish_tnbc
DR 1+,gs_ind_0,MP13_EMT_2,5/41,0.009411009500025411,0.028233028500076234,4.731008717310087,22.07429554321819,gavish_tnbc,drvi_argmax,0.035291285625095294,True,gavish_tnbc
DR 1+,gs_ind_0,MP14_EMT_3,2/32,0.2791806302834111,0.45545353893078616,2.4596618045695107,3.1382733619458474,gavish_tnbc,drvi_argmax,0.5672594479862139,False,gavish_tnbc
DR 1+,gs_ind_0,MP15_EMT_4,7/32,4.8923854847599194e-05,0.0002935431290855952,9.605329311211664,95.33525105375783,gavish_tnbc,drvi_argmax,0.0003371779185442647,True,gavish_tnbc
DR 1+,gs_ind_0,MP17_INTERFERON_MHC_II_1,1/45,0.7776886637715256,0.7776886637715256,0.9885027436634439,0.24853826621766484,gavish_tnbc,drvi_argmax,1.0,False,gavish_tnbc
DR 1+,gs_ind_0,MP18_INTERFERON_MHC_II_2,5/38,0.006795097989873394,0.027180391959493577,5.162822252374491,25.77050508731062,gavish_tnbc,drvi_argmax,0.0264541982811865,True,gavish_tnbc
DR 1+,gs_ind_0,MP19_EPITHELIAL_SENESCENCE,1/35,0.6885470039651973,0.7511421861438516,1.2817660936973374,0.47831882326856884,gavish_tnbc,drvi_argmax,1.0,False,gavish_tnbc
DR 1+,gs_ind_0,MP23_SECRETED_2,3/40,0.13845144084292912,0.3077058184302421,2.8350933333333335,5.6056475316775805,gavish_tnbc,drvi_argmax,0.32975275597006604,False,gavish_tnbc
DR 1+,gs_ind_0,MP39_METAL_RESPONSE,2/34,0.3036356926205241,0.45545353893078616,2.3058752271350698,2.7484341941609496,gavish_tnbc,drvi_argmax,0.5955930893710281,False,gavish_tnbc
DR 1+,gs_ind_0,MP5_STRESS,3/42,0.15385290921512104,0.3077058184302421,2.6887088607594936,5.0326130402835645,gavish_tnbc,drvi_argmax,0.35504517511181777,False,gavish_tnbc
DR 1+,gs_ind_0,MP6_HYPOXIA,1/32,0.6555120281274134,0.7511421861438516,1.4060538944259875,0.5938308704172511,gavish_tnbc,drvi_argmax,1.0,False,gavish_tnbc
DR 2-,gs_ind_0,MP10_PROTEIN_MATURATION,2/15,0.23451019999340558,0.3878260097709632,2.841792409693644,4.121327047824285,gavish_tnbc,drvi_argmax,0.49421571072990433,False,gavish_tnbc
DR 2-,gs_ind_0,MP12_EMT_1,2/45,0.7764253126824079,0.8281870001945684,0.8677451397757912,0.21958709500090437,gavish_tnbc,drvi_argmax,1.0,False,gavish_tnbc
DR 2-,gs_ind_0,MP13_EMT_2,4/41,0.242391256106852,0.3878260097709632,1.8482008368200837,2.619274102734976,gavish_tnbc,drvi_argmax,0.5059318504853362,False,gavish_tnbc
DR 2-,gs_ind_0,MP14_EMT_3,5/32,0.042827424458082464,0.11420646522155324,3.1232067510548522,9.839902179374933,gavish_tnbc,drvi_argmax,0.12305344492181441,False,gavish_tnbc
DR 2-,gs_ind_0,MP15_EMT_4,7/32,0.0025952201251783578,0.013841174000951242,4.676849280484726,27.846353187477405,gavish_tnbc,drvi_argmax,0.011977939039284728,True,gavish_tnbc
DR 2-,gs_ind_0,MP17_INTERFERON_MHC_II_1,7/45,0.017955238889436693,0.07182095555774677,3.075915500808205,12.364790737769674,gavish_tnbc,drvi_argmax,0.060047028417132546,False,gavish_tnbc
DR 2-,gs_ind_0,MP18_INTERFERON_MHC_II_2,9/38,0.00033484917801966327,0.002678793424157306,5.19894900451484,41.60110789282888,gavish_tnbc,drvi_argmax,0.0019406031907957758,True,gavish_tnbc
DR 2-,gs_ind_0,MP19_EPITHELIAL_SENESCENCE,3/35,0.3659816915133978,0.48797558868453045,1.649345675071816,1.6578760414549305,gavish_tnbc,drvi_argmax,0.686215671587621,False,gavish_tnbc
DR 2-,gs_ind_0,MP1_CELL_CYCLE_G2_M,1/47,0.9511597394270331,0.9511597394270331,0.48229098090849243,0.02414988196593587,gavish_tnbc,drvi_argmax,1.0,False,gavish_tnbc
DR 2-,gs_ind_0,MP22_SECRETED_1,5/28,0.025418457103429017,0.08133906273097286,3.6627165813807343,13.450519789790711,gavish_tnbc,drvi_argmax,0.08127531738400501,False,gavish_tnbc
DR 2-,gs_ind_0,MP23_SECRETED_2,4/40,0.22880480516102855,0.3878260097709632,1.899868172178598,2.8020890034157095,gavish_tnbc,drvi_argmax,0.4841927412121351,False,gavish_tnbc
DR 2-,gs_ind_0,MP39_METAL_RESPONSE,4/34,0.15248941618486272,0.34854723699397194,2.2810206461348517,4.289824487743026,gavish_tnbc,drvi_argmax,0.35423830846779397,False,gavish_tnbc
DR 2-,gs_ind_0,MP3_CELL_CYCLE_HMG_RICH,1/11,0.5034173135926104,0.6195905398062898,2.1778425655976674,1.49473132729024,gavish_tnbc,drvi_argmax,0.8663752549413355,False,gavish_tnbc
DR 2-,gs_ind_0,MP5_STRESS,12/42,3.9198282404882324e-06,6.271725184781172e-05,6.790781445269426,84.54158045153936,gavish_tnbc,drvi_argmax,3.331854004414998e-05,True,gavish_tnbc
DR 2-,gs_ind_0,MP6_HYPOXIA,2/32,0.5957892594853436,0.6809020108403926,1.2463738784321663,0.6454574791023462,gavish_tnbc,drvi_argmax,0.9615586149921683,False,gavish_tnbc
DR 2-,gs_ind_0,MP7_STRESS_IN_VITRO,2/20,0.3510659827385148,0.48797558868453045,2.068179290401513,2.164930968143825,gavish_tnbc,drvi_argmax,0.663124634061639,False,gavish_tnbc
DR 3+,gs_ind_0,MP10_PROTEIN_MATURATION,1/15,0.6536088789236523,0.9594691482394362,1.412775162234381,0.6007771998048355,gavish_tnbc,drvi_argmax,1.0,False,gavish_tnbc
DR 3+,gs_ind_0,MP12_EMT_1,1/45,0.9594691482394362,0.9594691482394362,0.4528794726149509,0.018737941641319294,gavish_tnbc,drvi_argmax,1.0,False,gavish_tnbc
DR 3+,gs_ind_0,MP13_EMT_2,1/41,0.9459399858439621,0.9594691482394362,0.4987016536832035,0.02771591883488886,gavish_tnbc,drvi_argmax,1.0,False,gavish_tnbc
DR 3+,gs_ind_0,MP14_EMT_3,3/32,0.372674942110043,0.9594691482394362,1.6312448422522694,1.610118114240961,gavish_tnbc,drvi_argmax,0.692401531789151,False,gavish_tnbc
DR 3+,gs_ind_0,MP15_EMT_4,1/32,0.8968749184830236,0.9594691482394362,0.6443507292215779,0.07013040584763813,gavish_tnbc,drvi_argmax,1.0,False,gavish_tnbc
DR 3+,gs_ind_0,MP18_INTERFERON_MHC_II_2,1/38,0.9329312291581614,0.9594691482394362,0.5394833948339484,0.0374529820306996,gavish_tnbc,drvi_argmax,1.0,False,gavish_tnbc
DR 3+,gs_ind_0,MP19_EPITHELIAL_SENESCENCE,1/35,0.9168205124002727,0.9594691482394362,0.5873576127065618,0.051008225706044,gavish_tnbc,drvi_argmax,1.0,False,gavish_tnbc
DR 3+,gs_ind_0,MP1_CELL_CYCLE_G2_M,46/47,2.6459913513104214e-56,3.175189621572506e-55,638.3259668508288,81687.67152231462,gavish_tnbc,drvi_argmax,2.6989111783366297e-53,True,gavish_tnbc
DR 3+,gs_ind_0,MP22_SECRETED_1,1/28,0.8627225383189081,0.9594691482394362,0.7396846695739685,0.10922342708884493,gavish_tnbc,drvi_argmax,1.0,False,gavish_tnbc
DR 3+,gs_ind_0,MP2_CELL_CYCLE_G1_S,17/30,3.0031561667890663e-13,1.8018937000734398e-12,20.08445684177902,579.114072066251,gavish_tnbc,drvi_argmax,7.854408436217558e-12,True,gavish_tnbc
DR 3+,gs_ind_0,MP39_METAL_RESPONSE,2/34,0.6849666243567913,0.9594691482394362,1.0480411781527024,0.39656323461853166,gavish_tnbc,drvi_argmax,1.0,False,gavish_tnbc
DR 3+,gs_ind_0,MP3_CELL_CYCLE_HMG_RICH,6/11,3.088427668506825e-05,0.000123537106740273,16.83977708115639,174.88551972137375,gavish_tnbc,drvi_argmax,0.00022663282171776707,True,gavish_tnbc
DR 4+,gs_ind_0,MP12_EMT_1,1/45,0.5309869669542092,0.5309869669542092,1.9949870354364736,1.2628623089561108,gavish_tnbc,drvi_argmax,0.8996128005811491,False,gavish_tnbc
DR 4+,gs_ind_0,MP13_EMT_2,3/41,0.02849287183977088,0.061734555652836906,5.751117734724292,20.463059683198743,gavish_tnbc,drvi_argmax,0.08906966948170979,False,gavish_tnbc
DR 4+,gs_ind_0,MP14_EMT_3,6/32,8.392129737992847e-06,0.00010909768659390702,17.316981132075473,202.40461987520246,gavish_tnbc,drvi_argmax,6.903203494155407e-05,True,gavish_tnbc
DR 4+,gs_ind_0,MP15_EMT_4,1/32,0.41527273393027075,0.5309869669542092,2.8373626373626375,2.493530421268318,gavish_tnbc,drvi_argmax,0.7470514790280003,False,gavish_tnbc
DR 4+,gs_ind_0,MP17_INTERFERON_MHC_II_1,4/45,0.005685163876067661,0.01728812971502573,7.081274249540535,36.60944664588438,gavish_tnbc,drvi_argmax,0.02292042353197239,True,gavish_tnbc
DR 4+,gs_ind_0,MP18_INTERFERON_MHC_II_2,4/38,0.003055712933495831,0.013241422711815266,8.54900515843773,49.50508619965754,gavish_tnbc,drvi_argmax,0.013482839864375798,True,gavish_tnbc
DR 4+,gs_ind_0,MP19_EPITHELIAL_SENESCENCE,2/35,0.11211829183917277,0.18219222423865575,4.583037194977494,10.028605601089962,gavish_tnbc,drvi_argmax,0.27690231882798116,False,gavish_tnbc
DR 4+,gs_ind_0,MP1_CELL_CYCLE_G2_M,4/47,0.006649280659625281,0.01728812971502573,6.748684979544127,33.832822039307686,gavish_tnbc,drvi_argmax,0.026085639510837644,True,gavish_tnbc
DR 4+,gs_ind_0,MP23_SECRETED_2,1/40,0.4893836711570166,0.5309869669542092,2.253359298928919,1.6102696940450167,gavish_tnbc,drvi_argmax,0.8474895493720831,False,gavish_tnbc
DR 4+,gs_ind_0,MP39_METAL_RESPONSE,4/34,0.0020114258662088176,0.013074268130357313,9.6901917199222,60.165542053453095,gavish_tnbc,drvi_argmax,0.00981652815087557,True,gavish_tnbc
DR 4+,gs_ind_0,MP5_STRESS,1/42,0.5064374618192053,0.5309869669542092,2.142539388322521,1.4576861731908128,gavish_tnbc,drvi_argmax,0.8681785059757805,False,gavish_tnbc
DR 4+,gs_ind_0,MP6_HYPOXIA,2/32,0.09633058880132772,0.1788996649167515,5.0416341399947955,11.797269461806135,gavish_tnbc,drvi_argmax,0.24442089695859273,False,gavish_tnbc
DR 4+,gs_ind_0,MP7_STRESS_IN_VITRO,1/20,0.2842019070678357,0.4105138657646516,4.611834319526627,5.802012030527123,gavish_tnbc,drvi_argmax,0.571767150313989,False,gavish_tnbc
DR 4-,gs_ind_0,MP10_PROTEIN_MATURATION,8/15,3.0297665123778433e-05,5.302091396661226e-05,10.5591341991342,109.86187724525526,gavish_tnbc,drvi_argmax,0.00022393926395836234,True,gavish_tnbc
DR 4-,gs_ind_0,MP12_EMT_1,6/45,0.2910444951125149,0.2910444951125149,1.4903192216328789,1.8394698964014418,gavish_tnbc,drvi_argmax,0.5802188554795275,False,gavish_tnbc
DR 4-,gs_ind_0,MP13_EMT_2,17/41,8.999033923990729e-08,2.5197294987174037e-07,6.915142078629817,112.188246722067,gavish_tnbc,drvi_argmax,9.764909151564407e-07,True,gavish_tnbc
DR 4-,gs_ind_0,MP14_EMT_3,19/32,4.800922291999167e-12,2.2404304029329448e-11,14.225589225589225,370.75033747640026,gavish_tnbc,drvi_argmax,9.793881475678302e-11,True,gavish_tnbc
DR 4-,gs_ind_0,MP15_EMT_4,9/32,0.00302646296265898,0.0038518619524750657,3.7522915393589247,21.76464430625097,gavish_tnbc,drvi_argmax,0.013421705312661564,True,gavish_tnbc
DR 4-,gs_ind_0,MP17_INTERFERON_MHC_II_1,42/45,1.6554976976297353e-40,2.3176967766816295e-39,137.70842721946823,12613.995817296305,gavish_tnbc,drvi_argmax,3.37721530316466e-38,True,gavish_tnbc
DR 4-,gs_ind_0,MP18_INTERFERON_MHC_II_2,18/38,2.6603615299743252e-09,9.311265354910138e-09,8.804343468092215,173.84003445213864,gavish_tnbc,drvi_argmax,3.6669848115862316e-08,True,gavish_tnbc
DR 4-,gs_ind_0,MP19_EPITHELIAL_SENESCENCE,22/35,1.548028003769914e-14,1.0836196026389398e-13,16.69000933706816,530.7291024086087,gavish_tnbc,drvi_argmax,5.093511496275201e-13,True,gavish_tnbc
DR 4-,gs_ind_0,MP22_SECRETED_1,13/28,6.634852034517917e-07,1.548132141387514e-06,8.293935483870968,117.98752971201506,gavish_tnbc,drvi_argmax,6.3844802596304476e-06,True,gavish_tnbc
DR 4-,gs_ind_0,MP23_SECRETED_2,12/40,0.00032173233465304283,0.0005004725205714,4.124203080645912,33.16597763632865,gavish_tnbc,drvi_argmax,0.0018860171341730095,True,gavish_tnbc
DR 4-,gs_ind_0,MP39_METAL_RESPONSE,7/34,0.04665903294045408,0.05024818932048901,2.499647639182523,7.6611418989712,gavish_tnbc,drvi_argmax,0.13183438670156,False,gavish_tnbc
DR 4-,gs_ind_0,MP5_STRESS,16/42,8.855234540363557e-07,1.7710469080727114e-06,5.988495167970548,83.46217751612812,gavish_tnbc,drvi_argmax,8.363277065898915e-06,True,gavish_tnbc
DR 4-,gs_ind_0,MP6_HYPOXIA,9/32,0.00302646296265898,0.0038518619524750657,3.7522915393589247,21.76464430625097,gavish_tnbc,drvi_argmax,0.013421705312661564,True,gavish_tnbc
DR 4-,gs_ind_0,MP7_STRESS_IN_VITRO,5/20,0.04233386714222662,0.04938951166593106,3.2407392129362265,10.24776141942094,gavish_tnbc,drvi_argmax,0.12232448862626388,False,gavish_tnbc
DR 5+,gs_ind_0,MP10_PROTEIN_MATURATION,1/15,0.6091805738359948,0.9416157035013474,1.6015166690513665,0.7937765970140257,gavish_tnbc,drvi_argmax,0.9669265329068739,False,gavish_tnbc
DR 5+,gs_ind_0,MP14_EMT_3,1/32,0.8664372862703138,0.9416157035013474,0.7304880458407429,0.10472681926236535,gavish_tnbc,drvi_argmax,1.0,False,gavish_tnbc
DR 5+,gs_ind_0,MP17_INTERFERON_MHC_II_1,1/45,0.9416157035013474,0.9416157035013474,0.5134505105133107,0.030888179281187735,gavish_tnbc,drvi_argmax,1.0,False,gavish_tnbc
DR 5+,gs_ind_0,MP18_INTERFERON_MHC_II_2,1/38,0.908773971239519,0.9416157035013474,0.6116182572614108,0.05850671272306444,gavish_tnbc,drvi_argmax,1.0,False,gavish_tnbc
DR 5+,gs_ind_0,MP19_EPITHELIAL_SENESCENCE,1/35,0.8896004687037892,0.9416157035013474,0.6658848998737146,0.07789709911970352,gavish_tnbc,drvi_argmax,1.0,False,gavish_tnbc
DR 5+,gs_ind_0,MP1_CELL_CYCLE_G2_M,24/47,3.0448537051811212e-18,1.3701841673315047e-17,19.851282051282052,800.6633236158963,gavish_tnbc,drvi_argmax,1.2423003117138976e-16,True,gavish_tnbc
DR 5+,gs_ind_0,MP2_CELL_CYCLE_G1_S,30/30,6.9379168966087e-39,6.24412520694783e-38,1253.0,110093.36277153877,gavish_tnbc,drvi_argmax,1.0109536049344105e-36,True,gavish_tnbc
DR 5+,gs_ind_0,MP3_CELL_CYCLE_HMG_RICH,11/11,2.557971338214591e-14,7.673914014643774e-14,391.2081447963801,12243.632233066382,gavish_tnbc,drvi_argmax,7.906456863572372e-13,True,gavish_tnbc
DR 5+,gs_ind_0,MP7_STRESS_IN_VITRO,3/20,0.11620099341052807,0.26145223517368815,3.1434599156118144,6.76608963993839,gavish_tnbc,drvi_argmax,0.2848058570058586,False,gavish_tnbc
DR 6+,gs_ind_0,MP10_PROTEIN_MATURATION,3/15,0.0016280537504124357,0.014652483753711922,17.952131147540985,115.25932417895568,gavish_tnbc,drvi_argmax,0.008220865472379626,True,gavish_tnbc
DR 6+,gs_ind_0,MP12_EMT_1,1/45,0.5309869669542092,0.5309869669542092,1.9949870354364736,1.2628623089561108,gavish_tnbc,drvi_argmax,0.8996128005811491,False,gavish_tnbc
DR 6+,gs_ind_0,MP15_EMT_4,1/32,0.41527273393027075,0.5309869669542092,2.8373626373626375,2.493530421268318,gavish_tnbc,drvi_argmax,0.7470514790280003,False,gavish_tnbc
DR 6+,gs_ind_0,MP19_EPITHELIAL_SENESCENCE,1/35,0.44421135301979275,0.5309869669542092,2.5866220735785954,2.0989269219559166,gavish_tnbc,drvi_argmax,0.7852609706762368,False,gavish_tnbc
DR 6+,gs_ind_0,MP23_SECRETED_2,2/40,0.13979157879563833,0.419374736386915,3.9775304061018346,7.826199520676623,gavish_tnbc,drvi_argmax,0.33159862877104906,False,gavish_tnbc
DR 6+,gs_ind_0,MP39_METAL_RESPONSE,1/34,0.4347229798432038,0.5309869669542092,2.6652123995407577,2.2202452713856102,gavish_tnbc,drvi_argmax,0.7752053137064123,False,gavish_tnbc
DR 6+,gs_ind_0,MP5_STRESS,1/42,0.5064374618192053,0.5309869669542092,2.142539388322521,1.4576861731908128,gavish_tnbc,drvi_argmax,0.8681785059757805,False,gavish_tnbc
DR 6+,gs_ind_0,MP6_HYPOXIA,2/32,0.09633058880132772,0.419374736386915,5.0416341399947955,11.797269461806135,gavish_tnbc,drvi_argmax,0.24442089695859273,False,gavish_tnbc
DR 6+,gs_ind_0,MP7_STRESS_IN_VITRO,1/20,0.2842019070678357,0.5309869669542092,4.611834319526627,5.802012030527123,gavish_tnbc,drvi_argmax,0.571767150313989,False,gavish_tnbc
DR 7+,gs_ind_0,MP10_PROTEIN_MATURATION,3/15,0.02551284875014787,0.11173634342067212,6.223859649122807,22.832683969715294,gavish_tnbc,drvi_argmax,0.08132220539109633,False,gavish_tnbc
DR 7+,gs_ind_0,MP12_EMT_1,4/45,0.1329353243773786,0.2658706487547572,2.4015826620089826,4.846135766466756,gavish_tnbc,drvi_argmax,0.3190447785057086,False,gavish_tnbc
DR 7+,gs_ind_0,MP13_EMT_2,1/41,0.8449530066182525,0.8449530066182525,0.7925925925925926,0.13353145578210474,gavish_tnbc,drvi_argmax,1.0,False,gavish_tnbc
DR 7+,gs_ind_0,MP14_EMT_3,3/32,0.16385507821727474,0.2867463868802308,2.613638616314798,4.727478728936888,gavish_tnbc,drvi_argmax,0.3730629012982595,False,gavish_tnbc
DR 7+,gs_ind_0,MP15_EMT_4,4/32,0.04910187010166998,0.13748523628467593,3.5213329180940516,10.612797939754763,gavish_tnbc,drvi_argmax,0.1379721969798991,False,gavish_tnbc
DR 7+,gs_ind_0,MP17_INTERFERON_MHC_II_1,3/45,0.31752742344429374,0.49393154758001245,1.8016511867905056,2.066838191163766,gavish_tnbc,drvi_argmax,0.6146468664479221,False,gavish_tnbc
DR 7+,gs_ind_0,MP18_INTERFERON_MHC_II_2,4/38,0.0827257068486629,0.19302664931354677,2.899665551839465,7.22661863386304,gavish_tnbc,drvi_argmax,0.21860160877107815,False,gavish_tnbc
DR 7+,gs_ind_0,MP19_EPITHELIAL_SENESCENCE,2/35,0.4609616028607967,0.586678403641014,1.6215166939867138,1.2557682485902006,gavish_tnbc,drvi_argmax,0.8127558792685846,False,gavish_tnbc
DR 7+,gs_ind_0,MP22_SECRETED_1,4/28,0.03192466954876346,0.11173634342067212,4.104939017026929,14.13895436754725,gavish_tnbc,drvi_argmax,0.09720347146190665,False,gavish_tnbc
DR 7+,gs_ind_0,MP23_SECRETED_2,5/40,0.028686481654221618,0.11173634342067212,3.4835961879058783,12.371397175539913,gavish_tnbc,drvi_argmax,0.08920796124178673,False,gavish_tnbc
DR 7+,gs_ind_0,MP39_METAL_RESPONSE,1/34,0.7862546412312077,0.8449530066182525,0.9617910447761194,0.23128628598740186,gavish_tnbc,drvi_argmax,1.0,False,gavish_tnbc
DR 7+,gs_ind_0,MP5_STRESS,9/42,5.531629563811625e-05,0.0007744281389336276,6.704308645451985,65.71860345767624,gavish_tnbc,drvi_argmax,0.0003786753124220039,True,gavish_tnbc
DR 7+,gs_ind_0,MP6_HYPOXIA,2/32,0.41511123040527925,0.5811557225673909,1.7838529328153132,1.5683791421914555,gavish_tnbc,drvi_argmax,0.7470514790280003,False,gavish_tnbc
DR 7+,gs_ind_0,MP7_STRESS_IN_VITRO,1/20,0.5951946712649802,0.6943937831424769,1.6646153846153846,0.8637135718706794,gavish_tnbc,drvi_argmax,0.9615586149921683,False,gavish_tnbc
DR 7-,gs_ind_0,MP10_PROTEIN_MATURATION,7/15,6.57964651769282e-05,0.0001315929303538564,10.608486017357762,102.14852247265868,gavish_tnbc,drvi_argmax,0.00044445294357925013,True,gavish_tnbc
DR 7-,gs_ind_0,MP12_EMT_1,6/45,0.14221298836120705,0.1659151530880749,1.9323382674308334,3.768889419904109,gavish_tnbc,drvi_argmax,0.3357806669639611,False,gavish_tnbc
DR 7-,gs_ind_0,MP13_EMT_2,8/41,0.013232834084649158,0.02315745964813603,3.0288655731244765,13.10000748740947,gavish_tnbc,drvi_argmax,0.04670412029876173,True,gavish_tnbc
DR 7-,gs_ind_0,MP14_EMT_3,12/32,2.3639241276405647e-06,6.618987557393581e-06,7.529971062422488,97.55218738868754,gavish_tnbc,drvi_argmax,2.0966979219072834e-05,True,gavish_tnbc
DR 7-,gs_ind_0,MP15_EMT_4,6/32,0.036744691544633654,0.046765971056806466,2.9010509495421304,9.584380470061483,gavish_tnbc,drvi_argmax,0.10739136210752528,False,gavish_tnbc
DR 7-,gs_ind_0,MP17_INTERFERON_MHC_II_1,35/45,1.2991257844224473e-31,1.8187760981914263e-30,49.73666092943201,3537.1940503504,gavish_tnbc,drvi_argmax,9.465059286506401e-30,True,gavish_tnbc
DR 7-,gs_ind_0,MP18_INTERFERON_MHC_II_2,19/38,4.277672113658614e-12,2.7698440626835012e-11,12.97153024911032,339.56368789184864,gavish_tnbc,drvi_argmax,8.904541950881196e-11,True,gavish_tnbc
DR 7-,gs_ind_0,MP19_EPITHELIAL_SENESCENCE,13/35,9.917231025786888e-07,3.471030859025411e-06,7.4518771331058025,103.01342230196144,gavish_tnbc,drvi_argmax,9.280344629635436e-06,True,gavish_tnbc
DR 7-,gs_ind_0,MP22_SECRETED_1,2/28,0.6659113611979408,0.6659113611979408,1.0874513327343516,0.4421563075481366,gavish_tnbc,drvi_argmax,1.0,False,gavish_tnbc
DR 7-,gs_ind_0,MP23_SECRETED_2,7/40,0.035003630716067886,0.046765971056806466,2.6550036701737216,8.900378064516017,gavish_tnbc,drvi_argmax,0.10318989401846602,False,gavish_tnbc
DR 7-,gs_ind_0,MP39_METAL_RESPONSE,11/34,3.265563712012398e-05,7.619648661362262e-05,5.992621247940397,61.900739616706,gavish_tnbc,drvi_argmax,0.00023623226852855642,True,gavish_tnbc
DR 7-,gs_ind_0,MP5_STRESS,3/42,0.6620577162876353,0.6659113611979408,1.020544344239091,0.4208750819113808,gavish_tnbc,drvi_argmax,1.0,False,gavish_tnbc
DR 7-,gs_ind_0,MP6_HYPOXIA,6/32,0.036744691544633654,0.046765971056806466,2.9010509495421304,9.584380470061483,gavish_tnbc,drvi_argmax,0.10739136210752528,False,gavish_tnbc
DR 7-,gs_ind_0,MP7_STRESS_IN_VITRO,14/20,5.935380134321788e-12,2.7698440626835012e-11,28.14142215173143,727.4582964851141,gavish_tnbc,drvi_argmax,1.1870760268643575e-10,True,gavish_tnbc
DR 8+,gs_ind_0,MP10_PROTEIN_MATURATION,3/15,0.04232762533340552,0.0786084470477531,5.04133971291866,15.942305832323882,gavish_tnbc,drvi_argmax,0.12232448862626388,False,gavish_tnbc
DR 8+,gs_ind_0,MP12_EMT_1,3/45,0.4362339478552132,0.5155492111016156,1.459104981705601,1.2104393525238735,gavish_tnbc,drvi_argmax,0.7765421061296989,False,gavish_tnbc
DR 8+,gs_ind_0,MP13_EMT_2,2/41,0.6548182101218516,0.6548182101218516,1.1125442438058673,0.47104858905229074,gavish_tnbc,drvi_argmax,1.0,False,gavish_tnbc
DR 8+,gs_ind_0,MP14_EMT_3,3/32,0.24299290793434808,0.3158907803146525,2.11685994647636,2.994770499619735,gavish_tnbc,drvi_argmax,0.5059318504853362,False,gavish_tnbc
DR 8+,gs_ind_0,MP15_EMT_4,9/32,2.5609576858520253e-05,0.00011097483305358775,7.67674694891457,81.1627462791447,gavish_tnbc,drvi_argmax,0.0001978921848158383,True,gavish_tnbc
DR 8+,gs_ind_0,MP18_INTERFERON_MHC_II_2,2/38,0.6129805938868368,0.6548182101218516,1.2059339089787704,0.5902105869920438,gavish_tnbc,drvi_argmax,0.9708698847275987,False,gavish_tnbc
DR 8+,gs_ind_0,MP19_EPITHELIAL_SENESCENCE,4/35,0.1135677983268756,0.18454767228117283,2.5707384403036575,5.592269435272677,gavish_tnbc,drvi_argmax,0.27913049227328457,False,gavish_tnbc
DR 8+,gs_ind_0,MP22_SECRETED_1,6/28,0.002924235241382686,0.007603011627594983,5.326655719759168,31.079556850826275,gavish_tnbc,drvi_argmax,0.013315714045581873,True,gavish_tnbc
DR 8+,gs_ind_0,MP23_SECRETED_2,4/40,0.16252191866571808,0.23475388251714835,2.2126265634306135,4.020215023356949,gavish_tnbc,drvi_argmax,0.3708553848747929,False,gavish_tnbc
DR 8+,gs_ind_0,MP39_METAL_RESPONSE,7/34,0.001670175686872021,0.0054280709823340675,5.065128900949796,32.39062030070293,gavish_tnbc,drvi_argmax,0.008350878434360104,True,gavish_tnbc
DR 8+,gs_ind_0,MP5_STRESS,37/42,7.42365604021029e-45,9.650752852273377e-44,182.6402321083172,18558.37671456675,gavish_tnbc,drvi_argmax,1.893032290253624e-42,True,gavish_tnbc
DR 8+,gs_ind_0,MP6_HYPOXIA,6/32,0.005905367514946954,0.012794962949051733,4.512965889023143,23.160060732860313,gavish_tnbc,drvi_argmax,0.023714467973409026,True,gavish_tnbc
DR 8+,gs_ind_0,MP7_STRESS_IN_VITRO,9/20,2.640219337220519e-07,1.716142569193337e-06,15.787905539615979,239.1430941311701,gavish_tnbc,drvi_argmax,2.6402193372205186e-06,True,gavish_tnbc
DR 9+,gs_ind_0,MP12_EMT_1,1/45,0.7317602595430626,0.7317602595430626,1.1332405289847867,0.3539136609963203,gavish_tnbc,drvi_argmax,1.0,False,gavish_tnbc
DR 9+,gs_ind_0,MP13_EMT_2,2/41,0.32735519415412917,0.4676502773630417,2.171855399703501,2.4253315073940698,gavish_tnbc,drvi_argmax,0.629860605278159,False,gavish_tnbc
DR 9+,gs_ind_0,MP14_EMT_3,5/32,0.0017596741190091074,0.015399518080390003,7.300952380952381,46.307215117936565,gavish_tnbc,drvi_argmax,0.008712949521307231,True,gavish_tnbc
DR 9+,gs_ind_0,MP18_INTERFERON_MHC_II_2,2/38,0.29534659740490166,0.4676502773630417,2.3540663951622856,2.8710328074837212,gavish_tnbc,drvi_argmax,0.5849583094233004,False,gavish_tnbc
DR 9+,gs_ind_0,MP19_EPITHELIAL_SENESCENCE,1/35,0.6397009986420084,0.7107788873800093,1.4694113120430934,0.6564659711477029,gavish_tnbc,drvi_argmax,0.9887422062225731,False,gavish_tnbc
DR 9+,gs_ind_0,MP1_CELL_CYCLE_G2_M,3/47,0.14784183477336654,0.36960458693341636,2.741263787238429,5.2402334653104985,gavish_tnbc,drvi_argmax,0.34586851254319695,False,gavish_tnbc
DR 9+,gs_ind_0,MP39_METAL_RESPONSE,2/34,0.2524463959625151,0.4676502773630417,2.6493416493416495,3.64696806018132,gavish_tnbc,drvi_argmax,0.520192573498516,False,gavish_tnbc
DR 9+,gs_ind_0,MP3_CELL_CYCLE_HMG_RICH,3/11,0.003079903616078001,0.015399518080390003,14.623313545601727,84.5645307489426,gavish_tnbc,drvi_argmax,0.013482839864375798,True,gavish_tnbc
DR 9+,gs_ind_0,MP6_HYPOXIA,1/32,0.6064716331764929,0.7107788873800093,1.6118836915297092,0.8060987191881042,gavish_tnbc,drvi_argmax,0.9669265329068739,False,gavish_tnbc
DR 9+,gs_ind_0,MP7_STRESS_IN_VITRO,3/20,0.01773686768750517,0.0591228922916839,7.0697247706422015,28.505907135293942,gavish_tnbc,drvi_argmax,0.059708267462888695,False,gavish_tnbc
DR 9-,gs_ind_0,MP10_PROTEIN_MATURATION,3/15,0.14268385508390619,0.24969674639683584,2.8885470085470084,5.624358915937845,gavish_tnbc,drvi_argmax,0.33611439303830093,False,gavish_tnbc
DR 9-,gs_ind_0,MP12_EMT_1,1/45,0.985645358146056,0.985645358146056,0.3377433138154771,0.004883317908545965,gavish_tnbc,drvi_argmax,1.0,False,gavish_tnbc
DR 9-,gs_ind_0,MP13_EMT_2,2/41,0.8929009340297188,0.985645358146056,0.6395453078495357,0.07244746249042552,gavish_tnbc,drvi_argmax,1.0,False,gavish_tnbc
DR 9-,gs_ind_0,MP14_EMT_3,10/32,0.00027612568401837347,0.0009664398940643072,4.986547972304649,40.86303737690921,gavish_tnbc,drvi_argmax,0.0016665573828327867,True,gavish_tnbc
DR 9-,gs_ind_0,MP15_EMT_4,8/32,0.0054762602285872595,0.015333528640044326,3.6596445029624753,19.056987043365055,gavish_tnbc,drvi_argmax,0.02216581521094843,True,gavish_tnbc
DR 9-,gs_ind_0,MP17_INTERFERON_MHC_II_1,1/45,0.985645358146056,0.985645358146056,0.3377433138154771,0.004883317908545965,gavish_tnbc,drvi_argmax,1.0,False,gavish_tnbc
DR 9-,gs_ind_0,MP18_INTERFERON_MHC_II_2,4/38,0.4421934982687201,0.5627917250692802,1.3368630870811014,1.090890591370242,gavish_tnbc,drvi_argmax,0.7844128143201644,False,gavish_tnbc
DR 9-,gs_ind_0,MP19_EPITHELIAL_SENESCENCE,11/35,0.00012757460823765535,0.0005953481717757249,5.0399634480657935,45.19239062314644,gavish_tnbc,drvi_argmax,0.0008184031471849588,True,gavish_tnbc
DR 9-,gs_ind_0,MP22_SECRETED_1,7/28,0.009275288419557914,0.021642339645635136,3.664316224828802,17.150471428241943,gavish_tnbc,drvi_argmax,0.03491067966032868,True,gavish_tnbc
DR 9-,gs_ind_0,MP23_SECRETED_2,12/40,0.0001036215583749163,0.0005953481717757249,4.727095516569201,43.36999124095609,gavish_tnbc,drvi_argmax,0.0006863246074182768,True,gavish_tnbc
DR 9-,gs_ind_0,MP39_METAL_RESPONSE,5/34,0.17954936244349634,0.27929900824543874,1.9272700630098178,3.309710725964991,gavish_tnbc,drvi_argmax,0.40382245093938224,False,gavish_tnbc
DR 9-,gs_ind_0,MP5_STRESS,21/42,2.8854461976926797e-12,4.039624676769752e-11,11.438095238095238,303.9255354436675,gavish_tnbc,drvi_argmax,6.131573170096945e-11,True,gavish_tnbc
DR 9-,gs_ind_0,MP6_HYPOXIA,4/32,0.3165102834420337,0.4431143968188472,1.6237369929120797,1.8679463007646564,gavish_tnbc,drvi_argmax,0.6146468664479221,False,gavish_tnbc
DR 9-,gs_ind_0,MP7_STRESS_IN_VITRO,5/20,0.027123442805668904,0.05424688561133781,3.696662638282049,13.335181389621026,gavish_tnbc,drvi_argmax,0.08591898031609405,False,gavish_tnbc
DR 10-,gs_ind_0,MP10_PROTEIN_MATURATION,7/15,0.00013699354552670548,0.0005479741821068219,9.335448465100326,83.04419828139929,gavish_tnbc,drvi_argmax,0.0008679094188648423,True,gavish_tnbc
DR 10-,gs_ind_0,MP12_EMT_1,17/45,7.878705405684855e-08,4.201976216365256e-07,6.822823312150345,111.59762646337597,gavish_tnbc,drvi_argmax,8.735086428041904e-07,True,gavish_tnbc
DR 10-,gs_ind_0,MP13_EMT_2,10/41,0.0023557122845043296,0.005384485221724182,3.544015825914936,21.444528388851552,gavish_tnbc,drvi_argmax,0.010921938773610982,True,gavish_tnbc
DR 10-,gs_ind_0,MP14_EMT_3,6/32,0.05876122639931119,0.0940179622388979,2.55449822258682,7.240145485320847,gavish_tnbc,drvi_argmax,0.16199040791161462,False,gavish_tnbc
DR 10-,gs_ind_0,MP15_EMT_4,9/32,0.00132277108591473,0.0035273895624392797,4.291784346952865,28.446060106380344,gavish_tnbc,drvi_argmax,0.00678003270167349,True,gavish_tnbc
DR 10-,gs_ind_0,MP17_INTERFERON_MHC_II_1,22/45,1.5043149821376891e-12,1.2034519857101513e-11,11.009108830127115,299.69748510931765,gavish_tnbc,drvi_argmax,3.4872756404100974e-11,True,gavish_tnbc
DR 10-,gs_ind_0,MP18_INTERFERON_MHC_II_2,21/38,2.117985221714059e-13,3.3887763547424946e-12,14.083718820861678,411.00715129783106,gavish_tnbc,drvi_argmax,5.940436241855325e-12,True,gavish_tnbc
DR 10-,gs_ind_0,MP19_EPITHELIAL_SENESCENCE,7/35,0.03097174599106816,0.05506088176189895,2.753567592450514,9.567765993586208,gavish_tnbc,drvi_argmax,0.09515415937014916,False,gavish_tnbc
DR 10-,gs_ind_0,MP22_SECRETED_1,1/28,0.9278198701312685,0.980891041469584,0.5517541613316261,0.04133613645500376,gavish_tnbc,drvi_argmax,1.0,False,gavish_tnbc
DR 10-,gs_ind_0,MP23_SECRETED_2,8/40,0.021617141747347125,0.04323428349469425,2.746537333634108,10.530962075736419,gavish_tnbc,drvi_argmax,0.07067142494325021,False,gavish_tnbc
DR 10-,gs_ind_0,MP2_CELL_CYCLE_G1_S,2/30,0.7623604140775346,0.8712690446600396,0.8918542815963422,0.24199204025411314,gavish_tnbc,drvi_argmax,1.0,False,gavish_tnbc
DR 10-,gs_ind_0,MP39_METAL_RESPONSE,10/34,0.00047903450158327706,0.0015329104050664866,4.5743959304790165,34.9654837025501,gavish_tnbc,drvi_argmax,0.0026846988550271573,True,gavish_tnbc
DR 10-,gs_ind_0,MP3_CELL_CYCLE_HMG_RICH,1/11,0.6422900120337239,0.7905107840415064,1.4587525150905432,0.6458121232106284,gavish_tnbc,drvi_argmax,0.9896311363661607,False,gavish_tnbc
DR 10-,gs_ind_0,MP5_STRESS,1/42,0.980891041469584,0.980891041469584,0.3627693874087901,0.006999234260822326,gavish_tnbc,drvi_argmax,1.0,False,gavish_tnbc
DR 10-,gs_ind_0,MP6_HYPOXIA,3/32,0.552733312231521,0.736977749642028,1.2124680090781785,0.7188476090346771,gavish_tnbc,drvi_argmax,0.9191077599623054,False,gavish_tnbc
DR 10-,gs_ind_0,MP7_STRESS_IN_VITRO,2/20,0.5432051209688303,0.736977749642028,1.381594058647883,0.8431430234360839,gavish_tnbc,drvi_argmax,0.9112131414438225,False,gavish_tnbc
DR 11-,gs_ind_0,MP10_PROTEIN_MATURATION,5/15,4.51139227857624e-05,9.77468327024852e-05,18.564001747487985,185.75733546625574,gavish_tnbc,drvi_argmax,0.0003173531120101907,True,gavish_tnbc
DR 11-,gs_ind_0,MP12_EMT_1,2/45,0.38581450519336496,0.45596259704670405,1.897551224387806,1.8072250944598651,gavish_tnbc,drvi_argmax,0.7116289245881235,False,gavish_tnbc
DR 11-,gs_ind_0,MP13_EMT_2,3/41,0.1180907494936884,0.1705755270464388,3.0627514078841513,6.542961610814315,gavish_tnbc,drvi_argmax,0.2874762875502677,False,gavish_tnbc
DR 11-,gs_ind_0,MP14_EMT_3,12/32,1.9624618693876323e-11,2.5512004302039217e-10,24.666238767650835,608.1272787673779,gavish_tnbc,drvi_argmax,3.639474739591609e-10,True,gavish_tnbc
DR 11-,gs_ind_0,MP15_EMT_4,2/32,0.24304569288021052,0.31595940074427364,2.7248752672843906,3.8543519155578347,gavish_tnbc,drvi_argmax,0.5059318504853362,False,gavish_tnbc
DR 11-,gs_ind_0,MP17_INTERFERON_MHC_II_1,11/45,2.6501514587825703e-08,1.1483989654724471e-07,13.109965635738831,228.71729888083706,gavish_tnbc,drvi_argmax,3.1801817505390844e-07,True,gavish_tnbc
DR 11-,gs_ind_0,MP18_INTERFERON_MHC_II_2,11/38,3.6794447738737693e-09,2.39163910301795e-08,16.507403936269917,320.5821037251644,gavish_tnbc,drvi_argmax,5.0040448924683264e-08,True,gavish_tnbc
DR 11-,gs_ind_0,MP19_EPITHELIAL_SENESCENCE,8/35,4.471910606576558e-06,1.162696757709905e-05,11.490379523389231,141.53498824196893,gavish_tnbc,drvi_argmax,3.769709767527346e-05,True,gavish_tnbc
DR 11-,gs_ind_0,MP22_SECRETED_1,4/28,0.008240513601403704,0.01339083460228102,6.345835631549917,30.451714528678988,gavish_tnbc,drvi_argmax,0.03136314878146186,True,gavish_tnbc
DR 11-,gs_ind_0,MP23_SECRETED_2,10/40,9.761876932150552e-08,3.1726100029489293e-07,13.294088425235966,214.59578171131906,gavish_tnbc,drvi_argmax,1.0481173127151119e-06,True,gavish_tnbc
DR 11-,gs_ind_0,MP39_METAL_RESPONSE,5/34,0.0027160219568812,0.005044040777065086,6.542528378168248,38.65709802454515,gavish_tnbc,drvi_argmax,0.012423060071833292,True,gavish_tnbc
DR 11-,gs_ind_0,MP5_STRESS,1/42,0.7194253092726834,0.7194253092726834,1.1742354031510658,0.3866787328184946,gavish_tnbc,drvi_argmax,1.0,False,gavish_tnbc
DR 11-,gs_ind_0,MP6_HYPOXIA,1/32,0.6193305090577147,0.6709413848125242,1.555148555148555,0.7450968793558843,gavish_tnbc,drvi_argmax,0.9733699834189045,False,gavish_tnbc
DR 12-,gs_ind_0,MP10_PROTEIN_MATURATION,6/15,0.0016838632699240307,0.02694181231878449,6.641083841679671,42.414374812243196,gavish_tnbc,drvi_argmax,0.008378246513768348,True,gavish_tnbc
DR 12-,gs_ind_0,MP12_EMT_1,4/45,0.6367350231862376,0.7161256870329372,1.0227469879518072,0.4616697148272202,gavish_tnbc,drvi_argmax,0.9870360541792741,False,gavish_tnbc
DR 12-,gs_ind_0,MP13_EMT_2,5/41,0.35325290879484755,0.5652046540717561,1.4329207829887252,1.4910558451343963,gavish_tnbc,drvi_argmax,0.6635689999461225,False,gavish_tnbc
DR 12-,gs_ind_0,MP14_EMT_3,7/32,0.027672799303121397,0.11069119721248559,2.8447313884903553,10.204920052033641,gavish_tnbc,drvi_argmax,0.08729396018244243,False,gavish_tnbc
DR 12-,gs_ind_0,MP15_EMT_4,6/32,0.077711482291131,0.21400672306861598,2.3582871382800183,6.0248393851467155,gavish_tnbc,drvi_argmax,0.20642112483581673,False,gavish_tnbc
DR 12-,gs_ind_0,MP17_INTERFERON_MHC_II_1,6/45,0.2551836635926774,0.5283981958468356,1.5706097103278855,2.1450943627400263,gavish_tnbc,drvi_argmax,0.5237169755825573,False,gavish_tnbc
DR 12-,gs_ind_0,MP18_INTERFERON_MHC_II_2,5/38,0.29437026479604383,0.5283981958468356,1.5638829978792366,1.9124989476656333,gavish_tnbc,drvi_argmax,0.584635050585342,False,gavish_tnbc
DR 12-,gs_ind_0,MP19_EPITHELIAL_SENESCENCE,8/35,0.014644743088070471,0.07810529646970918,3.0024770869457518,12.681483931818004,gavish_tnbc,drvi_argmax,0.05063606084688772,False,gavish_tnbc
DR 12-,gs_ind_0,MP1_CELL_CYCLE_G2_M,4/47,0.6713678315933787,0.7161256870329372,0.9746206896551725,0.38832602361917035,gavish_tnbc,drvi_argmax,1.0,False,gavish_tnbc
DR 12-,gs_ind_0,MP22_SECRETED_1,1/28,0.94102214214456,0.94102214214456,0.5103793843951324,0.031025252958595855,gavish_tnbc,drvi_argmax,1.0,False,gavish_tnbc
DR 12-,gs_ind_0,MP23_SECRETED_2,7/40,0.08025252115073099,0.21400672306861598,2.1556849896857178,5.437881592504634,gavish_tnbc,drvi_argmax,0.21261706902271588,False,gavish_tnbc
DR 12-,gs_ind_0,MP2_CELL_CYCLE_G1_S,3/30,0.557508713378188,0.7161256870329372,1.2035206173137207,0.7031895919081014,gavish_tnbc,drvi_argmax,0.919593646656728,False,gavish_tnbc
DR 12-,gs_ind_0,MP39_METAL_RESPONSE,3/34,0.6447866996169017,0.7161256870329372,1.0483348069554965,0.4600467547242945,gavish_tnbc,drvi_argmax,0.9919795378721564,False,gavish_tnbc
DR 12-,gs_ind_0,MP5_STRESS,10/42,0.004810509211486807,0.03848407369189446,3.1640178003814365,16.886212188656913,gavish_tnbc,drvi_argmax,0.01986526071140301,True,gavish_tnbc
DR 12-,gs_ind_0,MP6_HYPOXIA,3/32,0.6027098868476575,0.7161256870329372,1.120667176190262,0.5674154362827363,gavish_tnbc,drvi_argmax,0.9666101958877525,False,gavish_tnbc
DR 12-,gs_ind_0,MP7_STRESS_IN_VITRO,3/20,0.297223985163845,0.5283981958468356,1.9018567639257293,2.3074643592701696,gavish_tnbc,drvi_argmax,0.5875357846262053,False,gavish_tnbc
DR 13-,gs_ind_0,MP10_PROTEIN_MATURATION,3/15,0.09517608985574953,0.12372891681247439,3.5157679180887373,8.269179401575911,gavish_tnbc,drvi_argmax,0.24269902913216132,False,gavish_tnbc
DR 13-,gs_ind_0,MP12_EMT_1,11/45,0.0003012039925587419,0.0006526086505439407,4.3742478941034895,35.465189412829204,gavish_tnbc,drvi_argmax,0.0017862097233134692,True,gavish_tnbc
DR 13-,gs_ind_0,MP13_EMT_2,10/41,0.0005835770685803716,0.0010837859845064044,4.350059737156512,32.391997875637976,gavish_tnbc,drvi_argmax,0.003235046793217277,True,gavish_tnbc
DR 13-,gs_ind_0,MP14_EMT_3,6/32,0.02772866970501112,0.040052522907238285,3.120307672079416,11.187202881287767,gavish_tnbc,drvi_argmax,0.08729396018244243,False,gavish_tnbc
DR 13-,gs_ind_0,MP15_EMT_4,7/32,0.00762179642957789,0.01238541919806407,3.7698658410732713,18.384667549404917,gavish_tnbc,drvi_argmax,0.029226437436727246,True,gavish_tnbc
DR 13-,gs_ind_0,MP18_INTERFERON_MHC_II_2,4/38,0.3128126810288234,0.338880404447892,1.629314208874944,1.8935086984804346,gavish_tnbc,drvi_argmax,0.6112431698264367,False,gavish_tnbc
DR 13-,gs_ind_0,MP19_EPITHELIAL_SENESCENCE,4/35,0.261196733581733,0.30868704877841174,1.787432498772705,2.399594860278313,gavish_tnbc,drvi_argmax,0.5349812615529471,False,gavish_tnbc
DR 13-,gs_ind_0,MP22_SECRETED_1,9/28,0.00011258266967779484,0.0002927149411622666,6.354138151291176,57.7706978933433,gavish_tnbc,drvi_argmax,0.0007330386063563062,True,gavish_tnbc
DR 13-,gs_ind_0,MP23_SECRETED_2,3/40,0.5830353392030918,0.5830353392030918,1.155995449374289,0.6236681898643517,gavish_tnbc,drvi_argmax,0.9469682260941936,False,gavish_tnbc
DR 13-,gs_ind_0,MP39_METAL_RESPONSE,16/34,2.8233609176962443e-10,1.2234563976683726e-09,12.2493167324628,269.3370323792316,gavish_tnbc,drvi_argmax,4.43696038171724e-09,True,gavish_tnbc
DR 13-,gs_ind_0,MP5_STRESS,12/42,2.9499591324053572e-05,9.587367180317411e-05,5.429210134128167,56.63281922751238,gavish_tnbc,drvi_argmax,0.00021963199379952295,True,gavish_tnbc
DR 13-,gs_ind_0,MP6_HYPOXIA,31/32,1.4416915446283286e-35,1.8741990080168271e-34,327.9367088607595,26308.611345962767,gavish_tnbc,drvi_argmax,1.4705253755208952e-33,True,gavish_tnbc
DR 13-,gs_ind_0,MP7_STRESS_IN_VITRO,13/20,6.467457241341002e-11,4.203847206871651e-10,24.323076923076922,570.6595906418391,gavish_tnbc,drvi_argmax,1.0814436698635772e-09,True,gavish_tnbc
DR 14+,gs_ind_0,MP10_PROTEIN_MATURATION,2/15,0.3175675476647598,0.43304665590649066,2.258520979451212,2.5906697681689583,gavish_tnbc,drvi_argmax,0.6146468664479221,False,gavish_tnbc
DR 14+,gs_ind_0,MP12_EMT_1,5/45,0.2536238974688649,0.38043584620329735,1.6650763758108391,2.28432298870651,gavish_tnbc,drvi_argmax,0.5215652730206496,False,gavish_tnbc
DR 14+,gs_ind_0,MP13_EMT_2,7/41,0.03187190975079601,0.07967977437699003,2.7110413865232332,9.342330570566027,gavish_tnbc,drvi_argmax,0.09720347146190665,False,gavish_tnbc
DR 14+,gs_ind_0,MP14_EMT_3,15/32,1.5240410354986493e-09,2.286061553247974e-08,11.797714285714285,239.5160210117035,gavish_tnbc,drvi_argmax,2.1894674031107355e-08,True,gavish_tnbc
DR 14+,gs_ind_0,MP15_EMT_4,3/32,0.44380906246419033,0.5120873797663734,1.4439657615781418,1.1730212513361333,gavish_tnbc,drvi_argmax,0.7852609706762368,False,gavish_tnbc
DR 14+,gs_ind_0,MP17_INTERFERON_MHC_II_1,2/45,0.8688534002631746,0.9309143574248299,0.6894642379806775,0.0969254805476636,gavish_tnbc,drvi_argmax,1.0,False,gavish_tnbc
DR 14+,gs_ind_0,MP18_INTERFERON_MHC_II_2,6/38,0.0633922566148181,0.1358405498888959,2.479863481228669,6.840489054589332,gavish_tnbc,drvi_argmax,0.17335147921478408,False,gavish_tnbc
DR 14+,gs_ind_0,MP19_EPITHELIAL_SENESCENCE,13/35,5.823428277186839e-07,2.9117141385934193e-06,7.855913978494623,112.78112341243302,gavish_tnbc,drvi_argmax,5.711439271856323e-06,True,gavish_tnbc
DR 14+,gs_ind_0,MP1_CELL_CYCLE_G2_M,1/47,0.9767213386560701,0.9767213386560701,0.3837964441605451,0.009039898867266671,gavish_tnbc,drvi_argmax,1.0,False,gavish_tnbc
DR 14+,gs_ind_0,MP22_SECRETED_1,4/28,0.15855340876208682,0.2972876414289128,2.256648113790971,4.155987092272833,gavish_tnbc,drvi_argmax,0.3634257908704012,False,gavish_tnbc
DR 14+,gs_ind_0,MP23_SECRETED_2,5/40,0.18300544196583388,0.3050090699430565,1.9048460253043686,3.2348845502751167,gavish_tnbc,drvi_argmax,0.40951438771127985,False,gavish_tnbc
DR 14+,gs_ind_0,MP39_METAL_RESPONSE,7/34,0.01193508450547734,0.04475656689554003,3.414245548266167,15.119211167603044,gavish_tnbc,drvi_argmax,0.042715039282761005,True,gavish_tnbc
DR 14+,gs_ind_0,MP5_STRESS,4/42,0.3975932613543948,0.4969915766929935,1.4250295159386068,1.3143414208325195,gavish_tnbc,drvi_argmax,0.7276638612236869,False,gavish_tnbc
DR 14+,gs_ind_0,MP6_HYPOXIA,6/32,0.030256273354598615,0.07967977437699003,3.0513877261897098,10.673912121770757,gavish_tnbc,drvi_argmax,0.09378924831282735,False,gavish_tnbc
DR 14+,gs_ind_0,MP7_STRESS_IN_VITRO,10/20,4.5929405924805745e-07,2.9117141385934193e-06,12.901754385964912,188.2827225862371,gavish_tnbc,drvi_argmax,4.548348936242899e-06,True,gavish_tnbc
DR 14-,gs_ind_0,MP10_PROTEIN_MATURATION,7/15,0.00028880699727548757,0.001636572984561096,8.17373461012312,66.61390935241329,gavish_tnbc,drvi_argmax,0.001722708404801154,True,gavish_tnbc
DR 14-,gs_ind_0,MP12_EMT_1,11/45,0.003620292729714398,0.010257496067524127,3.1072999120492524,17.466755483212417,gavish_tnbc,drvi_argmax,0.015515540270204563,True,gavish_tnbc
DR 14-,gs_ind_0,MP13_EMT_2,7/41,0.10797619217241046,0.20395502965899753,1.9846084709583194,4.417429887457566,gavish_tnbc,drvi_argmax,0.2679701119607267,False,gavish_tnbc
DR 14-,gs_ind_0,MP14_EMT_3,9/32,0.00302646296265898,0.010257496067524127,3.7522915393589247,21.76464430625097,gavish_tnbc,drvi_argmax,0.013421705312661564,True,gavish_tnbc
DR 14-,gs_ind_0,MP15_EMT_4,11/32,0.0001486887837228332,0.0012638546616440822,5.022826287046696,44.26945870327691,gavish_tnbc,drvi_argmax,0.0009361886382548757,True,gavish_tnbc
DR 14-,gs_ind_0,MP17_INTERFERON_MHC_II_1,3/45,0.8440373988918486,0.9757922010267908,0.7332539091586001,0.124329413806902,gavish_tnbc,drvi_argmax,1.0,False,gavish_tnbc
DR 14-,gs_ind_0,MP18_INTERFERON_MHC_II_2,13/38,3.851744498768228e-05,0.0006547965647905988,5.013176470588236,50.95592742212789,gavish_tnbc,drvi_argmax,0.0002747398173946568,True,gavish_tnbc
DR 14-,gs_ind_0,MP19_EPITHELIAL_SENESCENCE,1/35,0.9757922010267908,0.9757922010267908,0.38498419962950853,0.009434278050286153,gavish_tnbc,drvi_argmax,1.0,False,gavish_tnbc
DR 14-,gs_ind_0,MP1_CELL_CYCLE_G2_M,2/47,0.9577056404856388,0.9757922010267908,0.48592465469039775,0.020999143014316133,gavish_tnbc,drvi_argmax,1.0,False,gavish_tnbc
DR 14-,gs_ind_0,MP22_SECRETED_1,1/28,0.9487633340847754,0.9757922010267908,0.48489405331510593,0.02550343719906064,gavish_tnbc,drvi_argmax,1.0,False,gavish_tnbc
DR 14-,gs_ind_0,MP23_SECRETED_2,5/40,0.3707677122632495,0.5730046462250219,1.3991210691257518,1.3881792777308652,gavish_tnbc,drvi_argmax,0.6913767212221472,False,gavish_tnbc
DR 14-,gs_ind_0,MP2_CELL_CYCLE_G1_S,4/30,0.35237818261783044,0.5730046462250219,1.5334869652887801,1.599504035637124,gavish_tnbc,drvi_argmax,0.6633210157084027,False,gavish_tnbc
DR 14-,gs_ind_0,MP39_METAL_RESPONSE,10/34,0.001221006000863245,0.005189275503668791,3.996625421822272,26.80968373566166,gavish_tnbc,drvi_argmax,0.006338261497054942,True,gavish_tnbc
DR 14-,gs_ind_0,MP3_CELL_CYCLE_HMG_RICH,3/11,0.0890268800811036,0.18918212017234515,3.737155621742368,9.039495293396369,gavish_tnbc,drvi_argmax,0.23165157572123896,False,gavish_tnbc
DR 14-,gs_ind_0,MP5_STRESS,4/42,0.6186272816660648,0.8089741375633156,1.0483791018142163,0.5034864931921569,gavish_tnbc,drvi_argmax,0.9733699834189045,False,gavish_tnbc
DR 14-,gs_ind_0,MP6_HYPOXIA,7/32,0.034619502276505,0.08407593410008359,2.6987384100927194,9.076769733058583,gavish_tnbc,drvi_argmax,0.10265084977335785,False,gavish_tnbc
DR 14-,gs_ind_0,MP7_STRESS_IN_VITRO,2/20,0.6095429026069803,0.8089741375633156,1.2134930900673975,0.6007348307309907,gavish_tnbc,drvi_argmax,0.9669265329068739,False,gavish_tnbc
DR 15+,gs_ind_0,MP10_PROTEIN_MATURATION,2/15,0.2946102117655547,0.5313625118101585,2.395711500974659,2.927804086039828,gavish_tnbc,drvi_argmax,0.584635050585342,False,gavish_tnbc
DR 15+,gs_ind_0,MP12_EMT_1,3/45,0.640743723836393,0.7572425827157372,1.0560382456869675,0.4700697726450661,gavish_tnbc,drvi_argmax,0.9887422062225731,False,gavish_tnbc
DR 15+,gs_ind_0,MP13_EMT_2,4/41,0.34120289226863126,0.5313625118101585,1.5540213523131672,1.6710049509202785,gavish_tnbc,drvi_argmax,0.6505176637644933,False,gavish_tnbc
DR 15+,gs_ind_0,MP14_EMT_3,7/32,0.00632197591539565,0.04109284345007173,3.9176470588235293,19.837881377924138,gavish_tnbc,drvi_argmax,0.025058508668260728,True,gavish_tnbc
DR 15+,gs_ind_0,MP15_EMT_4,4/32,0.19466928599217162,0.4888888554347254,2.0548791908597117,3.3627134825719494,gavish_tnbc,drvi_argmax,0.42886106201299146,False,gavish_tnbc
DR 15+,gs_ind_0,MP17_INTERFERON_MHC_II_1,4/45,0.40874039370012194,0.5313625118101585,1.401149080306993,1.2535731356681954,gavish_tnbc,drvi_argmax,0.7418419956834953,False,gavish_tnbc
DR 15+,gs_ind_0,MP18_INTERFERON_MHC_II_2,1/38,0.9431378682579946,0.9431378682579946,0.507177700348432,0.029691605352285357,gavish_tnbc,drvi_argmax,1.0,False,gavish_tnbc
DR 15+,gs_ind_0,MP19_EPITHELIAL_SENESCENCE,1/35,0.9285448653193558,0.9431378682579946,0.5521890622632935,0.040937408115858796,gavish_tnbc,drvi_argmax,1.0,False,gavish_tnbc
DR 15+,gs_ind_0,MP22_SECRETED_1,4/28,0.1375186905518633,0.4469357442935557,2.395598808918585,4.7528571125495915,gavish_tnbc,drvi_argmax,0.32927010413826424,False,gavish_tnbc
DR 15+,gs_ind_0,MP39_METAL_RESPONSE,4/34,0.2256410102006425,0.4888888554347254,1.9180327868852458,2.8555863801592074,gavish_tnbc,drvi_argmax,0.4784902919015704,False,gavish_tnbc
DR 15+,gs_ind_0,MP5_STRESS,19/42,6.571185708050937e-12,8.542541420466218e-11,12.122827837585827,312.142533225349,gavish_tnbc,drvi_argmax,1.288963350425376e-10,True,gavish_tnbc
DR 15+,gs_ind_0,MP6_HYPOXIA,3/32,0.4084915361089351,0.5313625118101585,1.5323111936275977,1.3718538239051488,gavish_tnbc,drvi_argmax,0.7418419956834953,False,gavish_tnbc
DR 15+,gs_ind_0,MP7_STRESS_IN_VITRO,5/20,0.011566673975710448,0.05012225389474527,4.684125332408371,20.889452969164463,gavish_tnbc,drvi_argmax,0.041836905869590976,True,gavish_tnbc
DR 16-,gs_ind_0,MP12_EMT_1,2/45,0.9494440477790168,0.9933490849391976,0.50884507368482,0.026398210012309447,gavish_tnbc,drvi_argmax,1.0,False,gavish_tnbc
DR 16-,gs_ind_0,MP13_EMT_2,1/41,0.9872980081699262,0.9933490849391976,0.3268356075373619,0.004178054557956327,gavish_tnbc,drvi_argmax,1.0,False,gavish_tnbc
DR 16-,gs_ind_0,MP14_EMT_3,3/32,0.6352604313330781,0.9933490849391976,1.0641922334263034,0.4828455513904232,gavish_tnbc,drvi_argmax,0.9870360541792741,False,gavish_tnbc
DR 16-,gs_ind_0,MP15_EMT_4,3/32,0.6352604313330781,0.9933490849391976,1.0641922334263034,0.4828455513904232,gavish_tnbc,drvi_argmax,0.9870360541792741,False,gavish_tnbc
DR 16-,gs_ind_0,MP18_INTERFERON_MHC_II_2,2/38,0.9068486227488389,0.9933490849391976,0.6088471757358269,0.059532919541558774,gavish_tnbc,drvi_argmax,1.0,False,gavish_tnbc
DR 16-,gs_ind_0,MP19_EPITHELIAL_SENESCENCE,4/35,0.46982030681412174,0.9933490849391976,1.286441294074882,0.9717841642807346,gavish_tnbc,drvi_argmax,0.8233964140041309,False,gavish_tnbc
DR 16-,gs_ind_0,MP1_CELL_CYCLE_G2_M,1/47,0.9933490849391976,0.9933490849391976,0.2836931037270596,0.0018931212322529072,gavish_tnbc,drvi_argmax,1.0,False,gavish_tnbc
DR 16-,gs_ind_0,MP22_SECRETED_1,1/28,0.9487633340847754,0.9933490849391976,0.48489405331510593,0.02550343719906064,gavish_tnbc,drvi_argmax,1.0,False,gavish_tnbc
DR 16-,gs_ind_0,MP23_SECRETED_2,4/40,0.5787432449331145,0.9933490849391976,1.1070793683990379,0.6054576607244874,gavish_tnbc,drvi_argmax,0.9460226119098986,False,gavish_tnbc
DR 16-,gs_ind_0,MP2_CELL_CYCLE_G1_S,1/30,0.9586315160560509,0.9933490849391976,0.4515101312603543,0.019075632835905108,gavish_tnbc,drvi_argmax,1.0,False,gavish_tnbc
DR 16-,gs_ind_0,MP39_METAL_RESPONSE,1/34,0.9730506609392247,0.9933490849391976,0.396700706991359,0.01083751874486364,gavish_tnbc,drvi_argmax,1.0,False,gavish_tnbc
DR 16-,gs_ind_0,MP3_CELL_CYCLE_HMG_RICH,2/11,0.3026424059627462,0.9933490849391976,2.3750497149675196,2.838667372830134,gavish_tnbc,drvi_argmax,0.5947885435105995,False,gavish_tnbc
DR 16-,gs_ind_0,MP5_STRESS,9/42,0.01988317940158735,0.29824769102381027,2.6173960484782355,10.254646668904533,gavish_tnbc,drvi_argmax,0.0656337960829097,False,gavish_tnbc
DR 16-,gs_ind_0,MP6_HYPOXIA,1/32,0.9666067443518142,0.9933490849391976,0.4223654374030314,0.014345026356478848,gavish_tnbc,drvi_argmax,1.0,False,gavish_tnbc
DR 16-,gs_ind_0,MP7_STRESS_IN_VITRO,3/20,0.32292763205506647,0.9933490849391976,1.8060759493670886,2.0414564642132484,gavish_tnbc,drvi_argmax,0.6226581941326423,False,gavish_tnbc
DR 17-,gs_ind_0,MP10_PROTEIN_MATURATION,7/15,2.5853241357969172e-05,0.00020682593086375337,12.443524938492507,131.44188188681727,gavish_tnbc,drvi_argmax,0.00019827297883555305,True,gavish_tnbc
DR 17-,gs_ind_0,MP12_EMT_1,1/45,0.9614030003804658,0.9614030003804658,0.4458018386108274,0.01754747484633143,gavish_tnbc,drvi_argmax,1.0,False,gavish_tnbc
DR 17-,gs_ind_0,MP13_EMT_2,1/41,0.9482926318195061,0.9614030003804658,0.4909090909090909,0.026063414675726877,gavish_tnbc,drvi_argmax,1.0,False,gavish_tnbc
DR 17-,gs_ind_0,MP14_EMT_3,7/32,0.004992292161508915,0.01597533491682853,4.109818832475956,21.781464945806064,gavish_tnbc,drvi_argmax,0.020450353432687123,True,gavish_tnbc
DR 17-,gs_ind_0,MP15_EMT_4,5/32,0.06478243871398359,0.1480741456319625,2.749812734082397,7.525469485079831,gavish_tnbc,drvi_argmax,0.17620823330203536,False,gavish_tnbc
DR 17-,gs_ind_0,MP18_INTERFERON_MHC_II_2,4/38,0.2647097207160993,0.42353555314575886,1.7732342007434945,2.3568436065883605,gavish_tnbc,drvi_argmax,0.5400350984271904,False,gavish_tnbc
DR 17-,gs_ind_0,MP19_EPITHELIAL_SENESCENCE,5/35,0.08867314091666795,0.1773462818333359,2.4752870387425556,5.997121090062066,gavish_tnbc,drvi_argmax,0.23132123717391637,False,gavish_tnbc
DR 17-,gs_ind_0,MP1_CELL_CYCLE_G2_M,5/47,0.22022055322690515,0.39150320573672026,1.764749944921789,2.6702885312843114,gavish_tnbc,drvi_argmax,0.4699267035385842,False,gavish_tnbc
DR 17-,gs_ind_0,MP22_SECRETED_1,5/28,0.0393852637974794,0.10502737012661173,3.2248784763726195,10.43042939048949,gavish_tnbc,drvi_argmax,0.11477991163836854,False,gavish_tnbc
DR 17-,gs_ind_0,MP23_SECRETED_2,9/40,0.0011825319207220042,0.004730127682888017,4.26530612244898,28.748578892492635,gavish_tnbc,drvi_argmax,0.006185551585315099,True,gavish_tnbc
DR 17-,gs_ind_0,MP2_CELL_CYCLE_G1_S,3/30,0.34283805225700215,0.4986735305556395,1.7240523314324052,1.8455930109932144,gavish_tnbc,drvi_argmax,0.6512007696501717,False,gavish_tnbc
DR 17-,gs_ind_0,MP39_METAL_RESPONSE,2/34,0.6929174123944147,0.7919056141650455,1.0315581854043392,0.3784214064405793,gavish_tnbc,drvi_argmax,1.0,False,gavish_tnbc
DR 17-,gs_ind_0,MP3_CELL_CYCLE_HMG_RICH,1/11,0.545474643883075,0.6713534078560923,1.9246753246753248,1.166543707099911,gavish_tnbc,drvi_argmax,0.9121051422307156,False,gavish_tnbc
DR 17-,gs_ind_0,MP5_STRESS,21/42,1.460788467472312e-14,2.337261547955699e-13,15.672340425531916,499.2771179526618,gavish_tnbc,drvi_argmax,4.966680789405861e-13,True,gavish_tnbc
DR 17-,gs_ind_0,MP6_HYPOXIA,3/32,0.3816626488678607,0.5088835318238143,1.605416223653762,1.5463660910049533,gavish_tnbc,drvi_argmax,0.707810730627669,False,gavish_tnbc
DR 17-,gs_ind_0,MP7_STRESS_IN_VITRO,7/20,0.00023202170973688515,0.0012374491185967208,7.813688212927756,65.3902532594299,gavish_tnbc,drvi_argmax,0.0014171385864169034,True,gavish_tnbc
DR 18-,gs_ind_0,MP10_PROTEIN_MATURATION,6/15,2.883650145673854e-05,9.371862973440025e-05,15.024946759963493,157.0688185739708,gavish_tnbc,drvi_argmax,0.00021627376092553906,True,gavish_tnbc
DR 18-,gs_ind_0,MP12_EMT_1,3/45,0.34273106428614986,0.40291646883313176,1.7174498849819257,1.8390611519686282,gavish_tnbc,drvi_argmax,0.6512007696501717,False,gavish_tnbc
DR 18-,gs_ind_0,MP13_EMT_2,3/41,0.29124711177011575,0.37862124530115043,1.8999492127983748,2.343745412320769,gavish_tnbc,drvi_argmax,0.5802188554795275,False,gavish_tnbc
DR 18-,gs_ind_0,MP14_EMT_3,7/32,0.00045452782383634526,0.0011817723419744975,6.479188166494668,49.86546117645398,gavish_tnbc,drvi_argmax,0.002561427515541835,True,gavish_tnbc
DR 18-,gs_ind_0,MP15_EMT_4,5/32,0.013872667525744361,0.03005744630577945,4.300571428571429,18.397133857849205,gavish_tnbc,drvi_argmax,0.04845931806938099,True,gavish_tnbc
DR 18-,gs_ind_0,MP17_INTERFERON_MHC_II_1,33/45,2.744374327349205e-37,3.567686625553966e-36,85.42218487394958,7191.360198544016,gavish_tnbc,drvi_argmax,3.4990772673702365e-35,True,gavish_tnbc
DR 18-,gs_ind_0,MP18_INTERFERON_MHC_II_2,14/38,2.7602283085840837e-10,1.7941484005796544e-09,14.207851293383596,312.7224441581645,gavish_tnbc,drvi_argmax,4.43696038171724e-09,True,gavish_tnbc
DR 18-,gs_ind_0,MP19_EPITHELIAL_SENESCENCE,4/35,0.07387611253631271,0.12004868287150815,3.0306698950766746,7.896003524962505,gavish_tnbc,drvi_argmax,0.19726082404984022,False,gavish_tnbc
DR 18-,gs_ind_0,MP22_SECRETED_1,2/28,0.37192289430750625,0.40291646883313176,1.9623683936203482,1.9409171943830965,gavish_tnbc,drvi_argmax,0.6922652412293,False,gavish_tnbc
DR 18-,gs_ind_0,MP23_SECRETED_2,13/40,7.66397407923448e-09,3.3210554343349406e-08,11.618181818181819,217.10588689120686,gavish_tnbc,drvi_argmax,9.895257671922998e-08,True,gavish_tnbc
DR 18-,gs_ind_0,MP39_METAL_RESPONSE,5/34,0.01783034185055538,0.033113492008174275,4.004745762711864,16.12652519008332,gavish_tnbc,drvi_argmax,0.05982548910383713,False,gavish_tnbc
DR 18-,gs_ind_0,MP5_STRESS,2/42,0.5841152284470407,0.5841152284470407,1.2744696814678398,0.685227553981376,gavish_tnbc,drvi_argmax,0.947213883968174,False,gavish_tnbc
DR 18-,gs_ind_0,MP7_STRESS_IN_VITRO,2/20,0.23382990161589662,0.3377543023340729,2.822905778706884,4.102137555730936,gavish_tnbc,drvi_argmax,0.493802276704378,False,gavish_tnbc
DR 19+,gs_ind_0,MP10_PROTEIN_MATURATION,1/15,0.20348393042937263,0.37789872794026347,6.8609000584453534,10.923707192595813,gavish_tnbc,drvi_argmax,0.44444027631254834,False,gavish_tnbc
DR 19+,gs_ind_0,MP12_EMT_1,1/45,0.4973023421648834,0.4973023421648834,2.2012949914302036,1.5377302531846653,gavish_tnbc,drvi_argmax,0.858288306274418,False,gavish_tnbc
DR 19+,gs_ind_0,MP13_EMT_2,1/41,0.4652677139783636,0.4973023421648834,2.4237288135593222,1.8544974634079392,gavish_tnbc,drvi_argmax,0.8182294280309153,False,gavish_tnbc
DR 19+,gs_ind_0,MP14_EMT_3,1/32,0.3858115634608872,0.4886668186483125,3.1307506053268765,2.981746306819529,gavish_tnbc,drvi_argmax,0.7116289245881235,False,gavish_tnbc
DR 19+,gs_ind_0,MP15_EMT_4,4/32,0.0011059158444825792,0.014376905978273529,11.57398212512413,78.78503924365224,gavish_tnbc,drvi_argmax,0.0058146090792383035,True,gavish_tnbc
DR 19+,gs_ind_0,MP18_INTERFERON_MHC_II_2,2/38,0.10966575886344666,0.2806366869492105,4.649122807017544,10.276040265112504,gavish_tnbc,drvi_argmax,0.27150260689494077,False,gavish_tnbc
DR 19+,gs_ind_0,MP19_EPITHELIAL_SENESCENCE,1/35,0.41348730808703366,0.4886668186483125,2.854089904200442,2.520528018527145,gavish_tnbc,drvi_argmax,0.7470514790280003,False,gavish_tnbc
DR 19+,gs_ind_0,MP22_SECRETED_1,1/28,0.34694040773101903,0.4886668186483125,3.593528505392912,3.804117359196207,gavish_tnbc,drvi_argmax,0.6577680592669878,False,gavish_tnbc
DR 19+,gs_ind_0,MP23_SECRETED_2,3/40,0.020708750158366943,0.13460687602938512,6.562181818181818,25.442884488395723,gavish_tnbc,drvi_argmax,0.06813846826301381,False,gavish_tnbc
DR 19+,gs_ind_0,MP39_METAL_RESPONSE,2/34,0.09076262630459234,0.2806366869492105,5.232118758434548,12.554509157569763,gavish_tnbc,drvi_argmax,0.23496923561087354,False,gavish_tnbc
DR 19+,gs_ind_0,MP5_STRESS,2/42,0.12952462474578946,0.2806366869492105,4.181286549707602,8.546065779889469,gavish_tnbc,drvi_argmax,0.3115922576431727,False,gavish_tnbc
DR 19+,gs_ind_0,MP6_HYPOXIA,1/32,0.3858115634608872,0.4886668186483125,3.1307506053268765,2.981746306819529,gavish_tnbc,drvi_argmax,0.7116289245881235,False,gavish_tnbc
DR 19+,gs_ind_0,MP7_STRESS_IN_VITRO,2/20,0.0349599005442212,0.15149290235829185,9.257942152678995,31.047004985149268,gavish_tnbc,drvi_argmax,0.10318989401846602,False,gavish_tnbc
DR 19-,gs_ind_0,MP10_PROTEIN_MATURATION,10/15,1.5524585094860313e-07,4.657375528458094e-07,17.993557623478882,282.10759991893116,gavish_tnbc,drvi_argmax,1.6158241629344406e-06,True,gavish_tnbc
DR 19-,gs_ind_0,MP12_EMT_1,13/45,0.00027443218930083994,0.0005145603549390749,3.917907692307692,32.13000232506372,gavish_tnbc,drvi_argmax,0.001666195435040814,True,gavish_tnbc
DR 19-,gs_ind_0,MP13_EMT_2,22/41,1.4910771045202101e-12,1.1183078283901576e-11,11.515837104072398,313.59377568797754,gavish_tnbc,drvi_argmax,3.4872756404100974e-11,True,gavish_tnbc
DR 19-,gs_ind_0,MP14_EMT_3,17/32,7.649603409673127e-10,2.868601278627423e-09,10.985760745363452,230.60426937751168,gavish_tnbc,drvi_argmax,1.1308109388212449e-08,True,gavish_tnbc
DR 19-,gs_ind_0,MP15_EMT_4,9/32,0.00302646296265898,0.005044104937764967,3.7522915393589247,21.76464430625097,gavish_tnbc,drvi_argmax,0.013421705312661564,True,gavish_tnbc
DR 19-,gs_ind_0,MP17_INTERFERON_MHC_II_1,38/45,8.37726245484345e-33,1.2565893682265177e-31,56.65620512820513,4184.615236409145,gavish_tnbc,drvi_argmax,7.120673086616933e-31,True,gavish_tnbc
DR 19-,gs_ind_0,MP18_INTERFERON_MHC_II_2,19/38,2.8274747530551037e-10,1.4137373765275519e-09,9.81542699724518,215.80656107917255,gavish_tnbc,drvi_argmax,4.43696038171724e-09,True,gavish_tnbc
DR 19-,gs_ind_0,MP19_EPITHELIAL_SENESCENCE,13/35,1.3806907719484292e-05,3.451726929871073e-05,5.6912,63.68647172496206,gavish_tnbc,drvi_argmax,0.00011177020534820617,True,gavish_tnbc
DR 19-,gs_ind_0,MP22_SECRETED_1,10/28,0.00020954712572679926,0.0004490295551288555,5.3107044051925945,44.984650397290046,gavish_tnbc,drvi_argmax,0.001287578724345393,True,gavish_tnbc
DR 19-,gs_ind_0,MP23_SECRETED_2,7/40,0.09737481055624103,0.12171851319530129,2.0450075205368505,4.763206404756134,gavish_tnbc,drvi_argmax,0.24584729397862837,False,gavish_tnbc
DR 19-,gs_ind_0,MP39_METAL_RESPONSE,8/34,0.01599739349460066,0.023996090241900993,2.9567753001715267,12.227240054483705,gavish_tnbc,drvi_argmax,0.05421043642688596,False,gavish_tnbc
DR 19-,gs_ind_0,MP3_CELL_CYCLE_HMG_RICH,1/11,0.6871503525497031,0.6871503525497031,1.2821339061940566,0.4810594070651021,gavish_tnbc,drvi_argmax,1.0,False,gavish_tnbc
DR 19-,gs_ind_0,MP5_STRESS,4/42,0.6186272816660648,0.6628149446422124,1.0483791018142163,0.5034864931921569,gavish_tnbc,drvi_argmax,0.9733699834189045,False,gavish_tnbc
DR 19-,gs_ind_0,MP6_HYPOXIA,7/32,0.034619502276505,0.0472084121952341,2.6987384100927194,9.076769733058583,gavish_tnbc,drvi_argmax,0.10265084977335785,False,gavish_tnbc
DR 19-,gs_ind_0,MP7_STRESS_IN_VITRO,2/20,0.6095429026069803,0.6628149446422124,1.2134930900673975,0.6007348307309907,gavish_tnbc,drvi_argmax,0.9669265329068739,False,gavish_tnbc
DR 20+,gs_ind_0,MP12_EMT_1,2/45,0.20987295021487473,0.256511383595958,3.0223586836718628,4.718666351382508,gavish_tnbc,drvi_argmax,0.45320404347582377,False,gavish_tnbc
DR 20+,gs_ind_0,MP13_EMT_2,7/41,7.072998347353453e-06,3.8901490910443995e-05,13.309178743961352,157.83655957813843,gavish_tnbc,drvi_argmax,5.865413263658961e-05,True,gavish_tnbc
DR 20+,gs_ind_0,MP14_EMT_3,17/32,4.0662523862247384e-23,4.472877624847212e-22,102.26931732933234,5272.672128302976,gavish_tnbc,drvi_argmax,2.0737887169746168e-21,True,gavish_tnbc
DR 20+,gs_ind_0,MP17_INTERFERON_MHC_II_1,4/45,0.00944824780994423,0.017321787651564422,6.039287585123101,28.15471164307974,gavish_tnbc,drvi_argmax,0.03530114566352789,True,gavish_tnbc
DR 20+,gs_ind_0,MP18_INTERFERON_MHC_II_2,5/38,0.0006005441343306591,0.0016514963694093123,9.45622633103141,70.1432081954344,gavish_tnbc,drvi_argmax,0.0033111082000933634,True,gavish_tnbc
DR 20+,gs_ind_0,MP19_EPITHELIAL_SENESCENCE,6/35,3.396286050812441e-05,0.0001245304885297895,13.108474576271187,134.88938833466807,gavish_tnbc,drvi_argmax,0.00024395857548089364,True,gavish_tnbc
DR 20+,gs_ind_0,MP22_SECRETED_1,4/28,0.001636986208150673,0.0036013696579314807,10.320319432120675,66.20380067147289,gavish_tnbc,drvi_argmax,0.008225250898096977,True,gavish_tnbc
DR 20+,gs_ind_0,MP23_SECRETED_2,1/40,0.5392815855504255,0.5569774711871505,1.9478481012658229,1.2028301385579894,gavish_tnbc,drvi_argmax,0.9092020120023703,False,gavish_tnbc
DR 20+,gs_ind_0,MP39_METAL_RESPONSE,3/34,0.025241883711274657,0.039665817260574464,6.045383411580595,22.242480617497616,gavish_tnbc,drvi_argmax,0.0809645326588055,False,gavish_tnbc
DR 20+,gs_ind_0,MP5_STRESS,1/42,0.5569774711871505,0.5569774711871505,1.8520481927710843,1.0838750650149334,gavish_tnbc,drvi_argmax,0.919593646656728,False,gavish_tnbc
DR 20+,gs_ind_0,MP6_HYPOXIA,2/32,0.12216217008444186,0.16797298386610754,4.339770940938693,9.12395983102973,gavish_tnbc,drvi_argmax,0.2959748538862962,False,gavish_tnbc
DR 21+,gs_ind_0,MP10_PROTEIN_MATURATION,6/15,0.002146047010168408,0.0037443930156907433,6.302124205114328,38.72105608064646,gavish_tnbc,drvi_argmax,0.01018124628079896,True,gavish_tnbc
DR 21+,gs_ind_0,MP12_EMT_1,9/45,0.03037482363201032,0.03504787342155037,2.398190207088952,8.379615168915995,gavish_tnbc,drvi_argmax,0.09378924831282735,False,gavish_tnbc
DR 21+,gs_ind_0,MP13_EMT_2,22/41,1.4910771045202101e-12,7.45538552260105e-12,11.515837104072398,313.59377568797754,gavish_tnbc,drvi_argmax,3.4872756404100974e-11,True,gavish_tnbc
DR 21+,gs_ind_0,MP14_EMT_3,21/32,1.7864655156178758e-14,1.339849136713407e-13,18.63836744580356,590.0152690693509,gavish_tnbc,drvi_argmax,5.694358831031979e-13,True,gavish_tnbc
DR 21+,gs_ind_0,MP15_EMT_4,8/32,0.01103552168641809,0.015048438663297397,3.201749271137026,14.429118415499222,gavish_tnbc,drvi_argmax,0.04020082900052304,True,gavish_tnbc
DR 21+,gs_ind_0,MP17_INTERFERON_MHC_II_1,34/45,2.6711499286526784e-26,4.0067248929790174e-25,32.24324324324324,1898.633813525464,gavish_tnbc,drvi_argmax,1.602689957191607e-24,True,gavish_tnbc
DR 21+,gs_ind_0,MP18_INTERFERON_MHC_II_2,17/38,2.2483092290210825e-08,5.620773072552706e-08,7.893352765984412,139.00590675581932,gavish_tnbc,drvi_argmax,2.7629824260259087e-07,True,gavish_tnbc
DR 21+,gs_ind_0,MP19_EPITHELIAL_SENESCENCE,17/35,4.663772224429638e-09,1.3991316673288913e-08,9.188820973562118,176.2732070830098,gavish_tnbc,drvi_argmax,6.177983985608091e-08,True,gavish_tnbc
DR 21+,gs_ind_0,MP22_SECRETED_1,18/28,2.5902488318650546e-12,9.713433119493955e-12,17.285975212002608,461.17715098802694,gavish_tnbc,drvi_argmax,5.621391081919905e-11,True,gavish_tnbc
DR 21+,gs_ind_0,MP23_SECRETED_2,9/40,0.014538680890173567,0.018173351112716958,2.7867296614032906,11.790493054672137,gavish_tnbc,drvi_argmax,0.050440321455704214,False,gavish_tnbc
DR 21+,gs_ind_0,MP39_METAL_RESPONSE,9/34,0.0047390928215212845,0.007108639232281927,3.454103312343214,18.486048502140196,gavish_tnbc,drvi_argmax,0.01964989706484435,True,gavish_tnbc
DR 21+,gs_ind_0,MP3_CELL_CYCLE_HMG_RICH,1/11,0.6871503525497031,0.6871503525497031,1.2821339061940566,0.4810594070651021,gavish_tnbc,drvi_argmax,1.0,False,gavish_tnbc
DR 21+,gs_ind_0,MP5_STRESS,15/42,5.13352497715174e-06,1.1000410665325157e-05,5.388728252879196,65.6331905240191,gavish_tnbc,drvi_argmax,4.29196350548752e-05,True,gavish_tnbc
DR 21+,gs_ind_0,MP6_HYPOXIA,7/32,0.034619502276505,0.03709232386768393,2.6987384100927194,9.076769733058583,gavish_tnbc,drvi_argmax,0.10265084977335785,False,gavish_tnbc
DR 21+,gs_ind_0,MP7_STRESS_IN_VITRO,7/20,0.002246635809414446,0.0037443930156907433,5.132070054550675,31.29701252450603,gavish_tnbc,drvi_argmax,0.01051178222753548,True,gavish_tnbc
DR 21-,gs_ind_0,MP10_PROTEIN_MATURATION,4/15,0.013620823703792856,0.06207494909141509,5.70383631713555,24.5045677796298,gavish_tnbc,drvi_argmax,0.047907724751271426,True,gavish_tnbc
DR 21-,gs_ind_0,MP12_EMT_1,7/45,0.024621471008949278,0.07878870722863769,2.865748709122203,10.615124139596999,gavish_tnbc,drvi_argmax,0.0792236606597106,False,gavish_tnbc
DR 21-,gs_ind_0,MP13_EMT_2,2/41,0.7621995357815685,0.8519487075717621,0.8946288060212111,0.24293367856186812,gavish_tnbc,drvi_argmax,1.0,False,gavish_tnbc
DR 21-,gs_ind_0,MP14_EMT_3,8/32,0.0007538808007290956,0.01206209281166553,5.184417086672726,37.27739126444441,gavish_tnbc,drvi_argmax,0.004112077094885976,True,gavish_tnbc
DR 21-,gs_ind_0,MP15_EMT_4,6/32,0.015518737272853772,0.06207494909141509,3.6030218747650906,15.009133909011513,gavish_tnbc,drvi_argmax,0.0531178255648015,False,gavish_tnbc
DR 21-,gs_ind_0,MP17_INTERFERON_MHC_II_1,2/45,0.806304326646667,0.8519487075717621,0.8105889140371899,0.1745149549935766,gavish_tnbc,drvi_argmax,1.0,False,gavish_tnbc
DR 21-,gs_ind_0,MP18_INTERFERON_MHC_II_2,5/38,0.0984811245197566,0.22509971318801508,2.3835171966255677,5.5247315768293,gavish_tnbc,drvi_argmax,0.24802653582753517,False,gavish_tnbc
DR 21-,gs_ind_0,MP19_EPITHELIAL_SENESCENCE,4/35,0.19267760020042618,0.34253795591186875,2.059943977591036,3.3921858672433496,gavish_tnbc,drvi_argmax,0.42539210433860325,False,gavish_tnbc
DR 21-,gs_ind_0,MP1_CELL_CYCLE_G2_M,2/47,0.8255295454559519,0.8519487075717621,0.7741100598243456,0.14842029616168223,gavish_tnbc,drvi_argmax,1.0,False,gavish_tnbc
DR 21-,gs_ind_0,MP22_SECRETED_1,1/28,0.8519487075717621,0.8519487075717621,0.7701149425287356,0.12339471350754509,gavish_tnbc,drvi_argmax,1.0,False,gavish_tnbc
DR 21-,gs_ind_0,MP23_SECRETED_2,6/40,0.042817246371225706,0.11417932365660188,2.7555286101968934,8.682158962732855,gavish_tnbc,drvi_argmax,0.12305344492181441,False,gavish_tnbc
DR 21-,gs_ind_0,MP39_METAL_RESPONSE,2/34,0.664389205195872,0.8519487075717621,1.0914760914760915,0.4462905470515875,gavish_tnbc,drvi_argmax,1.0,False,gavish_tnbc
DR 21-,gs_ind_0,MP3_CELL_CYCLE_HMG_RICH,1/11,0.5262685530663408,0.7654815317328594,2.0355774493705527,1.3067259960766693,gavish_tnbc,drvi_argmax,0.8946565402127793,False,gavish_tnbc
DR 21-,gs_ind_0,MP5_STRESS,8/42,0.004842718747389841,0.03874174997911873,3.661737956932465,19.51808490346283,gavish_tnbc,drvi_argmax,0.019917633557813057,True,gavish_tnbc
DR 21-,gs_ind_0,MP6_HYPOXIA,3/32,0.35014704901634536,0.5602352784261526,1.6993339049000857,1.783284521987902,gavish_tnbc,drvi_argmax,0.6626159369140487,False,gavish_tnbc
DR 21-,gs_ind_0,MP7_STRESS_IN_VITRO,3/20,0.1386901297168219,0.2773802594336438,2.8832684824902723,5.695934707032188,gavish_tnbc,drvi_argmax,0.32975275597006604,False,gavish_tnbc
DR 22+,gs_ind_0,MP10_PROTEIN_MATURATION,8/15,1.1980069566464564e-06,4.193024348262598e-06,17.091767881241566,233.04371268425936,gavish_tnbc,drvi_argmax,1.1008712574589058e-05,True,gavish_tnbc
DR 22+,gs_ind_0,MP12_EMT_1,8/45,0.007486103241215073,0.011645049486334557,3.3632928475033737,16.46233263460033,gavish_tnbc,drvi_argmax,0.02881443511712971,True,gavish_tnbc
DR 22+,gs_ind_0,MP13_EMT_2,5/41,0.12611283238294424,0.17651471054868242,2.184038117927338,4.522221884527831,gavish_tnbc,drvi_argmax,0.3048224858545098,False,gavish_tnbc
DR 22+,gs_ind_0,MP14_EMT_3,10/32,1.931929412053729e-05,5.409402353750441e-05,7.096021947873799,77.02310509503991,gavish_tnbc,drvi_argmax,0.00015158215386883107,True,gavish_tnbc
DR 22+,gs_ind_0,MP15_EMT_4,7/32,0.0037236656462796103,0.0074473312925592205,4.357429718875502,24.37130794052868,gavish_tnbc,drvi_argmax,0.015891794808389967,True,gavish_tnbc
DR 22+,gs_ind_0,MP17_INTERFERON_MHC_II_1,30/45,1.6702038300885595e-26,2.3382853621239835e-25,35.95248689019545,2133.9334970238733,gavish_tnbc,drvi_argmax,1.0647549416814567e-24,True,gavish_tnbc
DR 22+,gs_ind_0,MP18_INTERFERON_MHC_II_2,19/38,1.100441823140495e-13,7.703092761983466e-13,16.448888888888888,490.800210525273,gavish_tnbc,drvi_argmax,3.207001884580871e-12,True,gavish_tnbc
DR 22+,gs_ind_0,MP19_EPITHELIAL_SENESCENCE,10/35,4.637031564741817e-05,0.00010819740317730906,6.251028806584362,62.378085385397235,gavish_tnbc,drvi_argmax,0.00032388471192859017,True,gavish_tnbc
DR 22+,gs_ind_0,MP22_SECRETED_1,2/28,0.5571321274269317,0.5999884449213111,1.3429737014642675,0.7855763002834797,gavish_tnbc,drvi_argmax,0.919593646656728,False,gavish_tnbc
DR 22+,gs_ind_0,MP23_SECRETED_2,14/40,7.244308292937497e-08,3.380677203370832e-07,8.584745082296267,141.13719802429665,gavish_tnbc,drvi_argmax,8.210216065329163e-07,True,gavish_tnbc
DR 22+,gs_ind_0,MP39_METAL_RESPONSE,7/34,0.005330783962641049,0.009328871934621836,4.036144578313253,21.12621787763262,gavish_tnbc,drvi_argmax,0.021662946780453666,True,gavish_tnbc
DR 22+,gs_ind_0,MP5_STRESS,2/42,0.7739713736049503,0.7739713736049503,0.8720625387292054,0.22344020472194043,gavish_tnbc,drvi_argmax,1.0,False,gavish_tnbc
DR 22+,gs_ind_0,MP6_HYPOXIA,4/32,0.15315597454342858,0.17868197030066668,2.280495356037152,4.27888986848531,gavish_tnbc,drvi_argmax,0.35423830846779397,False,gavish_tnbc
DR 22+,gs_ind_0,MP7_STRESS_IN_VITRO,3/20,0.1386901297168219,0.17651471054868242,2.8832684824902723,5.695934707032188,gavish_tnbc,drvi_argmax,0.32975275597006604,False,gavish_tnbc
DR 23-,gs_ind_0,MP10_PROTEIN_MATURATION,2/15,0.24874542064450184,0.33090385933038624,2.7221490264968526,3.7873948451861486,gavish_tnbc,drvi_argmax,0.5136039049744775,False,gavish_tnbc
DR 23-,gs_ind_0,MP12_EMT_1,6/45,0.06359360366409367,0.10598933944015612,2.462981141823818,6.7861100354406405,gavish_tnbc,drvi_argmax,0.17343710090207365,False,gavish_tnbc
DR 23-,gs_ind_0,MP13_EMT_2,8/41,0.0035857788303775926,0.007683811779380555,3.8733510868892056,21.809986212261258,gavish_tnbc,drvi_argmax,0.015432465852257993,True,gavish_tnbc
DR 23-,gs_ind_0,MP14_EMT_3,11/32,1.963123451973575e-06,9.815617259867875e-06,8.428401781296389,110.75740660634695,gavish_tnbc,drvi_argmax,1.7564788780816196e-05,True,gavish_tnbc
DR 23-,gs_ind_0,MP15_EMT_4,7/32,0.003263294209328761,0.007683811779380555,4.472282740256596,25.603899636954917,gavish_tnbc,drvi_argmax,0.01416408550432058,True,gavish_tnbc
DR 23-,gs_ind_0,MP17_INTERFERON_MHC_II_1,44/45,4.591617093641959e-55,6.887425640462938e-54,657.0552268244576,82209.40160088567,gavish_tnbc,drvi_argmax,2.341724717757399e-52,True,gavish_tnbc
DR 23-,gs_ind_0,MP18_INTERFERON_MHC_II_2,15/38,2.4278433300017746e-09,1.820882497501331e-08,10.747867653950697,213.19752401507884,gavish_tnbc,drvi_argmax,3.392329036440836e-08,True,gavish_tnbc
DR 23-,gs_ind_0,MP19_EPITHELIAL_SENESCENCE,8/35,0.0012241544263919839,0.003672463279175952,4.733836288193134,31.742762603782733,gavish_tnbc,drvi_argmax,0.006338261497054942,True,gavish_tnbc
DR 23-,gs_ind_0,MP22_SECRETED_1,3/28,0.264723087464309,0.33090385933038624,2.020545269900789,2.6854480260419438,gavish_tnbc,drvi_argmax,0.5400350984271904,False,gavish_tnbc
DR 23-,gs_ind_0,MP23_SECRETED_2,12/40,3.3925539770516425e-06,1.272207741394366e-05,6.944130713048716,87.45387899136604,gavish_tnbc,drvi_argmax,2.932546658129386e-05,True,gavish_tnbc
DR 23-,gs_ind_0,MP39_METAL_RESPONSE,4/34,0.1689607890787361,0.2534411836181042,2.1834880505629073,3.882435228988272,gavish_tnbc,drvi_argmax,0.3829777885784685,False,gavish_tnbc
DR 23-,gs_ind_0,MP3_CELL_CYCLE_HMG_RICH,1/11,0.5178138342031038,0.5974775010035813,2.0868347338935576,1.3734283573919828,gavish_tnbc,drvi_argmax,0.883227610179207,False,gavish_tnbc
DR 23-,gs_ind_0,MP5_STRESS,6/42,0.04784401710444917,0.08970753207084219,2.6697791445345262,8.115619214308829,gavish_tnbc,drvi_argmax,0.13480910896833742,False,gavish_tnbc
DR 23-,gs_ind_0,MP6_HYPOXIA,2/32,0.6181480496604057,0.662301481779006,1.1938702779757662,0.5742841816298067,gavish_tnbc,drvi_argmax,0.9733699834189045,False,gavish_tnbc
DR 23-,gs_ind_0,MP7_STRESS_IN_VITRO,1/20,0.7353470079655087,0.7353470079655087,1.1182503770739065,0.3437644476491858,gavish_tnbc,drvi_argmax,1.0,False,gavish_tnbc
DR 24-,gs_ind_0,MP10_PROTEIN_MATURATION,3/15,0.027861922126150664,0.09055124690998965,6.003389830508475,21.495103193000848,gavish_tnbc,drvi_argmax,0.0874435709805344,False,gavish_tnbc
DR 24-,gs_ind_0,MP12_EMT_1,3/45,0.3364287201202737,0.48595259572928423,1.7377866400797608,1.8930908588939022,gavish_tnbc,drvi_argmax,0.6426166564095115,False,gavish_tnbc
DR 24-,gs_ind_0,MP13_EMT_2,1/41,0.8547199093583864,0.8547199093583864,0.7650910579087374,0.12010510756128998,gavish_tnbc,drvi_argmax,1.0,False,gavish_tnbc
DR 24-,gs_ind_0,MP14_EMT_3,3/32,0.1757694348940159,0.2856253317027758,2.5210188643110216,4.3829984522460235,gavish_tnbc,drvi_argmax,0.3966478398050801,False,gavish_tnbc
DR 24-,gs_ind_0,MP15_EMT_4,3/32,0.1757694348940159,0.2856253317027758,2.5210188643110216,4.3829984522460235,gavish_tnbc,drvi_argmax,0.3966478398050801,False,gavish_tnbc
DR 24-,gs_ind_0,MP18_INTERFERON_MHC_II_2,5/38,0.026694314878805532,0.09055124690998965,3.5616426537831076,12.904916432312282,gavish_tnbc,drvi_argmax,0.08482305662424187,False,gavish_tnbc
DR 24-,gs_ind_0,MP19_EPITHELIAL_SENESCENCE,2/35,0.47871593535127543,0.5657551963242347,1.5646627199199532,1.1526054979689093,gavish_tnbc,drvi_argmax,0.8318402965218075,False,gavish_tnbc
DR 24-,gs_ind_0,MP22_SECRETED_1,1/28,0.7309851481339533,0.7919005771451161,1.1346057257659468,0.35554247445748005,gavish_tnbc,drvi_argmax,1.0,False,gavish_tnbc
DR 24-,gs_ind_0,MP23_SECRETED_2,4/40,0.10539426047562905,0.2283542310305296,2.6397651663405086,5.939595954692454,gavish_tnbc,drvi_argmax,0.2622003553296137,False,gavish_tnbc
DR 24-,gs_ind_0,MP39_METAL_RESPONSE,4/34,0.06555674336663043,0.17044753275323912,3.1691803278688524,8.63550679061103,gavish_tnbc,drvi_argmax,0.17784010168607192,False,gavish_tnbc
DR 24-,gs_ind_0,MP5_STRESS,12/42,1.3692491864871033e-07,1.7800239424332342e-06,9.689143210640273,153.12560218690138,gavish_tnbc,drvi_argmax,1.4398290414606654e-06,True,gavish_tnbc
DR 24-,gs_ind_0,MP6_HYPOXIA,2/32,0.4320897352003191,0.5617166557604149,1.721311475409836,1.4443903139913068,gavish_tnbc,drvi_argmax,0.7718590716362969,False,gavish_tnbc
DR 24-,gs_ind_0,MP7_STRESS_IN_VITRO,4/20,0.011096683545767233,0.07212844304748701,5.901818181818181,26.564726904847465,gavish_tnbc,drvi_argmax,0.04027977657182412,True,gavish_tnbc
DR 25-,gs_ind_0,MP10_PROTEIN_MATURATION,7/15,0.00028880699727548757,0.000818286492280548,8.17373461012312,66.61390935241329,gavish_tnbc,drvi_argmax,0.001722708404801154,True,gavish_tnbc
DR 25-,gs_ind_0,MP12_EMT_1,6/45,0.2910444951125149,0.44979603790115935,1.4903192216328789,1.8394698964014418,gavish_tnbc,drvi_argmax,0.5802188554795275,False,gavish_tnbc
DR 25-,gs_ind_0,MP13_EMT_2,8/41,0.04588238556341794,0.08666672828645611,2.329715061058345,7.179422313266828,gavish_tnbc,drvi_argmax,0.13036220967879192,False,gavish_tnbc
DR 25-,gs_ind_0,MP14_EMT_3,12/32,2.6901734991716813e-05,9.146589897183716e-05,5.759526428155528,60.6093383595174,gavish_tnbc,drvi_argmax,0.00020477440068321752,True,gavish_tnbc
DR 25-,gs_ind_0,MP15_EMT_4,6/32,0.0927144584287314,0.15761457932884337,2.237813454915846,5.322036991596327,gavish_tnbc,drvi_argmax,0.23820843223502777,False,gavish_tnbc
DR 25-,gs_ind_0,MP17_INTERFERON_MHC_II_1,22/45,1.7464199943086683e-11,1.484456995162368e-10,9.534239227605935,236.17138184390257,gavish_tnbc,drvi_argmax,3.29879332258304e-10,True,gavish_tnbc
DR 25-,gs_ind_0,MP18_INTERFERON_MHC_II_2,16/38,1.7058063339244201e-07,9.66623589223838e-07,7.069015356820235,110.16394340711705,gavish_tnbc,drvi_argmax,1.7574974349524328e-06,True,gavish_tnbc
DR 25-,gs_ind_0,MP19_EPITHELIAL_SENESCENCE,3/35,0.6961302877365814,0.7889476594347923,0.9643232716650438,0.3492956722201365,gavish_tnbc,drvi_argmax,1.0,False,gavish_tnbc
DR 25-,gs_ind_0,MP1_CELL_CYCLE_G2_M,33/47,8.133294849967008e-24,1.3826601244943914e-22,24.641379310344828,1310.0854481106253,gavish_tnbc,drvi_argmax,4.366295129982289e-22,True,gavish_tnbc
DR 25-,gs_ind_0,MP22_SECRETED_1,3/28,0.5418610936756788,0.7676365493738783,1.2339041945892282,0.7560693600349551,gavish_tnbc,drvi_argmax,0.9105408822886201,False,gavish_tnbc
DR 25-,gs_ind_0,MP23_SECRETED_2,2/40,0.9215938391098271,0.9791934540541912,0.5765644934410677,0.0470768795265262,gavish_tnbc,drvi_argmax,1.0,False,gavish_tnbc
DR 25-,gs_ind_0,MP2_CELL_CYCLE_G1_S,8/30,0.007315628168139372,0.01776652555119562,3.49027417027417,17.164269184804006,gavish_tnbc,drvi_argmax,0.028372398218639384,True,gavish_tnbc
DR 25-,gs_ind_0,MP39_METAL_RESPONSE,8/34,0.01599739349460066,0.033994461176026405,2.9567753001715267,12.227240054483705,gavish_tnbc,drvi_argmax,0.05421043642688596,False,gavish_tnbc
DR 25-,gs_ind_0,MP3_CELL_CYCLE_HMG_RICH,7/11,2.1058022717423192e-05,8.949659654904856e-05,15.473729543496985,166.6246623376999,gavish_tnbc,drvi_argmax,0.00016396323031886762,True,gavish_tnbc
DR 25-,gs_ind_0,MP5_STRESS,1/42,0.9885947914093416,0.9885947914093416,0.3187788748980886,0.003656631751641954,gavish_tnbc,drvi_argmax,1.0,False,gavish_tnbc
DR 25-,gs_ind_0,MP6_HYPOXIA,3/32,0.6352604313330781,0.7713876666187377,1.0641922334263034,0.4828455513904232,gavish_tnbc,drvi_argmax,0.9870360541792741,False,gavish_tnbc
DR 25-,gs_ind_0,MP7_STRESS_IN_VITRO,2/20,0.6095429026069803,0.7713876666187377,1.2134930900673975,0.6007348307309907,gavish_tnbc,drvi_argmax,0.9669265329068739,False,gavish_tnbc
DR 26-,gs_ind_0,MP12_EMT_1,9/45,8.145252646925791e-07,8.145252646925791e-06,12.007096880673378,168.3474276425478,gavish_tnbc,drvi_argmax,7.764633364359164e-06,True,gavish_tnbc
DR 26-,gs_ind_0,MP13_EMT_2,7/41,4.6677502601473285e-05,0.00023338751300736643,9.577711144427786,95.511313221763,gavish_tnbc,drvi_argmax,0.00032388471192859017,True,gavish_tnbc
DR 26-,gs_ind_0,MP14_EMT_3,5/32,0.0009642859729883407,0.003214286576627802,8.454945054945055,58.71217550171525,gavish_tnbc,drvi_argmax,0.00512276923150056,True,gavish_tnbc
DR 26-,gs_ind_0,MP15_EMT_4,2/32,0.18959781767471398,0.30665021463576736,3.245732634781139,5.397167158886222,gavish_tnbc,drvi_argmax,0.4195005944212761,False,gavish_tnbc
DR 26-,gs_ind_0,MP18_INTERFERON_MHC_II_2,2/38,0.2453201717086139,0.30665021463576736,2.7037141646660077,3.7992350765020046,gavish_tnbc,drvi_argmax,0.5085905998837117,False,gavish_tnbc
DR 26-,gs_ind_0,MP19_EPITHELIAL_SENESCENCE,2/35,0.21727984217432708,0.30665021463576736,2.950453915987075,4.504071959044642,gavish_tnbc,drvi_argmax,0.46559966180212947,False,gavish_tnbc
DR 26-,gs_ind_0,MP22_SECRETED_1,1/28,0.5102157275409402,0.566906363934378,2.1195592286501377,1.4262972881651763,gavish_tnbc,drvi_argmax,0.873187990086844,False,gavish_tnbc
DR 26-,gs_ind_0,MP39_METAL_RESPONSE,1/34,0.5802433632609728,0.5802433632609728,1.7345092718227046,0.94410670314295,gavish_tnbc,drvi_argmax,0.9469571688419076,False,gavish_tnbc
DR 26-,gs_ind_0,MP6_HYPOXIA,2/32,0.18959781767471398,0.30665021463576736,3.245732634781139,5.397167158886222,gavish_tnbc,drvi_argmax,0.4195005944212761,False,gavish_tnbc
DR 26-,gs_ind_0,MP7_STRESS_IN_VITRO,2/20,0.0874410152622661,0.21860253815566522,5.384508219559766,13.120920222371895,gavish_tnbc,drvi_argmax,0.22927978294990084,False,gavish_tnbc
DR 27+,gs_ind_0,MP10_PROTEIN_MATURATION,3/15,0.04967292473727171,0.1076246702640887,4.707264573991031,14.132598156756304,gavish_tnbc,drvi_argmax,0.13919336052751963,False,gavish_tnbc
DR 27+,gs_ind_0,MP12_EMT_1,2/45,0.7382434367779805,0.8724695161921588,0.9417624521072797,0.28580762159351253,gavish_tnbc,drvi_argmax,1.0,False,gavish_tnbc
DR 27+,gs_ind_0,MP13_EMT_2,1/41,0.9120847169698274,0.9120847169698274,0.6025452765540871,0.055447663546368715,gavish_tnbc,drvi_argmax,1.0,False,gavish_tnbc
DR 27+,gs_ind_0,MP14_EMT_3,2/32,0.5532668280557407,0.7192468764724629,1.3526411657559199,0.8006484384295932,gavish_tnbc,drvi_argmax,0.9191077599623054,False,gavish_tnbc
DR 27+,gs_ind_0,MP15_EMT_4,4/32,0.10524144532329081,0.19544839845754008,2.6556322934031913,5.979151034511725,gavish_tnbc,drvi_argmax,0.2622003553296137,False,gavish_tnbc
DR 27+,gs_ind_0,MP18_INTERFERON_MHC_II_2,3/38,0.3696978374596698,0.6007589858719633,1.6371502557948587,1.6290778976404672,gavish_tnbc,drvi_argmax,0.6913767212221472,False,gavish_tnbc
DR 27+,gs_ind_0,MP19_EPITHELIAL_SENESCENCE,5/35,0.04539778390300553,0.1076246702640887,3.0573396212291337,9.454186814818392,gavish_tnbc,drvi_argmax,0.12934564128789286,False,gavish_tnbc
DR 27+,gs_ind_0,MP22_SECRETED_1,1/28,0.8088745235418234,0.8762807338369754,0.8936323588305967,0.18954967742022455,gavish_tnbc,drvi_argmax,1.0,False,gavish_tnbc
DR 27+,gs_ind_0,MP23_SECRETED_2,13/40,1.1133474233039932e-07,1.447351650295191e-06,8.993551276309898,143.99327155526979,gavish_tnbc,drvi_argmax,1.1829316372604927e-06,True,gavish_tnbc
DR 27+,gs_ind_0,MP39_METAL_RESPONSE,5/34,0.04070243338771237,0.1076246702640887,3.1626809070505377,10.125219820287404,gavish_tnbc,drvi_argmax,0.11828057565660005,False,gavish_tnbc
DR 27+,gs_ind_0,MP5_STRESS,9/42,0.00042022928489537703,0.0027314903518199504,4.982174435877485,38.73496180308603,gavish_tnbc,drvi_argmax,0.002381299281073803,True,gavish_tnbc
DR 27+,gs_ind_0,MP6_HYPOXIA,2/32,0.5532668280557407,0.7192468764724629,1.3526411657559199,0.8006484384295932,gavish_tnbc,drvi_argmax,0.9191077599623054,False,gavish_tnbc
DR 27+,gs_ind_0,MP7_STRESS_IN_VITRO,4/20,0.023854552284000914,0.10336972656400395,4.616618675442205,17.246672677515345,gavish_tnbc,drvi_argmax,0.07699887129645865,False,gavish_tnbc
DR 28+,gs_ind_0,MP10_PROTEIN_MATURATION,5/15,0.0014250115613707536,0.002850023122741507,8.32968591691996,54.58922431545966,gavish_tnbc,drvi_argmax,0.00723140195322472,True,gavish_tnbc
DR 28+,gs_ind_0,MP12_EMT_1,2/45,0.772428638873799,0.772428638873799,0.8754232842085181,0.22604799352978738,gavish_tnbc,drvi_argmax,1.0,False,gavish_tnbc
DR 28+,gs_ind_0,MP13_EMT_2,8/41,0.002646039858032725,0.004116062001384238,4.089617415107867,24.270616279911007,gavish_tnbc,drvi_argmax,0.012157480428799007,True,gavish_tnbc
DR 28+,gs_ind_0,MP14_EMT_3,19/32,3.720870559846649e-16,5.209218783785309e-15,26.034889962426195,924.9520492484643,gavish_tnbc,drvi_argmax,1.3554599896584221e-14,True,gavish_tnbc
DR 28+,gs_ind_0,MP15_EMT_4,3/32,0.3095756473044738,0.33338915863558716,1.8362527480320545,2.153103299261834,gavish_tnbc,drvi_argmax,0.6060790024003134,False,gavish_tnbc
DR 28+,gs_ind_0,MP17_INTERFERON_MHC_II_1,16/45,2.0097158460371802e-09,9.378673948173508e-09,9.71329672952972,194.5114138336238,gavish_tnbc,drvi_argmax,2.847097448552672e-08,True,gavish_tnbc
DR 28+,gs_ind_0,MP18_INTERFERON_MHC_II_2,9/38,0.00031461517420615994,0.0008809224877772478,5.2475920256850594,42.317423468692056,gavish_tnbc,drvi_argmax,0.0018549565184409428,True,gavish_tnbc
DR 28+,gs_ind_0,MP19_EPITHELIAL_SENESCENCE,17/35,1.3407738720999356e-12,9.38541710469955e-12,16.681824004098885,456.0439370703321,gavish_tnbc,drvi_argmax,3.3355837793705714e-11,True,gavish_tnbc
DR 28+,gs_ind_0,MP22_SECRETED_1,12/28,2.061286167219511e-08,7.214501585268289e-08,12.769093651446592,225.9791272316677,gavish_tnbc,drvi_argmax,2.595693692054199e-07,True,gavish_tnbc
DR 28+,gs_ind_0,MP23_SECRETED_2,8/40,0.00224256820745547,0.003924494363047072,4.217735975814579,25.728752725554525,gavish_tnbc,drvi_argmax,0.01051178222753548,True,gavish_tnbc
DR 28+,gs_ind_0,MP39_METAL_RESPONSE,6/34,0.014941903611585578,0.0190169682329271,3.6226940742413976,15.228304970768168,gavish_tnbc,drvi_argmax,0.05148899217505841,False,gavish_tnbc
DR 28+,gs_ind_0,MP5_STRESS,8/42,0.0031042660389761314,0.004345972454566584,3.968926017340675,22.92046032224673,gavish_tnbc,drvi_argmax,0.013531416067331855,True,gavish_tnbc
DR 28+,gs_ind_0,MP6_HYPOXIA,4/32,0.12679605686188597,0.14792873300553364,2.4656895403064625,5.092081221832116,gavish_tnbc,drvi_argmax,0.30574935697192357,False,gavish_tnbc
DR 28+,gs_ind_0,MP7_STRESS_IN_VITRO,6/20,0.0008707247742533711,0.0020316911399245324,7.1743377238419415,50.551708123216756,gavish_tnbc,drvi_argmax,0.004649943820620097,True,gavish_tnbc
DR 29+,gs_ind_0,MP10_PROTEIN_MATURATION,1/15,0.3169040184306498,0.6338080368612996,4.047021943573668,4.650660891909805,gavish_tnbc,drvi_argmax,0.6146468664479221,False,gavish_tnbc
DR 29+,gs_ind_0,MP14_EMT_3,4/32,0.007421188358643739,0.07421188358643739,6.528013582342954,32.00956676016381,gavish_tnbc,drvi_argmax,0.02867277320385081,True,gavish_tnbc
DR 29+,gs_ind_0,MP15_EMT_4,2/32,0.18959781767471398,0.6090351409059162,3.245732634781139,5.397167158886222,gavish_tnbc,drvi_argmax,0.4195005944212761,False,gavish_tnbc
DR 29+,gs_ind_0,MP18_INTERFERON_MHC_II_2,1/38,0.6213735873271903,0.7000133885501805,1.5462626262626262,0.7357469938586815,gavish_tnbc,drvi_argmax,0.9750785524211294,False,gavish_tnbc
DR 29+,gs_ind_0,MP19_EPITHELIAL_SENESCENCE,3/35,0.05492135530327929,0.2746067765163964,4.349635627530365,12.62200328431974,gavish_tnbc,drvi_argmax,0.15264245888104871,False,gavish_tnbc
DR 29+,gs_ind_0,MP1_CELL_CYCLE_G2_M,1/47,0.7000133885501805,0.7000133885501805,1.2411208862821765,0.44265298446394613,gavish_tnbc,drvi_argmax,1.0,False,gavish_tnbc
DR 29+,gs_ind_0,MP23_SECRETED_2,1/40,0.6404304678568697,0.7000133885501805,1.4664365170694285,0.6534657019112177,gavish_tnbc,drvi_argmax,0.9887422062225731,False,gavish_tnbc
DR 29+,gs_ind_0,MP3_CELL_CYCLE_HMG_RICH,1/11,0.24361405636236647,0.6090351409059162,5.6002886002886,7.908559788856997,gavish_tnbc,drvi_argmax,0.5060821537466675,False,gavish_tnbc
DR 29+,gs_ind_0,MP6_HYPOXIA,1/32,0.5580671247848182,0.7000133885501805,1.8465608465608465,1.077054677007032,gavish_tnbc,drvi_argmax,0.919593646656728,False,gavish_tnbc
DR 29+,gs_ind_0,MP7_STRESS_IN_VITRO,1/20,0.3987883317882755,0.6646472196471258,3.0015540015540014,2.7594021305811824,gavish_tnbc,drvi_argmax,0.7276638612236869,False,gavish_tnbc
DR 29-,gs_ind_0,MP10_PROTEIN_MATURATION,2/15,0.14398565192752588,0.17998206490940735,3.970495919648462,7.694986359258489,gavish_tnbc,drvi_argmax,0.33839945844718067,False,gavish_tnbc
DR 29-,gs_ind_0,MP12_EMT_1,1/45,0.8770112184238072,0.8770112184238072,0.7029690540455715,0.09225449168907948,gavish_tnbc,drvi_argmax,1.0,False,gavish_tnbc
DR 29-,gs_ind_0,MP13_EMT_2,7/41,0.0019004729734399476,0.004072442085942745,4.885446498307732,30.610510018833264,gavish_tnbc,drvi_argmax,0.009319627081292052,True,gavish_tnbc
DR 29-,gs_ind_0,MP14_EMT_3,10/32,5.890141559834585e-07,1.7670424679503756e-06,10.947826086956521,157.0445466534498,gavish_tnbc,drvi_argmax,5.7218518009821684e-06,True,gavish_tnbc
DR 29-,gs_ind_0,MP15_EMT_4,4/32,0.052617201219392715,0.07175072893553552,3.436264070581077,10.118808708099152,gavish_tnbc,drvi_argmax,0.1466381017589633,False,gavish_tnbc
DR 29-,gs_ind_0,MP17_INTERFERON_MHC_II_1,9/45,0.00011781589068802465,0.0002945397267200616,5.986301369863014,54.154401287088284,gavish_tnbc,drvi_argmax,0.0007605835981125641,True,gavish_tnbc
DR 29-,gs_ind_0,MP18_INTERFERON_MHC_II_2,6/38,0.006052268572504219,0.010087114287507032,4.446153846153846,22.707939827634807,gavish_tnbc,drvi_argmax,0.024114507593571498,True,gavish_tnbc
DR 29-,gs_ind_0,MP19_EPITHELIAL_SENESCENCE,14/35,5.4282031305144894e-11,2.7141015652572447e-10,16.657698738410094,393.7351576059459,gavish_tnbc,drvi_argmax,9.713626654604875e-10,True,gavish_tnbc
DR 29-,gs_ind_0,MP22_SECRETED_1,19/28,1.8349112988156583e-20,2.7523669482234876e-19,54.588516746411486,2480.759079126213,gavish_tnbc,drvi_argmax,8.507316021781689e-19,True,gavish_tnbc
DR 29-,gs_ind_0,MP23_SECRETED_2,14/40,4.521327843215337e-10,1.6954979412057515e-09,13.478973979528918,290.027692483277,gavish_tnbc,drvi_argmax,6.8832155225069305e-09,True,gavish_tnbc
DR 29-,gs_ind_0,MP39_METAL_RESPONSE,6/34,0.003408914121796687,0.006391713978368788,5.080971659919029,28.866836658229353,gavish_tnbc,drvi_argmax,0.01473344239081619,True,gavish_tnbc
DR 29-,gs_ind_0,MP3_CELL_CYCLE_HMG_RICH,1/11,0.3981721246958076,0.45942937464900874,3.0335195530726256,2.7934798600063635,gavish_tnbc,drvi_argmax,0.7276638612236869,False,gavish_tnbc
DR 29-,gs_ind_0,MP5_STRESS,17/42,2.8429828646595853e-13,2.132237148494689e-12,17.605042016806724,508.5876998763159,gavish_tnbc,drvi_argmax,7.631164531454676e-12,True,gavish_tnbc
DR 29-,gs_ind_0,MP6_HYPOXIA,1/32,0.7735472639316514,0.8288006399267693,1.0,0.2567685068517532,gavish_tnbc,drvi_argmax,1.0,False,gavish_tnbc
DR 29-,gs_ind_0,MP7_STRESS_IN_VITRO,4/20,0.010678099544097448,0.016017149316146173,5.97320021019443,27.115703174854374,gavish_tnbc,drvi_argmax,0.03960604194537962,True,gavish_tnbc
DR 30+,gs_ind_0,MP10_PROTEIN_MATURATION,6/15,0.00010897283822486093,0.0002615348117396662,11.613003095975232,105.96182361329538,gavish_tnbc,drvi_argmax,0.0007171115805765042,True,gavish_tnbc
DR 30+,gs_ind_0,MP12_EMT_1,3/45,0.4902639261638315,0.5883167113965978,1.3368748380409432,0.9529396357034177,gavish_tnbc,drvi_argmax,0.8475749231984883,False,gavish_tnbc
DR 30+,gs_ind_0,MP14_EMT_3,5/32,0.03442638755608885,0.0590166643818666,3.3318385650224216,11.2247373224433,gavish_tnbc,drvi_argmax,0.10265084977335785,False,gavish_tnbc
DR 30+,gs_ind_0,MP15_EMT_4,6/32,0.008747829803298723,0.017495659606597446,4.125416204217536,19.550139602227084,gavish_tnbc,drvi_argmax,0.03304735703468407,True,gavish_tnbc
DR 30+,gs_ind_0,MP17_INTERFERON_MHC_II_1,18/45,6.924974155238134e-12,4.154984493142881e-11,12.686202122750347,325.983213616831,gavish_tnbc,drvi_argmax,1.332730875159037e-10,True,gavish_tnbc
DR 30+,gs_ind_0,MP18_INTERFERON_MHC_II_2,16/38,4.482751396238939e-11,1.7931005584955757e-10,13.590381426202322,323.8343133007364,gavish_tnbc,drvi_argmax,8.165011471720925e-10,True,gavish_tnbc
DR 30+,gs_ind_0,MP19_EPITHELIAL_SENESCENCE,13/35,2.164078222517769e-08,6.492234667553308e-08,10.797101449275363,190.55465574118682,gavish_tnbc,drvi_argmax,2.6919021792294196e-07,True,gavish_tnbc
DR 30+,gs_ind_0,MP23_SECRETED_2,19/40,3.5264141811090184e-14,4.231697017330822e-13,17.334883720930232,536.9637938392088,gavish_tnbc,drvi_argmax,1.0579242543327054e-12,True,gavish_tnbc
DR 30+,gs_ind_0,MP39_METAL_RESPONSE,3/34,0.3152213992861129,0.42029519904815055,1.8144884973078805,2.0947907387382303,gavish_tnbc,drvi_argmax,0.6146468664479221,False,gavish_tnbc
DR 30+,gs_ind_0,MP5_STRESS,2/42,0.711609995462037,0.711609995462037,0.994393228745485,0.33831771152538426,gavish_tnbc,drvi_argmax,1.0,False,gavish_tnbc
DR 30+,gs_ind_0,MP6_HYPOXIA,3/32,0.2826964791644963,0.42029519904815055,1.9395953109833495,2.450448772630056,gavish_tnbc,drvi_argmax,0.571767150313989,False,gavish_tnbc
DR 30+,gs_ind_0,MP7_STRESS_IN_VITRO,1/20,0.6990733806077285,0.711609995462037,1.2424242424242424,0.4447873356597374,gavish_tnbc,drvi_argmax,1.0,False,gavish_tnbc
DR 31-,gs_ind_0,MP10_PROTEIN_MATURATION,3/15,2.794027470228979e-05,5.588054940457958e-05,85.27076923076923,894.1016515418117,gavish_tnbc,drvi_argmax,0.00021110429775063395,True,gavish_tnbc
DR 31-,gs_ind_0,MP17_INTERFERON_MHC_II_1,7/45,6.285421630298265e-11,2.514168652119306e-10,152.2207792207792,3575.697019627604,gavish_tnbc,drvi_argmax,1.0814436698635772e-09,True,gavish_tnbc
DR 31-,gs_ind_0,MP18_INTERFERON_MHC_II_2,2/38,0.011636836430657925,0.0155157819075439,17.858447488584474,79.53401845731076,gavish_tnbc,drvi_argmax,0.04194195462639959,True,gavish_tnbc
DR 31-,gs_ind_0,MP23_SECRETED_2,1/40,0.16655933544278825,0.16655933544278825,8.72300819061802,15.635151842142323,gavish_tnbc,drvi_argmax,0.3783753277319466,False,gavish_tnbc
DR 33+,gs_ind_0,MP15_EMT_4,1/32,0.20272415661097123,0.23619651387379278,6.897707231040564,11.00811345235884,gavish_tnbc,drvi_argmax,0.4437309865733705,False,gavish_tnbc
DR 33+,gs_ind_0,MP18_INTERFERON_MHC_II_2,1/38,0.23619651387379278,0.23619651387379278,5.776296296296296,8.335721975668369,gavish_tnbc,drvi_argmax,0.4967431838170488,False,gavish_tnbc
DR 33+,gs_ind_0,MP19_EPITHELIAL_SENESCENCE,1/35,0.21962696545617083,0.23619651387379278,6.2882447665056365,9.531877260959702,gavish_tnbc,drvi_argmax,0.4696425676421263,False,gavish_tnbc
DR 34-,gs_ind_0,MP10_PROTEIN_MATURATION,3/15,0.02327852867819274,0.055868468827662575,6.4603636363636365,24.292413484722406,gavish_tnbc,drvi_argmax,0.07561815048330126,False,gavish_tnbc
DR 34-,gs_ind_0,MP13_EMT_2,1/41,0.8345465519038631,0.8345465519038631,0.8220468989699758,0.1486809536353984,gavish_tnbc,drvi_argmax,1.0,False,gavish_tnbc
DR 34-,gs_ind_0,MP14_EMT_3,4/32,0.0440864996594088,0.0881729993188176,3.6567646109137875,11.41496252927593,gavish_tnbc,drvi_argmax,0.12596142759831086,False,gavish_tnbc
DR 34-,gs_ind_0,MP15_EMT_4,3/32,0.15221308903639297,0.22831963355458945,2.712994350282486,5.107140887936265,gavish_tnbc,drvi_argmax,0.35423830846779397,False,gavish_tnbc
DR 34-,gs_ind_0,MP17_INTERFERON_MHC_II_1,30/45,5.871979917391632e-33,7.046375900869959e-32,67.38186573670444,5000.752995257899,gavish_tnbc,drvi_argmax,5.444926832490423e-31,True,gavish_tnbc
DR 34-,gs_ind_0,MP18_INTERFERON_MHC_II_2,8/38,0.00013173949832800695,0.0007727937659808874,6.780222104706504,60.579142516804346,gavish_tnbc,drvi_argmax,0.0008398393018410443,True,gavish_tnbc
DR 34-,gs_ind_0,MP19_EPITHELIAL_SENESCENCE,6/35,0.0029694158697092616,0.008908247609127786,5.228547063212877,30.42695461118712,gavish_tnbc,drvi_argmax,0.013421705312661564,True,gavish_tnbc
DR 34-,gs_ind_0,MP23_SECRETED_2,8/40,0.00019319844149522184,0.0007727937659808874,6.356228287841191,54.357146690647085,gavish_tnbc,drvi_argmax,0.0011943176383340985,True,gavish_tnbc
DR 34-,gs_ind_0,MP39_METAL_RESPONSE,2/34,0.42808726656229285,0.4670042907952286,1.7351450944265316,1.4721460471562113,gavish_tnbc,drvi_argmax,0.7687482603759483,False,gavish_tnbc
DR 34-,gs_ind_0,MP5_STRESS,4/42,0.09994582787678084,0.17133570493162428,2.692614134331926,6.201432208376991,gavish_tnbc,drvi_argmax,0.2504784875536031,False,gavish_tnbc
DR 34-,gs_ind_0,MP6_HYPOXIA,2/32,0.39790796562072084,0.4670042907952286,1.850888387160106,1.7056575832602108,gavish_tnbc,drvi_argmax,0.7276638612236869,False,gavish_tnbc
DR 34-,gs_ind_0,MP7_STRESS_IN_VITRO,2/20,0.20765659094474095,0.27687545459298796,3.070885256513999,4.827031083883545,gavish_tnbc,drvi_argmax,0.45258487770007644,False,gavish_tnbc
DR 35-,gs_ind_0,MP10_PROTEIN_MATURATION,9/15,2.471507229032267e-06,6.178768072580668e-06,13.695722032536654,176.82111711652567,gavish_tnbc,drvi_argmax,2.173221873804235e-05,True,gavish_tnbc
DR 35-,gs_ind_0,MP12_EMT_1,8/45,0.07340305190582277,0.09175381488227846,2.0765021645021644,5.4233871005121665,gavish_tnbc,drvi_argmax,0.19702924458931376,False,gavish_tnbc
DR 35-,gs_ind_0,MP13_EMT_2,17/41,8.999033923990729e-08,2.699710177197219e-07,6.915142078629817,112.188246722067,gavish_tnbc,drvi_argmax,9.764909151564407e-07,True,gavish_tnbc
DR 35-,gs_ind_0,MP14_EMT_3,18/32,6.460195987156343e-11,3.2300979935781713e-10,12.489466225791213,293.03755299932726,gavish_tnbc,drvi_argmax,1.0814436698635772e-09,True,gavish_tnbc
DR 35-,gs_ind_0,MP15_EMT_4,9/32,0.00302646296265898,0.0056746180549855875,3.7522915393589247,21.76464430625097,gavish_tnbc,drvi_argmax,0.013421705312661564,True,gavish_tnbc
DR 35-,gs_ind_0,MP17_INTERFERON_MHC_II_1,45/45,7.706713019191974e-48,1.156006952878796e-46,1053.668810289389,114304.0921797041,gavish_tnbc,drvi_argmax,2.620282426525271e-45,True,gavish_tnbc
DR 35-,gs_ind_0,MP18_INTERFERON_MHC_II_2,21/38,2.31327997929443e-12,1.7349599844708225e-11,12.20700358137684,327.05436970378076,gavish_tnbc,drvi_argmax,5.129446910609389e-11,True,gavish_tnbc
DR 35-,gs_ind_0,MP19_EPITHELIAL_SENESCENCE,18/35,4.728339113584618e-10,1.773127167594232e-09,10.331037181996086,221.83089132401713,gavish_tnbc,drvi_argmax,7.092508670376928e-09,True,gavish_tnbc
DR 35-,gs_ind_0,MP22_SECRETED_1,8/28,0.004630252074276075,0.007108639232281927,3.835096610706367,20.614196416335236,gavish_tnbc,drvi_argmax,0.019435625990788467,True,gavish_tnbc
DR 35-,gs_ind_0,MP23_SECRETED_2,14/40,1.4139101995007215e-05,3.029807570358689e-05,5.206181395113561,58.13517027878158,gavish_tnbc,drvi_argmax,0.00011267096902271375,True,gavish_tnbc
DR 35-,gs_ind_0,MP39_METAL_RESPONSE,9/34,0.0047390928215212845,0.007108639232281927,3.454103312343214,18.486048502140196,gavish_tnbc,drvi_argmax,0.01964989706484435,True,gavish_tnbc
DR 35-,gs_ind_0,MP3_CELL_CYCLE_HMG_RICH,1/11,0.6871503525497031,0.6871503525497031,1.2821339061940566,0.4810594070651021,gavish_tnbc,drvi_argmax,1.0,False,gavish_tnbc
DR 35-,gs_ind_0,MP5_STRESS,8/42,0.05199984583678988,0.07090888068653166,2.2609072087332955,6.684405002483092,gavish_tnbc,drvi_argmax,0.14531463768089228,False,gavish_tnbc
DR 35-,gs_ind_0,MP6_HYPOXIA,4/32,0.3998807119958521,0.4614008215336755,1.4242667738047408,1.3054672527519424,gavish_tnbc,drvi_argmax,0.7283541539924449,False,gavish_tnbc
DR 35-,gs_ind_0,MP7_STRESS_IN_VITRO,2/20,0.6095429026069803,0.6530816813646217,1.2134930900673975,0.6007348307309907,gavish_tnbc,drvi_argmax,0.9669265329068739,False,gavish_tnbc
DR 36-,gs_ind_0,MP10_PROTEIN_MATURATION,3/15,0.00783105242003988,0.01435692943673978,9.923302752293578,48.12462824397485,gavish_tnbc,drvi_argmax,0.02991638003161302,True,gavish_tnbc
DR 36-,gs_ind_0,MP13_EMT_2,1/41,0.6981030505837995,0.6981030505837995,1.247787610619469,0.4484405803099581,gavish_tnbc,drvi_argmax,1.0,False,gavish_tnbc
DR 36-,gs_ind_0,MP14_EMT_3,8/32,1.631427245187137e-06,4.486424924264626e-06,13.453514739229025,179.28228160588264,gavish_tnbc,drvi_argmax,1.4857640982954282e-05,True,gavish_tnbc
DR 36-,gs_ind_0,MP15_EMT_4,3/32,0.06071501856856372,0.09540931489345728,4.16778106048826,11.676306165176094,gavish_tnbc,drvi_argmax,0.16647666381702955,False,gavish_tnbc
DR 36-,gs_ind_0,MP17_INTERFERON_MHC_II_1,11/45,1.804150448508554e-08,9.922827466797047e-08,13.688172043010752,244.06819625938238,gavish_tnbc,drvi_argmax,2.3002918218484064e-07,True,gavish_tnbc
DR 36-,gs_ind_0,MP18_INTERFERON_MHC_II_2,5/38,0.003848637136147789,0.008467001699525136,5.97455579246624,33.21874638921728,gavish_tnbc,drvi_argmax,0.01628883767166284,True,gavish_tnbc
DR 36-,gs_ind_0,MP19_EPITHELIAL_SENESCENCE,16/35,5.4803161066892234e-17,6.028347717358146e-16,39.239110287303056,1469.2215229094452,gavish_tnbc,drvi_argmax,2.070341640304818e-15,True,gavish_tnbc
DR 36-,gs_ind_0,MP22_SECRETED_1,1/28,0.5574442878161109,0.6671187964941422,1.850201126307321,1.081244055446531,gavish_tnbc,drvi_argmax,0.919593646656728,False,gavish_tnbc
DR 36-,gs_ind_0,MP23_SECRETED_2,10/40,6.900375531916398e-08,2.530137695036013e-07,13.868334771354617,228.67642695681604,gavish_tnbc,drvi_argmax,7.908295553432278e-07,True,gavish_tnbc
DR 36-,gs_ind_0,MP6_HYPOXIA,1/32,0.6064716331764929,0.6671187964941422,1.6118836915297092,0.8060987191881042,gavish_tnbc,drvi_argmax,0.9669265329068739,False,gavish_tnbc
DR 36-,gs_ind_0,MP7_STRESS_IN_VITRO,1/20,0.44070915661557714,0.6059750903464185,2.620149761742682,2.1468724506761347,gavish_tnbc,drvi_argmax,0.7831417068778549,False,gavish_tnbc
DR 37-,gs_ind_0,MP10_PROTEIN_MATURATION,3/15,0.18347850508240676,0.623826917280183,2.535594936708861,4.299501222696118,gavish_tnbc,drvi_argmax,0.40951438771127985,False,gavish_tnbc
DR 37-,gs_ind_0,MP12_EMT_1,1/45,0.9917463506786867,0.9917463506786867,0.2967812790402974,0.0024596933468366334,gavish_tnbc,drvi_argmax,1.0,False,gavish_tnbc
DR 37-,gs_ind_0,MP13_EMT_2,6/41,0.2210253287409475,0.6262384314326845,1.662008037944893,2.5087645264605483,gavish_tnbc,drvi_argmax,0.4706593639160051,False,gavish_tnbc
DR 37-,gs_ind_0,MP14_EMT_3,6/32,0.0927144584287314,0.39403644832210843,2.237813454915846,5.322036991596327,gavish_tnbc,drvi_argmax,0.23820843223502777,False,gavish_tnbc
DR 37-,gs_ind_0,MP15_EMT_4,3/32,0.6352604313330781,0.9917463506786867,1.0641922334263034,0.4828455513904232,gavish_tnbc,drvi_argmax,0.9870360541792741,False,gavish_tnbc
DR 37-,gs_ind_0,MP17_INTERFERON_MHC_II_1,6/45,0.2910444951125149,0.7068223452732505,1.4903192216328789,1.8394698964014418,gavish_tnbc,drvi_argmax,0.5802188554795275,False,gavish_tnbc
DR 37-,gs_ind_0,MP18_INTERFERON_MHC_II_2,1/38,0.9824601219594364,0.9917463506786867,0.3535839598997494,0.006256853589466059,gavish_tnbc,drvi_argmax,1.0,False,gavish_tnbc
DR 37-,gs_ind_0,MP19_EPITHELIAL_SENESCENCE,1/35,0.9757922010267908,0.9917463506786867,0.38498419962950853,0.009434278050286153,gavish_tnbc,drvi_argmax,1.0,False,gavish_tnbc
DR 37-,gs_ind_0,MP1_CELL_CYCLE_G2_M,41/47,1.2026932511568096e-36,2.0445785269665764e-35,71.83192669399565,5941.11090393329,gavish_tnbc,drvi_argmax,1.363052351311051e-34,True,gavish_tnbc
DR 37-,gs_ind_0,MP22_SECRETED_1,2/28,0.7869329172064575,0.9917463506786867,0.8433534527826624,0.20207783760952594,gavish_tnbc,drvi_argmax,1.0,False,gavish_tnbc
DR 37-,gs_ind_0,MP23_SECRETED_2,2/40,0.9215938391098271,0.9917463506786867,0.5765644934410677,0.0470768795265262,gavish_tnbc,drvi_argmax,1.0,False,gavish_tnbc
DR 37-,gs_ind_0,MP2_CELL_CYCLE_G1_S,30/30,1.2593130488828745e-31,1.0704160915504433e-30,644.1671554252199,45832.217089208214,gavish_tnbc,drvi_argmax,9.465059286506401e-30,True,gavish_tnbc
DR 37-,gs_ind_0,MP39_METAL_RESPONSE,3/34,0.6767322893717991,0.9917463506786867,0.9954992967651195,0.38872208850632617,gavish_tnbc,drvi_argmax,1.0,False,gavish_tnbc
DR 37-,gs_ind_0,MP3_CELL_CYCLE_HMG_RICH,10/11,8.174208319584465e-10,4.632051381097863e-09,66.1233595800525,1383.6225087392968,gavish_tnbc,drvi_argmax,1.191098926568022e-08,True,gavish_tnbc
DR 37-,gs_ind_0,MP5_STRESS,4/42,0.6186272816660648,0.9917463506786867,1.0483791018142163,0.5034864931921569,gavish_tnbc,drvi_argmax,0.9733699834189045,False,gavish_tnbc
DR 37-,gs_ind_0,MP6_HYPOXIA,1/32,0.9666067443518142,0.9917463506786867,0.4223654374030314,0.014345026356478848,gavish_tnbc,drvi_argmax,1.0,False,gavish_tnbc
DR 37-,gs_ind_0,MP7_STRESS_IN_VITRO,1/20,0.8797086852695091,0.9917463506786867,0.6869095816464238,0.08803739957225898,gavish_tnbc,drvi_argmax,1.0,False,gavish_tnbc
DR 38+,gs_ind_0,MP12_EMT_1,13/45,1.8726827913386787e-12,1.8726827913386785e-11,25.378021978021977,685.2991994687997,gavish_tnbc,drvi_argmax,4.244747660367671e-11,True,gavish_tnbc
DR 38+,gs_ind_0,MP13_EMT_2,3/41,0.05926298548871623,0.09877164248119372,4.2026286966046005,11.87566359912326,gavish_tnbc,drvi_argmax,0.16293327546762953,False,gavish_tnbc
DR 38+,gs_ind_0,MP14_EMT_3,4/32,0.004679614155890255,0.015598713852967518,7.518518518518518,40.333390459559915,gavish_tnbc,drvi_argmax,0.01956232147134451,True,gavish_tnbc
DR 38+,gs_ind_0,MP15_EMT_4,5/32,0.0005291878678243083,0.002645939339121541,9.769620253164558,73.70364721947713,gavish_tnbc,drvi_argmax,0.002949571722299423,True,gavish_tnbc
DR 38+,gs_ind_0,MP17_INTERFERON_MHC_II_1,1/45,0.6366385712028669,0.6366385712028669,1.481983727237505,0.6691944596799164,gavish_tnbc,drvi_argmax,0.9870360541792741,False,gavish_tnbc
DR 38+,gs_ind_0,MP18_INTERFERON_MHC_II_2,4/38,0.008726307783211464,0.02181576945802866,6.191626409017713,29.35705753160373,gavish_tnbc,drvi_argmax,0.03304735703468407,True,gavish_tnbc
DR 38+,gs_ind_0,MP19_EPITHELIAL_SENESCENCE,1/35,0.5440478462149881,0.6044976069055423,1.9215392303848076,1.1696756774837556,gavish_tnbc,drvi_argmax,0.9112131414438225,False,gavish_tnbc
DR 38+,gs_ind_0,MP23_SECRETED_2,3/40,0.0557616731104385,0.09877164248119372,4.316947791164659,12.461597236899498,gavish_tnbc,drvi_argmax,0.1545568113387154,False,gavish_tnbc
DR 38+,gs_ind_0,MP39_METAL_RESPONSE,1/34,0.5336098156392642,0.6044976069055423,1.9799279464745239,1.2435737149323551,gavish_tnbc,drvi_argmax,0.9011291588610091,False,gavish_tnbc
DR 38+,gs_ind_0,MP6_HYPOXIA,1/32,0.5120284482971939,0.6044976069055423,2.1078270388615215,1.4109269189132552,gavish_tnbc,drvi_argmax,0.8748224744776176,False,gavish_tnbc
DR 39+,gs_ind_0,MP10_PROTEIN_MATURATION,3/15,0.14982761425205018,0.29965522850410037,2.8179387186629525,5.3492082048385985,gavish_tnbc,drvi_argmax,0.34971205157229107,False,gavish_tnbc
DR 39+,gs_ind_0,MP12_EMT_1,1/45,0.9870128960092596,0.9870128960092596,0.3295570619370415,0.004308027180277961,gavish_tnbc,drvi_argmax,1.0,False,gavish_tnbc
DR 39+,gs_ind_0,MP13_EMT_2,1/41,0.9808116887049647,0.9870128960092596,0.3629221508009387,0.007031542762609783,gavish_tnbc,drvi_argmax,1.0,False,gavish_tnbc
DR 39+,gs_ind_0,MP14_EMT_3,7/32,0.02176461678495301,0.04974769550846402,3.005698005698006,11.504218077440987,gavish_tnbc,drvi_argmax,0.07092622722253057,False,gavish_tnbc
DR 39+,gs_ind_0,MP15_EMT_4,3/32,0.5684680642873012,0.757957419049735,1.1828053444124451,0.6680604554414734,gavish_tnbc,drvi_argmax,0.9322145105676,False,gavish_tnbc
DR 39+,gs_ind_0,MP18_INTERFERON_MHC_II_2,3/38,0.6869669766896099,0.8454978174641353,0.9795990427243124,0.36780912859461107,gavish_tnbc,drvi_argmax,1.0,False,gavish_tnbc
DR 39+,gs_ind_0,MP19_EPITHELIAL_SENESCENCE,9/35,0.003072333833610873,0.009831468267554794,3.7037137730411613,21.427161216560336,gavish_tnbc,drvi_argmax,0.013482839864375798,True,gavish_tnbc
DR 39+,gs_ind_0,MP1_CELL_CYCLE_G2_M,21/47,7.030013998535696e-11,1.1248022397657114e-09,9.004906828669899,210.51893898694402,gavish_tnbc,drvi_argmax,1.156550690081679e-09,True,gavish_tnbc
DR 39+,gs_ind_0,MP22_SECRETED_1,3/28,0.4759204398257299,0.757957419049735,1.371402042711235,1.0182723004003966,gavish_tnbc,drvi_argmax,0.8283939396284037,False,gavish_tnbc
DR 39+,gs_ind_0,MP23_SECRETED_2,10/40,0.0022838233490995413,0.009135293396398165,3.569351389878831,21.708453683944846,gavish_tnbc,drvi_argmax,0.010636985461559507,True,gavish_tnbc
DR 39+,gs_ind_0,MP2_CELL_CYCLE_G1_S,10/30,0.0001820143873564331,0.0009707433992343098,5.340190880169671,45.98665230293076,gavish_tnbc,drvi_argmax,0.0011320407018509864,True,gavish_tnbc
DR 39+,gs_ind_0,MP39_METAL_RESPONSE,2/34,0.8306382630702742,0.9493008720803134,0.7613466865544428,0.14127616271289672,gavish_tnbc,drvi_argmax,1.0,False,gavish_tnbc
DR 39+,gs_ind_0,MP3_CELL_CYCLE_HMG_RICH,4/11,0.013139673048660762,0.03503912812976203,6.0890756302521005,26.378601133729248,gavish_tnbc,drvi_argmax,0.0465363420473402,True,gavish_tnbc
DR 39+,gs_ind_0,MP5_STRESS,16/42,2.340987045978629e-07,1.8727896367829032e-06,6.703212646608873,102.34145322922366,gavish_tnbc,drvi_argmax,2.364165135542774e-06,True,gavish_tnbc
DR 39+,gs_ind_0,MP6_HYPOXIA,3/32,0.5684680642873012,0.757957419049735,1.1828053444124451,0.6680604554414734,gavish_tnbc,drvi_argmax,0.9322145105676,False,gavish_tnbc
DR 39+,gs_ind_0,MP7_STRESS_IN_VITRO,3/20,0.2717707845170899,0.4831480613637154,2.007242339832869,2.6150278372184697,gavish_tnbc,drvi_argmax,0.5533057888371891,False,gavish_tnbc
DR 40-,gs_ind_0,MP10_PROTEIN_MATURATION,2/15,0.1465951739455344,0.23821715766149337,3.9240637285330022,7.534517892558832,gavish_tnbc,drvi_argmax,0.34374040787228755,False,gavish_tnbc
DR 40-,gs_ind_0,MP12_EMT_1,3/45,0.3364287201202737,0.4373573361563558,1.7377866400797608,1.8930908588939022,gavish_tnbc,drvi_argmax,0.6426166564095115,False,gavish_tnbc
DR 40-,gs_ind_0,MP13_EMT_2,7/41,0.0020276915607236588,0.005271998057881513,4.825057885258554,29.919495387534315,gavish_tnbc,drvi_argmax,0.009842545843712594,True,gavish_tnbc
DR 40-,gs_ind_0,MP14_EMT_3,15/32,6.99789523272726e-13,4.548631901272719e-12,21.911297852474323,613.2533338747661,gavish_tnbc,drvi_argmax,1.7844632843454514e-11,True,gavish_tnbc
DR 40-,gs_ind_0,MP15_EMT_4,2/32,0.4320897352003191,0.5106515052367407,1.721311475409836,1.4443903139913068,gavish_tnbc,drvi_argmax,0.7718590716362969,False,gavish_tnbc
DR 40-,gs_ind_0,MP17_INTERFERON_MHC_II_1,22/45,3.9749262990027177e-19,5.167404188703533e-18,25.98882596050819,1101.123440447549,gavish_tnbc,drvi_argmax,1.7627934021664225e-17,True,gavish_tnbc
DR 40-,gs_ind_0,MP18_INTERFERON_MHC_II_2,12/38,3.896631504005557e-08,1.266405238801806e-07,11.175388631778807,190.6584808186907,gavish_tnbc,drvi_argmax,4.6215862024251954e-07,True,gavish_tnbc
DR 40-,gs_ind_0,MP19_EPITHELIAL_SENESCENCE,14/35,6.349730441645142e-11,2.751549858046228e-10,16.434058514628656,385.87208277081675,gavish_tnbc,drvi_argmax,1.0814436698635772e-09,True,gavish_tnbc
DR 40-,gs_ind_0,MP22_SECRETED_1,4/28,0.03554887152069137,0.07702255496149796,3.9579008746355684,13.2069091321466,gavish_tnbc,drvi_argmax,0.10449524193402072,False,gavish_tnbc
DR 40-,gs_ind_0,MP23_SECRETED_2,4/40,0.10539426047562905,0.19573219802616826,2.6397651663405086,5.939595954692454,gavish_tnbc,drvi_argmax,0.2622003553296137,False,gavish_tnbc
DR 40-,gs_ind_0,MP39_METAL_RESPONSE,3/34,0.19914867957511606,0.2876592038307232,2.3584431889516635,3.8058282636513057,gavish_tnbc,drvi_argmax,0.43778373527288444,False,gavish_tnbc
DR 40-,gs_ind_0,MP5_STRESS,2/42,0.5780277101833676,0.6261966860319815,1.2893992689150975,0.7067628954410252,gavish_tnbc,drvi_argmax,0.9460226119098986,False,gavish_tnbc
DR 40-,gs_ind_0,MP6_HYPOXIA,1/32,0.7773412364731106,0.7773412364731106,0.9884240989213365,0.24896016328089055,gavish_tnbc,drvi_argmax,1.0,False,gavish_tnbc
DR 41-,gs_ind_0,MP10_PROTEIN_MATURATION,4/15,0.019271083937068,0.033724396889869,5.100783530496236,20.14375697472246,gavish_tnbc,drvi_argmax,0.06402770558895558,False,gavish_tnbc
DR 41-,gs_ind_0,MP12_EMT_1,5/45,0.2236752373063999,0.2846775747535999,1.754799876982558,2.627918301375266,gavish_tnbc,drvi_argmax,0.4753098792760998,False,gavish_tnbc
DR 41-,gs_ind_0,MP13_EMT_2,13/41,2.7000848053290833e-06,9.450296818651793e-06,6.533267130089374,83.77103665058486,gavish_tnbc,drvi_argmax,2.3539200866971496e-05,True,gavish_tnbc
DR 41-,gs_ind_0,MP14_EMT_3,18/32,2.15486412694752e-13,1.5084048888632642e-12,18.427450980392155,537.4527970497605,gavish_tnbc,drvi_argmax,5.940436241855325e-12,True,gavish_tnbc
DR 41-,gs_ind_0,MP15_EMT_4,3/32,0.4129383236608792,0.48176137760435905,1.5207255426702349,1.3450164038435286,gavish_tnbc,drvi_argmax,0.7470514790280003,False,gavish_tnbc
DR 41-,gs_ind_0,MP17_INTERFERON_MHC_II_1,18/45,3.4579988441549525e-10,1.6137327939389778e-09,9.647700534759359,210.17670824219442,gavish_tnbc,drvi_argmax,5.344180031875835e-09,True,gavish_tnbc
DR 41-,gs_ind_0,MP18_INTERFERON_MHC_II_2,11/38,4.3665964371008e-05,0.0001222647002388224,5.685096316323082,57.07234994784653,gavish_tnbc,drvi_argmax,0.00030930058096130666,True,gavish_tnbc
DR 41-,gs_ind_0,MP19_EPITHELIAL_SENESCENCE,24/35,1.4565521693551815e-20,2.0391730370972542e-19,32.342279477545176,1477.253982519332,gavish_tnbc,drvi_argmax,7.074681965439453e-19,True,gavish_tnbc
DR 41-,gs_ind_0,MP22_SECRETED_1,9/28,9.075087501556148e-05,0.00018150175003112297,6.554616323847093,61.00638643816589,gavish_tnbc,drvi_argmax,0.0006050058334370766,True,gavish_tnbc
DR 41-,gs_ind_0,MP23_SECRETED_2,11/40,7.386714720414224e-05,0.00017235667680966525,5.293869321403818,50.361862015960604,gavish_tnbc,drvi_argmax,0.0004956874351856914,True,gavish_tnbc
DR 41-,gs_ind_0,MP39_METAL_RESPONSE,5/34,0.09474828386359836,0.1326475974090377,2.4237288135593222,5.711593411594694,gavish_tnbc,drvi_argmax,0.24221365799716874,False,gavish_tnbc
DR 41-,gs_ind_0,MP3_CELL_CYCLE_HMG_RICH,1/11,0.5639702373019148,0.5978757298234184,1.824518042511122,1.044999641319455,gavish_tnbc,drvi_argmax,0.9278220033031501,False,gavish_tnbc
DR 41-,gs_ind_0,MP5_STRESS,3/42,0.5978757298234184,0.5978757298234184,1.1295136575616256,0.5809906014980499,gavish_tnbc,drvi_argmax,0.9634016499524277,False,gavish_tnbc
DR 41-,gs_ind_0,MP6_HYPOXIA,5/32,0.07689999979504795,0.11962222190340792,2.602846975088968,6.6769516545062695,gavish_tnbc,drvi_argmax,0.20479895506775173,False,gavish_tnbc
DR 42-,gs_ind_0,MP10_PROTEIN_MATURATION,2/15,0.04316666661802156,0.08016666657632575,8.269476372924649,25.988373310923695,gavish_tnbc,drvi_argmax,0.12367977514152244,False,gavish_tnbc
DR 42-,gs_ind_0,MP12_EMT_1,6/45,0.00038860062706330597,0.0050518081518229774,7.98413715750681,62.699097016678444,gavish_tnbc,drvi_argmax,0.002239393444093628,True,gavish_tnbc
DR 42-,gs_ind_0,MP13_EMT_2,4/41,0.012341342202587776,0.032087489726728216,5.547469879518072,24.380023389016547,gavish_tnbc,drvi_argmax,0.044001691602507366,True,gavish_tnbc
DR 42-,gs_ind_0,MP14_EMT_3,1/32,0.5200116229671787,0.5982237075463062,2.059390048154093,1.346643628518322,gavish_tnbc,drvi_argmax,0.8854955850192359,False,gavish_tnbc
DR 42-,gs_ind_0,MP15_EMT_4,3/32,0.033494149507834414,0.07257065726697456,5.378065802592223,18.265979315554485,gavish_tnbc,drvi_argmax,0.10167866814878304,False,gavish_tnbc
DR 42-,gs_ind_0,MP18_INTERFERON_MHC_II_2,2/38,0.20987295021487473,0.3031498169770413,3.0223586836718628,4.718666351382508,gavish_tnbc,drvi_argmax,0.45320404347582377,False,gavish_tnbc
DR 42-,gs_ind_0,MP19_EPITHELIAL_SENESCENCE,1/35,0.5522064992735134,0.5982237075463062,1.8773815339521251,1.114851502276363,gavish_tnbc,drvi_argmax,0.9191077599623054,False,gavish_tnbc
DR 42-,gs_ind_0,MP22_SECRETED_1,1/28,0.47354361267105405,0.5982237075463062,2.3638406537282943,1.766997513979082,gavish_tnbc,drvi_argmax,0.8256657861956841,False,gavish_tnbc
DR 42-,gs_ind_0,MP23_SECRETED_2,1/40,0.6012329409476442,0.6012329409476442,1.635471483430522,0.8320834560051291,gavish_tnbc,drvi_argmax,0.9657599996324364,False,gavish_tnbc
DR 42-,gs_ind_0,MP39_METAL_RESPONSE,4/34,0.006338328663148302,0.02059956815523198,6.8455461189018365,34.64626840063318,gavish_tnbc,drvi_argmax,0.025058508668260728,True,gavish_tnbc
DR 42-,gs_ind_0,MP5_STRESS,5/42,0.0021019330628124317,0.013662564908280805,6.947654320987654,42.83157919682119,gavish_tnbc,drvi_argmax,0.01006559494867925,True,gavish_tnbc
DR 42-,gs_ind_0,MP6_HYPOXIA,4/32,0.00507873739811636,0.02059956815523198,7.333544705136335,38.74086228664386,gavish_tnbc,drvi_argmax,0.02072124858431475,True,gavish_tnbc
DR 42-,gs_ind_0,MP7_STRESS_IN_VITRO,2/20,0.07278546204633478,0.118276375825294,6.018949984467226,15.771087734449406,gavish_tnbc,drvi_argmax,0.19640521504566527,False,gavish_tnbc
DR 43-,gs_ind_0,MP13_EMT_2,1/41,0.15295214091940512,0.15295214091940512,9.641975308641975,18.10406413294791,gavish_tnbc,drvi_argmax,0.35423830846779397,False,gavish_tnbc
DR 43-,gs_ind_0,MP18_INTERFERON_MHC_II_2,3/38,0.00033214938083535707,0.0006642987616707141,35.08962868117798,281.06532025994375,gavish_tnbc,drvi_argmax,0.0019359563911546527,True,gavish_tnbc
DR 43-,gs_ind_0,MP39_METAL_RESPONSE,5/34,5.661828179770203e-08,2.2647312719080812e-07,104.59322033898304,1745.3401545959152,gavish_tnbc,drvi_argmax,6.562573572006372e-07,True,gavish_tnbc
DR 43-,gs_ind_0,MP6_HYPOXIA,2/32,0.006541400927304926,0.008721867903073234,24.747793190416143,124.47159782461604,gavish_tnbc,drvi_argmax,0.025761501721432527,True,gavish_tnbc
DR 44-,gs_ind_0,MP10_PROTEIN_MATURATION,3/15,0.0060504577291220765,0.0157311900957174,10.953939393939393,55.948574738041145,gavish_tnbc,drvi_argmax,0.024114507593571498,True,gavish_tnbc
DR 44-,gs_ind_0,MP12_EMT_1,2/45,0.3278980209830416,0.3278980209830416,2.1685444406509617,2.4180411830733806,gavish_tnbc,drvi_argmax,0.629860605278159,False,gavish_tnbc
DR 44-,gs_ind_0,MP13_EMT_2,3/41,0.08845468233634575,0.10453735185204498,3.5087235996326904,8.509584267582337,gavish_tnbc,drvi_argmax,0.23132123717391637,False,gavish_tnbc
DR 44-,gs_ind_0,MP14_EMT_3,7/32,1.087270074460922e-05,4.711503655997328e-05,12.433742727860375,142.1084215767562,gavish_tnbc,drvi_argmax,8.872123807601124e-05,True,gavish_tnbc
DR 44-,gs_ind_0,MP15_EMT_4,2/32,0.20133843813469285,0.2181166413125839,3.113942541795163,4.990927506733963,gavish_tnbc,drvi_argmax,0.4416456062309392,False,gavish_tnbc
DR 44-,gs_ind_0,MP18_INTERFERON_MHC_II_2,3/38,0.07386438275243437,0.10453735185204498,3.811210698534642,9.93020297421261,gavish_tnbc,drvi_argmax,0.19726082404984022,False,gavish_tnbc
DR 44-,gs_ind_0,MP19_EPITHELIAL_SENESCENCE,4/35,0.011726577377701676,0.021777929415731683,5.648011782032401,25.11048113723595,gavish_tnbc,drvi_argmax,0.04211658072273137,True,gavish_tnbc
DR 44-,gs_ind_0,MP22_SECRETED_1,3/28,0.03435606879284489,0.055828611788372944,5.333531392354922,17.979209522871397,gavish_tnbc,drvi_argmax,0.10265084977335785,False,gavish_tnbc
DR 44-,gs_ind_0,MP23_SECRETED_2,3/40,0.08346217754978026,0.10453735185204498,3.6041750841750844,8.950470411781723,gavish_tnbc,drvi_argmax,0.21997783230174645,False,gavish_tnbc
DR 44-,gs_ind_0,MP39_METAL_RESPONSE,4/34,0.010587176148721135,0.021777929415731683,5.836234578333615,26.543847397351154,gavish_tnbc,drvi_argmax,0.039412115590129776,True,gavish_tnbc
DR 44-,gs_ind_0,MP5_STRESS,17/42,1.0642137813027769e-17,1.38347791569361e-16,37.184479425573045,1453.2330521160459,gavish_tnbc,drvi_argmax,4.1749925266493555e-16,True,gavish_tnbc
DR 44-,gs_ind_0,MP6_HYPOXIA,9/32,4.7354390343306576e-08,3.0780353723149274e-07,17.894106138420153,301.7949492304753,gavish_tnbc,drvi_argmax,5.551894040249736e-07,True,gavish_tnbc
DR 44-,gs_ind_0,MP7_STRESS_IN_VITRO,5/20,0.00011283045215484322,0.00036669896950324043,14.443803056027164,131.28874308970413,gavish_tnbc,drvi_argmax,0.0007330386063563062,True,gavish_tnbc
DR 45+,gs_ind_0,MP10_PROTEIN_MATURATION,5/15,0.01238086812737217,0.028299127148279247,4.797345024966508,21.06803427985613,gavish_tnbc,drvi_argmax,0.044001691602507366,True,gavish_tnbc
DR 45+,gs_ind_0,MP12_EMT_1,6/45,0.2910444951125149,0.3582086093692491,1.4903192216328789,1.8394698964014418,gavish_tnbc,drvi_argmax,0.5802188554795275,False,gavish_tnbc
DR 45+,gs_ind_0,MP13_EMT_2,12/41,0.0004154095278364417,0.001107758740897178,3.9821516881715597,31.00601149959369,gavish_tnbc,drvi_argmax,0.0023671380915819586,True,gavish_tnbc
DR 45+,gs_ind_0,MP14_EMT_3,15/32,7.35023231463059e-08,3.9201239011363144e-07,8.515748941085869,139.87925630255776,gavish_tnbc,drvi_argmax,8.238721935080441e-07,True,gavish_tnbc
DR 45+,gs_ind_0,MP15_EMT_4,5/32,0.21016226721967124,0.30569057050133996,1.8143222506393861,2.8301165477429295,gavish_tnbc,drvi_argmax,0.45320404347582377,False,gavish_tnbc
DR 45+,gs_ind_0,MP17_INTERFERON_MHC_II_1,35/45,7.757096574641867e-28,1.2411354519426987e-26,36.57761473169328,2283.3127734812224,gavish_tnbc,drvi_argmax,5.27482567075647e-26,True,gavish_tnbc
DR 45+,gs_ind_0,MP18_INTERFERON_MHC_II_2,15/38,1.160728424056667e-06,4.642913696226668e-06,6.320181223834375,86.37452157311269,gavish_tnbc,drvi_argmax,1.0763118113980004e-05,True,gavish_tnbc
DR 45+,gs_ind_0,MP19_EPITHELIAL_SENESCENCE,17/35,4.663772224429638e-09,3.73101777954371e-08,9.188820973562118,176.2732070830098,gavish_tnbc,drvi_argmax,6.177983985608091e-08,True,gavish_tnbc
DR 45+,gs_ind_0,MP1_CELL_CYCLE_G2_M,2/47,0.9577056404856388,0.9577056404856388,0.48592465469039775,0.020999143014316133,gavish_tnbc,drvi_argmax,1.0,False,gavish_tnbc
DR 45+,gs_ind_0,MP22_SECRETED_1,5/28,0.14068145717872604,0.2501003683177352,2.1279316536975568,4.173421092475979,gavish_tnbc,drvi_argmax,0.3329352350865442,False,gavish_tnbc
DR 45+,gs_ind_0,MP23_SECRETED_2,14/40,1.4139101995007215e-05,4.524512638402309e-05,5.206181395113561,58.13517027878158,gavish_tnbc,drvi_argmax,0.00011267096902271375,True,gavish_tnbc
DR 45+,gs_ind_0,MP39_METAL_RESPONSE,8/34,0.01599739349460066,0.03199478698920132,2.9567753001715267,12.227240054483705,gavish_tnbc,drvi_argmax,0.05421043642688596,False,gavish_tnbc
DR 45+,gs_ind_0,MP3_CELL_CYCLE_HMG_RICH,1/11,0.6871503525497031,0.7329603760530167,1.2821339061940566,0.4810594070651021,gavish_tnbc,drvi_argmax,1.0,False,gavish_tnbc
DR 45+,gs_ind_0,MP5_STRESS,6/42,0.23800097329118305,0.3173346310549107,1.6155579814769165,2.3191020046526636,gavish_tnbc,drvi_argmax,0.49950821554939656,False,gavish_tnbc
DR 45+,gs_ind_0,MP6_HYPOXIA,5/32,0.21016226721967124,0.30569057050133996,1.8143222506393861,2.8301165477429295,gavish_tnbc,drvi_argmax,0.45320404347582377,False,gavish_tnbc
DR 45+,gs_ind_0,MP7_STRESS_IN_VITRO,3/20,0.32292763205506647,0.369060150920076,1.8060759493670886,2.0414564642132484,gavish_tnbc,drvi_argmax,0.6226581941326423,False,gavish_tnbc
DR 46-,gs_ind_0,MP10_PROTEIN_MATURATION,2/15,0.031592558879259984,0.07601169645279801,9.890918315575849,34.17147757068882,gavish_tnbc,drvi_argmax,0.09677000017070625,False,gavish_tnbc
DR 46-,gs_ind_0,MP12_EMT_1,1/45,0.5822867471091867,0.5822867471091867,1.7244943820224719,0.9325932141360335,gavish_tnbc,drvi_argmax,0.9469682260941936,False,gavish_tnbc
DR 46-,gs_ind_0,MP14_EMT_3,2/32,0.12216217008444186,0.21989190615199533,4.339770940938693,9.12395983102973,gavish_tnbc,drvi_argmax,0.2959748538862962,False,gavish_tnbc
DR 46-,gs_ind_0,MP15_EMT_4,1/32,0.4613584844083436,0.5822867471091867,2.4526984126984126,1.8973582289598205,gavish_tnbc,drvi_argmax,0.8127558792685846,False,gavish_tnbc
DR 46-,gs_ind_0,MP17_INTERFERON_MHC_II_1,1/45,0.5822867471091867,0.5822867471091867,1.7244943820224719,0.9325932141360335,gavish_tnbc,drvi_argmax,0.9469682260941936,False,gavish_tnbc
DR 46-,gs_ind_0,MP18_INTERFERON_MHC_II_2,3/38,0.033782976201243556,0.07601169645279801,5.353104542749454,18.135238287958735,gavish_tnbc,drvi_argmax,0.10225114458536626,False,gavish_tnbc
DR 46-,gs_ind_0,MP19_EPITHELIAL_SENESCENCE,4/35,0.0038047724378556815,0.017121475970350568,7.9979296066252585,44.560457569501615,gavish_tnbc,drvi_argmax,0.016170282860886648,True,gavish_tnbc
DR 46-,gs_ind_0,MP23_SECRETED_2,5/40,0.0007657126411237115,0.006891413770113404,8.914231658608367,63.95696997887687,gavish_tnbc,drvi_argmax,0.004154398372054179,True,gavish_tnbc
DR 46-,gs_ind_0,MP39_METAL_RESPONSE,1/34,0.4819640420334219,0.5822867471091867,2.3038805970149254,1.6815696619386056,gavish_tnbc,drvi_argmax,0.8360600729151197,False,gavish_tnbc
DR 47-,gs_ind_0,MP10_PROTEIN_MATURATION,4/15,0.014351109434146631,0.025513083438482898,5.609702870572436,23.807175237140353,gavish_tnbc,drvi_argmax,0.049959493593274965,True,gavish_tnbc
DR 47-,gs_ind_0,MP12_EMT_1,9/45,0.0021998942216482713,0.005028329649481763,3.8288496451559664,23.43005576391341,gavish_tnbc,drvi_argmax,0.010388389380005726,True,gavish_tnbc
DR 47-,gs_ind_0,MP13_EMT_2,9/41,0.0010931382018876312,0.0034980422460404196,4.309484090206982,29.385090521668563,gavish_tnbc,drvi_argmax,0.005777207077333595,True,gavish_tnbc
DR 47-,gs_ind_0,MP14_EMT_3,7/32,0.004057345380811457,0.008114690761622915,4.283887468030691,23.592338014245755,gavish_tnbc,drvi_argmax,0.01710120780342019,True,gavish_tnbc
DR 47-,gs_ind_0,MP15_EMT_4,6/32,0.016640243389617036,0.026624389423387258,3.5426563078061415,14.510476561948172,gavish_tnbc,drvi_argmax,0.05620214654771317,False,gavish_tnbc
DR 47-,gs_ind_0,MP17_INTERFERON_MHC_II_1,3/45,0.5852639036418557,0.6688730327335494,1.1519945909398241,0.6171147657968593,gavish_tnbc,drvi_argmax,0.9475701297058615,False,gavish_tnbc
DR 47-,gs_ind_0,MP18_INTERFERON_MHC_II_2,9/38,0.0006039130749411404,0.0032208697330194155,4.755496562521271,35.24812232142664,gavish_tnbc,drvi_argmax,0.0033117813787094798,True,gavish_tnbc
DR 47-,gs_ind_0,MP19_EPITHELIAL_SENESCENCE,2/35,0.6883734102246275,0.7342649709062693,1.0410873389705466,0.3887668327926232,gavish_tnbc,drvi_argmax,1.0,False,gavish_tnbc
DR 47-,gs_ind_0,MP1_CELL_CYCLE_G2_M,1/47,0.9621228045467773,0.9621228045467773,0.4434570906877663,0.017123288912745782,gavish_tnbc,drvi_argmax,1.0,False,gavish_tnbc
DR 47-,gs_ind_0,MP22_SECRETED_1,7/28,0.0017863114111885522,0.004763497096502806,5.091920213254895,32.219646813335174,gavish_tnbc,drvi_argmax,0.008802114200059533,True,gavish_tnbc
DR 47-,gs_ind_0,MP23_SECRETED_2,3/40,0.5036867903727569,0.6545599019613066,1.309169859514687,0.8978295429230096,gavish_tnbc,drvi_argmax,0.8663752549413355,False,gavish_tnbc
DR 47-,gs_ind_0,MP39_METAL_RESPONSE,14/34,7.488265244215241e-09,1.1981224390744386e-07,10.935299520359221,204.5986740747263,gavish_tnbc,drvi_argmax,9.79234685781993e-08,True,gavish_tnbc
DR 47-,gs_ind_0,MP3_CELL_CYCLE_HMG_RICH,1/11,0.5318299203435617,0.6545599019613066,2.0026954177897576,1.2645650505188235,gavish_tnbc,drvi_argmax,0.8996128005811491,False,gavish_tnbc
DR 47-,gs_ind_0,MP5_STRESS,7/42,0.01862176023330573,0.027086196702990152,3.0604576073039023,12.191101743914807,gavish_tnbc,drvi_argmax,0.0620725341110191,False,gavish_tnbc
DR 47-,gs_ind_0,MP6_HYPOXIA,8/32,0.0008350148995739822,0.0033400595982959287,5.09626798926742,36.12265832661846,gavish_tnbc,drvi_argmax,0.00448271156613401,True,gavish_tnbc
DR 47-,gs_ind_0,MP7_STRESS_IN_VITRO,9/20,1.7496492375512892e-06,1.3997193900410314e-05,12.318316745241837,163.29277979653867,gavish_tnbc,drvi_argmax,1.5793294002675354e-05,True,gavish_tnbc
DR 48-,gs_ind_0,MP10_PROTEIN_MATURATION,9/15,1.9028552933072915e-07,2.663997410630208e-06,19.197645770599507,297.07857896411576,gavish_tnbc,drvi_argmax,1.9409123991734373e-06,True,gavish_tnbc
DR 48-,gs_ind_0,MP12_EMT_1,1/45,0.9705312046391669,0.9705312046391669,0.41028260129383726,0.012272259822220959,gavish_tnbc,drvi_argmax,1.0,False,gavish_tnbc
DR 48-,gs_ind_0,MP13_EMT_2,1/41,0.9595521481032993,0.9705312046391669,0.45180197032048885,0.01865427795371544,gavish_tnbc,drvi_argmax,1.0,False,gavish_tnbc
DR 48-,gs_ind_0,MP14_EMT_3,10/32,6.0417806332021526e-05,0.00028194976288276714,6.120191158900837,59.452924301548045,gavish_tnbc,drvi_argmax,0.00041084108305774634,True,gavish_tnbc
DR 48-,gs_ind_0,MP15_EMT_4,5/32,0.08435682360572967,0.14762444131002694,2.525259515570934,6.24420813578718,gavish_tnbc,drvi_argmax,0.2217627837057842,False,gavish_tnbc
DR 48-,gs_ind_0,MP17_INTERFERON_MHC_II_1,6/45,0.1131104859003076,0.1759496447338118,2.078463370528823,4.529782672994455,gavish_tnbc,drvi_argmax,0.2786780087398883,False,gavish_tnbc
DR 48-,gs_ind_0,MP18_INTERFERON_MHC_II_2,9/38,0.0013892279495047166,0.0038898382586132064,4.177272453103323,27.482305203460584,gavish_tnbc,drvi_argmax,0.007085062542474055,True,gavish_tnbc
DR 48-,gs_ind_0,MP19_EPITHELIAL_SENESCENCE,12/35,3.5266970836419927e-06,2.468687958549395e-05,7.0735009671179885,88.80885714648866,gavish_tnbc,drvi_argmax,3.0228832145502793e-05,True,gavish_tnbc
DR 48-,gs_ind_0,MP22_SECRETED_1,2/28,0.6295704548024217,0.7344988639361587,1.1675727534377998,0.5402563571140995,gavish_tnbc,drvi_argmax,0.9864237540683105,False,gavish_tnbc
DR 48-,gs_ind_0,MP23_SECRETED_2,9/40,0.002047648217445499,0.004777845840706165,3.907755747613399,24.193163410841578,gavish_tnbc,drvi_argmax,0.00985189236695476,True,gavish_tnbc
DR 48-,gs_ind_0,MP39_METAL_RESPONSE,3/34,0.47090891704259585,0.5993386216905765,1.3807356844899508,1.0398190453868823,gavish_tnbc,drvi_argmax,0.8238886713266687,False,gavish_tnbc
DR 48-,gs_ind_0,MP5_STRESS,11/42,0.00015459450632994686,0.000541080772154814,4.798750787920463,42.10762232702498,gavish_tnbc,drvi_argmax,0.0009674012052548822,True,gavish_tnbc
DR 48-,gs_ind_0,MP6_HYPOXIA,3/32,0.43063806838237395,0.5993386216905765,1.4759645976745532,1.243481414322246,gavish_tnbc,drvi_argmax,0.7718590716362969,False,gavish_tnbc
DR 48-,gs_ind_0,MP7_STRESS_IN_VITRO,4/20,0.056115948520717863,0.11223189704143573,3.4404873477038427,9.909756879830894,gavish_tnbc,drvi_argmax,0.15511725607352905,False,gavish_tnbc
DR 49-,gs_ind_0,MP10_PROTEIN_MATURATION,3/15,0.18347850508240676,0.3669570101648135,2.535594936708861,4.299501222696118,gavish_tnbc,drvi_argmax,0.40951438771127985,False,gavish_tnbc
DR 49-,gs_ind_0,MP12_EMT_1,4/45,0.6738758121217782,0.7701437852820322,0.9709371838499035,0.3832380721699245,gavish_tnbc,drvi_argmax,1.0,False,gavish_tnbc
DR 49-,gs_ind_0,MP13_EMT_2,2/41,0.9281182735070824,0.9281182735070824,0.561649076937793,0.04189683318902598,gavish_tnbc,drvi_argmax,1.0,False,gavish_tnbc
DR 49-,gs_ind_0,MP14_EMT_3,5/32,0.21016226721967124,0.37362180839052667,1.8143222506393861,2.8301165477429295,gavish_tnbc,drvi_argmax,0.45320404347582377,False,gavish_tnbc
DR 49-,gs_ind_0,MP15_EMT_4,6/32,0.0927144584287314,0.24723855580995038,2.237813454915846,5.322036991596327,gavish_tnbc,drvi_argmax,0.23820843223502777,False,gavish_tnbc
DR 49-,gs_ind_0,MP18_INTERFERON_MHC_II_2,2/38,0.9068486227488389,0.9281182735070824,0.6088471757358269,0.059532919541558774,gavish_tnbc,drvi_argmax,1.0,False,gavish_tnbc
DR 49-,gs_ind_0,MP19_EPITHELIAL_SENESCENCE,4/35,0.46982030681412174,0.6264270757521623,1.286441294074882,0.9717841642807346,gavish_tnbc,drvi_argmax,0.8233964140041309,False,gavish_tnbc
DR 49-,gs_ind_0,MP1_CELL_CYCLE_G2_M,8/47,0.09026038958640693,0.24723855580995038,1.9691270754561894,4.735862006690463,gavish_tnbc,drvi_argmax,0.23426360656014011,False,gavish_tnbc
DR 49-,gs_ind_0,MP22_SECRETED_1,3/28,0.5418610936756788,0.6669059614469893,1.2339041945892282,0.7560693600349551,gavish_tnbc,drvi_argmax,0.9105408822886201,False,gavish_tnbc
DR 49-,gs_ind_0,MP23_SECRETED_2,5/40,0.3707677122632495,0.5392984905647266,1.3991210691257518,1.3881792777308652,gavish_tnbc,drvi_argmax,0.6913767212221472,False,gavish_tnbc
DR 49-,gs_ind_0,MP2_CELL_CYCLE_G1_S,15/30,2.4202081143869334e-08,3.8723329830190934e-07,9.625336927223719,168.79787052883742,gavish_tnbc,drvi_argmax,2.938824138898419e-07,True,gavish_tnbc
DR 49-,gs_ind_0,MP39_METAL_RESPONSE,6/34,0.1167145570867146,0.26677613048391907,2.078428719613945,4.464514788813273,gavish_tnbc,drvi_argmax,0.2848058570058586,False,gavish_tnbc
DR 49-,gs_ind_0,MP3_CELL_CYCLE_HMG_RICH,2/11,0.3026424059627462,0.48422784954039394,2.3750497149675196,2.838667372830134,gavish_tnbc,drvi_argmax,0.5947885435105995,False,gavish_tnbc
DR 49-,gs_ind_0,MP5_STRESS,10/42,0.006699654375554413,0.04414208674567236,2.9992731677771047,15.013459715383675,gavish_tnbc,drvi_argmax,0.026182557329752883,True,gavish_tnbc
DR 49-,gs_ind_0,MP6_HYPOXIA,8/32,0.01103552168641809,0.04414208674567236,3.201749271137026,14.429118415499222,gavish_tnbc,drvi_argmax,0.04020082900052304,True,gavish_tnbc
DR 49-,gs_ind_0,MP7_STRESS_IN_VITRO,6/20,0.010842424362194715,0.04414208674567236,4.1174541264072335,18.628551005288145,gavish_tnbc,drvi_argmax,0.039925172741655635,True,gavish_tnbc
DR 50+,gs_ind_0,MP10_PROTEIN_MATURATION,5/15,0.0020360560519836835,0.007126196181942893,7.635294117647059,47.31393743527762,gavish_tnbc,drvi_argmax,0.009842545843712594,True,gavish_tnbc
DR 50+,gs_ind_0,MP12_EMT_1,6/45,0.07177307390473646,0.1674705057777184,2.3798969330064543,6.2692337108691625,gavish_tnbc,drvi_argmax,0.19418709650618352,False,gavish_tnbc
DR 50+,gs_ind_0,MP13_EMT_2,4/41,0.28402434242178354,0.3614855267186336,1.7103501945525292,2.152809805526093,gavish_tnbc,drvi_argmax,0.571767150313989,False,gavish_tnbc
DR 50+,gs_ind_0,MP14_EMT_3,4/32,0.15621255087286376,0.27337196402751157,2.2615195576489864,4.198596303375907,gavish_tnbc,drvi_argmax,0.3588666709241465,False,gavish_tnbc
DR 50+,gs_ind_0,MP15_EMT_4,4/32,0.15621255087286376,0.27337196402751157,2.2615195576489864,4.198596303375907,gavish_tnbc,drvi_argmax,0.3588666709241465,False,gavish_tnbc
DR 50+,gs_ind_0,MP18_INTERFERON_MHC_II_2,4/38,0.23919390354740436,0.3614855267186336,1.8621214684486551,2.663728903739642,gavish_tnbc,drvi_argmax,0.5009810710849126,False,gavish_tnbc
DR 50+,gs_ind_0,MP1_CELL_CYCLE_G2_M,1/47,0.9611451943401318,0.9611451943401318,0.4470746964307617,0.017717478436006632,gavish_tnbc,drvi_argmax,1.0,False,gavish_tnbc
DR 50+,gs_ind_0,MP22_SECRETED_1,3/28,0.28029793900843175,0.3614855267186336,1.9538950715421304,2.4851633885678917,gavish_tnbc,drvi_argmax,0.5683974111105375,False,gavish_tnbc
DR 50+,gs_ind_0,MP23_SECRETED_2,1/40,0.936650866762618,0.9611451943401318,0.5283245896905232,0.0345760303745348,gavish_tnbc,drvi_argmax,1.0,False,gavish_tnbc
DR 50+,gs_ind_0,MP2_CELL_CYCLE_G1_S,2/30,0.5996552967529765,0.6995978462118059,1.2371445856019359,0.6326761051303332,gavish_tnbc,drvi_argmax,0.964745114649899,False,gavish_tnbc
DR 50+,gs_ind_0,MP39_METAL_RESPONSE,6/34,0.02140259050571617,0.05992725341600527,3.318285833159975,12.756298123458759,gavish_tnbc,drvi_argmax,0.07019499136922988,False,gavish_tnbc
DR 50+,gs_ind_0,MP5_STRESS,9/42,0.0012442051785712988,0.005806290833332728,4.214695752009185,28.193188809673178,gavish_tnbc,drvi_argmax,0.00640954182900366,True,gavish_tnbc
DR 50+,gs_ind_0,MP6_HYPOXIA,8/32,0.0007936050495994879,0.005555235347196415,5.139988525530694,36.6939907296603,gavish_tnbc,drvi_argmax,0.004282947886727395,True,gavish_tnbc
DR 50+,gs_ind_0,MP7_STRESS_IN_VITRO,17/20,3.0060463176842042e-18,4.208464844757886e-17,80.75757575757575,3258.237558225097,gavish_tnbc,drvi_argmax,1.2423003117138976e-16,True,gavish_tnbc
DR 51+,gs_ind_0,MP10_PROTEIN_MATURATION,2/15,0.09457122952718326,0.21752590724716686,5.183833468505001,12.22556309952479,gavish_tnbc,drvi_argmax,0.24221365799716874,False,gavish_tnbc
DR 51+,gs_ind_0,MP12_EMT_1,2/45,0.4723374235025031,0.5773012953919482,1.5836060072153704,1.1878021640183871,gavish_tnbc,drvi_argmax,0.8249728972132759,False,gavish_tnbc
DR 51+,gs_ind_0,MP13_EMT_2,1/41,0.7714024751114621,0.7714024751114621,1.0074606981081802,0.26148141169064293,gavish_tnbc,drvi_argmax,1.0,False,gavish_tnbc
DR 51+,gs_ind_0,MP14_EMT_3,3/32,0.09887541238507584,0.21752590724716686,3.3422473320778407,7.733608328061686,gavish_tnbc,drvi_argmax,0.24840620845511666,False,gavish_tnbc
DR 51+,gs_ind_0,MP15_EMT_4,4/32,0.023608795686805115,0.0865655841849521,4.517214087851207,16.922098033199738,gavish_tnbc,drvi_argmax,0.07644752889060703,False,gavish_tnbc
DR 51+,gs_ind_0,MP17_INTERFERON_MHC_II_1,18/45,5.300318536931682e-16,5.83035039062485e-15,24.39116883116883,857.9250835033854,gavish_tnbc,drvi_argmax,1.864249968162178e-14,True,gavish_tnbc
DR 51+,gs_ind_0,MP18_INTERFERON_MHC_II_2,8/38,3.175110180808256e-05,0.0001746310599444541,8.474360655737705,87.77389497058175,gavish_tnbc,drvi_argmax,0.00023132945603031578,True,gavish_tnbc
DR 51+,gs_ind_0,MP22_SECRETED_1,1/28,0.6337651745692825,0.6971416920262108,1.4939175931981687,0.6813411258943148,gavish_tnbc,drvi_argmax,0.9870360541792741,False,gavish_tnbc
DR 51+,gs_ind_0,MP23_SECRETED_2,3/40,0.1622866509593627,0.28244948459261554,2.618172839506173,4.760862077081191,gavish_tnbc,drvi_argmax,0.3708553848747929,False,gavish_tnbc
DR 51+,gs_ind_0,MP39_METAL_RESPONSE,2/34,0.3354443396020471,0.46123596695281477,2.1319483436271756,2.3287255536708718,gavish_tnbc,drvi_argmax,0.6426166564095115,False,gavish_tnbc
DR 51+,gs_ind_0,MP5_STRESS,3/42,0.1797405811043917,0.28244948459261554,2.4829817158931085,4.2613942377721745,gavish_tnbc,drvi_argmax,0.40382245093938224,False,gavish_tnbc
DR 53-,gs_ind_0,MP10_PROTEIN_MATURATION,3/15,0.09667757572603718,0.2706972120329041,3.490033898305085,8.154023756570483,gavish_tnbc,drvi_argmax,0.24469262342570205,False,gavish_tnbc
DR 53-,gs_ind_0,MP12_EMT_1,2/45,0.8637844337615949,0.9754915340488403,0.6995239753860444,0.10243272223333119,gavish_tnbc,drvi_argmax,1.0,False,gavish_tnbc
DR 53-,gs_ind_0,MP13_EMT_2,5/41,0.18925190298033637,0.334433989662689,1.879160193946241,3.1281934976527106,gavish_tnbc,drvi_argmax,0.4195005944212761,False,gavish_tnbc
DR 53-,gs_ind_0,MP14_EMT_3,4/32,0.2149932790688715,0.334433989662689,1.964253637506736,3.0193495550781067,gavish_tnbc,drvi_argmax,0.4616697782110504,False,gavish_tnbc
DR 53-,gs_ind_0,MP15_EMT_4,6/32,0.02855468815737167,0.09994140855080084,3.097016387020957,11.012786326583083,gavish_tnbc,drvi_argmax,0.08906966948170979,False,gavish_tnbc
DR 53-,gs_ind_0,MP18_INTERFERON_MHC_II_2,1/38,0.9497836586597992,0.9754915340488403,0.4852173913043478,0.02499890853110378,gavish_tnbc,drvi_argmax,1.0,False,gavish_tnbc
DR 53-,gs_ind_0,MP19_EPITHELIAL_SENESCENCE,5/35,0.1164602050181173,0.27174047837560705,2.256267252549152,4.851438599210441,gavish_tnbc,drvi_argmax,0.2848058570058586,False,gavish_tnbc
DR 53-,gs_ind_0,MP1_CELL_CYCLE_G2_M,1/47,0.9754915340488403,0.9754915340488403,0.3893623907649153,0.009661559531369919,gavish_tnbc,drvi_argmax,1.0,False,gavish_tnbc
DR 53-,gs_ind_0,MP22_SECRETED_1,10/28,1.6955481355792322e-05,0.00011868836949054626,7.402616139270943,81.31714158419588,gavish_tnbc,drvi_argmax,0.00013406659676672999,True,gavish_tnbc
DR 53-,gs_ind_0,MP23_SECRETED_2,4/40,0.3524705789352493,0.44859891864486273,1.5269998597409884,1.592337319433595,gavish_tnbc,drvi_argmax,0.6633210157084027,False,gavish_tnbc
DR 53-,gs_ind_0,MP39_METAL_RESPONSE,4/34,0.24816761359361875,0.34743465903106624,1.8334359089128853,2.5551696042626184,gavish_tnbc,drvi_argmax,0.5134502350212802,False,gavish_tnbc
DR 53-,gs_ind_0,MP5_STRESS,29/42,1.8534939915187813e-24,2.594891588126294e-23,33.04755372656607,1805.8825730370481,gavish_tnbc,drvi_argmax,1.0503132618606428e-22,True,gavish_tnbc
DR 53-,gs_ind_0,MP6_HYPOXIA,4/32,0.2149932790688715,0.334433989662689,1.964253637506736,3.0193495550781067,gavish_tnbc,drvi_argmax,0.4616697782110504,False,gavish_tnbc
DR 53-,gs_ind_0,MP7_STRESS_IN_VITRO,5/20,0.013683024453966406,0.0638541141185099,4.476333000775967,19.210627596902107,gavish_tnbc,drvi_argmax,0.04796111664276885,True,gavish_tnbc
DR 54+,gs_ind_0,MP10_PROTEIN_MATURATION,6/15,0.002146047010168408,0.017168376081347265,6.302124205114328,38.72105608064646,gavish_tnbc,drvi_argmax,0.01018124628079896,True,gavish_tnbc
DR 54+,gs_ind_0,MP12_EMT_1,8/45,0.07340305190582277,0.10676807549937858,2.0765021645021644,5.4233871005121665,gavish_tnbc,drvi_argmax,0.19702924458931376,False,gavish_tnbc
DR 54+,gs_ind_0,MP13_EMT_2,5/41,0.3915652655302362,0.48192648065259835,1.3600182181270364,1.2751572580814898,gavish_tnbc,drvi_argmax,0.7201974120741913,False,gavish_tnbc
DR 54+,gs_ind_0,MP14_EMT_3,8/32,0.01103552168641809,0.04414208674567236,3.201749271137026,14.429118415499222,gavish_tnbc,drvi_argmax,0.04020082900052304,True,gavish_tnbc
DR 54+,gs_ind_0,MP15_EMT_4,7/32,0.034619502276505,0.06154578182489778,2.6987384100927194,9.076769733058583,gavish_tnbc,drvi_argmax,0.10265084977335785,False,gavish_tnbc
DR 54+,gs_ind_0,MP18_INTERFERON_MHC_II_2,8/38,0.030435530579946916,0.06154578182489778,2.5632105599318713,8.951101874444937,gavish_tnbc,drvi_argmax,0.09378924831282735,False,gavish_tnbc
DR 54+,gs_ind_0,MP19_EPITHELIAL_SENESCENCE,1/35,0.9757922010267908,0.9757922010267908,0.38498419962950853,0.009434278050286153,gavish_tnbc,drvi_argmax,1.0,False,gavish_tnbc
DR 54+,gs_ind_0,MP1_CELL_CYCLE_G2_M,10/47,0.01511334366051868,0.04836269971365977,2.592020997375328,10.866211428867654,gavish_tnbc,drvi_argmax,0.05190441257147829,False,gavish_tnbc
DR 54+,gs_ind_0,MP22_SECRETED_1,2/28,0.7869329172064575,0.8393951116868881,0.8433534527826624,0.20207783760952594,gavish_tnbc,drvi_argmax,1.0,False,gavish_tnbc
DR 54+,gs_ind_0,MP23_SECRETED_2,3/40,0.7800706366903598,0.8393951116868881,0.8333839662447258,0.20698824535302182,gavish_tnbc,drvi_argmax,1.0,False,gavish_tnbc
DR 54+,gs_ind_0,MP2_CELL_CYCLE_G1_S,10/30,0.000400720386919582,0.006411526190713312,4.787209525638564,37.446733738704815,gavish_tnbc,drvi_argmax,0.0022962628913369308,True,gavish_tnbc
DR 54+,gs_ind_0,MP39_METAL_RESPONSE,7/34,0.04665903294045408,0.07465445270472652,2.499647639182523,7.6611418989712,gavish_tnbc,drvi_argmax,0.13183438670156,False,gavish_tnbc
DR 54+,gs_ind_0,MP3_CELL_CYCLE_HMG_RICH,2/11,0.3026424059627462,0.4035232079503283,2.3750497149675196,2.838667372830134,gavish_tnbc,drvi_argmax,0.5947885435105995,False,gavish_tnbc
DR 54+,gs_ind_0,MP5_STRESS,9/42,0.01988317940158735,0.05302181173756627,2.6173960484782355,10.254646668904533,gavish_tnbc,drvi_argmax,0.0656337960829097,False,gavish_tnbc
DR 54+,gs_ind_0,MP6_HYPOXIA,7/32,0.034619502276505,0.06154578182489778,2.6987384100927194,9.076769733058583,gavish_tnbc,drvi_argmax,0.10265084977335785,False,gavish_tnbc
DR 54+,gs_ind_0,MP7_STRESS_IN_VITRO,6/20,0.010842424362194715,0.04414208674567236,4.1174541264072335,18.628551005288145,gavish_tnbc,drvi_argmax,0.039925172741655635,True,gavish_tnbc
DR 1+,gs_ind_0,Adipogenesis,3/31,0.07713911482152615,0.19635411045479384,3.7480701754385963,9.603098514640205,hallmark,drvi_argmax,0.31210891852130646,False,hallmark
DR 1+,gs_ind_0,Allograft Rejection,3/90,0.5681141833085896,0.7365982574966016,1.18304,0.668929683019373,hallmark,drvi_argmax,1.0,False,hallmark
DR 1+,gs_ind_0,Angiogenesis,7/18,6.63790036744454e-07,6.195373676281571e-06,21.45484949832776,305.20166943568194,hallmark,drvi_argmax,2.1772313205218093e-05,True,hallmark
DR 1+,gs_ind_0,Apical Junction,4/37,0.03000383847695484,0.12001535390781937,4.155442300691663,14.570767364709072,hallmark,drvi_argmax,0.1597606983837855,False,hallmark
DR 1+,gs_ind_0,Apoptosis,7/59,0.0024727272083244064,0.013847272366616675,4.599511599511599,27.608262989305587,hallmark,drvi_argmax,0.025032547047234732,True,hallmark
DR 1+,gs_ind_0,Bile Acid Metabolism,1/16,0.411785628639432,0.6393097757316557,2.881470367591898,2.5565914527305638,hallmark,drvi_argmax,0.9142532910225657,False,hallmark
DR 1+,gs_ind_0,Cholesterol Homeostasis,1/20,0.4852168553299501,0.6793035974619301,2.285629099582588,1.6528740850416808,hallmark,drvi_argmax,0.9904428572296707,False,hallmark
DR 1+,gs_ind_0,Coagulation,10/52,3.5071342781574023e-06,2.4549939947101816e-05,8.428934817170111,105.87341679596142,hallmark,drvi_argmax,9.916724510651966e-05,True,hallmark
DR 1+,gs_ind_0,Complement,3/67,0.3726769755162449,0.6393097757316557,1.6248682170542637,1.60381520892014,hallmark,drvi_argmax,0.862450949924706,False,hallmark
DR 1+,gs_ind_0,Epithelial Mesenchymal Transition,28/115,2.4225012688938137e-19,6.7830035529026785e-18,16.055542857142857,688.2098654429628,hallmark,drvi_argmax,3.1365016428835694e-17,True,hallmark
DR 1+,gs_ind_0,Estrogen Response Early,4/45,0.05584152033843262,0.1737291743862348,3.340287981193065,9.63752445881781,hallmark,drvi_argmax,0.24917912159019126,False,hallmark
DR 1+,gs_ind_0,Estrogen Response Late,7/62,0.0032998038203350577,0.015399084494896936,4.343959343959344,24.820915676071607,hallmark,drvi_argmax,0.03208504900404839,True,hallmark
DR 1+,gs_ind_0,Glycolysis,2/43,0.4109588799055727,0.6393097757316557,1.7972678114030927,1.5982421812693122,hallmark,drvi_argmax,0.9134324763026025,False,hallmark
DR 1+,gs_ind_0,Hypoxia,5/73,0.08535316731377046,0.19915739039879776,2.47843397478434,6.099321225540225,hallmark,drvi_argmax,0.33487845548943435,False,hallmark
DR 1+,gs_ind_0,IL-2/STAT5 Signaling,2/73,0.6961045212850383,0.8046731360253506,1.0266505148394913,0.3719097500594539,hallmark,drvi_argmax,1.0,False,hallmark
DR 1+,gs_ind_0,IL-6/JAK/STAT3 Signaling,1/34,0.6778976379776842,0.8046731360253506,1.3207219715376606,0.5134425250313375,hallmark,drvi_argmax,1.0,False,hallmark
DR 1+,gs_ind_0,Inflammatory Response,1/71,0.908241236266926,0.908241236266926,0.6153719280884051,0.05922662934429379,hallmark,drvi_argmax,1.0,False,hallmark
DR 1+,gs_ind_0,Interferon Alpha Response,2/44,0.42244382625665255,0.6393097757316557,1.7540528022232516,1.5114651889009827,hallmark,drvi_argmax,0.927867689813719,False,hallmark
DR 1+,gs_ind_0,Interferon Gamma Response,2/99,0.8428424243600875,0.8865663389017069,0.7423783565515849,0.12692833321257346,hallmark,drvi_argmax,1.0,False,hallmark
DR 1+,gs_ind_0,KRAS Signaling Up,5/81,0.11973971651187156,0.25790092787172336,2.209744503862151,4.690038901525627,hallmark,drvi_argmax,0.4350955725542157,False,hallmark
DR 1+,gs_ind_0,Myogenesis,11/51,3.0995845460548483e-07,4.339418364476788e-06,9.875750368105107,148.00616785017107,hallmark,drvi_argmax,1.1730735358915272e-05,True,hallmark
DR 1+,gs_ind_0,TGF-beta Signaling,2/10,0.03956051490685787,0.13846180217400256,8.927744326076887,28.835933490455467,hallmark,drvi_argmax,0.1964894057525969,False,hallmark
DR 1+,gs_ind_0,TNF-alpha Signaling via NF-kB,2/102,0.8549032553695031,0.8865663389017069,0.7190425823637717,0.1127221255447257,hallmark,drvi_argmax,1.0,False,hallmark
DR 1+,gs_ind_0,UV Response Dn,3/30,0.07127358290261991,0.19635411045479384,3.8864,10.264874431754274,hallmark,drvi_argmax,0.29818539785789966,False,hallmark
DR 1+,gs_ind_0,UV Response Up,1/38,0.7184581571654917,0.8046731360253506,1.1773643410852712,0.3892929427563285,hallmark,drvi_argmax,1.0,False,hallmark
DR 1+,gs_ind_0,Xenobiotic Metabolism,3/43,0.1617525228884977,0.3235050457769954,2.6209382716049383,4.774531138346357,hallmark,drvi_argmax,0.5263375744784449,False,hallmark
DR 1+,gs_ind_0,heme Metabolism,1/26,0.5787557737473298,0.7365982574966016,1.742362061103511,0.9528537249170628,hallmark,drvi_argmax,1.0,False,hallmark
DR 1+,gs_ind_0,p53 Pathway,2/45,0.43381734781790926,0.6393097757316557,1.7128246900171962,1.4304341798112303,hallmark,drvi_argmax,0.9374976021957493,False,hallmark
DR 2-,gs_ind_0,Adipogenesis,5/31,0.037942492532428755,0.10507151778211041,3.2428150624950245,10.609464922469193,hallmark,drvi_argmax,0.19087634280117532,False,hallmark
DR 2-,gs_ind_0,Allograft Rejection,11/90,0.019600103410504836,0.0705603722778174,2.3125366876310274,9.093404023752282,hallmark,drvi_argmax,0.11875924726562044,False,hallmark
DR 2-,gs_ind_0,Androgen Response,4/20,0.03060686536999184,0.09182059610997552,4.2483834157474325,14.8121202099324,hallmark,drvi_argmax,0.16157272276862647,False,hallmark
DR 2-,gs_ind_0,Angiogenesis,2/18,0.30476005117395605,0.49869826555738256,2.3213617658062105,2.758312920056175,hallmark,drvi_argmax,0.7740332170696119,False,hallmark
DR 2-,gs_ind_0,Apical Junction,1/37,0.9065734117248446,0.9443794242870323,0.6177802627900475,0.06059390730605737,hallmark,drvi_argmax,1.0,False,hallmark
DR 2-,gs_ind_0,Apoptosis,9/59,0.008580270234196087,0.044127104061579873,3.002507674348221,14.286801851902377,hallmark,drvi_argmax,0.065248380385107,False,hallmark
DR 2-,gs_ind_0,Bile Acid Metabolism,1/16,0.6392289310902868,0.7191325474765726,1.4713627386438446,0.6584239729908063,hallmark,drvi_argmax,1.0,False,hallmark
DR 2-,gs_ind_0,Cholesterol Homeostasis,2/20,0.3510659827385148,0.5494945816776754,2.068179290401513,2.164930968143825,hallmark,drvi_argmax,0.8335665009926553,False,hallmark
DR 2-,gs_ind_0,Coagulation,6/52,0.09584935685183706,0.2156610529166334,2.178860672614962,5.109379295311729,hallmark,drvi_argmax,0.3661326364216136,False,hallmark
DR 2-,gs_ind_0,Complement,10/67,0.006622337594770737,0.04287468896079702,2.928979122773415,14.695587046570612,hallmark,drvi_argmax,0.05358865290505267,False,hallmark
DR 2-,gs_ind_0,DNA Repair,1/14,0.5900046540417754,0.7080055848501304,1.691156462585034,0.8922961815054506,hallmark,drvi_argmax,1.0,False,hallmark
DR 2-,gs_ind_0,Epithelial Mesenchymal Transition,9/115,0.27238738663907036,0.4792368620508171,1.3800971769481518,1.7948577957988712,hallmark,drvi_argmax,0.7259728831333837,False,hallmark
DR 2-,gs_ind_0,Estrogen Response Early,1/45,0.9443794242870323,0.9443794242870323,0.5045173125429947,0.028872143965498698,hallmark,drvi_argmax,1.0,False,hallmark
DR 2-,gs_ind_0,Estrogen Response Late,6/62,0.17767901581059486,0.35535803162118973,1.7834306157032573,3.081369754239173,hallmark,drvi_argmax,0.5657160175769207,False,hallmark
DR 2-,gs_ind_0,Fatty Acid Metabolism,3/23,0.1643941965522017,0.3481288868164271,2.631818641837871,4.7517172333024975,hallmark,drvi_argmax,0.5335220626892034,False,hallmark
DR 2-,gs_ind_0,Glycolysis,3/43,0.4993927696488377,0.6658570261984503,1.3178115875211311,0.9150387894030656,hallmark,drvi_argmax,1.0,False,hallmark
DR 2-,gs_ind_0,Hypoxia,11/73,0.0041089352294349955,0.036980417064914964,2.969351111111111,16.315370937059342,hallmark,drvi_argmax,0.03771634576272421,True,hallmark
DR 2-,gs_ind_0,IL-2/STAT5 Signaling,5/73,0.47039984914733224,0.6517410973131431,1.2260617820074533,0.924661715258519,hallmark,drvi_argmax,0.9802218869910213,False,hallmark
DR 2-,gs_ind_0,IL-6/JAK/STAT3 Signaling,6/34,0.015516274587140253,0.06206509834856101,3.5899216125419935,14.955131787148035,hallmark,drvi_argmax,0.09931574719863102,False,hallmark
DR 2-,gs_ind_0,Inflammatory Response,9/71,0.027225068494094888,0.08910022416249236,2.4100960698689957,8.68506339631743,hallmark,drvi_argmax,0.14916184520149983,False,hallmark
DR 2-,gs_ind_0,Interferon Alpha Response,1/44,0.9406471106958184,0.9443794242870323,0.5163969035890218,0.03159689349490894,hallmark,drvi_argmax,1.0,False,hallmark
DR 2-,gs_ind_0,Interferon Gamma Response,7/99,0.4083985199773084,0.6125977799659627,1.2426632641224915,1.1128196371409051,hallmark,drvi_argmax,0.9099559895948417,False,hallmark
DR 2-,gs_ind_0,KRAS Signaling Dn,2/34,0.6293555491665803,0.7191325474765726,1.1684077239632795,0.5410416199293986,hallmark,drvi_argmax,1.0,False,hallmark
DR 2-,gs_ind_0,KRAS Signaling Up,14/81,0.00028276780306035526,0.005089820455086395,3.5518011161846776,29.021356619788666,hallmark,drvi_argmax,0.004190414430894422,True,hallmark
DR 2-,gs_ind_0,Myogenesis,5/51,0.20108547635096075,0.38100406045445195,1.828093099224173,2.932307409779801,hallmark,drvi_argmax,0.6091998421469993,False,hallmark
DR 2-,gs_ind_0,PI3K/AKT/mTOR  Signaling,1/14,0.5900046540417754,0.7080055848501304,1.691156462585034,0.8922961815054506,hallmark,drvi_argmax,1.0,False,hallmark
DR 2-,gs_ind_0,Pperoxisome,1/13,0.5629502401185662,0.7080055848501304,1.8274285714285714,1.0499747395163308,hallmark,drvi_argmax,1.0,False,hallmark
DR 2-,gs_ind_0,TGF-beta Signaling,1/10,0.4707019036150478,0.6517410973131431,2.408378088077336,1.8147858303762652,hallmark,drvi_argmax,0.9802218869910213,False,hallmark
DR 2-,gs_ind_0,TNF-alpha Signaling via NF-kB,25/102,4.1597560615535026e-10,1.497512182159261e-08,6.014442443098084,129.9143294470285,hallmark,drvi_argmax,2.43642855033848e-08,True,hallmark
DR 2-,gs_ind_0,UV Response Dn,3/30,0.27955483619631,0.4792368620508171,1.9545077329309695,2.491131144578274,hallmark,drvi_argmax,0.7370899218037755,False,hallmark
DR 2-,gs_ind_0,UV Response Up,7/38,0.007145781493466169,0.04287468896079702,3.773758430410791,18.647020057594936,hallmark,drvi_argmax,0.05670523378686057,False,hallmark
DR 2-,gs_ind_0,Unfolded Protein Response,1/17,0.661595282640637,0.7217403083352405,1.3814471243042672,0.5706775553085327,hallmark,drvi_argmax,1.0,False,hallmark
DR 2-,gs_ind_0,Xenobiotic Metabolism,7/43,0.014121798515141436,0.06206509834856101,3.247986360162267,13.836537787104744,hallmark,drvi_argmax,0.09239261794480834,False,hallmark
DR 2-,gs_ind_0,heme Metabolism,6/26,0.003980745408857884,0.036980417064914964,5.012454592631033,27.700258586062883,hallmark,drvi_argmax,0.03731595865364936,True,hallmark
DR 2-,gs_ind_0,mTORC1 Signaling,6/45,0.05420165649191735,0.13008397558060164,2.5747912739025045,7.5056293609686495,hallmark,drvi_argmax,0.24375882078631933,False,hallmark
DR 2-,gs_ind_0,p53 Pathway,6/45,0.05420165649191735,0.13008397558060164,2.5747912739025045,7.5056293609686495,hallmark,drvi_argmax,0.24375882078631933,False,hallmark
DR 3+,gs_ind_0,Androgen Response,1/20,0.7571782564251457,0.9992190931557311,1.047686630712461,0.2914209257325237,hallmark,drvi_argmax,1.0,False,hallmark
DR 3+,gs_ind_0,Apoptosis,2/59,0.9198864552674446,0.9992190931557311,0.5842896395668337,0.04879112665215675,hallmark,drvi_argmax,1.0,False,hallmark
DR 3+,gs_ind_0,Bile Acid Metabolism,1/16,0.6773414695868178,0.9992190931557311,1.3209141768837043,0.5146014106260791,hallmark,drvi_argmax,1.0,False,hallmark
DR 3+,gs_ind_0,Cholesterol Homeostasis,2/20,0.3991971493662815,0.8346849486749521,1.8552195317994575,1.7036478649585303,hallmark,drvi_argmax,0.8960082002199383,False,hallmark
DR 3+,gs_ind_0,DNA Repair,3/14,0.0644069719475451,0.18517004434919218,4.225533300765347,11.588666174989891,hallmark,drvi_argmax,0.2755498278103669,False,hallmark
DR 3+,gs_ind_0,E2F Targets,46/63,2.7178346555258305e-43,3.125509853854705e-42,54.24388318863457,5316.514784074152,hallmark,drvi_argmax,2.228624417531181e-40,True,hallmark
DR 3+,gs_ind_0,Epithelial Mesenchymal Transition,2/115,0.9976452877671004,0.9992190931557311,0.28683490820955404,0.0006762101201198306,hallmark,drvi_argmax,1.0,False,hallmark
DR 3+,gs_ind_0,Estrogen Response Early,1/45,0.9594691482394362,0.9992190931557311,0.4528794726149509,0.018737941641319294,hallmark,drvi_argmax,1.0,False,hallmark
DR 3+,gs_ind_0,Estrogen Response Late,9/62,0.021883346252843335,0.07190242340219952,2.5228880337181603,9.642552178542475,hallmark,drvi_argmax,0.12919947470686685,False,hallmark
DR 3+,gs_ind_0,Fatty Acid Metabolism,2/23,0.4708327692844328,0.9024294744618295,1.5937581049537477,1.2005019623602928,hallmark,drvi_argmax,0.9802218869910213,False,hallmark
DR 3+,gs_ind_0,G2-M Checkpoint,48/59,2.1046588328004397e-49,4.8407153154410116e-48,88.32694669614345,9899.906431969834,hallmark,drvi_argmax,5.177460728689082e-46,True,hallmark
DR 3+,gs_ind_0,Glycolysis,8/43,0.007062695624573462,0.02707366656086494,3.4089439359894778,16.88425552037095,hallmark,drvi_argmax,0.05622728555485669,False,hallmark
DR 3+,gs_ind_0,Interferon Gamma Response,1/99,0.9992190931557311,0.9992190931557311,0.1985314777005638,0.0001550951550579362,hallmark,drvi_argmax,1.0,False,hallmark
DR 3+,gs_ind_0,Mitotic Spindle,27/41,3.6800137011525006e-23,2.8213438375502503e-22,32.050858132577545,1655.6364564271603,hallmark,drvi_argmax,5.65802106552197e-21,True,hallmark
DR 3+,gs_ind_0,Myc Targets V1,5/14,0.00164094478304564,0.0075483460020099435,8.169101460876526,52.3842251891084,hallmark,drvi_argmax,0.01843253043969075,True,hallmark
DR 3+,gs_ind_0,Myogenesis,1/51,0.9737184040855327,0.9992190931557311,0.39775674984472614,0.01059350722273912,hallmark,drvi_argmax,1.0,False,hallmark
DR 3+,gs_ind_0,PI3K/AKT/mTOR  Signaling,1/14,0.6281444505634453,0.9992190931557311,1.5182451824518246,0.7059614216053507,hallmark,drvi_argmax,1.0,False,hallmark
DR 3+,gs_ind_0,Pperoxisome,1/13,0.6008228110586522,0.9992190931557311,1.640590405904059,0.8358073321355196,hallmark,drvi_argmax,1.0,False,hallmark
DR 3+,gs_ind_0,Spermatogenesis,8/16,3.023676218319569e-06,1.7386138255337523e-05,14.447470817120623,183.6134437145531,hallmark,drvi_argmax,8.750874702430753e-05,True,hallmark
DR 3+,gs_ind_0,TNF-alpha Signaling via NF-kB,2/102,0.9944578315363294,0.9992190931557311,0.3263422663633505,0.0018136743165576834,hallmark,drvi_argmax,1.0,False,hallmark
DR 3+,gs_ind_0,UV Response Up,1/38,0.9329312291581614,0.9992190931557311,0.5394833948339484,0.0374529820306996,hallmark,drvi_argmax,1.0,False,hallmark
DR 3+,gs_ind_0,Unfolded Protein Response,2/17,0.32345792010139174,0.8266146847035566,2.2178918335531836,2.503304017557307,hallmark,drvi_argmax,0.7997050084918831,False,hallmark
DR 3+,gs_ind_0,mTORC1 Signaling,4/45,0.3665689846312355,0.8346849486749521,1.4922937031143442,1.4976190276701429,hallmark,drvi_argmax,0.8563719868877866,False,hallmark
DR 4+,gs_ind_0,Allograft Rejection,2/90,0.442153016026751,0.5710767844160881,1.6854990583804144,1.375534545582352,hallmark,drvi_argmax,0.9433620289902926,False,hallmark
DR 4+,gs_ind_0,Apical Junction,1/37,0.4627269841938916,0.5710767844160881,2.4423603793466806,1.8821270314837193,hallmark,drvi_argmax,0.9695982803381373,False,hallmark
DR 4+,gs_ind_0,Apoptosis,2/59,0.2541353876659295,0.5710767844160881,2.636991028295376,3.612382712962912,hallmark,drvi_argmax,0.7000818070080477,False,hallmark
DR 4+,gs_ind_0,Cholesterol Homeostasis,1/20,0.2842019070678357,0.5710767844160881,4.611834319526627,5.802012030527123,hallmark,drvi_argmax,0.7429720418564036,False,hallmark
DR 4+,gs_ind_0,Complement,2/67,0.3038321928138794,0.5710767844160881,2.3052223433902825,2.7461646446120387,hallmark,drvi_argmax,0.7729340168791555,False,hallmark
DR 4+,gs_ind_0,E2F Targets,3/63,0.08316618658661455,0.47820557287303367,3.6180734317843113,8.997839008144808,hallmark,drvi_argmax,0.32839296790220196,False,hallmark
DR 4+,gs_ind_0,Epithelial Mesenchymal Transition,2/115,0.5751552669893607,0.6299319590835856,1.2967624641633453,0.7172590881885579,hallmark,drvi_argmax,1.0,False,hallmark
DR 4+,gs_ind_0,Estrogen Response Late,2/62,0.27277327486097586,0.5710767844160881,2.5022956841138657,3.250768165775286,hallmark,drvi_argmax,0.7261594813188496,False,hallmark
DR 4+,gs_ind_0,Fatty Acid Metabolism,1/23,0.31941612001631464,0.5710767844160881,3.9907692307692306,4.55450758617447,hallmark,drvi_argmax,0.7936842872019965,False,hallmark
DR 4+,gs_ind_0,G2-M Checkpoint,4/59,0.014758145431018915,0.1131457816378117,5.256527714154833,22.16131119157364,hallmark,drvi_argmax,0.09553957305343824,False,hallmark
DR 4+,gs_ind_0,Hypoxia,2/73,0.34085975136256486,0.5710767844160881,2.105117105117105,2.2657042217635484,hallmark,drvi_argmax,0.8164702905081884,False,hallmark
DR 4+,gs_ind_0,IL-2/STAT5 Signaling,1/73,0.7097883895985272,0.7420514982166421,1.206684350132626,0.4136373930887385,hallmark,drvi_argmax,1.0,False,hallmark
DR 4+,gs_ind_0,IL-6/JAK/STAT3 Signaling,1/34,0.4347229798432038,0.5710767844160881,2.6652123995407577,2.2202452713856102,hallmark,drvi_argmax,0.9374976021957493,False,hallmark
DR 4+,gs_ind_0,Inflammatory Response,2/71,0.32856338795270024,0.5710767844160881,2.1679799017928514,2.413016909560684,hallmark,drvi_argmax,0.8074584758877548,False,hallmark
DR 4+,gs_ind_0,Interferon Alpha Response,5/44,0.0006135461257118277,0.014111560891372039,9.421940928270041,69.6870787566702,hallmark,drvi_argmax,0.008338803697519869,True,hallmark
DR 4+,gs_ind_0,Interferon Gamma Response,6/99,0.004709935697733351,0.05416426052393354,4.7386485172581425,25.390062696565515,hallmark,drvi_argmax,0.041528465291842453,True,hallmark
DR 4+,gs_ind_0,KRAS Signaling Dn,1/34,0.4347229798432038,0.5710767844160881,2.6652123995407577,2.2202452713856102,hallmark,drvi_argmax,0.9374976021957493,False,hallmark
DR 4+,gs_ind_0,TNF-alpha Signaling via NF-kB,1/102,0.8247919665774344,0.8247919665774344,0.8487305797650625,0.16348595233168717,hallmark,drvi_argmax,1.0,False,hallmark
DR 4+,gs_ind_0,UV Response Dn,1/30,0.39517419206666665,0.5710767844160881,3.0328552803129076,2.8157896386659025,hallmark,drvi_argmax,0.8902275755347985,False,hallmark
DR 4+,gs_ind_0,UV Response Up,1/38,0.47175908277850753,0.5710767844160881,2.376,1.7850575355139047,hallmark,drvi_argmax,0.9802218869910213,False,hallmark
DR 4+,gs_ind_0,Xenobiotic Metabolism,2/43,0.15706173254516012,0.5710767844160881,3.6842608529355516,6.8199955025061945,hallmark,drvi_argmax,0.517194735715422,False,hallmark
DR 4+,gs_ind_0,mTORC1 Signaling,1/45,0.5309869669542092,0.6106350119973406,1.9949870354364736,1.2628623089561108,hallmark,drvi_argmax,1.0,False,hallmark
DR 4+,gs_ind_0,p53 Pathway,2/45,0.1688006153821875,0.5710767844160881,3.5112205801860976,6.246591507079489,hallmark,drvi_argmax,0.5440360486043074,False,hallmark
DR 4-,gs_ind_0,Adipogenesis,1/31,0.962831362141731,0.989576677756779,0.43646000246517935,0.016531795388232576,hallmark,drvi_argmax,1.0,False,hallmark
DR 4-,gs_ind_0,Allograft Rejection,17/90,0.006255192455844147,0.014465132554139589,2.2414687946023095,11.373982310712298,hallmark,drvi_argmax,0.05095289218998875,False,hallmark
DR 4-,gs_ind_0,Androgen Response,3/20,0.32292763205506647,0.3982774128679153,1.8060759493670886,2.0414564642132484,hallmark,drvi_argmax,0.7991971578022772,False,hallmark
DR 4-,gs_ind_0,Angiogenesis,1/18,0.8511836055792987,0.8998226687552586,0.7662728249194415,0.12346756401790475,hallmark,drvi_argmax,1.0,False,hallmark
DR 4-,gs_ind_0,Apical Junction,6/37,0.15789156362694387,0.24341616059153845,1.8773003631615457,3.465208844945415,hallmark,drvi_argmax,0.517194735715422,False,hallmark
DR 4-,gs_ind_0,Apoptosis,19/59,1.6410888264940122e-06,1.0120047763379741e-05,4.670237730843791,62.208269995915195,hallmark,drvi_argmax,4.86395001587382e-05,True,hallmark
DR 4-,gs_ind_0,Cholesterol Homeostasis,6/20,0.010842424362194715,0.02285998486188578,4.1174541264072335,18.628551005288145,hallmark,drvi_argmax,0.07686560210662535,False,hallmark
DR 4-,gs_ind_0,Coagulation,12/52,0.004011479179753746,0.0114172868962222,2.8825686871663883,15.90772981557226,hallmark,drvi_argmax,0.03731595865364936,True,hallmark
DR 4-,gs_ind_0,Complement,26/67,1.4928784394967067e-10,1.8412167420459381e-09,6.438602547726724,145.67431517728576,hallmark,drvi_argmax,9.416617849133072e-09,True,hallmark
DR 4-,gs_ind_0,DNA Repair,3/14,0.1577563477284104,0.24341616059153845,2.757622454595487,5.092511146691434,hallmark,drvi_argmax,0.517194735715422,False,hallmark
DR 4-,gs_ind_0,E2F Targets,1/63,0.9988275493723563,0.9988275493723563,0.20914285714285713,0.0002453535346997812,hallmark,drvi_argmax,1.0,False,hallmark
DR 4-,gs_ind_0,Epithelial Mesenchymal Transition,17/115,0.06011002161434973,0.111203539986547,1.6483630478983111,4.634502439213601,hallmark,drvi_argmax,0.2607948027712528,False,hallmark
DR 4-,gs_ind_0,Estrogen Response Early,13/45,0.00027443218930083994,0.0011282212226812309,3.917907692307692,32.13000232506372,hallmark,drvi_argmax,0.004091534458667068,True,hallmark
DR 4-,gs_ind_0,Estrogen Response Late,8/62,0.2755930329413217,0.35161869720099664,1.4150125104253544,1.8237106017799394,hallmark,drvi_argmax,0.7282050064829767,False,hallmark
DR 4-,gs_ind_0,Fatty Acid Metabolism,4/23,0.1917640871699054,0.28381084901146,2.092190252495596,3.455229972678841,hallmark,drvi_argmax,0.5920391165073694,False,hallmark
DR 4-,gs_ind_0,Glycolysis,11/43,0.002455744353129197,0.007571878422148357,3.302252892226507,19.844312066440693,hallmark,drvi_argmax,0.024963351688833988,True,hallmark
DR 4-,gs_ind_0,Hypoxia,23/73,1.8872699400340835e-07,1.3965797556252217e-06,4.589234416399386,71.05495282766239,hallmark,drvi_argmax,8.004627676696285e-06,True,hallmark
DR 4-,gs_ind_0,IL-2/STAT5 Signaling,19/73,5.187177178640142e-05,0.00027417936515669323,3.4429448783076806,33.970627529448805,hallmark,drvi_argmax,0.0010374354357280283,True,hallmark
DR 4-,gs_ind_0,IL-6/JAK/STAT3 Signaling,9/34,0.0047390928215212845,0.011689762293085834,3.454103312343214,18.486048502140196,hallmark,drvi_argmax,0.04163631550336557,True,hallmark
DR 4-,gs_ind_0,Inflammatory Response,17/71,0.0003941617299086972,0.0014583984006621795,3.05614578906582,23.95636051464806,hallmark,drvi_argmax,0.005572631353881582,True,hallmark
DR 4-,gs_ind_0,Interferon Alpha Response,32/44,6.95791470862533e-24,1.2872142210956858e-22,27.597032640949553,1471.5334566039978,hallmark,drvi_argmax,1.141098012214554e-21,True,hallmark
DR 4-,gs_ind_0,Interferon Gamma Response,51/99,1.9253843393726722e-27,7.123922055678886e-26,12.44750543047271,765.704212606312,hallmark,drvi_argmax,3.6434195960436724e-25,True,hallmark
DR 4-,gs_ind_0,KRAS Signaling Dn,4/34,0.44677810185998823,0.5165871802756113,1.329370541859592,1.0710648378207714,hallmark,drvi_argmax,0.9500407136219832,False,hallmark
DR 4-,gs_ind_0,KRAS Signaling Up,12/81,0.10320627473421301,0.17357418932572188,1.6521000706066447,3.751961597220903,hallmark,drvi_argmax,0.3870235302532988,False,hallmark
DR 4-,gs_ind_0,Mitotic Spindle,3/41,0.7943673683633469,0.8906543221043586,0.8112773302646721,0.1867635410208216,hallmark,drvi_argmax,1.0,False,hallmark
DR 4-,gs_ind_0,Myogenesis,7/51,0.24317475170377745,0.3460563774246064,1.5299189966030833,2.1632671386948665,hallmark,drvi_argmax,0.6870810312594944,False,hallmark
DR 4-,gs_ind_0,PI3K/AKT/mTOR  Signaling,4/14,0.04353789159641081,0.08478431521406317,3.9051254089422027,12.239145895960975,hallmark,drvi_argmax,0.20596771793686652,False,hallmark
DR 4-,gs_ind_0,Pperoxisome,2/13,0.378900090174457,0.4522355914985455,1.9598072500273793,1.9019590764979972,hallmark,drvi_argmax,0.8654542449667264,False,hallmark
DR 4-,gs_ind_0,TGF-beta Signaling,2/10,0.26380321943881124,0.34859711140128624,2.65594902948585,3.5391897520682605,hallmark,drvi_argmax,0.7118619895968912,False,hallmark
DR 4-,gs_ind_0,TNF-alpha Signaling via NF-kB,31/102,2.8772954482575004e-09,2.6614982896381876e-08,4.495265796150752,88.40576297224739,hallmark,drvi_argmax,1.5059886814283938e-07,True,hallmark
DR 4-,gs_ind_0,UV Response Dn,6/30,0.07168723848029887,0.12630608684624087,2.4232201878180577,6.3862575477422325,hallmark,drvi_argmax,0.298899333324636,False,hallmark
DR 4-,gs_ind_0,UV Response Up,11/38,0.0008062053466583659,0.0027117816205781396,3.9136963300551693,27.877932409757033,hallmark,drvi_argmax,0.010605696004168877,True,hallmark
DR 4-,gs_ind_0,Unfolded Protein Response,6/17,0.004470933080813283,0.011689762293085834,5.200290600201185,28.13439456903835,hallmark,drvi_argmax,0.040287528860075736,True,hallmark
DR 4-,gs_ind_0,Xenobiotic Metabolism,3/43,0.8206520897061962,0.893062568209684,0.7703391154867948,0.15226216623947025,hallmark,drvi_argmax,1.0,False,hallmark
DR 4-,gs_ind_0,heme Metabolism,4/26,0.2583122881402949,0.34859711140128624,1.810178117048346,2.4502317691947635,hallmark,drvi_argmax,0.7060535875834727,False,hallmark
DR 4-,gs_ind_0,mTORC1 Signaling,10/45,0.011121073716593084,0.02285998486188578,2.741155594987246,12.332221740767828,hallmark,drvi_argmax,0.07691628616858343,False,hallmark
DR 4-,gs_ind_0,p53 Pathway,14/45,6.438646399233802e-05,0.0002977873959645633,4.3674624452104345,42.14866422860711,hallmark,drvi_argmax,0.0012278348947376088,True,hallmark
DR 5+,gs_ind_0,Allograft Rejection,1/90,0.9968163857619948,0.99938667608977,0.24903219824288927,0.000794087157407062,hallmark,drvi_argmax,1.0,False,hallmark
DR 5+,gs_ind_0,Androgen Response,1/20,0.7147268610475692,0.99938667608977,1.1876795403766358,0.3988879003820295,hallmark,drvi_argmax,1.0,False,hallmark
DR 5+,gs_ind_0,Apoptosis,1/59,0.9762046592397482,0.99938667608977,0.3875944249388233,0.009334445337025358,hallmark,drvi_argmax,1.0,False,hallmark
DR 5+,gs_ind_0,Cholesterol Homeostasis,1/20,0.7147268610475692,0.99938667608977,1.1876795403766358,0.3988879003820295,hallmark,drvi_argmax,1.0,False,hallmark
DR 5+,gs_ind_0,DNA Repair,8/14,3.164472312972317e-07,2.5315778503778537e-06,21.58556421552016,323.0519141076046,hallmark,drvi_argmax,1.1794851348351363e-05,True,hallmark
DR 5+,gs_ind_0,E2F Targets,41/63,1.666715865067342e-37,5.333490768215494e-36,42.55969634230504,3604.1590875911547,hallmark,drvi_argmax,6.833535046776102e-35,True,hallmark
DR 5+,gs_ind_0,Epithelial Mesenchymal Transition,1/115,0.99938667608977,0.99938667608977,0.19194042291036256,0.00011775776622990201,hallmark,drvi_argmax,1.0,False,hallmark
DR 5+,gs_ind_0,Estrogen Response Early,2/45,0.7683718373241466,0.99938667608977,0.8832299331505795,0.23271474747345594,hallmark,drvi_argmax,1.0,False,hallmark
DR 5+,gs_ind_0,Estrogen Response Late,5/62,0.3200548019936506,0.9310685148906199,1.496361261429371,1.7047490820596833,hallmark,drvi_argmax,0.7936842872019965,False,hallmark
DR 5+,gs_ind_0,Fatty Acid Metabolism,1/23,0.7639192303915832,0.99938667608977,1.0276625172890732,0.2767425429969258,hallmark,drvi_argmax,1.0,False,hallmark
DR 5+,gs_ind_0,G2-M Checkpoint,27/59,7.036809469812755e-19,1.1258895151700408e-17,16.542531542531542,691.4441031402105,hallmark,drvi_argmax,7.868432407154263e-17,True,hallmark
DR 5+,gs_ind_0,Glycolysis,3/43,0.4881790584521008,0.99938667608977,1.3415116945356045,0.96196183863941,hallmark,drvi_argmax,0.9941394733378874,False,hallmark
DR 5+,gs_ind_0,Hypoxia,1/73,0.9903667313893467,0.99938667608977,0.3103448275862069,0.003004128217572976,hallmark,drvi_argmax,1.0,False,hallmark
DR 5+,gs_ind_0,IL-2/STAT5 Signaling,2/73,0.9432772672842551,0.99938667608977,0.529157035433186,0.03090013183273571,hallmark,drvi_argmax,1.0,False,hallmark
DR 5+,gs_ind_0,Inflammatory Response,1/71,0.989033795291815,0.99938667608977,0.31950207468879666,0.0035230780546688855,hallmark,drvi_argmax,1.0,False,hallmark
DR 5+,gs_ind_0,Interferon Alpha Response,1/44,0.9377658398085207,0.99938667608977,0.5255401344970668,0.033768580748976845,hallmark,drvi_argmax,1.0,False,hallmark
DR 5+,gs_ind_0,Interferon Gamma Response,4/99,0.86271991486344,0.99938667608977,0.7156288292302551,0.10567346619489024,hallmark,drvi_argmax,1.0,False,hallmark
DR 5+,gs_ind_0,KRAS Signaling Dn,2/34,0.6201877781509662,0.99938667608977,1.1892500804634696,0.5681439834931996,hallmark,drvi_argmax,1.0,False,hallmark
DR 5+,gs_ind_0,KRAS Signaling Up,1/81,0.9942715386123755,0.99938667608977,0.27826602407154455,0.001598619373218843,hallmark,drvi_argmax,1.0,False,hallmark
DR 5+,gs_ind_0,Mitotic Spindle,11/41,1.6947350909297678e-05,0.00010846304581950514,6.31088198204881,69.3275567717895,hallmark,drvi_argmax,0.0003970522213035456,True,hallmark
DR 5+,gs_ind_0,Myc Targets V1,9/14,1.2587699568569263e-08,1.3426879539807213e-07,28.78020202020202,523.5275808095056,hallmark,drvi_argmax,6.193148187736077e-07,True,hallmark
DR 5+,gs_ind_0,Myogenesis,1/51,0.9602267391787944,0.99938667608977,0.4509675033893431,0.018302893027168813,hallmark,drvi_argmax,1.0,False,hallmark
DR 5+,gs_ind_0,PI3K/AKT/mTOR  Signaling,2/14,0.20601022557241203,0.7324808020352428,3.1255230125523012,4.937793372905625,hallmark,drvi_argmax,0.6206379825503622,False,hallmark
DR 5+,gs_ind_0,Pperoxisome,1/13,0.5568377298349391,0.99938667608977,1.8597510373443984,1.0888496602283992,hallmark,drvi_argmax,1.0,False,hallmark
DR 5+,gs_ind_0,Spermatogenesis,2/16,0.25183182900593437,0.80586185281899,2.691530803635839,3.711604181606013,hallmark,drvi_argmax,0.6973008574878752,False,hallmark
DR 5+,gs_ind_0,TNF-alpha Signaling via NF-kB,1/102,0.9985518122237598,0.99938667608977,0.21811826748155264,0.000316105153837322,hallmark,drvi_argmax,1.0,False,hallmark
DR 5+,gs_ind_0,UV Response Up,5/38,0.07546281066135004,0.31568458409458816,2.602203574402665,6.724394117437471,hallmark,drvi_argmax,0.3068405193833406,False,hallmark
DR 5+,gs_ind_0,Unfolded Protein Response,3/17,0.07892114602364704,0.31568458409458816,3.799941801251273,9.64921530664205,hallmark,drvi_argmax,0.31619872836835783,False,hallmark
DR 5+,gs_ind_0,Xenobiotic Metabolism,1/43,0.9336643510377315,0.99938667608977,0.5381986819624115,0.03694102781237036,hallmark,drvi_argmax,1.0,False,hallmark
DR 5+,gs_ind_0,heme Metabolism,1/26,0.8046868346969086,0.99938667608977,0.9052965584574079,0.19672284551594782,hallmark,drvi_argmax,1.0,False,hallmark
DR 5+,gs_ind_0,mTORC1 Signaling,6/45,0.0507019244402943,0.2704102636815696,2.6222258753904324,7.818930594784859,hallmark,drvi_argmax,0.23265314762739056,False,hallmark
DR 5+,gs_ind_0,p53 Pathway,3/45,0.5192630101412431,0.99938667608977,1.2769918093819805,0.8368698919900148,hallmark,drvi_argmax,1.0,False,hallmark
DR 6+,gs_ind_0,Androgen Response,3/20,0.0038555787163646704,0.061689259461834726,12.79016393442623,71.09072612119914,hallmark,drvi_argmax,0.03662055460330922,True,hallmark
DR 6+,gs_ind_0,Angiogenesis,1/18,0.25975092902919206,0.5133787970922695,5.144175824175824,6.9345139969556175,hallmark,drvi_argmax,0.706844342269704,False,hallmark
DR 6+,gs_ind_0,Cholesterol Homeostasis,1/20,0.2842019070678357,0.5133787970922695,4.611834319526627,5.802012030527123,hallmark,drvi_argmax,0.7429720418564036,False,hallmark
DR 6+,gs_ind_0,Epithelial Mesenchymal Transition,2/115,0.5751552669893607,0.707883405525367,1.2967624641633453,0.7172590881885579,hallmark,drvi_argmax,1.0,False,hallmark
DR 6+,gs_ind_0,Estrogen Response Early,3/45,0.036275048071011076,0.1934669230453924,5.199035679845709,17.24325251767387,hallmark,drvi_argmax,0.18361444085326592,False,hallmark
DR 6+,gs_ind_0,Estrogen Response Late,1/62,0.6492676776024853,0.7420202029742688,1.4307692307692308,0.6179638261632222,hallmark,drvi_argmax,1.0,False,hallmark
DR 6+,gs_ind_0,Fatty Acid Metabolism,1/23,0.31941612001631464,0.5133787970922695,3.9907692307692306,4.55450758617447,hallmark,drvi_argmax,0.7936842872019965,False,hallmark
DR 6+,gs_ind_0,Glycolysis,3/43,0.032258772139893595,0.1934669230453924,5.461445051608986,18.75441262244046,hallmark,drvi_argmax,0.16636599468372798,False,hallmark
DR 6+,gs_ind_0,Hypoxia,2/73,0.34085975136256486,0.5133787970922695,2.105117105117105,2.2657042217635484,hallmark,drvi_argmax,0.8164702905081884,False,hallmark
DR 6+,gs_ind_0,IL-2/STAT5 Signaling,2/73,0.34085975136256486,0.5133787970922695,2.105117105117105,2.2657042217635484,hallmark,drvi_argmax,0.8164702905081884,False,hallmark
DR 6+,gs_ind_0,KRAS Signaling Up,1/81,0.7473085050423516,0.797129072045175,1.0821786908743432,0.31521396499848564,hallmark,drvi_argmax,1.0,False,hallmark
DR 6+,gs_ind_0,Mitotic Spindle,1/41,0.49798078281610747,0.6639743770881433,2.1965811965811968,1.5314427726167013,hallmark,drvi_argmax,1.0,False,hallmark
DR 6+,gs_ind_0,Myogenesis,2/51,0.20485248155467348,0.5133787970922695,3.075998075998076,4.876887784964002,hallmark,drvi_argmax,0.6190873521185464,False,hallmark
DR 6+,gs_ind_0,TNF-alpha Signaling via NF-kB,1/102,0.8247919665774344,0.8247919665774344,0.8487305797650625,0.16348595233168717,hallmark,drvi_argmax,1.0,False,hallmark
DR 6+,gs_ind_0,Unfolded Protein Response,1/17,0.24722363705891695,0.5133787970922695,5.4587412587412585,7.628383142845093,hallmark,drvi_argmax,0.6923868653466496,False,hallmark
DR 6+,gs_ind_0,heme Metabolism,1/26,0.3529479230009353,0.5133787970922695,3.515837104072398,3.661514970121603,hallmark,drvi_argmax,0.8340556105497607,False,hallmark
DR 7+,gs_ind_0,Adipogenesis,1/31,0.7548124361652109,0.9158114464578314,1.05807962529274,0.2976229743881802,hallmark,drvi_argmax,1.0,False,hallmark
DR 7+,gs_ind_0,Allograft Rejection,1/90,0.9841540502937759,0.9841540502937759,0.3492737430167598,0.005578893266496876,hallmark,drvi_argmax,1.0,False,hallmark
DR 7+,gs_ind_0,Androgen Response,5/20,0.0013516104231002682,0.01441717784640286,8.063550318717404,53.271510474555754,hallmark,drvi_argmax,0.016062616622351013,True,hallmark
DR 7+,gs_ind_0,Angiogenesis,3/18,0.04161417895755421,0.15026639666463484,5.011318619128466,15.932557095294682,hallmark,drvi_argmax,0.20271461432788784,False,hallmark
DR 7+,gs_ind_0,Apical Junction,1/37,0.8137047266305149,0.9158114464578314,0.8813307240704501,0.18169313482968186,hallmark,drvi_argmax,1.0,False,hallmark
DR 7+,gs_ind_0,Apoptosis,6/59,0.04226242406192855,0.15026639666463484,2.7384310393656186,8.66400396034581,hallmark,drvi_argmax,0.20379904729917314,False,hallmark
DR 7+,gs_ind_0,Bile Acid Metabolism,1/16,0.5145767288169675,0.8997083385584904,2.0986175115207373,1.3943437242895727,hallmark,drvi_argmax,1.0,False,hallmark
DR 7+,gs_ind_0,Cholesterol Homeostasis,1/20,0.5951946712649802,0.8997083385584904,1.6646153846153846,0.8637135718706794,hallmark,drvi_argmax,1.0,False,hallmark
DR 7+,gs_ind_0,Coagulation,4/52,0.19283304292536566,0.5142214478009751,2.0472762764594643,3.3696745206739305,hallmark,drvi_argmax,0.5944477263112775,False,hallmark
DR 7+,gs_ind_0,Complement,3/67,0.5735211914148903,0.8997083385584904,1.1731719479577496,0.6522371361483673,hallmark,drvi_argmax,1.0,False,hallmark
DR 7+,gs_ind_0,Epithelial Mesenchymal Transition,10/115,0.026665001965441432,0.15026639666463484,2.291635222024331,8.305810401397219,hallmark,drvi_argmax,0.14707601980938548,False,hallmark
DR 7+,gs_ind_0,Estrogen Response Early,3/45,0.31752742344429374,0.67739183668116,1.8016511867905056,2.066838191163766,hallmark,drvi_argmax,0.7922083789786639,False,hallmark
DR 7+,gs_ind_0,Estrogen Response Late,4/62,0.28953130116706816,0.67739183668116,1.6882111970869367,2.09252404745101,hallmark,drvi_argmax,0.748922027172371,False,hallmark
DR 7+,gs_ind_0,Glycolysis,1/43,0.8585732310542169,0.9158114464578314,0.7544873949579832,0.11504672863119808,hallmark,drvi_argmax,1.0,False,hallmark
DR 7+,gs_ind_0,Hypoxia,4/73,0.4018836391827501,0.7564868502263531,1.4125835426333488,1.2877008272870392,hallmark,drvi_argmax,0.8989100183673489,False,hallmark
DR 7+,gs_ind_0,IL-2/STAT5 Signaling,2/73,0.8419240340980085,0.9158114464578314,0.7443712357007155,0.12808060111214475,hallmark,drvi_argmax,1.0,False,hallmark
DR 7+,gs_ind_0,IL-6/JAK/STAT3 Signaling,1/34,0.7862546412312077,0.9158114464578314,0.9617910447761194,0.23128628598740186,hallmark,drvi_argmax,1.0,False,hallmark
DR 7+,gs_ind_0,Inflammatory Response,1/71,0.9613578747018089,0.9841540502937759,0.4480243161094225,0.01765598467607787,hallmark,drvi_argmax,1.0,False,hallmark
DR 7+,gs_ind_0,Interferon Alpha Response,4/44,0.1251083299754678,0.400346655921497,2.4621959237343853,5.117859574676084,hallmark,drvi_argmax,0.4448014157628689,False,hallmark
DR 7+,gs_ind_0,Interferon Gamma Response,4/99,0.6442454331283962,0.8997083385584904,1.0135072338052604,0.44561431816045655,hallmark,drvi_argmax,1.0,False,hallmark
DR 7+,gs_ind_0,KRAS Signaling Dn,5/34,0.01491477971860853,0.11931823774886824,4.205521161067695,17.685909752293547,hallmark,drvi_argmax,0.09630015251385035,False,hallmark
DR 7+,gs_ind_0,KRAS Signaling Up,3/81,0.7028971394988206,0.8997083385584904,0.9566432003575819,0.33725950383283376,hallmark,drvi_argmax,1.0,False,hallmark
DR 7+,gs_ind_0,Mitotic Spindle,5/41,0.031568609886576914,0.15026639666463484,3.3863505864982364,11.701846030155089,hallmark,drvi_argmax,0.1652314474914451,False,hallmark
DR 7+,gs_ind_0,Myogenesis,2/51,0.6664352574412221,0.8997083385584904,1.0880481111694984,0.44154328714175484,hallmark,drvi_argmax,1.0,False,hallmark
DR 7+,gs_ind_0,TGF-beta Signaling,1/10,0.36301717822283397,0.7260343564456679,3.434887218045113,3.480588814659974,hallmark,drvi_argmax,0.8537497690517892,False,hallmark
DR 7+,gs_ind_0,TNF-alpha Signaling via NF-kB,12/102,0.0012826800736510473,0.01441717784640286,3.2905427364315893,21.911077761623815,hallmark,drvi_argmax,0.015467612652850864,True,hallmark
DR 7+,gs_ind_0,UV Response Dn,3/30,0.14257886644765125,0.41477488421134906,2.8066985645933014,5.4670558200388815,hallmark,drvi_argmax,0.48579502972468425,False,hallmark
DR 7+,gs_ind_0,UV Response Up,7/38,0.001040958066202794,0.01441717784640286,5.496640373940988,37.74880313393335,hallmark,drvi_argmax,0.013337275223223297,True,hallmark
DR 7+,gs_ind_0,Unfolded Protein Response,3/17,0.03579008779754097,0.15026639666463484,5.35974994958661,17.84841916481501,hallmark,drvi_argmax,0.1819459876455628,False,hallmark
DR 7+,gs_ind_0,Xenobiotic Metabolism,2/43,0.5723920044815727,0.8997083385584904,1.3033637439933143,0.7271872974728925,hallmark,drvi_argmax,1.0,False,hallmark
DR 7+,gs_ind_0,heme Metabolism,1/26,0.6919447939389964,0.8997083385584904,1.26890756302521,0.4672740732591752,hallmark,drvi_argmax,1.0,False,hallmark
DR 7+,gs_ind_0,p53 Pathway,3/45,0.31752742344429374,0.67739183668116,1.8016511867905056,2.066838191163766,hallmark,drvi_argmax,0.7922083789786639,False,hallmark
DR 7-,gs_ind_0,Adipogenesis,7/31,0.009037267448763882,0.03204122095470831,3.6483773837403812,17.170717567674746,hallmark,drvi_argmax,0.06696288531312997,False,hallmark
DR 7-,gs_ind_0,Allograft Rejection,13/90,0.022822973008489674,0.059339729822073146,2.0980513046350326,7.930608046196148,hallmark,drvi_argmax,0.1330046666027812,False,hallmark
DR 7-,gs_ind_0,Androgen Response,1/20,0.8108143381174973,0.9034788339023541,0.884494054841058,0.18549271498590741,hallmark,drvi_argmax,1.0,False,hallmark
DR 7-,gs_ind_0,Angiogenesis,1/18,0.7763642124846172,0.9034788339023541,0.9866606579540333,0.24975688827640602,hallmark,drvi_argmax,1.0,False,hallmark
DR 7-,gs_ind_0,Apical Junction,2/37,0.8069964020380191,0.9034788339023541,0.8077353006930472,0.1732075828050075,hallmark,drvi_argmax,1.0,False,hallmark
DR 7-,gs_ind_0,Apoptosis,13/59,0.0004981606512791127,0.0024285331749856745,3.558185621490697,27.058535465581954,hallmark,drvi_argmax,0.006891060274119353,True,hallmark
DR 7-,gs_ind_0,Bile Acid Metabolism,3/16,0.1286006047312205,0.2388296945008381,3.0291089811856584,6.212835088668465,hallmark,drvi_argmax,0.45453662017069324,False,hallmark
DR 7-,gs_ind_0,Cholesterol Homeostasis,5/20,0.01733782354547197,0.052013470636415905,4.1949055224971294,17.009774876385304,hallmark,drvi_argmax,0.10689485193448882,False,hallmark
DR 7-,gs_ind_0,Coagulation,13/52,0.00012817350803224397,0.0008331278022095858,4.205080571996371,37.686460582633956,hallmark,drvi_argmax,0.002108597520221043,True,hallmark
DR 7-,gs_ind_0,Complement,15/67,0.00014958633221098564,0.0008334095651754914,3.6562530894710825,32.20294947601357,hallmark,drvi_argmax,0.0024051135767256516,True,hallmark
DR 7-,gs_ind_0,DNA Repair,1/14,0.6876666084755525,0.8939665910182182,1.2818086225026288,0.4799746989326266,hallmark,drvi_argmax,1.0,False,hallmark
DR 7-,gs_ind_0,E2F Targets,1/63,0.9950334356630459,0.9950334356630459,0.26945110410094636,0.0013415805317664444,hallmark,drvi_argmax,1.0,False,hallmark
DR 7-,gs_ind_0,Epithelial Mesenchymal Transition,10/115,0.4323054553349062,0.7024963649192225,1.1560335399197958,0.9694761628228676,hallmark,drvi_argmax,0.9367673053630698,False,hallmark
DR 7-,gs_ind_0,Estrogen Response Early,8/45,0.022741081499168307,0.059339729822073146,2.69980198019802,10.214922803438837,hallmark,drvi_argmax,0.1330046666027812,False,hallmark
DR 7-,gs_ind_0,Estrogen Response Late,9/62,0.05280492951412393,0.12871201569067708,2.11019343620952,6.206396966652852,hallmark,drvi_argmax,0.2392267524949261,False,hallmark
DR 7-,gs_ind_0,Fatty Acid Metabolism,2/23,0.557008166376366,0.835512249564549,1.3440383905500184,0.7864981729737268,hallmark,drvi_argmax,1.0,False,hallmark
DR 7-,gs_ind_0,G2-M Checkpoint,1/59,0.9930072606053809,0.9950334356630459,0.28852220334870177,0.0020246477738474454,hallmark,drvi_argmax,1.0,False,hallmark
DR 7-,gs_ind_0,Glycolysis,10/43,0.001459988259700517,0.006326615792035573,3.7915938701143115,24.756555791603883,hallmark,drvi_argmax,0.017021664070442047,True,hallmark
DR 7-,gs_ind_0,Hypoxia,13/73,0.003955091302135733,0.015424856078329361,2.7134798183510562,15.013009786974646,hallmark,drvi_argmax,0.03731595865364936,True,hallmark
DR 7-,gs_ind_0,IL-2/STAT5 Signaling,9/73,0.12022216192444192,0.23594336779234903,1.7395503360890057,3.6850876090499884,hallmark,drvi_argmax,0.4362043043276211,False,hallmark
DR 7-,gs_ind_0,IL-6/JAK/STAT3 Signaling,3/34,0.5156117214175246,0.8043542854113384,1.2854100106496273,0.8514572294728333,hallmark,drvi_argmax,1.0,False,hallmark
DR 7-,gs_ind_0,Inflammatory Response,2/71,0.9815653522768093,0.9950334356630459,0.4048190019413041,0.007532339003389584,hallmark,drvi_argmax,1.0,False,hallmark
DR 7-,gs_ind_0,Interferon Alpha Response,20/44,1.0690210398067865e-11,2.0845910276232338e-10,10.90154341306415,275.39143975814113,hallmark,drvi_argmax,7.304977105346374e-10,True,hallmark
DR 7-,gs_ind_0,Interferon Gamma Response,35/99,8.96042209759458e-16,3.494564618061886e-14,7.857943401513029,272.26629889847806,hallmark,drvi_argmax,8.291144799815013e-14,True,hallmark
DR 7-,gs_ind_0,KRAS Signaling Dn,2/34,0.7671150650340293,0.9034788339023541,0.8837606837606837,0.23430127967576547,hallmark,drvi_argmax,1.0,False,hallmark
DR 7-,gs_ind_0,KRAS Signaling Up,6/81,0.6352480849240059,0.8939665910182182,0.9907673059084928,0.4495504318833949,hallmark,drvi_argmax,1.0,False,hallmark
DR 7-,gs_ind_0,Mitotic Spindle,3/41,0.6456199875563822,0.8939665910182182,1.047632878303805,0.4583856926125047,hallmark,drvi_argmax,1.0,False,hallmark
DR 7-,gs_ind_0,Myc Targets V1,1/14,0.6876666084755525,0.8939665910182182,1.2818086225026288,0.4799746989326266,hallmark,drvi_argmax,1.0,False,hallmark
DR 7-,gs_ind_0,Myogenesis,5/51,0.3820736217785979,0.6478639673637094,1.3745693704979642,1.3225308707280474,hallmark,drvi_argmax,0.8695932179952749,False,hallmark
DR 7-,gs_ind_0,PI3K/AKT/mTOR  Signaling,3/14,0.09376858036910049,0.2031652574663844,3.5597999722183635,8.425781126821851,hallmark,drvi_argmax,0.35986069845239815,False,hallmark
DR 7-,gs_ind_0,Pperoxisome,4/13,0.015574544621261338,0.050617270019099346,5.582162802504654,23.233617223203495,hallmark,drvi_argmax,0.09931574719863102,False,hallmark
DR 7-,gs_ind_0,TNF-alpha Signaling via NF-kB,7/102,0.7166676599688647,0.9016141528640557,0.8994077761565531,0.2996314592100659,hallmark,drvi_argmax,1.0,False,hallmark
DR 7-,gs_ind_0,UV Response Dn,1/30,0.9182531434043696,0.994774238688067,0.5814575201839277,0.04958795968458253,hallmark,drvi_argmax,1.0,False,hallmark
DR 7-,gs_ind_0,UV Response Up,6/38,0.07566596233846991,0.17358661948237214,2.3576547231270357,6.086113225383287,hallmark,drvi_argmax,0.30715885701755113,False,hallmark
DR 7-,gs_ind_0,Unfolded Protein Response,9/17,1.4226754632212065e-06,1.8494781021875682e-05,13.615985929255423,183.31162819615892,hallmark,drvi_argmax,4.320718073486627e-05,True,hallmark
DR 7-,gs_ind_0,Xenobiotic Metabolism,6/43,0.12099659886787129,0.23594336779234903,2.037654723127036,4.303512190344356,hallmark,drvi_argmax,0.4365913277003759,False,hallmark
DR 7-,gs_ind_0,heme Metabolism,4/26,0.1464587207743426,0.2596313686454255,2.3401929260450163,4.495537896851619,hallmark,drvi_argmax,0.4955824664441304,False,hallmark
DR 7-,gs_ind_0,mTORC1 Signaling,13/45,2.4173626890361108e-05,0.0002356928621810208,5.130637962719874,54.53995556824759,hallmark,drvi_argmax,0.0005262577181441444,True,hallmark
DR 7-,gs_ind_0,p53 Pathway,12/45,0.00012022182872536975,0.0008331278022095858,4.5750063243106505,41.294793750892495,hallmark,drvi_argmax,0.0020118755011184325,True,hallmark
DR 8+,gs_ind_0,Adipogenesis,2/31,0.5010141064238258,0.7970678965833593,1.4977106594907221,1.0350993212866897,hallmark,drvi_argmax,1.0,False,hallmark
DR 8+,gs_ind_0,Androgen Response,5/20,0.003246482949650418,0.012625211470862738,6.503068450039339,37.2637725270227,hallmark,drvi_argmax,0.03169185736563503,True,hallmark
DR 8+,gs_ind_0,Apical Junction,1/37,0.871712412326893,0.9764327636145804,0.7167663515338607,0.09840894646206087,hallmark,drvi_argmax,1.0,False,hallmark
DR 8+,gs_ind_0,Apoptosis,12/59,3.9929304883092124e-05,0.00019964652441546062,5.088178561587214,51.53510797432595,hallmark,drvi_argmax,0.0008185507501033885,True,hallmark
DR 8+,gs_ind_0,Bile Acid Metabolism,1/16,0.5865251139556233,0.8211351595378726,1.7069513857337575,0.9107264868916833,hallmark,drvi_argmax,1.0,False,hallmark
DR 8+,gs_ind_0,Cholesterol Homeostasis,2/20,0.2906307226257791,0.5086037645951135,2.4023312411938003,2.968565067957191,hallmark,drvi_argmax,0.748922027172371,False,hallmark
DR 8+,gs_ind_0,Coagulation,1/52,0.9448299145268523,0.9764327636145804,0.5038971694243128,0.028596341895482293,hallmark,drvi_argmax,1.0,False,hallmark
DR 8+,gs_ind_0,Complement,1/67,0.9764327636145804,0.9764327636145804,0.3870591972889971,0.009231124007983102,hallmark,drvi_argmax,1.0,False,hallmark
DR 8+,gs_ind_0,E2F Targets,2/63,0.8614854629549276,0.9764327636145804,0.70608407505876,0.10527508601681063,hallmark,drvi_argmax,1.0,False,hallmark
DR 8+,gs_ind_0,Epithelial Mesenchymal Transition,8/115,0.2699736336981926,0.5086037645951135,1.4196797943204393,1.8589727011288697,hallmark,drvi_argmax,0.7203201072641581,False,hallmark
DR 8+,gs_ind_0,Estrogen Response Early,11/45,1.348917743027445e-05,7.868686834326762e-05,6.423143350604491,72.02670714704873,hallmark,drvi_argmax,0.00033183376478475144,True,hallmark
DR 8+,gs_ind_0,Estrogen Response Late,8/62,0.015583690414094136,0.05454291644932948,2.883361762943156,11.99919762464391,hallmark,drvi_argmax,0.09931574719863102,False,hallmark
DR 8+,gs_ind_0,G2-M Checkpoint,1/59,0.9628734346267586,0.9764327636145804,0.441916456000963,0.0167191596396057,hallmark,drvi_argmax,1.0,False,hallmark
DR 8+,gs_ind_0,Glycolysis,4/43,0.19502720406240998,0.40152659659907936,2.0412768299394606,3.336704220090145,hallmark,drvi_argmax,0.5978904898892223,False,hallmark
DR 8+,gs_ind_0,Hypoxia,16/73,6.129371306422079e-07,5.363199893119319e-06,5.7595153243050605,82.38988667894911,hallmark,drvi_argmax,2.0376018126754478e-05,True,hallmark
DR 8+,gs_ind_0,IL-2/STAT5 Signaling,7/73,0.09141349178553937,0.22853372946384842,2.0508360453372236,4.906342630970322,hallmark,drvi_argmax,0.3541373067597273,False,hallmark
DR 8+,gs_ind_0,IL-6/JAK/STAT3 Signaling,2/34,0.5514333531607636,0.8041736400261136,1.3572730586948596,0.8078954709675408,hallmark,drvi_argmax,1.0,False,hallmark
DR 8+,gs_ind_0,Inflammatory Response,6/71,0.1758349888177333,0.38463903803879157,1.787726093332832,3.107442098521021,hallmark,drvi_argmax,0.5617585357034077,False,hallmark
DR 8+,gs_ind_0,Interferon Alpha Response,2/44,0.693013292958073,0.8983505649456501,1.0323390019514915,0.3785650074444329,hallmark,drvi_argmax,1.0,False,hallmark
DR 8+,gs_ind_0,Interferon Gamma Response,5/99,0.6211108206048681,0.8361107200450147,1.0217834559297974,0.48662003636830947,hallmark,drvi_argmax,1.0,False,hallmark
DR 8+,gs_ind_0,KRAS Signaling Dn,7/34,0.001670175686872021,0.0073070186300650914,5.065128900949796,32.39062030070293,hallmark,drvi_argmax,0.018675600862296235,True,hallmark
DR 8+,gs_ind_0,KRAS Signaling Up,5/81,0.4389120724243568,0.7315201207072614,1.2748286306392476,1.0497655099718828,hallmark,drvi_argmax,0.9413458571612187,False,hallmark
DR 8+,gs_ind_0,Mitotic Spindle,1/41,0.8974964973326588,0.9764327636145804,0.644583550686837,0.06970917219891579,hallmark,drvi_argmax,1.0,False,hallmark
DR 8+,gs_ind_0,Myc Targets V1,1/14,0.5380802585969243,0.8041736400261136,1.9619196661450182,1.2158949071716814,hallmark,drvi_argmax,1.0,False,hallmark
DR 8+,gs_ind_0,Myogenesis,4/51,0.28949690889568674,0.5086037645951135,1.6901601830663615,2.0951405790491773,hallmark,drvi_argmax,0.748922027172371,False,hallmark
DR 8+,gs_ind_0,PI3K/AKT/mTOR  Signaling,2/14,0.1700186774151118,0.38463903803879157,3.566824644549763,6.3198674775566985,hallmark,drvi_argmax,0.546726727374085,False,hallmark
DR 8+,gs_ind_0,TGF-beta Signaling,6/10,3.602489981274634e-06,2.521742986892244e-05,26.88943623426382,337.0291092763823,hallmark,drvi_argmax,0.00010070596993108635,True,hallmark
DR 8+,gs_ind_0,TNF-alpha Signaling via NF-kB,33/102,2.6828637721351154e-19,9.390023202472904e-18,11.80450002414176,504.78676833624706,hallmark,drvi_argmax,3.299922439726192e-17,True,hallmark
DR 8+,gs_ind_0,UV Response Dn,5/30,0.019472000286719818,0.06195636454865397,3.9318029650884743,15.486497949822978,hallmark,drvi_argmax,0.11827437211192778,False,hallmark
DR 8+,gs_ind_0,UV Response Up,12/38,2.5037715812838146e-07,2.921066844831117e-06,9.224044255655437,140.20821613269078,hallmark,drvi_argmax,1.009717719665276e-05,True,hallmark
DR 8+,gs_ind_0,Unfolded Protein Response,3/17,0.05856126347143772,0.15766494011540924,4.341362811417258,12.319406384277313,hallmark,drvi_argmax,0.25659704061176175,False,hallmark
DR 8+,gs_ind_0,Xenobiotic Metabolism,1/43,0.9083908225554969,0.9764327636145804,0.6135874067937034,0.058953828813577185,hallmark,drvi_argmax,1.0,False,hallmark
DR 8+,gs_ind_0,heme Metabolism,1/26,0.7628015746755982,0.9535019683444976,1.032035349351008,0.2794311469276584,hallmark,drvi_argmax,1.0,False,hallmark
DR 8+,gs_ind_0,mTORC1 Signaling,6/45,0.030192199685172533,0.08806058241508655,3.006609715033984,10.523650166953903,hallmark,drvi_argmax,0.160070713848113,False,hallmark
DR 8+,gs_ind_0,p53 Pathway,13/45,2.4705131651293625e-07,2.921066844831117e-06,8.182417582417582,124.48459895970326,hallmark,drvi_argmax,1.009717719665276e-05,True,hallmark
DR 9+,gs_ind_0,Adipogenesis,2/31,0.2204091735981223,0.5425456580876856,2.9233470758894486,4.420888854864582,hallmark,drvi_argmax,0.6493491820974621,False,hallmark
DR 9+,gs_ind_0,Allograft Rejection,2/90,0.7372549711118157,0.8737836694658556,0.9444189952664529,0.2878792039361488,hallmark,drvi_argmax,1.0,False,hallmark
DR 9+,gs_ind_0,Apical Junction,1/37,0.6603058375996621,0.8737836694658556,1.3874409019275065,0.5758603445926983,hallmark,drvi_argmax,1.0,False,hallmark
DR 9+,gs_ind_0,Apoptosis,2/59,0.5071804895206989,0.8114887832331183,1.4778691735213474,1.003308155317171,hallmark,drvi_argmax,1.0,False,hallmark
DR 9+,gs_ind_0,Bile Acid Metabolism,2/16,0.07417750579508088,0.23736801854425882,5.994097545821684,15.592411966429074,hallmark,drvi_argmax,0.30463549959248576,False,hallmark
DR 9+,gs_ind_0,Cholesterol Homeostasis,1/20,0.44070915661557714,0.7834829450943593,2.620149761742682,2.1468724506761347,hallmark,drvi_argmax,0.9419153130098347,False,hallmark
DR 9+,gs_ind_0,Coagulation,2/52,0.440517669067573,0.7834829450943593,1.688966193916689,1.3846224627935284,hallmark,drvi_argmax,0.9419153130098347,False,hallmark
DR 9+,gs_ind_0,Complement,1/67,0.8606014410220717,0.9515625678498947,0.7495508683212456,0.11252541275795268,hallmark,drvi_argmax,1.0,False,hallmark
DR 9+,gs_ind_0,DNA Repair,1/14,0.3337811507678258,0.7373625014796047,3.7964601769911503,4.165740863693672,hallmark,drvi_argmax,0.8106900062756482,False,hallmark
DR 9+,gs_ind_0,E2F Targets,5/63,0.031360706417950475,0.16395618143309187,3.3765567765567766,11.690313378246003,hallmark,drvi_argmax,0.16449325754404728,False,hallmark
DR 9+,gs_ind_0,Epithelial Mesenchymal Transition,3/115,0.6473752389967109,0.8737836694658556,1.0455045871559634,0.4546159076095092,hallmark,drvi_argmax,1.0,False,hallmark
DR 9+,gs_ind_0,Estrogen Response Early,1/45,0.7317602595430626,0.8737836694658556,1.1332405289847867,0.3539136609963203,hallmark,drvi_argmax,1.0,False,hallmark
DR 9+,gs_ind_0,Estrogen Response Late,5/62,0.029500573553119434,0.16395618143309187,3.4371014492753624,12.110096176448016,hallmark,drvi_argmax,0.1581076491082218,False,hallmark
DR 9+,gs_ind_0,Fatty Acid Metabolism,3/23,0.025942347441678563,0.16395618143309187,6.0257328261356005,22.005244812127945,hallmark,drvi_argmax,0.14504130615120286,False,hallmark
DR 9+,gs_ind_0,G2-M Checkpoint,2/59,0.5071804895206989,0.8114887832331183,1.4778691735213474,1.003308155317171,hallmark,drvi_argmax,1.0,False,hallmark
DR 9+,gs_ind_0,Glycolysis,3/43,0.12164288031018111,0.324381014160483,3.018348623853211,6.358651629644768,hallmark,drvi_argmax,0.4365913277003759,False,hallmark
DR 9+,gs_ind_0,Hypoxia,1/73,0.8835440801411079,0.9515625678498947,0.6853219407995117,0.08485251645539578,hallmark,drvi_argmax,1.0,False,hallmark
DR 9+,gs_ind_0,IL-2/STAT5 Signaling,3/73,0.3456386725685647,0.7373625014796047,1.7066172164747218,1.8130441675002553,hallmark,drvi_argmax,0.8223125092056761,False,hallmark
DR 9+,gs_ind_0,Interferon Gamma Response,1/99,0.9469279435319192,0.9515625678498947,0.4974170073222227,0.027125282468730607,hallmark,drvi_argmax,1.0,False,hallmark
DR 9+,gs_ind_0,KRAS Signaling Up,1/81,0.9084522138982395,0.9515625678498947,0.6145770351233991,0.05900737960668763,hallmark,drvi_argmax,1.0,False,hallmark
DR 9+,gs_ind_0,Mitotic Spindle,1/41,0.6981030505837995,0.8737836694658556,1.247787610619469,0.4484405803099581,hallmark,drvi_argmax,1.0,False,hallmark
DR 9+,gs_ind_0,Myc Targets V1,2/14,0.05831864212156926,0.20735517198780182,6.960360360360361,19.780185068677856,hallmark,drvi_argmax,0.25618546360546496,False,hallmark
DR 9+,gs_ind_0,Myogenesis,4/51,0.05487984050302674,0.20735517198780182,3.358288243974422,9.747798359440573,hallmark,drvi_argmax,0.24546255934081052,False,hallmark
DR 9+,gs_ind_0,Pperoxisome,3/13,0.005125991822688431,0.0820158691630149,11.825688073394495,62.361952995274194,hallmark,drvi_argmax,0.04377929010802806,True,hallmark
DR 9+,gs_ind_0,Spermatogenesis,1/16,0.37148388421581546,0.7429677684316309,3.3031687125321154,3.2709621439784415,hallmark,drvi_argmax,0.8613272253138179,False,hallmark
DR 9+,gs_ind_0,TNF-alpha Signaling via NF-kB,1/102,0.9515625678498947,0.9515625678498947,0.48193033698068793,0.023927762840378234,hallmark,drvi_argmax,1.0,False,hallmark
DR 9+,gs_ind_0,UV Response Up,1/38,0.670169600848169,0.8737836694658556,1.3497345132743364,0.5401967708167181,hallmark,drvi_argmax,1.0,False,hallmark
DR 9+,gs_ind_0,Unfolded Protein Response,3/17,0.011239663589078634,0.11988974495017209,8.545713381841189,38.35577976314765,hallmark,drvi_argmax,0.07723344253947888,False,hallmark
DR 9+,gs_ind_0,Xenobiotic Metabolism,3/43,0.12164288031018111,0.324381014160483,3.018348623853211,6.358651629644768,hallmark,drvi_argmax,0.4365913277003759,False,hallmark
DR 9+,gs_ind_0,heme Metabolism,3/26,0.03586541468848885,0.16395618143309187,5.2482920163966424,17.466220453286777,hallmark,drvi_argmax,0.1819459876455628,False,hallmark
DR 9+,gs_ind_0,mTORC1 Signaling,6/45,0.0014128209295144107,0.04521026974446114,6.085412314120683,39.933491345864354,hallmark,drvi_argmax,0.01662937553399737,True,hallmark
DR 9+,gs_ind_0,p53 Pathway,1/45,0.7317602595430626,0.8737836694658556,1.1332405289847867,0.3539136609963203,hallmark,drvi_argmax,1.0,False,hallmark
DR 9-,gs_ind_0,Adipogenesis,1/31,0.9456626278101359,0.9974455447431477,0.4966520434079889,0.027747653541282412,hallmark,drvi_argmax,1.0,False,hallmark
DR 9-,gs_ind_0,Androgen Response,5/20,0.027123442805668904,0.1356172140283445,3.696662638282049,13.335181389621026,hallmark,drvi_argmax,0.14893676183469978,False,hallmark
DR 9-,gs_ind_0,Angiogenesis,1/18,0.8146190847234666,0.9974455447431477,0.8718712273641851,0.17876381692178506,hallmark,drvi_argmax,1.0,False,hallmark
DR 9-,gs_ind_0,Apical Junction,2/37,0.8558494997449988,0.9974455447431477,0.7132027291226111,0.11101766198427256,hallmark,drvi_argmax,1.0,False,hallmark
DR 9-,gs_ind_0,Apoptosis,10/59,0.032230121115494344,0.14100677988028776,2.232622965560651,7.668733533735865,hallmark,drvi_argmax,0.16636599468372798,False,hallmark
DR 9-,gs_ind_0,Bile Acid Metabolism,2/16,0.4236371441235641,0.9262245216046643,1.7666308488815083,1.5173203389752816,hallmark,drvi_argmax,0.9280030049367478,False,hallmark
DR 9-,gs_ind_0,Cholesterol Homeostasis,3/20,0.26057153678959494,0.7600003156363185,2.0575498575498576,2.7671532124190015,hallmark,drvi_argmax,0.7082939011076282,False,hallmark
DR 9-,gs_ind_0,Coagulation,3/52,0.8563830023867147,0.9974455447431477,0.7145241589686034,0.11077808946554757,hallmark,drvi_argmax,1.0,False,hallmark
DR 9-,gs_ind_0,Complement,2/67,0.9864689360969816,0.9974455447431477,0.38005752221957917,0.005177691998218626,hallmark,drvi_argmax,1.0,False,hallmark
DR 9-,gs_ind_0,E2F Targets,1/63,0.9974455447431477,0.9974455447431477,0.2380394366197183,0.0006088390477564803,hallmark,drvi_argmax,1.0,False,hallmark
DR 9-,gs_ind_0,Epithelial Mesenchymal Transition,10/115,0.582531048899222,0.9974455447431477,1.0144570858002728,0.5481850079515231,hallmark,drvi_argmax,1.0,False,hallmark
DR 9-,gs_ind_0,Estrogen Response Early,13/45,8.176842330178148e-05,0.0009539649385207839,4.493934464327213,42.295200841110216,hallmark,drvi_argmax,0.0015238660706241094,True,hallmark
DR 9-,gs_ind_0,Estrogen Response Late,6/62,0.4794843108716005,0.9262245216046643,1.1781197896626907,0.8659700063296943,hallmark,drvi_argmax,0.9887103141191426,False,hallmark
DR 9-,gs_ind_0,Fatty Acid Metabolism,1/23,0.8842521616387886,0.9974455447431477,0.6762441314553991,0.08318682360179938,hallmark,drvi_argmax,1.0,False,hallmark
DR 9-,gs_ind_0,Glycolysis,5/43,0.3350646203299242,0.8376615508248104,1.4693289419514204,1.6066110915439658,hallmark,drvi_argmax,0.8106900062756482,False,hallmark
DR 9-,gs_ind_0,Hypoxia,17/73,0.00013318014611702787,0.001165326278523994,3.387901038384613,30.232977929274778,hallmark,drvi_argmax,0.0021637940123376987,True,hallmark
DR 9-,gs_ind_0,IL-2/STAT5 Signaling,9/73,0.1958942011588265,0.6232997309599025,1.5280464658937596,2.490991636595428,hallmark,drvi_argmax,0.5978904898892223,False,hallmark
DR 9-,gs_ind_0,IL-6/JAK/STAT3 Signaling,2/34,0.8207977194676601,0.9974455447431477,0.7803443015907605,0.1541012869270154,hallmark,drvi_argmax,1.0,False,hallmark
DR 9-,gs_ind_0,Inflammatory Response,5/71,0.7731930418795916,0.9974455447431477,0.8373166345257957,0.215380053088173,hallmark,drvi_argmax,1.0,False,hallmark
DR 9-,gs_ind_0,Interferon Alpha Response,3/44,0.7660517378822775,0.9974455447431477,0.856108193457591,0.22815760087643444,hallmark,drvi_argmax,1.0,False,hallmark
DR 9-,gs_ind_0,Interferon Gamma Response,5/99,0.9504895451494217,0.9974455447431477,0.5798301389079487,0.029442682303614996,hallmark,drvi_argmax,1.0,False,hallmark
DR 9-,gs_ind_0,KRAS Signaling Dn,10/34,0.00047903450158327706,0.0033532415110829397,4.5743959304790165,34.9654837025501,hallmark,drvi_argmax,0.006695595874402622,True,hallmark
DR 9-,gs_ind_0,KRAS Signaling Up,6/81,0.7429586969775782,0.9974455447431477,0.8721566369133315,0.2591306668471346,hallmark,drvi_argmax,1.0,False,hallmark
DR 9-,gs_ind_0,Mitotic Spindle,4/41,0.502807597442532,0.9262245216046643,1.2278510028653296,0.8442061232782454,hallmark,drvi_argmax,1.0,False,hallmark
DR 9-,gs_ind_0,Myogenesis,6/51,0.2985531699336648,0.8037969959752514,1.4720496894409938,1.779424319705215,hallmark,drvi_argmax,0.7629587031118394,False,hallmark
DR 9-,gs_ind_0,PI3K/AKT/mTOR  Signaling,1/14,0.7300286809709984,0.9974455447431477,1.1327073552425666,0.35643067338718093,hallmark,drvi_argmax,1.0,False,hallmark
DR 9-,gs_ind_0,TGF-beta Signaling,3/10,0.05209759202446102,0.20260174676179288,4.827540360873694,14.263627195058156,hallmark,drvi_argmax,0.23751471176220057,False,hallmark
DR 9-,gs_ind_0,TNF-alpha Signaling via NF-kB,27/102,6.697965633937568e-08,2.344287971878149e-06,4.201363844993771,69.40181216919352,hallmark,drvi_argmax,3.108867067827626e-06,True,hallmark
DR 9-,gs_ind_0,UV Response Dn,1/30,0.9402652772243123,0.9974455447431477,0.5137741704464073,0.03164501255893072,hallmark,drvi_argmax,1.0,False,hallmark
DR 9-,gs_ind_0,UV Response Up,9/38,0.004805419991830971,0.028031616619013995,3.407479626018699,18.189163157360206,hallmark,drvi_argmax,0.0420688013519722,True,hallmark
DR 9-,gs_ind_0,Unfolded Protein Response,2/17,0.4550963592187495,0.9262245216046643,1.6517408388924426,1.3003265401537447,hallmark,drvi_argmax,0.9594439644215648,False,hallmark
DR 9-,gs_ind_0,Xenobiotic Metabolism,3/43,0.7520312452944471,0.9974455447431477,0.8777390876156308,0.2501358085983916,hallmark,drvi_argmax,1.0,False,hallmark
DR 9-,gs_ind_0,heme Metabolism,5/26,0.07467292607261408,0.26135524125414933,2.656189263454192,6.8918487693639685,hallmark,drvi_argmax,0.3056495809295019,False,hallmark
DR 9-,gs_ind_0,mTORC1 Signaling,5/45,0.37184126556230673,0.8676296196453824,1.3952040416977978,1.3802589246939074,hallmark,drvi_argmax,0.8613272253138179,False,hallmark
DR 9-,gs_ind_0,p53 Pathway,15/45,3.1078340950507235e-06,5.438709666338766e-05,5.571514513460671,70.65563213361752,hallmark,drvi_argmax,8.889851016075326e-05,True,hallmark
DR 10-,gs_ind_0,Adipogenesis,3/31,0.5305874032825066,0.7760073156697577,1.2557105013245364,0.7958323703202412,hallmark,drvi_argmax,1.0,False,hallmark
DR 10-,gs_ind_0,Allograft Rejection,7/90,0.7048880688618131,0.8740690552677391,0.9110350727117195,0.3186037750292587,hallmark,drvi_argmax,1.0,False,hallmark
DR 10-,gs_ind_0,Androgen Response,2/20,0.5432051209688303,0.7760073156697577,1.381594058647883,0.8431430234360839,hallmark,drvi_argmax,1.0,False,hallmark
DR 10-,gs_ind_0,Angiogenesis,2/18,0.4855551220940964,0.7760073156697577,1.5507768907202335,1.1203780888409574,hallmark,drvi_argmax,0.9904428572296707,False,hallmark
DR 10-,gs_ind_0,Apical Junction,4/37,0.42149496500552275,0.7173251637763816,1.3775392379078817,1.190121507776162,hallmark,drvi_argmax,0.926792489938953,False,hallmark
DR 10-,gs_ind_0,Apoptosis,6/59,0.43039509826582895,0.7173251637763816,1.2462955438168766,1.0506915258029073,hallmark,drvi_argmax,0.9367673053630698,False,hallmark
DR 10-,gs_ind_0,Bile Acid Metabolism,2/16,0.4236371441235641,0.7173251637763816,1.7666308488815083,1.5173203389752816,hallmark,drvi_argmax,0.9280030049367478,False,hallmark
DR 10-,gs_ind_0,Cholesterol Homeostasis,2/20,0.5432051209688303,0.7760073156697577,1.381594058647883,0.8431430234360839,hallmark,drvi_argmax,1.0,False,hallmark
DR 10-,gs_ind_0,Coagulation,15/52,2.3013956443103016e-05,0.0004602791288620603,4.513802242609582,48.20474356279944,hallmark,drvi_argmax,0.000514675753182122,True,hallmark
DR 10-,gs_ind_0,Complement,13/67,0.004897418506540045,0.03428784509815748,2.6469414340752238,14.079206021390428,hallmark,drvi_argmax,0.042272454477503545,True,hallmark
DR 10-,gs_ind_0,DNA Repair,3/14,0.12173460065327593,0.4058287951252817,3.141459184937446,6.615636621331893,hallmark,drvi_argmax,0.4365913277003759,False,hallmark
DR 10-,gs_ind_0,E2F Targets,3/63,0.9304563105972355,0.9962457178629887,0.5809846718937628,0.04187746613883029,hallmark,drvi_argmax,1.0,False,hallmark
DR 10-,gs_ind_0,Epithelial Mesenchymal Transition,25/115,1.1529909848118976e-05,0.0004602791288620603,3.1802148757355986,36.160843274244776,hallmark,drvi_argmax,0.00028942426761604774,True,hallmark
DR 10-,gs_ind_0,Estrogen Response Early,6/45,0.20612245192831133,0.5889212912237467,1.7013758943313153,2.6869571910145127,hallmark,drvi_argmax,0.6206379825503622,False,hallmark
DR 10-,gs_ind_0,Estrogen Response Late,10/62,0.04369601270400153,0.24969150116572306,2.1014836795252227,6.578691345795793,hallmark,drvi_argmax,0.20631898512829897,False,hallmark
DR 10-,gs_ind_0,Fatty Acid Metabolism,2/23,0.6209901337216782,0.8279868449622376,1.18683707754134,0.5654567579882052,hallmark,drvi_argmax,1.0,False,hallmark
DR 10-,gs_ind_0,G2-M Checkpoint,1/59,0.9962457178629887,0.9962457178629887,0.25489346334416757,0.000958742799970902,hallmark,drvi_argmax,1.0,False,hallmark
DR 10-,gs_ind_0,Glycolysis,6/43,0.17793983166957422,0.5475071743679206,1.7941256038647344,3.0972166306134143,hallmark,drvi_argmax,0.5657160175769207,False,hallmark
DR 10-,gs_ind_0,Hypoxia,10/73,0.10818896209962539,0.4058287951252817,1.7266524918806514,3.8398609189999613,hallmark,drvi_argmax,0.40324976782587646,False,hallmark
DR 10-,gs_ind_0,IL-2/STAT5 Signaling,6/73,0.6447055910319723,0.8318781819767385,0.9799892646269458,0.43017757169924314,hallmark,drvi_argmax,1.0,False,hallmark
DR 10-,gs_ind_0,IL-6/JAK/STAT3 Signaling,3/34,0.5951270188099997,0.8208648535310341,1.1342196897752452,0.5886378100960747,hallmark,drvi_argmax,1.0,False,hallmark
DR 10-,gs_ind_0,Inflammatory Response,2/71,0.9903110273153813,0.9962457178629887,0.35736849613793387,0.0034794169374701856,hallmark,drvi_argmax,1.0,False,hallmark
DR 10-,gs_ind_0,Interferon Alpha Response,11/44,0.0011462878568003826,0.015283838090671768,3.667498329249276,24.833461906109175,hallmark,drvi_argmax,0.014241758220853237,True,hallmark
DR 10-,gs_ind_0,Interferon Gamma Response,17/99,0.005143176764723621,0.03428784509815748,2.2860493479688526,12.047672875635904,hallmark,drvi_argmax,0.04377929010802806,True,hallmark
DR 10-,gs_ind_0,KRAS Signaling Dn,6/34,0.07530731381012677,0.3346991724894523,2.3725908975336893,6.13594242951242,hallmark,drvi_argmax,0.30671521849819844,False,hallmark
DR 10-,gs_ind_0,KRAS Signaling Up,6/81,0.7429586969775782,0.8740690552677391,0.8721566369133315,0.2591306668471346,hallmark,drvi_argmax,1.0,False,hallmark
DR 10-,gs_ind_0,Mitotic Spindle,1/41,0.9789812185507664,0.9962457178629887,0.37193531559728743,0.007900955316298029,hallmark,drvi_argmax,1.0,False,hallmark
DR 10-,gs_ind_0,Myc Targets V1,1/14,0.7300286809709984,0.8740690552677391,1.1327073552425666,0.35643067338718093,hallmark,drvi_argmax,1.0,False,hallmark
DR 10-,gs_ind_0,Myogenesis,6/51,0.2985531699336648,0.7024780469027407,1.4720496894409938,1.779424319705215,hallmark,drvi_argmax,0.7629587031118394,False,hallmark
DR 10-,gs_ind_0,Pperoxisome,2/13,0.3243574219157671,0.7053992006945773,2.2311861066633822,2.512113002682969,hallmark,drvi_argmax,0.801123752924485,False,hallmark
DR 10-,gs_ind_0,Spermatogenesis,2/16,0.4236371441235641,0.7173251637763816,1.7666308488815083,1.5173203389752816,hallmark,drvi_argmax,0.9280030049367478,False,hallmark
DR 10-,gs_ind_0,TGF-beta Signaling,2/10,0.22145205474016086,0.590538812640429,3.02366272287952,4.558320228485529,hallmark,drvi_argmax,0.6500859840820952,False,hallmark
DR 10-,gs_ind_0,TNF-alpha Signaling via NF-kB,5/102,0.9587313821801774,0.9962457178629887,0.5610138180743368,0.023643560087468728,hallmark,drvi_argmax,1.0,False,hallmark
DR 10-,gs_ind_0,UV Response Dn,5/30,0.1217486385375845,0.4058287951252817,2.2345595298638186,4.705528082878917,hallmark,drvi_argmax,0.4365913277003759,False,hallmark
DR 10-,gs_ind_0,UV Response Up,5/38,0.24555743226834123,0.6138935806708531,1.6933631554045336,2.3778618932470015,hallmark,drvi_argmax,0.6903671810058507,False,hallmark
DR 10-,gs_ind_0,Unfolded Protein Response,1/17,0.7963377534662793,0.9101002896757479,0.925224071702945,0.21070300777124218,hallmark,drvi_argmax,1.0,False,hallmark
DR 10-,gs_ind_0,Xenobiotic Metabolism,5/43,0.3350646203299242,0.7053992006945773,1.4693289419514204,1.6066110915439658,hallmark,drvi_argmax,0.8106900062756482,False,hallmark
DR 10-,gs_ind_0,heme Metabolism,5/26,0.07467292607261408,0.3346991724894523,2.656189263454192,6.8918487693639685,hallmark,drvi_argmax,0.3056495809295019,False,hallmark
DR 10-,gs_ind_0,mTORC1 Signaling,10/45,0.00489213740795145,0.03428784509815748,3.1376687424248755,16.69279297204231,hallmark,drvi_argmax,0.042272454477503545,True,hallmark
DR 10-,gs_ind_0,p53 Pathway,5/45,0.37184126556230673,0.7173251637763816,1.3952040416977978,1.3802589246939074,hallmark,drvi_argmax,0.8613272253138179,False,hallmark
DR 11-,gs_ind_0,Allograft Rejection,1/90,0.9365642056426433,0.9365642056426433,0.5307262569832403,0.034782313008107545,hallmark,drvi_argmax,1.0,False,hallmark
DR 11-,gs_ind_0,Androgen Response,2/20,0.11582799347542548,0.3769514835162252,4.520564042303173,9.74474937169596,hallmark,drvi_argmax,0.4241639415657058,False,hallmark
DR 11-,gs_ind_0,Angiogenesis,1/18,0.41802569720142463,0.6226044184686296,2.81978021978022,2.459447193416958,hallmark,drvi_argmax,0.9214544938310972,False,hallmark
DR 11-,gs_ind_0,Apical Junction,1/37,0.6731233233975035,0.7292169336806287,1.3386020372321743,0.5298544562579431,hallmark,drvi_argmax,1.0,False,hallmark
DR 11-,gs_ind_0,Apoptosis,6/59,0.006805981606654658,0.05898517392434036,4.2886714996942965,21.400270954653955,hallmark,drvi_argmax,0.05453653013801452,False,hallmark
DR 11-,gs_ind_0,Cholesterol Homeostasis,2/20,0.11582799347542548,0.3769514835162252,4.520564042303173,9.74474937169596,hallmark,drvi_argmax,0.4241639415657058,False,hallmark
DR 11-,gs_ind_0,Coagulation,5/52,0.016907131320010226,0.08791708286405317,4.0250120714630615,16.42212884400889,hallmark,drvi_argmax,0.10555528315865137,False,hallmark
DR 11-,gs_ind_0,Complement,4/67,0.1326603313181668,0.3769514835162252,2.39859544583954,4.8450748138527295,hallmark,drvi_argmax,0.46355740773109416,False,hallmark
DR 11-,gs_ind_0,Epithelial Mesenchymal Transition,6/115,0.11930065230034513,0.3769514835162252,2.0332437161268295,4.322896711159647,hallmark,drvi_argmax,0.4341414270101317,False,hallmark
DR 11-,gs_ind_0,Estrogen Response Early,2/45,0.38581450519336496,0.6226044184686296,1.897551224387806,1.8072250944598651,hallmark,drvi_argmax,0.8763653580569509,False,hallmark
DR 11-,gs_ind_0,Estrogen Response Late,3/62,0.27555258992234444,0.597030611498413,1.9599167100468506,2.526287129192248,hallmark,drvi_argmax,0.7282050064829767,False,hallmark
DR 11-,gs_ind_0,Hypoxia,3/73,0.3660060054110466,0.6226044184686296,1.6444486286323983,1.6528444227537622,hallmark,drvi_argmax,0.8559847600150329,False,hallmark
DR 11-,gs_ind_0,IL-2/STAT5 Signaling,3/73,0.3660060054110466,0.6226044184686296,1.6444486286323983,1.6528444227537622,hallmark,drvi_argmax,0.8559847600150329,False,hallmark
DR 11-,gs_ind_0,IL-6/JAK/STAT3 Signaling,1/34,0.6418186936426568,0.7255341754221337,1.4607730577879832,0.6477789708273003,hallmark,drvi_argmax,1.0,False,hallmark
DR 11-,gs_ind_0,Inflammatory Response,2/71,0.6282271781646996,0.7255341754221337,1.1714106975289333,0.5445342798173639,hallmark,drvi_argmax,1.0,False,hallmark
DR 11-,gs_ind_0,Interferon Alpha Response,8/44,2.7348994362094637e-05,0.0007110738534144605,8.616438356164384,90.531459898084,hallmark,drvi_argmax,0.0005901625099188843,True,hallmark
DR 11-,gs_ind_0,Interferon Gamma Response,9/99,0.0019710441968780294,0.025623574559414383,3.8486406651714895,23.973920978401207,hallmark,drvi_argmax,0.021081603149217185,True,hallmark
DR 11-,gs_ind_0,KRAS Signaling Dn,4/34,0.01636376189423727,0.08791708286405317,5.081524147097918,20.898713368871196,hallmark,drvi_argmax,0.10295359145734957,False,hallmark
DR 11-,gs_ind_0,KRAS Signaling Up,3/81,0.4310338281705897,0.6226044184686296,1.470548447099938,1.237567551270982,hallmark,drvi_argmax,0.9367673053630698,False,hallmark
DR 11-,gs_ind_0,Myogenesis,3/51,0.18863546239113765,0.44586563837905263,2.418483714989508,4.033883059538978,hallmark,drvi_argmax,0.5873965031420235,False,hallmark
DR 11-,gs_ind_0,Spermatogenesis,1/16,0.3817951766557883,0.6226044184686296,3.186931348221671,3.0686037771893977,hallmark,drvi_argmax,0.8695932179952749,False,hallmark
DR 11-,gs_ind_0,TNF-alpha Signaling via NF-kB,3/102,0.5880225348214608,0.7255341754221337,1.1471072175034465,0.6091024697863815,hallmark,drvi_argmax,1.0,False,hallmark
DR 11-,gs_ind_0,UV Response Dn,1/30,0.5954558183400164,0.7255341754221337,1.6623207301173404,0.8617937535738316,hallmark,drvi_argmax,1.0,False,hallmark
DR 11-,gs_ind_0,Xenobiotic Metabolism,1/43,0.7278798071035883,0.7569949993877318,1.1460030165912518,0.3639927269802161,hallmark,drvi_argmax,1.0,False,hallmark
DR 11-,gs_ind_0,heme Metabolism,1/26,0.5432062447747367,0.7255341754221337,1.9270990447461036,1.1760434236488881,hallmark,drvi_argmax,1.0,False,hallmark
DR 11-,gs_ind_0,p53 Pathway,3/45,0.14498133981393277,0.3769514835162252,2.768662155127538,5.346702573673436,hallmark,drvi_argmax,0.49193668405830976,False,hallmark
DR 12-,gs_ind_0,Adipogenesis,4/31,0.3430201999042781,0.8393032884033508,1.5556363636363637,1.664477926762574,hallmark,drvi_argmax,0.8194436164884453,False,hallmark
DR 12-,gs_ind_0,Allograft Rejection,2/90,0.99894531818572,0.9992975997186937,0.2566223931547486,0.0002707977990695052,hallmark,drvi_argmax,1.0,False,hallmark
DR 12-,gs_ind_0,Androgen Response,6/20,0.008680092172997558,0.08680092172997557,4.338972023422251,20.595898869890693,hallmark,drvi_argmax,0.065248380385107,False,hallmark
DR 12-,gs_ind_0,Angiogenesis,2/18,0.5246774413959765,0.9082793885799714,1.4339969617014472,0.9248873184417051,hallmark,drvi_argmax,1.0,False,hallmark
DR 12-,gs_ind_0,Apical Junction,6/37,0.1347414443795568,0.48996888865293375,1.9783938732725794,3.9654878597330034,hallmark,drvi_argmax,0.465539260075435,False,hallmark
DR 12-,gs_ind_0,Apoptosis,3/59,0.9323672606134497,0.9992975997186937,0.5762540785427572,0.04035420036291745,hallmark,drvi_argmax,1.0,False,hallmark
DR 12-,gs_ind_0,Bile Acid Metabolism,3/16,0.1911920631922482,0.637306877307494,2.470871401905885,4.087999384854031,hallmark,drvi_argmax,0.5920391165073694,False,hallmark
DR 12-,gs_ind_0,Cholesterol Homeostasis,6/20,0.008680092172997558,0.08680092172997557,4.338972023422251,20.595898869890693,hallmark,drvi_argmax,0.065248380385107,False,hallmark
DR 12-,gs_ind_0,Coagulation,5/52,0.5642616614915876,0.9082793885799714,1.094257090447298,0.626174609420311,hallmark,drvi_argmax,1.0,False,hallmark
DR 12-,gs_ind_0,Complement,6/67,0.6300014519692597,0.9333354843989032,0.9962307978874937,0.4602916585426592,hallmark,drvi_argmax,1.0,False,hallmark
DR 12-,gs_ind_0,DNA Repair,1/14,0.7558685708823223,0.9703988212156895,1.0478273549139692,0.2932740574735987,hallmark,drvi_argmax,1.0,False,hallmark
DR 12-,gs_ind_0,E2F Targets,6/63,0.5676746178624821,0.9082793885799714,1.067971405133013,0.6046927575302296,hallmark,drvi_argmax,1.0,False,hallmark
DR 12-,gs_ind_0,Epithelial Mesenchymal Transition,11/115,0.5472757168841401,0.9082793885799714,1.0398149743535368,0.6268031188457115,hallmark,drvi_argmax,1.0,False,hallmark
DR 12-,gs_ind_0,Estrogen Response Early,10/45,0.008086617652138433,0.08680092172997557,2.8917471772785475,13.931121360817487,hallmark,drvi_argmax,0.061972210044425366,False,hallmark
DR 12-,gs_ind_0,Estrogen Response Late,3/62,0.9458839029377841,0.9992975997186937,0.546263067561242,0.030391587009236,hallmark,drvi_argmax,1.0,False,hallmark
DR 12-,gs_ind_0,Fatty Acid Metabolism,2/23,0.6608324516107282,0.9365583426311678,1.0974412468552495,0.4546204670889363,hallmark,drvi_argmax,1.0,False,hallmark
DR 12-,gs_ind_0,G2-M Checkpoint,5/59,0.6790047984075966,0.9365583426311678,0.9499225225668396,0.36774073673266017,hallmark,drvi_argmax,1.0,False,hallmark
DR 12-,gs_ind_0,Glycolysis,9/43,0.01745340356878168,0.13962722855025345,2.6789358745284892,10.844923399858521,hallmark,drvi_argmax,0.10733843194800734,False,hallmark
DR 12-,gs_ind_0,Hypoxia,11/73,0.08194119482690594,0.4097059741345297,1.7813850415512464,4.456586129372733,hallmark,drvi_argmax,0.3240761081578595,False,hallmark
DR 12-,gs_ind_0,IL-2/STAT5 Signaling,12/73,0.04028384382814423,0.2301933933036813,1.979867291709129,6.358947247066618,hallmark,drvi_argmax,0.1981965116344696,False,hallmark
DR 12-,gs_ind_0,IL-6/JAK/STAT3 Signaling,1/34,0.9680201752879906,0.9992975997186937,0.4175578798918792,0.013571612225178404,hallmark,drvi_argmax,1.0,False,hallmark
DR 12-,gs_ind_0,Inflammatory Response,1/71,0.9992975997186937,0.9992975997186937,0.19428156586809628,0.00013651137494694176,hallmark,drvi_argmax,1.0,False,hallmark
DR 12-,gs_ind_0,Interferon Alpha Response,5/44,0.41266397550072126,0.8687662642120448,1.321851562765127,1.1699994175600559,hallmark,drvi_argmax,0.9145525943529498,False,hallmark
DR 12-,gs_ind_0,Interferon Gamma Response,9/99,0.6161893431078391,0.9333354843989032,0.989041095890411,0.47889467531180435,hallmark,drvi_argmax,1.0,False,hallmark
DR 12-,gs_ind_0,KRAS Signaling Dn,6/34,0.09854258692052004,0.43796705298008903,2.1903343263819925,5.0755882920002735,hallmark,drvi_argmax,0.3746750600069232,False,hallmark
DR 12-,gs_ind_0,KRAS Signaling Up,4/81,0.959922215974206,0.9992975997186937,0.5365161290322581,0.02194513147437776,hallmark,drvi_argmax,1.0,False,hallmark
DR 12-,gs_ind_0,Mitotic Spindle,4/41,0.5608320446840607,0.9082793885799714,1.1344,0.6560618671148506,hallmark,drvi_argmax,1.0,False,hallmark
DR 12-,gs_ind_0,Myc Targets V1,1/14,0.7558685708823223,0.9703988212156895,1.0478273549139692,0.2932740574735987,hallmark,drvi_argmax,1.0,False,hallmark
DR 12-,gs_ind_0,Myogenesis,7/51,0.2084409863805545,0.6413568811709369,1.6127706220882434,2.528984510568703,hallmark,drvi_argmax,0.6235910529431484,False,hallmark
DR 12-,gs_ind_0,PI3K/AKT/mTOR  Signaling,2/14,0.3923900400022161,0.8687662642120448,1.8970976253298153,1.7747328059441352,hallmark,drvi_argmax,0.8861628115231023,False,hallmark
DR 12-,gs_ind_0,Pperoxisome,2/13,0.35670389757142407,0.8393032884033508,2.063209819892165,2.1268583159116723,hallmark,drvi_argmax,0.842122445322172,False,hallmark
DR 12-,gs_ind_0,Spermatogenesis,1/16,0.8005790275029439,0.9703988212156895,0.9116078232156465,0.20275983824025737,hallmark,drvi_argmax,1.0,False,hallmark
DR 12-,gs_ind_0,TNF-alpha Signaling via NF-kB,20/102,0.0010692466098631385,0.04276986439452554,2.502959625408605,17.12224866199201,hallmark,drvi_argmax,0.013488957232119594,True,hallmark
DR 12-,gs_ind_0,UV Response Dn,2/30,0.7970452051829507,0.9703988212156895,0.824653983243068,0.1870677113808616,hallmark,drvi_argmax,1.0,False,hallmark
DR 12-,gs_ind_0,UV Response Up,5/38,0.29437026479604383,0.7849873727894502,1.5638829978792366,1.9124989476656333,hallmark,drvi_argmax,0.7558985922737661,False,hallmark
DR 12-,gs_ind_0,Unfolded Protein Response,2/17,0.49340640051151047,0.9082793885799714,1.52736403098136,1.0789637103759024,hallmark,drvi_argmax,1.0,False,hallmark
DR 12-,gs_ind_0,Xenobiotic Metabolism,1/43,0.9872781188837073,0.9992975997186937,0.32746641963872164,0.004192715384121873,hallmark,drvi_argmax,1.0,False,hallmark
DR 12-,gs_ind_0,heme Metabolism,4/26,0.23202823833333044,0.6629378238095156,1.9066666666666667,2.785442083745701,hallmark,drvi_argmax,0.6723079697290847,False,hallmark
DR 12-,gs_ind_0,mTORC1 Signaling,7/45,0.1310678245465072,0.48996888865293375,1.8704466265441875,3.8008230085588224,hallmark,drvi_argmax,0.46060978340629677,False,hallmark
DR 12-,gs_ind_0,p53 Pathway,9/45,0.023204683256037084,0.15469788837358056,2.529292550197035,9.518742507773014,hallmark,drvi_argmax,0.13368506044461645,False,hallmark
DR 13-,gs_ind_0,Adipogenesis,6/31,0.023958630965867388,0.07623200761866897,3.2444489991118397,12.106423445857578,hallmark,drvi_argmax,0.13706565622333436,False,hallmark
DR 13-,gs_ind_0,Allograft Rejection,1/90,0.9992027024325929,0.9992027024325929,0.1989165396986626,0.00015865893081666425,hallmark,drvi_argmax,1.0,False,hallmark
DR 13-,gs_ind_0,Androgen Response,4/20,0.056115948520717863,0.12275363738907033,3.4404873477038427,9.909756879830894,hallmark,drvi_argmax,0.24917912159019126,False,hallmark
DR 13-,gs_ind_0,Angiogenesis,4/18,0.0397771236035745,0.09944280900893625,3.9193032349804477,12.637649504585223,hallmark,drvi_argmax,0.1964894057525969,False,hallmark
DR 13-,gs_ind_0,Apical Junction,3/37,0.5287910531418569,0.7403074743985997,1.2585942523618736,0.8019283174475631,hallmark,drvi_argmax,1.0,False,hallmark
DR 13-,gs_ind_0,Apoptosis,6/59,0.2734226351849019,0.45570439197483653,1.5227132111107493,1.9745579013839882,hallmark,drvi_argmax,0.72637114746745,False,hallmark
DR 13-,gs_ind_0,Cholesterol Homeostasis,4/20,0.056115948520717863,0.12275363738907033,3.4404873477038427,9.909756879830894,hallmark,drvi_argmax,0.24917912159019126,False,hallmark
DR 13-,gs_ind_0,Coagulation,1/52,0.9830966220550329,0.9992027024325929,0.3531430812984211,0.00602033756341661,hallmark,drvi_argmax,1.0,False,hallmark
DR 13-,gs_ind_0,Complement,4/67,0.7493095741494251,0.95239292932093,0.8710934329085153,0.2514002339726517,hallmark,drvi_argmax,1.0,False,hallmark
DR 13-,gs_ind_0,E2F Targets,3/63,0.8615809827538339,0.9992027024325929,0.7074436578004683,0.10539936025622673,hallmark,drvi_argmax,1.0,False,hallmark
DR 13-,gs_ind_0,Epithelial Mesenchymal Transition,22/115,1.908587941317093e-05,0.00011133429657683042,3.3189682290028313,36.06577335300362,hallmark,drvi_argmax,0.0004387968537981354,True,hallmark
DR 13-,gs_ind_0,Estrogen Response Early,8/45,0.015846931992072547,0.05957525082249639,2.9066195524146052,12.047296735672855,hallmark,drvi_argmax,0.10073243591860069,False,hallmark
DR 13-,gs_ind_0,Estrogen Response Late,5/62,0.4964726367180572,0.7240225952138334,1.1878742289754776,0.8317815000710059,hallmark,drvi_argmax,1.0,False,hallmark
DR 13-,gs_ind_0,Fatty Acid Metabolism,1/23,0.8331982677126107,0.9992027024325929,0.8213243546576879,0.14987826498357537,hallmark,drvi_argmax,1.0,False,hallmark
DR 13-,gs_ind_0,G2-M Checkpoint,1/59,0.9903243464162689,0.9992027024325929,0.309677976344643,0.0030109267679623835,hallmark,drvi_argmax,1.0,False,hallmark
DR 13-,gs_ind_0,Glycolysis,17/43,2.153903331482158e-09,2.5128872200625175e-08,9.098255606977572,181.56464457472663,hallmark,drvi_argmax,1.1518700424882843e-07,True,hallmark
DR 13-,gs_ind_0,Hypoxia,40/73,3.507181074082584e-28,1.2275133759289044e-26,20.077489265998775,1269.250083134074,hallmark,drvi_argmax,7.189721201869298e-26,True,hallmark
DR 13-,gs_ind_0,IL-2/STAT5 Signaling,11/73,0.017021500234998967,0.05957525082249639,2.3773862815884477,9.683755272303095,hallmark,drvi_argmax,0.10555528315865137,False,hallmark
DR 13-,gs_ind_0,IL-6/JAK/STAT3 Signaling,2/34,0.7338516164584484,0.95239292932093,0.9488917861799218,0.2936330717821041,hallmark,drvi_argmax,1.0,False,hallmark
DR 13-,gs_ind_0,Inflammatory Response,2/71,0.9743225696108515,0.9992027024325929,0.4347030849896354,0.011307866087459808,hallmark,drvi_argmax,1.0,False,hallmark
DR 13-,gs_ind_0,Interferon Gamma Response,6/99,0.761914343456744,0.95239292932093,0.8519070599414932,0.2316515387222903,hallmark,drvi_argmax,1.0,False,hallmark
DR 13-,gs_ind_0,KRAS Signaling Dn,4/34,0.2443736683150921,0.4276539195514112,1.8470508703735,2.6025995844263736,hallmark,drvi_argmax,0.6886130859737991,False,hallmark
DR 13-,gs_ind_0,KRAS Signaling Up,10/81,0.07407046922028343,0.1524980248652894,1.8743514549966163,4.878446417336775,hallmark,drvi_argmax,0.30463549959248576,False,hallmark
DR 13-,gs_ind_0,Mitotic Spindle,1/41,0.9595521481032993,0.9992027024325929,0.45180197032048885,0.01865427795371544,hallmark,drvi_argmax,1.0,False,hallmark
DR 13-,gs_ind_0,Myogenesis,8/51,0.032020076391173984,0.08873235300926811,2.497420900856992,8.594604772571426,hallmark,drvi_argmax,0.16623146510566567,False,hallmark
DR 13-,gs_ind_0,PI3K/AKT/mTOR  Signaling,3/14,0.08036551161222348,0.15626627257932346,3.8235643270514914,9.639856266602607,hallmark,drvi_argmax,0.32141949544285076,False,hallmark
DR 13-,gs_ind_0,TGF-beta Signaling,3/10,0.03295773111772816,0.08873235300926811,5.875540386803185,20.050454391687985,hallmark,drvi_argmax,0.16926099905973127,False,hallmark
DR 13-,gs_ind_0,TNF-alpha Signaling via NF-kB,15/102,0.007035144359632807,0.03077875657339353,2.3239298990971853,11.519341868260643,hallmark,drvi_argmax,0.05618978936589839,False,hallmark
DR 13-,gs_ind_0,UV Response Dn,8/30,0.001121865679043606,0.0056093283952180295,4.88441303494307,33.17865620703935,hallmark,drvi_argmax,0.014080559032894237,True,hallmark
DR 13-,gs_ind_0,UV Response Up,5/38,0.14794641679064116,0.27253287303539164,2.0661571037545836,3.948230187225687,hallmark,drvi_argmax,0.4999288259683753,False,hallmark
DR 13-,gs_ind_0,Unfolded Protein Response,8/17,1.0778039265989058e-05,7.54462748619234e-05,11.650548633066766,133.2589740451892,hallmark,drvi_argmax,0.0002761872561909696,True,hallmark
DR 13-,gs_ind_0,Xenobiotic Metabolism,4/43,0.40026132581819523,0.6090933218972536,1.4191569881247552,1.2994335421208543,hallmark,drvi_argmax,0.8967603474615303,False,hallmark
DR 13-,gs_ind_0,heme Metabolism,3/26,0.3052082197388307,0.48555853140268523,1.858906397501997,2.2060777037486465,hallmark,drvi_argmax,0.7740332170696119,False,hallmark
DR 13-,gs_ind_0,mTORC1 Signaling,18/45,5.50821487986415e-10,9.639376039762263e-09,9.333771171793986,198.99236436216916,hallmark,drvi_argmax,3.151211303364142e-08,True,hallmark
DR 13-,gs_ind_0,p53 Pathway,17/45,4.949810433776549e-09,4.3310841295544806e-08,8.450513075140682,161.6069069154128,hallmark,drvi_argmax,2.5367778473104813e-07,True,hallmark
DR 14+,gs_ind_0,Adipogenesis,4/31,0.20544517794976053,0.5770402122906833,2.0071625344352615,3.1764873646944265,hallmark,drvi_argmax,0.620116733443449,False,hallmark
DR 14+,gs_ind_0,Allograft Rejection,3/90,0.9735905276609501,0.9912208620197104,0.47130434782608693,0.012614209450283905,hallmark,drvi_argmax,1.0,False,hallmark
DR 14+,gs_ind_0,Androgen Response,4/20,0.05964397306267542,0.32378156805452374,3.3654729109274566,9.488487022315928,hallmark,drvi_argmax,0.2596888030693479,False,hallmark
DR 14+,gs_ind_0,Apical Junction,5/37,0.14478175467294316,0.4940660933394023,2.0841199478487615,4.02761975986384,hallmark,drvi_argmax,0.49193668405830976,False,hallmark
DR 14+,gs_ind_0,Apoptosis,7/59,0.1560208715808639,0.4940660933394023,1.7638684339715267,3.2768539028814656,hallmark,drvi_argmax,0.517194735715422,False,hallmark
DR 14+,gs_ind_0,Cholesterol Homeostasis,8/20,5.324442587092573e-05,0.0006744293943650593,8.64235294117647,85.04608905253752,hallmark,drvi_argmax,0.0010478503011398185,True,hallmark
DR 14+,gs_ind_0,Coagulation,3/52,0.7700601367521309,0.9616349661582834,0.8510861119556772,0.22237745395348327,hallmark,drvi_argmax,1.0,False,hallmark
DR 14+,gs_ind_0,Complement,7/67,0.2432713732630161,0.5770402122906833,1.5238135809832154,2.1540288914846824,hallmark,drvi_argmax,0.6870810312594944,False,hallmark
DR 14+,gs_ind_0,DNA Repair,2/14,0.2885201061453416,0.5770402122906833,2.440531561461794,3.033557554268903,hallmark,drvi_argmax,0.7486914146809498,False,hallmark
DR 14+,gs_ind_0,E2F Targets,3/63,0.8707453151899778,0.9616349661582834,0.6920865695569253,0.09578876069088825,hallmark,drvi_argmax,1.0,False,hallmark
DR 14+,gs_ind_0,Epithelial Mesenchymal Transition,11/115,0.25303820233028584,0.5770402122906833,1.3567382961096928,1.864449852075594,hallmark,drvi_argmax,0.6980512094669237,False,hallmark
DR 14+,gs_ind_0,Estrogen Response Early,8/45,0.017727113683842784,0.11227171999767097,2.8415686274509806,11.459080041544455,hallmark,drvi_argmax,0.10874987446945948,False,hallmark
DR 14+,gs_ind_0,Estrogen Response Late,6/62,0.33047707489550116,0.5980061355251926,1.4076233048415838,1.558545842057215,hallmark,drvi_argmax,0.8097346655806104,False,hallmark
DR 14+,gs_ind_0,Fatty Acid Metabolism,2/23,0.5317528882229902,0.878548250107549,1.4119601328903655,0.8917606883181233,hallmark,drvi_argmax,1.0,False,hallmark
DR 14+,gs_ind_0,G2-M Checkpoint,1/59,0.9912208620197104,0.9912208620197104,0.30303799610730303,0.002672159246891116,hallmark,drvi_argmax,1.0,False,hallmark
DR 14+,gs_ind_0,Glycolysis,6/43,0.10279616805281772,0.39062543860070736,2.1432992036405007,4.876021125194535,hallmark,drvi_argmax,0.3870235302532988,False,hallmark
DR 14+,gs_ind_0,Hypoxia,9/73,0.09730425231181429,0.39062543860070736,1.8315911730545877,4.267447329516125,hallmark,drvi_argmax,0.3705394128282712,False,hallmark
DR 14+,gs_ind_0,IL-2/STAT5 Signaling,9/73,0.09730425231181429,0.39062543860070736,1.8315911730545877,4.267447329516125,hallmark,drvi_argmax,0.3705394128282712,False,hallmark
DR 14+,gs_ind_0,IL-6/JAK/STAT3 Signaling,1/34,0.9335172167435142,0.9853792843403761,0.5365745529776859,0.03691411477644281,hallmark,drvi_argmax,1.0,False,hallmark
DR 14+,gs_ind_0,Inflammatory Response,4/71,0.8024264968394998,0.9616349661582834,0.7997755331088664,0.17604260818252798,hallmark,drvi_argmax,1.0,False,hallmark
DR 14+,gs_ind_0,Interferon Alpha Response,2/44,0.8603647570068705,0.9616349661582834,0.706077779949189,0.1061932815962637,hallmark,drvi_argmax,1.0,False,hallmark
DR 14+,gs_ind_0,Interferon Gamma Response,5/99,0.8857164161984189,0.9616349661582834,0.6922966550085194,0.0840160501148191,hallmark,drvi_argmax,1.0,False,hallmark
DR 14+,gs_ind_0,KRAS Signaling Dn,4/34,0.25579895527902025,0.5770402122906833,1.80675608544461,2.4632652532822767,hallmark,drvi_argmax,0.7023051673955243,False,hallmark
DR 14+,gs_ind_0,KRAS Signaling Up,5/81,0.7516560254095864,0.9616349661582834,0.8639636645618699,0.24664129949724722,hallmark,drvi_argmax,1.0,False,hallmark
DR 14+,gs_ind_0,Mitotic Spindle,3/41,0.6142107625047946,0.9616349661582834,1.1009425357251443,0.5366182712353249,hallmark,drvi_argmax,1.0,False,hallmark
DR 14+,gs_ind_0,Myc Targets V1,2/14,0.2885201061453416,0.5770402122906833,2.440531561461794,3.033557554268903,hallmark,drvi_argmax,0.7486914146809498,False,hallmark
DR 14+,gs_ind_0,Myogenesis,10/51,0.004019808554153285,0.030550545011564966,3.2092580849714647,17.70393962282916,hallmark,drvi_argmax,0.03731595865364936,True,hallmark
DR 14+,gs_ind_0,PI3K/AKT/mTOR  Signaling,2/14,0.2885201061453416,0.5770402122906833,2.440531561461794,3.033557554268903,hallmark,drvi_argmax,0.7486914146809498,False,hallmark
DR 14+,gs_ind_0,Pperoxisome,1/13,0.6432726345977275,0.9616349661582834,1.4546534653465346,0.641773675568027,hallmark,drvi_argmax,1.0,False,hallmark
DR 14+,gs_ind_0,Spermatogenesis,1/16,0.7190709381458009,0.9616349661582834,1.1711913126796551,0.3862533480361414,hallmark,drvi_argmax,1.0,False,hallmark
DR 14+,gs_ind_0,TNF-alpha Signaling via NF-kB,7/102,0.670312159882092,0.9616349661582834,0.946456522912506,0.37859374406304924,hallmark,drvi_argmax,1.0,False,hallmark
DR 14+,gs_ind_0,UV Response Dn,3/30,0.4019516342293023,0.6942800954869767,1.5506840985101855,1.4133299446844239,hallmark,drvi_argmax,0.8989100183673489,False,hallmark
DR 14+,gs_ind_0,UV Response Up,2/38,0.7981797659136239,0.9616349661582834,0.8248759841623811,0.18594472914687832,hallmark,drvi_argmax,1.0,False,hallmark
DR 14+,gs_ind_0,Unfolded Protein Response,8/17,1.2528774605743849e-05,0.00023804671750913314,11.390092879256965,128.56547508069113,hallmark,drvi_argmax,0.0003113210659609077,True,hallmark
DR 14+,gs_ind_0,Xenobiotic Metabolism,2/43,0.8513800242096137,0.9616349661582834,0.723491974542689,0.11640746260661018,hallmark,drvi_argmax,1.0,False,hallmark
DR 14+,gs_ind_0,heme Metabolism,3/26,0.3162351846165239,0.5980061355251926,1.8186152422970183,2.0937155097856883,hallmark,drvi_argmax,0.792198120322453,False,hallmark
DR 14+,gs_ind_0,mTORC1 Signaling,10/45,0.001494671704806163,0.014199381195658549,3.76412157153447,24.48880540157285,hallmark,drvi_argmax,0.017262405604803573,True,hallmark
DR 14+,gs_ind_0,p53 Pathway,14/45,2.517329298353939e-06,9.565851333744968e-05,6.040628044238153,77.87766154712142,hallmark,drvi_argmax,7.372178659465106e-05,True,hallmark
DR 14-,gs_ind_0,Adipogenesis,11/31,0.000106824485721512,0.00213648971443024,5.270802496943175,48.19792256034924,hallmark,drvi_argmax,0.0018249182977424965,True,hallmark
DR 14-,gs_ind_0,Allograft Rejection,4/90,0.984838511447026,0.984838511447026,0.4539116621806469,0.006934680365510743,hallmark,drvi_argmax,1.0,False,hallmark
DR 14-,gs_ind_0,Androgen Response,2/20,0.6095429026069803,0.9107724179559447,1.2134930900673975,0.6007348307309907,hallmark,drvi_argmax,1.0,False,hallmark
DR 14-,gs_ind_0,Angiogenesis,5/18,0.027566975223308633,0.13783487611654316,3.7250165766789807,13.377044006968998,hallmark,drvi_argmax,0.15038981781547148,False,hallmark
DR 14-,gs_ind_0,Apical Junction,3/37,0.7322752646872004,0.9151500283651675,0.9073931388736012,0.2827426050830287,hallmark,drvi_argmax,1.0,False,hallmark
DR 14-,gs_ind_0,Apoptosis,5/59,0.719059324015182,0.9151500283651675,0.9015462587109035,0.29734024781732593,hallmark,drvi_argmax,1.0,False,hallmark
DR 14-,gs_ind_0,Bile Acid Metabolism,3/16,0.21021240394829258,0.49461742105480605,2.3464603844350678,3.659625993605602,hallmark,drvi_argmax,0.6245440986869562,False,hallmark
DR 14-,gs_ind_0,Cholesterol Homeostasis,5/20,0.04233386714222662,0.1881505206321183,3.2407392129362265,10.24776141942094,hallmark,drvi_argmax,0.20379904729917314,False,hallmark
DR 14-,gs_ind_0,Coagulation,14/52,0.0003603063668333872,0.004804084891111829,3.5592423662128754,28.219651953410228,hallmark,drvi_argmax,0.005183354750936447,True,hallmark
DR 14-,gs_ind_0,Complement,13/67,0.0129824727290582,0.08654981819372133,2.307302752293578,10.023280979027978,hallmark,drvi_argmax,0.08585183578893325,False,hallmark
DR 14-,gs_ind_0,DNA Repair,3/14,0.1577563477284104,0.40012663003134114,2.757622454595487,5.092511146691434,hallmark,drvi_argmax,0.517194735715422,False,hallmark
DR 14-,gs_ind_0,E2F Targets,6/63,0.6147713821202627,0.9107724179559447,1.0133229015312395,0.49298647244359084,hallmark,drvi_argmax,1.0,False,hallmark
DR 14-,gs_ind_0,Epithelial Mesenchymal Transition,25/115,9.07384441242378e-05,0.00213648971443024,2.7462341219247297,25.56065491258692,hallmark,drvi_argmax,0.0016412983275413604,True,hallmark
DR 14-,gs_ind_0,Estrogen Response Early,4/45,0.6738758121217782,0.9151500283651675,0.9709371838499035,0.3832380721699245,hallmark,drvi_argmax,1.0,False,hallmark
DR 14-,gs_ind_0,Estrogen Response Late,9/62,0.16005065201253646,0.40012663003134114,1.6203850564895927,2.9689747263115507,hallmark,drvi_argmax,0.5228746400409557,False,hallmark
DR 14-,gs_ind_0,Fatty Acid Metabolism,7/23,0.005473343077754056,0.05473343077754056,4.191919191919192,21.830952106690173,hallmark,drvi_argmax,0.04611104099751705,True,hallmark
DR 14-,gs_ind_0,G2-M Checkpoint,5/59,0.719059324015182,0.9151500283651675,0.9015462587109035,0.29734024781732593,hallmark,drvi_argmax,1.0,False,hallmark
DR 14-,gs_ind_0,Glycolysis,5/43,0.4329692789421994,0.8247033884613322,1.2879064669345999,1.0780916961808553,hallmark,drvi_argmax,0.9367673053630698,False,hallmark
DR 14-,gs_ind_0,Hypoxia,6/73,0.7549987734012631,0.9151500283651675,0.8582500238027231,0.24120186092628004,hallmark,drvi_argmax,1.0,False,hallmark
DR 14-,gs_ind_0,IL-2/STAT5 Signaling,7/73,0.6071067095450813,0.9107724179559447,1.0109576266247013,0.5045191164046677,hallmark,drvi_argmax,1.0,False,hallmark
DR 14-,gs_ind_0,IL-6/JAK/STAT3 Signaling,2/34,0.8693406973776671,0.9659341081974078,0.6853322999418717,0.09596034770042755,hallmark,drvi_argmax,1.0,False,hallmark
DR 14-,gs_ind_0,Inflammatory Response,4/71,0.9368217771220297,0.984838511447026,0.5881255301102629,0.03838237813443736,hallmark,drvi_argmax,1.0,False,hallmark
DR 14-,gs_ind_0,Interferon Alpha Response,3/44,0.8326932931071772,0.951649477836774,0.7513497026078999,0.13756454203987808,hallmark,drvi_argmax,1.0,False,hallmark
DR 14-,gs_ind_0,Interferon Gamma Response,5/99,0.9771535425148615,0.984838511447026,0.5080312318163981,0.011741354750043651,hallmark,drvi_argmax,1.0,False,hallmark
DR 14-,gs_ind_0,KRAS Signaling Dn,1/34,0.9730506609392247,0.984838511447026,0.396700706991359,0.01083751874486364,hallmark,drvi_argmax,1.0,False,hallmark
DR 14-,gs_ind_0,KRAS Signaling Up,12/81,0.10320627473421301,0.34402091578071003,1.6521000706066447,3.751961597220903,hallmark,drvi_argmax,0.3870235302532988,False,hallmark
DR 14-,gs_ind_0,Mitotic Spindle,3/41,0.7943673683633469,0.9345498451333493,0.8112773302646721,0.1867635410208216,hallmark,drvi_argmax,1.0,False,hallmark
DR 14-,gs_ind_0,Myc Targets V1,3/14,0.1577563477284104,0.40012663003134114,2.757622454595487,5.092511146691434,hallmark,drvi_argmax,0.517194735715422,False,hallmark
DR 14-,gs_ind_0,Myogenesis,7/51,0.24317475170377745,0.5403883371195054,1.5299189966030833,2.1632671386948665,hallmark,drvi_argmax,0.6870810312594944,False,hallmark
DR 14-,gs_ind_0,Pperoxisome,3/13,0.13328096427155325,0.40012663003134114,3.021940928270042,6.0901050590088035,hallmark,drvi_argmax,0.46374988982746956,False,hallmark
DR 14-,gs_ind_0,Spermatogenesis,2/16,0.4859611905187856,0.8835658009432465,1.5517241379310345,1.1197652790566384,hallmark,drvi_argmax,0.9904428572296707,False,hallmark
DR 14-,gs_ind_0,TGF-beta Signaling,1/10,0.6521950846781617,0.9151500283651675,1.4178868223189554,0.6060212075438708,hallmark,drvi_argmax,1.0,False,hallmark
DR 14-,gs_ind_0,TNF-alpha Signaling via NF-kB,10/102,0.5783663614976955,0.9107724179559447,1.0180463928495425,0.5574290298015192,hallmark,drvi_argmax,1.0,False,hallmark
DR 14-,gs_ind_0,UV Response Dn,8/30,0.007315628168139372,0.05852502534511497,3.49027417027417,17.164269184804006,hallmark,drvi_argmax,0.057496630331063434,False,hallmark
DR 14-,gs_ind_0,UV Response Up,7/38,0.07799847037354152,0.28363080135833274,2.1773102005660143,5.554462161462862,hallmark,drvi_argmax,0.3135232632661963,False,hallmark
DR 14-,gs_ind_0,Unfolded Protein Response,2/17,0.5190584575090342,0.902710360885277,1.4508003575201105,0.9513460379906375,hallmark,drvi_argmax,1.0,False,hallmark
DR 14-,gs_ind_0,Xenobiotic Metabolism,9/43,0.023032515436091378,0.13161437392052217,2.5400915730124494,9.578300108799386,hallmark,drvi_argmax,0.1330046666027812,False,hallmark
DR 14-,gs_ind_0,heme Metabolism,4/26,0.2583122881402949,0.5438153434532524,1.810178117048346,2.4502317691947635,hallmark,drvi_argmax,0.7060535875834727,False,hallmark
DR 14-,gs_ind_0,mTORC1 Signaling,8/45,0.07340305190582277,0.28363080135833274,2.0765021645021644,5.4233871005121665,hallmark,drvi_argmax,0.30337094662868974,False,hallmark
DR 14-,gs_ind_0,p53 Pathway,6/45,0.2910444951125149,0.5820889902250298,1.4903192216328789,1.8394698964014418,hallmark,drvi_argmax,0.748922027172371,False,hallmark
DR 15+,gs_ind_0,Adipogenesis,2/31,0.6664052141216956,0.8127290419874313,1.086827237585489,0.4410968376044827,hallmark,drvi_argmax,1.0,False,hallmark
DR 15+,gs_ind_0,Allograft Rejection,15/90,0.001432306460008404,0.01009797375876971,2.8242348308573475,18.494414873913787,hallmark,drvi_argmax,0.016778447102955587,True,hallmark
DR 15+,gs_ind_0,Androgen Response,2/20,0.4281351344818229,0.5868387822666872,1.743480322427691,1.47902294791377,hallmark,drvi_argmax,0.9353573986014959,False,hallmark
DR 15+,gs_ind_0,Angiogenesis,1/18,0.7410176559297168,0.8127290419874313,1.098755599800896,0.32933092438418027,hallmark,drvi_argmax,1.0,False,hallmark
DR 15+,gs_ind_0,Apical Junction,5/37,0.12240274110219236,0.23120517763747445,2.2133443617314583,4.648993743296169,hallmark,drvi_argmax,0.43766096382469943,False,hallmark
DR 15+,gs_ind_0,Apoptosis,8/59,0.05723077296123053,0.13898902004870273,2.183114620007824,6.245156389298798,hallmark,drvi_argmax,0.25230770875381203,False,hallmark
DR 15+,gs_ind_0,Bile Acid Metabolism,1/16,0.6988831995265381,0.8127290419874313,1.2418792851522986,0.4449301371635864,hallmark,drvi_argmax,1.0,False,hallmark
DR 15+,gs_ind_0,Coagulation,1/52,0.9805128532871834,0.9916461015513309,0.3664625689252732,0.0072118091110873785,hallmark,drvi_argmax,1.0,False,hallmark
DR 15+,gs_ind_0,Complement,9/67,0.04736369050369159,0.12537703895119023,2.1554546314693916,6.573919716020037,hallmark,drvi_argmax,0.2206717398467449,False,hallmark
DR 15+,gs_ind_0,DNA Repair,2/14,0.26703916125302873,0.43234911821918937,2.5887719298245613,3.4181108016538304,hallmark,drvi_argmax,0.7140394963939681,False,hallmark
DR 15+,gs_ind_0,E2F Targets,1/63,0.9916461015513309,0.9916461015513309,0.3001254355400697,0.002517748622311905,hallmark,drvi_argmax,1.0,False,hallmark
DR 15+,gs_ind_0,Epithelial Mesenchymal Transition,9/115,0.44875906879217253,0.5868387822666872,1.152382932280027,0.9233688700084166,hallmark,drvi_argmax,0.9500407136219832,False,hallmark
DR 15+,gs_ind_0,Estrogen Response Early,4/45,0.40874039370012194,0.5868387822666872,1.401149080306993,1.2535731356681954,hallmark,drvi_argmax,0.9099559895948417,False,hallmark
DR 15+,gs_ind_0,Estrogen Response Late,7/62,0.15370642706115373,0.2750536063199593,1.7705159705159705,3.3156644037952097,hallmark,drvi_argmax,0.5144460007761064,False,hallmark
DR 15+,gs_ind_0,Glycolysis,4/43,0.37503524171075203,0.5795999190075258,1.473715032208658,1.4453243240637177,hallmark,drvi_argmax,0.8651421686713834,False,hallmark
DR 15+,gs_ind_0,Hypoxia,15/73,0.00013369784141273585,0.0022728633040165094,3.67973467973468,32.82296920817043,hallmark,drvi_argmax,0.0021637940123376987,True,hallmark
DR 15+,gs_ind_0,IL-2/STAT5 Signaling,13/73,0.0016087096182123065,0.01009797375876971,3.048455519592747,19.60865025048233,hallmark,drvi_argmax,0.018236984611992045,True,hallmark
DR 15+,gs_ind_0,IL-6/JAK/STAT3 Signaling,5/34,0.09259780095554178,0.18519560191108356,2.4424397059716907,5.8117605760402125,hallmark,drvi_argmax,0.35759904293662914,False,hallmark
DR 15+,gs_ind_0,Inflammatory Response,14/71,0.0003583163525643384,0.004060918662395835,3.477294685990338,27.589183931492062,hallmark,drvi_argmax,0.005183354750936447,True,hallmark
DR 15+,gs_ind_0,Interferon Alpha Response,6/44,0.09172637803286357,0.18519560191108356,2.2167471517652024,5.2956876569743825,hallmark,drvi_argmax,0.3547907074856044,False,hallmark
DR 15+,gs_ind_0,Interferon Gamma Response,12/99,0.047938279598984494,0.12537703895119023,1.9078167115902964,5.795643707078121,hallmark,drvi_argmax,0.22250597700660726,False,hallmark
DR 15+,gs_ind_0,KRAS Signaling Dn,3/34,0.44795800867380986,0.5868387822666872,1.4334511189634864,1.1511412087231263,hallmark,drvi_argmax,0.9500407136219832,False,hallmark
DR 15+,gs_ind_0,KRAS Signaling Up,13/81,0.004221471859517903,0.01933974152548909,2.6804418417473843,14.655507233361286,hallmark,drvi_argmax,0.038605281689271534,True,hallmark
DR 15+,gs_ind_0,Mitotic Spindle,2/41,0.8077100547969398,0.8581919332217486,0.8072396180324228,0.17238773818322578,hallmark,drvi_argmax,1.0,False,hallmark
DR 15+,gs_ind_0,Myogenesis,3/51,0.7241089553344601,0.8127290419874313,0.9223343411897563,0.2977418911883842,hallmark,drvi_argmax,1.0,False,hallmark
DR 15+,gs_ind_0,PI3K/AKT/mTOR  Signaling,3/14,0.07402685590259506,0.1677942067125488,3.969426947303733,10.333717672287541,hallmark,drvi_argmax,0.30463549959248576,False,hallmark
DR 15+,gs_ind_0,TGF-beta Signaling,3/10,0.03013491852628194,0.10245872298935858,6.099646643109541,21.361393762806777,hallmark,drvi_argmax,0.160070713848113,False,hallmark
DR 15+,gs_ind_0,TNF-alpha Signaling via NF-kB,32/102,4.5257898771562897e-14,1.5387685582331385e-12,7.320567375886525,224.9346754266339,hallmark,drvi_argmax,3.839118309587749e-12,True,hallmark
DR 15+,gs_ind_0,UV Response Dn,4/30,0.16518907106962902,0.2808214208183693,2.212381655811455,3.9837572758501847,hallmark,drvi_argmax,0.5348787855632389,False,hallmark
DR 15+,gs_ind_0,UV Response Up,8/38,0.004550527417762139,0.01933974152548909,3.72911787665886,20.10931340923691,hallmark,drvi_argmax,0.0405590487235321,True,hallmark
DR 15+,gs_ind_0,Unfolded Protein Response,1/17,0.7207384511738054,0.8127290419874313,1.1659803611023123,0.3818340429570982,hallmark,drvi_argmax,1.0,False,hallmark
DR 15+,gs_ind_0,heme Metabolism,7/26,0.0017819953691946549,0.01009797375876971,5.13986013986014,32.5354254420694,hallmark,drvi_argmax,0.019481081308139542,True,hallmark
DR 15+,gs_ind_0,mTORC1 Signaling,8/45,0.013045521673520544,0.04928308187774428,3.0213919413919412,13.110757385801483,hallmark,drvi_argmax,0.0860374887851489,False,hallmark
DR 15+,gs_ind_0,p53 Pathway,7/45,0.038848654224825994,0.12007765851309853,2.576387249114522,8.368316644530102,hallmark,drvi_argmax,0.19424327112412995,False,hallmark
DR 16-,gs_ind_0,Adipogenesis,5/31,0.19181104709608676,0.8408496157931703,1.8838488635815278,3.1106951148253352,hallmark,drvi_argmax,0.5920391165073694,False,hallmark
DR 16-,gs_ind_0,Allograft Rejection,3/90,0.996008205446045,0.9995105240874557,0.3470379746835443,0.0013880766025401372,hallmark,drvi_argmax,1.0,False,hallmark
DR 16-,gs_ind_0,Androgen Response,8/20,0.0003802866440654024,0.015211465762616094,6.317818181818182,49.7501979495992,hallmark,drvi_argmax,0.00540754418728838,True,hallmark
DR 16-,gs_ind_0,Angiogenesis,1/18,0.8511836055792987,0.9995105240874557,0.7662728249194415,0.12346756401790475,hallmark,drvi_argmax,1.0,False,hallmark
DR 16-,gs_ind_0,Apical Junction,3/37,0.7322752646872004,0.9995105240874557,0.9073931388736012,0.2827426050830287,hallmark,drvi_argmax,1.0,False,hallmark
DR 16-,gs_ind_0,Apoptosis,2/59,0.9859139023145815,0.9995105240874557,0.3818858832548461,0.005417527984991739,hallmark,drvi_argmax,1.0,False,hallmark
DR 16-,gs_ind_0,Bile Acid Metabolism,2/16,0.4859611905187856,0.925640362892925,1.5517241379310345,1.1197652790566384,hallmark,drvi_argmax,0.9904428572296707,False,hallmark
DR 16-,gs_ind_0,Cholesterol Homeostasis,7/20,0.002246635809414446,0.04493271618828892,5.132070054550675,31.29701252450603,hallmark,drvi_argmax,0.023319510933162604,True,hallmark
DR 16-,gs_ind_0,Coagulation,5/52,0.6071235755155362,0.9836342113924204,1.0385516220218065,0.5182610677670008,hallmark,drvi_argmax,1.0,False,hallmark
DR 16-,gs_ind_0,Complement,4/67,0.9164325439359213,0.9995105240874557,0.6266153753681554,0.05468272880714799,hallmark,drvi_argmax,1.0,False,hallmark
DR 16-,gs_ind_0,DNA Repair,1/14,0.7723912010246936,0.9995105240874557,0.9955444165970482,0.2571134028989587,hallmark,drvi_argmax,1.0,False,hallmark
DR 16-,gs_ind_0,E2F Targets,6/63,0.6147713821202627,0.9836342113924204,1.0133229015312395,0.49298647244359084,hallmark,drvi_argmax,1.0,False,hallmark
DR 16-,gs_ind_0,Epithelial Mesenchymal Transition,7/115,0.9534286811212485,0.9995105240874557,0.6046154395741793,0.028834505535521405,hallmark,drvi_argmax,1.0,False,hallmark
DR 16-,gs_ind_0,Estrogen Response Early,8/45,0.07340305190582277,0.44570554499166587,2.0765021645021644,5.4233871005121665,hallmark,drvi_argmax,0.30337094662868974,False,hallmark
DR 16-,gs_ind_0,Estrogen Response Late,11/62,0.03973676889366924,0.3973676889366924,2.061556984399416,6.649507423176827,hallmark,drvi_argmax,0.1964894057525969,False,hallmark
DR 16-,gs_ind_0,Fatty Acid Metabolism,3/23,0.40836676595004023,0.8659385578843988,1.5391787588761963,1.3784724462428828,hallmark,drvi_argmax,0.9099559895948417,False,hallmark
DR 16-,gs_ind_0,G2-M Checkpoint,4/59,0.8576119374568939,0.9995105240874557,0.7202393232927584,0.11063133070227127,hallmark,drvi_argmax,1.0,False,hallmark
DR 16-,gs_ind_0,Glycolysis,5/43,0.4329692789421994,0.8659385578843988,1.2879064669345999,1.0780916961808553,hallmark,drvi_argmax,0.9367673053630698,False,hallmark
DR 16-,gs_ind_0,Hypoxia,5/73,0.8709702424794363,0.9995105240874557,0.7115388205424982,0.09829728607878913,hallmark,drvi_argmax,1.0,False,hallmark
DR 16-,gs_ind_0,IL-2/STAT5 Signaling,4/73,0.9452317717767583,0.9995105240874557,0.5705420396507221,0.03213584908832109,hallmark,drvi_argmax,1.0,False,hallmark
DR 16-,gs_ind_0,IL-6/JAK/STAT3 Signaling,2/34,0.8693406973776671,0.9995105240874557,0.6853322999418717,0.09596034770042755,hallmark,drvi_argmax,1.0,False,hallmark
DR 16-,gs_ind_0,Inflammatory Response,1/71,0.9995105240874557,0.9995105240874557,0.1845571375246627,9.035838923846598e-05,hallmark,drvi_argmax,1.0,False,hallmark
DR 16-,gs_ind_0,Interferon Gamma Response,5/99,0.9771535425148615,0.9995105240874557,0.5080312318163981,0.011741354750043651,hallmark,drvi_argmax,1.0,False,hallmark
DR 16-,gs_ind_0,KRAS Signaling Dn,6/34,0.1167145570867146,0.5835727854335729,2.078428719613945,4.464514788813273,hallmark,drvi_argmax,0.4259908166666438,False,hallmark
DR 16-,gs_ind_0,KRAS Signaling Up,4/81,0.9696311726658721,0.9995105240874557,0.5092834277271608,0.015706053479421587,hallmark,drvi_argmax,1.0,False,hallmark
DR 16-,gs_ind_0,Mitotic Spindle,5/41,0.3915652655302362,0.8659385578843988,1.3600182181270364,1.2751572580814898,hallmark,drvi_argmax,0.8853405819893209,False,hallmark
DR 16-,gs_ind_0,Myc Targets V1,2/14,0.4157573805821314,0.8659385578843988,1.8020151133501259,1.5815447066059733,hallmark,drvi_argmax,0.9180997811777768,False,hallmark
DR 16-,gs_ind_0,Myogenesis,9/51,0.06181346584871755,0.44570554499166587,2.052618645369375,5.713739141136622,hallmark,drvi_argmax,0.26650319633422526,False,hallmark
DR 16-,gs_ind_0,PI3K/AKT/mTOR  Signaling,1/14,0.7723912010246936,0.9995105240874557,0.9955444165970482,0.2571134028989587,hallmark,drvi_argmax,1.0,False,hallmark
DR 16-,gs_ind_0,Pperoxisome,2/13,0.378900090174457,0.8659385578843988,1.9598072500273793,1.9019590764979972,hallmark,drvi_argmax,0.8654542449667264,False,hallmark
DR 16-,gs_ind_0,Spermatogenesis,3/16,0.21021240394829258,0.8408496157931703,2.3464603844350678,3.659625993605602,hallmark,drvi_argmax,0.6245440986869562,False,hallmark
DR 16-,gs_ind_0,TGF-beta Signaling,2/10,0.26380321943881124,0.8659385578843988,2.65594902948585,3.5391897520682605,hallmark,drvi_argmax,0.7118619895968912,False,hallmark
DR 16-,gs_ind_0,TNF-alpha Signaling via NF-kB,10/102,0.5783663614976955,0.9836342113924204,1.0180463928495425,0.5574290298015192,hallmark,drvi_argmax,1.0,False,hallmark
DR 16-,gs_ind_0,UV Response Dn,4/30,0.35237818261783044,0.8659385578843988,1.5334869652887801,1.599504035637124,hallmark,drvi_argmax,0.8335665009926553,False,hallmark
DR 16-,gs_ind_0,UV Response Up,7/38,0.07799847037354152,0.44570554499166587,2.1773102005660143,5.554462161462862,hallmark,drvi_argmax,0.3135232632661963,False,hallmark
DR 16-,gs_ind_0,Unfolded Protein Response,2/17,0.5190584575090342,0.9437426500164258,1.4508003575201105,0.9513460379906375,hallmark,drvi_argmax,1.0,False,hallmark
DR 16-,gs_ind_0,Xenobiotic Metabolism,5/43,0.4329692789421994,0.8659385578843988,1.2879064669345999,1.0780916961808553,hallmark,drvi_argmax,0.9367673053630698,False,hallmark
DR 16-,gs_ind_0,heme Metabolism,4/26,0.2583122881402949,0.8659385578843988,1.810178117048346,2.4502317691947635,hallmark,drvi_argmax,0.7060535875834727,False,hallmark
DR 16-,gs_ind_0,mTORC1 Signaling,10/45,0.011121073716593084,0.14828098288790778,2.741155594987246,12.332221740767828,hallmark,drvi_argmax,0.07691628616858343,False,hallmark
DR 16-,gs_ind_0,p53 Pathway,6/45,0.2910444951125149,0.8659385578843988,1.4903192216328789,1.8394698964014418,hallmark,drvi_argmax,0.748922027172371,False,hallmark
DR 17-,gs_ind_0,Adipogenesis,6/31,0.016935125270246057,0.06004271686723602,3.53496115427303,14.416863246443274,hallmark,drvi_argmax,0.10555528315865137,False,hallmark
DR 17-,gs_ind_0,Androgen Response,5/20,0.009690229704141887,0.039744577148304,4.910595626434699,22.768650100739205,hallmark,drvi_argmax,0.07137115291074564,False,hallmark
DR 17-,gs_ind_0,Angiogenesis,1/18,0.7254528523865529,0.8984513806737994,1.1504415584415584,0.3692447966557407,hallmark,drvi_argmax,1.0,False,hallmark
DR 17-,gs_ind_0,Apical Junction,2/37,0.7371908764502969,0.8984513806737994,0.9428365062167879,0.28747879811446775,hallmark,drvi_argmax,1.0,False,hallmark
DR 17-,gs_ind_0,Apoptosis,11/59,0.001789725355951031,0.01591278412249595,3.374449161107742,21.345729785960405,hallmark,drvi_argmax,0.019481081308139542,True,hallmark
DR 17-,gs_ind_0,Bile Acid Metabolism,3/16,0.09293333386191396,0.2588857157581889,3.5387453874538743,8.407609206162423,hallmark,drvi_argmax,0.35795950929311066,False,hallmark
DR 17-,gs_ind_0,Cholesterol Homeostasis,4/20,0.044217866528066745,0.13265359958420025,3.7441703278134506,11.676668248753813,hallmark,drvi_argmax,0.20838304915525707,False,hallmark
DR 17-,gs_ind_0,Coagulation,5/52,0.2870496078188955,0.5330921288065202,1.5746501084171103,1.9653211603057417,hallmark,drvi_argmax,0.7480318169856811,False,hallmark
DR 17-,gs_ind_0,Complement,7/67,0.1749711847102934,0.4549250802467628,1.6992426861075323,2.9620076620274522,hallmark,drvi_argmax,0.5597257664334483,False,hallmark
DR 17-,gs_ind_0,DNA Repair,1/14,0.6337107746573347,0.8984513806737994,1.4945454545454546,0.6817557702905308,hallmark,drvi_argmax,1.0,False,hallmark
DR 17-,gs_ind_0,E2F Targets,5/63,0.44186828202968664,0.7833119545071718,1.2708153269951024,1.0379300891127907,hallmark,drvi_argmax,0.9433620289902926,False,hallmark
DR 17-,gs_ind_0,Epithelial Mesenchymal Transition,7/115,0.6943043612517424,0.8984513806737994,0.9222722573636347,0.3364862868403693,hallmark,drvi_argmax,1.0,False,hallmark
DR 17-,gs_ind_0,Estrogen Response Early,5/45,0.19499460953645587,0.4674238335072562,1.853932584269663,3.0307781471184154,hallmark,drvi_argmax,0.5978904898892223,False,hallmark
DR 17-,gs_ind_0,Estrogen Response Late,6/62,0.25311450359532356,0.49357328201088096,1.568508933043914,2.1549952988004457,hallmark,drvi_argmax,0.6980512094669237,False,hallmark
DR 17-,gs_ind_0,Fatty Acid Metabolism,1/23,0.8086894025885153,0.9135501033173425,0.8923636363636364,0.18948481867137953,hallmark,drvi_argmax,1.0,False,hallmark
DR 17-,gs_ind_0,G2-M Checkpoint,4/59,0.5906294130552919,0.8984513806737994,1.089621219732744,0.5737580417224342,hallmark,drvi_argmax,1.0,False,hallmark
DR 17-,gs_ind_0,Glycolysis,9/43,0.0020401005285251217,0.01591278412249595,3.888030888030888,24.085403424737226,hallmark,drvi_argmax,0.021725745888189606,True,hallmark
DR 17-,gs_ind_0,Hypoxia,16/73,1.956314961506278e-05,0.0003814814174937242,4.2293877551020405,45.85444212009019,hallmark,drvi_argmax,0.0004456050745653189,True,hallmark
DR 17-,gs_ind_0,IL-2/STAT5 Signaling,7/73,0.23509362284483637,0.49357328201088096,1.5407816118242375,2.2306996268848036,hallmark,drvi_argmax,0.6769387245298529,False,hallmark
DR 17-,gs_ind_0,IL-6/JAK/STAT3 Signaling,1/34,0.91386995050903,0.9379191597329518,0.5957666214382632,0.05365891452527877,hallmark,drvi_argmax,1.0,False,hallmark
DR 17-,gs_ind_0,Inflammatory Response,3/71,0.8801874731979417,0.9326368110545611,0.676677350715113,0.08635780471632391,hallmark,drvi_argmax,1.0,False,hallmark
DR 17-,gs_ind_0,Interferon Alpha Response,2/44,0.8198526568232561,0.9135501033173425,0.7845291962939022,0.15583153766898392,hallmark,drvi_argmax,1.0,False,hallmark
DR 17-,gs_ind_0,Interferon Gamma Response,2/99,0.9938773631213564,0.9938773631213564,0.3316427162581009,0.0020367695073430837,hallmark,drvi_argmax,1.0,False,hallmark
DR 17-,gs_ind_0,KRAS Signaling Dn,4/34,0.20374885050316296,0.4674238335072562,2.010177341702724,3.1979251359369716,hallmark,drvi_argmax,0.6165094369468399,False,hallmark
DR 17-,gs_ind_0,KRAS Signaling Up,5/81,0.669766365599004,0.8984513806737994,0.9621061907909231,0.3856374987887914,hallmark,drvi_argmax,1.0,False,hallmark
DR 17-,gs_ind_0,Mitotic Spindle,2/41,0.7877216717946791,0.9135501033173425,0.8455047062641999,0.20174626680882285,hallmark,drvi_argmax,1.0,False,hallmark
DR 17-,gs_ind_0,Myogenesis,3/51,0.6961349972340731,0.8984513806737994,0.9663712101038536,0.35003093556542053,hallmark,drvi_argmax,1.0,False,hallmark
DR 17-,gs_ind_0,PI3K/AKT/mTOR  Signaling,2/14,0.2509791449320613,0.49357328201088096,2.7113553113553115,3.7481380812851115,hallmark,drvi_argmax,0.6973008574878752,False,hallmark
DR 17-,gs_ind_0,Pperoxisome,1/13,0.606372801105529,0.8984513806737994,1.614981818181818,0.807911286787885,hallmark,drvi_argmax,1.0,False,hallmark
DR 17-,gs_ind_0,Spermatogenesis,1/16,0.6828583722997494,0.8984513806737994,1.3002932551319648,0.49602001013963704,hallmark,drvi_argmax,1.0,False,hallmark
DR 17-,gs_ind_0,TGF-beta Signaling,1/10,0.5116061238268462,0.8675060360542175,2.128421052631579,1.4264682990139714,hallmark,drvi_argmax,1.0,False,hallmark
DR 17-,gs_ind_0,TNF-alpha Signaling via NF-kB,27/102,1.7717765949367638e-10,6.909928720253379e-09,5.839248062245717,131.11370614785946,hallmark,drvi_argmax,1.0896426058861096e-08,True,hallmark
DR 17-,gs_ind_0,UV Response Dn,1/30,0.8848092822825323,0.9326368110545611,0.6780277349768875,0.082979175040701,hallmark,drvi_argmax,1.0,False,hallmark
DR 17-,gs_ind_0,UV Response Up,10/38,0.00015715760280791497,0.0020430488365028943,5.2596764284251485,46.065621126798014,hallmark,drvi_argmax,0.002494243244564328,True,hallmark
DR 17-,gs_ind_0,Unfolded Protein Response,5/17,0.004576325940351379,0.0254966730962434,6.099026217228465,32.854593044936045,hallmark,drvi_argmax,0.0406417393980664,True,hallmark
DR 17-,gs_ind_0,Xenobiotic Metabolism,8/43,0.007709156450222733,0.03758213769483582,3.3530300577410825,16.313653080037707,hallmark,drvi_argmax,0.0598249995821701,False,hallmark
DR 17-,gs_ind_0,heme Metabolism,5/26,0.029441060634203136,0.09568344706116019,3.528699590627994,12.439953886908578,hallmark,drvi_argmax,0.1581076491082218,False,hallmark
DR 17-,gs_ind_0,mTORC1 Signaling,9/45,0.002846601282276499,0.01850290833479724,3.670968424393082,21.517856915967766,hallmark,drvi_argmax,0.028466012822764987,True,hallmark
DR 17-,gs_ind_0,p53 Pathway,8/45,0.010190917217513844,0.039744577148304,3.170727969348659,14.541777860481202,hallmark,drvi_argmax,0.07458521563330496,False,hallmark
DR 18-,gs_ind_0,Adipogenesis,2/31,0.42157755944784087,0.6194626148594636,1.7599962543309298,1.520199422779079,hallmark,drvi_argmax,0.926792489938953,False,hallmark
DR 18-,gs_ind_0,Allograft Rejection,14/90,3.6012673222811286e-05,0.0002430855442539762,4.424670080346363,45.27162982113728,hallmark,drvi_argmax,0.0007507726790518286,True,hallmark
DR 18-,gs_ind_0,Apical Junction,3/37,0.24049664163713136,0.49949302493865744,2.1247672253258845,3.027897736091425,hallmark,drvi_argmax,0.6839557669680267,False,hallmark
DR 18-,gs_ind_0,Apoptosis,6/59,0.05078647978695477,0.17140436928097236,2.6061801091243044,7.766742773299536,hallmark,drvi_argmax,0.23265314762739056,False,hallmark
DR 18-,gs_ind_0,Cholesterol Homeostasis,3/20,0.060906475459739595,0.18271942637921879,4.2268156424581,11.828387595248687,hallmark,drvi_argmax,0.263591339492915,False,hallmark
DR 18-,gs_ind_0,Coagulation,8/52,0.002090540776177701,0.011288920191359587,4.2146798750083105,26.00597621783133,hallmark,drvi_argmax,0.02207180390299204,True,hallmark
DR 18-,gs_ind_0,Complement,13/67,5.792117616562035e-06,5.212905854905832e-05,5.778258611736195,69.68009338395339,hallmark,drvi_argmax,0.00016009673412070344,True,hallmark
DR 18-,gs_ind_0,Epithelial Mesenchymal Transition,6/115,0.4372207331348582,0.6194626148594636,1.2349090717132525,1.0216613935335852,hallmark,drvi_argmax,0.9401774506221602,False,hallmark
DR 18-,gs_ind_0,Estrogen Response Late,4/62,0.31810029945074264,0.5702392963749162,1.608431116905693,1.8422785668407375,hallmark,drvi_argmax,0.7928335730991154,False,hallmark
DR 18-,gs_ind_0,Fatty Acid Metabolism,1/23,0.6635325320300522,0.7166151345924564,1.3744990892531876,0.5637884565054834,hallmark,drvi_argmax,1.0,False,hallmark
DR 18-,gs_ind_0,Glycolysis,1/43,0.8708822707853251,0.8827397144086805,0.7199614271938284,0.09953357069238168,hallmark,drvi_argmax,1.0,False,hallmark
DR 18-,gs_ind_0,Hypoxia,3/73,0.6632495818156324,0.7166151345924564,1.0198106105630176,0.41873823075727545,hallmark,drvi_argmax,1.0,False,hallmark
DR 18-,gs_ind_0,IL-2/STAT5 Signaling,3/73,0.6632495818156324,0.7166151345924564,1.0198106105630176,0.41873823075727545,hallmark,drvi_argmax,1.0,False,hallmark
DR 18-,gs_ind_0,IL-6/JAK/STAT3 Signaling,5/34,0.01783034185055538,0.0802365383274992,4.004745762711864,16.12652519008332,hallmark,drvi_argmax,0.10911104714518963,False,hallmark
DR 18-,gs_ind_0,Inflammatory Response,7/71,0.041596255628291515,0.160442700280553,2.508499932000544,7.976390429092189,hallmark,drvi_argmax,0.20271461432788784,False,hallmark
DR 18-,gs_ind_0,Interferon Alpha Response,18/44,6.223875535719854e-14,8.402231973221803e-13,17.640243130302647,536.4009588215446,hallmark,drvi_argmax,5.10357793929028e-12,True,hallmark
DR 18-,gs_ind_0,Interferon Gamma Response,32/99,5.632997484174444e-21,1.5209093207271e-19,14.655341291704929,683.3147439320777,hallmark,drvi_argmax,7.698429895038406e-19,True,hallmark
DR 18-,gs_ind_0,KRAS Signaling Up,6/81,0.16524710448295185,0.4056065291854273,1.8248669754622364,3.285332327611803,hallmark,drvi_argmax,0.5348787855632389,False,hallmark
DR 18-,gs_ind_0,Myogenesis,3/51,0.41929174880268144,0.6194626148594636,1.5001439843345044,1.303907604756121,hallmark,drvi_argmax,0.9234178174168276,False,hallmark
DR 18-,gs_ind_0,Pperoxisome,1/13,0.4588611961921953,0.6194626148594636,2.4872131147540983,1.9375577189058513,hallmark,drvi_argmax,0.9631386882532427,False,hallmark
DR 18-,gs_ind_0,TNF-alpha Signaling via NF-kB,5/102,0.5101396299351135,0.6558938099165745,1.1678534798534799,0.7860480836164111,hallmark,drvi_argmax,1.0,False,hallmark
DR 18-,gs_ind_0,UV Response Up,4/38,0.09395627542600939,0.25368194365022534,2.76271186440678,6.533608455517947,hallmark,drvi_argmax,0.3600193731276995,False,hallmark
DR 18-,gs_ind_0,Unfolded Protein Response,2/17,0.18239615749789373,0.4103913543702609,3.3746212796292996,5.742168733369097,hallmark,drvi_argmax,0.5737781936634508,False,hallmark
DR 18-,gs_ind_0,Xenobiotic Metabolism,3/43,0.31696085185825124,0.5702392963749162,1.804193392647769,2.072976726943151,hallmark,drvi_argmax,0.7922083789786639,False,hallmark
DR 18-,gs_ind_0,heme Metabolism,2/26,0.3379195830369874,0.5702392963749162,2.124816777539745,2.305314293388527,hallmark,drvi_argmax,0.8133876460577191,False,hallmark
DR 18-,gs_ind_0,mTORC1 Signaling,2/45,0.6223010972691617,0.7166151345924564,1.1846700958912808,0.5619260168106018,hallmark,drvi_argmax,1.0,False,hallmark
DR 18-,gs_ind_0,p53 Pathway,1/45,0.8827397144086805,0.8827397144086805,0.6868668263031866,0.08566939347770117,hallmark,drvi_argmax,1.0,False,hallmark
DR 19+,gs_ind_0,Adipogenesis,2/31,0.07732296897230974,0.23196890691692923,5.773119238774903,14.777824104902503,hallmark,drvi_argmax,0.31233908648913294,False,hallmark
DR 19+,gs_ind_0,Apical Junction,1/37,0.43126387395019367,0.5620779629467173,2.694915254237288,2.2665184272606846,hallmark,drvi_argmax,0.9367673053630698,False,hallmark
DR 19+,gs_ind_0,Apoptosis,4/59,0.010555680118877109,0.14250168160484097,5.860785313615502,26.67296825519959,hallmark,drvi_argmax,0.07592682190771254,False,hallmark
DR 19+,gs_ind_0,Bile Acid Metabolism,2/16,0.02291353682394073,0.15273257930376868,11.836055656382335,44.693270648535275,hallmark,drvi_argmax,0.1330046666027812,False,hallmark
DR 19+,gs_ind_0,Cholesterol Homeostasis,1/20,0.261939147770198,0.4261930579240379,5.088657105606258,6.816984189560906,hallmark,drvi_argmax,0.710441348968784,False,hallmark
DR 19+,gs_ind_0,Coagulation,3/52,0.04106237801852621,0.18478070108336797,4.940495867768595,15.773338128308385,hallmark,drvi_argmax,0.20122201180393323,False,hallmark
DR 19+,gs_ind_0,Complement,3/67,0.07662642450166732,0.23196890691692923,3.7619450317124734,9.663734410033552,hallmark,drvi_argmax,0.3105453118189483,False,hallmark
DR 19+,gs_ind_0,Epithelial Mesenchymal Transition,1/115,0.8330374984270853,0.8330374984270853,0.8244393457183036,0.15060579448024278,hallmark,drvi_argmax,1.0,False,hallmark
DR 19+,gs_ind_0,Estrogen Response Early,2/45,0.1449441707851287,0.30103789316911345,3.8868723532970355,7.507131071105529,hallmark,drvi_argmax,0.49193668405830976,False,hallmark
DR 19+,gs_ind_0,Estrogen Response Late,2/62,0.23777870723568828,0.4261930579240379,2.77004494707844,3.9789336677191014,hallmark,drvi_argmax,0.678579605336187,False,hallmark
DR 19+,gs_ind_0,Fatty Acid Metabolism,1/23,0.29499807691325597,0.4261930579240379,4.403389830508474,5.375598602171469,hallmark,drvi_argmax,0.7559325720902184,False,hallmark
DR 19+,gs_ind_0,Glycolysis,2/43,0.13461861167477723,0.30103789316911345,4.078418938913549,8.178492640308074,hallmark,drvi_argmax,0.465539260075435,False,hallmark
DR 19+,gs_ind_0,Hypoxia,2/73,0.2999136333539526,0.4261930579240379,2.330388909336278,2.806395859847099,hallmark,drvi_argmax,0.7645466715551538,False,hallmark
DR 19+,gs_ind_0,IL-2/STAT5 Signaling,2/73,0.2999136333539526,0.4261930579240379,2.330388909336278,2.806395859847099,hallmark,drvi_argmax,0.7645466715551538,False,hallmark
DR 19+,gs_ind_0,Inflammatory Response,1/71,0.6646062033847104,0.7177746996554872,1.3707176343310494,0.5600212041620463,hallmark,drvi_argmax,1.0,False,hallmark
DR 19+,gs_ind_0,Interferon Alpha Response,1/44,0.48947216057866655,0.5745977537227824,2.2530683810637053,1.6096544429697137,hallmark,drvi_argmax,0.99594831681019,False,hallmark
DR 19+,gs_ind_0,Interferon Gamma Response,1/99,0.7844270775716877,0.8145973497859834,0.9666179127591844,0.23469643878083965,hallmark,drvi_argmax,1.0,False,hallmark
DR 19+,gs_ind_0,KRAS Signaling Dn,2/34,0.09076262630459234,0.2450590910223993,5.232118758434548,12.554509157569763,hallmark,drvi_argmax,0.35328490618559677,False,hallmark
DR 19+,gs_ind_0,Myogenesis,1/51,0.5419017149267317,0.6096394292925732,1.9337137103540862,1.184729600565091,hallmark,drvi_argmax,1.0,False,hallmark
DR 19+,gs_ind_0,Pperoxisome,3/13,0.0007877710501725028,0.021269818354657577,23.763636363636362,169.82214716211962,hallmark,drvi_argmax,0.01041890743776536,True,hallmark
DR 19+,gs_ind_0,TNF-alpha Signaling via NF-kB,2/102,0.4579894512899178,0.5620779629467173,1.6326263419743388,1.2749328118386287,hallmark,drvi_argmax,0.9629521796352118,False,hallmark
DR 19+,gs_ind_0,UV Response Up,1/38,0.43995571489848395,0.5620779629467173,2.6216949152542375,2.152624420403577,hallmark,drvi_argmax,0.9419153130098347,False,hallmark
DR 19+,gs_ind_0,Unfolded Protein Response,1/17,0.22738402385718826,0.4261930579240379,6.0231124807395995,8.920921975803111,hallmark,drvi_argmax,0.6643286207704074,False,hallmark
DR 19+,gs_ind_0,Xenobiotic Metabolism,2/43,0.13461861167477723,0.30103789316911345,4.078418938913549,8.178492640308074,hallmark,drvi_argmax,0.465539260075435,False,hallmark
DR 19+,gs_ind_0,heme Metabolism,2/26,0.0565804184516223,0.21823875688482888,6.9692087361260295,20.01621086927666,hallmark,drvi_argmax,0.2502177344505385,False,hallmark
DR 19+,gs_ind_0,mTORC1 Signaling,3/45,0.028283810982179382,0.15273257930376868,5.775187165775401,20.59123168201834,hallmark,drvi_argmax,0.15359420533368937,False,hallmark
DR 19+,gs_ind_0,p53 Pathway,3/45,0.028283810982179382,0.15273257930376868,5.775187165775401,20.59123168201834,hallmark,drvi_argmax,0.15359420533368937,False,hallmark
DR 19-,gs_ind_0,Adipogenesis,3/31,0.6131935826452133,0.7473296788488537,1.102154119475905,0.5390355822474652,hallmark,drvi_argmax,1.0,False,hallmark
DR 19-,gs_ind_0,Allograft Rejection,16/90,0.014204635455008207,0.0346237989215825,2.0725159600589294,8.81687030359552,hallmark,drvi_argmax,0.0926880721997883,False,hallmark
DR 19-,gs_ind_0,Androgen Response,1/20,0.8797086852695091,0.927260506094888,0.6869095816464238,0.08803739957225898,hallmark,drvi_argmax,1.0,False,hallmark
DR 19-,gs_ind_0,Angiogenesis,3/18,0.26582180425157165,0.3702517987789748,2.041404654961209,2.704716439415837,hallmark,drvi_argmax,0.7118619895968912,False,hallmark
DR 19-,gs_ind_0,Apical Junction,4/37,0.5147899947493649,0.6692269931741743,1.2082716190042155,0.8022878103078832,hallmark,drvi_argmax,1.0,False,hallmark
DR 19-,gs_ind_0,Apoptosis,16/59,0.00012304687187122835,0.0005998535003722382,3.61321371834408,32.529565113187715,hallmark,drvi_argmax,0.002045238545967714,True,hallmark
DR 19-,gs_ind_0,Cholesterol Homeostasis,6/20,0.010842424362194715,0.028914791663142016,4.1174541264072335,18.628551005288145,hallmark,drvi_argmax,0.07686560210662535,False,hallmark
DR 19-,gs_ind_0,Coagulation,15/52,9.339735255686135e-05,0.0005203566785310846,3.9294519317160828,36.45999957185866,hallmark,drvi_argmax,0.001652931563236539,True,hallmark
DR 19-,gs_ind_0,Complement,24/67,5.533950945933823e-09,7.194136229713969e-08,5.608251115235583,106.62611059535335,hallmark,drvi_argmax,2.7782692504075923e-07,True,hallmark
DR 19-,gs_ind_0,DNA Repair,3/14,0.1577563477284104,0.2460999024563202,2.757622454595487,5.092511146691434,hallmark,drvi_argmax,0.517194735715422,False,hallmark
DR 19-,gs_ind_0,E2F Targets,2/63,0.990327619620739,0.990327619620739,0.35622862525854476,0.0034623504755682158,hallmark,drvi_argmax,1.0,False,hallmark
DR 19-,gs_ind_0,Epithelial Mesenchymal Transition,27/115,1.0227830550305096e-05,7.977707829237976e-05,3.06704765626272,35.241598463706204,hallmark,drvi_argmax,0.0002648469805657951,True,hallmark
DR 19-,gs_ind_0,Estrogen Response Early,12/45,0.0010525899827390427,0.004105100932682267,3.4987529197513756,23.989204648608986,hallmark,drvi_argmax,0.013347275038855903,True,hallmark
DR 19-,gs_ind_0,Estrogen Response Late,12/62,0.017077643372822457,0.039178123031769166,2.298631719935919,9.35539679529348,hallmark,drvi_argmax,0.10555528315865137,False,hallmark
DR 19-,gs_ind_0,Fatty Acid Metabolism,6/23,0.021900886566164016,0.047277268526713885,3.4058758721997795,13.01462879403716,hallmark,drvi_argmax,0.12919947470686685,False,hallmark
DR 19-,gs_ind_0,G2-M Checkpoint,3/59,0.9452748491522482,0.9701505030773074,0.5471715021843845,0.030794564882723488,hallmark,drvi_argmax,1.0,False,hallmark
DR 19-,gs_ind_0,Glycolysis,8/43,0.058620949928378095,0.09940074118290199,2.1959758551307846,6.229243762338429,hallmark,drvi_argmax,0.25659704061176175,False,hallmark
DR 19-,gs_ind_0,Hypoxia,18/73,0.00017689300351724887,0.0007665363485747451,3.1881278538812787,27.545314692872925,hallmark,drvi_argmax,0.0027541568902052674,True,hallmark
DR 19-,gs_ind_0,IL-2/STAT5 Signaling,20/73,1.414757423332419e-05,9.195923251660724e-05,3.7097108240350014,41.42251005354293,hallmark,drvi_argmax,0.0003412062020978187,True,hallmark
DR 19-,gs_ind_0,IL-6/JAK/STAT3 Signaling,7/34,0.04665903294045408,0.08271374021262314,2.499647639182523,7.6611418989712,hallmark,drvi_argmax,0.21863089720669912,False,hallmark
DR 19-,gs_ind_0,Inflammatory Response,14/71,0.008710641912289279,0.028914791663142016,2.35745424874694,11.18190007807969,hallmark,drvi_argmax,0.065248380385107,False,hallmark
DR 19-,gs_ind_0,Interferon Alpha Response,24/44,7.993415769267156e-14,1.5587160750070955e-12,12.056173564568507,363.58493591676364,hallmark,drvi_argmax,6.3431621910958715e-12,True,hallmark
DR 19-,gs_ind_0,Interferon Gamma Response,39/99,9.437075381903268e-16,3.680459398942275e-14,7.036281759332702,243.43223726956165,hallmark,drvi_argmax,8.291144799815013e-14,True,hallmark
DR 19-,gs_ind_0,KRAS Signaling Dn,3/34,0.6767322893717991,0.7762517436911813,0.9954992967651195,0.38872208850632617,hallmark,drvi_argmax,1.0,False,hallmark
DR 19-,gs_ind_0,KRAS Signaling Up,11/81,0.1793993142598555,0.2690989713897833,1.4896049701528846,2.559351599106125,hallmark,drvi_argmax,0.567252330436047,False,hallmark
DR 19-,gs_ind_0,Mitotic Spindle,3/41,0.7943673683633469,0.8839306156133137,0.8112773302646721,0.1867635410208216,hallmark,drvi_argmax,1.0,False,hallmark
DR 19-,gs_ind_0,Myogenesis,8/51,0.1301175300442635,0.21144098632192815,1.7839976115838185,3.6381369421572196,hallmark,drvi_argmax,0.4592383413326947,False,hallmark
DR 19-,gs_ind_0,PI3K/AKT/mTOR  Signaling,4/14,0.04353789159641081,0.08085608439333437,3.9051254089422027,12.239145895960975,hallmark,drvi_argmax,0.20596771793686652,False,hallmark
DR 19-,gs_ind_0,Pperoxisome,2/13,0.378900090174457,0.5095552936828904,1.9598072500273793,1.9019590764979972,hallmark,drvi_argmax,0.8654542449667264,False,hallmark
DR 19-,gs_ind_0,Spermatogenesis,1/16,0.815935952873828,0.8839306156133137,0.8661169051661411,0.1761849952303511,hallmark,drvi_argmax,1.0,False,hallmark
DR 19-,gs_ind_0,TGF-beta Signaling,1/10,0.6521950846781617,0.7707760091651001,1.4178868223189554,0.6060212075438708,hallmark,drvi_argmax,1.0,False,hallmark
DR 19-,gs_ind_0,TNF-alpha Signaling via NF-kB,25/102,1.00049025419168e-05,7.977707829237976e-05,3.2312655086848636,37.19973520574701,hallmark,drvi_argmax,0.0002638343796683408,True,hallmark
DR 19-,gs_ind_0,UV Response Dn,3/30,0.5902554204278213,0.7425793998930655,1.1428768699654777,0.602524594168903,hallmark,drvi_argmax,1.0,False,hallmark
DR 19-,gs_ind_0,UV Response Up,9/38,0.01033884493128333,0.028914791663142016,2.979023764216489,13.619641231486963,hallmark,drvi_argmax,0.07458521563330496,False,hallmark
DR 19-,gs_ind_0,Unfolded Protein Response,3/17,0.23773168809192036,0.3433902161327739,2.183413356612833,3.136719143961871,hallmark,drvi_argmax,0.678579605336187,False,hallmark
DR 19-,gs_ind_0,Xenobiotic Metabolism,9/43,0.023032515436091378,0.047277268526713885,2.5400915730124494,9.578300108799386,hallmark,drvi_argmax,0.1330046666027812,False,hallmark
DR 19-,gs_ind_0,heme Metabolism,6/26,0.03880641375059411,0.07567250681365853,2.9025644241018247,9.430924504374602,hallmark,drvi_argmax,0.19424327112412995,False,hallmark
DR 19-,gs_ind_0,mTORC1 Signaling,10/45,0.011121073716593084,0.028914791663142016,2.741155594987246,12.332221740767828,hallmark,drvi_argmax,0.07691628616858343,False,hallmark
DR 19-,gs_ind_0,p53 Pathway,10/45,0.011121073716593084,0.028914791663142016,2.741155594987246,12.332221740767828,hallmark,drvi_argmax,0.07691628616858343,False,hallmark
DR 20+,gs_ind_0,Allograft Rejection,2/90,0.5169348420473353,0.6385665695878848,1.4507391068802724,0.9572534338783893,hallmark,drvi_argmax,1.0,False,hallmark
DR 20+,gs_ind_0,Androgen Response,1/20,0.3198952937745985,0.6110125657618848,3.986666666666667,4.543849354163993,hallmark,drvi_argmax,0.7936842872019965,False,hallmark
DR 20+,gs_ind_0,Angiogenesis,1/18,0.2930399957295114,0.6110125657618848,4.446857142857143,5.458277791147789,hallmark,drvi_argmax,0.7532689545398098,False,hallmark
DR 20+,gs_ind_0,Apoptosis,7/59,8.367973424400084e-05,0.0017572744191240177,8.664399092970521,81.34582987699231,hallmark,drvi_argmax,0.001547760498046933,True,hallmark
DR 20+,gs_ind_0,Bile Acid Metabolism,1/16,0.26515323769507726,0.6110125657618848,5.025806451612903,6.671493529525248,hallmark,drvi_argmax,0.7118619895968912,False,hallmark
DR 20+,gs_ind_0,Cholesterol Homeostasis,2/20,0.05387389555982512,0.22627036135126552,7.199185486856719,21.02960718002817,hallmark,drvi_argmax,0.24317391390306384,False,hallmark
DR 20+,gs_ind_0,Coagulation,2/52,0.2595991906684011,0.6110125657618848,2.593923775939238,3.4982081751048724,hallmark,drvi_argmax,0.706844342269704,False,hallmark
DR 20+,gs_ind_0,Complement,2/67,0.36605527135602217,0.6110125657618848,1.98420997594897,1.9940733693465174,hallmark,drvi_argmax,0.8559847600150329,False,hallmark
DR 20+,gs_ind_0,E2F Targets,1/63,0.7070747900790841,0.7070747900790841,1.21632,0.4215994196375049,hallmark,drvi_argmax,1.0,False,hallmark
DR 20+,gs_ind_0,Epithelial Mesenchymal Transition,7/115,0.004929711501676958,0.03450798051173871,4.0695633091946455,21.619452574183814,hallmark,drvi_argmax,0.04240241361582278,True,hallmark
DR 20+,gs_ind_0,Estrogen Response Late,1/62,0.7012162858806659,0.7070747900790841,1.2367479674796749,0.4389699637437776,hallmark,drvi_argmax,1.0,False,hallmark
DR 20+,gs_ind_0,Fatty Acid Metabolism,1/23,0.3583251773068771,0.6110125657618848,3.449777777777778,3.5405565699488837,hallmark,drvi_argmax,0.8443294407805725,False,hallmark
DR 20+,gs_ind_0,Glycolysis,1/43,0.5655754569353061,0.6479542898535097,1.8075294117647058,1.0301319037550425,hallmark,drvi_argmax,1.0,False,hallmark
DR 20+,gs_ind_0,Hypoxia,2/73,0.40734171050792317,0.6110125657618848,1.8119551681195516,1.6273221227298804,hallmark,drvi_argmax,0.9093108964151462,False,hallmark
DR 20+,gs_ind_0,IL-2/STAT5 Signaling,2/73,0.40734171050792317,0.6110125657618848,1.8119551681195516,1.6273221227298804,hallmark,drvi_argmax,0.9093108964151462,False,hallmark
DR 20+,gs_ind_0,IL-6/JAK/STAT3 Signaling,1/34,0.4819640420334219,0.6325778051688663,2.3038805970149254,1.6815696619386056,hallmark,drvi_argmax,0.9904428572296707,False,hallmark
DR 20+,gs_ind_0,Interferon Alpha Response,4/44,0.008726307783211464,0.04581311586186019,6.191626409017713,29.35705753160373,hallmark,drvi_argmax,0.065248380385107,False,hallmark
DR 20+,gs_ind_0,Interferon Gamma Response,4/99,0.11528361910991787,0.4034926668847126,2.5506487593899387,5.510319384728648,hallmark,drvi_argmax,0.4241639415657058,False,hallmark
DR 20+,gs_ind_0,KRAS Signaling Dn,1/34,0.4819640420334219,0.6325778051688663,2.3038805970149254,1.6815696619386056,hallmark,drvi_argmax,0.9904428572296707,False,hallmark
DR 20+,gs_ind_0,TNF-alpha Signaling via NF-kB,2/102,0.5862443574865087,0.6479542898535097,1.2693382403053226,0.6778502097359412,hallmark,drvi_argmax,1.0,False,hallmark
DR 20+,gs_ind_0,p53 Pathway,5/45,0.0013264225092005364,0.013927436346605633,7.7934402063755295,51.63364406532227,hallmark,drvi_argmax,0.01591707011040644,True,hallmark
DR 21+,gs_ind_0,Adipogenesis,2/31,0.8326361334856475,0.9020224779427847,0.7563079024890065,0.1385242563453759,hallmark,drvi_argmax,1.0,False,hallmark
DR 21+,gs_ind_0,Allograft Rejection,17/90,0.006255192455844147,0.015247031611120109,2.2414687946023095,11.373982310712298,hallmark,drvi_argmax,0.05095289218998875,False,hallmark
DR 21+,gs_ind_0,Androgen Response,2/20,0.6095429026069803,0.7203688848991585,1.2134930900673975,0.6007348307309907,hallmark,drvi_argmax,1.0,False,hallmark
DR 21+,gs_ind_0,Angiogenesis,2/18,0.550713039166217,0.7159269509160822,1.362109762613541,0.8125548723082947,hallmark,drvi_argmax,1.0,False,hallmark
DR 21+,gs_ind_0,Apical Junction,8/37,0.02620464939075458,0.048665777439972795,2.6515958617653532,9.656630668468466,hallmark,drvi_argmax,0.14584488122456168,False,hallmark
DR 21+,gs_ind_0,Apoptosis,19/59,1.6410888264940122e-06,9.143209176180926e-06,4.670237730843791,62.208269995915195,hallmark,drvi_argmax,4.86395001587382e-05,True,hallmark
DR 21+,gs_ind_0,Cholesterol Homeostasis,8/20,0.0003802866440654024,0.0010593699370393351,6.317818181818182,49.7501979495992,hallmark,drvi_argmax,0.00540754418728838,True,hallmark
DR 21+,gs_ind_0,Coagulation,10/52,0.029664879451224407,0.05258774084535236,2.280592867068087,8.022650072624826,hallmark,drvi_argmax,0.15829848904557925,False,hallmark
DR 21+,gs_ind_0,Complement,21/67,7.438806695194335e-07,5.53907878980106e-06,4.519333872465331,63.774061146207,hallmark,drvi_argmax,2.4078242723918505e-05,True,hallmark
DR 21+,gs_ind_0,DNA Repair,1/14,0.7723912010246936,0.8606644811418014,0.9955444165970482,0.2571134028989587,hallmark,drvi_argmax,1.0,False,hallmark
DR 21+,gs_ind_0,E2F Targets,4/63,0.8904068168628014,0.9385369150716015,0.6702803258708063,0.07780401080988399,hallmark,drvi_argmax,1.0,False,hallmark
DR 21+,gs_ind_0,Epithelial Mesenchymal Transition,25/115,9.07384441242378e-05,0.0003538799320845275,2.7462341219247297,25.56065491258692,hallmark,drvi_argmax,0.0016412983275413604,True,hallmark
DR 21+,gs_ind_0,Estrogen Response Early,17/45,4.540944488544732e-07,4.427420876331114e-06,5.9312108609398155,86.62510107321158,hallmark,drvi_argmax,1.5733413298338085e-05,True,hallmark
DR 21+,gs_ind_0,Estrogen Response Late,13/62,0.006677104758753766,0.015318063858317464,2.5476363636363635,12.761290930172494,hallmark,drvi_argmax,0.05385468100503038,False,hallmark
DR 21+,gs_ind_0,Fatty Acid Metabolism,4/23,0.1917640871699054,0.2876461307548581,2.092190252495596,3.455229972678841,hallmark,drvi_argmax,0.5920391165073694,False,hallmark
DR 21+,gs_ind_0,G2-M Checkpoint,3/59,0.9452748491522482,0.9452748491522482,0.5471715021843845,0.030794564882723488,hallmark,drvi_argmax,1.0,False,hallmark
DR 21+,gs_ind_0,Glycolysis,11/43,0.002455744353129197,0.006384935318135912,3.302252892226507,19.844312066440693,hallmark,drvi_argmax,0.024963351688833988,True,hallmark
DR 21+,gs_ind_0,Hypoxia,22/73,8.521659676617016e-07,5.53907878980106e-06,4.28204291425308,59.84362451077521,hallmark,drvi_argmax,2.6876003595484433e-05,True,hallmark
DR 21+,gs_ind_0,IL-2/STAT5 Signaling,20/73,1.414757423332419e-05,6.896942438745543e-05,3.7097108240350014,41.42251005354293,hallmark,drvi_argmax,0.0003412062020978187,True,hallmark
DR 21+,gs_ind_0,IL-6/JAK/STAT3 Signaling,8/34,0.01599739349460066,0.032836755067864515,2.9567753001715267,12.227240054483705,hallmark,drvi_argmax,0.10116603598127924,False,hallmark
DR 21+,gs_ind_0,Inflammatory Response,18/71,0.00012006267412229651,0.00042567675370632396,3.3110997311483805,29.890941787618623,hallmark,drvi_argmax,0.0020118755011184325,True,hallmark
DR 21+,gs_ind_0,Interferon Alpha Response,22/44,9.772695907417267e-12,1.2704504679642445e-10,9.96358543417367,252.5911262353477,hallmark,drvi_argmax,6.868809123498994e-10,True,hallmark
DR 21+,gs_ind_0,Interferon Gamma Response,39/99,9.437075381903268e-16,3.680459398942275e-14,7.036281759332702,243.43223726956165,hallmark,drvi_argmax,8.291144799815013e-14,True,hallmark
DR 21+,gs_ind_0,KRAS Signaling Dn,5/34,0.24842637542854368,0.3588380978412298,1.6894100307772335,2.3526871967483896,hallmark,drvi_argmax,0.6923868653466496,False,hallmark
DR 21+,gs_ind_0,KRAS Signaling Up,11/81,0.1793993142598555,0.27986293024537456,1.4896049701528846,2.559351599106125,hallmark,drvi_argmax,0.567252330436047,False,hallmark
DR 21+,gs_ind_0,Mitotic Spindle,4/41,0.5989787021658579,0.7203688848991585,1.0769465648854961,0.5519666013504153,hallmark,drvi_argmax,1.0,False,hallmark
DR 21+,gs_ind_0,Myc Targets V1,1/14,0.7723912010246936,0.8606644811418014,0.9955444165970482,0.2571134028989587,hallmark,drvi_argmax,1.0,False,hallmark
DR 21+,gs_ind_0,Myogenesis,5/51,0.5892326651055279,0.7203688848991585,1.0614910760938316,0.5614588866180056,hallmark,drvi_argmax,1.0,False,hallmark
DR 21+,gs_ind_0,PI3K/AKT/mTOR  Signaling,4/14,0.04353789159641081,0.07382512053304442,3.9051254089422027,12.239145895960975,hallmark,drvi_argmax,0.20596771793686652,False,hallmark
DR 21+,gs_ind_0,Pperoxisome,2/13,0.378900090174457,0.527753697028708,1.9598072500273793,1.9019590764979972,hallmark,drvi_argmax,0.8654542449667264,False,hallmark
DR 21+,gs_ind_0,TGF-beta Signaling,4/10,0.012561034907328936,0.027215575632546028,6.322372284204345,27.674008034683848,hallmark,drvi_argmax,0.08328880288956653,False,hallmark
DR 21+,gs_ind_0,TNF-alpha Signaling via NF-kB,36/102,7.814324623888642e-13,1.523793301658285e-11,5.787348309984688,161.33765712510595,hallmark,drvi_argmax,5.825223810535169e-11,True,hallmark
DR 21+,gs_ind_0,UV Response Dn,6/30,0.07168723848029887,0.11649176253048565,2.4232201878180577,6.3862575477422325,hallmark,drvi_argmax,0.298899333324636,False,hallmark
DR 21+,gs_ind_0,UV Response Up,12/38,0.0001869586318402267,0.0006076155534807368,4.440468445022772,38.11974836845933,hallmark,drvi_argmax,0.0028925675114903,True,hallmark
DR 21+,gs_ind_0,Unfolded Protein Response,5/17,0.021619839166570006,0.042158686374811516,4.0252685421994885,15.433458850696477,hallmark,drvi_argmax,0.1290893309460248,False,hallmark
DR 21+,gs_ind_0,Xenobiotic Metabolism,5/43,0.4329692789421994,0.5822690303015785,1.2879064669345999,1.0780916961808553,hallmark,drvi_argmax,0.9367673053630698,False,hallmark
DR 21+,gs_ind_0,heme Metabolism,1/26,0.9365556804359781,0.9452748491522482,0.5235146690255049,0.03431445111082393,hallmark,drvi_argmax,1.0,False,hallmark
DR 21+,gs_ind_0,mTORC1 Signaling,13/45,0.00027443218930083994,0.0008232965679025199,3.917907692307692,32.13000232506372,hallmark,drvi_argmax,0.004091534458667068,True,hallmark
DR 21+,gs_ind_0,p53 Pathway,14/45,6.438646399233802e-05,0.0002790080106334647,4.3674624452104345,42.14866422860711,hallmark,drvi_argmax,0.0012278348947376088,True,hallmark
DR 21-,gs_ind_0,Adipogenesis,6/31,0.013307161342871115,0.1264180327572756,3.746347941567065,16.18217363732997,hallmark,drvi_argmax,0.08752838744241428,False,hallmark
DR 21-,gs_ind_0,Allograft Rejection,3/90,0.9432855639996157,0.9989745615747387,0.554863813229572,0.03239639909612169,hallmark,drvi_argmax,1.0,False,hallmark
DR 21-,gs_ind_0,Androgen Response,4/20,0.037493795796345986,0.23746070671019126,3.9647058823529413,13.018428168551043,hallmark,drvi_argmax,0.18900560995699,False,hallmark
DR 21-,gs_ind_0,Angiogenesis,1/18,0.7061777515161257,0.9989745615747387,1.2167487684729064,0.42329266119048914,hallmark,drvi_argmax,1.0,False,hallmark
DR 21-,gs_ind_0,Apical Junction,7/37,0.008651346556877973,0.10958372305378766,3.6332214102310885,17.25794811320051,hallmark,drvi_argmax,0.065248380385107,False,hallmark
DR 21-,gs_ind_0,Apoptosis,5/59,0.3431003760093897,0.8691876192237872,1.4483446350219387,1.5493409408660619,hallmark,drvi_argmax,0.8194436164884453,False,hallmark
DR 21-,gs_ind_0,Bile Acid Metabolism,1/16,0.6631530198571376,0.9989745615747387,1.375231738969225,0.5648757715065239,hallmark,drvi_argmax,1.0,False,hallmark
DR 21-,gs_ind_0,Cholesterol Homeostasis,3/20,0.1386901297168219,0.5270224929239232,2.8832684824902723,5.695934707032188,hallmark,drvi_argmax,0.4745169945805033,False,hallmark
DR 21-,gs_ind_0,Coagulation,6/52,0.12050090230691841,0.5087815875181,2.0310585614531123,4.297919037066236,hallmark,drvi_argmax,0.43657175209870297,False,hallmark
DR 21-,gs_ind_0,Complement,5/67,0.45019758676836635,0.9989745615747387,1.257391304347826,1.0034846573306495,hallmark,drvi_argmax,0.9514485081187124,False,hallmark
DR 21-,gs_ind_0,DNA Repair,1/14,0.6138831364576351,0.9989745615747387,1.580672626649638,0.7712903153598732,hallmark,drvi_argmax,1.0,False,hallmark
DR 21-,gs_ind_0,E2F Targets,2/63,0.9272631686107459,0.9989745615747387,0.5676931286687384,0.042870970737315384,hallmark,drvi_argmax,1.0,False,hallmark
DR 21-,gs_ind_0,Epithelial Mesenchymal Transition,12/115,0.06826802201101051,0.32427310455229996,1.7853172437491156,4.792351752274418,hallmark,drvi_argmax,0.288060607456408,False,hallmark
DR 21-,gs_ind_0,Estrogen Response Early,4/45,0.3401940864802825,0.8691876192237872,1.5550673281360736,1.6767342122889837,hallmark,drvi_argmax,0.8164702905081884,False,hallmark
DR 21-,gs_ind_0,Estrogen Response Late,3/62,0.7850724076565868,0.9989745615747387,0.8287937743190662,0.20055095923466534,hallmark,drvi_argmax,1.0,False,hallmark
DR 21-,gs_ind_0,Fatty Acid Metabolism,1/23,0.791338079101764,0.9989745615747387,0.9438058748403576,0.22087888447058268,hallmark,drvi_argmax,1.0,False,hallmark
DR 21-,gs_ind_0,G2-M Checkpoint,1/59,0.9827177741387709,0.9989745615747387,0.35592887317025246,0.00620501722099461,hallmark,drvi_argmax,1.0,False,hallmark
DR 21-,gs_ind_0,Glycolysis,3/43,0.5430497602452605,0.9989745615747387,1.2303886246817506,0.7512190946957155,hallmark,drvi_argmax,1.0,False,hallmark
DR 21-,gs_ind_0,Hypoxia,9/73,0.04542277637999312,0.2465807860628198,2.170827400727733,6.711637418928122,hallmark,drvi_argmax,0.21365206480838062,False,hallmark
DR 21-,gs_ind_0,IL-2/STAT5 Signaling,7/73,0.19732275184951703,0.6248553808568039,1.6337530573421506,2.6514416186310146,hallmark,drvi_argmax,0.6007598633042227,False,hallmark
DR 21-,gs_ind_0,IL-6/JAK/STAT3 Signaling,1/34,0.9020379301652814,0.9989745615747387,0.630125235889518,0.06496509809073182,hallmark,drvi_argmax,1.0,False,hallmark
DR 21-,gs_ind_0,Inflammatory Response,3/71,0.856601635021534,0.9989745615747387,0.7163225311710074,0.11087405254729442,hallmark,drvi_argmax,1.0,False,hallmark
DR 21-,gs_ind_0,Interferon Alpha Response,2/44,0.7960083115483235,0.9989745615747387,0.8301158301158301,0.18938731692262045,hallmark,drvi_argmax,1.0,False,hallmark
DR 21-,gs_ind_0,Interferon Gamma Response,1/99,0.9989745615747387,0.9989745615747387,0.20672151234027655,0.00021208894275182686,hallmark,drvi_argmax,1.0,False,hallmark
DR 21-,gs_ind_0,KRAS Signaling Dn,4/34,0.17915211007139317,0.6188891075193582,2.1286403085824492,3.660239704878651,hallmark,drvi_argmax,0.567252330436047,False,hallmark
DR 21-,gs_ind_0,KRAS Signaling Up,3/81,0.9110135115909902,0.9989745615747387,0.6216015266797195,0.057931739504810925,hallmark,drvi_argmax,1.0,False,hallmark
DR 21-,gs_ind_0,Mitotic Spindle,2/41,0.7621995357815685,0.9989745615747387,0.8946288060212111,0.24293367856186812,hallmark,drvi_argmax,1.0,False,hallmark
DR 21-,gs_ind_0,Myogenesis,9/51,0.004846868832634265,0.09209050782005104,3.3346938775510204,17.77199219494773,hallmark,drvi_argmax,0.042219793275382465,True,hallmark
DR 21-,gs_ind_0,PI3K/AKT/mTOR  Signaling,1/14,0.6138831364576351,0.9989745615747387,1.580672626649638,0.7712903153598732,hallmark,drvi_argmax,1.0,False,hallmark
DR 21-,gs_ind_0,Pperoxisome,1/13,0.5866302759382116,0.9989745615747387,1.7080459770114942,0.9110042754395592,hallmark,drvi_argmax,1.0,False,hallmark
DR 21-,gs_ind_0,Spermatogenesis,1/16,0.6631530198571376,0.9989745615747387,1.375231738969225,0.5648757715065239,hallmark,drvi_argmax,1.0,False,hallmark
DR 21-,gs_ind_0,TNF-alpha Signaling via NF-kB,12/102,0.03109270101692673,0.23630452772864316,2.056797429436649,7.138695868696922,hallmark,drvi_argmax,0.1634359925248713,False,hallmark
DR 21-,gs_ind_0,UV Response Up,3/38,0.4586851118699132,0.9989745615747387,1.4075190442264482,1.097008147104625,hallmark,drvi_argmax,0.9631386882532427,False,hallmark
DR 21-,gs_ind_0,Unfolded Protein Response,1/17,0.6853944283242319,0.9989745615747387,1.2911877394636015,0.4877601116810563,hallmark,drvi_argmax,1.0,False,hallmark
DR 21-,gs_ind_0,Xenobiotic Metabolism,1/43,0.9474029335573213,0.9989745615747387,0.4942528735632184,0.026704874240390017,hallmark,drvi_argmax,1.0,False,hallmark
DR 21-,gs_ind_0,heme Metabolism,3/26,0.240098373273203,0.7018260141832088,2.140160609321964,3.053381161475843,hallmark,drvi_argmax,0.6836134239028697,False,hallmark
DR 21-,gs_ind_0,mTORC1 Signaling,2/45,0.806304326646667,0.9989745615747387,0.8105889140371899,0.1745149549935766,hallmark,drvi_argmax,1.0,False,hallmark
DR 21-,gs_ind_0,p53 Pathway,11/45,9.321953832451362e-05,0.0035423424563315177,5.077455048409405,47.1215917967318,hallmark,drvi_argmax,0.001652931563236539,True,hallmark
DR 22+,gs_ind_0,Adipogenesis,3/31,0.33167913578450964,0.6402667803221581,1.759915352583794,1.9422201193198891,hallmark,drvi_argmax,0.8106900062756482,False,hallmark
DR 22+,gs_ind_0,Allograft Rejection,12/90,0.012425712526441686,0.06390366442170009,2.387202515790315,10.475014470899577,hallmark,drvi_argmax,0.08267044771153802,False,hallmark
DR 22+,gs_ind_0,Androgen Response,1/20,0.743743612605383,0.8113566682967815,1.090775125257884,0.3229336949146866,hallmark,drvi_argmax,1.0,False,hallmark
DR 22+,gs_ind_0,Angiogenesis,2/18,0.332077934062035,0.6402667803221581,2.168597168597169,2.390630283190518,hallmark,drvi_argmax,0.8106900062756482,False,hallmark
DR 22+,gs_ind_0,Apical Junction,2/37,0.709743293237582,0.8113566682967815,0.997607265212899,0.342031579397971,hallmark,drvi_argmax,1.0,False,hallmark
DR 22+,gs_ind_0,Apoptosis,11/59,0.001160336733597382,0.00835442448190115,3.584249475980665,24.226103601191063,hallmark,drvi_argmax,0.01434386112889226,True,hallmark
DR 22+,gs_ind_0,Bile Acid Metabolism,2/16,0.28233787941515276,0.6402667803221581,2.470376780721608,3.1241639011490965,hallmark,drvi_argmax,0.739671121790496,False,hallmark
DR 22+,gs_ind_0,Cholesterol Homeostasis,3/20,0.1386901297168219,0.49928446698055884,2.8832684824902723,5.695934707032188,hallmark,drvi_argmax,0.4745169945805033,False,hallmark
DR 22+,gs_ind_0,Coagulation,19/52,1.0903153983829602e-10,3.925135434178657e-09,9.50228855721393,217.97664532533366,hallmark,drvi_argmax,7.058357579005479e-09,True,hallmark
DR 22+,gs_ind_0,Complement,21/67,2.9244575173328304e-10,5.264023531199095e-09,7.630078334063154,167.50114057808017,hallmark,drvi_argmax,1.7546745103996984e-08,True,hallmark
DR 22+,gs_ind_0,DNA Repair,1/14,0.6138831364576351,0.8113566682967815,1.580672626649638,0.7712903153598732,hallmark,drvi_argmax,1.0,False,hallmark
DR 22+,gs_ind_0,Epithelial Mesenchymal Transition,9/115,0.3379185785033612,0.6402667803221581,1.2841429529558301,1.3932312878568287,hallmark,drvi_argmax,0.8133876460577191,False,hallmark
DR 22+,gs_ind_0,Estrogen Response Early,3/45,0.57464398693394,0.8113566682967815,1.171206225680934,0.6488536167797062,hallmark,drvi_argmax,1.0,False,hallmark
DR 22+,gs_ind_0,Estrogen Response Late,6/62,0.21669748199572747,0.6402667803221581,1.6624122977118077,2.5422489773504657,hallmark,drvi_argmax,0.6399469456296394,False,hallmark
DR 22+,gs_ind_0,Fatty Acid Metabolism,1/23,0.791338079101764,0.837887377872456,0.9438058748403576,0.22087888447058268,hallmark,drvi_argmax,1.0,False,hallmark
DR 22+,gs_ind_0,Glycolysis,4/43,0.30960303356288504,0.6402667803221581,1.6355919583023082,1.9176732442398299,hallmark,drvi_argmax,0.7803519083654685,False,hallmark
DR 22+,gs_ind_0,Hypoxia,5/73,0.5277316193347191,0.8113566682967815,1.1434465249127261,0.7308537666279957,hallmark,drvi_argmax,1.0,False,hallmark
DR 22+,gs_ind_0,IL-2/STAT5 Signaling,10/73,0.01837034641693176,0.08266655887619292,2.4585399047341303,9.826827078199615,hallmark,drvi_argmax,0.11213660591973233,False,hallmark
DR 22+,gs_ind_0,IL-6/JAK/STAT3 Signaling,2/34,0.664389205195872,0.8113566682967815,1.0914760914760915,0.4462905470515875,hallmark,drvi_argmax,1.0,False,hallmark
DR 22+,gs_ind_0,Inflammatory Response,4/71,0.6961278248167145,0.8113566682967815,0.9424836601307189,0.3413882967028691,hallmark,drvi_argmax,1.0,False,hallmark
DR 22+,gs_ind_0,Interferon Alpha Response,14/44,2.8586332068840874e-07,2.5727698861956786e-06,7.4426927101499825,112.14464826681196,hallmark,drvi_argmax,1.1162282045928341e-05,True,hallmark
DR 22+,gs_ind_0,Interferon Gamma Response,22/99,1.307899755561125e-07,1.5694797066733502e-06,4.7525408749447635,75.32621897872366,hallmark,drvi_argmax,5.849878906691577e-06,True,hallmark
DR 22+,gs_ind_0,KRAS Signaling Dn,2/34,0.664389205195872,0.8113566682967815,1.0914760914760915,0.4462905470515875,hallmark,drvi_argmax,1.0,False,hallmark
DR 22+,gs_ind_0,KRAS Signaling Up,7/81,0.27744383274788254,0.6402667803221581,1.451847659092747,1.8614672693144971,hallmark,drvi_argmax,0.7323088289268145,False,hallmark
DR 22+,gs_ind_0,Mitotic Spindle,1/41,0.9395920765200678,0.9664375644206412,0.5192280403008372,0.03235281831751009,hallmark,drvi_argmax,1.0,False,hallmark
DR 22+,gs_ind_0,Myogenesis,5/51,0.23878654990737275,0.6402667803221581,1.705002337540907,2.4418791525306722,hallmark,drvi_argmax,0.6806661793419895,False,hallmark
DR 22+,gs_ind_0,Pperoxisome,1/13,0.5866302759382116,0.8113566682967815,1.7080459770114942,0.9110042754395592,hallmark,drvi_argmax,1.0,False,hallmark
DR 22+,gs_ind_0,Spermatogenesis,1/16,0.6631530198571376,0.8113566682967815,1.375231738969225,0.5648757715065239,hallmark,drvi_argmax,1.0,False,hallmark
DR 22+,gs_ind_0,TNF-alpha Signaling via NF-kB,2/102,0.9929174616946655,0.9929174616946655,0.3399028025893698,0.002415940249136707,hallmark,drvi_argmax,1.0,False,hallmark
DR 22+,gs_ind_0,UV Response Dn,2/30,0.5953791391481172,0.8113566682967815,1.2473751947436158,0.6468349738521876,hallmark,drvi_argmax,1.0,False,hallmark
DR 22+,gs_ind_0,UV Response Up,2/38,0.7236909699802299,0.8113566682967815,0.9697466546781616,0.31360716076828304,hallmark,drvi_argmax,1.0,False,hallmark
DR 22+,gs_ind_0,Unfolded Protein Response,2/17,0.3072904843836297,0.6402667803221581,2.309752148461826,2.7254192462002487,hallmark,drvi_argmax,0.7777104851684455,False,hallmark
DR 22+,gs_ind_0,Xenobiotic Metabolism,3/43,0.5430497602452605,0.8113566682967815,1.2303886246817506,0.7512190946957155,hallmark,drvi_argmax,1.0,False,hallmark
DR 22+,gs_ind_0,heme Metabolism,6/26,0.005453168185796841,0.032719009114781046,4.672723739189583,24.35217321790808,hallmark,drvi_argmax,0.04609894755003515,True,hallmark
DR 22+,gs_ind_0,mTORC1 Signaling,3/45,0.57464398693394,0.8113566682967815,1.171206225680934,0.6488536167797062,hallmark,drvi_argmax,1.0,False,hallmark
DR 22+,gs_ind_0,p53 Pathway,6/45,0.06967254971234393,0.27869019884937574,2.4001714660345956,6.393934073435412,hallmark,drvi_argmax,0.2926629889238276,False,hallmark
DR 23-,gs_ind_0,Adipogenesis,2/31,0.6005520590000267,0.835547458915806,1.2350103838681583,0.6297391411487095,hallmark,drvi_argmax,1.0,False,hallmark
DR 23-,gs_ind_0,Allograft Rejection,17/90,3.041145726971973e-05,0.0002584973867926177,3.8426222506939998,39.96592718441253,hallmark,drvi_argmax,0.0006449326283061253,True,hallmark
DR 23-,gs_ind_0,Androgen Response,1/20,0.7353470079655087,0.9015974271339828,1.1182503770739065,0.3437644476491858,hallmark,drvi_argmax,1.0,False,hallmark
DR 23-,gs_ind_0,Apical Junction,2/37,0.6972971447894156,0.9015974271339828,1.0229360351834327,0.36881308102864874,hallmark,drvi_argmax,1.0,False,hallmark
DR 23-,gs_ind_0,Apoptosis,11/59,0.0009538137948182817,0.006485933804764315,3.681816187760474,25.60718655055515,hallmark,drvi_argmax,0.012349378606594593,True,hallmark
DR 23-,gs_ind_0,Cholesterol Homeostasis,3/20,0.1317820626302974,0.3446607791869317,2.956972111553785,5.992616718002975,hallmark,drvi_argmax,0.4617589748643416,False,hallmark
DR 23-,gs_ind_0,Coagulation,8/52,0.015572026254700413,0.06618111158247676,2.898456804513031,12.064186362904895,hallmark,drvi_argmax,0.09931574719863102,False,hallmark
DR 23-,gs_ind_0,Complement,15/67,1.0913847704653157e-05,0.0001236902739860691,4.735514998951122,54.10552311837745,hallmark,drvi_argmax,0.0002767841789015131,True,hallmark
DR 23-,gs_ind_0,DNA Repair,2/14,0.22440166863326239,0.4335360832578717,2.941501976284585,4.395538377690415,hallmark,drvi_argmax,0.657959600521842,False,hallmark
DR 23-,gs_ind_0,E2F Targets,1/63,0.9855209308308247,0.9855209308308247,0.3408,0.00497053863039248,hallmark,drvi_argmax,1.0,False,hallmark
DR 23-,gs_ind_0,Epithelial Mesenchymal Transition,7/115,0.6143731315557397,0.835547458915806,1.0038686920407351,0.48903747357006294,hallmark,drvi_argmax,1.0,False,hallmark
DR 23-,gs_ind_0,Estrogen Response Early,6/45,0.06359360366409367,0.19656204768901678,2.462981141823818,6.7861100354406405,hallmark,drvi_argmax,0.2730196597097215,False,hallmark
DR 23-,gs_ind_0,Estrogen Response Late,5/62,0.36430749903250204,0.6193227483552535,1.4061256820982222,1.4198452368899284,hallmark,drvi_argmax,0.8551492820801098,False,hallmark
DR 23-,gs_ind_0,Fatty Acid Metabolism,1/23,0.7834497616680145,0.9015974271339828,0.9675816993464053,0.23613670719159482,hallmark,drvi_argmax,1.0,False,hallmark
DR 23-,gs_ind_0,G2-M Checkpoint,2/59,0.9017656585511356,0.9581260122105816,0.6239903763533253,0.06452097601676879,hallmark,drvi_argmax,1.0,False,hallmark
DR 23-,gs_ind_0,Glycolysis,4/43,0.29468048835842015,0.5273229791676992,1.6777489705658075,2.049980396935818,hallmark,drvi_argmax,0.7559061536618494,False,hallmark
DR 23-,gs_ind_0,Hypoxia,7/73,0.18196025174815075,0.4124432372958084,1.6768773786317646,2.8573437376078727,hallmark,drvi_argmax,0.5731398454551226,False,hallmark
DR 23-,gs_ind_0,IL-2/STAT5 Signaling,8/73,0.09051936047453665,0.2564715213445205,1.9465648854961832,4.676021667414763,hallmark,drvi_argmax,0.35289639741261514,False,hallmark
DR 23-,gs_ind_0,IL-6/JAK/STAT3 Signaling,5/34,0.061859075246684,0.19656204768901678,2.7830233994373157,7.744865969088362,hallmark,drvi_argmax,0.26650319633422526,False,hallmark
DR 23-,gs_ind_0,Inflammatory Response,11/71,0.004495897521434882,0.021837216532683713,2.9321259011781255,15.846938206745326,hallmark,drvi_argmax,0.04036462738222558,True,hallmark
DR 23-,gs_ind_0,Interferon Alpha Response,32/44,1.3677897025074018e-30,2.325242494262583e-29,50.127461139896376,3446.982618724098,hallmark,drvi_argmax,3.0588751528801894e-28,True,hallmark
DR 23-,gs_ind_0,Interferon Gamma Response,51/99,1.5951482537606892e-38,5.423504062786344e-37,24.998137678749583,2175.6195911420436,hallmark,drvi_argmax,7.84812940850259e-36,True,hallmark
DR 23-,gs_ind_0,KRAS Signaling Dn,4/34,0.1689607890787361,0.410333344905502,2.1834880505629073,3.882435228988272,hallmark,drvi_argmax,0.5440360486043074,False,hallmark
DR 23-,gs_ind_0,KRAS Signaling Up,5/81,0.6018482781207495,0.835547458915806,1.045831017967241,0.531020589704819,hallmark,drvi_argmax,1.0,False,hallmark
DR 23-,gs_ind_0,Myogenesis,1/51,0.9672054751038915,0.9855209308308247,0.42457775189283636,0.014157255965530486,hallmark,drvi_argmax,1.0,False,hallmark
DR 23-,gs_ind_0,Pperoxisome,2/13,0.20026545552165806,0.4255640929835234,3.199003265165836,5.14435398685223,hallmark,drvi_argmax,0.6077658858071322,False,hallmark
DR 23-,gs_ind_0,TGF-beta Signaling,1/10,0.48466677232232896,0.7846985837599612,2.3077399380804953,1.671481478913353,hallmark,drvi_argmax,0.9904428572296707,False,hallmark
DR 23-,gs_ind_0,TNF-alpha Signaling via NF-kB,14/102,0.004383469356598871,0.021837216532683713,2.5534996175955396,13.865285308137768,hallmark,drvi_argmax,0.039790902646617055,True,hallmark
DR 23-,gs_ind_0,UV Response Dn,1/30,0.8645589597642088,0.9482259558704226,0.7351944167497507,0.10699708935314653,hallmark,drvi_argmax,1.0,False,hallmark
DR 23-,gs_ind_0,UV Response Up,6/38,0.031007693591039696,0.11714017578837219,3.0048979591836735,10.437572933613561,hallmark,drvi_argmax,0.16333817180718982,False,hallmark
DR 23-,gs_ind_0,Xenobiotic Metabolism,2/43,0.7739814249662277,0.9015974271339828,0.8721843897328444,0.22346009867958472,hallmark,drvi_argmax,1.0,False,hallmark
DR 23-,gs_ind_0,heme Metabolism,3/26,0.22951910290122618,0.4335360832578717,2.194880054251081,3.230356457470605,hallmark,drvi_argmax,0.6673959729751967,False,hallmark
DR 23-,gs_ind_0,mTORC1 Signaling,3/45,0.5584206056099384,0.835547458915806,1.2011717834544176,0.699854123685624,hallmark,drvi_argmax,1.0,False,hallmark
DR 23-,gs_ind_0,p53 Pathway,2/45,0.7955271415888083,0.9015974271339828,0.831175321430194,0.19013161483652316,hallmark,drvi_argmax,1.0,False,hallmark
DR 24-,gs_ind_0,Adipogenesis,5/31,0.011604226271537317,0.07890873864645376,4.519249645544771,20.13952045986013,hallmark,drvi_argmax,0.07885744924856851,False,hallmark
DR 24-,gs_ind_0,Allograft Rejection,1/90,0.9862890976633838,0.9862890976633838,0.33714003518627117,0.004654476049525209,hallmark,drvi_argmax,1.0,False,hallmark
DR 24-,gs_ind_0,Androgen Response,3/20,0.059296239615046334,0.20160721469115753,4.27683615819209,12.082957664586838,hallmark,drvi_argmax,0.2586325344911595,False,hallmark
DR 24-,gs_ind_0,Apical Junction,1/37,0.8243174890496089,0.9286772589996217,0.850753046242337,0.16436508105550518,hallmark,drvi_argmax,1.0,False,hallmark
DR 24-,gs_ind_0,Apoptosis,6/59,0.0485625607839334,0.1914907702010234,2.638082745805323,7.979942827051024,hallmark,drvi_argmax,0.2249790951572056,False,hallmark
DR 24-,gs_ind_0,Bile Acid Metabolism,1/16,0.5266676664961342,0.6887192561872524,2.0258420958830867,1.298940664728067,hallmark,drvi_argmax,1.0,False,hallmark
DR 24-,gs_ind_0,Cholesterol Homeostasis,1/20,0.6077718643563276,0.7380086924326835,1.606884827879303,0.8001574440654708,hallmark,drvi_argmax,1.0,False,hallmark
DR 24-,gs_ind_0,Coagulation,4/52,0.20915981465711087,0.4444646061463606,1.973902798232695,3.0884801511418414,hallmark,drvi_argmax,0.6244334272530252,False,hallmark
DR 24-,gs_ind_0,Complement,3/67,0.5968322787218723,0.7380086924326835,1.1315639644374371,0.584021826092844,hallmark,drvi_argmax,1.0,False,hallmark
DR 24-,gs_ind_0,Epithelial Mesenchymal Transition,7/115,0.2659354343250175,0.5023224870583664,1.4736999972731983,1.9519181925957882,hallmark,drvi_argmax,0.7118619895968912,False,hallmark
DR 24-,gs_ind_0,Estrogen Response Early,9/45,0.00012857301952567336,0.0021857413319364472,5.910585305105853,52.95301395321383,hallmark,drvi_argmax,0.002108597520221043,True,hallmark
DR 24-,gs_ind_0,Estrogen Response Late,14/62,2.9129214639027065e-07,9.903932977269202e-06,7.1810442301296975,108.06709753706319,hallmark,drvi_argmax,1.1196541876876028e-05,True,hallmark
DR 24-,gs_ind_0,Fatty Acid Metabolism,2/23,0.2816791179107847,0.5040573688929831,2.453553332467195,3.1086195274941075,hallmark,drvi_argmax,0.7387320149899045,False,hallmark
DR 24-,gs_ind_0,Glycolysis,3/43,0.31094484172535747,0.5286062309331077,1.825556253051545,2.1325048073954953,hallmark,drvi_argmax,0.7812521423815693,False,hallmark
DR 24-,gs_ind_0,Hypoxia,6/73,0.11103340264248407,0.2696525492746042,2.0751570283734027,4.5610378477920674,hallmark,drvi_argmax,0.41074010601580574,False,hallmark
DR 24-,gs_ind_0,IL-2/STAT5 Signaling,5/73,0.23582784021222924,0.4716556804244585,1.7093371587696722,2.469399448926746,hallmark,drvi_argmax,0.6769387245298529,False,hallmark
DR 24-,gs_ind_0,IL-6/JAK/STAT3 Signaling,2/34,0.46342430057181844,0.6565177591434094,1.6136656639449936,1.2410899950552063,hallmark,drvi_argmax,0.9699951042770826,False,hallmark
DR 24-,gs_ind_0,Inflammatory Response,2/71,0.8443214542524398,0.9286772589996217,0.7397210723041678,0.1251770696303289,hallmark,drvi_argmax,1.0,False,hallmark
DR 24-,gs_ind_0,Interferon Alpha Response,1/44,0.8740491849408204,0.9286772589996217,0.7111830824919032,0.0957384916994865,hallmark,drvi_argmax,1.0,False,hallmark
DR 24-,gs_ind_0,Interferon Gamma Response,2/99,0.9472578199749196,0.975962602398402,0.5192665807190947,0.028135926736148602,hallmark,drvi_argmax,1.0,False,hallmark
DR 24-,gs_ind_0,KRAS Signaling Dn,4/34,0.06555674336663043,0.20262993404231225,3.1691803278688524,8.63550679061103,hallmark,drvi_argmax,0.2797093420852774,False,hallmark
DR 24-,gs_ind_0,KRAS Signaling Up,4/81,0.5089968437656709,0.6887192561872524,1.216036866359447,0.82120606772671,hallmark,drvi_argmax,1.0,False,hallmark
DR 24-,gs_ind_0,Mitotic Spindle,1/41,0.8547199093583864,0.9286772589996217,0.7650910579087374,0.12010510756128998,hallmark,drvi_argmax,1.0,False,hallmark
DR 24-,gs_ind_0,Myogenesis,8/51,0.0017108954769666804,0.014717695199128149,4.367884919815541,27.826652075355028,hallmark,drvi_argmax,0.018958571501522675,True,hallmark
DR 24-,gs_ind_0,Pperoxisome,1/13,0.4551508562926691,0.6565177591434094,2.5160220994475138,1.9804273235880971,hallmark,drvi_argmax,0.9594439644215648,False,hallmark
DR 24-,gs_ind_0,TGF-beta Signaling,2/10,0.0726477553283238,0.20583530676358408,6.248767663489977,16.385098565700854,hallmark,drvi_argmax,0.3023916719250026,False,hallmark
DR 24-,gs_ind_0,TNF-alpha Signaling via NF-kB,12/102,0.0017314935528386058,0.014717695199128149,3.1611591785677056,20.101087050527486,hallmark,drvi_argmax,0.01910078089678462,True,hallmark
DR 24-,gs_ind_0,UV Response Dn,2/30,0.3998325422943644,0.6179230199094722,1.8440654709399196,1.6904722690667682,hallmark,drvi_argmax,0.8966162753364962,False,hallmark
DR 24-,gs_ind_0,UV Response Up,4/38,0.09108170163287903,0.23821368119368364,2.795776397515528,6.698675649739432,hallmark,drvi_argmax,0.3539668025543166,False,hallmark
DR 24-,gs_ind_0,Unfolded Protein Response,2/17,0.17930280884410404,0.40641970004663586,3.4141286718327626,5.867792046667564,hallmark,drvi_argmax,0.567252330436047,False,hallmark
DR 24-,gs_ind_0,Xenobiotic Metabolism,5/43,0.042864464888419045,0.1914907702010234,3.0908340214698597,9.735237380117097,hallmark,drvi_argmax,0.2059503586435759,False,hallmark
DR 24-,gs_ind_0,heme Metabolism,2/26,0.3330572077668315,0.5392354792415367,2.1496978679740053,2.3634659922821517,hallmark,drvi_argmax,0.8106900062756482,False,hallmark
DR 24-,gs_ind_0,mTORC1 Signaling,5/45,0.05068873328850619,0.1914907702010234,2.9350603011489333,8.752501314646304,hallmark,drvi_argmax,0.23265314762739056,False,hallmark
DR 24-,gs_ind_0,p53 Pathway,6/45,0.014593372986783542,0.08269578025844007,3.6000444148345547,15.218063679828369,hallmark,drvi_argmax,0.09480454559492767,False,hallmark
DR 25-,gs_ind_0,Adipogenesis,2/31,0.8326361334856475,0.9730506609392247,0.7563079024890065,0.1385242563453759,hallmark,drvi_argmax,1.0,False,hallmark
DR 25-,gs_ind_0,Allograft Rejection,7/90,0.8136668939635037,0.9730506609392247,0.7972427238546164,0.16439481235567444,hallmark,drvi_argmax,1.0,False,hallmark
DR 25-,gs_ind_0,Androgen Response,2/20,0.6095429026069803,0.9143143539104704,1.2134930900673975,0.6007348307309907,hallmark,drvi_argmax,1.0,False,hallmark
DR 25-,gs_ind_0,Angiogenesis,2/18,0.550713039166217,0.8949086886451026,1.362109762613541,0.8125548723082947,hallmark,drvi_argmax,1.0,False,hallmark
DR 25-,gs_ind_0,Apical Junction,3/37,0.7322752646872004,0.9730506609392247,0.9073931388736012,0.2827426050830287,hallmark,drvi_argmax,1.0,False,hallmark
DR 25-,gs_ind_0,Apoptosis,7/59,0.37610010939679184,0.7719949613934148,1.2908822443706165,1.262353646900061,hallmark,drvi_argmax,0.8651421686713834,False,hallmark
DR 25-,gs_ind_0,Bile Acid Metabolism,1/16,0.815935952873828,0.9730506609392247,0.8661169051661411,0.1761849952303511,hallmark,drvi_argmax,1.0,False,hallmark
DR 25-,gs_ind_0,Cholesterol Homeostasis,5/20,0.04233386714222662,0.1651020818546838,3.2407392129362265,10.24776141942094,hallmark,drvi_argmax,0.20379904729917314,False,hallmark
DR 25-,gs_ind_0,Coagulation,8/52,0.14131303737124437,0.36741389716523537,1.7429155114548374,3.410498251525365,hallmark,drvi_argmax,0.4821498917243567,False,hallmark
DR 25-,gs_ind_0,Complement,10/67,0.12530381346490574,0.349060623223666,1.6712769599452242,3.4712656150500436,hallmark,drvi_argmax,0.4448014157628689,False,hallmark
DR 25-,gs_ind_0,DNA Repair,3/14,0.1577563477284104,0.38453109758800036,2.757622454595487,5.092511146691434,hallmark,drvi_argmax,0.517194735715422,False,hallmark
DR 25-,gs_ind_0,E2F Targets,32/63,5.768658564062536e-17,1.1248884199921945e-15,10.834864113795865,405.13189748476236,hallmark,drvi_argmax,6.169956551127755e-15,True,hallmark
DR 25-,gs_ind_0,Epithelial Mesenchymal Transition,13/115,0.3617133200556729,0.7719949613934148,1.1930926829268294,1.2132599037134497,hallmark,drvi_argmax,0.8514973850114406,False,hallmark
DR 25-,gs_ind_0,Estrogen Response Early,5/45,0.47377391204566033,0.8033557639035109,1.2229168640080832,0.9135495313399419,hallmark,drvi_argmax,0.9802218869910213,False,hallmark
DR 25-,gs_ind_0,Estrogen Response Late,11/62,0.03973676889366924,0.1651020818546838,2.061556984399416,6.649507423176827,hallmark,drvi_argmax,0.1964894057525969,False,hallmark
DR 25-,gs_ind_0,Fatty Acid Metabolism,6/23,0.021900886566164016,0.11228351275094547,3.4058758721997795,13.01462879403716,hallmark,drvi_argmax,0.12919947470686685,False,hallmark
DR 25-,gs_ind_0,G2-M Checkpoint,33/59,3.3300915617445664e-19,1.298735709080381e-17,13.39245283018868,569.7968645916278,hallmark,drvi_argmax,3.9009644009007774e-17,True,hallmark
DR 25-,gs_ind_0,Glycolysis,9/43,0.023032515436091378,0.11228351275094547,2.5400915730124494,9.578300108799386,hallmark,drvi_argmax,0.1330046666027812,False,hallmark
DR 25-,gs_ind_0,Hypoxia,4/73,0.9452317717767583,0.9730506609392247,0.5705420396507221,0.03213584908832109,hallmark,drvi_argmax,1.0,False,hallmark
DR 25-,gs_ind_0,IL-2/STAT5 Signaling,8/73,0.44873621638289174,0.8033557639035109,1.1699613363735502,0.9375134826829549,hallmark,drvi_argmax,0.9500407136219832,False,hallmark
DR 25-,gs_ind_0,IL-6/JAK/STAT3 Signaling,1/34,0.9730506609392247,0.9730506609392247,0.396700706991359,0.01083751874486364,hallmark,drvi_argmax,1.0,False,hallmark
DR 25-,gs_ind_0,Inflammatory Response,4/71,0.9368217771220297,0.9730506609392247,0.5881255301102629,0.03838237813443736,hallmark,drvi_argmax,1.0,False,hallmark
DR 25-,gs_ind_0,Interferon Alpha Response,11/44,0.0029926320582315345,0.02334253005420597,3.201866656165085,18.607974636354115,hallmark,drvi_argmax,0.029650795562133975,True,hallmark
DR 25-,gs_ind_0,Interferon Gamma Response,18/99,0.007480425248651671,0.04862276411623586,2.138717539289016,10.470018221240037,hallmark,drvi_argmax,0.05823369022684529,False,hallmark
DR 25-,gs_ind_0,KRAS Signaling Dn,1/34,0.9730506609392247,0.9730506609392247,0.396700706991359,0.01083751874486364,hallmark,drvi_argmax,1.0,False,hallmark
DR 25-,gs_ind_0,KRAS Signaling Up,5/81,0.9215854007473732,0.9730506609392247,0.6341875198502248,0.051787645293055795,hallmark,drvi_argmax,1.0,False,hallmark
DR 25-,gs_ind_0,Mitotic Spindle,16/41,6.007383623957077e-07,7.8095987111442e-06,6.226845209628567,89.20021975521732,hallmark,drvi_argmax,2.0244059883471792e-05,True,hallmark
DR 25-,gs_ind_0,Myc Targets V1,7/14,0.00016816930893802333,0.0016396507621457275,9.268733850129198,80.55029573707145,hallmark,drvi_argmax,0.0026350095540607476,True,hallmark
DR 25-,gs_ind_0,Myogenesis,3/51,0.8990613356612092,0.9730506609392247,0.6403497324807517,0.06813578593135333,hallmark,drvi_argmax,1.0,False,hallmark
DR 25-,gs_ind_0,Pperoxisome,1/13,0.7469173567073678,0.9730506609392247,1.0757894736842106,0.3139161575781199,hallmark,drvi_argmax,1.0,False,hallmark
DR 25-,gs_ind_0,Spermatogenesis,4/16,0.06763160999690164,0.238559918693924,3.276641221374046,8.82622227550237,hallmark,drvi_argmax,0.28586556802814095,False,hallmark
DR 25-,gs_ind_0,TNF-alpha Signaling via NF-kB,6/102,0.9531821389196597,0.9730506609392247,0.5902873050334989,0.028303846519318485,hallmark,drvi_argmax,1.0,False,hallmark
DR 25-,gs_ind_0,UV Response Dn,3/30,0.5902554204278213,0.9143143539104704,1.1428768699654777,0.602524594168903,hallmark,drvi_argmax,1.0,False,hallmark
DR 25-,gs_ind_0,UV Response Up,5/38,0.3292683011625567,0.7553802203141006,1.4843302668244456,1.648916303160236,hallmark,drvi_argmax,0.8083832543511871,False,hallmark
DR 25-,gs_ind_0,Unfolded Protein Response,4/17,0.08178907794469602,0.24536723383408807,3.0322307039864294,7.591527860512692,hallmark,drvi_argmax,0.3240761081578595,False,hallmark
DR 25-,gs_ind_0,Xenobiotic Metabolism,5/43,0.4329692789421994,0.8033557639035109,1.2879064669345999,1.0780916961808553,hallmark,drvi_argmax,0.9367673053630698,False,hallmark
DR 25-,gs_ind_0,heme Metabolism,2/26,0.7506906315723649,0.9730506609392247,0.913226751657842,0.26187841384663274,hallmark,drvi_argmax,1.0,False,hallmark
DR 25-,gs_ind_0,mTORC1 Signaling,8/45,0.07340305190582277,0.238559918693924,2.0765021645021644,5.4233871005121665,hallmark,drvi_argmax,0.30337094662868974,False,hallmark
DR 25-,gs_ind_0,p53 Pathway,5/45,0.47377391204566033,0.8033557639035109,1.2229168640080832,0.9135495313399419,hallmark,drvi_argmax,0.9802218869910213,False,hallmark
DR 26-,gs_ind_0,Adipogenesis,1/31,0.5465524589376273,0.7469202606703281,1.9080973671137607,1.1527292937357296,hallmark,drvi_argmax,1.0,False,hallmark
DR 26-,gs_ind_0,Allograft Rejection,2/90,0.6679545578615679,0.8534974906008923,1.0848040072223193,0.43775653140838794,hallmark,drvi_argmax,1.0,False,hallmark
DR 26-,gs_ind_0,Angiogenesis,1/18,0.3672587756400799,0.664893849742512,3.348051948051948,3.3537053636616774,hallmark,drvi_argmax,0.8571694384009455,False,hallmark
DR 26-,gs_ind_0,Apical Junction,4/37,0.012434173029784175,0.095328659895012,5.539239287433799,24.302341679504277,hallmark,drvi_argmax,0.08267044771153802,False,hallmark
DR 26-,gs_ind_0,Apoptosis,2/59,0.43810274957923706,0.7197402314516037,1.697445091887046,1.4009045033774392,hallmark,drvi_argmax,0.9404299860077863,False,hallmark
DR 26-,gs_ind_0,Coagulation,2/52,0.3758095672457676,0.664893849742512,1.9398795549658059,1.8985072276553046,hallmark,drvi_argmax,0.8651421686713834,False,hallmark
DR 26-,gs_ind_0,Complement,1/67,0.8218790033685862,0.929405907295364,0.8587377534745956,0.16845179472397884,hallmark,drvi_argmax,1.0,False,hallmark
DR 26-,gs_ind_0,E2F Targets,2/63,0.472238311085396,0.7240987436642738,1.5836895482356885,1.1881971716047814,hallmark,drvi_argmax,0.9802218869910213,False,hallmark
DR 26-,gs_ind_0,Epithelial Mesenchymal Transition,11/115,7.820409871134967e-05,0.0017986942703610424,5.1443885894252315,48.64630821164124,hallmark,drvi_argmax,0.0014685655177856503,True,hallmark
DR 26-,gs_ind_0,Estrogen Response Early,2/45,0.3110877425167176,0.6504561888985914,2.260338902713592,2.6393531544868996,hallmark,drvi_argmax,0.7812521423815693,False,hallmark
DR 26-,gs_ind_0,Estrogen Response Late,3/62,0.2003650948738147,0.5980063662652324,2.3424148606811146,3.765699163276966,hallmark,drvi_argmax,0.6077658858071322,False,hallmark
DR 26-,gs_ind_0,Hypoxia,2/73,0.552071497017199,0.7469202606703281,1.3549852209646025,0.8049665273312665,hallmark,drvi_argmax,1.0,False,hallmark
DR 26-,gs_ind_0,IL-2/STAT5 Signaling,1/73,0.847827473118361,0.929405907295364,0.7851619644723093,0.12961305737937426,hallmark,drvi_argmax,1.0,False,hallmark
DR 26-,gs_ind_0,Interferon Gamma Response,1/99,0.9235259685769008,0.929405907295364,0.5699123211813567,0.04534014979315551,hallmark,drvi_argmax,1.0,False,hallmark
DR 26-,gs_ind_0,KRAS Signaling Dn,2/34,0.2080022143531243,0.5980063662652324,3.042823156225218,4.777860860769508,hallmark,drvi_argmax,0.6232465862468767,False,hallmark
DR 26-,gs_ind_0,KRAS Signaling Up,1/81,0.8767382942867622,0.929405907295364,0.7041219649915302,0.09262494997693252,hallmark,drvi_argmax,1.0,False,hallmark
DR 26-,gs_ind_0,Myogenesis,6/51,0.0013735099592586206,0.015795364531474138,6.117174959871589,40.314543000510135,hallmark,drvi_argmax,0.016244396633539455,True,hallmark
DR 26-,gs_ind_0,Pperoxisome,1/13,0.2811738495188037,0.6504561888985914,4.699393939393939,5.9625070022791045,hallmark,drvi_argmax,0.7381938845424302,False,hallmark
DR 26-,gs_ind_0,TNF-alpha Signaling via NF-kB,1/102,0.929405907295364,0.929405907295364,0.5521719659650695,0.04042434746660233,hallmark,drvi_argmax,1.0,False,hallmark
DR 26-,gs_ind_0,UV Response Dn,2/30,0.17145183855806437,0.5980063662652324,3.4771206366431544,6.131738388796645,hallmark,drvi_argmax,0.5506155650820344,False,hallmark
DR 26-,gs_ind_0,Unfolded Protein Response,2/17,0.06560662210699393,0.3017904616921721,6.4366478217492515,17.533934853273088,hallmark,drvi_argmax,0.2797093420852774,False,hallmark
DR 26-,gs_ind_0,mTORC1 Signaling,2/45,0.3110877425167176,0.6504561888985914,2.260338902713592,2.6393531544868996,hallmark,drvi_argmax,0.7812521423815693,False,hallmark
DR 26-,gs_ind_0,p53 Pathway,4/45,0.024230858352368614,0.13932743552611954,4.452778857364944,16.564908728157352,hallmark,drvi_argmax,0.13830141890215034,False,hallmark
DR 27+,gs_ind_0,Adipogenesis,3/31,0.2579944730268302,0.5008128005814939,2.0469671937691762,2.7732661913734957,hallmark,drvi_argmax,0.7060535875834727,False,hallmark
DR 27+,gs_ind_0,Androgen Response,4/20,0.023854552284000914,0.19680005634300754,4.616618675442205,17.246672677515345,hallmark,drvi_argmax,0.13678834176839685,False,hallmark
DR 27+,gs_ind_0,Apical Junction,2/37,0.6336014723677998,0.8363539435254959,1.158998435054773,0.528891683765163,hallmark,drvi_argmax,1.0,False,hallmark
DR 27+,gs_ind_0,Apoptosis,4/59,0.43688297342405286,0.7041731401960702,1.3438914027149322,1.1128629176025955,hallmark,drvi_argmax,0.9401774506221602,False,hallmark
DR 27+,gs_ind_0,Bile Acid Metabolism,2/16,0.2306140719421168,0.5008128005814939,2.8697318007662833,4.20992424418505,hallmark,drvi_argmax,0.6689983690773671,False,hallmark
DR 27+,gs_ind_0,Cholesterol Homeostasis,2/20,0.31716953209622983,0.5508733978513465,2.2444444444444445,2.5773378554662267,hallmark,drvi_argmax,0.7922083789786639,False,hallmark
DR 27+,gs_ind_0,Coagulation,2/52,0.8080080600729065,0.9858537881251446,0.8081408140814081,0.17228208130265654,hallmark,drvi_argmax,1.0,False,hallmark
DR 27+,gs_ind_0,Complement,2/67,0.9048715318069712,0.9953586849876683,0.6179813401187447,0.06177483559813716,hallmark,drvi_argmax,1.0,False,hallmark
DR 27+,gs_ind_0,DNA Repair,1/14,0.5615059477104268,0.8056389684540907,1.8340675477239354,1.0585007452115962,hallmark,drvi_argmax,1.0,False,hallmark
DR 27+,gs_ind_0,Epithelial Mesenchymal Transition,2/115,0.9919931051683621,0.9974251831748653,0.34723445912873224,0.00279146023389509,hallmark,drvi_argmax,1.0,False,hallmark
DR 27+,gs_ind_0,Estrogen Response Early,7/45,0.012123576738673248,0.13335934412540573,3.349743279975838,14.781088021668593,hallmark,drvi_argmax,0.08148633545665626,False,hallmark
DR 27+,gs_ind_0,Estrogen Response Late,9/62,0.007279328066721294,0.12010891310090135,3.0860167427027507,15.191586216146801,hallmark,drvi_argmax,0.057496630331063434,False,hallmark
DR 27+,gs_ind_0,Fatty Acid Metabolism,4/23,0.03823413476554141,0.2523452894525733,3.9001044204664113,12.73004450146553,hallmark,drvi_argmax,0.19195096229230993,False,hallmark
DR 27+,gs_ind_0,Glycolysis,5/43,0.09417669110250598,0.4439758294832425,2.411611219830398,5.697630630075687,hallmark,drvi_argmax,0.3603027373439576,False,hallmark
DR 27+,gs_ind_0,Hypoxia,6/73,0.2336220764527867,0.5008128005814939,1.6148489503328214,2.348071967467507,hallmark,drvi_argmax,0.6761297742045357,False,hallmark
DR 27+,gs_ind_0,IL-2/STAT5 Signaling,3/73,0.7983702890728136,0.9858537881251446,0.8087968705276214,0.18212711786302593,hallmark,drvi_argmax,1.0,False,hallmark
DR 27+,gs_ind_0,IL-6/JAK/STAT3 Signaling,1/34,0.8663563592614907,0.9858537881251446,0.7312117824972056,0.10489887802581538,hallmark,drvi_argmax,1.0,False,hallmark
DR 27+,gs_ind_0,Inflammatory Response,1/71,0.985648365269614,0.9974251831748653,0.34051926141156624,0.004922415513929888,hallmark,drvi_argmax,1.0,False,hallmark
DR 27+,gs_ind_0,Interferon Gamma Response,1/99,0.9974251831748653,0.9974251831748653,0.2399651154990049,0.0006186630310586253,hallmark,drvi_argmax,1.0,False,hallmark
DR 27+,gs_ind_0,KRAS Signaling Dn,3/34,0.3056768257775205,0.5508733978513465,1.8490284005979074,2.191518125351964,hallmark,drvi_argmax,0.7744232661304844,False,hallmark
DR 27+,gs_ind_0,KRAS Signaling Up,3/81,0.8526926722938354,0.9858537881251446,0.7231727171460398,0.11524197428833872,hallmark,drvi_argmax,1.0,False,hallmark
DR 27+,gs_ind_0,Myc Targets V1,1/14,0.5615059477104268,0.8056389684540907,1.8340675477239354,1.0585007452115962,hallmark,drvi_argmax,1.0,False,hallmark
DR 27+,gs_ind_0,Myogenesis,5/51,0.1615780437912382,0.5008128005814939,1.9880689350419796,3.623786467912205,hallmark,drvi_argmax,0.5263375744784449,False,hallmark
DR 27+,gs_ind_0,Pperoxisome,2/13,0.1669402295342498,0.5008128005814939,3.624154589371981,6.487669575337952,hallmark,drvi_argmax,0.5396490994142635,False,hallmark
DR 27+,gs_ind_0,Spermatogenesis,1/16,0.6104137831133153,0.8363539435254959,1.5957083984652551,0.7876707373841211,hallmark,drvi_argmax,1.0,False,hallmark
DR 27+,gs_ind_0,TNF-alpha Signaling via NF-kB,9/102,0.12222528656178362,0.4481593840598733,1.7272727272727273,3.630536108505813,hallmark,drvi_argmax,0.43766096382469943,False,hallmark
DR 27+,gs_ind_0,UV Response Dn,3/30,0.24232878785295614,0.5008128005814939,2.1225438238891154,3.0086206447799944,hallmark,drvi_argmax,0.6870810312594944,False,hallmark
DR 27+,gs_ind_0,UV Response Up,7/38,0.0046947897159389865,0.12010891310090135,4.1096345514950166,22.032991760453573,hallmark,drvi_argmax,0.041528465291842453,True,hallmark
DR 27+,gs_ind_0,Unfolded Protein Response,2/17,0.25224580952394415,0.5008128005814939,2.683154121863799,3.6956456361438375,hallmark,drvi_argmax,0.6973008574878752,False,hallmark
DR 27+,gs_ind_0,Xenobiotic Metabolism,3/43,0.44811018012477194,0.7041731401960702,1.4311576150141172,1.1488133150623359,hallmark,drvi_argmax,0.9500407136219832,False,hallmark
DR 27+,gs_ind_0,heme Metabolism,4/26,0.05665499109306909,0.31160245101188,3.374660633484163,9.687892025876087,hallmark,drvi_argmax,0.2502177344505385,False,hallmark
DR 27+,gs_ind_0,mTORC1 Signaling,4/45,0.25227551348138577,0.5008128005814939,1.8109905686092787,2.4941568452808953,hallmark,drvi_argmax,0.6973008574878752,False,hallmark
DR 27+,gs_ind_0,p53 Pathway,5/45,0.10940139303947938,0.4481593840598733,2.2900388973448336,5.0672415607671955,hallmark,drvi_argmax,0.40653689860592035,False,hallmark
DR 28+,gs_ind_0,Allograft Rejection,7/90,0.3076077296756867,0.4229606283040692,1.3962983124659771,1.6461378475931174,hallmark,drvi_argmax,0.7777132733835451,False,hallmark
DR 28+,gs_ind_0,Androgen Response,1/20,0.7177632968001231,0.7895396264801354,1.1772712883823995,0.39040132979998654,hallmark,drvi_argmax,1.0,False,hallmark
DR 28+,gs_ind_0,Apical Junction,4/37,0.18559035740140734,0.29204305308996464,2.0920083128660494,3.5233884619667784,hallmark,drvi_argmax,0.5808553170578398,False,hallmark
DR 28+,gs_ind_0,Apoptosis,14/59,6.010597987480614e-06,0.00013155302016167075,5.385273712462652,64.74168687708323,hallmark,drvi_argmax,0.00016428967832447013,True,hallmark
DR 28+,gs_ind_0,Cholesterol Homeostasis,7/20,0.00010554868633121208,0.0008707766622324996,8.973063973063972,82.1604086939811,hallmark,drvi_argmax,0.0018157326459774946,True,hallmark
DR 28+,gs_ind_0,Coagulation,6/52,0.0929821652188202,0.19177571576381666,2.1987632101158336,5.222826861478758,hallmark,drvi_argmax,0.35795950929311066,False,hallmark
DR 28+,gs_ind_0,Complement,6/67,0.22116964482816603,0.3173303599708469,1.6488712097421403,2.487858512420727,hallmark,drvi_argmax,0.6500859840820952,False,hallmark
DR 28+,gs_ind_0,E2F Targets,1/63,0.9822264148692716,0.9822264148692716,0.3588148148148148,0.0064347811408169316,hallmark,drvi_argmax,1.0,False,hallmark
DR 28+,gs_ind_0,Epithelial Mesenchymal Transition,12/115,0.043351119090665836,0.133100520960226,1.940564408595099,6.090311508827408,hallmark,drvi_argmax,0.20596771793686652,False,hallmark
DR 28+,gs_ind_0,Estrogen Response Early,8/45,0.004856992478428145,0.026713458631354797,3.6454730713245995,19.420659434931036,hallmark,drvi_argmax,0.042219793275382465,True,hallmark
DR 28+,gs_ind_0,Estrogen Response Late,5/62,0.32633809411977105,0.43076628423809776,1.4828122109158186,1.660484751811707,hallmark,drvi_argmax,0.8044005125597563,False,hallmark
DR 28+,gs_ind_0,Glycolysis,6/43,0.04331548752263112,0.133100520960226,2.739856938483548,8.601082272714509,hallmark,drvi_argmax,0.20596771793686652,False,hallmark
DR 28+,gs_ind_0,Hypoxia,13/73,0.0003206860415221787,0.002116527874046379,3.705762481603079,29.813036956769743,hallmark,drvi_argmax,0.004723878216434488,True,hallmark
DR 28+,gs_ind_0,IL-2/STAT5 Signaling,10/73,0.011456865694531783,0.05401093827422126,2.6684514435695537,11.925752743660016,hallmark,drvi_argmax,0.07850665629122057,False,hallmark
DR 28+,gs_ind_0,IL-6/JAK/STAT3 Signaling,3/34,0.3439230925442323,0.43651777130614106,1.7178056717805672,1.833477921267365,hallmark,drvi_argmax,0.8206118406002051,False,hallmark
DR 28+,gs_ind_0,Inflammatory Response,7/71,0.1377010925471627,0.23916505547665098,1.8267391523205476,3.621820803740835,hallmark,drvi_argmax,0.4724472631325248,False,hallmark
DR 28+,gs_ind_0,Interferon Alpha Response,6/44,0.0477389402797566,0.133100520960226,2.667242628616019,8.113773030269845,hallmark,drvi_argmax,0.2219996088623842,False,hallmark
DR 28+,gs_ind_0,Interferon Gamma Response,10/99,0.07489753540881391,0.17654419060648993,1.866145251396648,4.836366031272038,hallmark,drvi_argmax,0.3060596961888409,False,hallmark
DR 28+,gs_ind_0,KRAS Signaling Dn,5/34,0.052137375752678176,0.133100520960226,2.9346556076451495,8.668600558083561,hallmark,drvi_argmax,0.23751471176220057,False,hallmark
DR 28+,gs_ind_0,KRAS Signaling Up,5/81,0.5577067394613672,0.6346318069732799,1.102906410791267,0.6440113296372274,hallmark,drvi_argmax,1.0,False,hallmark
DR 28+,gs_ind_0,Mitotic Spindle,5/41,0.1004223146330353,0.19415695009871606,2.3628679685222966,5.430746835539654,hallmark,drvi_argmax,0.3794760276455712,False,hallmark
DR 28+,gs_ind_0,Myogenesis,4/51,0.37848142593043815,0.4625884094705355,1.4642238507661558,1.4226227329171988,hallmark,drvi_argmax,0.8654542449667264,False,hallmark
DR 28+,gs_ind_0,PI3K/AKT/mTOR  Signaling,2/14,0.2086241612082159,0.3129362418123239,3.0979253112033196,4.855133348818323,hallmark,drvi_argmax,0.6235910529431484,False,hallmark
DR 28+,gs_ind_0,Pperoxisome,2/13,0.18584557923906841,0.29204305308996464,3.369114198087678,5.669677338172796,hallmark,drvi_argmax,0.5809150253216115,False,hallmark
DR 28+,gs_ind_0,TGF-beta Signaling,1/10,0.4678684020284046,0.5514163309620482,2.42949967511371,1.8453707312131375,hallmark,drvi_argmax,0.9778727858877445,False,hallmark
DR 28+,gs_ind_0,TNF-alpha Signaling via NF-kB,18/102,2.333812946211584e-05,0.00025671942408327423,3.7596047677019335,40.09777169147883,hallmark,drvi_argmax,0.0005172234097009457,True,hallmark
DR 28+,gs_ind_0,UV Response Dn,4/30,0.10590379096293602,0.19415695009871606,2.6546453307857654,5.960274017257706,hallmark,drvi_argmax,0.39593210603164536,False,hallmark
DR 28+,gs_ind_0,UV Response Up,6/38,0.025129589485482662,0.10365955662761597,3.169957081545064,11.677200265219579,hallmark,drvi_argmax,0.1421121612282468,False,hallmark
DR 28+,gs_ind_0,Unfolded Protein Response,3/17,0.08048553219219352,0.17706817082282575,3.766123214543356,9.489417187678889,hallmark,drvi_argmax,0.32141949544285076,False,hallmark
DR 28+,gs_ind_0,Xenobiotic Metabolism,1/43,0.9351824100613491,0.9644068603757662,0.5334785766158315,0.03575036141800267,hallmark,drvi_argmax,1.0,False,hallmark
DR 28+,gs_ind_0,heme Metabolism,1/26,0.8073894117580478,0.8594790512263089,0.897361413701283,0.19198974279528858,hallmark,drvi_argmax,1.0,False,hallmark
DR 28+,gs_ind_0,mTORC1 Signaling,6/45,0.05243353856008903,0.133100520960226,2.5983049926658337,7.660345757597756,hallmark,drvi_argmax,0.23798248128748895,False,hallmark
DR 28+,gs_ind_0,p53 Pathway,12/45,7.972910312828531e-06,0.00013155302016167075,6.231849800769906,73.15855752803273,hallmark,drvi_argmax,0.00021553142164349652,True,hallmark
DR 29+,gs_ind_0,Adipogenesis,2/31,0.18048803776748337,0.44119298120940376,3.3575048051721126,5.748353007853633,hallmark,drvi_argmax,0.5699622245288949,False,hallmark
DR 29+,gs_ind_0,Androgen Response,3/20,0.012424361099296458,0.13666797209226103,8.141052631578948,35.72372153781323,hallmark,drvi_argmax,0.08267044771153802,False,hallmark
DR 29+,gs_ind_0,Apical Junction,1/37,0.6114774448109123,0.8360674155065103,1.589456205894562,0.7818172832639099,hallmark,drvi_argmax,1.0,False,hallmark
DR 29+,gs_ind_0,Apoptosis,1/59,0.7804399839330685,0.8404212791285565,0.9803159803159803,0.2430178183503813,hallmark,drvi_argmax,1.0,False,hallmark
DR 29+,gs_ind_0,Bile Acid Metabolism,1/16,0.3341104663291219,0.6125358549367235,3.7839687194525906,4.148302862061804,hallmark,drvi_argmax,0.8106900062756482,False,hallmark
DR 29+,gs_ind_0,Cholesterol Homeostasis,1/20,0.3987883317882755,0.6266673785244329,3.0015540015540014,2.7594021305811824,hallmark,drvi_argmax,0.8960082002199383,False,hallmark
DR 29+,gs_ind_0,Coagulation,2/52,0.3758095672457676,0.6266673785244329,1.9398795549658059,1.8985072276553046,hallmark,drvi_argmax,0.8651421686713834,False,hallmark
DR 29+,gs_ind_0,E2F Targets,1/63,0.8022203118954403,0.8404212791285565,0.9156363636363636,0.20178062197212232,hallmark,drvi_argmax,1.0,False,hallmark
DR 29+,gs_ind_0,Estrogen Response Early,3/45,0.10025456263013126,0.31508576826612683,3.3088544891640868,7.610506617502356,hallmark,drvi_argmax,0.3794249601078814,False,hallmark
DR 29+,gs_ind_0,Estrogen Response Late,4/62,0.06662025788882905,0.31508576826612683,3.130686517783292,8.480236383013736,hallmark,drvi_argmax,0.2835395058936323,False,hallmark
DR 29+,gs_ind_0,G2-M Checkpoint,1/59,0.7804399839330685,0.8404212791285565,0.9803159803159803,0.2430178183503813,hallmark,drvi_argmax,1.0,False,hallmark
DR 29+,gs_ind_0,Glycolysis,3/43,0.09022933411262918,0.31508576826612683,3.475893437296946,8.360916482492163,hallmark,drvi_argmax,0.35232406653502824,False,hallmark
DR 29+,gs_ind_0,Hypoxia,2/73,0.552071497017199,0.809704862291892,1.3549852209646025,0.8049665273312665,hallmark,drvi_argmax,1.0,False,hallmark
DR 29+,gs_ind_0,KRAS Signaling Dn,2/34,0.2080022143531243,0.45760487157687346,3.042823156225218,4.777860860769508,hallmark,drvi_argmax,0.6232465862468767,False,hallmark
DR 29+,gs_ind_0,KRAS Signaling Up,1/81,0.8767382942867622,0.8767382942867622,0.7041219649915302,0.09262494997693252,hallmark,drvi_argmax,1.0,False,hallmark
DR 29+,gs_ind_0,Myogenesis,5/51,0.00786161858037907,0.13666797209226103,4.95084485407066,23.99061966144558,hallmark,drvi_argmax,0.060816294678404124,False,hallmark
DR 29+,gs_ind_0,Pperoxisome,2/13,0.0400814873863075,0.29393090749958833,8.69341102644554,27.965318519995126,hallmark,drvi_argmax,0.1975961101609548,False,hallmark
DR 29+,gs_ind_0,Spermatogenesis,1/16,0.3341104663291219,0.6125358549367235,3.7839687194525906,4.148302862061804,hallmark,drvi_argmax,0.8106900062756482,False,hallmark
DR 29+,gs_ind_0,Xenobiotic Metabolism,1/43,0.6672658657503919,0.8360674155065103,1.3607843137254902,0.5505280371238745,hallmark,drvi_argmax,1.0,False,hallmark
DR 29+,gs_ind_0,heme Metabolism,2/26,0.13623877938123938,0.37465664329840825,4.053229539238376,8.0794897078556,hallmark,drvi_argmax,0.468737618570418,False,hallmark
DR 29+,gs_ind_0,mTORC1 Signaling,1/45,0.6840551581416903,0.8360674155065103,1.2982635342185904,0.4929723761707387,hallmark,drvi_argmax,1.0,False,hallmark
DR 29+,gs_ind_0,p53 Pathway,3/45,0.10025456263013126,0.31508576826612683,3.3088544891640868,7.610506617502356,hallmark,drvi_argmax,0.3794249601078814,False,hallmark
DR 29-,gs_ind_0,Allograft Rejection,3/90,0.7824828212649771,0.8285112225158582,0.8336,0.20446816760261957,hallmark,drvi_argmax,1.0,False,hallmark
DR 29-,gs_ind_0,Androgen Response,2/20,0.22631741192837246,0.3879727061629242,2.8897541609406017,4.293645244093141,hallmark,drvi_argmax,0.6622706867432633,False,hallmark
DR 29-,gs_ind_0,Apical Junction,4/37,0.08165434855041351,0.16330869710082702,2.9156241911828142,7.30439725178768,hallmark,drvi_argmax,0.3240761081578595,False,hallmark
DR 29-,gs_ind_0,Apoptosis,14/59,1.28888029808254e-07,1.692823374001652e-06,7.771241830065359,123.28548114269233,hallmark,drvi_argmax,5.849878906691577e-06,True,hallmark
DR 29-,gs_ind_0,Cholesterol Homeostasis,3/20,0.05770724326111404,0.1298412973375066,4.328,12.345068527214432,hallmark,drvi_argmax,0.2539531635462264,False,hallmark
DR 29-,gs_ind_0,Coagulation,2/52,0.6891174597895974,0.7752571422632971,1.0407227163394306,0.3875063843656469,hallmark,drvi_argmax,1.0,False,hallmark
DR 29-,gs_ind_0,Complement,7/67,0.02837788608981158,0.06810692661554779,2.7473152867818085,9.786335675801638,hallmark,drvi_argmax,0.15376563828400108,False,hallmark
DR 29-,gs_ind_0,DNA Repair,2/14,0.1283963829821295,0.24327735722929797,4.290395480225989,8.806607594795139,hallmark,drvi_argmax,0.4544677728576094,False,hallmark
DR 29-,gs_ind_0,E2F Targets,3/63,0.5464475015944105,0.6557370019132925,1.2234710743801653,0.7393644168934309,hallmark,drvi_argmax,1.0,False,hallmark
DR 29-,gs_ind_0,Epithelial Mesenchymal Transition,11/115,0.012206407558012345,0.031387905149174604,2.5006469862477805,11.017336126904098,hallmark,drvi_argmax,0.08181951660139064,False,hallmark
DR 29-,gs_ind_0,Estrogen Response Early,8/45,0.0006731163252801611,0.00242321877100858,5.14739393939394,37.59446724203286,hallmark,drvi_argmax,0.009048448962782493,True,hallmark
DR 29-,gs_ind_0,Estrogen Response Late,8/62,0.005621717860195887,0.016865153580587662,3.509646927995552,18.183894846696464,hallmark,drvi_argmax,0.047038863728169664,True,hallmark
DR 29-,gs_ind_0,G2-M Checkpoint,2/59,0.7546829594020578,0.8232905011658812,0.910587079341685,0.256291598621203,hallmark,drvi_argmax,1.0,False,hallmark
DR 29-,gs_ind_0,Glycolysis,3/43,0.3049351277830792,0.4951893413610688,1.8474074074074074,2.194084899742534,hallmark,drvi_argmax,0.7740332170696119,False,hallmark
DR 29-,gs_ind_0,Hypoxia,15/73,3.392761955749473e-07,2.2055173444781494e-06,6.501103752759382,96.84337561223643,hallmark,drvi_argmax,1.2457006583796572e-05,True,hallmark
DR 29-,gs_ind_0,IL-2/STAT5 Signaling,9/73,0.00454392294272927,0.014871020539841247,3.3369952917677272,17.999634326443704,hallmark,drvi_argmax,0.0405590487235321,True,hallmark
DR 29-,gs_ind_0,IL-6/JAK/STAT3 Signaling,8/34,8.534160089170007e-05,0.0003840372040126503,7.326815323041738,68.64382290582337,hallmark,drvi_argmax,0.0015667189417431504,True,hallmark
DR 29-,gs_ind_0,Inflammatory Response,13/71,8.867383562916407e-06,4.560368689499866e-05,5.516129032258065,64.16985043797112,hallmark,drvi_argmax,0.00023710612570406915,True,hallmark
DR 29-,gs_ind_0,Interferon Alpha Response,9/44,9.783745456146772e-05,0.0003913498182458709,6.158213082174026,56.853873804631526,hallmark,drvi_argmax,0.0016949305508535957,True,hallmark
DR 29-,gs_ind_0,Interferon Gamma Response,18/99,1.4106861450013765e-07,1.692823374001652e-06,5.728072773429236,90.35473126618436,hallmark,drvi_argmax,6.196942708398904e-06,True,hallmark
DR 29-,gs_ind_0,KRAS Signaling Dn,2/34,0.45761604516529725,0.6123404428550565,1.6327683615819208,1.2763754813842905,hallmark,drvi_argmax,0.9629521796352118,False,hallmark
DR 29-,gs_ind_0,KRAS Signaling Up,9/81,0.009068057405658862,0.025111543584901464,2.9559128411254494,13.901649861905382,hallmark,drvi_argmax,0.06698925290666906,False,hallmark
DR 29-,gs_ind_0,Mitotic Spindle,1/41,0.8515329196760396,0.8648645731368435,0.7740533829919305,0.1244036295281267,hallmark,drvi_argmax,1.0,False,hallmark
DR 29-,gs_ind_0,Myc Targets V1,1/14,0.4762647888872662,0.6123404428550565,2.355679702048417,1.747399152338438,hallmark,drvi_argmax,0.9837207226386859,False,hallmark
DR 29-,gs_ind_0,Myogenesis,2/51,0.678675674890937,0.7752571422632971,1.0623180962164014,0.4117671533695923,hallmark,drvi_argmax,1.0,False,hallmark
DR 29-,gs_ind_0,PI3K/AKT/mTOR  Signaling,1/14,0.4762647888872662,0.6123404428550565,2.355679702048417,1.747399152338438,hallmark,drvi_argmax,0.9837207226386859,False,hallmark
DR 29-,gs_ind_0,Pperoxisome,1/13,0.45141704560832774,0.6123404428550565,2.5454748603351955,2.0245781852228113,hallmark,drvi_argmax,0.9532068087523488,False,hallmark
DR 29-,gs_ind_0,TGF-beta Signaling,2/10,0.07124157405608825,0.15086450976583393,6.322698570953805,16.702538303829286,hallmark,drvi_argmax,0.29818539785789966,False,hallmark
DR 29-,gs_ind_0,TNF-alpha Signaling via NF-kB,41/102,2.0566849611166842e-32,7.404065860020063e-31,25.212860310421284,1839.5713229703106,hallmark,drvi_argmax,5.621605560385603e-30,True,hallmark
DR 29-,gs_ind_0,UV Response Dn,3/30,0.14966573784251794,0.26939832811653225,2.7396363636363636,5.203530754259722,hallmark,drvi_argmax,0.5045531626728487,False,hallmark
DR 29-,gs_ind_0,UV Response Up,11/38,3.6758622407969155e-07,2.2055173444781494e-06,9.907489994282447,146.79242249405127,hallmark,drvi_argmax,1.3105247988928133e-05,True,hallmark
DR 29-,gs_ind_0,Unfolded Protein Response,1/17,0.5443221990965807,0.6557370019132925,1.9243270695784662,1.1704025290209634,hallmark,drvi_argmax,1.0,False,hallmark
DR 29-,gs_ind_0,Xenobiotic Metabolism,1/43,0.8648645731368435,0.8648645731368435,0.7368386460729544,0.1069759641114424,hallmark,drvi_argmax,1.0,False,hallmark
DR 29-,gs_ind_0,heme Metabolism,2/26,0.3281870372758795,0.4951893413610688,2.175141242937853,2.4234805934829637,hallmark,drvi_argmax,0.8073728764645435,False,hallmark
DR 29-,gs_ind_0,mTORC1 Signaling,3/45,0.33012622757404586,0.4951893413610688,1.7585882352941176,1.949008503295447,hallmark,drvi_argmax,0.809681475405935,False,hallmark
DR 29-,gs_ind_0,p53 Pathway,12/45,2.8057691128783144e-07,2.2055173444781494e-06,8.924327407548246,134.63613324671164,hallmark,drvi_argmax,1.1132567770452667e-05,True,hallmark
DR 30+,gs_ind_0,Adipogenesis,6/31,0.0074534501345502055,0.02732931716001742,4.289504036908881,21.014615923996395,hallmark,drvi_argmax,0.05820789628886827,False,hallmark
DR 30+,gs_ind_0,Allograft Rejection,7/90,0.26394449907177,0.5123628511393182,1.4777294725617258,1.9683599346650633,hallmark,drvi_argmax,0.7118619895968912,False,hallmark
DR 30+,gs_ind_0,Androgen Response,1/20,0.6990733806077285,0.7954972951743118,1.2424242424242424,0.4447873356597374,hallmark,drvi_argmax,1.0,False,hallmark
DR 30+,gs_ind_0,Angiogenesis,2/18,0.2807822015655785,0.514767369536894,2.4725420140267302,3.140563509328136,hallmark,drvi_argmax,0.7379532220633793,False,hallmark
DR 30+,gs_ind_0,Apical Junction,3/37,0.3641137957952858,0.5461706936929287,1.6540254102023877,1.6710434037271908,hallmark,drvi_argmax,0.8551492820801098,False,hallmark
DR 30+,gs_ind_0,Apoptosis,10/59,0.001634904950557471,0.013487965842099136,3.6558543178261487,23.45658503044602,hallmark,drvi_argmax,0.01843253043969075,True,hallmark
DR 30+,gs_ind_0,Bile Acid Metabolism,1/16,0.616997641252881,0.7753638985005303,1.566401340594889,0.7563996655594345,hallmark,drvi_argmax,1.0,False,hallmark
DR 30+,gs_ind_0,Cholesterol Homeostasis,2/20,0.32473034736908474,0.5385209065100847,2.202879735630827,2.477711323039086,hallmark,drvi_argmax,0.8012403756549132,False,hallmark
DR 30+,gs_ind_0,Coagulation,12/52,2.3571892428800352e-05,0.0003889362250752058,5.447752377576939,58.04828333127472,hallmark,drvi_argmax,0.0005177397801325791,True,hallmark
DR 30+,gs_ind_0,Complement,14/67,1.60848707005842e-05,0.0003889362250752058,4.842808297241851,53.45313309925996,hallmark,drvi_argmax,0.0003804690569561263,True,hallmark
DR 30+,gs_ind_0,Epithelial Mesenchymal Transition,4/115,0.9125486934733191,0.9440530863935813,0.6362331838565023,0.058224136852165,hallmark,drvi_argmax,1.0,False,hallmark
DR 30+,gs_ind_0,Estrogen Response Early,9/45,0.0008213594538642149,0.009034953992506364,4.475501752150366,31.796424719608197,hallmark,drvi_argmax,0.010747575832478557,True,hallmark
DR 30+,gs_ind_0,Estrogen Response Late,10/62,0.002412109282577222,0.014444309926678158,3.4413145539906105,20.741675855263434,hallmark,drvi_argmax,0.024827568347865966,True,hallmark
DR 30+,gs_ind_0,Fatty Acid Metabolism,1/23,0.748949104914128,0.8238440154055409,1.075036075036075,0.310775995850499,hallmark,drvi_argmax,1.0,False,hallmark
DR 30+,gs_ind_0,Glycolysis,6/43,0.03500852352455987,0.1064316965035998,2.8980392156862744,9.714701911782234,hallmark,drvi_argmax,0.17904567124826876,False,hallmark
DR 30+,gs_ind_0,Hypoxia,4/73,0.6217662667598142,0.7753638985005303,1.0448920863309352,0.4965233506903373,hallmark,drvi_argmax,1.0,False,hallmark
DR 30+,gs_ind_0,IL-2/STAT5 Signaling,6/73,0.24594712959960496,0.5123628511393182,1.5838779956427016,2.2216085513453567,hallmark,drvi_argmax,0.690673446135877,False,hallmark
DR 30+,gs_ind_0,IL-6/JAK/STAT3 Signaling,2/34,0.5965500388895046,0.7753638985005303,1.244541484716157,0.6429203656718256,hallmark,drvi_argmax,1.0,False,hallmark
DR 30+,gs_ind_0,Inflammatory Response,6/71,0.22641042583377416,0.5123628511393182,1.6340368208352043,2.4272079070517907,hallmark,drvi_argmax,0.6622706867432633,False,hallmark
DR 30+,gs_ind_0,Interferon Alpha Response,8/44,0.0030639445299014277,0.014444309926678158,3.96748942617259,22.9640356282184,hallmark,drvi_argmax,0.03014921417423005,True,hallmark
DR 30+,gs_ind_0,Interferon Gamma Response,13/99,0.0037644213789902537,0.015528238188334795,2.7119879366675046,15.138753600997438,hallmark,drvi_argmax,0.03589332012525591,True,hallmark
DR 30+,gs_ind_0,KRAS Signaling Dn,4/34,0.13060422402560384,0.33153379944960976,2.4321311475409835,4.95080656746429,hallmark,drvi_argmax,0.4602956892592915,False,hallmark
DR 30+,gs_ind_0,KRAS Signaling Up,6/81,0.32820035628639976,0.5385209065100847,1.4098169068952084,1.5707207410903703,hallmark,drvi_argmax,0.8073728764645435,False,hallmark
DR 30+,gs_ind_0,Mitotic Spindle,1/41,0.9158665645733627,0.9440530863935813,0.5914702581369248,0.05198112514510092,hallmark,drvi_argmax,1.0,False,hallmark
DR 30+,gs_ind_0,Myogenesis,4/51,0.3426951223245993,0.5385209065100847,1.5473684210526315,1.6570986341273974,hallmark,drvi_argmax,0.8194436164884453,False,hallmark
DR 30+,gs_ind_0,Pperoxisome,3/13,0.0354772321678666,0.1064316965035998,5.505139500734215,18.380912840674636,hallmark,drvi_argmax,0.1810663716451283,False,hallmark
DR 30+,gs_ind_0,TNF-alpha Signaling via NF-kB,3/102,0.9440530863935813,0.9440530863935813,0.5533615212627012,0.03185861581360383,hallmark,drvi_argmax,1.0,False,hallmark
DR 30+,gs_ind_0,UV Response Up,2/38,0.657884519939844,0.7753638985005303,1.1057606029790035,0.463010564600635,hallmark,drvi_argmax,1.0,False,hallmark
DR 30+,gs_ind_0,Unfolded Protein Response,1/17,0.6393909243247895,0.7753638985005303,1.470680834317198,0.6577461734848693,hallmark,drvi_argmax,1.0,False,hallmark
DR 30+,gs_ind_0,Xenobiotic Metabolism,5/43,0.0997130431900869,0.274210868772739,2.3657911595131327,5.454234015007014,hallmark,drvi_argmax,0.37854025655495954,False,hallmark
DR 30+,gs_ind_0,heme Metabolism,6/26,0.002957549028012402,0.014444309926678158,5.350071736011477,31.15557770539273,hallmark,drvi_argmax,0.029455751453078986,True,hallmark
DR 30+,gs_ind_0,mTORC1 Signaling,4/45,0.26237132005904135,0.5123628511393182,1.7768674698795182,2.3774389489102337,hallmark,drvi_argmax,0.7108297878251562,False,hallmark
DR 30+,gs_ind_0,p53 Pathway,3/45,0.4902639261638315,0.7034221549307147,1.3368748380409432,0.9529396357034177,hallmark,drvi_argmax,0.9967349242669632,False,hallmark
DR 31-,gs_ind_0,Allograft Rejection,3/90,0.006078658002652917,0.022288412676394028,11.72,59.806823994806614,hallmark,drvi_argmax,0.05001170129272968,False,hallmark
DR 31-,gs_ind_0,Apoptosis,1/59,0.23665379354495308,0.32335579281145826,5.832579185520362,8.405662277909286,hallmark,drvi_argmax,0.678517869604411,False,hallmark
DR 31-,gs_ind_0,Coagulation,1/52,0.21146434504815584,0.32335579281145826,6.649343232438606,10.331077106642919,hallmark,drvi_argmax,0.627505776620583,False,hallmark
DR 31-,gs_ind_0,Complement,1/67,0.26456383048210225,0.32335579281145826,5.10968597965502,6.794210114819122,hallmark,drvi_argmax,0.7118619895968912,False,hallmark
DR 31-,gs_ind_0,Interferon Alpha Response,3/44,0.0007614506927101849,0.004187978809906017,25.307692307692307,181.71644695252905,hallmark,drvi_argmax,0.010125236238200296,True,hallmark
DR 31-,gs_ind_0,Interferon Gamma Response,5/99,2.8941168245327476e-05,0.0003183528506986022,24.541446208112873,256.4641370570617,hallmark,drvi_argmax,0.0006190893381174399,True,hallmark
DR 31-,gs_ind_0,KRAS Signaling Up,1/81,0.3112305282658284,0.34235358109241126,4.190354402630618,4.891071302787093,hallmark,drvi_argmax,0.7812521423815693,False,hallmark
DR 31-,gs_ind_0,TNF-alpha Signaling via NF-kB,1/102,0.3763016749912115,0.3763016749912115,3.28687337003767,3.2124721323196295,hallmark,drvi_argmax,0.8651421686713834,False,hallmark
DR 31-,gs_ind_0,UV Response Up,2/38,0.011636836430657925,0.03200130018430929,17.858447488584474,79.53401845731076,hallmark,drvi_argmax,0.07886120556313636,False,hallmark
DR 31-,gs_ind_0,Xenobiotic Metabolism,1/43,0.17799357626200676,0.32335579281145826,8.094809688581314,13.971704805746024,hallmark,drvi_argmax,0.5657160175769207,False,hallmark
DR 31-,gs_ind_0,p53 Pathway,1/45,0.18553872583896922,0.32335579281145826,7.723066754791804,13.00944149244518,hallmark,drvi_argmax,0.5808553170578398,False,hallmark
DR 33+,gs_ind_0,Androgen Response,2/20,0.008047378436844733,0.0241421353105342,21.28108108108108,102.62607482000193,hallmark,drvi_argmax,0.06186422173324388,False,hallmark
DR 33+,gs_ind_0,Fatty Acid Metabolism,1/23,0.1499538651733546,0.2140300277084179,9.701234567901235,18.407390200943826,hallmark,drvi_argmax,0.5046327063289361,False,hallmark
DR 33+,gs_ind_0,KRAS Signaling Dn,1/34,0.2140300277084179,0.2140300277084179,6.4792703150912105,9.988695533329812,hallmark,drvi_argmax,0.6328291684647933,False,hallmark
DR 34-,gs_ind_0,Allograft Rejection,4/90,0.5390224750572904,0.6860286046183696,1.1678073690556403,0.7217026315972013,hallmark,drvi_argmax,1.0,False,hallmark
DR 34-,gs_ind_0,Androgen Response,2/20,0.20765659094474095,0.43437969672874677,3.070885256513999,4.827031083883545,hallmark,drvi_argmax,0.6232465862468767,False,hallmark
DR 34-,gs_ind_0,Apical Junction,1/37,0.8024691996420065,0.8987655035990472,0.914079597957364,0.2011540064439383,hallmark,drvi_argmax,1.0,False,hallmark
DR 34-,gs_ind_0,Apoptosis,7/59,0.011047706669749876,0.10311192891766552,3.391264786169245,15.279453417718697,hallmark,drvi_argmax,0.07691628616858343,False,hallmark
DR 34-,gs_ind_0,Cholesterol Homeostasis,2/20,0.20765659094474095,0.43437969672874677,3.070885256513999,4.827031083883545,hallmark,drvi_argmax,0.6232465862468767,False,hallmark
DR 34-,gs_ind_0,Coagulation,1/52,0.8985604293429893,0.9600965574178728,0.6426724880795083,0.06874109714665949,hallmark,drvi_argmax,1.0,False,hallmark
DR 34-,gs_ind_0,Complement,7/67,0.02139840307565136,0.14978882152955952,2.9301995051850294,11.26497320386004,hallmark,drvi_argmax,0.12839041845390817,False,hallmark
DR 34-,gs_ind_0,DNA Repair,1/14,0.45667234853146765,0.6393412879440546,2.501643655489809,1.9607610464327714,hallmark,drvi_argmax,0.9618270354344267,False,hallmark
DR 34-,gs_ind_0,Epithelial Mesenchymal Transition,1/115,0.9941762601923422,0.9941762601923422,0.27929510865352314,0.0016312967904341194,hallmark,drvi_argmax,1.0,False,hallmark
DR 34-,gs_ind_0,Estrogen Response Early,3/45,0.2986704191450006,0.464598429781112,1.8701604278074866,2.259929147823824,hallmark,drvi_argmax,0.7629587031118394,False,hallmark
DR 34-,gs_ind_0,Estrogen Response Late,3/62,0.496131384032248,0.6615085120429973,1.3237076648841355,0.9278058963058833,hallmark,drvi_argmax,1.0,False,hallmark
DR 34-,gs_ind_0,Fatty Acid Metabolism,1/23,0.6337862631733677,0.7394173070355957,1.4938856015779092,0.6812768268827253,hallmark,drvi_argmax,1.0,False,hallmark
DR 34-,gs_ind_0,G2-M Checkpoint,1/59,0.9258073946529488,0.9600965574178728,0.5636473979669246,0.043451049831070274,hallmark,drvi_argmax,1.0,False,hallmark
DR 34-,gs_ind_0,Glycolysis,3/43,0.2750365555221731,0.4530013855659322,1.9646090534979423,2.5360180740372558,hallmark,drvi_argmax,0.7282050064829767,False,hallmark
DR 34-,gs_ind_0,Hypoxia,5/73,0.19569095176616386,0.43437969672874677,1.8427256653216666,3.0058884552924825,hallmark,drvi_argmax,0.5978904898892223,False,hallmark
DR 34-,gs_ind_0,IL-2/STAT5 Signaling,5/73,0.19569095176616386,0.43437969672874677,1.8427256653216666,3.0058884552924825,hallmark,drvi_argmax,0.5978904898892223,False,hallmark
DR 34-,gs_ind_0,IL-6/JAK/STAT3 Signaling,2/34,0.42808726656229285,0.630865445460221,1.7351450944265316,1.4721460471562113,hallmark,drvi_argmax,0.9353573986014959,False,hallmark
DR 34-,gs_ind_0,Inflammatory Response,7/71,0.028534668171883413,0.1597941417625471,2.7425566582728487,9.754274382193474,hallmark,drvi_argmax,0.15404163542485264,False,hallmark
DR 34-,gs_ind_0,Interferon Alpha Response,34/44,2.6929702209032425e-41,7.54031661852908e-40,121.57142857142857,11356.636827495096,hallmark,drvi_argmax,1.6561766858554941e-38,True,hallmark
DR 34-,gs_ind_0,Interferon Gamma Response,39/99,1.817720106543669e-31,2.5448081491611367e-30,26.05251932817915,1844.0638784762689,hallmark,drvi_argmax,4.4715914620974254e-29,True,hallmark
DR 34-,gs_ind_0,KRAS Signaling Dn,3/34,0.17314603228074604,0.43437969672874677,2.538047138047138,4.450770027607814,hallmark,drvi_argmax,0.5546083846492647,False,hallmark
DR 34-,gs_ind_0,KRAS Signaling Up,5/81,0.2590103293369308,0.4530013855659322,1.642877440831405,2.21934233018823,hallmark,drvi_argmax,0.706844342269704,False,hallmark
DR 34-,gs_ind_0,TNF-alpha Signaling via NF-kB,8/102,0.06416480457123977,0.2994357546657856,2.114046765659669,5.805807550053823,hallmark,drvi_argmax,0.2749920195910276,False,hallmark
DR 34-,gs_ind_0,UV Response Up,3/38,0.21718984836437338,0.43437969672874677,2.2472897994024756,3.431574287598006,hallmark,drvi_argmax,0.640631926830166,False,hallmark
DR 34-,gs_ind_0,Unfolded Protein Response,2/17,0.16096056819837856,0.43437969672874677,3.6710450067606724,6.705515618628992,hallmark,drvi_argmax,0.5251498644138081,False,hallmark
DR 34-,gs_ind_0,Xenobiotic Metabolism,3/43,0.2750365555221731,0.4530013855659322,1.9646090534979423,2.5360180740372558,hallmark,drvi_argmax,0.7282050064829767,False,hallmark
DR 34-,gs_ind_0,mTORC1 Signaling,2/45,0.5782527962841663,0.703959925911159,1.2888017069309656,0.70593358531538,hallmark,drvi_argmax,1.0,False,hallmark
DR 34-,gs_ind_0,p53 Pathway,4/45,0.12108908723368489,0.43437969672874677,2.4939759036144578,5.265353619943257,hallmark,drvi_argmax,0.4365913277003759,False,hallmark
DR 35-,gs_ind_0,Adipogenesis,2/31,0.8326361334856475,0.92779454874115,0.7563079024890065,0.1385242563453759,hallmark,drvi_argmax,1.0,False,hallmark
DR 35-,gs_ind_0,Allograft Rejection,20/90,0.00035336447092438033,0.001968744909435833,2.7877841299778,22.157337643154765,hallmark,drvi_argmax,0.005143648511680329,True,hallmark
DR 35-,gs_ind_0,Androgen Response,1/20,0.8797086852695091,0.9530177423753015,0.6869095816464238,0.08803739957225898,hallmark,drvi_argmax,1.0,False,hallmark
DR 35-,gs_ind_0,Angiogenesis,2/18,0.550713039166217,0.6928325331445957,1.362109762613541,0.8125548723082947,hallmark,drvi_argmax,1.0,False,hallmark
DR 35-,gs_ind_0,Apical Junction,6/37,0.15789156362694387,0.267729173106557,1.8773003631615457,3.465208844945415,hallmark,drvi_argmax,0.517194735715422,False,hallmark
DR 35-,gs_ind_0,Apoptosis,17/59,3.1696002737503654e-05,0.00030903602669066064,3.94598493348293,40.87772056868248,hallmark,drvi_argmax,0.0006664287755064871,True,hallmark
DR 35-,gs_ind_0,Bile Acid Metabolism,1/16,0.815935952873828,0.92779454874115,0.8661169051661411,0.1761849952303511,hallmark,drvi_argmax,1.0,False,hallmark
DR 35-,gs_ind_0,Cholesterol Homeostasis,7/20,0.002246635809414446,0.009735421840795932,5.132070054550675,31.29701252450603,hallmark,drvi_argmax,0.023319510933162604,True,hallmark
DR 35-,gs_ind_0,Coagulation,15/52,9.339735255686135e-05,0.0006348434932422309,3.9294519317160828,36.45999957185866,hallmark,drvi_argmax,0.001652931563236539,True,hallmark
DR 35-,gs_ind_0,Complement,29/67,4.003740498339188e-13,5.204862647840944e-12,7.874559842489871,224.7901552340803,hallmark,drvi_argmax,3.077875508098251e-11,True,hallmark
DR 35-,gs_ind_0,DNA Repair,2/14,0.4157573805821314,0.5404845947567708,1.8020151133501259,1.5815447066059733,hallmark,drvi_argmax,0.9180997811777768,False,hallmark
DR 35-,gs_ind_0,E2F Targets,2/63,0.990327619620739,0.990327619620739,0.35622862525854476,0.0034623504755682158,hallmark,drvi_argmax,1.0,False,hallmark
DR 35-,gs_ind_0,Epithelial Mesenchymal Transition,18/115,0.032821528970072615,0.0853359753221888,1.7711134527572883,6.051311277239858,hallmark,drvi_argmax,0.1689141449087419,False,hallmark
DR 35-,gs_ind_0,Estrogen Response Early,9/45,0.03037482363201032,0.08461558011774303,2.398190207088952,8.379615168915995,hallmark,drvi_argmax,0.1606926153435385,False,hallmark
DR 35-,gs_ind_0,Estrogen Response Late,11/62,0.03973676889366924,0.09685837417831877,2.061556984399416,6.649507423176827,hallmark,drvi_argmax,0.1964894057525969,False,hallmark
DR 35-,gs_ind_0,Fatty Acid Metabolism,4/23,0.1917640871699054,0.31161664165109626,2.092190252495596,3.455229972678841,hallmark,drvi_argmax,0.5920391165073694,False,hallmark
DR 35-,gs_ind_0,G2-M Checkpoint,2/59,0.9859139023145815,0.990327619620739,0.3818858832548461,0.005417527984991739,hallmark,drvi_argmax,1.0,False,hallmark
DR 35-,gs_ind_0,Glycolysis,7/43,0.13094517201114841,0.24752179079002748,1.8737389826908781,3.8092674644532982,hallmark,drvi_argmax,0.46060978340629677,False,hallmark
DR 35-,gs_ind_0,Hypoxia,13/73,0.025724923587838542,0.07717477076351563,2.0713388429752064,7.581711143163166,hallmark,drvi_argmax,0.1441533303555417,False,hallmark
DR 35-,gs_ind_0,IL-2/STAT5 Signaling,14/73,0.011162241529343203,0.039575219967671355,2.2755987113344,10.229313399173027,hallmark,drvi_argmax,0.07691628616858343,False,hallmark
DR 35-,gs_ind_0,IL-6/JAK/STAT3 Signaling,8/34,0.01599739349460066,0.051991528857452146,2.9567753001715267,12.227240054483705,hallmark,drvi_argmax,0.10116603598127924,False,hallmark
DR 35-,gs_ind_0,Inflammatory Response,16/71,0.0011980953439256889,0.005840714801637733,2.8126419102028857,18.920704560856493,hallmark,drvi_argmax,0.014736572730285974,True,hallmark
DR 35-,gs_ind_0,Interferon Alpha Response,34/44,7.115569344568372e-27,1.3875360221908326e-25,35.33376233376234,2127.357928978952,hallmark,drvi_argmax,1.2503071848312995e-24,True,hallmark
DR 35-,gs_ind_0,Interferon Gamma Response,56/99,3.494851671924797e-33,1.3629921520506707e-31,15.797438650916757,1180.6060508124604,hallmark,drvi_argmax,1.074666889116875e-30,True,hallmark
DR 35-,gs_ind_0,KRAS Signaling Dn,5/34,0.24842637542854368,0.35568191308755315,1.6894100307772335,2.3526871967483896,hallmark,drvi_argmax,0.6923868653466496,False,hallmark
DR 35-,gs_ind_0,KRAS Signaling Up,12/81,0.10320627473421301,0.22361359525746152,1.6521000706066447,3.751961597220903,hallmark,drvi_argmax,0.3870235302532988,False,hallmark
DR 35-,gs_ind_0,Mitotic Spindle,4/41,0.5989787021658579,0.7300052932646394,1.0769465648854961,0.5519666013504153,hallmark,drvi_argmax,1.0,False,hallmark
DR 35-,gs_ind_0,Myogenesis,7/51,0.24317475170377745,0.35568191308755315,1.5299189966030833,2.1632671386948665,hallmark,drvi_argmax,0.6870810312594944,False,hallmark
DR 35-,gs_ind_0,PI3K/AKT/mTOR  Signaling,3/14,0.1577563477284104,0.267729173106557,2.757622454595487,5.092511146691434,hallmark,drvi_argmax,0.517194735715422,False,hallmark
DR 35-,gs_ind_0,Pperoxisome,3/13,0.13328096427155325,0.24752179079002748,3.021940928270042,6.0901050590088035,hallmark,drvi_argmax,0.46374988982746956,False,hallmark
DR 35-,gs_ind_0,TGF-beta Signaling,1/10,0.6521950846781617,0.7707760091651001,1.4178868223189554,0.6060212075438708,hallmark,drvi_argmax,1.0,False,hallmark
DR 35-,gs_ind_0,TNF-alpha Signaling via NF-kB,23/102,9.766822972957399e-05,0.0006348434932422309,2.86687926299938,26.47257457045535,hallmark,drvi_argmax,0.0016949305508535957,True,hallmark
DR 35-,gs_ind_0,UV Response Dn,1/30,0.9586315160560509,0.990327619620739,0.4515101312603543,0.019075632835905108,hallmark,drvi_argmax,1.0,False,hallmark
DR 35-,gs_ind_0,UV Response Up,9/38,0.01033884493128333,0.039575219967671355,2.979023764216489,13.619641231486963,hallmark,drvi_argmax,0.07458521563330496,False,hallmark
DR 35-,gs_ind_0,Unfolded Protein Response,3/17,0.23773168809192036,0.35568191308755315,2.183413356612833,3.136719143961871,hallmark,drvi_argmax,0.678579605336187,False,hallmark
DR 35-,gs_ind_0,Xenobiotic Metabolism,6/43,0.2553613734987561,0.35568191308755315,1.571585261353899,2.1453326716842844,hallmark,drvi_argmax,0.7018871271585921,False,hallmark
DR 35-,gs_ind_0,heme Metabolism,5/26,0.11047366069300264,0.22676172458037386,2.328495806816154,5.129625387592947,hallmark,drvi_argmax,0.4092849477481725,False,hallmark
DR 35-,gs_ind_0,mTORC1 Signaling,6/45,0.2910444951125149,0.3914046658409683,1.4903192216328789,1.8394698964014418,hallmark,drvi_argmax,0.748922027172371,False,hallmark
DR 35-,gs_ind_0,p53 Pathway,8/45,0.07340305190582277,0.16839523672512283,2.0765021645021644,5.4233871005121665,hallmark,drvi_argmax,0.30337094662868974,False,hallmark
DR 36-,gs_ind_0,Adipogenesis,1/31,0.5947398774709802,0.7731618407122742,1.6656027854344988,0.8654990904203019,hallmark,drvi_argmax,1.0,False,hallmark
DR 36-,gs_ind_0,Allograft Rejection,3/90,0.4779852703629808,0.6904231683020834,1.3625688073394495,1.0058147227517091,hallmark,drvi_argmax,0.9864461116551448,False,hallmark
DR 36-,gs_ind_0,Androgen Response,1/20,0.44070915661557714,0.6740257689414709,2.620149761742682,2.1468724506761347,hallmark,drvi_argmax,0.9419153130098347,False,hallmark
DR 36-,gs_ind_0,Apoptosis,7/59,0.0011297664166216698,0.019806128015622145,5.3507779349363505,36.30901129302326,hallmark,drvi_argmax,0.014107743070504102,True,hallmark
DR 36-,gs_ind_0,Cholesterol Homeostasis,2/20,0.10932061115911053,0.38859505114261994,4.688336985634283,10.377494802488789,hallmark,drvi_argmax,0.40653689860592035,False,hallmark
DR 36-,gs_ind_0,Coagulation,3/52,0.1829072107365305,0.4661000837899194,2.457881567973311,4.1753909556025315,hallmark,drvi_argmax,0.5739180336886033,False,hallmark
DR 36-,gs_ind_0,Complement,6/67,0.01065611957728148,0.055411821801863693,3.8633672744494434,17.545949726672223,hallmark,drvi_argmax,0.07642581387787883,False,hallmark
DR 36-,gs_ind_0,Epithelial Mesenchymal Transition,1/115,0.9674557258475014,0.9674557258475014,0.4241990957220698,0.014034888610555515,hallmark,drvi_argmax,1.0,False,hallmark
DR 36-,gs_ind_0,Estrogen Response Early,2/45,0.3694459181675776,0.6403729248238013,1.9680024852438645,1.9596402738517593,hallmark,drvi_argmax,0.8590141386505113,False,hallmark
DR 36-,gs_ind_0,Estrogen Response Late,7/62,0.0015235483088940113,0.019806128015622145,5.053518865400053,32.78072778780614,hallmark,drvi_argmax,0.017432227162229152,True,hallmark
DR 36-,gs_ind_0,Glycolysis,3/43,0.12164288031018111,0.38859505114261994,3.018348623853211,6.358651629644768,hallmark,drvi_argmax,0.4365913277003759,False,hallmark
DR 36-,gs_ind_0,Hypoxia,2/73,0.6245525876061795,0.7732555846552698,1.1796761796761797,0.5552968709821039,hallmark,drvi_argmax,1.0,False,hallmark
DR 36-,gs_ind_0,IL-2/STAT5 Signaling,3/73,0.3456386725685647,0.6403729248238013,1.7066172164747218,1.8130441675002553,hallmark,drvi_argmax,0.8223125092056761,False,hallmark
DR 36-,gs_ind_0,Inflammatory Response,1/71,0.8763422911846571,0.9113959828320434,0.7055168518169836,0.09312718098364342,hallmark,drvi_argmax,1.0,False,hallmark
DR 36-,gs_ind_0,Interferon Alpha Response,5/44,0.007308602196016048,0.04750591427410431,5.051115129596142,24.844936361438382,hallmark,drvi_argmax,0.057496630331063434,False,hallmark
DR 36-,gs_ind_0,Interferon Gamma Response,8/99,0.005973746771517673,0.04750591427410431,3.476568968372247,17.80135751185826,hallmark,drvi_argmax,0.04947951871358073,True,hallmark
DR 36-,gs_ind_0,KRAS Signaling Up,4/81,0.19719618929573512,0.4661000837899194,2.0257461561652095,3.2889126525825034,hallmark,drvi_argmax,0.6007598633042227,False,hallmark
DR 36-,gs_ind_0,Myogenesis,2/51,0.43060957451637905,0.6740257689414709,1.723996723996724,1.452559403121731,hallmark,drvi_argmax,0.9367673053630698,False,hallmark
DR 36-,gs_ind_0,PI3K/AKT/mTOR  Signaling,1/14,0.3337811507678258,0.6403729248238013,3.7964601769911503,4.165740863693672,hallmark,drvi_argmax,0.8106900062756482,False,hallmark
DR 36-,gs_ind_0,Pperoxisome,2/13,0.05090069781830393,0.2205696905459837,7.569526047786917,22.541129977487095,hallmark,drvi_argmax,0.2327429677193823,False,hallmark
DR 36-,gs_ind_0,TNF-alpha Signaling via NF-kB,2/102,0.7986769921057513,0.8652334081145638,0.8262740352292591,0.18574531256371682,hallmark,drvi_argmax,1.0,False,hallmark
DR 36-,gs_ind_0,UV Response Up,1/38,0.670169600848169,0.7920186191841998,1.3497345132743364,0.5401967708167181,hallmark,drvi_argmax,1.0,False,hallmark
DR 36-,gs_ind_0,Xenobiotic Metabolism,1/43,0.7154200946267602,0.8087357591432941,1.1878188443519,0.3977831459292056,hallmark,drvi_argmax,1.0,False,hallmark
DR 36-,gs_ind_0,heme Metabolism,1/26,0.5307280814136298,0.7262594798291777,1.9973971889640811,1.2653620582244551,hallmark,drvi_argmax,1.0,False,hallmark
DR 36-,gs_ind_0,mTORC1 Signaling,3/45,0.13451367154936844,0.38859505114261994,2.8732865623313546,5.764069824749398,hallmark,drvi_argmax,0.465539260075435,False,hallmark
DR 36-,gs_ind_0,p53 Pathway,2/45,0.3694459181675776,0.6403729248238013,1.9680024852438645,1.9596402738517593,hallmark,drvi_argmax,0.8590141386505113,False,hallmark
DR 37-,gs_ind_0,Adipogenesis,1/31,0.962831362141731,0.9998366259894147,0.43646000246517935,0.016531795388232576,hallmark,drvi_argmax,1.0,False,hallmark
DR 37-,gs_ind_0,Allograft Rejection,4/90,0.984838511447026,0.9998366259894147,0.4539116621806469,0.006934680365510743,hallmark,drvi_argmax,1.0,False,hallmark
DR 37-,gs_ind_0,Androgen Response,1/20,0.8797086852695091,0.9998366259894147,0.6869095816464238,0.08803739957225898,hallmark,drvi_argmax,1.0,False,hallmark
DR 37-,gs_ind_0,Apical Junction,1/37,0.9804703456644207,0.9998366259894147,0.36347718611597485,0.007168816160669667,hallmark,drvi_argmax,1.0,False,hallmark
DR 37-,gs_ind_0,Apoptosis,5/59,0.719059324015182,0.9998366259894147,0.9015462587109035,0.29734024781732593,hallmark,drvi_argmax,1.0,False,hallmark
DR 37-,gs_ind_0,Bile Acid Metabolism,1/16,0.815935952873828,0.9998366259894147,0.8661169051661411,0.1761849952303511,hallmark,drvi_argmax,1.0,False,hallmark
DR 37-,gs_ind_0,Cholesterol Homeostasis,2/20,0.6095429026069803,0.9998366259894147,1.2134930900673975,0.6007348307309907,hallmark,drvi_argmax,1.0,False,hallmark
DR 37-,gs_ind_0,Coagulation,1/52,0.9961271948499953,0.9998366259894147,0.25542010365720125,0.0009911127272771282,hallmark,drvi_argmax,1.0,False,hallmark
DR 37-,gs_ind_0,Complement,2/67,0.9933850753930966,0.9998366259894147,0.333705078162555,0.0022147672951556433,hallmark,drvi_argmax,1.0,False,hallmark
DR 37-,gs_ind_0,DNA Repair,7/14,0.00016816930893802333,0.0012780867479289773,9.268733850129198,80.55029573707145,hallmark,drvi_argmax,0.0026350095540607476,True,hallmark
DR 37-,gs_ind_0,E2F Targets,52/63,3.5042587650525637e-44,1.3316183307199744e-42,55.01317523056653,5504.605389485682,hallmark,drvi_argmax,4.3102382810146533e-41,True,hallmark
DR 37-,gs_ind_0,Epithelial Mesenchymal Transition,8/115,0.9053037772732903,0.9998366259894147,0.6956085774690426,0.06920242880921983,hallmark,drvi_argmax,1.0,False,hallmark
DR 37-,gs_ind_0,Estrogen Response Early,5/45,0.47377391204566033,0.9998366259894147,1.2229168640080832,0.9135495313399419,hallmark,drvi_argmax,0.9802218869910213,False,hallmark
DR 37-,gs_ind_0,Estrogen Response Late,10/62,0.08386014094787685,0.39833566950241506,1.8356955380577429,4.549963875664678,hallmark,drvi_argmax,0.33007351477084323,False,hallmark
DR 37-,gs_ind_0,Fatty Acid Metabolism,1/23,0.912617451468424,0.9998366259894147,0.5943191311612365,0.054343642665845134,hallmark,drvi_argmax,1.0,False,hallmark
DR 37-,gs_ind_0,G2-M Checkpoint,46/59,8.683729738989066e-37,1.6499086504079226e-35,39.85077310320029,3308.9769568457214,hallmark,drvi_argmax,3.051710736844729e-34,True,hallmark
DR 37-,gs_ind_0,Glycolysis,6/43,0.2553613734987561,0.8821574720866119,1.571585261353899,2.1453326716842844,hallmark,drvi_argmax,0.7018871271585921,False,hallmark
DR 37-,gs_ind_0,Hypoxia,5/73,0.8709702424794363,0.9998366259894147,0.7115388205424982,0.09829728607878913,hallmark,drvi_argmax,1.0,False,hallmark
DR 37-,gs_ind_0,IL-2/STAT5 Signaling,1/73,0.9996067843459354,0.9998366259894147,0.17925849105522426,7.050110678489537e-05,hallmark,drvi_argmax,1.0,False,hallmark
DR 37-,gs_ind_0,IL-6/JAK/STAT3 Signaling,2/34,0.8693406973776671,0.9998366259894147,0.6853322999418717,0.09596034770042755,hallmark,drvi_argmax,1.0,False,hallmark
DR 37-,gs_ind_0,Inflammatory Response,4/71,0.9368217771220297,0.9998366259894147,0.5881255301102629,0.03838237813443736,hallmark,drvi_argmax,1.0,False,hallmark
DR 37-,gs_ind_0,Interferon Alpha Response,4/44,0.6560889765594565,0.9998366259894147,0.9954763924229573,0.4195523497247994,hallmark,drvi_argmax,1.0,False,hallmark
DR 37-,gs_ind_0,Interferon Gamma Response,10/99,0.5382380536653268,0.9998366259894147,1.0540183873663838,0.652916262126006,hallmark,drvi_argmax,1.0,False,hallmark
DR 37-,gs_ind_0,KRAS Signaling Dn,1/34,0.9730506609392247,0.9998366259894147,0.396700706991359,0.01083751874486364,hallmark,drvi_argmax,1.0,False,hallmark
DR 37-,gs_ind_0,KRAS Signaling Up,1/81,0.9998366259894147,0.9998366259894147,0.16069677298837154,2.625582110902878e-05,hallmark,drvi_argmax,1.0,False,hallmark
DR 37-,gs_ind_0,Mitotic Spindle,25/41,6.002411641007998e-16,7.603054745276797e-15,15.714322714322714,550.774442181581,hallmark,drvi_argmax,6.152471932033198e-14,True,hallmark
DR 37-,gs_ind_0,Myc Targets V1,9/14,1.0817504021820691e-06,1.0276628820729658e-05,16.194873012105386,222.46783831980014,hallmark,drvi_argmax,3.36848859413657e-05,True,hallmark
DR 37-,gs_ind_0,Myogenesis,3/51,0.8990613356612092,0.9998366259894147,0.6403497324807517,0.06813578593135333,hallmark,drvi_argmax,1.0,False,hallmark
DR 37-,gs_ind_0,PI3K/AKT/mTOR  Signaling,3/14,0.1577563477284104,0.5994741213679595,2.757622454595487,5.092511146691434,hallmark,drvi_argmax,0.517194735715422,False,hallmark
DR 37-,gs_ind_0,Pperoxisome,1/13,0.7469173567073678,0.9998366259894147,1.0757894736842106,0.3139161575781199,hallmark,drvi_argmax,1.0,False,hallmark
DR 37-,gs_ind_0,Spermatogenesis,6/16,0.0031514828378030346,0.019959391306085886,5.698739135757131,32.82406608056813,hallmark,drvi_argmax,0.030887042952173167,True,hallmark
DR 37-,gs_ind_0,TNF-alpha Signaling via NF-kB,8/102,0.8183839814198506,0.9998366259894147,0.797375111660826,0.15981282039595626,hallmark,drvi_argmax,1.0,False,hallmark
DR 37-,gs_ind_0,UV Response Up,9/38,0.01033884493128333,0.056125158198395225,2.979023764216489,13.619641231486963,hallmark,drvi_argmax,0.07458521563330496,False,hallmark
DR 37-,gs_ind_0,Unfolded Protein Response,1/17,0.8344907963341276,0.9998366259894147,0.8131692868534974,0.14712961793724572,hallmark,drvi_argmax,1.0,False,hallmark
DR 37-,gs_ind_0,Xenobiotic Metabolism,2/43,0.939665398068417,0.9998366259894147,0.5339746896907529,0.033230006701550116,hallmark,drvi_argmax,1.0,False,hallmark
DR 37-,gs_ind_0,heme Metabolism,1/26,0.9365556804359781,0.9998366259894147,0.5235146690255049,0.03431445111082393,hallmark,drvi_argmax,1.0,False,hallmark
DR 37-,gs_ind_0,mTORC1 Signaling,6/45,0.2910444951125149,0.9216409011896306,1.4903192216328789,1.8394698964014418,hallmark,drvi_argmax,0.748922027172371,False,hallmark
DR 37-,gs_ind_0,p53 Pathway,7/45,0.15615054734812597,0.5994741213679595,1.774388402295379,3.2949233777343405,hallmark,drvi_argmax,0.517194735715422,False,hallmark
DR 38+,gs_ind_0,Adipogenesis,1/31,0.5008748128297014,0.6848114471538118,2.1780667043527417,1.5059133236542859,hallmark,drvi_argmax,1.0,False,hallmark
DR 38+,gs_ind_0,Angiogenesis,4/18,0.0004986214344687987,0.003324142896458658,14.885057471264368,113.18096667869042,hallmark,drvi_argmax,0.006891060274119353,True,hallmark
DR 38+,gs_ind_0,Apoptosis,2/59,0.3751108089542793,0.6848114471538118,1.943222506393862,1.9053953603240912,hallmark,drvi_argmax,0.8651421686713834,False,hallmark
DR 38+,gs_ind_0,Bile Acid Metabolism,1/16,0.3004279793049003,0.6848114471538118,4.319243604004449,5.194094402607785,hallmark,drvi_argmax,0.7650650404658951,False,hallmark
DR 38+,gs_ind_0,Coagulation,4/52,0.025603353709283093,0.08888290946715584,4.372279495990836,16.024543967596063,hallmark,drvi_argmax,0.14412871882113595,False,hallmark
DR 38+,gs_ind_0,Complement,2/67,0.43784136702898685,0.6848114471538118,1.6986977997305792,1.402952151505738,hallmark,drvi_argmax,0.9404299860077863,False,hallmark
DR 38+,gs_ind_0,Epithelial Mesenchymal Transition,11/115,2.1572341984308137e-05,0.00021572341984308136,6.085481682496608,65.38301478378266,hallmark,drvi_argmax,0.0004868620301045689,True,hallmark
DR 38+,gs_ind_0,Estrogen Response Late,2/62,0.3989776316561304,0.6848114471538118,1.8439474963539135,1.6943110181312098,hallmark,drvi_argmax,0.8960082002199383,False,hallmark
DR 38+,gs_ind_0,Glycolysis,1/43,0.6197268670424128,0.6848114471538118,1.5533468559837729,0.7432398660259779,hallmark,drvi_argmax,1.0,False,hallmark
DR 38+,gs_ind_0,Hypoxia,2/73,0.48272043887954885,0.6848114471538118,1.551213492389963,1.1297760791649836,hallmark,drvi_argmax,0.9904428572296707,False,hallmark
DR 38+,gs_ind_0,IL-2/STAT5 Signaling,1/73,0.8087608529923608,0.8087608529923608,0.8963139120095125,0.19024443281381795,hallmark,drvi_argmax,1.0,False,hallmark
DR 38+,gs_ind_0,IL-6/JAK/STAT3 Signaling,1/34,0.5336098156392642,0.6848114471538118,1.9799279464745239,1.2435737149323551,hallmark,drvi_argmax,1.0,False,hallmark
DR 38+,gs_ind_0,Interferon Alpha Response,2/44,0.2520841651743721,0.6848114471538118,2.649826989619377,3.651441077915081,hallmark,drvi_argmax,0.6973008574878752,False,hallmark
DR 38+,gs_ind_0,Interferon Gamma Response,2/99,0.6505708747961212,0.6848114471538118,1.121870286576169,0.4822976821547089,hallmark,drvi_argmax,1.0,False,hallmark
DR 38+,gs_ind_0,KRAS Signaling Up,2/81,0.539166691269692,0.6848114471538118,1.389197188309286,0.8581494676810116,hallmark,drvi_argmax,1.0,False,hallmark
DR 38+,gs_ind_0,Myogenesis,9/51,7.934237592585837e-07,1.5868475185171672e-05,12.054846727423364,169.33332755346274,hallmark,drvi_argmax,2.5348343477611894e-05,True,hallmark
DR 38+,gs_ind_0,UV Response Dn,3/30,0.02666487284014675,0.08888290946715584,5.917415115005476,21.44712788772239,hallmark,drvi_argmax,0.14707601980938548,False,hallmark
DR 38+,gs_ind_0,Xenobiotic Metabolism,1/43,0.6197268670424128,0.6848114471538118,1.5533468559837729,0.7432398660259779,hallmark,drvi_argmax,1.0,False,hallmark
DR 38+,gs_ind_0,heme Metabolism,4/26,0.0021420435790272495,0.010710217895136247,9.553086419753086,58.71322100874924,hallmark,drvi_argmax,0.022518919676953134,True,hallmark
DR 38+,gs_ind_0,p53 Pathway,1/45,0.6366385712028669,0.6848114471538118,1.481983727237505,0.6691944596799164,hallmark,drvi_argmax,1.0,False,hallmark
DR 39+,gs_ind_0,Adipogenesis,6/31,0.056284146138933545,0.19230416597468963,2.5901794145420207,7.452833000238149,hallmark,drvi_argmax,0.24947567477797572,False,hallmark
DR 39+,gs_ind_0,Allograft Rejection,2/90,0.9984116051641506,0.9984116051641506,0.2708264863765122,0.0004305214019464917,hallmark,drvi_argmax,1.0,False,hallmark
DR 39+,gs_ind_0,Androgen Response,8/20,0.00019557475584992473,0.0026728549966156382,7.039656160458453,60.11562155500096,hallmark,drvi_argmax,0.0030038510016443098,True,hallmark
DR 39+,gs_ind_0,Angiogenesis,1/18,0.821842801041698,0.9984116051641506,0.850767414403778,0.1669257919690841,hallmark,drvi_argmax,1.0,False,hallmark
DR 39+,gs_ind_0,Apical Junction,2/37,0.8646288713854089,0.9984116051641506,0.6958370722952675,0.10121292188462366,hallmark,drvi_argmax,1.0,False,hallmark
DR 39+,gs_ind_0,Apoptosis,9/59,0.08168682575102797,0.2392257039851533,1.9175107712500357,4.803100904087788,hallmark,drvi_argmax,0.3240761081578595,False,hallmark
DR 39+,gs_ind_0,Bile Acid Metabolism,3/16,0.17273109870691666,0.3727355287886096,2.6077581760033013,4.579273521105013,hallmark,drvi_argmax,0.5540006555658605,False,hallmark
DR 39+,gs_ind_0,Cholesterol Homeostasis,2/20,0.5557710945094524,0.8502896925385509,1.3479823313618327,0.7918031634587883,hallmark,drvi_argmax,1.0,False,hallmark
DR 39+,gs_ind_0,Coagulation,4/52,0.7116543347600511,0.9984116051641506,0.9202980161136619,0.3130513067626136,hallmark,drvi_argmax,1.0,False,hallmark
DR 39+,gs_ind_0,Complement,4/67,0.8738360037495334,0.9984116051641506,0.6969496460001323,0.0939924132161213,hallmark,drvi_argmax,1.0,False,hallmark
DR 39+,gs_ind_0,DNA Repair,4/14,0.03209753899398016,0.13159990987531864,4.342136854741897,14.932504078894102,hallmark,drvi_argmax,0.16623146510566567,False,hallmark
DR 39+,gs_ind_0,E2F Targets,25/63,2.2799709781433145e-11,9.34788101038759e-10,7.487569573283859,183.47745124340358,hallmark,drvi_argmax,1.5158725962790685e-09,True,hallmark
DR 39+,gs_ind_0,Epithelial Mesenchymal Transition,7/115,0.9137847691202029,0.9984116051641506,0.6737169640395447,0.06074246809298619,hallmark,drvi_argmax,1.0,False,hallmark
DR 39+,gs_ind_0,Estrogen Response Early,8/45,0.04629192256636703,0.17254262047464072,2.314078319006686,7.110671607726308,hallmark,drvi_argmax,0.21732467464363148,False,hallmark
DR 39+,gs_ind_0,Estrogen Response Late,9/62,0.10439417074455355,0.27536050410470314,1.8069164265129682,4.0828748225565645,hallmark,drvi_argmax,0.39088228315312284,False,hallmark
DR 39+,gs_ind_0,Fatty Acid Metabolism,4/23,0.15043277710987546,0.36280846244146436,2.3264382676147384,4.406830000593284,hallmark,drvi_argmax,0.505552775533188,False,hallmark
DR 39+,gs_ind_0,G2-M Checkpoint,19/59,3.63778606946742e-07,7.4574614424082104e-06,5.237399478989693,77.65345757776133,hallmark,drvi_argmax,1.3105247988928133e-05,True,hallmark
DR 39+,gs_ind_0,Glycolysis,10/43,0.004054969909113753,0.027708961045610648,3.244256975989617,17.86875754279024,hallmark,drvi_argmax,0.03750084953541291,True,hallmark
DR 39+,gs_ind_0,Hypoxia,11/73,0.06197824167076566,0.1954698391154917,1.884524781341108,5.240810454838163,hallmark,drvi_argmax,0.26654978061203416,False,hallmark
DR 39+,gs_ind_0,IL-2/STAT5 Signaling,7/73,0.5023088498285915,0.82378651371889,1.1262129683182314,0.7754428008299783,hallmark,drvi_argmax,1.0,False,hallmark
DR 39+,gs_ind_0,IL-6/JAK/STAT3 Signaling,1/34,0.9620831932246883,0.9984116051641506,0.44048353274947577,0.01702660579468613,hallmark,drvi_argmax,1.0,False,hallmark
DR 39+,gs_ind_0,Inflammatory Response,3/71,0.9646168223078396,0.9984116051641506,0.4982819266819836,0.017950273470237522,hallmark,drvi_argmax,1.0,False,hallmark
DR 39+,gs_ind_0,Interferon Alpha Response,1/44,0.9856805099177631,0.9984116051641506,0.33732307400019,0.004865211822959914,hallmark,drvi_argmax,1.0,False,hallmark
DR 39+,gs_ind_0,Interferon Gamma Response,5/99,0.9568037160086511,0.9984116051641506,0.5654519710857739,0.02496866947548867,hallmark,drvi_argmax,1.0,False,hallmark
DR 39+,gs_ind_0,KRAS Signaling Dn,4/34,0.3746822599219525,0.6982714844000023,1.4783027965284474,1.451215734724792,hallmark,drvi_argmax,0.8651421686713834,False,hallmark
DR 39+,gs_ind_0,KRAS Signaling Up,6/81,0.7625462385900441,0.9984116051641506,0.8504399377145752,0.23054757548332167,hallmark,drvi_argmax,1.0,False,hallmark
DR 39+,gs_ind_0,Mitotic Spindle,6/41,0.16327226510782386,0.3718979371900432,1.85017755256753,3.353143632008154,hallmark,drvi_argmax,0.5305809407731131,False,hallmark
DR 39+,gs_ind_0,Myc Targets V1,4/14,0.03209753899398016,0.13159990987531864,4.342136854741897,14.932504078894102,hallmark,drvi_argmax,0.16623146510566567,False,hallmark
DR 39+,gs_ind_0,Myogenesis,2/51,0.9548745598314249,0.9984116051641506,0.49511737877388845,0.022862192554700327,hallmark,drvi_argmax,1.0,False,hallmark
DR 39+,gs_ind_0,PI3K/AKT/mTOR  Signaling,2/14,0.36872554623643156,0.6982714844000023,2.001662049861496,1.9970636092519576,hallmark,drvi_argmax,0.858962920209869,False,hallmark
DR 39+,gs_ind_0,Pperoxisome,3/13,0.10745775769939635,0.27536050410470314,3.358402971216342,7.49144664234898,hallmark,drvi_argmax,0.40113214558500004,False,hallmark
DR 39+,gs_ind_0,Spermatogenesis,2/16,0.4352123015071324,0.7434876817413513,1.7236603304995701,1.4339497730874806,hallmark,drvi_argmax,0.9374976021957493,False,hallmark
DR 39+,gs_ind_0,TGF-beta Signaling,2/10,0.22908635796009827,0.4696270338182015,2.9501385041551247,4.347490008194828,hallmark,drvi_argmax,0.6673959729751967,False,hallmark
DR 39+,gs_ind_0,TNF-alpha Signaling via NF-kB,19/102,0.0015092460104137837,0.013823436768628631,2.4788771081689833,16.10314533936378,hallmark,drvi_argmax,0.01734927656830798,True,hallmark
DR 39+,gs_ind_0,UV Response Dn,2/30,0.7735203584842546,0.9984116051641506,0.8701462798269913,0.22345642688532427,hallmark,drvi_argmax,1.0,False,hallmark
DR 39+,gs_ind_0,UV Response Up,9/38,0.0055783850969080345,0.029432026447287804,3.3214966052850095,17.234767435301915,hallmark,drvi_argmax,0.04683558818564425,True,hallmark
DR 39+,gs_ind_0,Unfolded Protein Response,1/17,0.8038391307416366,0.9984116051641506,0.9028299524167293,0.19713844178686843,hallmark,drvi_argmax,1.0,False,hallmark
DR 39+,gs_ind_0,Xenobiotic Metabolism,4/43,0.5599468706961189,0.8502896925385509,1.135730241463674,0.6586251557252896,hallmark,drvi_argmax,1.0,False,hallmark
DR 39+,gs_ind_0,heme Metabolism,3/26,0.42639873423044183,0.7434876817413513,1.4897765661115392,1.2698563075485074,hallmark,drvi_argmax,0.9332214290096859,False,hallmark
DR 39+,gs_ind_0,mTORC1 Signaling,10/45,0.005742834428739084,0.029432026447287804,3.0580526638089407,15.778947436173732,hallmark,drvi_argmax,0.04788939896507846,True,hallmark
DR 39+,gs_ind_0,p53 Pathway,11/45,0.0016857849717839793,0.013823436768628631,3.4684159378036927,22.147653091540068,hallmark,drvi_argmax,0.018764846292256058,True,hallmark
DR 40-,gs_ind_0,Allograft Rejection,9/90,0.018793667160835234,0.07517466864334094,2.5834913552704966,10.267402590553264,hallmark,drvi_argmax,0.11443668617736306,False,hallmark
DR 40-,gs_ind_0,Androgen Response,3/20,0.059296239615046334,0.21083107418683142,4.27683615819209,12.082957664586838,hallmark,drvi_argmax,0.2586325344911595,False,hallmark
DR 40-,gs_ind_0,Angiogenesis,1/18,0.5691029346586176,0.7274537142044013,1.792423046566693,1.0103780392359405,hallmark,drvi_argmax,1.0,False,hallmark
DR 40-,gs_ind_0,Apical Junction,1/37,0.8243174890496089,0.8715576301960668,0.850753046242337,0.16436508105550518,hallmark,drvi_argmax,1.0,False,hallmark
DR 40-,gs_ind_0,Apoptosis,11/59,4.3410015458959334e-05,0.00046304016489556623,5.483063328424153,55.07638622526914,hallmark,drvi_argmax,0.000882550727512727,True,hallmark
DR 40-,gs_ind_0,Cholesterol Homeostasis,4/20,0.011096683545767233,0.05918231224409191,5.901818181818181,26.564726904847465,hallmark,drvi_argmax,0.07691628616858343,False,hallmark
DR 40-,gs_ind_0,Coagulation,5/52,0.08428431100256036,0.23534305544141954,2.4931548524490417,6.166966970966013,hallmark,drvi_argmax,0.3312131071346621,False,hallmark
DR 40-,gs_ind_0,Complement,5/67,0.18613107326199987,0.39707962295893307,1.8795375722543353,3.160074336274771,hallmark,drvi_argmax,0.5810690865793398,False,hallmark
DR 40-,gs_ind_0,Epithelial Mesenchymal Transition,9/115,0.07349962771979637,0.2351988087033484,1.950007113387395,5.090444698054785,hallmark,drvi_argmax,0.30337094662868974,False,hallmark
DR 40-,gs_ind_0,Estrogen Response Early,4/45,0.14525311288469292,0.3320071151650124,2.31552495697074,4.467290089628596,hallmark,drvi_argmax,0.49217996927871155,False,hallmark
DR 40-,gs_ind_0,Estrogen Response Late,8/62,0.006014276748601287,0.038491371191048236,3.465747404274021,17.72251239288217,hallmark,drvi_argmax,0.049648056381071025,True,hallmark
DR 40-,gs_ind_0,Fatty Acid Metabolism,1/23,0.6594292702255407,0.7536334516863322,1.3904235727440146,0.5789453460639435,hallmark,drvi_argmax,1.0,False,hallmark
DR 40-,gs_ind_0,G2-M Checkpoint,1/59,0.9385237406515878,0.9385237406515878,0.5245785522028616,0.03328300196886646,hallmark,drvi_argmax,1.0,False,hallmark
DR 40-,gs_ind_0,Glycolysis,2/43,0.5910561427910761,0.7274537142044013,1.2576563236184963,0.6613313711845934,hallmark,drvi_argmax,1.0,False,hallmark
DR 40-,gs_ind_0,Hypoxia,5/73,0.23582784021222924,0.41746386421589543,1.7093371587696722,2.469399448926746,hallmark,drvi_argmax,0.6769387245298529,False,hallmark
DR 40-,gs_ind_0,IL-2/STAT5 Signaling,5/73,0.23582784021222924,0.41746386421589543,1.7093371587696722,2.469399448926746,hallmark,drvi_argmax,0.6769387245298529,False,hallmark
DR 40-,gs_ind_0,IL-6/JAK/STAT3 Signaling,3/34,0.19914867957511606,0.3982973591502321,2.3584431889516635,3.8058282636513057,hallmark,drvi_argmax,0.6055695324533814,False,hallmark
DR 40-,gs_ind_0,Inflammatory Response,2/71,0.8443214542524398,0.8715576301960668,0.7397210723041678,0.1251770696303289,hallmark,drvi_argmax,1.0,False,hallmark
DR 40-,gs_ind_0,Interferon Alpha Response,10/44,1.599908584200123e-05,0.00025598537347201966,7.003734329154441,77.34209092394961,hallmark,drvi_argmax,0.0003804690569561263,True,hallmark
DR 40-,gs_ind_0,Interferon Gamma Response,18/99,1.6887108665619465e-07,5.403874772998229e-06,5.647051458620258,88.06085577062801,hallmark,drvi_argmax,7.28812058200419e-06,True,hallmark
DR 40-,gs_ind_0,KRAS Signaling Dn,5/34,0.01706834501953768,0.07517466864334094,4.053198785147448,16.498666032723047,hallmark,drvi_argmax,0.10555528315865137,False,hallmark
DR 40-,gs_ind_0,KRAS Signaling Up,4/81,0.5089968437656709,0.7081695217609334,1.216036866359447,0.82120606772671,hallmark,drvi_argmax,1.0,False,hallmark
DR 40-,gs_ind_0,Mitotic Spindle,3/41,0.2855440033619372,0.4568704053790995,1.9224447868515666,2.4095137339804023,hallmark,drvi_argmax,0.7448974000746187,False,hallmark
DR 40-,gs_ind_0,Myogenesis,3/51,0.41230082191333295,0.6282679191060312,1.5179101869648786,1.3448715309726622,hallmark,drvi_argmax,0.9145525943529498,False,hallmark
DR 40-,gs_ind_0,PI3K/AKT/mTOR  Signaling,1/14,0.4801036857226474,0.6983326337783962,2.328422344996931,1.7084873151249196,hallmark,drvi_argmax,0.9891583474687711,False,hallmark
DR 40-,gs_ind_0,Pperoxisome,2/13,0.11537408401761787,0.2839977452741363,4.611367500607238,9.958596392780555,hallmark,drvi_argmax,0.4241639415657058,False,hallmark
DR 40-,gs_ind_0,TNF-alpha Signaling via NF-kB,8/102,0.08825364579053233,0.23534305544141954,1.9556759496879257,4.7474821267476495,hallmark,drvi_argmax,0.34515734283737604,False,hallmark
DR 40-,gs_ind_0,UV Response Up,3/38,0.24786916937818793,0.41746386421589543,2.0882469961008994,2.9128001241523394,hallmark,drvi_argmax,0.6923868653466496,False,hallmark
DR 40-,gs_ind_0,Xenobiotic Metabolism,2/43,0.5910561427910761,0.7274537142044013,1.2576563236184963,0.6613313711845934,hallmark,drvi_argmax,1.0,False,hallmark
DR 40-,gs_ind_0,heme Metabolism,1/26,0.7043481833959321,0.7772117885748216,1.224894377640559,0.4293040025554695,hallmark,drvi_argmax,1.0,False,hallmark
DR 40-,gs_ind_0,mTORC1 Signaling,2/45,0.6162234878564875,0.7303389485706518,1.1985487703075837,0.5802720851057555,hallmark,drvi_argmax,1.0,False,hallmark
DR 40-,gs_ind_0,p53 Pathway,8/45,0.0007256024270396306,0.005804819416317045,5.083033932135729,36.74275304029304,hallmark,drvi_argmax,0.009700988970203757,True,hallmark
DR 41-,gs_ind_0,Allograft Rejection,7/90,0.48219996662222603,0.7232999499333391,1.1495060420674896,0.8384455486940088,hallmark,drvi_argmax,0.9904428572296707,False,hallmark
DR 41-,gs_ind_0,Androgen Response,1/20,0.7796914256841483,0.8771528538946669,0.9776417354272026,0.24329303400139482,hallmark,drvi_argmax,1.0,False,hallmark
DR 41-,gs_ind_0,Angiogenesis,2/18,0.37933541679707955,0.6207306820315847,1.942244747122796,1.8826847641964417,hallmark,drvi_argmax,0.8656448286835025,False,hallmark
DR 41-,gs_ind_0,Apical Junction,6/37,0.04683537361410695,0.12043381786484644,2.6988109461227743,8.261374758339667,hallmark,drvi_argmax,0.219039960248485,False,hallmark
DR 41-,gs_ind_0,Apoptosis,13/59,0.00019659350051411947,0.0070773660185083015,3.9648204503956177,33.83725426340203,hallmark,drvi_argmax,0.0030038510016443098,True,hallmark
DR 41-,gs_ind_0,Bile Acid Metabolism,1/16,0.7014790340133783,0.8355557531404004,1.2326152472374148,0.4370413219395921,hallmark,drvi_argmax,1.0,False,hallmark
DR 41-,gs_ind_0,Cholesterol Homeostasis,5/20,0.011902353041774547,0.042848470950388365,4.648260819653312,20.596532770264776,hallmark,drvi_argmax,0.08021859858291885,False,hallmark
DR 41-,gs_ind_0,Coagulation,9/52,0.010720036663799542,0.042848470950388365,2.8998778998779,13.152804237039183,hallmark,drvi_argmax,0.07666072730507813,False,hallmark
DR 41-,gs_ind_0,Complement,11/67,0.007410730075043787,0.042848470950388365,2.723196368062638,13.356805217553523,hallmark,drvi_argmax,0.058058585938241127,False,hallmark
DR 41-,gs_ind_0,E2F Targets,2/63,0.9508128220651643,0.9508128220651643,0.5083425398713918,0.025639810526464715,hallmark,drvi_argmax,1.0,False,hallmark
DR 41-,gs_ind_0,Epithelial Mesenchymal Transition,15/115,0.01632029460503153,0.053411873252830463,2.074703112788548,8.538120902935864,hallmark,drvi_argmax,0.10294339673942965,False,hallmark
DR 41-,gs_ind_0,Estrogen Response Early,9/45,0.003998437348217727,0.02931448166337709,3.469366250188168,19.157325777814854,hallmark,drvi_argmax,0.03731595865364936,True,hallmark
DR 41-,gs_ind_0,Estrogen Response Late,12/62,0.0012176129918860918,0.014611355902633101,3.3476100419030668,22.465352036675014,hallmark,drvi_argmax,0.014902129154426794,True,hallmark
DR 41-,gs_ind_0,Fatty Acid Metabolism,1/23,0.8246555625004656,0.8996242500005079,0.8459054209919262,0.16308166609357352,hallmark,drvi_argmax,1.0,False,hallmark
DR 41-,gs_ind_0,G2-M Checkpoint,2/59,0.9365614819544663,0.9508128220651643,0.5449174367520073,0.03571394791409169,hallmark,drvi_argmax,1.0,False,hallmark
DR 41-,gs_ind_0,Glycolysis,8/43,0.010332244607800087,0.042848470950388365,3.1701408450704225,14.495423773801438,hallmark,drvi_argmax,0.07458521563330496,False,hallmark
DR 41-,gs_ind_0,Hypoxia,10/73,0.03470365483159005,0.09610242876440321,2.187436441293547,7.351777602740324,hallmark,drvi_argmax,0.17785623101189899,False,hallmark
DR 41-,gs_ind_0,IL-2/STAT5 Signaling,5/73,0.6211489444069289,0.7986200713803372,1.0215081694677508,0.48642623407858954,hallmark,drvi_argmax,1.0,False,hallmark
DR 41-,gs_ind_0,IL-6/JAK/STAT3 Signaling,2/34,0.7195063429820115,0.8355557531404004,0.9774859287054409,0.32177853116600064,hallmark,drvi_argmax,1.0,False,hallmark
DR 41-,gs_ind_0,Inflammatory Response,6/71,0.4110446143361711,0.6433741789609635,1.2737147391173493,1.1324005718816204,hallmark,drvi_argmax,0.9134324763026025,False,hallmark
DR 41-,gs_ind_0,Interferon Alpha Response,8/44,0.011871528573724555,0.042848470950388365,3.08159402241594,13.66259316888448,hallmark,drvi_argmax,0.08021859858291885,False,hallmark
DR 41-,gs_ind_0,Interferon Gamma Response,15/99,0.004071455786580152,0.02931448166337709,2.490036047065225,13.704547488544438,hallmark,drvi_argmax,0.03751228926961488,True,hallmark
DR 41-,gs_ind_0,KRAS Signaling Dn,4/34,0.22935427903289896,0.45841854957124467,1.9034350923941377,2.802784191972187,hallmark,drvi_argmax,0.6673959729751967,False,hallmark
DR 41-,gs_ind_0,KRAS Signaling Up,5/81,0.7126925084767339,0.8355557531404004,0.9105900960621497,0.3084216151719961,hallmark,drvi_argmax,1.0,False,hallmark
DR 41-,gs_ind_0,Mitotic Spindle,3/41,0.5811028648172657,0.7748038197563543,1.1594896331738438,0.6294028471676109,hallmark,drvi_argmax,1.0,False,hallmark
DR 41-,gs_ind_0,Myogenesis,5/51,0.30897707525102686,0.5561587354518484,1.5233230015688977,1.7891248824578803,hallmark,drvi_argmax,0.7803519083654685,False,hallmark
DR 41-,gs_ind_0,PI3K/AKT/mTOR  Signaling,3/14,0.07527478029063665,0.1693682556539325,3.9394355453852024,10.189783862075386,hallmark,drvi_argmax,0.30671521849819844,False,hallmark
DR 41-,gs_ind_0,Pperoxisome,2/13,0.24194312338482357,0.45841854957124467,2.7942735949098623,3.9652212317192115,hallmark,drvi_argmax,0.6870810312594944,False,hallmark
DR 41-,gs_ind_0,TGF-beta Signaling,1/10,0.5297023155722551,0.7627713344240474,2.017665270442542,1.2821054191232772,hallmark,drvi_argmax,1.0,False,hallmark
DR 41-,gs_ind_0,TNF-alpha Signaling via NF-kB,13/102,0.029466298569927368,0.08839889570978211,2.0109834510382627,7.087727442152015,hallmark,drvi_argmax,0.1581076491082218,False,hallmark
DR 41-,gs_ind_0,UV Response Dn,1/30,0.8972083976638175,0.9499853622322775,0.6427189021171779,0.069713866047322,hallmark,drvi_argmax,1.0,False,hallmark
DR 41-,gs_ind_0,UV Response Up,6/38,0.05241727289366497,0.12580145494479592,2.614336917562724,7.70842235251732,hallmark,drvi_argmax,0.23798248128748895,False,hallmark
DR 41-,gs_ind_0,Unfolded Protein Response,2/17,0.35240209798063477,0.6041178822525167,2.06867483421378,2.1575915086348862,hallmark,drvi_argmax,0.8335665009926553,False,hallmark
DR 41-,gs_ind_0,heme Metabolism,2/26,0.5730931491115109,0.7748038197563543,1.3023536940908769,0.725029433064071,hallmark,drvi_argmax,1.0,False,hallmark
DR 41-,gs_ind_0,mTORC1 Signaling,6/45,0.10243971612065005,0.21693116354961187,2.142779365727508,4.882281619514542,hallmark,drvi_argmax,0.38650567738772873,False,hallmark
DR 41-,gs_ind_0,p53 Pathway,10/45,0.0010335844128289567,0.014611355902633101,3.9738579075931604,27.319170391057348,hallmark,drvi_argmax,0.013312134322299652,True,hallmark
DR 42-,gs_ind_0,Apical Junction,1/37,0.5724863840330207,0.8476613095209632,1.7726643066030476,0.9887324596259376,hallmark,drvi_argmax,1.0,False,hallmark
DR 42-,gs_ind_0,Coagulation,1/52,0.6984726276983299,0.8476613095209632,1.246536489582197,0.447331197508604,hallmark,drvi_argmax,1.0,False,hallmark
DR 42-,gs_ind_0,Complement,1/67,0.7879111037048807,0.8476613095209632,0.9577595674579708,0.2283011558004493,hallmark,drvi_argmax,1.0,False,hallmark
DR 42-,gs_ind_0,Epithelial Mesenchymal Transition,10/115,0.00015428982222775726,0.002931506622327388,5.187971430478607,45.53315348224504,hallmark,drvi_argmax,0.0024646296277940445,True,hallmark
DR 42-,gs_ind_0,Estrogen Response Late,1/62,0.7614457926321501,0.8476613095209632,1.0383666758015895,0.2829926058105306,hallmark,drvi_argmax,1.0,False,hallmark
DR 42-,gs_ind_0,Glycolysis,2/43,0.25189620878282426,0.5559883028723501,2.6512948345104554,3.6554413252205094,hallmark,drvi_argmax,0.6973008574878752,False,hallmark
DR 42-,gs_ind_0,Hypoxia,6/73,0.005054284738792228,0.03201047001235078,4.6039381153305206,24.343409947989436,hallmark,drvi_argmax,0.0433224406182191,True,hallmark
DR 42-,gs_ind_0,Inflammatory Response,1/71,0.8069960016037878,0.8476613095209632,0.9015060961032751,0.19331587090544644,hallmark,drvi_argmax,1.0,False,hallmark
DR 42-,gs_ind_0,KRAS Signaling Dn,2/34,0.17690239447174966,0.5265751472345057,3.401414677276746,5.891784726732615,hallmark,drvi_argmax,0.5644356555129756,False,hallmark
DR 42-,gs_ind_0,KRAS Signaling Up,1/81,0.8476613095209632,0.8476613095209632,0.7853304487403169,0.12979480049054556,hallmark,drvi_argmax,1.0,False,hallmark
DR 42-,gs_ind_0,Myogenesis,2/51,0.3195034175359478,0.5559883028723501,2.2135144548937653,2.525591900676857,hallmark,drvi_argmax,0.7936842872019965,False,hallmark
DR 42-,gs_ind_0,TGF-beta Signaling,2/10,0.019864785087981125,0.09435772916791035,13.167680865449627,51.601596109604465,hallmark,drvi_argmax,0.12006725139172868,False,hallmark
DR 42-,gs_ind_0,TNF-alpha Signaling via NF-kB,4/102,0.19400137003376525,0.5265751472345057,2.044829062442664,3.3532948496333863,hallmark,drvi_argmax,0.5965542128538281,False,hallmark
DR 42-,gs_ind_0,UV Response Dn,5/30,0.0004307733519523716,0.004092346843547531,10.281045751633988,79.67736918960351,hallmark,drvi_argmax,0.006055442547444767,True,hallmark
DR 42-,gs_ind_0,UV Response Up,1/38,0.5822867471091867,0.8476613095209632,1.7244943820224719,0.9325932141360335,hallmark,drvi_argmax,1.0,False,hallmark
DR 42-,gs_ind_0,Unfolded Protein Response,1/17,0.3218879648208343,0.5559883028723501,3.96220633299285,4.491365840687876,hallmark,drvi_argmax,0.7974263781059944,False,hallmark
DR 42-,gs_ind_0,Xenobiotic Metabolism,1/43,0.6280866547301308,0.8476613095209632,1.5176470588235293,0.7058229487814277,hallmark,drvi_argmax,1.0,False,hallmark
DR 42-,gs_ind_0,mTORC1 Signaling,3/45,0.07836806477612861,0.29779864614928875,3.707820069204152,9.44136600051362,hallmark,drvi_argmax,0.3144950070950675,False,hallmark
DR 42-,gs_ind_0,p53 Pathway,2/45,0.2688187199665043,0.5559883028723501,2.5267538644470866,3.319442109160883,hallmark,drvi_argmax,0.7180174279235619,False,hallmark
DR 43-,gs_ind_0,G2-M Checkpoint,1/59,0.2133545559966614,0.2560254671959937,6.613675213675213,10.216804907989932,hallmark,drvi_argmax,0.6315911043944489,False,hallmark
DR 43-,gs_ind_0,Hypoxia,2/73,0.03190956818174814,0.19145740909048883,10.336202259279183,35.60665985309911,hallmark,drvi_argmax,0.16623146510566567,False,hallmark
DR 43-,gs_ind_0,Interferon Gamma Response,1/99,0.3342678735970355,0.3342678735970355,3.846700507614213,4.2152628488627615,hallmark,drvi_argmax,0.8106900062756482,False,hallmark
DR 43-,gs_ind_0,KRAS Signaling Dn,1/34,0.12838895065063782,0.23978697068798152,11.698507462686567,24.013420345128086,hallmark,drvi_argmax,0.4544677728576094,False,hallmark
DR 43-,gs_ind_0,UV Response Dn,1/30,0.11407487326845397,0.23978697068798152,13.31186440677966,28.898729943277466,hallmark,drvi_argmax,0.42072591940089477,False,hallmark
DR 43-,gs_ind_0,Xenobiotic Metabolism,1/43,0.15985798045865435,0.23978697068798152,9.178823529411765,16.82909280395518,hallmark,drvi_argmax,0.5228746400409557,False,hallmark
DR 44-,gs_ind_0,Allograft Rejection,1/90,0.9116178861827284,0.9116178861827284,0.6051418343548299,0.05599641305023592,hallmark,drvi_argmax,1.0,False,hallmark
DR 44-,gs_ind_0,Androgen Response,2/20,0.09354039156522694,0.2158624420736006,5.165908482740166,12.239906947733669,hallmark,drvi_argmax,0.359545880078841,False,hallmark
DR 44-,gs_ind_0,Angiogenesis,1/18,0.3788892071437664,0.5778658121135796,3.2147018030513177,3.119904895570442,hallmark,drvi_argmax,0.8654542449667264,False,hallmark
DR 44-,gs_ind_0,Apical Junction,1/37,0.6260852100031058,0.7513022520037269,1.5261337943875515,0.7146408389035156,hallmark,drvi_argmax,1.0,False,hallmark
DR 44-,gs_ind_0,Apoptosis,6/59,0.0036099296485047096,0.015471127065020183,4.9525675811476235,27.853571872530324,hallmark,drvi_argmax,0.03465338566185766,True,hallmark
DR 44-,gs_ind_0,Complement,2/67,0.5264458419172996,0.6866684894573473,1.423550752021767,0.9133598669189646,hallmark,drvi_argmax,1.0,False,hallmark
DR 44-,gs_ind_0,E2F Targets,1/63,0.8147966552312347,0.87299641631918,0.8791456310679612,0.18006370667236046,hallmark,drvi_argmax,1.0,False,hallmark
DR 44-,gs_ind_0,Epithelial Mesenchymal Transition,7/115,0.02683620345746398,0.07519490890773574,2.7961209297614826,10.116375108414603,hallmark,drvi_argmax,0.14768917339007023,False,hallmark
DR 44-,gs_ind_0,Estrogen Response Early,4/45,0.027571466599503103,0.07519490890773574,4.264687616445162,15.314381751195414,hallmark,drvi_argmax,0.15038981781547148,False,hallmark
DR 44-,gs_ind_0,Estrogen Response Late,2/62,0.48454009322891106,0.6792029674479498,1.5452908927256361,1.1196483962456734,hallmark,drvi_argmax,0.9904428572296707,False,hallmark
DR 44-,gs_ind_0,G2-M Checkpoint,1/59,0.7935284888179204,0.87299641631918,0.9412496888225044,0.21767889704381457,hallmark,drvi_argmax,1.0,False,hallmark
DR 44-,gs_ind_0,Glycolysis,6/43,0.0006719978918985841,0.004031987351391505,7.125304659498208,52.05217001625537,hallmark,drvi_argmax,0.009048448962782493,True,hallmark
DR 44-,gs_ind_0,Hypoxia,14/73,1.242751197967386e-09,3.7282535939021583e-08,11.960165884535632,245.25442257362948,hallmark,drvi_argmax,6.793706548888377e-08,True,hallmark
DR 44-,gs_ind_0,IL-2/STAT5 Signaling,4/73,0.11883737615185845,0.25465152032541094,2.5091596825632276,5.344508386169589,hallmark,drvi_argmax,0.4330962153089952,False,hallmark
DR 44-,gs_ind_0,IL-6/JAK/STAT3 Signaling,1/34,0.5947571098591957,0.7434463873239946,1.6654108100275322,0.8653510799990072,hallmark,drvi_argmax,1.0,False,hallmark
DR 44-,gs_ind_0,Inflammatory Response,3/71,0.2802357961556917,0.5099092130242696,1.9410897294108973,2.4693066389190816,hallmark,drvi_argmax,0.7374871724227626,False,hallmark
DR 44-,gs_ind_0,KRAS Signaling Up,1/81,0.886768334303461,0.9116178861827284,0.6760537900259301,0.0812424045854903,hallmark,drvi_argmax,1.0,False,hallmark
DR 44-,gs_ind_0,Mitotic Spindle,2/41,0.2889485540470861,0.5099092130242696,2.39315703722271,2.9711203053543005,hallmark,drvi_argmax,0.748922027172371,False,hallmark
DR 44-,gs_ind_0,Myc Targets V1,1/14,0.3092903978285587,0.5154839963809312,4.175836030204962,4.900237701539787,hallmark,drvi_argmax,0.7803519083654685,False,hallmark
DR 44-,gs_ind_0,Myogenesis,2/51,0.38524387474238636,0.5778658121135796,1.8996899689968998,1.8120738062821242,hallmark,drvi_argmax,0.8758779407266826,False,hallmark
DR 44-,gs_ind_0,PI3K/AKT/mTOR  Signaling,2/14,0.049426526830724314,0.12356631707681077,7.669306930693069,23.063661456975996,hallmark,drvi_argmax,0.2281224315264199,False,hallmark
DR 44-,gs_ind_0,TGF-beta Signaling,3/10,0.0017497176512016545,0.008748588256008272,18.303703703703704,116.19741771144311,hallmark,drvi_argmax,0.019215649205161025,True,hallmark
DR 44-,gs_ind_0,TNF-alpha Signaling via NF-kB,11/102,3.705123406803229e-05,0.0003705123406803229,5.625452630192902,57.39766833502503,hallmark,drvi_argmax,0.0007659330740114239,True,hallmark
DR 44-,gs_ind_0,UV Response Dn,4/30,0.006754979218927535,0.025331172070978257,6.731180704143163,33.63890987403149,hallmark,drvi_argmax,0.05430473489726058,False,hallmark
DR 44-,gs_ind_0,UV Response Up,2/38,0.2595991906684011,0.5099092130242696,2.593923775939238,3.4982081751048724,hallmark,drvi_argmax,0.706844342269704,False,hallmark
DR 44-,gs_ind_0,Unfolded Protein Response,3/17,0.008716347914328619,0.029054493047762066,9.43329850226402,44.737936468570815,hallmark,drvi_argmax,0.065248380385107,False,hallmark
DR 44-,gs_ind_0,Xenobiotic Metabolism,1/43,0.6817821808446964,0.7866717471284959,1.3065676756139348,0.5004742872685811,hallmark,drvi_argmax,1.0,False,hallmark
DR 44-,gs_ind_0,heme Metabolism,1/26,0.4980821761284965,0.6792029674479498,2.1970302684180467,1.5313085733625127,hallmark,drvi_argmax,1.0,False,hallmark
DR 44-,gs_ind_0,mTORC1 Signaling,7/45,0.00011300241784024084,0.0008475181338018063,8.179677465391752,74.33773775578975,hallmark,drvi_argmax,0.001917144468186155,True,hallmark
DR 44-,gs_ind_0,p53 Pathway,9/45,1.1570247015442585e-06,1.7355370523163877e-05,11.44307982994804,156.42299644261985,hallmark,drvi_argmax,3.557850957248594e-05,True,hallmark
DR 45+,gs_ind_0,Adipogenesis,3/31,0.6131935826452133,0.771437087843978,1.102154119475905,0.5390355822474652,hallmark,drvi_argmax,1.0,False,hallmark
DR 45+,gs_ind_0,Allograft Rejection,12/90,0.18168660293316316,0.3729356586522823,1.4550845596310125,2.481606029509524,hallmark,drvi_argmax,0.57301159386613,False,hallmark
DR 45+,gs_ind_0,Androgen Response,2/20,0.6095429026069803,0.771437087843978,1.2134930900673975,0.6007348307309907,hallmark,drvi_argmax,1.0,False,hallmark
DR 45+,gs_ind_0,Apical Junction,6/37,0.15789156362694387,0.362221822438283,1.8773003631615457,3.465208844945415,hallmark,drvi_argmax,0.517194735715422,False,hallmark
DR 45+,gs_ind_0,Apoptosis,12/59,0.011585170257887056,0.041074694550690474,2.447996649448555,10.913241095047976,hallmark,drvi_argmax,0.07885744924856851,False,hallmark
DR 45+,gs_ind_0,Bile Acid Metabolism,2/16,0.4859611905187856,0.7019439418604682,1.5517241379310345,1.1197652790566384,hallmark,drvi_argmax,0.9904428572296707,False,hallmark
DR 45+,gs_ind_0,Cholesterol Homeostasis,7/20,0.002246635809414446,0.015461557652848922,5.132070054550675,31.29701252450603,hallmark,drvi_argmax,0.023319510933162604,True,hallmark
DR 45+,gs_ind_0,Coagulation,12/52,0.004011479179753746,0.017383076445599565,2.8825686871663883,15.90772981557226,hallmark,drvi_argmax,0.03731595865364936,True,hallmark
DR 45+,gs_ind_0,Complement,15/67,0.0018313568863860435,0.015461557652848922,2.782877679373636,17.53963791494446,hallmark,drvi_argmax,0.019846422645417035,True,hallmark
DR 45+,gs_ind_0,DNA Repair,1/14,0.7723912010246936,0.8606644811418014,0.9955444165970482,0.2571134028989587,hallmark,drvi_argmax,1.0,False,hallmark
DR 45+,gs_ind_0,E2F Targets,4/63,0.8904068168628014,0.9452748491522482,0.6702803258708063,0.07780401080988399,hallmark,drvi_argmax,1.0,False,hallmark
DR 45+,gs_ind_0,Epithelial Mesenchymal Transition,15/115,0.16722038729787575,0.3623108391453974,1.4138337959796703,2.528560663802529,hallmark,drvi_argmax,0.5398453448199139,False,hallmark
DR 45+,gs_ind_0,Estrogen Response Early,13/45,0.00027443218930083994,0.003567618460910919,3.917907692307692,32.13000232506372,hallmark,drvi_argmax,0.004091534458667068,True,hallmark
DR 45+,gs_ind_0,Estrogen Response Late,8/62,0.2755930329413217,0.48855128566870665,1.4150125104253544,1.8237106017799394,hallmark,drvi_argmax,0.7282050064829767,False,hallmark
DR 45+,gs_ind_0,Fatty Acid Metabolism,1/23,0.912617451468424,0.9452748491522482,0.5943191311612365,0.054343642665845134,hallmark,drvi_argmax,1.0,False,hallmark
DR 45+,gs_ind_0,G2-M Checkpoint,3/59,0.9452748491522482,0.9452748491522482,0.5471715021843845,0.030794564882723488,hallmark,drvi_argmax,1.0,False,hallmark
DR 45+,gs_ind_0,Glycolysis,11/43,0.002455744353129197,0.015461557652848922,3.302252892226507,19.844312066440693,hallmark,drvi_argmax,0.024963351688833988,True,hallmark
DR 45+,gs_ind_0,Hypoxia,12/73,0.054449013940399124,0.17695929530629714,1.8756334778201893,5.459013492236279,hallmark,drvi_argmax,0.24442440564485737,False,hallmark
DR 45+,gs_ind_0,IL-2/STAT5 Signaling,14/73,0.011162241529343203,0.041074694550690474,2.2755987113344,10.229313399173027,hallmark,drvi_argmax,0.07691628616858343,False,hallmark
DR 45+,gs_ind_0,IL-6/JAK/STAT3 Signaling,3/34,0.6767322893717991,0.7997745238030353,0.9954992967651195,0.38872208850632617,hallmark,drvi_argmax,1.0,False,hallmark
DR 45+,gs_ind_0,Inflammatory Response,8/71,0.416839011542562,0.6502688580063967,1.2082012475713264,1.057242778500711,hallmark,drvi_argmax,0.9196627519235,False,hallmark
DR 45+,gs_ind_0,Interferon Alpha Response,23/44,9.265617537027874e-13,1.8067954197204356e-11,10.95794300687848,303.6149671414357,hallmark,drvi_argmax,6.70394680620252e-11,True,hallmark
DR 45+,gs_ind_0,Interferon Gamma Response,39/99,9.437075381903268e-16,3.680459398942275e-14,7.036281759332702,243.43223726956165,hallmark,drvi_argmax,8.291144799815013e-14,True,hallmark
DR 45+,gs_ind_0,KRAS Signaling Dn,5/34,0.24842637542854368,0.4613632686530097,1.6894100307772335,2.3526871967483896,hallmark,drvi_argmax,0.6923868653466496,False,hallmark
DR 45+,gs_ind_0,KRAS Signaling Up,5/81,0.9215854007473732,0.9452748491522482,0.6341875198502248,0.051787645293055795,hallmark,drvi_argmax,1.0,False,hallmark
DR 45+,gs_ind_0,Mitotic Spindle,4/41,0.5989787021658579,0.771437087843978,1.0769465648854961,0.5519666013504153,hallmark,drvi_argmax,1.0,False,hallmark
DR 45+,gs_ind_0,Myc Targets V1,1/14,0.7723912010246936,0.8606644811418014,0.9955444165970482,0.2571134028989587,hallmark,drvi_argmax,1.0,False,hallmark
DR 45+,gs_ind_0,Myogenesis,5/51,0.5892326651055279,0.771437087843978,1.0614910760938316,0.5614588866180056,hallmark,drvi_argmax,1.0,False,hallmark
DR 45+,gs_ind_0,PI3K/AKT/mTOR  Signaling,3/14,0.1577563477284104,0.362221822438283,2.757622454595487,5.092511146691434,hallmark,drvi_argmax,0.517194735715422,False,hallmark
DR 45+,gs_ind_0,Pperoxisome,2/13,0.378900090174457,0.6157126465334927,1.9598072500273793,1.9019590764979972,hallmark,drvi_argmax,0.8654542449667264,False,hallmark
DR 45+,gs_ind_0,TGF-beta Signaling,3/10,0.0697156550851069,0.2091469652553207,4.237805907172996,11.28667721611285,hallmark,drvi_argmax,0.2926629889238276,False,hallmark
DR 45+,gs_ind_0,TNF-alpha Signaling via NF-kB,11/102,0.4435287092145886,0.6652930638218829,1.1338004815663885,0.9217715669662143,hallmark,drvi_argmax,0.945477144426246,False,hallmark
DR 45+,gs_ind_0,UV Response Dn,4/30,0.35237818261783044,0.5975108313954516,1.5334869652887801,1.599504035637124,hallmark,drvi_argmax,0.8335665009926553,False,hallmark
DR 45+,gs_ind_0,UV Response Up,7/38,0.07799847037354152,0.21728145318343708,2.1773102005660143,5.554462161462862,hallmark,drvi_argmax,0.3135232632661963,False,hallmark
DR 45+,gs_ind_0,Unfolded Protein Response,3/17,0.23773168809192036,0.4613632686530097,2.183413356612833,3.136719143961871,hallmark,drvi_argmax,0.678579605336187,False,hallmark
DR 45+,gs_ind_0,Xenobiotic Metabolism,4/43,0.6376691280992819,0.7771592498709998,1.0212580925693304,0.4595005137278082,hallmark,drvi_argmax,1.0,False,hallmark
DR 45+,gs_ind_0,heme Metabolism,8/26,0.002775151373588268,0.015461557652848922,4.254475254475254,25.04630847976831,hallmark,drvi_argmax,0.027864785220518936,True,hallmark
DR 45+,gs_ind_0,mTORC1 Signaling,11/45,0.003620292729714398,0.017383076445599565,3.1072999120492524,17.466755483212417,hallmark,drvi_argmax,0.03465338566185766,True,hallmark
DR 45+,gs_ind_0,p53 Pathway,7/45,0.15615054734812597,0.362221822438283,1.774388402295379,3.2949233777343405,hallmark,drvi_argmax,0.517194735715422,False,hallmark
DR 46-,gs_ind_0,Adipogenesis,2/31,0.11586917428136355,0.47248399578215877,4.48920362201068,9.675551531468315,hallmark,drvi_argmax,0.4241639415657058,False,hallmark
DR 46-,gs_ind_0,Androgen Response,3/20,0.005773833073974878,0.12125049455347245,10.96056338028169,56.495337322917244,hallmark,drvi_argmax,0.04798523433100743,True,hallmark
DR 46-,gs_ind_0,Apoptosis,1/59,0.6829479407788318,0.7170953378177735,1.3022222222222222,0.4965850516045364,hallmark,drvi_argmax,1.0,False,hallmark
DR 46-,gs_ind_0,Bile Acid Metabolism,1/16,0.26515323769507726,0.5568217991596622,5.025806451612903,6.671493529525248,hallmark,drvi_argmax,0.7118619895968912,False,hallmark
DR 46-,gs_ind_0,Cholesterol Homeostasis,2/20,0.05387389555982512,0.2828379516890819,7.199185486856719,21.02960718002817,hallmark,drvi_argmax,0.24317391390306384,False,hallmark
DR 46-,gs_ind_0,Coagulation,1/52,0.6359902375526927,0.702936578347713,1.4846601941747573,0.6719157306726093,hallmark,drvi_argmax,1.0,False,hallmark
DR 46-,gs_ind_0,Complement,2/67,0.36605527135602217,0.5913200537289589,1.98420997594897,1.9940733693465174,hallmark,drvi_argmax,0.8559847600150329,False,hallmark
DR 46-,gs_ind_0,Estrogen Response Early,2/45,0.20987295021487473,0.5568217991596622,3.0223586836718628,4.718666351382508,hallmark,drvi_argmax,0.6245440986869562,False,hallmark
DR 46-,gs_ind_0,Estrogen Response Late,2/62,0.3309193734844786,0.5913200537289589,2.1538548624476395,2.381906130798776,hallmark,drvi_argmax,0.8100116007679775,False,hallmark
DR 46-,gs_ind_0,Fatty Acid Metabolism,1/23,0.3583251773068771,0.5913200537289589,3.449777777777778,3.5405565699488837,hallmark,drvi_argmax,0.8443294407805725,False,hallmark
DR 46-,gs_ind_0,Glycolysis,1/43,0.5655754569353061,0.6793345382940512,1.8075294117647058,1.0301319037550425,hallmark,drvi_argmax,1.0,False,hallmark
DR 46-,gs_ind_0,IL-2/STAT5 Signaling,1/73,0.7598361562735797,0.7598361562735797,1.0430344827586207,0.2864719790382219,hallmark,drvi_argmax,1.0,False,hallmark
DR 46-,gs_ind_0,IL-6/JAK/STAT3 Signaling,2/34,0.13499542736633108,0.47248399578215877,4.068493150684931,8.147216008574329,hallmark,drvi_argmax,0.46571213547810475,False,hallmark
DR 46-,gs_ind_0,KRAS Signaling Dn,3/34,0.025241883711274657,0.1766931859789226,6.045383411580595,22.242480617497616,hallmark,drvi_argmax,0.14241980259113682,False,hallmark
DR 46-,gs_ind_0,KRAS Signaling Up,2/81,0.4604342781805397,0.6446079894527555,1.6227276643404842,1.2585634819812554,hallmark,drvi_argmax,0.9656166447776026,False,hallmark
DR 46-,gs_ind_0,Myogenesis,4/51,0.014606066170925847,0.1533636947947214,5.259954233409611,22.230241072629177,hallmark,drvi_argmax,0.09480454559492767,False,hallmark
DR 46-,gs_ind_0,Pperoxisome,1/13,0.22130450131720175,0.5568217991596622,6.2416,9.413679061890052,hallmark,drvi_argmax,0.6500859840820952,False,hallmark
DR 46-,gs_ind_0,Spermatogenesis,1/16,0.26515323769507726,0.5568217991596622,5.025806451612903,6.671493529525248,hallmark,drvi_argmax,0.7118619895968912,False,hallmark
DR 46-,gs_ind_0,Xenobiotic Metabolism,1/43,0.5655754569353061,0.6793345382940512,1.8075294117647058,1.0301319037550425,hallmark,drvi_argmax,1.0,False,hallmark
DR 46-,gs_ind_0,heme Metabolism,1/26,0.3946375309954518,0.5919562964931777,3.0392156862745097,2.8258249932452713,hallmark,drvi_argmax,0.8898334796047768,False,hallmark
DR 46-,gs_ind_0,p53 Pathway,1/45,0.5822867471091867,0.6793345382940512,1.7244943820224719,0.9325932141360335,hallmark,drvi_argmax,1.0,False,hallmark
DR 47-,gs_ind_0,Adipogenesis,5/31,0.05057351765848091,0.13727097650159104,2.97430438293811,8.87629748930176,hallmark,drvi_argmax,0.23265314762739056,False,hallmark
DR 47-,gs_ind_0,Androgen Response,2/20,0.3882001803918859,0.5194081403681842,1.900626862604049,1.7984380315619872,hallmark,drvi_argmax,0.8809708890812171,False,hallmark
DR 47-,gs_ind_0,Angiogenesis,2/18,0.33887999532297586,0.4769422156397438,2.133310289203825,2.3084747551918468,hallmark,drvi_argmax,0.8149020415391208,False,hallmark
DR 47-,gs_ind_0,Apical Junction,4/37,0.22867349679423365,0.42927473909537106,1.9028986342419179,2.807650953999424,hallmark,drvi_argmax,0.6673034426023899,False,hallmark
DR 47-,gs_ind_0,Apoptosis,12/59,0.0003414667051343883,0.003243933698776689,3.9430366038553175,31.474344858474332,hallmark,drvi_argmax,0.005000048182324971,True,hallmark
DR 47-,gs_ind_0,Bile Acid Metabolism,2/16,0.28845073178215874,0.4567136586550847,2.430182247279402,3.0212778601108905,hallmark,drvi_argmax,0.7486914146809498,False,hallmark
DR 47-,gs_ind_0,Cholesterol Homeostasis,4/20,0.039348052243754435,0.12460216543855572,3.8992628992628995,12.615319585522666,hallmark,drvi_argmax,0.19634119375179698,False,hallmark
DR 47-,gs_ind_0,Coagulation,5/52,0.26144229658799656,0.4319481421888639,1.6404259676428425,2.2006998134197118,hallmark,drvi_argmax,0.7098764344442291,False,hallmark
DR 47-,gs_ind_0,Complement,5/67,0.46370497667880045,0.5747505194754702,1.2364513618677042,0.9502212239507813,hallmark,drvi_argmax,0.9699951042770826,False,hallmark
DR 47-,gs_ind_0,E2F Targets,4/63,0.6137257569867209,0.6721162915080205,1.0561954511534344,0.5156421187388219,hallmark,drvi_argmax,1.0,False,hallmark
DR 47-,gs_ind_0,Epithelial Mesenchymal Transition,16/115,0.003001239062996488,0.02280941687877331,2.4959050572008983,14.498038719153284,hallmark,drvi_argmax,0.029650795562133975,True,hallmark
DR 47-,gs_ind_0,Estrogen Response Early,7/45,0.0265263434692501,0.09163645925740944,2.8173605051075405,10.225939434003296,hallmark,drvi_argmax,0.146970281383683,False,hallmark
DR 47-,gs_ind_0,Estrogen Response Late,10/62,0.006569542055698628,0.035663228302363986,2.940080971659919,14.774821692442632,hallmark,drvi_argmax,0.05333687609577104,False,hallmark
DR 47-,gs_ind_0,Fatty Acid Metabolism,3/23,0.19348531266103142,0.38697062532206283,2.417063825810672,3.9701570648487996,hallmark,drvi_argmax,0.5957119764031756,False,hallmark
DR 47-,gs_ind_0,G2-M Checkpoint,4/59,0.560433076945474,0.6655142788727504,1.1348220807680267,0.6571135538568661,hallmark,drvi_argmax,1.0,False,hallmark
DR 47-,gs_ind_0,Glycolysis,8/43,0.006171852800131448,0.035663228302363986,3.496156220189664,17.78759046581769,hallmark,drvi_argmax,0.050609192961077874,False,hallmark
DR 47-,gs_ind_0,Hypoxia,15/73,5.231733702568096e-05,0.0006911648189709688,4.045908615528869,39.885306521431694,hallmark,drvi_argmax,0.0010379084603481868,True,hallmark
DR 47-,gs_ind_0,IL-2/STAT5 Signaling,9/73,0.049299716212112564,0.13727097650159104,2.1335886180380434,6.421753867837648,hallmark,drvi_argmax,0.2279648531612724,False,hallmark
DR 47-,gs_ind_0,IL-6/JAK/STAT3 Signaling,3/34,0.39639042291256166,0.5194081403681842,1.563644103873989,1.4469268857475244,hallmark,drvi_argmax,0.892150448641264,False,hallmark
DR 47-,gs_ind_0,Inflammatory Response,3/71,0.8637163753563107,0.8637163753563107,0.7045613446318203,0.1032258697367623,hallmark,drvi_argmax,1.0,False,hallmark
DR 47-,gs_ind_0,Interferon Alpha Response,4/44,0.33515149750860723,0.4769422156397438,1.567996567996568,1.7140909132735882,hallmark,drvi_argmax,0.8106900062756482,False,hallmark
DR 47-,gs_ind_0,Interferon Gamma Response,8/99,0.3353699488129804,0.4769422156397438,1.3149805150980776,1.4366438689681489,hallmark,drvi_argmax,0.8106900062756482,False,hallmark
DR 47-,gs_ind_0,KRAS Signaling Dn,6/34,0.022139804388084074,0.09163645925740944,3.2904712762297903,12.537939975788222,hallmark,drvi_argmax,0.1302964564466192,False,hallmark
DR 47-,gs_ind_0,KRAS Signaling Up,5/81,0.6367417498497037,0.6721162915080205,1.0023397166908268,0.4524472492037736,hallmark,drvi_argmax,1.0,False,hallmark
DR 47-,gs_ind_0,Mitotic Spindle,2/41,0.7697416943632387,0.7905455239406235,0.8800596813784474,0.23031186704020645,hallmark,drvi_argmax,1.0,False,hallmark
DR 47-,gs_ind_0,Myc Targets V1,1/14,0.6196475306021401,0.6721162915080205,1.5551362683438155,0.7442951564698792,hallmark,drvi_argmax,1.0,False,hallmark
DR 47-,gs_ind_0,Myogenesis,5/51,0.24852748052889903,0.42927473909537106,1.676624409020543,2.334199610583062,hallmark,drvi_argmax,0.6923868653466496,False,hallmark
DR 47-,gs_ind_0,PI3K/AKT/mTOR  Signaling,3/14,0.06096889112661327,0.15445452418742028,4.329668499083791,12.111777971564365,hallmark,drvi_argmax,0.263591339492915,False,hallmark
DR 47-,gs_ind_0,Pperoxisome,1/13,0.5923622671555833,0.6721162915080205,1.6804528301886792,0.8799470996613281,hallmark,drvi_argmax,1.0,False,hallmark
DR 47-,gs_ind_0,TGF-beta Signaling,3/10,0.024418574248279357,0.09163645925740944,6.653128991060026,24.699150558804497,hallmark,drvi_argmax,0.13905021446936858,False,hallmark
DR 47-,gs_ind_0,TNF-alpha Signaling via NF-kB,10/102,0.13517010761437673,0.3021449464321362,1.6319290950869898,3.26585116293049,hallmark,drvi_argmax,0.46571213547810475,False,hallmark
DR 47-,gs_ind_0,UV Response Dn,4/30,0.13411267374174288,0.3021449464321362,2.414730093975377,4.851373823777119,hallmark,drvi_argmax,0.465539260075435,False,hallmark
DR 47-,gs_ind_0,UV Response Up,3/38,0.4688754237826204,0.5747505194754702,1.3844368895364525,1.048597650856437,hallmark,drvi_argmax,0.9791456218210919,False,hallmark
DR 47-,gs_ind_0,Unfolded Protein Response,7/17,5.456564360297122e-05,0.0006911648189709688,10.488424618859401,102.95548899917462,hallmark,drvi_argmax,0.001065329232248486,True,hallmark
DR 47-,gs_ind_0,Xenobiotic Metabolism,5/43,0.15316735763631745,0.32335331056555905,2.0339077265147303,3.8160667234341923,hallmark,drvi_argmax,0.5137271083872988,False,hallmark
DR 47-,gs_ind_0,heme Metabolism,3/26,0.2472051000944752,0.42927473909537106,2.1050786663405887,2.9419251602650074,hallmark,drvi_argmax,0.6923868653466496,False,hallmark
DR 47-,gs_ind_0,mTORC1 Signaling,14/45,4.7526647746342133e-07,1.8060126143610013e-05,7.0742511788536895,102.99678317984073,hallmark,drvi_argmax,1.623827131333356e-05,True,hallmark
DR 47-,gs_ind_0,p53 Pathway,7/45,0.0265263434692501,0.09163645925740944,2.8173605051075405,10.225939434003296,hallmark,drvi_argmax,0.146970281383683,False,hallmark
DR 48-,gs_ind_0,Adipogenesis,4/31,0.19566043644507303,0.5568797037282848,2.051921274601687,3.3474522266811833,hallmark,drvi_argmax,0.5978904898892223,False,hallmark
DR 48-,gs_ind_0,Allograft Rejection,2/90,0.9931347339996023,0.9931347339996023,0.33773819783587095,0.002326658300520749,hallmark,drvi_argmax,1.0,False,hallmark
DR 48-,gs_ind_0,Androgen Response,3/20,0.1826966776868048,0.5568797037282848,2.5044368600682594,4.257362343391236,hallmark,drvi_argmax,0.5739180336886033,False,hallmark
DR 48-,gs_ind_0,Angiogenesis,2/18,0.39264937583747217,0.6918108050469748,1.8854648176682074,1.7626046094268701,hallmark,drvi_argmax,0.8861628115231023,False,hallmark
DR 48-,gs_ind_0,Apical Junction,2/37,0.7760012831464547,0.9931347339996023,0.8672714251611363,0.21994099198218123,hallmark,drvi_argmax,1.0,False,hallmark
DR 48-,gs_ind_0,Apoptosis,8/59,0.06745247890288648,0.24957417194068,2.1001406566262992,5.662676342070115,hallmark,drvi_argmax,0.28586556802814095,False,hallmark
DR 48-,gs_ind_0,Bile Acid Metabolism,2/16,0.3372440484024538,0.6717346825212795,2.147866744593805,2.334620389075596,hallmark,drvi_argmax,0.8133532932059181,False,hallmark
DR 48-,gs_ind_0,Cholesterol Homeostasis,4/20,0.056115948520717863,0.2306988994740623,3.4404873477038427,9.909756879830894,hallmark,drvi_argmax,0.24917912159019126,False,hallmark
DR 48-,gs_ind_0,Coagulation,5/52,0.34494483697038675,0.6717346825212795,1.4459661263886359,1.5390440758309392,hallmark,drvi_argmax,0.8222522276619685,False,hallmark
DR 48-,gs_ind_0,Complement,6/67,0.3821261254686554,0.6918108050469748,1.3187445114869267,1.2686382249353894,hallmark,drvi_argmax,0.8695932179952749,False,hallmark
DR 48-,gs_ind_0,E2F Targets,1/63,0.9929722156494467,0.9931347339996023,0.2892121212121212,0.0020396961163062664,hallmark,drvi_argmax,1.0,False,hallmark
DR 48-,gs_ind_0,Epithelial Mesenchymal Transition,5/115,0.9412030066787282,0.9931347339996023,0.5998684807966306,0.03634988697676042,hallmark,drvi_argmax,1.0,False,hallmark
DR 48-,gs_ind_0,Estrogen Response Early,10/45,0.001279839202903209,0.019125349498701785,3.8514311676510675,25.65446323948103,hallmark,drvi_argmax,0.015467612652850864,True,hallmark
DR 48-,gs_ind_0,Estrogen Response Late,12/62,0.001550704013408253,0.019125349498701785,3.243024302430243,20.9792741989572,hallmark,drvi_argmax,0.017660795708260662,True,hallmark
DR 48-,gs_ind_0,Fatty Acid Metabolism,1/23,0.8331982677126107,0.9931347339996023,0.8213243546576879,0.14987826498357537,hallmark,drvi_argmax,1.0,False,hallmark
DR 48-,gs_ind_0,G2-M Checkpoint,2/59,0.9428850432067983,0.9931347339996023,0.528960943257185,0.031108673994093426,hallmark,drvi_argmax,1.0,False,hallmark
DR 48-,gs_ind_0,Glycolysis,7/43,0.036619970041222,0.189261242950866,2.617880317231435,8.657753148160449,hallmark,drvi_argmax,0.18497972546489963,False,hallmark
DR 48-,gs_ind_0,Hypoxia,11/73,0.017021500234998967,0.15744887717374043,2.3773862815884477,9.683755272303095,hallmark,drvi_argmax,0.10555528315865137,False,hallmark
DR 48-,gs_ind_0,IL-2/STAT5 Signaling,2/73,0.9775883299273225,0.9931347339996023,0.4220694559677611,0.009566891394213482,hallmark,drvi_argmax,1.0,False,hallmark
DR 48-,gs_ind_0,IL-6/JAK/STAT3 Signaling,2/34,0.7338516164584484,0.9931347339996023,0.9488917861799218,0.2936330717821041,hallmark,drvi_argmax,1.0,False,hallmark
DR 48-,gs_ind_0,Inflammatory Response,4/71,0.7892957612962537,0.9931347339996023,0.8176403207331042,0.19346528788340578,hallmark,drvi_argmax,1.0,False,hallmark
DR 48-,gs_ind_0,Interferon Alpha Response,7/44,0.04092134982721427,0.189261242950866,2.546666666666667,8.13940986839231,hallmark,drvi_argmax,0.20093117879230962,False,hallmark
DR 48-,gs_ind_0,Interferon Gamma Response,9/99,0.31503414428905224,0.6717346825212795,1.3160771514519967,1.520166830580118,hallmark,drvi_argmax,0.7899938786453298,False,hallmark
DR 48-,gs_ind_0,KRAS Signaling Dn,2/34,0.7338516164584484,0.9931347339996023,0.9488917861799218,0.2936330717821041,hallmark,drvi_argmax,1.0,False,hallmark
DR 48-,gs_ind_0,KRAS Signaling Up,4/81,0.8672957581404289,0.9931347339996023,0.7081476554705687,0.10082268686742296,hallmark,drvi_argmax,1.0,False,hallmark
DR 48-,gs_ind_0,Mitotic Spindle,1/41,0.9595521481032993,0.9931347339996023,0.45180197032048885,0.01865427795371544,hallmark,drvi_argmax,1.0,False,hallmark
DR 48-,gs_ind_0,Myogenesis,8/51,0.032020076391173984,0.189261242950866,2.497420900856992,8.594604772571426,hallmark,drvi_argmax,0.16623146510566567,False,hallmark
DR 48-,gs_ind_0,Pperoxisome,2/13,0.25187459844395965,0.6212906761617671,2.7126013264554163,3.7401996500833783,hallmark,drvi_argmax,0.6973008574878752,False,hallmark
DR 48-,gs_ind_0,Spermatogenesis,2/16,0.3372440484024538,0.6717346825212795,2.147866744593805,2.334620389075596,hallmark,drvi_argmax,0.8133532932059181,False,hallmark
DR 48-,gs_ind_0,TGF-beta Signaling,1/10,0.5397698742537517,0.843759539432442,1.95906432748538,1.2079833352628702,hallmark,drvi_argmax,1.0,False,hallmark
DR 48-,gs_ind_0,TNF-alpha Signaling via NF-kB,13/102,0.03587146504394226,0.189261242950866,1.9476333722143777,6.481359937925065,hallmark,drvi_argmax,0.1819459876455628,False,hallmark
DR 48-,gs_ind_0,UV Response Dn,1/30,0.9037035372233514,0.9931347339996023,0.6240369799691834,0.06318618915212172,hallmark,drvi_argmax,1.0,False,hallmark
DR 48-,gs_ind_0,UV Response Up,3/38,0.5473034850372597,0.843759539432442,1.2224679132817382,0.7368447512624248,hallmark,drvi_argmax,1.0,False,hallmark
DR 48-,gs_ind_0,Xenobiotic Metabolism,5/43,0.21257172026723364,0.5617966892776889,1.7928818586258033,2.7762342428101965,hallmark,drvi_argmax,0.630031845611319,False,hallmark
DR 48-,gs_ind_0,heme Metabolism,4/26,0.12299557422918646,0.41371238604362714,2.5147766323024054,5.269983278036357,hallmark,drvi_argmax,0.4391423985541345,False,hallmark
DR 48-,gs_ind_0,mTORC1 Signaling,4/45,0.4349070003880996,0.7314345006527129,1.349273382188548,1.1234361362502931,hallmark,drvi_argmax,0.9374976021957493,False,hallmark
DR 48-,gs_ind_0,p53 Pathway,10/45,0.001279839202903209,0.019125349498701785,3.8514311676510675,25.65446323948103,hallmark,drvi_argmax,0.015467612652850864,True,hallmark
DR 49-,gs_ind_0,Adipogenesis,6/31,0.08182165415018892,0.2096503523696921,2.3268813952316143,5.82468057181312,hallmark,drvi_argmax,0.3240761081578595,False,hallmark
DR 49-,gs_ind_0,Allograft Rejection,2/90,0.9993025728393508,0.9999776774146201,0.2437063285374774,0.00017002671026125027,hallmark,drvi_argmax,1.0,False,hallmark
DR 49-,gs_ind_0,Androgen Response,6/20,0.010842424362194715,0.0481885527208654,4.1174541264072335,18.628551005288145,hallmark,drvi_argmax,0.07686560210662535,False,hallmark
DR 49-,gs_ind_0,Angiogenesis,2/18,0.550713039166217,0.710597469891893,1.362109762613541,0.8125548723082947,hallmark,drvi_argmax,1.0,False,hallmark
DR 49-,gs_ind_0,Apical Junction,2/37,0.898543224302013,0.99838136033557,0.6263525738815766,0.06700749069437252,hallmark,drvi_argmax,1.0,False,hallmark
DR 49-,gs_ind_0,Apoptosis,6/59,0.5479714462486693,0.710597469891893,1.0915839800110516,0.6566228024877199,hallmark,drvi_argmax,1.0,False,hallmark
DR 49-,gs_ind_0,Bile Acid Metabolism,3/16,0.21021240394829258,0.36558678947529144,2.3464603844350678,3.659625993605602,hallmark,drvi_argmax,0.6245440986869562,False,hallmark
DR 49-,gs_ind_0,Cholesterol Homeostasis,4/20,0.13195795094700494,0.2805915037295858,2.4767522553782095,5.0160968961120185,hallmark,drvi_argmax,0.4617589748643416,False,hallmark
DR 49-,gs_ind_0,Coagulation,5/52,0.6071235755155362,0.7142630300182778,1.0385516220218065,0.5182610677670008,hallmark,drvi_argmax,1.0,False,hallmark
DR 49-,gs_ind_0,Complement,7/67,0.5120846426557487,0.7063236450424121,1.1150618233070664,0.7462722413570145,hallmark,drvi_argmax,1.0,False,hallmark
DR 49-,gs_ind_0,DNA Repair,4/14,0.04353789159641081,0.13396274337357172,3.9051254089422027,12.239145895960975,hallmark,drvi_argmax,0.20596771793686652,False,hallmark
DR 49-,gs_ind_0,E2F Targets,21/63,2.2818349266082303e-07,9.127339706432922e-06,4.955956087170244,75.79201003994163,hallmark,drvi_argmax,9.514091388908892e-06,True,hallmark
DR 49-,gs_ind_0,Epithelial Mesenchymal Transition,12/115,0.484756922318296,0.6925098890261372,1.0875972270275118,0.7875375317871024,hallmark,drvi_argmax,0.9904428572296707,False,hallmark
DR 49-,gs_ind_0,Estrogen Response Early,5/45,0.47377391204566033,0.6925098890261372,1.2229168640080832,0.9135495313399419,hallmark,drvi_argmax,0.9802218869910213,False,hallmark
DR 49-,gs_ind_0,Estrogen Response Late,10/62,0.08386014094787685,0.2096503523696921,1.8356955380577429,4.549963875664678,hallmark,drvi_argmax,0.33007351477084323,False,hallmark
DR 49-,gs_ind_0,Fatty Acid Metabolism,4/23,0.1917640871699054,0.3486619766725552,2.092190252495596,3.455229972678841,hallmark,drvi_argmax,0.5920391165073694,False,hallmark
DR 49-,gs_ind_0,G2-M Checkpoint,13/59,0.0042671553818756855,0.034137243055005484,2.7166451612903226,14.824210670745018,hallmark,drvi_argmax,0.038878526812645135,True,hallmark
DR 49-,gs_ind_0,Glycolysis,9/43,0.023032515436091378,0.08375460158578682,2.5400915730124494,9.578300108799386,hallmark,drvi_argmax,0.1330046666027812,False,hallmark
DR 49-,gs_ind_0,Hypoxia,17/73,0.0005600816148234473,0.007467754864312631,2.9445877842347663,22.047389153988004,hallmark,drvi_argmax,0.007697211019361342,True,hallmark
DR 49-,gs_ind_0,IL-2/STAT5 Signaling,10/73,0.18730228483833192,0.3486619766725552,1.5081530163060326,2.5262037650794555,hallmark,drvi_argmax,0.5839843101423277,False,hallmark
DR 49-,gs_ind_0,IL-6/JAK/STAT3 Signaling,1/34,0.9730506609392247,0.9999776774146201,0.396700706991359,0.01083751874486364,hallmark,drvi_argmax,1.0,False,hallmark
DR 49-,gs_ind_0,Interferon Alpha Response,2/44,0.944759307828476,0.9999776774146201,0.5211142391465402,0.029612360746995144,hallmark,drvi_argmax,1.0,False,hallmark
DR 49-,gs_ind_0,Interferon Gamma Response,1/99,0.9999776774146201,0.9999776774146201,0.12995687187511926,2.9010057472357124e-06,hallmark,drvi_argmax,1.0,False,hallmark
DR 49-,gs_ind_0,KRAS Signaling Dn,6/34,0.1167145570867146,0.2746224872628579,2.078428719613945,4.464514788813273,hallmark,drvi_argmax,0.4259908166666438,False,hallmark
DR 49-,gs_ind_0,KRAS Signaling Up,8/81,0.5719644586467685,0.7142214122491247,1.037812527608446,0.5798034681264324,hallmark,drvi_argmax,1.0,False,hallmark
DR 49-,gs_ind_0,Mitotic Spindle,5/41,0.3915652655302362,0.6265044248483779,1.3600182181270364,1.2751572580814898,hallmark,drvi_argmax,0.8853405819893209,False,hallmark
DR 49-,gs_ind_0,Myc Targets V1,5/14,0.008969261088304252,0.0481885527208654,5.305290079418495,25.008882685969482,hallmark,drvi_argmax,0.06686176447644987,False,hallmark
DR 49-,gs_ind_0,Myogenesis,5/51,0.5892326651055279,0.7142214122491247,1.0614910760938316,0.5614588866180056,hallmark,drvi_argmax,1.0,False,hallmark
DR 49-,gs_ind_0,PI3K/AKT/mTOR  Signaling,2/14,0.4157573805821314,0.6396267393571252,1.8020151133501259,1.5815447066059733,hallmark,drvi_argmax,0.9180997811777768,False,hallmark
DR 49-,gs_ind_0,Pperoxisome,3/13,0.13328096427155325,0.2805915037295858,3.021940928270042,6.0901050590088035,hallmark,drvi_argmax,0.46374988982746956,False,hallmark
DR 49-,gs_ind_0,Spermatogenesis,4/16,0.06763160999690164,0.193233171419719,3.276641221374046,8.82622227550237,hallmark,drvi_argmax,0.28586556802814095,False,hallmark
DR 49-,gs_ind_0,TGF-beta Signaling,1/10,0.6521950846781617,0.7453658110607562,1.4178868223189554,0.6060212075438708,hallmark,drvi_argmax,1.0,False,hallmark
DR 49-,gs_ind_0,TNF-alpha Signaling via NF-kB,16/102,0.042262315095126325,0.13396274337357172,1.7725926970252361,5.608234219492592,hallmark,drvi_argmax,0.20379904729917314,False,hallmark
DR 49-,gs_ind_0,UV Response Dn,4/30,0.35237818261783044,0.5872969710297175,1.5334869652887801,1.599504035637124,hallmark,drvi_argmax,0.8335665009926553,False,hallmark
DR 49-,gs_ind_0,UV Response Up,9/38,0.01033884493128333,0.0481885527208654,2.979023764216489,13.619641231486963,hallmark,drvi_argmax,0.07458521563330496,False,hallmark
DR 49-,gs_ind_0,Unfolded Protein Response,5/17,0.021619839166570006,0.08375460158578682,4.0252685421994885,15.433458850696477,hallmark,drvi_argmax,0.1290893309460248,False,hallmark
DR 49-,gs_ind_0,Xenobiotic Metabolism,10/43,0.007985687715683257,0.0481885527208654,2.908097308731931,14.04641353405642,hallmark,drvi_argmax,0.06158241937486149,False,hallmark
DR 49-,gs_ind_0,heme Metabolism,8/26,0.002775151373588268,0.02775151373588268,4.254475254475254,25.04630847976831,hallmark,drvi_argmax,0.027864785220518936,True,hallmark
DR 49-,gs_ind_0,mTORC1 Signaling,14/45,6.438646399233802e-05,0.0012877292798467602,4.3674624452104345,42.14866422860711,hallmark,drvi_argmax,0.0012278348947376088,True,hallmark
DR 49-,gs_ind_0,p53 Pathway,7/45,0.15615054734812597,0.31230109469625195,1.774388402295379,3.2949233777343405,hallmark,drvi_argmax,0.517194735715422,False,hallmark
DR 50+,gs_ind_0,Adipogenesis,6/31,0.013787935452443044,0.0566837346378214,3.714717507556382,15.913706086520595,hallmark,drvi_argmax,0.09044885656802637,False,hallmark
DR 50+,gs_ind_0,Androgen Response,1/20,0.7464857890355021,0.8909669094939864,1.0818952910207662,0.31632313761595604,hallmark,drvi_argmax,1.0,False,hallmark
DR 50+,gs_ind_0,Angiogenesis,2/18,0.33548066113358127,0.5382441614325452,2.150818530128875,2.3491045684530456,hallmark,drvi_argmax,0.8106900062756482,False,hallmark
DR 50+,gs_ind_0,Apoptosis,5/59,0.34913134795624556,0.5382441614325452,1.4361935599928044,1.511316640527346,hallmark,drvi_argmax,0.8298194357220909,False,hallmark
DR 50+,gs_ind_0,Bile Acid Metabolism,1/16,0.6660366751178577,0.8377020162338893,1.3640377775052128,0.5543593327554402,hallmark,drvi_argmax,1.0,False,hallmark
DR 50+,gs_ind_0,Cholesterol Homeostasis,3/20,0.14102212681041412,0.3258723319893267,2.8594594594594596,5.60121920169455,hallmark,drvi_argmax,0.4818255999355816,False,hallmark
DR 50+,gs_ind_0,Coagulation,3/52,0.6792178510004508,0.8377020162338893,0.9934479934479934,0.38427895825683756,hallmark,drvi_argmax,1.0,False,hallmark
DR 50+,gs_ind_0,Complement,3/67,0.8317778817478079,0.9520790921158836,0.7561282212445003,0.13927113825048423,hallmark,drvi_argmax,1.0,False,hallmark
DR 50+,gs_ind_0,DNA Repair,3/14,0.05984370986800997,0.18451810542636407,4.36545240893067,12.293196712277974,hallmark,drvi_argmax,0.260098102959902,False,hallmark
DR 50+,gs_ind_0,E2F Targets,2/63,0.9292426463886074,0.9520790921158836,0.5630314923838894,0.04131828189374158,hallmark,drvi_argmax,1.0,False,hallmark
DR 50+,gs_ind_0,Epithelial Mesenchymal Transition,11/115,0.13174624609431312,0.3258723319893267,1.5981845747927619,3.2393244907159113,hallmark,drvi_argmax,0.4617589748643416,False,hallmark
DR 50+,gs_ind_0,Estrogen Response Early,9/45,0.0020860328210998043,0.010813066320444438,3.861959957850369,23.837913810321595,hallmark,drvi_argmax,0.02207180390299204,True,hallmark
DR 50+,gs_ind_0,Estrogen Response Late,5/62,0.38974913800416117,0.5768287242461585,1.3590110826939472,1.2805308871934673,hallmark,drvi_argmax,0.883670856673029,False,hallmark
DR 50+,gs_ind_0,Fatty Acid Metabolism,3/23,0.1905124477491406,0.39160892037323347,2.4370468029004613,4.040715583188636,hallmark,drvi_argmax,0.5920391165073694,False,hallmark
DR 50+,gs_ind_0,G2-M Checkpoint,2/59,0.9112494361604723,0.9520790921158836,0.6035315675495585,0.056091387642803574,hallmark,drvi_argmax,1.0,False,hallmark
DR 50+,gs_ind_0,Glycolysis,5/43,0.14972512550860956,0.3258723319893267,2.0509803921568626,3.8947177530379546,hallmark,drvi_argmax,0.5045531626728487,False,hallmark
DR 50+,gs_ind_0,Hypoxia,12/73,0.0023379602855015,0.010813066320444438,3.048780487804878,18.470964642081825,hallmark,drvi_argmax,0.02416547185854492,True,hallmark
DR 50+,gs_ind_0,IL-2/STAT5 Signaling,9/73,0.04733444047909371,0.15921584524786064,2.152057245080501,6.564887469164108,hallmark,drvi_argmax,0.2206717398467449,False,hallmark
DR 50+,gs_ind_0,IL-6/JAK/STAT3 Signaling,1/34,0.9038200116925048,0.9520790921158836,0.6249929061914761,0.06320243296549932,hallmark,drvi_argmax,1.0,False,hallmark
DR 50+,gs_ind_0,Inflammatory Response,5/71,0.5092947531175773,0.6979224394574208,1.1692466460268318,0.7889238570475862,hallmark,drvi_argmax,1.0,False,hallmark
DR 50+,gs_ind_0,Interferon Alpha Response,1/44,0.9520790921158836,0.9520790921158836,0.47869411301953585,0.023507312079337834,hallmark,drvi_argmax,1.0,False,hallmark
DR 50+,gs_ind_0,Interferon Gamma Response,4/99,0.9042282657229658,0.9520790921158836,0.6503351192780166,0.06547147629875621,hallmark,drvi_argmax,1.0,False,hallmark
DR 50+,gs_ind_0,KRAS Signaling Up,6/81,0.44756752786121323,0.6369230204178803,1.220610946784284,0.9812831370678857,hallmark,drvi_argmax,0.9500407136219832,False,hallmark
DR 50+,gs_ind_0,Myc Targets V1,2/14,0.23499692579059606,0.42927540614738896,2.8452107279693486,4.120385371394409,hallmark,drvi_argmax,0.6769387245298529,False,hallmark
DR 50+,gs_ind_0,Myogenesis,5/51,0.2436427980836532,0.42927540614738896,1.6907020872865275,2.387359379704618,hallmark,drvi_argmax,0.6873409211992968,False,hallmark
DR 50+,gs_ind_0,PI3K/AKT/mTOR  Signaling,2/14,0.23499692579059606,0.42927540614738896,2.8452107279693486,4.120385371394409,hallmark,drvi_argmax,0.6769387245298529,False,hallmark
DR 50+,gs_ind_0,Pperoxisome,1/13,0.5895055067636817,0.778989419652008,1.6941444866920152,0.8953065997302668,hallmark,drvi_argmax,1.0,False,hallmark
DR 50+,gs_ind_0,Spermatogenesis,2/16,0.285394180702809,0.4799811220910878,2.4501255119566654,3.0721730895149815,hallmark,drvi_argmax,0.7448974000746187,False,hallmark
DR 50+,gs_ind_0,TGF-beta Signaling,2/10,0.13744434277730813,0.3258723319893267,4.193148523777327,8.321455136464749,hallmark,drvi_argmax,0.4722249765812542,False,hallmark
DR 50+,gs_ind_0,TNF-alpha Signaling via NF-kB,18/102,6.996175189274642e-05,0.0006471462050079043,3.4121340533836335,32.64580365349072,hallmark,drvi_argmax,0.0013238916127396628,True,hallmark
DR 50+,gs_ind_0,UV Response Dn,5/30,0.043496038647825516,0.15921584524786064,3.1185697808535178,9.77698262189642,hallmark,drvi_argmax,0.20596771793686652,False,hallmark
DR 50+,gs_ind_0,UV Response Up,9/38,0.0005708098540244567,0.004223992919780979,4.796610169491525,35.82326436848731,hallmark,drvi_argmax,0.007801068005000908,True,hallmark
DR 50+,gs_ind_0,Unfolded Protein Response,11/17,6.081871139353457e-10,2.2502923215607788e-08,27.120924343146566,575.5206199421197,hallmark,drvi_argmax,3.400318864274887e-08,True,hallmark
DR 50+,gs_ind_0,Xenobiotic Metabolism,9/43,0.001486801598941088,0.009168609860136708,4.090301003344481,26.632473571757362,hallmark,drvi_argmax,0.017252509119788095,True,hallmark
DR 50+,gs_ind_0,heme Metabolism,4/26,0.08752364924067005,0.2491057709157532,2.873929961089494,7.00045150440195,hallmark,drvi_argmax,0.34284741581536354,False,hallmark
DR 50+,gs_ind_0,mTORC1 Signaling,14/45,4.3183672625226633e-07,7.988979435666926e-06,7.137834036568214,104.60651577118462,hallmark,drvi_argmax,1.5175976379722503e-05,True,hallmark
DR 50+,gs_ind_0,p53 Pathway,12/45,1.8247460952918237e-05,0.0002250520184193249,5.683718337771722,62.017805189962594,hallmark,drvi_argmax,0.0004234788107941402,True,hallmark
DR 51+,gs_ind_0,Adipogenesis,1/31,0.6714162297119244,0.8112946109019087,1.344851987262649,0.5357433360599794,hallmark,drvi_argmax,1.0,False,hallmark
DR 51+,gs_ind_0,Allograft Rejection,9/90,0.003403590731643115,0.024676032804412586,3.505461619033368,19.921273042398973,hallmark,drvi_argmax,0.03296391023559867,True,hallmark
DR 51+,gs_ind_0,Androgen Response,1/20,0.5113027599588026,0.8019987738191892,2.115661317100166,1.4191716036881015,hallmark,drvi_argmax,1.0,False,hallmark
DR 51+,gs_ind_0,Apical Junction,1/37,0.7356377664843047,0.8205190472324937,1.1202325810584408,0.3439309465328666,hallmark,drvi_argmax,1.0,False,hallmark
DR 51+,gs_ind_0,Apoptosis,6/59,0.015402590115562059,0.08933502267025993,3.5365500253568065,14.758799862333236,hallmark,drvi_argmax,0.09918945467089703,False,hallmark
DR 51+,gs_ind_0,Cholesterol Homeostasis,2/20,0.1532828038846656,0.44452013126553025,3.772933517459065,7.076026160758233,hallmark,drvi_argmax,0.5137271083872988,False,hallmark
DR 51+,gs_ind_0,Coagulation,3/52,0.2730477724471284,0.6091065693051326,1.970894126449682,2.558434434813112,hallmark,drvi_argmax,0.7261594813188496,False,hallmark
DR 51+,gs_ind_0,Complement,8/67,0.0018741580328591387,0.018116860984305008,4.277714285714286,26.862316531933484,hallmark,drvi_argmax,0.020221178775585442,True,hallmark
DR 51+,gs_ind_0,Epithelial Mesenchymal Transition,4/115,0.5807577327656197,0.8019987738191892,1.1042516605414883,0.6000741956532611,hallmark,drvi_argmax,1.0,False,hallmark
DR 51+,gs_ind_0,Estrogen Response Early,2/45,0.4723374235025031,0.8019987738191892,1.5836060072153704,1.1878021640183871,hallmark,drvi_argmax,0.9802218869910213,False,hallmark
DR 51+,gs_ind_0,Estrogen Response Late,2/62,0.6477148779350801,0.8112946109019087,1.1283706340109791,0.49005665011151317,hallmark,drvi_argmax,1.0,False,hallmark
DR 51+,gs_ind_0,Fatty Acid Metabolism,1/23,0.5613478315571702,0.8019987738191892,1.830695443645084,1.0570701766108574,hallmark,drvi_argmax,1.0,False,hallmark
DR 51+,gs_ind_0,G2-M Checkpoint,2/59,0.6203770415551515,0.8112946109019087,1.1891463027610283,0.5677315677040149,hallmark,drvi_argmax,1.0,False,hallmark
DR 51+,gs_ind_0,Glycolysis,2/43,0.4485893637047291,0.8019987738191892,1.6616832292674346,1.3320839857848632,hallmark,drvi_argmax,0.9500407136219832,False,hallmark
DR 51+,gs_ind_0,Hypoxia,1/73,0.929323918347145,0.929323918347145,0.5532622178119573,0.0405529735006203,hallmark,drvi_argmax,1.0,False,hallmark
DR 51+,gs_ind_0,IL-2/STAT5 Signaling,2/73,0.7349456744041478,0.8205190472324937,0.9491603287223725,0.2923021760616673,hallmark,drvi_argmax,1.0,False,hallmark
DR 51+,gs_ind_0,IL-6/JAK/STAT3 Signaling,3/34,0.11362168660402208,0.3661143235018489,3.1267489711934155,6.800306578116603,hallmark,drvi_argmax,0.4196837072761176,False,hallmark
DR 51+,gs_ind_0,Inflammatory Response,4/71,0.23503471362822542,0.5680005579348781,1.8681704260651628,2.705151985382308,hallmark,drvi_argmax,0.6769387245298529,False,hallmark
DR 51+,gs_ind_0,Interferon Alpha Response,8/44,9.721043644768568e-05,0.0014095513284914424,7.0589589041095895,65.21512701637992,hallmark,drvi_argmax,0.0016949305508535957,True,hallmark
DR 51+,gs_ind_0,Interferon Gamma Response,17/99,1.5003098159592826e-08,4.3508984662819196e-07,7.329085244973095,132.03353747959983,hallmark,drvi_argmax,7.236788524038892e-07,True,hallmark
DR 51+,gs_ind_0,KRAS Signaling Up,7/81,0.02095240151801567,0.09781191402205194,2.943243671722243,11.37711432381755,hallmark,drvi_argmax,0.12633065621156506,False,hallmark
DR 51+,gs_ind_0,Mitotic Spindle,1/41,0.7714024751114621,0.8285433991937926,1.0074606981081802,0.26148141169064293,hallmark,drvi_argmax,1.0,False,hallmark
DR 51+,gs_ind_0,Myogenesis,2/51,0.5398340370149535,0.8019987738191892,1.3872299638722996,0.8552182911391678,hallmark,drvi_argmax,1.0,False,hallmark
DR 51+,gs_ind_0,TNF-alpha Signaling via NF-kB,8/102,0.02360977235015047,0.09781191402205194,2.643005291005291,9.900947769183936,hallmark,drvi_argmax,0.1357010279938555,False,hallmark
DR 51+,gs_ind_0,UV Response Up,4/38,0.041436185180927336,0.15020617128086158,3.719843085975809,11.842495207569185,hallmark,drvi_argmax,0.2026501303083126,False,hallmark
DR 51+,gs_ind_0,Xenobiotic Metabolism,2/43,0.4485893637047291,0.8019987738191892,1.6616832292674346,1.3320839857848632,hallmark,drvi_argmax,0.9500407136219832,False,hallmark
DR 51+,gs_ind_0,heme Metabolism,2/26,0.2302327366087811,0.5680005579348781,2.8400119171756293,4.171024919143958,hallmark,drvi_argmax,0.6686806753926818,False,hallmark
DR 51+,gs_ind_0,mTORC1 Signaling,1/45,0.8023884790956556,0.8310452104919289,0.9149624120927977,0.20144032100790288,hallmark,drvi_argmax,1.0,False,hallmark
DR 51+,gs_ind_0,p53 Pathway,2/45,0.4723374235025031,0.8019987738191892,1.5836060072153704,1.1878021640183871,hallmark,drvi_argmax,0.9802218869910213,False,hallmark
DR 53-,gs_ind_0,Adipogenesis,6/31,0.02468272666193154,0.07816196776278321,3.220232037451659,11.920177091251952,hallmark,drvi_argmax,0.1402298096728674,False,hallmark
DR 53-,gs_ind_0,Allograft Rejection,2/90,0.9934264947724474,0.9950836115802826,0.33527364035838614,0.0022111986792114507,hallmark,drvi_argmax,1.0,False,hallmark
DR 53-,gs_ind_0,Androgen Response,8/20,4.8314812993188665e-05,0.00045899072343529235,8.773192982456141,87.1859947045132,hallmark,drvi_argmax,0.0009742167210101977,True,hallmark
DR 53-,gs_ind_0,Apical Junction,2/37,0.7792787940440581,0.9950836115802826,0.8609569877175511,0.2147109723713124,hallmark,drvi_argmax,1.0,False,hallmark
DR 53-,gs_ind_0,Apoptosis,8/59,0.06962650208611441,0.2035236214824883,2.084244592062681,5.553698997086745,hallmark,drvi_argmax,0.2926629889238276,False,hallmark
DR 53-,gs_ind_0,Cholesterol Homeostasis,2/20,0.4494264958135413,0.8539103420457286,1.6675766675766677,1.333699407844423,hallmark,drvi_argmax,0.9506355801387031,False,hallmark
DR 53-,gs_ind_0,Coagulation,2/52,0.9123416937364995,0.9950836115802826,0.6002266893356002,0.05506521357246083,hallmark,drvi_argmax,1.0,False,hallmark
DR 53-,gs_ind_0,Complement,1/67,0.9950836115802826,0.9950836115802826,0.26924334246988707,0.001326969479120535,hallmark,drvi_argmax,1.0,False,hallmark
DR 53-,gs_ind_0,DNA Repair,1/14,0.6655166363324345,0.9950836115802826,1.3656633221850614,0.556086692237407,hallmark,drvi_argmax,1.0,False,hallmark
DR 53-,gs_ind_0,E2F Targets,3/63,0.8646957722278505,0.9950836115802826,0.7022552178176216,0.10209213764861715,hallmark,drvi_argmax,1.0,False,hallmark
DR 53-,gs_ind_0,Epithelial Mesenchymal Transition,15/115,0.021753613696339887,0.0751488473146287,1.9924547006664097,7.627067556434064,hallmark,drvi_argmax,0.12919947470686685,False,hallmark
DR 53-,gs_ind_0,Estrogen Response Early,10/45,0.0013484199523816965,0.008539993031750745,3.8219136885369154,25.25834641704242,hallmark,drvi_argmax,0.016062616622351013,True,hallmark
DR 53-,gs_ind_0,Estrogen Response Late,11/62,0.005231900194489914,0.024851525923827094,2.8805024880815675,15.131224094254403,hallmark,drvi_argmax,0.0443809464773972,True,hallmark
DR 53-,gs_ind_0,G2-M Checkpoint,1/59,0.9906327546072143,0.9950836115802826,0.30743503987651144,0.00289339227506991,hallmark,drvi_argmax,1.0,False,hallmark
DR 53-,gs_ind_0,Glycolysis,2/43,0.845959847424718,0.9950836115802826,0.7340473003123605,0.12279391507280059,hallmark,drvi_argmax,1.0,False,hallmark
DR 53-,gs_ind_0,Hypoxia,15/73,0.0002137768803581452,0.0016247042907219036,3.50506197369666,29.61979855902295,hallmark,drvi_argmax,0.0032462415165496125,True,hallmark
DR 53-,gs_ind_0,IL-2/STAT5 Signaling,9/73,0.09127446501223276,0.24774497646177462,1.8595611800476621,4.45157415152432,hallmark,drvi_argmax,0.3541373067597273,False,hallmark
DR 53-,gs_ind_0,IL-6/JAK/STAT3 Signaling,2/34,0.7373434672493826,0.9950836115802826,0.941983941983942,0.2870238834489909,hallmark,drvi_argmax,1.0,False,hallmark
DR 53-,gs_ind_0,Inflammatory Response,7/71,0.2803050838273508,0.6265643050258429,1.4476136455716717,1.841186043072345,hallmark,drvi_argmax,0.7374871724227626,False,hallmark
DR 53-,gs_ind_0,Interferon Alpha Response,1/44,0.968859554983366,0.9950836115802826,0.4169069311498097,0.013189107453842473,hallmark,drvi_argmax,1.0,False,hallmark
DR 53-,gs_ind_0,Interferon Gamma Response,4/99,0.9488225622493162,0.9950836115802826,0.5646409234672909,0.02966254771823195,hallmark,drvi_argmax,1.0,False,hallmark
DR 53-,gs_ind_0,KRAS Signaling Dn,7/34,0.01112776470369232,0.046983895415589796,3.4656319290465634,15.589493586968779,hallmark,drvi_argmax,0.07691628616858343,False,hallmark
DR 53-,gs_ind_0,KRAS Signaling Up,5/81,0.7409298348746383,0.9950836115802826,0.8768277070278283,0.2629162162143559,hallmark,drvi_argmax,1.0,False,hallmark
DR 53-,gs_ind_0,Mitotic Spindle,4/41,0.37011584120064567,0.7402316824012913,1.4854607508532423,1.4764577268094128,hallmark,drvi_argmax,0.8597591778598568,False,hallmark
DR 53-,gs_ind_0,Myc Targets V1,1/14,0.6655166363324345,0.9950836115802826,1.3656633221850614,0.556086692237407,hallmark,drvi_argmax,1.0,False,hallmark
DR 53-,gs_ind_0,Myogenesis,4/51,0.5402313857902918,0.9775615552395757,1.1662654930842464,0.7181370030907754,hallmark,drvi_argmax,1.0,False,hallmark
DR 53-,gs_ind_0,PI3K/AKT/mTOR  Signaling,1/14,0.6655166363324345,0.9950836115802826,1.3656633221850614,0.556086692237407,hallmark,drvi_argmax,1.0,False,hallmark
DR 53-,gs_ind_0,Pperoxisome,1/13,0.638204440061267,0.9950836115802826,1.4757190635451505,0.6627404257982444,hallmark,drvi_argmax,1.0,False,hallmark
DR 53-,gs_ind_0,Spermatogenesis,1/16,0.7141465012777481,0.9950836115802826,1.188154061926853,0.4000124463374849,hallmark,drvi_argmax,1.0,False,hallmark
DR 53-,gs_ind_0,TGF-beta Signaling,4/10,0.0044672208159043224,0.024250627286337752,8.716461013389342,47.1646729637707,hallmark,drvi_argmax,0.040287528860075736,True,hallmark
DR 53-,gs_ind_0,TNF-alpha Signaling via NF-kB,41/102,4.857102784351209e-22,1.8456990580534596e-20,11.027842744180866,541.2071516104411,hallmark,drvi_argmax,7.028513440884691e-20,True,hallmark
DR 53-,gs_ind_0,UV Response Dn,6/30,0.021179037810008232,0.0751488473146287,3.3535061083256834,12.926905434032786,hallmark,drvi_argmax,0.12738492179124755,False,hallmark
DR 53-,gs_ind_0,UV Response Up,12/38,1.008147629626993e-05,0.00012769869975275247,6.2138137729037535,71.48875210246248,hallmark,drvi_argmax,0.0002638343796683408,True,hallmark
DR 53-,gs_ind_0,Unfolded Protein Response,2/17,0.36835597862986247,0.7402316824012913,1.9935918323015098,1.9910110781242156,hallmark,drvi_argmax,0.8589153624923808,False,hallmark
DR 53-,gs_ind_0,Xenobiotic Metabolism,2/43,0.845959847424718,0.9950836115802826,0.7340473003123605,0.12279391507280059,hallmark,drvi_argmax,1.0,False,hallmark
DR 53-,gs_ind_0,heme Metabolism,4/26,0.12525969678279086,0.3173245651830702,2.496245733788396,5.185616321032857,hallmark,drvi_argmax,0.4448014157628689,False,hallmark
DR 53-,gs_ind_0,mTORC1 Signaling,5/45,0.24495201879172318,0.5817610446303426,1.6898307241949853,2.377072931410814,hallmark,drvi_argmax,0.689453050603706,False,hallmark
DR 53-,gs_ind_0,p53 Pathway,16/45,4.4449974182906974e-08,8.445495094752325e-07,7.574758994392288,128.23234856749158,hallmark,drvi_argmax,2.10282570172983e-06,True,hallmark
DR 54+,gs_ind_0,Adipogenesis,8/31,0.009033257005478312,0.05277688673037437,3.3398728930643826,15.720254974223806,hallmark,drvi_argmax,0.06696288531312997,False,hallmark
DR 54+,gs_ind_0,Allograft Rejection,2/90,0.9993025728393508,0.9993025728393508,0.2437063285374774,0.00017002671026125027,hallmark,drvi_argmax,1.0,False,hallmark
DR 54+,gs_ind_0,Androgen Response,5/20,0.04233386714222662,0.08925267777264216,3.2407392129362265,10.24776141942094,hallmark,drvi_argmax,0.20379904729917314,False,hallmark
DR 54+,gs_ind_0,Angiogenesis,3/18,0.26582180425157165,0.4036553323820162,2.041404654961209,2.704716439415837,hallmark,drvi_argmax,0.7118619895968912,False,hallmark
DR 54+,gs_ind_0,Apical Junction,1/37,0.9804703456644207,0.9993025728393508,0.36347718611597485,0.007168816160669667,hallmark,drvi_argmax,1.0,False,hallmark
DR 54+,gs_ind_0,Apoptosis,11/59,0.02855405924948488,0.07154470926471769,2.1928297473002747,7.797606475416162,hallmark,drvi_argmax,0.15404163542485264,False,hallmark
DR 54+,gs_ind_0,Bile Acid Metabolism,2/16,0.4859611905187856,0.6427228648796842,1.5517241379310345,1.1197652790566384,hallmark,drvi_argmax,0.9904428572296707,False,hallmark
DR 54+,gs_ind_0,Cholesterol Homeostasis,5/20,0.04233386714222662,0.08925267777264216,3.2407392129362265,10.24776141942094,hallmark,drvi_argmax,0.20379904729917314,False,hallmark
DR 54+,gs_ind_0,Coagulation,10/52,0.029664879451224407,0.07154470926471769,2.280592867068087,8.022650072624826,hallmark,drvi_argmax,0.15829848904557925,False,hallmark
DR 54+,gs_ind_0,Complement,10/67,0.12530381346490574,0.2054982540824454,1.6712769599452242,3.4712656150500436,hallmark,drvi_argmax,0.4448014157628689,False,hallmark
DR 54+,gs_ind_0,DNA Repair,4/14,0.04353789159641081,0.08925267777264216,3.9051254089422027,12.239145895960975,hallmark,drvi_argmax,0.20596771793686652,False,hallmark
DR 54+,gs_ind_0,E2F Targets,15/63,0.0009317192018337457,0.021578094646150375,3.019284741712285,21.070015389272935,hallmark,drvi_argmax,0.012127138817518595,True,hallmark
DR 54+,gs_ind_0,Epithelial Mesenchymal Transition,20/115,0.008151090363046117,0.05277688673037437,2.0282664500877434,9.7551575669631,hallmark,drvi_argmax,0.06227230525805419,False,hallmark
DR 54+,gs_ind_0,Estrogen Response Early,10/45,0.011121073716593084,0.05277688673037437,2.741155594987246,12.332221740767828,hallmark,drvi_argmax,0.07691628616858343,False,hallmark
DR 54+,gs_ind_0,Estrogen Response Late,12/62,0.017077643372822457,0.07001833782857207,2.298631719935919,9.35539679529348,hallmark,drvi_argmax,0.10555528315865137,False,hallmark
DR 54+,gs_ind_0,Fatty Acid Metabolism,6/23,0.021900886566164016,0.07153695870332138,3.4058758721997795,13.01462879403716,hallmark,drvi_argmax,0.12919947470686685,False,hallmark
DR 54+,gs_ind_0,G2-M Checkpoint,12/59,0.011585170257887056,0.05277688673037437,2.447996649448555,10.913241095047976,hallmark,drvi_argmax,0.07885744924856851,False,hallmark
DR 54+,gs_ind_0,Glycolysis,5/43,0.4329692789421994,0.5917246812210059,1.2879064669345999,1.0780916961808553,hallmark,drvi_argmax,0.9367673053630698,False,hallmark
DR 54+,gs_ind_0,Hypoxia,7/73,0.6071067095450813,0.7778554716046354,1.0109576266247013,0.5045191164046677,hallmark,drvi_argmax,1.0,False,hallmark
DR 54+,gs_ind_0,IL-2/STAT5 Signaling,13/73,0.025724923587838542,0.07153695870332138,2.0713388429752064,7.581711143163166,hallmark,drvi_argmax,0.1441533303555417,False,hallmark
DR 54+,gs_ind_0,IL-6/JAK/STAT3 Signaling,2/34,0.8693406973776671,0.9900824609023431,0.6853322999418717,0.09596034770042755,hallmark,drvi_argmax,1.0,False,hallmark
DR 54+,gs_ind_0,Inflammatory Response,3/71,0.9793270449919115,0.9993025728393508,0.44821214081123534,0.009362986670521736,hallmark,drvi_argmax,1.0,False,hallmark
DR 54+,gs_ind_0,Interferon Alpha Response,1/44,0.9908062995031384,0.9993025728393508,0.30377668308702793,0.00280574930579761,hallmark,drvi_argmax,1.0,False,hallmark
DR 54+,gs_ind_0,Interferon Gamma Response,3/99,0.9982310806229489,0.9993025728393508,0.31301895454843576,0.0005541956023928542,hallmark,drvi_argmax,1.0,False,hallmark
DR 54+,gs_ind_0,KRAS Signaling Dn,3/34,0.6767322893717991,0.8407886019467806,0.9954992967651195,0.38872208850632617,hallmark,drvi_argmax,1.0,False,hallmark
DR 54+,gs_ind_0,KRAS Signaling Up,13/81,0.054677779022473394,0.10675185428197186,1.821021897810219,5.292432091386879,hallmark,drvi_argmax,0.24500425572911574,False,hallmark
DR 54+,gs_ind_0,Mitotic Spindle,5/41,0.3915652655302362,0.5733634245264172,1.3600182181270364,1.2751572580814898,hallmark,drvi_argmax,0.8853405819893209,False,hallmark
DR 54+,gs_ind_0,Myc Targets V1,2/14,0.4157573805821314,0.5877949173747375,1.8020151133501259,1.5815447066059733,hallmark,drvi_argmax,0.9180997811777768,False,hallmark
DR 54+,gs_ind_0,Myogenesis,10/51,0.02617205806219075,0.07153695870332138,2.336875059292287,8.513382885341029,hallmark,drvi_argmax,0.14584488122456168,False,hallmark
DR 54+,gs_ind_0,PI3K/AKT/mTOR  Signaling,1/14,0.7723912010246936,0.9048011212003554,0.9955444165970482,0.2571134028989587,hallmark,drvi_argmax,1.0,False,hallmark
DR 54+,gs_ind_0,Pperoxisome,1/13,0.7469173567073678,0.9006944595588847,1.0757894736842106,0.3139161575781199,hallmark,drvi_argmax,1.0,False,hallmark
DR 54+,gs_ind_0,Spermatogenesis,4/16,0.06763160999690164,0.1260407277214985,3.276641221374046,8.82622227550237,hallmark,drvi_argmax,0.28586556802814095,False,hallmark
DR 54+,gs_ind_0,TGF-beta Signaling,2/10,0.26380321943881124,0.4036553323820162,2.65594902948585,3.5391897520682605,hallmark,drvi_argmax,0.7118619895968912,False,hallmark
DR 54+,gs_ind_0,TNF-alpha Signaling via NF-kB,20/102,0.001917102550952891,0.02620040152968951,2.3657684882061614,14.802472243554236,hallmark,drvi_argmax,0.020594202075738477,True,hallmark
DR 54+,gs_ind_0,UV Response Dn,7/30,0.024847901792790693,0.07153695870332138,2.9317169717961407,10.832641336984093,hallmark,drvi_argmax,0.14084294564577213,False,hallmark
DR 54+,gs_ind_0,UV Response Up,9/38,0.01033884493128333,0.05277688673037437,2.979023764216489,13.619641231486963,hallmark,drvi_argmax,0.07458521563330496,False,hallmark
DR 54+,gs_ind_0,Unfolded Protein Response,4/17,0.08178907794469602,0.14579792155358853,3.0322307039864294,7.591527860512692,hallmark,drvi_argmax,0.3240761081578595,False,hallmark
DR 54+,gs_ind_0,Xenobiotic Metabolism,9/43,0.023032515436091378,0.07153695870332138,2.5400915730124494,9.578300108799386,hallmark,drvi_argmax,0.1330046666027812,False,hallmark
DR 54+,gs_ind_0,heme Metabolism,5/26,0.11047366069300264,0.18872583701721285,2.328495806816154,5.129625387592947,hallmark,drvi_argmax,0.4092849477481725,False,hallmark
DR 54+,gs_ind_0,mTORC1 Signaling,12/45,0.0010525899827390427,0.021578094646150375,3.4987529197513756,23.989204648608986,hallmark,drvi_argmax,0.013347275038855903,True,hallmark
DR 54+,gs_ind_0,p53 Pathway,11/45,0.003620292729714398,0.03710800047957258,3.1072999120492524,17.466755483212417,hallmark,drvi_argmax,0.03465338566185766,True,hallmark
