run_accession	sample_accession	sample_title	library_strategy	library_source	library_selection	library_name	experiment_title	fastq_md5	fastq_ftp
SRR26540980	SAMN38001589	Human sample from Homo sapiens	RNA-Seq	TRANSCRIPTOMIC SINGLE CELL	PolyA	h07A_P	Illumina NovaSeq 6000 sequencing: scRNAseq of Homo sapiens: adult female breast	efbd983c62a2e650bddb5daa3c841e0c;059b4bd75cccb071d7cb961f5877f2b8	ftp.sra.ebi.ac.uk/vol1/fastq/SRR265/080/SRR26540980/SRR26540980_1.fastq.gz;ftp.sra.ebi.ac.uk/vol1/fastq/SRR265/080/SRR26540980/SRR26540980_2.fastq.gz
SRR26540982	SAMN38001588	Human sample from Homo sapiens	RNA-Seq	TRANSCRIPTOMIC SINGLE CELL	PolyA	h06C_P	Illumina NovaSeq 6000 sequencing: scRNAseq of Homo sapiens: adult female breast	6c08fee995e6344d2ceb2b6c68063de3;e6dd8a760dcb5bff09b863ee0f9ba254	ftp.sra.ebi.ac.uk/vol1/fastq/SRR265/082/SRR26540982/SRR26540982_1.fastq.gz;ftp.sra.ebi.ac.uk/vol1/fastq/SRR265/082/SRR26540982/SRR26540982_2.fastq.gz
SRR26540985	SAMN38001586	Human sample from Homo sapiens	RNA-Seq	TRANSCRIPTOMIC SINGLE CELL	PolyA	h06A_TCR	Illumina NovaSeq 6000 sequencing: scRNAseq of Homo sapiens: adult female breast	165df4a9f85fe5aab4a54d54647baab0;25272de3d8765b147bd30d17b0f4eb2f	ftp.sra.ebi.ac.uk/vol1/fastq/SRR265/085/SRR26540985/SRR26540985_1.fastq.gz;ftp.sra.ebi.ac.uk/vol1/fastq/SRR265/085/SRR26540985/SRR26540985_2.fastq.gz
SRR26540987	SAMN38001585	Human sample from Homo sapiens	RNA-Seq	TRANSCRIPTOMIC SINGLE CELL	PolyA	h05C_TCR	Illumina NovaSeq 6000 sequencing: scRNAseq of Homo sapiens: adult female breast	438429748cb85c84b65b7ce3d74f6699;c33c69109c8c2ebfbb30f667dba7dbb4	ftp.sra.ebi.ac.uk/vol1/fastq/SRR265/087/SRR26540987/SRR26540987_1.fastq.gz;ftp.sra.ebi.ac.uk/vol1/fastq/SRR265/087/SRR26540987/SRR26540987_2.fastq.gz
SRR26540994	SAMN38001578	Human sample from Homo sapiens	RNA-Seq	TRANSCRIPTOMIC SINGLE CELL	PolyA	h03C1_TCR	Illumina NovaSeq 6000 sequencing: scRNAseq of Homo sapiens: adult female breast	6f1b69edd68485bf7017f578e56b6f8c;134483fba1ec39273c6312930a0da06a	ftp.sra.ebi.ac.uk/vol1/fastq/SRR265/094/SRR26540994/SRR26540994_1.fastq.gz;ftp.sra.ebi.ac.uk/vol1/fastq/SRR265/094/SRR26540994/SRR26540994_2.fastq.gz
SRR26540997	SAMN38001672	Human sample from Homo sapiens	RNA-Seq	TRANSCRIPTOMIC SINGLE CELL	PolyA	h66C_TCR	Illumina NovaSeq 6000 sequencing: scRNAseq of Homo sapiens: adult female breast	999c70c3c15936b413e050a85fb90f5b;a9f7be4297874f6f808b6483dd05d258	ftp.sra.ebi.ac.uk/vol1/fastq/SRR265/097/SRR26540997/SRR26540997_1.fastq.gz;ftp.sra.ebi.ac.uk/vol1/fastq/SRR265/097/SRR26540997/SRR26540997_2.fastq.gz
SRR26540998	SAMN38001672	Human sample from Homo sapiens	RNA-Seq	TRANSCRIPTOMIC SINGLE CELL	PolyA	h66C_N	Illumina NovaSeq 6000 sequencing: scRNAseq of Homo sapiens: adult female breast	35ee604a8be26f1536aad958298dc117;1a630a5225634f5715e92de229d3a4d3	ftp.sra.ebi.ac.uk/vol1/fastq/SRR265/098/SRR26540998/SRR26540998_1.fastq.gz;ftp.sra.ebi.ac.uk/vol1/fastq/SRR265/098/SRR26540998/SRR26540998_2.fastq.gz
SRR26540999	SAMN38001672	Human sample from Homo sapiens	RNA-Seq	TRANSCRIPTOMIC SINGLE CELL	PolyA	h66C_P	Illumina NovaSeq 6000 sequencing: scRNAseq of Homo sapiens: adult female breast	b2d1384923998e908d7be2f2a8764b57;b703b7e4b3625af5f992348b6231a8d2	ftp.sra.ebi.ac.uk/vol1/fastq/SRR265/099/SRR26540999/SRR26540999_1.fastq.gz;ftp.sra.ebi.ac.uk/vol1/fastq/SRR265/099/SRR26540999/SRR26540999_2.fastq.gz
SRR26541003	SAMN38001670	Human sample from Homo sapiens	RNA-Seq	TRANSCRIPTOMIC SINGLE CELL	PolyA	h66A_TCR	Illumina NovaSeq 6000 sequencing: scRNAseq of Homo sapiens: adult female breast	e14784cd1925ceb900dcd820c5c1d7ea;6c2cf73af665ac93eee72f12a847f447	ftp.sra.ebi.ac.uk/vol1/fastq/SRR265/003/SRR26541003/SRR26541003_1.fastq.gz;ftp.sra.ebi.ac.uk/vol1/fastq/SRR265/003/SRR26541003/SRR26541003_2.fastq.gz
SRR26541005	SAMN38001670	Human sample from Homo sapiens	RNA-Seq	TRANSCRIPTOMIC SINGLE CELL	PolyA	h66A_P	Illumina NovaSeq 6000 sequencing: scRNAseq of Homo sapiens: adult female breast	8e6a6cb507a0e5b64e0fc3dccd614b11;7b71b9c5c10e28447bbbf3df081cd8d8	ftp.sra.ebi.ac.uk/vol1/fastq/SRR265/005/SRR26541005/SRR26541005_1.fastq.gz;ftp.sra.ebi.ac.uk/vol1/fastq/SRR265/005/SRR26541005/SRR26541005_2.fastq.gz
SRR26541006	SAMN38001572	Human sample from Homo sapiens	RNA-Seq	TRANSCRIPTOMIC SINGLE CELL	PolyA	h02B_TCR	Illumina NovaSeq 6000 sequencing: scRNAseq of Homo sapiens: adult female breast	9d26cc204c8072ce084348a02446eb10;a2eb0ecd533180e7b55651cab8b434dc	ftp.sra.ebi.ac.uk/vol1/fastq/SRR265/006/SRR26541006/SRR26541006_1.fastq.gz;ftp.sra.ebi.ac.uk/vol1/fastq/SRR265/006/SRR26541006/SRR26541006_2.fastq.gz
SRR26541010	SAMN38001603	Human sample from Homo sapiens	RNA-Seq	TRANSCRIPTOMIC SINGLE CELL	PolyA	h12C_P	Illumina NovaSeq 6000 sequencing: scRNAseq of Homo sapiens: adult female breast	11a205fa44a14107649a7fe726b5169f;d22367dfa74f2e4fa72c8b8e8a4cd47f	ftp.sra.ebi.ac.uk/vol1/fastq/SRR265/010/SRR26541010/SRR26541010_1.fastq.gz;ftp.sra.ebi.ac.uk/vol1/fastq/SRR265/010/SRR26541010/SRR26541010_2.fastq.gz
SRR26541012	SAMN38001602	Human sample from Homo sapiens	RNA-Seq	TRANSCRIPTOMIC SINGLE CELL	PolyA	h12B_P	Illumina NovaSeq 6000 sequencing: scRNAseq of Homo sapiens: adult female breast	a63c13d38dbebb18d301b699779f1ee0;0a5ced4d9e014611bdb4573139237b43	ftp.sra.ebi.ac.uk/vol1/fastq/SRR265/012/SRR26541012/SRR26541012_1.fastq.gz;ftp.sra.ebi.ac.uk/vol1/fastq/SRR265/012/SRR26541012/SRR26541012_2.fastq.gz
SRR26541014	SAMN38001601	Human sample from Homo sapiens	RNA-Seq	TRANSCRIPTOMIC SINGLE CELL	PolyA	h12A_P	Illumina NovaSeq 6000 sequencing: scRNAseq of Homo sapiens: adult female breast	8b00002bdcaaf990fda66327df0381dd;879942f3288625168fd9c88865ef574c	ftp.sra.ebi.ac.uk/vol1/fastq/SRR265/014/SRR26541014/SRR26541014_1.fastq.gz;ftp.sra.ebi.ac.uk/vol1/fastq/SRR265/014/SRR26541014/SRR26541014_2.fastq.gz
SRR26541017	SAMN38001572	Human sample from Homo sapiens	RNA-Seq	TRANSCRIPTOMIC SINGLE CELL	PolyA	h02B_P	Illumina NovaSeq 6000 sequencing: scRNAseq of Homo sapiens: adult female breast	ecc501dc08dc3effeeb3e8b77dfe74f3;c5bcca9ee8dfac788595f5043b08c19c	ftp.sra.ebi.ac.uk/vol1/fastq/SRR265/017/SRR26541017/SRR26541017_1.fastq.gz;ftp.sra.ebi.ac.uk/vol1/fastq/SRR265/017/SRR26541017/SRR26541017_2.fastq.gz
SRR26541018	SAMN38001599	Human sample from Homo sapiens	RNA-Seq	TRANSCRIPTOMIC SINGLE CELL	PolyA	h11B_TCR	Illumina NovaSeq 6000 sequencing: scRNAseq of Homo sapiens: adult female breast	452b02e7a021535aee9fb01bb7b9c483;95e0157174c321c23dc4cdc3d5ae04d1	ftp.sra.ebi.ac.uk/vol1/fastq/SRR265/018/SRR26541018/SRR26541018_1.fastq.gz;ftp.sra.ebi.ac.uk/vol1/fastq/SRR265/018/SRR26541018/SRR26541018_2.fastq.gz
SRR26541019	SAMN38001599	Human sample from Homo sapiens	RNA-Seq	TRANSCRIPTOMIC SINGLE CELL	PolyA	h11B_P	Illumina NovaSeq 6000 sequencing: scRNAseq of Homo sapiens: adult female breast	a35235f8d46b9115a584efdb32b467fc;ffbe4b75353fa7e149db5f17f309a457	ftp.sra.ebi.ac.uk/vol1/fastq/SRR265/019/SRR26541019/SRR26541019_1.fastq.gz;ftp.sra.ebi.ac.uk/vol1/fastq/SRR265/019/SRR26541019/SRR26541019_2.fastq.gz
SRR26541021	SAMN38001598	Human sample from Homo sapiens	RNA-Seq	TRANSCRIPTOMIC SINGLE CELL	PolyA	h11A_P	Illumina NovaSeq 6000 sequencing: scRNAseq of Homo sapiens: adult female breast	d2f627a003cd1ab42b16907a51f9c816;51cc6657806406201baff0e2831e0111	ftp.sra.ebi.ac.uk/vol1/fastq/SRR265/021/SRR26541021/SRR26541021_1.fastq.gz;ftp.sra.ebi.ac.uk/vol1/fastq/SRR265/021/SRR26541021/SRR26541021_2.fastq.gz
SRR26541023	SAMN38001597	Human sample from Homo sapiens	RNA-Seq	TRANSCRIPTOMIC SINGLE CELL	PolyA	h10C_P	Illumina NovaSeq 6000 sequencing: scRNAseq of Homo sapiens: adult female breast	a6ccf33851adf710d5cbb2f01943c8c0;d213fc955801c0a5c7c91c2f29328169	ftp.sra.ebi.ac.uk/vol1/fastq/SRR265/023/SRR26541023/SRR26541023_1.fastq.gz;ftp.sra.ebi.ac.uk/vol1/fastq/SRR265/023/SRR26541023/SRR26541023_2.fastq.gz
SRR26541024	SAMN38001596	Human sample from Homo sapiens	RNA-Seq	TRANSCRIPTOMIC SINGLE CELL	PolyA	h10B_TCR	Illumina NovaSeq 6000 sequencing: scRNAseq of Homo sapiens: adult female breast	22ae9664743eeef85c8c1f4f0320277d;422884d2ff1c57621f6b37c03dbf01fd	ftp.sra.ebi.ac.uk/vol1/fastq/SRR265/024/SRR26541024/SRR26541024_1.fastq.gz;ftp.sra.ebi.ac.uk/vol1/fastq/SRR265/024/SRR26541024/SRR26541024_2.fastq.gz
SRR26541026	SAMN38001595	Human sample from Homo sapiens	RNA-Seq	TRANSCRIPTOMIC SINGLE CELL	PolyA	h10A_TCR	Illumina NovaSeq 6000 sequencing: scRNAseq of Homo sapiens: adult female breast	618b274f2fd3f2fe1e87a18489d1e01b;d709d402941896036932724c49e6df36	ftp.sra.ebi.ac.uk/vol1/fastq/SRR265/026/SRR26541026/SRR26541026_1.fastq.gz;ftp.sra.ebi.ac.uk/vol1/fastq/SRR265/026/SRR26541026/SRR26541026_2.fastq.gz
SRR26541036	SAMN38001591	Human sample from Homo sapiens	RNA-Seq	TRANSCRIPTOMIC SINGLE CELL	PolyA	h07C_P	Illumina NovaSeq 6000 sequencing: scRNAseq of Homo sapiens: adult female breast	034b2845328552ad2926c720abc312e6;3015d2c5da653158a8cb3f2b3f93449b	ftp.sra.ebi.ac.uk/vol1/fastq/SRR265/036/SRR26541036/SRR26541036_1.fastq.gz;ftp.sra.ebi.ac.uk/vol1/fastq/SRR265/036/SRR26541036/SRR26541036_2.fastq.gz
SRR26541040	SAMN38001661	Human sample from Homo sapiens	RNA-Seq	TRANSCRIPTOMIC SINGLE CELL	PolyA	h57A_P	Illumina NovaSeq 6000 sequencing: scRNAseq of Homo sapiens: adult female breast	884a9d666767976b4fb5b1ef3e1e4ce9;9674f385dc5ca3b8945645e07b9993fd	ftp.sra.ebi.ac.uk/vol1/fastq/SRR265/040/SRR26541040/SRR26541040_1.fastq.gz;ftp.sra.ebi.ac.uk/vol1/fastq/SRR265/040/SRR26541040/SRR26541040_2.fastq.gz
SRR26541042	SAMN38001660	Human sample from Homo sapiens	RNA-Seq	TRANSCRIPTOMIC SINGLE CELL	PolyA	h56C_N	Illumina NovaSeq 6000 sequencing: scRNAseq of Homo sapiens: adult female breast	a8db5b0064c9536a0e737b4cdc3e56b7;791415272a3377b68eeb590b8843838c	ftp.sra.ebi.ac.uk/vol1/fastq/SRR265/042/SRR26541042/SRR26541042_1.fastq.gz;ftp.sra.ebi.ac.uk/vol1/fastq/SRR265/042/SRR26541042/SRR26541042_2.fastq.gz
SRR26541052	SAMN38001657	Human sample from Homo sapiens	RNA-Seq	TRANSCRIPTOMIC SINGLE CELL	PolyA	h53C_N	Illumina NovaSeq 6000 sequencing: scRNAseq of Homo sapiens: adult female breast	38d4c2fe1018e66f623fe6dccc9d0d46;d596009863874138b3a84c31da875073	ftp.sra.ebi.ac.uk/vol1/fastq/SRR265/052/SRR26541052/SRR26541052_1.fastq.gz;ftp.sra.ebi.ac.uk/vol1/fastq/SRR265/052/SRR26541052/SRR26541052_2.fastq.gz
SRR26541056	SAMN38001656	Human sample from Homo sapiens	RNA-Seq	TRANSCRIPTOMIC SINGLE CELL	PolyA	h53B_P	Illumina NovaSeq 6000 sequencing: scRNAseq of Homo sapiens: adult female breast	f6a28c0ab9212e2cbab7c147ca918cb2;b9b46890e2571e399311bc8cdb30f26b	ftp.sra.ebi.ac.uk/vol1/fastq/SRR265/056/SRR26541056/SRR26541056_1.fastq.gz;ftp.sra.ebi.ac.uk/vol1/fastq/SRR265/056/SRR26541056/SRR26541056_2.fastq.gz
SRR26541057	SAMN38001580	Human sample from Homo sapiens	RNA-Seq	TRANSCRIPTOMIC SINGLE CELL	PolyA	h04A_P	Illumina NovaSeq 6000 sequencing: scRNAseq of Homo sapiens: adult female breast	ce82dc7ce0e7085c058c7be53b3a7134;7e30f22e6edd4145693b90f3a2851738	ftp.sra.ebi.ac.uk/vol1/fastq/SRR265/057/SRR26541057/SRR26541057_1.fastq.gz;ftp.sra.ebi.ac.uk/vol1/fastq/SRR265/057/SRR26541057/SRR26541057_2.fastq.gz
SRR26541060	SAMN38001648	Human sample from Homo sapiens	RNA-Seq	TRANSCRIPTOMIC SINGLE CELL	PolyA	h47C_TCR	Illumina NovaSeq 6000 sequencing: scRNAseq of Homo sapiens: adult female breast	b7f13844d91a634c6fcca28ce90f74fa;7621087d38e9c350f5d635f2885ed9c1	ftp.sra.ebi.ac.uk/vol1/fastq/SRR265/060/SRR26541060/SRR26541060_1.fastq.gz;ftp.sra.ebi.ac.uk/vol1/fastq/SRR265/060/SRR26541060/SRR26541060_2.fastq.gz
SRR26541061	SAMN38001655	Human sample from Homo sapiens	RNA-Seq	TRANSCRIPTOMIC SINGLE CELL	PolyA	h53A_N	Illumina NovaSeq 6000 sequencing: scRNAseq of Homo sapiens: adult female breast	cf806155396342a33a41daa9dac924c7;866a5164f1a73486b35bf457b2296393	ftp.sra.ebi.ac.uk/vol1/fastq/SRR265/061/SRR26541061/SRR26541061_1.fastq.gz;ftp.sra.ebi.ac.uk/vol1/fastq/SRR265/061/SRR26541061/SRR26541061_2.fastq.gz
SRR26541064	SAMN38001647	Human sample from Homo sapiens	RNA-Seq	TRANSCRIPTOMIC SINGLE CELL	PolyA	h47B_TCR	Illumina NovaSeq 6000 sequencing: scRNAseq of Homo sapiens: adult female breast	3a0f913a0af8be580549d853e254309a;b8146310cdfb3aece286e7d92ef41a8f	ftp.sra.ebi.ac.uk/vol1/fastq/SRR265/064/SRR26541064/SRR26541064_1.fastq.gz;ftp.sra.ebi.ac.uk/vol1/fastq/SRR265/064/SRR26541064/SRR26541064_2.fastq.gz
SRR26541065	SAMN38001647	Human sample from Homo sapiens	RNA-Seq	TRANSCRIPTOMIC SINGLE CELL	PolyA	h47B_N	Illumina NovaSeq 6000 sequencing: scRNAseq of Homo sapiens: adult female breast	37cf75946a0071f71728ecdb43f28e53;70da2399b1f8171fa36a5227219ffbb4	ftp.sra.ebi.ac.uk/vol1/fastq/SRR265/065/SRR26541065/SRR26541065_1.fastq.gz;ftp.sra.ebi.ac.uk/vol1/fastq/SRR265/065/SRR26541065/SRR26541065_2.fastq.gz
SRR26541068	SAMN38001646	Human sample from Homo sapiens	RNA-Seq	TRANSCRIPTOMIC SINGLE CELL	PolyA	h47A_N	Illumina NovaSeq 6000 sequencing: scRNAseq of Homo sapiens: adult female breast	b225b5b7ed8a640d699d117ab837b065;06bf2e1b34b545d4a463718df1498c6b	ftp.sra.ebi.ac.uk/vol1/fastq/SRR265/068/SRR26541068/SRR26541068_1.fastq.gz;ftp.sra.ebi.ac.uk/vol1/fastq/SRR265/068/SRR26541068/SRR26541068_2.fastq.gz
SRR26541070	SAMN38001577	Human sample from Homo sapiens	RNA-Seq	TRANSCRIPTOMIC SINGLE CELL	PolyA	h03B2_TCR	Illumina NovaSeq 6000 sequencing: scRNAseq of Homo sapiens: adult female breast	41de470851a6a4d7fb22d48a0b885f47;caeb368a585f2bc336bc8f67bf150bb1	ftp.sra.ebi.ac.uk/vol1/fastq/SRR265/070/SRR26541070/SRR26541070_1.fastq.gz;ftp.sra.ebi.ac.uk/vol1/fastq/SRR265/070/SRR26541070/SRR26541070_2.fastq.gz
SRR26541075	SAMN38001644	Human sample from Homo sapiens	RNA-Seq	TRANSCRIPTOMIC SINGLE CELL	PolyA	h46B_N	Illumina NovaSeq 6000 sequencing: scRNAseq of Homo sapiens: adult female breast	e18fa950ba6c8dcae8e3b6a60a269446;aca5b205867f675dd4f4c30d0a634739	ftp.sra.ebi.ac.uk/vol1/fastq/SRR265/075/SRR26541075/SRR26541075_1.fastq.gz;ftp.sra.ebi.ac.uk/vol1/fastq/SRR265/075/SRR26541075/SRR26541075_2.fastq.gz
SRR26541077	SAMN38001644	Human sample from Homo sapiens	RNA-Seq	TRANSCRIPTOMIC SINGLE CELL	PolyA	h46B_P	Illumina NovaSeq 6000 sequencing: scRNAseq of Homo sapiens: adult female breast	56717d20779a43863ccebaa343acf8c3;26c64921f6da24b788ab8a214c6d553f	ftp.sra.ebi.ac.uk/vol1/fastq/SRR265/077/SRR26541077/SRR26541077_1.fastq.gz;ftp.sra.ebi.ac.uk/vol1/fastq/SRR265/077/SRR26541077/SRR26541077_2.fastq.gz
SRR26541078	SAMN38001643	Human sample from Homo sapiens	RNA-Seq	TRANSCRIPTOMIC SINGLE CELL	PolyA	h46A_N	Illumina NovaSeq 6000 sequencing: scRNAseq of Homo sapiens: adult female breast	eba8116d5772b463a6b998676de1f2c7;ed1299e91dae51f1071203df6883403b	ftp.sra.ebi.ac.uk/vol1/fastq/SRR265/078/SRR26541078/SRR26541078_1.fastq.gz;ftp.sra.ebi.ac.uk/vol1/fastq/SRR265/078/SRR26541078/SRR26541078_2.fastq.gz
SRR26541080	SAMN38001642	Human sample from Homo sapiens	RNA-Seq	TRANSCRIPTOMIC SINGLE CELL	PolyA	h45C_TCR	Illumina NovaSeq 6000 sequencing: scRNAseq of Homo sapiens: adult female breast	8b92ec0c6aa65b24b46f557471e5536f;118c65f28c2965486e6d6fcf405f7daf	ftp.sra.ebi.ac.uk/vol1/fastq/SRR265/080/SRR26541080/SRR26541080_1.fastq.gz;ftp.sra.ebi.ac.uk/vol1/fastq/SRR265/080/SRR26541080/SRR26541080_2.fastq.gz
SRR26541082	SAMN38001642	Human sample from Homo sapiens	RNA-Seq	TRANSCRIPTOMIC SINGLE CELL	PolyA	h45C_N	Illumina NovaSeq 6000 sequencing: scRNAseq of Homo sapiens: adult female breast	2172bbd9a23d7d37b251814a45f48b63;e073a9e1c8f271633173cc39f22bfc06	ftp.sra.ebi.ac.uk/vol1/fastq/SRR265/082/SRR26541082/SRR26541082_1.fastq.gz;ftp.sra.ebi.ac.uk/vol1/fastq/SRR265/082/SRR26541082/SRR26541082_2.fastq.gz
SRR26541085	SAMN38001641	Human sample from Homo sapiens	RNA-Seq	TRANSCRIPTOMIC SINGLE CELL	PolyA	h45B_N	Illumina NovaSeq 6000 sequencing: scRNAseq of Homo sapiens: adult female breast	9f163f551d9cdd32680e9bc4914f5da7;f24cea38b838e437fd1b2f1ff089d227	ftp.sra.ebi.ac.uk/vol1/fastq/SRR265/085/SRR26541085/SRR26541085_1.fastq.gz;ftp.sra.ebi.ac.uk/vol1/fastq/SRR265/085/SRR26541085/SRR26541085_2.fastq.gz
SRR26541086	SAMN38001641	Human sample from Homo sapiens	RNA-Seq	TRANSCRIPTOMIC SINGLE CELL	PolyA	h45B_P	Illumina NovaSeq 6000 sequencing: scRNAseq of Homo sapiens: adult female breast	e9fb4d5b4840e28340dd374f9d7da40d;bf3ed0e214d88a5023524aae3a175ba1	ftp.sra.ebi.ac.uk/vol1/fastq/SRR265/086/SRR26541086/SRR26541086_1.fastq.gz;ftp.sra.ebi.ac.uk/vol1/fastq/SRR265/086/SRR26541086/SRR26541086_2.fastq.gz
SRR26541092	SAMN38001576	Human sample from Homo sapiens	RNA-Seq	TRANSCRIPTOMIC SINGLE CELL	PolyA	h03B1_TCR	Illumina NovaSeq 6000 sequencing: scRNAseq of Homo sapiens: adult female breast	e27db83d4bfcfd91cec81c7eacdf0d73;7809baf1ecaa1c32e7fa2c9e1e5fb9c4	ftp.sra.ebi.ac.uk/vol1/fastq/SRR265/092/SRR26541092/SRR26541092_1.fastq.gz;ftp.sra.ebi.ac.uk/vol1/fastq/SRR265/092/SRR26541092/SRR26541092_2.fastq.gz
SRR26541100	SAMN38001636	Human sample from Homo sapiens	RNA-Seq	TRANSCRIPTOMIC SINGLE CELL	PolyA	h42C_TCR	Illumina NovaSeq 6000 sequencing: scRNAseq of Homo sapiens: adult female breast	15d603f213b57ba8be04ad1e26e22409;34181e82a6cca70de756420f86a6c361	ftp.sra.ebi.ac.uk/vol1/fastq/SRR265/000/SRR26541100/SRR26541100_1.fastq.gz;ftp.sra.ebi.ac.uk/vol1/fastq/SRR265/000/SRR26541100/SRR26541100_2.fastq.gz
SRR26541102	SAMN38001669	Human sample from Homo sapiens	RNA-Seq	TRANSCRIPTOMIC SINGLE CELL	PolyA	h64C_TCR	Illumina NovaSeq 6000 sequencing: scRNAseq of Homo sapiens: adult female breast	76f3a910827b74fa28541ebfa2ae9c06;242bfbb256373821194a15df6e86dccd	ftp.sra.ebi.ac.uk/vol1/fastq/SRR265/002/SRR26541102/SRR26541102_1.fastq.gz;ftp.sra.ebi.ac.uk/vol1/fastq/SRR265/002/SRR26541102/SRR26541102_2.fastq.gz
SRR26541103	SAMN38001636	Human sample from Homo sapiens	RNA-Seq	TRANSCRIPTOMIC SINGLE CELL	PolyA	h42C_P	Illumina NovaSeq 6000 sequencing: scRNAseq of Homo sapiens: adult female breast	87de35cd63b9e99e107d1d47d61a1d39;7d3270bb0fb5022b173e40e15e6b9ecd	ftp.sra.ebi.ac.uk/vol1/fastq/SRR265/003/SRR26541103/SRR26541103_1.fastq.gz;ftp.sra.ebi.ac.uk/vol1/fastq/SRR265/003/SRR26541103/SRR26541103_2.fastq.gz
SRR26541104	SAMN38001582	Human sample from Homo sapiens	RNA-Seq	TRANSCRIPTOMIC SINGLE CELL	PolyA	h04C_P	Illumina NovaSeq 6000 sequencing: scRNAseq of Homo sapiens: adult female breast	3eec3e68b8f2fe504c8e466fb6d496af;0ee1a1a0762b8dccd11add8f172a1d73	ftp.sra.ebi.ac.uk/vol1/fastq/SRR265/004/SRR26541104/SRR26541104_1.fastq.gz;ftp.sra.ebi.ac.uk/vol1/fastq/SRR265/004/SRR26541104/SRR26541104_2.fastq.gz
SRR26541105	SAMN38001669	Human sample from Homo sapiens	RNA-Seq	TRANSCRIPTOMIC SINGLE CELL	PolyA	h64C_N	Illumina NovaSeq 6000 sequencing: scRNAseq of Homo sapiens: adult female breast	6f4dd582553d226672564d0f27a94df5;6592d6070ab03b82012db46e9afac77d	ftp.sra.ebi.ac.uk/vol1/fastq/SRR265/005/SRR26541105/SRR26541105_1.fastq.gz;ftp.sra.ebi.ac.uk/vol1/fastq/SRR265/005/SRR26541105/SRR26541105_2.fastq.gz
SRR26541109	SAMN38001668	Human sample from Homo sapiens	RNA-Seq	TRANSCRIPTOMIC SINGLE CELL	PolyA	h64B_P	Illumina NovaSeq 6000 sequencing: scRNAseq of Homo sapiens: adult female breast	d18f0a9e26d128a3c01a27716a0f2508;9e1c973b6a04c1de3c1069bb7a62eb4c	ftp.sra.ebi.ac.uk/vol1/fastq/SRR265/009/SRR26541109/SRR26541109_1.fastq.gz;ftp.sra.ebi.ac.uk/vol1/fastq/SRR265/009/SRR26541109/SRR26541109_2.fastq.gz
SRR26541112	SAMN38001667	Human sample from Homo sapiens	RNA-Seq	TRANSCRIPTOMIC SINGLE CELL	PolyA	h64A_P	Illumina NovaSeq 6000 sequencing: scRNAseq of Homo sapiens: adult female breast	c11663e17c32dd530a97bf326fd34604;1ccbc6aa8bd951c82d86f203f66b6393	ftp.sra.ebi.ac.uk/vol1/fastq/SRR265/012/SRR26541112/SRR26541112_1.fastq.gz;ftp.sra.ebi.ac.uk/vol1/fastq/SRR265/012/SRR26541112/SRR26541112_2.fastq.gz
SRR26541114	SAMN38001666	Human sample from Homo sapiens	RNA-Seq	TRANSCRIPTOMIC SINGLE CELL	PolyA	h63C_N	Illumina NovaSeq 6000 sequencing: scRNAseq of Homo sapiens: adult female breast	6a342a48b4d6ce1dba4057bdb8740b48;444f5b8dc7e198fd8ebfa88d51ef7d83	ftp.sra.ebi.ac.uk/vol1/fastq/SRR265/014/SRR26541114/SRR26541114_1.fastq.gz;ftp.sra.ebi.ac.uk/vol1/fastq/SRR265/014/SRR26541114/SRR26541114_2.fastq.gz
SRR26541116	SAMN38001666	Human sample from Homo sapiens	RNA-Seq	TRANSCRIPTOMIC SINGLE CELL	PolyA	h63C_P	Illumina NovaSeq 6000 sequencing: scRNAseq of Homo sapiens: adult female breast	0ce039f87bf34035b88a6bf360b71985;ac491c6389a57b1916442fa11630e270	ftp.sra.ebi.ac.uk/vol1/fastq/SRR265/016/SRR26541116/SRR26541116_1.fastq.gz;ftp.sra.ebi.ac.uk/vol1/fastq/SRR265/016/SRR26541116/SRR26541116_2.fastq.gz
SRR26541117	SAMN38001665	Human sample from Homo sapiens	RNA-Seq	TRANSCRIPTOMIC SINGLE CELL	PolyA	h63B_TCR	Illumina NovaSeq 6000 sequencing: scRNAseq of Homo sapiens: adult female breast	31e114f6e8c8b50203e3a34c37f5ef0d;297015be163c613775debc494fb9eecf	ftp.sra.ebi.ac.uk/vol1/fastq/SRR265/017/SRR26541117/SRR26541117_1.fastq.gz;ftp.sra.ebi.ac.uk/vol1/fastq/SRR265/017/SRR26541117/SRR26541117_2.fastq.gz
SRR26541123	SAMN38001663	Human sample from Homo sapiens	RNA-Seq	TRANSCRIPTOMIC SINGLE CELL	PolyA	h57C_TCR	Illumina NovaSeq 6000 sequencing: scRNAseq of Homo sapiens: adult female breast	7f5dbc341d910adf66a4cb6d345aa6d1;85c286ba3262f21303d0e3629b64c7ae	ftp.sra.ebi.ac.uk/vol1/fastq/SRR265/023/SRR26541123/SRR26541123_1.fastq.gz;ftp.sra.ebi.ac.uk/vol1/fastq/SRR265/023/SRR26541123/SRR26541123_2.fastq.gz
SRR26541125	SAMN38001663	Human sample from Homo sapiens	RNA-Seq	TRANSCRIPTOMIC SINGLE CELL	PolyA	h57C_P	Illumina NovaSeq 6000 sequencing: scRNAseq of Homo sapiens: adult female breast	b621aa001172078fa4d1ac87b9e8e427;6056201877d5834db2b83db595ffe27a	ftp.sra.ebi.ac.uk/vol1/fastq/SRR265/025/SRR26541125/SRR26541125_1.fastq.gz;ftp.sra.ebi.ac.uk/vol1/fastq/SRR265/025/SRR26541125/SRR26541125_2.fastq.gz
SRR26541126	SAMN38001581	Human sample from Homo sapiens	RNA-Seq	TRANSCRIPTOMIC SINGLE CELL	PolyA	h04B_P	Illumina NovaSeq 6000 sequencing: scRNAseq of Homo sapiens: adult female breast	f51342b84e07a4fc332d6d1bf4d9dbe9;3c3599e5d0c86184aefd1602216727dd	ftp.sra.ebi.ac.uk/vol1/fastq/SRR265/026/SRR26541126/SRR26541126_1.fastq.gz;ftp.sra.ebi.ac.uk/vol1/fastq/SRR265/026/SRR26541126/SRR26541126_2.fastq.gz
SRR26541131	SAMN38001654	Human sample from Homo sapiens	RNA-Seq	TRANSCRIPTOMIC SINGLE CELL	PolyA	h52C_N	Illumina NovaSeq 6000 sequencing: scRNAseq of Homo sapiens: adult female breast	0477a3c3fb01c10d91ba7e2ccab4f0ae;8b8cfffd61c1fe425b9582e518ba2bd4	ftp.sra.ebi.ac.uk/vol1/fastq/SRR265/031/SRR26541131/SRR26541131_1.fastq.gz;ftp.sra.ebi.ac.uk/vol1/fastq/SRR265/031/SRR26541131/SRR26541131_2.fastq.gz
SRR26541132	SAMN38001654	Human sample from Homo sapiens	RNA-Seq	TRANSCRIPTOMIC SINGLE CELL	PolyA	h52C_P	Illumina NovaSeq 6000 sequencing: scRNAseq of Homo sapiens: adult female breast	812cc1890773896490310c89e60a6eb4;776389d49e0048d838e82dc9e0aa20c3	ftp.sra.ebi.ac.uk/vol1/fastq/SRR265/032/SRR26541132/SRR26541132_1.fastq.gz;ftp.sra.ebi.ac.uk/vol1/fastq/SRR265/032/SRR26541132/SRR26541132_2.fastq.gz
SRR26541133	SAMN38001653	Human sample from Homo sapiens	RNA-Seq	TRANSCRIPTOMIC SINGLE CELL	PolyA	h52B_TCR	Illumina NovaSeq 6000 sequencing: scRNAseq of Homo sapiens: adult female breast	2d4e03e38f730defd66f5d505afc19b1;d74d483f554af26ae1b6e4b9203cbfc1	ftp.sra.ebi.ac.uk/vol1/fastq/SRR265/033/SRR26541133/SRR26541133_1.fastq.gz;ftp.sra.ebi.ac.uk/vol1/fastq/SRR265/033/SRR26541133/SRR26541133_2.fastq.gz
SRR26541138	SAMN38001652	Human sample from Homo sapiens	RNA-Seq	TRANSCRIPTOMIC SINGLE CELL	PolyA	h52A_N	Illumina NovaSeq 6000 sequencing: scRNAseq of Homo sapiens: adult female breast	946da34925b759ffddcd96d0a7201c8a;5c055d85899fb225af09e15757cd3622	ftp.sra.ebi.ac.uk/vol1/fastq/SRR265/038/SRR26541138/SRR26541138_1.fastq.gz;ftp.sra.ebi.ac.uk/vol1/fastq/SRR265/038/SRR26541138/SRR26541138_2.fastq.gz
SRR26541146	SAMN38001649	Human sample from Homo sapiens	RNA-Seq	TRANSCRIPTOMIC SINGLE CELL	PolyA	h48A_TCR	Illumina NovaSeq 6000 sequencing: scRNAseq of Homo sapiens: adult female breast	f1f93111812caea5ad37d5d31d5871a9;f417949039e07ba253d1dbf75199a95c	ftp.sra.ebi.ac.uk/vol1/fastq/SRR265/046/SRR26541146/SRR26541146_1.fastq.gz;ftp.sra.ebi.ac.uk/vol1/fastq/SRR265/046/SRR26541146/SRR26541146_2.fastq.gz
SRR26541149	SAMN38001649	Human sample from Homo sapiens	RNA-Seq	TRANSCRIPTOMIC SINGLE CELL	PolyA	h48A_P	Illumina NovaSeq 6000 sequencing: scRNAseq of Homo sapiens: adult female breast	222ad6d2401a001cf3d40976c16060d3;49ae9f73e67936f82a848b004a5a26d5	ftp.sra.ebi.ac.uk/vol1/fastq/SRR265/049/SRR26541149/SRR26541149_1.fastq.gz;ftp.sra.ebi.ac.uk/vol1/fastq/SRR265/049/SRR26541149/SRR26541149_2.fastq.gz
SRR26541150	SAMN38001576	Human sample from Homo sapiens	RNA-Seq	TRANSCRIPTOMIC SINGLE CELL	PolyA	h03B1_P	Illumina NovaSeq 6000 sequencing: scRNAseq of Homo sapiens: adult female breast	5bac87cfe6af6ed091bbc8c70336c925;9e77956bb221a63136bd5305a0d4ea90	ftp.sra.ebi.ac.uk/vol1/fastq/SRR265/050/SRR26541150/SRR26541150_1.fastq.gz;ftp.sra.ebi.ac.uk/vol1/fastq/SRR265/050/SRR26541150/SRR26541150_2.fastq.gz
SRR26541151	SAMN38001635	Human sample from Homo sapiens	RNA-Seq	TRANSCRIPTOMIC SINGLE CELL	PolyA	h42B_TCR	Illumina NovaSeq 6000 sequencing: scRNAseq of Homo sapiens: adult female breast	50fbbc5b65a158df7270546a688f9a2e;51a67b97277d8ee2b01615b223e5098c	ftp.sra.ebi.ac.uk/vol1/fastq/SRR265/051/SRR26541151/SRR26541151_1.fastq.gz;ftp.sra.ebi.ac.uk/vol1/fastq/SRR265/051/SRR26541151/SRR26541151_2.fastq.gz
SRR26541157	SAMN38001633	Human sample from Homo sapiens	RNA-Seq	TRANSCRIPTOMIC SINGLE CELL	PolyA	h39C_TCR	Illumina NovaSeq 6000 sequencing: scRNAseq of Homo sapiens: adult female breast	260442afd6695ea2545aac64dcc82d09;c22e79980596aa913fab7102efc2bae3	ftp.sra.ebi.ac.uk/vol1/fastq/SRR265/057/SRR26541157/SRR26541157_1.fastq.gz;ftp.sra.ebi.ac.uk/vol1/fastq/SRR265/057/SRR26541157/SRR26541157_2.fastq.gz
SRR26541161	SAMN38001575	Human sample from Homo sapiens	RNA-Seq	TRANSCRIPTOMIC SINGLE CELL	PolyA	h03A2_TCR	Illumina NovaSeq 6000 sequencing: scRNAseq of Homo sapiens: adult female breast	548ead162135d6c633cae38b0496efa7;6656c09426a21d29e030a07875983db4	ftp.sra.ebi.ac.uk/vol1/fastq/SRR265/061/SRR26541161/SRR26541161_1.fastq.gz;ftp.sra.ebi.ac.uk/vol1/fastq/SRR265/061/SRR26541161/SRR26541161_2.fastq.gz
SRR26541165	SAMN38001631	Human sample from Homo sapiens	RNA-Seq	TRANSCRIPTOMIC SINGLE CELL	PolyA	h39A_N	Illumina NovaSeq 6000 sequencing: scRNAseq of Homo sapiens: adult female breast	9f09dc686a46168abbff2398724908c4;886a466eb4e3c068e0c853ce55b46a27	ftp.sra.ebi.ac.uk/vol1/fastq/SRR265/065/SRR26541165/SRR26541165_1.fastq.gz;ftp.sra.ebi.ac.uk/vol1/fastq/SRR265/065/SRR26541165/SRR26541165_2.fastq.gz
SRR26541166	SAMN38001631	Human sample from Homo sapiens	RNA-Seq	TRANSCRIPTOMIC SINGLE CELL	PolyA	h39A_P	Illumina NovaSeq 6000 sequencing: scRNAseq of Homo sapiens: adult female breast	ee5f2af63e42dcf6b1ffcd6798a87c9e;8e941b09bc4586fb2b52327031f213ee	ftp.sra.ebi.ac.uk/vol1/fastq/SRR265/066/SRR26541166/SRR26541166_1.fastq.gz;ftp.sra.ebi.ac.uk/vol1/fastq/SRR265/066/SRR26541166/SRR26541166_2.fastq.gz
SRR26541168	SAMN38001630	Human sample from Homo sapiens	RNA-Seq	TRANSCRIPTOMIC SINGLE CELL	PolyA	h30C_P	Illumina NovaSeq 6000 sequencing: scRNAseq of Homo sapiens: adult female breast		
SRR26541171	SAMN38001616	Human sample from Homo sapiens	RNA-Seq	TRANSCRIPTOMIC SINGLE CELL	PolyA	h19A_TCR	Illumina NovaSeq 6000 sequencing: scRNAseq of Homo sapiens: adult female breast	30dc3def1383439e39394f0da66427b2;146d4ed8cdc92ea95059d03d3db7ae28	ftp.sra.ebi.ac.uk/vol1/fastq/SRR265/071/SRR26541171/SRR26541171_1.fastq.gz;ftp.sra.ebi.ac.uk/vol1/fastq/SRR265/071/SRR26541171/SRR26541171_2.fastq.gz
SRR26541177	SAMN38001614	Human sample from Homo sapiens	RNA-Seq	TRANSCRIPTOMIC SINGLE CELL	PolyA	h18B_N	Illumina NovaSeq 6000 sequencing: scRNAseq of Homo sapiens: adult female breast	bbd01f874906a5438af4d6adb39b32d4;a46d06f426e730118bc0cb9dd27e3f63	ftp.sra.ebi.ac.uk/vol1/fastq/SRR265/077/SRR26541177/SRR26541177_1.fastq.gz;ftp.sra.ebi.ac.uk/vol1/fastq/SRR265/077/SRR26541177/SRR26541177_2.fastq.gz
SRR26541184	SAMN38001611	Human sample from Homo sapiens	RNA-Seq	TRANSCRIPTOMIC SINGLE CELL	PolyA	h17B_TCR	Illumina NovaSeq 6000 sequencing: scRNAseq of Homo sapiens: adult female breast	0bbbeb0d8739971011a97d517d9f43f4;631c9bc415f5d987ac69e08b06f0f952	ftp.sra.ebi.ac.uk/vol1/fastq/SRR265/084/SRR26541184/SRR26541184_1.fastq.gz;ftp.sra.ebi.ac.uk/vol1/fastq/SRR265/084/SRR26541184/SRR26541184_2.fastq.gz
SRR26541185	SAMN38001611	Human sample from Homo sapiens	RNA-Seq	TRANSCRIPTOMIC SINGLE CELL	PolyA	h17B_P	Illumina NovaSeq 6000 sequencing: scRNAseq of Homo sapiens: adult female breast	182b6a1858a27337a6de3259ba2db889;11f7cf87ac68003651bc2e1ed9f5ff3a	ftp.sra.ebi.ac.uk/vol1/fastq/SRR265/085/SRR26541185/SRR26541185_1.fastq.gz;ftp.sra.ebi.ac.uk/vol1/fastq/SRR265/085/SRR26541185/SRR26541185_2.fastq.gz
SRR26541193	SAMN38001608	Human sample from Homo sapiens	RNA-Seq	TRANSCRIPTOMIC SINGLE CELL	PolyA	h16B_N	Illumina NovaSeq 6000 sequencing: scRNAseq of Homo sapiens: adult female breast	467d87a8fbccc55bd99ead005b570237;c0b8a3833664f8c0043c4891c633cdfc	ftp.sra.ebi.ac.uk/vol1/fastq/SRR265/093/SRR26541193/SRR26541193_1.fastq.gz;ftp.sra.ebi.ac.uk/vol1/fastq/SRR265/093/SRR26541193/SRR26541193_2.fastq.gz
SRR26541199	SAMN38001606	Human sample from Homo sapiens	RNA-Seq	TRANSCRIPTOMIC SINGLE CELL	PolyA	h15C_P	Illumina NovaSeq 6000 sequencing: scRNAseq of Homo sapiens: adult female breast	67453dfa1df20d2d99edd4bcaf7c390e;8c184b51ec73decdef5db9e2867090be	ftp.sra.ebi.ac.uk/vol1/fastq/SRR265/099/SRR26541199/SRR26541199_1.fastq.gz;ftp.sra.ebi.ac.uk/vol1/fastq/SRR265/099/SRR26541199/SRR26541199_2.fastq.gz
SRR26541200	SAMN38001605	Human sample from Homo sapiens	RNA-Seq	TRANSCRIPTOMIC SINGLE CELL	PolyA	h15B_TCR	Illumina NovaSeq 6000 sequencing: scRNAseq of Homo sapiens: adult female breast	f1c5af83c822bf22e6946df38e2a0d83;7d1a673ebb9dc6d3e131db683cea164e	ftp.sra.ebi.ac.uk/vol1/fastq/SRR265/000/SRR26541200/SRR26541200_1.fastq.gz;ftp.sra.ebi.ac.uk/vol1/fastq/SRR265/000/SRR26541200/SRR26541200_2.fastq.gz
SRR26541205	SAMN38001626	Human sample from Homo sapiens	RNA-Seq	TRANSCRIPTOMIC SINGLE CELL	PolyA	h26B_TCR	Illumina NovaSeq 6000 sequencing: scRNAseq of Homo sapiens: adult female breast	fdfd49303330a5b7e459208cce4ababd;c8cc921f8e2f69d6c52b4ac35dbf79d5	ftp.sra.ebi.ac.uk/vol1/fastq/SRR265/005/SRR26541205/SRR26541205_1.fastq.gz;ftp.sra.ebi.ac.uk/vol1/fastq/SRR265/005/SRR26541205/SRR26541205_2.fastq.gz
SRR26541206	SAMN38001626	Human sample from Homo sapiens	RNA-Seq	TRANSCRIPTOMIC SINGLE CELL	PolyA	h26B_P	Illumina NovaSeq 6000 sequencing: scRNAseq of Homo sapiens: adult female breast	c72868fe0587c72a26ccd8918785675f;c61b5581fbf65092a870e3936c258ac3	ftp.sra.ebi.ac.uk/vol1/fastq/SRR265/006/SRR26541206/SRR26541206_1.fastq.gz;ftp.sra.ebi.ac.uk/vol1/fastq/SRR265/006/SRR26541206/SRR26541206_2.fastq.gz
SRR26541209	SAMN38001624	Human sample from Homo sapiens	RNA-Seq	TRANSCRIPTOMIC SINGLE CELL	PolyA	h23C_TCR	Illumina NovaSeq 6000 sequencing: scRNAseq of Homo sapiens: adult female breast	bb5a025ea424c18742ce79378aad59e7;897a8c01d7e48482132abad4af7cfd04	ftp.sra.ebi.ac.uk/vol1/fastq/SRR265/009/SRR26541209/SRR26541209_1.fastq.gz;ftp.sra.ebi.ac.uk/vol1/fastq/SRR265/009/SRR26541209/SRR26541209_2.fastq.gz
SRR26541210	SAMN38001624	Human sample from Homo sapiens	RNA-Seq	TRANSCRIPTOMIC SINGLE CELL	PolyA	h23C_P	Illumina NovaSeq 6000 sequencing: scRNAseq of Homo sapiens: adult female breast	8fa755be68a69457478bf1626770a070;3dee059bf76c33ab44c53010b9e53e77	ftp.sra.ebi.ac.uk/vol1/fastq/SRR265/010/SRR26541210/SRR26541210_1.fastq.gz;ftp.sra.ebi.ac.uk/vol1/fastq/SRR265/010/SRR26541210/SRR26541210_2.fastq.gz
SRR26541212	SAMN38001574	Human sample from Homo sapiens	RNA-Seq	TRANSCRIPTOMIC SINGLE CELL	PolyA	h03A1_TCR	Illumina NovaSeq 6000 sequencing: scRNAseq of Homo sapiens: adult female breast	b72f2641414ce801202017ebcf78eaa0;52389c8ec4ea5b46874576e7ad165d64	ftp.sra.ebi.ac.uk/vol1/fastq/SRR265/012/SRR26541212/SRR26541212_1.fastq.gz;ftp.sra.ebi.ac.uk/vol1/fastq/SRR265/012/SRR26541212/SRR26541212_2.fastq.gz
SRR26541214	SAMN38001622	Human sample from Homo sapiens	RNA-Seq	TRANSCRIPTOMIC SINGLE CELL	PolyA	h23A_TCR	Illumina NovaSeq 6000 sequencing: scRNAseq of Homo sapiens: adult female breast	8c790b55370825f6e6bbae9bee238a85;ec2ed6b9e94513155fde213a1fda80c3	ftp.sra.ebi.ac.uk/vol1/fastq/SRR265/014/SRR26541214/SRR26541214_1.fastq.gz;ftp.sra.ebi.ac.uk/vol1/fastq/SRR265/014/SRR26541214/SRR26541214_2.fastq.gz
SRR26554494	SAMN38027294	Model organism or animal sample from Mus musculus	RNA-Seq	TRANSCRIPTOMIC	PolyA	B3	Illumina NovaSeq 6000 sequencing: scRNA seq of mus musculus: adult female breast	acd5f9b42541042a784edbd8739a9a93;8dff61be7553310ff4b1ea99f80ed564	ftp.sra.ebi.ac.uk/vol1/fastq/SRR265/094/SRR26554494/SRR26554494_1.fastq.gz;ftp.sra.ebi.ac.uk/vol1/fastq/SRR265/094/SRR26554494/SRR26554494_2.fastq.gz
SRR26554495	SAMN38027293	Model organism or animal sample from Mus musculus	RNA-Seq	TRANSCRIPTOMIC	PolyA	B2	Illumina NovaSeq 6000 sequencing: scRNA seq of mus musculus: adult female breast	e1b5c55cdfd56322948cf52e325a1a86;64b8f419a7da34e8f16c535b5c58dcb5	ftp.sra.ebi.ac.uk/vol1/fastq/SRR265/095/SRR26554495/SRR26554495_1.fastq.gz;ftp.sra.ebi.ac.uk/vol1/fastq/SRR265/095/SRR26554495/SRR26554495_2.fastq.gz
SRR26554496	SAMN38027292	Model organism or animal sample from Mus musculus	RNA-Seq	TRANSCRIPTOMIC	PolyA	B1	Illumina NovaSeq 6000 sequencing: scRNA seq of mus musculus: adult female breast	13edc7fab144729845b8ee745eb828f4;43bfdf2bdd2304a2a705ee38d2dee399	ftp.sra.ebi.ac.uk/vol1/fastq/SRR265/096/SRR26554496/SRR26554496_1.fastq.gz;ftp.sra.ebi.ac.uk/vol1/fastq/SRR265/096/SRR26554496/SRR26554496_2.fastq.gz
SRR26554497	SAMN38027291	Model organism or animal sample from Mus musculus	RNA-Seq	TRANSCRIPTOMIC	PolyA	mF1	Illumina NovaSeq 6000 sequencing: scRNA seq of mus musculus: adult female breast	c9e2583c777e5b046afe14957b691976;b2aeab776e8aa9a9fe9908191b94e8f6	ftp.sra.ebi.ac.uk/vol1/fastq/SRR265/097/SRR26554497/SRR26554497_1.fastq.gz;ftp.sra.ebi.ac.uk/vol1/fastq/SRR265/097/SRR26554497/SRR26554497_2.fastq.gz
SRR26554499	SAMN38027289	Model organism or animal sample from Mus musculus	RNA-Seq	TRANSCRIPTOMIC	PolyA	mD1	Illumina NovaSeq 6000 sequencing: scRNA seq of mus musculus: adult female breast	209ff945520bbdf25aba5f7d97fe449a;772789d51e89321e679534e21cd1b7f4	ftp.sra.ebi.ac.uk/vol1/fastq/SRR265/099/SRR26554499/SRR26554499_1.fastq.gz;ftp.sra.ebi.ac.uk/vol1/fastq/SRR265/099/SRR26554499/SRR26554499_2.fastq.gz
SRR26554503	SAMN38027297	Model organism or animal sample from Mus musculus	RNA-Seq	TRANSCRIPTOMIC	PolyA	B6	Illumina NovaSeq 6000 sequencing: scRNA seq of mus musculus: adult female breast	5f18afcd4bcd132453678955fb52cdb2;2a213ea35ddfe54665079e93c0d541bb	ftp.sra.ebi.ac.uk/vol1/fastq/SRR265/003/SRR26554503/SRR26554503_1.fastq.gz;ftp.sra.ebi.ac.uk/vol1/fastq/SRR265/003/SRR26554503/SRR26554503_2.fastq.gz
SRR26554505	SAMN38027287	Model organism or animal sample from Mus musculus	RNA-Seq	TRANSCRIPTOMIC	PolyA	mB1	Illumina NovaSeq 6000 sequencing: scRNA seq of mus musculus: adult female breast	53e02d3ea9faa23e5324a52f815b3cd4;06aa7163755575fdcf2bdefd8b16a549	ftp.sra.ebi.ac.uk/vol1/fastq/SRR265/005/SRR26554505/SRR26554505_1.fastq.gz;ftp.sra.ebi.ac.uk/vol1/fastq/SRR265/005/SRR26554505/SRR26554505_2.fastq.gz
SRR26554506	SAMN38027286	Model organism or animal sample from Mus musculus	RNA-Seq	TRANSCRIPTOMIC	PolyA	mA1	Illumina NovaSeq 6000 sequencing: scRNA seq of mus musculus: adult female breast	bbc7937414c63e09a02cce4a5ad798e0;6ba053d2a805f957f319347c044ce8e9	ftp.sra.ebi.ac.uk/vol1/fastq/SRR265/006/SRR26554506/SRR26554506_1.fastq.gz;ftp.sra.ebi.ac.uk/vol1/fastq/SRR265/006/SRR26554506/SRR26554506_2.fastq.gz
SRR26540975	SAMN38001617	Human sample from Homo sapiens	RNA-Seq	TRANSCRIPTOMIC SINGLE CELL	PolyA	h19B_TCR	Illumina NovaSeq 6000 sequencing: scRNAseq of Homo sapiens: adult female breast	0ba329dcef284c9b5485c18b3fd0dff2;93e99328e0ba0578bbb49dbb7fb7609d	ftp.sra.ebi.ac.uk/vol1/fastq/SRR265/075/SRR26540975/SRR26540975_1.fastq.gz;ftp.sra.ebi.ac.uk/vol1/fastq/SRR265/075/SRR26540975/SRR26540975_2.fastq.gz
SRR26540976	SAMN38001617	Human sample from Homo sapiens	RNA-Seq	TRANSCRIPTOMIC SINGLE CELL	PolyA	h19B_P	Illumina NovaSeq 6000 sequencing: scRNAseq of Homo sapiens: adult female breast	65a6eee4b9331d91ab6be36da983aa73;cff84b46116ea8f0b5b7b54e3af2e2b3	ftp.sra.ebi.ac.uk/vol1/fastq/SRR265/076/SRR26540976/SRR26540976_1.fastq.gz;ftp.sra.ebi.ac.uk/vol1/fastq/SRR265/076/SRR26540976/SRR26540976_2.fastq.gz
SRR26540974	SAMN38001618	Human sample from Homo sapiens	RNA-Seq	TRANSCRIPTOMIC SINGLE CELL	PolyA	h19C_P	Illumina NovaSeq 6000 sequencing: scRNAseq of Homo sapiens: adult female breast	c2d4b9b075afd0554313e0e934d84422;cf5c3fdffee42baa3f2f0657eaf53987	ftp.sra.ebi.ac.uk/vol1/fastq/SRR265/074/SRR26540974/SRR26540974_1.fastq.gz;ftp.sra.ebi.ac.uk/vol1/fastq/SRR265/074/SRR26540974/SRR26540974_2.fastq.gz
SRR26540977	SAMN38001590	Human sample from Homo sapiens	RNA-Seq	TRANSCRIPTOMIC SINGLE CELL	PolyA	h07B_P	Illumina NovaSeq 6000 sequencing: scRNAseq of Homo sapiens: adult female breast	2c9f38b19493b8c9a0d9e67349097f0f;3a052ed784e17e1c5c1245bc4f23831c	ftp.sra.ebi.ac.uk/vol1/fastq/SRR265/077/SRR26540977/SRR26540977_1.fastq.gz;ftp.sra.ebi.ac.uk/vol1/fastq/SRR265/077/SRR26540977/SRR26540977_2.fastq.gz
SRR26540981	SAMN38001588	Human sample from Homo sapiens	RNA-Seq	TRANSCRIPTOMIC SINGLE CELL	PolyA	h06C_TCR	Illumina NovaSeq 6000 sequencing: scRNAseq of Homo sapiens: adult female breast	77cdd7d41a4460366503b1bef7a2de38;34433bef7a10f30dabacf06cde7918be	ftp.sra.ebi.ac.uk/vol1/fastq/SRR265/081/SRR26540981/SRR26540981_1.fastq.gz;ftp.sra.ebi.ac.uk/vol1/fastq/SRR265/081/SRR26540981/SRR26540981_2.fastq.gz
SRR26540978	SAMN38001571	Human sample from Homo sapiens	RNA-Seq	TRANSCRIPTOMIC SINGLE CELL	PolyA	h02A_P	Illumina NovaSeq 6000 sequencing: scRNAseq of Homo sapiens: adult female breast	1f4580b6fcec610490eee7046b37f840;49a71d34ad09eb40f7aba414be6f2ac0	ftp.sra.ebi.ac.uk/vol1/fastq/SRR265/078/SRR26540978/SRR26540978_1.fastq.gz;ftp.sra.ebi.ac.uk/vol1/fastq/SRR265/078/SRR26540978/SRR26540978_2.fastq.gz
SRR26540983	SAMN38001587	Human sample from Homo sapiens	RNA-Seq	TRANSCRIPTOMIC SINGLE CELL	PolyA	h06B_TCR	Illumina NovaSeq 6000 sequencing: scRNAseq of Homo sapiens: adult female breast	f532ef070ba01709c790e4c44e003451;85b66da88ae7b5a116c2938380d44073	ftp.sra.ebi.ac.uk/vol1/fastq/SRR265/083/SRR26540983/SRR26540983_1.fastq.gz;ftp.sra.ebi.ac.uk/vol1/fastq/SRR265/083/SRR26540983/SRR26540983_2.fastq.gz
SRR26540979	SAMN38001589	Human sample from Homo sapiens	RNA-Seq	TRANSCRIPTOMIC SINGLE CELL	PolyA	h07A_TCR	Illumina NovaSeq 6000 sequencing: scRNAseq of Homo sapiens: adult female breast	2abdd080bdbd6dc20b1224561ecc85d3;0f48a9a8fc489db0952cd84053e5d642	ftp.sra.ebi.ac.uk/vol1/fastq/SRR265/079/SRR26540979/SRR26540979_1.fastq.gz;ftp.sra.ebi.ac.uk/vol1/fastq/SRR265/079/SRR26540979/SRR26540979_2.fastq.gz
SRR26540984	SAMN38001587	Human sample from Homo sapiens	RNA-Seq	TRANSCRIPTOMIC SINGLE CELL	PolyA	h06B_P	Illumina NovaSeq 6000 sequencing: scRNAseq of Homo sapiens: adult female breast	48126e8c064fda62a471c2fd94e177d8;b6c29281dee79577bb7873da718e30b8	ftp.sra.ebi.ac.uk/vol1/fastq/SRR265/084/SRR26540984/SRR26540984_1.fastq.gz;ftp.sra.ebi.ac.uk/vol1/fastq/SRR265/084/SRR26540984/SRR26540984_2.fastq.gz
SRR26540986	SAMN38001586	Human sample from Homo sapiens	RNA-Seq	TRANSCRIPTOMIC SINGLE CELL	PolyA	h06A_P	Illumina NovaSeq 6000 sequencing: scRNAseq of Homo sapiens: adult female breast	7573b68d1fb3da74f7334b9babbe6da4;4c7ac10e422f6228005f4eba9c62e299	ftp.sra.ebi.ac.uk/vol1/fastq/SRR265/086/SRR26540986/SRR26540986_1.fastq.gz;ftp.sra.ebi.ac.uk/vol1/fastq/SRR265/086/SRR26540986/SRR26540986_2.fastq.gz
SRR26540988	SAMN38001585	Human sample from Homo sapiens	RNA-Seq	TRANSCRIPTOMIC SINGLE CELL	PolyA	h05C_P	Illumina NovaSeq 6000 sequencing: scRNAseq of Homo sapiens: adult female breast	2e698b19ec3586c831063badd47fa2ff;41adf5386995f46cecb2c008acd903d4	ftp.sra.ebi.ac.uk/vol1/fastq/SRR265/088/SRR26540988/SRR26540988_1.fastq.gz;ftp.sra.ebi.ac.uk/vol1/fastq/SRR265/088/SRR26540988/SRR26540988_2.fastq.gz
SRR26540990	SAMN38001584	Human sample from Homo sapiens	RNA-Seq	TRANSCRIPTOMIC SINGLE CELL	PolyA	h05B_TCR	Illumina NovaSeq 6000 sequencing: scRNAseq of Homo sapiens: adult female breast	74c96d94398a674c1e6441e80fd2c1d5;0a05d2b3a86bb2b50e7cb66a56121d17	ftp.sra.ebi.ac.uk/vol1/fastq/SRR265/090/SRR26540990/SRR26540990_1.fastq.gz;ftp.sra.ebi.ac.uk/vol1/fastq/SRR265/090/SRR26540990/SRR26540990_2.fastq.gz
SRR26540991	SAMN38001584	Human sample from Homo sapiens	RNA-Seq	TRANSCRIPTOMIC SINGLE CELL	PolyA	h05B_P	Illumina NovaSeq 6000 sequencing: scRNAseq of Homo sapiens: adult female breast	27d6cfa6bceeedcb8b1eebe80b55183e;7f0c5672b8cd9c21fe40cdb78c641324	ftp.sra.ebi.ac.uk/vol1/fastq/SRR265/091/SRR26540991/SRR26540991_1.fastq.gz;ftp.sra.ebi.ac.uk/vol1/fastq/SRR265/091/SRR26540991/SRR26540991_2.fastq.gz
SRR26540989	SAMN38001570	Human sample from Homo sapiens	RNA-Seq	TRANSCRIPTOMIC SINGLE CELL	PolyA	h01C_TCR	Illumina NovaSeq 6000 sequencing: scRNAseq of Homo sapiens: adult female breast	c6df8cbbba84a2b822319dc56b160944;1032852d8beb71ecbd6eeee0ec560844	ftp.sra.ebi.ac.uk/vol1/fastq/SRR265/089/SRR26540989/SRR26540989_1.fastq.gz;ftp.sra.ebi.ac.uk/vol1/fastq/SRR265/089/SRR26540989/SRR26540989_2.fastq.gz
SRR26540992	SAMN38001583	Human sample from Homo sapiens	RNA-Seq	TRANSCRIPTOMIC SINGLE CELL	PolyA	h05A_TCR	Illumina NovaSeq 6000 sequencing: scRNAseq of Homo sapiens: adult female breast	91559d87fc68b90dfae60617fae30701;24df2f54616b0d7e5160949ffc40b953	ftp.sra.ebi.ac.uk/vol1/fastq/SRR265/092/SRR26540992/SRR26540992_1.fastq.gz;ftp.sra.ebi.ac.uk/vol1/fastq/SRR265/092/SRR26540992/SRR26540992_2.fastq.gz
SRR26540995	SAMN38001578	Human sample from Homo sapiens	RNA-Seq	TRANSCRIPTOMIC SINGLE CELL	PolyA	h03C1_P	Illumina NovaSeq 6000 sequencing: scRNAseq of Homo sapiens: adult female breast	6d63878eea5ddebfd92c701df5902232;f7c6a48cd185222b565f59a8c946c59f	ftp.sra.ebi.ac.uk/vol1/fastq/SRR265/095/SRR26540995/SRR26540995_1.fastq.gz;ftp.sra.ebi.ac.uk/vol1/fastq/SRR265/095/SRR26540995/SRR26540995_2.fastq.gz
SRR26540996	SAMN38001582	Human sample from Homo sapiens	RNA-Seq	TRANSCRIPTOMIC SINGLE CELL	PolyA	h04C_TCR	Illumina NovaSeq 6000 sequencing: scRNAseq of Homo sapiens: adult female breast	558bfa1b0c2e5b914d0722a796e0dcbd;d2adf4deeea5264ccc91735f7a922225	ftp.sra.ebi.ac.uk/vol1/fastq/SRR265/096/SRR26540996/SRR26540996_1.fastq.gz;ftp.sra.ebi.ac.uk/vol1/fastq/SRR265/096/SRR26540996/SRR26540996_2.fastq.gz
SRR26540993	SAMN38001583	Human sample from Homo sapiens	RNA-Seq	TRANSCRIPTOMIC SINGLE CELL	PolyA	h05A_P	Illumina NovaSeq 6000 sequencing: scRNAseq of Homo sapiens: adult female breast	fb1ea410a141d374d0403bde4da1e8f8;148718bdd0c18f08ca9978655486ad2f	ftp.sra.ebi.ac.uk/vol1/fastq/SRR265/093/SRR26540993/SRR26540993_1.fastq.gz;ftp.sra.ebi.ac.uk/vol1/fastq/SRR265/093/SRR26540993/SRR26540993_2.fastq.gz
SRR26541000	SAMN38001671	Human sample from Homo sapiens	RNA-Seq	TRANSCRIPTOMIC SINGLE CELL	PolyA	h66B_TCR	Illumina NovaSeq 6000 sequencing: scRNAseq of Homo sapiens: adult female breast	be901bd273892fc47bd85d6820d78299;74a8a27d41578d4600beb5706caf150c	ftp.sra.ebi.ac.uk/vol1/fastq/SRR265/000/SRR26541000/SRR26541000_1.fastq.gz;ftp.sra.ebi.ac.uk/vol1/fastq/SRR265/000/SRR26541000/SRR26541000_2.fastq.gz
SRR26541007	SAMN38001605	Human sample from Homo sapiens	RNA-Seq	TRANSCRIPTOMIC SINGLE CELL	PolyA	h15B_P	Illumina NovaSeq 6000 sequencing: scRNAseq of Homo sapiens: adult female breast	0bf066f81b8f806cb2581d7cb374bb3f;4d4b9e843deb61ac8ba769ad03d85d79	ftp.sra.ebi.ac.uk/vol1/fastq/SRR265/007/SRR26541007/SRR26541007_1.fastq.gz;ftp.sra.ebi.ac.uk/vol1/fastq/SRR265/007/SRR26541007/SRR26541007_2.fastq.gz
SRR26541001	SAMN38001671	Human sample from Homo sapiens	RNA-Seq	TRANSCRIPTOMIC SINGLE CELL	PolyA	h66B_N	Illumina NovaSeq 6000 sequencing: scRNAseq of Homo sapiens: adult female breast	b433603173130cdeb7b61df1728dfcb4;7f9f824dcab15a437bbbe8c195a72ca6	ftp.sra.ebi.ac.uk/vol1/fastq/SRR265/001/SRR26541001/SRR26541001_1.fastq.gz;ftp.sra.ebi.ac.uk/vol1/fastq/SRR265/001/SRR26541001/SRR26541001_2.fastq.gz
SRR26541011	SAMN38001602	Human sample from Homo sapiens	RNA-Seq	TRANSCRIPTOMIC SINGLE CELL	PolyA	h12B_TCR	Illumina NovaSeq 6000 sequencing: scRNAseq of Homo sapiens: adult female breast	7a1463973ae6bed26bb9fbae9f38550f;b8efcff6d06f28942eab2e052faf8cc3	ftp.sra.ebi.ac.uk/vol1/fastq/SRR265/011/SRR26541011/SRR26541011_1.fastq.gz;ftp.sra.ebi.ac.uk/vol1/fastq/SRR265/011/SRR26541011/SRR26541011_2.fastq.gz
SRR26541002	SAMN38001671	Human sample from Homo sapiens	RNA-Seq	TRANSCRIPTOMIC SINGLE CELL	PolyA	h66B_P	Illumina NovaSeq 6000 sequencing: scRNAseq of Homo sapiens: adult female breast	92b9fee4918e73e22ff72d030ff2c8a3;7c5318d0b0fcc58d65f30ff1f2ba1f4e	ftp.sra.ebi.ac.uk/vol1/fastq/SRR265/002/SRR26541002/SRR26541002_1.fastq.gz;ftp.sra.ebi.ac.uk/vol1/fastq/SRR265/002/SRR26541002/SRR26541002_2.fastq.gz
SRR26541016	SAMN38001600	Human sample from Homo sapiens	RNA-Seq	TRANSCRIPTOMIC SINGLE CELL	PolyA	h11C_P	Illumina NovaSeq 6000 sequencing: scRNAseq of Homo sapiens: adult female breast	187887ec141d88b6a131cb784a89bfa9;aa9e83e2938438d02bfdef6a4d8ffa19	ftp.sra.ebi.ac.uk/vol1/fastq/SRR265/016/SRR26541016/SRR26541016_1.fastq.gz;ftp.sra.ebi.ac.uk/vol1/fastq/SRR265/016/SRR26541016/SRR26541016_2.fastq.gz
SRR26541004	SAMN38001670	Human sample from Homo sapiens	RNA-Seq	TRANSCRIPTOMIC SINGLE CELL	PolyA	h66A_N	Illumina NovaSeq 6000 sequencing: scRNAseq of Homo sapiens: adult female breast	877072d3b2e2970d31ae4b1ce9265127;4dba51941d6ebe0f89de4cefd7b56261	ftp.sra.ebi.ac.uk/vol1/fastq/SRR265/004/SRR26541004/SRR26541004_1.fastq.gz;ftp.sra.ebi.ac.uk/vol1/fastq/SRR265/004/SRR26541004/SRR26541004_2.fastq.gz
SRR26541020	SAMN38001598	Human sample from Homo sapiens	RNA-Seq	TRANSCRIPTOMIC SINGLE CELL	PolyA	h11A_TCR	Illumina NovaSeq 6000 sequencing: scRNAseq of Homo sapiens: adult female breast	ba9d22f86ce66b973147d800b819b127;c48578e3b2ffc8609df516fd7add9a2a	ftp.sra.ebi.ac.uk/vol1/fastq/SRR265/020/SRR26541020/SRR26541020_1.fastq.gz;ftp.sra.ebi.ac.uk/vol1/fastq/SRR265/020/SRR26541020/SRR26541020_2.fastq.gz
SRR26541008	SAMN38001604	Human sample from Homo sapiens	RNA-Seq	TRANSCRIPTOMIC SINGLE CELL	PolyA	h15A_P	Illumina NovaSeq 6000 sequencing: scRNAseq of Homo sapiens: adult female breast	0d8ea34f141782a953d8443570c8a523;4608f05064591b6577bb727712201fff	ftp.sra.ebi.ac.uk/vol1/fastq/SRR265/008/SRR26541008/SRR26541008_1.fastq.gz;ftp.sra.ebi.ac.uk/vol1/fastq/SRR265/008/SRR26541008/SRR26541008_2.fastq.gz
SRR26541022	SAMN38001597	Human sample from Homo sapiens	RNA-Seq	TRANSCRIPTOMIC SINGLE CELL	PolyA	h10C_TCR	Illumina NovaSeq 6000 sequencing: scRNAseq of Homo sapiens: adult female breast	4c29e51003c84923434245aa33ef1270;442f7b7235e54328d8236047b2af674b	ftp.sra.ebi.ac.uk/vol1/fastq/SRR265/022/SRR26541022/SRR26541022_1.fastq.gz;ftp.sra.ebi.ac.uk/vol1/fastq/SRR265/022/SRR26541022/SRR26541022_2.fastq.gz
SRR26541009	SAMN38001603	Human sample from Homo sapiens	RNA-Seq	TRANSCRIPTOMIC SINGLE CELL	PolyA	h12C_TCR	Illumina NovaSeq 6000 sequencing: scRNAseq of Homo sapiens: adult female breast	c7578ec0e59d31f818c24afe8aa67e55;1eb6632a6450a905c63d002d4499b836	ftp.sra.ebi.ac.uk/vol1/fastq/SRR265/009/SRR26541009/SRR26541009_1.fastq.gz;ftp.sra.ebi.ac.uk/vol1/fastq/SRR265/009/SRR26541009/SRR26541009_2.fastq.gz
SRR26541027	SAMN38001595	Human sample from Homo sapiens	RNA-Seq	TRANSCRIPTOMIC SINGLE CELL	PolyA	h10A_P	Illumina NovaSeq 6000 sequencing: scRNAseq of Homo sapiens: adult female breast	ce20be09e5dc6597be6e1867c7c2550d;c94641452c732744597b75183ac05299	ftp.sra.ebi.ac.uk/vol1/fastq/SRR265/027/SRR26541027/SRR26541027_1.fastq.gz;ftp.sra.ebi.ac.uk/vol1/fastq/SRR265/027/SRR26541027/SRR26541027_2.fastq.gz
SRR26541013	SAMN38001601	Human sample from Homo sapiens	RNA-Seq	TRANSCRIPTOMIC SINGLE CELL	PolyA	h12A_TCR	Illumina NovaSeq 6000 sequencing: scRNAseq of Homo sapiens: adult female breast	9ba8b0581e97e1b6dbaec2ac67e7d80c;76debe2bd3bf4beb822711b29f5f0380	ftp.sra.ebi.ac.uk/vol1/fastq/SRR265/013/SRR26541013/SRR26541013_1.fastq.gz;ftp.sra.ebi.ac.uk/vol1/fastq/SRR265/013/SRR26541013/SRR26541013_2.fastq.gz
SRR26541030	SAMN38001594	Human sample from Homo sapiens	RNA-Seq	TRANSCRIPTOMIC SINGLE CELL	PolyA	h09C_P	Illumina NovaSeq 6000 sequencing: scRNAseq of Homo sapiens: adult female breast	2bb71a5744b49aef403bee7401e64f6f;597d692bcc0183b1ca7a035bbf9aac73	ftp.sra.ebi.ac.uk/vol1/fastq/SRR265/030/SRR26541030/SRR26541030_1.fastq.gz;ftp.sra.ebi.ac.uk/vol1/fastq/SRR265/030/SRR26541030/SRR26541030_2.fastq.gz
SRR26541015	SAMN38001600	Human sample from Homo sapiens	RNA-Seq	TRANSCRIPTOMIC SINGLE CELL	PolyA	h11C_TCR	Illumina NovaSeq 6000 sequencing: scRNAseq of Homo sapiens: adult female breast	a8fc70052b06fe72dd1b1ba3c30056bd;4f2dc9f2cce53a4e62e2dd39f0dc0589	ftp.sra.ebi.ac.uk/vol1/fastq/SRR265/015/SRR26541015/SRR26541015_1.fastq.gz;ftp.sra.ebi.ac.uk/vol1/fastq/SRR265/015/SRR26541015/SRR26541015_2.fastq.gz
SRR26541032	SAMN38001593	Human sample from Homo sapiens	RNA-Seq	TRANSCRIPTOMIC SINGLE CELL	PolyA	h09B_P	Illumina NovaSeq 6000 sequencing: scRNAseq of Homo sapiens: adult female breast	c518d48deb8b5917b7def9f21f37cb7c;f5ef0e1b64668128d34d7f49e7a6ba7c	ftp.sra.ebi.ac.uk/vol1/fastq/SRR265/032/SRR26541032/SRR26541032_1.fastq.gz;ftp.sra.ebi.ac.uk/vol1/fastq/SRR265/032/SRR26541032/SRR26541032_2.fastq.gz
SRR26541025	SAMN38001596	Human sample from Homo sapiens	RNA-Seq	TRANSCRIPTOMIC SINGLE CELL	PolyA	h10B_P	Illumina NovaSeq 6000 sequencing: scRNAseq of Homo sapiens: adult female breast	4ce1fc34d66de5dea6a5a9392118431e;1d522b4835215edba3b06aaa0eb36099	ftp.sra.ebi.ac.uk/vol1/fastq/SRR265/025/SRR26541025/SRR26541025_1.fastq.gz;ftp.sra.ebi.ac.uk/vol1/fastq/SRR265/025/SRR26541025/SRR26541025_2.fastq.gz
SRR26541033	SAMN38001592	Human sample from Homo sapiens	RNA-Seq	TRANSCRIPTOMIC SINGLE CELL	PolyA	h09A_TCR	Illumina NovaSeq 6000 sequencing: scRNAseq of Homo sapiens: adult female breast	828f3db46886bfd2d54de0525be843b9;16399576584f5de5cbe294056752288a	ftp.sra.ebi.ac.uk/vol1/fastq/SRR265/033/SRR26541033/SRR26541033_1.fastq.gz;ftp.sra.ebi.ac.uk/vol1/fastq/SRR265/033/SRR26541033/SRR26541033_2.fastq.gz
SRR26541028	SAMN38001571	Human sample from Homo sapiens	RNA-Seq	TRANSCRIPTOMIC SINGLE CELL	PolyA	h02A_TCR	Illumina NovaSeq 6000 sequencing: scRNAseq of Homo sapiens: adult female breast	d1f40e5a3aea4ff958771ac10b5c0aec;74096410ef10bb4072610139027685c2	ftp.sra.ebi.ac.uk/vol1/fastq/SRR265/028/SRR26541028/SRR26541028_1.fastq.gz;ftp.sra.ebi.ac.uk/vol1/fastq/SRR265/028/SRR26541028/SRR26541028_2.fastq.gz
SRR26541034	SAMN38001592	Human sample from Homo sapiens	RNA-Seq	TRANSCRIPTOMIC SINGLE CELL	PolyA	h09A_P	Illumina NovaSeq 6000 sequencing: scRNAseq of Homo sapiens: adult female breast	071ff2b4ae645f2d3fbf0be5eece802f;13a4ba2cf9f32a52924e4b4b8df75fc9	ftp.sra.ebi.ac.uk/vol1/fastq/SRR265/034/SRR26541034/SRR26541034_1.fastq.gz;ftp.sra.ebi.ac.uk/vol1/fastq/SRR265/034/SRR26541034/SRR26541034_2.fastq.gz
SRR26541029	SAMN38001594	Human sample from Homo sapiens	RNA-Seq	TRANSCRIPTOMIC SINGLE CELL	PolyA	h09C_TCR	Illumina NovaSeq 6000 sequencing: scRNAseq of Homo sapiens: adult female breast	3159d7c0358442967e2057512ee3b2f2;7032651c8c81d043ceb026197e0ccabf	ftp.sra.ebi.ac.uk/vol1/fastq/SRR265/029/SRR26541029/SRR26541029_1.fastq.gz;ftp.sra.ebi.ac.uk/vol1/fastq/SRR265/029/SRR26541029/SRR26541029_2.fastq.gz
SRR26541035	SAMN38001591	Human sample from Homo sapiens	RNA-Seq	TRANSCRIPTOMIC SINGLE CELL	PolyA	h07C_TCR	Illumina NovaSeq 6000 sequencing: scRNAseq of Homo sapiens: adult female breast	9faee3f1ab2928f584c89b247c11dcc3;3fef5c5317452806bde38be275bd5910	ftp.sra.ebi.ac.uk/vol1/fastq/SRR265/035/SRR26541035/SRR26541035_1.fastq.gz;ftp.sra.ebi.ac.uk/vol1/fastq/SRR265/035/SRR26541035/SRR26541035_2.fastq.gz
SRR26541031	SAMN38001593	Human sample from Homo sapiens	RNA-Seq	TRANSCRIPTOMIC SINGLE CELL	PolyA	h09B_TCR	Illumina NovaSeq 6000 sequencing: scRNAseq of Homo sapiens: adult female breast	178197c4c74bb4248deabfb7c3518d2e;b24ca32da73f48bad07672205811622c	ftp.sra.ebi.ac.uk/vol1/fastq/SRR265/031/SRR26541031/SRR26541031_1.fastq.gz;ftp.sra.ebi.ac.uk/vol1/fastq/SRR265/031/SRR26541031/SRR26541031_2.fastq.gz
SRR26541038	SAMN38001662	Human sample from Homo sapiens	RNA-Seq	TRANSCRIPTOMIC SINGLE CELL	PolyA	h57B_P	Illumina NovaSeq 6000 sequencing: scRNAseq of Homo sapiens: adult female breast	ade9e32a9bbeb3a94e4c4342e652fc6f;fa9a98404a8adacff286b43ddc2d3662	ftp.sra.ebi.ac.uk/vol1/fastq/SRR265/038/SRR26541038/SRR26541038_1.fastq.gz;ftp.sra.ebi.ac.uk/vol1/fastq/SRR265/038/SRR26541038/SRR26541038_2.fastq.gz
SRR26541037	SAMN38001590	Human sample from Homo sapiens	RNA-Seq	TRANSCRIPTOMIC SINGLE CELL	PolyA	h07B_TCR	Illumina NovaSeq 6000 sequencing: scRNAseq of Homo sapiens: adult female breast	b7ecfbcf2530f35230c3f92b92f1a3cd;0c9cf608e5c66580de1918582ff664dd	ftp.sra.ebi.ac.uk/vol1/fastq/SRR265/037/SRR26541037/SRR26541037_1.fastq.gz;ftp.sra.ebi.ac.uk/vol1/fastq/SRR265/037/SRR26541037/SRR26541037_2.fastq.gz
SRR26541045	SAMN38001659	Human sample from Homo sapiens	RNA-Seq	TRANSCRIPTOMIC SINGLE CELL	PolyA	h56B_N	Illumina NovaSeq 6000 sequencing: scRNAseq of Homo sapiens: adult female breast	be9ceeef222c6e9b4ca4ff9dd8e70baf;ca7818dcc1afca64cee15e3e0add0058	ftp.sra.ebi.ac.uk/vol1/fastq/SRR265/045/SRR26541045/SRR26541045_1.fastq.gz;ftp.sra.ebi.ac.uk/vol1/fastq/SRR265/045/SRR26541045/SRR26541045_2.fastq.gz
SRR26541039	SAMN38001661	Human sample from Homo sapiens	RNA-Seq	TRANSCRIPTOMIC SINGLE CELL	PolyA	h57A_N	Illumina NovaSeq 6000 sequencing: scRNAseq of Homo sapiens: adult female breast	e1a8b74f5b9bbd507c33ea06cf7d6a76;4a4cc3ebf1429e34fa23b5dcbe5d1766	ftp.sra.ebi.ac.uk/vol1/fastq/SRR265/039/SRR26541039/SRR26541039_1.fastq.gz;ftp.sra.ebi.ac.uk/vol1/fastq/SRR265/039/SRR26541039/SRR26541039_2.fastq.gz
SRR26541046	SAMN38001580	Human sample from Homo sapiens	RNA-Seq	TRANSCRIPTOMIC SINGLE CELL	PolyA	h04A_TCR	Illumina NovaSeq 6000 sequencing: scRNAseq of Homo sapiens: adult female breast	5acc2652326217811c822fbf53c2bc84;b60d6fa1f0a13046874ced5ab65ba9fc	ftp.sra.ebi.ac.uk/vol1/fastq/SRR265/046/SRR26541046/SRR26541046_1.fastq.gz;ftp.sra.ebi.ac.uk/vol1/fastq/SRR265/046/SRR26541046/SRR26541046_2.fastq.gz
SRR26541041	SAMN38001660	Human sample from Homo sapiens	RNA-Seq	TRANSCRIPTOMIC SINGLE CELL	PolyA	h56C_TCR	Illumina NovaSeq 6000 sequencing: scRNAseq of Homo sapiens: adult female breast	7cf75043e4adbd22a9c039208af57692;123421cf6eea05d50c335fab7bd3b251	ftp.sra.ebi.ac.uk/vol1/fastq/SRR265/041/SRR26541041/SRR26541041_1.fastq.gz;ftp.sra.ebi.ac.uk/vol1/fastq/SRR265/041/SRR26541041/SRR26541041_2.fastq.gz
SRR26541043	SAMN38001660	Human sample from Homo sapiens	RNA-Seq	TRANSCRIPTOMIC SINGLE CELL	PolyA	h56C_P	Illumina NovaSeq 6000 sequencing: scRNAseq of Homo sapiens: adult female breast	cba33caff77d3ba730498e138fc71f92;dd00b7a98d58afda4418383cc17d0e60	ftp.sra.ebi.ac.uk/vol1/fastq/SRR265/043/SRR26541043/SRR26541043_1.fastq.gz;ftp.sra.ebi.ac.uk/vol1/fastq/SRR265/043/SRR26541043/SRR26541043_2.fastq.gz
SRR26541047	SAMN38001659	Human sample from Homo sapiens	RNA-Seq	TRANSCRIPTOMIC SINGLE CELL	PolyA	h56B_P	Illumina NovaSeq 6000 sequencing: scRNAseq of Homo sapiens: adult female breast	9933a45f939832832eef30571e5c162c;638ddc8c8ff365d6df968d1581963c68	ftp.sra.ebi.ac.uk/vol1/fastq/SRR265/047/SRR26541047/SRR26541047_1.fastq.gz;ftp.sra.ebi.ac.uk/vol1/fastq/SRR265/047/SRR26541047/SRR26541047_2.fastq.gz
SRR26541044	SAMN38001659	Human sample from Homo sapiens	RNA-Seq	TRANSCRIPTOMIC SINGLE CELL	PolyA	h56B_TCR	Illumina NovaSeq 6000 sequencing: scRNAseq of Homo sapiens: adult female breast	6d88f0e1b2e093544798684b3bf01daf;208b6b077363ec2408d2dfd0b209dd2f	ftp.sra.ebi.ac.uk/vol1/fastq/SRR265/044/SRR26541044/SRR26541044_1.fastq.gz;ftp.sra.ebi.ac.uk/vol1/fastq/SRR265/044/SRR26541044/SRR26541044_2.fastq.gz
SRR26541049	SAMN38001658	Human sample from Homo sapiens	RNA-Seq	TRANSCRIPTOMIC SINGLE CELL	PolyA	h56A_N	Illumina NovaSeq 6000 sequencing: scRNAseq of Homo sapiens: adult female breast	2b62df0de8ce09e7b0f3dfe83e318612;2ef1b30459c5580c853c8f8f6384d0ff	ftp.sra.ebi.ac.uk/vol1/fastq/SRR265/049/SRR26541049/SRR26541049_1.fastq.gz;ftp.sra.ebi.ac.uk/vol1/fastq/SRR265/049/SRR26541049/SRR26541049_2.fastq.gz
SRR26541048	SAMN38001658	Human sample from Homo sapiens	RNA-Seq	TRANSCRIPTOMIC SINGLE CELL	PolyA	h56A_TCR	Illumina NovaSeq 6000 sequencing: scRNAseq of Homo sapiens: adult female breast	f215b04800d22e878f0a3184f23d39ac;da17d326e4a7b5693430f398ef2f341b	ftp.sra.ebi.ac.uk/vol1/fastq/SRR265/048/SRR26541048/SRR26541048_1.fastq.gz;ftp.sra.ebi.ac.uk/vol1/fastq/SRR265/048/SRR26541048/SRR26541048_2.fastq.gz
SRR26541051	SAMN38001657	Human sample from Homo sapiens	RNA-Seq	TRANSCRIPTOMIC SINGLE CELL	PolyA	h53C_TCR	Illumina NovaSeq 6000 sequencing: scRNAseq of Homo sapiens: adult female breast	2b4654a499f2a4802c24cd5cdebc2c32;207ff79efe14f9c8b97bc5cdba97e844	ftp.sra.ebi.ac.uk/vol1/fastq/SRR265/051/SRR26541051/SRR26541051_1.fastq.gz;ftp.sra.ebi.ac.uk/vol1/fastq/SRR265/051/SRR26541051/SRR26541051_2.fastq.gz
SRR26541054	SAMN38001656	Human sample from Homo sapiens	RNA-Seq	TRANSCRIPTOMIC SINGLE CELL	PolyA	h53B_TCR	Illumina NovaSeq 6000 sequencing: scRNAseq of Homo sapiens: adult female breast	e7818c84fd629a0fd20aa6fcf0559ffa;1239ec4ee47f168d80de7a3347be8464	ftp.sra.ebi.ac.uk/vol1/fastq/SRR265/054/SRR26541054/SRR26541054_1.fastq.gz;ftp.sra.ebi.ac.uk/vol1/fastq/SRR265/054/SRR26541054/SRR26541054_2.fastq.gz
SRR26541055	SAMN38001656	Human sample from Homo sapiens	RNA-Seq	TRANSCRIPTOMIC SINGLE CELL	PolyA	h53B_N	Illumina NovaSeq 6000 sequencing: scRNAseq of Homo sapiens: adult female breast	6448606561478845ccda152ff9b4b77d;f2a31e389314d58c84a869c334de4dce	ftp.sra.ebi.ac.uk/vol1/fastq/SRR265/055/SRR26541055/SRR26541055_1.fastq.gz;ftp.sra.ebi.ac.uk/vol1/fastq/SRR265/055/SRR26541055/SRR26541055_2.fastq.gz
SRR26541058	SAMN38001570	Human sample from Homo sapiens	RNA-Seq	TRANSCRIPTOMIC SINGLE CELL	PolyA	h01C_P	Illumina NovaSeq 6000 sequencing: scRNAseq of Homo sapiens: adult female breast	d060893648e481637a6dfaa522332aae;f353201efd3989b270513213b88d9db8	ftp.sra.ebi.ac.uk/vol1/fastq/SRR265/058/SRR26541058/SRR26541058_1.fastq.gz;ftp.sra.ebi.ac.uk/vol1/fastq/SRR265/058/SRR26541058/SRR26541058_2.fastq.gz
SRR26541062	SAMN38001648	Human sample from Homo sapiens	RNA-Seq	TRANSCRIPTOMIC SINGLE CELL	PolyA	h47C_N	Illumina NovaSeq 6000 sequencing: scRNAseq of Homo sapiens: adult female breast	47e8a7b9aa5a048158a272968bfdcb20;0283d21d5423d4c147c57be60ab525e0	ftp.sra.ebi.ac.uk/vol1/fastq/SRR265/062/SRR26541062/SRR26541062_1.fastq.gz;ftp.sra.ebi.ac.uk/vol1/fastq/SRR265/062/SRR26541062/SRR26541062_2.fastq.gz
SRR26541050	SAMN38001658	Human sample from Homo sapiens	RNA-Seq	TRANSCRIPTOMIC SINGLE CELL	PolyA	h56A_P	Illumina NovaSeq 6000 sequencing: scRNAseq of Homo sapiens: adult female breast	db2d32ab4880241782ec7fc18ec14afa;2d25ee4b14befa573db1bc32144c8d30	ftp.sra.ebi.ac.uk/vol1/fastq/SRR265/050/SRR26541050/SRR26541050_1.fastq.gz;ftp.sra.ebi.ac.uk/vol1/fastq/SRR265/050/SRR26541050/SRR26541050_2.fastq.gz
SRR26541063	SAMN38001648	Human sample from Homo sapiens	RNA-Seq	TRANSCRIPTOMIC SINGLE CELL	PolyA	h47C_P	Illumina NovaSeq 6000 sequencing: scRNAseq of Homo sapiens: adult female breast	008ef05892c7920ccb38ed46aa3d98a9;c90ade7233ab9a643ee080f1e4be1c96	ftp.sra.ebi.ac.uk/vol1/fastq/SRR265/063/SRR26541063/SRR26541063_1.fastq.gz;ftp.sra.ebi.ac.uk/vol1/fastq/SRR265/063/SRR26541063/SRR26541063_2.fastq.gz
SRR26541053	SAMN38001657	Human sample from Homo sapiens	RNA-Seq	TRANSCRIPTOMIC SINGLE CELL	PolyA	h53C_P	Illumina NovaSeq 6000 sequencing: scRNAseq of Homo sapiens: adult female breast	a5ce7dd87c63ef5f94819d9714fd0047;c2f3a6619350f42ce5dbca084b10c070	ftp.sra.ebi.ac.uk/vol1/fastq/SRR265/053/SRR26541053/SRR26541053_1.fastq.gz;ftp.sra.ebi.ac.uk/vol1/fastq/SRR265/053/SRR26541053/SRR26541053_2.fastq.gz
SRR26541071	SAMN38001645	Human sample from Homo sapiens	RNA-Seq	TRANSCRIPTOMIC SINGLE CELL	PolyA	h46C_TCR	Illumina NovaSeq 6000 sequencing: scRNAseq of Homo sapiens: adult female breast	114e480818bd0a3d0bd5744f6790332a;bf7b6f9bd7b12bb621d34d9512b8f920	ftp.sra.ebi.ac.uk/vol1/fastq/SRR265/071/SRR26541071/SRR26541071_1.fastq.gz;ftp.sra.ebi.ac.uk/vol1/fastq/SRR265/071/SRR26541071/SRR26541071_2.fastq.gz
SRR26541059	SAMN38001655	Human sample from Homo sapiens	RNA-Seq	TRANSCRIPTOMIC SINGLE CELL	PolyA	h53A_TCR	Illumina NovaSeq 6000 sequencing: scRNAseq of Homo sapiens: adult female breast	92ce8bdf96d240a69c7c6466c042b351;c740828d04c71f6f669b74c06df5ec05	ftp.sra.ebi.ac.uk/vol1/fastq/SRR265/059/SRR26541059/SRR26541059_1.fastq.gz;ftp.sra.ebi.ac.uk/vol1/fastq/SRR265/059/SRR26541059/SRR26541059_2.fastq.gz
SRR26541073	SAMN38001645	Human sample from Homo sapiens	RNA-Seq	TRANSCRIPTOMIC SINGLE CELL	PolyA	h46C_P	Illumina NovaSeq 6000 sequencing: scRNAseq of Homo sapiens: adult female breast	e8f9241255b51bdb36a3b6b0a98817d6;d89af98513aa652da4d80f939b003b84	ftp.sra.ebi.ac.uk/vol1/fastq/SRR265/073/SRR26541073/SRR26541073_1.fastq.gz;ftp.sra.ebi.ac.uk/vol1/fastq/SRR265/073/SRR26541073/SRR26541073_2.fastq.gz
SRR26541066	SAMN38001647	Human sample from Homo sapiens	RNA-Seq	TRANSCRIPTOMIC SINGLE CELL	PolyA	h47B_P	Illumina NovaSeq 6000 sequencing: scRNAseq of Homo sapiens: adult female breast	d81f9ee89efe38d618ea409daaea06f5;d84fc20625b9f8bc274b418b5a350f1e	ftp.sra.ebi.ac.uk/vol1/fastq/SRR265/066/SRR26541066/SRR26541066_1.fastq.gz;ftp.sra.ebi.ac.uk/vol1/fastq/SRR265/066/SRR26541066/SRR26541066_2.fastq.gz
SRR26541074	SAMN38001644	Human sample from Homo sapiens	RNA-Seq	TRANSCRIPTOMIC SINGLE CELL	PolyA	h46B_TCR	Illumina NovaSeq 6000 sequencing: scRNAseq of Homo sapiens: adult female breast	f193ab58201b2854a3bfd8d408286ee5;f91ad6c84503893ae8c467b15fbfded7	ftp.sra.ebi.ac.uk/vol1/fastq/SRR265/074/SRR26541074/SRR26541074_1.fastq.gz;ftp.sra.ebi.ac.uk/vol1/fastq/SRR265/074/SRR26541074/SRR26541074_2.fastq.gz
SRR26541067	SAMN38001646	Human sample from Homo sapiens	RNA-Seq	TRANSCRIPTOMIC SINGLE CELL	PolyA	h47A_TCR	Illumina NovaSeq 6000 sequencing: scRNAseq of Homo sapiens: adult female breast	6993c05080c5485046136583f2e5a35d;d0e0b6bbc9333842c2a1b0415d55fe66	ftp.sra.ebi.ac.uk/vol1/fastq/SRR265/067/SRR26541067/SRR26541067_1.fastq.gz;ftp.sra.ebi.ac.uk/vol1/fastq/SRR265/067/SRR26541067/SRR26541067_2.fastq.gz
SRR26541076	SAMN38001643	Human sample from Homo sapiens	RNA-Seq	TRANSCRIPTOMIC SINGLE CELL	PolyA	h46A_TCR	Illumina NovaSeq 6000 sequencing: scRNAseq of Homo sapiens: adult female breast	8ee4ff5fca78c6d3b3c0df2737565af5;e94298909040557eee4286457e44f954	ftp.sra.ebi.ac.uk/vol1/fastq/SRR265/076/SRR26541076/SRR26541076_1.fastq.gz;ftp.sra.ebi.ac.uk/vol1/fastq/SRR265/076/SRR26541076/SRR26541076_2.fastq.gz
SRR26541069	SAMN38001646	Human sample from Homo sapiens	RNA-Seq	TRANSCRIPTOMIC SINGLE CELL	PolyA	h47A_P	Illumina NovaSeq 6000 sequencing: scRNAseq of Homo sapiens: adult female breast	87810a99ead991187e4e0d7b83918d86;7d6f903401449c362c5981cde8572d34	ftp.sra.ebi.ac.uk/vol1/fastq/SRR265/069/SRR26541069/SRR26541069_1.fastq.gz;ftp.sra.ebi.ac.uk/vol1/fastq/SRR265/069/SRR26541069/SRR26541069_2.fastq.gz
SRR26541079	SAMN38001643	Human sample from Homo sapiens	RNA-Seq	TRANSCRIPTOMIC SINGLE CELL	PolyA	h46A_P	Illumina NovaSeq 6000 sequencing: scRNAseq of Homo sapiens: adult female breast	f65301c98144908c990d256c42d2cc46;e5709f8c92de3a19598a205469935a1d	ftp.sra.ebi.ac.uk/vol1/fastq/SRR265/079/SRR26541079/SRR26541079_1.fastq.gz;ftp.sra.ebi.ac.uk/vol1/fastq/SRR265/079/SRR26541079/SRR26541079_2.fastq.gz
SRR26541072	SAMN38001645	Human sample from Homo sapiens	RNA-Seq	TRANSCRIPTOMIC SINGLE CELL	PolyA	h46C_N	Illumina NovaSeq 6000 sequencing: scRNAseq of Homo sapiens: adult female breast	5647710aecf9079c8e1fdcd42c3017b8;e735f2f50a31efc12ff7e21ef34a720f	ftp.sra.ebi.ac.uk/vol1/fastq/SRR265/072/SRR26541072/SRR26541072_1.fastq.gz;ftp.sra.ebi.ac.uk/vol1/fastq/SRR265/072/SRR26541072/SRR26541072_2.fastq.gz
SRR26541081	SAMN38001577	Human sample from Homo sapiens	RNA-Seq	TRANSCRIPTOMIC SINGLE CELL	PolyA	h03B2_P	Illumina NovaSeq 6000 sequencing: scRNAseq of Homo sapiens: adult female breast	e1fa27a734eb8869bdd4253f6ab65f26;6e991c83e33bee68a837bb2ebf14b999	ftp.sra.ebi.ac.uk/vol1/fastq/SRR265/081/SRR26541081/SRR26541081_1.fastq.gz;ftp.sra.ebi.ac.uk/vol1/fastq/SRR265/081/SRR26541081/SRR26541081_2.fastq.gz
SRR26541083	SAMN38001642	Human sample from Homo sapiens	RNA-Seq	TRANSCRIPTOMIC SINGLE CELL	PolyA	h45C_P	Illumina NovaSeq 6000 sequencing: scRNAseq of Homo sapiens: adult female breast	c471d6e767c89f1b3846242767d5c077;de60b9ab31ca3d357fbe6af7c7b0a567	ftp.sra.ebi.ac.uk/vol1/fastq/SRR265/083/SRR26541083/SRR26541083_1.fastq.gz;ftp.sra.ebi.ac.uk/vol1/fastq/SRR265/083/SRR26541083/SRR26541083_2.fastq.gz
SRR26541084	SAMN38001641	Human sample from Homo sapiens	RNA-Seq	TRANSCRIPTOMIC SINGLE CELL	PolyA	h45B_TCR	Illumina NovaSeq 6000 sequencing: scRNAseq of Homo sapiens: adult female breast	ba25a77e6e8a45697dfe23a219bdd9c0;503ba47952f527fab7f2862324e79cfe	ftp.sra.ebi.ac.uk/vol1/fastq/SRR265/084/SRR26541084/SRR26541084_1.fastq.gz;ftp.sra.ebi.ac.uk/vol1/fastq/SRR265/084/SRR26541084/SRR26541084_2.fastq.gz
SRR26541087	SAMN38001640	Human sample from Homo sapiens	RNA-Seq	TRANSCRIPTOMIC SINGLE CELL	PolyA	h45A_TCR	Illumina NovaSeq 6000 sequencing: scRNAseq of Homo sapiens: adult female breast	1449f0cfde84c0e428a8b676c143b3d4;a01b3e8efb08354e21c0ebb1b708f021	ftp.sra.ebi.ac.uk/vol1/fastq/SRR265/087/SRR26541087/SRR26541087_1.fastq.gz;ftp.sra.ebi.ac.uk/vol1/fastq/SRR265/087/SRR26541087/SRR26541087_2.fastq.gz
SRR26541089	SAMN38001640	Human sample from Homo sapiens	RNA-Seq	TRANSCRIPTOMIC SINGLE CELL	PolyA	h45A_P	Illumina NovaSeq 6000 sequencing: scRNAseq of Homo sapiens: adult female breast	3fa7e382fdeecbb3b83ae749b652d14f;24e48409541de86510d0cd154a6f58c8	ftp.sra.ebi.ac.uk/vol1/fastq/SRR265/089/SRR26541089/SRR26541089_1.fastq.gz;ftp.sra.ebi.ac.uk/vol1/fastq/SRR265/089/SRR26541089/SRR26541089_2.fastq.gz
SRR26541088	SAMN38001640	Human sample from Homo sapiens	RNA-Seq	TRANSCRIPTOMIC SINGLE CELL	PolyA	h45A_N	Illumina NovaSeq 6000 sequencing: scRNAseq of Homo sapiens: adult female breast	230fd4a4fe8a1a24fff61525d33426cb;67e0c119bf7f1676f4f1e4e331557cf6	ftp.sra.ebi.ac.uk/vol1/fastq/SRR265/088/SRR26541088/SRR26541088_1.fastq.gz;ftp.sra.ebi.ac.uk/vol1/fastq/SRR265/088/SRR26541088/SRR26541088_2.fastq.gz
SRR26541090	SAMN38001639	Human sample from Homo sapiens	RNA-Seq	TRANSCRIPTOMIC SINGLE CELL	PolyA	h43C_TCR	Illumina NovaSeq 6000 sequencing: scRNAseq of Homo sapiens: adult female breast	159a6f26f6878844650ab57ad8b04e7b;5a788da1da83a83effdb73325eb3817e	ftp.sra.ebi.ac.uk/vol1/fastq/SRR265/090/SRR26541090/SRR26541090_1.fastq.gz;ftp.sra.ebi.ac.uk/vol1/fastq/SRR265/090/SRR26541090/SRR26541090_2.fastq.gz
SRR26541091	SAMN38001639	Human sample from Homo sapiens	RNA-Seq	TRANSCRIPTOMIC SINGLE CELL	PolyA	h43C_N	Illumina NovaSeq 6000 sequencing: scRNAseq of Homo sapiens: adult female breast	7d8cd253e0bf6e86e14c6c7deead5191;32bfbb18eb863e11efad9c469e0978aa	ftp.sra.ebi.ac.uk/vol1/fastq/SRR265/091/SRR26541091/SRR26541091_1.fastq.gz;ftp.sra.ebi.ac.uk/vol1/fastq/SRR265/091/SRR26541091/SRR26541091_2.fastq.gz
SRR26541093	SAMN38001639	Human sample from Homo sapiens	RNA-Seq	TRANSCRIPTOMIC SINGLE CELL	PolyA	h43C_P	Illumina NovaSeq 6000 sequencing: scRNAseq of Homo sapiens: adult female breast	b4649adffa9abb74499aa73b15fd3a1b;238770539cf26b65503eec08e5d4d635	ftp.sra.ebi.ac.uk/vol1/fastq/SRR265/093/SRR26541093/SRR26541093_1.fastq.gz;ftp.sra.ebi.ac.uk/vol1/fastq/SRR265/093/SRR26541093/SRR26541093_2.fastq.gz
SRR26541095	SAMN38001638	Human sample from Homo sapiens	RNA-Seq	TRANSCRIPTOMIC SINGLE CELL	PolyA	h43B_N	Illumina NovaSeq 6000 sequencing: scRNAseq of Homo sapiens: adult female breast	066cc5701057c8f87085cfb9da26752b;b748e117ad05f2152a2e6438bdea769c	ftp.sra.ebi.ac.uk/vol1/fastq/SRR265/095/SRR26541095/SRR26541095_1.fastq.gz;ftp.sra.ebi.ac.uk/vol1/fastq/SRR265/095/SRR26541095/SRR26541095_2.fastq.gz
SRR26541096	SAMN38001638	Human sample from Homo sapiens	RNA-Seq	TRANSCRIPTOMIC SINGLE CELL	PolyA	h43B_P	Illumina NovaSeq 6000 sequencing: scRNAseq of Homo sapiens: adult female breast	4fb88fbd3e9ce4f3f952110dd3b39ee7;4506cf15e027974ba560ae227995d424	ftp.sra.ebi.ac.uk/vol1/fastq/SRR265/096/SRR26541096/SRR26541096_1.fastq.gz;ftp.sra.ebi.ac.uk/vol1/fastq/SRR265/096/SRR26541096/SRR26541096_2.fastq.gz
SRR26541094	SAMN38001638	Human sample from Homo sapiens	RNA-Seq	TRANSCRIPTOMIC SINGLE CELL	PolyA	h43B_TCR	Illumina NovaSeq 6000 sequencing: scRNAseq of Homo sapiens: adult female breast	4caf220be186c36b47e5d55fd3426422;515edf8d5adbe3845259e0d7b9ce7558	ftp.sra.ebi.ac.uk/vol1/fastq/SRR265/094/SRR26541094/SRR26541094_1.fastq.gz;ftp.sra.ebi.ac.uk/vol1/fastq/SRR265/094/SRR26541094/SRR26541094_2.fastq.gz
SRR26541099	SAMN38001637	Human sample from Homo sapiens	RNA-Seq	TRANSCRIPTOMIC SINGLE CELL	PolyA	h43A_P	Illumina NovaSeq 6000 sequencing: scRNAseq of Homo sapiens: adult female breast	98a5b4d7c57825e5ddc8f695f4498f99;5fd58925537cc1d4348d90cc94d664cf	ftp.sra.ebi.ac.uk/vol1/fastq/SRR265/099/SRR26541099/SRR26541099_1.fastq.gz;ftp.sra.ebi.ac.uk/vol1/fastq/SRR265/099/SRR26541099/SRR26541099_2.fastq.gz
SRR26541107	SAMN38001668	Human sample from Homo sapiens	RNA-Seq	TRANSCRIPTOMIC SINGLE CELL	PolyA	h64B_TCR	Illumina NovaSeq 6000 sequencing: scRNAseq of Homo sapiens: adult female breast	fa86f3656e45a711b80d0f30abd601bb;890de9c90f0bb96ca8a4cb4f719c6097	ftp.sra.ebi.ac.uk/vol1/fastq/SRR265/007/SRR26541107/SRR26541107_1.fastq.gz;ftp.sra.ebi.ac.uk/vol1/fastq/SRR265/007/SRR26541107/SRR26541107_2.fastq.gz
SRR26541097	SAMN38001637	Human sample from Homo sapiens	RNA-Seq	TRANSCRIPTOMIC SINGLE CELL	PolyA	h43A_TCR	Illumina NovaSeq 6000 sequencing: scRNAseq of Homo sapiens: adult female breast	6970f82e406815134e308d303971e569;6c8adac1f5bdc72abc871ef19f689cf4	ftp.sra.ebi.ac.uk/vol1/fastq/SRR265/097/SRR26541097/SRR26541097_1.fastq.gz;ftp.sra.ebi.ac.uk/vol1/fastq/SRR265/097/SRR26541097/SRR26541097_2.fastq.gz
SRR26541108	SAMN38001668	Human sample from Homo sapiens	RNA-Seq	TRANSCRIPTOMIC SINGLE CELL	PolyA	h64B_N	Illumina NovaSeq 6000 sequencing: scRNAseq of Homo sapiens: adult female breast	482e5cfc8e58217fe6dc5ed69dc70462;4586f6406bbe3abd7f42413bf190ea9b	ftp.sra.ebi.ac.uk/vol1/fastq/SRR265/008/SRR26541108/SRR26541108_1.fastq.gz;ftp.sra.ebi.ac.uk/vol1/fastq/SRR265/008/SRR26541108/SRR26541108_2.fastq.gz
SRR26541110	SAMN38001667	Human sample from Homo sapiens	RNA-Seq	TRANSCRIPTOMIC SINGLE CELL	PolyA	h64A_TCR	Illumina NovaSeq 6000 sequencing: scRNAseq of Homo sapiens: adult female breast	f95a2f5b5d21839b53dcc14b7aa5aabd;f2ca2a3eabfd45b638ec30c6a3f097fb	ftp.sra.ebi.ac.uk/vol1/fastq/SRR265/010/SRR26541110/SRR26541110_1.fastq.gz;ftp.sra.ebi.ac.uk/vol1/fastq/SRR265/010/SRR26541110/SRR26541110_2.fastq.gz
SRR26541098	SAMN38001637	Human sample from Homo sapiens	RNA-Seq	TRANSCRIPTOMIC SINGLE CELL	PolyA	h43A_N	Illumina NovaSeq 6000 sequencing: scRNAseq of Homo sapiens: adult female breast	f4d56290bba4c061695dc3d98f86112e;a99e999501acf4b92c0607a902021914	ftp.sra.ebi.ac.uk/vol1/fastq/SRR265/098/SRR26541098/SRR26541098_1.fastq.gz;ftp.sra.ebi.ac.uk/vol1/fastq/SRR265/098/SRR26541098/SRR26541098_2.fastq.gz
SRR26541118	SAMN38001665	Human sample from Homo sapiens	RNA-Seq	TRANSCRIPTOMIC SINGLE CELL	PolyA	h63B_N	Illumina NovaSeq 6000 sequencing: scRNAseq of Homo sapiens: adult female breast	caae187cc0777a3ff808e08f6cf9d4f8;a0a42f275d8d927fcdd5ddc345b3c94a	ftp.sra.ebi.ac.uk/vol1/fastq/SRR265/018/SRR26541118/SRR26541118_1.fastq.gz;ftp.sra.ebi.ac.uk/vol1/fastq/SRR265/018/SRR26541118/SRR26541118_2.fastq.gz
SRR26541101	SAMN38001636	Human sample from Homo sapiens	RNA-Seq	TRANSCRIPTOMIC SINGLE CELL	PolyA	h42C_N	Illumina NovaSeq 6000 sequencing: scRNAseq of Homo sapiens: adult female breast	2925d452176f54001b7623cc81d09b24;63e2065e516060e476cace2f1926b79e	ftp.sra.ebi.ac.uk/vol1/fastq/SRR265/001/SRR26541101/SRR26541101_1.fastq.gz;ftp.sra.ebi.ac.uk/vol1/fastq/SRR265/001/SRR26541101/SRR26541101_2.fastq.gz
SRR26541119	SAMN38001665	Human sample from Homo sapiens	RNA-Seq	TRANSCRIPTOMIC SINGLE CELL	PolyA	h63B_P	Illumina NovaSeq 6000 sequencing: scRNAseq of Homo sapiens: adult female breast	994f7631661566606566fea5531114c6;3df3dfe7690f9b35e2cc15d6bc7e06b5	ftp.sra.ebi.ac.uk/vol1/fastq/SRR265/019/SRR26541119/SRR26541119_1.fastq.gz;ftp.sra.ebi.ac.uk/vol1/fastq/SRR265/019/SRR26541119/SRR26541119_2.fastq.gz
SRR26541120	SAMN38001664	Human sample from Homo sapiens	RNA-Seq	TRANSCRIPTOMIC SINGLE CELL	PolyA	h63A_TCR	Illumina NovaSeq 6000 sequencing: scRNAseq of Homo sapiens: adult female breast	f4c1f757a9b02697bf6b2894bf23731a;d0c704809316ab490f9e158937b2584b	ftp.sra.ebi.ac.uk/vol1/fastq/SRR265/020/SRR26541120/SRR26541120_1.fastq.gz;ftp.sra.ebi.ac.uk/vol1/fastq/SRR265/020/SRR26541120/SRR26541120_2.fastq.gz
SRR26541106	SAMN38001669	Human sample from Homo sapiens	RNA-Seq	TRANSCRIPTOMIC SINGLE CELL	PolyA	h64C_P	Illumina NovaSeq 6000 sequencing: scRNAseq of Homo sapiens: adult female breast	404017d26ae0c2ac266b719158a92b3f;a363bd29ca364f7815eef66f0fb1fa0e	ftp.sra.ebi.ac.uk/vol1/fastq/SRR265/006/SRR26541106/SRR26541106_1.fastq.gz;ftp.sra.ebi.ac.uk/vol1/fastq/SRR265/006/SRR26541106/SRR26541106_2.fastq.gz
SRR26541121	SAMN38001664	Human sample from Homo sapiens	RNA-Seq	TRANSCRIPTOMIC SINGLE CELL	PolyA	h63A_N	Illumina NovaSeq 6000 sequencing: scRNAseq of Homo sapiens: adult female breast	1856a114ba8de52a2746fab00871e680;a1c78d9d1d821886264a4cdc162e8501	ftp.sra.ebi.ac.uk/vol1/fastq/SRR265/021/SRR26541121/SRR26541121_1.fastq.gz;ftp.sra.ebi.ac.uk/vol1/fastq/SRR265/021/SRR26541121/SRR26541121_2.fastq.gz
SRR26541111	SAMN38001667	Human sample from Homo sapiens	RNA-Seq	TRANSCRIPTOMIC SINGLE CELL	PolyA	h64A_N	Illumina NovaSeq 6000 sequencing: scRNAseq of Homo sapiens: adult female breast	3fd7b2d31fec0829b9bc788922f149e4;88fcb69ac3e695d85ea9a252f76e9d60	ftp.sra.ebi.ac.uk/vol1/fastq/SRR265/011/SRR26541111/SRR26541111_1.fastq.gz;ftp.sra.ebi.ac.uk/vol1/fastq/SRR265/011/SRR26541111/SRR26541111_2.fastq.gz
SRR26541122	SAMN38001664	Human sample from Homo sapiens	RNA-Seq	TRANSCRIPTOMIC SINGLE CELL	PolyA	h63A_P	Illumina NovaSeq 6000 sequencing: scRNAseq of Homo sapiens: adult female breast	f855b89790ba172ca7d00ea8f23e610b;70d70d96a301703a028450313b639b0a	ftp.sra.ebi.ac.uk/vol1/fastq/SRR265/022/SRR26541122/SRR26541122_1.fastq.gz;ftp.sra.ebi.ac.uk/vol1/fastq/SRR265/022/SRR26541122/SRR26541122_2.fastq.gz
SRR26541128	SAMN38001662	Human sample from Homo sapiens	RNA-Seq	TRANSCRIPTOMIC SINGLE CELL	PolyA	h57B_N	Illumina NovaSeq 6000 sequencing: scRNAseq of Homo sapiens: adult female breast	623a9e5258d28ef938eabcb4ce05e158;f7974def438257e00dac8c84fff0a44a	ftp.sra.ebi.ac.uk/vol1/fastq/SRR265/028/SRR26541128/SRR26541128_1.fastq.gz;ftp.sra.ebi.ac.uk/vol1/fastq/SRR265/028/SRR26541128/SRR26541128_2.fastq.gz
SRR26541113	SAMN38001666	Human sample from Homo sapiens	RNA-Seq	TRANSCRIPTOMIC SINGLE CELL	PolyA	h63C_TCR	Illumina NovaSeq 6000 sequencing: scRNAseq of Homo sapiens: adult female breast	2ccfa7a830ddc606a572c0410fbff716;064d46d1cfa25896c9d8d00365b6e775	ftp.sra.ebi.ac.uk/vol1/fastq/SRR265/013/SRR26541113/SRR26541113_1.fastq.gz;ftp.sra.ebi.ac.uk/vol1/fastq/SRR265/013/SRR26541113/SRR26541113_2.fastq.gz
SRR26541129	SAMN38001655	Human sample from Homo sapiens	RNA-Seq	TRANSCRIPTOMIC SINGLE CELL	PolyA	h53A_P	Illumina NovaSeq 6000 sequencing: scRNAseq of Homo sapiens: adult female breast	9d630ed9ef3e26748f96e756dd173f13;de93a65154896c7abe5a38d1a7d6ef50	ftp.sra.ebi.ac.uk/vol1/fastq/SRR265/029/SRR26541129/SRR26541129_1.fastq.gz;ftp.sra.ebi.ac.uk/vol1/fastq/SRR265/029/SRR26541129/SRR26541129_2.fastq.gz
SRR26541115	SAMN38001581	Human sample from Homo sapiens	RNA-Seq	TRANSCRIPTOMIC SINGLE CELL	PolyA	h04B_TCR	Illumina NovaSeq 6000 sequencing: scRNAseq of Homo sapiens: adult female breast	643be340502b93b45e61628c2957500b;c8cb6b479c544db99abbe7f9a206f802	ftp.sra.ebi.ac.uk/vol1/fastq/SRR265/015/SRR26541115/SRR26541115_1.fastq.gz;ftp.sra.ebi.ac.uk/vol1/fastq/SRR265/015/SRR26541115/SRR26541115_2.fastq.gz
SRR26541130	SAMN38001654	Human sample from Homo sapiens	RNA-Seq	TRANSCRIPTOMIC SINGLE CELL	PolyA	h52C_TCR	Illumina NovaSeq 6000 sequencing: scRNAseq of Homo sapiens: adult female breast	9bac7848365e7a1583f5d0d85b7b37bd;644058660eae928db537a1cf26772613	ftp.sra.ebi.ac.uk/vol1/fastq/SRR265/030/SRR26541130/SRR26541130_1.fastq.gz;ftp.sra.ebi.ac.uk/vol1/fastq/SRR265/030/SRR26541130/SRR26541130_2.fastq.gz
SRR26541124	SAMN38001663	Human sample from Homo sapiens	RNA-Seq	TRANSCRIPTOMIC SINGLE CELL	PolyA	h57C_N	Illumina NovaSeq 6000 sequencing: scRNAseq of Homo sapiens: adult female breast	261005ad4610d5f41195aa9ae9e5079d;22f2ce2cc5bcf14b78b71c4dd3513cb7	ftp.sra.ebi.ac.uk/vol1/fastq/SRR265/024/SRR26541124/SRR26541124_1.fastq.gz;ftp.sra.ebi.ac.uk/vol1/fastq/SRR265/024/SRR26541124/SRR26541124_2.fastq.gz
SRR26541135	SAMN38001653	Human sample from Homo sapiens	RNA-Seq	TRANSCRIPTOMIC SINGLE CELL	PolyA	h52B_P	Illumina NovaSeq 6000 sequencing: scRNAseq of Homo sapiens: adult female breast	ab9c203bb6954edd221e548f5eac4bf7;02f1edc13055340f6687d774b9a10a2b	ftp.sra.ebi.ac.uk/vol1/fastq/SRR265/035/SRR26541135/SRR26541135_1.fastq.gz;ftp.sra.ebi.ac.uk/vol1/fastq/SRR265/035/SRR26541135/SRR26541135_2.fastq.gz
SRR26541137	SAMN38001579	Human sample from Homo sapiens	RNA-Seq	TRANSCRIPTOMIC SINGLE CELL	PolyA	h03C2_TCR	Illumina NovaSeq 6000 sequencing: scRNAseq of Homo sapiens: adult female breast	e4ac4d7b1fe042be0abe9370582378bf;d95d40d6c840ebb97b85f2652e53294c	ftp.sra.ebi.ac.uk/vol1/fastq/SRR265/037/SRR26541137/SRR26541137_1.fastq.gz;ftp.sra.ebi.ac.uk/vol1/fastq/SRR265/037/SRR26541137/SRR26541137_2.fastq.gz
SRR26541127	SAMN38001662	Human sample from Homo sapiens	RNA-Seq	TRANSCRIPTOMIC SINGLE CELL	PolyA	h57B_TCR	Illumina NovaSeq 6000 sequencing: scRNAseq of Homo sapiens: adult female breast	8b07d0cfb13d8bc27c8b67258b5e4d65;de9751dff6f5bf80f0b23d90be9ecb1f	ftp.sra.ebi.ac.uk/vol1/fastq/SRR265/027/SRR26541127/SRR26541127_1.fastq.gz;ftp.sra.ebi.ac.uk/vol1/fastq/SRR265/027/SRR26541127/SRR26541127_2.fastq.gz
SRR26541144	SAMN38001650	Human sample from Homo sapiens	RNA-Seq	TRANSCRIPTOMIC SINGLE CELL	PolyA	h48B_P	Illumina NovaSeq 6000 sequencing: scRNAseq of Homo sapiens: adult female breast	a1e2663ffdb19770e40d0933dc8e5e58;dba6bdedbf57231b7a69d0e91c25fb45	ftp.sra.ebi.ac.uk/vol1/fastq/SRR265/044/SRR26541144/SRR26541144_1.fastq.gz;ftp.sra.ebi.ac.uk/vol1/fastq/SRR265/044/SRR26541144/SRR26541144_2.fastq.gz
SRR26541134	SAMN38001653	Human sample from Homo sapiens	RNA-Seq	TRANSCRIPTOMIC SINGLE CELL	PolyA	h52B_N	Illumina NovaSeq 6000 sequencing: scRNAseq of Homo sapiens: adult female breast	6573b8bbd0ea03e75e585e80ae1a3a46;7675027eee54c357236d9df9dcf8154b	ftp.sra.ebi.ac.uk/vol1/fastq/SRR265/034/SRR26541134/SRR26541134_1.fastq.gz;ftp.sra.ebi.ac.uk/vol1/fastq/SRR265/034/SRR26541134/SRR26541134_2.fastq.gz
SRR26541147	SAMN38001649	Human sample from Homo sapiens	RNA-Seq	TRANSCRIPTOMIC SINGLE CELL	PolyA	h48A_N	Illumina NovaSeq 6000 sequencing: scRNAseq of Homo sapiens: adult female breast	f6c09a0fbd69a86c6cb75b03302c4956;abfa3e3336d52b0fc6a209b95960c9d5	ftp.sra.ebi.ac.uk/vol1/fastq/SRR265/047/SRR26541147/SRR26541147_1.fastq.gz;ftp.sra.ebi.ac.uk/vol1/fastq/SRR265/047/SRR26541147/SRR26541147_2.fastq.gz
SRR26541148	SAMN38001579	Human sample from Homo sapiens	RNA-Seq	TRANSCRIPTOMIC SINGLE CELL	PolyA	h03C2_P	Illumina NovaSeq 6000 sequencing: scRNAseq of Homo sapiens: adult female breast	cfece47f97848b51b37b7e7e08203a96;edf3270221e0fcb1675dadb9a613d139	ftp.sra.ebi.ac.uk/vol1/fastq/SRR265/048/SRR26541148/SRR26541148_1.fastq.gz;ftp.sra.ebi.ac.uk/vol1/fastq/SRR265/048/SRR26541148/SRR26541148_2.fastq.gz
SRR26541136	SAMN38001652	Human sample from Homo sapiens	RNA-Seq	TRANSCRIPTOMIC SINGLE CELL	PolyA	h52A_TCR	Illumina NovaSeq 6000 sequencing: scRNAseq of Homo sapiens: adult female breast	a5f1a3b468c9f63f3bed9bc4dfc70e66;a5c09cec73ab6560165ceca9b15167b1	ftp.sra.ebi.ac.uk/vol1/fastq/SRR265/036/SRR26541136/SRR26541136_1.fastq.gz;ftp.sra.ebi.ac.uk/vol1/fastq/SRR265/036/SRR26541136/SRR26541136_2.fastq.gz
SRR26541152	SAMN38001635	Human sample from Homo sapiens	RNA-Seq	TRANSCRIPTOMIC SINGLE CELL	PolyA	h42B_N	Illumina NovaSeq 6000 sequencing: scRNAseq of Homo sapiens: adult female breast	b8eb546e671820111e8b152015e5842b;59f6959e193344f3b7a4fe35126194f2	ftp.sra.ebi.ac.uk/vol1/fastq/SRR265/052/SRR26541152/SRR26541152_1.fastq.gz;ftp.sra.ebi.ac.uk/vol1/fastq/SRR265/052/SRR26541152/SRR26541152_2.fastq.gz
SRR26541153	SAMN38001635	Human sample from Homo sapiens	RNA-Seq	TRANSCRIPTOMIC SINGLE CELL	PolyA	h42B_P	Illumina NovaSeq 6000 sequencing: scRNAseq of Homo sapiens: adult female breast	a83970ea8dda47f9e4d8662fa7a33e7a;61497b67d4a06548e6a6b97760c9e292	ftp.sra.ebi.ac.uk/vol1/fastq/SRR265/053/SRR26541153/SRR26541153_1.fastq.gz;ftp.sra.ebi.ac.uk/vol1/fastq/SRR265/053/SRR26541153/SRR26541153_2.fastq.gz
SRR26541156	SAMN38001634	Human sample from Homo sapiens	RNA-Seq	TRANSCRIPTOMIC SINGLE CELL	PolyA	h42A_P	Illumina NovaSeq 6000 sequencing: scRNAseq of Homo sapiens: adult female breast	03b31fde9e22ecef30bd8d65d0c293e1;3321f452cefb579e9a428041ac8568a6	ftp.sra.ebi.ac.uk/vol1/fastq/SRR265/056/SRR26541156/SRR26541156_1.fastq.gz;ftp.sra.ebi.ac.uk/vol1/fastq/SRR265/056/SRR26541156/SRR26541156_2.fastq.gz
SRR26541139	SAMN38001652	Human sample from Homo sapiens	RNA-Seq	TRANSCRIPTOMIC SINGLE CELL	PolyA	h52A_P	Illumina NovaSeq 6000 sequencing: scRNAseq of Homo sapiens: adult female breast	66655743b446d26ac1145fbf2988c61a;03fbcd0fb0c8084a9857d6c524036be8	ftp.sra.ebi.ac.uk/vol1/fastq/SRR265/039/SRR26541139/SRR26541139_1.fastq.gz;ftp.sra.ebi.ac.uk/vol1/fastq/SRR265/039/SRR26541139/SRR26541139_2.fastq.gz
SRR26541140	SAMN38001651	Human sample from Homo sapiens	RNA-Seq	TRANSCRIPTOMIC SINGLE CELL	PolyA	h48C_TCR	Illumina NovaSeq 6000 sequencing: scRNAseq of Homo sapiens: adult female breast	489a401cc17d2ec1a4fdaeef51b23590;5312e10945997a9c3bee842c12ff5df2	ftp.sra.ebi.ac.uk/vol1/fastq/SRR265/040/SRR26541140/SRR26541140_1.fastq.gz;ftp.sra.ebi.ac.uk/vol1/fastq/SRR265/040/SRR26541140/SRR26541140_2.fastq.gz
SRR26541158	SAMN38001633	Human sample from Homo sapiens	RNA-Seq	TRANSCRIPTOMIC SINGLE CELL	PolyA	h39C_N	Illumina NovaSeq 6000 sequencing: scRNAseq of Homo sapiens: adult female breast	1add24f3f51bc72fb03d77ab2dccf1d4;040f7f2a4e53d3f7172d35c74e151ef1	ftp.sra.ebi.ac.uk/vol1/fastq/SRR265/058/SRR26541158/SRR26541158_1.fastq.gz;ftp.sra.ebi.ac.uk/vol1/fastq/SRR265/058/SRR26541158/SRR26541158_2.fastq.gz
SRR26541141	SAMN38001651	Human sample from Homo sapiens	RNA-Seq	TRANSCRIPTOMIC SINGLE CELL	PolyA	h48C_N	Illumina NovaSeq 6000 sequencing: scRNAseq of Homo sapiens: adult female breast	ab2ab02ebba5f2ad45addd5785959ce4;cb49d8508e1d239eabe37bca5d5c3feb	ftp.sra.ebi.ac.uk/vol1/fastq/SRR265/041/SRR26541141/SRR26541141_1.fastq.gz;ftp.sra.ebi.ac.uk/vol1/fastq/SRR265/041/SRR26541141/SRR26541141_2.fastq.gz
SRR26541142	SAMN38001651	Human sample from Homo sapiens	RNA-Seq	TRANSCRIPTOMIC SINGLE CELL	PolyA	h48C_P	Illumina NovaSeq 6000 sequencing: scRNAseq of Homo sapiens: adult female breast	95124791a3d1aab9a322f458e047d208;16264eb91bcd6115a5730659dd298ebe	ftp.sra.ebi.ac.uk/vol1/fastq/SRR265/042/SRR26541142/SRR26541142_1.fastq.gz;ftp.sra.ebi.ac.uk/vol1/fastq/SRR265/042/SRR26541142/SRR26541142_2.fastq.gz
SRR26541167	SAMN38001630	Human sample from Homo sapiens	RNA-Seq	TRANSCRIPTOMIC SINGLE CELL	PolyA	h30C_TCR	Illumina NovaSeq 6000 sequencing: scRNAseq of Homo sapiens: adult female breast	1815f64cb78de92fb398691dd5d0887b;b598d0baa4b658e43eed0945e2d8db36	ftp.sra.ebi.ac.uk/vol1/fastq/SRR265/067/SRR26541167/SRR26541167_1.fastq.gz;ftp.sra.ebi.ac.uk/vol1/fastq/SRR265/067/SRR26541167/SRR26541167_2.fastq.gz
SRR26541143	SAMN38001650	Human sample from Homo sapiens	RNA-Seq	TRANSCRIPTOMIC SINGLE CELL	PolyA	h48B_TCR	Illumina NovaSeq 6000 sequencing: scRNAseq of Homo sapiens: adult female breast	822a6d34082ab47b2dea7a476a4b6f50;273a429eb25b81f3312a0fa54d058dbc	ftp.sra.ebi.ac.uk/vol1/fastq/SRR265/043/SRR26541143/SRR26541143_1.fastq.gz;ftp.sra.ebi.ac.uk/vol1/fastq/SRR265/043/SRR26541143/SRR26541143_2.fastq.gz
SRR26541173	SAMN38001616	Human sample from Homo sapiens	RNA-Seq	TRANSCRIPTOMIC SINGLE CELL	PolyA	h19A_P	Illumina NovaSeq 6000 sequencing: scRNAseq of Homo sapiens: adult female breast	3dbae3d9b94974135f4c186b5061bdf0;78702a84286be1120efccbcdab9217f3	ftp.sra.ebi.ac.uk/vol1/fastq/SRR265/073/SRR26541173/SRR26541173_1.fastq.gz;ftp.sra.ebi.ac.uk/vol1/fastq/SRR265/073/SRR26541173/SRR26541173_2.fastq.gz
SRR26541145	SAMN38001650	Human sample from Homo sapiens	RNA-Seq	TRANSCRIPTOMIC SINGLE CELL	PolyA	h48B_N	Illumina NovaSeq 6000 sequencing: scRNAseq of Homo sapiens: adult female breast	034c949ab5a947feee6cd8704f4a3915;9f46525cd72b4dad939feddc8dee53d6	ftp.sra.ebi.ac.uk/vol1/fastq/SRR265/045/SRR26541145/SRR26541145_1.fastq.gz;ftp.sra.ebi.ac.uk/vol1/fastq/SRR265/045/SRR26541145/SRR26541145_2.fastq.gz
SRR26541175	SAMN38001615	Human sample from Homo sapiens	RNA-Seq	TRANSCRIPTOMIC SINGLE CELL	PolyA	h18C_P	Illumina NovaSeq 6000 sequencing: scRNAseq of Homo sapiens: adult female breast	eee7110497fc632f357b8010428189b9;214de2f500437ee7769eb7e5e7eb56f1	ftp.sra.ebi.ac.uk/vol1/fastq/SRR265/075/SRR26541175/SRR26541175_1.fastq.gz;ftp.sra.ebi.ac.uk/vol1/fastq/SRR265/075/SRR26541175/SRR26541175_2.fastq.gz
SRR26541176	SAMN38001614	Human sample from Homo sapiens	RNA-Seq	TRANSCRIPTOMIC SINGLE CELL	PolyA	h18B_TCR	Illumina NovaSeq 6000 sequencing: scRNAseq of Homo sapiens: adult female breast	10f861c5ef1991d4f391f558be73129e;a3e682239e152dceef0b208f7b015935	ftp.sra.ebi.ac.uk/vol1/fastq/SRR265/076/SRR26541176/SRR26541176_1.fastq.gz;ftp.sra.ebi.ac.uk/vol1/fastq/SRR265/076/SRR26541176/SRR26541176_2.fastq.gz
SRR26541154	SAMN38001634	Human sample from Homo sapiens	RNA-Seq	TRANSCRIPTOMIC SINGLE CELL	PolyA	h42A_TCR	Illumina NovaSeq 6000 sequencing: scRNAseq of Homo sapiens: adult female breast	39793be7eab156b2705b67276d7080c6;994a136152315a6b2f21c6112962a2bf	ftp.sra.ebi.ac.uk/vol1/fastq/SRR265/054/SRR26541154/SRR26541154_1.fastq.gz;ftp.sra.ebi.ac.uk/vol1/fastq/SRR265/054/SRR26541154/SRR26541154_2.fastq.gz
SRR26541179	SAMN38001573	Human sample from Homo sapiens	RNA-Seq	TRANSCRIPTOMIC SINGLE CELL	PolyA	h02C_TCR	Illumina NovaSeq 6000 sequencing: scRNAseq of Homo sapiens: adult female breast	9b9e08163630bb163c3ae290e3797fba;de3f9afb8c36d5c0042708850095066f	ftp.sra.ebi.ac.uk/vol1/fastq/SRR265/079/SRR26541179/SRR26541179_1.fastq.gz;ftp.sra.ebi.ac.uk/vol1/fastq/SRR265/079/SRR26541179/SRR26541179_2.fastq.gz
SRR26541180	SAMN38001613	Human sample from Homo sapiens	RNA-Seq	TRANSCRIPTOMIC SINGLE CELL	PolyA	h18A_TCR	Illumina NovaSeq 6000 sequencing: scRNAseq of Homo sapiens: adult female breast	f7314369cfefb915efc186edbaf9d32b;755c02d279cf41562b44fc7b111f489f	ftp.sra.ebi.ac.uk/vol1/fastq/SRR265/080/SRR26541180/SRR26541180_1.fastq.gz;ftp.sra.ebi.ac.uk/vol1/fastq/SRR265/080/SRR26541180/SRR26541180_2.fastq.gz
SRR26541182	SAMN38001612	Human sample from Homo sapiens	RNA-Seq	TRANSCRIPTOMIC SINGLE CELL	PolyA	h17C_TCR	Illumina NovaSeq 6000 sequencing: scRNAseq of Homo sapiens: adult female breast	5eaa62183cc70c99c27759ddd245cc1e;619853040534ec1f7fc4a087711ab1e8	ftp.sra.ebi.ac.uk/vol1/fastq/SRR265/082/SRR26541182/SRR26541182_1.fastq.gz;ftp.sra.ebi.ac.uk/vol1/fastq/SRR265/082/SRR26541182/SRR26541182_2.fastq.gz
SRR26541189	SAMN38001609	Human sample from Homo sapiens	RNA-Seq	TRANSCRIPTOMIC SINGLE CELL	PolyA	h16C_N	Illumina NovaSeq 6000 sequencing: scRNAseq of Homo sapiens: adult female breast	ea563311d99a1f0eb3b09c0c87d3738b;c25499040a6388cf94486257484462c3	ftp.sra.ebi.ac.uk/vol1/fastq/SRR265/089/SRR26541189/SRR26541189_1.fastq.gz;ftp.sra.ebi.ac.uk/vol1/fastq/SRR265/089/SRR26541189/SRR26541189_2.fastq.gz
SRR26541155	SAMN38001634	Human sample from Homo sapiens	RNA-Seq	TRANSCRIPTOMIC SINGLE CELL	PolyA	h42A_N	Illumina NovaSeq 6000 sequencing: scRNAseq of Homo sapiens: adult female breast	b5680b644ae33ca16329c4eeb78e9a89;44bd36ffa0e13b269f02b6bbb857f93f	ftp.sra.ebi.ac.uk/vol1/fastq/SRR265/055/SRR26541155/SRR26541155_1.fastq.gz;ftp.sra.ebi.ac.uk/vol1/fastq/SRR265/055/SRR26541155/SRR26541155_2.fastq.gz
SRR26541190	SAMN38001573	Human sample from Homo sapiens	RNA-Seq	TRANSCRIPTOMIC SINGLE CELL	PolyA	h02C_P	Illumina NovaSeq 6000 sequencing: scRNAseq of Homo sapiens: adult female breast	278246c6530a2a0804c17fa211bea6c1;278d3757f76799e4ab49770b5b77f678	ftp.sra.ebi.ac.uk/vol1/fastq/SRR265/090/SRR26541190/SRR26541190_1.fastq.gz;ftp.sra.ebi.ac.uk/vol1/fastq/SRR265/090/SRR26541190/SRR26541190_2.fastq.gz
SRR26541159	SAMN38001633	Human sample from Homo sapiens	RNA-Seq	TRANSCRIPTOMIC SINGLE CELL	PolyA	h39C_P	Illumina NovaSeq 6000 sequencing: scRNAseq of Homo sapiens: adult female breast	06df5aec6e2481e2eb22ead01d8eb2ba;ab575fc3564b45c6b10a9982ba307c9f	ftp.sra.ebi.ac.uk/vol1/fastq/SRR265/059/SRR26541159/SRR26541159_1.fastq.gz;ftp.sra.ebi.ac.uk/vol1/fastq/SRR265/059/SRR26541159/SRR26541159_2.fastq.gz
SRR26541192	SAMN38001608	Human sample from Homo sapiens	RNA-Seq	TRANSCRIPTOMIC SINGLE CELL	PolyA	h16B_TCR	Illumina NovaSeq 6000 sequencing: scRNAseq of Homo sapiens: adult female breast	5955b599be44b70c99b88683feb0903e;72de9f645af2a975eb9a94af8af925ad	ftp.sra.ebi.ac.uk/vol1/fastq/SRR265/092/SRR26541192/SRR26541192_1.fastq.gz;ftp.sra.ebi.ac.uk/vol1/fastq/SRR265/092/SRR26541192/SRR26541192_2.fastq.gz
SRR26541160	SAMN38001632	Human sample from Homo sapiens	RNA-Seq	TRANSCRIPTOMIC SINGLE CELL	PolyA	h39B_TCR	Illumina NovaSeq 6000 sequencing: scRNAseq of Homo sapiens: adult female breast	e51f0a8b5ae8ac6121d4de2937b8afe1;6234a034ac86fb445adda5e5665b6b21	ftp.sra.ebi.ac.uk/vol1/fastq/SRR265/060/SRR26541160/SRR26541160_1.fastq.gz;ftp.sra.ebi.ac.uk/vol1/fastq/SRR265/060/SRR26541160/SRR26541160_2.fastq.gz
SRR26541162	SAMN38001632	Human sample from Homo sapiens	RNA-Seq	TRANSCRIPTOMIC SINGLE CELL	PolyA	h39B_N	Illumina NovaSeq 6000 sequencing: scRNAseq of Homo sapiens: adult female breast	87e774393dc78b563cb4e904ed8bd7f8;47fc32e850ce1ddfa7ae58b544605ad7	ftp.sra.ebi.ac.uk/vol1/fastq/SRR265/062/SRR26541162/SRR26541162_1.fastq.gz;ftp.sra.ebi.ac.uk/vol1/fastq/SRR265/062/SRR26541162/SRR26541162_2.fastq.gz
SRR26541194	SAMN38001608	Human sample from Homo sapiens	RNA-Seq	TRANSCRIPTOMIC SINGLE CELL	PolyA	h16B_P	Illumina NovaSeq 6000 sequencing: scRNAseq of Homo sapiens: adult female breast	9a78e108dfc5d1e65eb63e9dfcef83f7;4034c11f8bf452dd4ebe56f3917a2bc9	ftp.sra.ebi.ac.uk/vol1/fastq/SRR265/094/SRR26541194/SRR26541194_1.fastq.gz;ftp.sra.ebi.ac.uk/vol1/fastq/SRR265/094/SRR26541194/SRR26541194_2.fastq.gz
SRR26541163	SAMN38001632	Human sample from Homo sapiens	RNA-Seq	TRANSCRIPTOMIC SINGLE CELL	PolyA	h39B_P	Illumina NovaSeq 6000 sequencing: scRNAseq of Homo sapiens: adult female breast	8481988b919e2897b9b70b01590e0c77;6d7690e178246517219f1ff1b9bcf180	ftp.sra.ebi.ac.uk/vol1/fastq/SRR265/063/SRR26541163/SRR26541163_1.fastq.gz;ftp.sra.ebi.ac.uk/vol1/fastq/SRR265/063/SRR26541163/SRR26541163_2.fastq.gz
SRR26541195	SAMN38001607	Human sample from Homo sapiens	RNA-Seq	TRANSCRIPTOMIC SINGLE CELL	PolyA	h16A_TCR	Illumina NovaSeq 6000 sequencing: scRNAseq of Homo sapiens: adult female breast	1d43397f192cb9119f736aa45e5c49fa;ff41e97cddf8409367c0354f4c2c1f98	ftp.sra.ebi.ac.uk/vol1/fastq/SRR265/095/SRR26541195/SRR26541195_1.fastq.gz;ftp.sra.ebi.ac.uk/vol1/fastq/SRR265/095/SRR26541195/SRR26541195_2.fastq.gz
SRR26541197	SAMN38001607	Human sample from Homo sapiens	RNA-Seq	TRANSCRIPTOMIC SINGLE CELL	PolyA	h16A_P	Illumina NovaSeq 6000 sequencing: scRNAseq of Homo sapiens: adult female breast	abe840eed75357ad00015c4529e5c455;3dbdcf90bb63ae34aff8cd11c6f6e149	ftp.sra.ebi.ac.uk/vol1/fastq/SRR265/097/SRR26541197/SRR26541197_1.fastq.gz;ftp.sra.ebi.ac.uk/vol1/fastq/SRR265/097/SRR26541197/SRR26541197_2.fastq.gz
SRR26541198	SAMN38001606	Human sample from Homo sapiens	RNA-Seq	TRANSCRIPTOMIC SINGLE CELL	PolyA	h15C_TCR	Illumina NovaSeq 6000 sequencing: scRNAseq of Homo sapiens: adult female breast	2173a19bbc863dfcbbc0ee147974e484;ef471e6ebbd86c712d8dd0cd28985820	ftp.sra.ebi.ac.uk/vol1/fastq/SRR265/098/SRR26541198/SRR26541198_1.fastq.gz;ftp.sra.ebi.ac.uk/vol1/fastq/SRR265/098/SRR26541198/SRR26541198_2.fastq.gz
SRR26541201	SAMN38001575	Human sample from Homo sapiens	RNA-Seq	TRANSCRIPTOMIC SINGLE CELL	PolyA	h03A2_P	Illumina NovaSeq 6000 sequencing: scRNAseq of Homo sapiens: adult female breast	1a271a4d793b449b76a6914133e638ee;afa595d637f22c14c980791ac8bbbff7	ftp.sra.ebi.ac.uk/vol1/fastq/SRR265/001/SRR26541201/SRR26541201_1.fastq.gz;ftp.sra.ebi.ac.uk/vol1/fastq/SRR265/001/SRR26541201/SRR26541201_2.fastq.gz
SRR26541203	SAMN38001627	Human sample from Homo sapiens	RNA-Seq	TRANSCRIPTOMIC SINGLE CELL	PolyA	h26C_TCR	Illumina NovaSeq 6000 sequencing: scRNAseq of Homo sapiens: adult female breast	46a9512ab3f164a19d37077daab77e9c;d7d21191a33d5bc4d8352667cd985d3a	ftp.sra.ebi.ac.uk/vol1/fastq/SRR265/003/SRR26541203/SRR26541203_1.fastq.gz;ftp.sra.ebi.ac.uk/vol1/fastq/SRR265/003/SRR26541203/SRR26541203_2.fastq.gz
SRR26541164	SAMN38001631	Human sample from Homo sapiens	RNA-Seq	TRANSCRIPTOMIC SINGLE CELL	PolyA	h39A_TCR	Illumina NovaSeq 6000 sequencing: scRNAseq of Homo sapiens: adult female breast	b20c9625242aa491a35c6993e0c63c0c;128341b5219dd667c0448d6d99eeb531	ftp.sra.ebi.ac.uk/vol1/fastq/SRR265/064/SRR26541164/SRR26541164_1.fastq.gz;ftp.sra.ebi.ac.uk/vol1/fastq/SRR265/064/SRR26541164/SRR26541164_2.fastq.gz
SRR26541169	SAMN38001629	Human sample from Homo sapiens	RNA-Seq	TRANSCRIPTOMIC SINGLE CELL	PolyA	h30B_TCR	Illumina NovaSeq 6000 sequencing: scRNAseq of Homo sapiens: adult female breast	cd3f0bf0b09cb942fe386fda6f50eb6f;fa4efc339f0729fd8bf418a03d643198	ftp.sra.ebi.ac.uk/vol1/fastq/SRR265/069/SRR26541169/SRR26541169_1.fastq.gz;ftp.sra.ebi.ac.uk/vol1/fastq/SRR265/069/SRR26541169/SRR26541169_2.fastq.gz
SRR26541170	SAMN38001629	Human sample from Homo sapiens	RNA-Seq	TRANSCRIPTOMIC SINGLE CELL	PolyA	h30B_P	Illumina NovaSeq 6000 sequencing: scRNAseq of Homo sapiens: adult female breast	51097d7d25e98e0d48c4e05f2f355a85;0a1dcc9f666c367a77eaff0ddca8bee8	ftp.sra.ebi.ac.uk/vol1/fastq/SRR265/070/SRR26541170/SRR26541170_1.fastq.gz;ftp.sra.ebi.ac.uk/vol1/fastq/SRR265/070/SRR26541170/SRR26541170_2.fastq.gz
SRR26541208	SAMN38001625	Human sample from Homo sapiens	RNA-Seq	TRANSCRIPTOMIC SINGLE CELL	PolyA	h26A_P	Illumina NovaSeq 6000 sequencing: scRNAseq of Homo sapiens: adult female breast	416e49eb6a70db6ed733384217533d26;1bee9556d771da21ba227b676ae80ea7	ftp.sra.ebi.ac.uk/vol1/fastq/SRR265/008/SRR26541208/SRR26541208_1.fastq.gz;ftp.sra.ebi.ac.uk/vol1/fastq/SRR265/008/SRR26541208/SRR26541208_2.fastq.gz
SRR26541172	SAMN38001628	Human sample from Homo sapiens	RNA-Seq	TRANSCRIPTOMIC SINGLE CELL	PolyA	h30A_TCR	Illumina NovaSeq 6000 sequencing: scRNAseq of Homo sapiens: adult female breast	6dfd59ec09f91bf871488d273c9bf769;8f5c23d314561165a3304cef9c361fac	ftp.sra.ebi.ac.uk/vol1/fastq/SRR265/072/SRR26541172/SRR26541172_1.fastq.gz;ftp.sra.ebi.ac.uk/vol1/fastq/SRR265/072/SRR26541172/SRR26541172_2.fastq.gz
SRR26541174	SAMN38001615	Human sample from Homo sapiens	RNA-Seq	TRANSCRIPTOMIC SINGLE CELL	PolyA	h18C_TCR	Illumina NovaSeq 6000 sequencing: scRNAseq of Homo sapiens: adult female breast	0295003ac1f595f53ff895c19188b023;503376eea98e000573e970822a264816	ftp.sra.ebi.ac.uk/vol1/fastq/SRR265/074/SRR26541174/SRR26541174_1.fastq.gz;ftp.sra.ebi.ac.uk/vol1/fastq/SRR265/074/SRR26541174/SRR26541174_2.fastq.gz
SRR26541213	SAMN38001623	Human sample from Homo sapiens	RNA-Seq	TRANSCRIPTOMIC SINGLE CELL	PolyA	h23B_P	Illumina NovaSeq 6000 sequencing: scRNAseq of Homo sapiens: adult female breast	97fe262f471484ed85f0bae62912faf3;67196c99db37f6ec897e0b23808e460a	ftp.sra.ebi.ac.uk/vol1/fastq/SRR265/013/SRR26541213/SRR26541213_1.fastq.gz;ftp.sra.ebi.ac.uk/vol1/fastq/SRR265/013/SRR26541213/SRR26541213_2.fastq.gz
SRR26541178	SAMN38001614	Human sample from Homo sapiens	RNA-Seq	TRANSCRIPTOMIC SINGLE CELL	PolyA	h18B_P	Illumina NovaSeq 6000 sequencing: scRNAseq of Homo sapiens: adult female breast	73891436dd033902373ec62fce994dc5;a817e27d5b4d1157f0425833ce36dafb	ftp.sra.ebi.ac.uk/vol1/fastq/SRR265/078/SRR26541178/SRR26541178_1.fastq.gz;ftp.sra.ebi.ac.uk/vol1/fastq/SRR265/078/SRR26541178/SRR26541178_2.fastq.gz
SRR26541216	SAMN38001621	Human sample from Homo sapiens	RNA-Seq	TRANSCRIPTOMIC SINGLE CELL	PolyA	h20C_TCR	Illumina NovaSeq 6000 sequencing: scRNAseq of Homo sapiens: adult female breast	1672b8f1ba591778419fbd251cbeb952;efc7eaaf72c18dc67490ec8c34c85139	ftp.sra.ebi.ac.uk/vol1/fastq/SRR265/016/SRR26541216/SRR26541216_1.fastq.gz;ftp.sra.ebi.ac.uk/vol1/fastq/SRR265/016/SRR26541216/SRR26541216_2.fastq.gz
SRR26541219	SAMN38001620	Human sample from Homo sapiens	RNA-Seq	TRANSCRIPTOMIC SINGLE CELL	PolyA	h20B_P	Illumina NovaSeq 6000 sequencing: scRNAseq of Homo sapiens: adult female breast	017aa6fd046a87dcec1f01abafa2870a;2050801d2438ebcf775a10f902c5bf3f	ftp.sra.ebi.ac.uk/vol1/fastq/SRR265/019/SRR26541219/SRR26541219_1.fastq.gz;ftp.sra.ebi.ac.uk/vol1/fastq/SRR265/019/SRR26541219/SRR26541219_2.fastq.gz
SRR26541181	SAMN38001613	Human sample from Homo sapiens	RNA-Seq	TRANSCRIPTOMIC SINGLE CELL	PolyA	h18A_P	Illumina NovaSeq 6000 sequencing: scRNAseq of Homo sapiens: adult female breast	37e0c9af1b59a5afd59d571f4891319d;204529dd7a92878fa7d94ceba77db93b	ftp.sra.ebi.ac.uk/vol1/fastq/SRR265/081/SRR26541181/SRR26541181_1.fastq.gz;ftp.sra.ebi.ac.uk/vol1/fastq/SRR265/081/SRR26541181/SRR26541181_2.fastq.gz
SRR26541221	SAMN38001619	Human sample from Homo sapiens	RNA-Seq	TRANSCRIPTOMIC SINGLE CELL	PolyA	h20A_P	Illumina NovaSeq 6000 sequencing: scRNAseq of Homo sapiens: adult female breast	23c0abbbd922115692e51440f575c752;d6421a190e7d3124871c5919ecc69762	ftp.sra.ebi.ac.uk/vol1/fastq/SRR265/021/SRR26541221/SRR26541221_1.fastq.gz;ftp.sra.ebi.ac.uk/vol1/fastq/SRR265/021/SRR26541221/SRR26541221_2.fastq.gz
SRR26541183	SAMN38001612	Human sample from Homo sapiens	RNA-Seq	TRANSCRIPTOMIC SINGLE CELL	PolyA	h17C_P	Illumina NovaSeq 6000 sequencing: scRNAseq of Homo sapiens: adult female breast	0488833b2c68459d465de23be11a5a90;7b2645db40d26bc03b7b5f8a1aea8ed8	ftp.sra.ebi.ac.uk/vol1/fastq/SRR265/083/SRR26541183/SRR26541183_1.fastq.gz;ftp.sra.ebi.ac.uk/vol1/fastq/SRR265/083/SRR26541183/SRR26541183_2.fastq.gz
SRR26541223	SAMN38001574	Human sample from Homo sapiens	RNA-Seq	TRANSCRIPTOMIC SINGLE CELL	PolyA	h03A1_P	Illumina NovaSeq 6000 sequencing: scRNAseq of Homo sapiens: adult female breast	9241df5c6422d88e50429a57875b7701;f675d4cbcd6786486e3110f3bd86d408	ftp.sra.ebi.ac.uk/vol1/fastq/SRR265/023/SRR26541223/SRR26541223_1.fastq.gz;ftp.sra.ebi.ac.uk/vol1/fastq/SRR265/023/SRR26541223/SRR26541223_2.fastq.gz
SRR26541225	SAMN38001569	Human sample from Homo sapiens	RNA-Seq	TRANSCRIPTOMIC SINGLE CELL	PolyA	h01A_P	Illumina NovaSeq 6000 sequencing: scRNAseq of Homo sapiens: adult female breast	ec56bc377463c0b629aec6a6b31b188c;77369cf5ba8f8a500f37be4860cca746	ftp.sra.ebi.ac.uk/vol1/fastq/SRR265/025/SRR26541225/SRR26541225_1.fastq.gz;ftp.sra.ebi.ac.uk/vol1/fastq/SRR265/025/SRR26541225/SRR26541225_2.fastq.gz
SRR26541186	SAMN38001610	Human sample from Homo sapiens	RNA-Seq	TRANSCRIPTOMIC SINGLE CELL	PolyA	h17A_TCR	Illumina NovaSeq 6000 sequencing: scRNAseq of Homo sapiens: adult female breast	116cc0c1fa703ffe14589e8fedc60f96;bd641791d00925150db54f5d33dd482d	ftp.sra.ebi.ac.uk/vol1/fastq/SRR265/086/SRR26541186/SRR26541186_1.fastq.gz;ftp.sra.ebi.ac.uk/vol1/fastq/SRR265/086/SRR26541186/SRR26541186_2.fastq.gz
SRR26541187	SAMN38001610	Human sample from Homo sapiens	RNA-Seq	TRANSCRIPTOMIC SINGLE CELL	PolyA	h17A_P	Illumina NovaSeq 6000 sequencing: scRNAseq of Homo sapiens: adult female breast	ca95d0090bcda18e47d3809b6e27b1e4;33562d2e03398810c8f02b3b45a80b32	ftp.sra.ebi.ac.uk/vol1/fastq/SRR265/087/SRR26541187/SRR26541187_1.fastq.gz;ftp.sra.ebi.ac.uk/vol1/fastq/SRR265/087/SRR26541187/SRR26541187_2.fastq.gz
SRR26541188	SAMN38001609	Human sample from Homo sapiens	RNA-Seq	TRANSCRIPTOMIC SINGLE CELL	PolyA	h16C_TCR	Illumina NovaSeq 6000 sequencing: scRNAseq of Homo sapiens: adult female breast	b97134367ea7ac7058049cdf91163c87;9a7ced9c44f8e6e3225749c2c0f56b7d	ftp.sra.ebi.ac.uk/vol1/fastq/SRR265/088/SRR26541188/SRR26541188_1.fastq.gz;ftp.sra.ebi.ac.uk/vol1/fastq/SRR265/088/SRR26541188/SRR26541188_2.fastq.gz
SRR26554500	SAMN38027288	Model organism or animal sample from Mus musculus	RNA-Seq	TRANSCRIPTOMIC	PolyA	mC1	Illumina NovaSeq 6000 sequencing: scRNA seq of mus musculus: adult female breast	81a3fbf82395876e99375a57cf9ec50c;6956176d2cad52a2a6616c2645942c7b	ftp.sra.ebi.ac.uk/vol1/fastq/SRR265/000/SRR26554500/SRR26554500_1.fastq.gz;ftp.sra.ebi.ac.uk/vol1/fastq/SRR265/000/SRR26554500/SRR26554500_2.fastq.gz
SRR26541191	SAMN38001609	Human sample from Homo sapiens	RNA-Seq	TRANSCRIPTOMIC SINGLE CELL	PolyA	h16C_P	Illumina NovaSeq 6000 sequencing: scRNAseq of Homo sapiens: adult female breast	815586dd1f44efd05c805ed40c3e0792;e12204477a63db08d124463cb9adf336	ftp.sra.ebi.ac.uk/vol1/fastq/SRR265/091/SRR26541191/SRR26541191_1.fastq.gz;ftp.sra.ebi.ac.uk/vol1/fastq/SRR265/091/SRR26541191/SRR26541191_2.fastq.gz
SRR26554504	SAMN38027296	Model organism or animal sample from Mus musculus	RNA-Seq	TRANSCRIPTOMIC	PolyA	B5	Illumina NovaSeq 6000 sequencing: scRNA seq of mus musculus: adult female breast	3f0a9009b3b740c838a7b68bc679f8dd;8af6429fd874833f7ce80fe2a2d0f855	ftp.sra.ebi.ac.uk/vol1/fastq/SRR265/004/SRR26554504/SRR26554504_1.fastq.gz;ftp.sra.ebi.ac.uk/vol1/fastq/SRR265/004/SRR26554504/SRR26554504_2.fastq.gz
SRR26541196	SAMN38001607	Human sample from Homo sapiens	RNA-Seq	TRANSCRIPTOMIC SINGLE CELL	PolyA	h16A_N	Illumina NovaSeq 6000 sequencing: scRNAseq of Homo sapiens: adult female breast	c3c2571023c43afe8d7daff36ddb72e4;3b972ce922010a3026d0859fefe5d73f	ftp.sra.ebi.ac.uk/vol1/fastq/SRR265/096/SRR26541196/SRR26541196_1.fastq.gz;ftp.sra.ebi.ac.uk/vol1/fastq/SRR265/096/SRR26541196/SRR26541196_2.fastq.gz
SRR26541202	SAMN38001628	Human sample from Homo sapiens	RNA-Seq	TRANSCRIPTOMIC SINGLE CELL	PolyA	h30A_P	Illumina NovaSeq 6000 sequencing: scRNAseq of Homo sapiens: adult female breast	f7a137d051131f9479666e446db58691;450be327b5328c49624d8b8902e07f64	ftp.sra.ebi.ac.uk/vol1/fastq/SRR265/002/SRR26541202/SRR26541202_1.fastq.gz;ftp.sra.ebi.ac.uk/vol1/fastq/SRR265/002/SRR26541202/SRR26541202_2.fastq.gz
SRR26541204	SAMN38001627	Human sample from Homo sapiens	RNA-Seq	TRANSCRIPTOMIC SINGLE CELL	PolyA	h26C_P	Illumina NovaSeq 6000 sequencing: scRNAseq of Homo sapiens: adult female breast	d22c97f3d244d0e82135f32e5a348b2f;3a4264a0d616869c263d6589edebec08	ftp.sra.ebi.ac.uk/vol1/fastq/SRR265/004/SRR26541204/SRR26541204_1.fastq.gz;ftp.sra.ebi.ac.uk/vol1/fastq/SRR265/004/SRR26541204/SRR26541204_2.fastq.gz
SRR26541207	SAMN38001625	Human sample from Homo sapiens	RNA-Seq	TRANSCRIPTOMIC SINGLE CELL	PolyA	h26A_TCR	Illumina NovaSeq 6000 sequencing: scRNAseq of Homo sapiens: adult female breast	d9b88e3398c031c7e3602faaaa9da966;9e9c3a4fb521161fc0f5992aadcf2edd	ftp.sra.ebi.ac.uk/vol1/fastq/SRR265/007/SRR26541207/SRR26541207_1.fastq.gz;ftp.sra.ebi.ac.uk/vol1/fastq/SRR265/007/SRR26541207/SRR26541207_2.fastq.gz
SRR26541211	SAMN38001623	Human sample from Homo sapiens	RNA-Seq	TRANSCRIPTOMIC SINGLE CELL	PolyA	h23B_TCR	Illumina NovaSeq 6000 sequencing: scRNAseq of Homo sapiens: adult female breast	242e787e90f850d5a87b55af825891b4;0d74e4deab939c3998c1599448801116	ftp.sra.ebi.ac.uk/vol1/fastq/SRR265/011/SRR26541211/SRR26541211_1.fastq.gz;ftp.sra.ebi.ac.uk/vol1/fastq/SRR265/011/SRR26541211/SRR26541211_2.fastq.gz
SRR26541215	SAMN38001622	Human sample from Homo sapiens	RNA-Seq	TRANSCRIPTOMIC SINGLE CELL	PolyA	h23A_P	Illumina NovaSeq 6000 sequencing: scRNAseq of Homo sapiens: adult female breast	dd0f39a35fd7c7dd6ba5bcf8a676094b;2147d3c3248444596fa08bfff174a384	ftp.sra.ebi.ac.uk/vol1/fastq/SRR265/015/SRR26541215/SRR26541215_1.fastq.gz;ftp.sra.ebi.ac.uk/vol1/fastq/SRR265/015/SRR26541215/SRR26541215_2.fastq.gz
SRR26541217	SAMN38001621	Human sample from Homo sapiens	RNA-Seq	TRANSCRIPTOMIC SINGLE CELL	PolyA	h20C_P	Illumina NovaSeq 6000 sequencing: scRNAseq of Homo sapiens: adult female breast	1049f015614a288766662c3fabebfdc6;3a1125ee49a9b0e187aaceefe3a5d579	ftp.sra.ebi.ac.uk/vol1/fastq/SRR265/017/SRR26541217/SRR26541217_1.fastq.gz;ftp.sra.ebi.ac.uk/vol1/fastq/SRR265/017/SRR26541217/SRR26541217_2.fastq.gz
SRR26541218	SAMN38001620	Human sample from Homo sapiens	RNA-Seq	TRANSCRIPTOMIC SINGLE CELL	PolyA	h20B_TCR	Illumina NovaSeq 6000 sequencing: scRNAseq of Homo sapiens: adult female breast	e2381424fffe773604cc95b33aa048aa;8775a874296807499f560cfb8bc18846	ftp.sra.ebi.ac.uk/vol1/fastq/SRR265/018/SRR26541218/SRR26541218_1.fastq.gz;ftp.sra.ebi.ac.uk/vol1/fastq/SRR265/018/SRR26541218/SRR26541218_2.fastq.gz
SRR26541220	SAMN38001619	Human sample from Homo sapiens	RNA-Seq	TRANSCRIPTOMIC SINGLE CELL	PolyA	h20A_TCR	Illumina NovaSeq 6000 sequencing: scRNAseq of Homo sapiens: adult female breast	41334da6e8cd73904cfaa99964297c53;13e8c23538703c6c9d844baeca2d0935	ftp.sra.ebi.ac.uk/vol1/fastq/SRR265/020/SRR26541220/SRR26541220_1.fastq.gz;ftp.sra.ebi.ac.uk/vol1/fastq/SRR265/020/SRR26541220/SRR26541220_2.fastq.gz
SRR26541222	SAMN38001618	Human sample from Homo sapiens	RNA-Seq	TRANSCRIPTOMIC SINGLE CELL	PolyA	h19C_TCR	Illumina NovaSeq 6000 sequencing: scRNAseq of Homo sapiens: adult female breast	6b752892dc4d4ec876aa06fcd788a44e;5a3f050cda4175ee9cffaeaa220ca93d	ftp.sra.ebi.ac.uk/vol1/fastq/SRR265/022/SRR26541222/SRR26541222_1.fastq.gz;ftp.sra.ebi.ac.uk/vol1/fastq/SRR265/022/SRR26541222/SRR26541222_2.fastq.gz
SRR26541224	SAMN38001569	Human sample from Homo sapiens	RNA-Seq	TRANSCRIPTOMIC SINGLE CELL	PolyA	h01A_TCR	Illumina NovaSeq 6000 sequencing: scRNAseq of Homo sapiens: adult female breast	f4d661a8f2aeaa2bf86119587ec47d55;bd23aa69678ac45fa96c8a75ce4d71b4	ftp.sra.ebi.ac.uk/vol1/fastq/SRR265/024/SRR26541224/SRR26541224_1.fastq.gz;ftp.sra.ebi.ac.uk/vol1/fastq/SRR265/024/SRR26541224/SRR26541224_2.fastq.gz
SRR26554493	SAMN38027295	Model organism or animal sample from Mus musculus	RNA-Seq	TRANSCRIPTOMIC	PolyA	B4	Illumina NovaSeq 6000 sequencing: scRNA seq of mus musculus: adult female breast	51a3967e7d3b6b7b6bff19bb83799f23;495e25aaa7183a27e84355f1465d102b	ftp.sra.ebi.ac.uk/vol1/fastq/SRR265/093/SRR26554493/SRR26554493_1.fastq.gz;ftp.sra.ebi.ac.uk/vol1/fastq/SRR265/093/SRR26554493/SRR26554493_2.fastq.gz
SRR26554498	SAMN38027290	Model organism or animal sample from Mus musculus	RNA-Seq	TRANSCRIPTOMIC	PolyA	mE1	Illumina NovaSeq 6000 sequencing: scRNA seq of mus musculus: adult female breast	979733907ca07d80d80950e376cae04d;4e54add3bbde19971b2dc577ac6a78b6	ftp.sra.ebi.ac.uk/vol1/fastq/SRR265/098/SRR26554498/SRR26554498_1.fastq.gz;ftp.sra.ebi.ac.uk/vol1/fastq/SRR265/098/SRR26554498/SRR26554498_2.fastq.gz
SRR26554501	SAMN38027299	Model organism or animal sample from Mus musculus	RNA-Seq	TRANSCRIPTOMIC	PolyA	C5	Illumina NovaSeq 6000 sequencing: scRNA seq of mus musculus: adult female breast	d2c9d33d5c9c2572c49937126ec38724;d964135f24b32d855b7d43ee1347bf75	ftp.sra.ebi.ac.uk/vol1/fastq/SRR265/001/SRR26554501/SRR26554501_1.fastq.gz;ftp.sra.ebi.ac.uk/vol1/fastq/SRR265/001/SRR26554501/SRR26554501_2.fastq.gz
SRR26554502	SAMN38027298	Model organism or animal sample from Mus musculus	RNA-Seq	TRANSCRIPTOMIC	PolyA	C4	Illumina NovaSeq 6000 sequencing: scRNA seq of mus musculus: adult female breast	851e75557d6b05468e900ea042733f4d;f7c9c407dbe5c12f591d27db7f18292c	ftp.sra.ebi.ac.uk/vol1/fastq/SRR265/002/SRR26554502/SRR26554502_1.fastq.gz;ftp.sra.ebi.ac.uk/vol1/fastq/SRR265/002/SRR26554502/SRR26554502_2.fastq.gz
