# factor_first_significant | collection gavish (pan-cancer malignant metaprograms (Gavish)) | DRVI run drvi_epi_64 | 04_3 - 04_7 signature interpretation
# CAVEAT: Cell type labels come from CellTypist (Cells_Adult_Breast.pkl, Kumar et al.
# CAVEAT: 2023), a NORMAL adult breast atlas with no malignant class: TNBC cells are assigned to the nearest normal state.
# CAVEAT: This subset therefore mixes normal and malignant epithelium and no CNV inference has been run.
# CAVEAT: Every state reported here is an EPITHELIAL state, not a tumour cell state.
dimension,collection,Gene_set,Term,Overlap,P-value,Adjusted P-value,Odds Ratio,Combined Score,direction,dim,fdr_bh_global,significant
DR 1+,lab,gs_ind_0,MP10_PROTEIN_MATURATION,6/13,0.0008738731352655,0.0051854297468064,7.991602399314481,56.281462040462216,+,DR 1,0.013159501331056941,True
DR 1+,lab,gs_ind_0,MP12_EMT_1,16/47,5.057843930604054e-06,4.172721242748344e-05,5.023744999354755,61.26241139381469,+,DR 1,0.00021904647398706276,True
DR 1+,lab,gs_ind_0,MP14_EMT_3,10/33,0.0009428054085102,0.0051854297468064,4.16904004020774,29.04424550712454,+,DR 1,0.013996286476852454,True
DR 1+,lab,gs_ind_0,MP18_INTERFERON_MHC_II_2,20/39,5.058600851559426e-11,1.6693382810146102e-09,10.375949996448613,245.986237572334,+,DR 1,7.471164334610844e-09,True
DR 1+,lab,gs_ind_0,MP25_ASTROCYTES,16/31,4.3743990424534714e-09,7.217758420048228e-08,10.301862050878574,198.2850557075752,+,DR 1,4.257934270263995e-07,True
DR 1+,lab,gs_ind_0,MP27_OLIGO_PROGENITOR,5/11,0.0026594995775354,0.0125376408655244,7.766869958685816,46.054566494324,+,DR 1,0.030454706891856673,True
DR 1+,lab,gs_ind_0,MP28_OLIGO_NORMAL,6/16,0.003151482837803,0.0129998667059375,5.698739135757131,32.82406608056813,+,DR 1,0.035179343305707905,True
DR 1+,lab,gs_ind_0,MP39_METAL_RESPONSE,16/36,6.731188405582003e-08,7.404307246140202e-07,7.767400356930398,128.27029826205302,+,DR 1,4.939063084860171e-06,True
DR 1+,hallmark,gs_ind_0,Coagulation,12/52,0.0040114791797537,0.057497868243137,2.8825686871663883,15.90772981557226,+,DR 1,0.040932010762411535,True
DR 1+,hallmark,gs_ind_0,Epithelial Mesenchymal Transition,28/114,2.6301966850554e-06,0.0001130984574573,3.274742397587333,42.07537027649923,+,DR 1,0.0001231701862269846,True
DR 1+,hallmark,gs_ind_0,Myogenesis,15/47,2.4747288817396623e-05,0.000532066709574,4.546838067592785,48.227377542811446,+,DR 1,0.0007963373384815896,True
DR 1-,lab,gs_ind_0,MP14_EMT_3,9/33,0.0038078345454647,0.0251317080000673,3.5971119518303403,20.038412169513247,-,DR 1,0.03892302924911566,True
DR 1-,lab,gs_ind_0,MP22_SECRETED_1,12/26,1.9872335795739027e-06,3.2789354062969394e-05,8.170218604225738,107.2648967813464,-,DR 1,9.499141426013013e-05,True
DR 1-,lab,gs_ind_0,MP30_PDAC_CLASSICAL,8/27,0.003611299655644,0.0251317080000673,4.034032634032634,22.68613912456157,-,DR 1,0.03851410939477829,True
DR 1-,lab,gs_ind_0,MP5_STRESS,28/37,9.367854465177793e-22,3.0913919735086715e-20,31.15652173913044,1508.5859447199553,-,DR 1,4.692073192993399e-19,True
DR 1-,lab,gs_ind_0,MP7_STRESS_IN_VITRO,6/16,0.003151482837803,0.0251317080000673,5.698739135757131,32.82406608056813,-,DR 1,0.035179343305707905,True
DR 1-,hallmark,gs_ind_0,Androgen Response,10/25,6.840173852509236e-05,0.0004690404927434,6.349250698501397,60.8900273250398,-,DR 1,0.0017787540131130111,True
DR 1-,hallmark,gs_ind_0,Apoptosis,17/59,3.1696002737503654e-05,0.0002535680219,3.94598493348293,40.87772056868248,-,DR 1,0.0009608893461474792,True
DR 1-,hallmark,gs_ind_0,Estrogen Response Early,30/49,4.500282524747776e-19,2.1601356118789325e-17,16.342807729904504,690.4015299451424,-,DR 1,1.4400904079192883e-16,True
DR 1-,hallmark,gs_ind_0,Estrogen Response Late,25/64,2.9542058703548787e-10,4.726729392567807e-09,6.479606188466948,142.17954318691525,-,DR 1,3.6204735772859785e-08,True
DR 1-,hallmark,gs_ind_0,Hypoxia,15/61,0.0006459320302324,0.0038755921813948,3.152740341419587,23.15629857389903,-,DR 1,0.010539854091044262,True
DR 1-,hallmark,gs_ind_0,TGF-beta Signaling,4/8,0.0049190181961412,0.0262347637127535,9.142493638676845,48.58912019089625,-,DR 1,0.04663957993378323,True
DR 1-,hallmark,gs_ind_0,TNF-alpha Signaling via NF-kB,36/93,2.7643051306697274e-14,6.634332313607345e-13,6.727923880005286,210.0417602857842,-,DR 1,5.8971842787620854e-12,True
DR 1-,hallmark,gs_ind_0,UV Response Up,14/32,5.968869982019467e-07,7.162643978423361e-06,7.491123831606405,107.3593260367618,-,DR 1,3.359468900387647e-05,True
DR 1-,hallmark,gs_ind_0,p53 Pathway,14/41,1.9595327397435125e-05,0.0001881151430153,5.014038508408482,54.35327760264868,-,DR 1,0.0006664157027141196,True
DR 2+,lab,gs_ind_0,MP12_EMT_1,39/47,4.421796518931309e-33,1.1938850601114534e-31,51.5780367874704,3842.4998872141264,+,DR 2,5.0939095898088684e-30,True
DR 2+,lab,gs_ind_0,MP13_EMT_2,13/37,2.776013555350533e-05,0.0002498412199815,5.220734693877551,54.77547613677655,+,DR 2,0.0008619858802597882,True
DR 2+,lab,gs_ind_0,MP15_EMT_4,13/35,1.3806907719484292e-05,0.000186393254213,5.6912,63.68647172496206,+,DR 2,0.0004849255394160337,True
DR 2+,lab,gs_ind_0,MP18_INTERFERON_MHC_II_2,11/39,0.0010260460463652,0.0069258108129655,3.774244317918808,25.974510381561768,+,DR 2,0.014943173772600635,True
DR 2+,lab,gs_ind_0,MP27_OLIGO_PROGENITOR,5/11,0.0026594995775354,0.0143612977186916,7.766869958685816,46.054566494324,+,DR 2,0.030454706891856673,True
DR 2+,hallmark,gs_ind_0,Adipogenesis,9/27,0.0007892992037056,0.0058408141074221,4.779832051372521,34.14886524442345,+,DR 2,0.012287468684714207,True
DR 2+,hallmark,gs_ind_0,Angiogenesis,7/17,0.0007324907256175,0.0058408141074221,6.609449981543005,47.71401518022149,+,DR 2,0.0115751620838321,True
DR 2+,hallmark,gs_ind_0,Coagulation,21/52,4.3233137730312154e-09,5.3320869867384984e-08,6.728434363531856,129.5845568014155,+,DR 2,4.257934270263995e-07,True
DR 2+,hallmark,gs_ind_0,Epithelial Mesenchymal Transition,63/114,9.100606838084657e-37,3.3672245300913217e-35,15.68836716681377,1301.9353477975235,+,DR 2,1.164877675274836e-33,True
DR 2+,hallmark,gs_ind_0,Myogenesis,21/47,4.454650607381848e-10,8.241103623656417e-09,8.02054974509907,172.69769349709023,+,DR 2,5.2904716491792674e-08,True
DR 2+,hallmark,gs_ind_0,UV Response Dn,9/32,0.0030264629626589,0.0186631882697303,3.7522915393589247,21.76464430625097,+,DR 2,0.03434960919195126,True
DR 2-,lab,gs_ind_0,MP14_EMT_3,18/33,1.2972674835760105e-10,4.670162940873638e-09,11.677154220061864,265.83731483832355,-,DR 2,1.7177610817006484e-08,True
DR 2-,lab,gs_ind_0,MP19_EPITHELIAL_SENESCENCE,11/34,0.0002751239868631,0.0024761158817681,4.590186942120923,37.63167774116129,-,DR 2,0.005629535219649932,True
DR 2-,lab,gs_ind_0,MP30_PDAC_CLASSICAL,11/27,2.3637354495703172e-05,0.0004254723809226,6.563284560646038,69.9165851355189,-,DR 2,0.0007670487994098607,True
DR 2-,lab,gs_ind_0,MP3_CELL_CYCLE_HMG_RICH,4/8,0.0049190181961412,0.0295141091768477,9.142493638676845,48.58912019089625,-,DR 2,0.04663957993378323,True
DR 2-,lab,gs_ind_0,MP7_STRESS_IN_VITRO,8/16,5.543232563021663e-05,0.0006651879075625,9.311688311688313,91.25778256286648,-,DR 2,0.0014781953501391103,True
DR 2-,lab,gs_ind_0,MP8_PROTEASOMAL_DEGRADATION,3/4,0.0036541598583761,0.0263099509803081,21.259915611814343,119.30828811722128,-,DR 2,0.03851410939477829,True
DR 2-,hallmark,gs_ind_0,Androgen Response,9/25,0.0004113385210392,0.0037020466893534,5.36521876730754,41.82775000316536,-,DR 2,0.007644597061781674,True
DR 2-,hallmark,gs_ind_0,DNA Repair,5/11,0.0026594995775354,0.0170967829984424,7.766869958685816,46.054566494324,-,DR 2,0.030454706891856673,True
DR 2-,hallmark,gs_ind_0,Estrogen Response Early,17/49,1.8550635918236e-06,4.1738930816031e-05,5.189478096835045,68.48861244153905,-,DR 2,8.941561748036767e-05,True
DR 2-,hallmark,gs_ind_0,Estrogen Response Late,19/64,6.480151748330988e-06,9.72022762249648e-05,4.14521841794569,49.521957069251535,-,DR 2,0.0002556553018519623,True
DR 2-,hallmark,gs_ind_0,Glycolysis,13/40,7.132734685467942e-05,0.0008024326521151,4.643345454545455,44.33573388785754,-,DR 2,0.0018259800794797932,True
DR 2-,hallmark,gs_ind_0,Myc Targets V1,5/12,0.004192769000148,0.0235843256258327,6.727536231884058,36.82918333740776,-,DR 2,0.04236903410675874,True
DR 2-,hallmark,gs_ind_0,Reactive Oxygen Species Pathway,5/10,0.001577726486878,0.0118329486515851,9.184143222506394,59.25398339743649,-,DR 2,0.02058124275223391,True
DR 2-,hallmark,gs_ind_0,mTORC1 Signaling,17/48,1.3276367579910216e-06,4.1738930816031e-05,5.357250983953981,72.49490998712832,-,DR 2,6.678766572950467e-05,True
DR 3+,lab,gs_ind_0,MP11_TRANSLATION_INITIATION,3/4,0.0036541598583761,0.0310603587961971,21.259915611814343,119.30828811722128,+,DR 3,0.03851410939477829,True
DR 3+,lab,gs_ind_0,MP14_EMT_3,11/33,0.0002037343019374,0.0034634831329363,4.796892406918792,40.76732001946161,+,DR 3,0.004346331774664533,True
DR 3+,lab,gs_ind_0,MP23_SECRETED_2,11/45,0.0036202927297143,0.0310603587961971,3.1072999120492524,17.466755483212417,+,DR 3,0.03851410939477829,True
DR 3+,lab,gs_ind_0,MP6_HYPOXIA,11/29,5.232024372724877e-05,0.0017788882867264,5.847179633459317,57.642240543632575,+,DR 3,0.0014363551938801275,True
DR 3+,hallmark,gs_ind_0,E2F Targets,12/53,0.0047382490925697,0.0445395414701561,2.8115112971781024,15.047454754456218,+,DR 3,0.04580062861067469,True
DR 3+,hallmark,gs_ind_0,Estrogen Response Early,15/49,4.320330277245632e-05,0.0016761926510849,4.278409312863784,42.996274902517925,+,DR 3,0.0012536575514828633,True
DR 3+,hallmark,gs_ind_0,Estrogen Response Late,15/64,0.0011107953964648,0.0130518459084617,2.956601050940673,20.11280772356416,+,DR 3,0.01591587433740609,True
DR 3+,hallmark,gs_ind_0,Glycolysis,13/40,7.132734685467942e-05,0.0016761926510849,4.643345454545455,44.33573388785754,+,DR 3,0.0018259800794797932,True
DR 3+,hallmark,gs_ind_0,p53 Pathway,12/41,0.0004154095278364,0.0065080826027709,3.98215168817156,31.00601149959369,+,DR 3,0.007644597061781674,True
DR 3-,lab,gs_ind_0,MP18_INTERFERON_MHC_II_2,10/39,0.003783351141709,0.0577773845944034,3.3098892299479514,18.459732555536903,-,DR 3,0.03892302924911566,True
DR 3-,lab,gs_ind_0,MP37_HEMATO_RELATED_2,7/22,0.0041529580508293,0.0577773845944034,4.464866216554139,24.48503350474547,-,DR 3,0.04233812101376419,True
DR 3-,hallmark,gs_ind_0,Allograft Rejection,26/89,1.5635978652050002e-07,2.8144761573690007e-06,4.1552918349389705,65.11801947663723,-,DR 3,1.0234458754069093e-05,True
DR 3-,hallmark,gs_ind_0,Complement,14/66,0.0044090504991344,0.0317451635937683,2.589378271415805,14.04503611479543,-,DR 3,0.044282704228446636,True
DR 3-,hallmark,gs_ind_0,Inflammatory Response,25/82,1.0929188834879965e-07,2.8144761573690007e-06,4.405722779635823,70.62040392912445,-,DR 3,7.584593697458866e-06,True
DR 3-,hallmark,gs_ind_0,KRAS Signaling Up,22/83,9.22032280037151e-06,0.0001106438736044,3.5652797704447634,41.33621200524255,-,DR 3,0.00034825612675501574,True
DR 3-,hallmark,gs_ind_0,TNF-alpha Signaling via NF-kB,22/93,6.461196396966755e-05,0.000581507675727,3.049009813715696,29.4141360018817,-,DR 3,0.0017071784975471794,True
DR 4+,lab,gs_ind_0,MP14_EMT_3,9/33,0.0038078345454647,0.0274164087273461,3.5971119518303403,20.038412169513247,+,DR 4,0.03892302924911566,True
DR 4+,lab,gs_ind_0,MP18_INTERFERON_MHC_II_2,10/39,0.003783351141709,0.0274164087273461,3.3098892299479514,18.459732555536903,+,DR 4,0.03892302924911566,True
DR 4+,lab,gs_ind_0,MP22_SECRETED_1,8/26,0.0027751513735882,0.0274164087273461,4.254475254475254,25.04630847976831,+,DR 4,0.03168458258051146,True
DR 4+,lab,gs_ind_0,MP25_ASTROCYTES,10/31,0.0005406708160615,0.0194641493782147,4.561984984435085,34.31844415681465,+,DR 4,0.009227448594116266,True
DR 4+,lab,gs_ind_0,MP27_OLIGO_PROGENITOR,5/11,0.0026594995775354,0.0274164087273461,7.766869958685816,46.054566494324,+,DR 4,0.030454706891856673,True
DR 4+,hallmark,gs_ind_0,p53 Pathway,12/41,0.0004154095278364,0.0182780192248034,3.98215168817156,31.00601149959369,+,DR 4,0.007644597061781674,True
DR 4-,lab,gs_ind_0,MP18_INTERFERON_MHC_II_2,14/39,1.0070000412475011e-05,0.0003524500144366,5.413394312148452,62.286243258797576,-,DR 4,0.00035915295588765365,True
DR 4-,lab,gs_ind_0,MP23_SECRETED_2,14/45,6.438646399233802e-05,0.0011267631198659,4.3674624452104345,42.14866422860711,-,DR 4,0.0017071784975471794,True
DR 4-,hallmark,gs_ind_0,Apoptosis,13/59,0.0042671553818756,0.0358441052077557,2.716645161290322,14.824210670745018,-,DR 4,0.042969956293013034,True
DR 4-,hallmark,gs_ind_0,Estrogen Response Early,14/49,0.0001808341096007,0.0075950326032333,3.8665936638598346,33.32203534510104,-,DR 4,0.003975589585114627,True
DR 4-,hallmark,gs_ind_0,Estrogen Response Late,14/64,0.0032686442862646,0.0343207650057783,2.695007034215486,15.42454928240058,-,DR 4,0.03599883573400401,True
DR 4-,hallmark,gs_ind_0,Glycolysis,11/40,0.0012931995232216,0.0181047933251027,3.644246679486606,24.23655772505855,-,DR 4,0.017714219390621677,True
DR 4-,hallmark,gs_ind_0,Oxidative Phosphorylation,4/5,0.0004483700298631,0.009415770627127,27.47328244274809,211.8160324680408,-,DR 4,0.007934289929374673,True
DR 5+,lab,gs_ind_0,MP14_EMT_3,15/33,1.229685576790037e-07,3.4136531720531623e-06,8.050921541487579,128.10092695747232,+,DR 5,8.236033630593734e-06,True
DR 5+,lab,gs_ind_0,MP17_INTERFERON_MHC_II_1,10/39,0.003783351141709,0.0184951963636858,3.3098892299479514,18.459732555536903,+,DR 5,0.03892302924911566,True
DR 5+,lab,gs_ind_0,MP19_EPITHELIAL_SENESCENCE,15/34,2.008031277678331e-07,3.4136531720531623e-06,7.633768746976294,117.71989648311724,+,DR 5,1.2923195708857191e-05,True
DR 5+,lab,gs_ind_0,MP23_SECRETED_2,12/45,0.001052589982739,0.0089470148532818,3.498752919751376,23.989204648608982,+,DR 5,0.015252624655538716,True
DR 5+,lab,gs_ind_0,MP30_PDAC_CLASSICAL,12/27,3.265469500821385e-06,3.700865434264237e-05,7.6388294686403695,96.49451125965145,+,DR 5,0.00014868857173700538,True
DR 5+,lab,gs_ind_0,MP40_PDAC_RELATED,9/33,0.0038078345454647,0.0184951963636858,3.5971119518303403,20.038412169513247,+,DR 5,0.03892302924911566,True
DR 5+,lab,gs_ind_0,MP6_HYPOXIA,9/29,0.0014111478308291,0.0095958052496384,4.308667133668726,28.27929836550699,+,DR 5,0.019102729742833408,True
DR 5+,hallmark,gs_ind_0,DNA Repair,5/11,0.0026594995775354,0.0228716963668052,7.766869958685816,46.054566494324,+,DR 5,0.030454706891856673,True
DR 5+,hallmark,gs_ind_0,Glycolysis,14/40,1.4139101995007215e-05,0.0006079813857853,5.206181395113561,58.13517027878158,+,DR 5,0.0004876720209056381,True
DR 5+,hallmark,gs_ind_0,Interferon Alpha Response,11/40,0.0012931995232216,0.0169605597339386,3.644246679486606,24.23655772505855,+,DR 5,0.017714219390621677,True
DR 5+,hallmark,gs_ind_0,Myc Targets V1,5/12,0.004192769000148,0.0300481778343943,6.727536231884058,36.82918333740776,+,DR 5,0.04236903410675874,True
DR 5+,hallmark,gs_ind_0,Reactive Oxygen Species Pathway,5/10,0.001577726486878,0.0169605597339386,9.184143222506394,59.25398339743649,+,DR 5,0.02058124275223391,True
DR 5+,hallmark,gs_ind_0,mTORC1 Signaling,13/48,0.000551985177671,0.0118676813199285,3.5807323943661973,26.86261633819781,+,DR 5,0.009310203875212184,True
DR 5-,lab,gs_ind_0,MP12_EMT_1,20/47,3.4577490453929904e-09,7.928412781530384e-08,7.324452279022916,142.6997257244597,-,DR 5,3.4637625219936743e-07,True
DR 5-,lab,gs_ind_0,MP13_EMT_2,16/37,1.0822377398097633e-07,9.199020788382988e-07,7.401966345244848,118.72061765235776,-,DR 5,7.55598712885362e-06,True
DR 5-,lab,gs_ind_0,MP15_EMT_4,17/35,4.663772224429638e-09,7.928412781530384e-08,9.188820973562118,176.2732070830098,-,DR 5,4.368020815075563e-07,True
DR 5-,lab,gs_ind_0,MP25_ASTROCYTES,15/31,4.279053311394671e-08,4.84959375291396e-07,9.03691905578698,153.32894426449602,-,DR 5,3.2863129431511075e-06,True
DR 5-,lab,gs_ind_0,MP39_METAL_RESPONSE,10/36,0.0019784045605385,0.0112109591763851,3.690833457138612,22.977152797893527,-,DR 5,0.02485411181832445,True
DR 5-,lab,gs_ind_0,MP5_STRESS,12/37,0.000140082467571,0.0009525607794828,4.617204972174546,40.96974909429703,-,DR 5,0.0032082505495386084,True
DR 5-,hallmark,gs_ind_0,Epithelial Mesenchymal Transition,33/114,3.3703641003193207e-09,1.5166638451436946e-07,4.219631901840491,82.3176131905128,-,DR 5,3.4359818084671303e-07,True
DR 5-,hallmark,gs_ind_0,Myogenesis,13/47,0.000440815093826,0.0066122264073908,3.6866086956521738,28.486001648149458,-,DR 5,0.007934289929374673,True
DR 5-,hallmark,gs_ind_0,TGF-beta Signaling,4/8,0.0049190181961412,0.0442711637652715,9.142493638676845,48.58912019089625,-,DR 5,0.04663957993378323,True
DR 5-,hallmark,gs_ind_0,TNF-alpha Signaling via NF-kB,19/93,0.001497712048809,0.0168492605491019,2.48982195351933,16.193345442284368,-,DR 5,0.02013260537022133,True
DR 5-,hallmark,gs_ind_0,p53 Pathway,13/41,9.534578445982856e-05,0.0021452801503461,4.477894736842106,41.456351435534096,-,DR 5,0.0023570460020970493,True
DR 6+,lab,gs_ind_0,MP11_TRANSLATION_INITIATION,3/4,0.0036541598583761,0.0184045336364129,21.259915611814343,119.30828811722128,+,DR 6,0.03851410939477829,True
DR 6+,lab,gs_ind_0,MP19_EPITHELIAL_SENESCENCE,10/34,0.0012210060008632,0.0088522935062585,3.996625421822272,26.80968373566166,+,DR 6,0.017174589902251607,True
DR 6+,lab,gs_ind_0,MP22_SECRETED_1,9/26,0.0005753353335499,0.0055615748909833,5.055800074599031,37.71908715682361,+,DR 6,0.009605598612311373,True
DR 6+,lab,gs_ind_0,MP23_SECRETED_2,22/45,1.7464199943086683e-11,5.064617983495138e-10,9.534239227605935,236.17138184390257,+,DR 6,2.833627934427586e-09,True
DR 6+,lab,gs_ind_0,MP40_PDAC_RELATED,9/33,0.0038078345454647,0.0184045336364129,3.5971119518303403,20.038412169513247,+,DR 6,0.03892302924911566,True
DR 6+,lab,gs_ind_0,MP5_STRESS,18/37,1.534123293552256e-09,2.2244787756507717e-08,9.261046715841236,187.95578404760084,+,DR 6,1.577955387653749e-07,True
DR 6+,hallmark,gs_ind_0,Estrogen Response Early,14/49,0.0001808341096007,0.0039783504112174,3.8665936638598346,33.32203534510104,+,DR 6,0.003975589585114627,True
DR 6+,hallmark,gs_ind_0,Estrogen Response Late,15/64,0.0011107953964648,0.0122187493611131,2.956601050940673,20.11280772356416,+,DR 6,0.01591587433740609,True
DR 6+,hallmark,gs_ind_0,TNF-alpha Signaling via NF-kB,25/93,1.5997360641219624e-06,7.038838682136635e-05,3.674901740595171,49.04403290298948,+,DR 6,7.943517008053882e-05,True
DR 6+,hallmark,gs_ind_0,UV Response Up,10/32,0.0007188444671245,0.0105430521844935,4.356780402449694,31.53379074881248,+,DR 6,0.011422190705205847,True
DR 6-,lab,gs_ind_0,MP10_PROTEIN_MATURATION,6/13,0.0008738731352655,0.0050975932890491,7.991602399314481,56.281462040462216,-,DR 6,0.013159501331056941,True
DR 6-,lab,gs_ind_0,MP13_EMT_2,10/37,0.0024789433908547,0.0116353106517177,3.5546170365068,21.32742802180424,-,DR 6,0.029110527892605653,True
DR 6-,lab,gs_ind_0,MP14_EMT_3,12/33,3.8597747293638025e-05,0.0004503070517591,5.4885571525507375,55.77645569997501,-,DR 6,0.001122843557633106,True
DR 6-,lab,gs_ind_0,MP18_INTERFERON_MHC_II_2,12/39,0.0002466108383135,0.0017262758681947,4.276585483482036,35.528585018148014,-,DR 6,0.005165376104311855,True
DR 6-,lab,gs_ind_0,MP24_CILIA,5/11,0.0026594995775354,0.0116353106517177,7.766869958685816,46.054566494324,-,DR 6,0.030454706891856673,True
DR 6-,lab,gs_ind_0,MP26_NPC_GLIOMA,8/13,7.2425920497813855e-06,0.0001267453608711,14.414876033057851,170.60771788341367,-,DR 6,0.0002771915628354869,True
DR 6-,lab,gs_ind_0,MP30_PDAC_CLASSICAL,8/27,0.003611299655644,0.0140439431052825,4.034032634032634,22.68613912456157,-,DR 6,0.03851410939477829,True
DR 6-,lab,gs_ind_0,MP39_METAL_RESPONSE,12/36,0.0001036536031328,0.0009069690274128,4.808368970930547,44.11416934971605,-,DR 6,0.002477364124667751,True
DR 6-,lab,gs_ind_0,MP6_HYPOXIA,14/29,1.2920351592824904e-07,4.522123057488716e-06,8.956066764680447,142.06002971981485,-,DR 6,8.554163813180626e-06,True
DR 6-,hallmark,gs_ind_0,DNA Repair,6/11,0.000279598778089,0.0045247237314319,10.909792007478384,89.26560832643746,-,DR 6,0.005631080285988252,True
DR 6-,hallmark,gs_ind_0,Estrogen Response Early,13/49,0.000686011952252,0.0050307543165149,3.4806575342465758,25.35525184951136,-,DR 6,0.01099145714873858,True
DR 6-,hallmark,gs_ind_0,Estrogen Response Late,19/64,6.480151748330988e-06,0.0002851266769265,4.14521841794569,49.521957069251535,-,DR 6,0.0002556553018519623,True
DR 6-,hallmark,gs_ind_0,Fatty Acid Metabolism,9/25,0.0004113385210392,0.0045247237314319,5.36521876730754,41.82775000316536,-,DR 6,0.007644597061781674,True
DR 6-,hallmark,gs_ind_0,Glycolysis,12/40,0.000321732334653,0.0045247237314319,4.124203080645912,33.16597763632865,-,DR 6,0.006281960161360271,True
DR 6-,hallmark,gs_ind_0,Hypoxia,14/61,0.0020198954677119,0.0111094250724154,2.87012840412022,17.80831302567982,-,DR 6,0.025020640632302242,True
DR 6-,hallmark,gs_ind_0,Myogenesis,11/47,0.0051906423404725,0.0253764736645324,2.9337116420284093,15.43395719507859,-,DR 6,0.048853104380917646,True
DR 6-,hallmark,gs_ind_0,mTORC1 Signaling,13/48,0.000551985177671,0.0048574695635056,3.5807323943661973,26.86261633819781,-,DR 6,0.009310203875212184,True
DR 6-,hallmark,gs_ind_0,p53 Pathway,11/41,0.0016150558548628,0.0101517796591379,3.5227734763614342,22.64574677312221,-,DR 6,0.02058124275223391,True
DR 7+,lab,gs_ind_0,MP14_EMT_3,18/33,1.2972674835760105e-10,4.92961643758884e-09,11.677154220061864,265.83731483832355,+,DR 7,1.7177610817006484e-08,True
DR 7+,lab,gs_ind_0,MP17_INTERFERON_MHC_II_1,11/39,0.0010260460463652,0.00649829162698,3.774244317918808,25.974510381561768,+,DR 7,0.014943173772600635,True
DR 7+,lab,gs_ind_0,MP18_INTERFERON_MHC_II_2,12/39,0.0002466108383135,0.0031237372853047,4.276585483482036,35.528585018148014,+,DR 7,0.005165376104311855,True
DR 7+,lab,gs_ind_0,MP26_NPC_GLIOMA,6/13,0.0008738731352655,0.00649829162698,7.991602399314481,56.281462040462216,+,DR 7,0.013159501331056941,True
DR 7+,lab,gs_ind_0,MP2_CELL_CYCLE_G1_S,10/28,0.0002095471257267,0.0031237372853047,5.3107044051925945,44.984650397290046,+,DR 7,0.004445640678400707,True
DR 7+,lab,gs_ind_0,MP39_METAL_RESPONSE,10/36,0.0019784045605385,0.0107399104714949,3.690833457138612,22.977152797893527,+,DR 7,0.02485411181832445,True
DR 7+,lab,gs_ind_0,MP3_CELL_CYCLE_HMG_RICH,5/8,0.0004149834388539,0.003942342669112,14.448301059554256,112.51284949262244,+,DR 7,0.007644597061781674,True
DR 7+,lab,gs_ind_0,MP7_STRESS_IN_VITRO,6/16,0.003151482837803,0.0149695434795644,5.698739135757131,32.82406608056813,+,DR 7,0.035179343305707905,True
DR 7+,hallmark,gs_ind_0,DNA Repair,6/11,0.000279598778089,0.0048049419365203,10.909792007478384,89.26560832643746,+,DR 7,0.005631080285988252,True
DR 7+,hallmark,gs_ind_0,E2F Targets,14/53,0.0004469713429321,0.0048049419365203,3.467166661010622,26.742312191693923,+,DR 7,0.007934289929374673,True
DR 7+,hallmark,gs_ind_0,Estrogen Response Late,15/64,0.0011107953964648,0.0095528404095975,2.956601050940673,20.11280772356416,+,DR 7,0.01591587433740609,True
DR 7+,hallmark,gs_ind_0,Fatty Acid Metabolism,9/25,0.0004113385210392,0.0048049419365203,5.36521876730754,41.82775000316536,+,DR 7,0.007644597061781674,True
DR 7+,hallmark,gs_ind_0,Glycolysis,10/40,0.0046134016812048,0.0198376272291809,3.1995611204337164,17.209766726361703,+,DR 7,0.04526949520228219,True
DR 7+,hallmark,gs_ind_0,Hypoxia,14/61,0.0020198954677119,0.0108569381389515,2.87012840412022,17.80831302567982,+,DR 7,0.025020640632302242,True
DR 7+,hallmark,gs_ind_0,Interferon Alpha Response,12/40,0.000321732334653,0.0048049419365203,4.124203080645912,33.16597763632865,+,DR 7,0.006281960161360271,True
DR 7+,hallmark,gs_ind_0,Myc Targets V1,5/12,0.004192769000148,0.0198376272291809,6.727536231884058,36.82918333740776,+,DR 7,0.04236903410675874,True
DR 7+,hallmark,gs_ind_0,Pperoxisome,6/14,0.0014031510050112,0.0096917484193935,7.047482231967337,46.2951564116883,+,DR 7,0.019102729742833408,True
DR 7+,hallmark,gs_ind_0,Reactive Oxygen Species Pathway,5/10,0.001577726486878,0.0096917484193935,9.184143222506394,59.25398339743649,+,DR 7,0.02058124275223391,True
DR 7-,lab,gs_ind_0,MP16_MES_GLIOMA,10/24,4.491681286989174e-05,0.0014822548247064,6.790931306000543,67.98196503630383,-,DR 7,0.0012936042106528821,True
DR 7-,lab,gs_ind_0,MP41_UNASSIGNED,4/8,0.0049190181961412,0.0541092001575541,9.142493638676845,48.58912019089625,-,DR 7,0.04663957993378323,True
DR 7-,lab,gs_ind_0,MP5_STRESS,10/37,0.0024789433908547,0.040902565949104,3.5546170365068,21.32742802180424,-,DR 7,0.029110527892605653,True
DR 8+,lab,gs_ind_0,MP11_TRANSLATION_INITIATION,3/4,0.0036541598583761,0.0301468188316031,21.259915611814343,119.30828811722128,+,DR 8,0.03851410939477829,True
DR 8+,lab,gs_ind_0,MP2_CELL_CYCLE_G1_S,11/28,3.555643475984438e-05,0.0005866811735374,6.184771956275914,63.35921234569386,+,DR 8,0.0010584241044790887,True
DR 8+,lab,gs_ind_0,MP3_CELL_CYCLE_HMG_RICH,6/8,2.1976955858542536e-05,0.0005866811735374,24.04164524421594,257.8590534871788,+,DR 8,0.0007260933440613532,True
DR 8+,lab,gs_ind_0,MP8_PROTEASOMAL_DEGRADATION,3/4,0.0036541598583761,0.0301468188316031,21.259915611814343,119.30828811722128,+,DR 8,0.03851410939477829,True
DR 8+,hallmark,gs_ind_0,DNA Repair,5/11,0.0026594995775354,0.0208327466906947,7.766869958685816,46.054566494324,+,DR 8,0.030454706891856673,True
DR 8+,hallmark,gs_ind_0,E2F Targets,14/53,0.0004469713429321,0.0067571379909708,3.467166661010622,26.742312191693923,+,DR 8,0.007934289929374673,True
DR 8+,hallmark,gs_ind_0,Estrogen Response Late,14/64,0.0032686442862646,0.021946611636348,2.695007034215486,15.42454928240058,+,DR 8,0.03599883573400401,True
DR 8+,hallmark,gs_ind_0,G2-M Checkpoint,13/49,0.000686011952252,0.0067571379909708,3.4806575342465758,25.35525184951136,+,DR 8,0.01099145714873858,True
DR 8+,hallmark,gs_ind_0,Glycolysis,10/40,0.0046134016812048,0.0271037348770786,3.1995611204337164,17.209766726361703,+,DR 8,0.04526949520228219,True
DR 8+,hallmark,gs_ind_0,Reactive Oxygen Species Pathway,6/10,0.0001385765478863,0.0033255090154855,13.3416166809483,118.5280925558654,+,DR 8,0.0032082505495386084,True
DR 8+,hallmark,gs_ind_0,UV Response Up,10/32,0.0007188444671245,0.0067571379909708,4.356780402449694,31.53379074881248,+,DR 8,0.011422190705205847,True
DR 8+,hallmark,gs_ind_0,mTORC1 Signaling,14/48,0.0001415110219355,0.0033255090154855,3.980922407428993,35.283444562178204,+,DR 8,0.0032090688438916534,True
DR 8-,lab,gs_ind_0,MP13_EMT_2,12/37,0.000140082467571,0.001120659740568,4.617204972174546,40.96974909429703,-,DR 8,0.0032082505495386084,True
DR 8-,lab,gs_ind_0,MP14_EMT_3,23/33,1.148629917212795e-16,1.2252052450269813e-15,22.576391683433936,828.6165997621854,-,DR 8,2.8153652438917866e-14,True
DR 8-,lab,gs_ind_0,MP16_MES_GLIOMA,8/24,0.0015584620585491,0.0071243979819391,4.775521448248721,30.86923713422284,-,DR 8,0.02058124275223391,True
DR 8-,lab,gs_ind_0,MP19_EPITHELIAL_SENESCENCE,26/34,1.920977509308891e-20,6.147128029788451e-19,32.02511377043654,1453.9039026280327,-,DR 8,8.196170706384603e-18,True
DR 8-,lab,gs_ind_0,MP23_SECRETED_2,13/45,0.0002744321893008,0.0017563660115253,3.917907692307692,32.13000232506372,-,DR 8,0.005629535219649932,True
DR 8-,lab,gs_ind_0,MP28_OLIGO_NORMAL,6/16,0.003151482837803,0.0126059313512121,5.698739135757131,32.82406608056813,-,DR 8,0.035179343305707905,True
DR 8-,lab,gs_ind_0,MP39_METAL_RESPONSE,11/36,0.000482205400786,0.0025717621375254,4.225412592477625,32.27006918277949,-,DR 8,0.008353392807601083,True
DR 8-,lab,gs_ind_0,MP40_PDAC_RELATED,25/33,1.6532880702878522e-19,2.645260912460564e-18,30.64102564102564,1325.1125404354289,-,DR 8,6.348626189905353e-17,True
DR 8-,hallmark,gs_ind_0,Estrogen Response Early,12/49,0.0023514429884335,0.0258658728727687,3.118479221927498,18.87530058397867,-,DR 8,0.028004263194580412,True
DR 8-,hallmark,gs_ind_0,Estrogen Response Late,17/64,9.965542808897806e-05,0.001461612945305,3.5205793775993115,32.437886249909255,-,DR 8,0.0024374321265074887,True
DR 8-,hallmark,gs_ind_0,KRAS Signaling Dn,12/35,7.567785795160356e-05,0.001461612945305,5.0158022461764205,47.59507259625568,-,DR 8,0.0019330574802715588,True
DR 8-,hallmark,gs_ind_0,p53 Pathway,13/41,9.534578445982856e-05,0.001461612945305,4.477894736842106,41.456351435534096,-,DR 8,0.0023570460020970493,True
DR 9+,lab,gs_ind_0,MP14_EMT_3,17/33,1.43989603311513e-09,5.471604925837496e-08,10.314177194286186,209.98318690283077,+,DR 9,1.5217983762831466e-07,True
DR 9+,lab,gs_ind_0,MP17_INTERFERON_MHC_II_1,11/39,0.0010260460463652,0.01299658325396,3.774244317918808,25.974510381561768,+,DR 9,0.014943173772600635,True
DR 9+,lab,gs_ind_0,MP18_INTERFERON_MHC_II_2,10/39,0.003783351141709,0.0239612238974907,3.3098892299479514,18.459732555536903,+,DR 9,0.03892302924911566,True
DR 9+,lab,gs_ind_0,MP25_ASTROCYTES,9/31,0.0023774452607899,0.0225857299775042,3.9212648680011606,23.6912188370526,+,DR 9,0.028004263194580412,True
DR 9+,lab,gs_ind_0,MP26_NPC_GLIOMA,6/13,0.0008738731352655,0.01299658325396,7.991602399314481,56.281462040462216,+,DR 9,0.013159501331056941,True
DR 9+,lab,gs_ind_0,MP8_PROTEASOMAL_DEGRADATION,3/4,0.0036541598583761,0.0239612238974907,21.259915611814343,119.30828811722128,+,DR 9,0.03851410939477829,True
DR 9+,hallmark,gs_ind_0,DNA Repair,6/11,0.000279598778089,0.0043803808567283,10.909792007478384,89.26560832643746,+,DR 9,0.005631080285988252,True
DR 9+,hallmark,gs_ind_0,E2F Targets,16/53,2.883496676266262e-05,0.0013552434378451,4.205636856368564,43.96539874658021,+,DR 9,0.0008881786553632977,True
DR 9+,hallmark,gs_ind_0,Hypoxia,14/61,0.0020198954677119,0.0135621552832085,2.87012840412022,17.80831302567982,+,DR 9,0.025020640632302242,True
DR 9+,hallmark,gs_ind_0,Myc Targets V1,5/12,0.004192769000148,0.0246325178758698,6.727536231884058,36.82918333740776,+,DR 9,0.04236903410675874,True
DR 9+,hallmark,gs_ind_0,Oxidative Phosphorylation,4/5,0.0004483700298631,0.0052683478508925,27.47328244274809,211.8160324680408,+,DR 9,0.007934289929374673,True
DR 9+,hallmark,gs_ind_0,Pperoxisome,6/14,0.0014031510050112,0.0123588574805444,7.047482231967337,46.2951564116883,+,DR 9,0.019102729742833408,True
DR 9+,hallmark,gs_ind_0,Reactive Oxygen Species Pathway,5/10,0.001577726486878,0.0123588574805444,9.184143222506394,59.25398339743649,+,DR 9,0.02058124275223391,True
DR 9+,hallmark,gs_ind_0,mTORC1 Signaling,14/48,0.0001415110219355,0.0033255090154855,3.980922407428993,35.283444562178204,+,DR 9,0.0032090688438916534,True
DR 9-,lab,gs_ind_0,MP41_UNASSIGNED,5/8,0.0004149834388539,0.0062247515828085,14.448301059554256,112.51284949262244,-,DR 9,0.007644597061781674,True
DR 9-,lab,gs_ind_0,MP4_CHROMATIN,3/3,0.0009865293006863,0.0098652930068637,63.81518987341772,441.685192433098,-,DR 9,0.01460773463227015,True
DR 9-,lab,gs_ind_0,MP5_STRESS,12/37,0.000140082467571,0.00420247402713,4.617204972174546,40.96974909429703,-,DR 9,0.0032082505495386084,True
DR 9-,hallmark,gs_ind_0,TNF-alpha Signaling via NF-kB,18/93,0.003750696612011,0.1762827407645186,2.3167377302004897,12.940865336556511,-,DR 9,0.03892302924911566,True
DR 10+,lab,gs_ind_0,MP10_PROTEIN_MATURATION,7/13,9.181317825896858e-05,0.0024322252884369,10.700655933214072,99.47067286211808,+,DR 10,0.0022993213337898217,True
DR 10+,lab,gs_ind_0,MP30_PDAC_CLASSICAL,10/27,0.0001474075932386,0.0024322252884369,5.61732283464567,49.55775816527788,+,DR 10,0.003310205602551017,True
DR 10+,lab,gs_ind_0,MP38_GLUTATHIONE,6/16,0.003151482837803,0.0346663112158333,5.698739135757131,32.82406608056813,+,DR 10,0.035179343305707905,True
DR 10+,lab,gs_ind_0,MP41_UNASSIGNED,4/8,0.0049190181961412,0.0405819001181655,9.142493638676845,48.58912019089625,+,DR 10,0.04663957993378323,True
DR 10+,hallmark,gs_ind_0,Androgen Response,8/25,0.0020982848997303,0.0176255931577348,4.500111317254175,27.75054387349284,+,DR 10,0.02557909211099794,True
DR 10+,hallmark,gs_ind_0,Estrogen Response Early,27/49,1.3402570513672296e-15,5.6290796157423644e-14,12.528658341338456,429.055368245235,+,DR 10,2.969184852259709e-13,True
DR 10+,hallmark,gs_ind_0,Estrogen Response Late,27/64,5.9806104581613696e-12,1.2559281962138879e-10,7.453794428434198,192.62467111154805,+,DR 10,1.0438883708790754e-09,True
DR 10+,hallmark,gs_ind_0,Fatty Acid Metabolism,8/25,0.0020982848997303,0.0176255931577348,4.500111317254175,27.75054387349284,+,DR 10,0.02557909211099794,True
DR 10+,hallmark,gs_ind_0,Xenobiotic Metabolism,14/42,2.6826228607576808e-05,0.000375567200506,4.835379333051127,50.89783372996811,+,DR 10,0.000846679872765164,True
DR 10-,lab,gs_ind_0,MP13_EMT_2,11/37,0.0006269497186846,0.003045184347897,4.0636730223527655,29.96814274201321,-,DR 10,0.010377098792020966,True
DR 10-,lab,gs_ind_0,MP14_EMT_3,17/33,1.43989603311513e-09,4.8956465125914436e-08,10.314177194286186,209.98318690283077,-,DR 10,1.5217983762831466e-07,True
DR 10-,lab,gs_ind_0,MP16_MES_GLIOMA,11/24,5.941829867643889e-06,0.0001010111077499,8.03527802208541,96.69246515443903,-,DR 10,0.0002489086548191186,True
DR 10-,lab,gs_ind_0,MP17_INTERFERON_MHC_II_1,13/39,5.274116727528594e-05,0.0004482999218399,4.821283018867924,47.49018854162495,-,DR 10,0.0014363551938801275,True
DR 10-,lab,gs_ind_0,MP18_INTERFERON_MHC_II_2,14/39,1.0070000412475011e-05,0.0001141266713413,5.413394312148452,62.286243258797576,-,DR 10,0.00035915295588765365,True
DR 10-,lab,gs_ind_0,MP22_SECRETED_1,9/26,0.0005753353335499,0.003045184347897,5.055800074599031,37.71908715682361,-,DR 10,0.009605598612311373,True
DR 10-,lab,gs_ind_0,MP23_SECRETED_2,11/45,0.0036202927297143,0.0136766614233655,3.1072999120492524,17.466755483212417,-,DR 10,0.03851410939477829,True
DR 10-,lab,gs_ind_0,MP32_SKIN_PIGMENTATION,6/15,0.0021460470101684,0.0091206997932157,6.302124205114328,38.72105608064646,-,DR 10,0.02605106591900945,True
DR 10-,lab,gs_ind_0,MP39_METAL_RESPONSE,11/36,0.000482205400786,0.003045184347897,4.225412592477625,32.27006918277949,-,DR 10,0.008353392807601083,True
DR 10-,hallmark,gs_ind_0,Epithelial Mesenchymal Transition,21/114,0.0033285202977414,0.0521468179979486,2.1873743166549984,12.479467948383208,-,DR 10,0.03648387614650897,True
DR 10-,hallmark,gs_ind_0,TNF-alpha Signaling via NF-kB,19/93,0.001497712048809,0.0379538125892771,2.48982195351933,16.193345442284368,-,DR 10,0.02013260537022133,True
DR 10-,hallmark,gs_ind_0,p53 Pathway,11/41,0.0016150558548628,0.0379538125892771,3.5227734763614342,22.64574677312221,-,DR 10,0.02058124275223391,True
DR 11+,lab,gs_ind_0,MP23_SECRETED_2,12/45,0.001052589982739,0.0347354694303884,3.498752919751376,23.989204648608982,+,DR 11,0.015252624655538716,True
DR 11+,hallmark,gs_ind_0,Androgen Response,9/25,0.0004113385210392,0.0176875564046886,5.36521876730754,41.82775000316536,+,DR 11,0.007644597061781674,True
DR 11+,hallmark,gs_ind_0,Estrogen Response Early,12/49,0.0023514429884335,0.0252780121256603,3.118479221927498,18.87530058397867,+,DR 11,0.028004263194580412,True
DR 11+,hallmark,gs_ind_0,Hypoxia,14/61,0.0020198954677119,0.0252780121256603,2.87012840412022,17.80831302567982,+,DR 11,0.025020640632302242,True
DR 11+,hallmark,gs_ind_0,p53 Pathway,11/41,0.0016150558548628,0.0252780121256603,3.5227734763614342,22.64574677312221,+,DR 11,0.02058124275223391,True
DR 11-,lab,gs_ind_0,MP26_NPC_GLIOMA,6/13,0.0008738731352655,0.0087387313526557,7.991602399314481,56.281462040462216,-,DR 11,0.013159501331056941,True
DR 11-,lab,gs_ind_0,MP2_CELL_CYCLE_G1_S,23/28,1.9118826064809125e-19,5.735647819442738e-18,43.22074263764405,1862.8584538380317,-,DR 11,7.104802460212939e-17,True
DR 11-,lab,gs_ind_0,MP3_CELL_CYCLE_HMG_RICH,7/8,6.654252178041727e-07,9.98137826706259e-06,46.49870801033592,661.3436644928104,-,DR 11,3.628288676866187e-05,True
DR 11-,lab,gs_ind_0,MP8_PROTEASOMAL_DEGRADATION,3/4,0.0036541598583761,0.027406198937821,21.259915611814343,119.30828811722128,-,DR 11,0.03851410939477829,True
DR 11-,hallmark,gs_ind_0,E2F Targets,46/53,5.365246407738021e-41,2.3607084194047288e-39,71.97216828478965,6673.694623727466,-,DR 11,1.5451909654285498e-37,True
DR 11-,hallmark,gs_ind_0,G2-M Checkpoint,44/49,1.2273427746554607e-40,2.7001541042420134e-39,92.82573337205925,8530.550506867943,-,DR 11,2.8277977528061816e-37,True
DR 11-,hallmark,gs_ind_0,Glycolysis,11/40,0.0012931995232216,0.0094834631702919,3.644246679486606,24.23655772505855,-,DR 11,0.017714219390621677,True
DR 11-,hallmark,gs_ind_0,Mitotic Spindle,26/36,2.250923846055848e-19,3.3013549742152447e-18,25.89616591622322,1111.9237723199103,-,DR 11,7.857770517140416e-17,True
DR 11-,hallmark,gs_ind_0,Myc Targets V1,7/12,4.627517030017547e-05,0.0004072214986415,12.653276955602538,126.29115547720689,-,DR 11,0.001322803875578217,True
DR 11-,hallmark,gs_ind_0,Spermatogenesis,10/23,2.867723661895513e-05,0.0003154496028085,7.298046077573637,76.33323349352811,-,DR 11,0.0008880692630386103,True
DR 11-,hallmark,gs_ind_0,mTORC1 Signaling,12/48,0.0019435823265115,0.0122168031952153,3.2057338032774974,20.014109245003937,-,DR 11,0.024550513598040002,True
DR 12+,lab,gs_ind_0,MP12_EMT_1,20/47,3.4577490453929904e-09,1.106479694525757e-07,7.324452279022916,142.6997257244597,+,DR 12,3.4637625219936743e-07,True
DR 12+,lab,gs_ind_0,MP17_INTERFERON_MHC_II_1,11/39,0.0010260460463652,0.0164167367418442,3.774244317918808,25.974510381561768,+,DR 12,0.014943173772600635,True
DR 12+,lab,gs_ind_0,MP34_PLATELET_ACTIVATION,7/19,0.0015934136015422,0.0169964117497843,5.545736434108528,35.72495001353711,+,DR 12,0.02058124275223391,True
DR 12+,hallmark,gs_ind_0,Adipogenesis,10/27,0.0001474075932386,0.002668018425917,5.61732283464567,49.55775816527788,+,DR 12,0.003310205602551017,True
DR 12+,hallmark,gs_ind_0,Coagulation,15/52,9.339735255686136e-05,0.002668018425917,3.9294519317160823,36.45999957185866,+,DR 12,0.002328869050768491,True
DR 12+,hallmark,gs_ind_0,Epithelial Mesenchymal Transition,24/114,0.0002163258183176,0.002668018425917,2.623589438592647,22.139749440613247,+,DR 12,0.004572611792694958,True
DR 12+,hallmark,gs_ind_0,Myogenesis,12/47,0.0015956830393014,0.0147600681135381,3.2979041356894685,21.23999789238365,+,DR 12,0.02058124275223391,True
DR 12-,lab,gs_ind_0,MP11_TRANSLATION_INITIATION,3/4,0.0036541598583761,0.0255791190086329,21.259915611814343,119.30828811722128,-,DR 12,0.03851410939477829,True
DR 12-,lab,gs_ind_0,MP14_EMT_3,14/33,9.460900596399044e-07,3.311315208739666e-05,7.102976558740634,98.52487694311492,-,DR 12,4.8874248820859634e-05,True
DR 12-,lab,gs_ind_0,MP19_EPITHELIAL_SENESCENCE,10/34,0.0012210060008632,0.0106838025075533,3.996625421822272,26.80968373566166,-,DR 12,0.017174589902251607,True
DR 12-,lab,gs_ind_0,MP26_NPC_GLIOMA,6/13,0.0008738731352655,0.0101951865780983,7.991602399314481,56.281462040462216,-,DR 12,0.013159501331056941,True
DR 12-,lab,gs_ind_0,MP3_CELL_CYCLE_HMG_RICH,4/8,0.0049190181961412,0.0286942728108241,9.142493638676845,48.58912019089625,-,DR 12,0.04663957993378323,True
DR 12-,lab,gs_ind_0,MP8_PROTEASOMAL_DEGRADATION,4/4,9.731911478979302e-05,0.0017030845088213,82.46564885496183,761.7776794946161,-,DR 12,0.0023904396639198625,True
DR 12-,hallmark,gs_ind_0,DNA Repair,6/11,0.000279598778089,0.0055111409146216,10.909792007478384,89.26560832643746,-,DR 12,0.005631080285988252,True
DR 12-,hallmark,gs_ind_0,E2F Targets,13/53,0.0015283486442989,0.0080639353773765,3.129777777777778,20.292125306679296,-,DR 12,0.02049659648698874,True
DR 12-,hallmark,gs_ind_0,Estrogen Response Early,13/49,0.000686011952252,0.0055111409146216,3.4806575342465758,25.35525184951136,-,DR 12,0.01099145714873858,True
DR 12-,hallmark,gs_ind_0,Estrogen Response Late,14/64,0.0032686442862646,0.0150357637168171,2.695007034215486,15.42454928240058,-,DR 12,0.03599883573400401,True
DR 12-,hallmark,gs_ind_0,Glycolysis,14/40,1.4139101995007215e-05,0.0006503986917703,5.206181395113561,58.13517027878158,-,DR 12,0.0004876720209056381,True
DR 12-,hallmark,gs_ind_0,Myc Targets V1,5/12,0.004192769000148,0.0175333976369827,6.727536231884058,36.82918333740776,-,DR 12,0.04236903410675874,True
DR 12-,hallmark,gs_ind_0,Reactive Oxygen Species Pathway,5/10,0.001577726486878,0.0080639353773765,9.184143222506394,59.25398339743649,-,DR 12,0.02058124275223391,True
DR 12-,hallmark,gs_ind_0,UV Response Up,10/32,0.0007188444671245,0.0055111409146216,4.356780402449694,31.53379074881248,-,DR 12,0.011422190705205847,True
DR 12-,hallmark,gs_ind_0,Unfolded Protein Response,6/13,0.0008738731352655,0.005742594888888,7.991602399314481,56.281462040462216,-,DR 12,0.013159501331056941,True
DR 12-,hallmark,gs_ind_0,mTORC1 Signaling,13/48,0.000551985177671,0.0055111409146216,3.5807323943661973,26.86261633819781,-,DR 12,0.009310203875212184,True
DR 12-,hallmark,gs_ind_0,p53 Pathway,12/41,0.0004154095278364,0.0055111409146216,3.98215168817156,31.00601149959369,-,DR 12,0.007644597061781674,True
DR 13+,hallmark,gs_ind_0,Androgen Response,9/25,0.0004113385210392,0.0126956590864352,5.36521876730754,41.82775000316536,+,DR 13,0.007644597061781674,True
DR 13+,hallmark,gs_ind_0,Cholesterol Homeostasis,6/17,0.0044709330808132,0.0397949246102894,5.200290600201185,28.13439456903835,+,DR 13,0.044362746848379035,True
DR 13+,hallmark,gs_ind_0,Fatty Acid Metabolism,8/25,0.0020982848997303,0.0241302763468988,4.500111317254175,27.75054387349284,+,DR 13,0.02557909211099794,True
DR 13+,hallmark,gs_ind_0,Myogenesis,11/47,0.0051906423404725,0.0397949246102894,2.9337116420284093,15.43395719507859,+,DR 13,0.048853104380917646,True
DR 13+,hallmark,gs_ind_0,mTORC1 Signaling,13/48,0.000551985177671,0.0126956590864352,3.5807323943661973,26.86261633819781,+,DR 13,0.009310203875212184,True
DR 13+,hallmark,gs_ind_0,p53 Pathway,11/41,0.0016150558548628,0.0241302763468988,3.5227734763614342,22.64574677312221,+,DR 13,0.02058124275223391,True
DR 13-,lab,gs_ind_0,MP10_PROTEIN_MATURATION,8/13,7.2425920497813855e-06,4.104135494876118e-05,14.414876033057851,170.60771788341367,-,DR 13,0.0002771915628354869,True
DR 13-,lab,gs_ind_0,MP12_EMT_1,12/47,0.0015956830393014,0.0049321112123862,3.2979041356894685,21.23999789238365,-,DR 13,0.02058124275223391,True
DR 13-,lab,gs_ind_0,MP13_EMT_2,16/37,1.0822377398097633e-07,1.2265361051177317e-06,7.401966345244848,118.72061765235776,-,DR 13,7.55598712885362e-06,True
DR 13-,lab,gs_ind_0,MP14_EMT_3,23/33,1.148629917212795e-16,3.905341718523503e-15,22.576391683433936,828.6165997621854,-,DR 13,2.8153652438917866e-14,True
DR 13-,lab,gs_ind_0,MP15_EMT_4,11/35,0.0003665367959475,0.0012462251062217,4.400355392816757,34.81302289008058,-,DR 13,0.007049255240926878,True
DR 13-,lab,gs_ind_0,MP16_MES_GLIOMA,10/24,4.491681286989174e-05,0.000190896454697,6.790931306000543,67.98196503630383,-,DR 13,0.0012936042106528821,True
DR 13-,lab,gs_ind_0,MP18_INTERFERON_MHC_II_2,20/39,5.058600851559426e-11,8.599621447651024e-10,10.375949996448613,245.986237572334,-,DR 13,7.471164334610844e-09,True
DR 13-,lab,gs_ind_0,MP19_EPITHELIAL_SENESCENCE,15/34,2.008031277678331e-07,1.7068265860265812e-06,7.633768746976294,117.71989648311724,-,DR 13,1.2923195708857191e-05,True
DR 13-,lab,gs_ind_0,MP23_SECRETED_2,16/45,2.6129029306732644e-06,1.7767739928578198e-05,5.370400992145514,69.036766403883,-,DR 13,0.000122859762291249,True
DR 13-,lab,gs_ind_0,MP39_METAL_RESPONSE,13/36,1.972636758902038e-05,9.581378543238473e-05,5.445957446808511,58.999076046925126,-,DR 13,0.0006664157027141196,True
DR 13-,lab,gs_ind_0,MP40_PDAC_RELATED,11/33,0.0002037343019374,0.0007696629184302,4.796892406918792,40.76732001946161,-,DR 13,0.004346331774664533,True
DR 13-,hallmark,gs_ind_0,Coagulation,17/52,4.7591318729396665e-06,0.0002046426705364,4.742871397321257,58.12600090835123,-,DR 13,0.00021250077200102698,True
DR 13-,hallmark,gs_ind_0,Complement,16/66,0.0005056385251259,0.0054356141451042,3.099975851243661,23.52785113414149,-,DR 13,0.008746179894069622,True
DR 13-,hallmark,gs_ind_0,Epithelial Mesenchymal Transition,25/114,7.781249216047666e-05,0.0011153123876334,2.778541756195388,26.28836308152618,-,DR 13,0.001978807747657155,True
DR 13-,hallmark,gs_ind_0,KRAS Signaling Up,21/83,3.256834221292079e-05,0.0007002193575777,3.3317214484679667,34.42391186239547,-,DR 13,0.0009821657128085014,True
DR 14+,lab,gs_ind_0,MP2_CELL_CYCLE_G1_S,28/28,1.6641891303395013e-29,4.493310651916654e-28,594.9478260869565,39424.59233479048,+,DR 14,1.4747275985777735e-26,True
DR 14+,lab,gs_ind_0,MP3_CELL_CYCLE_HMG_RICH,8/8,8.800593917371708e-09,1.1880801788451807e-07,159.0051948051948,2949.29936928044,+,DR 14,7.920534525634537e-07,True
DR 14+,hallmark,gs_ind_0,DNA Repair,7/11,2.1058022717423192e-05,0.0001684641817393,15.473729543496985,166.6246623376999,+,DR 14,0.0007051989003044046,True
DR 14+,hallmark,gs_ind_0,E2F Targets,49/53,6.273127743875376e-47,2.509251097550151e-45,130.43894389438944,13876.776303363984,+,DR 14,7.226643160944433e-43,True
DR 14+,hallmark,gs_ind_0,G2-M Checkpoint,43/49,1.0314031734542662e-38,2.0628063469085323e-37,76.24981684981685,6669.36662361109,+,DR 14,1.697394936884735e-35,True
DR 14+,hallmark,gs_ind_0,Glycolysis,10/40,0.0046134016812048,0.0263622953211707,3.1995611204337164,17.209766726361703,+,DR 14,0.04526949520228219,True
DR 14+,hallmark,gs_ind_0,Mitotic Spindle,26/36,2.250923846055848e-19,3.001231794741131e-18,25.89616591622322,1111.9237723199103,+,DR 14,7.857770517140416e-17,True
DR 14+,hallmark,gs_ind_0,Myc Targets V1,10/12,4.478966727898655e-09,4.478966727898654e-08,39.651968503937006,762.2644248888242,+,DR 14,4.257934270263995e-07,True
DR 14+,hallmark,gs_ind_0,Spermatogenesis,8/23,0.0011349351321441,0.0075662342142945,5.086468370339338,34.49225647461518,+,DR 14,0.016221405362655126,True
DR 14-,lab,gs_ind_0,MP14_EMT_3,10/33,0.0009428054085102,0.0109993964326198,4.16904004020774,29.04424550712454,-,DR 14,0.013996286476852454,True
DR 14-,lab,gs_ind_0,MP32_SKIN_PIGMENTATION,6/15,0.0021460470101684,0.0187779113389735,6.302124205114328,38.72105608064646,-,DR 14,0.02605106591900945,True
DR 14-,lab,gs_ind_0,MP5_STRESS,12/37,0.000140082467571,0.0024514431824925,4.617204972174546,40.96974909429703,-,DR 14,0.0032082505495386084,True
DR 14-,lab,gs_ind_0,MP6_HYPOXIA,13/29,1.0975890745646703e-06,3.841561760976347e-05,7.786909090909091,106.8550387455027,-,DR 14,5.6196560617711124e-05,True
DR 14-,hallmark,gs_ind_0,Androgen Response,8/25,0.0020982848997303,0.031474273495955,4.500111317254175,27.75054387349284,-,DR 14,0.02557909211099794,True
DR 14-,hallmark,gs_ind_0,Apoptosis,13/59,0.0042671553818756,0.0466540660082215,2.716645161290322,14.824210670745018,-,DR 14,0.042969956293013034,True
DR 14-,hallmark,gs_ind_0,Glycolysis,11/40,0.0012931995232216,0.0290969892724865,3.644246679486606,24.23655772505855,-,DR 14,0.017714219390621677,True
DR 14-,hallmark,gs_ind_0,Hypoxia,16/61,0.0001894064365249,0.0085232896436225,3.4504601089966944,29.57601698674697,-,DR 14,0.00414821701286473,True
DR 14-,hallmark,gs_ind_0,Myogenesis,11/47,0.0051906423404725,0.0466540660082215,2.9337116420284093,15.43395719507859,-,DR 14,0.048853104380917646,True
DR 15+,lab,gs_ind_0,MP14_EMT_3,14/33,9.460900596399044e-07,3.311315208739666e-05,7.102976558740634,98.52487694311492,+,DR 15,4.8874248820859634e-05,True
DR 15+,lab,gs_ind_0,MP24_CILIA,5/11,0.0026594995775354,0.0310274950712474,7.766869958685816,46.054566494324,+,DR 15,0.030454706891856673,True
DR 15+,lab,gs_ind_0,MP30_PDAC_CLASSICAL,10/27,0.0001474075932386,0.0025796328816755,5.61732283464567,49.55775816527788,+,DR 15,0.003310205602551017,True
DR 15+,hallmark,gs_ind_0,Estrogen Response Early,14/49,0.0001808341096007,0.0074548447698356,3.8665936638598346,33.32203534510104,+,DR 15,0.003975589585114627,True
DR 15+,hallmark,gs_ind_0,Estrogen Response Late,16/64,0.0003467369660388,0.0074548447698356,3.2314977788953145,25.74516212626332,+,DR 15,0.0066908037667788535,True
DR 15+,hallmark,gs_ind_0,mTORC1 Signaling,13/48,0.000551985177671,0.007911787546619,3.5807323943661973,26.86261633819781,+,DR 15,0.009310203875212184,True
DR 15-,lab,gs_ind_0,MP12_EMT_1,25/47,5.044847656222576e-14,1.6143512499912241e-12,11.485090218423553,351.64846915793765,-,DR 15,1.0566662727215285e-11,True
DR 15-,lab,gs_ind_0,MP18_INTERFERON_MHC_II_2,11/39,0.0010260460463652,0.0082083683709221,3.774244317918808,25.974510381561768,-,DR 15,0.014943173772600635,True
DR 15-,lab,gs_ind_0,MP25_ASTROCYTES,10/31,0.0005406708160615,0.0057671553713228,4.561984984435085,34.31844415681465,-,DR 15,0.009227448594116266,True
DR 15-,lab,gs_ind_0,MP33_RBCS,8/16,5.543232563021663e-05,0.0008869172100834,9.311688311688313,91.25778256286648,-,DR 15,0.0014781953501391103,True
DR 15-,hallmark,gs_ind_0,Angiogenesis,7/17,0.0007324907256175,0.0050053532917201,6.609449981543005,47.71401518022149,-,DR 15,0.0115751620838321,True
DR 15-,hallmark,gs_ind_0,Coagulation,15/52,9.339735255686136e-05,0.0012764304849437,3.9294519317160823,36.45999957185866,-,DR 15,0.002328869050768491,True
DR 15-,hallmark,gs_ind_0,Epithelial Mesenchymal Transition,39/114,2.3737931654790415e-13,9.73255197846407e-12,5.589752527012896,162.48917044039064,-,DR 15,4.71484435626182e-11,True
DR 15-,hallmark,gs_ind_0,Hypoxia,15/61,0.0006459320302324,0.0050053532917201,3.152740341419587,23.15629857389903,-,DR 15,0.010539854091044262,True
DR 15-,hallmark,gs_ind_0,Myogenesis,13/47,0.000440815093826,0.004518354711717,3.6866086956521738,28.486001648149458,-,DR 15,0.007934289929374673,True
DR 15-,hallmark,gs_ind_0,UV Response Dn,9/32,0.0030264629626589,0.0177264259241454,3.7522915393589247,21.76464430625097,-,DR 15,0.03434960919195126,True
DR 15-,hallmark,gs_ind_0,heme Metabolism,14/22,1.010645946690134e-09,2.071824190714775e-08,16.395678914997635,339.5983877788747,-,DR 15,1.1527367629574597e-07,True
DR 16+,lab,gs_ind_0,MP12_EMT_1,11/47,0.0051906423404725,0.0281777727054223,2.9337116420284093,15.43395719507859,+,DR 16,0.048853104380917646,True
DR 16+,lab,gs_ind_0,MP14_EMT_3,16/33,1.4142841707068578e-08,5.37427984868606e-07,9.114285714285714,164.7321215858455,+,DR 16,1.1979818857752207e-06,True
DR 16+,lab,gs_ind_0,MP17_INTERFERON_MHC_II_1,16/39,2.63943192654869e-07,5.014920660442512e-06,6.764400622729632,102.46397446267132,+,DR 16,1.634744935152737e-05,True
DR 16+,lab,gs_ind_0,MP18_INTERFERON_MHC_II_2,13/39,5.274116727528594e-05,0.0006680547854869,4.821283018867924,47.49018854162495,+,DR 16,0.0014363551938801275,True
DR 16+,lab,gs_ind_0,MP2_CELL_CYCLE_G1_S,8/28,0.004630252074276,0.0281777727054223,3.835096610706367,20.61419641633524,+,DR 16,0.04531903474567504,True
DR 16+,lab,gs_ind_0,MP39_METAL_RESPONSE,11/36,0.000482205400786,0.0036647610459738,4.225412592477625,32.27006918277949,+,DR 16,0.008353392807601083,True
DR 16+,lab,gs_ind_0,MP3_CELL_CYCLE_HMG_RICH,5/8,0.0004149834388539,0.0036647610459738,14.448301059554256,112.51284949262244,+,DR 16,0.007644597061781674,True
DR 16+,hallmark,gs_ind_0,E2F Targets,18/53,1.2985147704515892e-06,2.856732494993496e-05,5.0413660042446455,68.33213394861892,+,DR 16,6.618977944956773e-05,True
DR 16+,hallmark,gs_ind_0,G2-M Checkpoint,14/49,0.0001808341096007,0.0019891752056087,3.8665936638598346,33.32203534510104,+,DR 16,0.003975589585114627,True
DR 16+,hallmark,gs_ind_0,Interferon Alpha Response,16/40,4.014220606763712e-07,1.7662570669760333e-05,6.484652397544384,95.50759751458985,+,DR 16,2.3714780199957933e-05,True
DR 16+,hallmark,gs_ind_0,Interferon Gamma Response,22/88,2.5582734445475733e-05,0.0003752134385336,3.287736147090415,34.76318348244998,+,DR 16,0.0008186475022552235,True
DR 16-,lab,gs_ind_0,MP11_TRANSLATION_INITIATION,3/4,0.0036541598583761,0.0414138117282628,21.259915611814343,119.30828811722128,-,DR 16,0.03851410939477829,True
DR 16-,lab,gs_ind_0,MP25_ASTROCYTES,9/31,0.0023774452607899,0.0404165694334286,3.9212648680011606,23.6912188370526,-,DR 16,0.028004263194580412,True
DR 16-,lab,gs_ind_0,MP5_STRESS,12/37,0.000140082467571,0.004762803897414,4.617204972174546,40.96974909429703,-,DR 16,0.0032082505495386084,True
DR 16-,hallmark,gs_ind_0,Androgen Response,10/25,6.840173852509236e-05,0.0015390391168145,6.349250698501397,60.8900273250398,-,DR 16,0.0017787540131130111,True
DR 16-,hallmark,gs_ind_0,Cholesterol Homeostasis,6/17,0.0044709330808132,0.0276694773532947,5.200290600201185,28.13439456903835,-,DR 16,0.044362746848379035,True
DR 16-,hallmark,gs_ind_0,Glycolysis,12/40,0.000321732334653,0.0048259850197956,4.124203080645912,33.16597763632865,-,DR 16,0.006281960161360271,True
DR 16-,hallmark,gs_ind_0,Hypoxia,15/61,0.0006459320302324,0.0072667353401153,3.152740341419587,23.15629857389903,-,DR 16,0.010539854091044262,True
DR 16-,hallmark,gs_ind_0,Reactive Oxygen Species Pathway,5/10,0.001577726486878,0.0141995383819021,9.184143222506394,59.25398339743649,-,DR 16,0.02058124275223391,True
DR 16-,hallmark,gs_ind_0,TGF-beta Signaling,4/8,0.0049190181961412,0.0276694773532947,9.142493638676845,48.58912019089625,-,DR 16,0.04663957993378323,True
DR 16-,hallmark,gs_ind_0,UV Response Dn,9/32,0.0030264629626589,0.0226984722199423,3.7522915393589247,21.76464430625097,-,DR 16,0.03434960919195126,True
DR 16-,hallmark,gs_ind_0,mTORC1 Signaling,17/48,1.3276367579910216e-06,5.974365410959597e-05,5.357250983953981,72.49490998712832,-,DR 16,6.678766572950467e-05,True
DR 17+,lab,gs_ind_0,MP19_EPITHELIAL_SENESCENCE,9/34,0.0047390928215212,0.0414670621883112,3.454103312343214,18.4860485021402,+,DR 17,0.04580062861067469,True
DR 17+,lab,gs_ind_0,MP23_SECRETED_2,13/45,0.0002744321893008,0.0096051266255293,3.917907692307692,32.13000232506372,+,DR 17,0.005629535219649932,True
DR 17+,lab,gs_ind_0,MP30_PDAC_CLASSICAL,8/27,0.003611299655644,0.0414670621883112,4.034032634032634,22.68613912456157,+,DR 17,0.03851410939477829,True
DR 17+,lab,gs_ind_0,MP31_ALVEOLAR,7/20,0.0022466358094144,0.0393161266647528,5.132070054550675,31.29701252450603,+,DR 17,0.02721476816451513,True
DR 17+,hallmark,gs_ind_0,Androgen Response,10/25,6.840173852509236e-05,0.0030780782336291,6.349250698501397,60.8900273250398,+,DR 17,0.0017787540131130111,True
DR 17+,hallmark,gs_ind_0,Cholesterol Homeostasis,7/17,0.0007324907256175,0.0164810413263954,6.609449981543005,47.71401518022149,+,DR 17,0.0115751620838321,True
DR 17+,hallmark,gs_ind_0,Glycolysis,10/40,0.0046134016812048,0.0653156924115101,3.1995611204337164,17.209766726361703,+,DR 17,0.04526949520228219,True
DR 17-,lab,gs_ind_0,MP14_EMT_3,12/33,3.8597747293638025e-05,0.0005977332291199,5.4885571525507375,55.77645569997501,-,DR 17,0.001122843557633106,True
DR 17-,lab,gs_ind_0,MP16_MES_GLIOMA,9/24,0.0002878812793341,0.0024469908743404,5.7145624526236,46.59061273640484,-,DR 17,0.0057676388485718814,True
DR 17-,lab,gs_ind_0,MP17_INTERFERON_MHC_II_1,13/39,5.274116727528594e-05,0.0005977332291199,4.821283018867924,47.49018854162495,-,DR 17,0.0014363551938801275,True
DR 17-,lab,gs_ind_0,MP25_ASTROCYTES,9/31,0.0023774452607899,0.0134721898111428,3.9212648680011606,23.6912188370526,-,DR 17,0.028004263194580412,True
DR 17-,lab,gs_ind_0,MP39_METAL_RESPONSE,13/36,1.972636758902038e-05,0.0005977332291199,5.445957446808511,58.999076046925126,-,DR 17,0.0006664157027141196,True
DR 17-,lab,gs_ind_0,MP6_HYPOXIA,9/29,0.0014111478308291,0.0095958052496384,4.308667133668726,28.27929836550699,-,DR 17,0.019102729742833408,True
DR 17-,hallmark,gs_ind_0,Adipogenesis,8/27,0.003611299655644,0.0203135605629979,4.034032634032634,22.68613912456157,-,DR 17,0.03851410939477829,True
DR 17-,hallmark,gs_ind_0,Apoptosis,14/59,0.0014313524065034,0.0145355026937657,2.999705388445334,19.645477177473637,-,DR 17,0.019285590319203707,True
DR 17-,hallmark,gs_ind_0,Epithelial Mesenchymal Transition,21/114,0.0033285202977414,0.0203135605629979,2.1873743166549984,12.479467948383208,-,DR 17,0.03648387614650897,True
DR 17-,hallmark,gs_ind_0,Estrogen Response Early,12/49,0.0023514429884335,0.0176358224132514,3.118479221927498,18.87530058397867,-,DR 17,0.028004263194580412,True
DR 17-,hallmark,gs_ind_0,Estrogen Response Late,15/64,0.0011107953964648,0.0145355026937657,2.956601050940673,20.11280772356416,-,DR 17,0.01591587433740609,True
DR 17-,hallmark,gs_ind_0,Interferon Alpha Response,11/40,0.0012931995232216,0.0145355026937657,3.644246679486606,24.23655772505855,-,DR 17,0.017714219390621677,True
DR 17-,hallmark,gs_ind_0,Reactive Oxygen Species Pathway,5/10,0.001577726486878,0.0145355026937657,9.184143222506394,59.25398339743649,-,DR 17,0.02058124275223391,True
DR 17-,hallmark,gs_ind_0,p53 Pathway,11/41,0.0016150558548628,0.0145355026937657,3.5227734763614342,22.64574677312221,-,DR 17,0.02058124275223391,True
DR 18+,lab,gs_ind_0,MP10_PROTEIN_MATURATION,8/13,7.2425920497813855e-06,0.0002462481296925,14.414876033057851,170.60771788341367,+,DR 18,0.0002771915628354869,True
DR 18+,lab,gs_ind_0,MP14_EMT_3,9/33,0.0038078345454647,0.0323665936364503,3.5971119518303403,20.038412169513247,+,DR 18,0.03892302924911566,True
DR 18+,lab,gs_ind_0,MP18_INTERFERON_MHC_II_2,11/39,0.0010260460463652,0.0174427827882095,3.774244317918808,25.974510381561768,+,DR 18,0.014943173772600635,True
DR 18+,lab,gs_ind_0,MP25_ASTROCYTES,9/31,0.0023774452607899,0.0269443796222857,3.9212648680011606,23.6912188370526,+,DR 18,0.028004263194580412,True
DR 18+,hallmark,gs_ind_0,Estrogen Response Early,12/49,0.0023514429884335,0.0172439152485125,3.118479221927498,18.87530058397867,+,DR 18,0.028004263194580412,True
DR 18+,hallmark,gs_ind_0,Estrogen Response Late,16/64,0.0003467369660388,0.0065760937713268,3.2314977788953145,25.74516212626332,+,DR 18,0.0066908037667788535,True
DR 18+,hallmark,gs_ind_0,Glycolysis,13/40,7.132734685467942e-05,0.0031384032616058,4.643345454545455,44.33573388785754,+,DR 18,0.0018259800794797932,True
DR 18+,hallmark,gs_ind_0,Myogenesis,12/47,0.0015956830393014,0.0171035244733014,3.2979041356894685,21.23999789238365,+,DR 18,0.02058124275223391,True
DR 18+,hallmark,gs_ind_0,Oxidative Phosphorylation,4/5,0.0004483700298631,0.0065760937713268,27.47328244274809,211.8160324680408,+,DR 18,0.007934289929374673,True
DR 18+,hallmark,gs_ind_0,mTORC1 Signaling,12/48,0.0019435823265115,0.0171035244733014,3.2057338032774974,20.014109245003937,+,DR 18,0.024550513598040002,True
DR 18-,hallmark,gs_ind_0,Allograft Rejection,38/89,8.935352191395702e-17,2.7699591793326678e-15,8.048483943241225,297.4231204219857,-,DR 18,2.3938431917413598e-14,True
DR 18-,hallmark,gs_ind_0,IL-2/STAT5 Signaling,16/69,0.0008595798165196,0.0133234871560549,2.9211306131752908,20.6204563447952,-,DR 18,0.013159501331056941,True
DR 18-,hallmark,gs_ind_0,PI3K/AKT/mTOR  Signaling,5/12,0.004192769000148,0.0433252796681965,6.727536231884058,36.82918333740776,-,DR 18,0.04236903410675874,True
DR 19+,lab,gs_ind_0,MP22_SECRETED_1,12/26,1.9872335795739027e-06,3.4776587642543296e-05,8.170218604225738,107.2648967813464,+,DR 19,9.499141426013013e-05,True
DR 19+,lab,gs_ind_0,MP3_CELL_CYCLE_HMG_RICH,4/8,0.0049190181961412,0.0430414092162362,9.142493638676845,48.58912019089625,+,DR 19,0.04663957993378323,True
DR 19+,lab,gs_ind_0,MP5_STRESS,37/37,4.0022297388310336e-39,1.4007804085908618e-37,825.9174311926605,73022.63649483559,+,DR 19,7.684281098555585e-36,True
DR 19+,lab,gs_ind_0,MP7_STRESS_IN_VITRO,9/16,5.16300461734021e-06,6.023505386896911e-05,11.863011314186249,144.42020314734387,+,DR 19,0.0002202881970065156,True
DR 19+,hallmark,gs_ind_0,Apoptosis,24/59,2.538005472864712e-10,3.891608391725891e-09,6.903363523919722,152.52617487596788,+,DR 19,3.143851940580804e-08,True
DR 19+,hallmark,gs_ind_0,Estrogen Response Early,13/49,0.000686011952252,0.0045080785433705,3.4806575342465758,25.35525184951136,+,DR 19,0.01099145714873858,True
DR 19+,hallmark,gs_ind_0,Glycolysis,10/40,0.0046134016812048,0.0235796085928249,3.1995611204337164,17.209766726361703,+,DR 19,0.04526949520228219,True
DR 19+,hallmark,gs_ind_0,Hypoxia,20/61,6.154038036953747e-07,5.661714993997447e-06,4.815238794513233,68.86266833266409,+,DR 19,3.408390297389768e-05,True
DR 19+,hallmark,gs_ind_0,IL-2/STAT5 Signaling,15/69,0.0025019463474844,0.0143861914980357,2.6776873809935955,16.04118513850522,+,DR 19,0.02923166523632889,True
DR 19+,hallmark,gs_ind_0,TGF-beta Signaling,6/8,2.1976955858542536e-05,0.0001684899949154,24.04164524421594,257.8590534871788,+,DR 19,0.0007260933440613532,True
DR 19+,hallmark,gs_ind_0,TNF-alpha Signaling via NF-kB,44/93,1.2358377276400913e-21,5.68485354714442e-20,10.061219220963627,484.37262757264136,+,DR 19,5.932021092672438e-19,True
DR 19+,hallmark,gs_ind_0,UV Response Up,18/32,6.460195987156343e-11,1.485845077045959e-09,12.489466225791212,293.03755299932726,+,DR 19,9.302682221505134e-09,True
DR 19+,hallmark,gs_ind_0,p53 Pathway,19/41,1.4886563680024263e-09,1.7119548232027906e-08,8.492378328741966,172.61091761208542,+,DR 19,1.5449839062511666e-07,True
DR 19-,lab,gs_ind_0,MP14_EMT_3,10/33,0.0009428054085102,0.0106851279631163,4.16904004020774,29.04424550712454,-,DR 19,0.013996286476852454,True
DR 19-,lab,gs_ind_0,MP20_MYC,4/5,0.0004483700298631,0.0076222905076743,27.47328244274809,211.8160324680408,-,DR 19,0.007934289929374673,True
DR 19-,lab,gs_ind_0,MP2_CELL_CYCLE_G1_S,10/28,0.0002095471257267,0.0071246022747111,5.3107044051925945,44.984650397290046,-,DR 19,0.004445640678400707,True
DR 19-,lab,gs_ind_0,MP7_STRESS_IN_VITRO,6/16,0.003151482837803,0.0267876041213257,5.698739135757131,32.82406608056813,-,DR 19,0.035179343305707905,True
DR 19-,hallmark,gs_ind_0,DNA Repair,5/11,0.0026594995775354,0.0244673961133265,7.766869958685816,46.054566494324,-,DR 19,0.030454706891856673,True
DR 19-,hallmark,gs_ind_0,E2F Targets,17/53,6.393312171336814e-06,0.0002940923598814,4.610316897465567,55.14057995743256,-,DR 19,0.0002556553018519623,True
DR 19-,hallmark,gs_ind_0,Fatty Acid Metabolism,8/25,0.0020982848997303,0.0241302763468988,4.500111317254175,27.75054387349284,-,DR 19,0.02557909211099794,True
DR 19-,hallmark,gs_ind_0,Pperoxisome,7/14,0.000168169308938,0.0038678941055745,9.268733850129198,80.55029573707145,-,DR 19,0.0037544775948948833,True
DR 19-,hallmark,gs_ind_0,mTORC1 Signaling,13/48,0.000551985177671,0.0084637727242901,3.5807323943661973,26.86261633819781,-,DR 19,0.009310203875212184,True
DR 20+,lab,gs_ind_0,MP10_PROTEIN_MATURATION,6/13,0.0008738731352655,0.0080138459723372,7.991602399314481,56.281462040462216,+,DR 20,0.013159501331056941,True
DR 20+,lab,gs_ind_0,MP13_EMT_2,13/37,2.776013555350533e-05,0.0009438446088191,5.220734693877551,54.77547613677655,+,DR 20,0.0008619858802597882,True
DR 20+,lab,gs_ind_0,MP14_EMT_3,10/33,0.0009428054085102,0.0080138459723372,4.16904004020774,29.04424550712454,+,DR 20,0.013996286476852454,True
DR 20+,lab,gs_ind_0,MP25_ASTROCYTES,9/31,0.0023774452607899,0.0161666277733714,3.9212648680011606,23.6912188370526,+,DR 20,0.028004263194580412,True
DR 20+,lab,gs_ind_0,MP7_STRESS_IN_VITRO,7/16,0.0004703206307773,0.0079954507232152,7.309261525907793,56.004262789456,+,DR 20,0.00828454689075611,True
DR 20+,lab,gs_ind_0,MP8_PROTEASOMAL_DEGRADATION,3/4,0.0036541598583761,0.0207069058641314,21.259915611814343,119.30828811722128,+,DR 20,0.03851410939477829,True
DR 20+,hallmark,gs_ind_0,Adipogenesis,8/27,0.003611299655644,0.0143776703460423,4.034032634032634,22.68613912456157,+,DR 20,0.03851410939477829,True
DR 20+,hallmark,gs_ind_0,Apoptosis,16/59,0.0001230468718712,0.0014150390265191,3.61321371834408,32.529565113187715,+,DR 20,0.002892857069298416,True
DR 20+,hallmark,gs_ind_0,DNA Repair,5/11,0.0026594995775354,0.0135929978407369,7.766869958685816,46.054566494324,+,DR 20,0.030454706891856673,True
DR 20+,hallmark,gs_ind_0,Epithelial Mesenchymal Transition,21/114,0.0033285202977414,0.0143776703460423,2.1873743166549984,12.479467948383208,+,DR 20,0.03648387614650897,True
DR 20+,hallmark,gs_ind_0,Estrogen Response Early,19/49,5.5250724783011855e-08,2.5415333400185453e-06,6.236688795556158,104.22370371093731,+,DR 20,4.1600545718973635e-06,True
DR 20+,hallmark,gs_ind_0,Estrogen Response Late,18/64,2.642888726238035e-05,0.0004052429380231,3.824804831344823,40.317470180031854,+,DR 20,0.0008410518819409438,True
DR 20+,hallmark,gs_ind_0,Myogenesis,13/47,0.000440815093826,0.0040554988631997,3.6866086956521738,28.486001648149458,+,DR 20,0.007934289929374673,True
DR 20+,hallmark,gs_ind_0,Reactive Oxygen Species Pathway,5/10,0.001577726486878,0.0103679169137698,9.184143222506394,59.25398339743649,+,DR 20,0.02058124275223391,True
DR 20+,hallmark,gs_ind_0,TGF-beta Signaling,4/8,0.0049190181961412,0.0174057566940383,9.142493638676845,48.58912019089625,+,DR 20,0.04663957993378323,True
DR 20+,hallmark,gs_ind_0,TNF-alpha Signaling via NF-kB,18/93,0.003750696612011,0.0143776703460423,2.3167377302004897,12.940865336556511,+,DR 20,0.03892302924911566,True
DR 20+,hallmark,gs_ind_0,UV Response Up,10/32,0.0007188444671245,0.0055111409146216,4.356780402449694,31.53379074881248,+,DR 20,0.011422190705205847,True
DR 20+,hallmark,gs_ind_0,mTORC1 Signaling,12/48,0.0019435823265115,0.0111755983774412,3.2057338032774974,20.014109245003937,+,DR 20,0.024550513598040002,True
DR 20+,hallmark,gs_ind_0,p53 Pathway,15/41,3.616381576039106e-06,8.317677624889945e-05,5.595229619081524,70.10843189377698,+,DR 20,0.00016337535590576666,True
DR 20-,lab,gs_ind_0,MP10_PROTEIN_MATURATION,6/13,0.0008738731352655,0.0069909850821246,7.991602399314481,56.281462040462216,-,DR 20,0.013159501331056941,True
DR 20-,lab,gs_ind_0,MP14_EMT_3,9/33,0.0038078345454647,0.0243701410909743,3.5971119518303403,20.038412169513247,-,DR 20,0.03892302924911566,True
DR 20-,lab,gs_ind_0,MP19_EPITHELIAL_SENESCENCE,11/34,0.0002751239868631,0.0029346558598733,4.590186942120923,37.63167774116129,-,DR 20,0.005629535219649932,True
DR 20-,lab,gs_ind_0,MP23_SECRETED_2,18/45,7.169496475591144e-08,2.294238872189166e-06,6.537434620174346,107.5463257154004,-,DR 20,5.194503106843395e-06,True
DR 20-,lab,gs_ind_0,MP6_HYPOXIA,13/29,1.0975890745646703e-06,1.756142519303473e-05,7.786909090909091,106.8550387455027,-,DR 20,5.6196560617711124e-05,True
DR 20-,hallmark,gs_ind_0,Cholesterol Homeostasis,6/17,0.0044709330808132,0.0513900471087367,5.200290600201185,28.13439456903835,-,DR 20,0.044362746848379035,True
DR 20-,hallmark,gs_ind_0,Glycolysis,14/40,1.4139101995007215e-05,0.0005797031817952,5.206181395113561,58.13517027878158,-,DR 20,0.0004876720209056381,True
DR 21+,hallmark,gs_ind_0,Allograft Rejection,31/89,5.690491506829845e-11,1.7071474520489535e-09,5.535511685954164,130.5807245534861,+,DR 21,8.298033184643015e-09,True
DR 21+,hallmark,gs_ind_0,PI3K/AKT/mTOR  Signaling,6/12,0.0005129223858779,0.0076938357881686,9.226221079691516,69.89218617368041,+,DR 21,0.008832385478794332,True
DR 21-,lab,gs_ind_0,MP14_EMT_3,12/33,3.8597747293638025e-05,0.0009229704273175,5.4885571525507375,55.77645569997501,-,DR 21,0.001122843557633106,True
DR 21-,lab,gs_ind_0,MP18_INTERFERON_MHC_II_2,13/39,5.274116727528594e-05,0.0009229704273175,4.821283018867924,47.49018854162495,-,DR 21,0.0014363551938801275,True
DR 21-,lab,gs_ind_0,MP24_CILIA,5/11,0.0026594995775354,0.0155137475356237,7.766869958685816,46.054566494324,-,DR 21,0.030454706891856673,True
DR 21-,lab,gs_ind_0,MP25_ASTROCYTES,9/31,0.0023774452607899,0.0155137475356237,3.9212648680011606,23.6912188370526,-,DR 21,0.028004263194580412,True
DR 21-,lab,gs_ind_0,MP30_PDAC_CLASSICAL,8/27,0.003611299655644,0.0180564982782204,4.034032634032634,22.68613912456157,-,DR 21,0.03851410939477829,True
DR 21-,lab,gs_ind_0,MP39_METAL_RESPONSE,12/36,0.0001036536031328,0.0012092920365504,4.808368970930547,44.11416934971605,-,DR 21,0.002477364124667751,True
DR 21-,lab,gs_ind_0,MP6_HYPOXIA,9/29,0.0014111478308291,0.0123475435197553,4.308667133668726,28.27929836550699,-,DR 21,0.019102729742833408,True
DR 21-,hallmark,gs_ind_0,Estrogen Response Early,14/49,0.0001808341096007,0.008680037260838,3.8665936638598346,33.32203534510104,-,DR 21,0.003975589585114627,True
DR 21-,hallmark,gs_ind_0,Estrogen Response Late,14/64,0.0032686442862646,0.0622877080856704,2.695007034215486,15.42454928240058,-,DR 21,0.03599883573400401,True
DR 21-,hallmark,gs_ind_0,Glycolysis,10/40,0.0046134016812048,0.0622877080856704,3.1995611204337164,17.209766726361703,-,DR 21,0.04526949520228219,True
DR 21-,hallmark,gs_ind_0,Myogenesis,11/47,0.0051906423404725,0.0622877080856704,2.9337116420284093,15.43395719507859,-,DR 21,0.048853104380917646,True
DR 22+,lab,gs_ind_0,MP14_EMT_3,9/33,0.0038078345454647,0.0342705109091826,3.5971119518303403,20.038412169513247,+,DR 22,0.03892302924911566,True
DR 22+,lab,gs_ind_0,MP25_ASTROCYTES,9/31,0.0023774452607899,0.0342705109091826,3.9212648680011606,23.6912188370526,+,DR 22,0.028004263194580412,True
DR 22+,lab,gs_ind_0,MP28_OLIGO_NORMAL,6/16,0.003151482837803,0.0342705109091826,5.698739135757131,32.82406608056813,+,DR 22,0.035179343305707905,True
DR 22+,lab,gs_ind_0,MP32_SKIN_PIGMENTATION,7/15,0.0002888069972754,0.0103970519019175,8.17373461012312,66.61390935241329,+,DR 22,0.0057761399455080005,True
DR 22+,hallmark,gs_ind_0,Myogenesis,12/47,0.0015956830393014,0.0670186876506597,3.2979041356894685,21.23999789238365,+,DR 22,0.02058124275223391,True
DR 22-,lab,gs_ind_0,MP11_TRANSLATION_INITIATION,3/4,0.0036541598583761,0.0272401282203052,21.259915611814343,119.30828811722128,-,DR 22,0.03851410939477829,True
DR 22-,lab,gs_ind_0,MP14_EMT_3,14/33,9.460900596399044e-07,3.405924214703656e-05,7.102976558740634,98.52487694311492,-,DR 22,4.8874248820859634e-05,True
DR 22-,lab,gs_ind_0,MP18_INTERFERON_MHC_II_2,10/39,0.003783351141709,0.0272401282203052,3.3098892299479514,18.459732555536903,-,DR 22,0.03892302924911566,True
DR 22-,lab,gs_ind_0,MP24_CILIA,5/11,0.0026594995775354,0.0272401282203052,7.766869958685816,46.054566494324,-,DR 22,0.030454706891856673,True
DR 22-,lab,gs_ind_0,MP30_PDAC_CLASSICAL,11/27,2.3637354495703172e-05,0.0004254723809226,6.563284560646038,69.9165851355189,-,DR 22,0.0007670487994098607,True
DR 22-,hallmark,gs_ind_0,Androgen Response,8/25,0.0020982848997303,0.0236057051219663,4.500111317254175,27.75054387349284,-,DR 22,0.02557909211099794,True
DR 22-,hallmark,gs_ind_0,Estrogen Response Early,22/49,1.4670412203846088e-10,3.300842745865369e-09,8.129106187929718,184.06412686311788,-,DR 22,1.898911781891089e-08,True
DR 22-,hallmark,gs_ind_0,Estrogen Response Late,26/64,4.3509873906691e-11,1.9579443258010947e-09,6.952145275927511,165.86451292409208,-,DR 22,6.683116632067738e-09,True
DR 22-,hallmark,gs_ind_0,Xenobiotic Metabolism,11/42,0.0019996680498142,0.0236057051219663,3.4090128575616703,21.186244770414227,-,DR 22,0.025012134564451234,True
DR 23+,lab,gs_ind_0,MP14_EMT_3,12/33,3.8597747293638025e-05,0.0012818938286581,5.4885571525507375,55.77645569997501,+,DR 23,0.001122843557633106,True
DR 23+,lab,gs_ind_0,MP25_ASTROCYTES,11/31,0.0001068244857215,0.0012818938286581,5.270802496943175,48.19792256034924,+,DR 23,0.0025478635103761494,True
DR 23+,lab,gs_ind_0,MP39_METAL_RESPONSE,12/36,0.0001036536031328,0.0012818938286581,4.808368970930547,44.11416934971605,+,DR 23,0.002477364124667751,True
DR 23+,lab,gs_ind_0,MP6_HYPOXIA,10/29,0.0002922981162528,0.0026306830462759,5.035534019785988,40.97784813595626,+,DR 23,0.005795652838609735,True
DR 23+,hallmark,gs_ind_0,Glycolysis,10/40,0.0046134016812048,0.0578662543637815,3.1995611204337164,17.209766726361703,+,DR 23,0.04526949520228219,True
DR 23+,hallmark,gs_ind_0,Oxidative Phosphorylation,4/5,0.0004483700298631,0.0210733914035701,27.47328244274809,211.8160324680408,+,DR 23,0.007934289929374673,True
DR 23+,hallmark,gs_ind_0,Wnt-beta Catenin Signaling,4/8,0.0049190181961412,0.0578662543637815,9.142493638676845,48.58912019089625,+,DR 23,0.04663957993378323,True
DR 23-,lab,gs_ind_0,MP13_EMT_2,14/37,4.894795962278927e-06,4.405316366051034e-05,5.880725571844161,71.90561905068085,-,DR 23,0.00021359109653580773,True
DR 23-,lab,gs_ind_0,MP14_EMT_3,9/33,0.0038078345454647,0.0146873618182211,3.5971119518303403,20.038412169513247,-,DR 23,0.03892302924911566,True
DR 23-,lab,gs_ind_0,MP17_INTERFERON_MHC_II_1,31/39,3.335100375283838e-25,9.004771013266363e-24,39.19052576782926,2208.78291339214,-,DR 23,2.1344642401816563e-22,True
DR 23-,lab,gs_ind_0,MP18_INTERFERON_MHC_II_2,14/39,1.0070000412475011e-05,6.797250278420634e-05,5.413394312148452,62.286243258797576,-,DR 23,0.00035915295588765365,True
DR 23-,lab,gs_ind_0,MP22_SECRETED_1,11/26,1.5337697645936506e-05,8.282356728805714e-05,6.990637501063921,77.49259288709494,-,DR 23,0.0005274336623319061,True
DR 23-,lab,gs_ind_0,MP23_SECRETED_2,16/45,2.6129029306732644e-06,3.527418956408907e-05,5.370400992145514,69.036766403883,-,DR 23,0.000122859762291249,True
DR 23-,lab,gs_ind_0,MP5_STRESS,10/37,0.0024789433908547,0.0111552452588465,3.5546170365068,21.32742802180424,-,DR 23,0.029110527892605653,True
DR 23-,hallmark,gs_ind_0,Apoptosis,15/59,0.0004385328218819,0.0025685493853085,3.2981919500893424,25.50187048622671,-,DR 23,0.007934289929374673,True
DR 23-,hallmark,gs_ind_0,Complement,23/66,2.1867981179283614e-08,1.7931744567012566e-07,5.3490367492310185,94.34760634314809,-,DR 23,1.807273286513846e-06,True
DR 23-,hallmark,gs_ind_0,Hypoxia,14/61,0.0020198954677119,0.0092017460195764,2.87012840412022,17.80831302567982,-,DR 23,0.025020640632302242,True
DR 23-,hallmark,gs_ind_0,IL-6/JAK/STAT3 Signaling,12/34,5.446496072916264e-05,0.0003721772316492,5.241674034777483,51.46250923854648,-,DR 23,0.001472855276056229,True
DR 23-,hallmark,gs_ind_0,Inflammatory Response,28/82,9.259106757788457e-10,9.490584426733167e-09,5.294535301156761,110.12762268063324,-,DR 23,1.0666490984972303e-07,True
DR 23-,hallmark,gs_ind_0,Interferon Alpha Response,32/40,3.589661308936109e-26,7.358805683319023e-25,40.67463780764531,2383.092641294392,-,DR 23,2.4325234281731752e-23,True
DR 23-,hallmark,gs_ind_0,Interferon Gamma Response,60/88,1.1395114435560839e-42,4.671996918579944e-41,26.780608103889616,2586.4168810213478,-,DR 23,4.375723943255362e-39,True
DR 23-,hallmark,gs_ind_0,KRAS Signaling Up,18/83,0.0009614163546401,0.0049272588175309,2.6859144619889155,18.659324393457062,-,DR 23,0.014254203868023105,True
DR 23-,hallmark,gs_ind_0,TNF-alpha Signaling via NF-kB,32/93,3.8838581401891846e-11,5.307939458258551e-10,5.455477551808159,130.77656385467716,-,DR 23,6.046222402024245e-09,True
DR 24+,lab,gs_ind_0,MP2_CELL_CYCLE_G1_S,8/28,0.004630252074276,0.1389075622282822,3.835096610706367,20.61419641633524,+,DR 24,0.04531903474567504,True
DR 24+,hallmark,gs_ind_0,DNA Repair,6/11,0.000279598778089,0.0049332291313466,10.909792007478384,89.26560832643746,+,DR 24,0.005631080285988252,True
DR 24+,hallmark,gs_ind_0,E2F Targets,17/53,6.393312171336814e-06,0.0002940923598814,4.610316897465567,55.14057995743256,+,DR 24,0.0002556553018519623,True
DR 24+,hallmark,gs_ind_0,Fatty Acid Metabolism,8/25,0.0020982848997303,0.0216332754935884,4.500111317254175,27.75054387349284,+,DR 24,0.02557909211099794,True
DR 24+,hallmark,gs_ind_0,G2-M Checkpoint,12/49,0.0023514429884335,0.0216332754935884,3.118479221927498,18.87530058397867,+,DR 24,0.028004263194580412,True
DR 24+,hallmark,gs_ind_0,Interferon Alpha Response,12/40,0.000321732334653,0.0049332291313466,4.124203080645912,33.16597763632865,+,DR 24,0.006281960161360271,True
DR 24+,hallmark,gs_ind_0,Interferon Gamma Response,17/88,0.0049271183476211,0.0323782062843673,2.3068348545187782,12.256215832351131,+,DR 24,0.046639608352173435,True
DR 24+,hallmark,gs_ind_0,Myc Targets V1,5/12,0.004192769000148,0.0321445623344684,6.727536231884058,36.82918333740776,+,DR 24,0.04236903410675874,True
DR 24-,lab,gs_ind_0,MP12_EMT_1,12/47,0.0015956830393014,0.0052222354013501,3.2979041356894685,21.23999789238365,-,DR 24,0.02058124275223391,True
DR 24-,lab,gs_ind_0,MP13_EMT_2,17/37,1.3615028529052392e-08,1.272855753636172e-07,8.283046454442745,150.02329623756034,-,DR 24,1.1882206716263906e-06,True
DR 24-,lab,gs_ind_0,MP14_EMT_3,16/33,1.4142841707068578e-08,1.272855753636172e-07,9.114285714285714,164.7321215858455,-,DR 24,1.1979818857752207e-06,True
DR 24-,lab,gs_ind_0,MP16_MES_GLIOMA,12/24,6.677059023399579e-07,4.006235414039748e-06,9.488063660477454,134.91474344860245,-,DR 24,3.628288676866187e-05,True
DR 24-,lab,gs_ind_0,MP19_EPITHELIAL_SENESCENCE,11/34,0.0002751239868631,0.0009904463527072,4.590186942120923,37.63167774116129,-,DR 24,0.005629535219649932,True
DR 24-,lab,gs_ind_0,MP22_SECRETED_1,14/26,2.116926823034329e-08,1.524187312584717e-07,11.124182305630027,196.5722586766459,-,DR 24,1.7800727738215673e-06,True
DR 24-,lab,gs_ind_0,MP39_METAL_RESPONSE,19/36,8.253278601900895e-11,1.4855901483421612e-09,10.949468713105077,254.22285384648416,-,DR 24,1.1594849938280282e-08,True
DR 24-,lab,gs_ind_0,MP40_PDAC_RELATED,14/33,9.460900596399044e-07,4.865606021005223e-06,7.102976558740634,98.52487694311492,-,DR 24,4.8874248820859634e-05,True
DR 24-,lab,gs_ind_0,MP5_STRESS,12/37,0.000140082467571,0.000560329870284,4.617204972174546,40.96974909429703,-,DR 24,0.0032082505495386084,True
DR 24-,lab,gs_ind_0,MP6_HYPOXIA,28/29,4.419721761366145e-28,1.591099834091812e-26,198.2057971014493,12484.25095938608,-,DR 24,3.636799620781285e-25,True
DR 24-,lab,gs_ind_0,MP7_STRESS_IN_VITRO,9/16,5.16300461734021e-06,2.3233520778030945e-05,11.863011314186249,144.42020314734387,-,DR 24,0.0002202881970065156,True
DR 24-,hallmark,gs_ind_0,Androgen Response,8/25,0.0020982848997303,0.0092324535588134,4.500111317254175,27.75054387349284,-,DR 24,0.02557909211099794,True
DR 24-,hallmark,gs_ind_0,Apoptosis,17/59,3.1696002737503654e-05,0.0002324373534083,3.94598493348293,40.87772056868248,-,DR 24,0.0009608893461474792,True
DR 24-,hallmark,gs_ind_0,Epithelial Mesenchymal Transition,27/114,8.572002542908662e-06,7.543362237759623e-05,3.1039110745162617,36.213359011769626,-,DR 24,0.00032483378057338085,True
DR 24-,hallmark,gs_ind_0,Glycolysis,23/40,5.860888132323536e-14,1.289395389111178e-12,13.492877263581487,411.0995022930499,-,DR 24,1.2056684157922702e-11,True
DR 24-,hallmark,gs_ind_0,Hypoxia,37/61,3.11201551799833e-23,1.3692868279192653e-21,16.63078075266804,861.8766841328265,-,DR 24,1.62956448942458e-20,True
DR 24-,hallmark,gs_ind_0,TNF-alpha Signaling via NF-kB,20/93,0.0005599417466895,0.0035196338363343,2.669361373358208,19.98731790458649,-,DR 24,0.009403103384640002,True
DR 24-,hallmark,gs_ind_0,UV Response Dn,10/32,0.0007188444671245,0.003953644569185,4.356780402449694,31.53379074881248,-,DR 24,0.011422190705205847,True
DR 24-,hallmark,gs_ind_0,Unfolded Protein Response,6/13,0.0008738731352655,0.0042722686612983,7.991602399314481,56.281462040462216,-,DR 24,0.013159501331056941,True
DR 24-,hallmark,gs_ind_0,mTORC1 Signaling,20/48,5.411073419905817e-09,7.936241015861868e-08,7.063468921611508,134.4518478419007,-,DR 24,4.9868452637852e-07,True
DR 24-,hallmark,gs_ind_0,p53 Pathway,16/41,6.007383623957077e-07,6.608121986352784e-06,6.226845209628567,89.20021975521732,-,DR 24,3.359468900387647e-05,True
DR 25+,lab,gs_ind_0,MP26_NPC_GLIOMA,6/13,0.0008738731352655,0.0279639403284984,7.991602399314481,56.281462040462216,+,DR 25,0.013159501331056941,True
DR 25+,hallmark,gs_ind_0,Androgen Response,10/25,6.840173852509236e-05,0.0010716272368931,6.349250698501397,60.8900273250398,+,DR 25,0.0017787540131130111,True
DR 25+,hallmark,gs_ind_0,Cholesterol Homeostasis,8/17,9.579192386277696e-05,0.0011255551053876,8.326862611073137,77.05122574582239,+,DR 25,0.0023579550489298945,True
DR 25+,hallmark,gs_ind_0,E2F Targets,16/53,2.883496676266262e-05,0.0006776217189225,4.205636856368564,43.96539874658021,+,DR 25,0.0008881786553632977,True
DR 25+,hallmark,gs_ind_0,Fatty Acid Metabolism,9/25,0.0004113385210392,0.0038665820977691,5.36521876730754,41.82775000316536,+,DR 25,0.007644597061781674,True
DR 25+,hallmark,gs_ind_0,G2-M Checkpoint,12/49,0.0023514429884335,0.0184196367427292,3.118479221927498,18.87530058397867,+,DR 25,0.028004263194580412,True
DR 25+,hallmark,gs_ind_0,mTORC1 Signaling,16/48,6.922947516910567e-06,0.0003253785332947,4.866416510318949,57.81628346997419,+,DR 25,0.00027219233923143253,True
DR 25-,lab,gs_ind_0,MP13_EMT_2,12/37,0.000140082467571,0.0006770652599265,4.617204972174546,40.96974909429703,-,DR 25,0.0032082505495386084,True
DR 25-,lab,gs_ind_0,MP14_EMT_3,13/33,6.4337134633546384e-06,5.840600239235508e-05,6.253463414634147,74.75364317099516,-,DR 25,0.0002556553018519623,True
DR 25-,lab,gs_ind_0,MP15_EMT_4,10/35,0.0015627936828295,0.0056651271002569,3.837733518604292,24.796671738647785,-,DR 25,0.02058124275223391,True
DR 25-,lab,gs_ind_0,MP16_MES_GLIOMA,9/24,0.0002878812793341,0.0011926510143844,5.7145624526236,46.59061273640484,-,DR 25,0.0057676388485718814,True
DR 25-,lab,gs_ind_0,MP18_INTERFERON_MHC_II_2,14/39,1.0070000412475011e-05,5.840600239235508e-05,5.413394312148452,62.286243258797576,-,DR 25,0.00035915295588765365,True
DR 25-,lab,gs_ind_0,MP19_EPITHELIAL_SENESCENCE,13/34,9.50785599517634e-06,5.840600239235508e-05,5.959255813953488,68.90921192411501,-,DR 25,0.0003533241969820368,True
DR 25-,lab,gs_ind_0,MP23_SECRETED_2,23/45,1.7315780519446989e-12,5.021576350639627e-11,10.465039123630673,283.4140634888862,-,DR 25,3.116840493500458e-10,True
DR 25-,lab,gs_ind_0,MP38_GLUTATHIONE,6/16,0.003151482837803,0.0101547780329208,5.698739135757131,32.82406608056813,-,DR 25,0.035179343305707905,True
DR 25-,lab,gs_ind_0,MP40_PDAC_RELATED,13/33,6.4337134633546384e-06,5.840600239235508e-05,6.253463414634147,74.75364317099516,-,DR 25,0.0002556553018519623,True
DR 25-,hallmark,gs_ind_0,Epithelial Mesenchymal Transition,21/114,0.0033285202977414,0.1298122916119148,2.1873743166549984,12.479467948383208,-,DR 25,0.03648387614650897,True
DR 26+,lab,gs_ind_0,MP13_EMT_2,13/37,2.776013555350533e-05,0.000222081084428,5.220734693877551,54.77547613677655,+,DR 26,0.0008619858802597882,True
DR 26+,lab,gs_ind_0,MP14_EMT_3,13/33,6.4337134633546384e-06,6.862627694244947e-05,6.253463414634147,74.75364317099516,+,DR 26,0.0002556553018519623,True
DR 26+,lab,gs_ind_0,MP16_MES_GLIOMA,8/24,0.0015584620585491,0.0049870785873574,4.775521448248721,30.86923713422284,+,DR 26,0.02058124275223391,True
DR 26+,lab,gs_ind_0,MP19_EPITHELIAL_SENESCENCE,12/34,5.446496072916264e-05,0.0002904797905555,5.241674034777483,51.46250923854648,+,DR 26,0.001472855276056229,True
DR 26+,lab,gs_ind_0,MP22_SECRETED_1,10/26,0.0001015667640745,0.000464305207198,5.961107134335481,54.81115331382901,+,DR 26,0.002477364124667751,True
DR 26+,lab,gs_ind_0,MP23_SECRETED_2,12/45,0.001052589982739,0.0037425421608499,3.498752919751376,23.989204648608982,+,DR 26,0.015252624655538716,True
DR 26+,lab,gs_ind_0,MP30_PDAC_CLASSICAL,9/27,0.0007892992037056,0.0031571968148227,4.779832051372521,34.14886524442345,+,DR 26,0.012287468684714207,True
DR 26+,lab,gs_ind_0,MP40_PDAC_RELATED,13/33,6.4337134633546384e-06,6.862627694244947e-05,6.253463414634147,74.75364317099516,+,DR 26,0.0002556553018519623,True
DR 26+,lab,gs_ind_0,MP5_STRESS,17/37,1.3615028529052392e-08,4.3568091292967654e-07,8.283046454442745,150.02329623756034,+,DR 26,1.1882206716263906e-06,True
DR 26+,lab,gs_ind_0,MP6_HYPOXIA,11/29,5.232024372724877e-05,0.0002904797905555,5.847179633459317,57.642240543632575,+,DR 26,0.0014363551938801275,True
DR 26+,hallmark,gs_ind_0,Apoptosis,14/59,0.0014313524065034,0.0177656144034914,2.999705388445334,19.645477177473637,+,DR 26,0.019285590319203707,True
DR 26+,hallmark,gs_ind_0,Epithelial Mesenchymal Transition,21/114,0.0033285202977414,0.0292909786201243,2.1873743166549984,12.479467948383208,+,DR 26,0.03648387614650897,True
DR 26+,hallmark,gs_ind_0,Hypoxia,15/61,0.0006459320302324,0.0142105046651144,3.152740341419587,23.15629857389903,+,DR 26,0.010539854091044262,True
DR 26+,hallmark,gs_ind_0,TNF-alpha Signaling via NF-kB,27/93,1.0140179154642549e-07,4.461678828042721e-06,4.134146605707352,66.57702073574727,+,DR 26,7.166556065121605e-06,True
DR 26+,hallmark,gs_ind_0,p53 Pathway,11/41,0.0016150558548628,0.0177656144034914,3.5227734763614342,22.64574677312221,+,DR 26,0.02058124275223391,True
DR 26-,lab,gs_ind_0,MP11_TRANSLATION_INITIATION,3/4,0.0036541598583761,0.019488852578006,21.259915611814343,119.30828811722128,-,DR 26,0.03851410939477829,True
DR 26-,lab,gs_ind_0,MP14_EMT_3,10/33,0.0009428054085102,0.0085113488725129,4.16904004020774,29.04424550712454,-,DR 26,0.013996286476852454,True
DR 26-,lab,gs_ind_0,MP20_MYC,4/5,0.0004483700298631,0.0071739204778111,27.47328244274809,211.8160324680408,-,DR 26,0.007934289929374673,True
DR 26-,lab,gs_ind_0,MP26_NPC_GLIOMA,7/13,9.181317825896858e-05,0.0029380217042869,10.700655933214072,99.47067286211808,-,DR 26,0.0022993213337898217,True
DR 26-,lab,gs_ind_0,MP2_CELL_CYCLE_G1_S,9/28,0.0010639186090641,0.0085113488725129,4.532168440784629,31.02630233370492,-,DR 26,0.015378095829885108,True
DR 26-,lab,gs_ind_0,MP3_CELL_CYCLE_HMG_RICH,4/8,0.0049190181961412,0.0224869403252172,9.142493638676845,48.58912019089625,-,DR 26,0.04663957993378323,True
DR 26-,lab,gs_ind_0,MP8_PROTEASOMAL_DEGRADATION,3/4,0.0036541598583761,0.019488852578006,21.259915611814343,119.30828811722128,-,DR 26,0.03851410939477829,True
DR 26-,hallmark,gs_ind_0,Cholesterol Homeostasis,7/17,0.0007324907256175,0.0059820075925435,6.609449981543005,47.71401518022149,-,DR 26,0.0115751620838321,True
DR 26-,hallmark,gs_ind_0,DNA Repair,6/11,0.000279598778089,0.0034250850315907,10.909792007478384,89.26560832643746,-,DR 26,0.005631080285988252,True
DR 26-,hallmark,gs_ind_0,E2F Targets,21/53,6.537314136489541e-09,3.203283926879875e-07,6.517720162845511,122.83125592089984,-,DR 26,5.976972924790438e-07,True
DR 26-,hallmark,gs_ind_0,Estrogen Response Late,14/64,0.0032686442862646,0.0200204462533706,2.695007034215486,15.42454928240058,-,DR 26,0.03599883573400401,True
DR 26-,hallmark,gs_ind_0,G2-M Checkpoint,12/49,0.0023514429884335,0.0164601009190346,3.118479221927498,18.87530058397867,-,DR 26,0.028004263194580412,True
DR 26-,hallmark,gs_ind_0,Myc Targets V1,9/12,1.4235246454780428e-07,3.4876353814212047e-06,25.477433793360685,401.6507172684448,-,DR 26,9.370859380518316e-06,True
DR 26-,hallmark,gs_ind_0,Oxidative Phosphorylation,4/5,0.0004483700298631,0.0043940262926593,27.47328244274809,211.8160324680408,-,DR 26,0.007934289929374673,True
DR 26-,hallmark,gs_ind_0,Wnt-beta Catenin Signaling,4/8,0.0049190181961412,0.0267813212901025,9.142493638676845,48.58912019089625,-,DR 26,0.04663957993378323,True
DR 26-,hallmark,gs_ind_0,mTORC1 Signaling,15/48,3.2849262135799385e-05,0.000536537948218,4.408617290903971,45.5127189126005,-,DR 26,0.000982918181310153,True
DR 27+,lab,gs_ind_0,MP14_EMT_3,9/33,0.0038078345454647,0.1256585400003365,3.5971119518303403,20.038412169513247,+,DR 27,0.03892302924911566,True
DR 27+,hallmark,gs_ind_0,Androgen Response,8/25,0.0020982848997303,0.0493096951436629,4.500111317254175,27.75054387349284,+,DR 27,0.02557909211099794,True
DR 27+,hallmark,gs_ind_0,mTORC1 Signaling,14/48,0.0001415110219355,0.006651018030971,3.980922407428993,35.283444562178204,+,DR 27,0.0032090688438916534,True
DR 27-,lab,gs_ind_0,MP10_PROTEIN_MATURATION,6/13,0.0008738731352655,0.0040780746312393,7.991602399314481,56.281462040462216,-,DR 27,0.013159501331056941,True
DR 27-,lab,gs_ind_0,MP14_EMT_3,9/33,0.0038078345454647,0.0152313381818589,3.5971119518303403,20.038412169513247,-,DR 27,0.03892302924911566,True
DR 27-,lab,gs_ind_0,MP17_INTERFERON_MHC_II_1,34/39,2.536231325037044e-30,7.101447710103721e-29,67.64373464373465,4609.709030601398,-,DR 27,2.4347820720355625e-27,True
DR 27-,lab,gs_ind_0,MP18_INTERFERON_MHC_II_2,19/39,5.033008687559306e-10,4.697474775055352e-09,9.33138480145132,199.7833900341213,-,DR 27,5.91635306945747e-08,True
DR 27-,lab,gs_ind_0,MP19_EPITHELIAL_SENESCENCE,11/34,0.0002751239868631,0.0019258679080418,4.590186942120923,37.63167774116129,-,DR 27,0.005629535219649932,True
DR 27-,lab,gs_ind_0,MP23_SECRETED_2,21/45,1.6063252401485234e-10,2.2488553362079327e-09,8.685066227047923,195.8647608461583,-,DR 27,2.033501842473735e-08,True
DR 27-,lab,gs_ind_0,MP31_ALVEOLAR,8/20,0.0003802866440654,0.0021296052067662,6.317818181818182,49.7501979495992,-,DR 27,0.00730150356605568,True
DR 27-,hallmark,gs_ind_0,Apoptosis,16/59,0.0001230468718712,0.0012304687187122,3.61321371834408,32.529565113187715,-,DR 27,0.002892857069298416,True
DR 27-,hallmark,gs_ind_0,Complement,21/66,5.595622474452129e-07,7.460829965936172e-06,4.621292356668401,66.52863800684423,-,DR 27,3.20704332864122e-05,True
DR 27-,hallmark,gs_ind_0,IL-6/JAK/STAT3 Signaling,11/34,0.0002751239868631,0.0022009918949049,4.590186942120923,37.63167774116129,-,DR 27,0.005629535219649932,True
DR 27-,hallmark,gs_ind_0,Inflammatory Response,18/82,0.0008251494743734,0.0047151398535624,2.729128172454073,19.376662670557923,-,DR 27,0.012828234743294965,True
DR 27-,hallmark,gs_ind_0,Interferon Alpha Response,28/40,3.227790125286473e-20,6.455580250572945e-19,23.639304347826087,1060.9297127957325,-,DR 27,1.3280050801178631e-17,True
DR 27-,hallmark,gs_ind_0,Interferon Gamma Response,45/88,5.932824309463836e-24,2.3731297237855344e-22,11.821894518978452,632.2531465510717,-,DR 27,3.597165055001231e-21,True
DR 27-,hallmark,gs_ind_0,TNF-alpha Signaling via NF-kB,20/93,0.0005599417466895,0.0037329449779303,2.669361373358208,19.98731790458649,-,DR 27,0.009403103384640002,True
DR 28+,lab,gs_ind_0,MP22_SECRETED_1,8/26,0.0027751513735882,0.0485651490377946,4.254475254475254,25.04630847976831,+,DR 28,0.03168458258051146,True
DR 28+,lab,gs_ind_0,MP5_STRESS,24/37,3.0334486341624397e-16,1.061707021956854e-14,18.37949847864862,656.7300154680471,+,DR 28,7.13169964603088e-14,True
DR 28+,hallmark,gs_ind_0,Apoptosis,13/59,0.0042671553818756,0.026266731849778,2.716645161290322,14.824210670745018,+,DR 28,0.042969956293013034,True
DR 28+,hallmark,gs_ind_0,Cholesterol Homeostasis,6/17,0.0044709330808132,0.026266731849778,5.200290600201185,28.13439456903835,+,DR 28,0.044362746848379035,True
DR 28+,hallmark,gs_ind_0,Estrogen Response Early,22/49,1.4670412203846088e-10,3.447546867903831e-09,8.129106187929718,184.06412686311788,+,DR 28,1.898911781891089e-08,True
DR 28+,hallmark,gs_ind_0,Estrogen Response Late,15/64,0.0011107953964648,0.0087012306056411,2.956601050940673,20.11280772356416,+,DR 28,0.01591587433740609,True
DR 28+,hallmark,gs_ind_0,Hypoxia,15/61,0.0006459320302324,0.0067571379909708,3.152740341419587,23.15629857389903,+,DR 28,0.010539854091044262,True
DR 28+,hallmark,gs_ind_0,TNF-alpha Signaling via NF-kB,33/93,6.856950978451429e-12,3.2227669598721717e-10,5.753719008264463,147.9037097887926,+,DR 28,1.178986198085977e-09,True
DR 28+,hallmark,gs_ind_0,UV Response Up,10/32,0.0007188444671245,0.0067571379909708,4.356780402449694,31.53379074881248,+,DR 28,0.011422190705205847,True
DR 28+,hallmark,gs_ind_0,p53 Pathway,13/41,9.534578445982856e-05,0.0014937506232039,4.477894736842106,41.456351435534096,+,DR 28,0.0023570460020970493,True
DR 28-,lab,gs_ind_0,MP13_EMT_2,13/37,2.776013555350533e-05,0.0001943209488745,5.220734693877551,54.77547613677655,-,DR 28,0.0008619858802597882,True
DR 28-,lab,gs_ind_0,MP14_EMT_3,23/33,1.148629917212795e-16,4.020204710244782e-15,22.576391683433936,828.6165997621854,-,DR 28,2.8153652438917866e-14,True
DR 28-,lab,gs_ind_0,MP17_INTERFERON_MHC_II_1,12/39,0.0002466108383135,0.0014385632234956,4.276585483482036,35.528585018148014,-,DR 28,0.005165376104311855,True
DR 28-,lab,gs_ind_0,MP18_INTERFERON_MHC_II_2,11/39,0.0010260460463652,0.004488951452848,3.774244317918808,25.974510381561768,-,DR 28,0.014943173772600635,True
DR 28-,lab,gs_ind_0,MP19_EPITHELIAL_SENESCENCE,15/34,2.008031277678331e-07,3.514054735937079e-06,7.633768746976294,117.71989648311724,-,DR 28,1.2923195708857191e-05,True
DR 28-,lab,gs_ind_0,MP26_NPC_GLIOMA,8/13,7.2425920497813855e-06,6.337268043558712e-05,14.414876033057851,170.60771788341367,-,DR 28,0.0002771915628354869,True
DR 28-,lab,gs_ind_0,MP34_PLATELET_ACTIVATION,7/19,0.0015934136015422,0.0061966084504422,5.545736434108528,35.72495001353711,-,DR 28,0.02058124275223391,True
DR 28-,lab,gs_ind_0,MP39_METAL_RESPONSE,10/36,0.0019784045605385,0.0069244159618849,3.690833457138612,22.977152797893527,-,DR 28,0.02485411181832445,True
DR 28-,lab,gs_ind_0,MP3_CELL_CYCLE_HMG_RICH,5/8,0.0004149834388539,0.0020749171942695,14.448301059554256,112.51284949262244,-,DR 28,0.007644597061781674,True
DR 28-,lab,gs_ind_0,MP40_PDAC_RELATED,13/33,6.4337134633546384e-06,6.337268043558712e-05,6.253463414634147,74.75364317099516,-,DR 28,0.0002556553018519623,True
DR 28-,lab,gs_ind_0,MP8_PROTEASOMAL_DEGRADATION,3/4,0.0036541598583761,0.0116268722766513,21.259915611814343,119.30828811722128,-,DR 28,0.03851410939477829,True
DR 28-,hallmark,gs_ind_0,DNA Repair,6/11,0.000279598778089,0.0062909725070034,10.909792007478384,89.26560832643746,-,DR 28,0.005631080285988252,True
DR 28-,hallmark,gs_ind_0,Estrogen Response Late,14/64,0.0032686442862646,0.049029664293969,2.695007034215486,15.42454928240058,-,DR 28,0.03599883573400401,True
DR 28-,hallmark,gs_ind_0,Glycolysis,10/40,0.0046134016812048,0.0519007689135549,3.1995611204337164,17.209766726361703,-,DR 28,0.04526949520228219,True
DR 28-,hallmark,gs_ind_0,Interferon Alpha Response,14/40,1.4139101995007215e-05,0.0006362595897753,5.206181395113561,58.13517027878158,-,DR 28,0.0004876720209056381,True
DR 29+,lab,gs_ind_0,MP13_EMT_2,29/37,2.778066429501607e-23,9.167619217355302e-22,36.27422397530441,1883.9998344616424,+,DR 29,1.5239678698980244e-20,True
DR 29+,lab,gs_ind_0,MP14_EMT_3,26/33,4.940338380618565e-21,8.151558328020633e-20,36.315377268385866,1697.992761150295,+,DR 29,2.276507925789035e-18,True
DR 29+,lab,gs_ind_0,MP16_MES_GLIOMA,17/24,9.719532443333951e-13,1.0691485687667348e-11,22.805631244323344,630.7916434525737,+,DR 29,1.8355576024132314e-10,True
DR 29+,lab,gs_ind_0,MP18_INTERFERON_MHC_II_2,10/39,0.003783351141709,0.0138722875195999,3.3098892299479514,18.459732555536903,+,DR 29,0.03892302924911566,True
DR 29+,lab,gs_ind_0,MP19_EPITHELIAL_SENESCENCE,16/34,2.4378102233152963e-08,1.340795622823413e-07,8.616787519226543,151.04867096132563,+,DR 29,1.9777164628586067e-06,True
DR 29+,lab,gs_ind_0,MP22_SECRETED_1,16/26,1.2214593084387358e-10,8.061631435695659e-10,15.250096786682152,348.09572986518907,+,DR 29,1.675144194430266e-08,True
DR 29+,lab,gs_ind_0,MP39_METAL_RESPONSE,11/36,0.000482205400786,0.0019890972782423,4.225412592477625,32.27006918277949,+,DR 29,0.008353392807601083,True
DR 29+,lab,gs_ind_0,MP40_PDAC_RELATED,19/33,1.0331302799865374e-11,8.523324809888933e-11,13.237104588201769,334.8437157665482,+,DR 29,1.7248783804992622e-09,True
DR 29+,lab,gs_ind_0,MP6_HYPOXIA,10/29,0.0002922981162528,0.0013779768337635,5.035534019785988,40.97784813595626,+,DR 29,0.005795652838609735,True
DR 29+,hallmark,gs_ind_0,Apical Junction,13/42,0.000126061447428,0.0008824301319965,4.323661016949153,38.8210328402775,+,DR 29,0.002945695485538661,True
DR 29+,hallmark,gs_ind_0,Apoptosis,17/59,3.1696002737503654e-05,0.000266246422995,3.94598493348293,40.87772056868248,+,DR 29,0.0009608893461474792,True
DR 29+,hallmark,gs_ind_0,Epithelial Mesenchymal Transition,39/114,2.3737931654790415e-13,9.969931295011976e-12,5.589752527012896,162.48917044039064,+,DR 29,4.71484435626182e-11,True
DR 29+,hallmark,gs_ind_0,Estrogen Response Late,15/64,0.0011107953964648,0.0066647723787889,2.956601050940673,20.11280772356416,+,DR 29,0.01591587433740609,True
DR 29+,hallmark,gs_ind_0,Hypoxia,21/61,1.207362875311457e-07,1.69030802543604e-06,5.206609580797139,82.93950533649114,+,DR 29,8.236033630593734e-06,True
DR 29+,hallmark,gs_ind_0,Myogenesis,12/47,0.0015956830393014,0.0083773359563324,3.2979041356894685,21.23999789238365,+,DR 29,0.02058124275223391,True
DR 29+,hallmark,gs_ind_0,TNF-alpha Signaling via NF-kB,28/93,2.3452506279010813e-08,4.925026318592271e-07,4.377630268835048,76.90747137875302,+,DR 29,1.9161196619447134e-06,True
DR 29+,hallmark,gs_ind_0,p53 Pathway,15/41,3.616381576039106e-06,3.797200654841062e-05,5.595229619081524,70.10843189377698,+,DR 29,0.00016337535590576666,True
DR 29-,hallmark,gs_ind_0,Androgen Response,9/25,0.0004113385210392,0.01686487936261,5.36521876730754,41.82775000316536,-,DR 29,0.007644597061781674,True
DR 29-,hallmark,gs_ind_0,Glycolysis,11/40,0.0012931995232216,0.0265105902260432,3.644246679486606,24.23655772505855,-,DR 29,0.017714219390621677,True
DR 29-,hallmark,gs_ind_0,mTORC1 Signaling,12/48,0.0019435823265115,0.0265622917956575,3.2057338032774974,20.014109245003937,-,DR 29,0.024550513598040002,True
DR 30+,lab,gs_ind_0,MP39_METAL_RESPONSE,12/36,0.0001036536031328,0.0008292288250631,4.808368970930547,44.11416934971605,+,DR 30,0.002477364124667751,True
DR 30+,lab,gs_ind_0,MP5_STRESS,26/37,6.926338865962968e-19,2.2164284371081498e-17,23.631119970100908,988.106579084066,+,DR 30,2.1565249658349566e-16,True
DR 30+,lab,gs_ind_0,MP6_HYPOXIA,11/29,5.232024372724877e-05,0.0005580825997573,5.847179633459317,57.642240543632575,+,DR 30,0.0014363551938801275,True
DR 30+,lab,gs_ind_0,MP7_STRESS_IN_VITRO,9/16,5.16300461734021e-06,8.260807387744335e-05,11.863011314186249,144.42020314734387,+,DR 30,0.0002202881970065156,True
DR 30+,hallmark,gs_ind_0,Apoptosis,20/59,3.3105598966580025e-07,5.296895834652804e-06,5.064798905992496,75.5717546856817,+,DR 30,2.0072447373421152e-05,True
DR 30+,hallmark,gs_ind_0,E2F Targets,13/53,0.0015283486442989,0.0081511927695941,3.129777777777778,20.292125306679296,+,DR 30,0.02049659648698874,True
DR 30+,hallmark,gs_ind_0,Glycolysis,12/40,0.000321732334653,0.0019303940079182,4.124203080645912,33.16597763632865,+,DR 30,0.006281960161360271,True
DR 30+,hallmark,gs_ind_0,Hypoxia,20/61,6.154038036953747e-07,7.384845644344496e-06,4.815238794513233,68.86266833266409,+,DR 30,3.408390297389768e-05,True
DR 30+,hallmark,gs_ind_0,Myc Targets V1,7/12,4.627517030017547e-05,0.0003173154534869,12.653276955602538,126.29115547720689,+,DR 30,0.001322803875578217,True
DR 30+,hallmark,gs_ind_0,TGF-beta Signaling,6/8,2.1976955858542536e-05,0.0001758156468683,24.04164524421594,257.8590534871788,+,DR 30,0.0007260933440613532,True
DR 30+,hallmark,gs_ind_0,TNF-alpha Signaling via NF-kB,31/93,2.0869101219055488e-10,1.0017168585146634e-08,5.169345132743363,115.22556302485128,+,DR 30,2.6131744135165133e-08,True
DR 30+,hallmark,gs_ind_0,UV Response Up,15/32,7.35023231463059e-08,1.7640557555113416e-06,8.515748941085869,139.87925630255776,+,DR 30,5.292167266534025e-06,True
DR 30+,hallmark,gs_ind_0,p53 Pathway,14/41,1.9595327397435125e-05,0.0001758156468683,5.014038508408482,54.35327760264868,+,DR 30,0.0006664157027141196,True
DR 30-,lab,gs_ind_0,MP23_SECRETED_2,17/45,4.540944488544732e-07,4.692309304829556e-06,5.931210860939816,86.62510107321158,-,DR 30,2.6420040660623893e-05,True
DR 30-,lab,gs_ind_0,MP30_PDAC_CLASSICAL,14/27,4.012319346310799e-08,6.943921114158608e-07,10.294409691192532,175.32729588668442,-,DR 30,3.1231026263175952e-06,True
DR 30-,lab,gs_ind_0,MP31_ALVEOLAR,12/20,4.479949105908779e-08,6.943921114158608e-07,13.9842409112186,236.62830618073576,-,DR 30,3.4178154768257707e-06,True
DR 30-,hallmark,gs_ind_0,Androgen Response,11/25,9.689424387090796e-06,0.0003487409718984,7.476935674642889,86.31730098466925,-,DR 30,0.00035548461445632473,True
DR 30-,hallmark,gs_ind_0,Estrogen Response Early,12/49,0.0023514429884335,0.0183412553097814,3.118479221927498,18.87530058397867,-,DR 30,0.028004263194580412,True
DR 30-,hallmark,gs_ind_0,Estrogen Response Late,18/64,2.642888726238035e-05,0.0003487409718984,3.824804831344823,40.317470180031854,-,DR 30,0.0008410518819409438,True
DR 30-,hallmark,gs_ind_0,Fatty Acid Metabolism,10/25,6.840173852509236e-05,0.0006669169506196,6.349250698501397,60.8900273250398,-,DR 30,0.0017787540131130111,True
DR 30-,hallmark,gs_ind_0,Xenobiotic Metabolism,14/42,2.6826228607576808e-05,0.0003487409718984,4.835379333051127,50.89783372996811,-,DR 30,0.000846679872765164,True
DR 31+,lab,gs_ind_0,MP13_EMT_2,14/37,4.894795962278927e-06,5.8737551547347125e-05,5.880725571844161,71.90561905068085,+,DR 31,0.00021359109653580773,True
DR 31+,lab,gs_ind_0,MP14_EMT_3,23/33,1.148629917212795e-16,4.135067701966062e-15,22.576391683433936,828.6165997621854,+,DR 31,2.8153652438917866e-14,True
DR 31+,lab,gs_ind_0,MP16_MES_GLIOMA,10/24,4.491681286989174e-05,0.0003234010526632,6.790931306000543,67.98196503630383,+,DR 31,0.0012936042106528821,True
DR 31+,lab,gs_ind_0,MP18_INTERFERON_MHC_II_2,10/39,0.003783351141709,0.0151334045668362,3.3098892299479514,18.459732555536903,+,DR 31,0.03892302924911566,True
DR 31+,lab,gs_ind_0,MP19_EPITHELIAL_SENESCENCE,11/34,0.0002751239868631,0.0016507439211787,4.590186942120923,37.63167774116129,+,DR 31,0.005629535219649932,True
DR 31+,lab,gs_ind_0,MP22_SECRETED_1,13/26,2.212497410082983e-07,3.982495338149369e-06,9.533333333333331,146.08854949873012,+,DR 31,1.415998342453109e-05,True
DR 31+,lab,gs_ind_0,MP23_SECRETED_2,12/45,0.001052589982739,0.0054133199112293,3.498752919751376,23.989204648608982,+,DR 31,0.015252624655538716,True
DR 31+,lab,gs_ind_0,MP24_CILIA,5/11,0.0026594995775354,0.0119677480989097,7.766869958685816,46.054566494324,+,DR 31,0.030454706891856673,True
DR 31+,lab,gs_ind_0,MP5_STRESS,13/37,2.776013555350533e-05,0.0002498412199815,5.220734693877551,54.77547613677655,+,DR 31,0.0008619858802597882,True
DR 31+,hallmark,gs_ind_0,Apoptosis,16/59,0.0001230468718712,0.0028300780530382,3.61321371834408,32.529565113187715,+,DR 31,0.002892857069298416,True
DR 31+,hallmark,gs_ind_0,Estrogen Response Early,13/49,0.000686011952252,0.0063113099607187,3.4806575342465758,25.35525184951136,+,DR 31,0.01099145714873858,True
DR 31+,hallmark,gs_ind_0,Estrogen Response Late,16/64,0.0003467369660388,0.0053166334792626,3.2314977788953145,25.74516212626332,+,DR 31,0.0066908037667788535,True
DR 31+,hallmark,gs_ind_0,TNF-alpha Signaling via NF-kB,20/93,0.0005599417466895,0.0063113099607187,2.669361373358208,19.98731790458649,+,DR 31,0.009403103384640002,True
DR 31+,hallmark,gs_ind_0,p53 Pathway,17/41,8.99903392399073e-08,4.139555605035735e-06,6.915142078629817,112.188246722067,+,DR 31,6.3993130126156295e-06,True
DR 31-,lab,gs_ind_0,MP10_PROTEIN_MATURATION,6/13,0.0008738731352655,0.0144189067318819,7.991602399314481,56.281462040462216,-,DR 31,0.013159501331056941,True
DR 31-,lab,gs_ind_0,MP17_INTERFERON_MHC_II_1,14/39,1.0070000412475011e-05,0.0003323100136116,5.413394312148452,62.286243258797576,-,DR 31,0.00035915295588765365,True
DR 31-,lab,gs_ind_0,MP7_STRESS_IN_VITRO,6/16,0.003151482837803,0.0346663112158333,5.698739135757131,32.82406608056813,-,DR 31,0.035179343305707905,True
DR 31-,hallmark,gs_ind_0,Androgen Response,10/25,6.840173852509236e-05,0.0010260260778763,6.349250698501397,60.8900273250398,-,DR 31,0.0017787540131130111,True
DR 31-,hallmark,gs_ind_0,Cholesterol Homeostasis,6/17,0.0044709330808132,0.0304601727379487,5.200290600201185,28.13439456903835,-,DR 31,0.044362746848379035,True
DR 31-,hallmark,gs_ind_0,E2F Targets,12/53,0.0047382490925697,0.0304601727379487,2.8115112971781024,15.047454754456218,-,DR 31,0.04580062861067469,True
DR 31-,hallmark,gs_ind_0,Glycolysis,16/40,4.014220606763712e-07,9.03199636521835e-06,6.484652397544384,95.50759751458985,-,DR 31,2.3714780199957933e-05,True
DR 31-,hallmark,gs_ind_0,Myc Targets V1,5/12,0.004192769000148,0.0304601727379487,6.727536231884058,36.82918333740776,-,DR 31,0.04236903410675874,True
DR 31-,hallmark,gs_ind_0,UV Response Up,11/32,0.0001486887837228,0.0016727488168818,5.022826287046696,44.26945870327691,-,DR 31,0.0033260092980323414,True
DR 31-,hallmark,gs_ind_0,mTORC1 Signaling,19/48,3.7063189632243983e-08,1.6678435334509792e-06,6.451743941728534,110.39347797919496,-,DR 31,2.9045438405676917e-06,True
DR 32+,lab,gs_ind_0,MP14_EMT_3,9/33,0.0038078345454647,0.0152313381818589,3.5971119518303403,20.038412169513247,+,DR 32,0.03892302924911566,True
DR 32+,lab,gs_ind_0,MP18_INTERFERON_MHC_II_2,16/39,2.63943192654869e-07,4.223091082477904e-06,6.764400622729632,102.46397446267132,+,DR 32,1.634744935152737e-05,True
DR 32+,lab,gs_ind_0,MP19_EPITHELIAL_SENESCENCE,14/34,1.4677909119503548e-06,1.565643639413712e-05,6.752697312495913,90.70055609485308,+,DR 32,7.338790250139214e-05,True
DR 32+,lab,gs_ind_0,MP22_SECRETED_1,8/26,0.0027751513735882,0.0126864062792606,4.254475254475254,25.04630847976831,+,DR 32,0.03168458258051146,True
DR 32+,lab,gs_ind_0,MP23_SECRETED_2,22/45,1.7464199943086683e-11,5.588543981787737e-10,9.534239227605935,236.17138184390257,+,DR 32,2.833627934427586e-09,True
DR 32+,lab,gs_ind_0,MP28_OLIGO_NORMAL,7/16,0.0004703206307773,0.0025083766974792,7.309261525907793,56.004262789456,+,DR 32,0.00828454689075611,True
DR 32+,lab,gs_ind_0,MP30_PDAC_CLASSICAL,10/27,0.0001474075932386,0.000943408596727,5.61732283464567,49.55775816527788,+,DR 32,0.003310205602551017,True
DR 32+,lab,gs_ind_0,MP5_STRESS,14/37,4.894795962278927e-06,3.915836769823141e-05,5.880725571844161,71.90561905068085,+,DR 32,0.00021359109653580773,True
DR 32+,hallmark,gs_ind_0,TNF-alpha Signaling via NF-kB,22/93,6.461196396966755e-05,0.0028429264146653,3.049009813715696,29.4141360018817,+,DR 32,0.0017071784975471794,True
DR 32-,lab,gs_ind_0,MP14_EMT_3,10/33,0.0009428054085102,0.0160276919446745,4.16904004020774,29.04424550712454,-,DR 32,0.013996286476852454,True
DR 32-,lab,gs_ind_0,MP26_NPC_GLIOMA,7/13,9.181317825896858e-05,0.0031216480608049,10.700655933214072,99.47067286211808,-,DR 32,0.0022993213337898217,True
DR 32-,hallmark,gs_ind_0,E2F Targets,15/53,0.000118882504844,0.002734297611413,3.82521790877586,34.56992834204153,-,DR 32,0.0028237658882533604,True
DR 32-,hallmark,gs_ind_0,G2-M Checkpoint,13/49,0.000686011952252,0.0105188499345312,3.4806575342465758,25.35525184951136,-,DR 32,0.01099145714873858,True
DR 32-,hallmark,gs_ind_0,mTORC1 Signaling,15/48,3.2849262135799385e-05,0.0015110660582467,4.408617290903971,45.5127189126005,-,DR 32,0.000982918181310153,True
DR 33+,lab,gs_ind_0,MP14_EMT_3,15/33,1.229685576790037e-07,4.6728051918021405e-06,8.050921541487579,128.10092695747232,+,DR 33,8.236033630593734e-06,True
DR 33+,lab,gs_ind_0,MP18_INTERFERON_MHC_II_2,10/39,0.003783351141709,0.0479224477949814,3.3098892299479514,18.459732555536903,+,DR 33,0.03892302924911566,True
DR 33+,lab,gs_ind_0,MP7_STRESS_IN_VITRO,6/16,0.003151482837803,0.0479224477949814,5.698739135757131,32.82406608056813,+,DR 33,0.035179343305707905,True
DR 33-,lab,gs_ind_0,MP10_PROTEIN_MATURATION,8/13,7.2425920497813855e-06,7.966851254759524e-05,14.414876033057851,170.60771788341367,-,DR 33,0.0002771915628354869,True
DR 33-,lab,gs_ind_0,MP18_INTERFERON_MHC_II_2,11/39,0.0010260460463652,0.0084648798825134,3.774244317918808,25.974510381561768,-,DR 33,0.014943173772600635,True
DR 33-,lab,gs_ind_0,MP23_SECRETED_2,16/45,2.6129029306732644e-06,4.311289835610886e-05,5.370400992145514,69.036766403883,-,DR 33,0.000122859762291249,True
DR 33-,lab,gs_ind_0,MP30_PDAC_CLASSICAL,13/27,3.894386780145464e-07,1.2851476374480029e-05,8.870896551724138,130.92165388267213,-,DR 33,2.3245251661800904e-05,True
DR 33-,hallmark,gs_ind_0,Androgen Response,9/25,0.0004113385210392,0.0044616495839982,5.36521876730754,41.82775000316536,-,DR 33,0.007644597061781674,True
DR 33-,hallmark,gs_ind_0,Apoptosis,13/59,0.0042671553818756,0.0298700876731298,2.716645161290322,14.824210670745018,-,DR 33,0.042969956293013034,True
DR 33-,hallmark,gs_ind_0,Estrogen Response Early,16/49,9.380103359376976e-06,0.0001969821705469,4.718480766897221,54.625473302418406,-,DR 33,0.00035313330294125086,True
DR 33-,hallmark,gs_ind_0,Estrogen Response Late,21/64,3.0999679024929016e-07,1.3019865190470188e-05,4.839272564274966,72.52474498099531,-,DR 33,1.8995547998254376e-05,True
DR 33-,hallmark,gs_ind_0,Oxidative Phosphorylation,4/5,0.0004483700298631,0.0044616495839982,27.47328244274809,211.8160324680408,-,DR 33,0.007934289929374673,True
DR 33-,hallmark,gs_ind_0,Xenobiotic Metabolism,12/42,0.0005311487599997,0.0044616495839982,3.8494151411053616,29.02639332737084,-,DR 33,0.009132587634621707,True
DR 34+,lab,gs_ind_0,MP13_EMT_2,15/37,7.698806119523678e-07,1.3087970403190251e-05,6.604791853848457,92.97585560353328,+,DR 34,4.144404041911812e-05,True
DR 34+,lab,gs_ind_0,MP14_EMT_3,17/33,1.43989603311513e-09,4.8956465125914436e-08,10.314177194286186,209.98318690283077,+,DR 34,1.5217983762831466e-07,True
DR 34+,lab,gs_ind_0,MP16_MES_GLIOMA,8/24,0.0015584620585491,0.0132469274976681,4.775521448248721,30.86923713422284,+,DR 34,0.02058124275223391,True
DR 34+,lab,gs_ind_0,MP19_EPITHELIAL_SENESCENCE,9/34,0.0047390928215212,0.0322258311863447,3.454103312343214,18.4860485021402,+,DR 34,0.04580062861067469,True
DR 34+,lab,gs_ind_0,MP24_CILIA,6/11,0.000279598778089,0.0031687861516758,10.909792007478384,89.26560832643746,+,DR 34,0.005631080285988252,True
DR 34+,hallmark,gs_ind_0,Apical Junction,11/42,0.0019996680498142,0.029995020747214,3.4090128575616703,21.186244770414227,+,DR 34,0.025012134564451234,True
DR 34+,hallmark,gs_ind_0,Cholesterol Homeostasis,6/17,0.0044709330808132,0.0502979971591494,5.200290600201185,28.13439456903835,+,DR 34,0.044362746848379035,True
DR 34+,hallmark,gs_ind_0,Epithelial Mesenchymal Transition,24/114,0.0002163258183176,0.009734661824292,2.623589438592647,22.139749440613247,+,DR 34,0.004572611792694958,True
DR 34+,hallmark,gs_ind_0,mTORC1 Signaling,12/48,0.0019435823265115,0.029995020747214,3.2057338032774974,20.014109245003937,+,DR 34,0.024550513598040002,True
DR 34-,lab,gs_ind_0,MP10_PROTEIN_MATURATION,6/13,0.0008738731352655,0.0083017947850229,7.991602399314481,56.281462040462216,-,DR 34,0.013159501331056941,True
DR 34-,lab,gs_ind_0,MP14_EMT_3,9/33,0.0038078345454647,0.0180872140909575,3.5971119518303403,20.038412169513247,-,DR 34,0.03892302924911566,True
DR 34-,lab,gs_ind_0,MP17_INTERFERON_MHC_II_1,12/39,0.0002466108383135,0.0083017947850229,4.276585483482036,35.528585018148014,-,DR 34,0.005165376104311855,True
DR 34-,lab,gs_ind_0,MP18_INTERFERON_MHC_II_2,10/39,0.003783351141709,0.0180872140909575,3.3098892299479514,18.459732555536903,-,DR 34,0.03892302924911566,True
DR 34-,lab,gs_ind_0,MP19_EPITHELIAL_SENESCENCE,10/34,0.0012210060008632,0.0092796456065606,3.996625421822272,26.80968373566166,-,DR 34,0.017174589902251607,True
DR 34-,lab,gs_ind_0,MP28_OLIGO_NORMAL,6/16,0.003151482837803,0.0180872140909575,5.698739135757131,32.82406608056813,-,DR 34,0.035179343305707905,True
DR 34-,lab,gs_ind_0,MP30_PDAC_CLASSICAL,9/27,0.0007892992037056,0.0083017947850229,4.779832051372521,34.14886524442345,-,DR 34,0.012287468684714207,True
DR 34-,lab,gs_ind_0,MP5_STRESS,11/37,0.0006269497186846,0.0083017947850229,4.0636730223527655,29.96814274201321,-,DR 34,0.010377098792020966,True
DR 34-,hallmark,gs_ind_0,Apoptosis,17/59,3.1696002737503654e-05,0.0014580161259251,3.94598493348293,40.87772056868248,-,DR 34,0.0009608893461474792,True
DR 34-,hallmark,gs_ind_0,Glycolysis,10/40,0.0046134016812048,0.053144341587275,3.1995611204337164,17.209766726361703,-,DR 34,0.04526949520228219,True
DR 34-,hallmark,gs_ind_0,IL-2/STAT5 Signaling,15/69,0.0025019463474844,0.053144341587275,2.6776873809935955,16.04118513850522,-,DR 34,0.02923166523632889,True
DR 35+,lab,gs_ind_0,MP14_EMT_3,11/33,0.0002037343019374,0.0075381691716849,4.796892406918792,40.76732001946161,+,DR 35,0.004346331774664533,True
DR 35+,lab,gs_ind_0,MP39_METAL_RESPONSE,11/36,0.000482205400786,0.0089207999145415,4.225412592477625,32.27006918277949,+,DR 35,0.008353392807601083,True
DR 35+,hallmark,gs_ind_0,Androgen Response,8/25,0.0020982848997303,0.0300754168961348,4.500111317254175,27.75054387349284,+,DR 35,0.02557909211099794,True
DR 35+,hallmark,gs_ind_0,Estrogen Response Late,14/64,0.0032686442862646,0.0351379260773444,2.695007034215486,15.42454928240058,+,DR 35,0.03599883573400401,True
DR 35+,hallmark,gs_ind_0,Glycolysis,14/40,1.4139101995007215e-05,0.0006079813857853,5.206181395113561,58.13517027878158,+,DR 35,0.0004876720209056381,True
DR 35+,hallmark,gs_ind_0,Hypoxia,14/61,0.0020198954677119,0.0300754168961348,2.87012840412022,17.80831302567982,+,DR 35,0.025020640632302242,True
DR 35-,lab,gs_ind_0,MP14_EMT_3,11/33,0.0002037343019374,0.0024448116232491,4.796892406918792,40.76732001946161,-,DR 35,0.004346331774664533,True
DR 35-,lab,gs_ind_0,MP16_MES_GLIOMA,8/24,0.0015584620585491,0.0093507723512951,4.775521448248721,30.86923713422284,-,DR 35,0.02058124275223391,True
DR 35-,lab,gs_ind_0,MP22_SECRETED_1,9/26,0.0005753353335499,0.0051780180019499,5.055800074599031,37.71908715682361,-,DR 35,0.009605598612311373,True
DR 35-,lab,gs_ind_0,MP5_STRESS,17/37,1.3615028529052392e-08,2.450705135229431e-07,8.283046454442745,150.02329623756034,-,DR 35,1.1882206716263906e-06,True
DR 35-,lab,gs_ind_0,MP6_HYPOXIA,9/29,0.0014111478308291,0.0093507723512951,4.308667133668726,28.27929836550699,-,DR 35,0.019102729742833408,True
DR 35-,lab,gs_ind_0,MP7_STRESS_IN_VITRO,16/16,5.735135133578091e-17,2.0646486480881124e-15,322.0406504065041,12043.462173059144,-,DR 35,1.573065636638562e-14,True
DR 35-,lab,gs_ind_0,MP8_PROTEASOMAL_DEGRADATION,3/4,0.0036541598583761,0.0187928221287915,21.259915611814343,119.30828811722128,-,DR 35,0.03851410939477829,True
DR 35-,hallmark,gs_ind_0,Apoptosis,16/59,0.0001230468718712,0.0008437499785455,3.61321371834408,32.529565113187715,-,DR 35,0.002892857069298416,True
DR 35-,hallmark,gs_ind_0,Estrogen Response Early,14/49,0.0001808341096007,0.0010850046576047,3.8665936638598346,33.32203534510104,-,DR 35,0.003975589585114627,True
DR 35-,hallmark,gs_ind_0,Glycolysis,11/40,0.0012931995232216,0.0062073577114637,3.644246679486606,24.23655772505855,-,DR 35,0.017714219390621677,True
DR 35-,hallmark,gs_ind_0,Hypoxia,19/61,2.904591283129415e-06,3.485509539755299e-05,4.4454059309674285,56.67544874264839,-,DR 35,0.00013384356632660345,True
DR 35-,hallmark,gs_ind_0,IL-2/STAT5 Signaling,15/69,0.0025019463474844,0.0109175840617504,2.6776873809935955,16.04118513850522,-,DR 35,0.02923166523632889,True
DR 35-,hallmark,gs_ind_0,Interferon Alpha Response,13/40,7.132734685467942e-05,0.0005706187748374,4.643345454545455,44.33573388785754,-,DR 35,0.0018259800794797932,True
DR 35-,hallmark,gs_ind_0,Interferon Gamma Response,20/88,0.0002559656351897,0.0013651500543451,2.87249529894656,23.756878611792995,-,DR 35,0.005351586419937104,True
DR 35-,hallmark,gs_ind_0,Myc Targets V1,5/12,0.004192769000148,0.0167710760005922,6.727536231884058,36.82918333740776,-,DR 35,0.04236903410675874,True
DR 35-,hallmark,gs_ind_0,Myogenesis,11/47,0.0051906423404725,0.0191654486417447,2.9337116420284093,15.43395719507859,-,DR 35,0.048853104380917646,True
DR 35-,hallmark,gs_ind_0,TNF-alpha Signaling via NF-kB,24/93,5.825955381893746e-06,5.592917166617996e-05,3.458271343265331,41.68319312649588,-,DR 35,0.00024494527737013125,True
DR 35-,hallmark,gs_ind_0,Unfolded Protein Response,9/13,4.227634404332841e-07,1.4417720697496986e-05,19.804757760371334,290.6635975715644,-,DR 35,2.4722004232443817e-05,True
DR 35-,hallmark,gs_ind_0,mTORC1 Signaling,17/48,1.3276367579910216e-06,2.1242188127856346e-05,5.357250983953981,72.49490998712832,-,DR 35,6.678766572950467e-05,True
DR 35-,hallmark,gs_ind_0,p53 Pathway,16/41,6.007383623957077e-07,1.4417720697496986e-05,6.226845209628567,89.20021975521732,-,DR 35,3.359468900387647e-05,True
DR 36+,lab,gs_ind_0,MP11_TRANSLATION_INITIATION,3/4,0.0036541598583761,0.0639477975215824,21.259915611814343,119.30828811722128,+,DR 36,0.03851410939477829,True
DR 36+,lab,gs_ind_0,MP20_MYC,5/5,9.5563860214426e-06,0.0003344735107504,101.306905370844,1170.93569892822,+,DR 36,0.0003539857458746584,True
DR 36+,hallmark,gs_ind_0,Androgen Response,11/25,9.689424387090796e-06,0.0004457135218061,7.476935674642889,86.31730098466925,+,DR 36,0.00035548461445632473,True
DR 36+,hallmark,gs_ind_0,Estrogen Response Late,14/64,0.0032686442862646,0.0375894092920429,2.695007034215486,15.42454928240058,+,DR 36,0.03599883573400401,True
DR 36+,hallmark,gs_ind_0,Pperoxisome,6/14,0.0014031510050112,0.021514982076839,7.047482231967337,46.2951564116883,+,DR 36,0.019102729742833408,True
DR 36+,hallmark,gs_ind_0,mTORC1 Signaling,14/48,0.0001415110219355,0.0032547535045177,3.980922407428993,35.283444562178204,+,DR 36,0.0032090688438916534,True
DR 36-,lab,gs_ind_0,MP10_PROTEIN_MATURATION,6/13,0.0008738731352655,0.0043099675817612,7.991602399314481,56.281462040462216,-,DR 36,0.013159501331056941,True
DR 36-,lab,gs_ind_0,MP13_EMT_2,11/37,0.0006269497186846,0.004012478199582,4.0636730223527655,29.96814274201321,-,DR 36,0.010377098792020966,True
DR 36-,lab,gs_ind_0,MP14_EMT_3,12/33,3.8597747293638025e-05,0.0003087819783491,5.4885571525507375,55.77645569997501,-,DR 36,0.001122843557633106,True
DR 36-,lab,gs_ind_0,MP17_INTERFERON_MHC_II_1,30/39,1.2158488916660825e-23,3.890716453331464e-22,33.73406389874981,1779.944641074988,-,DR 36,7.003289615996636e-21,True
DR 36-,lab,gs_ind_0,MP18_INTERFERON_MHC_II_2,16/39,2.63943192654869e-07,4.223091082477904e-06,6.764400622729632,102.46397446267132,-,DR 36,1.634744935152737e-05,True
DR 36-,lab,gs_ind_0,MP19_EPITHELIAL_SENESCENCE,10/34,0.0012210060008632,0.0048840240034529,3.996625421822272,26.80968373566166,-,DR 36,0.017174589902251607,True
DR 36-,lab,gs_ind_0,MP23_SECRETED_2,15/45,1.3634884397487189e-05,0.0001454387669065,4.850470593433785,54.339235248636655,-,DR 36,0.00048330421002785355,True
DR 36-,lab,gs_ind_0,MP40_PDAC_RELATED,10/33,0.0009428054085102,0.0043099675817612,4.16904004020774,29.04424550712454,-,DR 36,0.013996286476852454,True
DR 36-,lab,gs_ind_0,MP7_STRESS_IN_VITRO,6/16,0.003151482837803,0.0112052723121885,5.698739135757131,32.82406608056813,-,DR 36,0.035179343305707905,True
DR 36-,hallmark,gs_ind_0,Apoptosis,18/59,7.511833675533866e-06,7.699629517422212e-05,4.297837927050669,50.71032275147262,-,DR 36,0.0002865441190137422,True
DR 36-,hallmark,gs_ind_0,Complement,21/66,5.595622474452129e-07,7.647350715084576e-06,4.621292356668401,66.52863800684423,-,DR 36,3.20704332864122e-05,True
DR 36-,hallmark,gs_ind_0,Hypoxia,15/61,0.0006459320302324,0.0052966426479063,3.152740341419587,23.15629857389903,-,DR 36,0.010539854091044262,True
DR 36-,hallmark,gs_ind_0,Interferon Alpha Response,38/40,2.1917771332127957e-37,8.986286246172461e-36,170.44246153846154,14387.207669938223,-,DR 36,3.1561590718264255e-34,True
DR 36-,hallmark,gs_ind_0,Interferon Gamma Response,51/88,8.281823264178487e-31,1.69777376915659e-29,16.199821627647715,1122.0980555975889,-,DR 36,8.673327636666925e-28,True
DR 37+,lab,gs_ind_0,MP12_EMT_1,17/47,9.396446043670544e-07,7.517156834936436e-06,5.536025371867602,76.82765423786809,+,DR 37,4.8874248820859634e-05,True
DR 37+,lab,gs_ind_0,MP13_EMT_2,21/37,1.1331501892299485e-12,1.8130403027679176e-11,12.954081201992066,356.3152112317554,+,DR 37,2.1054661580530655e-10,True
DR 37+,lab,gs_ind_0,MP14_EMT_3,20/33,7.259050756767018e-13,1.8130403027679176e-11,15.0379603980712,420.3314017194685,+,DR 37,1.3937377452992675e-10,True
DR 37+,lab,gs_ind_0,MP16_MES_GLIOMA,15/24,3.532504218638815e-10,3.768004499881402e-09,15.757270534827637,342.9387762120843,+,DR 37,4.283626168286226e-08,True
DR 37+,lab,gs_ind_0,MP18_INTERFERON_MHC_II_2,10/39,0.003783351141709,0.0110061124122445,3.3098892299479514,18.459732555536903,+,DR 37,0.03892302924911566,True
DR 37+,lab,gs_ind_0,MP25_ASTROCYTES,10/31,0.0005406708160615,0.0024716380162812,4.561984984435085,34.31844415681465,+,DR 37,0.009227448594116266,True
DR 37+,lab,gs_ind_0,MP26_NPC_GLIOMA,6/13,0.0008738731352655,0.0033521970080365,7.991602399314481,56.281462040462216,+,DR 37,0.013159501331056941,True
DR 37+,lab,gs_ind_0,MP34_PLATELET_ACTIVATION,7/19,0.0015934136015422,0.0050989235249353,5.545736434108528,35.72495001353711,+,DR 37,0.02058124275223391,True
DR 37+,lab,gs_ind_0,MP39_METAL_RESPONSE,12/36,0.0001036536031328,0.0005528192167087,4.808368970930547,44.11416934971605,+,DR 37,0.002477364124667751,True
DR 37+,lab,gs_ind_0,MP40_PDAC_RELATED,10/33,0.0009428054085102,0.0033521970080365,4.16904004020774,29.04424550712454,+,DR 37,0.013996286476852454,True
DR 37+,lab,gs_ind_0,MP6_HYPOXIA,11/29,5.232024372724877e-05,0.0003348495598543,5.847179633459317,57.642240543632575,+,DR 37,0.0014363551938801275,True
DR 37+,hallmark,gs_ind_0,Epithelial Mesenchymal Transition,29/114,7.667586127402329e-07,3.603765479879095e-05,3.45129831381174,48.59805529280001,+,DR 37,4.144404041911812e-05,True
DR 37+,hallmark,gs_ind_0,Estrogen Response Early,12/49,0.0023514429884335,0.0276294551140939,3.118479221927498,18.87530058397867,+,DR 37,0.028004263194580412,True
DR 37+,hallmark,gs_ind_0,Myogenesis,15/47,2.4747288817396623e-05,0.0005815612872088,4.546838067592785,48.227377542811446,+,DR 37,0.0007963373384815896,True
DR 37+,hallmark,gs_ind_0,p53 Pathway,11/41,0.0016150558548628,0.0253025417261847,3.5227734763614342,22.64574677312221,+,DR 37,0.02058124275223391,True
DR 37-,lab,gs_ind_0,MP10_PROTEIN_MATURATION,6/13,0.0008738731352655,0.0104864776231869,7.991602399314481,56.281462040462216,-,DR 37,0.013159501331056941,True
DR 37-,lab,gs_ind_0,MP25_ASTROCYTES,10/31,0.0005406708160615,0.0104864776231869,4.561984984435085,34.31844415681465,-,DR 37,0.009227448594116266,True
DR 37-,lab,gs_ind_0,MP30_PDAC_CLASSICAL,8/27,0.003611299655644,0.0325016969007967,4.034032634032634,22.68613912456157,-,DR 37,0.03851410939477829,True
DR 37-,lab,gs_ind_0,MP5_STRESS,11/37,0.0006269497186846,0.0104864776231869,4.0636730223527655,29.96814274201321,-,DR 37,0.010377098792020966,True
DR 37-,hallmark,gs_ind_0,Androgen Response,8/25,0.0020982848997303,0.0803958525066529,4.500111317254175,27.75054387349284,-,DR 37,0.02557909211099794,True
DR 38+,lab,gs_ind_0,MP14_EMT_3,17/33,1.43989603311513e-09,4.8956465125914436e-08,10.314177194286186,209.98318690283077,+,DR 38,1.5217983762831466e-07,True
DR 38+,lab,gs_ind_0,MP20_MYC,4/5,0.0004483700298631,0.0065204671135666,27.47328244274809,211.8160324680408,+,DR 38,0.007934289929374673,True
DR 38+,lab,gs_ind_0,MP22_SECRETED_1,9/26,0.0005753353335499,0.0065204671135666,5.055800074599031,37.71908715682361,+,DR 38,0.009605598612311373,True
DR 38+,lab,gs_ind_0,MP2_CELL_CYCLE_G1_S,8/28,0.004630252074276,0.0325598367012275,3.835096610706367,20.61419641633524,+,DR 38,0.04531903474567504,True
DR 38+,hallmark,gs_ind_0,Apoptosis,14/59,0.0014313524065034,0.0322054291463287,2.999705388445334,19.645477177473637,+,DR 38,0.019285590319203707,True
DR 38+,hallmark,gs_ind_0,E2F Targets,14/53,0.0004469713429321,0.0201137104319456,3.467166661010622,26.742312191693923,+,DR 38,0.007934289929374673,True
DR 38+,hallmark,gs_ind_0,TGF-beta Signaling,4/8,0.0049190181961412,0.0627818626381831,9.142493638676845,48.58912019089625,+,DR 38,0.04663957993378323,True
DR 38-,lab,gs_ind_0,MP10_PROTEIN_MATURATION,8/13,7.2425920497813855e-06,4.635258911860087e-05,14.414876033057851,170.60771788341367,-,DR 38,0.0002771915628354869,True
DR 38-,lab,gs_ind_0,MP15_EMT_4,13/35,1.3806907719484292e-05,7.363684117058289e-05,5.6912,63.68647172496206,-,DR 38,0.0004849255394160337,True
DR 38-,lab,gs_ind_0,MP17_INTERFERON_MHC_II_1,23/39,2.7259249981464862e-14,8.722959994068757e-13,14.318651301749894,447.219927060326,-,DR 38,5.8971842787620854e-12,True
DR 38-,lab,gs_ind_0,MP18_INTERFERON_MHC_II_2,21/39,4.577367469271469e-12,7.323787950834349e-11,11.540691108936237,301.3262569874381,-,DR 38,8.11250357630882e-10,True
DR 38-,lab,gs_ind_0,MP23_SECRETED_2,16/45,2.6129029306732644e-06,2.2231514265412533e-05,5.370400992145514,69.036766403883,-,DR 38,0.000122859762291249,True
DR 38-,lab,gs_ind_0,MP25_ASTROCYTES,13/31,2.778939283176566e-06,2.2231514265412533e-05,6.937297297297297,88.75190544758766,-,DR 38,0.00012908621186368566,True
DR 38-,lab,gs_ind_0,MP28_OLIGO_NORMAL,8/16,5.543232563021663e-05,0.0002534049171667,9.311688311688313,91.25778256286648,-,DR 38,0.0014781953501391103,True
DR 38-,lab,gs_ind_0,MP39_METAL_RESPONSE,12/36,0.0001036536031328,0.0004146144125315,4.808368970930547,44.11416934971605,-,DR 38,0.002477364124667751,True
DR 38-,lab,gs_ind_0,MP6_HYPOXIA,10/29,0.0002922981162528,0.0010392821911213,5.035534019785988,40.97784813595626,-,DR 38,0.005795652838609735,True
DR 38-,hallmark,gs_ind_0,Coagulation,16/52,2.206012764075292e-05,0.0004732805872413,4.323309945428221,46.3533998051054,-,DR 38,0.0007260933440613532,True
DR 38-,hallmark,gs_ind_0,Complement,14/66,0.0044090504991344,0.0305332397318194,2.589378271415805,14.04503611479543,-,DR 38,0.044282704228446636,True
DR 38-,hallmark,gs_ind_0,Glycolysis,11/40,0.0012931995232216,0.0119620955898,3.644246679486606,24.23655772505855,-,DR 38,0.017714219390621677,True
DR 38-,hallmark,gs_ind_0,Interferon Alpha Response,13/40,7.132734685467942e-05,0.000879703944541,4.643345454545455,44.33573388785754,-,DR 38,0.0018259800794797932,True
DR 38-,hallmark,gs_ind_0,Interferon Gamma Response,22/88,2.5582734445475733e-05,0.0004732805872413,3.287736147090415,34.76318348244998,-,DR 38,0.0008186475022552235,True
DR 38-,hallmark,gs_ind_0,Myogenesis,11/47,0.0051906423404725,0.0305332397318194,2.9337116420284093,15.43395719507859,-,DR 38,0.048853104380917646,True
DR 39+,lab,gs_ind_0,MP16_MES_GLIOMA,14/24,5.162146111838191e-09,5.5062891859607366e-08,13.257883314183582,252.9857816765529,+,DR 39,4.795800258739996e-07,True
DR 39+,lab,gs_ind_0,MP19_EPITHELIAL_SENESCENCE,9/34,0.0047390928215212,0.0303301940577362,3.454103312343214,18.4860485021402,+,DR 39,0.04580062861067469,True
DR 39+,lab,gs_ind_0,MP22_SECRETED_1,20/26,5.504690699218571e-16,8.807505118749714e-15,31.354996803750268,1101.6816708653498,+,DR 39,1.2682807370999588e-13,True
DR 39+,lab,gs_ind_0,MP40_PDAC_RELATED,12/33,3.8597747293638025e-05,0.0003087819783491,5.4885571525507375,55.77645569997501,+,DR 39,0.001122843557633106,True
DR 39+,lab,gs_ind_0,MP5_STRESS,31/37,1.4998790697076955e-26,4.7996130230646245e-25,51.30633083730429,3050.7682161306907,+,DR 39,1.0799129301895407e-23,True
DR 39+,hallmark,gs_ind_0,Apoptosis,17/59,3.1696002737503654e-05,0.000291603225185,3.94598493348293,40.87772056868248,+,DR 39,0.0009608893461474792,True
DR 39+,hallmark,gs_ind_0,Cholesterol Homeostasis,6/17,0.0044709330808132,0.0205662921717411,5.200290600201185,28.13439456903835,+,DR 39,0.044362746848379035,True
DR 39+,hallmark,gs_ind_0,Estrogen Response Early,12/49,0.0023514429884335,0.0143861914980357,3.118479221927498,18.87530058397867,+,DR 39,0.028004263194580412,True
DR 39+,hallmark,gs_ind_0,Estrogen Response Late,14/64,0.0032686442862646,0.0167064041297968,2.695007034215486,15.42454928240058,+,DR 39,0.03599883573400401,True
DR 39+,hallmark,gs_ind_0,Hypoxia,22/61,2.196339063471688e-08,3.367719897323255e-07,5.621210509520264,99.12380122466412,+,DR 39,1.807273286513846e-06,True
DR 39+,hallmark,gs_ind_0,IL-2/STAT5 Signaling,15/69,0.0025019463474844,0.0143861914980357,2.6776873809935955,16.04118513850522,+,DR 39,0.02923166523632889,True
DR 39+,hallmark,gs_ind_0,TGF-beta Signaling,5/8,0.0004149834388539,0.0031815396978799,14.448301059554256,112.51284949262244,+,DR 39,0.007644597061781674,True
DR 39+,hallmark,gs_ind_0,TNF-alpha Signaling via NF-kB,50/93,4.745249292434152e-28,2.1828146745197102e-26,13.55691755451178,852.9367031002564,+,DR 39,3.644351456589429e-25,True
DR 39+,hallmark,gs_ind_0,UV Response Up,17/32,7.649603409673126e-10,1.7594087842248194e-08,10.985760745363452,230.60426937751168,+,DR 39,8.901356694892365e-08,True
DR 39+,hallmark,gs_ind_0,p53 Pathway,16/41,6.007383623957077e-07,6.908491167550639e-06,6.226845209628567,89.20021975521732,+,DR 39,3.359468900387647e-05,True
DR 39-,lab,gs_ind_0,MP10_PROTEIN_MATURATION,9/13,4.227634404332841e-07,1.4796720415164944e-05,19.804757760371334,290.6635975715644,-,DR 39,2.4722004232443817e-05,True
DR 39-,lab,gs_ind_0,MP2_CELL_CYCLE_G1_S,11/28,3.555643475984438e-05,0.0006222376082972,6.184771956275914,63.35921234569386,-,DR 39,0.0010584241044790887,True
DR 39-,lab,gs_ind_0,MP30_PDAC_CLASSICAL,8/27,0.003611299655644,0.0315988719868857,4.034032634032634,22.68613912456157,-,DR 39,0.03851410939477829,True
DR 39-,lab,gs_ind_0,MP7_STRESS_IN_VITRO,8/16,5.543232563021663e-05,0.0006467104656858,9.311688311688313,91.25778256286648,-,DR 39,0.0014781953501391103,True
DR 39-,hallmark,gs_ind_0,DNA Repair,7/11,2.1058022717423192e-05,0.0004948635338594,15.473729543496985,166.6246623376999,-,DR 39,0.0007051989003044046,True
DR 39-,hallmark,gs_ind_0,Estrogen Response Late,19/64,6.480151748330988e-06,0.0003045671321715,4.14521841794569,49.521957069251535,-,DR 39,0.0002556553018519623,True
DR 39-,hallmark,gs_ind_0,Glycolysis,11/40,0.0012931995232216,0.0094211567479326,3.644246679486606,24.23655772505855,-,DR 39,0.017714219390621677,True
DR 39-,hallmark,gs_ind_0,Myc Targets V1,6/12,0.0005129223858779,0.0051886606701083,9.226221079691516,69.89218617368041,-,DR 39,0.008832385478794332,True
DR 39-,hallmark,gs_ind_0,Oxidative Phosphorylation,4/5,0.0004483700298631,0.0051886606701083,27.47328244274809,211.8160324680408,-,DR 39,0.007934289929374673,True
DR 39-,hallmark,gs_ind_0,Pperoxisome,6/14,0.0014031510050112,0.0094211567479326,7.047482231967337,46.2951564116883,-,DR 39,0.019102729742833408,True
DR 39-,hallmark,gs_ind_0,Xenobiotic Metabolism,11/42,0.0019996680498142,0.0117480497926588,3.4090128575616703,21.186244770414227,-,DR 39,0.025012134564451234,True
DR 39-,hallmark,gs_ind_0,mTORC1 Signaling,13/48,0.000551985177671,0.0051886606701083,3.5807323943661973,26.86261633819781,-,DR 39,0.009310203875212184,True
DR 40+,lab,gs_ind_0,MP14_EMT_3,14/33,9.460900596399044e-07,3.311315208739666e-05,7.102976558740634,98.52487694311492,+,DR 40,4.8874248820859634e-05,True
DR 40+,lab,gs_ind_0,MP19_EPITHELIAL_SENESCENCE,10/34,0.0012210060008632,0.0106838025075533,3.996625421822272,26.80968373566166,+,DR 40,0.017174589902251607,True
DR 40+,lab,gs_ind_0,MP26_NPC_GLIOMA,6/13,0.0008738731352655,0.0101951865780983,7.991602399314481,56.281462040462216,+,DR 40,0.013159501331056941,True
DR 40+,lab,gs_ind_0,MP30_PDAC_CLASSICAL,9/27,0.0007892992037056,0.0101951865780983,4.779832051372521,34.14886524442345,+,DR 40,0.012287468684714207,True
DR 40+,hallmark,gs_ind_0,Cholesterol Homeostasis,6/17,0.0044709330808132,0.0393442111111568,5.200290600201185,28.13439456903835,+,DR 40,0.044362746848379035,True
DR 40+,hallmark,gs_ind_0,Estrogen Response Early,13/49,0.000686011952252,0.0100615086330299,3.4806575342465758,25.35525184951136,+,DR 40,0.01099145714873858,True
DR 40+,hallmark,gs_ind_0,Estrogen Response Late,16/64,0.0003467369660388,0.0091390096124017,3.2314977788953145,25.74516212626332,+,DR 40,0.0066908037667788535,True
DR 40+,hallmark,gs_ind_0,Glycolysis,11/40,0.0012931995232216,0.0142251947554378,3.644246679486606,24.23655772505855,+,DR 40,0.017714219390621677,True
DR 40+,hallmark,gs_ind_0,p53 Pathway,12/41,0.0004154095278364,0.0091390096124017,3.98215168817156,31.00601149959369,+,DR 40,0.007644597061781674,True
DR 40-,lab,gs_ind_0,MP36_IG,22/25,5.944886128784851e-20,1.6051192547719098e-18,64.73589435774309,2865.8043437595284,-,DR 40,2.3615547656414304e-17,True
DR 41+,lab,gs_ind_0,MP12_EMT_1,13/47,0.000440815093826,0.0031959094302388,3.6866086956521738,28.486001648149458,+,DR 41,0.007934289929374673,True
DR 41+,lab,gs_ind_0,MP2_CELL_CYCLE_G1_S,12/28,5.216957723848583e-06,7.564588699580445e-05,7.171851137368379,87.23550079317339,+,DR 41,0.00022176883017983645,True
DR 41+,lab,gs_ind_0,MP3_CELL_CYCLE_HMG_RICH,7/8,6.654252178041727e-07,1.929733131632101e-05,46.49870801033592,661.3436644928104,+,DR 41,3.628288676866187e-05,True
DR 41+,lab,gs_ind_0,MP6_HYPOXIA,10/29,0.0002922981162528,0.0028255484571111,5.035534019785988,40.97784813595626,+,DR 41,0.005795652838609735,True
DR 41+,hallmark,gs_ind_0,E2F Targets,31/53,7.382205672507645e-19,1.6979073046767583e-17,14.689675516224188,613.2946035742906,+,DR 41,2.2379739301917913e-16,True
DR 41+,hallmark,gs_ind_0,Epithelial Mesenchymal Transition,22/114,0.0014163750064181,0.0065153250295233,2.328185328185328,15.272091326990356,+,DR 41,0.019150986002272902,True
DR 41+,hallmark,gs_ind_0,G2-M Checkpoint,30/49,4.500282524747776e-19,1.6979073046767583e-17,16.342807729904504,690.4015299451424,+,DR 41,1.4400904079192883e-16,True
DR 41+,hallmark,gs_ind_0,Glycolysis,11/40,0.0012931995232216,0.0065153250295233,3.644246679486606,24.23655772505855,+,DR 41,0.017714219390621677,True
DR 41+,hallmark,gs_ind_0,Mitotic Spindle,19/36,8.253278601900895e-11,1.2655027189581372e-09,10.949468713105077,254.22285384648416,+,DR 41,1.1594849938280282e-08,True
DR 41+,hallmark,gs_ind_0,Myc Targets V1,10/12,4.478966727898655e-09,5.150811737083453e-08,39.651968503937006,762.2644248888242,+,DR 41,4.257934270263995e-07,True
DR 41+,hallmark,gs_ind_0,Myc Targets V2,4/5,0.0004483700298631,0.0034375035622844,27.47328244274809,211.8160324680408,+,DR 41,0.007934289929374673,True
DR 41+,hallmark,gs_ind_0,Spermatogenesis,8/23,0.0011349351321441,0.0065153250295233,5.086468370339338,34.49225647461518,+,DR 41,0.016221405362655126,True
DR 41+,hallmark,gs_ind_0,Unfolded Protein Response,6/13,0.0008738731352655,0.005742594888888,7.991602399314481,56.281462040462216,+,DR 41,0.013159501331056941,True
DR 41+,hallmark,gs_ind_0,mTORC1 Signaling,15/48,3.2849262135799385e-05,0.0003022132116493,4.408617290903971,45.5127189126005,+,DR 41,0.000982918181310153,True
DR 41-,lab,gs_ind_0,MP10_PROTEIN_MATURATION,6/13,0.0008738731352655,0.008977902905696,7.991602399314481,56.281462040462216,-,DR 41,0.013159501331056941,True
DR 41-,lab,gs_ind_0,MP14_EMT_3,12/33,3.8597747293638025e-05,0.0006754605776386,5.4885571525507375,55.77645569997501,-,DR 41,0.001122843557633106,True
DR 41-,lab,gs_ind_0,MP18_INTERFERON_MHC_II_2,11/39,0.0010260460463652,0.008977902905696,3.774244317918808,25.974510381561768,-,DR 41,0.014943173772600635,True
DR 41-,lab,gs_ind_0,MP19_EPITHELIAL_SENESCENCE,9/34,0.0047390928215212,0.0236954641076064,3.454103312343214,18.4860485021402,-,DR 41,0.04580062861067469,True
DR 41-,lab,gs_ind_0,MP25_ASTROCYTES,9/31,0.0023774452607899,0.0166421168255294,3.9212648680011606,23.6912188370526,-,DR 41,0.028004263194580412,True
DR 41-,lab,gs_ind_0,MP30_PDAC_CLASSICAL,8/27,0.003611299655644,0.0210659146579238,4.034032634032634,22.68613912456157,-,DR 41,0.03851410939477829,True
DR 41-,lab,gs_ind_0,MP39_METAL_RESPONSE,13/36,1.972636758902038e-05,0.0006754605776386,5.445957446808511,58.999076046925126,-,DR 41,0.0006664157027141196,True
DR 41-,hallmark,gs_ind_0,Androgen Response,8/25,0.0020982848997303,0.0225565626721011,4.500111317254175,27.75054387349284,-,DR 41,0.02557909211099794,True
DR 41-,hallmark,gs_ind_0,Estrogen Response Early,13/49,0.000686011952252,0.0098328379822792,3.4806575342465758,25.35525184951136,-,DR 41,0.01099145714873858,True
DR 41-,hallmark,gs_ind_0,Estrogen Response Late,16/64,0.0003467369660388,0.0098328379822792,3.2314977788953145,25.74516212626332,-,DR 41,0.0066908037667788535,True
DR 41-,hallmark,gs_ind_0,Hypoxia,15/61,0.0006459320302324,0.0098328379822792,3.152740341419587,23.15629857389903,-,DR 41,0.010539854091044262,True
DR 42+,lab,gs_ind_0,MP10_PROTEIN_MATURATION,7/13,9.181317825896858e-05,0.0016526372086614,10.700655933214072,99.47067286211808,+,DR 42,0.0022993213337898217,True
DR 42+,lab,gs_ind_0,MP19_EPITHELIAL_SENESCENCE,10/34,0.0012210060008632,0.0146520720103589,3.996625421822272,26.80968373566166,+,DR 42,0.017174589902251607,True
DR 42+,lab,gs_ind_0,MP23_SECRETED_2,14/45,6.438646399233802e-05,0.0016526372086614,4.3674624452104345,42.14866422860711,+,DR 42,0.0017071784975471794,True
DR 42+,hallmark,gs_ind_0,Androgen Response,11/25,9.689424387090796e-06,0.0001485711739353,7.476935674642889,86.31730098466925,+,DR 42,0.00035548461445632473,True
DR 42+,hallmark,gs_ind_0,DNA Repair,7/11,2.1058022717423192e-05,0.0002421672612503,15.473729543496985,166.6246623376999,+,DR 42,0.0007051989003044046,True
DR 42+,hallmark,gs_ind_0,Estrogen Response Early,14/49,0.0001808341096007,0.0011883384345194,3.8665936638598346,33.32203534510104,+,DR 42,0.003975589585114627,True
DR 42+,hallmark,gs_ind_0,Estrogen Response Late,19/64,6.480151748330988e-06,0.0001485711739353,4.14521841794569,49.521957069251535,+,DR 42,0.0002556553018519623,True
DR 42+,hallmark,gs_ind_0,Glycolysis,13/40,7.132734685467942e-05,0.000656211591063,4.643345454545455,44.33573388785754,+,DR 42,0.0018259800794797932,True
DR 42+,hallmark,gs_ind_0,Oxidative Phosphorylation,4/5,0.0004483700298631,0.0025781276717133,27.47328244274809,211.8160324680408,+,DR 42,0.007934289929374673,True
DR 42+,hallmark,gs_ind_0,UV Response Up,11/32,0.0001486887837228,0.001139947341875,5.022826287046696,44.26945870327691,+,DR 42,0.0033260092980323414,True
DR 42+,hallmark,gs_ind_0,mTORC1 Signaling,19/48,3.7063189632243983e-08,1.7049067230832232e-06,6.451743941728534,110.39347797919496,+,DR 42,2.9045438405676917e-06,True
DR 42+,hallmark,gs_ind_0,p53 Pathway,11/41,0.0016150558548628,0.0082547299248546,3.5227734763614342,22.64574677312221,+,DR 42,0.02058124275223391,True
DR 42-,lab,gs_ind_0,MP14_EMT_3,13/33,6.4337134633546384e-06,0.0002058788308273,6.253463414634147,74.75364317099516,-,DR 42,0.0002556553018519623,True
DR 42-,lab,gs_ind_0,MP18_INTERFERON_MHC_II_2,10/39,0.003783351141709,0.0403557455115633,3.3098892299479514,18.459732555536903,-,DR 42,0.03892302924911566,True
DR 42-,lab,gs_ind_0,MP39_METAL_RESPONSE,11/36,0.000482205400786,0.0077152864125764,4.225412592477625,32.27006918277949,-,DR 42,0.008353392807601083,True
DR 43+,lab,gs_ind_0,MP25_ASTROCYTES,9/31,0.0023774452607899,0.0161666277733714,3.9212648680011606,23.6912188370526,+,DR 43,0.028004263194580412,True
DR 43+,lab,gs_ind_0,MP2_CELL_CYCLE_G1_S,9/28,0.0010639186090641,0.009043308177045,4.532168440784629,31.02630233370492,+,DR 43,0.015378095829885108,True
DR 43+,lab,gs_ind_0,MP39_METAL_RESPONSE,11/36,0.000482205400786,0.0054649945422416,4.225412592477625,32.27006918277949,+,DR 43,0.008353392807601083,True
DR 43+,lab,gs_ind_0,MP3_CELL_CYCLE_HMG_RICH,5/8,0.0004149834388539,0.0054649945422416,14.448301059554256,112.51284949262244,+,DR 43,0.007644597061781674,True
DR 43+,lab,gs_ind_0,MP7_STRESS_IN_VITRO,7/16,0.0004703206307773,0.0054649945422416,7.309261525907793,56.004262789456,+,DR 43,0.00828454689075611,True
DR 43+,hallmark,gs_ind_0,DNA Repair,6/11,0.000279598778089,0.0045137169957256,10.909792007478384,89.26560832643746,+,DR 43,0.005631080285988252,True
DR 43+,hallmark,gs_ind_0,E2F Targets,14/53,0.0004469713429321,0.0045137169957256,3.467166661010622,26.742312191693923,+,DR 43,0.007934289929374673,True
DR 43+,hallmark,gs_ind_0,Myc Targets V1,6/12,0.0005129223858779,0.0045137169957256,9.226221079691516,69.89218617368041,+,DR 43,0.008832385478794332,True
DR 43+,hallmark,gs_ind_0,TGF-beta Signaling,4/8,0.0049190181961412,0.0309195429471737,9.142493638676845,48.58912019089625,+,DR 43,0.04663957993378323,True
DR 43+,hallmark,gs_ind_0,UV Response Up,9/32,0.0030264629626589,0.0221940617261658,3.7522915393589247,21.76464430625097,+,DR 43,0.03434960919195126,True
DR 43+,hallmark,gs_ind_0,Wnt-beta Catenin Signaling,5/8,0.0004149834388539,0.0045137169957256,14.448301059554256,112.51284949262244,+,DR 43,0.007644597061781674,True
DR 43+,hallmark,gs_ind_0,mTORC1 Signaling,14/48,0.0001415110219355,0.0045137169957256,3.980922407428993,35.283444562178204,+,DR 43,0.0032090688438916534,True
DR 43-,lab,gs_ind_0,MP13_EMT_2,12/37,0.000140082467571,0.0006403769946102,4.617204972174546,40.96974909429703,-,DR 43,0.0032082505495386084,True
DR 43-,lab,gs_ind_0,MP14_EMT_3,16/33,1.4142841707068578e-08,1.508569782087315e-07,9.114285714285714,164.7321215858455,-,DR 43,1.1979818857752207e-06,True
DR 43-,lab,gs_ind_0,MP17_INTERFERON_MHC_II_1,13/39,5.274116727528594e-05,0.0002812862254681,4.821283018867924,47.49018854162495,-,DR 43,0.0014363551938801275,True
DR 43-,lab,gs_ind_0,MP18_INTERFERON_MHC_II_2,13/39,5.274116727528594e-05,0.0002812862254681,4.821283018867924,47.49018854162495,-,DR 43,0.0014363551938801275,True
DR 43-,lab,gs_ind_0,MP19_EPITHELIAL_SENESCENCE,26/34,1.920977509308891e-20,6.147128029788451e-19,32.02511377043654,1453.9039026280327,-,DR 43,8.196170706384603e-18,True
DR 43-,lab,gs_ind_0,MP23_SECRETED_2,19/45,1.0298243676728948e-08,1.508569782087315e-07,7.19429284266334,132.3123438063565,-,DR 43,9.196571097357945e-07,True
DR 43-,lab,gs_ind_0,MP30_PDAC_CLASSICAL,9/27,0.0007892992037056,0.0031571968148227,4.779832051372521,34.14886524442345,-,DR 43,0.012287468684714207,True
DR 43-,lab,gs_ind_0,MP31_ALVEOLAR,7/20,0.0022466358094144,0.0079880384334735,5.132070054550675,31.29701252450603,-,DR 43,0.02721476816451513,True
DR 43-,lab,gs_ind_0,MP40_PDAC_RELATED,15/33,1.229685576790037e-07,9.837484614320295e-07,8.050921541487579,128.10092695747232,-,DR 43,8.236033630593734e-06,True
DR 43-,hallmark,gs_ind_0,Complement,14/66,0.0044090504991344,0.0720212845372099,2.589378271415805,14.04503611479543,-,DR 43,0.044282704228446636,True
DR 43-,hallmark,gs_ind_0,p53 Pathway,12/41,0.0004154095278364,0.0178626096969669,3.98215168817156,31.00601149959369,-,DR 43,0.007644597061781674,True
DR 44+,lab,gs_ind_0,MP19_EPITHELIAL_SENESCENCE,10/34,0.0012210060008632,0.0213676050151067,3.996625421822272,26.80968373566166,+,DR 44,0.017174589902251607,True
DR 44+,lab,gs_ind_0,MP30_PDAC_CLASSICAL,13/27,3.894386780145464e-07,1.3630353730509122e-05,8.870896551724138,130.92165388267213,+,DR 44,2.3245251661800904e-05,True
DR 44+,lab,gs_ind_0,MP32_SKIN_PIGMENTATION,6/15,0.0021460470101684,0.0250372151186314,6.302124205114328,38.72105608064646,+,DR 44,0.02605106591900945,True
DR 44+,hallmark,gs_ind_0,Androgen Response,8/25,0.0020982848997303,0.0153874225980224,4.500111317254175,27.75054387349284,+,DR 44,0.02557909211099794,True
DR 44+,hallmark,gs_ind_0,Apoptosis,16/59,0.0001230468718712,0.005414062362334,3.61321371834408,32.529565113187715,+,DR 44,0.002892857069298416,True
DR 44+,hallmark,gs_ind_0,Estrogen Response Late,16/64,0.0003467369660388,0.0060926730749344,3.2314977788953145,25.74516212626332,+,DR 44,0.0066908037667788535,True
DR 44+,hallmark,gs_ind_0,Myogenesis,12/47,0.0015956830393014,0.0140420107458525,3.2979041356894685,21.23999789238365,+,DR 44,0.02058124275223391,True
DR 44+,hallmark,gs_ind_0,Reactive Oxygen Species Pathway,5/10,0.001577726486878,0.0140420107458525,9.184143222506394,59.25398339743649,+,DR 44,0.02058124275223391,True
DR 44+,hallmark,gs_ind_0,UV Response Up,9/32,0.0030264629626589,0.0190234814795707,3.7522915393589247,21.76464430625097,+,DR 44,0.03434960919195126,True
DR 44+,hallmark,gs_ind_0,p53 Pathway,12/41,0.0004154095278364,0.0060926730749344,3.98215168817156,31.00601149959369,+,DR 44,0.007644597061781674,True
DR 44-,lab,gs_ind_0,MP14_EMT_3,11/33,0.0002037343019374,0.0025844145506305,4.796892406918792,40.76732001946161,-,DR 44,0.004346331774664533,True
DR 44-,lab,gs_ind_0,MP20_MYC,4/5,0.0004483700298631,0.0041474227762345,27.47328244274809,211.8160324680408,-,DR 44,0.007934289929374673,True
DR 44-,lab,gs_ind_0,MP2_CELL_CYCLE_G1_S,10/28,0.0002095471257267,0.0025844145506305,5.3107044051925945,44.984650397290046,-,DR 44,0.004445640678400707,True
DR 44-,lab,gs_ind_0,MP3_CELL_CYCLE_HMG_RICH,6/8,2.1976955858542536e-05,0.000813147366766,24.04164524421594,257.8590534871788,-,DR 44,0.0007260933440613532,True
DR 44-,lab,gs_ind_0,MP8_PROTEASOMAL_DEGRADATION,3/4,0.0036541598583761,0.0270407829519834,21.259915611814343,119.30828811722128,-,DR 44,0.03851410939477829,True
DR 44-,hallmark,gs_ind_0,Cholesterol Homeostasis,6/17,0.0044709330808132,0.0316222598323368,5.200290600201185,28.13439456903835,-,DR 44,0.044362746848379035,True
DR 44-,hallmark,gs_ind_0,E2F Targets,30/53,1.0468781289114717e-17,4.7109515801016235e-16,13.530604604729518,529.0213926952708,-,DR 44,3.0150090112650385e-15,True
DR 44-,hallmark,gs_ind_0,G2-M Checkpoint,27/49,1.3402570513672296e-15,3.0155783655762674e-14,12.528658341338456,429.055368245235,-,DR 44,2.969184852259709e-13,True
DR 44-,hallmark,gs_ind_0,Glycolysis,12/40,0.000321732334653,0.0036194887648467,4.124203080645912,33.16597763632865,-,DR 44,0.006281960161360271,True
DR 44-,hallmark,gs_ind_0,Mitotic Spindle,17/36,8.064342339768543e-09,1.2096513509652818e-07,8.712708726332705,162.36841641689682,-,DR 44,7.315056988514457e-07,True
DR 44-,hallmark,gs_ind_0,Myc Targets V1,5/12,0.004192769000148,0.0316222598323368,6.727536231884058,36.82918333740776,-,DR 44,0.04236903410675874,True
DR 44-,hallmark,gs_ind_0,Wnt-beta Catenin Signaling,4/8,0.0049190181961412,0.0316222598323368,9.142493638676845,48.58912019089625,-,DR 44,0.04663957993378323,True
DR 45+,lab,gs_ind_0,MP12_EMT_1,14/47,0.0001098180086606,0.00117139209238,4.102076747629146,37.39734577513979,+,DR 45,0.0026138501234919667,True
DR 45+,lab,gs_ind_0,MP18_INTERFERON_MHC_II_2,13/39,5.274116727528594e-05,0.0008438586764045,4.821283018867924,47.49018854162495,+,DR 45,0.0014363551938801275,True
DR 45+,lab,gs_ind_0,MP25_ASTROCYTES,17/31,3.9289495101019593e-10,1.2572638432326271e-08,11.74997651038241,254.4748676443258,+,DR 45,4.714739412122351e-08,True
DR 45+,lab,gs_ind_0,MP39_METAL_RESPONSE,11/36,0.000482205400786,0.0038576432062882,4.225412592477625,32.27006918277949,+,DR 45,0.008353392807601083,True
DR 45+,lab,gs_ind_0,MP6_HYPOXIA,9/29,0.0014111478308291,0.0090313461173067,4.308667133668726,28.27929836550699,+,DR 45,0.019102729742833408,True
DR 45+,hallmark,gs_ind_0,Epithelial Mesenchymal Transition,25/114,7.781249216047666e-05,0.003112499686419,2.778541756195388,26.28836308152618,+,DR 45,0.001978807747657155,True
DR 45-,lab,gs_ind_0,MP13_EMT_2,13/37,2.776013555350533e-05,0.0001249206099907,5.220734693877551,54.77547613677655,-,DR 45,0.0008619858802597882,True
DR 45-,lab,gs_ind_0,MP14_EMT_3,17/33,1.43989603311513e-09,1.2959064298036172e-08,10.314177194286186,209.98318690283077,-,DR 45,1.5217983762831466e-07,True
DR 45-,lab,gs_ind_0,MP16_MES_GLIOMA,12/24,6.677059023399579e-07,4.807482496847697e-06,9.488063660477454,134.91474344860245,-,DR 45,3.628288676866187e-05,True
DR 45-,lab,gs_ind_0,MP19_EPITHELIAL_SENESCENCE,13/34,9.50785599517634e-06,4.889754511804976e-05,5.959255813953488,68.90921192411501,-,DR 45,0.0003533241969820368,True
DR 45-,lab,gs_ind_0,MP22_SECRETED_1,16/26,1.2214593084387358e-10,1.5567209802912127e-09,15.250096786682152,348.09572986518907,-,DR 45,1.675144194430266e-08,True
DR 45-,lab,gs_ind_0,MP34_PLATELET_ACTIVATION,9/19,3.1838402685300594e-05,0.0001273536107412,8.45940569439264,87.59577017139024,-,DR 45,0.0009626729630831045,True
DR 45-,lab,gs_ind_0,MP40_PDAC_RELATED,18/33,1.2972674835760105e-10,1.5567209802912127e-09,11.677154220061864,265.83731483832355,-,DR 45,1.7177610817006484e-08,True
DR 45-,lab,gs_ind_0,MP5_STRESS,24/37,3.0334486341624397e-16,1.0920415082984783e-14,18.37949847864862,656.7300154680471,-,DR 45,7.13169964603088e-14,True
DR 45-,lab,gs_ind_0,MP7_STRESS_IN_VITRO,9/16,5.16300461734021e-06,3.097802770404126e-05,11.863011314186249,144.42020314734387,-,DR 45,0.0002202881970065156,True
DR 45-,hallmark,gs_ind_0,Androgen Response,9/25,0.0004113385210392,0.0021023968853118,5.36521876730754,41.82775000316536,-,DR 45,0.007644597061781674,True
DR 45-,hallmark,gs_ind_0,Apoptosis,21/59,6.175906352621336e-08,9.469723074019382e-07,5.483304995839815,91.0230005315006,-,DR 45,4.619898778064792e-06,True
DR 45-,hallmark,gs_ind_0,Cholesterol Homeostasis,8/17,9.579192386277696e-05,0.0006548785274418,8.326862611073137,77.05122574582239,-,DR 45,0.0023579550489298945,True
DR 45-,hallmark,gs_ind_0,Estrogen Response Early,19/49,5.5250724783011855e-08,9.469723074019382e-07,6.236688795556158,104.22370371093731,-,DR 45,4.1600545718973635e-06,True
DR 45-,hallmark,gs_ind_0,Estrogen Response Late,17/64,9.965542808897806e-05,0.0006548785274418,3.5205793775993115,32.437886249909255,-,DR 45,0.0024374321265074887,True
DR 45-,hallmark,gs_ind_0,Glycolysis,10/40,0.0046134016812048,0.0188562364185415,3.1995611204337164,17.209766726361703,-,DR 45,0.04526949520228219,True
DR 45-,hallmark,gs_ind_0,Hypoxia,16/61,0.0001894064365249,0.0010890870100184,3.4504601089966944,29.57601698674697,-,DR 45,0.00414821701286473,True
DR 45-,hallmark,gs_ind_0,IL-2/STAT5 Signaling,15/69,0.0025019463474844,0.0115089531984286,2.6776873809935955,16.04118513850522,-,DR 45,0.02923166523632889,True
DR 45-,hallmark,gs_ind_0,TGF-beta Signaling,4/8,0.0049190181961412,0.0188562364185415,9.142493638676845,48.58912019089625,-,DR 45,0.04663957993378323,True
DR 45-,hallmark,gs_ind_0,TNF-alpha Signaling via NF-kB,41/93,1.0238138967002657e-18,4.7095439248212216e-17,8.665502313778175,358.95107552646994,-,DR 45,3.024188741022323e-16,True
DR 45-,hallmark,gs_ind_0,UV Response Up,13/32,4.271922425527623e-06,3.930168631485413e-05,6.577846153846154,81.32484976666557,-,DR 45,0.0001914885071676195,True
DR 45-,hallmark,gs_ind_0,p53 Pathway,17/41,8.99903392399073e-08,1.034888901258934e-06,6.915142078629817,112.188246722067,-,DR 45,6.3993130126156295e-06,True
DR 46+,lab,gs_ind_0,MP18_INTERFERON_MHC_II_2,11/39,0.0010260460463652,0.0071823223245568,3.774244317918808,25.974510381561768,+,DR 46,0.014943173772600635,True
DR 46+,lab,gs_ind_0,MP24_CILIA,5/11,0.0026594995775354,0.0155137475356237,7.766869958685816,46.054566494324,+,DR 46,0.030454706891856673,True
DR 46+,lab,gs_ind_0,MP25_ASTROCYTES,16/31,4.3743990424534714e-09,1.531039664858715e-07,10.301862050878574,198.2850557075752,+,DR 46,4.257934270263995e-07,True
DR 46+,lab,gs_ind_0,MP26_NPC_GLIOMA,7/13,9.181317825896858e-05,0.0016067306195319,10.700655933214072,99.47067286211808,+,DR 46,0.0022993213337898217,True
DR 46+,lab,gs_ind_0,MP39_METAL_RESPONSE,11/36,0.000482205400786,0.0042192972568777,4.225412592477625,32.27006918277949,+,DR 46,0.008353392807601083,True
DR 46+,lab,gs_ind_0,MP6_HYPOXIA,10/29,0.0002922981162528,0.0034101446896169,5.035534019785988,40.97784813595626,+,DR 46,0.005795652838609735,True
DR 46+,hallmark,gs_ind_0,Wnt-beta Catenin Signaling,4/8,0.0049190181961412,0.1106779094131788,9.142493638676845,48.58912019089625,+,DR 46,0.04663957993378323,True
DR 46+,hallmark,gs_ind_0,mTORC1 Signaling,13/48,0.000551985177671,0.0248393329951993,3.5807323943661973,26.86261633819781,+,DR 46,0.009310203875212184,True
DR 46-,lab,gs_ind_0,MP14_EMT_3,11/33,0.0002037343019374,0.0024448116232491,4.796892406918792,40.76732001946161,-,DR 46,0.004346331774664533,True
DR 46-,lab,gs_ind_0,MP17_INTERFERON_MHC_II_1,16/39,2.63943192654869e-07,9.501954935575286e-06,6.764400622729632,102.46397446267132,-,DR 46,1.634744935152737e-05,True
DR 46-,lab,gs_ind_0,MP18_INTERFERON_MHC_II_2,10/39,0.003783351141709,0.0340501602753815,3.3098892299479514,18.459732555536903,-,DR 46,0.03892302924911566,True
DR 46-,lab,gs_ind_0,MP19_EPITHELIAL_SENESCENCE,9/34,0.0047390928215212,0.0341214683149532,3.454103312343214,18.4860485021402,-,DR 46,0.04580062861067469,True
DR 46-,lab,gs_ind_0,MP30_PDAC_CLASSICAL,10/27,0.0001474075932386,0.0024448116232491,5.61732283464567,49.55775816527788,-,DR 46,0.003310205602551017,True
DR 46-,hallmark,gs_ind_0,DNA Repair,5/11,0.0026594995775354,0.0372329940854969,7.766869958685816,46.054566494324,-,DR 46,0.030454706891856673,True
DR 46-,hallmark,gs_ind_0,Interferon Alpha Response,12/40,0.000321732334653,0.0135127580554278,4.124203080645912,33.16597763632865,-,DR 46,0.006281960161360271,True
DR 46-,hallmark,gs_ind_0,Interferon Gamma Response,17/88,0.0049271183476211,0.0517347426500218,2.3068348545187782,12.256215832351131,-,DR 46,0.046639608352173435,True
DR 46-,hallmark,gs_ind_0,Reactive Oxygen Species Pathway,5/10,0.001577726486878,0.0331322562244383,9.184143222506394,59.25398339743649,-,DR 46,0.02058124275223391,True
DR 47+,lab,gs_ind_0,MP10_PROTEIN_MATURATION,8/13,7.2425920497813855e-06,0.0001267453608711,14.414876033057851,170.60771788341367,+,DR 47,0.0002771915628354869,True
DR 47+,lab,gs_ind_0,MP14_EMT_3,17/33,1.43989603311513e-09,5.0396361159029565e-08,10.314177194286186,209.98318690283077,+,DR 47,1.5217983762831466e-07,True
DR 47+,lab,gs_ind_0,MP18_INTERFERON_MHC_II_2,11/39,0.0010260460463652,0.0119705372075947,3.774244317918808,25.974510381561768,+,DR 47,0.014943173772600635,True
DR 47+,lab,gs_ind_0,MP24_CILIA,5/11,0.0026594995775354,0.0186164970427484,7.766869958685816,46.054566494324,+,DR 47,0.030454706891856673,True
DR 47+,lab,gs_ind_0,MP39_METAL_RESPONSE,10/36,0.0019784045605385,0.0173110399047123,3.690833457138612,22.977152797893527,+,DR 47,0.02485411181832445,True
DR 47+,lab,gs_ind_0,MP8_PROTEASOMAL_DEGRADATION,3/4,0.0036541598583761,0.0213159325071941,21.259915611814343,119.30828811722128,+,DR 47,0.03851410939477829,True
DR 47+,hallmark,gs_ind_0,Estrogen Response Early,13/49,0.000686011952252,0.0078891374508984,3.4806575342465758,25.35525184951136,+,DR 47,0.01099145714873858,True
DR 47+,hallmark,gs_ind_0,Estrogen Response Late,20/64,1.471580336616457e-06,6.769269548435702e-05,4.4829593202402815,60.2024392926625,+,DR 47,7.338790250139214e-05,True
DR 47+,hallmark,gs_ind_0,Glycolysis,11/40,0.0012931995232216,0.0118974356136389,3.644246679486606,24.23655772505855,+,DR 47,0.017714219390621677,True
DR 47+,hallmark,gs_ind_0,Hypoxia,15/61,0.0006459320302324,0.0078891374508984,3.152740341419587,23.15629857389903,+,DR 47,0.010539854091044262,True
DR 47+,hallmark,gs_ind_0,Xenobiotic Metabolism,13/42,0.000126061447428,0.0028994132908458,4.323661016949153,38.8210328402775,+,DR 47,0.002945695485538661,True
DR 47-,lab,gs_ind_0,MP14_EMT_3,10/33,0.0009428054085102,0.0142450700100711,4.16904004020774,29.04424550712454,-,DR 47,0.013996286476852454,True
DR 47-,lab,gs_ind_0,MP19_EPITHELIAL_SENESCENCE,10/34,0.0012210060008632,0.0142450700100711,3.996625421822272,26.80968373566166,-,DR 47,0.017174589902251607,True
DR 47-,lab,gs_ind_0,MP30_PDAC_CLASSICAL,12/27,3.265469500821385e-06,0.0001142914325287,7.6388294686403695,96.49451125965145,-,DR 47,0.00014868857173700538,True
DR 47-,hallmark,gs_ind_0,Estrogen Response Late,14/64,0.0032686442862646,0.0496362253541218,2.695007034215486,15.42454928240058,-,DR 47,0.03599883573400401,True
DR 47-,hallmark,gs_ind_0,Glycolysis,12/40,0.000321732334653,0.0141562227247338,4.124203080645912,33.16597763632865,-,DR 47,0.006281960161360271,True
DR 48+,lab,gs_ind_0,MP14_EMT_3,11/33,0.0002037343019374,0.00713070056781,4.796892406918792,40.76732001946161,+,DR 48,0.004346331774664533,True
DR 48+,lab,gs_ind_0,MP28_OLIGO_NORMAL,6/16,0.003151482837803,0.0421318293158476,5.698739135757131,32.82406608056813,+,DR 48,0.035179343305707905,True
DR 48+,lab,gs_ind_0,MP30_PDAC_CLASSICAL,8/27,0.003611299655644,0.0421318293158476,4.034032634032634,22.68613912456157,+,DR 48,0.03851410939477829,True
DR 48+,hallmark,gs_ind_0,Androgen Response,8/25,0.0020982848997303,0.0461622677940674,4.500111317254175,27.75054387349284,+,DR 48,0.02557909211099794,True
DR 48+,hallmark,gs_ind_0,Fatty Acid Metabolism,9/25,0.0004113385210392,0.0180988949257279,5.36521876730754,41.82775000316536,+,DR 48,0.007644597061781674,True
DR 48-,lab,gs_ind_0,MP13_EMT_2,14/37,4.894795962278927e-06,3.548727072652222e-05,5.880725571844161,71.90561905068085,-,DR 48,0.00021359109653580773,True
DR 48-,lab,gs_ind_0,MP19_EPITHELIAL_SENESCENCE,10/34,0.0012210060008632,0.0059015290041723,3.996625421822272,26.80968373566166,-,DR 48,0.017174589902251607,True
DR 48-,lab,gs_ind_0,MP22_SECRETED_1,22/26,3.531255918079544e-19,1.024064216243068e-17,50.32212885154062,2138.0595964704225,-,DR 48,1.1964725934198926e-16,True
DR 48-,lab,gs_ind_0,MP23_SECRETED_2,18/45,7.169496475591144e-08,6.930513259738106e-07,6.537434620174346,107.5463257154004,-,DR 48,5.194503106843395e-06,True
DR 48-,lab,gs_ind_0,MP40_PDAC_RELATED,11/33,0.0002037343019374,0.001181658951237,4.796892406918792,40.76732001946161,-,DR 48,0.004346331774664533,True
DR 48-,lab,gs_ind_0,MP5_STRESS,25/37,1.542976466815401e-17,2.237315876882331e-16,20.78940170940171,804.7625894903987,-,DR 48,4.335387536027663e-15,True
DR 48-,lab,gs_ind_0,MP7_STRESS_IN_VITRO,6/16,0.003151482837803,0.013056143185184,5.698739135757131,32.82406608056813,-,DR 48,0.035179343305707905,True
DR 48-,hallmark,gs_ind_0,Apical Junction,11/42,0.0019996680498142,0.0069219278647417,3.4090128575616703,21.186244770414227,-,DR 48,0.025012134564451234,True
DR 48-,hallmark,gs_ind_0,Apoptosis,20/59,3.3105598966580025e-07,2.9795039069922025e-06,5.064798905992496,75.5717546856817,-,DR 48,2.0072447373421152e-05,True
DR 48-,hallmark,gs_ind_0,Cholesterol Homeostasis,6/17,0.0044709330808132,0.0129751922283887,5.200290600201185,28.13439456903835,-,DR 48,0.044362746848379035,True
DR 48-,hallmark,gs_ind_0,Complement,15/66,0.0015570714104299,0.0058390177891123,2.838536623662105,18.3509931528106,-,DR 48,0.02058124275223391,True
DR 48-,hallmark,gs_ind_0,Epithelial Mesenchymal Transition,27/114,8.572002542908662e-06,4.2785351978293535e-05,3.1039110745162617,36.213359011769626,-,DR 48,0.00032483378057338085,True
DR 48-,hallmark,gs_ind_0,Estrogen Response Late,14/64,0.0032686442862646,0.0105063566344219,2.695007034215486,15.42454928240058,-,DR 48,0.03599883573400401,True
DR 48-,hallmark,gs_ind_0,Glycolysis,10/40,0.0046134016812048,0.0129751922283887,3.1995611204337164,17.209766726361703,-,DR 48,0.04526949520228219,True
DR 48-,hallmark,gs_ind_0,Hypoxia,22/61,2.196339063471688e-08,3.294508595207533e-07,5.621210509520264,99.12380122466412,-,DR 48,1.807273286513846e-06,True
DR 48-,hallmark,gs_ind_0,IL-2/STAT5 Signaling,20/69,5.489264884718102e-06,3.0877114976539326e-05,4.01866308514508,48.67692550275941,-,DR 48,0.0002324865127645314,True
DR 48-,hallmark,gs_ind_0,IL-6/JAK/STAT3 Signaling,13/34,9.50785599517634e-06,4.2785351978293535e-05,5.959255813953488,68.90921192411501,-,DR 48,0.0003533241969820368,True
DR 48-,hallmark,gs_ind_0,Inflammatory Response,30/82,2.8645931387316817e-11,6.445334562146282e-10,5.95774333193688,144.63023487907066,-,DR 48,4.5833490219706905e-09,True
DR 48-,hallmark,gs_ind_0,Interferon Gamma Response,26/88,1.2117767363348337e-07,1.3632488283766876e-06,4.224206303724928,67.27474334970613,-,DR 48,8.236033630593734e-06,True
DR 48-,hallmark,gs_ind_0,KRAS Signaling Up,19/83,0.0003330746289657,0.0013625780275869,2.892497917867897,23.160647296248783,-,DR 48,0.006492419163595371,True
DR 48-,hallmark,gs_ind_0,TGF-beta Signaling,4/8,0.0049190181961412,0.0130209305191975,9.142493638676845,48.58912019089625,-,DR 48,0.04663957993378323,True
DR 48-,hallmark,gs_ind_0,TNF-alpha Signaling via NF-kB,64/93,4.113075527062159e-46,1.8508839871779718e-44,28.37567517228534,2965.392647733732,-,DR 48,2.3691315035878036e-42,True
DR 48-,hallmark,gs_ind_0,UV Response Up,13/32,4.271922425527623e-06,2.7462358449820436e-05,6.577846153846154,81.32484976666557,-,DR 48,0.0001914885071676195,True
DR 48-,hallmark,gs_ind_0,p53 Pathway,16/41,6.007383623957077e-07,4.505537717967808e-06,6.226845209628567,89.20021975521732,-,DR 48,3.359468900387647e-05,True
DR 49+,lab,gs_ind_0,MP14_EMT_3,11/33,0.0002037343019374,0.0048146697701046,4.796892406918792,40.76732001946161,+,DR 49,0.004346331774664533,True
DR 49+,lab,gs_ind_0,MP19_EPITHELIAL_SENESCENCE,11/34,0.0002751239868631,0.0048146697701046,4.590186942120923,37.63167774116129,+,DR 49,0.005629535219649932,True
DR 49+,lab,gs_ind_0,MP30_PDAC_CLASSICAL,9/27,0.0007892992037056,0.0092084907098997,4.779832051372521,34.14886524442345,+,DR 49,0.012287468684714207,True
DR 49+,hallmark,gs_ind_0,Estrogen Response Early,14/49,0.0001808341096007,0.0083183690416364,3.8665936638598346,33.32203534510104,+,DR 49,0.003975589585114627,True
DR 49+,hallmark,gs_ind_0,Glycolysis,11/40,0.0012931995232216,0.0297435890340973,3.644246679486606,24.23655772505855,+,DR 49,0.017714219390621677,True
DR 49-,lab,gs_ind_0,MP10_PROTEIN_MATURATION,8/13,7.2425920497813855e-06,3.724761625601855e-05,14.414876033057851,170.60771788341367,-,DR 49,0.0002771915628354869,True
DR 49-,lab,gs_ind_0,MP12_EMT_1,24/47,5.586543320659429e-13,2.0111555954373947e-11,10.49936712675547,296.22122214671833,-,DR 49,1.0907962551524851e-10,True
DR 49-,lab,gs_ind_0,MP13_EMT_2,11/37,0.0006269497186846,0.0025077988747387,4.0636730223527655,29.96814274201321,-,DR 49,0.010377098792020966,True
DR 49-,lab,gs_ind_0,MP15_EMT_4,13/35,1.3806907719484292e-05,6.213108473767932e-05,5.6912,63.68647172496206,-,DR 49,0.0004849255394160337,True
DR 49-,lab,gs_ind_0,MP18_INTERFERON_MHC_II_2,15/39,1.7212191936827911e-06,1.2392778194516096e-05,6.058804114637769,80.41534240753616,-,DR 49,8.331279458498217e-05,True
DR 49-,lab,gs_ind_0,MP25_ASTROCYTES,18/31,3.0963876233058516e-11,5.573497721950535e-10,13.422120750887874,324.79116065916105,-,DR 49,4.886354167189508e-09,True
DR 49-,lab,gs_ind_0,MP39_METAL_RESPONSE,16/36,6.731188405582003e-08,8.077426086698402e-07,7.767400356930398,128.27029826205302,-,DR 49,4.939063084860171e-06,True
DR 49-,lab,gs_ind_0,MP5_STRESS,14/37,4.894795962278927e-06,2.936877577367356e-05,5.880725571844161,71.90561905068085,-,DR 49,0.00021359109653580773,True
DR 49-,lab,gs_ind_0,MP6_HYPOXIA,14/29,1.2920351592824904e-07,1.1628316433542417e-06,8.956066764680447,142.06002971981485,-,DR 49,8.554163813180626e-06,True
DR 49-,hallmark,gs_ind_0,Coagulation,12/52,0.0040114791797537,0.0225645703861148,2.8825686871663883,15.90772981557226,-,DR 49,0.040932010762411535,True
DR 49-,hallmark,gs_ind_0,Epithelial Mesenchymal Transition,38/114,1.309651471019215e-12,5.893431619586467e-11,5.340834590246355,146.13196419733612,-,DR 49,2.394791261292279e-10,True
DR 49-,hallmark,gs_ind_0,Glycolysis,11/40,0.0012931995232216,0.0145355026937657,3.644246679486606,24.23655772505855,-,DR 49,0.017714219390621677,True
DR 49-,hallmark,gs_ind_0,Hypoxia,19/61,2.904591283129415e-06,6.535330387041183e-05,4.4454059309674285,56.67544874264839,-,DR 49,0.00013384356632660345,True
DR 49-,hallmark,gs_ind_0,Myogenesis,15/47,2.4747288817396623e-05,0.0003712093322609,4.546838067592785,48.227377542811446,-,DR 49,0.0007963373384815896,True
DR 49-,hallmark,gs_ind_0,TGF-beta Signaling,4/8,0.0049190181961412,0.0245950909807064,9.142493638676845,48.58912019089625,-,DR 49,0.04663957993378323,True
DR 49-,hallmark,gs_ind_0,TNF-alpha Signaling via NF-kB,18/93,0.003750696612011,0.0225645703861148,2.3167377302004897,12.940865336556511,-,DR 49,0.03892302924911566,True
DR 49-,hallmark,gs_ind_0,mTORC1 Signaling,12/48,0.0019435823265115,0.0145768674488364,3.2057338032774974,20.014109245003937,-,DR 49,0.024550513598040002,True
DR 49-,hallmark,gs_ind_0,p53 Pathway,11/41,0.0016150558548628,0.0145355026937657,3.5227734763614342,22.64574677312221,-,DR 49,0.02058124275223391,True
DR 50+,lab,gs_ind_0,MP30_PDAC_CLASSICAL,9/27,0.0007892992037056,0.0276254721296993,4.779832051372521,34.14886524442345,+,DR 50,0.012287468684714207,True
DR 50+,lab,gs_ind_0,MP3_CELL_CYCLE_HMG_RICH,4/8,0.0049190181961412,0.0860828184324724,9.142493638676845,48.58912019089625,+,DR 50,0.04663957993378323,True
DR 50+,hallmark,gs_ind_0,Androgen Response,10/25,6.840173852509236e-05,0.0031464799721542,6.349250698501397,60.8900273250398,+,DR 50,0.0017787540131130111,True
DR 50+,hallmark,gs_ind_0,Cholesterol Homeostasis,6/17,0.0044709330808132,0.068554307239137,5.200290600201185,28.13439456903835,+,DR 50,0.044362746848379035,True
DR 50+,hallmark,gs_ind_0,mTORC1 Signaling,12/48,0.0019435823265115,0.0447023935097651,3.2057338032774974,20.014109245003937,+,DR 50,0.024550513598040002,True
DR 50-,lab,gs_ind_0,MP12_EMT_1,16/47,5.057843930604054e-06,2.086360621374172e-05,5.023744999354755,61.26241139381469,-,DR 50,0.00021904647398706276,True
DR 50-,lab,gs_ind_0,MP13_EMT_2,19/37,1.5486965446277718e-10,2.5553492986358237e-09,10.351798079070806,233.83094176591425,-,DR 50,1.982331577123548e-08,True
DR 50-,lab,gs_ind_0,MP15_EMT_4,16/35,4.0979643293130484e-08,3.380820571683265e-07,8.170314780070878,138.9786100253963,-,DR 50,3.168358998233981e-06,True
DR 50-,lab,gs_ind_0,MP16_MES_GLIOMA,9/24,0.0002878812793341,0.0010555646908919,5.7145624526236,46.59061273640484,-,DR 50,0.0057676388485718814,True
DR 50-,lab,gs_ind_0,MP17_INTERFERON_MHC_II_1,17/39,3.637195445270346e-08,3.380820571683265e-07,7.538298516500151,129.12704201685682,-,DR 50,2.8896890710009918e-06,True
DR 50-,lab,gs_ind_0,MP18_INTERFERON_MHC_II_2,20/39,5.058600851559426e-11,1.6693382810146102e-09,10.375949996448613,245.986237572334,-,DR 50,7.471164334610844e-09,True
DR 50-,lab,gs_ind_0,MP25_ASTROCYTES,13/31,2.778939283176566e-06,1.5284166057471116e-05,6.937297297297297,88.75190544758766,-,DR 50,0.00012908621186368566,True
DR 50-,lab,gs_ind_0,MP39_METAL_RESPONSE,16/36,6.731188405582003e-08,4.442584347684121e-07,7.767400356930398,128.27029826205302,-,DR 50,4.939063084860171e-06,True
DR 50-,lab,gs_ind_0,MP5_STRESS,14/37,4.894795962278927e-06,2.086360621374172e-05,5.880725571844161,71.90561905068085,-,DR 50,0.00021359109653580773,True
DR 50-,hallmark,gs_ind_0,Apoptosis,17/59,3.1696002737503654e-05,0.0002128160183803,3.94598493348293,40.87772056868248,-,DR 50,0.0009608893461474792,True
DR 50-,hallmark,gs_ind_0,Coagulation,16/52,2.206012764075292e-05,0.000207365199823,4.323309945428221,46.3533998051054,-,DR 50,0.0007260933440613532,True
DR 50-,hallmark,gs_ind_0,Epithelial Mesenchymal Transition,26/114,2.6519655542619423e-05,0.0002077373017505,2.938581580949606,30.965668913912367,-,DR 50,0.0008416155147409801,True
DR 50-,hallmark,gs_ind_0,Hypoxia,15/61,0.0006459320302324,0.0033732006023251,3.152740341419587,23.15629857389903,-,DR 50,0.010539854091044262,True
DR 50-,hallmark,gs_ind_0,Interferon Alpha Response,14/40,1.4139101995007215e-05,0.0001661344484413,5.206181395113561,58.13517027878158,-,DR 50,0.0004876720209056381,True
DR 50-,hallmark,gs_ind_0,Interferon Gamma Response,25/88,5.055673870047724e-07,1.1880833594612152e-05,3.975704959956929,57.63811860303046,-,DR 50,2.9267016574346624e-05,True
DR 50-,hallmark,gs_ind_0,Myogenesis,12/47,0.0015956830393014,0.0074997102847166,3.2979041356894685,21.23999789238365,-,DR 50,0.02058124275223391,True
DR 50-,hallmark,gs_ind_0,TGF-beta Signaling,5/8,0.0004149834388539,0.0024380277032666,14.448301059554256,112.51284949262244,-,DR 50,0.007644597061781674,True
DR 50-,hallmark,gs_ind_0,TNF-alpha Signaling via NF-kB,24/93,5.825955381893746e-06,9.127330098300204e-05,3.458271343265331,41.68319312649588,-,DR 50,0.00024494527737013125,True
DR 50-,hallmark,gs_ind_0,p53 Pathway,19/41,1.4886563680024263e-09,6.996684929611405e-08,8.492378328741966,172.61091761208542,-,DR 50,1.5449839062511666e-07,True
DR 51+,lab,gs_ind_0,MP10_PROTEIN_MATURATION,6/13,0.0008738731352655,0.0065540485144918,7.991602399314481,56.281462040462216,+,DR 51,0.013159501331056941,True
DR 51+,lab,gs_ind_0,MP18_INTERFERON_MHC_II_2,15/39,1.7212191936827911e-06,5.163657581048374e-05,6.058804114637769,80.41534240753616,+,DR 51,8.331279458498217e-05,True
DR 51+,lab,gs_ind_0,MP23_SECRETED_2,15/45,1.3634884397487189e-05,0.0002045232659623,4.850470593433785,54.339235248636655,+,DR 51,0.00048330421002785355,True
DR 51+,lab,gs_ind_0,MP30_PDAC_CLASSICAL,11/27,2.3637354495703172e-05,0.000236373544957,6.563284560646038,69.9165851355189,+,DR 51,0.0007670487994098607,True
DR 51+,hallmark,gs_ind_0,Coagulation,13/52,0.0012631051552844,0.0129468278416652,3.210835443037974,21.42970069920855,+,DR 51,0.017714219390621677,True
DR 51+,hallmark,gs_ind_0,Estrogen Response Early,18/49,3.348333060708707e-07,6.864082774452848e-06,5.694411828658404,84.90159064587739,+,DR 51,2.0195181601761416e-05,True
DR 51+,hallmark,gs_ind_0,Estrogen Response Late,21/64,3.0999679024929016e-07,6.864082774452848e-06,4.839272564274966,72.52474498099531,+,DR 51,1.8995547998254376e-05,True
DR 51+,hallmark,gs_ind_0,Fatty Acid Metabolism,8/25,0.0020982848997303,0.0172059361777887,4.500111317254175,27.75054387349284,+,DR 51,0.02557909211099794,True
DR 51+,hallmark,gs_ind_0,Xenobiotic Metabolism,13/42,0.000126061447428,0.001722839781517,4.323661016949153,38.8210328402775,+,DR 51,0.002945695485538661,True
DR 51-,lab,gs_ind_0,MP11_TRANSLATION_INITIATION,3/4,0.0036541598583761,0.0174979990304044,21.259915611814343,119.30828811722128,-,DR 51,0.03851410939477829,True
DR 51-,lab,gs_ind_0,MP14_EMT_3,17/33,1.43989603311513e-09,5.3276153225259815e-08,10.314177194286186,209.98318690283077,-,DR 51,1.5217983762831466e-07,True
DR 51-,lab,gs_ind_0,MP16_MES_GLIOMA,8/24,0.0015584620585491,0.011532619233264,4.775521448248721,30.86923713422284,-,DR 51,0.02058124275223391,True
DR 51-,lab,gs_ind_0,MP18_INTERFERON_MHC_II_2,10/39,0.003783351141709,0.0174979990304044,3.3098892299479514,18.459732555536903,-,DR 51,0.03892302924911566,True
DR 51-,lab,gs_ind_0,MP20_MYC,4/5,0.0004483700298631,0.0041474227762345,27.47328244274809,211.8160324680408,-,DR 51,0.007934289929374673,True
DR 51-,lab,gs_ind_0,MP39_METAL_RESPONSE,12/36,0.0001036536031328,0.001727683766709,4.808368970930547,44.11416934971605,-,DR 51,0.002477364124667751,True
DR 51-,lab,gs_ind_0,MP3_CELL_CYCLE_HMG_RICH,4/8,0.0049190181961412,0.0202226303619141,9.142493638676845,48.58912019089625,-,DR 51,0.04663957993378323,True
DR 51-,lab,gs_ind_0,MP5_STRESS,12/37,0.000140082467571,0.001727683766709,4.617204972174546,40.96974909429703,-,DR 51,0.0032082505495386084,True
DR 51-,lab,gs_ind_0,MP8_PROTEASOMAL_DEGRADATION,3/4,0.0036541598583761,0.0174979990304044,21.259915611814343,119.30828811722128,-,DR 51,0.03851410939477829,True
DR 51-,hallmark,gs_ind_0,DNA Repair,5/11,0.0026594995775354,0.031249120036042,7.766869958685816,46.054566494324,-,DR 51,0.030454706891856673,True
DR 51-,hallmark,gs_ind_0,Myc Targets V1,7/12,4.627517030017547e-05,0.0021749330041082,12.653276955602538,126.29115547720689,-,DR 51,0.001322803875578217,True
DR 51-,hallmark,gs_ind_0,TGF-beta Signaling,5/8,0.0004149834388539,0.0097521108130667,14.448301059554256,112.51284949262244,-,DR 51,0.007644597061781674,True
DR 51-,hallmark,gs_ind_0,p53 Pathway,11/41,0.0016150558548628,0.0253025417261847,3.5227734763614342,22.64574677312221,-,DR 51,0.02058124275223391,True
DR 52+,lab,gs_ind_0,MP14_EMT_3,10/33,0.0009428054085102,0.0213676050151067,4.16904004020774,29.04424550712454,+,DR 52,0.013996286476852454,True
DR 52+,lab,gs_ind_0,MP19_EPITHELIAL_SENESCENCE,10/34,0.0012210060008632,0.0213676050151067,3.996625421822272,26.80968373566166,+,DR 52,0.017174589902251607,True
DR 52+,lab,gs_ind_0,MP25_ASTROCYTES,9/31,0.0023774452607899,0.0275754748307765,3.9212648680011606,23.6912188370526,+,DR 52,0.028004263194580412,True
DR 52+,lab,gs_ind_0,MP38_GLUTATHIONE,6/16,0.003151482837803,0.0275754748307765,5.698739135757131,32.82406608056813,+,DR 52,0.035179343305707905,True
DR 52-,lab,gs_ind_0,MP14_EMT_3,15/33,1.229685576790037e-07,2.1519497593825644e-06,8.050921541487579,128.10092695747232,-,DR 52,8.236033630593734e-06,True
DR 52-,lab,gs_ind_0,MP17_INTERFERON_MHC_II_1,14/39,1.0070000412475011e-05,0.0001174833381455,5.413394312148452,62.286243258797576,-,DR 52,0.00035915295588765365,True
DR 52-,lab,gs_ind_0,MP18_INTERFERON_MHC_II_2,18/39,4.509270668161523e-09,1.5782447338565333e-07,8.390124243389614,161.23411174875113,-,DR 52,4.257934270263995e-07,True
DR 52-,lab,gs_ind_0,MP19_EPITHELIAL_SENESCENCE,10/34,0.0012210060008632,0.0106838025075533,3.996625421822272,26.80968373566166,-,DR 52,0.017174589902251607,True
DR 53+,lab,gs_ind_0,MP14_EMT_3,11/33,0.0002037343019374,0.00237690018927,4.796892406918792,40.76732001946161,+,DR 53,0.004346331774664533,True
DR 53+,lab,gs_ind_0,MP17_INTERFERON_MHC_II_1,15/39,1.7212191936827911e-06,3.0121335889448845e-05,6.058804114637769,80.41534240753616,+,DR 53,8.331279458498217e-05,True
DR 53+,lab,gs_ind_0,MP18_INTERFERON_MHC_II_2,17/39,3.637195445270346e-08,1.2730184058446211e-06,7.538298516500151,129.12704201685682,+,DR 53,2.8896890710009918e-06,True
DR 53+,lab,gs_ind_0,MP30_PDAC_CLASSICAL,8/27,0.003611299655644,0.0252790975895086,4.034032634032634,22.68613912456157,+,DR 53,0.03851410939477829,True
DR 53+,lab,gs_ind_0,MP39_METAL_RESPONSE,11/36,0.000482205400786,0.0042192972568777,4.225412592477625,32.27006918277949,+,DR 53,0.008353392807601083,True
DR 53-,lab,gs_ind_0,MP14_EMT_3,12/33,3.8597747293638025e-05,0.0013509211552773,5.4885571525507375,55.77645569997501,-,DR 53,0.001122843557633106,True
DR 53-,lab,gs_ind_0,MP18_INTERFERON_MHC_II_2,10/39,0.003783351141709,0.0264834579919634,3.3098892299479514,18.459732555536903,-,DR 53,0.03892302924911566,True
DR 53-,lab,gs_ind_0,MP19_EPITHELIAL_SENESCENCE,9/34,0.0047390928215212,0.0276447081255408,3.454103312343214,18.4860485021402,-,DR 53,0.04580062861067469,True
DR 53-,lab,gs_ind_0,MP25_ASTROCYTES,9/31,0.0023774452607899,0.0264834579919634,3.9212648680011606,23.6912188370526,-,DR 53,0.028004263194580412,True
DR 53-,lab,gs_ind_0,MP30_PDAC_CLASSICAL,8/27,0.003611299655644,0.0264834579919634,4.034032634032634,22.68613912456157,-,DR 53,0.03851410939477829,True
DR 53-,lab,gs_ind_0,MP39_METAL_RESPONSE,12/36,0.0001036536031328,0.0018139380548256,4.808368970930547,44.11416934971605,-,DR 53,0.002477364124667751,True
DR 54+,lab,gs_ind_0,MP11_TRANSLATION_INITIATION,3/4,0.0036541598583761,0.0263099509803081,21.259915611814343,119.30828811722128,+,DR 54,0.03851410939477829,True
DR 54+,lab,gs_ind_0,MP14_EMT_3,13/33,6.4337134633546384e-06,0.0001158068423403,6.253463414634147,74.75364317099516,+,DR 54,0.0002556553018519623,True
DR 54+,lab,gs_ind_0,MP15_EMT_4,10/35,0.0015627936828295,0.0140651431454656,3.837733518604292,24.796671738647785,+,DR 54,0.02058124275223391,True
DR 54+,lab,gs_ind_0,MP17_INTERFERON_MHC_II_1,15/39,1.7212191936827911e-06,6.196389097258048e-05,6.058804114637769,80.41534240753616,+,DR 54,8.331279458498217e-05,True
DR 54+,lab,gs_ind_0,MP18_INTERFERON_MHC_II_2,12/39,0.0002466108383135,0.0029593300597624,4.276585483482036,35.528585018148014,+,DR 54,0.005165376104311855,True
DR 54+,hallmark,gs_ind_0,Adipogenesis,8/27,0.003611299655644,0.0787042911382605,4.034032634032634,22.68613912456157,+,DR 54,0.03851410939477829,True
DR 54+,hallmark,gs_ind_0,Glycolysis,11/40,0.0012931995232216,0.0620735771146379,3.644246679486606,24.23655772505855,+,DR 54,0.017714219390621677,True
DR 54+,hallmark,gs_ind_0,Wnt-beta Catenin Signaling,4/8,0.0049190181961412,0.0787042911382605,9.142493638676845,48.58912019089625,+,DR 54,0.04663957993378323,True
DR 54-,lab,gs_ind_0,MP14_EMT_3,14/33,9.460900596399044e-07,3.311315208739666e-05,7.102976558740634,98.52487694311492,-,DR 54,4.8874248820859634e-05,True
DR 54-,lab,gs_ind_0,MP18_INTERFERON_MHC_II_2,11/39,0.0010260460463652,0.0119705372075947,3.774244317918808,25.974510381561768,-,DR 54,0.014943173772600635,True
DR 54-,lab,gs_ind_0,MP26_NPC_GLIOMA,7/13,9.181317825896858e-05,0.0016067306195319,10.700655933214072,99.47067286211808,-,DR 54,0.0022993213337898217,True
DR 54-,lab,gs_ind_0,MP30_PDAC_CLASSICAL,8/27,0.003611299655644,0.0315988719868857,4.034032634032634,22.68613912456157,-,DR 54,0.03851410939477829,True
DR 55+,lab,gs_ind_0,MP14_EMT_3,12/33,3.8597747293638025e-05,0.0013509211552773,5.4885571525507375,55.77645569997501,+,DR 55,0.001122843557633106,True
DR 55+,lab,gs_ind_0,MP19_EPITHELIAL_SENESCENCE,11/34,0.0002751239868631,0.0048146697701046,4.590186942120923,37.63167774116129,+,DR 55,0.005629535219649932,True
DR 55+,lab,gs_ind_0,MP26_NPC_GLIOMA,6/13,0.0008738731352655,0.0101951865780983,7.991602399314481,56.281462040462216,+,DR 55,0.013159501331056941,True
DR 55+,lab,gs_ind_0,MP30_PDAC_CLASSICAL,8/27,0.003611299655644,0.0315988719868857,4.034032634032634,22.68613912456157,+,DR 55,0.03851410939477829,True
DR 55-,lab,gs_ind_0,MP14_EMT_3,13/33,6.4337134633546384e-06,0.0001125899856087,6.253463414634147,74.75364317099516,-,DR 55,0.0002556553018519623,True
DR 55-,lab,gs_ind_0,MP16_MES_GLIOMA,8/24,0.0015584620585491,0.0109092344098443,4.775521448248721,30.86923713422284,-,DR 55,0.02058124275223391,True
DR 55-,lab,gs_ind_0,MP17_INTERFERON_MHC_II_1,13/39,5.274116727528594e-05,0.0006153136182116,4.821283018867924,47.49018854162495,-,DR 55,0.0014363551938801275,True
DR 55-,lab,gs_ind_0,MP18_INTERFERON_MHC_II_2,16/39,2.63943192654869e-07,9.238011742920416e-06,6.764400622729632,102.46397446267132,-,DR 55,1.634744935152737e-05,True
DR 55-,lab,gs_ind_0,MP19_EPITHELIAL_SENESCENCE,9/34,0.0047390928215212,0.0236954641076064,3.454103312343214,18.4860485021402,-,DR 55,0.04580062861067469,True
DR 55-,lab,gs_ind_0,MP23_SECRETED_2,11/45,0.0036202927297143,0.0211183742566673,3.1072999120492524,17.466755483212417,-,DR 55,0.03851410939477829,True
DR 55-,lab,gs_ind_0,MP30_PDAC_CLASSICAL,9/27,0.0007892992037056,0.0069063680324248,4.779832051372521,34.14886524442345,-,DR 55,0.012287468684714207,True
DR 55-,hallmark,gs_ind_0,Estrogen Response Early,13/49,0.000686011952252,0.0308705378513418,3.4806575342465758,25.35525184951136,-,DR 55,0.01099145714873858,True
DR 55-,hallmark,gs_ind_0,Estrogen Response Late,14/64,0.0032686442862646,0.0735444964409535,2.695007034215486,15.42454928240058,-,DR 55,0.03599883573400401,True
DR 56+,lab,gs_ind_0,MP14_EMT_3,14/33,9.460900596399044e-07,3.0274881908476943e-05,7.102976558740634,98.52487694311492,+,DR 56,4.8874248820859634e-05,True
DR 56+,lab,gs_ind_0,MP24_CILIA,5/11,0.0026594995775354,0.0283679954937119,7.766869958685816,46.054566494324,+,DR 56,0.030454706891856673,True
DR 56+,lab,gs_ind_0,MP28_OLIGO_NORMAL,8/16,5.543232563021663e-05,0.0008869172100834,9.311688311688313,91.25778256286648,+,DR 56,0.0014781953501391103,True
DR 56+,hallmark,gs_ind_0,Estrogen Response Early,12/49,0.0023514429884335,0.049380302757104,3.118479221927498,18.87530058397867,+,DR 56,0.028004263194580412,True
DR 56+,hallmark,gs_ind_0,Glycolysis,11/40,0.0012931995232216,0.049380302757104,3.644246679486606,24.23655772505855,+,DR 56,0.017714219390621677,True
DR 56-,lab,gs_ind_0,MP14_EMT_3,11/33,0.0002037343019374,0.0034634831329363,4.796892406918792,40.76732001946161,-,DR 56,0.004346331774664533,True
DR 56-,lab,gs_ind_0,MP17_INTERFERON_MHC_II_1,11/39,0.0010260460463652,0.0116285218588063,3.774244317918808,25.974510381561768,-,DR 56,0.014943173772600635,True
DR 56-,lab,gs_ind_0,MP18_INTERFERON_MHC_II_2,14/39,1.0070000412475011e-05,0.0003423800140241,5.413394312148452,62.286243258797576,-,DR 56,0.00035915295588765365,True
DR 56-,lab,gs_ind_0,MP19_EPITHELIAL_SENESCENCE,9/34,0.0047390928215212,0.0355134471889644,3.454103312343214,18.4860485021402,-,DR 56,0.04580062861067469,True
DR 56-,hallmark,gs_ind_0,Estrogen Response Early,13/49,0.000686011952252,0.0315565498035938,3.4806575342465758,25.35525184951136,-,DR 56,0.01099145714873858,True
DR 57+,lab,gs_ind_0,MP17_INTERFERON_MHC_II_1,13/39,5.274116727528594e-05,0.0008965998436798,4.821283018867924,47.49018854162495,+,DR 57,0.0014363551938801275,True
DR 57+,lab,gs_ind_0,MP18_INTERFERON_MHC_II_2,17/39,3.637195445270346e-08,1.2366464513919177e-06,7.538298516500151,129.12704201685682,+,DR 57,2.8896890710009918e-06,True
DR 57+,lab,gs_ind_0,MP19_EPITHELIAL_SENESCENCE,10/34,0.0012210060008632,0.0138380680097834,3.996625421822272,26.80968373566166,+,DR 57,0.017174589902251607,True
DR 57+,hallmark,gs_ind_0,Estrogen Response Early,12/49,0.0023514429884335,0.0352716448265028,3.118479221927498,18.87530058397867,+,DR 57,0.028004263194580412,True
DR 57+,hallmark,gs_ind_0,Glycolysis,11/40,0.0012931995232216,0.0352716448265028,3.644246679486606,24.23655772505855,+,DR 57,0.017714219390621677,True
DR 57+,hallmark,gs_ind_0,Hypoxia,14/61,0.0020198954677119,0.0352716448265028,2.87012840412022,17.80831302567982,+,DR 57,0.025020640632302242,True
DR 57-,lab,gs_ind_0,MP14_EMT_3,11/33,0.0002037343019374,0.0044019837898099,4.796892406918792,40.76732001946161,-,DR 57,0.004346331774664533,True
DR 57-,lab,gs_ind_0,MP19_EPITHELIAL_SENESCENCE,11/34,0.0002751239868631,0.0044019837898099,4.590186942120923,37.63167774116129,-,DR 57,0.005629535219649932,True
DR 57-,lab,gs_ind_0,MP24_CILIA,5/11,0.0026594995775354,0.0201694901619394,7.766869958685816,46.054566494324,-,DR 57,0.030454706891856673,True
DR 57-,lab,gs_ind_0,MP25_ASTROCYTES,10/31,0.0005406708160615,0.0057671553713228,4.561984984435085,34.31844415681465,-,DR 57,0.009227448594116266,True
DR 57-,lab,gs_ind_0,MP28_OLIGO_NORMAL,6/16,0.003151482837803,0.0201694901619394,5.698739135757131,32.82406608056813,-,DR 57,0.035179343305707905,True
DR 57-,hallmark,gs_ind_0,Estrogen Response Early,12/49,0.0023514429884335,0.1034634914910751,3.118479221927498,18.87530058397867,-,DR 57,0.028004263194580412,True
DR 58+,lab,gs_ind_0,MP11_TRANSLATION_INITIATION,3/4,0.0036541598583761,0.0462860248727644,21.259915611814343,119.30828811722128,+,DR 58,0.03851410939477829,True
DR 58+,lab,gs_ind_0,MP14_EMT_3,14/33,9.460900596399044e-07,3.595142226631637e-05,7.102976558740634,98.52487694311492,+,DR 58,4.8874248820859634e-05,True
DR 58+,lab,gs_ind_0,MP39_METAL_RESPONSE,11/36,0.000482205400786,0.0091619026149345,4.225412592477625,32.27006918277949,+,DR 58,0.008353392807601083,True
DR 58+,hallmark,gs_ind_0,Glycolysis,10/40,0.0046134016812048,0.0530541193338561,3.1995611204337164,17.209766726361703,+,DR 58,0.04526949520228219,True
DR 58+,hallmark,gs_ind_0,Hypoxia,14/61,0.0020198954677119,0.0309717305049159,2.87012840412022,17.80831302567982,+,DR 58,0.025020640632302242,True
DR 58+,hallmark,gs_ind_0,Reactive Oxygen Species Pathway,5/10,0.001577726486878,0.0309717305049159,9.184143222506394,59.25398339743649,+,DR 58,0.02058124275223391,True
DR 58+,hallmark,gs_ind_0,p53 Pathway,12/41,0.0004154095278364,0.0191088382804763,3.98215168817156,31.00601149959369,+,DR 58,0.007644597061781674,True
DR 58-,lab,gs_ind_0,MP12_EMT_1,13/47,0.000440815093826,0.0029975426380171,3.6866086956521738,28.486001648149458,-,DR 58,0.007934289929374673,True
DR 58-,lab,gs_ind_0,MP14_EMT_3,17/33,1.43989603311513e-09,4.8956465125914436e-08,10.314177194286186,209.98318690283077,-,DR 58,1.5217983762831466e-07,True
DR 58-,lab,gs_ind_0,MP18_INTERFERON_MHC_II_2,13/39,5.274116727528594e-05,0.0004711747678568,4.821283018867924,47.49018854162495,-,DR 58,0.0014363551938801275,True
DR 58-,lab,gs_ind_0,MP24_CILIA,5/11,0.0026594995775354,0.0100469984040229,7.766869958685816,46.054566494324,-,DR 58,0.030454706891856673,True
DR 58-,lab,gs_ind_0,MP25_ASTROCYTES,9/31,0.0023774452607899,0.0100469984040229,3.9212648680011606,23.6912188370526,-,DR 58,0.028004263194580412,True
DR 58-,lab,gs_ind_0,MP26_NPC_GLIOMA,6/13,0.0008738731352655,0.0049519477665049,7.991602399314481,56.281462040462216,-,DR 58,0.013159501331056941,True
DR 58-,lab,gs_ind_0,MP28_OLIGO_NORMAL,8/16,5.543232563021663e-05,0.0004711747678568,9.311688311688313,91.25778256286648,-,DR 58,0.0014781953501391103,True
DR 58-,lab,gs_ind_0,MP39_METAL_RESPONSE,13/36,1.972636758902038e-05,0.0003353482490133,5.445957446808511,58.999076046925126,-,DR 58,0.0006664157027141196,True
DR 58-,lab,gs_ind_0,MP6_HYPOXIA,9/29,0.0014111478308291,0.0068541466068845,4.308667133668726,28.27929836550699,-,DR 58,0.019102729742833408,True
DR 59+,lab,gs_ind_0,MP14_EMT_3,11/33,0.0002037343019374,0.0017317415664681,4.796892406918792,40.76732001946161,+,DR 59,0.004346331774664533,True
DR 59+,lab,gs_ind_0,MP18_INTERFERON_MHC_II_2,13/39,5.274116727528594e-05,0.0006172695549305,4.821283018867924,47.49018854162495,+,DR 59,0.0014363551938801275,True
DR 59+,lab,gs_ind_0,MP19_EPITHELIAL_SENESCENCE,12/34,5.446496072916264e-05,0.0006172695549305,5.241674034777483,51.46250923854648,+,DR 59,0.001472855276056229,True
DR 59+,lab,gs_ind_0,MP28_OLIGO_NORMAL,6/16,0.003151482837803,0.0214300832970606,5.698739135757131,32.82406608056813,+,DR 59,0.035179343305707905,True
DR 59+,lab,gs_ind_0,MP30_PDAC_CLASSICAL,11/27,2.3637354495703172e-05,0.0006172695549305,6.563284560646038,69.9165851355189,+,DR 59,0.0007670487994098607,True
DR 59+,hallmark,gs_ind_0,Glycolysis,11/40,0.0012931995232216,0.0569007790217514,3.644246679486606,24.23655772505855,+,DR 59,0.017714219390621677,True
DR 59-,lab,gs_ind_0,MP10_PROTEIN_MATURATION,7/13,9.181317825896858e-05,0.0010711537463546,10.700655933214072,99.47067286211808,-,DR 59,0.0022993213337898217,True
DR 59-,lab,gs_ind_0,MP14_EMT_3,9/33,0.0038078345454647,0.0222123681818776,3.5971119518303403,20.038412169513247,-,DR 59,0.03892302924911566,True
DR 59-,lab,gs_ind_0,MP15_EMT_4,11/35,0.0003665367959475,0.0032071969645412,4.400355392816757,34.81302289008058,-,DR 59,0.007049255240926878,True
DR 59-,lab,gs_ind_0,MP17_INTERFERON_MHC_II_1,13/39,5.274116727528594e-05,0.0009229704273175,4.821283018867924,47.49018854162495,-,DR 59,0.0014363551938801275,True
DR 59-,lab,gs_ind_0,MP18_INTERFERON_MHC_II_2,16/39,2.63943192654869e-07,9.238011742920416e-06,6.764400622729632,102.46397446267132,-,DR 59,1.634744935152737e-05,True
DR 59-,lab,gs_ind_0,MP19_EPITHELIAL_SENESCENCE,9/34,0.0047390928215212,0.0236954641076064,3.454103312343214,18.4860485021402,-,DR 59,0.04580062861067469,True
DR 59-,lab,gs_ind_0,MP30_PDAC_CLASSICAL,9/27,0.0007892992037056,0.0055250944259398,4.779832051372521,34.14886524442345,-,DR 59,0.012287468684714207,True
DR 59-,hallmark,gs_ind_0,Glycolysis,11/40,0.0012931995232216,0.0454476480235179,3.644246679486606,24.23655772505855,-,DR 59,0.017714219390621677,True
DR 59-,hallmark,gs_ind_0,Hypoxia,14/61,0.0020198954677119,0.0454476480235179,2.87012840412022,17.80831302567982,-,DR 59,0.025020640632302242,True
DR 60+,lab,gs_ind_0,MP14_EMT_3,13/33,6.4337134633546384e-06,0.0001862950076307,6.253463414634147,74.75364317099516,+,DR 60,0.0002556553018519623,True
DR 60+,lab,gs_ind_0,MP17_INTERFERON_MHC_II_1,13/39,5.274116727528594e-05,0.0004878557972963,4.821283018867924,47.49018854162495,+,DR 60,0.0014363551938801275,True
DR 60+,lab,gs_ind_0,MP18_INTERFERON_MHC_II_2,14/39,1.0070000412475011e-05,0.0001862950076307,5.413394312148452,62.286243258797576,+,DR 60,0.00035915295588765365,True
DR 60+,lab,gs_ind_0,MP19_EPITHELIAL_SENESCENCE,9/34,0.0047390928215212,0.0292244057327145,3.454103312343214,18.4860485021402,+,DR 60,0.04580062861067469,True
DR 60+,lab,gs_ind_0,MP30_PDAC_CLASSICAL,11/27,2.3637354495703172e-05,0.0002915273721136,6.563284560646038,69.9165851355189,+,DR 60,0.0007670487994098607,True
DR 60+,lab,gs_ind_0,MP5_STRESS,11/37,0.0006269497186846,0.0046394279182667,4.0636730223527655,29.96814274201321,+,DR 60,0.010377098792020966,True
DR 60+,hallmark,gs_ind_0,Cholesterol Homeostasis,6/17,0.0044709330808132,0.047003091867747,5.200290600201185,28.13439456903835,+,DR 60,0.044362746848379035,True
DR 60+,hallmark,gs_ind_0,Glycolysis,11/40,0.0012931995232216,0.0363387567344143,3.644246679486606,24.23655772505855,+,DR 60,0.017714219390621677,True
DR 60+,hallmark,gs_ind_0,p53 Pathway,11/41,0.0016150558548628,0.0363387567344143,3.5227734763614342,22.64574677312221,+,DR 60,0.02058124275223391,True
DR 60-,lab,gs_ind_0,MP11_TRANSLATION_INITIATION,3/4,0.0036541598583761,0.0464567503138884,21.259915611814343,119.30828811722128,-,DR 60,0.03851410939477829,True
DR 60-,lab,gs_ind_0,MP14_EMT_3,9/33,0.0038078345454647,0.0464567503138884,3.5971119518303403,20.038412169513247,-,DR 60,0.03892302924911566,True
DR 60-,lab,gs_ind_0,MP19_EPITHELIAL_SENESCENCE,9/34,0.0047390928215212,0.0464567503138884,3.454103312343214,18.4860485021402,-,DR 60,0.04580062861067469,True
DR 60-,hallmark,gs_ind_0,Cholesterol Homeostasis,6/17,0.0044709330808132,0.0411325843434822,5.200290600201185,28.13439456903835,-,DR 60,0.044362746848379035,True
DR 60-,hallmark,gs_ind_0,Glycolysis,12/40,0.000321732334653,0.0147996873940399,4.124203080645912,33.16597763632865,-,DR 60,0.006281960161360271,True
DR 60-,hallmark,gs_ind_0,Hypoxia,15/61,0.0006459320302324,0.0148564366953469,3.152740341419587,23.15629857389903,-,DR 60,0.010539854091044262,True
DR 60-,hallmark,gs_ind_0,Reactive Oxygen Species Pathway,5/10,0.001577726486878,0.0223511967548825,9.184143222506394,59.25398339743649,-,DR 60,0.02058124275223391,True
DR 60-,hallmark,gs_ind_0,mTORC1 Signaling,12/48,0.0019435823265115,0.0223511967548825,3.2057338032774974,20.014109245003937,-,DR 60,0.024550513598040002,True
DR 61+,lab,gs_ind_0,MP14_EMT_3,13/33,6.4337134633546384e-06,0.0002251799712174,6.253463414634147,74.75364317099516,+,DR 61,0.0002556553018519623,True
DR 61+,lab,gs_ind_0,MP19_EPITHELIAL_SENESCENCE,10/34,0.0012210060008632,0.0142450700100711,3.996625421822272,26.80968373566166,+,DR 61,0.017174589902251607,True
DR 61+,lab,gs_ind_0,MP39_METAL_RESPONSE,12/36,0.0001036536031328,0.0018139380548256,4.808368970930547,44.11416934971605,+,DR 61,0.002477364124667751,True
DR 61-,lab,gs_ind_0,MP14_EMT_3,10/33,0.0009428054085102,0.0084852486765924,4.16904004020774,29.04424550712454,-,DR 61,0.013996286476852454,True
DR 61-,lab,gs_ind_0,MP17_INTERFERON_MHC_II_1,15/39,1.7212191936827911e-06,5.877845101478494e-05,6.058804114637769,80.41534240753616,-,DR 61,8.331279458498217e-05,True
DR 61-,lab,gs_ind_0,MP18_INTERFERON_MHC_II_2,14/39,1.0070000412475011e-05,0.0001208400049497,5.413394312148452,62.286243258797576,-,DR 61,0.00035915295588765365,True
DR 61-,lab,gs_ind_0,MP19_EPITHELIAL_SENESCENCE,9/34,0.0047390928215212,0.0341214683149532,3.454103312343214,18.4860485021402,-,DR 61,0.04580062861067469,True
DR 61-,lab,gs_ind_0,MP30_PDAC_CLASSICAL,12/27,3.265469500821385e-06,5.877845101478494e-05,7.6388294686403695,96.49451125965145,-,DR 61,0.00014868857173700538,True
DR 61-,hallmark,gs_ind_0,Estrogen Response Early,13/49,0.000686011952252,0.0150922629495448,3.4806575342465758,25.35525184951136,-,DR 61,0.01099145714873858,True
DR 61-,hallmark,gs_ind_0,Estrogen Response Late,14/64,0.0032686442862646,0.0359550871489106,2.695007034215486,15.42454928240058,-,DR 61,0.03599883573400401,True
DR 61-,hallmark,gs_ind_0,Glycolysis,13/40,7.132734685467942e-05,0.0031384032616058,4.643345454545455,44.33573388785754,-,DR 61,0.0018259800794797932,True
DR 61-,hallmark,gs_ind_0,Interferon Alpha Response,11/40,0.0012931995232216,0.0189669263405838,3.644246679486606,24.23655772505855,-,DR 61,0.017714219390621677,True
DR 62+,lab,gs_ind_0,MP12_EMT_1,12/47,0.0015956830393014,0.0143611473537127,3.2979041356894685,21.23999789238365,+,DR 62,0.02058124275223391,True
DR 62+,lab,gs_ind_0,MP14_EMT_3,13/33,6.4337134633546384e-06,7.720456156025567e-05,6.253463414634147,74.75364317099516,+,DR 62,0.0002556553018519623,True
DR 62+,lab,gs_ind_0,MP17_INTERFERON_MHC_II_1,15/39,1.7212191936827911e-06,3.098194548629024e-05,6.058804114637769,80.41534240753616,+,DR 62,8.331279458498217e-05,True
DR 62+,lab,gs_ind_0,MP18_INTERFERON_MHC_II_2,18/39,4.509270668161523e-09,1.6233374405381486e-07,8.390124243389614,161.23411174875113,+,DR 62,4.257934270263995e-07,True
DR 62+,hallmark,gs_ind_0,Estrogen Response Late,14/64,0.0032686442862646,0.1405517043093778,2.695007034215486,15.42454928240058,+,DR 62,0.03599883573400401,True
DR 62-,lab,gs_ind_0,MP14_EMT_3,9/33,0.0038078345454647,0.0266548418182532,3.5971119518303403,20.038412169513247,-,DR 62,0.03892302924911566,True
DR 62-,lab,gs_ind_0,MP17_INTERFERON_MHC_II_1,13/39,5.274116727528594e-05,0.0009229704273175,4.821283018867924,47.49018854162495,-,DR 62,0.0014363551938801275,True
DR 62-,lab,gs_ind_0,MP18_INTERFERON_MHC_II_2,13/39,5.274116727528594e-05,0.0009229704273175,4.821283018867924,47.49018854162495,-,DR 62,0.0014363551938801275,True
DR 62-,lab,gs_ind_0,MP19_EPITHELIAL_SENESCENCE,9/34,0.0047390928215212,0.0276447081255408,3.454103312343214,18.4860485021402,-,DR 62,0.04580062861067469,True
DR 62-,lab,gs_ind_0,MP25_ASTROCYTES,9/31,0.0023774452607899,0.0266548418182532,3.9212648680011606,23.6912188370526,-,DR 62,0.028004263194580412,True
DR 62-,lab,gs_ind_0,MP30_PDAC_CLASSICAL,8/27,0.003611299655644,0.0266548418182532,4.034032634032634,22.68613912456157,-,DR 62,0.03851410939477829,True
DR 62-,hallmark,gs_ind_0,Glycolysis,10/40,0.0046134016812048,0.1560319318719408,3.1995611204337164,17.209766726361703,-,DR 62,0.04526949520228219,True
DR 63+,hallmark,gs_ind_0,Estrogen Response Early,12/49,0.0023514429884335,0.0310212453672545,3.118479221927498,18.87530058397867,+,DR 63,0.028004263194580412,True
DR 63+,hallmark,gs_ind_0,Estrogen Response Late,15/64,0.0011107953964648,0.022771305627529,2.956601050940673,20.11280772356416,+,DR 63,0.01591587433740609,True
DR 63+,hallmark,gs_ind_0,Oxidative Phosphorylation,4/5,0.0004483700298631,0.0183831712243909,27.47328244274809,211.8160324680408,+,DR 63,0.007934289929374673,True
DR 63+,hallmark,gs_ind_0,UV Response Up,9/32,0.0030264629626589,0.0310212453672545,3.7522915393589247,21.76464430625097,+,DR 63,0.03434960919195126,True
DR 63-,lab,gs_ind_0,MP14_EMT_3,19/33,1.0331302799865374e-11,3.7192690079515344e-10,13.237104588201769,334.8437157665482,-,DR 63,1.7248783804992622e-09,True
DR 63-,lab,gs_ind_0,MP18_INTERFERON_MHC_II_2,10/39,0.003783351141709,0.0427518387582396,3.3098892299479514,18.459732555536903,-,DR 63,0.03892302924911566,True
DR 63-,lab,gs_ind_0,MP30_PDAC_CLASSICAL,9/27,0.0007892992037056,0.0142073856667025,4.779832051372521,34.14886524442345,-,DR 63,0.012287468684714207,True
DR 63-,lab,gs_ind_0,MP3_CELL_CYCLE_HMG_RICH,4/8,0.0049190181961412,0.0427518387582396,9.142493638676845,48.58912019089625,-,DR 63,0.04663957993378323,True
DR 63-,hallmark,gs_ind_0,Cholesterol Homeostasis,6/17,0.0044709330808132,0.1037848348313456,5.200290600201185,28.13439456903835,-,DR 63,0.044362746848379035,True
DR 64+,lab,gs_ind_0,MP14_EMT_3,16/33,1.4142841707068578e-08,5.091423014544688e-07,9.114285714285714,164.7321215858455,+,DR 64,1.1979818857752207e-06,True
DR 64+,lab,gs_ind_0,MP17_INTERFERON_MHC_II_1,10/39,0.003783351141709,0.0194572344430751,3.3098892299479514,18.459732555536903,+,DR 64,0.03892302924911566,True
DR 64+,lab,gs_ind_0,MP18_INTERFERON_MHC_II_2,13/39,5.274116727528594e-05,0.0006328940073034,4.821283018867924,47.49018854162495,+,DR 64,0.0014363551938801275,True
DR 64+,lab,gs_ind_0,MP19_EPITHELIAL_SENESCENCE,13/34,9.50785599517634e-06,0.0001711414079131,5.959255813953488,68.90921192411501,+,DR 64,0.0003533241969820368,True
DR 64+,lab,gs_ind_0,MP30_PDAC_CLASSICAL,9/27,0.0007892992037056,0.005682954266681,4.779832051372521,34.14886524442345,+,DR 64,0.012287468684714207,True
DR 64+,lab,gs_ind_0,MP32_SKIN_PIGMENTATION,6/15,0.0021460470101684,0.0128762820610104,6.302124205114328,38.72105608064646,+,DR 64,0.02605106591900945,True
DR 64+,lab,gs_ind_0,MP39_METAL_RESPONSE,12/36,0.0001036536031328,0.000932882428196,4.808368970930547,44.11416934971605,+,DR 64,0.002477364124667751,True
DR 64+,hallmark,gs_ind_0,Estrogen Response Early,13/49,0.000686011952252,0.0154352689256709,3.4806575342465758,25.35525184951136,+,DR 64,0.01099145714873858,True
DR 64+,hallmark,gs_ind_0,p53 Pathway,13/41,9.534578445982856e-05,0.0042905603006922,4.477894736842106,41.456351435534096,+,DR 64,0.0023570460020970493,True
DR 64-,lab,gs_ind_0,MP14_EMT_3,11/33,0.0002037343019374,0.0049522317635362,4.796892406918792,40.76732001946161,-,DR 64,0.004346331774664533,True
DR 64-,lab,gs_ind_0,MP19_EPITHELIAL_SENESCENCE,11/34,0.0002751239868631,0.0049522317635362,4.590186942120923,37.63167774116129,-,DR 64,0.005629535219649932,True
DR 64-,lab,gs_ind_0,MP39_METAL_RESPONSE,10/36,0.0019784045605385,0.0237408547264625,3.690833457138612,22.977152797893527,-,DR 64,0.02485411181832445,True
DR 64-,hallmark,gs_ind_0,p53 Pathway,11/41,0.0016150558548628,0.06783234590424,3.5227734763614342,22.64574677312221,-,DR 64,0.02058124275223391,True
