# signature_gene_contribution | collection scie (stemness x immunogenicity (SCIE)) | DRVI run drvi_tum_64_nomt | vanished dimensions PRUNED (DRVI's own behaviour) | 05_4 - 05_8 signature interpretation
# CAVEAT: Cells are the aneuploid epithelium called by inferCNV in 05_1: a per-cohort THRESHOLD on a CNV score, not a validated clone assignment - no matched normal, no bulk WGS.
# CAVEAT: Cells no run covered (not_tested) were excluded rather than assumed normal, and 19 of the 29 cohorts of the epithelial compartment reach the 200-cell floor, so this is the tumour the call could reach in the patients with the most of it.
# CAVEAT: The CellTypist labels carried along (cell_type_01_4) come from a NORMAL breast atlas with no malignant class and are landmarks, never identities: every state reported here is a state of malignant epithelium, named by its genes and not by that label.
signature,axis,gene,detection_rate,mean_expression,share_of_mean_signal,share_of_score_variance,spearman_with_score,rank_by_variance_share
BENPORATH_ES1,stemness,HSPD1,0.620748,0.96455,0.019226,0.023021,0.462849,1
BENPORATH_ES1,stemness,HSPA8,0.747126,1.384243,0.027591,0.020931,0.355014,2
BENPORATH_ES1,stemness,IFITM1,0.558699,1.295416,0.025821,0.020796,0.215143,3
BENPORATH_ES1,stemness,MGST1,0.675717,1.2383,0.024682,0.020024,0.282754,4
BENPORATH_ES1,stemness,FABP5,0.519717,0.90435,0.018026,0.019712,0.382777,5
BENPORATH_ES1,stemness,TUBB4B,0.552143,0.80416,0.016029,0.019565,0.373446,6
BENPORATH_ES1,stemness,NPM1,0.766747,1.444803,0.028798,0.019491,0.346757,7
BENPORATH_ES1,stemness,DEK,0.465911,0.581853,0.011598,0.019053,0.478434,8
BENPORATH_ES1,stemness,SERBP1,0.572287,0.756645,0.015082,0.016929,0.373695,9
BENPORATH_ES1,stemness,EPCAM,0.538555,0.720786,0.014367,0.014205,0.321396,10
BENPORATH_ES1,stemness,CDC20,0.219665,0.299945,0.005979,0.014007,0.465346,11
BENPORATH_ES1,stemness,IDO1,0.208642,0.408131,0.008135,0.013331,0.253646,12
BENPORATH_ES1,stemness,C1QBP,0.50993,0.625874,0.012475,0.013195,0.380254,13
BENPORATH_ES1,stemness,KRT8,0.640156,1.109089,0.022107,0.013118,0.199398,14
BENPORATH_ES1,stemness,SSB,0.414149,0.440982,0.00879,0.012373,0.371733,15
BENPORATH_ES1,stemness,SRSF7,0.481376,0.550875,0.01098,0.012265,0.371971,16
BENPORATH_ES1,stemness,HMGA1,0.411797,0.476266,0.009493,0.011165,0.352829,17
BENPORATH_ES1,stemness,HMGB3,0.358799,0.380765,0.00759,0.010873,0.373121,18
BENPORATH_ES1,stemness,SMS,0.493539,0.575591,0.011473,0.010405,0.326532,19
BENPORATH_ES1,stemness,CD24,0.743705,1.568074,0.031255,0.010238,0.110624,20
BENPORATH_ES1,stemness,PTTG1,0.23988,0.310651,0.006192,0.010004,0.401384,21
BENPORATH_ES1,stemness,BIRC5,0.203867,0.233722,0.004659,0.009834,0.432724,22
BENPORATH_ES1,stemness,CRABP2,0.493634,0.796928,0.015885,0.009564,0.187697,23
BENPORATH_ES1,stemness,PARP1,0.386355,0.399366,0.00796,0.009426,0.345348,24
BENPORATH_ES1,stemness,KPNA2,0.279005,0.28774,0.005735,0.009093,0.391129,25
BENPORATH_ES1,stemness,NUDT21,0.395976,0.386462,0.007703,0.008959,0.299128,26
BENPORATH_ES1,stemness,NASP,0.302048,0.283267,0.005646,0.00877,0.377475,27
BENPORATH_ES1,stemness,PSIP1,0.235628,0.216379,0.004313,0.008745,0.391734,28
BENPORATH_ES1,stemness,BUB3,0.362077,0.388403,0.007742,0.008541,0.291285,29
BENPORATH_ES1,stemness,MCM7,0.248408,0.236627,0.004717,0.008397,0.407444,30
BENPORATH_ES1,stemness,CTSC,0.279908,0.301841,0.006016,0.008126,0.299206,31
BENPORATH_ES1,stemness,UGP2,0.395715,0.392531,0.007824,0.007925,0.28216,32
BENPORATH_ES1,stemness,CDK1,0.161987,0.18308,0.003649,0.007845,0.400663,33
BENPORATH_ES1,stemness,EPRS,0.337039,0.318901,0.006356,0.007558,0.302477,34
BENPORATH_ES1,stemness,CCNB1,0.153221,0.162695,0.003243,0.007521,0.377529,35
BENPORATH_ES1,stemness,MTHFD2,0.388635,0.42424,0.008456,0.007488,0.303006,36
BENPORATH_ES1,stemness,PRPF40A,0.332217,0.291858,0.005817,0.007483,0.302707,37
BENPORATH_ES1,stemness,SNRPA,0.328321,0.297147,0.005923,0.007216,0.333038,38
BENPORATH_ES1,stemness,PAICS,0.262947,0.228711,0.004559,0.006643,0.36924,39
BENPORATH_ES1,stemness,LYPLA1,0.428996,0.451513,0.009,0.006587,0.253304,40
BENPORATH_ES1,stemness,BRIX1,0.275181,0.238954,0.004763,0.00641,0.329784,41
BENPORATH_ES1,stemness,NUDT1,0.275347,0.274651,0.005474,0.006409,0.302094,42
BENPORATH_ES1,stemness,MAD2L2,0.324116,0.297715,0.005934,0.006391,0.303373,43
BENPORATH_ES1,stemness,FXR1,0.320102,0.278702,0.005555,0.006376,0.294764,44
BENPORATH_ES1,stemness,SFRP1,0.263754,0.278708,0.005555,0.006294,0.260601,45
BENPORATH_ES1,stemness,LSR,0.361388,0.389825,0.00777,0.006183,0.203285,46
BENPORATH_ES1,stemness,AMD1,0.307773,0.278397,0.005549,0.00617,0.291746,47
BENPORATH_ES1,stemness,AKIRIN1,0.307891,0.259688,0.005176,0.006024,0.277956,48
BENPORATH_ES1,stemness,DNAJB6,0.456718,0.513663,0.010238,0.005938,0.219136,49
BENPORATH_ES1,stemness,DDX18,0.267579,0.217321,0.004332,0.005846,0.288645,50
BENPORATH_ES1,stemness,HNRNPAB,0.313688,0.286078,0.005702,0.005751,0.275634,51
BENPORATH_ES1,stemness,ILF3,0.32414,0.287488,0.00573,0.005738,0.294025,52
BENPORATH_ES1,stemness,MAL2,0.294375,0.282937,0.00564,0.005728,0.229673,53
BENPORATH_ES1,stemness,DDX21,0.282141,0.239256,0.004769,0.005669,0.287066,54
BENPORATH_ES1,stemness,BOP1,0.185766,0.141867,0.002828,0.005441,0.3378,55
BENPORATH_ES1,stemness,PNN,0.266605,0.213731,0.00426,0.005358,0.281691,56
BENPORATH_ES1,stemness,DSG2,0.261117,0.222169,0.004428,0.00535,0.231825,57
BENPORATH_ES1,stemness,GINS2,0.148351,0.124389,0.002479,0.004902,0.310673,58
BENPORATH_ES1,stemness,CCNA2,0.107207,0.100866,0.00201,0.004895,0.379138,59
BENPORATH_ES1,stemness,RFC4,0.174791,0.137476,0.00274,0.004791,0.331031,60
BENPORATH_ES1,stemness,NDUFAF4,0.238693,0.198453,0.003956,0.004749,0.298966,61
BENPORATH_ES1,stemness,RAD51AP1,0.113194,0.093921,0.001872,0.004736,0.374855,62
BENPORATH_ES1,stemness,ABCE1,0.246579,0.208323,0.004152,0.004709,0.31499,63
BENPORATH_ES1,stemness,M6PR,0.27081,0.2205,0.004395,0.004709,0.248666,64
BENPORATH_ES1,stemness,TMX1,0.260001,0.213952,0.004265,0.004566,0.228366,65
BENPORATH_ES1,stemness,PDCD2,0.254894,0.200537,0.003997,0.004547,0.266482,66
BENPORATH_ES1,stemness,NOP16,0.242208,0.208954,0.004165,0.004531,0.287678,67
BENPORATH_ES1,stemness,GMNN,0.15783,0.126735,0.002526,0.00447,0.339953,68
BENPORATH_ES1,stemness,NOLC1,0.214486,0.169222,0.003373,0.004335,0.29647,69
BENPORATH_ES1,stemness,RUVBL1,0.198594,0.153198,0.003054,0.00428,0.293056,70
BENPORATH_ES1,stemness,TEAD4,0.146665,0.112075,0.002234,0.004223,0.308885,71
BENPORATH_ES1,stemness,BCL2L12,0.210851,0.16408,0.00327,0.004172,0.280073,72
BENPORATH_ES1,stemness,CRABP1,0.257412,0.411059,0.008193,0.004079,0.158018,73
BENPORATH_ES1,stemness,PAK1IP1,0.177404,0.134338,0.002678,0.004014,0.300019,74
BENPORATH_ES1,stemness,TFAM,0.213322,0.161874,0.003227,0.003995,0.261642,75
BENPORATH_ES1,stemness,PNISR,0.263398,0.214572,0.004277,0.003952,0.221476,76
BENPORATH_ES1,stemness,CBX5,0.194389,0.146347,0.002917,0.0039,0.280714,77
BENPORATH_ES1,stemness,CXADR,0.242018,0.207722,0.00414,0.003865,0.213635,78
BENPORATH_ES1,stemness,MCM5,0.108158,0.083822,0.001671,0.003789,0.300531,79
BENPORATH_ES1,stemness,G3BP1,0.273233,0.238581,0.004755,0.003733,0.251896,80
BENPORATH_ES1,stemness,RBBP8,0.172962,0.123561,0.002463,0.003683,0.263447,81
BENPORATH_ES1,stemness,PMAIP1,0.146736,0.126188,0.002515,0.003665,0.235875,82
BENPORATH_ES1,stemness,MCM3,0.145525,0.116239,0.002317,0.003658,0.292107,83
BENPORATH_ES1,stemness,AP1M2,0.25772,0.224731,0.004479,0.003592,0.161187,84
BENPORATH_ES1,stemness,PTPN2,0.213013,0.15808,0.003151,0.003572,0.253926,85
BENPORATH_ES1,stemness,HSPA4,0.223204,0.182416,0.003636,0.003564,0.260743,86
BENPORATH_ES1,stemness,FUBP1,0.190446,0.14167,0.002824,0.00353,0.252547,87
BENPORATH_ES1,stemness,CSE1L,0.162414,0.123788,0.002467,0.003512,0.293042,88
BENPORATH_ES1,stemness,CCAR1,0.188807,0.134818,0.002687,0.003488,0.25576,89
BENPORATH_ES1,stemness,DHFR,0.107754,0.079652,0.001588,0.003414,0.292966,90
BENPORATH_ES1,stemness,TMPO,0.147639,0.1171,0.002334,0.003387,0.30019,91
BENPORATH_ES1,stemness,NPM3,0.174221,0.137378,0.002738,0.003297,0.263427,92
BENPORATH_ES1,stemness,NOP56,0.179447,0.13013,0.002594,0.003293,0.253382,93
BENPORATH_ES1,stemness,FEN1,0.120487,0.088397,0.001762,0.003236,0.28862,94
BENPORATH_ES1,stemness,SEPHS1,0.165716,0.116783,0.002328,0.003183,0.25901,95
BENPORATH_ES1,stemness,MRS2,0.199758,0.147943,0.002949,0.003155,0.247547,96
BENPORATH_ES1,stemness,MIS18A,0.152984,0.114261,0.002277,0.003124,0.248776,97
BENPORATH_ES1,stemness,EXOSC5,0.215959,0.168145,0.003352,0.003123,0.215831,98
BENPORATH_ES1,stemness,RCC2,0.188949,0.136952,0.00273,0.003116,0.223033,99
BENPORATH_ES1,stemness,ECT2,0.12652,0.105924,0.002111,0.003104,0.301946,100
BENPORATH_ES1,stemness,KLHL7,0.190089,0.140861,0.002808,0.00308,0.232927,101
BENPORATH_ES1,stemness,RNF138,0.167118,0.122651,0.002445,0.003054,0.255084,102
BENPORATH_ES1,stemness,SRA1,0.287367,0.238144,0.004747,0.003026,0.163773,103
BENPORATH_ES1,stemness,MSH6,0.147853,0.108299,0.002159,0.003017,0.258478,104
BENPORATH_ES1,stemness,AZIN1,0.243919,0.206999,0.004126,0.002918,0.227054,105
BENPORATH_ES1,stemness,DLGAP5,0.072382,0.057121,0.001139,0.00291,0.305091,106
BENPORATH_ES1,stemness,TERF1,0.146427,0.097008,0.001934,0.002908,0.237478,107
BENPORATH_ES1,stemness,CEBPZ,0.19724,0.143092,0.002852,0.002906,0.199549,108
BENPORATH_ES1,stemness,GART,0.167142,0.124705,0.002486,0.002848,0.252633,109
BENPORATH_ES1,stemness,MIS18BP1,0.13215,0.095032,0.001894,0.002828,0.26011,110
BENPORATH_ES1,stemness,CDCA5,0.082644,0.060404,0.001204,0.002816,0.309443,111
BENPORATH_ES1,stemness,OAZ2,0.185671,0.129565,0.002583,0.00276,0.204359,112
BENPORATH_ES1,stemness,MAT2A,0.285752,0.249504,0.004973,0.002718,0.177888,113
BENPORATH_ES1,stemness,GNL3,0.166144,0.121349,0.002419,0.002668,0.221654,114
BENPORATH_ES1,stemness,TUBB2B,0.103406,0.136666,0.002724,0.002614,0.140327,115
BENPORATH_ES1,stemness,GAL,0.102385,0.088736,0.001769,0.002576,0.227489,116
BENPORATH_ES1,stemness,ESRP1,0.194793,0.154652,0.003083,0.002575,0.199165,117
BENPORATH_ES1,stemness,ESF1,0.163935,0.115613,0.002304,0.002557,0.216362,118
BENPORATH_ES1,stemness,INTS13,0.109535,0.076908,0.001533,0.002556,0.242691,119
BENPORATH_ES1,stemness,KIF2C,0.065279,0.0514,0.001025,0.002501,0.290258,120
BENPORATH_ES1,stemness,NUP37,0.119726,0.083628,0.001667,0.00249,0.23984,121
BENPORATH_ES1,stemness,CDT1,0.07882,0.0535,0.001066,0.002485,0.276864,122
BENPORATH_ES1,stemness,DBNDD1,0.197311,0.158028,0.00315,0.002452,0.154839,123
BENPORATH_ES1,stemness,RRP15,0.135452,0.090132,0.001797,0.00244,0.215699,124
BENPORATH_ES1,stemness,MCM4,0.117303,0.085488,0.001704,0.002435,0.244067,125
BENPORATH_ES1,stemness,UNG,0.127257,0.097221,0.001938,0.002421,0.227942,126
BENPORATH_ES1,stemness,MTHFD1,0.094736,0.063662,0.001269,0.002386,0.251115,127
BENPORATH_ES1,stemness,HMMR,0.062951,0.050104,0.000999,0.002361,0.273329,128
BENPORATH_ES1,stemness,AURKB,0.06364,0.049392,0.000984,0.002354,0.296344,129
BENPORATH_ES1,stemness,NUDT15,0.124715,0.084726,0.001689,0.00235,0.227328,130
BENPORATH_ES1,stemness,TCF7L1,0.126948,0.084223,0.001679,0.002173,0.197303,131
BENPORATH_ES1,stemness,PODXL,0.12892,0.095835,0.00191,0.002167,0.183374,132
BENPORATH_ES1,stemness,WDR12,0.104642,0.069736,0.00139,0.002159,0.237427,133
BENPORATH_ES1,stemness,GPM6B,0.105806,0.073666,0.001468,0.002152,0.200401,134
BENPORATH_ES1,stemness,TIA1,0.206362,0.154062,0.003071,0.002147,0.184404,135
BENPORATH_ES1,stemness,DSCC1,0.075067,0.054824,0.001093,0.002131,0.26215,136
BENPORATH_ES1,stemness,MTF2,0.125665,0.078991,0.001574,0.002072,0.204122,137
BENPORATH_ES1,stemness,MCM6,0.067964,0.046723,0.000931,0.002046,0.243417,138
BENPORATH_ES1,stemness,SPC25,0.056157,0.039599,0.000789,0.002039,0.270154,139
BENPORATH_ES1,stemness,MAP7,0.163388,0.121169,0.002415,0.002039,0.154505,140
BENPORATH_ES1,stemness,KIF4A,0.060315,0.041731,0.000832,0.002027,0.272124,141
BENPORATH_ES1,stemness,FANCL,0.119441,0.084961,0.001693,0.002025,0.211044,142
BENPORATH_ES1,stemness,NAA15,0.11355,0.077213,0.001539,0.002004,0.222936,143
BENPORATH_ES1,stemness,NOL11,0.131438,0.096207,0.001918,0.001994,0.219124,144
BENPORATH_ES1,stemness,SLC29A1,0.189781,0.160693,0.003203,0.001967,0.131586,145
BENPORATH_ES1,stemness,G3BP2,0.222396,0.182377,0.003635,0.001966,0.183293,146
BENPORATH_ES1,stemness,PRPS1,0.120605,0.083218,0.001659,0.001929,0.205773,147
BENPORATH_ES1,stemness,NTHL1,0.137448,0.096573,0.001925,0.001891,0.175812,148
BENPORATH_ES1,stemness,NDC1,0.075043,0.047574,0.000948,0.001861,0.227588,149
BENPORATH_ES1,stemness,RPS24,0.930065,2.531777,0.050464,0.00182,0.02136,150
BENPORATH_ES1,stemness,TRIM22,0.124739,0.105816,0.002109,0.001816,0.153503,151
BENPORATH_ES1,stemness,SLC16A1,0.081623,0.051995,0.001036,0.001815,0.211143,152
BENPORATH_ES1,stemness,RRM2,0.054827,0.037694,0.000751,0.001797,0.240743,153
BENPORATH_ES1,stemness,MTA3,0.166382,0.111844,0.002229,0.001778,0.145079,154
BENPORATH_ES1,stemness,GPC4,0.08894,0.059321,0.001182,0.001771,0.154078,155
BENPORATH_ES1,stemness,RABGAP1L,0.161773,0.127592,0.002543,0.001767,0.147602,156
BENPORATH_ES1,stemness,MCM2,0.069745,0.046398,0.000925,0.001764,0.226504,157
BENPORATH_ES1,stemness,USP9X,0.179637,0.126109,0.002514,0.001753,0.145629,158
BENPORATH_ES1,stemness,PLPP1,0.132602,0.092253,0.001839,0.001749,0.168588,159
BENPORATH_ES1,stemness,IGF2BP2,0.119726,0.100312,0.001999,0.00174,0.175818,160
BENPORATH_ES1,stemness,USO1,0.199995,0.154268,0.003075,0.00168,0.156724,161
BENPORATH_ES1,stemness,NMU,0.048508,0.042051,0.000838,0.001658,0.210865,162
BENPORATH_ES1,stemness,TRIM24,0.105426,0.06244,0.001245,0.001642,0.175856,163
BENPORATH_ES1,stemness,NCAPH,0.043733,0.027321,0.000545,0.001617,0.251202,164
BENPORATH_ES1,stemness,CDC6,0.053996,0.037457,0.000747,0.001603,0.235142,165
BENPORATH_ES1,stemness,MFGE8,0.194698,0.189002,0.003767,0.001576,0.148787,166
BENPORATH_ES1,stemness,OIP5,0.05592,0.035473,0.000707,0.001571,0.245558,167
BENPORATH_ES1,stemness,ZNF267,0.10096,0.07072,0.00141,0.001563,0.157218,168
BENPORATH_ES1,stemness,NUP107,0.094023,0.063561,0.001267,0.001559,0.204013,169
BENPORATH_ES1,stemness,RFC3,0.070149,0.047229,0.000941,0.001535,0.210343,170
BENPORATH_ES1,stemness,BRWD1,0.204651,0.160738,0.003204,0.001533,0.155077,171
BENPORATH_ES1,stemness,NFE2L3,0.080055,0.048578,0.000968,0.001529,0.180182,172
BENPORATH_ES1,stemness,NFYB,0.108918,0.072077,0.001437,0.001528,0.17633,173
BENPORATH_ES1,stemness,LARP7,0.109654,0.06865,0.001368,0.001524,0.161927,174
BENPORATH_ES1,stemness,MSH2,0.095496,0.066845,0.001332,0.001523,0.202432,175
BENPORATH_ES1,stemness,PUS7,0.083547,0.056494,0.001126,0.001512,0.200696,176
BENPORATH_ES1,stemness,MARS,0.125784,0.091983,0.001833,0.001476,0.16874,177
BENPORATH_ES1,stemness,EXOSC9,0.070909,0.04361,0.000869,0.001461,0.200485,178
BENPORATH_ES1,stemness,PUS1,0.070957,0.04378,0.000873,0.001434,0.179945,179
BENPORATH_ES1,stemness,BUB1,0.045301,0.031987,0.000638,0.001429,0.23487,180
BENPORATH_ES1,stemness,ICE2,0.117897,0.077215,0.001539,0.001424,0.149465,181
BENPORATH_ES1,stemness,MCM10,0.048437,0.034281,0.000683,0.001408,0.234152,182
BENPORATH_ES1,stemness,MGME1,0.104761,0.065373,0.001303,0.001397,0.156445,183
BENPORATH_ES1,stemness,TNPO3,0.099416,0.060766,0.001211,0.001394,0.163455,184
BENPORATH_ES1,stemness,TMEM177,0.081005,0.048924,0.000975,0.001389,0.178931,185
BENPORATH_ES1,stemness,PRIM2,0.074805,0.051892,0.001034,0.001382,0.203359,186
BENPORATH_ES1,stemness,KCNS3,0.106328,0.069984,0.001395,0.001356,0.117469,187
BENPORATH_ES1,stemness,CASP3,0.108086,0.07423,0.00148,0.001336,0.158284,188
BENPORATH_ES1,stemness,RRAS2,0.099606,0.066697,0.001329,0.001332,0.158955,189
BENPORATH_ES1,stemness,NOC3L,0.078725,0.050117,0.000999,0.001297,0.170969,190
BENPORATH_ES1,stemness,NLN,0.081267,0.054993,0.001096,0.001284,0.179668,191
BENPORATH_ES1,stemness,CHEK1,0.057535,0.039472,0.000787,0.001262,0.212255,192
BENPORATH_ES1,stemness,CHEK2,0.052357,0.034496,0.000688,0.001216,0.203799,193
BENPORATH_ES1,stemness,PRKD3,0.090507,0.059617,0.001188,0.001215,0.173689,194
BENPORATH_ES1,stemness,PAK1,0.136616,0.096558,0.001925,0.001183,0.133761,195
BENPORATH_ES1,stemness,HELLS,0.065303,0.044986,0.000897,0.001178,0.164466,196
BENPORATH_ES1,stemness,HPS3,0.099463,0.068183,0.001359,0.001171,0.159396,197
BENPORATH_ES1,stemness,TTLL12,0.089652,0.058018,0.001156,0.001166,0.163544,198
BENPORATH_ES1,stemness,ZNF770,0.110961,0.079223,0.001579,0.00115,0.168087,199
BENPORATH_ES1,stemness,PPM1B,0.125926,0.083963,0.001674,0.001086,0.106594,200
BENPORATH_ES1,stemness,WDHD1,0.043615,0.026881,0.000536,0.001068,0.187968,201
BENPORATH_ES1,stemness,ITPR3,0.076824,0.053052,0.001057,0.001058,0.132784,202
BENPORATH_ES1,stemness,PRMT3,0.06288,0.041328,0.000824,0.001048,0.166285,203
BENPORATH_ES1,stemness,SLC38A1,0.239191,0.207616,0.004138,0.001022,0.098663,204
BENPORATH_ES1,stemness,RAD54B,0.044303,0.028952,0.000577,0.001016,0.193265,205
BENPORATH_ES1,stemness,NCAPG2,0.051216,0.034873,0.000695,0.001014,0.19095,206
BENPORATH_ES1,stemness,DIDO1,0.113764,0.073626,0.001468,0.001003,0.119685,207
BENPORATH_ES1,stemness,GPRC5B,0.112766,0.078977,0.001574,0.000992,0.115965,208
BENPORATH_ES1,stemness,AUTS2,0.113621,0.073319,0.001461,0.000984,0.116729,209
BENPORATH_ES1,stemness,SLC6A8,0.093453,0.059746,0.001191,0.000968,0.109203,210
BENPORATH_ES1,stemness,ANGEL2,0.103359,0.066901,0.001333,0.00096,0.116801,211
BENPORATH_ES1,stemness,FZD7,0.073332,0.046193,0.000921,0.000957,0.136418,212
BENPORATH_ES1,stemness,POLR3G,0.045301,0.027467,0.000547,0.000945,0.153296,213
BENPORATH_ES1,stemness,ETV4,0.045753,0.028477,0.000568,0.000937,0.159079,214
BENPORATH_ES1,stemness,CHAF1A,0.049245,0.029529,0.000589,0.000933,0.163699,215
BENPORATH_ES1,stemness,ELOVL6,0.049981,0.029565,0.000589,0.000919,0.142869,216
BENPORATH_ES1,stemness,EPHA1,0.058937,0.036374,0.000725,0.000881,0.10923,217
BENPORATH_ES1,stemness,PARPBP,0.044755,0.028991,0.000578,0.000879,0.17974,218
BENPORATH_ES1,stemness,AEN,0.047059,0.027964,0.000557,0.000862,0.131846,219
BENPORATH_ES1,stemness,MYO19,0.063379,0.039089,0.000779,0.000861,0.151285,220
BENPORATH_ES1,stemness,PRKX,0.083618,0.055546,0.001107,0.000853,0.147651,221
BENPORATH_ES1,stemness,DNMT3A,0.091719,0.058932,0.001175,0.000834,0.127115,222
BENPORATH_ES1,stemness,ARL5B,0.16928,0.138611,0.002763,0.000814,0.125665,223
BENPORATH_ES1,stemness,SLC39A10,0.071361,0.046401,0.000925,0.000812,0.129248,224
BENPORATH_ES1,stemness,PRIM1,0.041239,0.026122,0.000521,0.000809,0.151013,225
BENPORATH_ES1,stemness,LGALS8,0.127019,0.090198,0.001798,0.000808,0.082163,226
BENPORATH_ES1,stemness,GJA1,0.04447,0.029819,0.000594,0.000804,0.141888,227
BENPORATH_ES1,stemness,BUB1B,0.02929,0.018065,0.00036,0.000801,0.181237,228
BENPORATH_ES1,stemness,DLG3,0.106803,0.07409,0.001477,0.000796,0.097309,229
BENPORATH_ES1,stemness,GNPTAB,0.09647,0.062106,0.001238,0.000773,0.091331,230
BENPORATH_ES1,stemness,FGFR1,0.071147,0.05467,0.00109,0.000767,0.1188,231
BENPORATH_ES1,stemness,ZNF195,0.075257,0.047982,0.000956,0.000745,0.119282,232
BENPORATH_ES1,stemness,SOX2,0.032853,0.01933,0.000385,0.000716,0.115035,233
BENPORATH_ES1,stemness,VSNL1,0.040336,0.029389,0.000586,0.000702,0.138486,234
BENPORATH_ES1,stemness,MICB,0.026748,0.016004,0.000319,0.000698,0.14609,235
BENPORATH_ES1,stemness,MAK16,0.05029,0.031765,0.000633,0.000684,0.140542,236
BENPORATH_ES1,stemness,PITPNC1,0.064329,0.038639,0.00077,0.000679,0.108613,237
BENPORATH_ES1,stemness,GINS4,0.037201,0.024255,0.000483,0.000668,0.154239,238
BENPORATH_ES1,stemness,MED14,0.073119,0.043831,0.000874,0.00066,0.101591,239
BENPORATH_ES1,stemness,BMPR1A,0.062001,0.039931,0.000796,0.000658,0.111943,240
BENPORATH_ES1,stemness,PTPRZ1,0.032046,0.021487,0.000428,0.000654,0.12008,241
BENPORATH_ES1,stemness,PROM1,0.128159,0.116588,0.002324,0.000607,0.088354,242
BENPORATH_ES1,stemness,DDIAS,0.032188,0.02093,0.000417,0.000596,0.159824,243
BENPORATH_ES1,stemness,PLCB3,0.051929,0.029557,0.000589,0.000588,0.104639,244
BENPORATH_ES1,stemness,DMKN,0.24981,0.303072,0.006041,0.000583,0.095344,245
BENPORATH_ES1,stemness,ST6GAL1,0.091315,0.060836,0.001213,0.00058,0.065037,246
BENPORATH_ES1,stemness,DIAPH2,0.048128,0.03161,0.00063,0.000576,0.119984,247
BENPORATH_ES1,stemness,MDN1,0.054067,0.0353,0.000704,0.000553,0.12265,248
BENPORATH_ES1,stemness,POLE2,0.023161,0.014273,0.000284,0.000552,0.141054,249
BENPORATH_ES1,stemness,DNA2,0.025109,0.017139,0.000342,0.000548,0.138861,250
BENPORATH_ES1,stemness,ERBB2,0.103264,0.070888,0.001413,0.000546,0.066759,251
BENPORATH_ES1,stemness,COCH,0.030525,0.021044,0.000419,0.000541,0.129896,252
BENPORATH_ES1,stemness,IGF2BP3,0.031618,0.021885,0.000436,0.000525,0.130971,253
BENPORATH_ES1,stemness,FKBP5,0.090104,0.071643,0.001428,0.000522,0.122039,254
BENPORATH_ES1,stemness,ORC1,0.017032,0.010564,0.000211,0.000515,0.145438,255
BENPORATH_ES1,stemness,PYCR2,0.06193,0.037296,0.000743,0.000512,0.075349,256
BENPORATH_ES1,stemness,LRP8,0.025632,0.013227,0.000264,0.000507,0.124105,257
BENPORATH_ES1,stemness,PDK1,0.064044,0.04557,0.000908,0.000492,0.117113,258
BENPORATH_ES1,stemness,JADE1,0.044921,0.024967,0.000498,0.000491,0.093652,259
BENPORATH_ES1,stemness,MAN2A1,0.05181,0.035753,0.000713,0.000489,0.090973,260
BENPORATH_ES1,stemness,TDRP,0.053711,0.033415,0.000666,0.000472,0.098264,261
BENPORATH_ES1,stemness,PPP2R1B,0.045087,0.027748,0.000553,0.000467,0.103882,262
BENPORATH_ES1,stemness,ZNF398,0.038935,0.022128,0.000441,0.000467,0.109602,263
BENPORATH_ES1,stemness,LGR4,0.038222,0.020152,0.000402,0.000467,0.101939,264
BENPORATH_ES1,stemness,PIK3CB,0.079509,0.054942,0.001095,0.000443,0.096957,265
BENPORATH_ES1,stemness,EGLN3,0.157307,0.152548,0.003041,0.00044,0.060289,266
BENPORATH_ES1,stemness,LRRN1,0.041595,0.030852,0.000615,0.000423,0.106633,267
BENPORATH_ES1,stemness,JARID2,0.070909,0.045065,0.000898,0.000401,0.06996,268
BENPORATH_ES1,stemness,CDC25A,0.016082,0.009067,0.000181,0.000384,0.120757,269
BENPORATH_ES1,stemness,CAPRIN2,0.038864,0.021518,0.000429,0.000382,0.098144,270
BENPORATH_ES1,stemness,THEMIS2,0.034849,0.021556,0.00043,0.000378,0.072515,271
BENPORATH_ES1,stemness,COBL,0.065446,0.043809,0.000873,0.00037,0.067649,272
BENPORATH_ES1,stemness,SEMA6A,0.032901,0.020532,0.000409,0.000359,0.095472,273
BENPORATH_ES1,stemness,ERCC6L,0.013398,0.008563,0.000171,0.000332,0.124368,274
BENPORATH_ES1,stemness,OLFM1,0.02758,0.015511,0.000309,0.000332,0.070368,275
BENPORATH_ES1,stemness,SLC13A3,0.035965,0.019915,0.000397,0.000331,0.067092,276
BENPORATH_ES1,stemness,KAT7,0.06737,0.046822,0.000933,0.000309,0.078472,277
BENPORATH_ES1,stemness,HOMER1,0.042712,0.025306,0.000504,0.000301,0.071851,278
BENPORATH_ES1,stemness,PPP2R2B,0.019622,0.009217,0.000184,0.000295,0.090618,279
BENPORATH_ES1,stemness,PIM2,0.031642,0.02049,0.000408,0.000281,0.0886,280
BENPORATH_ES1,stemness,PCDH1,0.05535,0.034109,0.00068,0.000278,0.022841,281
BENPORATH_ES1,stemness,ROBO1,0.024515,0.015879,0.000317,0.000266,0.091692,282
BENPORATH_ES1,stemness,LRIG1,0.052689,0.030231,0.000603,0.000261,0.047498,283
BENPORATH_ES1,stemness,FRAT2,0.038911,0.020494,0.000409,0.000257,0.054714,284
BENPORATH_ES1,stemness,GPR19,0.009241,0.005547,0.000111,0.000226,0.095317,285
BENPORATH_ES1,stemness,ABHD17B,0.027509,0.016291,0.000325,0.000213,0.06948,286
BENPORATH_ES1,stemness,DNMT3B,0.020691,0.012732,0.000254,0.000212,0.074572,287
BENPORATH_ES1,stemness,FOXD3,0.014134,0.005786,0.000115,0.000211,0.079254,288
BENPORATH_ES1,stemness,FZD5,0.020406,0.010728,0.000214,0.000202,0.067122,289
BENPORATH_ES1,stemness,ZGRF1,0.01297,0.008075,0.000161,0.000198,0.094583,290
BENPORATH_ES1,stemness,SIRT1,0.042831,0.025576,0.00051,0.000171,0.054242,291
BENPORATH_ES1,stemness,POU5F1,0.009645,0.005922,0.000118,0.00016,0.064084,292
BENPORATH_ES1,stemness,PASK,0.015536,0.009022,0.00018,0.000157,0.069917,293
BENPORATH_ES1,stemness,DCLK1,0.016819,0.009977,0.000199,0.000152,0.072727,294
BENPORATH_ES1,stemness,FGF2,0.011688,0.005955,0.000119,0.000149,0.067129,295
BENPORATH_ES1,stemness,L1TD1,0.006153,0.004158,8.3e-05,0.000143,0.050155,296
BENPORATH_ES1,stemness,KIFC2,0.047558,0.030768,0.000613,0.000142,0.046395,297
BENPORATH_ES1,stemness,EPB41L4B,0.035633,0.019755,0.000394,0.00014,0.030697,298
BENPORATH_ES1,stemness,ADD2,0.008908,0.006814,0.000136,0.000139,0.071732,299
BENPORATH_ES1,stemness,ANOS1,0.020715,0.012717,0.000253,0.00013,0.02952,300
BENPORATH_ES1,stemness,GPR176,0.009763,0.005037,1e-04,0.000123,0.050083,301
BENPORATH_ES1,stemness,PFAS,0.012828,0.007549,0.00015,0.000121,0.054058,302
BENPORATH_ES1,stemness,CHST7,0.011711,0.006594,0.000131,0.000115,0.044553,303
BENPORATH_ES1,stemness,CLDN6,0.014396,0.019086,0.00038,0.000115,0.074108,304
BENPORATH_ES1,stemness,ADGRG2,0.006818,0.003364,6.7e-05,0.00011,0.063217,305
BENPORATH_ES1,stemness,GLDC,0.008694,0.004168,8.3e-05,0.000104,0.048651,306
BENPORATH_ES1,stemness,HAS3,0.004846,0.002912,5.8e-05,9.4e-05,0.046789,307
BENPORATH_ES1,stemness,CACHD1,0.017579,0.010116,0.000202,9.4e-05,0.049713,308
BENPORATH_ES1,stemness,USP44,0.005773,0.002575,5.1e-05,8.6e-05,0.05079,309
BENPORATH_ES1,stemness,TMEFF1,0.00525,0.003527,7e-05,8.6e-05,0.052648,310
BENPORATH_ES1,stemness,ETV1,0.009265,0.006548,0.000131,8.3e-05,0.042885,311
BENPORATH_ES1,stemness,ACTA1,0.007958,0.008348,0.000166,7.8e-05,0.028984,312
BENPORATH_ES1,stemness,FOXO1,0.012495,0.007645,0.000152,7.6e-05,0.027631,313
BENPORATH_ES1,stemness,SYNGR3,0.008789,0.004667,9.3e-05,7.6e-05,0.037642,314
BENPORATH_ES1,stemness,GAD1,0.011711,0.006202,0.000124,7.1e-05,0.010912,315
BENPORATH_ES1,stemness,FGF13,0.057131,0.037861,0.000755,5.5e-05,0.028495,316
BENPORATH_ES1,stemness,CBS,0.010785,0.006158,0.000123,4.6e-05,0.046131,317
BENPORATH_ES1,stemness,SALL2,0.016272,0.008368,0.000167,4.5e-05,0.019337,318
BENPORATH_ES1,stemness,ADAM23,0.002708,0.001058,2.1e-05,3.9e-05,0.03589,319
BENPORATH_ES1,stemness,CRMP1,0.002684,0.001856,3.7e-05,2.9e-05,0.026998,320
BENPORATH_ES1,stemness,SPRY4,0.016747,0.009293,0.000185,2.9e-05,0.033647,321
BENPORATH_ES1,stemness,ZIC3,0.002376,0.00155,3.1e-05,2.5e-05,0.020837,322
BENPORATH_ES1,stemness,NODAL,0.000665,0.00054,1.1e-05,2.3e-05,0.025998,323
BENPORATH_ES1,stemness,ACTC1,0.000808,0.001058,2.1e-05,1.9e-05,0.023503,324
BENPORATH_ES1,stemness,ZNF589,0.008504,0.005349,0.000107,1.9e-05,0.028171,325
BENPORATH_ES1,stemness,GABRA5,0.001259,0.000617,1.2e-05,1.8e-05,0.029045,326
BENPORATH_ES1,stemness,AASS,0.008694,0.005316,0.000106,1.2e-05,0.026681,327
BENPORATH_ES1,stemness,CKMT1A,0.003682,0.002774,5.5e-05,1.2e-05,0.006251,328
BENPORATH_ES1,stemness,ZIC2,0.001592,0.000647,1.3e-05,1.2e-05,0.011748,329
BENPORATH_ES1,stemness,HESX1,0.002185,0.001151,2.3e-05,1e-05,0.014421,330
BENPORATH_ES1,stemness,SCGB3A2,0.000689,0.000671,1.3e-05,8e-06,0.00569,331
BENPORATH_ES1,stemness,CAMKV,0.000523,0.000302,6e-06,8e-06,0.016213,332
BENPORATH_ES1,stemness,DPPA4,0.001045,0.000603,1.2e-05,7e-06,0.017404,333
BENPORATH_ES1,stemness,NMRK2,0.000261,0.000184,4e-06,5e-06,0.006804,334
BENPORATH_ES1,stemness,SALL4,0.002138,0.001401,2.8e-05,5e-06,0.023631,335
BENPORATH_ES1,stemness,VRTN,0.000143,6.5e-05,1e-06,5e-06,0.015262,336
BENPORATH_ES1,stemness,CNMD,0.000309,0.000199,4e-06,3e-06,0.015376,337
BENPORATH_ES1,stemness,CER1,0.000143,4.4e-05,1e-06,3e-06,0.011424,338
BENPORATH_ES1,stemness,LEFTY1,0.00076,0.000416,8e-06,2e-06,-0.000968,339
BENPORATH_ES1,stemness,SLC7A3,0.000356,0.000246,5e-06,1e-06,0.00846,340
BENPORATH_ES1,stemness,LIN28A,7.1e-05,3.6e-05,1e-06,1e-06,0.000915,341
BENPORATH_ES1,stemness,TDGF1,0.000285,0.000128,3e-06,1e-06,0.002786,342
BENPORATH_ES1,stemness,UTF1,0.000143,7.2e-05,1e-06,-0.0,-0.002484,343
BENPORATH_ES1,stemness,PRDM14,0.000523,0.000346,7e-06,-0.0,0.005729,344
BENPORATH_ES1,stemness,NANOG,0.000119,9.1e-05,2e-06,-1e-06,0.001189,345
BENPORATH_ES1,stemness,CYP2S1,0.003706,0.002559,5.1e-05,-1e-06,0.015175,346
BENPORATH_ES1,stemness,ACTN3,0.000333,0.000272,5e-06,-2e-06,0.005266,347
BENPORATH_ES1,stemness,ATP1A2,0.000594,0.00044,9e-06,-2e-06,0.005399,348
BENPORATH_ES1,stemness,SALL1,0.000119,0.00011,2e-06,-3e-06,-0.003542,349
BENPORATH_ES1,stemness,KLKB1,0.000689,0.000497,1e-05,-4e-06,0.005314,350
BENPORATH_ES1,stemness,ZSCAN10,0.000665,0.000424,8e-06,-5e-06,-0.007238,351
BENPORATH_ES1,stemness,PIPOX,0.002399,0.001629,3.2e-05,-1.6e-05,0.006705,352
BENPORATH_ES1,stemness,CYP26A1,0.001188,0.000863,1.7e-05,-1.7e-05,0.000673,353
BENPORATH_ES1,stemness,NTS,0.000903,0.000862,1.7e-05,-2.2e-05,-0.001469,354
BENPORATH_ES1,stemness,LCK,0.012543,0.009767,0.000195,-2.4e-05,0.026398,355
BENPORATH_ES1,stemness,CNTNAP2,0.013279,0.008791,0.000175,-2.6e-05,-0.017984,356
BENPORATH_ES1,stemness,KIF5C,0.00715,0.004741,9.5e-05,-2.7e-05,0.002358,357
BENPORATH_ES1,stemness,GABRB3,0.005131,0.002823,5.6e-05,-4.5e-05,-0.036482,358
BENPORATH_ES1,stemness,SNRPN,0.069223,0.04634,0.000924,-7.6e-05,-0.006259,359
BENPORATH_ES1,stemness,ALPL,0.042474,0.035979,0.000717,-7.9e-05,0.056502,360
BENPORATH_ES1,stemness,NLGN4X,0.011284,0.007431,0.000148,-0.000109,-0.047082,361
BENPORATH_ES1,stemness,SORL1,0.039909,0.023919,0.000477,-0.00011,-0.014755,362
BENPORATH_ES1,stemness,RAP1GAP2,0.031951,0.022451,0.000447,-0.000137,0.00966,363
BENPORATH_ES1,stemness,SCNN1A,0.033637,0.021922,0.000437,-0.000203,-0.028321,364
BENPORATH_ES1,stemness,RAB3B,0.021594,0.014375,0.000287,-0.000204,-0.053035,365
BENPORATH_ES1,stemness,TNNT1,0.059697,0.049563,0.000988,-0.000398,-0.060957,366
BENPORATH_ES1,stemness,SFRP2,0.088987,0.13171,0.002625,-0.000605,0.05812,367
BENPORATH_ES1,stemness,RARRES2,0.076991,0.090259,0.001799,-0.00064,0.074957,368
ESC_ASSOU,stemness,TUBB,0.740759,1.471367,0.010159,0.011229,0.484441,1
ESC_ASSOU,stemness,PRDX1,0.830174,1.941284,0.013403,0.010149,0.319383,2
ESC_ASSOU,stemness,HMGN2,0.740308,1.408969,0.009728,0.009928,0.416277,3
ESC_ASSOU,stemness,RPL7,0.747031,1.412775,0.009754,0.009804,0.409192,4
ESC_ASSOU,stemness,LGALS1,0.69408,1.56703,0.010819,0.009431,0.307186,5
ESC_ASSOU,stemness,CD9,0.646855,1.189723,0.008214,0.009324,0.291998,6
ESC_ASSOU,stemness,HSPD1,0.620748,0.96455,0.006659,0.009192,0.468117,7
ESC_ASSOU,stemness,UQCRH,0.768909,1.521097,0.010502,0.00904,0.364131,8
ESC_ASSOU,stemness,HSPE1,0.698024,1.197431,0.008267,0.008636,0.376871,9
ESC_ASSOU,stemness,FABP5,0.519717,0.90435,0.006244,0.008366,0.416514,10
ESC_ASSOU,stemness,IFITM1,0.558699,1.295416,0.008944,0.008164,0.216168,11
ESC_ASSOU,stemness,HSPA8,0.747126,1.384243,0.009557,0.008112,0.328135,12
ESC_ASSOU,stemness,NPM1,0.766747,1.444803,0.009975,0.0081,0.356452,13
ESC_ASSOU,stemness,MGST1,0.675717,1.2383,0.008549,0.007911,0.277182,14
ESC_ASSOU,stemness,DEK,0.465911,0.581853,0.004017,0.007886,0.519651,15
ESC_ASSOU,stemness,NCL,0.630582,0.92998,0.006421,0.00744,0.396801,16
ESC_ASSOU,stemness,COX6A1,0.69743,1.203611,0.00831,0.007386,0.241921,17
ESC_ASSOU,stemness,PFN1,0.87481,2.146123,0.014817,0.007381,0.273323,18
ESC_ASSOU,stemness,RPL24,0.867802,2.048586,0.014144,0.007363,0.251221,19
ESC_ASSOU,stemness,NUCKS1,0.525727,0.673112,0.004647,0.007231,0.414452,20
ESC_ASSOU,stemness,HSP90B1,0.609702,0.955451,0.006597,0.007065,0.29496,21
ESC_ASSOU,stemness,SSBP1,0.588322,0.824972,0.005696,0.00697,0.388967,22
ESC_ASSOU,stemness,NDUFA4,0.796465,1.662742,0.01148,0.006947,0.193934,23
ESC_ASSOU,stemness,RPL6,0.82749,1.765999,0.012193,0.006802,0.230834,24
ESC_ASSOU,stemness,RPLP0,0.950922,2.877466,0.019867,0.006778,0.28006,25
ESC_ASSOU,stemness,PGK1,0.661441,1.080791,0.007462,0.006637,0.295565,26
ESC_ASSOU,stemness,CBX3,0.533804,0.672328,0.004642,0.006635,0.409873,27
ESC_ASSOU,stemness,TPM3,0.673817,1.060742,0.007324,0.00663,0.283795,28
ESC_ASSOU,stemness,SNRPD3,0.607968,0.85612,0.005911,0.006598,0.386465,29
ESC_ASSOU,stemness,HNRNPA1,0.678235,1.074513,0.007419,0.006582,0.349097,30
ESC_ASSOU,stemness,SNRPA1,0.409089,0.461976,0.00319,0.006435,0.44548,31
ESC_ASSOU,stemness,CKS1B,0.499715,0.674687,0.004658,0.006395,0.443108,32
ESC_ASSOU,stemness,UBE2C,0.275442,0.437218,0.003019,0.006173,0.465759,33
ESC_ASSOU,stemness,LSM5,0.531666,0.700288,0.004835,0.006133,0.383454,34
ESC_ASSOU,stemness,CKS2,0.461897,0.635754,0.004389,0.005952,0.396201,35
ESC_ASSOU,stemness,RPS2,0.72672,1.350486,0.009324,0.005918,0.250089,36
ESC_ASSOU,stemness,TPM1,0.581647,0.947907,0.006545,0.005883,0.293086,37
ESC_ASSOU,stemness,CCT5,0.466315,0.55548,0.003835,0.005796,0.423732,38
ESC_ASSOU,stemness,RPL4,0.674791,1.04751,0.007232,0.00575,0.293542,39
ESC_ASSOU,stemness,MRPL37,0.427,0.46069,0.003181,0.005735,0.4404,40
ESC_ASSOU,stemness,HMGB2,0.319389,0.393399,0.002716,0.005566,0.476685,41
ESC_ASSOU,stemness,BST2,0.529029,1.03605,0.007153,0.005495,0.147407,42
ESC_ASSOU,stemness,KRT8,0.640156,1.109089,0.007657,0.005451,0.213017,43
ESC_ASSOU,stemness,CDC20,0.219665,0.299945,0.002071,0.005427,0.467076,44
ESC_ASSOU,stemness,C1QBP,0.50993,0.625874,0.004321,0.00539,0.408641,45
ESC_ASSOU,stemness,CSRP2,0.382079,0.453766,0.003133,0.005348,0.422291,46
ESC_ASSOU,stemness,SET,0.456599,0.504872,0.003486,0.005187,0.386135,47
ESC_ASSOU,stemness,RPL12,0.955269,2.916497,0.020136,0.005162,0.197993,48
ESC_ASSOU,stemness,KRT18,0.639348,1.116941,0.007712,0.0051,0.175193,49
ESC_ASSOU,stemness,CALU,0.445719,0.498379,0.003441,0.004973,0.365804,50
ESC_ASSOU,stemness,SNRPD2,0.698285,1.14743,0.007922,0.004956,0.229824,51
ESC_ASSOU,stemness,EIF1AX,0.462419,0.497187,0.003433,0.004946,0.380004,52
ESC_ASSOU,stemness,PSMA3,0.463583,0.524736,0.003623,0.004918,0.35554,53
ESC_ASSOU,stemness,EEF1A1,0.971826,3.235316,0.022337,0.004901,0.204124,54
ESC_ASSOU,stemness,TKT,0.468144,0.549847,0.003796,0.004859,0.369458,55
ESC_ASSOU,stemness,SSB,0.414149,0.440982,0.003045,0.004821,0.387767,56
ESC_ASSOU,stemness,NAP1L1,0.419541,0.432897,0.002989,0.004807,0.407317,57
ESC_ASSOU,stemness,HMGB3,0.358799,0.380765,0.002629,0.004664,0.432387,58
ESC_ASSOU,stemness,PRDX2,0.626615,0.982876,0.006786,0.004352,0.252981,59
ESC_ASSOU,stemness,SLC3A2,0.445268,0.514591,0.003553,0.004277,0.294327,60
ESC_ASSOU,stemness,MRPL11,0.405074,0.424529,0.002931,0.004266,0.409822,61
ESC_ASSOU,stemness,SRRM1,0.447739,0.473661,0.00327,0.004257,0.35294,62
ESC_ASSOU,stemness,SMS,0.493539,0.575591,0.003974,0.004241,0.354089,63
ESC_ASSOU,stemness,PTTG1,0.23988,0.310651,0.002145,0.004224,0.433757,64
ESC_ASSOU,stemness,HDAC2,0.446289,0.480281,0.003316,0.004211,0.3961,65
ESC_ASSOU,stemness,NUDT5,0.409516,0.425294,0.002936,0.00421,0.376867,66
ESC_ASSOU,stemness,CENPF,0.169897,0.190075,0.001312,0.004209,0.446431,67
ESC_ASSOU,stemness,HMGA1,0.411797,0.476266,0.003288,0.004178,0.349464,68
ESC_ASSOU,stemness,DUT,0.363384,0.380286,0.002626,0.004141,0.40513,69
ESC_ASSOU,stemness,ABRACL,0.52366,0.6682,0.004613,0.004081,0.287712,70
ESC_ASSOU,stemness,RPL39L,0.423128,0.479249,0.003309,0.004063,0.337324,71
ESC_ASSOU,stemness,CCT8,0.399159,0.412074,0.002845,0.004036,0.402779,72
ESC_ASSOU,stemness,RPA3,0.396855,0.427246,0.00295,0.004013,0.350216,73
ESC_ASSOU,stemness,MT1X,0.569128,0.876146,0.006049,0.004009,0.241625,74
ESC_ASSOU,stemness,PARP1,0.386355,0.399366,0.002757,0.004001,0.397995,75
ESC_ASSOU,stemness,RPS19,0.956742,2.89835,0.020011,0.003991,0.148339,76
ESC_ASSOU,stemness,BIRC5,0.203867,0.233722,0.001614,0.003985,0.456078,77
ESC_ASSOU,stemness,NME2,0.590317,0.853672,0.005894,0.003959,0.265187,78
ESC_ASSOU,stemness,BCCIP,0.375713,0.378114,0.002611,0.003941,0.368003,79
ESC_ASSOU,stemness,LSM7,0.513279,0.622044,0.004295,0.003935,0.302781,80
ESC_ASSOU,stemness,CD24,0.743705,1.568074,0.010826,0.003925,0.094363,81
ESC_ASSOU,stemness,ATP1B3,0.361222,0.365959,0.002527,0.003831,0.360548,82
ESC_ASSOU,stemness,TCEA1,0.513873,0.646073,0.004461,0.00383,0.285577,83
ESC_ASSOU,stemness,USP1,0.308485,0.265534,0.001833,0.003729,0.412846,84
ESC_ASSOU,stemness,APEX1,0.417474,0.415204,0.002867,0.003605,0.329188,85
ESC_ASSOU,stemness,SNRPF,0.450898,0.498265,0.00344,0.003586,0.350076,86
ESC_ASSOU,stemness,BZW1,0.437239,0.468549,0.003235,0.003564,0.316967,87
ESC_ASSOU,stemness,MRPL15,0.37481,0.369742,0.002553,0.003564,0.37087,88
ESC_ASSOU,stemness,BUB3,0.362077,0.388403,0.002682,0.003563,0.335559,89
ESC_ASSOU,stemness,CRABP2,0.493634,0.796928,0.005502,0.003504,0.180414,90
ESC_ASSOU,stemness,CLDN7,0.482231,0.67552,0.004664,0.003471,0.149815,91
ESC_ASSOU,stemness,KRTCAP3,0.363574,0.38973,0.002691,0.003466,0.317814,92
ESC_ASSOU,stemness,PSIP1,0.235628,0.216379,0.001494,0.003434,0.415976,93
ESC_ASSOU,stemness,NASP,0.302048,0.283267,0.001956,0.003419,0.401393,94
ESC_ASSOU,stemness,KPNA2,0.279005,0.28774,0.001987,0.003346,0.389329,95
ESC_ASSOU,stemness,VBP1,0.35887,0.337101,0.002327,0.003343,0.36887,96
ESC_ASSOU,stemness,PRKDC,0.346327,0.338346,0.002336,0.003295,0.369217,97
ESC_ASSOU,stemness,LAPTM4B,0.309792,0.330552,0.002282,0.00321,0.305887,98
ESC_ASSOU,stemness,DKC1,0.256533,0.21778,0.001504,0.003171,0.407681,99
ESC_ASSOU,stemness,CARHSP1,0.412319,0.485108,0.003349,0.00308,0.245831,100
ESC_ASSOU,stemness,MCM7,0.248408,0.236627,0.001634,0.003054,0.408492,101
ESC_ASSOU,stemness,CTSC,0.279908,0.301841,0.002084,0.00301,0.300514,102
ESC_ASSOU,stemness,UGP2,0.395715,0.392531,0.00271,0.003009,0.294528,103
ESC_ASSOU,stemness,PFDN4,0.293163,0.249031,0.001719,0.002971,0.370505,104
ESC_ASSOU,stemness,PCNA,0.236198,0.213306,0.001473,0.002927,0.381722,105
ESC_ASSOU,stemness,NUDT1,0.275347,0.274651,0.001896,0.002886,0.360868,106
ESC_ASSOU,stemness,EPRS,0.337039,0.318901,0.002202,0.002875,0.315703,107
ESC_ASSOU,stemness,DSP,0.406523,0.482498,0.003331,0.002869,0.244867,108
ESC_ASSOU,stemness,CCNB1,0.153221,0.162695,0.001123,0.002865,0.385453,109
ESC_ASSOU,stemness,XRCC5,0.3769,0.354687,0.002449,0.002856,0.334362,110
ESC_ASSOU,stemness,SNRPA,0.328321,0.297147,0.002052,0.002848,0.364152,111
ESC_ASSOU,stemness,MTHFD2,0.388635,0.42424,0.002929,0.002837,0.31387,112
ESC_ASSOU,stemness,LSM6,0.352551,0.341406,0.002357,0.002815,0.326194,113
ESC_ASSOU,stemness,TOMM40,0.28568,0.248825,0.001718,0.002788,0.354129,114
ESC_ASSOU,stemness,TK1,0.197453,0.188591,0.001302,0.002764,0.404825,115
ESC_ASSOU,stemness,PPP1CC,0.340056,0.31693,0.002188,0.002716,0.367437,116
ESC_ASSOU,stemness,SERPINH1,0.367493,0.390681,0.002697,0.002667,0.314999,117
ESC_ASSOU,stemness,PAICS,0.262947,0.228711,0.001579,0.002637,0.401283,118
ESC_ASSOU,stemness,SFRP1,0.263754,0.278708,0.001924,0.002621,0.297194,119
ESC_ASSOU,stemness,RPS24,0.930065,2.531777,0.01748,0.002612,0.104914,120
ESC_ASSOU,stemness,TPX2,0.15992,0.161868,0.001118,0.002606,0.396204,121
ESC_ASSOU,stemness,MT1F,0.287201,0.284389,0.001963,0.002601,0.284024,122
ESC_ASSOU,stemness,CLIC4,0.34628,0.333856,0.002305,0.0026,0.322315,123
ESC_ASSOU,stemness,LYPLA1,0.428996,0.451513,0.003117,0.00258,0.275846,124
ESC_ASSOU,stemness,MAD2L2,0.324116,0.297715,0.002055,0.002572,0.336907,125
ESC_ASSOU,stemness,DTYMK,0.2352,0.196691,0.001358,0.002547,0.379061,126
ESC_ASSOU,stemness,ATIC,0.269836,0.22333,0.001542,0.002534,0.342599,127
ESC_ASSOU,stemness,EIF2S1,0.278839,0.235102,0.001623,0.002528,0.332429,128
ESC_ASSOU,stemness,DDX18,0.267579,0.217321,0.0015,0.002497,0.340719,129
ESC_ASSOU,stemness,MRPL42,0.325399,0.283722,0.001959,0.00249,0.337499,130
ESC_ASSOU,stemness,MYC,0.273779,0.294109,0.002031,0.002481,0.306794,131
ESC_ASSOU,stemness,CNOT7,0.306442,0.264721,0.001828,0.002455,0.31618,132
ESC_ASSOU,stemness,AMD1,0.307773,0.278397,0.001922,0.00242,0.318955,133
ESC_ASSOU,stemness,FXR1,0.320102,0.278702,0.001924,0.002407,0.3106,134
ESC_ASSOU,stemness,AKIRIN1,0.307891,0.259688,0.001793,0.002405,0.31128,135
ESC_ASSOU,stemness,SRP72,0.276582,0.2183,0.001507,0.002365,0.339288,136
ESC_ASSOU,stemness,EIF4E,0.307559,0.272806,0.001883,0.002364,0.337305,137
ESC_ASSOU,stemness,YTHDF2,0.294351,0.243617,0.001682,0.002344,0.313696,138
ESC_ASSOU,stemness,BAX,0.34438,0.312311,0.002156,0.002297,0.295764,139
ESC_ASSOU,stemness,MAL2,0.294375,0.282937,0.001953,0.002271,0.250998,140
ESC_ASSOU,stemness,CISD1,0.286417,0.253982,0.001754,0.002237,0.31754,141
ESC_ASSOU,stemness,NUSAP1,0.123076,0.116533,0.000805,0.002234,0.383357,142
ESC_ASSOU,stemness,ENAH,0.324995,0.287935,0.001988,0.00223,0.277922,143
ESC_ASSOU,stemness,DNAJB6,0.456718,0.513663,0.003546,0.002214,0.231669,144
ESC_ASSOU,stemness,DDX21,0.282141,0.239256,0.001652,0.002211,0.314949,145
ESC_ASSOU,stemness,RNASEH2A,0.194365,0.155423,0.001073,0.002179,0.369798,146
ESC_ASSOU,stemness,ILF3,0.32414,0.287488,0.001985,0.002168,0.317681,147
ESC_ASSOU,stemness,IMPDH2,0.311122,0.284752,0.001966,0.002152,0.324175,148
ESC_ASSOU,stemness,EIF4EBP1,0.521689,0.780373,0.005388,0.00215,0.232388,149
ESC_ASSOU,stemness,BOP1,0.185766,0.141867,0.000979,0.002136,0.359022,150
ESC_ASSOU,stemness,PGM1,0.26841,0.222644,0.001537,0.002129,0.31232,151
ESC_ASSOU,stemness,KRR1,0.234203,0.179009,0.001236,0.002102,0.324562,152
ESC_ASSOU,stemness,DSG2,0.261117,0.222169,0.001534,0.002074,0.252178,153
ESC_ASSOU,stemness,GNL2,0.226126,0.176232,0.001217,0.002059,0.331007,154
ESC_ASSOU,stemness,ADSL,0.228668,0.176773,0.00122,0.002014,0.345357,155
ESC_ASSOU,stemness,NDUFAF4,0.238693,0.198453,0.00137,0.002013,0.343178,156
ESC_ASSOU,stemness,CCNC,0.30858,0.271012,0.001871,0.001994,0.313803,157
ESC_ASSOU,stemness,DDX46,0.2605,0.207676,0.001434,0.001993,0.290675,158
ESC_ASSOU,stemness,UBA2,0.344783,0.350913,0.002423,0.001956,0.311437,159
ESC_ASSOU,stemness,PNN,0.266605,0.213731,0.001476,0.001928,0.29327,160
ESC_ASSOU,stemness,EIF5B,0.253159,0.198376,0.00137,0.001921,0.280421,161
ESC_ASSOU,stemness,PDCD2,0.254894,0.200537,0.001385,0.001917,0.313079,162
ESC_ASSOU,stemness,IMPA2,0.18636,0.137683,0.000951,0.001901,0.315936,163
ESC_ASSOU,stemness,HIKESHI,0.285348,0.241405,0.001667,0.001895,0.289453,164
ESC_ASSOU,stemness,FKBP3,0.276558,0.22768,0.001572,0.001883,0.285534,165
ESC_ASSOU,stemness,CKAP2,0.13291,0.105397,0.000728,0.001872,0.353029,166
ESC_ASSOU,stemness,RAD51AP1,0.113194,0.093921,0.000648,0.00187,0.386905,167
ESC_ASSOU,stemness,CCNA2,0.107207,0.100866,0.000696,0.001854,0.383005,168
ESC_ASSOU,stemness,M6PR,0.27081,0.2205,0.001522,0.001819,0.275156,169
ESC_ASSOU,stemness,ASPM,0.094284,0.08285,0.000572,0.001813,0.345206,170
ESC_ASSOU,stemness,MEST,0.1708,0.195485,0.00135,0.001792,0.245136,171
ESC_ASSOU,stemness,ABCE1,0.246579,0.208323,0.001438,0.001788,0.334894,172
ESC_ASSOU,stemness,RSL24D1,0.323,0.302404,0.002088,0.001784,0.265946,173
ESC_ASSOU,stemness,RUVBL1,0.198594,0.153198,0.001058,0.001783,0.333206,174
ESC_ASSOU,stemness,IGFBP2,0.20926,0.276538,0.001909,0.001782,0.215135,175
ESC_ASSOU,stemness,BCL2L12,0.210851,0.16408,0.001133,0.001775,0.325158,176
ESC_ASSOU,stemness,GMNN,0.15783,0.126735,0.000875,0.001765,0.364879,177
ESC_ASSOU,stemness,TOP2A,0.104594,0.095072,0.000656,0.001757,0.354593,178
ESC_ASSOU,stemness,UCHL1,0.246698,0.284273,0.001963,0.001756,0.277579,179
ESC_ASSOU,stemness,RRM1,0.158637,0.124982,0.000863,0.001752,0.336321,180
ESC_ASSOU,stemness,RFC4,0.174791,0.137476,0.000949,0.001747,0.341159,181
ESC_ASSOU,stemness,H2AFX,0.211113,0.173831,0.0012,0.001743,0.317798,182
ESC_ASSOU,stemness,MCL1,0.441538,0.489709,0.003381,0.001714,0.161303,183
ESC_ASSOU,stemness,TARS,0.246437,0.207539,0.001433,0.001704,0.29127,184
ESC_ASSOU,stemness,CENPA,0.102242,0.091002,0.000628,0.001703,0.334466,185
ESC_ASSOU,stemness,SS18L2,0.264419,0.210726,0.001455,0.001691,0.269811,186
ESC_ASSOU,stemness,SUPT16H,0.24285,0.19159,0.001323,0.001687,0.278772,187
ESC_ASSOU,stemness,DESI2,0.235794,0.179004,0.001236,0.001685,0.296784,188
ESC_ASSOU,stemness,TFAM,0.213322,0.161874,0.001118,0.00168,0.307237,189
ESC_ASSOU,stemness,RBBP6,0.267294,0.213112,0.001471,0.001675,0.21044,190
ESC_ASSOU,stemness,MFAP2,0.258172,0.303747,0.002097,0.001635,0.252157,191
ESC_ASSOU,stemness,FAM83D,0.102955,0.090681,0.000626,0.001621,0.340345,192
ESC_ASSOU,stemness,PAK1IP1,0.177404,0.134338,0.000927,0.001619,0.328476,193
ESC_ASSOU,stemness,CXADR,0.242018,0.207722,0.001434,0.001614,0.250379,194
ESC_ASSOU,stemness,TEAD4,0.146665,0.112075,0.000774,0.001614,0.320255,195
ESC_ASSOU,stemness,NOLC1,0.214486,0.169222,0.001168,0.001594,0.310619,196
ESC_ASSOU,stemness,DHX29,0.232587,0.171336,0.001183,0.001573,0.259465,197
ESC_ASSOU,stemness,TPD52,0.307179,0.277209,0.001914,0.001568,0.256233,198
ESC_ASSOU,stemness,CKAP5,0.175955,0.134444,0.000928,0.001547,0.303699,199
ESC_ASSOU,stemness,HLTF,0.23121,0.199674,0.001379,0.001545,0.293044,200
ESC_ASSOU,stemness,POLR3K,0.254252,0.216843,0.001497,0.001543,0.25021,201
ESC_ASSOU,stemness,CBX5,0.194389,0.146347,0.00101,0.001537,0.311711,202
ESC_ASSOU,stemness,NPM3,0.174221,0.137378,0.000948,0.001518,0.320906,203
ESC_ASSOU,stemness,KIF23,0.088393,0.073714,0.000509,0.001514,0.343897,204
ESC_ASSOU,stemness,TUBB6,0.184863,0.143019,0.000987,0.001514,0.28941,205
ESC_ASSOU,stemness,MYBL2,0.098727,0.071206,0.000492,0.001483,0.356975,206
ESC_ASSOU,stemness,SLC5A6,0.209331,0.1656,0.001143,0.001471,0.247332,207
ESC_ASSOU,stemness,ITGA6,0.225793,0.195528,0.00135,0.001467,0.236076,208
ESC_ASSOU,stemness,RBBP8,0.172962,0.123561,0.000853,0.001458,0.290758,209
ESC_ASSOU,stemness,AP1M2,0.25772,0.224731,0.001552,0.001448,0.189939,210
ESC_ASSOU,stemness,RFC2,0.165455,0.127452,0.00088,0.001435,0.313972,211
ESC_ASSOU,stemness,AK3,0.226078,0.18346,0.001267,0.001413,0.282144,212
ESC_ASSOU,stemness,TACC3,0.091553,0.071542,0.000494,0.00141,0.316423,213
ESC_ASSOU,stemness,PHIP,0.222088,0.171641,0.001185,0.001409,0.26815,214
ESC_ASSOU,stemness,MRPS30,0.197097,0.141988,0.00098,0.001393,0.279157,215
ESC_ASSOU,stemness,SF3A1,0.181585,0.12934,0.000893,0.001391,0.281415,216
ESC_ASSOU,stemness,PTPN2,0.213013,0.15808,0.001091,0.001386,0.279309,217
ESC_ASSOU,stemness,MCM5,0.108158,0.083822,0.000579,0.001378,0.304783,218
ESC_ASSOU,stemness,CHORDC1,0.210994,0.166768,0.001151,0.001377,0.283656,219
ESC_ASSOU,stemness,PMAIP1,0.146736,0.126188,0.000871,0.001357,0.239767,220
ESC_ASSOU,stemness,CCAR1,0.188807,0.134818,0.000931,0.001357,0.280083,221
ESC_ASSOU,stemness,CRABP1,0.257412,0.411059,0.002838,0.001355,0.157368,222
ESC_ASSOU,stemness,HSPA4,0.223204,0.182416,0.001259,0.001354,0.281715,223
ESC_ASSOU,stemness,DHFR,0.107754,0.079652,0.00055,0.001349,0.315666,224
ESC_ASSOU,stemness,LYAR,0.13759,0.092865,0.000641,0.001347,0.314041,225
ESC_ASSOU,stemness,PTBP1,0.245867,0.193683,0.001337,0.001329,0.249433,226
ESC_ASSOU,stemness,EXOSC5,0.215959,0.168145,0.001161,0.001319,0.260425,227
ESC_ASSOU,stemness,CSE1L,0.162414,0.123788,0.000855,0.001314,0.306287,228
ESC_ASSOU,stemness,MIS18A,0.152984,0.114261,0.000789,0.001311,0.287771,229
ESC_ASSOU,stemness,MCM3,0.145525,0.116239,0.000803,0.00129,0.296131,230
ESC_ASSOU,stemness,TMPO,0.147639,0.1171,0.000808,0.001277,0.3177,231
ESC_ASSOU,stemness,FUBP1,0.190446,0.14167,0.000978,0.001275,0.260646,232
ESC_ASSOU,stemness,KLHL7,0.190089,0.140861,0.000973,0.001258,0.268697,233
ESC_ASSOU,stemness,DHX9,0.20268,0.153493,0.00106,0.001256,0.259926,234
ESC_ASSOU,stemness,CTBP2,0.209331,0.154139,0.001064,0.001245,0.221789,235
ESC_ASSOU,stemness,SEPHS1,0.165716,0.116783,0.000806,0.001235,0.281554,236
ESC_ASSOU,stemness,RNF138,0.167118,0.122651,0.000847,0.001223,0.28484,237
ESC_ASSOU,stemness,FEN1,0.120487,0.088397,0.00061,0.001217,0.305681,238
ESC_ASSOU,stemness,G3BP1,0.273233,0.238581,0.001647,0.001214,0.255475,239
ESC_ASSOU,stemness,MYO10,0.180445,0.141587,0.000978,0.00118,0.235309,240
ESC_ASSOU,stemness,TERF1,0.146427,0.097008,0.00067,0.001179,0.271345,241
ESC_ASSOU,stemness,CEBPZ,0.19724,0.143092,0.000988,0.00115,0.2311,242
ESC_ASSOU,stemness,NIPBL,0.201682,0.143277,0.000989,0.001149,0.234692,243
ESC_ASSOU,stemness,OAZ2,0.185671,0.129565,0.000895,0.001139,0.241715,244
ESC_ASSOU,stemness,IPO7,0.202252,0.159518,0.001101,0.001127,0.257026,245
ESC_ASSOU,stemness,GART,0.167142,0.124705,0.000861,0.001124,0.278167,246
ESC_ASSOU,stemness,PSME3,0.193344,0.143441,0.00099,0.001101,0.25614,247
ESC_ASSOU,stemness,DPP3,0.145976,0.101563,0.000701,0.0011,0.243644,248
ESC_ASSOU,stemness,CDCA5,0.082644,0.060404,0.000417,0.0011,0.323789,249
ESC_ASSOU,stemness,FNBP1L,0.246817,0.201955,0.001394,0.001099,0.206041,250
ESC_ASSOU,stemness,ALDH7A1,0.15802,0.122284,0.000844,0.001094,0.269054,251
ESC_ASSOU,stemness,MSH6,0.147853,0.108299,0.000748,0.00109,0.272111,252
ESC_ASSOU,stemness,LARS,0.219617,0.181441,0.001253,0.001073,0.244138,253
ESC_ASSOU,stemness,RBM39,0.403483,0.402992,0.002782,0.001068,0.159631,254
ESC_ASSOU,stemness,GCSH,0.170848,0.124549,0.00086,0.001064,0.252802,255
ESC_ASSOU,stemness,SLC1A5,0.185362,0.143103,0.000988,0.001063,0.200078,256
ESC_ASSOU,stemness,ECT2,0.12652,0.105924,0.000731,0.001057,0.296374,257
ESC_ASSOU,stemness,LMNB1,0.096969,0.075728,0.000523,0.001049,0.321447,258
ESC_ASSOU,stemness,MIS18BP1,0.13215,0.095032,0.000656,0.001042,0.272755,259
ESC_ASSOU,stemness,JPT2,0.221066,0.169793,0.001172,0.001038,0.199829,260
ESC_ASSOU,stemness,HNRNPL,0.215389,0.162993,0.001125,0.001031,0.233485,261
ESC_ASSOU,stemness,ANKRD10,0.294113,0.283071,0.001954,0.001028,0.181467,262
ESC_ASSOU,stemness,XPO1,0.218216,0.166715,0.001151,0.001019,0.23167,263
ESC_ASSOU,stemness,BMP7,0.064305,0.062103,0.000429,0.001014,0.186401,264
ESC_ASSOU,stemness,MRPS9,0.132934,0.093566,0.000646,0.001009,0.250529,265
ESC_ASSOU,stemness,GNL3,0.166144,0.121349,0.000838,0.001004,0.238942,266
ESC_ASSOU,stemness,NUP54,0.145596,0.101558,0.000701,0.001004,0.269387,267
ESC_ASSOU,stemness,GAL,0.102385,0.088736,0.000613,0.001003,0.243289,268
ESC_ASSOU,stemness,AP1S2,0.13683,0.116312,0.000803,0.000995,0.231028,269
ESC_ASSOU,stemness,VRK1,0.093097,0.064922,0.000448,0.000992,0.268106,270
ESC_ASSOU,stemness,PAWR,0.160562,0.107624,0.000743,0.000991,0.224162,271
ESC_ASSOU,stemness,GMFB,0.176929,0.120421,0.000831,0.000987,0.215094,272
ESC_ASSOU,stemness,INTS13,0.109535,0.076908,0.000531,0.000985,0.259702,273
ESC_ASSOU,stemness,NUP37,0.119726,0.083628,0.000577,0.000983,0.264383,274
ESC_ASSOU,stemness,ESF1,0.163935,0.115613,0.000798,0.000982,0.244264,275
ESC_ASSOU,stemness,KIF2C,0.065279,0.0514,0.000355,0.000972,0.29838,276
ESC_ASSOU,stemness,EXOSC7,0.164434,0.115917,0.0008,0.000956,0.229723,277
ESC_ASSOU,stemness,HAUS4,0.149515,0.100735,0.000695,0.000956,0.235885,278
ESC_ASSOU,stemness,NUDT15,0.124715,0.084726,0.000585,0.000953,0.260281,279
ESC_ASSOU,stemness,DNAAF2,0.160585,0.108714,0.000751,0.000951,0.243553,280
ESC_ASSOU,stemness,RRS1,0.126758,0.09016,0.000622,0.000947,0.26145,281
ESC_ASSOU,stemness,MTIF2,0.138137,0.088901,0.000614,0.000943,0.247708,282
ESC_ASSOU,stemness,SEC22C,0.160086,0.106722,0.000737,0.000937,0.211387,283
ESC_ASSOU,stemness,HMMR,0.062951,0.050104,0.000346,0.000933,0.284972,284
ESC_ASSOU,stemness,CD2AP,0.174197,0.127987,0.000884,0.000932,0.216641,285
ESC_ASSOU,stemness,UNG,0.127257,0.097221,0.000671,0.000929,0.248009,286
ESC_ASSOU,stemness,IDH1,0.273304,0.256919,0.001774,0.000918,0.181144,287
ESC_ASSOU,stemness,HMBS,0.128991,0.085703,0.000592,0.000917,0.253121,288
ESC_ASSOU,stemness,API5,0.187144,0.143757,0.000993,0.000916,0.239705,289
ESC_ASSOU,stemness,CDT1,0.07882,0.0535,0.000369,0.000916,0.283459,290
ESC_ASSOU,stemness,MCM4,0.117303,0.085488,0.00059,0.000916,0.25849,291
ESC_ASSOU,stemness,CDCA7,0.083761,0.061175,0.000422,0.000914,0.285698,292
ESC_ASSOU,stemness,SMARCA5,0.240664,0.202075,0.001395,0.000908,0.232366,293
ESC_ASSOU,stemness,MLLT10,0.172724,0.121161,0.000837,0.000899,0.20294,294
ESC_ASSOU,stemness,GPM6B,0.105806,0.073666,0.000509,0.000892,0.234817,295
ESC_ASSOU,stemness,TCF7L1,0.126948,0.084223,0.000581,0.000887,0.227543,296
ESC_ASSOU,stemness,AURKB,0.06364,0.049392,0.000341,0.000886,0.298879,297
ESC_ASSOU,stemness,MTHFD1,0.094736,0.063662,0.00044,0.000878,0.255715,298
ESC_ASSOU,stemness,TXLNG,0.121698,0.076645,0.000529,0.000855,0.251918,299
ESC_ASSOU,stemness,CENPE,0.055088,0.037945,0.000262,0.000845,0.274836,300
ESC_ASSOU,stemness,WDR12,0.104642,0.069736,0.000481,0.000835,0.256482,301
ESC_ASSOU,stemness,OSBPL9,0.207003,0.159916,0.001104,0.000831,0.1973,302
ESC_ASSOU,stemness,MAT2B,0.1918,0.148218,0.001023,0.000828,0.20605,303
ESC_ASSOU,stemness,PRKCI,0.221684,0.184812,0.001276,0.000824,0.214922,304
ESC_ASSOU,stemness,RBM28,0.119584,0.0794,0.000548,0.000824,0.242763,305
ESC_ASSOU,stemness,SKP2,0.113883,0.082023,0.000566,0.000823,0.258186,306
ESC_ASSOU,stemness,CENPH,0.078202,0.052973,0.000366,0.000812,0.27343,307
ESC_ASSOU,stemness,NME1,0.133243,0.103703,0.000716,0.000812,0.241491,308
ESC_ASSOU,stemness,MTF2,0.125665,0.078991,0.000545,0.000809,0.2302,309
ESC_ASSOU,stemness,RGMA,0.106257,0.070715,0.000488,0.000806,0.225623,310
ESC_ASSOU,stemness,NTHL1,0.137448,0.096573,0.000667,0.000803,0.210817,311
ESC_ASSOU,stemness,CHD1,0.145833,0.099036,0.000684,0.0008,0.221294,312
ESC_ASSOU,stemness,MAT2A,0.285752,0.249504,0.001723,0.000797,0.184369,313
ESC_ASSOU,stemness,PODXL,0.12892,0.095835,0.000662,0.000787,0.200262,314
ESC_ASSOU,stemness,RECQL,0.121009,0.082971,0.000573,0.000784,0.223714,315
ESC_ASSOU,stemness,MAP7,0.163388,0.121169,0.000837,0.000775,0.170737,316
ESC_ASSOU,stemness,ZNF146,0.22071,0.195607,0.001351,0.000768,0.228301,317
ESC_ASSOU,stemness,LMNB2,0.090484,0.057185,0.000395,0.000765,0.252382,318
ESC_ASSOU,stemness,KIF4A,0.060315,0.041731,0.000288,0.000764,0.281186,319
ESC_ASSOU,stemness,SLC29A1,0.189781,0.160693,0.001109,0.000762,0.161456,320
ESC_ASSOU,stemness,KIF20A,0.049055,0.038298,0.000264,0.000756,0.267107,321
ESC_ASSOU,stemness,METAP1,0.135571,0.097235,0.000671,0.00075,0.233434,322
ESC_ASSOU,stemness,RFC5,0.074473,0.047501,0.000328,0.000742,0.253142,323
ESC_ASSOU,stemness,FANCL,0.119441,0.084961,0.000587,0.000741,0.23035,324
ESC_ASSOU,stemness,MCM6,0.067964,0.046723,0.000323,0.000738,0.24645,325
ESC_ASSOU,stemness,PRPS1,0.120605,0.083218,0.000575,0.000732,0.228177,326
ESC_ASSOU,stemness,RNMT,0.199805,0.161406,0.001114,0.00073,0.212614,327
ESC_ASSOU,stemness,G3BP2,0.222396,0.182377,0.001259,0.000719,0.210844,328
ESC_ASSOU,stemness,PTK7,0.156404,0.115314,0.000796,0.000716,0.213057,329
ESC_ASSOU,stemness,TFRC,0.133433,0.097912,0.000676,0.000713,0.190481,330
ESC_ASSOU,stemness,TIA1,0.206362,0.154062,0.001064,0.000709,0.202956,331
ESC_ASSOU,stemness,MTA3,0.166382,0.111844,0.000772,0.000704,0.178411,332
ESC_ASSOU,stemness,ZNF638,0.197216,0.14186,0.000979,0.000701,0.187747,333
ESC_ASSOU,stemness,PLS3,0.137828,0.117223,0.000809,0.000696,0.20755,334
ESC_ASSOU,stemness,NMU,0.048508,0.042051,0.00029,0.000694,0.229928,335
ESC_ASSOU,stemness,CTCF,0.108205,0.064728,0.000447,0.000685,0.20493,336
ESC_ASSOU,stemness,GPC4,0.08894,0.059321,0.00041,0.000682,0.173194,337
ESC_ASSOU,stemness,SLC16A1,0.081623,0.051995,0.000359,0.000681,0.224787,338
ESC_ASSOU,stemness,RRM2,0.054827,0.037694,0.00026,0.000677,0.248582,339
ESC_ASSOU,stemness,MCM2,0.069745,0.046398,0.00032,0.000676,0.239007,340
ESC_ASSOU,stemness,TRIM24,0.105426,0.06244,0.000431,0.000655,0.202754,341
ESC_ASSOU,stemness,PSTK,0.088987,0.056836,0.000392,0.000655,0.184501,342
ESC_ASSOU,stemness,POLR2D,0.09628,0.066096,0.000456,0.000649,0.216159,343
ESC_ASSOU,stemness,USP9X,0.179637,0.126109,0.000871,0.000647,0.172501,344
ESC_ASSOU,stemness,NUP205,0.091695,0.059945,0.000414,0.000644,0.226367,345
ESC_ASSOU,stemness,IPO9,0.115593,0.076739,0.00053,0.000641,0.203249,346
ESC_ASSOU,stemness,MBD2,0.092408,0.054933,0.000379,0.000639,0.177069,347
ESC_ASSOU,stemness,OIP5,0.05592,0.035473,0.000245,0.000629,0.264757,348
ESC_ASSOU,stemness,ARNTL2,0.069603,0.051371,0.000355,0.000626,0.184708,349
ESC_ASSOU,stemness,NUBP1,0.102599,0.06628,0.000458,0.000626,0.171316,350
ESC_ASSOU,stemness,LARP7,0.109654,0.06865,0.000474,0.00062,0.186454,351
ESC_ASSOU,stemness,COA7,0.076444,0.048169,0.000333,0.000618,0.214811,352
ESC_ASSOU,stemness,USO1,0.199995,0.154268,0.001065,0.000615,0.182857,353
ESC_ASSOU,stemness,RIF1,0.127233,0.089311,0.000617,0.000615,0.198993,354
ESC_ASSOU,stemness,MRPL1,0.087609,0.057636,0.000398,0.000615,0.218917,355
ESC_ASSOU,stemness,NFYB,0.108918,0.072077,0.000498,0.000614,0.204502,356
ESC_ASSOU,stemness,AARS,0.148541,0.114521,0.000791,0.000612,0.186491,357
ESC_ASSOU,stemness,NFE2L3,0.080055,0.048578,0.000335,0.000605,0.196088,358
ESC_ASSOU,stemness,NIPSNAP1,0.184768,0.150095,0.001036,0.000595,0.201064,359
ESC_ASSOU,stemness,TTK,0.048389,0.036388,0.000251,0.000579,0.248206,360
ESC_ASSOU,stemness,AGPS,0.090911,0.061089,0.000422,0.000577,0.21013,361
ESC_ASSOU,stemness,FBXO5,0.049815,0.032515,0.000224,0.000577,0.23102,362
ESC_ASSOU,stemness,CLDN10,0.047463,0.043201,0.000298,0.000574,0.169073,363
ESC_ASSOU,stemness,EXOSC9,0.070909,0.04361,0.000301,0.000572,0.21828,364
ESC_ASSOU,stemness,CDC6,0.053996,0.037457,0.000259,0.000569,0.235469,365
ESC_ASSOU,stemness,TNPO1,0.134597,0.092762,0.00064,0.000569,0.187887,366
ESC_ASSOU,stemness,GRTP1,0.119323,0.076974,0.000531,0.000566,0.162664,367
ESC_ASSOU,stemness,STRBP,0.111507,0.065719,0.000454,0.000566,0.179782,368
ESC_ASSOU,stemness,WDR3,0.081124,0.053543,0.00037,0.000563,0.205268,369
ESC_ASSOU,stemness,RABGAP1L,0.161773,0.127592,0.000881,0.000558,0.155156,370
ESC_ASSOU,stemness,RFC3,0.070149,0.047229,0.000326,0.000555,0.218513,371
ESC_ASSOU,stemness,STC1,0.058082,0.041446,0.000286,0.000554,0.173275,372
ESC_ASSOU,stemness,PUS1,0.070957,0.04378,0.000302,0.00055,0.192533,373
ESC_ASSOU,stemness,MGME1,0.104761,0.065373,0.000451,0.00054,0.183495,374
ESC_ASSOU,stemness,ZNF267,0.10096,0.07072,0.000488,0.000539,0.159867,375
ESC_ASSOU,stemness,PPAT,0.082407,0.05314,0.000367,0.000539,0.217051,376
ESC_ASSOU,stemness,TNPO3,0.099416,0.060766,0.00042,0.000533,0.183832,377
ESC_ASSOU,stemness,ARF3,0.247149,0.204193,0.00141,0.000529,0.118028,378
ESC_ASSOU,stemness,GALNT1,0.115593,0.074423,0.000514,0.000527,0.164911,379
ESC_ASSOU,stemness,WDR4,0.082692,0.055401,0.000382,0.000524,0.19292,380
ESC_ASSOU,stemness,BUB1,0.045301,0.031987,0.000221,0.000523,0.240973,381
ESC_ASSOU,stemness,HOOK1,0.11001,0.076055,0.000525,0.000522,0.16997,382
ESC_ASSOU,stemness,KCNS3,0.106328,0.069984,0.000483,0.000518,0.137074,383
ESC_ASSOU,stemness,MSH2,0.095496,0.066845,0.000462,0.000518,0.210516,384
ESC_ASSOU,stemness,NUP107,0.094023,0.063561,0.000439,0.000515,0.207115,385
ESC_ASSOU,stemness,DEPDC1B,0.044494,0.029845,0.000206,0.000507,0.242714,386
ESC_ASSOU,stemness,PKP4,0.105046,0.066431,0.000459,0.000506,0.171377,387
ESC_ASSOU,stemness,RRAS2,0.099606,0.066697,0.00046,0.0005,0.174493,388
ESC_ASSOU,stemness,CDH1,0.193225,0.157118,0.001085,0.000497,0.107984,389
ESC_ASSOU,stemness,TRIM22,0.124739,0.105816,0.000731,0.000496,0.131867,390
ESC_ASSOU,stemness,EFS,0.10906,0.070611,0.000488,0.000494,0.142515,391
ESC_ASSOU,stemness,MARS,0.125784,0.091983,0.000635,0.000493,0.175246,392
ESC_ASSOU,stemness,CHEK1,0.057535,0.039472,0.000273,0.000492,0.224717,393
ESC_ASSOU,stemness,CASP3,0.108086,0.07423,0.000512,0.000487,0.170704,394
ESC_ASSOU,stemness,TIPIN,0.057963,0.035302,0.000244,0.000483,0.192691,395
ESC_ASSOU,stemness,NLN,0.081267,0.054993,0.00038,0.000481,0.189955,396
ESC_ASSOU,stemness,NUP35,0.067797,0.04395,0.000303,0.000479,0.211178,397
ESC_ASSOU,stemness,MCM10,0.048437,0.034281,0.000237,0.000478,0.231379,398
ESC_ASSOU,stemness,JMJD1C,0.197667,0.153162,0.001057,0.000476,0.151442,399
ESC_ASSOU,stemness,CHAF1B,0.066681,0.043204,0.000298,0.000474,0.209372,400
ESC_ASSOU,stemness,PAK1,0.136616,0.096558,0.000667,0.000474,0.160412,401
ESC_ASSOU,stemness,NOC3L,0.078725,0.050117,0.000346,0.000471,0.183048,402
ESC_ASSOU,stemness,HSD17B4,0.100603,0.074534,0.000515,0.000471,0.163084,403
ESC_ASSOU,stemness,ID1,0.084759,0.084748,0.000585,0.00047,0.15334,404
ESC_ASSOU,stemness,EIF4A1,0.15239,0.114144,0.000788,0.000453,0.172722,405
ESC_ASSOU,stemness,TFAP2C,0.136284,0.097282,0.000672,0.000448,0.159448,406
ESC_ASSOU,stemness,NSD1,0.148969,0.105043,0.000725,0.000446,0.167396,407
ESC_ASSOU,stemness,CHEK2,0.052357,0.034496,0.000238,0.000442,0.208877,408
ESC_ASSOU,stemness,NUP160,0.077133,0.049363,0.000341,0.000442,0.181703,409
ESC_ASSOU,stemness,COQ3,0.061526,0.037112,0.000256,0.000433,0.192923,410
ESC_ASSOU,stemness,PPM1B,0.125926,0.083963,0.00058,0.000432,0.136532,411
ESC_ASSOU,stemness,NUFIP1,0.065564,0.040773,0.000282,0.000429,0.166256,412
ESC_ASSOU,stemness,ARMT1,0.085044,0.05572,0.000385,0.000426,0.177089,413
ESC_ASSOU,stemness,AGL,0.131058,0.092058,0.000636,0.000426,0.154758,414
ESC_ASSOU,stemness,PANK2,0.097088,0.060659,0.000419,0.000426,0.169994,415
ESC_ASSOU,stemness,METTL3,0.102052,0.065672,0.000453,0.000424,0.167905,416
ESC_ASSOU,stemness,IMPA1,0.082383,0.054817,0.000378,0.000424,0.179422,417
ESC_ASSOU,stemness,EXOSC2,0.058913,0.035537,0.000245,0.000419,0.188661,418
ESC_ASSOU,stemness,NPTX2,0.025252,0.02352,0.000162,0.000415,0.125608,419
ESC_ASSOU,stemness,SLC6A8,0.093453,0.059746,0.000412,0.000413,0.145821,420
ESC_ASSOU,stemness,THOC1,0.082977,0.054513,0.000376,0.000412,0.191855,421
ESC_ASSOU,stemness,TTF2,0.060053,0.03774,0.000261,0.000407,0.18765,422
ESC_ASSOU,stemness,FANCG,0.057321,0.035497,0.000245,0.000404,0.201063,423
ESC_ASSOU,stemness,ANAPC1,0.091576,0.057655,0.000398,0.000403,0.16028,424
ESC_ASSOU,stemness,NUP62,0.104594,0.066555,0.00046,0.000403,0.167026,425
ESC_ASSOU,stemness,COL18A1,0.133196,0.108429,0.000749,0.000401,0.146748,426
ESC_ASSOU,stemness,HELLS,0.065303,0.044986,0.000311,0.0004,0.174319,427
ESC_ASSOU,stemness,POLR3G,0.045301,0.027467,0.00019,0.0004,0.173448,428
ESC_ASSOU,stemness,UACA,0.099724,0.067471,0.000466,0.000394,0.182338,429
ESC_ASSOU,stemness,USP46,0.105972,0.070992,0.00049,0.000393,0.165751,430
ESC_ASSOU,stemness,PPP6R3,0.128563,0.091157,0.000629,0.000391,0.163693,431
ESC_ASSOU,stemness,DLAT,0.078487,0.052053,0.000359,0.00039,0.16963,432
ESC_ASSOU,stemness,ZNF770,0.110961,0.079223,0.000547,0.00039,0.183057,433
ESC_ASSOU,stemness,AUTS2,0.113621,0.073319,0.000506,0.000388,0.149539,434
ESC_ASSOU,stemness,ETV4,0.045753,0.028477,0.000197,0.000385,0.177979,435
ESC_ASSOU,stemness,SORD,0.129347,0.098182,0.000678,0.000384,0.140855,436
ESC_ASSOU,stemness,ITPR3,0.076824,0.053052,0.000366,0.000383,0.143592,437
ESC_ASSOU,stemness,HPS3,0.099463,0.068183,0.000471,0.000383,0.164375,438
ESC_ASSOU,stemness,MFGE8,0.194698,0.189002,0.001305,0.000381,0.149081,439
ESC_ASSOU,stemness,TRIM2,0.134787,0.103358,0.000714,0.000379,0.163741,440
ESC_ASSOU,stemness,BICD1,0.074758,0.047073,0.000325,0.000379,0.168492,441
ESC_ASSOU,stemness,HIP1,0.074853,0.043003,0.000297,0.000376,0.156071,442
ESC_ASSOU,stemness,WDHD1,0.043615,0.026881,0.000186,0.000374,0.190818,443
ESC_ASSOU,stemness,MASTL,0.055255,0.037931,0.000262,0.000371,0.19923,444
ESC_ASSOU,stemness,ELOVL6,0.049981,0.029565,0.000204,0.000371,0.165948,445
ESC_ASSOU,stemness,ADNP,0.11545,0.073694,0.000509,0.00037,0.143384,446
ESC_ASSOU,stemness,ITGB5,0.071741,0.043277,0.000299,0.000369,0.129319,447
ESC_ASSOU,stemness,CENPQ,0.042926,0.024838,0.000171,0.000368,0.186907,448
ESC_ASSOU,stemness,GJA1,0.04447,0.029819,0.000206,0.000365,0.176076,449
ESC_ASSOU,stemness,WFDC2,0.325114,0.629944,0.004349,0.000361,0.044441,450
ESC_ASSOU,stemness,GPRC5B,0.112766,0.078977,0.000545,0.00036,0.138797,451
ESC_ASSOU,stemness,PIM1,0.076943,0.061059,0.000422,0.000357,0.159976,452
ESC_ASSOU,stemness,RAD54B,0.044303,0.028952,0.0002,0.000355,0.196861,453
ESC_ASSOU,stemness,CNOT11,0.073166,0.041741,0.000288,0.000354,0.138126,454
ESC_ASSOU,stemness,DIDO1,0.113764,0.073626,0.000508,0.000352,0.138085,455
ESC_ASSOU,stemness,PBX1,0.162985,0.125462,0.000866,0.00035,0.12574,456
ESC_ASSOU,stemness,CHAF1A,0.049245,0.029529,0.000204,0.00035,0.177575,457
ESC_ASSOU,stemness,ARFGEF1,0.113693,0.074204,0.000512,0.00035,0.144338,458
ESC_ASSOU,stemness,FZD7,0.073332,0.046193,0.000319,0.000348,0.146039,459
ESC_ASSOU,stemness,CADPS2,0.085329,0.057482,0.000397,0.000341,0.142794,460
ESC_ASSOU,stemness,ZNF273,0.077347,0.054827,0.000379,0.000336,0.158366,461
ESC_ASSOU,stemness,CTPS2,0.064305,0.040048,0.000276,0.000336,0.164193,462
ESC_ASSOU,stemness,EPHA1,0.058937,0.036374,0.000251,0.000332,0.112416,463
ESC_ASSOU,stemness,METTL8,0.074021,0.048882,0.000337,0.000328,0.165584,464
ESC_ASSOU,stemness,MARVELD3,0.082003,0.052873,0.000365,0.000324,0.129207,465
ESC_ASSOU,stemness,SOX2,0.032853,0.01933,0.000133,0.000321,0.153152,466
ESC_ASSOU,stemness,CRKL,0.073024,0.047312,0.000327,0.000319,0.143757,467
ESC_ASSOU,stemness,ROR1,0.040693,0.020464,0.000141,0.000318,0.177369,468
ESC_ASSOU,stemness,UGT8,0.046608,0.030069,0.000208,0.000318,0.16492,469
ESC_ASSOU,stemness,RMI1,0.051786,0.033205,0.000229,0.000316,0.159157,470
ESC_ASSOU,stemness,BUB1B,0.02929,0.018065,0.000125,0.000316,0.191793,471
ESC_ASSOU,stemness,PRIM1,0.041239,0.026122,0.00018,0.000315,0.166395,472
ESC_ASSOU,stemness,GNPTAB,0.09647,0.062106,0.000429,0.000306,0.120721,473
ESC_ASSOU,stemness,DNMT3A,0.091719,0.058932,0.000407,0.000306,0.149506,474
ESC_ASSOU,stemness,CDC7,0.043139,0.027092,0.000187,0.000306,0.167415,475
ESC_ASSOU,stemness,DARS2,0.044303,0.027345,0.000189,0.000305,0.149982,476
ESC_ASSOU,stemness,SLC39A10,0.071361,0.046401,0.00032,0.000304,0.146701,477
ESC_ASSOU,stemness,CDYL,0.072216,0.041171,0.000284,0.000304,0.147685,478
ESC_ASSOU,stemness,LIG1,0.05763,0.03882,0.000268,0.000301,0.156676,479
ESC_ASSOU,stemness,VSNL1,0.040336,0.029389,0.000203,0.000301,0.157647,480
ESC_ASSOU,stemness,TRIM14,0.07319,0.046865,0.000324,0.000297,0.126983,481
ESC_ASSOU,stemness,RBM14,0.058937,0.034797,0.00024,0.000288,0.131732,482
ESC_ASSOU,stemness,PITPNC1,0.064329,0.038639,0.000267,0.000287,0.141133,483
ESC_ASSOU,stemness,ATE1,0.093738,0.061337,0.000423,0.000286,0.140809,484
ESC_ASSOU,stemness,DLG3,0.106803,0.07409,0.000512,0.000283,0.114807,485
ESC_ASSOU,stemness,FGFR1,0.071147,0.05467,0.000377,0.000283,0.139046,486
ESC_ASSOU,stemness,SPAG5,0.031357,0.018412,0.000127,0.000281,0.189997,487
ESC_ASSOU,stemness,SLC29A2,0.054328,0.03172,0.000219,0.000279,0.153145,488
ESC_ASSOU,stemness,MICB,0.026748,0.016004,0.00011,0.000267,0.150948,489
ESC_ASSOU,stemness,EEF1E1,0.051715,0.034141,0.000236,0.000264,0.139459,490
ESC_ASSOU,stemness,POLD1,0.047819,0.030644,0.000212,0.000264,0.159057,491
ESC_ASSOU,stemness,DPYSL3,0.078582,0.055502,0.000383,0.000264,0.144723,492
ESC_ASSOU,stemness,ZNF195,0.075257,0.047982,0.000331,0.000263,0.132249,493
ESC_ASSOU,stemness,PRKX,0.083618,0.055546,0.000384,0.000261,0.158075,494
ESC_ASSOU,stemness,LGALS8,0.127019,0.090198,0.000623,0.000261,0.096354,495
ESC_ASSOU,stemness,NUP88,0.059982,0.040095,0.000277,0.00026,0.144383,496
ESC_ASSOU,stemness,NDUFAF7,0.058367,0.035282,0.000244,0.000259,0.145944,497
ESC_ASSOU,stemness,SLC38A1,0.239191,0.207616,0.001433,0.000253,0.117339,498
ESC_ASSOU,stemness,BMPR1A,0.062001,0.039931,0.000276,0.000252,0.131603,499
ESC_ASSOU,stemness,TTC19,0.113241,0.075214,0.000519,0.000251,0.147978,500
ESC_ASSOU,stemness,PTPRZ1,0.032046,0.021487,0.000148,0.000248,0.135531,501
ESC_ASSOU,stemness,RNF41,0.097444,0.063431,0.000438,0.000243,0.1311,502
ESC_ASSOU,stemness,BRAF,0.087467,0.057085,0.000394,0.000239,0.13583,503
ESC_ASSOU,stemness,ZNF281,0.089795,0.057535,0.000397,0.000236,0.095031,504
ESC_ASSOU,stemness,TAF4B,0.04409,0.026245,0.000181,0.000231,0.137625,505
ESC_ASSOU,stemness,AKAP1,0.093192,0.061689,0.000426,0.000231,0.086135,506
ESC_ASSOU,stemness,KCNK5,0.038507,0.0248,0.000171,0.000224,0.130769,507
ESC_ASSOU,stemness,PLCB3,0.051929,0.029557,0.000204,0.00022,0.123295,508
ESC_ASSOU,stemness,BLM,0.023874,0.015627,0.000108,0.000216,0.160627,509
ESC_ASSOU,stemness,GULP1,0.055231,0.040214,0.000278,0.000215,0.102734,510
ESC_ASSOU,stemness,SEMA4C,0.050219,0.028153,0.000194,0.000214,0.115141,511
ESC_ASSOU,stemness,E2F5,0.03302,0.018414,0.000127,0.000208,0.115781,512
ESC_ASSOU,stemness,PYCR2,0.06193,0.037296,0.000257,0.000207,0.097545,513
ESC_ASSOU,stemness,COCH,0.030525,0.021044,0.000145,0.000207,0.142961,514
ESC_ASSOU,stemness,MARVELD2,0.06212,0.035867,0.000248,0.000206,0.075587,515
ESC_ASSOU,stemness,DDIAS,0.032188,0.02093,0.000145,0.000203,0.162535,516
ESC_ASSOU,stemness,ZNF567,0.068439,0.048295,0.000333,0.0002,0.132749,517
ESC_ASSOU,stemness,IGF2BP3,0.031618,0.021885,0.000151,0.0002,0.138427,518
ESC_ASSOU,stemness,IRX2,0.064994,0.044614,0.000308,0.000198,0.109602,519
ESC_ASSOU,stemness,BCOR,0.047534,0.025277,0.000175,0.000197,0.104672,520
ESC_ASSOU,stemness,IFI30,0.04991,0.034045,0.000235,0.000197,0.100908,521
ESC_ASSOU,stemness,LGR4,0.038222,0.020152,0.000139,0.000197,0.128724,522
ESC_ASSOU,stemness,POLE2,0.023161,0.014273,9.9e-05,0.000195,0.145265,523
ESC_ASSOU,stemness,AMMECR1,0.05858,0.0366,0.000253,0.000194,0.119929,524
ESC_ASSOU,stemness,PLK4,0.022853,0.014505,1e-04,0.000193,0.159797,525
ESC_ASSOU,stemness,FCHO1,0.064923,0.042893,0.000296,0.000192,0.10373,526
ESC_ASSOU,stemness,CIB2,0.040313,0.022299,0.000154,0.00019,0.121472,527
ESC_ASSOU,stemness,MFAP3L,0.032545,0.017859,0.000123,0.000186,0.119564,528
ESC_ASSOU,stemness,B3GNT7,0.031523,0.019246,0.000133,0.000185,0.092827,529
ESC_ASSOU,stemness,HEY2,0.055278,0.045076,0.000311,0.000185,0.097188,530
ESC_ASSOU,stemness,DIAPH2,0.048128,0.03161,0.000218,0.000184,0.123694,531
ESC_ASSOU,stemness,PIGW,0.032046,0.018842,0.00013,0.000183,0.126903,532
ESC_ASSOU,stemness,CCKBR,0.029219,0.020361,0.000141,0.000182,0.09876,533
ESC_ASSOU,stemness,ERBB2,0.103264,0.070888,0.000489,0.00018,0.078914,534
ESC_ASSOU,stemness,PDE9A,0.05592,0.032964,0.000228,0.000178,0.125985,535
ESC_ASSOU,stemness,EXTL2,0.046418,0.027754,0.000192,0.000176,0.122591,536
ESC_ASSOU,stemness,SWAP70,0.122553,0.087203,0.000602,0.000173,0.109296,537
ESC_ASSOU,stemness,POLR1B,0.031761,0.020112,0.000139,0.000172,0.119384,538
ESC_ASSOU,stemness,GRB14,0.031001,0.019983,0.000138,0.000169,0.108299,539
ESC_ASSOU,stemness,LRP8,0.025632,0.013227,9.1e-05,0.000168,0.125315,540
ESC_ASSOU,stemness,POU2F1,0.050622,0.029845,0.000206,0.000168,0.11017,541
ESC_ASSOU,stemness,GLMN,0.044018,0.028938,0.0002,0.000168,0.119362,542
ESC_ASSOU,stemness,FEZ1,0.028126,0.01498,0.000103,0.000167,0.118406,543
ESC_ASSOU,stemness,ZNF398,0.038935,0.022128,0.000153,0.000167,0.116583,544
ESC_ASSOU,stemness,FIGNL1,0.039505,0.026881,0.000186,0.000167,0.126266,545
ESC_ASSOU,stemness,GEMIN4,0.030359,0.018958,0.000131,0.000167,0.117808,546
ESC_ASSOU,stemness,PPP2R1B,0.045087,0.027748,0.000192,0.000165,0.114157,547
ESC_ASSOU,stemness,DCP2,0.075447,0.052617,0.000363,0.000164,0.127447,548
ESC_ASSOU,stemness,PSMA2,0.040764,0.02523,0.000174,0.000163,0.093425,549
ESC_ASSOU,stemness,IL17RD,0.032735,0.019307,0.000133,0.000161,0.117308,550
ESC_ASSOU,stemness,KCTD14,0.033519,0.023564,0.000163,0.000161,0.105236,551
ESC_ASSOU,stemness,ENO2,0.052832,0.039352,0.000272,0.000158,0.105265,552
ESC_ASSOU,stemness,MAN2A1,0.05181,0.035753,0.000247,0.000156,0.09679,553
ESC_ASSOU,stemness,PDK1,0.064044,0.04557,0.000315,0.000156,0.131384,554
ESC_ASSOU,stemness,TDRP,0.053711,0.033415,0.000231,0.000154,0.107242,555
ESC_ASSOU,stemness,MYEF2,0.056775,0.033733,0.000233,0.000153,0.115165,556
ESC_ASSOU,stemness,ITSN1,0.066182,0.040985,0.000283,0.000153,0.119296,557
ESC_ASSOU,stemness,PKD2,0.033566,0.017774,0.000123,0.000152,0.125179,558
ESC_ASSOU,stemness,RBPMS2,0.029076,0.014639,0.000101,0.000151,0.130496,559
ESC_ASSOU,stemness,MDN1,0.054067,0.0353,0.000244,0.00015,0.125233,560
ESC_ASSOU,stemness,SNTB1,0.030525,0.015457,0.000107,0.000149,0.116553,561
ESC_ASSOU,stemness,CDA,0.029884,0.02893,0.0002,0.000148,0.045944,562
ESC_ASSOU,stemness,MRPL12,0.035847,0.021604,0.000149,0.000148,0.105789,563
ESC_ASSOU,stemness,CDC25A,0.016082,0.009067,6.3e-05,0.000147,0.128735,564
ESC_ASSOU,stemness,VANGL2,0.053901,0.032716,0.000226,0.000146,0.099379,565
ESC_ASSOU,stemness,KIF1A,0.046822,0.029009,0.0002,0.000145,0.105486,566
ESC_ASSOU,stemness,SEMA6A,0.032901,0.020532,0.000142,0.000144,0.118483,567
ESC_ASSOU,stemness,OLFM1,0.02758,0.015511,0.000107,0.000143,0.088731,568
ESC_ASSOU,stemness,SACS,0.043733,0.026838,0.000185,0.000142,0.128255,569
ESC_ASSOU,stemness,KNTC1,0.026748,0.017455,0.000121,0.000139,0.125547,570
ESC_ASSOU,stemness,USP28,0.046346,0.029722,0.000205,0.000137,0.111189,571
ESC_ASSOU,stemness,GNG4,0.027128,0.023274,0.000161,0.000135,0.093149,572
ESC_ASSOU,stemness,SLC13A3,0.035965,0.019915,0.000137,0.000133,0.087284,573
ESC_ASSOU,stemness,SKIL,0.197715,0.164809,0.001138,0.000132,0.11588,574
ESC_ASSOU,stemness,THEMIS2,0.034849,0.021556,0.000149,0.000131,0.074353,575
ESC_ASSOU,stemness,TRIM36,0.036559,0.021664,0.00015,0.000129,0.091263,576
ESC_ASSOU,stemness,PPP2R2B,0.019622,0.009217,6.4e-05,0.000129,0.120751,577
ESC_ASSOU,stemness,ZNF43,0.054399,0.033007,0.000228,0.000126,0.098557,578
ESC_ASSOU,stemness,JARID2,0.070909,0.045065,0.000311,0.000125,0.087115,579
ESC_ASSOU,stemness,HSPA14,0.0334,0.019137,0.000132,0.000121,0.10603,580
ESC_ASSOU,stemness,ZNF257,0.020026,0.012369,8.5e-05,0.000119,0.096042,581
ESC_ASSOU,stemness,ADM,0.082977,0.080443,0.000555,0.000119,0.066779,582
ESC_ASSOU,stemness,GRB7,0.075969,0.052978,0.000366,0.000116,0.069392,583
ESC_ASSOU,stemness,FRAT2,0.038911,0.020494,0.000141,0.000116,0.078341,584
ESC_ASSOU,stemness,PLP1,0.018957,0.014573,0.000101,0.000115,0.0832,585
ESC_ASSOU,stemness,GTF2E1,0.027081,0.016205,0.000112,0.000114,0.08264,586
ESC_ASSOU,stemness,PCDH1,0.05535,0.034109,0.000235,0.000114,0.037336,587
ESC_ASSOU,stemness,PIF1,0.01316,0.007373,5.1e-05,0.000114,0.124519,588
ESC_ASSOU,stemness,FKBP5,0.090104,0.071643,0.000495,0.000113,0.126184,589
ESC_ASSOU,stemness,LRRN1,0.041595,0.030852,0.000213,0.000112,0.104846,590
ESC_ASSOU,stemness,SCLY,0.024705,0.013182,9.1e-05,0.000106,0.104464,591
ESC_ASSOU,stemness,LRIG1,0.052689,0.030231,0.000209,0.000106,0.0737,592
ESC_ASSOU,stemness,GCLC,0.043733,0.026604,0.000184,0.000104,0.089046,593
ESC_ASSOU,stemness,BMP2K,0.041025,0.023991,0.000166,0.000104,0.093162,594
ESC_ASSOU,stemness,ZNF331,0.073499,0.055067,0.00038,0.000103,0.093827,595
ESC_ASSOU,stemness,FOXD3,0.014134,0.005786,4e-05,9.8e-05,0.106005,596
ESC_ASSOU,stemness,CRLF1,0.021522,0.014379,9.9e-05,9.7e-05,0.104285,597
ESC_ASSOU,stemness,PIM2,0.031642,0.02049,0.000141,9.7e-05,0.098294,598
ESC_ASSOU,stemness,NR6A1,0.024397,0.013315,9.2e-05,9.5e-05,0.083781,599
ESC_ASSOU,stemness,HOMER1,0.042712,0.025306,0.000175,9.1e-05,0.086649,600
ESC_ASSOU,stemness,ROBO1,0.024515,0.015879,0.00011,9e-05,0.094838,601
ESC_ASSOU,stemness,DUSP16,0.04713,0.029141,0.000201,8.9e-05,0.060986,602
ESC_ASSOU,stemness,JMY,0.03492,0.019745,0.000136,8.4e-05,0.069923,603
ESC_ASSOU,stemness,CABLES1,0.030525,0.0154,0.000106,8.3e-05,0.074846,604
ESC_ASSOU,stemness,PLS1,0.028483,0.019688,0.000136,8.2e-05,0.07983,605
ESC_ASSOU,stemness,RNF125,0.021095,0.012569,8.7e-05,8.2e-05,0.088416,606
ESC_ASSOU,stemness,GPR19,0.009241,0.005547,3.8e-05,8.1e-05,0.096135,607
ESC_ASSOU,stemness,PIK3CB,0.079509,0.054942,0.000379,7.9e-05,0.098301,608
ESC_ASSOU,stemness,FOXN3,0.048888,0.030407,0.00021,7.9e-05,0.077156,609
ESC_ASSOU,stemness,ABHD17B,0.027509,0.016291,0.000112,7.6e-05,0.080475,610
ESC_ASSOU,stemness,ZNF614,0.031381,0.018096,0.000125,7.6e-05,0.075029,611
ESC_ASSOU,stemness,FAM72A,0.009811,0.004848,3.3e-05,7e-05,0.081818,612
ESC_ASSOU,stemness,TIMP4,0.020429,0.014779,0.000102,7e-05,0.048656,613
ESC_ASSOU,stemness,POU5F1,0.009645,0.005922,4.1e-05,7e-05,0.075953,614
ESC_ASSOU,stemness,FZD5,0.020406,0.010728,7.4e-05,6.9e-05,0.077975,615
ESC_ASSOU,stemness,OCLN,0.083357,0.058271,0.000402,6.7e-05,0.049888,616
ESC_ASSOU,stemness,HSD11B2,0.021689,0.01422,9.8e-05,6.6e-05,0.071371,617
ESC_ASSOU,stemness,SLC25A29,0.073641,0.044299,0.000306,6.5e-05,0.072792,618
ESC_ASSOU,stemness,COBL,0.065446,0.043809,0.000302,6.4e-05,0.069043,619
ESC_ASSOU,stemness,GYG2,0.032093,0.018039,0.000125,6.4e-05,0.061923,620
ESC_ASSOU,stemness,LARS2,0.020192,0.011121,7.7e-05,6.3e-05,0.069846,621
ESC_ASSOU,stemness,EPB41L4B,0.035633,0.019755,0.000136,5.9e-05,0.048481,622
ESC_ASSOU,stemness,CRYM,0.013612,0.007373,5.1e-05,5.9e-05,0.073023,623
ESC_ASSOU,stemness,DNMT3B,0.020691,0.012732,8.8e-05,5.7e-05,0.07545,624
ESC_ASSOU,stemness,CD200,0.011498,0.009118,6.3e-05,5.6e-05,0.062062,625
ESC_ASSOU,stemness,SNRPN,0.069223,0.04634,0.00032,5.6e-05,0.045724,626
ESC_ASSOU,stemness,GFPT2,0.023209,0.014292,9.9e-05,5.5e-05,0.079093,627
ESC_ASSOU,stemness,PPP1R1A,0.025584,0.020161,0.000139,5.4e-05,0.051868,628
ESC_ASSOU,stemness,BCAT1,0.021261,0.017731,0.000122,5.2e-05,0.09,629
ESC_ASSOU,stemness,FGF2,0.011688,0.005955,4.1e-05,5.2e-05,0.078819,630
ESC_ASSOU,stemness,USP32,0.045159,0.029194,0.000202,5.2e-05,0.074895,631
ESC_ASSOU,stemness,SIRT1,0.042831,0.025576,0.000177,4.9e-05,0.06903,632
ESC_ASSOU,stemness,ACVR2B,0.016391,0.00985,6.8e-05,4.9e-05,0.059403,633
ESC_ASSOU,stemness,YBX2,0.016581,0.01048,7.2e-05,4.6e-05,0.064619,634
ESC_ASSOU,stemness,ATXN7L1,0.026558,0.016237,0.000112,4.6e-05,0.063723,635
ESC_ASSOU,stemness,CHST7,0.011711,0.006594,4.6e-05,4.5e-05,0.050052,636
ESC_ASSOU,stemness,PASK,0.015536,0.009022,6.2e-05,4.4e-05,0.073643,637
ESC_ASSOU,stemness,SPRY1,0.037723,0.026712,0.000184,4.2e-05,0.073984,638
ESC_ASSOU,stemness,MYCN,0.009716,0.005191,3.6e-05,4.2e-05,0.061434,639
ESC_ASSOU,stemness,GLDC,0.008694,0.004168,2.9e-05,4.1e-05,0.059528,640
ESC_ASSOU,stemness,LINGO1,0.011046,0.005746,4e-05,4.1e-05,0.044686,641
ESC_ASSOU,stemness,CTH,0.018149,0.011181,7.7e-05,4e-05,0.046132,642
ESC_ASSOU,stemness,RASL11B,0.008148,0.0057,3.9e-05,3.9e-05,0.06092,643
ESC_ASSOU,stemness,ZBTB3,0.008979,0.005371,3.7e-05,3.9e-05,0.049329,644
ESC_ASSOU,stemness,PFAS,0.012828,0.007549,5.2e-05,3.9e-05,0.060366,645
ESC_ASSOU,stemness,USP44,0.005773,0.002575,1.8e-05,3.7e-05,0.060719,646
ESC_ASSOU,stemness,PTPRG,0.022472,0.012767,8.8e-05,3.7e-05,0.087724,647
ESC_ASSOU,stemness,APBB2,0.066728,0.041892,0.000289,3.6e-05,0.059078,648
ESC_ASSOU,stemness,SYNGR3,0.008789,0.004667,3.2e-05,3.6e-05,0.050759,649
ESC_ASSOU,stemness,ADD2,0.008908,0.006814,4.7e-05,3.6e-05,0.066415,650
ESC_ASSOU,stemness,FSD1,0.006699,0.003386,2.3e-05,3.6e-05,0.069698,651
ESC_ASSOU,stemness,FAM124A,0.008837,0.004229,2.9e-05,3.5e-05,0.054283,652
ESC_ASSOU,stemness,GALNT12,0.005915,0.002803,1.9e-05,3.4e-05,0.052586,653
ESC_ASSOU,stemness,TMEFF1,0.00525,0.003527,2.4e-05,3.4e-05,0.05845,654
ESC_ASSOU,stemness,FRAS1,0.012329,0.008031,5.5e-05,3.3e-05,0.059418,655
ESC_ASSOU,stemness,GAD1,0.011711,0.006202,4.3e-05,3.3e-05,0.027019,656
ESC_ASSOU,stemness,HAS3,0.004846,0.002912,2e-05,3.2e-05,0.048667,657
ESC_ASSOU,stemness,SALL2,0.016272,0.008368,5.8e-05,3.1e-05,0.041118,658
ESC_ASSOU,stemness,CACHD1,0.017579,0.010116,7e-05,3e-05,0.063538,659
ESC_ASSOU,stemness,DPYSL5,0.005345,0.002407,1.7e-05,3e-05,0.066146,660
ESC_ASSOU,stemness,CLDN6,0.014396,0.019086,0.000132,2.9e-05,0.072056,661
ESC_ASSOU,stemness,PITX2,0.00525,0.003791,2.6e-05,2.9e-05,0.04945,662
ESC_ASSOU,stemness,ETV1,0.009265,0.006548,4.5e-05,2.7e-05,0.048978,663
ESC_ASSOU,stemness,FGFR4,0.015702,0.009614,6.6e-05,2.5e-05,0.061035,664
ESC_ASSOU,stemness,FKBP1B,0.007839,0.004188,2.9e-05,2.5e-05,0.044118,665
ESC_ASSOU,stemness,SEMA5B,0.006319,0.003486,2.4e-05,2.5e-05,0.042268,666
ESC_ASSOU,stemness,ACTA1,0.007958,0.008348,5.8e-05,2.3e-05,0.033633,667
ESC_ASSOU,stemness,RET,0.00734,0.003773,2.6e-05,2.2e-05,0.03358,668
ESC_ASSOU,stemness,FGF13,0.057131,0.037861,0.000261,2.1e-05,0.047187,669
ESC_ASSOU,stemness,MATR3,0.00772,0.005183,3.6e-05,2e-05,0.052676,670
ESC_ASSOU,stemness,RAD51,0.001829,0.000963,7e-06,2e-05,0.051362,671
ESC_ASSOU,stemness,GLS2,0.004632,0.003026,2.1e-05,1.8e-05,0.040573,672
ESC_ASSOU,stemness,ADAM23,0.002708,0.001058,7e-06,1.7e-05,0.04434,673
ESC_ASSOU,stemness,FOXO1,0.012495,0.007645,5.3e-05,1.7e-05,0.029548,674
ESC_ASSOU,stemness,MATK,0.007554,0.005431,3.7e-05,1.6e-05,0.038684,675
ESC_ASSOU,stemness,ARHGAP19,0.012994,0.007442,5.1e-05,1.6e-05,0.023278,676
ESC_ASSOU,stemness,NAP1L3,0.004062,0.002574,1.8e-05,1.6e-05,0.044683,677
ESC_ASSOU,stemness,ZFP42,0.002732,0.00193,1.3e-05,1.3e-05,0.039032,678
ESC_ASSOU,stemness,ADCY2,0.011806,0.006701,4.6e-05,1.3e-05,0.043718,679
ESC_ASSOU,stemness,NODAL,0.000665,0.00054,4e-06,1.2e-05,0.031798,680
ESC_ASSOU,stemness,F2RL1,0.012305,0.007716,5.3e-05,1.1e-05,0.027912,681
ESC_ASSOU,stemness,KCNQ2,0.002067,0.001424,1e-05,1.1e-05,0.027223,682
ESC_ASSOU,stemness,ZIC3,0.002376,0.00155,1.1e-05,1.1e-05,0.024952,683
ESC_ASSOU,stemness,GLI2,0.002067,0.001272,9e-06,1e-05,0.032638,684
ESC_ASSOU,stemness,GABRA5,0.001259,0.000617,4e-06,1e-05,0.037229,685
ESC_ASSOU,stemness,MYO5C,0.034991,0.022196,0.000153,1e-05,0.041758,686
ESC_ASSOU,stemness,SENP3,0.010524,0.006428,4.4e-05,9e-06,0.039065,687
ESC_ASSOU,stemness,PLCL2,0.005321,0.00324,2.2e-05,9e-06,0.0374,688
ESC_ASSOU,stemness,PRKAA2,0.038222,0.02371,0.000164,9e-06,0.057951,689
ESC_ASSOU,stemness,SPRY4,0.016747,0.009293,6.4e-05,8e-06,0.047741,690
ESC_ASSOU,stemness,FGFR3,0.013968,0.010307,7.1e-05,8e-06,0.040474,691
ESC_ASSOU,stemness,CRMP1,0.002684,0.001856,1.3e-05,8e-06,0.023486,692
ESC_ASSOU,stemness,LEFTY2,0.001235,0.00081,6e-06,8e-06,0.030163,693
ESC_ASSOU,stemness,CHST4,0.002114,0.001173,8e-06,6e-06,0.016458,694
ESC_ASSOU,stemness,EOMES,0.002138,0.001033,7e-06,6e-06,0.025152,695
ESC_ASSOU,stemness,HESX1,0.002185,0.001151,8e-06,6e-06,0.021439,696
ESC_ASSOU,stemness,ZIC2,0.001592,0.000647,4e-06,5e-06,0.019714,697
ESC_ASSOU,stemness,DPPA4,0.001045,0.000603,4e-06,5e-06,0.025305,698
ESC_ASSOU,stemness,SLC4A11,0.03321,0.020215,0.00014,4e-06,0.054794,699
ESC_ASSOU,stemness,HTR1D,0.000855,0.000397,3e-06,4e-06,0.018564,700
ESC_ASSOU,stemness,RGS17,0.002399,0.001756,1.2e-05,3e-06,0.019651,701
ESC_ASSOU,stemness,CBS,0.010785,0.006158,4.3e-05,3e-06,0.045144,702
ESC_ASSOU,stemness,SOX3,0.000546,0.00034,2e-06,3e-06,0.014555,703
ESC_ASSOU,stemness,SCGB3A2,0.000689,0.000671,5e-06,3e-06,0.008197,704
ESC_ASSOU,stemness,CCL26,0.001948,0.001371,9e-06,3e-06,0.013613,705
ESC_ASSOU,stemness,PLA2G3,0.001164,0.000575,4e-06,2e-06,0.007271,706
ESC_ASSOU,stemness,VRTN,0.000143,6.5e-05,0.0,2e-06,0.016317,707
ESC_ASSOU,stemness,SCG3,0.001045,0.00063,4e-06,2e-06,0.002906,708
ESC_ASSOU,stemness,DDX25,0.001283,0.000923,6e-06,2e-06,0.010875,709
ESC_ASSOU,stemness,PRKCQ,0.001853,0.001316,9e-06,1e-06,0.01719,710
ESC_ASSOU,stemness,LEFTY1,0.00076,0.000416,3e-06,1e-06,0.003911,711
ESC_ASSOU,stemness,CER1,0.000143,4.4e-05,0.0,1e-06,0.012442,712
ESC_ASSOU,stemness,TDGF1,0.000285,0.000128,1e-06,1e-06,0.006366,713
ESC_ASSOU,stemness,SLC7A3,0.000356,0.000246,2e-06,1e-06,0.010611,714
ESC_ASSOU,stemness,NEFL,0.000523,0.000371,3e-06,1e-06,0.010637,715
ESC_ASSOU,stemness,PNMT,0.004632,0.003652,2.5e-05,1e-06,0.012316,716
ESC_ASSOU,stemness,OTX2,7.1e-05,2.6e-05,0.0,1e-06,0.007177,717
ESC_ASSOU,stemness,UTF1,0.000143,7.2e-05,1e-06,0.0,0.002422,718
ESC_ASSOU,stemness,MYL7,0.000214,0.000263,2e-06,0.0,0.00846,719
ESC_ASSOU,stemness,GABRA1,9.5e-05,8.4e-05,1e-06,0.0,0.003154,720
ESC_ASSOU,stemness,MYB,0.017318,0.010926,7.5e-05,0.0,0.037352,721
ESC_ASSOU,stemness,CHGA,0.000451,0.00039,3e-06,0.0,0.005132,722
ESC_ASSOU,stemness,SALL4,0.002138,0.001401,1e-05,0.0,0.025887,723
ESC_ASSOU,stemness,CCM2L,0.001402,0.000856,6e-06,-0.0,0.006842,724
ESC_ASSOU,stemness,SYT6,0.000356,0.000218,2e-06,-0.0,-0.001466,725
ESC_ASSOU,stemness,SALL1,0.000119,0.00011,1e-06,-1e-06,0.000565,726
ESC_ASSOU,stemness,NANOG,0.000119,9.1e-05,1e-06,-1e-06,0.00042,727
ESC_ASSOU,stemness,TRERF1,0.015773,0.008842,6.1e-05,-1e-06,0.023806,728
ESC_ASSOU,stemness,GNAL,0.004751,0.002773,1.9e-05,-1e-06,0.030484,729
ESC_ASSOU,stemness,MYRIP,0.001402,0.001049,7e-06,-1e-06,-0.001861,730
ESC_ASSOU,stemness,CNTNAP2,0.013279,0.008791,6.1e-05,-1e-06,-0.000834,731
ESC_ASSOU,stemness,NOVA1,0.002114,0.001722,1.2e-05,-1e-06,0.006003,732
ESC_ASSOU,stemness,KCNN2,0.000428,0.000333,2e-06,-1e-06,0.012709,733
ESC_ASSOU,stemness,UNC5D,0.000261,0.000153,1e-06,-2e-06,-0.005466,734
ESC_ASSOU,stemness,HIST1H2BG,0.03024,0.019805,0.000137,-2e-06,0.02634,735
ESC_ASSOU,stemness,LUC7L,0.124121,0.092335,0.000637,-2e-06,0.10985,736
ESC_ASSOU,stemness,ATP1A2,0.000594,0.00044,3e-06,-2e-06,0.005691,737
ESC_ASSOU,stemness,ZSCAN10,0.000665,0.000424,3e-06,-2e-06,-0.00386,738
ESC_ASSOU,stemness,TNFRSF8,0.00038,0.000289,2e-06,-2e-06,0.006466,739
ESC_ASSOU,stemness,SALL3,0.000594,0.000246,2e-06,-2e-06,-0.007174,740
ESC_ASSOU,stemness,GAP43,0.001235,0.000723,5e-06,-2e-06,-0.009465,741
ESC_ASSOU,stemness,GRPR,0.000238,0.000278,2e-06,-3e-06,0.005346,742
ESC_ASSOU,stemness,CALB1,0.000143,0.00013,1e-06,-3e-06,-0.005101,743
ESC_ASSOU,stemness,ACTN3,0.000333,0.000272,2e-06,-3e-06,0.001742,744
ESC_ASSOU,stemness,ZNF589,0.008504,0.005349,3.7e-05,-3e-06,0.0301,745
ESC_ASSOU,stemness,PRDM14,0.000523,0.000346,2e-06,-3e-06,-0.000788,746
ESC_ASSOU,stemness,PDE6G,0.002257,0.001604,1.1e-05,-3e-06,0.007177,747
ESC_ASSOU,stemness,FAM131B,0.001592,0.000913,6e-06,-4e-06,-0.009177,748
ESC_ASSOU,stemness,CDH6,0.000831,0.001007,7e-06,-5e-06,0.008211,749
ESC_ASSOU,stemness,CYP26A1,0.001188,0.000863,6e-06,-5e-06,0.00565,750
ESC_ASSOU,stemness,KLKB1,0.000689,0.000497,3e-06,-6e-06,0.001401,751
ESC_ASSOU,stemness,AASS,0.008694,0.005316,3.7e-05,-6e-06,0.034546,752
ESC_ASSOU,stemness,CACNA2D3,0.001615,0.001081,7e-06,-6e-06,-0.001579,753
ESC_ASSOU,stemness,PIPOX,0.002399,0.001629,1.1e-05,-6e-06,0.009243,754
ESC_ASSOU,stemness,EGLN3,0.157307,0.152548,0.001053,-6e-06,0.066278,755
ESC_ASSOU,stemness,PRODH,0.002637,0.001892,1.3e-05,-7e-06,0.005689,756
ESC_ASSOU,stemness,ARHGAP8,0.016367,0.010223,7.1e-05,-7e-06,0.025888,757
ESC_ASSOU,stemness,CHST8,0.008956,0.005161,3.6e-05,-7e-06,0.013288,758
ESC_ASSOU,stemness,SERPINB9,0.014277,0.010475,7.2e-05,-8e-06,0.040735,759
ESC_ASSOU,stemness,ADAM19,0.002209,0.001524,1.1e-05,-9e-06,0.016942,760
ESC_ASSOU,stemness,ANKHD1,0.020905,0.012719,8.8e-05,-9e-06,0.024279,761
ESC_ASSOU,stemness,GABRB3,0.005131,0.002823,1.9e-05,-9e-06,-0.021032,762
ESC_ASSOU,stemness,MAP4K1,0.009336,0.008016,5.5e-05,-1e-05,0.037585,763
ESC_ASSOU,stemness,FOXA3,0.005202,0.003823,2.6e-05,-1e-05,-0.00934,764
ESC_ASSOU,stemness,CYP2S1,0.003706,0.002559,1.8e-05,-1.1e-05,0.005905,765
ESC_ASSOU,stemness,NTS,0.000903,0.000862,6e-06,-1.1e-05,-0.002108,766
ESC_ASSOU,stemness,IQGAP2,0.03264,0.020289,0.00014,-1.1e-05,0.019233,767
ESC_ASSOU,stemness,AFP,0.002589,0.002155,1.5e-05,-1.1e-05,-0.001725,768
ESC_ASSOU,stemness,SEMA3A,0.004466,0.003044,2.1e-05,-1.2e-05,0.004241,769
ESC_ASSOU,stemness,MMP25,0.006533,0.004324,3e-05,-1.2e-05,0.010408,770
ESC_ASSOU,stemness,NAP1L2,0.004371,0.002683,1.9e-05,-1.4e-05,-0.024232,771
ESC_ASSOU,stemness,MT1H,0.003183,0.003278,2.3e-05,-1.5e-05,0.015071,772
ESC_ASSOU,stemness,MMP1,0.004727,0.005471,3.8e-05,-1.7e-05,0.021526,773
ESC_ASSOU,stemness,CA11,0.018434,0.011162,7.7e-05,-1.8e-05,-0.005625,774
ESC_ASSOU,stemness,KIF5C,0.00715,0.004741,3.3e-05,-1.8e-05,0.002283,775
ESC_ASSOU,stemness,B3GAT1,0.003777,0.002127,1.5e-05,-2e-05,-0.000252,776
ESC_ASSOU,stemness,KIFC2,0.047558,0.030768,0.000212,-2.2e-05,0.048961,777
ESC_ASSOU,stemness,PPP1R16B,0.002185,0.00226,1.6e-05,-2.5e-05,-0.004872,778
ESC_ASSOU,stemness,ANK2,0.004846,0.003872,2.7e-05,-2.7e-05,0.007757,779
ESC_ASSOU,stemness,LCK,0.012543,0.009767,6.7e-05,-3.1e-05,0.020783,780
ESC_ASSOU,stemness,NLGN4X,0.011284,0.007431,5.1e-05,-3.8e-05,-0.030061,781
ESC_ASSOU,stemness,LDB2,0.005464,0.005577,3.9e-05,-4.1e-05,0.003168,782
ESC_ASSOU,stemness,TNNT1,0.059697,0.049563,0.000342,-4.1e-05,-0.010147,783
ESC_ASSOU,stemness,ENPP1,0.027057,0.016957,0.000117,-4.2e-05,0.001126,784
ESC_ASSOU,stemness,ZNF117,0.05801,0.039817,0.000275,-5.1e-05,0.045674,785
ESC_ASSOU,stemness,SORL1,0.039909,0.023919,0.000165,-5.6e-05,0.002559,786
ESC_ASSOU,stemness,SOX11,0.044422,0.031987,0.000221,-5.8e-05,0.06223,787
ESC_ASSOU,stemness,GPR160,0.086825,0.071836,0.000496,-6.2e-05,0.026595,788
ESC_ASSOU,stemness,PROM1,0.128159,0.116588,0.000805,-6.3e-05,0.066023,789
ESC_ASSOU,stemness,RAB3B,0.021594,0.014375,9.9e-05,-7.7e-05,-0.030869,790
ESC_ASSOU,stemness,CST1,0.002542,0.004241,2.9e-05,-7.7e-05,-0.02198,791
ESC_ASSOU,stemness,ALPL,0.042474,0.035979,0.000248,-7.9e-05,0.056704,792
ESC_ASSOU,stemness,PDPN,0.009478,0.010045,6.9e-05,-8.3e-05,0.015576,793
ESC_ASSOU,stemness,SCNN1A,0.033637,0.021922,0.000151,-1e-04,-0.020713,794
ESC_ASSOU,stemness,SLC7A8,0.031951,0.022934,0.000158,-0.000133,-0.055796,795
ESC_ASSOU,stemness,TNNI3,0.046917,0.042895,0.000296,-0.000171,-0.071866,796
ESC_ASSOU,stemness,SLC2A3,0.025062,0.028646,0.000198,-0.000228,0.007237,797
ESC_ASSOU,stemness,CXCL12,0.045966,0.04952,0.000342,-0.000342,0.036823,798
ESC_ASSOU,stemness,THY1,0.028483,0.03742,0.000258,-0.000444,-0.009966,799
ESC_ASSOU,stemness,RARRES2,0.076991,0.090259,0.000623,-0.000472,0.048468,800
ESC_ASSOU,stemness,SFRP2,0.088987,0.13171,0.000909,-0.000694,0.006348,801
ESC_WONG,stemness,UQCRH,0.768909,1.521097,0.014093,0.015269,0.470055,1
ESC_WONG,stemness,RPS8,0.92978,2.759596,0.025568,0.015055,0.425351,2
ESC_WONG,stemness,PSMA7,0.733751,1.347336,0.012483,0.013174,0.391166,3
ESC_WONG,stemness,PRDX1,0.830174,1.941284,0.017986,0.013096,0.305395,4
ESC_WONG,stemness,RPS23,0.890583,2.223493,0.020601,0.0127,0.347622,5
ESC_WONG,stemness,SLC25A5,0.74342,1.428656,0.013237,0.012447,0.367817,6
ESC_WONG,stemness,RPL22,0.801311,1.617636,0.014988,0.012102,0.361645,7
ESC_WONG,stemness,HSPE1,0.698024,1.197431,0.011094,0.01201,0.396735,8
ESC_WONG,stemness,RPSA,0.72014,1.305844,0.012099,0.011537,0.355078,9
ESC_WONG,stemness,RPS5,0.903649,2.339911,0.021679,0.011359,0.308867,10
ESC_WONG,stemness,BANF1,0.659136,0.991046,0.009182,0.010902,0.41976,11
ESC_WONG,stemness,BTF3,0.704437,1.210297,0.011213,0.010797,0.330172,12
ESC_WONG,stemness,ENO1,0.697857,1.266108,0.011731,0.010657,0.308114,13
ESC_WONG,stemness,RPS12,0.978597,3.452129,0.031984,0.010647,0.346611,14
ESC_WONG,stemness,RPS16,0.85925,1.976695,0.018314,0.010461,0.29271,15
ESC_WONG,stemness,SNRPD1,0.561692,0.742898,0.006883,0.010338,0.463994,16
ESC_WONG,stemness,RPL13,0.971755,3.151116,0.029195,0.010225,0.345958,17
ESC_WONG,stemness,NDUFAB1,0.622363,0.88844,0.008231,0.009984,0.411632,18
ESC_WONG,stemness,RPS19,0.956742,2.89835,0.026853,0.009877,0.306512,19
ESC_WONG,stemness,CKS1B,0.499715,0.674687,0.006251,0.009806,0.45806,20
ESC_WONG,stemness,RPL10A,0.770382,1.427132,0.013222,0.00965,0.303244,21
ESC_WONG,stemness,DEK,0.465911,0.581853,0.005391,0.009482,0.44112,22
ESC_WONG,stemness,LSM5,0.531666,0.700288,0.006488,0.009382,0.42527,23
ESC_WONG,stemness,NCL,0.630582,0.92998,0.008616,0.009307,0.348519,24
ESC_WONG,stemness,CKS2,0.461897,0.635754,0.00589,0.009185,0.413367,25
ESC_WONG,stemness,LSM4,0.589533,0.825494,0.007648,0.00917,0.380216,26
ESC_WONG,stemness,HNRNPA1,0.678235,1.074513,0.009955,0.009135,0.339287,27
ESC_WONG,stemness,NHP2,0.585614,0.820214,0.007599,0.008713,0.384034,28
ESC_WONG,stemness,CBX3,0.533804,0.672328,0.006229,0.008425,0.377482,29
ESC_WONG,stemness,RPS3,0.953321,2.82985,0.026219,0.008404,0.239059,30
ESC_WONG,stemness,PSMB5,0.576349,0.789445,0.007314,0.008087,0.29471,31
ESC_WONG,stemness,COX5B,0.72558,1.240611,0.011494,0.008046,0.207852,32
ESC_WONG,stemness,CYCS,0.557606,0.734636,0.006806,0.007944,0.346874,33
ESC_WONG,stemness,SNRPA1,0.409089,0.461976,0.00428,0.007814,0.394606,34
ESC_WONG,stemness,PSMA5,0.481732,0.579966,0.005373,0.007692,0.359995,35
ESC_WONG,stemness,LSM2,0.499406,0.590927,0.005475,0.007648,0.414766,36
ESC_WONG,stemness,RPL27A,0.621342,0.887378,0.008222,0.007587,0.312285,37
ESC_WONG,stemness,CCT5,0.466315,0.55548,0.005147,0.007439,0.379485,38
ESC_WONG,stemness,MRPL37,0.427,0.46069,0.004268,0.007371,0.40891,39
ESC_WONG,stemness,HMGB2,0.319389,0.393399,0.003645,0.007369,0.432315,40
ESC_WONG,stemness,PSMB6,0.585258,0.76966,0.007131,0.007266,0.325812,41
ESC_WONG,stemness,NME2,0.590317,0.853672,0.007909,0.007229,0.319844,42
ESC_WONG,stemness,SUMO1,0.577798,0.742379,0.006878,0.007215,0.315567,43
ESC_WONG,stemness,NDUFB7,0.633979,0.895492,0.008297,0.007206,0.274293,44
ESC_WONG,stemness,CDC20,0.219665,0.299945,0.002779,0.007146,0.431874,45
ESC_WONG,stemness,SDHC,0.565351,0.735082,0.006811,0.006838,0.298378,46
ESC_WONG,stemness,MRPL11,0.405074,0.424529,0.003933,0.006652,0.43342,47
ESC_WONG,stemness,CSRP2,0.382079,0.453766,0.004204,0.006394,0.356015,48
ESC_WONG,stemness,STOML2,0.473465,0.541499,0.005017,0.006302,0.3567,49
ESC_WONG,stemness,POLR2F,0.473869,0.533904,0.004947,0.006301,0.368594,50
ESC_WONG,stemness,EBNA1BP2,0.40239,0.406444,0.003766,0.006208,0.386456,51
ESC_WONG,stemness,RPA3,0.396855,0.427246,0.003958,0.006107,0.376284,52
ESC_WONG,stemness,PHB,0.513279,0.597506,0.005536,0.006065,0.317487,53
ESC_WONG,stemness,RPS27,0.930849,2.566954,0.023783,0.006028,0.135805,54
ESC_WONG,stemness,NDUFB10,0.567441,0.74051,0.006861,0.006007,0.276437,55
ESC_WONG,stemness,SET,0.456599,0.504872,0.004678,0.006006,0.320964,56
ESC_WONG,stemness,PPM1G,0.447406,0.485955,0.004502,0.006005,0.348853,57
ESC_WONG,stemness,SSB,0.414149,0.440982,0.004086,0.005804,0.335131,58
ESC_WONG,stemness,PPP4C,0.502067,0.577486,0.00535,0.005701,0.290485,59
ESC_WONG,stemness,MRPL4,0.420468,0.43308,0.004013,0.00566,0.371002,60
ESC_WONG,stemness,PARP1,0.386355,0.399366,0.0037,0.005652,0.377052,61
ESC_WONG,stemness,NAP1L1,0.419541,0.432897,0.004011,0.005615,0.344726,62
ESC_WONG,stemness,POP7,0.422748,0.435451,0.004034,0.005498,0.356415,63
ESC_WONG,stemness,ECHS1,0.452585,0.490812,0.004547,0.005497,0.334459,64
ESC_WONG,stemness,BIRC5,0.203867,0.233722,0.002165,0.005432,0.433974,65
ESC_WONG,stemness,MRPL13,0.401083,0.394709,0.003657,0.005372,0.371533,66
ESC_WONG,stemness,EEF2,0.674102,1.057369,0.009797,0.005309,0.200187,67
ESC_WONG,stemness,TIMM13,0.436241,0.4843,0.004487,0.005289,0.340999,68
ESC_WONG,stemness,PA2G4,0.401083,0.410031,0.003799,0.005258,0.356922,69
ESC_WONG,stemness,CDKN3,0.185718,0.204125,0.001891,0.00521,0.406931,70
ESC_WONG,stemness,PDIA4,0.460851,0.570836,0.005289,0.005052,0.238691,71
ESC_WONG,stemness,DAP3,0.435671,0.444294,0.004116,0.004953,0.314821,72
ESC_WONG,stemness,BUB3,0.362077,0.388403,0.003599,0.004949,0.32906,73
ESC_WONG,stemness,NDUFS2,0.435861,0.458608,0.004249,0.004905,0.296512,74
ESC_WONG,stemness,FDPS,0.39037,0.404739,0.00375,0.004811,0.317017,75
ESC_WONG,stemness,APEX1,0.417474,0.415204,0.003847,0.004711,0.313552,76
ESC_WONG,stemness,FBL,0.427261,0.517183,0.004792,0.004704,0.34148,77
ESC_WONG,stemness,MRPL15,0.37481,0.369742,0.003426,0.004698,0.341941,78
ESC_WONG,stemness,VBP1,0.35887,0.337101,0.003123,0.004591,0.353567,79
ESC_WONG,stemness,UBE2V2,0.386331,0.371907,0.003446,0.004566,0.347098,80
ESC_WONG,stemness,CRABP2,0.493634,0.796928,0.007384,0.004555,0.166099,81
ESC_WONG,stemness,CCND1,0.332906,0.397625,0.003684,0.004542,0.26605,82
ESC_WONG,stemness,ANP32E,0.294826,0.286254,0.002652,0.004463,0.371827,83
ESC_WONG,stemness,CDK4,0.389039,0.411004,0.003808,0.004458,0.313116,84
ESC_WONG,stemness,RCN2,0.417189,0.463965,0.004299,0.004447,0.268163,85
ESC_WONG,stemness,SMC4,0.228929,0.223676,0.002072,0.004447,0.370939,86
ESC_WONG,stemness,GLO1,0.384573,0.379755,0.003518,0.004432,0.335619,87
ESC_WONG,stemness,FAM136A,0.390678,0.38924,0.003606,0.004386,0.318635,88
ESC_WONG,stemness,EIF4EBP1,0.521689,0.780373,0.00723,0.004383,0.245669,89
ESC_WONG,stemness,NASP,0.302048,0.283267,0.002624,0.004377,0.363837,90
ESC_WONG,stemness,NME4,0.467408,0.570831,0.005289,0.004335,0.249933,91
ESC_WONG,stemness,KPNA2,0.279005,0.28774,0.002666,0.004329,0.344255,92
ESC_WONG,stemness,RNPS1,0.469213,0.498954,0.004623,0.004143,0.258696,93
ESC_WONG,stemness,CCNB2,0.147306,0.151888,0.001407,0.00413,0.399661,94
ESC_WONG,stemness,STIP1,0.33483,0.311912,0.00289,0.004117,0.318948,95
ESC_WONG,stemness,EIF2S2,0.392294,0.373133,0.003457,0.004109,0.274332,96
ESC_WONG,stemness,PHF5A,0.340769,0.302605,0.002804,0.00408,0.345809,97
ESC_WONG,stemness,PRMT1,0.370439,0.364693,0.003379,0.004029,0.328577,98
ESC_WONG,stemness,MTHFD2,0.388635,0.42424,0.003931,0.003947,0.290083,99
ESC_WONG,stemness,MCM7,0.248408,0.236627,0.002192,0.003936,0.367125,100
ESC_WONG,stemness,PCNA,0.236198,0.213306,0.001976,0.003862,0.357256,101
ESC_WONG,stemness,SRSF10,0.402556,0.388642,0.003601,0.003811,0.287998,102
ESC_WONG,stemness,TIMM8B,0.388517,0.399911,0.003705,0.003808,0.299982,103
ESC_WONG,stemness,MRPL16,0.271071,0.238894,0.002213,0.00366,0.343856,104
ESC_WONG,stemness,DNMT1,0.245867,0.202876,0.00188,0.003627,0.347819,105
ESC_WONG,stemness,CDCA3,0.12329,0.118825,0.001101,0.003605,0.396488,106
ESC_WONG,stemness,SNRPA,0.328321,0.297147,0.002753,0.003574,0.325978,107
ESC_WONG,stemness,CLPP,0.307274,0.264402,0.00245,0.003508,0.329909,108
ESC_WONG,stemness,KRAS,0.327038,0.308233,0.002856,0.003505,0.259989,109
ESC_WONG,stemness,CISD1,0.286417,0.253982,0.002353,0.003475,0.324154,110
ESC_WONG,stemness,LSM10,0.298888,0.257142,0.002382,0.003461,0.306474,111
ESC_WONG,stemness,DTYMK,0.2352,0.196691,0.001822,0.003452,0.358612,112
ESC_WONG,stemness,MAD2L1,0.164434,0.152317,0.001411,0.003418,0.404457,113
ESC_WONG,stemness,PSMD14,0.288103,0.248827,0.002305,0.003366,0.291158,114
ESC_WONG,stemness,LYPLA1,0.428996,0.451513,0.004183,0.00334,0.247595,115
ESC_WONG,stemness,BAX,0.34438,0.312311,0.002894,0.003306,0.289521,116
ESC_WONG,stemness,PDHA1,0.29713,0.259197,0.002401,0.003268,0.305364,117
ESC_WONG,stemness,XRCC5,0.3769,0.354687,0.003286,0.00325,0.276479,118
ESC_WONG,stemness,CTSC,0.279908,0.301841,0.002797,0.003213,0.239326,119
ESC_WONG,stemness,ERP29,0.40992,0.405961,0.003761,0.003208,0.224194,120
ESC_WONG,stemness,DDX18,0.267579,0.217321,0.002013,0.003122,0.300798,121
ESC_WONG,stemness,RUVBL2,0.264752,0.218562,0.002025,0.003036,0.313833,122
ESC_WONG,stemness,MRPS18B,0.290645,0.241238,0.002235,0.00297,0.284715,123
ESC_WONG,stemness,CDCA8,0.127376,0.120212,0.001114,0.002968,0.350603,124
ESC_WONG,stemness,PLK1,0.109345,0.116342,0.001078,0.00291,0.334784,125
ESC_WONG,stemness,MRPS2,0.23273,0.180415,0.001672,0.002904,0.337393,126
ESC_WONG,stemness,NUSAP1,0.123076,0.116533,0.00108,0.002886,0.351846,127
ESC_WONG,stemness,TRIP6,0.264942,0.217835,0.002018,0.002855,0.285448,128
ESC_WONG,stemness,MYC,0.273779,0.294109,0.002725,0.002841,0.246189,129
ESC_WONG,stemness,GARS,0.315018,0.289027,0.002678,0.002803,0.26269,130
ESC_WONG,stemness,FH,0.253991,0.209259,0.001939,0.002791,0.306159,131
ESC_WONG,stemness,KIF22,0.234108,0.197045,0.001826,0.002747,0.283732,132
ESC_WONG,stemness,PABPC1,0.800124,1.658323,0.015364,0.002691,0.046409,133
ESC_WONG,stemness,YY1,0.299316,0.239596,0.00222,0.002674,0.250848,134
ESC_WONG,stemness,RUVBL1,0.198594,0.153198,0.001419,0.002653,0.326771,135
ESC_WONG,stemness,SERPINH1,0.367493,0.390681,0.00362,0.002639,0.22597,136
ESC_WONG,stemness,ADSL,0.228668,0.176773,0.001638,0.002636,0.320059,137
ESC_WONG,stemness,NCBP2,0.318154,0.269364,0.002496,0.002628,0.260842,138
ESC_WONG,stemness,NONO,0.394503,0.384388,0.003561,0.002619,0.235825,139
ESC_WONG,stemness,CCNC,0.30858,0.271012,0.002511,0.002586,0.281381,140
ESC_WONG,stemness,CCNA2,0.107207,0.100866,0.000935,0.002559,0.360684,141
ESC_WONG,stemness,MRTO4,0.190849,0.141175,0.001308,0.002459,0.322265,142
ESC_WONG,stemness,POLR3K,0.254252,0.216843,0.002009,0.002451,0.261095,143
ESC_WONG,stemness,SARS,0.271736,0.230498,0.002136,0.002417,0.248915,144
ESC_WONG,stemness,HDAC1,0.259645,0.209846,0.001944,0.002375,0.262481,145
ESC_WONG,stemness,GMNN,0.15783,0.126735,0.001174,0.002345,0.337672,146
ESC_WONG,stemness,WDR77,0.199924,0.149901,0.001389,0.002322,0.302412,147
ESC_WONG,stemness,CKAP2,0.13291,0.105397,0.000977,0.002309,0.311935,148
ESC_WONG,stemness,ETFA,0.296584,0.256092,0.002373,0.002304,0.25164,149
ESC_WONG,stemness,RPA2,0.192845,0.14492,0.001343,0.002296,0.301933,150
ESC_WONG,stemness,ADH5,0.286916,0.249249,0.002309,0.002284,0.255075,151
ESC_WONG,stemness,PDCD2,0.254894,0.200537,0.001858,0.002262,0.267441,152
ESC_WONG,stemness,TOP2A,0.104594,0.095072,0.000881,0.002208,0.319862,153
ESC_WONG,stemness,FARSA,0.231994,0.181272,0.001679,0.0022,0.268651,154
ESC_WONG,stemness,EIF2S3,0.327656,0.302353,0.002801,0.00219,0.241483,155
ESC_WONG,stemness,THOC3,0.196883,0.157064,0.001455,0.002105,0.282849,156
ESC_WONG,stemness,RRM1,0.158637,0.124982,0.001158,0.002097,0.29177,157
ESC_WONG,stemness,RCC1,0.173746,0.127292,0.001179,0.002092,0.297407,158
ESC_WONG,stemness,WBP11,0.209284,0.162983,0.00151,0.002092,0.266132,159
ESC_WONG,stemness,HADH,0.198261,0.154085,0.001428,0.002049,0.279102,160
ESC_WONG,stemness,NDUFA11,0.282853,0.253628,0.00235,0.002024,0.223824,161
ESC_WONG,stemness,GEMIN6,0.185196,0.132938,0.001232,0.00201,0.275549,162
ESC_WONG,stemness,SEPHS2,0.322643,0.296164,0.002744,0.001934,0.180036,163
ESC_WONG,stemness,SNX5,0.234488,0.176116,0.001632,0.001933,0.257866,164
ESC_WONG,stemness,MRPS36,0.236174,0.180219,0.00167,0.001917,0.227512,165
ESC_WONG,stemness,MYBL2,0.098727,0.071206,0.00066,0.001879,0.328779,166
ESC_WONG,stemness,EIF4B,0.313474,0.283731,0.002629,0.001863,0.217459,167
ESC_WONG,stemness,DBF4,0.122007,0.085464,0.000792,0.001853,0.307231,168
ESC_WONG,stemness,RAD23B,0.281832,0.227322,0.002106,0.001824,0.220845,169
ESC_WONG,stemness,KIF23,0.088393,0.073714,0.000683,0.001809,0.306252,170
ESC_WONG,stemness,HAT1,0.201254,0.164344,0.001523,0.001795,0.241426,171
ESC_WONG,stemness,ZNF22,0.200114,0.145924,0.001352,0.001784,0.246196,172
ESC_WONG,stemness,NIP7,0.160253,0.116718,0.001081,0.001761,0.267409,173
ESC_WONG,stemness,CSE1L,0.162414,0.123788,0.001147,0.001744,0.277922,174
ESC_WONG,stemness,TRIP13,0.097919,0.072599,0.000673,0.001711,0.322529,175
ESC_WONG,stemness,TIMM8A,0.176881,0.132188,0.001225,0.001703,0.26383,176
ESC_WONG,stemness,MCM5,0.108158,0.083822,0.000777,0.001695,0.271887,177
ESC_WONG,stemness,MRPS30,0.197097,0.141988,0.001316,0.001686,0.244858,178
ESC_WONG,stemness,MAPK13,0.216861,0.167888,0.001555,0.001605,0.199407,179
ESC_WONG,stemness,AURKA,0.084426,0.066213,0.000613,0.001549,0.2706,180
ESC_WONG,stemness,CDCA5,0.082644,0.060404,0.00056,0.001517,0.307407,181
ESC_WONG,stemness,MCM3,0.145525,0.116239,0.001077,0.001508,0.251492,182
ESC_WONG,stemness,RAB34,0.189377,0.14923,0.001383,0.001478,0.240606,183
ESC_WONG,stemness,ALDH7A1,0.15802,0.122284,0.001133,0.001468,0.249193,184
ESC_WONG,stemness,PSME3,0.193344,0.143441,0.001329,0.00146,0.232821,185
ESC_WONG,stemness,G3BP1,0.273233,0.238581,0.00221,0.001458,0.219228,186
ESC_WONG,stemness,LMNB1,0.096969,0.075728,0.000702,0.001384,0.293635,187
ESC_WONG,stemness,MRPS28,0.167094,0.116556,0.00108,0.00138,0.228702,188
ESC_WONG,stemness,GART,0.167142,0.124705,0.001155,0.001376,0.241688,189
ESC_WONG,stemness,NCAPD2,0.086707,0.059802,0.000554,0.001368,0.270648,190
ESC_WONG,stemness,NEK2,0.065493,0.0521,0.000483,0.001344,0.282536,191
ESC_WONG,stemness,TERF1,0.146427,0.097008,0.000899,0.00134,0.233472,192
ESC_WONG,stemness,GTSE1,0.066538,0.047425,0.000439,0.001315,0.280803,193
ESC_WONG,stemness,DPP3,0.145976,0.101563,0.000941,0.001313,0.210786,194
ESC_WONG,stemness,VRK1,0.093097,0.064922,0.000602,0.001286,0.249129,195
ESC_WONG,stemness,SQLE,0.188902,0.151529,0.001404,0.001272,0.173363,196
ESC_WONG,stemness,MRPL39,0.168733,0.131105,0.001215,0.001261,0.233018,197
ESC_WONG,stemness,DHX9,0.20268,0.153493,0.001422,0.001258,0.204024,198
ESC_WONG,stemness,EXOSC7,0.164434,0.115917,0.001074,0.001241,0.21109,199
ESC_WONG,stemness,CDCA7,0.083761,0.061175,0.000567,0.001181,0.26589,200
ESC_WONG,stemness,AURKB,0.06364,0.049392,0.000458,0.001171,0.275018,201
ESC_WONG,stemness,RACGAP1,0.083143,0.06124,0.000567,0.00117,0.260593,202
ESC_WONG,stemness,GNL3,0.166144,0.121349,0.001124,0.001143,0.197162,203
ESC_WONG,stemness,MCM4,0.117303,0.085488,0.000792,0.001139,0.225102,204
ESC_WONG,stemness,CTNNA1,0.292237,0.248695,0.002304,0.00113,0.16288,205
ESC_WONG,stemness,NTHL1,0.137448,0.096573,0.000895,0.00112,0.199076,206
ESC_WONG,stemness,PRPS1,0.120605,0.083218,0.000771,0.001063,0.221993,207
ESC_WONG,stemness,GNPDA1,0.154385,0.108911,0.001009,0.001035,0.192294,208
ESC_WONG,stemness,HNRNPL,0.215389,0.162993,0.00151,0.001015,0.186897,209
ESC_WONG,stemness,KIF20A,0.049055,0.038298,0.000355,0.000983,0.246402,210
ESC_WONG,stemness,IARS,0.161084,0.118214,0.001095,0.000968,0.208812,211
ESC_WONG,stemness,SS18,0.181062,0.129215,0.001197,0.000961,0.179116,212
ESC_WONG,stemness,TEAD2,0.178402,0.129265,0.001198,0.000954,0.168506,213
ESC_WONG,stemness,UBE2G1,0.201872,0.155141,0.001437,0.000954,0.18425,214
ESC_WONG,stemness,MID1IP1,0.162985,0.117384,0.001088,0.000949,0.153489,215
ESC_WONG,stemness,NIPSNAP1,0.184768,0.150095,0.001391,0.000941,0.184902,216
ESC_WONG,stemness,KIF4A,0.060315,0.041731,0.000387,0.000937,0.255779,217
ESC_WONG,stemness,TCOF1,0.104475,0.070615,0.000654,0.000923,0.193713,218
ESC_WONG,stemness,XPO1,0.218216,0.166715,0.001545,0.00092,0.177209,219
ESC_WONG,stemness,SLC2A1,0.178568,0.148641,0.001377,0.000881,0.12895,220
ESC_WONG,stemness,MCM2,0.069745,0.046398,0.00043,0.000877,0.216193,221
ESC_WONG,stemness,SDHD,0.142698,0.104543,0.000969,0.000861,0.188077,222
ESC_WONG,stemness,TCF19,0.063783,0.042595,0.000395,0.000853,0.223212,223
ESC_WONG,stemness,TCF7L1,0.126948,0.084223,0.00078,0.000843,0.169813,224
ESC_WONG,stemness,RRM2,0.054827,0.037694,0.000349,0.000837,0.228622,225
ESC_WONG,stemness,MTF2,0.125665,0.078991,0.000732,0.000787,0.184945,226
ESC_WONG,stemness,RFC3,0.070149,0.047229,0.000438,0.000767,0.208342,227
ESC_WONG,stemness,TIMM44,0.118254,0.079365,0.000735,0.000762,0.181121,228
ESC_WONG,stemness,CDC6,0.053996,0.037457,0.000347,0.000761,0.218433,229
ESC_WONG,stemness,NDUFA9,0.105378,0.072691,0.000673,0.000755,0.16319,230
ESC_WONG,stemness,RPP40,0.078915,0.051035,0.000473,0.00075,0.198168,231
ESC_WONG,stemness,TTK,0.048389,0.036388,0.000337,0.00075,0.225495,232
ESC_WONG,stemness,CDC34,0.121413,0.074187,0.000687,0.000732,0.148868,233
ESC_WONG,stemness,CHEK1,0.057535,0.039472,0.000366,0.000703,0.208126,234
ESC_WONG,stemness,SLC16A1,0.081623,0.051995,0.000482,0.000693,0.182393,235
ESC_WONG,stemness,KPNA6,0.145596,0.094781,0.000878,0.000679,0.151331,236
ESC_WONG,stemness,BUB1,0.045301,0.031987,0.000296,0.000666,0.219551,237
ESC_WONG,stemness,PUS1,0.070957,0.04378,0.000406,0.000638,0.165743,238
ESC_WONG,stemness,MSH2,0.095496,0.066845,0.000619,0.00061,0.180639,239
ESC_WONG,stemness,COQ3,0.061526,0.037112,0.000344,0.000595,0.186032,240
ESC_WONG,stemness,CHEK2,0.052357,0.034496,0.00032,0.000581,0.191004,241
ESC_WONG,stemness,NLN,0.081267,0.054993,0.00051,0.000575,0.158956,242
ESC_WONG,stemness,IPO9,0.115593,0.076739,0.000711,0.000565,0.156014,243
ESC_WONG,stemness,DLAT,0.078487,0.052053,0.000482,0.000563,0.155458,244
ESC_WONG,stemness,NT5DC2,0.111341,0.078649,0.000729,0.000535,0.145906,245
ESC_WONG,stemness,NUP107,0.094023,0.063561,0.000589,0.000531,0.173216,246
ESC_WONG,stemness,EIF4A1,0.15239,0.114144,0.001058,0.000529,0.148635,247
ESC_WONG,stemness,RAD18,0.070268,0.044929,0.000416,0.000516,0.170517,248
ESC_WONG,stemness,E2F3,0.103216,0.068916,0.000639,0.000478,0.139173,249
ESC_WONG,stemness,PRIM1,0.041239,0.026122,0.000242,0.000437,0.159312,250
ESC_WONG,stemness,ELOVL6,0.049981,0.029565,0.000274,0.000436,0.152099,251
ESC_WONG,stemness,TP53,0.073546,0.052841,0.00049,0.000433,0.125223,252
ESC_WONG,stemness,WDHD1,0.043615,0.026881,0.000249,0.000416,0.165859,253
ESC_WONG,stemness,CHAF1A,0.049245,0.029529,0.000274,0.000412,0.153058,254
ESC_WONG,stemness,HELLS,0.065303,0.044986,0.000417,0.000405,0.150124,255
ESC_WONG,stemness,BUB1B,0.02929,0.018065,0.000167,0.000393,0.176013,256
ESC_WONG,stemness,EXO1,0.028197,0.018746,0.000174,0.00039,0.173525,257
ESC_WONG,stemness,SOX2,0.032853,0.01933,0.000179,0.000388,0.149414,258
ESC_WONG,stemness,EEF1E1,0.051715,0.034141,0.000316,0.000384,0.130627,259
ESC_WONG,stemness,GJA1,0.04447,0.029819,0.000276,0.000381,0.147729,260
ESC_WONG,stemness,CDC7,0.043139,0.027092,0.000251,0.000381,0.150162,261
ESC_WONG,stemness,KIF11,0.035086,0.023962,0.000222,0.000374,0.168221,262
ESC_WONG,stemness,DARS2,0.044303,0.027345,0.000253,0.000372,0.133885,263
ESC_WONG,stemness,UGDH,0.119061,0.087914,0.000815,0.000352,0.13265,264
ESC_WONG,stemness,POLD1,0.047819,0.030644,0.000284,0.000342,0.144732,265
ESC_WONG,stemness,NOP2,0.057488,0.038703,0.000359,0.000342,0.132842,266
ESC_WONG,stemness,SPAG5,0.031357,0.018412,0.000171,0.000321,0.169054,267
ESC_WONG,stemness,TGIF2,0.06623,0.042991,0.000398,0.000311,0.12758,268
ESC_WONG,stemness,ABCB7,0.081528,0.051893,0.000481,0.000283,0.117321,269
ESC_WONG,stemness,POLE2,0.023161,0.014273,0.000132,0.000268,0.137587,270
ESC_WONG,stemness,BLM,0.023874,0.015627,0.000145,0.000251,0.141524,271
ESC_WONG,stemness,PLK4,0.022853,0.014505,0.000134,0.000232,0.143184,272
ESC_WONG,stemness,CCNF,0.031927,0.020297,0.000188,0.000211,0.115933,273
ESC_WONG,stemness,ALDOC,0.043377,0.026655,0.000247,0.000207,0.101388,274
ESC_WONG,stemness,ACAD8,0.061455,0.040918,0.000379,0.000205,0.101503,275
ESC_WONG,stemness,MRPL12,0.035847,0.021604,0.0002,0.000191,0.095303,276
ESC_WONG,stemness,MRPS17,0.04972,0.032337,0.0003,0.000185,0.091884,277
ESC_WONG,stemness,FGFR1,0.071147,0.05467,0.000507,0.000183,0.098029,278
ESC_WONG,stemness,AMOTL2,0.070957,0.047741,0.000442,0.000171,0.076098,279
ESC_WONG,stemness,YAP1,0.092954,0.058567,0.000543,0.000164,0.075713,280
ESC_WONG,stemness,HSPA14,0.0334,0.019137,0.000177,0.00014,0.088833,281
ESC_WONG,stemness,NDUFB8,0.035894,0.022447,0.000208,0.000125,0.074879,282
ESC_WONG,stemness,GSPT2,0.025252,0.015225,0.000141,0.000108,0.056752,283
ESC_WONG,stemness,CDKN1C,0.051121,0.033171,0.000307,7.8e-05,0.068132,284
ESC_WONG,stemness,BCAT1,0.021261,0.017731,0.000164,5e-05,0.071236,285
ESC_WONG,stemness,PHC1,0.030834,0.018847,0.000175,4.1e-05,0.046205,286
ESC_WONG,stemness,GLDC,0.008694,0.004168,3.9e-05,3.9e-05,0.048975,287
ESC_WONG,stemness,TMEFF1,0.00525,0.003527,3.3e-05,2.4e-05,0.040752,288
ESC_WONG,stemness,ZIC3,0.002376,0.00155,1.4e-05,1.2e-05,0.023604,289
ESC_WONG,stemness,OTX2,7.1e-05,2.6e-05,0.0,1e-06,0.00634,290
ESC_WONG,stemness,PIPOX,0.002399,0.001629,1.5e-05,-4e-06,0.011853,291
ESC_WONG,stemness,U2AF1,0.010025,0.006324,5.9e-05,-1.1e-05,0.034495,292
ESC_WONG,stemness,GNA14,0.008742,0.005075,4.7e-05,-3.4e-05,-0.023088,293
ESC_WONG,stemness,CCND2,0.007174,0.006627,6.1e-05,-6e-05,0.003637,294
ESC_WONG,stemness,PDPN,0.009478,0.010045,9.3e-05,-0.000106,0.00916,295
ESC_WONG,stemness,WEE1,0.113312,0.076859,0.000712,-0.000114,0.067668,296
ESC_WONG,stemness,PROM1,0.128159,0.116588,0.00108,-0.000792,-0.016144,297
FMASC,stemness,YBX1,0.769384,1.606728,0.015133,0.008105,0.137554,1
FMASC,stemness,HMGB1,0.753872,1.421111,0.013385,0.007846,0.088035,2
FMASC,stemness,GNAS,0.562191,0.81799,0.007704,0.007515,0.154497,3
FMASC,stemness,DEK,0.465911,0.581853,0.00548,0.007124,0.135226,4
FMASC,stemness,H2AFV,0.468216,0.551948,0.005199,0.005712,0.139014,5
FMASC,stemness,TSPAN13,0.468572,0.592762,0.005583,0.005513,0.078678,6
FMASC,stemness,FSCN1,0.309721,0.356649,0.003359,0.004891,0.134123,7
FMASC,stemness,ATP6V0E2,0.354475,0.3964,0.003734,0.004739,0.132396,8
FMASC,stemness,IGFBP5,0.236507,0.397045,0.00374,0.004489,0.274741,9
FMASC,stemness,ANXA1,0.448736,0.870096,0.008195,0.004462,-0.141347,10
FMASC,stemness,CENPF,0.169897,0.190075,0.00179,0.004387,0.268791,11
FMASC,stemness,HMGN3,0.556442,0.728303,0.00686,0.004318,0.0499,12
FMASC,stemness,CDC20,0.219665,0.299945,0.002825,0.004298,0.226324,13
FMASC,stemness,FAM96A,0.404029,0.399707,0.003765,0.004027,-0.020541,14
FMASC,stemness,SFRP1,0.263754,0.278708,0.002625,0.004006,0.184241,15
FMASC,stemness,TTC3,0.380036,0.415154,0.00391,0.004004,0.207544,16
FMASC,stemness,TMEM14A,0.437429,0.459801,0.004331,0.004002,0.01238,17
FMASC,stemness,DNAJC1,0.309887,0.292634,0.002756,0.003995,0.116843,18
FMASC,stemness,TYMS,0.212277,0.233183,0.002196,0.003906,0.277358,19
FMASC,stemness,SMC4,0.228929,0.223676,0.002107,0.003855,0.221302,20
FMASC,stemness,UBE2E3,0.400109,0.393028,0.003702,0.003809,0.065353,21
FMASC,stemness,SLBP,0.343358,0.359364,0.003385,0.003802,-0.023501,22
FMASC,stemness,TPR,0.33521,0.29825,0.002809,0.003756,0.045236,23
FMASC,stemness,PSIP1,0.235628,0.216379,0.002038,0.003736,0.187616,24
FMASC,stemness,LMO4,0.363051,0.38903,0.003664,0.003735,0.046653,25
FMASC,stemness,SRRM2,0.35362,0.338011,0.003184,0.003705,0.127335,26
FMASC,stemness,PRKDC,0.346327,0.338346,0.003187,0.003678,0.14643,27
FMASC,stemness,USP1,0.308485,0.265534,0.002501,0.003672,0.094901,28
FMASC,stemness,MKI67,0.143125,0.142283,0.00134,0.003566,0.303374,29
FMASC,stemness,BTF3L4,0.510476,0.593046,0.005586,0.003528,-0.094028,30
FMASC,stemness,DSC2,0.362338,0.42812,0.004032,0.003458,0.011293,31
FMASC,stemness,UBE2T,0.249952,0.24722,0.002329,0.003425,0.199037,32
FMASC,stemness,EML4,0.303069,0.265232,0.002498,0.003397,0.137277,33
FMASC,stemness,MARCKS,0.277746,0.254178,0.002394,0.003329,0.114796,34
FMASC,stemness,ENAH,0.324995,0.287935,0.002712,0.003274,0.100439,35
FMASC,stemness,DUT,0.363384,0.380286,0.003582,0.00324,0.104953,36
FMASC,stemness,RBM25,0.349867,0.311755,0.002936,0.00322,0.033133,37
FMASC,stemness,HNRNPR,0.379371,0.361998,0.00341,0.00314,0.098168,38
FMASC,stemness,NFIB,0.278221,0.245511,0.002312,0.003118,0.158613,39
FMASC,stemness,DNMT1,0.245867,0.202876,0.001911,0.002984,0.131883,40
FMASC,stemness,FABP7,0.286654,0.535296,0.005042,0.002981,0.047192,41
FMASC,stemness,HDLBP,0.476957,0.551923,0.005198,0.002969,0.052304,42
FMASC,stemness,CDK1,0.161987,0.18308,0.001724,0.002907,0.293114,43
FMASC,stemness,ASPH,0.316847,0.301901,0.002844,0.002881,0.130024,44
FMASC,stemness,TPM1,0.581647,0.947907,0.008928,0.002867,-0.115309,45
FMASC,stemness,ACP1,0.546513,0.686132,0.006463,0.002863,-0.065288,46
FMASC,stemness,CXCL10,0.251615,0.6545,0.006165,0.002839,-0.213309,47
FMASC,stemness,TTYH1,0.178901,0.211363,0.001991,0.002807,0.232345,48
FMASC,stemness,GABRP,0.306134,0.405405,0.003818,0.002781,0.080178,49
FMASC,stemness,PTTG1,0.23988,0.310651,0.002926,0.002766,0.182525,50
FMASC,stemness,CSN3,0.168163,0.36163,0.003406,0.002741,0.27,51
FMASC,stemness,PPT1,0.294921,0.25144,0.002368,0.002733,0.014125,52
FMASC,stemness,LYPLA1,0.428996,0.451513,0.004253,0.002733,0.047533,53
FMASC,stemness,NOL7,0.40315,0.40805,0.003843,0.002731,0.013622,54
FMASC,stemness,HSPH1,0.352147,0.355158,0.003345,0.002728,-0.019636,55
FMASC,stemness,DTYMK,0.2352,0.196691,0.001853,0.002661,0.166884,56
FMASC,stemness,PTPRK,0.298651,0.277681,0.002615,0.002652,-0.003289,57
FMASC,stemness,PLOD1,0.310338,0.312078,0.002939,0.002644,-0.079294,58
FMASC,stemness,DECR1,0.338464,0.333177,0.003138,0.002641,0.046303,59
FMASC,stemness,ORMDL1,0.306823,0.256914,0.00242,0.00263,0.048375,60
FMASC,stemness,ARL6IP1,0.225033,0.191139,0.0018,0.002627,0.146373,61
FMASC,stemness,CSNK1A1,0.377518,0.3528,0.003323,0.002613,0.026115,62
FMASC,stemness,HIBADH,0.293995,0.259161,0.002441,0.002603,0.080694,63
FMASC,stemness,CTHRC1,0.250404,0.315253,0.002969,0.002596,0.205331,64
FMASC,stemness,TPX2,0.15992,0.161868,0.001525,0.002585,0.27419,65
FMASC,stemness,RSF1,0.281998,0.230942,0.002175,0.002579,0.07473,66
FMASC,stemness,BZW1,0.437239,0.468549,0.004413,0.002572,-0.045612,67
FMASC,stemness,YTHDF2,0.294351,0.243617,0.002295,0.002558,0.06714,68
FMASC,stemness,ERBB3,0.200043,0.165247,0.001556,0.002545,0.147598,69
FMASC,stemness,CCNB2,0.147306,0.151888,0.001431,0.002534,0.195534,70
FMASC,stemness,MCM7,0.248408,0.236627,0.002229,0.00253,0.16398,71
FMASC,stemness,SGCE,0.193154,0.152628,0.001438,0.002455,0.057409,72
FMASC,stemness,TOP1,0.320506,0.279827,0.002636,0.002417,-0.030055,73
FMASC,stemness,ARID4B,0.27967,0.22626,0.002131,0.002401,0.058341,74
FMASC,stemness,RNF130,0.271689,0.225513,0.002124,0.0024,0.079443,75
FMASC,stemness,NCOA7,0.303782,0.290048,0.002732,0.002397,0.016852,76
FMASC,stemness,TRPS1,0.243016,0.230053,0.002167,0.002361,0.090839,77
FMASC,stemness,CCNB1,0.153221,0.162695,0.001532,0.002345,0.195373,78
FMASC,stemness,ARL4A,0.23349,0.201478,0.001898,0.002294,0.132945,79
FMASC,stemness,PHF14,0.231756,0.178697,0.001683,0.002291,0.134598,80
FMASC,stemness,PPIC,0.324568,0.320822,0.003022,0.002276,-0.081925,81
FMASC,stemness,CDCA3,0.12329,0.118825,0.001119,0.002267,0.207408,82
FMASC,stemness,RSRC2,0.289742,0.236454,0.002227,0.002254,0.036238,83
FMASC,stemness,CDCA8,0.127376,0.120212,0.001132,0.00225,0.251098,84
FMASC,stemness,SORT1,0.195363,0.153174,0.001443,0.002247,0.124886,85
FMASC,stemness,NUSAP1,0.123076,0.116533,0.001098,0.002225,0.262747,86
FMASC,stemness,PAPSS1,0.327775,0.317876,0.002994,0.002213,0.071087,87
FMASC,stemness,KIF22,0.234108,0.197045,0.001856,0.002179,0.117739,88
FMASC,stemness,PHF20L1,0.264158,0.20974,0.001976,0.002172,0.05965,89
FMASC,stemness,MYO10,0.180445,0.141587,0.001334,0.002168,0.169741,90
FMASC,stemness,ASPM,0.094284,0.08285,0.00078,0.002161,0.254919,91
FMASC,stemness,LPP,0.255487,0.215352,0.002028,0.002136,0.108945,92
FMASC,stemness,BNIP3L,0.328226,0.313708,0.002955,0.002126,-0.016818,93
FMASC,stemness,SERPINE2,0.172178,0.165838,0.001562,0.002112,0.049691,94
FMASC,stemness,OSBPL1A,0.216885,0.165239,0.001556,0.002111,0.125424,95
FMASC,stemness,WRB,0.226197,0.185406,0.001746,0.002111,0.14523,96
FMASC,stemness,SYNE2,0.223941,0.18229,0.001717,0.002104,0.096904,97
FMASC,stemness,NQO2,0.234013,0.198399,0.001869,0.002099,0.104444,98
FMASC,stemness,CENPA,0.102242,0.091002,0.000857,0.002058,0.252298,99
FMASC,stemness,GMDS,0.322548,0.321022,0.003024,0.002045,0.074414,100
FMASC,stemness,BAZ1B,0.214058,0.156277,0.001472,0.002044,0.110209,101
FMASC,stemness,TOP2A,0.104594,0.095072,0.000895,0.002032,0.278681,102
FMASC,stemness,BBX,0.233015,0.175515,0.001653,0.002025,0.037262,103
FMASC,stemness,EIF2A,0.357231,0.349681,0.003294,0.002021,-0.104074,104
FMASC,stemness,CRYAB,0.405502,0.676108,0.006368,0.002,-0.131795,105
FMASC,stemness,GRSF1,0.327371,0.29062,0.002737,0.001998,0.04052,106
FMASC,stemness,TBC1D7,0.22634,0.183151,0.001725,0.001967,0.117287,107
FMASC,stemness,LIMS1,0.254252,0.199353,0.001878,0.001963,0.011282,108
FMASC,stemness,NUF2,0.103478,0.090198,0.00085,0.001958,0.244499,109
FMASC,stemness,MFAP2,0.258172,0.303747,0.002861,0.00195,0.158076,110
FMASC,stemness,HES1,0.210258,0.183534,0.001729,0.001948,0.075741,111
FMASC,stemness,VMA21,0.275038,0.226358,0.002132,0.001934,-0.01164,112
FMASC,stemness,SMC2,0.140821,0.103508,0.000975,0.001927,0.193096,113
FMASC,stemness,ZFAND1,0.25955,0.221805,0.002089,0.001917,0.089199,114
FMASC,stemness,UBA2,0.344783,0.350913,0.003305,0.001915,0.140085,115
FMASC,stemness,FBLN1,0.214462,0.19895,0.001874,0.001914,0.123195,116
FMASC,stemness,WNK1,0.222254,0.164883,0.001553,0.001911,0.064375,117
FMASC,stemness,JMJD1C,0.197667,0.153162,0.001443,0.001899,0.161568,118
FMASC,stemness,PBK,0.09179,0.079031,0.000744,0.00189,0.261586,119
FMASC,stemness,PHIP,0.222088,0.171641,0.001617,0.001869,0.103928,120
FMASC,stemness,CCDC88A,0.13436,0.095505,0.0009,0.001867,0.15776,121
FMASC,stemness,PMP22,0.215151,0.222247,0.002093,0.001858,0.096889,122
FMASC,stemness,MAD2L1,0.164434,0.152317,0.001435,0.001852,0.230811,123
FMASC,stemness,DARS,0.295705,0.250406,0.002359,0.001836,-0.04915,124
FMASC,stemness,NFIA,0.186075,0.148143,0.001395,0.001834,0.13267,125
FMASC,stemness,MAL2,0.294375,0.282937,0.002665,0.001829,-0.087488,126
FMASC,stemness,CKAP5,0.175955,0.134444,0.001266,0.001814,0.156531,127
FMASC,stemness,ATP2B1,0.160775,0.110275,0.001039,0.001811,0.102588,128
FMASC,stemness,PTN,0.144028,0.138126,0.001301,0.001807,0.025262,129
FMASC,stemness,RAD1,0.21584,0.172603,0.001626,0.001799,0.127018,130
FMASC,stemness,CLMN,0.184459,0.132334,0.001246,0.001784,0.037143,131
FMASC,stemness,LPGAT1,0.204818,0.147053,0.001385,0.001772,0.067275,132
FMASC,stemness,PLK1,0.109345,0.116342,0.001096,0.001763,0.208586,133
FMASC,stemness,MEST,0.1708,0.195485,0.001841,0.001757,0.156973,134
FMASC,stemness,SCARB1,0.162106,0.118278,0.001114,0.00175,0.116534,135
FMASC,stemness,WAC,0.204295,0.151716,0.001429,0.001748,0.130624,136
FMASC,stemness,DHCR7,0.202395,0.159729,0.001504,0.001741,0.064136,137
FMASC,stemness,CKAP2,0.13291,0.105397,0.000993,0.00174,0.165424,138
FMASC,stemness,GOLM1,0.19762,0.147979,0.001394,0.001734,0.02583,139
FMASC,stemness,COX16,0.35621,0.330602,0.003114,0.001733,-0.072586,140
FMASC,stemness,GPX4,0.665693,1.108454,0.01044,0.001727,-0.100826,141
FMASC,stemness,AIG1,0.271712,0.220216,0.002074,0.001726,-0.092649,142
FMASC,stemness,ATAD2,0.140465,0.112012,0.001055,0.001723,0.208028,143
FMASC,stemness,SLC44A1,0.198522,0.147206,0.001387,0.001722,0.081899,144
FMASC,stemness,LIMCH1,0.183153,0.13139,0.001238,0.001722,0.070781,145
FMASC,stemness,C1D,0.295634,0.244398,0.002302,0.001714,0.010486,146
FMASC,stemness,CDKN2C,0.096874,0.071269,0.000671,0.001708,0.18332,147
FMASC,stemness,TIMP2,0.124952,0.10178,0.000959,0.001697,0.168109,148
FMASC,stemness,CTSS,0.217788,0.245326,0.002311,0.001694,-0.197914,149
FMASC,stemness,GINS2,0.148351,0.124389,0.001172,0.001688,0.136447,150
FMASC,stemness,RAB40B,0.207739,0.165375,0.001558,0.001684,0.070868,151
FMASC,stemness,NCOR1,0.222325,0.168644,0.001588,0.001678,0.086586,152
FMASC,stemness,HAT1,0.201254,0.164344,0.001548,0.001663,0.0953,153
FMASC,stemness,CCNC,0.30858,0.271012,0.002553,0.001661,0.044518,154
FMASC,stemness,CRABP1,0.257412,0.411059,0.003872,0.001657,0.138342,155
FMASC,stemness,SLC38A1,0.239191,0.207616,0.001955,0.00165,0.112406,156
FMASC,stemness,SCOC,0.345211,0.323309,0.003045,0.001648,0.02779,157
FMASC,stemness,ARHGAP29,0.209854,0.18635,0.001755,0.001647,-0.054051,158
FMASC,stemness,KIF21A,0.149492,0.103511,0.000975,0.001622,0.134746,159
FMASC,stemness,TCEA3,0.236602,0.195546,0.001842,0.001621,0.014075,160
FMASC,stemness,PIK3R3,0.204461,0.162948,0.001535,0.001618,0.066078,161
FMASC,stemness,FAM83D,0.102955,0.090681,0.000854,0.001612,0.218984,162
FMASC,stemness,ANKRD12,0.181775,0.130288,0.001227,0.001602,0.099177,163
FMASC,stemness,ARID5B,0.198712,0.159732,0.001504,0.0016,0.033106,164
FMASC,stemness,LRRCC1,0.179613,0.13957,0.001315,0.001595,0.124297,165
FMASC,stemness,N4BP2L2,0.255844,0.215476,0.00203,0.001592,0.062694,166
FMASC,stemness,CBX5,0.194389,0.146347,0.001378,0.001584,0.115143,167
FMASC,stemness,EZH2,0.140417,0.102895,0.000969,0.001575,0.164052,168
FMASC,stemness,CP,0.155858,0.162011,0.001526,0.001574,-0.122376,169
FMASC,stemness,MAGED2,0.321479,0.319014,0.003005,0.001573,-0.046696,170
FMASC,stemness,CLCN3,0.177024,0.125029,0.001178,0.00156,0.080974,171
FMASC,stemness,DCTD,0.225888,0.172424,0.001624,0.001546,-0.049773,172
FMASC,stemness,USP22,0.211422,0.16554,0.001559,0.001541,0.126021,173
FMASC,stemness,GMNN,0.15783,0.126735,0.001194,0.001539,0.176247,174
FMASC,stemness,RRM1,0.158637,0.124982,0.001177,0.00153,0.131603,175
FMASC,stemness,STARD7,0.271594,0.223889,0.002109,0.001527,0.055952,176
FMASC,stemness,IDH1,0.273304,0.256919,0.00242,0.001523,0.056828,177
FMASC,stemness,NDRG2,0.206789,0.22133,0.002085,0.001522,0.168216,178
FMASC,stemness,TSPAN6,0.257934,0.216777,0.002042,0.00152,0.020237,179
FMASC,stemness,RFC4,0.174791,0.137476,0.001295,0.001517,0.124505,180
FMASC,stemness,ABI2,0.184103,0.131367,0.001237,0.001507,0.09126,181
FMASC,stemness,DBF4,0.122007,0.085464,0.000805,0.001503,0.179298,182
FMASC,stemness,SMARCA2,0.166643,0.119078,0.001122,0.001501,0.07161,183
FMASC,stemness,KDM5B,0.21078,0.166404,0.001567,0.0015,0.036147,184
FMASC,stemness,ZFAND6,0.288222,0.237847,0.00224,0.001496,-0.020207,185
FMASC,stemness,EFR3A,0.234773,0.193468,0.001822,0.001481,-0.047495,186
FMASC,stemness,ITGB8,0.154979,0.11708,0.001103,0.001472,0.088454,187
FMASC,stemness,EFEMP1,0.182701,0.200904,0.001892,0.001471,-0.023933,188
FMASC,stemness,RSRC1,0.189923,0.140759,0.001326,0.00147,0.035628,189
FMASC,stemness,SSFA2,0.188807,0.153734,0.001448,0.001465,0.135135,190
FMASC,stemness,TNC,0.133861,0.119418,0.001125,0.001459,-0.020213,191
FMASC,stemness,BEX4,0.269075,0.25256,0.002379,0.001459,0.028237,192
FMASC,stemness,CDC5L,0.175005,0.12117,0.001141,0.001452,0.08566,193
FMASC,stemness,DHX9,0.20268,0.153493,0.001446,0.001449,0.072671,194
FMASC,stemness,MBD4,0.195957,0.137499,0.001295,0.001442,0.059535,195
FMASC,stemness,AHR,0.178117,0.139393,0.001313,0.001437,0.098912,196
FMASC,stemness,TIA1,0.206362,0.154062,0.001451,0.001433,0.110928,197
FMASC,stemness,TROAP,0.099796,0.082677,0.000779,0.001413,0.213522,198
FMASC,stemness,SVIP,0.207763,0.160838,0.001515,0.00141,0.043463,199
FMASC,stemness,NKTR,0.177499,0.130928,0.001233,0.001407,0.092042,200
FMASC,stemness,USP9X,0.179637,0.126109,0.001188,0.001406,0.083427,201
FMASC,stemness,CENPN,0.156072,0.124285,0.001171,0.001402,0.140467,202
FMASC,stemness,CCDC34,0.147924,0.102087,0.000962,0.001396,0.119142,203
FMASC,stemness,TFDP1,0.168781,0.118691,0.001118,0.001395,0.09631,204
FMASC,stemness,CCNA2,0.107207,0.100866,0.00095,0.001386,0.230558,205
FMASC,stemness,KIF23,0.088393,0.073714,0.000694,0.001376,0.202212,206
FMASC,stemness,FKBP9,0.160965,0.122966,0.001158,0.001375,0.110491,207
FMASC,stemness,CHD2,0.192987,0.146413,0.001379,0.001373,0.053733,208
FMASC,stemness,MEF2A,0.161797,0.116973,0.001102,0.001372,0.071586,209
FMASC,stemness,INTS10,0.17624,0.125719,0.001184,0.001372,0.087307,210
FMASC,stemness,IMPAD1,0.152604,0.095818,0.000902,0.001368,0.073687,211
FMASC,stemness,ASF1B,0.098465,0.075796,0.000714,0.001363,0.214535,212
FMASC,stemness,MBOAT2,0.19541,0.15029,0.001416,0.001362,0.04104,213
FMASC,stemness,TACC3,0.091553,0.071542,0.000674,0.001362,0.166651,214
FMASC,stemness,POGZ,0.161963,0.117721,0.001109,0.001362,0.14519,215
FMASC,stemness,QPCT,0.129846,0.124902,0.001176,0.00136,0.146245,216
FMASC,stemness,AURKA,0.084426,0.066213,0.000624,0.001357,0.214901,217
FMASC,stemness,ANLN,0.087942,0.0666,0.000627,0.001355,0.227121,218
FMASC,stemness,ROCK2,0.130654,0.08589,0.000809,0.001353,0.138086,219
FMASC,stemness,CUX1,0.140536,0.096583,0.00091,0.001349,0.127112,220
FMASC,stemness,ACADM,0.218572,0.171021,0.001611,0.001348,0.063301,221
FMASC,stemness,MCM3,0.145525,0.116239,0.001095,0.001344,0.160309,222
FMASC,stemness,PEG10,0.116876,0.12288,0.001157,0.001336,0.124207,223
FMASC,stemness,CELF1,0.18883,0.136527,0.001286,0.001334,0.076445,224
FMASC,stemness,FUBP1,0.190446,0.14167,0.001334,0.00133,0.047707,225
FMASC,stemness,PRPF4B,0.174791,0.129655,0.001221,0.001321,0.134563,226
FMASC,stemness,KCTD1,0.157497,0.104481,0.000984,0.00131,0.041845,227
FMASC,stemness,NEK1,0.120487,0.079604,0.00075,0.001306,0.117874,228
FMASC,stemness,REST,0.156737,0.102721,0.000968,0.0013,0.101508,229
FMASC,stemness,FOXM1,0.097135,0.070049,0.00066,0.001295,0.169887,230
FMASC,stemness,PTGR1,0.190256,0.139446,0.001313,0.001294,0.025684,231
FMASC,stemness,ARL5B,0.16928,0.138611,0.001306,0.001293,0.171797,232
FMASC,stemness,TCERG1,0.162605,0.108867,0.001025,0.001292,0.067734,233
FMASC,stemness,KDM5A,0.181395,0.133796,0.00126,0.001291,0.072802,234
FMASC,stemness,KLF10,0.19971,0.163767,0.001542,0.001286,0.020844,235
FMASC,stemness,ACAT2,0.162462,0.123329,0.001162,0.001282,0.026582,236
FMASC,stemness,RBM47,0.156214,0.116302,0.001095,0.001279,0.033181,237
FMASC,stemness,HADH,0.198261,0.154085,0.001451,0.001277,0.079987,238
FMASC,stemness,RAD51AP1,0.113194,0.093921,0.000885,0.00127,0.158824,239
FMASC,stemness,BARD1,0.106186,0.069896,0.000658,0.001259,0.163007,240
FMASC,stemness,PLOD2,0.190731,0.160313,0.00151,0.001259,0.018522,241
FMASC,stemness,HEY1,0.062619,0.05133,0.000483,0.001249,0.193662,242
FMASC,stemness,RHOBTB3,0.138089,0.104412,0.000983,0.001244,0.132658,243
FMASC,stemness,CDK6,0.145501,0.111966,0.001055,0.00124,0.081999,244
FMASC,stemness,TRA2A,0.169565,0.122585,0.001155,0.001239,0.096559,245
FMASC,stemness,GPM6B,0.105806,0.073666,0.000694,0.001231,0.117161,246
FMASC,stemness,ECT2,0.12652,0.105924,0.000998,0.001226,0.213717,247
FMASC,stemness,CPSF6,0.194318,0.1437,0.001353,0.001225,0.08341,248
FMASC,stemness,ITGAV,0.136996,0.096921,0.000913,0.001224,0.111396,249
FMASC,stemness,FBXO7,0.249169,0.19847,0.001869,0.001223,-0.002809,250
FMASC,stemness,PLEKHA1,0.161037,0.113078,0.001065,0.001221,0.098791,251
FMASC,stemness,MATN2,0.060766,0.045065,0.000424,0.00122,0.175697,252
FMASC,stemness,SMARCC1,0.168258,0.124756,0.001175,0.00122,0.112127,253
FMASC,stemness,CEP170,0.131271,0.089993,0.000848,0.001211,0.134739,254
FMASC,stemness,TSPAN15,0.237552,0.212697,0.002003,0.001211,-0.086379,255
FMASC,stemness,VCL,0.164838,0.129981,0.001224,0.001209,0.05771,256
FMASC,stemness,TFDP2,0.228003,0.19143,0.001803,0.001207,0.046416,257
FMASC,stemness,RFC1,0.147306,0.095389,0.000898,0.001203,0.082325,258
FMASC,stemness,TRIM2,0.134787,0.103358,0.000974,0.001201,0.145745,259
FMASC,stemness,PELI1,0.155169,0.118009,0.001111,0.001196,0.142084,260
FMASC,stemness,NDC80,0.074591,0.056591,0.000533,0.001192,0.207327,261
FMASC,stemness,PSRC1,0.077252,0.054936,0.000517,0.001191,0.194401,262
FMASC,stemness,CDCA2,0.076112,0.05307,0.0005,0.00119,0.215227,263
FMASC,stemness,EHF,0.199853,0.186339,0.001755,0.001185,0.111407,264
FMASC,stemness,GNB4,0.169874,0.132119,0.001244,0.001185,0.068186,265
FMASC,stemness,SEPHS1,0.165716,0.116783,0.0011,0.001171,0.0672,266
FMASC,stemness,TRIP13,0.097919,0.072599,0.000684,0.001169,0.203245,267
FMASC,stemness,DNAJC9,0.18674,0.146243,0.001377,0.001164,0.110933,268
FMASC,stemness,KCNN4,0.137709,0.103276,0.000973,0.001164,-0.014541,269
FMASC,stemness,GTSE1,0.066538,0.047425,0.000447,0.001153,0.219446,270
FMASC,stemness,MYLIP,0.118824,0.07802,0.000735,0.001149,0.124632,271
FMASC,stemness,BTG2,0.185956,0.188693,0.001777,0.001144,0.115684,272
FMASC,stemness,SOSTDC1,0.116282,0.100218,0.000944,0.001144,0.056846,273
FMASC,stemness,HAUS4,0.149515,0.100735,0.000949,0.001142,0.084619,274
FMASC,stemness,TEAD2,0.178402,0.129265,0.001218,0.001127,0.073306,275
FMASC,stemness,MAOB,0.121983,0.105726,0.000996,0.001127,0.093375,276
FMASC,stemness,VRK2,0.178497,0.127144,0.001198,0.001124,0.033793,277
FMASC,stemness,FUNDC1,0.184341,0.128523,0.001211,0.001121,0.01,278
FMASC,stemness,CEP70,0.152556,0.11173,0.001052,0.001117,0.105073,279
FMASC,stemness,DLGAP5,0.072382,0.057121,0.000538,0.001105,0.207418,280
FMASC,stemness,SNCA,0.06737,0.05858,0.000552,0.001102,0.195467,281
FMASC,stemness,ELF5,0.179803,0.191801,0.001807,0.001101,0.138787,282
FMASC,stemness,SRD5A1,0.155906,0.110929,0.001045,0.001099,0.035348,283
FMASC,stemness,HJURP,0.061312,0.042969,0.000405,0.001099,0.218256,284
FMASC,stemness,HMGCS1,0.147615,0.121281,0.001142,0.001095,0.133914,285
FMASC,stemness,CREM,0.183367,0.143355,0.00135,0.001089,0.097374,286
FMASC,stemness,CEP57,0.16049,0.113542,0.001069,0.001085,0.092624,287
FMASC,stemness,STK3,0.168591,0.125719,0.001184,0.00108,0.080692,288
FMASC,stemness,SKP2,0.113883,0.082023,0.000773,0.001076,0.186672,289
FMASC,stemness,NCAPG,0.070292,0.052606,0.000495,0.001075,0.186349,290
FMASC,stemness,MCM5,0.108158,0.083822,0.00079,0.001071,0.074824,291
FMASC,stemness,CNOT1,0.161702,0.114665,0.00108,0.001068,0.029181,292
FMASC,stemness,GMFB,0.176929,0.120421,0.001134,0.001068,-0.012495,293
FMASC,stemness,MTF2,0.125665,0.078991,0.000744,0.001065,0.092119,294
FMASC,stemness,AUTS2,0.113621,0.073319,0.000691,0.001054,0.142616,295
FMASC,stemness,TNRC6B,0.13778,0.09813,0.000924,0.001053,0.124447,296
FMASC,stemness,FRMD3,0.097064,0.065307,0.000615,0.00105,0.079941,297
FMASC,stemness,NRN1,0.120249,0.127541,0.001201,0.001049,0.146024,298
FMASC,stemness,PDCD6IP,0.201231,0.152925,0.00144,0.001048,-0.020062,299
FMASC,stemness,NCOA4,0.21021,0.157573,0.001484,0.001043,-0.009248,300
FMASC,stemness,PCF11,0.122815,0.082523,0.000777,0.001039,0.137177,301
FMASC,stemness,NCAPD2,0.086707,0.059802,0.000563,0.001038,0.149485,302
FMASC,stemness,CDCA5,0.082644,0.060404,0.000569,0.001036,0.205052,303
FMASC,stemness,ATP6V1H,0.162391,0.114553,0.001079,0.00103,0.044318,304
FMASC,stemness,PPP1R1B,0.111079,0.115956,0.001092,0.001028,0.122834,305
FMASC,stemness,MTIF2,0.138137,0.088901,0.000837,0.001021,0.062107,306
FMASC,stemness,CDCA7L,0.125356,0.092093,0.000867,0.001018,0.13501,307
FMASC,stemness,ADAM17,0.124145,0.079234,0.000746,0.001016,0.080277,308
FMASC,stemness,AKAP13,0.152675,0.11292,0.001064,0.001015,0.010992,309
FMASC,stemness,PCCB,0.145406,0.09818,0.000925,0.001013,0.015971,310
FMASC,stemness,SORBS2,0.11994,0.10075,0.000949,0.001012,0.154053,311
FMASC,stemness,ARIH1,0.124667,0.081989,0.000772,0.00101,0.130273,312
FMASC,stemness,TLE1,0.126924,0.081467,0.000767,0.000996,0.068956,313
FMASC,stemness,KIF20B,0.0749,0.054828,0.000516,0.000995,0.19265,314
FMASC,stemness,ARHGEF9,0.125404,0.08849,0.000833,0.000991,0.105463,315
FMASC,stemness,CNP,0.166477,0.120212,0.001132,0.000991,0.007415,316
FMASC,stemness,TOPBP1,0.11507,0.074613,0.000703,0.000983,0.080309,317
FMASC,stemness,DCAF8,0.144004,0.09951,0.000937,0.000983,0.077381,318
FMASC,stemness,MKLN1,0.147472,0.104214,0.000982,0.000982,0.088321,319
FMASC,stemness,TMEM64,0.096636,0.064637,0.000609,0.000981,0.122378,320
FMASC,stemness,TCF7L2,0.125641,0.087715,0.000826,0.000965,0.101825,321
FMASC,stemness,FOXP1,0.131129,0.09143,0.000861,0.000963,0.086416,322
FMASC,stemness,GCNT1,0.113004,0.091341,0.00086,0.000949,0.02673,323
FMASC,stemness,CLSPN,0.066111,0.045102,0.000425,0.000947,0.17034,324
FMASC,stemness,RACGAP1,0.083143,0.06124,0.000577,0.000946,0.208368,325
FMASC,stemness,SUPT7L,0.145453,0.09438,0.000889,0.000945,0.04285,326
FMASC,stemness,ADD3,0.170515,0.142338,0.001341,0.000937,0.111318,327
FMASC,stemness,XIST,0.114595,0.106245,0.001001,0.000934,0.126226,328
FMASC,stemness,RLF,0.127518,0.088774,0.000836,0.00093,0.085685,329
FMASC,stemness,NPR3,0.063545,0.050771,0.000478,0.000929,0.169657,330
FMASC,stemness,ARHGDIB,0.247696,0.233052,0.002195,0.000924,0.041011,331
FMASC,stemness,RND3,0.180468,0.166798,0.001571,0.000923,-0.065328,332
FMASC,stemness,GCC2,0.136664,0.09326,0.000878,0.000921,0.025287,333
FMASC,stemness,NMRAL1,0.252185,0.205829,0.001939,0.000914,-0.013567,334
FMASC,stemness,USP47,0.14847,0.106364,0.001002,0.000914,0.046031,335
FMASC,stemness,DOCK7,0.12595,0.088376,0.000832,0.000913,0.08788,336
FMASC,stemness,ADD1,0.144194,0.100769,0.000949,0.000912,0.024035,337
FMASC,stemness,SLC35A2,0.161345,0.11256,0.00106,0.000912,-0.042828,338
FMASC,stemness,PIK3R1,0.166358,0.138716,0.001307,0.00091,0.059124,339
FMASC,stemness,TPP1,0.155858,0.112817,0.001063,0.000907,-0.067407,340
FMASC,stemness,CXXC5,0.123598,0.079981,0.000753,0.000907,-0.045728,341
FMASC,stemness,MBP,0.11412,0.080727,0.00076,0.000905,-0.006624,342
FMASC,stemness,RIF1,0.127233,0.089311,0.000841,0.000905,0.072741,343
FMASC,stemness,ARHGAP18,0.113384,0.078562,0.00074,0.000903,0.080201,344
FMASC,stemness,CUL5,0.152485,0.106308,0.001001,0.000903,0.065081,345
FMASC,stemness,SERTAD4,0.122411,0.09349,0.000881,0.000902,0.09859,346
FMASC,stemness,LPCAT1,0.0916,0.055758,0.000525,0.0009,0.107138,347
FMASC,stemness,PPHLN1,0.150513,0.105847,0.000997,0.0009,0.070225,348
FMASC,stemness,CDT1,0.07882,0.0535,0.000504,0.0009,0.147957,349
FMASC,stemness,B3GNT5,0.113384,0.083257,0.000784,0.000898,0.113395,350
FMASC,stemness,NNT,0.076729,0.05045,0.000475,0.000898,0.180411,351
FMASC,stemness,G2E3,0.088868,0.055901,0.000527,0.000894,0.13428,352
FMASC,stemness,CRYZ,0.152128,0.108242,0.00102,0.000893,-0.012629,353
FMASC,stemness,LRRC26,0.124097,0.142576,0.001343,0.000886,0.087873,354
FMASC,stemness,CCPG1,0.142769,0.098116,0.000924,0.000886,0.007327,355
FMASC,stemness,KIFAP3,0.154385,0.108483,0.001022,0.000884,-0.019294,356
FMASC,stemness,CDC37L1,0.159944,0.11027,0.001039,0.00088,-0.001404,357
FMASC,stemness,KIF2C,0.065279,0.0514,0.000484,0.000879,0.194704,358
FMASC,stemness,REV3L,0.090412,0.057733,0.000544,0.000876,0.142077,359
FMASC,stemness,NEK2,0.065493,0.0521,0.000491,0.000869,0.192696,360
FMASC,stemness,MELK,0.075138,0.053662,0.000505,0.000862,0.206406,361
FMASC,stemness,PRICKLE1,0.09552,0.066984,0.000631,0.00086,0.134337,362
FMASC,stemness,CASP8AP2,0.100888,0.063055,0.000594,0.000855,0.096352,363
FMASC,stemness,LMNB2,0.090484,0.057185,0.000539,0.000854,0.125074,364
FMASC,stemness,FAF2,0.120867,0.075871,0.000715,0.000853,0.00879,365
FMASC,stemness,RRM2,0.054827,0.037694,0.000355,0.000851,0.189835,366
FMASC,stemness,SESN3,0.113716,0.086006,0.00081,0.000849,0.145828,367
FMASC,stemness,API5,0.187144,0.143757,0.001354,0.000845,0.044564,368
FMASC,stemness,FOXN2,0.087966,0.055507,0.000523,0.000841,0.093966,369
FMASC,stemness,KIF1B,0.117778,0.079073,0.000745,0.000841,0.031093,370
FMASC,stemness,DSN1,0.09274,0.059881,0.000564,0.000841,0.120276,371
FMASC,stemness,CKLF,0.126116,0.089497,0.000843,0.00084,0.061265,372
FMASC,stemness,INTS6,0.113004,0.080011,0.000754,0.000836,0.097396,373
FMASC,stemness,MCM4,0.117303,0.085488,0.000805,0.000835,0.116014,374
FMASC,stemness,MAML2,0.1102,0.086117,0.000811,0.000831,0.122729,375
FMASC,stemness,NCAPH2,0.090792,0.057322,0.00054,0.000831,0.074181,376
FMASC,stemness,RALGAPA1,0.116424,0.082135,0.000774,0.000825,0.096002,377
FMASC,stemness,PAQR4,0.102171,0.06569,0.000619,0.000824,0.050306,378
FMASC,stemness,VPS13A,0.092242,0.059418,0.00056,0.000821,0.130121,379
FMASC,stemness,GNPAT,0.161227,0.113397,0.001068,0.00082,0.034465,380
FMASC,stemness,SPC25,0.056157,0.039599,0.000373,0.00082,0.207032,381
FMASC,stemness,ERLIN2,0.115094,0.078559,0.00074,0.00082,0.106006,382
FMASC,stemness,VLDLR,0.09312,0.058207,0.000548,0.000819,0.019169,383
FMASC,stemness,R3HDM1,0.112885,0.073374,0.000691,0.000816,0.07007,384
FMASC,stemness,PHKB,0.13531,0.096296,0.000907,0.000812,0.027946,385
FMASC,stemness,LMO7,0.07262,0.051035,0.000481,0.000811,0.179013,386
FMASC,stemness,DDX6,0.14999,0.111458,0.00105,0.000811,0.091894,387
FMASC,stemness,SERTAD2,0.112529,0.071796,0.000676,0.000809,0.089505,388
FMASC,stemness,ETV5,0.076967,0.053738,0.000506,0.000805,0.148122,389
FMASC,stemness,LTBP1,0.085828,0.055436,0.000522,0.000804,0.1246,390
FMASC,stemness,RECK,0.068629,0.042846,0.000404,0.000803,0.148718,391
FMASC,stemness,CHKA,0.120415,0.085087,0.000801,0.0008,0.129591,392
FMASC,stemness,NRIP1,0.106257,0.070972,0.000668,0.000799,0.012322,393
FMASC,stemness,NAAA,0.097468,0.061486,0.000579,0.000799,0.11147,394
FMASC,stemness,PHF6,0.14619,0.104678,0.000986,0.000799,0.063417,395
FMASC,stemness,BMI1,0.122957,0.085858,0.000809,0.000798,0.110248,396
FMASC,stemness,RSPRY1,0.145334,0.096674,0.000911,0.000795,-0.029332,397
FMASC,stemness,DMD,0.085471,0.055489,0.000523,0.000794,0.100039,398
FMASC,stemness,MPPE1,0.116329,0.072902,0.000687,0.000792,0.066141,399
FMASC,stemness,NAALADL2,0.107112,0.082673,0.000779,0.00079,0.076579,400
FMASC,stemness,SASS6,0.081694,0.051122,0.000482,0.000787,0.141612,401
FMASC,stemness,EXOC5,0.132697,0.092542,0.000872,0.000783,0.069895,402
FMASC,stemness,PRKAR2B,0.082716,0.049535,0.000467,0.000781,0.084425,403
FMASC,stemness,BCL2L13,0.159588,0.113561,0.00107,0.000779,0.013856,404
FMASC,stemness,GLT8D1,0.120154,0.076766,0.000723,0.000777,0.050417,405
FMASC,stemness,RGS9,0.080625,0.054826,0.000516,0.000775,0.13814,406
FMASC,stemness,AURKB,0.06364,0.049392,0.000465,0.000775,0.196954,407
FMASC,stemness,CEP55,0.057606,0.03868,0.000364,0.000774,0.182225,408
FMASC,stemness,MEIS2,0.067536,0.041145,0.000388,0.000774,0.109723,409
FMASC,stemness,UMPS,0.119061,0.077787,0.000733,0.000772,0.039211,410
FMASC,stemness,HMMR,0.062951,0.050104,0.000472,0.000766,0.171919,411
FMASC,stemness,RECQL,0.121009,0.082971,0.000781,0.000761,0.042198,412
FMASC,stemness,RAP2B,0.141842,0.113495,0.001069,0.00076,0.079363,413
FMASC,stemness,GLB1,0.127756,0.087232,0.000822,0.000759,-0.020736,414
FMASC,stemness,INTS8,0.106471,0.071822,0.000676,0.000757,0.107215,415
FMASC,stemness,NDUFS1,0.122482,0.081132,0.000764,0.000757,0.065256,416
FMASC,stemness,GLTP,0.153102,0.104697,0.000986,0.000756,0.012078,417
FMASC,stemness,SCLT1,0.081837,0.054275,0.000511,0.000756,0.134458,418
FMASC,stemness,GPR180,0.109749,0.072331,0.000681,0.000751,0.054791,419
FMASC,stemness,FAM171A1,0.079176,0.050985,0.00048,0.000749,0.159154,420
FMASC,stemness,RANBP17,0.074069,0.050565,0.000476,0.000748,0.118084,421
FMASC,stemness,SCARA3,0.06212,0.03555,0.000335,0.000747,0.143768,422
FMASC,stemness,BCL11A,0.079176,0.051446,0.000485,0.000747,0.115966,423
FMASC,stemness,PRC1,0.059602,0.040318,0.00038,0.000746,0.194205,424
FMASC,stemness,TTC14,0.106281,0.07086,0.000667,0.00074,0.070341,425
FMASC,stemness,TULP4,0.101245,0.06975,0.000657,0.000738,0.095291,426
FMASC,stemness,FRMD4A,0.083381,0.053748,0.000506,0.000736,0.090552,427
FMASC,stemness,ALG6,0.096993,0.060539,0.00057,0.000734,0.070504,428
FMASC,stemness,NUMB,0.13664,0.096936,0.000913,0.000731,0.015593,429
FMASC,stemness,LYST,0.101031,0.068603,0.000646,0.000729,0.07162,430
FMASC,stemness,NUP107,0.094023,0.063561,0.000599,0.000725,0.128571,431
FMASC,stemness,CPSF7,0.106566,0.068293,0.000643,0.000724,0.098048,432
FMASC,stemness,SHCBP1,0.063141,0.041919,0.000395,0.000721,0.173066,433
FMASC,stemness,PMS1,0.112386,0.075316,0.000709,0.000721,0.083297,434
FMASC,stemness,SETD2,0.096066,0.062196,0.000586,0.00072,0.089238,435
FMASC,stemness,FKBP14,0.09628,0.061043,0.000575,0.00072,0.046762,436
FMASC,stemness,PBRM1,0.102409,0.068118,0.000642,0.000719,0.10342,437
FMASC,stemness,KIF20A,0.049055,0.038298,0.000361,0.000719,0.177276,438
FMASC,stemness,HAUS1,0.104784,0.070135,0.000661,0.000717,0.064221,439
FMASC,stemness,PRKX,0.083618,0.055546,0.000523,0.000716,0.147711,440
FMASC,stemness,ZHX1,0.135239,0.097764,0.000921,0.000714,0.062134,441
FMASC,stemness,SLC38A3,0.061502,0.04784,0.000451,0.000714,-0.040266,442
FMASC,stemness,ZBTB10,0.080863,0.051781,0.000488,0.00071,0.12145,443
FMASC,stemness,ASNSD1,0.151012,0.104561,0.000985,0.000705,0.032055,444
FMASC,stemness,GRTP1,0.119323,0.076974,0.000725,0.000703,0.020783,445
FMASC,stemness,TAF2,0.119061,0.080754,0.000761,0.000701,0.052053,446
FMASC,stemness,TCF12,0.107112,0.073104,0.000689,0.00069,0.094969,447
FMASC,stemness,CKAP2L,0.046489,0.029695,0.00028,0.00069,0.182053,448
FMASC,stemness,NOV,0.057488,0.044462,0.000419,0.000686,0.109791,449
FMASC,stemness,FAM111A,0.08989,0.061336,0.000578,0.000685,0.106314,450
FMASC,stemness,ESPN,0.112671,0.084377,0.000795,0.000684,-0.071715,451
FMASC,stemness,HELLS,0.065303,0.044986,0.000424,0.000682,0.140356,452
FMASC,stemness,HAUS6,0.088346,0.056964,0.000537,0.000679,0.082212,453
FMASC,stemness,METRN,0.089985,0.068641,0.000647,0.000678,0.043786,454
FMASC,stemness,LAMA4,0.069935,0.060172,0.000567,0.000677,0.167312,455
FMASC,stemness,SUCLG2,0.149183,0.106487,0.001003,0.000676,0.051271,456
FMASC,stemness,BICD1,0.074758,0.047073,0.000443,0.000675,0.096854,457
FMASC,stemness,RBM26,0.091814,0.056582,0.000533,0.000675,0.093962,458
FMASC,stemness,PDE4B,0.092004,0.06908,0.000651,0.000674,0.056282,459
FMASC,stemness,RCOR1,0.088227,0.054029,0.000509,0.000673,0.061388,460
FMASC,stemness,ZDHHC21,0.088631,0.055233,0.00052,0.000673,0.047841,461
FMASC,stemness,TCF19,0.063783,0.042595,0.000401,0.000671,0.12287,462
FMASC,stemness,WWP1,0.102908,0.064943,0.000612,0.000671,0.06592,463
FMASC,stemness,CENPL,0.056751,0.034432,0.000324,0.000665,0.16893,464
FMASC,stemness,DUSP22,0.135072,0.097706,0.00092,0.000663,0.068916,465
FMASC,stemness,GTF3C2,0.110248,0.071042,0.000669,0.000662,0.050006,466
FMASC,stemness,RABEP1,0.116092,0.077486,0.00073,0.000661,0.076076,467
FMASC,stemness,DLEU2,0.066752,0.041882,0.000394,0.000661,0.140377,468
FMASC,stemness,TSPYL5,0.108229,0.073935,0.000696,0.000659,0.077285,469
FMASC,stemness,FAM122B,0.080388,0.048362,0.000456,0.000659,0.084161,470
FMASC,stemness,NUP37,0.119726,0.083628,0.000788,0.000655,0.043497,471
FMASC,stemness,PMS2,0.125523,0.087033,0.00082,0.000653,0.075928,472
FMASC,stemness,NID1,0.03587,0.022123,0.000208,0.000652,0.194935,473
FMASC,stemness,ATP11B,0.089771,0.057932,0.000546,0.000651,0.083157,474
FMASC,stemness,CENPT,0.098608,0.065483,0.000617,0.000651,0.073175,475
FMASC,stemness,CASK,0.093263,0.059041,0.000556,0.000648,0.047316,476
FMASC,stemness,NCOA6,0.090959,0.054182,0.00051,0.000646,0.058512,477
FMASC,stemness,TMEM108,0.063664,0.039667,0.000374,0.000644,0.138586,478
FMASC,stemness,NAA35,0.099487,0.062266,0.000586,0.000643,0.051205,479
FMASC,stemness,BRCA2,0.054257,0.034609,0.000326,0.00064,0.159884,480
FMASC,stemness,DNMT3A,0.091719,0.058932,0.000555,0.000639,0.099273,481
FMASC,stemness,CENPK,0.063545,0.042771,0.000403,0.000639,0.176323,482
FMASC,stemness,FSTL1,0.12595,0.115535,0.001088,0.000639,0.074795,483
FMASC,stemness,FANCI,0.060647,0.03958,0.000373,0.000639,0.132326,484
FMASC,stemness,HOOK1,0.11001,0.076055,0.000716,0.000637,0.031351,485
FMASC,stemness,NFE2L3,0.080055,0.048578,0.000458,0.000637,0.021994,486
FMASC,stemness,CAMK2D,0.108086,0.074361,0.0007,0.000635,0.050274,487
FMASC,stemness,SMYD3,0.111246,0.075171,0.000708,0.000634,0.062292,488
FMASC,stemness,GAMT,0.073522,0.050563,0.000476,0.000634,0.147782,489
FMASC,stemness,SOX2,0.032853,0.01933,0.000182,0.000633,0.192711,490
FMASC,stemness,MCM6,0.067964,0.046723,0.00044,0.000632,0.077697,491
FMASC,stemness,IGF2BP2,0.119726,0.100312,0.000945,0.000632,-0.015637,492
FMASC,stemness,ATP9A,0.088369,0.055027,0.000518,0.00063,0.03827,493
FMASC,stemness,RHPN2,0.101007,0.072527,0.000683,0.00063,0.082908,494
FMASC,stemness,GOLPH3L,0.135571,0.096244,0.000907,0.00063,0.028318,495
FMASC,stemness,ZMYM5,0.10134,0.064104,0.000604,0.000628,0.040761,496
FMASC,stemness,RBM4B,0.092289,0.057769,0.000544,0.000624,0.103604,497
FMASC,stemness,DYRK1A,0.08072,0.052332,0.000493,0.000623,0.128159,498
FMASC,stemness,DCK,0.114857,0.083912,0.00079,0.000623,0.116817,499
FMASC,stemness,TRIM33,0.087348,0.053429,0.000503,0.000622,0.063504,500
FMASC,stemness,NEBL,0.100081,0.075544,0.000712,0.00062,0.118006,501
FMASC,stemness,MCCC1,0.114239,0.077758,0.000732,0.00062,0.067984,502
FMASC,stemness,SOX6,0.063236,0.041868,0.000394,0.000619,0.129896,503
FMASC,stemness,PROM2,0.103311,0.071056,0.000669,0.000618,-0.056798,504
FMASC,stemness,RFC5,0.074473,0.047501,0.000447,0.000616,0.086567,505
FMASC,stemness,RPA1,0.129585,0.095166,0.000896,0.000616,0.090665,506
FMASC,stemness,JARID2,0.070909,0.045065,0.000424,0.000615,0.117268,507
FMASC,stemness,GALNT6,0.076444,0.049309,0.000464,0.000613,0.061808,508
FMASC,stemness,CASC4,0.116377,0.078781,0.000742,0.000612,0.057517,509
FMASC,stemness,APH1B,0.11507,0.080021,0.000754,0.00061,-0.121666,510
FMASC,stemness,FMR1,0.096589,0.063852,0.000601,0.00061,0.039971,511
FMASC,stemness,STAG1,0.089795,0.058897,0.000555,0.00061,0.095226,512
FMASC,stemness,TEX9,0.098133,0.074256,0.000699,0.000609,-0.042704,513
FMASC,stemness,MPP5,0.089652,0.055562,0.000523,0.000607,0.061271,514
FMASC,stemness,CYP20A1,0.093786,0.060095,0.000566,0.000606,0.028757,515
FMASC,stemness,RAPH1,0.090531,0.059277,0.000558,0.000605,0.054735,516
FMASC,stemness,CNTLN,0.057274,0.033019,0.000311,0.000603,0.125563,517
FMASC,stemness,MYO9A,0.077228,0.048324,0.000455,0.000603,0.109898,518
FMASC,stemness,CELF2,0.065897,0.044419,0.000418,0.000602,0.012962,519
FMASC,stemness,NAB1,0.070957,0.041751,0.000393,0.000602,0.088596,520
FMASC,stemness,CBX6,0.070458,0.039502,0.000372,0.000601,0.098484,521
FMASC,stemness,CLN6,0.070648,0.041364,0.00039,0.0006,0.059259,522
FMASC,stemness,YLPM1,0.087395,0.053971,0.000508,0.0006,0.049946,523
FMASC,stemness,SUV39H2,0.079057,0.053608,0.000505,0.0006,0.156806,524
FMASC,stemness,IKBIP,0.069603,0.042353,0.000399,0.000597,0.09934,525
FMASC,stemness,AGPS,0.090911,0.061089,0.000575,0.000597,0.033952,526
FMASC,stemness,NETO2,0.06364,0.039179,0.000369,0.000596,0.054096,527
FMASC,stemness,IGSF3,0.074473,0.043967,0.000414,0.000595,0.071141,528
FMASC,stemness,CADPS2,0.085329,0.057482,0.000541,0.000595,0.04763,529
FMASC,stemness,WDR60,0.086754,0.054458,0.000513,0.000593,0.08649,530
FMASC,stemness,GNA13,0.081552,0.051067,0.000481,0.000591,0.098366,531
FMASC,stemness,OIP5,0.05592,0.035473,0.000334,0.00059,0.1766,532
FMASC,stemness,ACSL1,0.10305,0.075873,0.000715,0.000589,0.015442,533
FMASC,stemness,STAU2,0.092622,0.06036,0.000569,0.000589,0.084067,534
FMASC,stemness,PPP1R9A,0.069508,0.043994,0.000414,0.000589,0.102861,535
FMASC,stemness,GPATCH8,0.087158,0.056709,0.000534,0.000588,0.086412,536
FMASC,stemness,ENDOD1,0.095401,0.063213,0.000595,0.000587,0.006971,537
FMASC,stemness,CDC42BPA,0.083998,0.055194,0.00052,0.000587,0.075368,538
FMASC,stemness,UNG,0.127257,0.097221,0.000916,0.000586,0.059949,539
FMASC,stemness,LPL,0.049815,0.036561,0.000344,0.000585,0.161123,540
FMASC,stemness,ENTPD2,0.087989,0.058765,0.000553,0.000584,0.016522,541
FMASC,stemness,HTT,0.088892,0.059352,0.000559,0.000584,0.043986,542
FMASC,stemness,CRYL1,0.121746,0.081406,0.000767,0.000584,-0.000961,543
FMASC,stemness,RAD50,0.10982,0.072943,0.000687,0.000583,0.019036,544
FMASC,stemness,CLOCK,0.074686,0.046338,0.000436,0.000583,0.121234,545
FMASC,stemness,CHAF1B,0.066681,0.043204,0.000407,0.000583,0.13967,546
FMASC,stemness,RASSF4,0.119513,0.090804,0.000855,0.000582,-0.009576,547
FMASC,stemness,PAG1,0.036512,0.020959,0.000197,0.00058,0.16169,548
FMASC,stemness,COL27A1,0.053782,0.030581,0.000288,0.00058,0.12763,549
FMASC,stemness,GOLIM4,0.080293,0.05556,0.000523,0.000579,0.031494,550
FMASC,stemness,SUSD4,0.079556,0.051659,0.000487,0.000578,0.043913,551
FMASC,stemness,CLEC11A,0.138683,0.126488,0.001191,0.000576,0.066899,552
FMASC,stemness,APOOL,0.108443,0.069266,0.000652,0.000576,0.006208,553
FMASC,stemness,PDCL,0.115617,0.079497,0.000749,0.000574,0.048028,554
FMASC,stemness,RFC3,0.070149,0.047229,0.000445,0.000573,0.131867,555
FMASC,stemness,FBXO3,0.108538,0.072836,0.000686,0.000572,0.031976,556
FMASC,stemness,ZDHHC2,0.044969,0.024168,0.000228,0.00057,0.119132,557
FMASC,stemness,NTRK2,0.060362,0.042113,0.000397,0.000569,0.046168,558
FMASC,stemness,DPYSL4,0.057274,0.035515,0.000335,0.000568,0.147178,559
FMASC,stemness,KDM3A,0.091339,0.061715,0.000581,0.000568,0.08013,560
FMASC,stemness,RPS6KA5,0.070125,0.045531,0.000429,0.000567,0.10426,561
FMASC,stemness,MCM2,0.069745,0.046398,0.000437,0.000562,0.092607,562
FMASC,stemness,CSPP1,0.067441,0.039659,0.000374,0.000561,0.115909,563
FMASC,stemness,LYN,0.102242,0.072001,0.000678,0.00056,-0.039216,564
FMASC,stemness,NCAPH,0.043733,0.027321,0.000257,0.000557,0.155408,565
FMASC,stemness,SCRN1,0.076112,0.047359,0.000446,0.000556,0.096937,566
FMASC,stemness,ERBB2,0.103264,0.070888,0.000668,0.000555,0.010352,567
FMASC,stemness,FAAH,0.071408,0.042137,0.000397,0.000555,0.021183,568
FMASC,stemness,LCOR,0.081338,0.054104,0.00051,0.000554,0.07389,569
FMASC,stemness,UHRF1,0.06908,0.056075,0.000528,0.000554,0.140615,570
FMASC,stemness,CASP3,0.108086,0.07423,0.000699,0.000554,0.024917,571
FMASC,stemness,KIT,0.04656,0.029929,0.000282,0.000552,0.153693,572
FMASC,stemness,FBXO5,0.049815,0.032515,0.000306,0.000552,0.131217,573
FMASC,stemness,OPHN1,0.077323,0.050511,0.000476,0.000552,0.089459,574
FMASC,stemness,HAUS2,0.085495,0.053075,0.0005,0.000551,0.044969,575
FMASC,stemness,MCM10,0.048437,0.034281,0.000323,0.000551,0.184068,576
FMASC,stemness,CLDN23,0.06832,0.040312,0.00038,0.000551,0.010535,577
FMASC,stemness,ANAPC1,0.091576,0.057655,0.000543,0.00055,0.038882,578
FMASC,stemness,DSE,0.081243,0.054557,0.000514,0.000549,-0.046896,579
FMASC,stemness,COMMD10,0.116021,0.076289,0.000719,0.000548,0.001479,580
FMASC,stemness,PTPRJ,0.047819,0.026369,0.000248,0.000548,0.12175,581
FMASC,stemness,GPCPD1,0.08597,0.062777,0.000591,0.000545,0.06079,582
FMASC,stemness,CENPH,0.078202,0.052973,0.000499,0.000542,0.111685,583
FMASC,stemness,CHST9,0.047439,0.033285,0.000314,0.000541,0.144657,584
FMASC,stemness,CWC22,0.095615,0.061169,0.000576,0.00054,0.036479,585
FMASC,stemness,NFATC3,0.077442,0.047639,0.000449,0.000539,0.066885,586
FMASC,stemness,MYH10,0.0687,0.04704,0.000443,0.000538,0.147384,587
FMASC,stemness,PIK3C2A,0.092075,0.061354,0.000578,0.000537,0.087862,588
FMASC,stemness,ANK3,0.082882,0.059821,0.000563,0.000537,0.059548,589
FMASC,stemness,BPGM,0.136212,0.10261,0.000966,0.000536,-0.001443,590
FMASC,stemness,DOCK1,0.073689,0.045124,0.000425,0.000534,0.102988,591
FMASC,stemness,TTK,0.048389,0.036388,0.000343,0.000533,0.174081,592
FMASC,stemness,PPP1R14C,0.070363,0.043604,0.000411,0.000532,0.005405,593
FMASC,stemness,NEIL3,0.038365,0.024442,0.00023,0.000532,0.163193,594
FMASC,stemness,CDK2,0.076516,0.052551,0.000495,0.00053,0.138825,595
FMASC,stemness,FAM13B,0.066206,0.044477,0.000419,0.00053,0.125663,596
FMASC,stemness,PLCB4,0.059483,0.034707,0.000327,0.000529,0.119476,597
FMASC,stemness,PPIP5K2,0.096826,0.064232,0.000605,0.000526,0.07558,598
FMASC,stemness,SCHIP1,0.035086,0.021002,0.000198,0.000526,0.160891,599
FMASC,stemness,TBC1D23,0.105164,0.06823,0.000643,0.000525,0.001045,600
FMASC,stemness,B3GALNT1,0.100841,0.070322,0.000662,0.000524,0.072874,601
FMASC,stemness,NCAPD3,0.074686,0.048932,0.000461,0.000523,0.119596,602
FMASC,stemness,SLC39A9,0.09274,0.057725,0.000544,0.000522,0.018694,603
FMASC,stemness,E2F1,0.043496,0.026152,0.000246,0.000521,0.140502,604
FMASC,stemness,DEPDC1B,0.044494,0.029845,0.000281,0.000518,0.187779,605
FMASC,stemness,RBM6,0.083143,0.054911,0.000517,0.000518,0.088581,606
FMASC,stemness,CDC6,0.053996,0.037457,0.000353,0.000518,0.13429,607
FMASC,stemness,DSCC1,0.075067,0.054824,0.000516,0.000518,0.118132,608
FMASC,stemness,CXCR4,0.064567,0.050697,0.000478,0.000517,0.122696,609
FMASC,stemness,ISOC1,0.132744,0.098391,0.000927,0.000517,0.065271,610
FMASC,stemness,BUB1,0.045301,0.031987,0.000301,0.000516,0.175133,611
FMASC,stemness,H2AFY2,0.114833,0.094189,0.000887,0.000515,0.062582,612
FMASC,stemness,NECAB3,0.081837,0.049564,0.000467,0.000514,0.065206,613
FMASC,stemness,PPAT,0.082407,0.05314,0.000501,0.000512,0.079571,614
FMASC,stemness,CREB5,0.053188,0.04209,0.000396,0.000512,0.099717,615
FMASC,stemness,TANC2,0.057868,0.037501,0.000353,0.00051,0.123534,616
FMASC,stemness,OGFOD1,0.097325,0.064,0.000603,0.00051,-0.020454,617
FMASC,stemness,WWC2,0.070102,0.042889,0.000404,0.000506,0.01182,618
FMASC,stemness,PRKACA,0.082122,0.049067,0.000462,0.000505,0.045201,619
FMASC,stemness,MASTL,0.055255,0.037931,0.000357,0.000505,0.167202,620
FMASC,stemness,UBE2W,0.074995,0.046706,0.00044,0.000501,0.082634,621
FMASC,stemness,DDAH1,0.071052,0.046088,0.000434,0.0005,0.09089,622
FMASC,stemness,PTPDC1,0.049316,0.026126,0.000246,0.000499,0.118199,623
FMASC,stemness,PDS5B,0.065161,0.041791,0.000394,0.000499,0.090501,624
FMASC,stemness,FAM20A,0.056799,0.035917,0.000338,0.000498,0.060999,625
FMASC,stemness,PLEKHA8,0.06193,0.037024,0.000349,0.000495,0.103459,626
FMASC,stemness,ACAT1,0.150252,0.113979,0.001074,0.000495,0.006126,627
FMASC,stemness,MPPED2,0.033827,0.018144,0.000171,0.000493,0.164265,628
FMASC,stemness,CCDC43,0.104998,0.068204,0.000642,0.000492,0.028581,629
FMASC,stemness,SPIRE1,0.061526,0.035165,0.000331,0.000492,0.097277,630
FMASC,stemness,CCDC18,0.04599,0.02657,0.00025,0.000492,0.117069,631
FMASC,stemness,FANCA,0.06155,0.036729,0.000346,0.00049,0.084862,632
FMASC,stemness,HERC1,0.069437,0.045314,0.000427,0.00049,0.050358,633
FMASC,stemness,COBL,0.065446,0.043809,0.000413,0.000489,0.058083,634
FMASC,stemness,PDE9A,0.05592,0.032964,0.00031,0.000488,0.131939,635
FMASC,stemness,RNF26,0.060932,0.035477,0.000334,0.000487,0.068629,636
FMASC,stemness,HUS1,0.113336,0.072886,0.000686,0.000486,-0.042529,637
FMASC,stemness,PDZRN3,0.040598,0.023025,0.000217,0.000486,0.159049,638
FMASC,stemness,GEN1,0.044517,0.027387,0.000258,0.000486,0.134468,639
FMASC,stemness,TNKS,0.069674,0.042985,0.000405,0.000485,0.087277,640
FMASC,stemness,NCAPG2,0.051216,0.034873,0.000328,0.000484,0.164962,641
FMASC,stemness,APPBP2,0.086303,0.05836,0.00055,0.000484,0.072016,642
FMASC,stemness,UBXN2B,0.092194,0.057798,0.000544,0.000482,0.055682,643
FMASC,stemness,NME7,0.104095,0.068214,0.000642,0.000482,-0.036154,644
FMASC,stemness,PCNT,0.057511,0.035437,0.000334,0.00048,0.133923,645
FMASC,stemness,ITSN1,0.066182,0.040985,0.000386,0.000479,0.11182,646
FMASC,stemness,DUSP6,0.055397,0.03541,0.000334,0.000479,0.073339,647
FMASC,stemness,STIL,0.044208,0.027822,0.000262,0.000477,0.148281,648
FMASC,stemness,FBLN2,0.071836,0.060704,0.000572,0.000477,0.105839,649
FMASC,stemness,EFHC1,0.066301,0.042211,0.000398,0.000476,0.062236,650
FMASC,stemness,CCNE2,0.04131,0.027998,0.000264,0.000473,0.12637,651
FMASC,stemness,RAD18,0.070268,0.044929,0.000423,0.000472,0.090948,652
FMASC,stemness,GSTM4,0.080934,0.054067,0.000509,0.00047,0.067993,653
FMASC,stemness,MCAM,0.057915,0.038439,0.000362,0.00047,0.044175,654
FMASC,stemness,CEPT1,0.073712,0.044763,0.000422,0.000469,0.02311,655
FMASC,stemness,DAPK1,0.050812,0.032906,0.00031,0.000468,0.113694,656
FMASC,stemness,RERG,0.100461,0.079014,0.000744,0.000468,0.029729,657
FMASC,stemness,RAB3A,0.058034,0.03459,0.000326,0.000468,0.084512,658
FMASC,stemness,GALNT7,0.07281,0.047515,0.000448,0.000468,0.044547,659
FMASC,stemness,MCCC2,0.114215,0.081298,0.000766,0.000466,0.053951,660
FMASC,stemness,SEC23A,0.09274,0.063905,0.000602,0.000462,0.075627,661
FMASC,stemness,LMBRD2,0.05896,0.035847,0.000338,0.000461,0.077288,662
FMASC,stemness,LIG1,0.05763,0.03882,0.000366,0.00046,0.130092,663
FMASC,stemness,CORO2A,0.074924,0.046362,0.000437,0.00046,-0.008899,664
FMASC,stemness,MYEF2,0.056775,0.033733,0.000318,0.000459,0.129459,665
FMASC,stemness,NAPEPLD,0.059103,0.035747,0.000337,0.000458,0.083747,666
FMASC,stemness,RNF20,0.082739,0.051858,0.000488,0.000453,0.01187,667
FMASC,stemness,PHACTR2,0.078582,0.056659,0.000534,0.000452,0.059713,668
FMASC,stemness,APBB2,0.066728,0.041892,0.000395,0.000449,0.069305,669
FMASC,stemness,BEX2,0.202109,0.196761,0.001853,0.000448,-0.076624,670
FMASC,stemness,LIN9,0.049862,0.031828,0.0003,0.000447,0.123211,671
FMASC,stemness,ENPP5,0.081765,0.055738,0.000525,0.000447,-0.007629,672
FMASC,stemness,TRPM7,0.068344,0.045908,0.000432,0.000447,0.081043,673
FMASC,stemness,SLC31A2,0.076611,0.050178,0.000473,0.000446,-0.024337,674
FMASC,stemness,CTDSPL2,0.062524,0.039576,0.000373,0.000444,0.099892,675
FMASC,stemness,CHAF1A,0.049245,0.029529,0.000278,0.000442,0.114279,676
FMASC,stemness,RNF170,0.081053,0.049448,0.000466,0.000441,0.039976,677
FMASC,stemness,SLC22A17,0.049625,0.029114,0.000274,0.000439,0.105445,678
FMASC,stemness,ANKMY2,0.067061,0.040774,0.000384,0.000439,0.059912,679
FMASC,stemness,PPARA,0.054993,0.031577,0.000297,0.000438,0.061508,680
FMASC,stemness,FAR1,0.081718,0.058198,0.000548,0.000437,0.015768,681
FMASC,stemness,EFTUD2,0.086849,0.059952,0.000565,0.000436,0.04719,682
FMASC,stemness,WDHD1,0.043615,0.026881,0.000253,0.000432,0.118822,683
FMASC,stemness,TMX3,0.06965,0.044246,0.000417,0.000432,0.038904,684
FMASC,stemness,RAD54B,0.044303,0.028952,0.000273,0.000432,0.158189,685
FMASC,stemness,DTL,0.038555,0.026792,0.000252,0.000432,0.129926,686
FMASC,stemness,RAP2A,0.058034,0.034498,0.000325,0.000432,0.066922,687
FMASC,stemness,ARHGAP11A,0.035348,0.021447,0.000202,0.000431,0.161325,688
FMASC,stemness,ATAD5,0.040883,0.026982,0.000254,0.000428,0.147402,689
FMASC,stemness,SYNRG,0.065683,0.040726,0.000384,0.000428,0.086013,690
FMASC,stemness,NXT2,0.105378,0.073026,0.000688,0.000428,0.006124,691
FMASC,stemness,OCEL1,0.10134,0.067192,0.000633,0.000428,0.006979,692
FMASC,stemness,FLRT3,0.035918,0.020409,0.000192,0.000428,0.134129,693
FMASC,stemness,PRIM2,0.074805,0.051892,0.000489,0.000427,0.081726,694
FMASC,stemness,TIAM1,0.036274,0.020035,0.000189,0.000427,0.155811,695
FMASC,stemness,TDRKH,0.076254,0.04702,0.000443,0.000426,0.037193,696
FMASC,stemness,SMARCA1,0.075827,0.055955,0.000527,0.000424,0.12264,697
FMASC,stemness,MEGF9,0.048888,0.027289,0.000257,0.000424,0.110083,698
FMASC,stemness,TIMELESS,0.049886,0.032397,0.000305,0.000423,0.138229,699
FMASC,stemness,CTPS2,0.064305,0.040048,0.000377,0.000419,0.057805,700
FMASC,stemness,MMP16,0.024682,0.012785,0.00012,0.000419,0.179039,701
FMASC,stemness,GBF1,0.075922,0.048512,0.000457,0.000418,0.032369,702
FMASC,stemness,ESCO2,0.032711,0.020421,0.000192,0.000417,0.172082,703
FMASC,stemness,OCLN,0.083357,0.058271,0.000549,0.000417,0.005763,704
FMASC,stemness,SLC44A3,0.071503,0.04469,0.000421,0.000416,-0.002672,705
FMASC,stemness,BACH1,0.072976,0.051784,0.000488,0.000415,0.056901,706
FMASC,stemness,CDH11,0.045634,0.028907,0.000272,0.000414,0.070435,707
FMASC,stemness,TMPRSS2,0.069745,0.050062,0.000472,0.00041,0.038889,708
FMASC,stemness,KIF18A,0.034516,0.02151,0.000203,0.00041,0.14863,709
FMASC,stemness,IFT81,0.060742,0.037586,0.000354,0.00041,0.083789,710
FMASC,stemness,PTPRZ1,0.032046,0.021487,0.000202,0.000409,0.097043,711
FMASC,stemness,ERLIN1,0.070054,0.04542,0.000428,0.000409,0.038027,712
FMASC,stemness,SNX18,0.073309,0.049883,0.00047,0.000409,0.083904,713
FMASC,stemness,HAUS5,0.062738,0.043439,0.000409,0.000409,0.095388,714
FMASC,stemness,NDST1,0.079509,0.051208,0.000482,0.000408,0.026252,715
FMASC,stemness,INCENP,0.036179,0.022734,0.000214,0.000406,0.161556,716
FMASC,stemness,RNF144A,0.046893,0.027303,0.000257,0.000406,0.123818,717
FMASC,stemness,MAP3K4,0.054922,0.033538,0.000316,0.000406,0.074709,718
FMASC,stemness,NPNT,0.043116,0.026499,0.00025,0.000404,0.062957,719
FMASC,stemness,LRRC40,0.071955,0.046156,0.000435,0.000402,0.046922,720
FMASC,stemness,SATB1,0.049292,0.031225,0.000294,0.000402,0.045928,721
FMASC,stemness,D2HGDH,0.062381,0.038343,0.000361,0.000402,0.092048,722
FMASC,stemness,HERC4,0.110842,0.079131,0.000745,0.000402,0.008343,723
FMASC,stemness,PDK1,0.064044,0.04557,0.000429,0.000401,0.086376,724
FMASC,stemness,TBC1D8,0.053948,0.032879,0.00031,0.000399,0.075659,725
FMASC,stemness,POLA2,0.048793,0.030328,0.000286,0.000398,0.099307,726
FMASC,stemness,LOX,0.058295,0.04218,0.000397,0.000395,0.085256,727
FMASC,stemness,SPON1,0.031096,0.020359,0.000192,0.000395,0.165995,728
FMASC,stemness,LPAR1,0.03454,0.017894,0.000169,0.000395,0.136505,729
FMASC,stemness,PTPN13,0.042427,0.024459,0.00023,0.000394,0.13129,730
FMASC,stemness,SKA1,0.039172,0.025518,0.00024,0.000392,0.13189,731
FMASC,stemness,ZWILCH,0.051311,0.030998,0.000292,0.000391,0.106415,732
FMASC,stemness,ELOVL6,0.049981,0.029565,0.000278,0.000391,0.051344,733
FMASC,stemness,SNRPN,0.069223,0.04634,0.000436,0.00039,0.057018,734
FMASC,stemness,DMTF1,0.064899,0.043357,0.000408,0.000389,0.07549,735
FMASC,stemness,RNF214,0.073998,0.045636,0.00043,0.000389,0.030566,736
FMASC,stemness,TMLHE,0.078962,0.050954,0.00048,0.000386,0.011818,737
FMASC,stemness,MXD3,0.037082,0.023998,0.000226,0.000383,0.147153,738
FMASC,stemness,SPAG5,0.031357,0.018412,0.000173,0.000383,0.168534,739
FMASC,stemness,COL14A1,0.042427,0.036722,0.000346,0.000382,0.158996,740
FMASC,stemness,ATL1,0.061455,0.039489,0.000372,0.000381,-0.020934,741
FMASC,stemness,PEX3,0.092384,0.060739,0.000572,0.000381,-0.00845,742
FMASC,stemness,KIF11,0.035086,0.023962,0.000226,0.000379,0.169791,743
FMASC,stemness,LCP1,0.078725,0.066171,0.000623,0.000378,0.089304,744
FMASC,stemness,TBC1D4,0.056395,0.035798,0.000337,0.000378,0.062613,745
FMASC,stemness,SEMA4A,0.064543,0.04406,0.000415,0.000378,0.046103,746
FMASC,stemness,CCNE1,0.057915,0.03805,0.000358,0.000376,0.087234,747
FMASC,stemness,ABL1,0.048817,0.026408,0.000249,0.000376,0.051854,748
FMASC,stemness,AAAS,0.07566,0.049868,0.00047,0.000375,0.064798,749
FMASC,stemness,VPS13B,0.054494,0.035701,0.000336,0.000375,0.099013,750
FMASC,stemness,PBX3,0.053592,0.031832,0.0003,0.000373,0.040963,751
FMASC,stemness,ARRDC3,0.061906,0.041652,0.000392,0.000372,0.055614,752
FMASC,stemness,SNX16,0.050646,0.030189,0.000284,0.000372,0.083025,753
FMASC,stemness,GRB10,0.062809,0.038608,0.000364,0.000372,0.036579,754
FMASC,stemness,PTER,0.059578,0.036019,0.000339,0.000371,0.077633,755
FMASC,stemness,NAV1,0.040123,0.0226,0.000213,0.000371,0.10815,756
FMASC,stemness,EPHX2,0.064876,0.042082,0.000396,0.00037,0.020819,757
FMASC,stemness,BCKDHB,0.070197,0.045973,0.000433,0.000369,0.054383,758
FMASC,stemness,CIT,0.029385,0.015924,0.00015,0.000369,0.153672,759
FMASC,stemness,SHPRH,0.06269,0.042147,0.000397,0.000369,0.078382,760
FMASC,stemness,RBM12B,0.047796,0.030564,0.000288,0.000369,0.104669,761
FMASC,stemness,RMI1,0.051786,0.033205,0.000313,0.000368,0.0753,762
FMASC,stemness,FKBP15,0.058794,0.035658,0.000336,0.000368,0.031966,763
FMASC,stemness,RAD54L,0.02929,0.017921,0.000169,0.000366,0.150746,764
FMASC,stemness,HMBOX1,0.049411,0.029332,0.000276,0.000366,0.081088,765
FMASC,stemness,CEP192,0.042926,0.029317,0.000276,0.000366,0.13394,766
FMASC,stemness,USP40,0.064044,0.038861,0.000366,0.000365,0.026823,767
FMASC,stemness,ARMCX1,0.08654,0.059874,0.000564,0.000365,0.037976,768
FMASC,stemness,VPS41,0.08913,0.059951,0.000565,0.000364,0.008993,769
FMASC,stemness,METTL4,0.061122,0.038885,0.000366,0.000361,0.067404,770
FMASC,stemness,NIPA1,0.04017,0.020117,0.000189,0.000361,0.084384,771
FMASC,stemness,MID1,0.056823,0.03937,0.000371,0.00036,0.050033,772
FMASC,stemness,FGD4,0.049221,0.031537,0.000297,0.000359,0.070229,773
FMASC,stemness,DOCK5,0.045753,0.02592,0.000244,0.000357,0.067582,774
FMASC,stemness,CDKN1C,0.051121,0.033171,0.000312,0.000357,0.083184,775
FMASC,stemness,PPM1D,0.054542,0.036654,0.000345,0.000356,0.090392,776
FMASC,stemness,SNN,0.059459,0.037741,0.000355,0.000355,0.045638,777
FMASC,stemness,SLC38A6,0.060219,0.036561,0.000344,0.000354,0.030274,778
FMASC,stemness,TIPIN,0.057963,0.035302,0.000332,0.000354,0.037612,779
FMASC,stemness,CHEK1,0.057535,0.039472,0.000372,0.000354,0.100256,780
FMASC,stemness,ZEB2,0.030454,0.019239,0.000181,0.000354,0.143945,781
FMASC,stemness,MARVELD2,0.06212,0.035867,0.000338,0.000352,-0.004011,782
FMASC,stemness,BUB1B,0.02929,0.018065,0.00017,0.000352,0.158976,783
FMASC,stemness,PCMTD2,0.066538,0.044958,0.000423,0.000351,0.073994,784
FMASC,stemness,CDKAL1,0.067037,0.048515,0.000457,0.00035,0.046062,785
FMASC,stemness,RNF150,0.036654,0.022467,0.000212,0.00035,0.07697,786
FMASC,stemness,THBS2,0.036155,0.025587,0.000241,0.000348,0.134231,787
FMASC,stemness,PTEN,0.064899,0.043333,0.000408,0.000348,0.047377,788
FMASC,stemness,TLN2,0.052095,0.033038,0.000311,0.000347,0.013811,789
FMASC,stemness,SORBS1,0.045539,0.027596,0.00026,0.000345,0.056685,790
FMASC,stemness,SNX24,0.089296,0.059806,0.000563,0.000344,-0.044803,791
FMASC,stemness,PPP1R3B,0.053402,0.033186,0.000313,0.000343,0.060651,792
FMASC,stemness,SPC24,0.034825,0.022043,0.000208,0.000343,0.140426,793
FMASC,stemness,PIP5K1B,0.032307,0.018422,0.000174,0.000342,0.13421,794
FMASC,stemness,IPO8,0.060647,0.039829,0.000375,0.00034,0.073802,795
FMASC,stemness,CENPQ,0.042926,0.024838,0.000234,0.000339,0.083313,796
FMASC,stemness,CLK4,0.057583,0.0362,0.000341,0.000339,0.056384,797
FMASC,stemness,MED23,0.058699,0.038631,0.000364,0.000339,0.043863,798
FMASC,stemness,RAPGEF5,0.042332,0.026004,0.000245,0.000337,0.043019,799
FMASC,stemness,CSNK1G1,0.05858,0.035476,0.000334,0.000337,0.012484,800
FMASC,stemness,NRCAM,0.023185,0.011126,0.000105,0.000336,0.155773,801
FMASC,stemness,RFX3,0.0415,0.025191,0.000237,0.000336,0.060762,802
FMASC,stemness,ARHGEF19,0.053711,0.032331,0.000305,0.000335,0.028603,803
FMASC,stemness,ASB7,0.053117,0.031815,0.0003,0.000334,0.004855,804
FMASC,stemness,SFMBT2,0.036369,0.020663,0.000195,0.000334,0.093819,805
FMASC,stemness,PHACTR1,0.033115,0.026598,0.000251,0.000334,0.062589,806
FMASC,stemness,CDKL5,0.045372,0.026823,0.000253,0.000332,0.054027,807
FMASC,stemness,KBTBD7,0.048152,0.028484,0.000268,0.000331,0.054346,808
FMASC,stemness,PRR11,0.028079,0.017385,0.000164,0.000331,0.144866,809
FMASC,stemness,NSUN7,0.041975,0.024517,0.000231,0.00033,0.110974,810
FMASC,stemness,ZEB1,0.025774,0.014908,0.00014,0.000329,0.142196,811
FMASC,stemness,PDGFC,0.048271,0.031382,0.000296,0.000329,0.083646,812
FMASC,stemness,STK39,0.032402,0.019809,0.000187,0.000328,0.085019,813
FMASC,stemness,KCNK5,0.038507,0.0248,0.000234,0.000328,0.058831,814
FMASC,stemness,CSGALNACT1,0.03549,0.018937,0.000178,0.000327,0.104541,815
FMASC,stemness,PHKA1,0.044589,0.02598,0.000245,0.000327,0.06848,816
FMASC,stemness,CDC7,0.043139,0.027092,0.000255,0.000327,0.083541,817
FMASC,stemness,BBS7,0.095924,0.065536,0.000617,0.000326,0.012732,818
FMASC,stemness,MOAP1,0.057796,0.034679,0.000327,0.000323,0.054575,819
FMASC,stemness,FANCB,0.035348,0.022997,0.000217,0.000322,0.132454,820
FMASC,stemness,LANCL2,0.068961,0.043084,0.000406,0.000321,0.022516,821
FMASC,stemness,CMYA5,0.047154,0.031113,0.000293,0.000321,0.008546,822
FMASC,stemness,LEF1,0.027556,0.016586,0.000156,0.000321,0.149092,823
FMASC,stemness,PDK2,0.072572,0.046253,0.000436,0.00032,0.04575,824
FMASC,stemness,MAGI3,0.040241,0.022797,0.000215,0.00032,0.069452,825
FMASC,stemness,RIMKLB,0.058652,0.041457,0.00039,0.000319,0.059989,826
FMASC,stemness,SCAPER,0.044232,0.026826,0.000253,0.000318,0.053067,827
FMASC,stemness,EXO1,0.028197,0.018746,0.000177,0.000318,0.127863,828
FMASC,stemness,ETAA1,0.053045,0.031073,0.000293,0.000317,0.051974,829
FMASC,stemness,SEC61A2,0.043306,0.025287,0.000238,0.000315,0.070785,830
FMASC,stemness,TRIM59,0.031927,0.018546,0.000175,0.000315,0.102362,831
FMASC,stemness,KLHL28,0.057963,0.035266,0.000332,0.000314,0.040533,832
FMASC,stemness,TUBE1,0.072834,0.046255,0.000436,0.000313,0.030749,833
FMASC,stemness,ANKRD46,0.08091,0.055025,0.000518,0.000311,0.057153,834
FMASC,stemness,SMOC2,0.045301,0.030565,0.000288,0.00031,0.06019,835
FMASC,stemness,GABPA,0.071812,0.051797,0.000488,0.000309,0.068489,836
FMASC,stemness,FAM172A,0.061669,0.038722,0.000365,0.000308,0.04396,837
FMASC,stemness,ENPP2,0.024705,0.01776,0.000167,0.000308,0.115466,838
FMASC,stemness,SOX11,0.044422,0.031987,0.000301,0.000308,0.09274,839
FMASC,stemness,NCAM1,0.022449,0.013074,0.000123,0.000307,0.164227,840
FMASC,stemness,FAM135A,0.050195,0.032412,0.000305,0.000306,0.021115,841
FMASC,stemness,TAF9B,0.083428,0.060093,0.000566,0.000306,0.064248,842
FMASC,stemness,TMEM184C,0.058177,0.035695,0.000336,0.000305,0.046455,843
FMASC,stemness,UBTD2,0.051097,0.029917,0.000282,0.000305,0.050765,844
FMASC,stemness,NCALD,0.062975,0.04783,0.00045,0.000305,0.055284,845
FMASC,stemness,IQGAP3,0.022615,0.013484,0.000127,0.000304,0.132465,846
FMASC,stemness,POLK,0.052927,0.031626,0.000298,0.000304,0.047578,847
FMASC,stemness,TMTC2,0.037462,0.021487,0.000202,0.000303,0.061036,848
FMASC,stemness,GALK2,0.057583,0.035814,0.000337,0.000303,0.049111,849
FMASC,stemness,RBL1,0.034706,0.022045,0.000208,0.000302,0.09852,850
FMASC,stemness,CASD1,0.0501,0.031168,0.000294,0.000302,0.048327,851
FMASC,stemness,TLE2,0.039624,0.022537,0.000212,0.000301,0.085593,852
FMASC,stemness,HOMER1,0.042712,0.025306,0.000238,0.000301,0.048512,853
FMASC,stemness,PLP1,0.018957,0.014573,0.000137,0.000299,0.108193,854
FMASC,stemness,RABL3,0.076611,0.049054,0.000462,0.000298,-0.022326,855
FMASC,stemness,CNOT6,0.050361,0.029421,0.000277,0.000298,0.053412,856
FMASC,stemness,PDIK1L,0.042142,0.026166,0.000246,0.000298,0.081612,857
FMASC,stemness,RGMB,0.047487,0.028447,0.000268,0.000298,0.038084,858
FMASC,stemness,ACSS1,0.041477,0.025447,0.00024,0.000297,0.100728,859
FMASC,stemness,LOXL2,0.046441,0.034204,0.000322,0.000297,0.04708,860
FMASC,stemness,KANK4,0.028768,0.017383,0.000164,0.000297,0.109956,861
FMASC,stemness,HSPA12A,0.04896,0.028757,0.000271,0.000296,0.047538,862
FMASC,stemness,MAST4,0.059721,0.03992,0.000376,0.000296,0.007669,863
FMASC,stemness,BEND7,0.035348,0.020857,0.000196,0.000296,0.117029,864
FMASC,stemness,HDAC9,0.048152,0.035211,0.000332,0.000296,-0.001076,865
FMASC,stemness,CDC23,0.078915,0.052343,0.000493,0.000295,0.037476,866
FMASC,stemness,TSPAN12,0.052238,0.040338,0.00038,0.000294,0.074245,867
FMASC,stemness,SNTB1,0.030525,0.015457,0.000146,0.000293,0.089578,868
FMASC,stemness,CDC25C,0.025204,0.014404,0.000136,0.000293,0.133085,869
FMASC,stemness,WDR48,0.062951,0.040603,0.000382,0.000293,0.023595,870
FMASC,stemness,SLAIN1,0.020905,0.00943,8.9e-05,0.000293,0.152076,871
FMASC,stemness,MOSPD2,0.052784,0.033395,0.000315,0.000293,0.054424,872
FMASC,stemness,PRPF39,0.056656,0.036949,0.000348,0.000291,0.05709,873
FMASC,stemness,WDFY3,0.042189,0.025173,0.000237,0.000291,0.074502,874
FMASC,stemness,GINS1,0.032735,0.020085,0.000189,0.000291,0.109015,875
FMASC,stemness,GLCCI1,0.036179,0.019605,0.000185,0.00029,0.078238,876
FMASC,stemness,FRK,0.048698,0.032231,0.000304,0.00029,0.008006,877
FMASC,stemness,GFRA3,0.033376,0.02227,0.00021,0.000289,0.117834,878
FMASC,stemness,CHST14,0.036345,0.018519,0.000174,0.000289,0.058963,879
FMASC,stemness,ANKRD44,0.029266,0.016642,0.000157,0.000287,0.092133,880
FMASC,stemness,RAB30,0.043068,0.025232,0.000238,0.000285,0.080832,881
FMASC,stemness,E2F8,0.022211,0.012403,0.000117,0.000284,0.096194,882
FMASC,stemness,PSD3,0.038887,0.023972,0.000226,0.000284,0.075243,883
FMASC,stemness,FIGN,0.030763,0.018627,0.000175,0.000284,0.059625,884
FMASC,stemness,SLC35A5,0.049696,0.028859,0.000272,0.000284,0.043658,885
FMASC,stemness,CLCN5,0.033685,0.019078,0.00018,0.000283,0.078572,886
FMASC,stemness,FECH,0.06794,0.045496,0.000429,0.000283,0.015089,887
FMASC,stemness,EMID1,0.028791,0.019514,0.000184,0.000282,0.07475,888
FMASC,stemness,PFKM,0.064472,0.043011,0.000405,0.000281,0.06011,889
FMASC,stemness,CLCN2,0.03245,0.01696,0.00016,0.00028,0.07379,890
FMASC,stemness,SUV39H1,0.036702,0.021448,0.000202,0.000279,0.080269,891
FMASC,stemness,GFRA1,0.036631,0.032468,0.000306,0.000278,0.003277,892
FMASC,stemness,LIN54,0.036654,0.022621,0.000213,0.000277,0.112282,893
FMASC,stemness,SEMA6A,0.032901,0.020532,0.000193,0.000277,0.084059,894
FMASC,stemness,TMC5,0.050124,0.045007,0.000424,0.000277,-0.019025,895
FMASC,stemness,MSH3,0.052428,0.032613,0.000307,0.000277,0.040188,896
FMASC,stemness,MFAP3L,0.032545,0.017859,0.000168,0.000276,0.050199,897
FMASC,stemness,FAM198B,0.060481,0.046975,0.000442,0.000276,0.021119,898
FMASC,stemness,PRIM1,0.041239,0.026122,0.000246,0.000276,0.075193,899
FMASC,stemness,GAB1,0.036607,0.021368,0.000201,0.000276,0.072714,900
FMASC,stemness,SPATA13,0.048247,0.030396,0.000286,0.000275,0.031198,901
FMASC,stemness,PPM1L,0.038127,0.025927,0.000244,0.000275,0.077782,902
FMASC,stemness,PPP2R2B,0.019622,0.009217,8.7e-05,0.000274,0.137291,903
FMASC,stemness,FAM184A,0.024753,0.01214,0.000114,0.000274,0.118594,904
FMASC,stemness,GULP1,0.055231,0.040214,0.000379,0.000273,-0.022224,905
FMASC,stemness,FGF13,0.057131,0.037861,0.000357,0.000271,0.045837,906
FMASC,stemness,ALDH1A3,0.056347,0.043594,0.000411,0.000271,0.04242,907
FMASC,stemness,LNX1,0.050195,0.033985,0.00032,0.00027,0.056188,908
FMASC,stemness,ALDOC,0.043377,0.026655,0.000251,0.000269,0.052339,909
FMASC,stemness,DPYD,0.05763,0.041764,0.000393,0.000269,-0.063865,910
FMASC,stemness,CSNK1G3,0.061977,0.041401,0.00039,0.000269,0.012685,911
FMASC,stemness,DCBLD1,0.043425,0.026341,0.000248,0.000269,-0.014437,912
FMASC,stemness,WWC1,0.048579,0.030015,0.000283,0.000268,0.005037,913
FMASC,stemness,SFMBT1,0.037747,0.021502,0.000203,0.000268,0.053648,914
FMASC,stemness,OSCP1,0.057298,0.032798,0.000309,0.000267,-0.026817,915
FMASC,stemness,RGN,0.0353,0.019725,0.000186,0.000265,0.04801,916
FMASC,stemness,VCAN,0.052333,0.051994,0.00049,0.000265,0.101163,917
FMASC,stemness,MCM8,0.031523,0.017984,0.000169,0.000264,0.07973,918
FMASC,stemness,HACL1,0.057511,0.036266,0.000342,0.000264,-0.022384,919
FMASC,stemness,MCPH1,0.046703,0.029228,0.000275,0.000263,0.055075,920
FMASC,stemness,DARS2,0.044303,0.027345,0.000258,0.000262,0.031339,921
FMASC,stemness,TTC39A,0.097895,0.069148,0.000651,0.000261,-0.02304,922
FMASC,stemness,DECR2,0.069056,0.042522,0.000401,0.000259,0.010133,923
FMASC,stemness,MPHOSPH9,0.030929,0.019027,0.000179,0.000258,0.101414,924
FMASC,stemness,ASB3,0.045396,0.027177,0.000256,0.000257,0.04937,925
FMASC,stemness,ZBED4,0.035181,0.019804,0.000187,0.000256,0.048841,926
FMASC,stemness,DZIP3,0.041619,0.025251,0.000238,0.000256,0.067707,927
FMASC,stemness,KIF15,0.021047,0.012023,0.000113,0.000256,0.138422,928
FMASC,stemness,CELSR1,0.032473,0.016847,0.000159,0.000255,0.034593,929
FMASC,stemness,STARD13,0.031072,0.018528,0.000175,0.000254,0.067893,930
FMASC,stemness,OSR2,0.044494,0.029118,0.000274,0.000252,0.042113,931
FMASC,stemness,LRRN1,0.041595,0.030852,0.000291,0.000251,0.067499,932
FMASC,stemness,E2F7,0.017769,0.00996,9.4e-05,0.000249,0.12584,933
FMASC,stemness,CYB5D2,0.048722,0.028964,0.000273,0.000248,0.021498,934
FMASC,stemness,PDCD4,0.200209,0.203415,0.001916,0.000246,0.037557,935
FMASC,stemness,PLXNB3,0.032473,0.018044,0.00017,0.000246,0.048727,936
FMASC,stemness,PIK3R4,0.044897,0.0275,0.000259,0.000246,0.038804,937
FMASC,stemness,LYSMD3,0.043068,0.02582,0.000243,0.000246,0.039967,938
FMASC,stemness,PDGFRA,0.025656,0.018447,0.000174,0.000246,0.148062,939
FMASC,stemness,PHKA2,0.038127,0.024611,0.000232,0.000245,0.067601,940
FMASC,stemness,COL6A3,0.062761,0.052693,0.000496,0.000244,0.06347,941
FMASC,stemness,HEATR5A,0.044303,0.025965,0.000245,0.000243,0.036656,942
FMASC,stemness,COX15,0.065493,0.041783,0.000394,0.000243,0.017193,943
FMASC,stemness,MAP2K6,0.03884,0.024363,0.000229,0.000243,0.086072,944
FMASC,stemness,CPEB2,0.036702,0.021941,0.000207,0.000243,0.051731,945
FMASC,stemness,KIF18B,0.018909,0.011136,0.000105,0.000242,0.144532,946
FMASC,stemness,TMTC4,0.040384,0.02376,0.000224,0.000242,0.049412,947
FMASC,stemness,SLC40A1,0.119465,0.117784,0.001109,0.000242,0.01693,948
FMASC,stemness,PLAGL1,0.042071,0.033974,0.00032,0.000242,0.096213,949
FMASC,stemness,ADAMTSL1,0.018078,0.01004,9.5e-05,0.000241,0.121539,950
FMASC,stemness,MEIS1,0.024112,0.01409,0.000133,0.000241,0.097467,951
FMASC,stemness,RAPGEF6,0.037438,0.024197,0.000228,0.00024,0.078463,952
FMASC,stemness,MMP15,0.048983,0.03455,0.000325,0.00024,-0.002113,953
FMASC,stemness,EFNB1,0.035942,0.020733,0.000195,0.00024,0.056256,954
FMASC,stemness,XRCC2,0.024539,0.015903,0.00015,0.000239,0.133106,955
FMASC,stemness,IQGAP2,0.03264,0.020289,0.000191,0.000239,0.069177,956
FMASC,stemness,ATP7A,0.041453,0.026018,0.000245,0.000238,0.045347,957
FMASC,stemness,CAPN6,0.039054,0.033931,0.00032,0.000238,0.06085,958
FMASC,stemness,GLRB,0.028506,0.0151,0.000142,0.000238,0.091163,959
FMASC,stemness,WNK3,0.032948,0.020941,0.000197,0.000238,0.070252,960
FMASC,stemness,IVD,0.072525,0.049912,0.00047,0.000234,-0.022202,961
FMASC,stemness,ZMYM3,0.044018,0.026939,0.000254,0.000234,0.053567,962
FMASC,stemness,B3GNTL1,0.044779,0.026847,0.000253,0.000234,0.018716,963
FMASC,stemness,AMIGO2,0.035158,0.021967,0.000207,0.000233,0.021372,964
FMASC,stemness,RASSF3,0.038555,0.023053,0.000217,0.000232,0.064864,965
FMASC,stemness,PLA2G7,0.038008,0.02626,0.000247,0.000231,0.020713,966
FMASC,stemness,KLHL13,0.025157,0.015859,0.000149,0.000231,0.105088,967
FMASC,stemness,PDE8A,0.035324,0.020801,0.000196,0.000231,0.060217,968
FMASC,stemness,TLR5,0.041215,0.025869,0.000244,0.00023,-0.01065,969
FMASC,stemness,IFT80,0.052166,0.038092,0.000359,0.00023,0.065211,970
FMASC,stemness,CEP135,0.029005,0.017207,0.000162,0.000229,0.096648,971
FMASC,stemness,FIGNL1,0.039505,0.026881,0.000253,0.000227,0.083052,972
FMASC,stemness,GPR155,0.023138,0.013019,0.000123,0.000226,0.093977,973
FMASC,stemness,NKAIN3,0.015227,0.00699,6.6e-05,0.000226,0.128508,974
FMASC,stemness,TBC1D24,0.036536,0.023631,0.000223,0.000224,0.04484,975
FMASC,stemness,GALNT13,0.025608,0.01618,0.000152,0.000224,0.096049,976
FMASC,stemness,RAB8B,0.062951,0.041804,0.000394,0.000223,-0.048416,977
FMASC,stemness,GLMN,0.044018,0.028938,0.000273,0.000223,0.039499,978
FMASC,stemness,CTSO,0.054494,0.036387,0.000343,0.000222,-0.002255,979
FMASC,stemness,ELN,0.059079,0.075702,0.000713,0.000222,0.098202,980
FMASC,stemness,TJP3,0.046822,0.03146,0.000296,0.000221,0.001149,981
FMASC,stemness,NAB2,0.042023,0.025857,0.000244,0.000221,0.023742,982
FMASC,stemness,POLI,0.042546,0.02545,0.00024,0.000221,0.01536,983
FMASC,stemness,RSPO3,0.028981,0.023926,0.000225,0.00022,-0.041524,984
FMASC,stemness,B3GNT9,0.031547,0.01776,0.000167,0.00022,0.028889,985
FMASC,stemness,N4BP2,0.02777,0.016387,0.000154,0.000219,0.088261,986
FMASC,stemness,BLM,0.023874,0.015627,0.000147,0.000218,0.108733,987
FMASC,stemness,NRXN1,0.014823,0.012889,0.000121,0.000216,0.036733,988
FMASC,stemness,PPFIBP2,0.047083,0.030363,0.000286,0.000216,0.033706,989
FMASC,stemness,PLK4,0.022853,0.014505,0.000137,0.000215,0.120736,990
FMASC,stemness,SENP7,0.036821,0.02258,0.000213,0.000215,0.060375,991
FMASC,stemness,KATNAL2,0.029765,0.017525,0.000165,0.000214,0.072482,992
FMASC,stemness,ZSCAN21,0.038388,0.021871,0.000206,0.000213,0.038127,993
FMASC,stemness,CCDC138,0.030478,0.019532,0.000184,0.000212,0.08761,994
FMASC,stemness,TTC8,0.063712,0.04198,0.000395,0.000211,-0.0474,995
FMASC,stemness,TEX10,0.044375,0.029453,0.000277,0.000211,0.054112,996
FMASC,stemness,LRIG2,0.030003,0.018008,0.00017,0.00021,0.044844,997
FMASC,stemness,SLC5A1,0.037818,0.026845,0.000253,0.000209,0.017053,998
FMASC,stemness,E2F2,0.019218,0.011468,0.000108,0.000209,0.094389,999
FMASC,stemness,RBMS3,0.030335,0.019922,0.000188,0.000209,0.072173,1000
FMASC,stemness,POLE,0.028435,0.017713,0.000167,0.000209,0.080519,1001
FMASC,stemness,DNA2,0.025109,0.017139,0.000161,0.000208,0.098072,1002
FMASC,stemness,CROT,0.056229,0.038503,0.000363,0.000208,0.001119,1003
FMASC,stemness,TTC21B,0.032141,0.021726,0.000205,0.000207,0.080964,1004
FMASC,stemness,DOCK4,0.026535,0.016488,0.000155,0.000207,0.064626,1005
FMASC,stemness,DUSP5,0.041025,0.025168,0.000237,0.000205,0.004628,1006
FMASC,stemness,DCAF4,0.04599,0.029177,0.000275,0.000205,0.015654,1007
FMASC,stemness,CAB39L,0.053853,0.036433,0.000343,0.000204,0.015596,1008
FMASC,stemness,TMEM231,0.034065,0.019757,0.000186,0.000203,0.030957,1009
FMASC,stemness,RAD54L2,0.031119,0.018336,0.000173,0.000202,0.051161,1010
FMASC,stemness,GAS2,0.017508,0.010524,9.9e-05,0.000202,0.105303,1011
FMASC,stemness,DCAKD,0.054067,0.035453,0.000334,0.000201,0.054423,1012
FMASC,stemness,SRCAP,0.030977,0.018966,0.000179,0.000201,0.048547,1013
FMASC,stemness,CFH,0.056941,0.050934,0.00048,0.0002,-0.096275,1014
FMASC,stemness,GPR37,0.0229,0.011971,0.000113,0.0002,0.020889,1015
FMASC,stemness,IGF2BP3,0.031618,0.021885,0.000206,0.0002,0.049072,1016
FMASC,stemness,GLB1L,0.030217,0.017071,0.000161,0.000199,0.044481,1017
FMASC,stemness,EPHA7,0.016249,0.010606,1e-04,0.000199,0.094776,1018
FMASC,stemness,FSD1L,0.028292,0.016947,0.00016,0.000199,0.057872,1019
FMASC,stemness,PUS10,0.037058,0.024094,0.000227,0.000197,0.027499,1020
FMASC,stemness,TXNDC16,0.028102,0.017446,0.000164,0.000197,0.074031,1021
FMASC,stemness,WDR76,0.022591,0.013752,0.00013,0.000197,0.090725,1022
FMASC,stemness,TNFAIP6,0.036369,0.029788,0.000281,0.000197,0.002019,1023
FMASC,stemness,ATP1B2,0.013089,0.006645,6.3e-05,0.000196,0.125585,1024
FMASC,stemness,INTS9,0.033067,0.018994,0.000179,0.000195,0.05057,1025
FMASC,stemness,SHROOM2,0.023351,0.011948,0.000113,0.000195,0.076907,1026
FMASC,stemness,POLQ,0.017436,0.010528,9.9e-05,0.000193,0.125206,1027
FMASC,stemness,SENP1,0.047748,0.032389,0.000305,0.000193,0.065297,1028
FMASC,stemness,HECTD2,0.033519,0.020547,0.000194,0.000191,0.063165,1029
FMASC,stemness,ESRRG,0.024753,0.015402,0.000145,0.000191,0.073855,1030
FMASC,stemness,MBOAT1,0.027746,0.019889,0.000187,0.000191,0.043452,1031
FMASC,stemness,MMP2,0.051691,0.047461,0.000447,0.000191,0.071655,1032
FMASC,stemness,FOXA1,0.048817,0.035942,0.000339,0.00019,-0.024966,1033
FMASC,stemness,ERI2,0.042688,0.026863,0.000253,0.00019,0.038518,1034
FMASC,stemness,TYRO3,0.023043,0.01167,0.00011,0.000189,0.079754,1035
FMASC,stemness,FBXO48,0.029837,0.017746,0.000167,0.000188,0.064607,1036
FMASC,stemness,LSP1,0.076468,0.079811,0.000752,0.000187,0.099812,1037
FMASC,stemness,DSEL,0.031309,0.021236,0.0002,0.000187,0.015706,1038
FMASC,stemness,CYP39A1,0.028031,0.018436,0.000174,0.000187,0.033524,1039
FMASC,stemness,INTU,0.030573,0.01917,0.000181,0.000186,0.054172,1040
FMASC,stemness,DCAF17,0.040503,0.024791,0.000234,0.000186,0.036291,1041
FMASC,stemness,CNTROB,0.027247,0.016233,0.000153,0.000185,0.075874,1042
FMASC,stemness,DNM3,0.021974,0.013151,0.000124,0.000185,-0.016614,1043
FMASC,stemness,AMMECR1L,0.033709,0.020738,0.000195,0.000184,0.032685,1044
FMASC,stemness,PPARGC1A,0.013849,0.006116,5.8e-05,0.000184,0.118121,1045
FMASC,stemness,LDB1,0.035158,0.022506,0.000212,0.000184,0.039976,1046
FMASC,stemness,MEGF10,0.013398,0.005584,5.3e-05,0.000182,0.120082,1047
FMASC,stemness,GPC6,0.017009,0.009676,9.1e-05,0.000182,0.108454,1048
FMASC,stemness,PREX1,0.028411,0.015999,0.000151,0.000182,0.057385,1049
FMASC,stemness,POLE2,0.023161,0.014273,0.000134,0.000181,0.075063,1050
FMASC,stemness,SHISA2,0.015607,0.00974,9.2e-05,0.00018,0.116188,1051
FMASC,stemness,DOPEY1,0.033756,0.023457,0.000221,0.00018,0.042971,1052
FMASC,stemness,PTCH1,0.018292,0.009218,8.7e-05,0.000177,0.079924,1053
FMASC,stemness,TTYH2,0.017959,0.008239,7.8e-05,0.000177,0.097703,1054
FMASC,stemness,ZMAT1,0.031143,0.019703,0.000186,0.000176,0.031032,1055
FMASC,stemness,EDNRA,0.02986,0.021569,0.000203,0.000174,0.002399,1056
FMASC,stemness,MPP7,0.039956,0.02634,0.000248,0.000173,0.044053,1057
FMASC,stemness,CRLF3,0.043876,0.030499,0.000287,0.000173,0.037932,1058
FMASC,stemness,MYO5C,0.034991,0.022196,0.000209,0.000173,0.034904,1059
FMASC,stemness,BEX1,0.033851,0.030425,0.000287,0.000172,-0.0619,1060
FMASC,stemness,PCOLCE2,0.031001,0.02233,0.00021,0.000171,0.068007,1061
FMASC,stemness,ESPL1,0.012709,0.006555,6.2e-05,0.00017,0.11347,1062
FMASC,stemness,AGR3,0.025988,0.036287,0.000342,0.00017,-0.007495,1063
FMASC,stemness,WDR35,0.02499,0.014436,0.000136,0.00017,0.054291,1064
FMASC,stemness,RCBTB2,0.024444,0.014636,0.000138,0.00017,0.058285,1065
FMASC,stemness,IFT88,0.044018,0.028459,0.000268,0.00017,0.027802,1066
FMASC,stemness,MBTD1,0.027889,0.017687,0.000167,0.000169,0.056547,1067
FMASC,stemness,FAM81A,0.017009,0.008324,7.8e-05,0.000169,0.09591,1068
FMASC,stemness,APPL2,0.045135,0.029092,0.000274,0.000169,0.046315,1069
FMASC,stemness,LCA5,0.026463,0.016298,0.000154,0.000168,0.035238,1070
FMASC,stemness,SIAE,0.034089,0.019203,0.000181,0.000168,0.027385,1071
FMASC,stemness,MFSD9,0.03511,0.020918,0.000197,0.000167,0.006559,1072
FMASC,stemness,RAP1GAP,0.034255,0.019699,0.000186,0.000167,0.033594,1073
FMASC,stemness,ACOT1,0.028292,0.015263,0.000144,0.000166,-0.030499,1074
FMASC,stemness,NRARP,0.025204,0.015131,0.000143,0.000166,0.052115,1075
FMASC,stemness,GANC,0.027152,0.016459,0.000155,0.000165,0.042946,1076
FMASC,stemness,PLEKHA6,0.037557,0.024633,0.000232,0.000164,0.004374,1077
FMASC,stemness,CDC25A,0.016082,0.009067,8.5e-05,0.000164,0.089307,1078
FMASC,stemness,SRR,0.029005,0.016276,0.000153,0.000163,0.00739,1079
FMASC,stemness,PLEKHA4,0.035775,0.022231,0.000209,0.000163,0.037865,1080
FMASC,stemness,IKZF2,0.022259,0.015768,0.000149,0.000162,0.043622,1081
FMASC,stemness,ZSWIM6,0.023922,0.013035,0.000123,0.000162,0.046012,1082
FMASC,stemness,TSGA10,0.037581,0.023647,0.000223,0.00016,0.020796,1083
FMASC,stemness,DMXL2,0.026392,0.01688,0.000159,0.000158,0.058036,1084
FMASC,stemness,ART3,0.019123,0.012039,0.000113,0.000157,0.014667,1085
FMASC,stemness,CLDN8,0.034421,0.027018,0.000254,0.000156,0.048535,1086
FMASC,stemness,CDC14A,0.020239,0.012979,0.000122,0.000156,0.094722,1087
FMASC,stemness,COL11A1,0.021736,0.024122,0.000227,0.000156,0.127908,1088
FMASC,stemness,PLCE1,0.01632,0.008821,8.3e-05,0.000156,0.07276,1089
FMASC,stemness,PLSCR4,0.042332,0.030561,0.000288,0.000156,-0.016386,1090
FMASC,stemness,SPTLC3,0.02644,0.016473,0.000155,0.000155,0.021996,1091
FMASC,stemness,RTTN,0.016676,0.010248,9.7e-05,0.000155,0.067813,1092
FMASC,stemness,CCDC66,0.037248,0.025085,0.000236,0.000154,0.044626,1093
FMASC,stemness,CCDC30,0.023969,0.014342,0.000135,0.000154,0.046791,1094
FMASC,stemness,ARNT2,0.02252,0.01265,0.000119,0.000153,0.048656,1095
FMASC,stemness,DTX4,0.02366,0.013529,0.000127,0.000152,0.013741,1096
FMASC,stemness,FOXP2,0.017128,0.013706,0.000129,0.000151,0.067554,1097
FMASC,stemness,TSPAN8,0.058438,0.05669,0.000534,0.000151,-0.005773,1098
FMASC,stemness,MACROD2,0.022639,0.013735,0.000129,0.000149,0.068359,1099
FMASC,stemness,BRCA1,0.018268,0.013823,0.00013,0.000147,0.085337,1100
FMASC,stemness,MUC20,0.04409,0.035616,0.000335,0.000146,-0.040326,1101
FMASC,stemness,MXRA8,0.057725,0.064087,0.000604,0.000145,0.112359,1102
FMASC,stemness,SCML2,0.017579,0.010924,0.000103,0.000145,0.09435,1103
FMASC,stemness,DLX1,0.011569,0.00469,4.4e-05,0.000143,0.111349,1104
FMASC,stemness,DZIP1,0.015702,0.008092,7.6e-05,0.000143,0.088959,1105
FMASC,stemness,CDON,0.017531,0.009952,9.4e-05,0.000142,0.076842,1106
FMASC,stemness,LRRC4C,0.02195,0.014942,0.000141,0.000142,0.033006,1107
FMASC,stemness,MNS1,0.015322,0.008447,8e-05,0.000142,0.077123,1108
FMASC,stemness,GJC1,0.015013,0.009384,8.8e-05,0.000141,0.097026,1109
FMASC,stemness,PAQR3,0.019741,0.01075,0.000101,0.000141,0.054332,1110
FMASC,stemness,PRSS12,0.016652,0.010285,9.7e-05,0.00014,0.002731,1111
FMASC,stemness,LRRN2,0.020596,0.01011,9.5e-05,0.000138,0.01651,1112
FMASC,stemness,MUC15,0.026582,0.019404,0.000183,0.000138,0.009326,1113
FMASC,stemness,MEGF6,0.020525,0.012104,0.000114,0.000138,0.051576,1114
FMASC,stemness,FAM181B,0.01297,0.005671,5.3e-05,0.000137,0.080635,1115
FMASC,stemness,CEP72,0.019147,0.010959,0.000103,0.000137,0.060801,1116
FMASC,stemness,SOX5,0.00993,0.005587,5.3e-05,0.000137,0.096798,1117
FMASC,stemness,MAML3,0.023423,0.015922,0.00015,0.000136,0.058865,1118
FMASC,stemness,ROBO1,0.024515,0.015879,0.00015,0.000136,0.030193,1119
FMASC,stemness,YPEL1,0.01841,0.011342,0.000107,0.000136,0.066909,1120
FMASC,stemness,PALB2,0.027128,0.016068,0.000151,0.000136,0.0125,1121
FMASC,stemness,ACCS,0.025062,0.015643,0.000147,0.000135,0.035849,1122
FMASC,stemness,SLC35F3,0.013113,0.005797,5.5e-05,0.000135,0.064375,1123
FMASC,stemness,RAB2B,0.039101,0.025982,0.000245,0.000135,0.021914,1124
FMASC,stemness,ZCCHC24,0.017626,0.009247,8.7e-05,0.000134,0.073867,1125
FMASC,stemness,ARHGAP24,0.017793,0.010885,0.000103,0.000133,0.008784,1126
FMASC,stemness,LUZP2,0.009146,0.004958,4.7e-05,0.000132,0.096737,1127
FMASC,stemness,ENPP3,0.021427,0.015877,0.00015,0.000132,0.058452,1128
FMASC,stemness,BACE1,0.017935,0.010143,9.6e-05,0.000132,0.044543,1129
FMASC,stemness,PASK,0.015536,0.009022,8.5e-05,0.000131,0.075055,1130
FMASC,stemness,TRMT2B,0.034041,0.021521,0.000203,0.000131,0.021591,1131
FMASC,stemness,TCFL5,0.019907,0.010155,9.6e-05,0.000131,0.040541,1132
FMASC,stemness,CYFIP2,0.026511,0.015495,0.000146,0.00013,0.03986,1133
FMASC,stemness,PRIMA1,0.011545,0.005612,5.3e-05,0.00013,0.093295,1134
FMASC,stemness,PELI2,0.014324,0.008422,7.9e-05,0.000128,0.094636,1135
FMASC,stemness,ALDH3B1,0.029623,0.018795,0.000177,0.000128,-0.042551,1136
FMASC,stemness,TMOD2,0.022686,0.013619,0.000128,0.000128,0.03405,1137
FMASC,stemness,CENPI,0.015275,0.009308,8.8e-05,0.000128,0.096309,1138
FMASC,stemness,GSPT2,0.025252,0.015225,0.000143,0.000128,-0.010837,1139
FMASC,stemness,ARVCF,0.027936,0.019307,0.000182,0.000128,0.043932,1140
FMASC,stemness,RPGR,0.023185,0.014297,0.000135,0.000127,0.024461,1141
FMASC,stemness,PCCA,0.02815,0.017289,0.000163,0.000127,0.029077,1142
FMASC,stemness,ERCC6L,0.013398,0.008563,8.1e-05,0.000127,0.100775,1143
FMASC,stemness,ARSK,0.022282,0.01245,0.000117,0.000126,0.038599,1144
FMASC,stemness,SLC35F2,0.029528,0.018783,0.000177,0.000125,0.003914,1145
FMASC,stemness,ARHGEF10,0.013564,0.00834,7.9e-05,0.000124,0.072786,1146
FMASC,stemness,L1CAM,0.023755,0.015806,0.000149,0.000123,-0.061725,1147
FMASC,stemness,ISLR,0.044517,0.041935,0.000395,0.000123,0.055802,1148
FMASC,stemness,TET1,0.016534,0.010475,9.9e-05,0.000121,0.087142,1149
FMASC,stemness,DCLK2,0.015013,0.008272,7.8e-05,0.000121,0.074924,1150
FMASC,stemness,FBXO16,0.028055,0.016996,0.00016,0.00012,0.020907,1151
FMASC,stemness,ISPD,0.016462,0.009494,8.9e-05,0.00012,0.031975,1152
FMASC,stemness,FAM78B,0.023541,0.014699,0.000138,0.00012,-0.076787,1153
FMASC,stemness,NLK,0.017816,0.009527,9e-05,0.000119,0.033634,1154
FMASC,stemness,CSAD,0.020786,0.013229,0.000125,0.000119,0.046945,1155
FMASC,stemness,PID1,0.023874,0.014516,0.000137,0.000118,0.005821,1156
FMASC,stemness,RNLS,0.036464,0.022902,0.000216,0.000118,-0.021674,1157
FMASC,stemness,CMTM5,0.010927,0.006876,6.5e-05,0.000118,0.078584,1158
FMASC,stemness,EFCAB7,0.02682,0.01734,0.000163,0.000117,0.021659,1159
FMASC,stemness,FUT10,0.019931,0.011452,0.000108,0.000116,0.038145,1160
FMASC,stemness,MSH5,0.010999,0.006171,5.8e-05,0.000116,0.069995,1161
FMASC,stemness,TBC1D19,0.020762,0.01183,0.000111,0.000116,0.028508,1162
FMASC,stemness,EML1,0.020002,0.011195,0.000105,0.000115,0.032008,1163
FMASC,stemness,TTC28,0.013089,0.006934,6.5e-05,0.000115,0.084892,1164
FMASC,stemness,GNAZ,0.016415,0.008723,8.2e-05,0.000115,0.054859,1165
FMASC,stemness,CAND2,0.013327,0.00633,6e-05,0.000114,0.079291,1166
FMASC,stemness,BCL2L14,0.031286,0.021437,0.000202,0.000114,-0.067255,1167
FMASC,stemness,KAT2B,0.016344,0.008819,8.3e-05,0.000113,0.041718,1168
FMASC,stemness,TRERF1,0.015773,0.008842,8.3e-05,0.000113,0.05023,1169
FMASC,stemness,SLC35F1,0.008362,0.003315,3.1e-05,0.000113,0.103916,1170
FMASC,stemness,CHN1,0.022092,0.013896,0.000131,0.000112,0.028435,1171
FMASC,stemness,CNNM3,0.015607,0.008117,7.6e-05,0.000112,0.047334,1172
FMASC,stemness,PANK1,0.016534,0.008771,8.3e-05,0.000112,0.052218,1173
FMASC,stemness,SLC15A2,0.019361,0.012959,0.000122,0.000111,0.034261,1174
FMASC,stemness,BRIP1,0.012091,0.008297,7.8e-05,0.00011,0.085401,1175
FMASC,stemness,CNTN1,0.01069,0.006074,5.7e-05,0.00011,0.094384,1176
FMASC,stemness,EME1,0.012804,0.007644,7.2e-05,0.000108,0.087312,1177
FMASC,stemness,FOXI1,0.029029,0.021153,0.000199,0.000107,-0.020255,1178
FMASC,stemness,RARB,0.016249,0.010935,0.000103,0.000107,0.040932,1179
FMASC,stemness,HOXC6,0.017223,0.008791,8.3e-05,0.000107,0.034297,1180
FMASC,stemness,SLC28A3,0.018624,0.01158,0.000109,0.000107,0.005572,1181
FMASC,stemness,IFT140,0.025893,0.016851,0.000159,0.000106,0.023712,1182
FMASC,stemness,S1PR3,0.020786,0.012289,0.000116,0.000106,0.024989,1183
FMASC,stemness,TTPA,0.011616,0.00577,5.4e-05,0.000106,0.089831,1184
FMASC,stemness,TRIM23,0.020144,0.011558,0.000109,0.000103,0.03296,1185
FMASC,stemness,COL2A1,0.02233,0.03677,0.000346,0.000103,0.136054,1186
FMASC,stemness,TSPAN2,0.021522,0.017499,0.000165,0.000102,0.044191,1187
FMASC,stemness,PDE1C,0.016367,0.010191,9.6e-05,0.000102,0.012559,1188
FMASC,stemness,STAMBPL1,0.016154,0.008686,8.2e-05,0.000102,0.012001,1189
FMASC,stemness,LIN7A,0.011189,0.006153,5.8e-05,1e-04,0.08653,1190
FMASC,stemness,BMF,0.019859,0.011752,0.000111,1e-04,0.007949,1191
FMASC,stemness,COL9A1,0.009621,0.007806,7.4e-05,1e-04,0.095246,1192
FMASC,stemness,TOX3,0.023399,0.014451,0.000136,1e-04,0.00023,1193
FMASC,stemness,PRDM16,0.008599,0.003473,3.3e-05,1e-04,0.088981,1194
FMASC,stemness,REEP1,0.014229,0.007089,6.7e-05,9.9e-05,0.029378,1195
FMASC,stemness,LOXL1,0.028958,0.018437,0.000174,9.9e-05,0.001321,1196
FMASC,stemness,STXBP4,0.019527,0.013472,0.000127,9.8e-05,0.051076,1197
FMASC,stemness,CADM2,0.010286,0.007474,7e-05,9.7e-05,0.041398,1198
FMASC,stemness,ZFP30,0.020334,0.015028,0.000142,9.7e-05,0.063578,1199
FMASC,stemness,BLNK,0.040621,0.026716,0.000252,9.6e-05,-0.035933,1200
FMASC,stemness,RAC2,0.047629,0.035602,0.000335,9.6e-05,-0.005246,1201
FMASC,stemness,ADCY2,0.011806,0.006701,6.3e-05,9.6e-05,0.057563,1202
FMASC,stemness,ZBTB26,0.01689,0.009665,9.1e-05,9.5e-05,0.029458,1203
FMASC,stemness,FREM2,0.008314,0.005133,4.8e-05,9.5e-05,0.06922,1204
FMASC,stemness,SEMA3B,0.023565,0.017771,0.000167,9.4e-05,0.042254,1205
FMASC,stemness,FREM1,0.0062,0.003248,3.1e-05,9.4e-05,0.081705,1206
FMASC,stemness,PARD3B,0.014158,0.009003,8.5e-05,9.4e-05,0.039632,1207
FMASC,stemness,RFTN2,0.008718,0.004371,4.1e-05,9.3e-05,0.091238,1208
FMASC,stemness,SLITRK6,0.015892,0.011925,0.000112,9.2e-05,0.052079,1209
FMASC,stemness,BACH2,0.013517,0.00868,8.2e-05,9.2e-05,0.021015,1210
FMASC,stemness,SLC24A3,0.014443,0.008061,7.6e-05,9.2e-05,0.010871,1211
FMASC,stemness,MYCN,0.009716,0.005191,4.9e-05,9.2e-05,0.065535,1212
FMASC,stemness,INPP4B,0.025299,0.018043,0.00017,9.1e-05,-0.00344,1213
FMASC,stemness,BBS10,0.02195,0.014203,0.000134,9.1e-05,0.025952,1214
FMASC,stemness,ASTN2,0.014562,0.007785,7.3e-05,9.1e-05,0.021314,1215
FMASC,stemness,KBTBD3,0.033851,0.021437,0.000202,9.1e-05,0.009103,1216
FMASC,stemness,RCOR2,0.014728,0.008511,8e-05,8.9e-05,0.031104,1217
FMASC,stemness,GIN1,0.017294,0.009786,9.2e-05,8.9e-05,0.016178,1218
FMASC,stemness,ITGA7,0.008172,0.003606,3.4e-05,8.8e-05,0.079196,1219
FMASC,stemness,GLDC,0.008694,0.004168,3.9e-05,8.8e-05,0.056221,1220
FMASC,stemness,IGSF11,0.006295,0.002665,2.5e-05,8.7e-05,0.083298,1221
FMASC,stemness,FAM72A,0.009811,0.004848,4.6e-05,8.6e-05,0.051595,1222
FMASC,stemness,AGBL3,0.018125,0.010956,0.000103,8.5e-05,0.029706,1223
FMASC,stemness,FAM49A,0.021641,0.014401,0.000136,8.5e-05,0.000205,1224
FMASC,stemness,PCSK5,0.01499,0.010519,9.9e-05,8.5e-05,-0.000236,1225
FMASC,stemness,MMACHC,0.018672,0.011585,0.000109,8.5e-05,0.021511,1226
FMASC,stemness,GRIP1,0.012757,0.007468,7e-05,8.4e-05,0.039191,1227
FMASC,stemness,CPEB3,0.015393,0.008995,8.5e-05,8.4e-05,0.031261,1228
FMASC,stemness,ZCWPW1,0.029266,0.018506,0.000174,8.4e-05,0.002349,1229
FMASC,stemness,SHOX2,0.01651,0.010557,9.9e-05,8.2e-05,0.030309,1230
FMASC,stemness,ZFP69,0.010072,0.005004,4.7e-05,8.1e-05,0.039679,1231
FMASC,stemness,GATM,0.051905,0.038478,0.000362,8.1e-05,0.016187,1232
FMASC,stemness,PCDH9,0.010856,0.007503,7.1e-05,8.1e-05,0.040736,1233
FMASC,stemness,ZRANB3,0.014158,0.008833,8.3e-05,8.1e-05,0.032271,1234
FMASC,stemness,MEF2C,0.025228,0.020794,0.000196,8e-05,0.008212,1235
FMASC,stemness,MYB,0.017318,0.010926,0.000103,8e-05,0.046239,1236
FMASC,stemness,NAV3,0.00658,0.003369,3.2e-05,7.8e-05,0.071637,1237
FMASC,stemness,SLC12A6,0.014206,0.00863,8.1e-05,7.7e-05,0.028365,1238
FMASC,stemness,GPC3,0.022734,0.018324,0.000173,7.6e-05,0.08335,1239
FMASC,stemness,ATP13A4,0.016249,0.010948,0.000103,7.5e-05,0.0181,1240
FMASC,stemness,CHST10,0.01278,0.006928,6.5e-05,7.5e-05,0.048269,1241
FMASC,stemness,DNMBP,0.013802,0.007903,7.4e-05,7.4e-05,0.024518,1242
FMASC,stemness,ZDHHC15,0.013659,0.008279,7.8e-05,7.4e-05,0.031705,1243
FMASC,stemness,MORN4,0.038341,0.024961,0.000235,7.4e-05,-0.044267,1244
FMASC,stemness,WDR19,0.014443,0.009206,8.7e-05,7.4e-05,0.025544,1245
FMASC,stemness,ARHGAP19,0.012994,0.007442,7e-05,7.4e-05,0.021141,1246
FMASC,stemness,RGS11,0.014277,0.007666,7.2e-05,7.4e-05,0.028612,1247
FMASC,stemness,USP51,0.01012,0.005229,4.9e-05,7.3e-05,0.02903,1248
FMASC,stemness,SRPK3,0.018458,0.011927,0.000112,7.3e-05,0.025747,1249
FMASC,stemness,ASPA,0.005416,0.002221,2.1e-05,7.3e-05,0.072692,1250
FMASC,stemness,SYNE1,0.015536,0.011722,0.00011,7.2e-05,0.003236,1251
FMASC,stemness,SCAMP5,0.022948,0.013692,0.000129,7.2e-05,0.01172,1252
FMASC,stemness,RAB38,0.041999,0.030482,0.000287,7.2e-05,-0.010021,1253
FMASC,stemness,TMPRSS5,0.008813,0.005075,4.8e-05,7.1e-05,0.051799,1254
FMASC,stemness,GABRA2,0.003516,0.002366,2.2e-05,7e-05,0.068176,1255
FMASC,stemness,CSPG4,0.011141,0.008994,8.5e-05,7e-05,0.042913,1256
FMASC,stemness,AASS,0.008694,0.005316,5e-05,6.9e-05,0.055352,1257
FMASC,stemness,EDIL3,0.010975,0.007711,7.3e-05,6.9e-05,0.050456,1258
FMASC,stemness,SLITRK5,0.007934,0.004659,4.4e-05,6.8e-05,0.03715,1259
FMASC,stemness,LGR5,0.008504,0.007967,7.5e-05,6.6e-05,0.055125,1260
FMASC,stemness,SLC27A6,0.008576,0.00706,6.7e-05,6.6e-05,0.035886,1261
FMASC,stemness,TTC12,0.022069,0.013262,0.000125,6.6e-05,0.002933,1262
FMASC,stemness,DNAJC6,0.013612,0.007638,7.2e-05,6.5e-05,-0.008353,1263
FMASC,stemness,PEG3,0.009383,0.007398,7e-05,6.5e-05,0.050802,1264
FMASC,stemness,NCAN,0.004133,0.004254,4e-05,6.5e-05,0.036363,1265
FMASC,stemness,ALKBH8,0.011854,0.007122,6.7e-05,6.4e-05,0.007776,1266
FMASC,stemness,DENND2A,0.016035,0.010349,9.7e-05,6.4e-05,0.040688,1267
FMASC,stemness,EMILIN2,0.014158,0.009106,8.6e-05,6.4e-05,0.034949,1268
FMASC,stemness,ETV1,0.009265,0.006548,6.2e-05,6.3e-05,0.03929,1269
FMASC,stemness,RNF165,0.009526,0.005739,5.4e-05,6.3e-05,0.030739,1270
FMASC,stemness,NGFR,0.005773,0.003659,3.4e-05,6.3e-05,0.053637,1271
FMASC,stemness,CHRD,0.007435,0.003652,3.4e-05,6.3e-05,0.058362,1272
FMASC,stemness,DPYSL5,0.005345,0.002407,2.3e-05,6.2e-05,0.076701,1273
FMASC,stemness,RNF180,0.01088,0.007105,6.7e-05,6.2e-05,0.018269,1274
FMASC,stemness,TMEM144,0.027176,0.018789,0.000177,6.2e-05,0.004585,1275
FMASC,stemness,SRPX2,0.017911,0.01236,0.000116,6.1e-05,-0.04632,1276
FMASC,stemness,BCL2,0.014633,0.009405,8.9e-05,6.1e-05,0.038071,1277
FMASC,stemness,TSPAN18,0.007388,0.003607,3.4e-05,6e-05,0.037532,1278
FMASC,stemness,RAB36,0.010737,0.006849,6.5e-05,5.9e-05,0.034351,1279
FMASC,stemness,RPS6KA6,0.009882,0.006472,6.1e-05,5.9e-05,0.029554,1280
FMASC,stemness,GPRASP2,0.011901,0.007284,6.9e-05,5.9e-05,0.027743,1281
FMASC,stemness,LBP,0.02967,0.040132,0.000378,5.8e-05,-0.047619,1282
FMASC,stemness,FGF18,0.008029,0.004261,4e-05,5.8e-05,0.028644,1283
FMASC,stemness,HIF3A,0.008576,0.007162,6.7e-05,5.8e-05,0.061892,1284
FMASC,stemness,ZDBF2,0.00936,0.006037,5.7e-05,5.7e-05,0.016106,1285
FMASC,stemness,DOCK10,0.009455,0.005925,5.6e-05,5.7e-05,0.067034,1286
FMASC,stemness,SEC16B,0.009526,0.005736,5.4e-05,5.7e-05,-0.004703,1287
FMASC,stemness,TRPM3,0.004727,0.001874,1.8e-05,5.7e-05,0.067099,1288
FMASC,stemness,FRMD5,0.005012,0.002375,2.2e-05,5.7e-05,0.035605,1289
FMASC,stemness,IRS1,0.014443,0.008812,8.3e-05,5.6e-05,0.007327,1290
FMASC,stemness,CATSPER2,0.009217,0.005834,5.5e-05,5.6e-05,0.031994,1291
FMASC,stemness,GRIA2,0.00525,0.002909,2.7e-05,5.6e-05,0.059144,1292
FMASC,stemness,BHLHB9,0.014586,0.009388,8.8e-05,5.6e-05,0.03137,1293
FMASC,stemness,DLK1,0.00373,0.003647,3.4e-05,5.5e-05,0.017135,1294
FMASC,stemness,ELMO1,0.01221,0.008904,8.4e-05,5.5e-05,0.04998,1295
FMASC,stemness,PFN4,0.010167,0.005227,4.9e-05,5.5e-05,0.023913,1296
FMASC,stemness,ZKSCAN3,0.014396,0.00911,8.6e-05,5.5e-05,0.035569,1297
FMASC,stemness,CBS,0.010785,0.006158,5.8e-05,5.5e-05,0.042826,1298
FMASC,stemness,HEPH,0.009977,0.007052,6.6e-05,5.5e-05,0.041148,1299
FMASC,stemness,GRHL3,0.011735,0.007972,7.5e-05,5.4e-05,0.033633,1300
FMASC,stemness,BICC1,0.013089,0.009365,8.8e-05,5.3e-05,0.039935,1301
FMASC,stemness,CTNND2,0.011307,0.0067,6.3e-05,5.3e-05,-0.005059,1302
FMASC,stemness,LRRC49,0.014918,0.00887,8.4e-05,5.3e-05,0.022351,1303
FMASC,stemness,ZIK1,0.010951,0.006368,6e-05,5.3e-05,0.039093,1304
FMASC,stemness,MAL,0.006034,0.003157,3e-05,5.3e-05,0.058728,1305
FMASC,stemness,AFAP1L2,0.008623,0.005119,4.8e-05,5.2e-05,0.048305,1306
FMASC,stemness,EGFLAM,0.029884,0.022537,0.000212,5.2e-05,0.01333,1307
FMASC,stemness,TRAM1L1,0.013208,0.008393,7.9e-05,5.1e-05,-0.010283,1308
FMASC,stemness,POU3F2,0.003231,0.001119,1.1e-05,5e-05,0.079677,1309
FMASC,stemness,GALM,0.03435,0.024847,0.000234,4.9e-05,-0.018655,1310
FMASC,stemness,IGSF10,0.00772,0.005168,4.9e-05,4.9e-05,0.031168,1311
FMASC,stemness,CNRIP1,0.010619,0.007861,7.4e-05,4.9e-05,0.081697,1312
FMASC,stemness,TBCEL,0.010262,0.005933,5.6e-05,4.9e-05,0.019599,1313
FMASC,stemness,GHR,0.010975,0.007144,6.7e-05,4.9e-05,0.019438,1314
FMASC,stemness,SLC16A4,0.031951,0.022223,0.000209,4.9e-05,-0.076957,1315
FMASC,stemness,RGS20,0.015275,0.009744,9.2e-05,4.9e-05,-0.050795,1316
FMASC,stemness,PCDH8,0.007198,0.004671,4.4e-05,4.8e-05,0.034659,1317
FMASC,stemness,EGF,0.00936,0.005514,5.2e-05,4.8e-05,0.026206,1318
FMASC,stemness,MBNL3,0.010167,0.006768,6.4e-05,4.7e-05,0.014293,1319
FMASC,stemness,APCDD1,0.009027,0.005641,5.3e-05,4.7e-05,0.029735,1320
FMASC,stemness,ZCCHC18,0.007839,0.005165,4.9e-05,4.6e-05,0.049131,1321
FMASC,stemness,GALNT12,0.005915,0.002803,2.6e-05,4.6e-05,0.033551,1322
FMASC,stemness,HFE,0.009763,0.006263,5.9e-05,4.6e-05,0.006433,1323
FMASC,stemness,CRTAC1,0.005202,0.002772,2.6e-05,4.6e-05,0.034864,1324
FMASC,stemness,CLDN6,0.014396,0.019086,0.00018,4.5e-05,0.098173,1325
FMASC,stemness,LRRC17,0.0043,0.002321,2.2e-05,4.5e-05,0.058664,1326
FMASC,stemness,C1QTNF2,0.008742,0.00549,5.2e-05,4.5e-05,0.040317,1327
FMASC,stemness,PRX,0.008219,0.005396,5.1e-05,4.5e-05,0.03803,1328
FMASC,stemness,SCN9A,0.006556,0.005341,5e-05,4.5e-05,0.017859,1329
FMASC,stemness,CDH2,0.006556,0.004591,4.3e-05,4.5e-05,0.033075,1330
FMASC,stemness,BCHE,0.007507,0.006608,6.2e-05,4.3e-05,0.052931,1331
FMASC,stemness,LRRIQ1,0.008409,0.006119,5.8e-05,4.3e-05,0.017917,1332
FMASC,stemness,LYPD6,0.006438,0.004079,3.8e-05,4.3e-05,0.019166,1333
FMASC,stemness,CDKL3,0.012115,0.007353,6.9e-05,4.2e-05,0.020164,1334
FMASC,stemness,GJC3,0.013635,0.008865,8.3e-05,4.2e-05,0.01794,1335
FMASC,stemness,ERMN,0.003777,0.001758,1.7e-05,4.2e-05,0.058166,1336
FMASC,stemness,ADAMTS18,0.003943,0.002776,2.6e-05,4.2e-05,0.030268,1337
FMASC,stemness,NPY5R,0.005084,0.003005,2.8e-05,4.1e-05,0.04961,1338
FMASC,stemness,FMNL3,0.008481,0.005087,4.8e-05,4.1e-05,0.047138,1339
FMASC,stemness,TRIM68,0.013659,0.008456,8e-05,4.1e-05,-0.007343,1340
FMASC,stemness,STXBP6,0.020144,0.012554,0.000118,4e-05,-0.061312,1341
FMASC,stemness,ACAD11,0.009217,0.00606,5.7e-05,4e-05,0.017859,1342
FMASC,stemness,RABL2A,0.011189,0.006699,6.3e-05,4e-05,0.00897,1343
FMASC,stemness,WFDC1,0.00487,0.003188,3e-05,4e-05,0.059588,1344
FMASC,stemness,NTRK3,0.004276,0.002501,2.4e-05,3.9e-05,0.031417,1345
FMASC,stemness,TMEM100,0.006818,0.006119,5.8e-05,3.9e-05,0.050317,1346
FMASC,stemness,EVC,0.005321,0.002618,2.5e-05,3.8e-05,0.040445,1347
FMASC,stemness,NPL,0.024444,0.017729,0.000167,3.8e-05,0.000148,1348
FMASC,stemness,PAX3,0.004775,0.002775,2.6e-05,3.8e-05,0.01922,1349
FMASC,stemness,RXRG,0.004466,0.002211,2.1e-05,3.8e-05,0.020876,1350
FMASC,stemness,NKD2,0.005582,0.002871,2.7e-05,3.7e-05,0.027444,1351
FMASC,stemness,CALML4,0.013944,0.008649,8.1e-05,3.7e-05,-0.019278,1352
FMASC,stemness,ADAMTS10,0.006984,0.004627,4.4e-05,3.6e-05,0.042775,1353
FMASC,stemness,CSN1S1,0.002114,0.002534,2.4e-05,3.6e-05,0.017538,1354
FMASC,stemness,ALDH1A2,0.004442,0.003182,3e-05,3.6e-05,0.022981,1355
FMASC,stemness,ADAM23,0.002708,0.001058,1e-05,3.6e-05,0.053185,1356
FMASC,stemness,STARD9,0.004917,0.003217,3e-05,3.6e-05,0.046454,1357
FMASC,stemness,TFPI2,0.026582,0.023207,0.000219,3.5e-05,-0.011596,1358
FMASC,stemness,ATP6V1B1,0.008243,0.006085,5.7e-05,3.5e-05,0.002294,1359
FMASC,stemness,CTTNBP2,0.004799,0.002779,2.6e-05,3.4e-05,0.019315,1360
FMASC,stemness,SOX21,0.002993,0.001333,1.3e-05,3.3e-05,0.055974,1361
FMASC,stemness,TBX18,0.005796,0.00397,3.7e-05,3.3e-05,0.02655,1362
FMASC,stemness,LRRC4,0.004323,0.00208,2e-05,3.3e-05,0.03059,1363
FMASC,stemness,ITGA4,0.008196,0.006811,6.4e-05,3.3e-05,0.008919,1364
FMASC,stemness,ANKLE1,0.003231,0.001505,1.4e-05,3.3e-05,0.037332,1365
FMASC,stemness,SEMA5B,0.006319,0.003486,3.3e-05,3.3e-05,-0.000144,1366
FMASC,stemness,FUT9,0.005155,0.003483,3.3e-05,3.2e-05,0.0215,1367
FMASC,stemness,IGF2BP1,0.004276,0.004822,4.5e-05,3.2e-05,0.063168,1368
FMASC,stemness,CLDN9,0.007174,0.005239,4.9e-05,3.2e-05,0.020078,1369
FMASC,stemness,ANGPT1,0.018672,0.015415,0.000145,3.2e-05,0.022474,1370
FMASC,stemness,PABPC4L,0.005036,0.003353,3.2e-05,3.2e-05,0.040729,1371
FMASC,stemness,PTGS1,0.010856,0.007068,6.7e-05,3.2e-05,-0.002984,1372
FMASC,stemness,KCNH8,0.004585,0.003306,3.1e-05,3.1e-05,0.022315,1373
FMASC,stemness,GPRASP1,0.004395,0.00298,2.8e-05,3.1e-05,0.03823,1374
FMASC,stemness,SNX32,0.004157,0.00248,2.3e-05,3e-05,0.022936,1375
FMASC,stemness,TWIST1,0.006224,0.004159,3.9e-05,3e-05,-0.006937,1376
FMASC,stemness,HLF,0.006723,0.004305,4.1e-05,3e-05,0.030534,1377
FMASC,stemness,MED12L,0.005773,0.003855,3.6e-05,3e-05,0.024379,1378
FMASC,stemness,PPP1R3C,0.009526,0.006445,6.1e-05,3e-05,0.023193,1379
FMASC,stemness,FBXL7,0.009431,0.005304,5e-05,3e-05,-0.013714,1380
FMASC,stemness,PCDH11X,0.003183,0.002648,2.5e-05,3e-05,0.037026,1381
FMASC,stemness,ANO3,0.003682,0.001939,1.8e-05,2.9e-05,0.021039,1382
FMASC,stemness,NXPH1,0.003445,0.002279,2.1e-05,2.9e-05,0.026121,1383
FMASC,stemness,GRIK2,0.003872,0.002372,2.2e-05,2.9e-05,-0.019078,1384
FMASC,stemness,PKIA,0.004181,0.003082,2.9e-05,2.8e-05,0.028162,1385
FMASC,stemness,TLR3,0.00955,0.006293,5.9e-05,2.8e-05,-0.019269,1386
FMASC,stemness,APBB1IP,0.006533,0.005205,4.9e-05,2.8e-05,0.020777,1387
FMASC,stemness,NECAB1,0.005297,0.002943,2.8e-05,2.7e-05,0.036412,1388
FMASC,stemness,BCAS1,0.005749,0.00308,2.9e-05,2.7e-05,0.002581,1389
FMASC,stemness,MGAT3,0.003848,0.001919,1.8e-05,2.7e-05,0.025078,1390
FMASC,stemness,ADAMTS12,0.007554,0.006316,5.9e-05,2.7e-05,0.028733,1391
FMASC,stemness,LAMA2,0.005677,0.004406,4.2e-05,2.7e-05,0.029129,1392
FMASC,stemness,DMRT2,0.004513,0.002606,2.5e-05,2.7e-05,0.037275,1393
FMASC,stemness,PREX2,0.005535,0.004893,4.6e-05,2.7e-05,0.040205,1394
FMASC,stemness,B3GAT2,0.003682,0.001997,1.9e-05,2.6e-05,0.022688,1395
FMASC,stemness,FAM19A5,0.004181,0.002384,2.2e-05,2.6e-05,0.024876,1396
FMASC,stemness,HMGCLL1,0.010619,0.007258,6.8e-05,2.6e-05,-0.00994,1397
FMASC,stemness,FAM149A,0.003587,0.002265,2.1e-05,2.5e-05,0.028155,1398
FMASC,stemness,EPDR1,0.010999,0.007507,7.1e-05,2.5e-05,0.015488,1399
FMASC,stemness,SARDH,0.006746,0.003545,3.3e-05,2.5e-05,0.023145,1400
FMASC,stemness,NCAM2,0.005321,0.003642,3.4e-05,2.5e-05,0.004813,1401
FMASC,stemness,TNFRSF13C,0.003801,0.001974,1.9e-05,2.5e-05,0.032929,1402
FMASC,stemness,SELPLG,0.005487,0.00401,3.8e-05,2.5e-05,0.000578,1403
FMASC,stemness,SEMA6D,0.003041,0.002112,2e-05,2.4e-05,0.025152,1404
FMASC,stemness,VAV1,0.013731,0.00855,8.1e-05,2.4e-05,-0.021934,1405
FMASC,stemness,KCNMB4,0.004347,0.00232,2.2e-05,2.3e-05,-0.003483,1406
FMASC,stemness,SLC4A4,0.004133,0.002436,2.3e-05,2.3e-05,0.010258,1407
FMASC,stemness,SHPK,0.002779,0.00191,1.8e-05,2.3e-05,0.026221,1408
FMASC,stemness,MDGA2,0.005986,0.003684,3.5e-05,2.2e-05,0.011149,1409
FMASC,stemness,PCDH10,0.002447,0.001864,1.8e-05,2.2e-05,0.027591,1410
FMASC,stemness,SAMD5,0.003017,0.001773,1.7e-05,2.2e-05,0.020955,1411
FMASC,stemness,GAL3ST1,0.002756,0.001177,1.1e-05,2.2e-05,0.027699,1412
FMASC,stemness,TOX,0.005416,0.00421,4e-05,2.1e-05,0.04636,1413
FMASC,stemness,ISL1,0.002708,0.001354,1.3e-05,2.1e-05,0.025132,1414
FMASC,stemness,EMILIN1,0.005796,0.004395,4.1e-05,2e-05,0.023139,1415
FMASC,stemness,PDZRN4,0.00525,0.00285,2.7e-05,2e-05,-0.022404,1416
FMASC,stemness,MPV17L,0.019479,0.015607,0.000147,2e-05,0.023934,1417
FMASC,stemness,LINGO3,0.001734,0.00071,7e-06,2e-05,0.033071,1418
FMASC,stemness,IKZF1,0.007127,0.005457,5.1e-05,2e-05,0.011923,1419
FMASC,stemness,NDST3,0.002281,0.001275,1.2e-05,1.9e-05,0.012404,1420
FMASC,stemness,JAKMIP2,0.002732,0.00184,1.7e-05,1.9e-05,0.030531,1421
FMASC,stemness,HMGCS2,0.017793,0.018687,0.000176,1.9e-05,0.012829,1422
FMASC,stemness,GNA14,0.008742,0.005075,4.8e-05,1.9e-05,-0.027513,1423
FMASC,stemness,RAD51,0.001829,0.000963,9e-06,1.9e-05,0.034102,1424
FMASC,stemness,CHN2,0.002281,0.00153,1.4e-05,1.8e-05,0.021879,1425
FMASC,stemness,TSPAN11,0.004751,0.003151,3e-05,1.8e-05,0.017042,1426
FMASC,stemness,GALNT5,0.003492,0.002549,2.4e-05,1.8e-05,0.046349,1427
FMASC,stemness,LRRC56,0.007768,0.004783,4.5e-05,1.7e-05,0.003126,1428
FMASC,stemness,FGD5,0.006913,0.004099,3.9e-05,1.7e-05,-0.020979,1429
FMASC,stemness,GLI2,0.002067,0.001272,1.2e-05,1.7e-05,0.027646,1430
FMASC,stemness,MPZ,0.009146,0.008571,8.1e-05,1.7e-05,0.030456,1431
FMASC,stemness,PCDHA1,0.001877,0.000821,8e-06,1.7e-05,0.034508,1432
FMASC,stemness,FHL1,0.010524,0.008441,8e-05,1.7e-05,0.047752,1433
FMASC,stemness,PCDH19,0.002257,0.001107,1e-05,1.6e-05,0.017858,1434
FMASC,stemness,MGAT4C,0.003397,0.002157,2e-05,1.6e-05,-0.006224,1435
FMASC,stemness,LRCH2,0.002447,0.001781,1.7e-05,1.6e-05,0.023594,1436
FMASC,stemness,EML5,0.003278,0.002334,2.2e-05,1.6e-05,0.012839,1437
FMASC,stemness,COL15A1,0.010381,0.009684,9.1e-05,1.6e-05,0.049238,1438
FMASC,stemness,PTGER3,0.01354,0.009761,9.2e-05,1.6e-05,0.007744,1439
FMASC,stemness,ACVR1C,0.002209,0.001202,1.1e-05,1.6e-05,0.020851,1440
FMASC,stemness,SAMSN1,0.006937,0.007142,6.7e-05,1.6e-05,0.020353,1441
FMASC,stemness,LDB2,0.005464,0.005577,5.3e-05,1.5e-05,0.038794,1442
FMASC,stemness,TBXA2R,0.002613,0.001487,1.4e-05,1.5e-05,0.028131,1443
FMASC,stemness,SORCS1,0.001877,0.000764,7e-06,1.4e-05,0.012556,1444
FMASC,stemness,NLGN1,0.001829,0.001091,1e-05,1.4e-05,0.021682,1445
FMASC,stemness,TENM3,0.002019,0.001402,1.3e-05,1.4e-05,-0.004289,1446
FMASC,stemness,MTUS2,0.0062,0.004822,4.5e-05,1.3e-05,0.01366,1447
FMASC,stemness,SEMA3D,0.006034,0.004865,4.6e-05,1.3e-05,0.005878,1448
FMASC,stemness,PLAC1,0.007483,0.004808,4.5e-05,1.3e-05,-0.025996,1449
FMASC,stemness,GRAMD1B,0.003967,0.002719,2.6e-05,1.3e-05,0.026123,1450
FMASC,stemness,ITM2A,0.010927,0.012485,0.000118,1.2e-05,0.041214,1451
FMASC,stemness,ADAMTS15,0.001877,0.000917,9e-06,1.2e-05,-0.003069,1452
FMASC,stemness,JAM3,0.002447,0.00183,1.7e-05,1.2e-05,0.033542,1453
FMASC,stemness,CPZ,0.007174,0.004887,4.6e-05,1.2e-05,-0.002703,1454
FMASC,stemness,LGI4,0.006438,0.005143,4.8e-05,1.2e-05,0.023327,1455
FMASC,stemness,ATP6V1G2,0.004252,0.002522,2.4e-05,1.2e-05,0.000993,1456
FMASC,stemness,ENOX1,0.002827,0.001699,1.6e-05,1.2e-05,0.007435,1457
FMASC,stemness,MMP19,0.002922,0.003157,3e-05,1.2e-05,0.024896,1458
FMASC,stemness,ZFPM2,0.00152,0.000917,9e-06,1.1e-05,0.007757,1459
FMASC,stemness,CYGB,0.003777,0.002783,2.6e-05,1.1e-05,0.017967,1460
FMASC,stemness,TEX15,0.001212,0.00069,7e-06,1.1e-05,0.026131,1461
FMASC,stemness,P4HA3,0.002898,0.001975,1.9e-05,1.1e-05,0.030514,1462
FMASC,stemness,EFCAB1,0.001307,0.000918,9e-06,1.1e-05,0.016803,1463
FMASC,stemness,GABRB3,0.005131,0.002823,2.7e-05,1.1e-05,-0.02169,1464
FMASC,stemness,RGS17,0.002399,0.001756,1.7e-05,1.1e-05,0.004113,1465
FMASC,stemness,CORT,0.00171,0.001024,1e-05,1.1e-05,0.018115,1466
FMASC,stemness,MUM1L1,0.001544,0.0011,1e-05,1e-05,0.006472,1467
FMASC,stemness,KEL,0.001116,0.000622,6e-06,1e-05,0.004499,1468
FMASC,stemness,PABPC5,0.003183,0.002379,2.2e-05,9e-06,0.027138,1469
FMASC,stemness,SCUBE1,0.002019,0.001037,1e-05,9e-06,-0.000254,1470
FMASC,stemness,EGFL8,0.002589,0.002131,2e-05,9e-06,0.029138,1471
FMASC,stemness,SGCD,0.002304,0.00185,1.7e-05,9e-06,0.018712,1472
FMASC,stemness,DENND1C,0.003231,0.00196,1.8e-05,9e-06,0.014943,1473
FMASC,stemness,SELL,0.005773,0.004838,4.6e-05,9e-06,0.016221,1474
FMASC,stemness,LRRN3,0.002684,0.001718,1.6e-05,8e-06,-0.000439,1475
FMASC,stemness,GFRA2,0.001497,0.000724,7e-06,8e-06,0.003612,1476
FMASC,stemness,COL19A1,0.002233,0.002259,2.1e-05,8e-06,0.029603,1477
FMASC,stemness,TNMD,0.000926,0.00091,9e-06,8e-06,0.01025,1478
FMASC,stemness,RUNDC3B,0.002352,0.001685,1.6e-05,8e-06,0.018004,1479
FMASC,stemness,GPR37L1,0.002423,0.001335,1.3e-05,8e-06,-0.003046,1480
FMASC,stemness,MYO7A,0.00411,0.003066,2.9e-05,8e-06,0.001117,1481
FMASC,stemness,PKHD1L1,0.001045,0.00061,6e-06,8e-06,-0.004263,1482
FMASC,stemness,MTTP,0.001497,0.000739,7e-06,8e-06,0.022457,1483
FMASC,stemness,PRKCQ,0.001853,0.001316,1.2e-05,8e-06,0.014495,1484
FMASC,stemness,PCDHA6,0.002233,0.001393,1.3e-05,8e-06,-0.005155,1485
FMASC,stemness,TENM4,0.00209,0.001463,1.4e-05,8e-06,0.005038,1486
FMASC,stemness,BHLHE22,0.002185,0.001356,1.3e-05,8e-06,0.012099,1487
FMASC,stemness,RHOH,0.010737,0.00938,8.8e-05,8e-06,-0.001401,1488
FMASC,stemness,CTNNA3,0.001568,0.001048,1e-05,7e-06,0.017546,1489
FMASC,stemness,NOVA1,0.002114,0.001722,1.6e-05,7e-06,0.006245,1490
FMASC,stemness,KCND2,0.001877,0.00128,1.2e-05,7e-06,0.021866,1491
FMASC,stemness,ANK2,0.004846,0.003872,3.6e-05,7e-06,0.011709,1492
FMASC,stemness,MAMDC2,0.003896,0.002593,2.4e-05,7e-06,0.016468,1493
FMASC,stemness,GABRG2,0.001045,0.000675,6e-06,6e-06,0.009201,1494
FMASC,stemness,TYRP1,0.002566,0.001423,1.3e-05,6e-06,-0.010831,1495
FMASC,stemness,FBN1,0.016676,0.014689,0.000138,6e-06,0.045878,1496
FMASC,stemness,ADAM33,0.001853,0.00128,1.2e-05,6e-06,0.032065,1497
FMASC,stemness,GRIA3,0.002209,0.002557,2.4e-05,6e-06,0.037457,1498
FMASC,stemness,RUNX1T1,0.003658,0.003157,3e-05,6e-06,0.025798,1499
FMASC,stemness,ATP1A2,0.000594,0.00044,4e-06,6e-06,0.019017,1500
FMASC,stemness,MMP8,0.00076,0.000689,6e-06,6e-06,0.007918,1501
FMASC,stemness,EDAR,0.000974,0.000663,6e-06,6e-06,0.005347,1502
FMASC,stemness,SYNPR,0.000713,0.000495,5e-06,6e-06,0.018045,1503
FMASC,stemness,SCG3,0.001045,0.00063,6e-06,5e-06,0.002905,1504
FMASC,stemness,LRRTM2,0.001283,0.000745,7e-06,5e-06,0.007046,1505
FMASC,stemness,DACH2,0.001116,0.0006,6e-06,5e-06,-0.00392,1506
FMASC,stemness,IFFO1,0.003468,0.002809,2.6e-05,5e-06,0.021883,1507
FMASC,stemness,ANKDD1B,0.000903,0.000484,5e-06,5e-06,0.013609,1508
FMASC,stemness,HCK,0.006842,0.005141,4.8e-05,5e-06,0.013182,1509
FMASC,stemness,MAB21L1,0.000523,0.000392,4e-06,5e-06,0.007854,1510
FMASC,stemness,ADCY8,0.000546,0.000224,2e-06,5e-06,-0.000908,1511
FMASC,stemness,WNT16,0.000689,0.000464,4e-06,5e-06,0.003222,1512
FMASC,stemness,B3GALT2,0.000831,0.000708,7e-06,4e-06,0.012875,1513
FMASC,stemness,CDH8,0.0019,0.001141,1.1e-05,4e-06,-0.011413,1514
FMASC,stemness,LTK,0.001045,0.000732,7e-06,4e-06,0.012007,1515
FMASC,stemness,NEGR1,0.003587,0.002967,2.8e-05,4e-06,0.01558,1516
FMASC,stemness,KCNB2,0.001283,0.000866,8e-06,4e-06,0.005167,1517
FMASC,stemness,PAMR1,0.000784,0.000536,5e-06,4e-06,-0.000791,1518
FMASC,stemness,DAAM2,0.004704,0.003501,3.3e-05,4e-06,0.021447,1519
FMASC,stemness,FGF10,0.000998,0.000918,9e-06,4e-06,0.014995,1520
FMASC,stemness,RBM20,0.000998,0.000966,9e-06,4e-06,0.022801,1521
FMASC,stemness,HHIP,0.000475,0.000266,3e-06,4e-06,0.013887,1522
FMASC,stemness,SYN3,0.00133,0.000771,7e-06,4e-06,0.011771,1523
FMASC,stemness,MYBPC2,0.004418,0.003444,3.2e-05,4e-06,0.011496,1524
FMASC,stemness,CACNA2D3,0.001615,0.001081,1e-05,3e-06,0.006448,1525
FMASC,stemness,ADAMTS20,0.000475,0.000279,3e-06,3e-06,-0.002284,1526
FMASC,stemness,GAP43,0.001235,0.000723,7e-06,3e-06,-0.008711,1527
FMASC,stemness,TNFSF8,0.000903,0.000937,9e-06,3e-06,0.018483,1528
FMASC,stemness,C1QL3,0.000309,0.000139,1e-06,3e-06,0.014672,1529
FMASC,stemness,TMEFF2,0.00038,0.000207,2e-06,3e-06,0.001494,1530
FMASC,stemness,ADORA3,0.001093,0.000999,9e-06,3e-06,0.016087,1531
FMASC,stemness,RELN,0.00095,0.000756,7e-06,3e-06,0.011776,1532
FMASC,stemness,AJAP1,0.000285,1e-04,1e-06,3e-06,0.017176,1533
FMASC,stemness,OLFM3,0.000546,0.000357,3e-06,3e-06,0.010732,1534
FMASC,stemness,EBF1,0.002399,0.002428,2.3e-05,3e-06,0.023238,1535
FMASC,stemness,GREM2,0.001805,0.001436,1.4e-05,3e-06,0.019113,1536
FMASC,stemness,ACTC1,0.000808,0.001058,1e-05,3e-06,0.024171,1537
FMASC,stemness,LRMP,0.001212,0.001117,1.1e-05,3e-06,0.014954,1538
FMASC,stemness,MYOZ2,0.000523,0.000196,2e-06,3e-06,0.002233,1539
FMASC,stemness,TCHH,0.003706,0.002737,2.6e-05,3e-06,-0.014665,1540
FMASC,stemness,SFRP5,0.00019,7.9e-05,1e-06,2e-06,0.007557,1541
FMASC,stemness,DAB1,0.000475,0.000286,3e-06,2e-06,0.011412,1542
FMASC,stemness,MAG,0.001164,0.000693,7e-06,2e-06,-0.00138,1543
FMASC,stemness,RHD,0.000333,0.000187,2e-06,2e-06,0.008499,1544
FMASC,stemness,HDC,0.000831,0.000552,5e-06,2e-06,0.007645,1545
FMASC,stemness,EPHA3,0.000475,0.000422,4e-06,2e-06,0.007162,1546
FMASC,stemness,LRRTM1,0.000285,0.000248,2e-06,2e-06,0.017357,1547
FMASC,stemness,PEX5L,0.001805,0.001008,9e-06,2e-06,-0.016482,1548
FMASC,stemness,GPR171,0.000998,0.000853,8e-06,2e-06,-0.00139,1549
FMASC,stemness,PRSS35,0.000119,5.4e-05,1e-06,2e-06,0.009024,1550
FMASC,stemness,KERA,0.000119,0.00012,1e-06,2e-06,0.005213,1551
FMASC,stemness,ABCB4,0.000309,0.000173,2e-06,2e-06,0.010996,1552
FMASC,stemness,KLHL6,0.001378,0.001293,1.2e-05,2e-06,0.012564,1553
FMASC,stemness,IGDCC3,0.000499,0.000347,3e-06,2e-06,0.008555,1554
FMASC,stemness,SLC5A9,0.000309,0.000208,2e-06,2e-06,0.007324,1555
FMASC,stemness,PRKCB,0.00171,0.001257,1.2e-05,2e-06,0.010908,1556
FMASC,stemness,GRIA4,0.00057,0.000495,5e-06,2e-06,0.014387,1557
FMASC,stemness,ADCYAP1R1,9.5e-05,6.3e-05,1e-06,2e-06,0.009602,1558
FMASC,stemness,KRT79,0.001116,0.001162,1.1e-05,2e-06,-0.005737,1559
FMASC,stemness,VAT1L,0.000926,0.00063,6e-06,2e-06,0.008848,1560
FMASC,stemness,SEMA5A,0.002732,0.002429,2.3e-05,1e-06,0.01518,1561
FMASC,stemness,BMPER,0.000831,0.000783,7e-06,1e-06,0.020928,1562
FMASC,stemness,CDH10,0.000309,0.000363,3e-06,1e-06,0.01913,1563
FMASC,stemness,TYR,0.000119,5.1e-05,0.0,1e-06,0.005652,1564
FMASC,stemness,OLFM4,0.006081,0.005541,5.2e-05,1e-06,0.011768,1565
FMASC,stemness,KCNA1,0.000594,0.000426,4e-06,1e-06,0.007085,1566
FMASC,stemness,PURG,0.000356,0.000269,3e-06,1e-06,0.00684,1567
FMASC,stemness,GRM3,0.000166,0.00014,1e-06,1e-06,-0.001224,1568
FMASC,stemness,IGLL1,9.5e-05,3.7e-05,0.0,1e-06,0.003347,1569
FMASC,stemness,RAG2,0.000119,9.2e-05,1e-06,1e-06,0.004215,1570
FMASC,stemness,MUSK,7.1e-05,3.5e-05,0.0,1e-06,0.004008,1571
FMASC,stemness,LRRTM4,0.000333,0.000213,2e-06,1e-06,0.005438,1572
FMASC,stemness,USH2A,0.000166,0.000111,1e-06,1e-06,0.006689,1573
FMASC,stemness,INSC,0.000309,0.000228,2e-06,1e-06,0.00145,1574
FMASC,stemness,CORO2B,0.000713,0.000548,5e-06,1e-06,0.009433,1575
FMASC,stemness,TMEM207,0.000166,5.5e-05,1e-06,1e-06,-0.004911,1576
FMASC,stemness,AKR1B10,0.00373,0.002374,2.2e-05,1e-06,-0.010683,1577
FMASC,stemness,AIRN,9.5e-05,3.2e-05,0.0,1e-06,0.002619,1578
FMASC,stemness,GPR17,0.000214,0.0002,2e-06,1e-06,0.007112,1579
FMASC,stemness,DCLK3,9.5e-05,5.9e-05,1e-06,1e-06,-0.000237,1580
FMASC,stemness,MAGEE2,0.000285,0.000191,2e-06,1e-06,-0.003708,1581
FMASC,stemness,CYTIP,0.006604,0.006824,6.4e-05,1e-06,0.022369,1582
FMASC,stemness,SCN2B,7.1e-05,3.3e-05,0.0,0.0,-0.000408,1583
FMASC,stemness,FAM19A1,7.1e-05,2.2e-05,0.0,0.0,0.004144,1584
FMASC,stemness,NTM,0.001544,0.001435,1.4e-05,0.0,0.013312,1585
FMASC,stemness,VWC2,0.003064,0.002127,2e-05,0.0,-0.011832,1586
FMASC,stemness,MMD2,0.00019,0.000139,1e-06,0.0,0.008546,1587
FMASC,stemness,AMPH,0.003682,0.0026,2.4e-05,0.0,-0.015352,1588
FMASC,stemness,ADIPOQ,0.000166,0.000111,1e-06,0.0,-0.009161,1589
FMASC,stemness,NEFL,0.000523,0.000371,3e-06,0.0,-0.002941,1590
FMASC,stemness,P2RY14,0.000523,0.000454,4e-06,-0.0,0.006804,1591
FMASC,stemness,SLC36A2,9.5e-05,7.2e-05,1e-06,-0.0,0.005962,1592
FMASC,stemness,GPD1,0.001473,0.000978,9e-06,-0.0,0.00076,1593
FMASC,stemness,CCR2,0.000404,0.000505,5e-06,-0.0,0.008073,1594
FMASC,stemness,P2RY12,0.00019,0.000122,1e-06,-0.0,0.00436,1595
FMASC,stemness,CPA3,0.000404,0.000338,3e-06,-0.0,-0.004925,1596
FMASC,stemness,TRIM10,0.000166,0.00014,1e-06,-0.0,0.000351,1597
FMASC,stemness,CBLN2,0.000143,0.000204,2e-06,-1e-06,0.008376,1598
FMASC,stemness,EPHA5,0.000238,0.000197,2e-06,-1e-06,0.005659,1599
FMASC,stemness,ANGPTL1,0.000713,0.000686,6e-06,-1e-06,0.011569,1600
FMASC,stemness,FMN2,0.000594,0.00051,5e-06,-1e-06,0.007828,1601
FMASC,stemness,DAZL,9.5e-05,8.7e-05,1e-06,-1e-06,0.004236,1602
FMASC,stemness,CDH6,0.000831,0.001007,9e-06,-1e-06,0.020188,1603
FMASC,stemness,ARL13A,7.1e-05,6.2e-05,1e-06,-1e-06,0.010401,1604
FMASC,stemness,KHDRBS2,9.5e-05,0.000127,1e-06,-1e-06,0.004844,1605
FMASC,stemness,GDPD2,0.000499,0.000296,3e-06,-1e-06,0.004634,1606
FMASC,stemness,ARG1,9.5e-05,0.00013,1e-06,-1e-06,0.012687,1607
FMASC,stemness,CLEC12A,0.001164,0.001079,1e-05,-1e-06,0.005331,1608
FMASC,stemness,CNTN6,0.000261,0.000281,3e-06,-1e-06,0.006385,1609
FMASC,stemness,GABRA1,9.5e-05,8.4e-05,1e-06,-1e-06,-0.008494,1610
FMASC,stemness,P2RX1,0.00019,0.000177,2e-06,-1e-06,0.00185,1611
FMASC,stemness,GRID2,0.000879,0.000719,7e-06,-1e-06,-0.000952,1612
FMASC,stemness,TNFRSF13B,0.000356,0.000398,4e-06,-1e-06,0.001848,1613
FMASC,stemness,KCNE4,0.006271,0.005109,4.8e-05,-1e-06,0.018453,1614
FMASC,stemness,EBF2,0.000428,0.000444,4e-06,-1e-06,0.009068,1615
FMASC,stemness,WISP1,0.001687,0.00148,1.4e-05,-2e-06,0.013336,1616
FMASC,stemness,CIDEC,0.001259,0.000905,9e-06,-2e-06,-0.001346,1617
FMASC,stemness,ATP12A,0.000428,0.000371,3e-06,-2e-06,0.007947,1618
FMASC,stemness,MYOCD,0.00019,0.000201,2e-06,-2e-06,-0.003187,1619
FMASC,stemness,SLITRK2,0.000309,0.00028,3e-06,-2e-06,0.002772,1620
FMASC,stemness,PFKFB1,0.001568,0.001019,1e-05,-2e-06,0.004883,1621
FMASC,stemness,CLEC4D,0.000166,0.000179,2e-06,-2e-06,-0.005079,1622
FMASC,stemness,NID2,0.002637,0.002497,2.4e-05,-2e-06,0.032996,1623
FMASC,stemness,FAP,0.012994,0.012796,0.000121,-2e-06,0.049304,1624
FMASC,stemness,TRAT1,0.001592,0.001696,1.6e-05,-2e-06,0.003122,1625
FMASC,stemness,SCN7A,0.00019,0.000264,2e-06,-2e-06,0.00854,1626
FMASC,stemness,MAGEB16,0.001212,0.000826,8e-06,-3e-06,-0.015521,1627
FMASC,stemness,ARHGAP6,0.001948,0.001654,1.6e-05,-3e-06,-0.001636,1628
FMASC,stemness,PCDH17,0.003587,0.003138,3e-05,-3e-06,0.01089,1629
FMASC,stemness,CLEC4E,0.000808,0.000779,7e-06,-3e-06,0.003034,1630
FMASC,stemness,CORIN,0.000689,0.000565,5e-06,-4e-06,-0.00256,1631
FMASC,stemness,GPR65,0.006461,0.006314,5.9e-05,-4e-06,0.016447,1632
FMASC,stemness,ADAMDEC1,0.001235,0.001373,1.3e-05,-4e-06,0.009458,1633
FMASC,stemness,GUCY1A2,0.001948,0.00155,1.5e-05,-5e-06,0.005943,1634
FMASC,stemness,OLFML3,0.028055,0.026508,0.00025,-5e-06,0.04321,1635
FMASC,stemness,ABCA6,0.002494,0.00279,2.6e-05,-5e-06,0.029112,1636
FMASC,stemness,SVEP1,0.001758,0.002101,2e-05,-6e-06,0.020652,1637
FMASC,stemness,PLEK,0.008029,0.007495,7.1e-05,-6e-06,0.018504,1638
FMASC,stemness,C7,0.002352,0.002924,2.8e-05,-7e-06,0.026376,1639
FMASC,stemness,OMD,0.002043,0.002312,2.2e-05,-8e-06,0.023059,1640
FMASC,stemness,COL5A2,0.019812,0.021668,0.000204,-9e-06,0.071328,1641
FMASC,stemness,DNAJC12,0.032996,0.025075,0.000236,-9e-06,-0.021475,1642
FMASC,stemness,LRRTM3,0.001473,0.001277,1.2e-05,-1e-05,0.000501,1643
FMASC,stemness,DPP4,0.006533,0.005508,5.2e-05,-1e-05,-0.004622,1644
FMASC,stemness,VGLL3,0.005606,0.005867,5.5e-05,-1.1e-05,0.029591,1645
FMASC,stemness,MAP4K1,0.009336,0.008016,7.6e-05,-1.1e-05,0.030046,1646
FMASC,stemness,OLFML1,0.001805,0.002299,2.2e-05,-1.2e-05,0.025024,1647
FMASC,stemness,FPR1,0.001758,0.00181,1.7e-05,-1.2e-05,0.005257,1648
FMASC,stemness,MEOX1,0.001425,0.001933,1.8e-05,-1.3e-05,0.016074,1649
FMASC,stemness,FGF7,0.012068,0.012807,0.000121,-1.3e-05,0.053787,1650
FMASC,stemness,LAIR1,0.006651,0.006444,6.1e-05,-1.3e-05,0.028309,1651
FMASC,stemness,MEOX2,0.001497,0.001745,1.6e-05,-1.3e-05,0.005992,1652
FMASC,stemness,CCDC69,0.006319,0.005151,4.9e-05,-1.5e-05,0.010949,1653
FMASC,stemness,PTPRC,0.013612,0.016289,0.000153,-1.5e-05,0.038564,1654
FMASC,stemness,TMEM119,0.002993,0.003508,3.3e-05,-1.6e-05,0.025464,1655
FMASC,stemness,EPYC,0.00152,0.002124,2e-05,-1.6e-05,0.01784,1656
FMASC,stemness,RGS1,0.019265,0.022247,0.00021,-1.6e-05,0.046826,1657
FMASC,stemness,ALDH3B2,0.103882,0.09652,0.000909,-1.7e-05,-0.097231,1658
FMASC,stemness,WNT2,0.002779,0.003254,3.1e-05,-1.9e-05,0.026049,1659
FMASC,stemness,EGFL6,0.005345,0.005462,5.1e-05,-2.1e-05,0.01825,1660
FMASC,stemness,MEG3,0.004537,0.005945,5.6e-05,-2.2e-05,0.026933,1661
FMASC,stemness,DHRS2,0.013897,0.015551,0.000146,-2.6e-05,0.016648,1662
FMASC,stemness,ITIH5,0.003848,0.004263,4e-05,-2.7e-05,0.012488,1663
FMASC,stemness,OGN,0.004038,0.005239,4.9e-05,-2.9e-05,0.031914,1664
FMASC,stemness,CYBB,0.006556,0.007342,6.9e-05,-3.2e-05,0.027739,1665
FMASC,stemness,LGALS12,0.004347,0.00433,4.1e-05,-3.4e-05,0.00227,1666
FMASC,stemness,ABI3BP,0.004585,0.00621,5.8e-05,-4.7e-05,0.034496,1667
FMASC,stemness,SFRP2,0.088987,0.13171,0.001241,-5e-05,0.102802,1668
FMASC,stemness,LALBA,0.003825,0.006163,5.8e-05,-5.1e-05,0.012722,1669
FMASC,stemness,MFAP4,0.022116,0.02547,0.00024,-5.5e-05,0.060866,1670
FMASC,stemness,DDC,0.007388,0.008154,7.7e-05,-5.8e-05,0.019945,1671
FMASC,stemness,OLFML2B,0.013137,0.013124,0.000124,-6.6e-05,0.023137,1672
FMASC,stemness,SPARCL1,0.057725,0.066309,0.000625,-7.9e-05,0.090082,1673
FMASC,stemness,ASPN,0.01069,0.01291,0.000122,-8.1e-05,0.043444,1674
FMASC,stemness,PLAC9,0.022591,0.025411,0.000239,-8.8e-05,0.071808,1675
FMASC,stemness,DPT,0.012757,0.016205,0.000153,-9.7e-05,0.040789,1676
FMASC,stemness,IGF1,0.011901,0.016423,0.000155,-0.000108,0.041931,1677
FMASC,stemness,CCL2,0.042664,0.056499,0.000532,-0.000166,0.034768,1678
FMASC,stemness,CTSK,0.049292,0.057256,0.000539,-0.000176,0.094831,1679
FMASC,stemness,ALAS2,0.00449,0.009261,8.7e-05,-0.000196,0.022222,1680
FMASC,stemness,CCDC80,0.034635,0.041961,0.000395,-0.000226,0.077421,1681
FMASC,stemness,SFRP4,0.020168,0.029184,0.000275,-0.000235,0.069288,1682
FMASC,stemness,HPGD,0.028744,0.043436,0.000409,-0.000383,-0.002688,1683
FMASC,stemness,PIP,0.079437,0.146794,0.001383,-0.000391,0.087578,1684
FMASC,stemness,POSTN,0.044636,0.061653,0.000581,-0.000431,0.087554,1685
FMASC,stemness,COL1A2,0.093714,0.131916,0.001242,-0.000511,0.127458,1686
FMASC,stemness,COL1A1,0.105735,0.144698,0.001363,-0.000585,0.116908,1687
FMASC,stemness,LUM,0.083713,0.124108,0.001169,-0.000668,0.126532,1688
FMASC,stemness,COL3A1,0.075304,0.111274,0.001048,-0.000689,0.112546,1689
FMASC,stemness,ACY3,0.030953,0.067461,0.000635,-0.000722,0.003621,1690
FMASC,stemness,DCN,0.087063,0.139299,0.001312,-0.00108,0.127257,1691
FMASC,stemness,APOD,0.296323,0.68099,0.006414,-0.001656,0.088488,1692
HALLMARK_IFNA,immune,CD74,0.688521,1.823462,0.058874,0.052169,0.734324,1
HALLMARK_IFNA,immune,IFITM1,0.558699,1.295416,0.041825,0.051126,0.737218,2
HALLMARK_IFNA,immune,IFITM3,0.757934,1.97672,0.063822,0.048642,0.731314,3
HALLMARK_IFNA,immune,IFI27,0.621484,1.683869,0.054367,0.046276,0.730995,4
HALLMARK_IFNA,immune,HLA-C,0.72033,1.764837,0.056981,0.04497,0.69135,5
HALLMARK_IFNA,immune,CXCL10,0.251615,0.6545,0.021132,0.044864,0.622886,6
HALLMARK_IFNA,immune,LY6E,0.692061,1.582432,0.051092,0.044259,0.582795,7
HALLMARK_IFNA,immune,B2M,0.899278,2.778546,0.089711,0.042276,0.727021,8
HALLMARK_IFNA,immune,UBE2L6,0.458048,0.802466,0.025909,0.038118,0.676146,9
HALLMARK_IFNA,immune,PSMB9,0.454342,0.853372,0.027553,0.036782,0.705277,10
HALLMARK_IFNA,immune,BST2,0.529029,1.03605,0.033451,0.033929,0.651486,11
HALLMARK_IFNA,immune,TAP1,0.371033,0.569317,0.018382,0.030568,0.646968,12
HALLMARK_IFNA,immune,ISG15,0.452252,0.74464,0.024042,0.029512,0.622056,13
HALLMARK_IFNA,immune,C1S,0.316895,0.512526,0.016548,0.028204,0.612811,14
HALLMARK_IFNA,immune,PSME2,0.627471,1.030232,0.033263,0.024587,0.508373,15
HALLMARK_IFNA,immune,LGALS3BP,0.417047,0.582165,0.018796,0.023314,0.526631,16
HALLMARK_IFNA,immune,PLSCR1,0.393292,0.533288,0.017218,0.023028,0.554708,17
HALLMARK_IFNA,immune,PSMB8,0.429708,0.57896,0.018693,0.02236,0.579273,18
HALLMARK_IFNA,immune,PSME1,0.60659,0.908699,0.029339,0.020303,0.470152,19
HALLMARK_IFNA,immune,LAP3,0.360913,0.430319,0.013894,0.019078,0.48202,20
HALLMARK_IFNA,immune,CXCL11,0.132578,0.207916,0.006713,0.018412,0.533535,21
HALLMARK_IFNA,immune,CD47,0.467099,0.61504,0.019858,0.017346,0.338452,22
HALLMARK_IFNA,immune,ISG20,0.293021,0.342265,0.011051,0.016452,0.491661,23
HALLMARK_IFNA,immune,GBP2,0.223774,0.252393,0.008149,0.015185,0.522819,24
HALLMARK_IFNA,immune,IRF1,0.310576,0.371549,0.011996,0.014471,0.442199,25
HALLMARK_IFNA,immune,GBP4,0.147829,0.167678,0.005414,0.010877,0.49972,26
HALLMARK_IFNA,immune,PSMA3,0.463583,0.524736,0.016942,0.010545,0.260587,27
HALLMARK_IFNA,immune,IFIT3,0.126497,0.134627,0.004347,0.01048,0.464678,28
HALLMARK_IFNA,immune,IFI35,0.18073,0.158599,0.005121,0.008673,0.433045,29
HALLMARK_IFNA,immune,OAS1,0.149302,0.137904,0.004453,0.008504,0.422588,30
HALLMARK_IFNA,immune,IFIT2,0.092123,0.109025,0.00352,0.008418,0.366758,31
HALLMARK_IFNA,immune,IFI44L,0.206908,0.203557,0.006572,0.008404,0.425266,32
HALLMARK_IFNA,immune,PARP12,0.179043,0.148678,0.0048,0.007529,0.382534,33
HALLMARK_IFNA,immune,MX1,0.251639,0.260917,0.008424,0.007432,0.335131,34
HALLMARK_IFNA,immune,NMI,0.198546,0.162691,0.005253,0.006891,0.361111,35
HALLMARK_IFNA,immune,RIPK2,0.264253,0.236967,0.007651,0.006773,0.225167,36
HALLMARK_IFNA,immune,RTP4,0.141985,0.118479,0.003825,0.006717,0.392159,37
HALLMARK_IFNA,immune,PARP14,0.189305,0.169776,0.005482,0.006664,0.372816,38
HALLMARK_IFNA,immune,PARP9,0.186122,0.147371,0.004758,0.006236,0.362082,39
HALLMARK_IFNA,immune,IFIH1,0.122577,0.100758,0.003253,0.005647,0.352414,40
HALLMARK_IFNA,immune,NUB1,0.250665,0.209188,0.006754,0.005378,0.225715,41
HALLMARK_IFNA,immune,EIF2AK2,0.294707,0.255367,0.008245,0.00472,0.194581,42
HALLMARK_IFNA,immune,NCOA7,0.303782,0.290048,0.009365,0.004511,0.150967,43
HALLMARK_IFNA,immune,SP110,0.121769,0.08913,0.002878,0.004272,0.282759,44
HALLMARK_IFNA,immune,OASL,0.059055,0.054379,0.001756,0.004203,0.307909,45
HALLMARK_IFNA,immune,BATF2,0.073594,0.056425,0.001822,0.004189,0.359796,46
HALLMARK_IFNA,immune,ADAR,0.329675,0.303271,0.009792,0.004039,0.158019,47
HALLMARK_IFNA,immune,IFI44,0.142151,0.113498,0.003665,0.00362,0.28197,48
HALLMARK_IFNA,immune,CMPK2,0.082526,0.06742,0.002177,0.003616,0.307414,49
HALLMARK_IFNA,immune,MVB12A,0.284611,0.23717,0.007658,0.003235,0.127915,50
HALLMARK_IFNA,immune,IFITM2,0.2395,0.29049,0.009379,0.002794,0.203191,51
HALLMARK_IFNA,immune,LAMP3,0.063379,0.047843,0.001545,0.002652,0.246239,52
HALLMARK_IFNA,immune,RSAD2,0.052523,0.045686,0.001475,0.002615,0.243088,53
HALLMARK_IFNA,immune,SAMD9L,0.065564,0.047115,0.001521,0.00253,0.259855,54
HALLMARK_IFNA,immune,IRF7,0.145525,0.125337,0.004047,0.002525,0.196276,55
HALLMARK_IFNA,immune,CNP,0.166477,0.120212,0.003881,0.002483,0.117224,56
HALLMARK_IFNA,immune,TRIM21,0.060196,0.040926,0.001321,0.002199,0.242304,57
HALLMARK_IFNA,immune,USP18,0.093216,0.068253,0.002204,0.002006,0.172284,58
HALLMARK_IFNA,immune,OGFR,0.17662,0.122448,0.003953,0.002001,0.092533,59
HALLMARK_IFNA,immune,CASP8,0.087277,0.057479,0.001856,0.001908,0.156555,60
HALLMARK_IFNA,immune,ELF1,0.15954,0.112909,0.003646,0.001854,0.115805,61
HALLMARK_IFNA,immune,TXNIP,0.170895,0.156575,0.005055,0.001815,0.101147,62
HALLMARK_IFNA,immune,SAMD9,0.046655,0.034491,0.001114,0.001441,0.188557,63
HALLMARK_IFNA,immune,IRF2,0.132245,0.091717,0.002961,0.001425,0.092935,64
HALLMARK_IFNA,immune,DDX60,0.058295,0.041456,0.001338,0.00135,0.186106,65
HALLMARK_IFNA,immune,TRIM14,0.07319,0.046865,0.001513,0.001276,0.124502,66
HALLMARK_IFNA,immune,CASP1,0.068344,0.049269,0.001591,0.001256,0.170855,67
HALLMARK_IFNA,immune,TMEM140,0.036987,0.025811,0.000833,0.001251,0.177105,68
HALLMARK_IFNA,immune,TRAFD1,0.08578,0.059377,0.001917,0.001136,0.106909,69
HALLMARK_IFNA,immune,PROCR,0.042237,0.028733,0.000928,0.001093,0.135676,70
HALLMARK_IFNA,immune,IFI30,0.04991,0.034045,0.001099,0.000979,0.14208,71
HALLMARK_IFNA,immune,IL4R,0.054423,0.032265,0.001042,0.000974,0.1065,72
HALLMARK_IFNA,immune,HERC6,0.048009,0.033705,0.001088,0.000959,0.14769,73
HALLMARK_IFNA,immune,GMPR,0.116662,0.090461,0.002921,0.000954,0.004758,74
HALLMARK_IFNA,immune,TRIM26,0.116733,0.08275,0.002672,0.000894,0.077382,75
HALLMARK_IFNA,immune,IL15,0.045895,0.029497,0.000952,0.000891,0.14662,76
HALLMARK_IFNA,immune,CSF1,0.043757,0.027941,0.000902,0.000877,0.128617,77
HALLMARK_IFNA,immune,HELZ2,0.060386,0.038279,0.001236,0.000868,0.073258,78
HALLMARK_IFNA,immune,TENT5A,0.126164,0.087588,0.002828,0.000754,0.01438,79
HALLMARK_IFNA,immune,STAT2,0.075209,0.054737,0.001767,0.000724,0.084504,80
HALLMARK_IFNA,immune,MOV10,0.069769,0.045151,0.001458,0.000712,0.078977,81
HALLMARK_IFNA,immune,PNPT1,0.160894,0.117415,0.003791,0.000669,0.02859,82
HALLMARK_IFNA,immune,TDRD7,0.028673,0.017726,0.000572,0.000655,0.102954,83
HALLMARK_IFNA,immune,TRIM5,0.058984,0.039586,0.001278,0.000543,0.086938,84
HALLMARK_IFNA,immune,TRIM25,0.076064,0.047409,0.001531,0.000543,0.045341,85
HALLMARK_IFNA,immune,EPSTI1,0.034065,0.031995,0.001033,0.00051,0.114426,86
HALLMARK_IFNA,immune,UBA7,0.025632,0.017052,0.000551,0.000473,0.107352,87
HALLMARK_IFNA,immune,IRF9,0.044399,0.02744,0.000886,0.000454,0.081148,88
HALLMARK_IFNA,immune,SLC25A28,0.0334,0.018257,0.000589,0.0004,0.057786,89
HALLMARK_IFNA,immune,IL7,0.013493,0.00783,0.000253,0.000385,0.113792,90
HALLMARK_IFNA,immune,DHX58,0.017341,0.010618,0.000343,0.000273,0.072101,91
HALLMARK_IFNA,immune,CMTR1,0.051596,0.032037,0.001034,0.000146,-0.007096,92
HALLMARK_IFNA,immune,RNF31,0.028744,0.01657,0.000535,9.3e-05,-0.003025,93
HALLMARK_IFNA,immune,SELL,0.005773,0.004838,0.000156,-5e-06,0.002996,94
HALLMARK_IFNA,immune,CCRL2,0.002661,0.002427,7.8e-05,-2.7e-05,-0.002994,95
HALLMARK_IFNA,immune,LPAR6,0.038222,0.022927,0.00074,-0.000113,-0.051711,96
HALLMARK_IFNG,immune,HLA-B,0.718144,1.95215,0.041641,0.041829,0.797996,1
HALLMARK_IFNG,immune,HLA-A,0.643695,1.485045,0.031678,0.036568,0.73029,2
HALLMARK_IFNG,immune,CD74,0.688521,1.823462,0.038896,0.03631,0.751452,3
HALLMARK_IFNG,immune,IFITM3,0.757934,1.97672,0.042166,0.032061,0.703812,4
HALLMARK_IFNG,immune,CXCL10,0.251615,0.6545,0.013961,0.031282,0.628785,5
HALLMARK_IFNG,immune,HLA-DRB1,0.381651,0.811951,0.01732,0.03073,0.684936,6
HALLMARK_IFNG,immune,IFI27,0.621484,1.683869,0.035919,0.030495,0.703097,7
HALLMARK_IFNG,immune,LY6E,0.692061,1.582432,0.033755,0.030079,0.576537,8
HALLMARK_IFNG,immune,B2M,0.899278,2.778546,0.059269,0.029018,0.726201,9
HALLMARK_IFNG,immune,SERPING1,0.314614,0.616206,0.013144,0.027623,0.632556,10
HALLMARK_IFNG,immune,UBE2L6,0.458048,0.802466,0.017117,0.026058,0.676215,11
HALLMARK_IFNG,immune,PSMB9,0.454342,0.853372,0.018203,0.024976,0.702646,12
HALLMARK_IFNG,immune,BST2,0.529029,1.03605,0.0221,0.023061,0.643833,13
HALLMARK_IFNG,immune,IDO1,0.208642,0.408131,0.008706,0.02193,0.636633,14
HALLMARK_IFNG,immune,TAP1,0.371033,0.569317,0.012144,0.021295,0.658115,15
HALLMARK_IFNG,immune,ISG15,0.452252,0.74464,0.015884,0.019761,0.606534,16
HALLMARK_IFNG,immune,C1S,0.316895,0.512526,0.010933,0.019742,0.629565,17
HALLMARK_IFNG,immune,HLA-DQA1,0.23425,0.370213,0.007897,0.017143,0.614413,18
HALLMARK_IFNG,immune,PSME2,0.627471,1.030232,0.021976,0.016588,0.496352,19
HALLMARK_IFNG,immune,LGALS3BP,0.417047,0.582165,0.012418,0.015963,0.519656,20
HALLMARK_IFNG,immune,PLSCR1,0.393292,0.533288,0.011376,0.015819,0.559307,21
HALLMARK_IFNG,immune,PSMB8,0.429708,0.57896,0.01235,0.015274,0.582287,22
HALLMARK_IFNG,immune,HLA-DMA,0.296798,0.384795,0.008208,0.014019,0.573263,23
HALLMARK_IFNG,immune,PSME1,0.60659,0.908699,0.019383,0.013683,0.459454,24
HALLMARK_IFNG,immune,ICAM1,0.232255,0.297563,0.006347,0.013503,0.552262,25
HALLMARK_IFNG,immune,TNFSF10,0.325922,0.445196,0.009496,0.013239,0.503811,26
HALLMARK_IFNG,immune,LAP3,0.360913,0.430319,0.009179,0.013068,0.481275,27
HALLMARK_IFNG,immune,CXCL11,0.132578,0.207916,0.004435,0.01302,0.536815,28
HALLMARK_IFNG,immune,SOD2,0.397354,0.490949,0.010472,0.011862,0.424143,29
HALLMARK_IFNG,immune,PSMB10,0.340412,0.401363,0.008561,0.011672,0.490014,30
HALLMARK_IFNG,immune,CXCL9,0.130226,0.202739,0.004325,0.01149,0.509306,31
HALLMARK_IFNG,immune,ISG20,0.293021,0.342265,0.007301,0.011361,0.488487,32
HALLMARK_IFNG,immune,STAT1,0.397948,0.476675,0.010168,0.01044,0.485398,33
HALLMARK_IFNG,immune,VAMP8,0.613407,0.976213,0.020824,0.010322,0.359691,34
HALLMARK_IFNG,immune,IRF1,0.310576,0.371549,0.007926,0.010106,0.454278,35
HALLMARK_IFNG,immune,NFKBIA,0.449164,0.572232,0.012206,0.007591,0.246405,36
HALLMARK_IFNG,immune,GBP4,0.147829,0.167678,0.003577,0.007525,0.499587,37
HALLMARK_IFNG,immune,PSMA3,0.463583,0.524736,0.011193,0.007226,0.261687,38
HALLMARK_IFNG,immune,IFIT3,0.126497,0.134627,0.002872,0.007215,0.459322,39
HALLMARK_IFNG,immune,SRI,0.551834,0.714629,0.015244,0.006933,0.250216,40
HALLMARK_IFNG,immune,IL15RA,0.151915,0.141863,0.003026,0.00659,0.467027,41
HALLMARK_IFNG,immune,PSMB2,0.594546,0.83318,0.017773,0.006136,0.200116,42
HALLMARK_IFNG,immune,TAPBP,0.363265,0.35985,0.007676,0.00607,0.34811,43
HALLMARK_IFNG,immune,MVP,0.199021,0.175235,0.003738,0.006041,0.423957,44
HALLMARK_IFNG,immune,IFI35,0.18073,0.158599,0.003383,0.005939,0.430832,45
HALLMARK_IFNG,immune,CFB,0.202038,0.213912,0.004563,0.005829,0.409951,46
HALLMARK_IFNG,immune,IFIT2,0.092123,0.109025,0.002326,0.005803,0.362408,47
HALLMARK_IFNG,immune,IFI44L,0.206908,0.203557,0.004342,0.005581,0.4175,48
HALLMARK_IFNG,immune,CDKN1A,0.323665,0.372672,0.007949,0.005324,0.205646,49
HALLMARK_IFNG,immune,PARP12,0.179043,0.148678,0.003171,0.005238,0.38786,50
HALLMARK_IFNG,immune,PFKP,0.229523,0.205197,0.004377,0.005082,0.287436,51
HALLMARK_IFNG,immune,RIPK2,0.264253,0.236967,0.005055,0.004863,0.24571,52
HALLMARK_IFNG,immune,MX1,0.251639,0.260917,0.005566,0.004726,0.322663,53
HALLMARK_IFNG,immune,NMI,0.198546,0.162691,0.00347,0.004695,0.365116,54
HALLMARK_IFNG,immune,HIF1A,0.298223,0.272276,0.005808,0.004633,0.221036,55
HALLMARK_IFNG,immune,C1R,0.152128,0.131926,0.002814,0.004622,0.383469,56
HALLMARK_IFNG,immune,PARP14,0.189305,0.169776,0.003621,0.004618,0.377099,57
HALLMARK_IFNG,immune,RTP4,0.141985,0.118479,0.002527,0.004601,0.394914,58
HALLMARK_IFNG,immune,TNFAIP2,0.132958,0.11318,0.002414,0.004276,0.34378,59
HALLMARK_IFNG,immune,MT2A,0.667593,1.271666,0.027126,0.00425,0.13321,60
HALLMARK_IFNG,immune,SSPN,0.187548,0.179557,0.00383,0.004181,0.34704,61
HALLMARK_IFNG,immune,APOL6,0.158352,0.127059,0.00271,0.004058,0.381089,62
HALLMARK_IFNG,immune,MYD88,0.16422,0.125806,0.002684,0.003998,0.305449,63
HALLMARK_IFNG,immune,IFIH1,0.122577,0.100758,0.002149,0.003912,0.357626,64
HALLMARK_IFNG,immune,RNF213,0.285752,0.266622,0.005687,0.003648,0.240432,65
HALLMARK_IFNG,immune,BTG1,0.483039,0.616254,0.013145,0.003438,0.073098,66
HALLMARK_IFNG,immune,IL18BP,0.090365,0.071511,0.001525,0.003386,0.367866,67
HALLMARK_IFNG,immune,OAS3,0.109725,0.082233,0.001754,0.003347,0.331145,68
HALLMARK_IFNG,immune,EIF2AK2,0.294707,0.255367,0.005447,0.003115,0.195473,69
HALLMARK_IFNG,immune,SP110,0.121769,0.08913,0.001901,0.002983,0.281596,70
HALLMARK_IFNG,immune,NAMPT,0.358181,0.342495,0.007306,0.002957,0.132208,71
HALLMARK_IFNG,immune,OASL,0.059055,0.054379,0.00116,0.00294,0.308581,72
HALLMARK_IFNG,immune,RBCK1,0.357801,0.358353,0.007644,0.002936,0.200935,73
HALLMARK_IFNG,immune,BATF2,0.073594,0.056425,0.001204,0.002935,0.36176,74
HALLMARK_IFNG,immune,ADAR,0.329675,0.303271,0.006469,0.002772,0.164781,75
HALLMARK_IFNG,immune,OAS2,0.088702,0.068162,0.001454,0.002678,0.321903,76
HALLMARK_IFNG,immune,PML,0.140085,0.103757,0.002213,0.00263,0.271602,77
HALLMARK_IFNG,immune,CMPK2,0.082526,0.06742,0.001438,0.002388,0.298901,78
HALLMARK_IFNG,immune,SECTM1,0.091434,0.067974,0.00145,0.002373,0.242822,79
HALLMARK_IFNG,immune,CFH,0.056941,0.050934,0.001086,0.002355,0.304321,80
HALLMARK_IFNG,immune,IFI44,0.142151,0.113498,0.002421,0.002355,0.276551,81
HALLMARK_IFNG,immune,UPP1,0.138588,0.11379,0.002427,0.002117,0.148515,82
HALLMARK_IFNG,immune,IFIT1,0.067322,0.060948,0.0013,0.002059,0.217382,83
HALLMARK_IFNG,immune,SAMHD1,0.117042,0.088902,0.001896,0.002057,0.220166,84
HALLMARK_IFNG,immune,XAF1,0.103905,0.082913,0.001769,0.002014,0.285477,85
HALLMARK_IFNG,immune,CASP4,0.117398,0.082862,0.001768,0.00198,0.227227,86
HALLMARK_IFNG,immune,PNP,0.190208,0.155231,0.003311,0.001978,0.164927,87
HALLMARK_IFNG,immune,STAT3,0.284991,0.245554,0.005238,0.001976,0.136424,88
HALLMARK_IFNG,immune,ZBP1,0.046109,0.033917,0.000723,0.00196,0.289237,89
HALLMARK_IFNG,immune,SOCS3,0.195007,0.175918,0.003753,0.001943,0.110734,90
HALLMARK_IFNG,immune,ZNFX1,0.112315,0.076017,0.001622,0.001852,0.19224,91
HALLMARK_IFNG,immune,SPPL2A,0.202585,0.150835,0.003217,0.001814,0.105382,92
HALLMARK_IFNG,immune,SAMD9L,0.065564,0.047115,0.001005,0.001775,0.26457,93
HALLMARK_IFNG,immune,RSAD2,0.052523,0.045686,0.000975,0.00175,0.23563,94
HALLMARK_IFNG,immune,IFITM2,0.2395,0.29049,0.006196,0.001718,0.206787,95
HALLMARK_IFNG,immune,ARID5B,0.198712,0.159732,0.003407,0.001683,0.117607,96
HALLMARK_IFNG,immune,IRF7,0.145525,0.125337,0.002674,0.001671,0.200584,97
HALLMARK_IFNG,immune,TRIM21,0.060196,0.040926,0.000873,0.0015,0.242731,98
HALLMARK_IFNG,immune,FAS,0.058747,0.039004,0.000832,0.001483,0.236925,99
HALLMARK_IFNG,immune,NLRC5,0.074781,0.05149,0.001098,0.001483,0.225187,100
HALLMARK_IFNG,immune,OGFR,0.17662,0.122448,0.002612,0.001405,0.09826,101
HALLMARK_IFNG,immune,CASP8,0.087277,0.057479,0.001226,0.001343,0.160538,102
HALLMARK_IFNG,immune,USP18,0.093216,0.068253,0.001456,0.001313,0.170739,103
HALLMARK_IFNG,immune,JAK2,0.058604,0.040714,0.000868,0.001312,0.171415,104
HALLMARK_IFNG,immune,NUP93,0.142935,0.10487,0.002237,0.001283,0.140324,105
HALLMARK_IFNG,immune,CD38,0.036203,0.026988,0.000576,0.001251,0.172948,106
HALLMARK_IFNG,immune,TXNIP,0.170895,0.156575,0.00334,0.001215,0.102323,107
HALLMARK_IFNG,immune,CCL5,0.0563,0.081936,0.001748,0.001202,0.129227,108
HALLMARK_IFNG,immune,SOCS1,0.098489,0.07177,0.001531,0.001126,0.114892,109
HALLMARK_IFNG,immune,CD274,0.02195,0.016125,0.000344,0.000995,0.204637,110
HALLMARK_IFNG,immune,CIITA,0.042023,0.029542,0.00063,0.000994,0.20545,111
HALLMARK_IFNG,immune,BPGM,0.136212,0.10261,0.002189,0.000986,0.088581,112
HALLMARK_IFNG,immune,LYSMD2,0.11279,0.071704,0.00153,0.000976,0.093005,113
HALLMARK_IFNG,immune,IRF2,0.132245,0.091717,0.001956,0.000969,0.097862,114
HALLMARK_IFNG,immune,PTPN2,0.213013,0.15808,0.003372,0.000967,0.075855,115
HALLMARK_IFNG,immune,TRIM14,0.07319,0.046865,0.001,0.000876,0.127045,116
HALLMARK_IFNG,immune,DDX60,0.058295,0.041456,0.000884,0.000876,0.181406,117
HALLMARK_IFNG,immune,CASP1,0.068344,0.049269,0.001051,0.000857,0.176918,118
HALLMARK_IFNG,immune,TNFAIP3,0.08129,0.069817,0.001489,0.000832,0.103652,119
HALLMARK_IFNG,immune,PTPN6,0.080887,0.055176,0.001177,0.000825,0.144463,120
HALLMARK_IFNG,immune,PDE4B,0.092004,0.06908,0.001474,0.000824,0.080319,121
HALLMARK_IFNG,immune,TRAFD1,0.08578,0.059377,0.001267,0.000798,0.111308,122
HALLMARK_IFNG,immune,IL4R,0.054423,0.032265,0.000688,0.000703,0.1149,123
HALLMARK_IFNG,immune,IFI30,0.04991,0.034045,0.000726,0.000697,0.147619,124
HALLMARK_IFNG,immune,HLA-G,0.02157,0.013766,0.000294,0.000684,0.176375,125
HALLMARK_IFNG,immune,CASP3,0.108086,0.07423,0.001583,0.000671,0.083393,126
HALLMARK_IFNG,immune,TNFAIP6,0.036369,0.029788,0.000635,0.000667,0.103101,127
HALLMARK_IFNG,immune,IL15,0.045895,0.029497,0.000629,0.000631,0.152828,128
HALLMARK_IFNG,immune,TRIM26,0.116733,0.08275,0.001765,0.000629,0.085038,129
HALLMARK_IFNG,immune,HERC6,0.048009,0.033705,0.000719,0.000624,0.145606,130
HALLMARK_IFNG,immune,HELZ2,0.060386,0.038279,0.000817,0.000602,0.074839,131
HALLMARK_IFNG,immune,GCH1,0.055112,0.03761,0.000802,0.000586,0.099446,132
HALLMARK_IFNG,immune,PTPN1,0.138184,0.092208,0.001967,0.000569,0.032723,133
HALLMARK_IFNG,immune,TOR1B,0.067465,0.038972,0.000831,0.000561,0.054017,134
HALLMARK_IFNG,immune,CASP7,0.091339,0.067313,0.001436,0.000531,0.09858,135
HALLMARK_IFNG,immune,STAT2,0.075209,0.054737,0.001168,0.000497,0.090046,136
HALLMARK_IFNG,immune,IRF8,0.025204,0.019335,0.000412,0.000497,0.148321,137
HALLMARK_IFNG,immune,IL6,0.021902,0.016617,0.000354,0.000479,0.108305,138
HALLMARK_IFNG,immune,MX2,0.03903,0.027389,0.000584,0.000475,0.089825,139
HALLMARK_IFNG,immune,TDRD7,0.028673,0.017726,0.000378,0.000448,0.103613,140
HALLMARK_IFNG,immune,VCAM1,0.022734,0.022569,0.000481,0.000428,0.118786,141
HALLMARK_IFNG,immune,PNPT1,0.160894,0.117415,0.002505,0.000412,0.032013,142
HALLMARK_IFNG,immune,TRIM25,0.076064,0.047409,0.001011,0.000367,0.050409,143
HALLMARK_IFNG,immune,NFKB1,0.067892,0.04027,0.000859,0.00034,0.049687,144
HALLMARK_IFNG,immune,EPSTI1,0.034065,0.031995,0.000682,0.000299,0.111153,145
HALLMARK_IFNG,immune,IRF9,0.044399,0.02744,0.000585,0.000295,0.081103,146
HALLMARK_IFNG,immune,SLC25A28,0.0334,0.018257,0.000389,0.000278,0.061259,147
HALLMARK_IFNG,immune,IL7,0.013493,0.00783,0.000167,0.000268,0.117666,148
HALLMARK_IFNG,immune,CCL2,0.042664,0.056499,0.001205,0.000212,0.058647,149
HALLMARK_IFNG,immune,IRF5,0.027105,0.016533,0.000353,0.000212,0.05838,150
HALLMARK_IFNG,immune,PSMA2,0.040764,0.02523,0.000538,0.000204,0.042008,151
HALLMARK_IFNG,immune,GBP6,0.004965,0.003485,7.4e-05,0.000192,0.092116,152
HALLMARK_IFNG,immune,DHX58,0.017341,0.010618,0.000226,0.000182,0.073293,153
HALLMARK_IFNG,immune,PIM1,0.076943,0.061059,0.001302,0.00018,0.00742,154
HALLMARK_IFNG,immune,PLA2G4A,0.0167,0.011961,0.000255,0.000158,0.06398,155
HALLMARK_IFNG,immune,MTHFD2,0.388635,0.42424,0.009049,0.000131,0.032484,156
HALLMARK_IFNG,immune,LATS2,0.037462,0.022604,0.000482,0.000108,0.019575,157
HALLMARK_IFNG,immune,CMTR1,0.051596,0.032037,0.000683,0.000101,-0.002908,158
HALLMARK_IFNG,immune,NOD1,0.026606,0.015336,0.000327,8.9e-05,0.003315,159
HALLMARK_IFNG,immune,EIF4E3,0.037414,0.020436,0.000436,8.2e-05,-0.015816,160
HALLMARK_IFNG,immune,NCOA3,0.076919,0.049005,0.001045,8.2e-05,0.012753,161
HALLMARK_IFNG,immune,CCL7,0.001877,0.002181,4.7e-05,7.8e-05,0.037674,162
HALLMARK_IFNG,immune,RNF31,0.028744,0.01657,0.000353,6.6e-05,0.001003,163
HALLMARK_IFNG,immune,CD69,0.008409,0.01052,0.000224,6.2e-05,0.031008,164
HALLMARK_IFNG,immune,GZMA,0.004585,0.005675,0.000121,4.9e-05,0.031599,165
HALLMARK_IFNG,immune,CSF2RB,0.00354,0.002617,5.6e-05,4.2e-05,0.033611,166
HALLMARK_IFNG,immune,IL2RB,0.003777,0.003726,7.9e-05,3.8e-05,0.032028,167
HALLMARK_IFNG,immune,LCP2,0.007245,0.006627,0.000141,3.8e-05,0.025249,168
HALLMARK_IFNG,immune,IL10RA,0.006129,0.005259,0.000112,3.2e-05,0.026714,169
HALLMARK_IFNG,immune,SLAMF7,0.004157,0.002813,6e-05,1.6e-05,0.01178,170
HALLMARK_IFNG,immune,STAT4,0.003183,0.003149,6.7e-05,1.2e-05,0.023036,171
HALLMARK_IFNG,immune,ITGB7,0.004775,0.003563,7.6e-05,1.1e-05,0.009608,172
HALLMARK_IFNG,immune,FPR1,0.001758,0.00181,3.9e-05,4e-06,0.018362,173
HALLMARK_IFNG,immune,CMKLR1,0.001164,0.001,2.1e-05,4e-06,0.015714,174
HALLMARK_IFNG,immune,GPR18,0.000428,0.000284,6e-06,3e-06,0.014088,175
HALLMARK_IFNG,immune,P2RY14,0.000523,0.000454,1e-05,3e-06,0.003914,176
HALLMARK_IFNG,immune,IFNAR2,0.047748,0.025859,0.000552,1e-06,-0.057767,177
HALLMARK_IFNG,immune,KLRK1,0.000594,0.000398,8e-06,1e-06,0.003586,178
HALLMARK_IFNG,immune,METTL7B,0.01183,0.007701,0.000164,1e-06,0.013738,179
HALLMARK_IFNG,immune,FCGR1A,0.004466,0.004261,9.1e-05,1e-06,0.004013,180
HALLMARK_IFNG,immune,IRF4,0.002708,0.001656,3.5e-05,-2e-06,-0.018605,181
HALLMARK_IFNG,immune,BANK1,0.001188,0.000977,2.1e-05,-9e-06,-0.010383,182
HALLMARK_IFNG,immune,SELP,0.001188,0.001431,3.1e-05,-1.1e-05,-0.003554,183
HALLMARK_IFNG,immune,FGL2,0.006295,0.006413,0.000137,-1.2e-05,-0.003243,184
HALLMARK_IFNG,immune,CD86,0.004086,0.003773,8e-05,-1.4e-05,0.00088,185
HALLMARK_IFNG,immune,ST8SIA4,0.00487,0.00477,0.000102,-1.9e-05,0.005665,186
HALLMARK_IFNG,immune,XCL1,0.005796,0.006317,0.000135,-2e-05,-0.000615,187
HALLMARK_IFNG,immune,CD40,0.070007,0.049062,0.001047,-2.1e-05,-0.021376,188
HALLMARK_IFNG,immune,PTGS2,0.009383,0.007728,0.000165,-4.2e-05,-0.009624,189
HALLMARK_IFNG,immune,RIPK1,0.063545,0.040263,0.000859,-5.1e-05,-0.026035,190
HALLMARK_IFNG,immune,RAPGEF6,0.037438,0.024197,0.000516,-8.9e-05,-0.029407,191
HALLMARK_IFNG,immune,ST3GAL5,0.01613,0.008217,0.000175,-0.000109,-0.093122,192
HALLMARK_IFNG,immune,VAMP5,0.068843,0.071578,0.001527,-0.000215,0.028128,193
HALLMARK_IFNG,immune,ISOC1,0.132744,0.098391,0.002099,-0.000222,-0.014958,194
HALLMARK_IFNG,immune,AUTS2,0.113621,0.073319,0.001564,-0.000283,-0.079819,195
HALLMARK_IFNG,immune,ARL4A,0.23349,0.201478,0.004298,-0.000284,-0.023451,196
HALLMARK_IFNG,immune,PELI1,0.155169,0.118009,0.002517,-0.00045,-0.064791,197
IMMUNOGENIC_CONSENSUS,immune,HLA-B,0.718144,1.95215,0.112849,0.101618,0.857289,1
IMMUNOGENIC_CONSENSUS,immune,CD74,0.688521,1.823462,0.105409,0.093493,0.844615,2
IMMUNOGENIC_CONSENSUS,immune,HLA-A,0.643695,1.485045,0.085846,0.087615,0.781783,3
IMMUNOGENIC_CONSENSUS,immune,HLA-DRA,0.439994,0.97695,0.056475,0.081739,0.765398,4
IMMUNOGENIC_CONSENSUS,immune,HLA-DRB1,0.381651,0.811951,0.046937,0.076109,0.750359,5
IMMUNOGENIC_CONSENSUS,immune,HLA-C,0.72033,1.764837,0.10202,0.075878,0.762828,6
IMMUNOGENIC_CONSENSUS,immune,B2M,0.899278,2.778546,0.16062,0.072753,0.827583,7
IMMUNOGENIC_CONSENSUS,immune,HLA-DPA1,0.374691,0.670064,0.038735,0.060276,0.7191,8
IMMUNOGENIC_CONSENSUS,immune,HLA-DQB1,0.27385,0.494787,0.028602,0.055664,0.688616,9
IMMUNOGENIC_CONSENSUS,immune,HLA-DPB1,0.322739,0.54677,0.031607,0.053622,0.68993,10
IMMUNOGENIC_CONSENSUS,immune,TAP1,0.371033,0.569317,0.032911,0.047555,0.65424,11
IMMUNOGENIC_CONSENSUS,immune,HLA-DQA1,0.23425,0.370213,0.021401,0.042252,0.659095,12
IMMUNOGENIC_CONSENSUS,immune,PSME2,0.627471,1.030232,0.059555,0.035991,0.490237,13
IMMUNOGENIC_CONSENSUS,immune,HLA-DMA,0.296798,0.384795,0.022244,0.035332,0.623534,14
IMMUNOGENIC_CONSENSUS,immune,PSME1,0.60659,0.908699,0.052529,0.030144,0.464094,15
IMMUNOGENIC_CONSENSUS,immune,HLA-DQA2,0.122411,0.125069,0.00723,0.015201,0.47033,16
IMMUNOGENIC_CONSENSUS,immune,TAPBP,0.363265,0.35985,0.020802,0.014365,0.363989,17
IMMUNOGENIC_CONSENSUS,immune,HLA-DMB,0.1064,0.083358,0.004819,0.009211,0.419441,18
IMMUNOGENIC_CONSENSUS,immune,TAP2,0.079176,0.055214,0.003192,0.004895,0.291223,19
IMMUNOGENIC_CONSENSUS,immune,CIITA,0.042023,0.029542,0.001708,0.00217,0.198803,20
IMMUNOGENIC_CONSENSUS,immune,HLA-DOB,0.035324,0.022448,0.001298,0.001932,0.191873,21
IMMUNOGENIC_CONSENSUS,immune,IFI30,0.04991,0.034045,0.001968,0.001659,0.156477,22
IMMUNOGENIC_CONSENSUS,immune,HLA-DOA,0.009455,0.007134,0.000412,0.000414,0.08772,23
IMMUNOGENIC_CONSENSUS,immune,CD8A,0.007127,0.006726,0.000389,0.000143,0.023484,24
IMMUNOGENIC_CONSENSUS,immune,CD8B,0.009193,0.007649,0.000442,-3.1e-05,-0.000111,25
ISDS,immune,CD74,0.688521,1.823462,0.139202,0.124911,0.74819,1
ISDS,immune,IFITM1,0.558699,1.295416,0.098891,0.118894,0.734524,2
ISDS,immune,IFI27,0.621484,1.683869,0.128545,0.117406,0.769442,3
ISDS,immune,B2M,0.899278,2.778546,0.212112,0.100223,0.739006,4
ISDS,immune,UBE2L6,0.458048,0.802466,0.06126,0.086179,0.658816,5
ISDS,immune,BST2,0.529029,1.03605,0.079091,0.082229,0.673794,6
ISDS,immune,ISG15,0.452252,0.74464,0.056845,0.071766,0.644953,7
ISDS,immune,PLSCR1,0.393292,0.533288,0.040711,0.053027,0.549968,8
ISDS,immune,ISG20,0.293021,0.342265,0.026128,0.039202,0.501515,9
ISDS,immune,IRF1,0.310576,0.371549,0.028364,0.033654,0.425872,10
ISDS,immune,IFIT3,0.126497,0.134627,0.010277,0.023886,0.462479,11
ISDS,immune,IFIT2,0.092123,0.109025,0.008323,0.019476,0.368237,12
ISDS,immune,MX1,0.251639,0.260917,0.019918,0.018837,0.337454,13
ISDS,immune,NMI,0.198546,0.162691,0.01242,0.015847,0.346541,14
ISDS,immune,RTP4,0.141985,0.118479,0.009045,0.015554,0.384891,15
ISDS,immune,PARP9,0.186122,0.147371,0.01125,0.014488,0.353189,16
ISDS,immune,IFIH1,0.122577,0.100758,0.007692,0.012922,0.339248,17
ISDS,immune,SP110,0.121769,0.08913,0.006804,0.010107,0.284775,18
ISDS,immune,OASL,0.059055,0.054379,0.004151,0.009948,0.308883,19
ISDS,immune,IFI44,0.142151,0.113498,0.008664,0.008768,0.277193,20
ISDS,immune,SAMD9L,0.065564,0.047115,0.003597,0.005866,0.249469,21
ISDS,immune,TXNIP,0.170895,0.156575,0.011953,0.005592,0.122315,22
ISDS,immune,USP18,0.093216,0.068253,0.00521,0.004947,0.16829,23
ISDS,immune,IL4R,0.054423,0.032265,0.002463,0.002285,0.101609,24
ISDS,immune,STAT2,0.075209,0.054737,0.004179,0.002039,0.08182,25
ISDS,immune,IRF9,0.044399,0.02744,0.002095,0.001229,0.080267,26
ISDS,immune,DHX58,0.017341,0.010618,0.000811,0.000718,0.069474,27
KEGG_APM,immune,HLA-B,0.718144,1.95215,0.061783,0.067466,0.835401,1
KEGG_APM,immune,CD74,0.688521,1.823462,0.05771,0.059573,0.786985,2
KEGG_APM,immune,HLA-A,0.643695,1.485045,0.047,0.058589,0.77236,3
KEGG_APM,immune,HLA-DRA,0.439994,0.97695,0.030919,0.054291,0.748284,4
KEGG_APM,immune,HLA-DRB1,0.381651,0.811951,0.025697,0.051036,0.741078,5
KEGG_APM,immune,HLA-C,0.72033,1.764837,0.055855,0.050243,0.74326,6
KEGG_APM,immune,B2M,0.899278,2.778546,0.087937,0.04763,0.783867,7
KEGG_APM,immune,HLA-DPA1,0.374691,0.670064,0.021207,0.040154,0.705612,8
KEGG_APM,immune,HLA-DQB1,0.27385,0.494787,0.015659,0.037885,0.688746,9
KEGG_APM,immune,LGMN,0.339248,0.553963,0.017532,0.037622,0.594899,10
KEGG_APM,immune,HLA-DRB5,0.289742,0.51728,0.016371,0.037479,0.681427,11
KEGG_APM,immune,HLA-DPB1,0.322739,0.54677,0.017305,0.035848,0.679922,12
KEGG_APM,immune,TAP1,0.371033,0.569317,0.018018,0.03226,0.663,13
KEGG_APM,immune,HLA-DQA1,0.23425,0.370213,0.011717,0.028377,0.652881,14
KEGG_APM,immune,HLA-E,0.505677,0.720967,0.022818,0.028224,0.61113,15
KEGG_APM,immune,HSP90AA1,0.798294,1.751545,0.055434,0.028081,0.494754,16
KEGG_APM,immune,CALR,0.71995,1.342244,0.04248,0.025388,0.485829,17
KEGG_APM,immune,HSPA5,0.545871,0.842444,0.026662,0.024875,0.491827,18
KEGG_APM,immune,HLA-DMA,0.296798,0.384795,0.012178,0.023562,0.617911,19
KEGG_APM,immune,PDIA3,0.554993,0.810632,0.025655,0.023466,0.503785,20
KEGG_APM,immune,PSME2,0.627471,1.030232,0.032605,0.023182,0.45726,21
KEGG_APM,immune,HSP90AB1,0.864001,2.074959,0.06567,0.022664,0.42449,22
KEGG_APM,immune,HLA-F,0.286963,0.341007,0.010792,0.020622,0.612384,23
KEGG_APM,immune,PSME1,0.60659,0.908699,0.028759,0.019691,0.449482,24
KEGG_APM,immune,HSPA1A,0.496199,0.757686,0.02398,0.017166,0.394433,25
KEGG_APM,immune,CTSS,0.217788,0.245326,0.007764,0.016683,0.547511,26
KEGG_APM,immune,HSPA8,0.747126,1.384243,0.043809,0.014814,0.316224,27
KEGG_APM,immune,HLA-DQA2,0.122411,0.125069,0.003958,0.010143,0.46632,28
KEGG_APM,immune,TAPBP,0.363265,0.35985,0.011389,0.009563,0.390159,29
KEGG_APM,immune,CTSB,0.497529,0.638037,0.020193,0.008675,0.27056,30
KEGG_APM,immune,HSPA1B,0.379656,0.471934,0.014936,0.00638,0.26391,31
KEGG_APM,immune,HLA-DMB,0.1064,0.083358,0.002638,0.006167,0.418606,32
KEGG_APM,immune,CANX,0.466481,0.520171,0.016463,0.005708,0.248168,33
KEGG_APM,immune,CTSL,0.225651,0.194103,0.006143,0.005102,0.237247,34
KEGG_APM,immune,TAP2,0.079176,0.055214,0.001747,0.003302,0.297335,35
KEGG_APM,immune,NFYC,0.223513,0.166936,0.005283,0.002938,0.177893,36
KEGG_APM,immune,RFXANK,0.263564,0.208131,0.006587,0.002919,0.179711,37
KEGG_APM,immune,RFX5,0.138113,0.094496,0.002991,0.002106,0.177055,38
KEGG_APM,immune,HSPA6,0.039766,0.046661,0.001477,0.001504,0.137108,39
KEGG_APM,immune,CIITA,0.042023,0.029542,0.000935,0.001388,0.19755,40
KEGG_APM,immune,HSPA4,0.223204,0.182416,0.005773,0.001319,0.133991,41
KEGG_APM,immune,HLA-DOB,0.035324,0.022448,0.00071,0.001307,0.198099,42
KEGG_APM,immune,IFI30,0.04991,0.034045,0.001077,0.001094,0.164078,43
KEGG_APM,immune,HLA-G,0.02157,0.013766,0.000436,0.001072,0.181975,44
KEGG_APM,immune,PSME3,0.193344,0.143441,0.00454,0.001031,0.104043,45
KEGG_APM,immune,CREB1,0.135666,0.091364,0.002892,0.000749,0.087146,46
KEGG_APM,immune,HSPA2,0.055682,0.036757,0.001163,0.000264,0.057116,47
KEGG_APM,immune,HLA-DOA,0.009455,0.007134,0.000226,0.000236,0.085268,48
KEGG_APM,immune,NFYB,0.108918,0.072077,0.002281,0.000147,0.04845,49
KEGG_APM,immune,CD8A,0.007127,0.006726,0.000213,6.3e-05,0.028794,50
KEGG_APM,immune,CD4,0.005107,0.00437,0.000138,3.1e-05,0.032791,51
KEGG_APM,immune,KLRC1,0.001568,0.001405,4.4e-05,3e-05,0.027084,52
KEGG_APM,immune,HSPA1L,0.003302,0.001782,5.6e-05,1.7e-05,0.013339,53
KEGG_APM,immune,KIR2DL4,0.000333,0.000206,7e-06,6e-06,0.017389,54
KEGG_APM,immune,KIR3DL2,0.000143,0.000135,4e-06,4e-06,0.011435,55
KEGG_APM,immune,KLRC3,0.000546,0.00048,1.5e-05,4e-06,0.012808,56
KEGG_APM,immune,KLRC2,0.000451,0.000376,1.2e-05,3e-06,0.013274,57
KEGG_APM,immune,LTA,0.001093,0.000721,2.3e-05,3e-06,0.011848,58
KEGG_APM,immune,KIR3DL1,9.5e-05,0.000121,4e-06,2e-06,0.008466,59
KEGG_APM,immune,KIR2DL3,7.1e-05,9.7e-05,3e-06,-0.0,0.004926,60
KEGG_APM,immune,KLRC4,0.000166,0.000156,5e-06,-1e-06,0.002682,61
KEGG_APM,immune,RFXAP,0.025964,0.015396,0.000487,-1.1e-05,0.003828,62
KEGG_APM,immune,CD8B,0.009193,0.007649,0.000242,-3.1e-05,0.005479,63
KEGG_APM,immune,NFYA,0.062357,0.043231,0.001368,-5.2e-05,0.025507,64
KEGG_APM,immune,KLRD1,0.008243,0.007032,0.000223,-5.2e-05,0.004616,65
LIM_STEM,stemness,VIM,0.658495,1.493109,0.050486,0.041829,0.404161,1
LIM_STEM,stemness,LGALS1,0.69408,1.56703,0.052986,0.036097,0.227801,2
LIM_STEM,stemness,SERPING1,0.314614,0.616206,0.020836,0.024631,0.064439,3
LIM_STEM,stemness,CRYAB,0.405502,0.676108,0.022861,0.021053,0.16787,4
LIM_STEM,stemness,FABP5,0.519717,0.90435,0.030579,0.021017,0.10706,5
LIM_STEM,stemness,GSN,0.44408,0.52648,0.017802,0.018297,0.152765,6
LIM_STEM,stemness,CALD1,0.475865,0.624792,0.021126,0.017612,0.160455,7
LIM_STEM,stemness,CALU,0.445719,0.498379,0.016852,0.01637,0.085153,8
LIM_STEM,stemness,IGFBP4,0.269194,0.319501,0.010803,0.015859,0.241416,9
LIM_STEM,stemness,ITGB1,0.430397,0.496621,0.016792,0.015669,0.144132,10
LIM_STEM,stemness,TAGLN,0.226126,0.403113,0.01363,0.0146,0.337912,11
LIM_STEM,stemness,KRT16,0.203345,0.305647,0.010335,0.01433,0.142401,12
LIM_STEM,stemness,CSRP2,0.382079,0.453766,0.015343,0.01403,0.094894,13
LIM_STEM,stemness,ICAM1,0.232255,0.297563,0.010061,0.013673,0.062552,14
LIM_STEM,stemness,IGFBP2,0.20926,0.276538,0.009351,0.013135,0.227344,15
LIM_STEM,stemness,CDKN1A,0.323665,0.372672,0.012601,0.012349,0.082528,16
LIM_STEM,stemness,SERPINH1,0.367493,0.390681,0.01321,0.012163,0.143927,17
LIM_STEM,stemness,LAMB3,0.168258,0.20569,0.006955,0.012067,0.096033,18
LIM_STEM,stemness,MYL9,0.259217,0.326302,0.011033,0.011914,0.188212,19
LIM_STEM,stemness,PDLIM4,0.271807,0.273133,0.009235,0.011251,0.144677,20
LIM_STEM,stemness,SPHK1,0.21059,0.206515,0.006983,0.010952,0.123136,21
LIM_STEM,stemness,CDH3,0.207953,0.198714,0.006719,0.010011,0.104892,22
LIM_STEM,stemness,TPM2,0.222396,0.263165,0.008898,0.009682,0.217317,23
LIM_STEM,stemness,GEM,0.170444,0.172665,0.005838,0.009323,0.156337,24
LIM_STEM,stemness,NNMT,0.251473,0.303287,0.010255,0.008968,0.109255,25
LIM_STEM,stemness,PRNP,0.255868,0.228241,0.007717,0.008858,0.133127,26
LIM_STEM,stemness,CCDC85B,0.3397,0.32881,0.011118,0.008398,0.022685,27
LIM_STEM,stemness,APOE,0.296845,0.473045,0.015995,0.008109,0.086779,28
LIM_STEM,stemness,ACTG2,0.108205,0.210829,0.007129,0.007848,0.19406,29
LIM_STEM,stemness,MYLK,0.121057,0.128557,0.004347,0.007796,0.188713,30
LIM_STEM,stemness,SBSPON,0.152295,0.139321,0.004711,0.007714,0.083122,31
LIM_STEM,stemness,ITGA6,0.225793,0.195528,0.006611,0.007507,0.087372,32
LIM_STEM,stemness,HACD1,0.144764,0.12983,0.00439,0.007326,0.160412,33
LIM_STEM,stemness,MYC,0.273779,0.294109,0.009945,0.007204,0.057951,34
LIM_STEM,stemness,ITGB4,0.200257,0.178399,0.006032,0.006601,0.055721,35
LIM_STEM,stemness,RND3,0.180468,0.166798,0.00564,0.006179,0.083036,36
LIM_STEM,stemness,TUBB6,0.184863,0.143019,0.004836,0.006026,0.100358,37
LIM_STEM,stemness,KRT5,0.211802,0.291571,0.009859,0.005861,0.060355,38
LIM_STEM,stemness,COL4A2,0.120059,0.11153,0.003771,0.005742,0.125716,39
LIM_STEM,stemness,TES,0.233158,0.203413,0.006878,0.005625,-0.000869,40
LIM_STEM,stemness,MEST,0.1708,0.195485,0.00661,0.005593,0.084251,41
LIM_STEM,stemness,COL18A1,0.133196,0.108429,0.003666,0.00555,0.137181,42
LIM_STEM,stemness,TIMP3,0.112695,0.117839,0.003984,0.00543,0.183863,43
LIM_STEM,stemness,TM7SF3,0.251069,0.209753,0.007092,0.005409,-0.013728,44
LIM_STEM,stemness,IGFBP3,0.101102,0.119925,0.004055,0.005391,0.14415,45
LIM_STEM,stemness,SYNM,0.128421,0.094659,0.003201,0.005328,0.103308,46
LIM_STEM,stemness,KRT14,0.132839,0.165258,0.005588,0.005293,0.126412,47
LIM_STEM,stemness,THBS1,0.140203,0.139642,0.004722,0.005201,0.118987,48
LIM_STEM,stemness,HTRA1,0.064876,0.066427,0.002246,0.005094,0.164082,49
LIM_STEM,stemness,MIA,0.134882,0.134848,0.00456,0.004991,0.150573,50
LIM_STEM,stemness,BMP7,0.064305,0.062103,0.0021,0.004942,0.127769,51
LIM_STEM,stemness,DST,0.207241,0.188362,0.006369,0.004781,0.09208,52
LIM_STEM,stemness,UPP1,0.138588,0.11379,0.003848,0.00472,0.083025,53
LIM_STEM,stemness,MAOB,0.121983,0.105726,0.003575,0.004695,0.150565,54
LIM_STEM,stemness,PPP1R14A,0.105521,0.099181,0.003354,0.004618,0.171216,55
LIM_STEM,stemness,GYPC,0.163008,0.161362,0.005456,0.00445,0.093746,56
LIM_STEM,stemness,RAB34,0.189377,0.14923,0.005046,0.004442,0.075997,57
LIM_STEM,stemness,SGCB,0.173104,0.125239,0.004235,0.004397,0.03674,58
LIM_STEM,stemness,PKP1,0.090983,0.075672,0.002559,0.004392,0.063054,59
LIM_STEM,stemness,CAV1,0.09236,0.095493,0.003229,0.004368,0.141737,60
LIM_STEM,stemness,GNB4,0.169874,0.132119,0.004467,0.004327,0.086744,61
LIM_STEM,stemness,CTNNAL1,0.15125,0.108352,0.003664,0.004323,0.048144,62
LIM_STEM,stemness,PLS3,0.137828,0.117223,0.003964,0.004275,0.111042,63
LIM_STEM,stemness,ACTA2,0.08445,0.105087,0.003553,0.004217,0.144707,64
LIM_STEM,stemness,ID4,0.115308,0.09635,0.003258,0.004172,0.116009,65
LIM_STEM,stemness,PLPP1,0.132602,0.092253,0.003119,0.004149,0.091629,66
LIM_STEM,stemness,SLC25A4,0.199021,0.155263,0.00525,0.004138,-0.012893,67
LIM_STEM,stemness,PDLIM7,0.144503,0.107702,0.003642,0.003933,0.091184,68
LIM_STEM,stemness,ANTXR1,0.094736,0.067387,0.002279,0.003919,0.164599,69
LIM_STEM,stemness,BAG3,0.202775,0.159096,0.005379,0.003912,-0.029964,70
LIM_STEM,stemness,MBNL1,0.210804,0.166892,0.005643,0.003824,0.028781,71
LIM_STEM,stemness,TINAGL1,0.171774,0.139494,0.004717,0.003658,0.007408,72
LIM_STEM,stemness,PPP1R18,0.129015,0.096154,0.003251,0.003555,0.050357,73
LIM_STEM,stemness,TCF7L1,0.126948,0.084223,0.002848,0.00347,0.048938,74
LIM_STEM,stemness,COL4A1,0.062144,0.061972,0.002095,0.003415,0.148553,75
LIM_STEM,stemness,MATN2,0.060766,0.045065,0.001524,0.003374,0.132832,76
LIM_STEM,stemness,FERMT2,0.110937,0.071511,0.002418,0.003354,0.056646,77
LIM_STEM,stemness,SNCA,0.06737,0.05858,0.001981,0.003298,0.129414,78
LIM_STEM,stemness,DCBLD2,0.105236,0.069973,0.002366,0.003276,0.102067,79
LIM_STEM,stemness,RBPMS,0.154694,0.12316,0.004164,0.003238,0.028312,80
LIM_STEM,stemness,LAMC1,0.087134,0.059373,0.002008,0.003218,0.078321,81
LIM_STEM,stemness,TRIM29,0.112671,0.094084,0.003181,0.003194,0.080484,82
LIM_STEM,stemness,SLC1A5,0.185362,0.143103,0.004839,0.003134,-0.022857,83
LIM_STEM,stemness,TPST1,0.088417,0.053839,0.00182,0.003092,0.109636,84
LIM_STEM,stemness,ATP2A2,0.164956,0.110666,0.003742,0.003084,-0.016718,85
LIM_STEM,stemness,CNP,0.166477,0.120212,0.004065,0.002995,-0.003627,86
LIM_STEM,stemness,PHLDA3,0.110486,0.078687,0.002661,0.002877,0.008023,87
LIM_STEM,stemness,P3H1,0.100437,0.064624,0.002185,0.002866,0.055858,88
LIM_STEM,stemness,CXCL14,0.064044,0.097991,0.003313,0.002845,0.179476,89
LIM_STEM,stemness,TMEM64,0.096636,0.064637,0.002186,0.002798,0.086045,90
LIM_STEM,stemness,NBL1,0.076112,0.050599,0.001711,0.002738,0.061445,91
LIM_STEM,stemness,SERPINF1,0.061574,0.080611,0.002726,0.002719,0.182181,92
LIM_STEM,stemness,QKI,0.116828,0.077233,0.002611,0.0027,0.059816,93
LIM_STEM,stemness,HRAS,0.165503,0.108686,0.003675,0.002674,-0.052931,94
LIM_STEM,stemness,LBH,0.110391,0.110132,0.003724,0.002666,0.096022,95
LIM_STEM,stemness,ADAMTS1,0.064472,0.054104,0.001829,0.002621,0.1274,96
LIM_STEM,stemness,RARRES2,0.076991,0.090259,0.003052,0.002576,0.144308,97
LIM_STEM,stemness,CRISPLD1,0.085923,0.06202,0.002097,0.00257,0.090785,98
LIM_STEM,stemness,IL6ST,0.144028,0.10952,0.003703,0.00256,0.0421,99
LIM_STEM,stemness,NRP1,0.082264,0.059964,0.002028,0.002555,0.08353,100
LIM_STEM,stemness,LTBP4,0.120867,0.096038,0.003247,0.002552,0.069021,101
LIM_STEM,stemness,EGFR,0.08673,0.055389,0.001873,0.002432,0.045457,102
LIM_STEM,stemness,TMEM47,0.077775,0.049861,0.001686,0.002431,0.091087,103
LIM_STEM,stemness,DPYSL3,0.078582,0.055502,0.001877,0.00242,0.107322,104
LIM_STEM,stemness,NTRK2,0.060362,0.042113,0.001424,0.002389,0.088773,105
LIM_STEM,stemness,TACC1,0.096019,0.075013,0.002536,0.002344,0.062335,106
LIM_STEM,stemness,MMP2,0.051691,0.047461,0.001605,0.002339,0.141067,107
LIM_STEM,stemness,NPTX2,0.025252,0.02352,0.000795,0.002339,0.118785,108
LIM_STEM,stemness,LUZP1,0.109108,0.070251,0.002375,0.002339,0.029216,109
LIM_STEM,stemness,P3H2,0.054233,0.040769,0.001379,0.002337,0.078101,110
LIM_STEM,stemness,DKK3,0.037201,0.029937,0.001012,0.002336,0.16274,111
LIM_STEM,stemness,CADM1,0.084094,0.055298,0.00187,0.002328,0.088335,112
LIM_STEM,stemness,LIFR,0.068843,0.045874,0.001551,0.002318,0.087649,113
LIM_STEM,stemness,C19orf12,0.126924,0.086531,0.002926,0.002289,0.029433,114
LIM_STEM,stemness,ENC1,0.099772,0.066252,0.00224,0.002285,0.03213,115
LIM_STEM,stemness,PXDC1,0.080887,0.050751,0.001716,0.002268,0.074542,116
LIM_STEM,stemness,COL14A1,0.042427,0.036722,0.001242,0.002266,0.172675,117
LIM_STEM,stemness,PRRX1,0.072287,0.058263,0.00197,0.002261,0.018615,118
LIM_STEM,stemness,RECK,0.068629,0.042846,0.001449,0.002232,0.086732,119
LIM_STEM,stemness,PDGFA,0.072952,0.052834,0.001786,0.002196,0.064956,120
LIM_STEM,stemness,L3HYPDH,0.077537,0.050274,0.0017,0.002143,0.007228,121
LIM_STEM,stemness,TSKU,0.110272,0.079511,0.002688,0.002111,-0.002311,122
LIM_STEM,stemness,MCAM,0.057915,0.038439,0.0013,0.00209,0.089714,123
LIM_STEM,stemness,PRICKLE1,0.09552,0.066984,0.002265,0.002087,0.052204,124
LIM_STEM,stemness,VCAN,0.052333,0.051994,0.001758,0.002045,0.109254,125
LIM_STEM,stemness,JAG1,0.081005,0.052905,0.001789,0.002029,-0.008629,126
LIM_STEM,stemness,HSPG2,0.058295,0.042709,0.001444,0.002001,0.107747,127
LIM_STEM,stemness,LAMA3,0.036108,0.026295,0.000889,0.001985,0.085674,128
LIM_STEM,stemness,SIAH2,0.11469,0.072147,0.00244,0.001954,-0.007498,129
LIM_STEM,stemness,PCBP4,0.117921,0.079189,0.002678,0.00195,0.020224,130
LIM_STEM,stemness,KLHL21,0.082027,0.050945,0.001723,0.001923,0.020925,131
LIM_STEM,stemness,SRPX,0.046703,0.036093,0.00122,0.001916,0.088754,132
LIM_STEM,stemness,GOLIM4,0.080293,0.05556,0.001879,0.001912,0.013089,133
LIM_STEM,stemness,SLC6A8,0.093453,0.059746,0.00202,0.00189,0.014382,134
LIM_STEM,stemness,SEMA3C,0.107611,0.084029,0.002841,0.001883,0.000403,135
LIM_STEM,stemness,PLPP3,0.089438,0.056529,0.001911,0.001836,-0.007026,136
LIM_STEM,stemness,RCN3,0.068177,0.053027,0.001793,0.001831,0.079539,137
LIM_STEM,stemness,MXRA7,0.062666,0.036425,0.001232,0.001788,0.074627,138
LIM_STEM,stemness,CHST3,0.051834,0.029874,0.00101,0.001738,0.089293,139
LIM_STEM,stemness,NT5E,0.042688,0.033343,0.001127,0.001733,0.059835,140
LIM_STEM,stemness,STAC2,0.058319,0.048048,0.001625,0.001727,0.05444,141
LIM_STEM,stemness,LRP1,0.057464,0.038905,0.001315,0.001723,0.091495,142
LIM_STEM,stemness,STAC,0.05896,0.040268,0.001362,0.001715,0.01661,143
LIM_STEM,stemness,ELP5,0.187809,0.158373,0.005355,0.001681,-0.01098,144
LIM_STEM,stemness,PXN,0.111911,0.076259,0.002579,0.001681,-0.029764,145
LIM_STEM,stemness,EGR2,0.058153,0.043371,0.001466,0.00165,0.037947,146
LIM_STEM,stemness,COL12A1,0.048223,0.041716,0.001411,0.001647,0.092372,147
LIM_STEM,stemness,COL16A1,0.076064,0.054739,0.001851,0.001643,0.02548,148
LIM_STEM,stemness,LAMB1,0.041809,0.025573,0.000865,0.00163,0.126954,149
LIM_STEM,stemness,FAS,0.058747,0.039004,0.001319,0.001629,0.00397,150
LIM_STEM,stemness,LARGE2,0.0792,0.061808,0.00209,0.001627,0.002694,151
LIM_STEM,stemness,NETO2,0.06364,0.039179,0.001325,0.001594,0.026431,152
LIM_STEM,stemness,GJA1,0.04447,0.029819,0.001008,0.001562,0.086647,153
LIM_STEM,stemness,EVA1A,0.046441,0.034841,0.001178,0.001555,0.073062,154
LIM_STEM,stemness,AEBP1,0.039505,0.042894,0.00145,0.001547,0.12539,155
LIM_STEM,stemness,CDC42EP2,0.060552,0.04165,0.001408,0.001546,0.013563,156
LIM_STEM,stemness,CPNE8,0.056371,0.035921,0.001215,0.001546,0.073357,157
LIM_STEM,stemness,SKI,0.084189,0.050991,0.001724,0.001545,0.00493,158
LIM_STEM,stemness,LHFPL6,0.039505,0.026973,0.000912,0.001533,0.109777,159
LIM_STEM,stemness,DUSP6,0.055397,0.03541,0.001197,0.001532,0.056966,160
LIM_STEM,stemness,MTSS1,0.0916,0.064391,0.002177,0.001528,0.017583,161
LIM_STEM,stemness,PCOLCE,0.049173,0.041362,0.001399,0.001472,0.089105,162
LIM_STEM,stemness,TMEM121,0.058153,0.032447,0.001097,0.001466,0.028029,163
LIM_STEM,stemness,POSTN,0.044636,0.061653,0.002085,0.001458,0.14291,164
LIM_STEM,stemness,UNC45A,0.124121,0.084707,0.002864,0.001436,-0.049429,165
LIM_STEM,stemness,BMP1,0.044992,0.02561,0.000866,0.001429,0.101579,166
LIM_STEM,stemness,EOGT,0.053259,0.034102,0.001153,0.001423,0.04156,167
LIM_STEM,stemness,PCDH7,0.040313,0.020444,0.000691,0.001368,0.074906,168
LIM_STEM,stemness,TNS1,0.053212,0.034163,0.001155,0.001356,0.022778,169
LIM_STEM,stemness,BCAR1,0.091814,0.055601,0.00188,0.001356,-0.046902,170
LIM_STEM,stemness,LIMA1,0.098655,0.071701,0.002424,0.001353,-0.027262,171
LIM_STEM,stemness,NRP2,0.032236,0.025512,0.000863,0.001333,0.085308,172
LIM_STEM,stemness,EDNRB,0.021071,0.014878,0.000503,0.001329,0.128511,173
LIM_STEM,stemness,FHOD3,0.038745,0.020747,0.000702,0.001316,0.101756,174
LIM_STEM,stemness,SCHIP1,0.035086,0.021002,0.00071,0.001277,0.102901,175
LIM_STEM,stemness,LRRN1,0.041595,0.030852,0.001043,0.001263,0.071059,176
LIM_STEM,stemness,MALT1,0.058224,0.036383,0.00123,0.001253,0.011915,177
LIM_STEM,stemness,SEC24D,0.082882,0.058093,0.001964,0.001244,-0.000459,178
LIM_STEM,stemness,COL9A2,0.042949,0.032314,0.001093,0.00122,0.059485,179
LIM_STEM,stemness,ARC,0.025727,0.022191,0.00075,0.001218,0.095133,180
LIM_STEM,stemness,SSBP2,0.10602,0.072081,0.002437,0.001212,-0.018345,181
LIM_STEM,stemness,IRX4,0.038578,0.024972,0.000844,0.001198,0.026819,182
LIM_STEM,stemness,TCOF1,0.104475,0.070615,0.002388,0.001191,-0.03996,183
LIM_STEM,stemness,TGFB1I1,0.050456,0.035365,0.001196,0.001188,0.046329,184
LIM_STEM,stemness,MSRB3,0.033139,0.022285,0.000754,0.001173,0.121375,185
LIM_STEM,stemness,ETS1,0.040764,0.027336,0.000924,0.001167,0.057396,186
LIM_STEM,stemness,FEZ1,0.028126,0.01498,0.000507,0.001164,0.126654,187
LIM_STEM,stemness,FGFRL1,0.046536,0.028369,0.000959,0.001159,0.015775,188
LIM_STEM,stemness,PTPRE,0.039814,0.025629,0.000867,0.001159,0.039599,189
LIM_STEM,stemness,SORBS1,0.045539,0.027596,0.000933,0.001143,0.040472,190
LIM_STEM,stemness,SMIM13,0.062738,0.038485,0.001301,0.00114,0.029509,191
LIM_STEM,stemness,VSIR,0.044185,0.029944,0.001012,0.001138,0.034926,192
LIM_STEM,stemness,AHI1,0.10286,0.069101,0.002337,0.001131,-0.018727,193
LIM_STEM,stemness,ADARB1,0.041263,0.025192,0.000852,0.001123,0.092026,194
LIM_STEM,stemness,THY1,0.028483,0.03742,0.001265,0.001081,0.116254,195
LIM_STEM,stemness,BACH1,0.072976,0.051784,0.001751,0.001078,0.013921,196
LIM_STEM,stemness,OSR1,0.033424,0.022554,0.000763,0.001068,0.102244,197
LIM_STEM,stemness,COL5A1,0.034801,0.024924,0.000843,0.001063,0.033245,198
LIM_STEM,stemness,CBLB,0.079176,0.055165,0.001865,0.001054,-0.01517,199
LIM_STEM,stemness,SNTB2,0.056514,0.032316,0.001093,0.001047,0.004448,200
LIM_STEM,stemness,KLHL42,0.066633,0.041231,0.001394,0.001023,0.000353,201
LIM_STEM,stemness,NXN,0.047582,0.028577,0.000966,0.000994,0.035441,202
LIM_STEM,stemness,SMTN,0.062476,0.041523,0.001404,0.000992,0.028224,203
LIM_STEM,stemness,MPDZ,0.046346,0.027249,0.000921,0.000979,0.036164,204
LIM_STEM,stemness,PROS1,0.030858,0.021492,0.000727,0.000945,0.034507,205
LIM_STEM,stemness,ENPP2,0.024705,0.01776,0.000601,0.000942,0.08583,206
LIM_STEM,stemness,AKT3,0.030027,0.018938,0.00064,0.000934,0.016844,207
LIM_STEM,stemness,GPSM1,0.037866,0.019974,0.000675,0.00093,0.065449,208
LIM_STEM,stemness,YAF2,0.113407,0.075974,0.002569,0.000926,-0.040226,209
LIM_STEM,stemness,EPAS1,0.066657,0.046297,0.001565,0.000922,-0.007044,210
LIM_STEM,stemness,TRIM9,0.024729,0.012155,0.000411,0.0009,0.099655,211
LIM_STEM,stemness,IL6,0.021902,0.016617,0.000562,0.000896,0.041687,212
LIM_STEM,stemness,PLA2G7,0.038008,0.02626,0.000888,0.000895,0.037668,213
LIM_STEM,stemness,ELK3,0.035847,0.024361,0.000824,0.000894,0.041446,214
LIM_STEM,stemness,AGPAT4,0.037818,0.022203,0.000751,0.00089,0.060657,215
LIM_STEM,stemness,SLC12A4,0.036583,0.022073,0.000746,0.000867,0.032805,216
LIM_STEM,stemness,TSHZ2,0.041025,0.031318,0.001059,0.000862,0.015384,217
LIM_STEM,stemness,CLMP,0.027889,0.015915,0.000538,0.000861,0.074321,218
LIM_STEM,stemness,KCNMB1,0.022401,0.015272,0.000516,0.000858,0.060871,219
LIM_STEM,stemness,KANK4,0.028768,0.017383,0.000588,0.000846,0.062214,220
LIM_STEM,stemness,EXT1,0.046204,0.027245,0.000921,0.000838,0.007001,221
LIM_STEM,stemness,WTIP,0.02499,0.016653,0.000563,0.000836,0.074633,222
LIM_STEM,stemness,FJX1,0.026511,0.014186,0.00048,0.000823,0.061331,223
LIM_STEM,stemness,LAMA1,0.02119,0.014389,0.000487,0.000821,0.086973,224
LIM_STEM,stemness,IL17RD,0.032735,0.019307,0.000653,0.0008,0.03969,225
LIM_STEM,stemness,SULF1,0.027223,0.026187,0.000885,0.000799,0.048273,226
LIM_STEM,stemness,SPRED1,0.03827,0.023028,0.000779,0.000796,0.042793,227
LIM_STEM,stemness,BCL2L11,0.063759,0.03972,0.001343,0.000788,-0.008497,228
LIM_STEM,stemness,IGFBP6,0.023874,0.026607,0.0009,0.000786,0.106731,229
LIM_STEM,stemness,GNAI1,0.080198,0.062529,0.002114,0.000782,-0.020018,230
LIM_STEM,stemness,SLC27A3,0.0396,0.022452,0.000759,0.000781,0.030878,231
LIM_STEM,stemness,TCF4,0.02644,0.025623,0.000866,0.000779,0.066412,232
LIM_STEM,stemness,CRLF1,0.021522,0.014379,0.000486,0.000776,0.097924,233
LIM_STEM,stemness,EFNB1,0.035942,0.020733,0.000701,0.000775,0.036867,234
LIM_STEM,stemness,NRCAM,0.023185,0.011126,0.000376,0.000768,0.097855,235
LIM_STEM,stemness,CLIP3,0.024492,0.01779,0.000602,0.000768,0.09112,236
LIM_STEM,stemness,FOXP1,0.131129,0.09143,0.003092,0.000766,-0.080074,237
LIM_STEM,stemness,SLCO3A1,0.030716,0.018513,0.000626,0.000762,0.005102,238
LIM_STEM,stemness,SLC1A3,0.026155,0.020145,0.000681,0.000757,0.059223,239
LIM_STEM,stemness,PLXNA2,0.030502,0.019438,0.000657,0.000719,0.016345,240
LIM_STEM,stemness,COL5A2,0.019812,0.021668,0.000733,0.000692,0.077172,241
LIM_STEM,stemness,PHLDB1,0.047534,0.030885,0.001044,0.00069,0.007718,242
LIM_STEM,stemness,AMOTL1,0.036155,0.024799,0.000839,0.000688,0.049185,243
LIM_STEM,stemness,PPP2R2B,0.019622,0.009217,0.000312,0.000685,0.097207,244
LIM_STEM,stemness,SNAI2,0.016819,0.013408,0.000453,0.000683,0.07347,245
LIM_STEM,stemness,LIMS2,0.021071,0.014352,0.000485,0.00068,0.084909,246
LIM_STEM,stemness,ARHGEF28,0.03264,0.018548,0.000627,0.000678,0.020294,247
LIM_STEM,stemness,RFLNB,0.022235,0.010739,0.000363,0.000672,0.078831,248
LIM_STEM,stemness,MICAL2,0.038032,0.023767,0.000804,0.000661,0.003372,249
LIM_STEM,stemness,PGF,0.019859,0.011853,0.000401,0.000661,0.077019,250
LIM_STEM,stemness,FST,0.018078,0.012451,0.000421,0.000659,0.045408,251
LIM_STEM,stemness,FMOD,0.019954,0.018727,0.000633,0.000654,0.054234,252
LIM_STEM,stemness,ERF,0.095567,0.061385,0.002076,0.000641,-0.060825,253
LIM_STEM,stemness,MEF2C,0.025228,0.020794,0.000703,0.000637,0.041845,254
LIM_STEM,stemness,HDAC4,0.033685,0.018362,0.000621,0.000631,0.033963,255
LIM_STEM,stemness,SLC2A3,0.025062,0.028646,0.000969,0.000629,0.076816,256
LIM_STEM,stemness,GPC3,0.022734,0.018324,0.00062,0.000627,0.051753,257
LIM_STEM,stemness,SIMC1,0.037177,0.020924,0.000708,0.000615,0.005449,258
LIM_STEM,stemness,FBXO30,0.038103,0.024724,0.000836,0.000575,0.00779,259
LIM_STEM,stemness,TP63,0.01221,0.009808,0.000332,0.000569,0.067812,260
LIM_STEM,stemness,PCDH18,0.013184,0.012423,0.00042,0.000564,0.081387,261
LIM_STEM,stemness,CSPG4,0.011141,0.008994,0.000304,0.000562,0.08011,262
LIM_STEM,stemness,MME,0.030359,0.021924,0.000741,0.000561,-0.031538,263
LIM_STEM,stemness,CNN1,0.008338,0.008585,0.00029,0.000558,0.077237,264
LIM_STEM,stemness,WIPF1,0.02663,0.018931,0.00064,0.000555,0.070999,265
LIM_STEM,stemness,MYH11,0.007982,0.006942,0.000235,0.00055,0.053633,266
LIM_STEM,stemness,ADGRL1,0.060481,0.037382,0.001264,0.000547,-0.040062,267
LIM_STEM,stemness,HAS2,0.013849,0.00653,0.000221,0.000546,0.098541,268
LIM_STEM,stemness,HEG1,0.017151,0.010477,0.000354,0.000543,0.056817,269
LIM_STEM,stemness,PLEKHA4,0.035775,0.022231,0.000752,0.000543,0.010721,270
LIM_STEM,stemness,RAPGEF1,0.045681,0.025417,0.000859,0.000537,-0.013776,271
LIM_STEM,stemness,DUSP7,0.022306,0.012665,0.000428,0.000536,0.025075,272
LIM_STEM,stemness,FXYD1,0.039315,0.038915,0.001316,0.000534,0.031855,273
LIM_STEM,stemness,FZD8,0.015607,0.008451,0.000286,0.00052,0.055334,274
LIM_STEM,stemness,CCDC3,0.024183,0.016251,0.000549,0.000519,0.051868,275
LIM_STEM,stemness,SOBP,0.025347,0.013628,0.000461,0.000509,0.041225,276
LIM_STEM,stemness,TGFBR3,0.02853,0.018361,0.000621,0.000508,0.033419,277
LIM_STEM,stemness,NRG1,0.013327,0.010643,0.00036,0.000507,0.048508,278
LIM_STEM,stemness,SYDE1,0.018909,0.009378,0.000317,0.000493,0.046893,279
LIM_STEM,stemness,FAM184A,0.024753,0.01214,0.00041,0.000493,0.031197,280
LIM_STEM,stemness,TTYH2,0.017959,0.008239,0.000279,0.000483,0.070532,281
LIM_STEM,stemness,TMEM201,0.030312,0.016908,0.000572,0.000476,-0.007251,282
LIM_STEM,stemness,BCOR,0.047534,0.025277,0.000855,0.000472,-0.038403,283
LIM_STEM,stemness,DMWD,0.03846,0.020432,0.000691,0.000466,-0.006205,284
LIM_STEM,stemness,GJC1,0.015013,0.009384,0.000317,0.000465,0.067648,285
LIM_STEM,stemness,PKD1,0.062476,0.040814,0.00138,0.000464,-0.014406,286
LIM_STEM,stemness,SLC4A3,0.029599,0.016604,0.000561,0.000454,0.026545,287
LIM_STEM,stemness,TBX2,0.01316,0.005934,0.000201,0.000452,0.081959,288
LIM_STEM,stemness,RASL12,0.011498,0.007158,0.000242,0.000449,0.079912,289
LIM_STEM,stemness,ELOVL4,0.018719,0.01177,0.000398,0.000447,0.0418,290
LIM_STEM,stemness,FAM216A,0.031571,0.01983,0.000671,0.000441,0.03306,291
LIM_STEM,stemness,EGR3,0.022092,0.014608,0.000494,0.000437,0.017375,292
LIM_STEM,stemness,SSH1,0.029361,0.01773,0.0006,0.000426,0.003562,293
LIM_STEM,stemness,ALDH1L2,0.025489,0.019462,0.000658,0.000424,0.034867,294
LIM_STEM,stemness,ZNF219,0.051573,0.029641,0.001002,0.000415,-0.039101,295
LIM_STEM,stemness,NLGN2,0.02347,0.013312,0.00045,0.000409,0.02271,296
LIM_STEM,stemness,PRDM1,0.011996,0.008544,0.000289,0.000403,0.043708,297
LIM_STEM,stemness,VSNL1,0.040336,0.029389,0.000994,0.00038,-0.000412,298
LIM_STEM,stemness,CALML3,0.006651,0.00951,0.000322,0.000375,0.049092,299
LIM_STEM,stemness,ITM2A,0.010927,0.012485,0.000422,0.000374,0.046096,300
LIM_STEM,stemness,PTGS2,0.009383,0.007728,0.000261,0.000368,0.048779,301
LIM_STEM,stemness,CNRIP1,0.010619,0.007861,0.000266,0.000366,0.086047,302
LIM_STEM,stemness,SLC38A5,0.010452,0.008186,0.000277,0.000365,0.061254,303
LIM_STEM,stemness,ITGA9,0.01202,0.005871,0.000199,0.000364,0.056562,304
LIM_STEM,stemness,ADGRA2,0.010429,0.005019,0.00017,0.00036,0.071879,305
LIM_STEM,stemness,VIT,0.012709,0.006899,0.000233,0.000357,0.056123,306
LIM_STEM,stemness,RUSC2,0.016866,0.008695,0.000294,0.000356,0.030309,307
LIM_STEM,stemness,PARD6G,0.015631,0.007862,0.000266,0.000352,0.026843,308
LIM_STEM,stemness,INKA1,0.011165,0.007338,0.000248,0.000352,0.033175,309
LIM_STEM,stemness,NSG1,0.00936,0.006977,0.000236,0.000351,0.048065,310
LIM_STEM,stemness,EPHB1,0.015156,0.007803,0.000264,0.000342,0.030961,311
LIM_STEM,stemness,PDPN,0.009478,0.010045,0.00034,0.000339,0.056723,312
LIM_STEM,stemness,NGFR,0.005773,0.003659,0.000124,0.000336,0.069275,313
LIM_STEM,stemness,LCA5,0.026463,0.016298,0.000551,0.000335,-0.016962,314
LIM_STEM,stemness,COL17A1,0.003635,0.00294,9.9e-05,0.000327,0.034377,315
LIM_STEM,stemness,ACVR2A,0.02062,0.013068,0.000442,0.000323,-0.009531,316
LIM_STEM,stemness,EEPD1,0.022853,0.012832,0.000434,0.000322,-0.001296,317
LIM_STEM,stemness,ADAMTS2,0.007317,0.004579,0.000155,0.000319,0.061302,318
LIM_STEM,stemness,RHOJ,0.008077,0.004735,0.00016,0.000313,0.083186,319
LIM_STEM,stemness,SOX11,0.044422,0.031987,0.001082,0.000311,-0.003205,320
LIM_STEM,stemness,OSBPL6,0.015465,0.009503,0.000321,0.000309,0.003551,321
LIM_STEM,stemness,NECTIN3,0.01107,0.006121,0.000207,0.000305,0.044306,322
LIM_STEM,stemness,FHL1,0.010524,0.008441,0.000285,0.000301,0.0603,323
LIM_STEM,stemness,PODN,0.00601,0.00736,0.000249,0.000297,0.066627,324
LIM_STEM,stemness,QRICH2,0.015821,0.007927,0.000268,0.000296,0.031409,325
LIM_STEM,stemness,SLC27A6,0.008576,0.00706,0.000239,0.000296,0.039163,326
LIM_STEM,stemness,GPR176,0.009763,0.005037,0.00017,0.000286,0.043134,327
LIM_STEM,stemness,ARHGAP24,0.017793,0.010885,0.000368,0.000284,-0.022956,328
LIM_STEM,stemness,ARHGEF25,0.017151,0.009449,0.00032,0.000282,0.019042,329
LIM_STEM,stemness,JAM2,0.007127,0.006443,0.000218,0.000277,0.057582,330
LIM_STEM,stemness,TMEM204,0.008884,0.007724,0.000261,0.000274,0.047867,331
LIM_STEM,stemness,MEG3,0.004537,0.005945,0.000201,0.000273,0.050872,332
LIM_STEM,stemness,LRRC8C,0.0124,0.00679,0.00023,0.000269,0.02645,333
LIM_STEM,stemness,PCDHGC3,0.015108,0.00891,0.000301,0.000269,0.023766,334
LIM_STEM,stemness,TMEM255B,0.013659,0.009229,0.000312,0.000255,0.010177,335
LIM_STEM,stemness,RCSD1,0.04131,0.040174,0.001358,0.000253,-0.005488,336
LIM_STEM,stemness,DLK2,0.007079,0.004343,0.000147,0.000253,0.045119,337
LIM_STEM,stemness,TRO,0.01259,0.009837,0.000333,0.000246,0.031451,338
LIM_STEM,stemness,TSPYL2,0.086231,0.060462,0.002044,0.000243,-0.067872,339
LIM_STEM,stemness,LGALS7,0.006319,0.005817,0.000197,0.000243,0.0482,340
LIM_STEM,stemness,EPDR1,0.010999,0.007507,0.000254,0.000234,0.029733,341
LIM_STEM,stemness,ARMH4,0.010143,0.006467,0.000219,0.000232,0.022792,342
LIM_STEM,stemness,OXTR,0.0062,0.003383,0.000114,0.00023,0.04173,343
LIM_STEM,stemness,DZIP1L,0.007697,0.004896,0.000166,0.000229,0.05343,344
LIM_STEM,stemness,COL7A1,0.008694,0.006001,0.000203,0.000228,0.028311,345
LIM_STEM,stemness,FLNC,0.006034,0.003152,0.000107,0.000227,0.059216,346
LIM_STEM,stemness,TRPC1,0.008338,0.004667,0.000158,0.000223,0.031506,347
LIM_STEM,stemness,WIF1,0.006865,0.006939,0.000235,0.000222,0.049741,348
LIM_STEM,stemness,SLIT3,0.006058,0.006107,0.000206,0.000215,0.04273,349
LIM_STEM,stemness,ITGA1,0.005844,0.005552,0.000188,0.000213,0.035674,350
LIM_STEM,stemness,CPXM1,0.004941,0.006737,0.000228,0.00021,0.058345,351
LIM_STEM,stemness,GPR3,0.008077,0.003961,0.000134,0.000209,0.031683,352
LIM_STEM,stemness,SCARF2,0.005369,0.00397,0.000134,0.000208,0.045762,353
LIM_STEM,stemness,DCHS1,0.007625,0.004877,0.000165,0.000202,0.034907,354
LIM_STEM,stemness,LCAT,0.009811,0.00629,0.000213,0.000202,0.027406,355
LIM_STEM,stemness,NUDT11,0.01107,0.007709,0.000261,0.000201,0.034803,356
LIM_STEM,stemness,GPR87,0.010927,0.007146,0.000242,0.000201,0.008274,357
LIM_STEM,stemness,VGLL3,0.005606,0.005867,0.000198,0.000196,0.051464,358
LIM_STEM,stemness,FBLN7,0.008647,0.005214,0.000176,0.000196,0.038875,359
LIM_STEM,stemness,STXBP4,0.019527,0.013472,0.000456,0.000195,0.006028,360
LIM_STEM,stemness,CARD10,0.008623,0.004697,0.000159,0.000193,0.020931,361
LIM_STEM,stemness,ANGPTL2,0.004252,0.004741,0.00016,0.000193,0.052359,362
LIM_STEM,stemness,RARB,0.016249,0.010935,0.00037,0.00019,-0.000908,363
LIM_STEM,stemness,TWIST2,0.005796,0.004591,0.000155,0.000189,0.036991,364
LIM_STEM,stemness,EID3,0.01297,0.006761,0.000229,0.000189,0.020269,365
LIM_STEM,stemness,MSX1,0.006176,0.003296,0.000111,0.000189,0.048512,366
LIM_STEM,stemness,LGR6,0.007483,0.004525,0.000153,0.000182,0.006402,367
LIM_STEM,stemness,ANKRD1,0.004252,0.004889,0.000165,0.000178,0.043219,368
LIM_STEM,stemness,PEG3,0.009383,0.007398,0.00025,0.000178,0.007469,369
LIM_STEM,stemness,SCML2,0.017579,0.010924,0.000369,0.000174,0.010177,370
LIM_STEM,stemness,ABI3BP,0.004585,0.00621,0.00021,0.000169,0.048443,371
LIM_STEM,stemness,TOX,0.005416,0.00421,0.000142,0.000167,0.046907,372
LIM_STEM,stemness,PKNOX2,0.008671,0.00351,0.000119,0.000166,0.035157,373
LIM_STEM,stemness,RFX2,0.019099,0.010809,0.000365,0.000166,-0.018973,374
LIM_STEM,stemness,EBF3,0.004609,0.001596,5.4e-05,0.000165,0.061311,375
LIM_STEM,stemness,KCNIP3,0.010001,0.004577,0.000155,0.000165,0.027131,376
LIM_STEM,stemness,FGL2,0.006295,0.006413,0.000217,0.000163,0.040517,377
LIM_STEM,stemness,DOCK10,0.009455,0.005925,0.0002,0.000163,0.050176,378
LIM_STEM,stemness,CHST7,0.011711,0.006594,0.000223,0.000157,-0.004528,379
LIM_STEM,stemness,SGIP1,0.004537,0.004068,0.000138,0.000156,0.038758,380
LIM_STEM,stemness,SHE,0.009573,0.005004,0.000169,0.000154,0.031622,381
LIM_STEM,stemness,MEDAG,0.004418,0.004312,0.000146,0.00015,0.045299,382
LIM_STEM,stemness,TMEM178A,0.003492,0.00326,0.00011,0.000148,0.035523,383
LIM_STEM,stemness,ISM1,0.003801,0.002171,7.3e-05,0.000147,0.030409,384
LIM_STEM,stemness,LMOD1,0.002304,0.002254,7.6e-05,0.000144,0.039239,385
LIM_STEM,stemness,SDK2,0.008291,0.004276,0.000145,0.000142,0.020706,386
LIM_STEM,stemness,CD70,0.008409,0.006666,0.000225,0.000138,0.003381,387
LIM_STEM,stemness,SH3TC1,0.007625,0.005239,0.000177,0.000131,0.007936,388
LIM_STEM,stemness,AXL,0.00392,0.002643,8.9e-05,0.000125,0.04598,389
LIM_STEM,stemness,CYGB,0.003777,0.002783,9.4e-05,0.000124,0.040124,390
LIM_STEM,stemness,SVEP1,0.001758,0.002101,7.1e-05,0.000123,0.032186,391
LIM_STEM,stemness,PRX,0.008219,0.005396,0.000182,0.000118,0.005145,392
LIM_STEM,stemness,C1QTNF4,0.003991,0.002347,7.9e-05,0.000109,0.049642,393
LIM_STEM,stemness,IL1B,0.017769,0.020157,0.000682,0.000107,0.030846,394
LIM_STEM,stemness,TENM3,0.002019,0.001402,4.7e-05,0.000106,0.024506,395
LIM_STEM,stemness,MRGPRF,0.003278,0.002869,9.7e-05,0.000105,0.035264,396
LIM_STEM,stemness,LRCH2,0.002447,0.001781,6e-05,0.000105,0.036259,397
LIM_STEM,stemness,ARSI,0.003231,0.001573,5.3e-05,0.000104,0.02998,398
LIM_STEM,stemness,LAG3,0.014443,0.011024,0.000373,0.000101,0.008131,399
LIM_STEM,stemness,JAM3,0.002447,0.00183,6.2e-05,0.000101,0.03941,400
LIM_STEM,stemness,PLCH2,0.005084,0.002964,1e-04,9.9e-05,0.004704,401
LIM_STEM,stemness,SEMA5A,0.002732,0.002429,8.2e-05,9.9e-05,0.0121,402
LIM_STEM,stemness,C1QTNF12,0.010666,0.006364,0.000215,9.8e-05,-0.018335,403
LIM_STEM,stemness,SLIT2,0.00392,0.002393,8.1e-05,9.3e-05,0.018723,404
LIM_STEM,stemness,MAMDC2,0.003896,0.002593,8.8e-05,9.2e-05,0.021978,405
LIM_STEM,stemness,FLRT2,0.003563,0.002886,9.8e-05,9.1e-05,0.025154,406
LIM_STEM,stemness,LRP4,0.003112,0.001539,5.2e-05,8.8e-05,0.029834,407
LIM_STEM,stemness,COL23A1,0.003468,0.001822,6.2e-05,8.5e-05,0.025173,408
LIM_STEM,stemness,NGF,0.001758,0.001306,4.4e-05,8.4e-05,0.036181,409
LIM_STEM,stemness,CCND2,0.007174,0.006627,0.000224,8.1e-05,0.017542,410
LIM_STEM,stemness,AQP9,0.002233,0.001891,6.4e-05,7.9e-05,0.016745,411
LIM_STEM,stemness,THSD1,0.002898,0.001807,6.1e-05,7.6e-05,0.013906,412
LIM_STEM,stemness,SCN4B,0.002471,0.001076,3.6e-05,7.4e-05,0.026239,413
LIM_STEM,stemness,KLHL29,0.004418,0.002462,8.3e-05,7.4e-05,0.009644,414
LIM_STEM,stemness,EVC,0.005321,0.002618,8.9e-05,7.4e-05,0.009696,415
LIM_STEM,stemness,STARD8,0.002162,0.001037,3.5e-05,6.2e-05,0.025326,416
LIM_STEM,stemness,ASPHD2,0.003872,0.00174,5.9e-05,6e-05,0.010209,417
LIM_STEM,stemness,PPP1R3C,0.009526,0.006445,0.000218,5.8e-05,0.004965,418
LIM_STEM,stemness,CAVIN2,0.002304,0.00257,8.7e-05,5.4e-05,0.023545,419
LIM_STEM,stemness,TSHZ3,0.001544,0.001426,4.8e-05,5.2e-05,0.021159,420
LIM_STEM,stemness,KRT75,0.00114,0.001102,3.7e-05,5.1e-05,0.022045,421
LIM_STEM,stemness,PAMR1,0.000784,0.000536,1.8e-05,5e-05,0.01868,422
LIM_STEM,stemness,LEP,0.000926,0.000615,2.1e-05,4.6e-05,0.024532,423
LIM_STEM,stemness,SORCS1,0.001877,0.000764,2.6e-05,4.5e-05,0.015541,424
LIM_STEM,stemness,CDH13,0.002661,0.002094,7.1e-05,4.3e-05,-0.001557,425
LIM_STEM,stemness,HS3ST3A1,0.00209,0.001402,4.7e-05,4.2e-05,0.009359,426
LIM_STEM,stemness,POPDC2,0.001235,0.0007,2.4e-05,4.1e-05,0.001994,427
LIM_STEM,stemness,PRICKLE2,0.011688,0.007008,0.000237,3.8e-05,-0.031977,428
LIM_STEM,stemness,ZNF423,0.002185,0.001463,4.9e-05,3.5e-05,0.008886,429
LIM_STEM,stemness,TNS4,0.020358,0.014433,0.000488,3.4e-05,-0.050267,430
LIM_STEM,stemness,SH2D5,0.001021,0.000419,1.4e-05,3.4e-05,0.021137,431
LIM_STEM,stemness,MGARP,0.001116,0.000577,2e-05,3.4e-05,0.020823,432
LIM_STEM,stemness,HSPB2,0.002851,0.001801,6.1e-05,3.3e-05,-0.009076,433
LIM_STEM,stemness,IL17B,0.000665,0.000752,2.5e-05,3.1e-05,0.022664,434
LIM_STEM,stemness,PCDH19,0.002257,0.001107,3.7e-05,2.8e-05,0.004562,435
LIM_STEM,stemness,POU3F1,0.002494,0.001445,4.9e-05,2.7e-05,0.001162,436
LIM_STEM,stemness,CDH4,0.001283,0.000727,2.5e-05,2.7e-05,0.011393,437
LIM_STEM,stemness,NTF3,0.000736,0.000497,1.7e-05,2.5e-05,0.008089,438
LIM_STEM,stemness,IL24,0.000499,0.000496,1.7e-05,2.1e-05,-0.007404,439
LIM_STEM,stemness,SRGN,0.044684,0.053064,0.001794,2.1e-05,0.003275,440
LIM_STEM,stemness,BNC1,0.002114,0.001129,3.8e-05,1.9e-05,-0.003311,441
LIM_STEM,stemness,TIE1,0.001568,0.001893,6.4e-05,1.9e-05,0.018409,442
LIM_STEM,stemness,MFNG,0.003159,0.003111,0.000105,1.7e-05,0.016497,443
LIM_STEM,stemness,ARHGAP20,0.002114,0.00141,4.8e-05,1.7e-05,0.01087,444
LIM_STEM,stemness,CSDC2,0.000428,0.000245,8e-06,1.6e-05,0.014036,445
LIM_STEM,stemness,ACER2,0.003445,0.001923,6.5e-05,1.5e-05,-0.007896,446
LIM_STEM,stemness,RELN,0.00095,0.000756,2.6e-05,1.5e-05,0.005599,447
LIM_STEM,stemness,MYOCD,0.00019,0.000201,7e-06,1.2e-05,0.001205,448
LIM_STEM,stemness,PSD2,0.000451,0.000181,6e-06,1.1e-05,0.009974,449
LIM_STEM,stemness,UCN2,0.000333,0.000128,4e-06,9e-06,0.007711,450
LIM_STEM,stemness,HGFAC,0.000689,0.000358,1.2e-05,5e-06,-0.0015,451
LIM_STEM,stemness,ZC3H12B,0.000261,0.000154,5e-06,2e-06,0.00356,452
LIM_STEM,stemness,MAP3K7CL,0.005202,0.003912,0.000132,-3e-06,-0.022649,453
LIM_STEM,stemness,PPP1R16B,0.002185,0.00226,7.6e-05,-1.3e-05,0.008456,454
LIM_STEM,stemness,ARHGAP25,0.007222,0.004615,0.000156,-1.9e-05,-0.018791,455
LIM_STEM,stemness,DLL1,0.006343,0.004099,0.000139,-2.6e-05,-0.021896,456
LIM_STEM,stemness,PTPRT,0.004585,0.00246,8.3e-05,-8.8e-05,-0.071946,457
LIM_STEM,stemness,EDARADD,0.009692,0.00706,0.000239,-0.000109,-0.041474,458
LIM_STEM,stemness,DCUN1D3,0.03024,0.018209,0.000616,-0.000121,-0.076284,459
LIM_STEM,stemness,CACNB4,0.00601,0.004029,0.000136,-0.000128,-0.063392,460
LIM_STEM,stemness,NDN,0.018387,0.011054,0.000374,-0.000165,-0.092314,461
LIM_STEM,stemness,RASIP1,0.029005,0.023316,0.000788,-0.000246,-0.066337,462
LIM_STEM,stemness,KCNMA1,0.040883,0.037139,0.001256,-0.000587,-0.076471,463
LIM_STEM,stemness,GNG11,0.033685,0.047677,0.001612,-0.000817,0.002835,464
LIM_STEM,stemness,CD36,0.050005,0.065049,0.002199,-0.001939,-0.132333,465
