# signature_gene_contribution | collection scie (stemness x immunogenicity (SCIE)) | DRVI run drvi_epicnv_64_nomt | 05_4 - 05_8 signature interpretation
# CAVEAT: Cells are the aneuploid epithelium called by inferCNV in 05_1: a per-cohort THRESHOLD on a CNV score, not a validated clone assignment - no matched normal, no bulk WGS.
# CAVEAT: Cells no run covered (not_tested) were excluded rather than assumed normal, and 19 of the 29 cohorts of the epithelial compartment reach the 200-cell floor, so this is the tumour the call could reach in the patients with the most of it.
# CAVEAT: The CellTypist labels carried along (cell_type_01_4) come from a NORMAL breast atlas with no malignant class and are landmarks, never identities: every state reported here is a state of malignant epithelium, named by its genes and not by that label.
signature,axis,gene,detection_rate,mean_expression,share_of_mean_signal,share_of_score_variance,spearman_with_score,rank_by_variance_share
BENPORATH_ES1,stemness,HSPD1,0.5751,0.859662,0.018644,0.023704,0.468041,1
BENPORATH_ES1,stemness,HSPA8,0.727741,1.346447,0.029201,0.021059,0.328174,2
BENPORATH_ES1,stemness,FABP5,0.420733,0.704503,0.015279,0.020609,0.438659,3
BENPORATH_ES1,stemness,NPM1,0.747364,1.41336,0.030653,0.019986,0.322018,4
BENPORATH_ES1,stemness,MGST1,0.64043,1.130035,0.024508,0.019325,0.298796,5
BENPORATH_ES1,stemness,IFITM1,0.565537,1.248576,0.027079,0.018578,0.210666,6
BENPORATH_ES1,stemness,TUBB4B,0.521973,0.731286,0.01586,0.018552,0.368074,7
BENPORATH_ES1,stemness,DEK,0.415636,0.494635,0.010728,0.017892,0.474196,8
BENPORATH_ES1,stemness,SERBP1,0.541547,0.718066,0.015573,0.017637,0.373212,9
BENPORATH_ES1,stemness,EPCAM,0.476583,0.613737,0.013311,0.014254,0.370314,10
BENPORATH_ES1,stemness,C1QBP,0.47816,0.578491,0.012546,0.012954,0.375395,11
BENPORATH_ES1,stemness,IDO1,0.151595,0.290333,0.006297,0.012763,0.296948,12
BENPORATH_ES1,stemness,CDC20,0.167765,0.222581,0.004827,0.012692,0.4496,13
BENPORATH_ES1,stemness,SRSF7,0.448359,0.509603,0.011052,0.012185,0.372978,14
BENPORATH_ES1,stemness,SSB,0.366742,0.372898,0.008087,0.012032,0.394523,15
BENPORATH_ES1,stemness,CD24,0.719639,1.486358,0.032236,0.011921,0.164701,16
BENPORATH_ES1,stemness,HMGA1,0.354706,0.400443,0.008685,0.011789,0.388684,17
BENPORATH_ES1,stemness,KRT8,0.639201,1.114723,0.024176,0.011282,0.174566,18
BENPORATH_ES1,stemness,CRABP2,0.456295,0.701654,0.015217,0.011216,0.250081,19
BENPORATH_ES1,stemness,HMGB3,0.289194,0.294639,0.00639,0.011025,0.405198,20
BENPORATH_ES1,stemness,SMS,0.457158,0.524838,0.011383,0.010653,0.347528,21
BENPORATH_ES1,stemness,PTTG1,0.192121,0.23796,0.005161,0.009649,0.395598,22
BENPORATH_ES1,stemness,PARP1,0.339614,0.336634,0.007301,0.009631,0.368143,23
BENPORATH_ES1,stemness,NUDT21,0.356499,0.342581,0.00743,0.009465,0.32837,24
BENPORATH_ES1,stemness,BIRC5,0.154616,0.17394,0.003772,0.009187,0.422657,25
BENPORATH_ES1,stemness,BUB3,0.331778,0.342332,0.007424,0.009024,0.313632,26
BENPORATH_ES1,stemness,KPNA2,0.24387,0.239924,0.005203,0.008633,0.387925,27
BENPORATH_ES1,stemness,NASP,0.271662,0.246771,0.005352,0.008604,0.37914,28
BENPORATH_ES1,stemness,UGP2,0.342603,0.326923,0.00709,0.008098,0.329469,29
BENPORATH_ES1,stemness,PSIP1,0.199558,0.17451,0.003785,0.007983,0.389061,30
BENPORATH_ES1,stemness,EPRS,0.288164,0.260057,0.00564,0.007982,0.353971,31
BENPORATH_ES1,stemness,CTSC,0.231883,0.23972,0.005199,0.007953,0.331447,32
BENPORATH_ES1,stemness,MTHFD2,0.347584,0.365609,0.007929,0.007856,0.323892,33
BENPORATH_ES1,stemness,MCM7,0.216526,0.196436,0.00426,0.007843,0.392668,34
BENPORATH_ES1,stemness,PRPF40A,0.308884,0.26957,0.005846,0.007666,0.319482,35
BENPORATH_ES1,stemness,CDK1,0.125579,0.139851,0.003033,0.007229,0.386018,36
BENPORATH_ES1,stemness,SNRPA,0.301894,0.268956,0.005833,0.007127,0.339162,37
BENPORATH_ES1,stemness,CCNB1,0.125961,0.128066,0.002777,0.006872,0.35819,38
BENPORATH_ES1,stemness,DNAJB6,0.429233,0.471694,0.01023,0.006819,0.261074,39
BENPORATH_ES1,stemness,LYPLA1,0.397506,0.410112,0.008894,0.006808,0.282094,40
BENPORATH_ES1,stemness,LSR,0.316272,0.324312,0.007034,0.006766,0.269924,41
BENPORATH_ES1,stemness,FXR1,0.290621,0.248789,0.005396,0.006614,0.318488,42
BENPORATH_ES1,stemness,NUDT1,0.227716,0.215528,0.004674,0.006556,0.326299,43
BENPORATH_ES1,stemness,PAICS,0.234904,0.197436,0.004282,0.006555,0.367369,44
BENPORATH_ES1,stemness,AMD1,0.302276,0.278095,0.006031,0.00653,0.298067,45
BENPORATH_ES1,stemness,MAD2L2,0.279664,0.247862,0.005376,0.006529,0.333942,46
BENPORATH_ES1,stemness,BRIX1,0.232298,0.192992,0.004186,0.006354,0.35488,47
BENPORATH_ES1,stemness,HNRNPAB,0.299869,0.271994,0.005899,0.006133,0.288953,48
BENPORATH_ES1,stemness,SFRP1,0.267378,0.32474,0.007043,0.006107,0.245273,49
BENPORATH_ES1,stemness,AKIRIN1,0.279415,0.232647,0.005046,0.005989,0.296873,50
BENPORATH_ES1,stemness,ILF3,0.303621,0.265369,0.005755,0.005914,0.304828,51
BENPORATH_ES1,stemness,DDX21,0.275713,0.23736,0.005148,0.005541,0.282448,52
BENPORATH_ES1,stemness,PNN,0.260073,0.211506,0.004587,0.00553,0.285087,53
BENPORATH_ES1,stemness,DDX18,0.253349,0.205483,0.004456,0.005475,0.28665,54
BENPORATH_ES1,stemness,MAL2,0.283117,0.273315,0.005928,0.00538,0.235773,55
BENPORATH_ES1,stemness,CRABP1,0.235967,0.369621,0.008016,0.005314,0.20922,56
BENPORATH_ES1,stemness,DSG2,0.241429,0.199495,0.004327,0.005211,0.262305,57
BENPORATH_ES1,stemness,BOP1,0.161207,0.118183,0.002563,0.00505,0.340825,58
BENPORATH_ES1,stemness,ABCE1,0.222254,0.183231,0.003974,0.004992,0.326139,59
BENPORATH_ES1,stemness,NDUFAF4,0.213023,0.170947,0.003707,0.004825,0.307733,60
BENPORATH_ES1,stemness,NOP16,0.22305,0.186568,0.004046,0.004739,0.301195,61
BENPORATH_ES1,stemness,GINS2,0.126774,0.102024,0.002213,0.004689,0.30699,62
BENPORATH_ES1,stemness,RUVBL1,0.176282,0.132934,0.002883,0.004556,0.303848,63
BENPORATH_ES1,stemness,CCNA2,0.081434,0.07537,0.001635,0.004502,0.355029,64
BENPORATH_ES1,stemness,G3BP1,0.271496,0.239071,0.005185,0.004499,0.26346,65
BENPORATH_ES1,stemness,RFC4,0.140903,0.106605,0.002312,0.004499,0.332734,66
BENPORATH_ES1,stemness,M6PR,0.259708,0.211486,0.004587,0.004408,0.250777,67
BENPORATH_ES1,stemness,PDCD2,0.241512,0.18874,0.004093,0.004297,0.269251,68
BENPORATH_ES1,stemness,TMX1,0.250162,0.205575,0.004458,0.004265,0.238028,69
BENPORATH_ES1,stemness,RAD51AP1,0.087311,0.070915,0.001538,0.004236,0.350121,70
BENPORATH_ES1,stemness,BCL2L12,0.184782,0.13968,0.003029,0.004073,0.28785,71
BENPORATH_ES1,stemness,NOLC1,0.214617,0.170823,0.003705,0.004017,0.274221,72
BENPORATH_ES1,stemness,TEAD4,0.120715,0.089912,0.00195,0.004003,0.311352,73
BENPORATH_ES1,stemness,HSPA4,0.210234,0.17027,0.003693,0.003981,0.272154,74
BENPORATH_ES1,stemness,PNISR,0.272309,0.231105,0.005012,0.003979,0.216742,75
BENPORATH_ES1,stemness,CXADR,0.233244,0.202148,0.004384,0.003941,0.236214,76
BENPORATH_ES1,stemness,PAK1IP1,0.151661,0.110352,0.002393,0.003858,0.306741,77
BENPORATH_ES1,stemness,GMNN,0.161606,0.133768,0.002901,0.003832,0.274585,78
BENPORATH_ES1,stemness,TFAM,0.203643,0.152226,0.003301,0.003786,0.257557,79
BENPORATH_ES1,stemness,PTPN2,0.204008,0.151197,0.003279,0.003784,0.271323,80
BENPORATH_ES1,stemness,CBX5,0.188202,0.1413,0.003064,0.003758,0.270661,81
BENPORATH_ES1,stemness,AP1M2,0.246775,0.213383,0.004628,0.003719,0.194766,82
BENPORATH_ES1,stemness,FUBP1,0.179785,0.134689,0.002921,0.003716,0.257239,83
BENPORATH_ES1,stemness,CCAR1,0.183604,0.131169,0.002845,0.003648,0.264688,84
BENPORATH_ES1,stemness,MCM5,0.097438,0.073409,0.001592,0.003562,0.288617,85
BENPORATH_ES1,stemness,NOP56,0.173891,0.125119,0.002714,0.003541,0.266155,86
BENPORATH_ES1,stemness,MCM3,0.13481,0.104306,0.002262,0.003506,0.284469,87
BENPORATH_ES1,stemness,SRA1,0.259874,0.21046,0.004564,0.003465,0.204263,88
BENPORATH_ES1,stemness,CSE1L,0.145867,0.108666,0.002357,0.003443,0.289054,89
BENPORATH_ES1,stemness,RCC2,0.17673,0.125887,0.00273,0.003438,0.247519,90
BENPORATH_ES1,stemness,NPM3,0.150599,0.113747,0.002467,0.003411,0.278794,91
BENPORATH_ES1,stemness,MAT2A,0.286421,0.256919,0.005572,0.003377,0.197874,92
BENPORATH_ES1,stemness,PMAIP1,0.140621,0.117459,0.002547,0.003369,0.232015,93
BENPORATH_ES1,stemness,RBBP8,0.170737,0.125456,0.002721,0.003324,0.245881,94
BENPORATH_ES1,stemness,TMPO,0.134179,0.10274,0.002228,0.003298,0.287044,95
BENPORATH_ES1,stemness,EXOSC5,0.20009,0.152698,0.003312,0.003263,0.240813,96
BENPORATH_ES1,stemness,AZIN1,0.240798,0.205499,0.004457,0.003259,0.233969,97
BENPORATH_ES1,stemness,DHFR,0.09098,0.064337,0.001395,0.003258,0.290356,98
BENPORATH_ES1,stemness,MRS2,0.173676,0.125762,0.002728,0.003209,0.269368,99
BENPORATH_ES1,stemness,RNF138,0.160145,0.118196,0.002563,0.003204,0.261309,100
BENPORATH_ES1,stemness,FEN1,0.100277,0.071545,0.001552,0.003141,0.287756,101
BENPORATH_ES1,stemness,KLHL7,0.158783,0.113425,0.00246,0.00314,0.26267,102
BENPORATH_ES1,stemness,SEPHS1,0.141584,0.097753,0.00212,0.00305,0.268961,103
BENPORATH_ES1,stemness,MIS18A,0.128717,0.092401,0.002004,0.003042,0.257268,104
BENPORATH_ES1,stemness,MSH6,0.127571,0.090805,0.001969,0.0029,0.265317,105
BENPORATH_ES1,stemness,ECT2,0.105507,0.085634,0.001857,0.00288,0.283812,106
BENPORATH_ES1,stemness,GART,0.149768,0.108735,0.002358,0.00287,0.262851,107
BENPORATH_ES1,stemness,ESF1,0.160942,0.113178,0.002455,0.002868,0.234263,108
BENPORATH_ES1,stemness,GNL3,0.170737,0.127418,0.002763,0.002847,0.228724,109
BENPORATH_ES1,stemness,CEBPZ,0.187074,0.13543,0.002937,0.002843,0.213989,110
BENPORATH_ES1,stemness,OAZ2,0.177245,0.124312,0.002696,0.002831,0.217103,111
BENPORATH_ES1,stemness,DBNDD1,0.172015,0.131782,0.002858,0.002804,0.205039,112
BENPORATH_ES1,stemness,TERF1,0.135092,0.087268,0.001893,0.002799,0.245448,113
BENPORATH_ES1,stemness,ESRP1,0.176979,0.135636,0.002942,0.002783,0.226676,114
BENPORATH_ES1,stemness,MIS18BP1,0.122209,0.086074,0.001867,0.002592,0.249719,115
BENPORATH_ES1,stemness,TUBB2B,0.089917,0.111702,0.002423,0.002591,0.154435,116
BENPORATH_ES1,stemness,NUP37,0.107665,0.074211,0.001609,0.002559,0.242089,117
BENPORATH_ES1,stemness,DLGAP5,0.054571,0.042527,0.000922,0.002559,0.286455,118
BENPORATH_ES1,stemness,G3BP2,0.217539,0.179854,0.003901,0.002526,0.20614,119
BENPORATH_ES1,stemness,CDCA5,0.062192,0.044669,0.000969,0.002522,0.29316,120
BENPORATH_ES1,stemness,MCM4,0.104411,0.072499,0.001572,0.002449,0.251026,121
BENPORATH_ES1,stemness,GAL,0.079408,0.067214,0.001458,0.002429,0.239708,122
BENPORATH_ES1,stemness,TIA1,0.193897,0.144303,0.00313,0.002417,0.21299,123
BENPORATH_ES1,stemness,MFGE8,0.198944,0.202675,0.004396,0.002376,0.190565,124
BENPORATH_ES1,stemness,INTS13,0.092756,0.062917,0.001365,0.002374,0.24451,125
BENPORATH_ES1,stemness,RRP15,0.123952,0.080101,0.001737,0.002348,0.224996,126
BENPORATH_ES1,stemness,NAA15,0.107931,0.073261,0.001589,0.002299,0.228706,127
BENPORATH_ES1,stemness,UNG,0.122391,0.090782,0.001969,0.002293,0.225354,128
BENPORATH_ES1,stemness,KIF2C,0.049408,0.038211,0.000829,0.002282,0.272432,129
BENPORATH_ES1,stemness,CDT1,0.063819,0.042149,0.000914,0.002237,0.270148,130
BENPORATH_ES1,stemness,MTHFD1,0.088058,0.057485,0.001247,0.002219,0.24219,131
BENPORATH_ES1,stemness,NUDT15,0.113725,0.076006,0.001648,0.002184,0.222574,132
BENPORATH_ES1,stemness,HMMR,0.048678,0.037907,0.000822,0.00217,0.261331,133
BENPORATH_ES1,stemness,SLC29A1,0.181678,0.150962,0.003274,0.002146,0.165449,134
BENPORATH_ES1,stemness,WDR12,0.091412,0.058898,0.001277,0.00214,0.242663,135
BENPORATH_ES1,stemness,TCF7L1,0.111517,0.073346,0.001591,0.002118,0.215983,136
BENPORATH_ES1,stemness,PODXL,0.11331,0.08342,0.001809,0.002102,0.203554,137
BENPORATH_ES1,stemness,PRPS1,0.104245,0.070647,0.001532,0.002092,0.219592,138
BENPORATH_ES1,stemness,IGF2BP2,0.094151,0.079446,0.001723,0.00209,0.215073,139
BENPORATH_ES1,stemness,MAP7,0.156675,0.113658,0.002465,0.002079,0.176011,140
BENPORATH_ES1,stemness,AURKB,0.048429,0.03712,0.000805,0.002068,0.274868,141
BENPORATH_ES1,stemness,GPM6B,0.098152,0.068932,0.001495,0.002039,0.211429,142
BENPORATH_ES1,stemness,FANCL,0.108645,0.07533,0.001634,0.002018,0.221933,143
BENPORATH_ES1,stemness,MTF2,0.122176,0.077199,0.001674,0.002014,0.209833,144
BENPORATH_ES1,stemness,USP9X,0.174041,0.122197,0.00265,0.001997,0.174593,145
BENPORATH_ES1,stemness,USO1,0.188883,0.14144,0.003068,0.001987,0.191331,146
BENPORATH_ES1,stemness,NOL11,0.118689,0.084697,0.001837,0.001983,0.226173,147
BENPORATH_ES1,stemness,DSCC1,0.060133,0.042421,0.00092,0.001952,0.254587,148
BENPORATH_ES1,stemness,NTHL1,0.116581,0.079865,0.001732,0.001913,0.200524,149
BENPORATH_ES1,stemness,MCM6,0.059137,0.039278,0.000852,0.001894,0.237501,150
BENPORATH_ES1,stemness,MTA3,0.149104,0.098931,0.002146,0.001892,0.176794,151
BENPORATH_ES1,stemness,RABGAP1L,0.145966,0.112597,0.002442,0.001876,0.180008,152
BENPORATH_ES1,stemness,MARS,0.111932,0.078795,0.001709,0.001848,0.198813,153
BENPORATH_ES1,stemness,SPC25,0.042435,0.029517,0.00064,0.001816,0.254416,154
BENPORATH_ES1,stemness,KIF4A,0.045922,0.031059,0.000674,0.001808,0.259498,155
BENPORATH_ES1,stemness,BRWD1,0.200289,0.155529,0.003373,0.001774,0.181754,156
BENPORATH_ES1,stemness,SLC16A1,0.081567,0.051975,0.001127,0.00177,0.207836,157
BENPORATH_ES1,stemness,TRIM22,0.133947,0.112847,0.002447,0.001752,0.150241,158
BENPORATH_ES1,stemness,GPC4,0.075025,0.048894,0.00106,0.001707,0.169323,159
BENPORATH_ES1,stemness,NDC1,0.068617,0.042965,0.000932,0.001684,0.214031,160
BENPORATH_ES1,stemness,MCM2,0.058905,0.037976,0.000824,0.001656,0.225508,161
BENPORATH_ES1,stemness,EXOSC9,0.068152,0.042511,0.000922,0.001644,0.200164,162
BENPORATH_ES1,stemness,MSH2,0.085435,0.057713,0.001252,0.001633,0.213265,163
BENPORATH_ES1,stemness,TRIM24,0.093138,0.053392,0.001158,0.001621,0.194804,164
BENPORATH_ES1,stemness,NFYB,0.104693,0.069511,0.001508,0.001602,0.183526,165
BENPORATH_ES1,stemness,RRM2,0.041638,0.028116,0.00061,0.001599,0.231226,166
BENPORATH_ES1,stemness,ZNF267,0.087294,0.059179,0.001283,0.001569,0.176862,167
BENPORATH_ES1,stemness,RFC3,0.060714,0.040393,0.000876,0.001531,0.206574,168
BENPORATH_ES1,stemness,NMU,0.037305,0.031753,0.000689,0.001493,0.207007,169
BENPORATH_ES1,stemness,TNPO3,0.095064,0.05721,0.001241,0.00149,0.180284,170
BENPORATH_ES1,stemness,LARP7,0.112662,0.070128,0.001521,0.001485,0.168947,171
BENPORATH_ES1,stemness,PUS7,0.07378,0.048134,0.001044,0.001482,0.207219,172
BENPORATH_ES1,stemness,CDC6,0.0428,0.028882,0.000626,0.001482,0.227966,173
BENPORATH_ES1,stemness,PLPP1,0.140006,0.106692,0.002314,0.001456,0.159839,174
BENPORATH_ES1,stemness,NUP107,0.086497,0.057542,0.001248,0.001437,0.199877,175
BENPORATH_ES1,stemness,NFE2L3,0.064848,0.038237,0.000829,0.001413,0.197363,176
BENPORATH_ES1,stemness,OIP5,0.043631,0.027394,0.000594,0.001407,0.234483,177
BENPORATH_ES1,stemness,NCAPH,0.033702,0.020695,0.000449,0.001401,0.233475,178
BENPORATH_ES1,stemness,NLN,0.076652,0.04903,0.001063,0.001395,0.190727,179
BENPORATH_ES1,stemness,RRAS2,0.094915,0.062624,0.001358,0.001368,0.171602,180
BENPORATH_ES1,stemness,CASP3,0.098534,0.066753,0.001448,0.001345,0.172648,181
BENPORATH_ES1,stemness,PRIM2,0.064616,0.043672,0.000947,0.001333,0.204502,182
BENPORATH_ES1,stemness,PUS1,0.062989,0.037973,0.000824,0.001329,0.179834,183
BENPORATH_ES1,stemness,TMEM177,0.071157,0.04212,0.000913,0.001319,0.184767,184
BENPORATH_ES1,stemness,BUB1,0.034881,0.024221,0.000525,0.001318,0.224619,185
BENPORATH_ES1,stemness,ICE2,0.114323,0.075406,0.001635,0.001306,0.153092,186
BENPORATH_ES1,stemness,HELLS,0.06181,0.04059,0.00088,0.001305,0.177609,187
BENPORATH_ES1,stemness,PAK1,0.131921,0.092645,0.002009,0.001303,0.154718,188
BENPORATH_ES1,stemness,SLC6A8,0.08414,0.053928,0.00117,0.001297,0.14454,189
BENPORATH_ES1,stemness,KCNS3,0.096193,0.064761,0.001405,0.001296,0.136796,190
BENPORATH_ES1,stemness,TTLL12,0.085103,0.053471,0.00116,0.001281,0.177689,191
BENPORATH_ES1,stemness,NOC3L,0.079857,0.05023,0.001089,0.001279,0.170477,192
BENPORATH_ES1,stemness,PPM1B,0.12113,0.080343,0.001742,0.001278,0.134552,193
BENPORATH_ES1,stemness,MCM10,0.036143,0.025039,0.000543,0.001272,0.224133,194
BENPORATH_ES1,stemness,CHEK1,0.049807,0.032706,0.000709,0.001268,0.213553,195
BENPORATH_ES1,stemness,MGME1,0.10911,0.069678,0.001511,0.001253,0.158737,196
BENPORATH_ES1,stemness,DMKN,0.263062,0.30063,0.00652,0.001253,0.115536,197
BENPORATH_ES1,stemness,PRKD3,0.080753,0.05183,0.001124,0.001248,0.187909,198
BENPORATH_ES1,stemness,ITPR3,0.070775,0.046945,0.001018,0.00121,0.155531,199
BENPORATH_ES1,stemness,HPS3,0.088722,0.06002,0.001302,0.001136,0.167773,200
BENPORATH_ES1,stemness,ARL5B,0.16393,0.131976,0.002862,0.001128,0.148997,201
BENPORATH_ES1,stemness,DIDO1,0.110554,0.070867,0.001537,0.001125,0.142612,202
BENPORATH_ES1,stemness,ZNF770,0.11492,0.081068,0.001758,0.001093,0.170517,203
BENPORATH_ES1,stemness,CHEK2,0.044859,0.028944,0.000628,0.00109,0.194846,204
BENPORATH_ES1,stemness,GPRC5B,0.098268,0.067158,0.001456,0.001085,0.153874,205
BENPORATH_ES1,stemness,FZD7,0.076951,0.048052,0.001042,0.001058,0.152262,206
BENPORATH_ES1,stemness,LGALS8,0.120715,0.083854,0.001819,0.001051,0.116151,207
BENPORATH_ES1,stemness,MAK16,0.051002,0.032966,0.000715,0.00105,0.156074,208
BENPORATH_ES1,stemness,ANGEL2,0.098086,0.062193,0.001349,0.001045,0.141364,209
BENPORATH_ES1,stemness,ETV4,0.04461,0.027788,0.000603,0.001011,0.163027,210
BENPORATH_ES1,stemness,PROM1,0.121877,0.106954,0.00232,0.000992,0.136629,211
BENPORATH_ES1,stemness,WDHD1,0.037106,0.021796,0.000473,0.00098,0.184148,212
BENPORATH_ES1,stemness,PRMT3,0.059718,0.038363,0.000832,0.000972,0.165997,213
BENPORATH_ES1,stemness,EGLN3,0.145203,0.139485,0.003025,0.000971,0.106215,214
BENPORATH_ES1,stemness,DNMT3A,0.080919,0.050657,0.001099,0.000964,0.153332,215
BENPORATH_ES1,stemness,AUTS2,0.125048,0.08466,0.001836,0.000955,0.118714,216
BENPORATH_ES1,stemness,ELOVL6,0.043896,0.025436,0.000552,0.000953,0.152875,217
BENPORATH_ES1,stemness,RAD54B,0.036226,0.023343,0.000506,0.000952,0.187689,218
BENPORATH_ES1,stemness,NCAPG2,0.044062,0.028943,0.000628,0.000948,0.186913,219
BENPORATH_ES1,stemness,PRKX,0.080172,0.051676,0.001121,0.000922,0.158226,220
BENPORATH_ES1,stemness,PRIM1,0.0385,0.024436,0.00053,0.00092,0.153244,221
BENPORATH_ES1,stemness,DLG3,0.099497,0.067225,0.001458,0.000911,0.123509,222
BENPORATH_ES1,stemness,FGFR1,0.081367,0.06191,0.001343,0.000905,0.121755,223
BENPORATH_ES1,stemness,CHAF1A,0.043465,0.02457,0.000533,0.000899,0.171168,224
BENPORATH_ES1,stemness,MYO19,0.063122,0.037356,0.00081,0.000896,0.16126,225
BENPORATH_ES1,stemness,POLR3G,0.037571,0.021801,0.000473,0.000886,0.160427,226
BENPORATH_ES1,stemness,GNPTAB,0.097471,0.062821,0.001362,0.000867,0.119151,227
BENPORATH_ES1,stemness,PARPBP,0.036907,0.023615,0.000512,0.00086,0.179105,228
BENPORATH_ES1,stemness,SLC39A10,0.076337,0.048765,0.001058,0.000846,0.140153,229
BENPORATH_ES1,stemness,SLC38A1,0.250328,0.226174,0.004905,0.000822,0.102133,230
BENPORATH_ES1,stemness,EPHA1,0.054073,0.032786,0.000711,0.00082,0.123979,231
BENPORATH_ES1,stemness,MED14,0.072784,0.043064,0.000934,0.000769,0.125109,232
BENPORATH_ES1,stemness,PDK1,0.054704,0.037744,0.000819,0.000745,0.146141,233
BENPORATH_ES1,stemness,VSNL1,0.038766,0.027935,0.000606,0.000745,0.14031,234
BENPORATH_ES1,stemness,ST6GAL1,0.083858,0.054626,0.001185,0.00074,0.104413,235
BENPORATH_ES1,stemness,FKBP5,0.089137,0.069796,0.001514,0.00074,0.128063,236
BENPORATH_ES1,stemness,GINS4,0.031162,0.019847,0.00043,0.000735,0.161808,237
BENPORATH_ES1,stemness,BUB1B,0.022679,0.013751,0.000298,0.000723,0.17293,238
BENPORATH_ES1,stemness,ZNF195,0.07637,0.048106,0.001043,0.000721,0.127265,239
BENPORATH_ES1,stemness,GJA1,0.047748,0.033265,0.000721,0.000717,0.132214,240
BENPORATH_ES1,stemness,PITPNC1,0.056414,0.034032,0.000738,0.000701,0.122806,241
BENPORATH_ES1,stemness,AEN,0.055003,0.034754,0.000754,0.000677,0.103022,242
BENPORATH_ES1,stemness,ACTA1,0.012203,0.0222,0.000481,0.000675,0.042277,243
BENPORATH_ES1,stemness,DIAPH2,0.044394,0.027831,0.000604,0.000661,0.139143,244
BENPORATH_ES1,stemness,SOX2,0.023758,0.013914,0.000302,0.000643,0.12462,245
BENPORATH_ES1,stemness,PLCB3,0.049724,0.028266,0.000613,0.000631,0.122299,246
BENPORATH_ES1,stemness,MDN1,0.059021,0.037483,0.000813,0.000623,0.12917,247
BENPORATH_ES1,stemness,PIK3CB,0.075357,0.050764,0.001101,0.000603,0.11984,248
BENPORATH_ES1,stemness,MICB,0.023027,0.013425,0.000291,0.000601,0.13461,249
BENPORATH_ES1,stemness,PYCR2,0.060316,0.035235,0.000764,0.0006,0.097121,250
BENPORATH_ES1,stemness,PTPRZ1,0.030498,0.020173,0.000438,0.000596,0.120726,251
BENPORATH_ES1,stemness,DDIAS,0.025269,0.016144,0.00035,0.000574,0.157149,252
BENPORATH_ES1,stemness,BMPR1A,0.068467,0.04385,0.000951,0.000573,0.117504,253
BENPORATH_ES1,stemness,JARID2,0.072236,0.044839,0.000972,0.000565,0.096805,254
BENPORATH_ES1,stemness,PPP2R1B,0.043996,0.026387,0.000572,0.00056,0.112311,255
BENPORATH_ES1,stemness,MAN2A1,0.064599,0.043319,0.000939,0.000557,0.104134,256
BENPORATH_ES1,stemness,KAT7,0.06958,0.047412,0.001028,0.000549,0.104912,257
BENPORATH_ES1,stemness,DNA2,0.0215,0.01425,0.000309,0.000525,0.136393,258
BENPORATH_ES1,stemness,COCH,0.024306,0.016303,0.000354,0.000524,0.136874,259
BENPORATH_ES1,stemness,JADE1,0.052729,0.030569,0.000663,0.000516,0.095498,260
BENPORATH_ES1,stemness,POLE2,0.019342,0.011554,0.000251,0.000515,0.133929,261
BENPORATH_ES1,stemness,ZNF398,0.036774,0.020652,0.000448,0.000497,0.117207,262
BENPORATH_ES1,stemness,TDRP,0.054024,0.032874,0.000713,0.000493,0.112225,263
BENPORATH_ES1,stemness,LRP8,0.022745,0.011072,0.00024,0.000491,0.131815,264
BENPORATH_ES1,stemness,IGF2BP3,0.02497,0.017855,0.000387,0.000489,0.137647,265
BENPORATH_ES1,stemness,COBL,0.073432,0.048638,0.001055,0.000487,0.094533,266
BENPORATH_ES1,stemness,ORC1,0.013398,0.007966,0.000173,0.000463,0.138077,267
BENPORATH_ES1,stemness,LGR4,0.044261,0.024412,0.000529,0.000457,0.104063,268
BENPORATH_ES1,stemness,OLFM1,0.033404,0.018615,0.000404,0.000443,0.094779,269
BENPORATH_ES1,stemness,SEMA6A,0.037836,0.023274,0.000505,0.000437,0.111666,270
BENPORATH_ES1,stemness,THEMIS2,0.028091,0.016724,0.000363,0.000431,0.099178,271
BENPORATH_ES1,stemness,HOMER1,0.048346,0.027259,0.000591,0.000414,0.094054,272
BENPORATH_ES1,stemness,CAPRIN2,0.035944,0.019944,0.000433,0.000404,0.104861,273
BENPORATH_ES1,stemness,LRRN1,0.048362,0.034428,0.000747,0.000374,0.099113,274
BENPORATH_ES1,stemness,SLC13A3,0.028589,0.015529,0.000337,0.000364,0.088459,275
BENPORATH_ES1,stemness,CDC25A,0.013796,0.007601,0.000165,0.000347,0.117944,276
BENPORATH_ES1,stemness,PCDH1,0.05331,0.032226,0.000699,0.000339,0.0578,277
BENPORATH_ES1,stemness,PPP2R2B,0.020122,0.010379,0.000225,0.00032,0.092234,278
BENPORATH_ES1,stemness,ROBO1,0.029452,0.017564,0.000381,0.000302,0.09652,279
BENPORATH_ES1,stemness,ERCC6L,0.010758,0.006622,0.000144,0.000301,0.119532,280
BENPORATH_ES1,stemness,PIM2,0.034416,0.022274,0.000483,0.000295,0.08888,281
BENPORATH_ES1,stemness,FRAT2,0.041721,0.022001,0.000477,0.000285,0.074878,282
BENPORATH_ES1,stemness,ABHD17B,0.028606,0.016876,0.000366,0.000272,0.079888,283
BENPORATH_ES1,stemness,KIFC2,0.046619,0.028452,0.000617,0.000269,0.077805,284
BENPORATH_ES1,stemness,DNMT3B,0.017947,0.010551,0.000229,0.000231,0.08694,285
BENPORATH_ES1,stemness,FZD5,0.01876,0.009859,0.000214,0.000226,0.074351,286
BENPORATH_ES1,stemness,FGF13,0.054356,0.03483,0.000755,0.000225,0.068734,287
BENPORATH_ES1,stemness,GPR19,0.007239,0.004098,8.9e-05,0.00021,0.093589,288
BENPORATH_ES1,stemness,ERBB2,0.137732,0.107929,0.002341,0.000203,0.060625,289
BENPORATH_ES1,stemness,SIRT1,0.054107,0.033302,0.000722,0.0002,0.062526,290
BENPORATH_ES1,stemness,ZGRF1,0.012037,0.007313,0.000159,0.000198,0.089995,291
BENPORATH_ES1,stemness,FOXD3,0.010293,0.004148,9e-05,0.000192,0.085618,292
BENPORATH_ES1,stemness,ETV1,0.020869,0.015091,0.000327,0.00019,0.052235,293
BENPORATH_ES1,stemness,PASK,0.016038,0.009297,0.000202,0.000175,0.069863,294
BENPORATH_ES1,stemness,FGF2,0.015058,0.007597,0.000165,0.000167,0.069968,295
BENPORATH_ES1,stemness,POU5F1,0.008085,0.00463,1e-04,0.000158,0.069177,296
BENPORATH_ES1,stemness,DCLK1,0.018794,0.011242,0.000244,0.000157,0.070375,297
BENPORATH_ES1,stemness,ADD2,0.00762,0.00543,0.000118,0.000152,0.07731,298
BENPORATH_ES1,stemness,L1TD1,0.004582,0.003059,6.6e-05,0.000136,0.051796,299
BENPORATH_ES1,stemness,PFAS,0.014394,0.008389,0.000182,0.000134,0.054889,300
BENPORATH_ES1,stemness,LRIG1,0.074527,0.048227,0.001046,0.000133,0.044225,301
BENPORATH_ES1,stemness,CACHD1,0.019707,0.011421,0.000248,0.00013,0.063246,302
BENPORATH_ES1,stemness,ANOS1,0.02409,0.015059,0.000327,0.000126,0.035752,303
BENPORATH_ES1,stemness,EPB41L4B,0.039214,0.022653,0.000491,0.000124,0.042548,304
BENPORATH_ES1,stemness,GPR176,0.008932,0.004681,0.000102,0.000116,0.054294,305
BENPORATH_ES1,stemness,CHST7,0.01212,0.006615,0.000143,0.000113,0.053683,306
BENPORATH_ES1,stemness,ADGRG2,0.005578,0.002717,5.9e-05,0.000104,0.067068,307
BENPORATH_ES1,stemness,GAD1,0.00933,0.0048,0.000104,9.9e-05,0.026675,308
BENPORATH_ES1,stemness,CLDN6,0.013083,0.017324,0.000376,8.9e-05,0.067014,309
BENPORATH_ES1,stemness,TMEFF1,0.004682,0.003074,6.7e-05,8.8e-05,0.059517,310
BENPORATH_ES1,stemness,GLDC,0.00679,0.003343,7.3e-05,8.8e-05,0.052568,311
BENPORATH_ES1,stemness,CBS,0.008982,0.004818,0.000104,8.2e-05,0.060718,312
BENPORATH_ES1,stemness,HAS3,0.008318,0.005076,0.00011,8.1e-05,0.034841,313
BENPORATH_ES1,stemness,LCK,0.01363,0.011001,0.000239,8.1e-05,0.033693,314
BENPORATH_ES1,stemness,SYNGR3,0.00679,0.003531,7.7e-05,7.9e-05,0.047404,315
BENPORATH_ES1,stemness,FOXO1,0.019325,0.01154,0.00025,7.6e-05,0.035427,316
BENPORATH_ES1,stemness,USP44,0.00591,0.002896,6.3e-05,6.5e-05,0.047073,317
BENPORATH_ES1,stemness,CNTNAP2,0.011456,0.007338,0.000159,6.2e-05,0.01033,318
BENPORATH_ES1,stemness,ZIC2,0.001511,0.000719,1.6e-05,5.3e-05,0.028801,319
BENPORATH_ES1,stemness,SALL2,0.017499,0.009334,0.000202,4.6e-05,0.025535,320
BENPORATH_ES1,stemness,CKMT1A,0.004765,0.002804,6.1e-05,4.3e-05,0.026591,321
BENPORATH_ES1,stemness,CRMP1,0.003088,0.00206,4.5e-05,4e-05,0.034937,322
BENPORATH_ES1,stemness,ADAM23,0.002324,0.000934,2e-05,3.3e-05,0.038589,323
BENPORATH_ES1,stemness,ZNF589,0.01041,0.006067,0.000132,3.2e-05,0.033488,324
BENPORATH_ES1,stemness,ZIC3,0.00171,0.001092,2.4e-05,2.9e-05,0.026526,325
BENPORATH_ES1,stemness,SPRY4,0.020255,0.012271,0.000266,2.9e-05,0.036358,326
BENPORATH_ES1,stemness,ATP1A2,0.000946,0.000712,1.5e-05,2.8e-05,0.016263,327
BENPORATH_ES1,stemness,GABRA5,0.001478,0.000617,1.3e-05,2.6e-05,0.037789,328
BENPORATH_ES1,stemness,NLGN4X,0.01461,0.008295,0.00018,2.2e-05,0.010728,329
BENPORATH_ES1,stemness,HESX1,0.002739,0.001429,3.1e-05,1.6e-05,0.020219,330
BENPORATH_ES1,stemness,NODAL,0.001146,0.000735,1.6e-05,1.5e-05,0.014531,331
BENPORATH_ES1,stemness,LEFTY1,0.001428,0.000653,1.4e-05,1.4e-05,0.011406,332
BENPORATH_ES1,stemness,ACTC1,0.000747,0.000888,1.9e-05,1.3e-05,0.021593,333
BENPORATH_ES1,stemness,SLC7A3,0.000581,0.000424,9e-06,1.3e-05,0.012336,334
BENPORATH_ES1,stemness,TNNT1,0.048146,0.037634,0.000816,1.2e-05,-0.000974,335
BENPORATH_ES1,stemness,SCGB3A2,0.000797,0.000863,1.9e-05,1e-05,0.012695,336
BENPORATH_ES1,stemness,NTS,0.001229,0.00213,4.6e-05,9e-06,-0.000629,337
BENPORATH_ES1,stemness,DPPA4,0.00073,0.000408,9e-06,9e-06,0.019568,338
BENPORATH_ES1,stemness,CYP2S1,0.003038,0.002119,4.6e-05,9e-06,0.023174,339
BENPORATH_ES1,stemness,CAMKV,0.000415,0.00022,5e-06,8e-06,0.018533,340
BENPORATH_ES1,stemness,CNMD,0.000349,0.000171,4e-06,6e-06,0.017913,341
BENPORATH_ES1,stemness,NMRK2,0.000216,0.000131,3e-06,5e-06,0.009775,342
BENPORATH_ES1,stemness,SALL4,0.001909,0.001314,2.8e-05,5e-06,0.023147,343
BENPORATH_ES1,stemness,VRTN,0.000116,5.2e-05,1e-06,4e-06,0.012023,344
BENPORATH_ES1,stemness,LIN28A,0.0001,4.7e-05,1e-06,3e-06,0.007545,345
BENPORATH_ES1,stemness,CER1,0.0001,3e-05,1e-06,2e-06,0.011448,346
BENPORATH_ES1,stemness,PRDM14,0.000515,0.000349,8e-06,2e-06,0.007279,347
BENPORATH_ES1,stemness,TDGF1,0.000216,9e-05,2e-06,2e-06,0.003913,348
BENPORATH_ES1,stemness,ACTN3,0.000365,0.000253,5e-06,1e-06,0.007065,349
BENPORATH_ES1,stemness,UTF1,0.000133,6.7e-05,1e-06,0.0,-0.001136,350
BENPORATH_ES1,stemness,KLKB1,0.00098,0.000608,1.3e-05,-1e-06,0.008633,351
BENPORATH_ES1,stemness,RAP1GAP2,0.031179,0.02081,0.000451,-1e-06,0.030475,352
BENPORATH_ES1,stemness,PIPOX,0.002042,0.001357,2.9e-05,-1e-06,0.011409,353
BENPORATH_ES1,stemness,ZSCAN10,0.000598,0.000358,8e-06,-1e-06,-0.001999,354
BENPORATH_ES1,stemness,NANOG,0.000249,0.000143,3e-06,-2e-06,0.002102,355
BENPORATH_ES1,stemness,SALL1,0.000149,0.000142,3e-06,-5e-06,-0.003373,356
BENPORATH_ES1,stemness,AASS,0.01197,0.007621,0.000165,-1.8e-05,0.019347,357
BENPORATH_ES1,stemness,CYP26A1,0.002557,0.001827,4e-05,-1.9e-05,0.001617,358
BENPORATH_ES1,stemness,GABRB3,0.00601,0.003347,7.3e-05,-2.4e-05,-0.01371,359
BENPORATH_ES1,stemness,ALPL,0.042385,0.035661,0.000773,-2.8e-05,0.063627,360
BENPORATH_ES1,stemness,RAB3B,0.016005,0.010626,0.00023,-6.7e-05,-0.024616,361
BENPORATH_ES1,stemness,KIF5C,0.016619,0.011449,0.000248,-0.000106,-0.006962,362
BENPORATH_ES1,stemness,SORL1,0.061976,0.041065,0.000891,-0.000165,0.00346,363
BENPORATH_ES1,stemness,SNRPN,0.093338,0.0673,0.00146,-0.000202,0.008993,364
BENPORATH_ES1,stemness,SCNN1A,0.048097,0.033149,0.000719,-0.000275,-0.014767,365
BENPORATH_ES1,stemness,SFRP2,0.083957,0.128757,0.002792,-0.000767,0.064212,366
BENPORATH_ES1,stemness,RARRES2,0.087344,0.104266,0.002261,-0.000917,0.057529,367
BENPORATH_ES1,stemness,RPS24,0.940299,2.71963,0.058983,-0.001879,-0.090326,368
ESC_ASSOU,stemness,TUBB,0.690319,1.304494,0.009592,0.011853,0.502087,1
ESC_ASSOU,stemness,PRDX1,0.789385,1.735608,0.012762,0.010846,0.355042,2
ESC_ASSOU,stemness,RPL7,0.723225,1.364588,0.010034,0.010107,0.402284,3
ESC_ASSOU,stemness,LGALS1,0.616954,1.318958,0.009699,0.009835,0.346943,4
ESC_ASSOU,stemness,UQCRH,0.718062,1.357262,0.00998,0.009741,0.401914,5
ESC_ASSOU,stemness,HMGN2,0.705809,1.29048,0.009489,0.009614,0.392318,6
ESC_ASSOU,stemness,HSPD1,0.5751,0.859662,0.006321,0.009576,0.48916,7
ESC_ASSOU,stemness,HSPE1,0.657165,1.088149,0.008001,0.009072,0.403416,8
ESC_ASSOU,stemness,CD9,0.64111,1.157656,0.008512,0.008585,0.276753,9
ESC_ASSOU,stemness,NPM1,0.747364,1.41336,0.010393,0.008444,0.349052,10
ESC_ASSOU,stemness,PFN1,0.846297,1.996642,0.014682,0.00839,0.303726,11
ESC_ASSOU,stemness,FABP5,0.420733,0.704503,0.00518,0.008329,0.450089,12
ESC_ASSOU,stemness,HSPA8,0.727741,1.346447,0.009901,0.008292,0.316181,13
ESC_ASSOU,stemness,PGK1,0.580745,0.904374,0.00665,0.007546,0.374793,14
ESC_ASSOU,stemness,MGST1,0.64043,1.130035,0.008309,0.007538,0.292988,15
ESC_ASSOU,stemness,NCL,0.595288,0.857024,0.006302,0.007361,0.398986,16
ESC_ASSOU,stemness,NDUFA4,0.759019,1.504975,0.011066,0.007353,0.238882,17
ESC_ASSOU,stemness,DEK,0.415636,0.494635,0.003637,0.007314,0.511955,18
ESC_ASSOU,stemness,IFITM1,0.565537,1.248576,0.009181,0.007244,0.209385,19
ESC_ASSOU,stemness,TPM3,0.599787,0.895199,0.006583,0.007176,0.352164,20
ESC_ASSOU,stemness,SSBP1,0.520495,0.688246,0.005061,0.007151,0.438497,21
ESC_ASSOU,stemness,NUCKS1,0.485548,0.60023,0.004414,0.006924,0.424226,22
ESC_ASSOU,stemness,HSP90B1,0.587103,0.897621,0.0066,0.006908,0.306771,23
ESC_ASSOU,stemness,COX6A1,0.676971,1.145194,0.008421,0.006804,0.242373,24
ESC_ASSOU,stemness,RPL24,0.871698,2.116824,0.015565,0.006729,0.185365,25
ESC_ASSOU,stemness,SNRPD3,0.556771,0.75575,0.005557,0.006648,0.408535,26
ESC_ASSOU,stemness,CKS1B,0.424535,0.54554,0.004011,0.006605,0.468583,27
ESC_ASSOU,stemness,CBX3,0.479936,0.577759,0.004248,0.006599,0.442476,28
ESC_ASSOU,stemness,LSM5,0.492189,0.622814,0.00458,0.006382,0.414625,29
ESC_ASSOU,stemness,HNRNPA1,0.681288,1.124785,0.008271,0.006209,0.291415,30
ESC_ASSOU,stemness,CKS2,0.412332,0.541169,0.003979,0.006106,0.414535,31
ESC_ASSOU,stemness,SNRPA1,0.340428,0.364195,0.002678,0.006035,0.468667,32
ESC_ASSOU,stemness,BST2,0.494164,0.908033,0.006677,0.005971,0.207824,33
ESC_ASSOU,stemness,UBE2C,0.212043,0.329281,0.002421,0.005769,0.45247,34
ESC_ASSOU,stemness,CCT5,0.404795,0.457985,0.003368,0.005709,0.458821,35
ESC_ASSOU,stemness,RPLP0,0.955357,3.004058,0.022089,0.005637,0.176725,36
ESC_ASSOU,stemness,SNRPD2,0.678781,1.11736,0.008216,0.005464,0.250931,37
ESC_ASSOU,stemness,MRPL37,0.37418,0.386437,0.002842,0.005443,0.459867,38
ESC_ASSOU,stemness,C1QBP,0.47816,0.578491,0.004254,0.005329,0.414351,39
ESC_ASSOU,stemness,RPL4,0.687115,1.140232,0.008384,0.005314,0.221649,40
ESC_ASSOU,stemness,SET,0.431591,0.473144,0.003479,0.00529,0.40619,41
ESC_ASSOU,stemness,PSMA3,0.406123,0.446072,0.00328,0.005263,0.407522,42
ESC_ASSOU,stemness,HMGB2,0.279764,0.326285,0.002399,0.005093,0.450494,43
ESC_ASSOU,stemness,TPM1,0.59738,1.001444,0.007364,0.005065,0.236718,44
ESC_ASSOU,stemness,CSRP2,0.308419,0.351292,0.002583,0.00499,0.436154,45
ESC_ASSOU,stemness,NAP1L1,0.405475,0.428655,0.003152,0.004985,0.407213,46
ESC_ASSOU,stemness,CALU,0.380107,0.40717,0.002994,0.004972,0.407813,47
ESC_ASSOU,stemness,TKT,0.433965,0.497494,0.003658,0.004961,0.400985,48
ESC_ASSOU,stemness,CDC20,0.167765,0.222581,0.001637,0.004849,0.44655,49
ESC_ASSOU,stemness,EIF1AX,0.435177,0.465009,0.003419,0.0048,0.392735,50
ESC_ASSOU,stemness,RPL6,0.841117,1.963614,0.014439,0.004783,0.101794,51
ESC_ASSOU,stemness,SSB,0.366742,0.372898,0.002742,0.004686,0.417956,52
ESC_ASSOU,stemness,PRDX2,0.604336,0.927473,0.00682,0.004666,0.271958,53
ESC_ASSOU,stemness,KRT8,0.639201,1.114723,0.008197,0.004612,0.186921,54
ESC_ASSOU,stemness,RPS2,0.746352,1.463306,0.01076,0.004557,0.157804,55
ESC_ASSOU,stemness,HMGB3,0.289194,0.294639,0.002167,0.004548,0.450177,56
ESC_ASSOU,stemness,ABRACL,0.472664,0.584413,0.004297,0.004481,0.342186,57
ESC_ASSOU,stemness,HMGA1,0.354706,0.400443,0.002945,0.004454,0.390354,58
ESC_ASSOU,stemness,MT1X,0.544834,0.846691,0.006226,0.004444,0.270086,59
ESC_ASSOU,stemness,NME2,0.597148,0.915908,0.006735,0.004431,0.257482,60
ESC_ASSOU,stemness,CD24,0.719639,1.486358,0.01093,0.00443,0.139026,61
ESC_ASSOU,stemness,SRRM1,0.424784,0.448582,0.003299,0.004348,0.367132,62
ESC_ASSOU,stemness,HDAC2,0.398918,0.415833,0.003058,0.004318,0.42311,63
ESC_ASSOU,stemness,SMS,0.457158,0.524838,0.003859,0.004249,0.372575,64
ESC_ASSOU,stemness,MRPL11,0.354756,0.357948,0.002632,0.004204,0.428038,65
ESC_ASSOU,stemness,LSM7,0.497003,0.605724,0.004454,0.004166,0.324161,66
ESC_ASSOU,stemness,CRABP2,0.456295,0.701654,0.005159,0.00413,0.246677,67
ESC_ASSOU,stemness,CCT8,0.374479,0.384857,0.00283,0.004087,0.409647,68
ESC_ASSOU,stemness,NUDT5,0.339299,0.334784,0.002462,0.004059,0.41016,69
ESC_ASSOU,stemness,TCEA1,0.485531,0.595813,0.004381,0.004057,0.317923,70
ESC_ASSOU,stemness,SLC3A2,0.405542,0.451139,0.003317,0.004021,0.322489,71
ESC_ASSOU,stemness,PARP1,0.339614,0.336634,0.002475,0.003979,0.416687,72
ESC_ASSOU,stemness,SNRPF,0.429798,0.476936,0.003507,0.00396,0.368015,73
ESC_ASSOU,stemness,PTTG1,0.192121,0.23796,0.00175,0.003936,0.420213,74
ESC_ASSOU,stemness,RPA3,0.348928,0.358099,0.002633,0.003934,0.377932,75
ESC_ASSOU,stemness,RPL39L,0.343134,0.369246,0.002715,0.003886,0.367536,76
ESC_ASSOU,stemness,ATP1B3,0.304667,0.295474,0.002173,0.003811,0.397251,77
ESC_ASSOU,stemness,DUT,0.370594,0.393719,0.002895,0.003796,0.370296,78
ESC_ASSOU,stemness,BCCIP,0.326881,0.314273,0.002311,0.003794,0.391927,79
ESC_ASSOU,stemness,RPL12,0.958976,3.055496,0.022468,0.00375,0.100906,80
ESC_ASSOU,stemness,BIRC5,0.154616,0.17394,0.001279,0.003657,0.436177,81
ESC_ASSOU,stemness,BUB3,0.331778,0.342332,0.002517,0.003655,0.357917,82
ESC_ASSOU,stemness,APEX1,0.402006,0.403682,0.002968,0.003641,0.351134,83
ESC_ASSOU,stemness,CENPF,0.13486,0.145086,0.001067,0.003597,0.411728,84
ESC_ASSOU,stemness,MRPL15,0.313051,0.29355,0.002159,0.003577,0.41334,85
ESC_ASSOU,stemness,BZW1,0.418973,0.453781,0.003337,0.003575,0.323464,86
ESC_ASSOU,stemness,RPS19,0.959906,3.032694,0.0223,0.003435,0.091415,87
ESC_ASSOU,stemness,USP1,0.273023,0.227982,0.001676,0.003423,0.413527,88
ESC_ASSOU,stemness,KRTCAP3,0.329753,0.343355,0.002525,0.003411,0.346868,89
ESC_ASSOU,stemness,VBP1,0.309764,0.283953,0.002088,0.003363,0.3942,90
ESC_ASSOU,stemness,NASP,0.271662,0.246771,0.001815,0.003327,0.403941,91
ESC_ASSOU,stemness,CLDN7,0.46433,0.632401,0.00465,0.003322,0.187971,92
ESC_ASSOU,stemness,CARHSP1,0.363904,0.408054,0.003001,0.00332,0.306283,93
ESC_ASSOU,stemness,PRKDC,0.321369,0.306811,0.002256,0.003281,0.379705,94
ESC_ASSOU,stemness,KRT18,0.654243,1.208918,0.008889,0.003277,0.097913,95
ESC_ASSOU,stemness,LAPTM4B,0.27201,0.27288,0.002007,0.003262,0.350034,96
ESC_ASSOU,stemness,EIF4EBP1,0.462122,0.66587,0.004896,0.003193,0.299872,97
ESC_ASSOU,stemness,KPNA2,0.24387,0.239924,0.001764,0.003161,0.390455,98
ESC_ASSOU,stemness,LSM6,0.324091,0.309598,0.002277,0.003107,0.357635,99
ESC_ASSOU,stemness,PSIP1,0.199558,0.17451,0.001283,0.003082,0.4045,100
ESC_ASSOU,stemness,UGP2,0.342603,0.326923,0.002404,0.003053,0.342445,101
ESC_ASSOU,stemness,EPRS,0.288164,0.260057,0.001912,0.003027,0.366508,102
ESC_ASSOU,stemness,MTHFD2,0.347584,0.365609,0.002688,0.002969,0.339667,103
ESC_ASSOU,stemness,DSP,0.408165,0.493076,0.003626,0.002956,0.25408,104
ESC_ASSOU,stemness,DKC1,0.222934,0.182703,0.001343,0.002956,0.407374,105
ESC_ASSOU,stemness,CTSC,0.231883,0.23972,0.001763,0.002941,0.332923,106
ESC_ASSOU,stemness,SERPINH1,0.324357,0.337226,0.00248,0.002903,0.352471,107
ESC_ASSOU,stemness,EEF1A1,0.976126,3.433886,0.02525,0.002896,0.062259,108
ESC_ASSOU,stemness,MCM7,0.216526,0.196436,0.001444,0.002858,0.39956,109
ESC_ASSOU,stemness,PFDN4,0.257085,0.21223,0.001561,0.002835,0.38907,110
ESC_ASSOU,stemness,SFRP1,0.267378,0.32474,0.002388,0.002818,0.296755,111
ESC_ASSOU,stemness,NUDT1,0.227716,0.215528,0.001585,0.002816,0.376911,112
ESC_ASSOU,stemness,SNRPA,0.301894,0.268956,0.001978,0.002811,0.375514,113
ESC_ASSOU,stemness,XRCC5,0.355171,0.33433,0.002458,0.002762,0.343599,114
ESC_ASSOU,stemness,EIF2S1,0.248502,0.208851,0.001536,0.002722,0.356757,115
ESC_ASSOU,stemness,CLIC4,0.30568,0.293493,0.002158,0.002713,0.349987,116
ESC_ASSOU,stemness,TOMM40,0.251075,0.210123,0.001545,0.002704,0.374375,117
ESC_ASSOU,stemness,PCNA,0.21548,0.187514,0.001379,0.002691,0.373677,118
ESC_ASSOU,stemness,PPP1CC,0.330168,0.307047,0.002258,0.002674,0.361601,119
ESC_ASSOU,stemness,LYPLA1,0.397506,0.410112,0.003016,0.002642,0.307685,120
ESC_ASSOU,stemness,PAICS,0.234904,0.197436,0.001452,0.002604,0.40647,121
ESC_ASSOU,stemness,AMD1,0.302276,0.278095,0.002045,0.002594,0.331853,122
ESC_ASSOU,stemness,CCNB1,0.125961,0.128066,0.000942,0.00259,0.366779,123
ESC_ASSOU,stemness,MAD2L2,0.279664,0.247862,0.001823,0.002566,0.362944,124
ESC_ASSOU,stemness,TK1,0.155114,0.145407,0.001069,0.002565,0.392772,125
ESC_ASSOU,stemness,FXR1,0.290621,0.248789,0.001829,0.002549,0.342433,126
ESC_ASSOU,stemness,CNOT7,0.293792,0.254126,0.001869,0.002539,0.336557,127
ESC_ASSOU,stemness,DNAJB6,0.429233,0.471694,0.003468,0.002529,0.27284,128
ESC_ASSOU,stemness,YTHDF2,0.279963,0.230597,0.001696,0.002527,0.343072,129
ESC_ASSOU,stemness,EIF4E,0.29527,0.263622,0.001938,0.002519,0.346229,130
ESC_ASSOU,stemness,MT1F,0.258944,0.248814,0.00183,0.00247,0.304665,131
ESC_ASSOU,stemness,MRPL42,0.288197,0.243928,0.001794,0.002467,0.3587,132
ESC_ASSOU,stemness,SRP72,0.260422,0.207155,0.001523,0.002455,0.357605,133
ESC_ASSOU,stemness,BAX,0.334899,0.315258,0.002318,0.002439,0.30698,134
ESC_ASSOU,stemness,ENAH,0.295004,0.258597,0.001902,0.002399,0.31792,135
ESC_ASSOU,stemness,AKIRIN1,0.279415,0.232647,0.001711,0.002375,0.332254,136
ESC_ASSOU,stemness,DDX18,0.253349,0.205483,0.001511,0.002365,0.347876,137
ESC_ASSOU,stemness,ATIC,0.235502,0.189014,0.00139,0.002364,0.356583,138
ESC_ASSOU,stemness,TPX2,0.122524,0.121345,0.000892,0.00234,0.376083,139
ESC_ASSOU,stemness,DTYMK,0.206946,0.16641,0.001224,0.002325,0.376235,140
ESC_ASSOU,stemness,MYC,0.295137,0.334691,0.002461,0.002324,0.281205,141
ESC_ASSOU,stemness,IMPDH2,0.354955,0.378742,0.002785,0.002302,0.284382,142
ESC_ASSOU,stemness,CISD1,0.254014,0.218089,0.001604,0.002286,0.345477,143
ESC_ASSOU,stemness,DDX21,0.275713,0.23736,0.001745,0.002276,0.330004,144
ESC_ASSOU,stemness,ILF3,0.303621,0.265369,0.001951,0.002252,0.335201,145
ESC_ASSOU,stemness,FKBP3,0.247937,0.202617,0.00149,0.002233,0.326476,146
ESC_ASSOU,stemness,CCNC,0.286637,0.249981,0.001838,0.00218,0.337196,147
ESC_ASSOU,stemness,PGM1,0.234689,0.190711,0.001402,0.002179,0.341232,148
ESC_ASSOU,stemness,UBA2,0.313948,0.309571,0.002276,0.002163,0.338783,149
ESC_ASSOU,stemness,ADSL,0.206498,0.156526,0.001151,0.002119,0.362732,150
ESC_ASSOU,stemness,HIKESHI,0.267445,0.222909,0.001639,0.002118,0.324052,151
ESC_ASSOU,stemness,MAL2,0.283117,0.273315,0.00201,0.002109,0.262162,152
ESC_ASSOU,stemness,PNN,0.260073,0.211506,0.001555,0.002069,0.309327,153
ESC_ASSOU,stemness,EIF5B,0.241562,0.189905,0.001396,0.00204,0.311618,154
ESC_ASSOU,stemness,MCL1,0.423638,0.470379,0.003459,0.00202,0.204308,155
ESC_ASSOU,stemness,DSG2,0.241429,0.199495,0.001467,0.002017,0.286598,156
ESC_ASSOU,stemness,NDUFAF4,0.213023,0.170947,0.001257,0.002016,0.355771,157
ESC_ASSOU,stemness,BOP1,0.161207,0.118183,0.000869,0.001982,0.364614,158
ESC_ASSOU,stemness,GNL2,0.192287,0.144639,0.001064,0.001977,0.344971,159
ESC_ASSOU,stemness,RNASEH2A,0.164013,0.128104,0.000942,0.00197,0.361076,160
ESC_ASSOU,stemness,NUSAP1,0.096193,0.089343,0.000657,0.00197,0.356072,161
ESC_ASSOU,stemness,DDX46,0.250046,0.198729,0.001461,0.001955,0.305509,162
ESC_ASSOU,stemness,KRR1,0.208009,0.155042,0.00114,0.001938,0.331699,163
ESC_ASSOU,stemness,MEST,0.165773,0.17936,0.001319,0.001912,0.262486,164
ESC_ASSOU,stemness,UCHL1,0.182491,0.206143,0.001516,0.001907,0.301837,165
ESC_ASSOU,stemness,ABCE1,0.222254,0.183231,0.001347,0.001905,0.351589,166
ESC_ASSOU,stemness,RUVBL1,0.176282,0.132934,0.000977,0.001892,0.347332,167
ESC_ASSOU,stemness,CRABP1,0.235967,0.369621,0.002718,0.001891,0.209036,168
ESC_ASSOU,stemness,RBBP6,0.266598,0.219471,0.001614,0.001855,0.248534,169
ESC_ASSOU,stemness,MFAP2,0.216642,0.252967,0.00186,0.001835,0.280561,170
ESC_ASSOU,stemness,RSL24D1,0.349692,0.353813,0.002602,0.001818,0.25906,171
ESC_ASSOU,stemness,PDCD2,0.241512,0.18874,0.001388,0.001816,0.320226,172
ESC_ASSOU,stemness,TARS,0.211628,0.170727,0.001255,0.001782,0.323581,173
ESC_ASSOU,stemness,IMPA2,0.151445,0.107532,0.000791,0.001775,0.332868,174
ESC_ASSOU,stemness,SUPT16H,0.223731,0.17315,0.001273,0.001727,0.30132,175
ESC_ASSOU,stemness,TPD52,0.283366,0.252656,0.001858,0.001725,0.289553,176
ESC_ASSOU,stemness,CCNA2,0.081434,0.07537,0.000554,0.001699,0.357005,177
ESC_ASSOU,stemness,M6PR,0.259708,0.211486,0.001555,0.001693,0.282411,178
ESC_ASSOU,stemness,BCL2L12,0.184782,0.13968,0.001027,0.001683,0.32845,179
ESC_ASSOU,stemness,H2AFX,0.224578,0.197844,0.001455,0.001672,0.285471,180
ESC_ASSOU,stemness,DESI2,0.203742,0.15015,0.001104,0.001672,0.322016,181
ESC_ASSOU,stemness,TOP2A,0.083443,0.075628,0.000556,0.001671,0.337925,182
ESC_ASSOU,stemness,TUBB6,0.160493,0.12463,0.000916,0.001665,0.311327,183
ESC_ASSOU,stemness,CKAP2,0.112181,0.084507,0.000621,0.001656,0.33564,184
ESC_ASSOU,stemness,RAD51AP1,0.087311,0.070915,0.000521,0.001656,0.358635,185
ESC_ASSOU,stemness,IGFBP2,0.213239,0.275342,0.002025,0.001654,0.209783,186
ESC_ASSOU,stemness,SS18L2,0.251972,0.200904,0.001477,0.001649,0.286625,187
ESC_ASSOU,stemness,RRM1,0.141301,0.106861,0.000786,0.001642,0.326504,188
ESC_ASSOU,stemness,RFC4,0.140903,0.106605,0.000784,0.001631,0.338821,189
ESC_ASSOU,stemness,TFAM,0.203643,0.152226,0.001119,0.001613,0.31288,190
ESC_ASSOU,stemness,G3BP1,0.271496,0.239071,0.001758,0.001588,0.281665,191
ESC_ASSOU,stemness,ITGA6,0.205087,0.174491,0.001283,0.001582,0.271475,192
ESC_ASSOU,stemness,CXADR,0.233244,0.202148,0.001486,0.001581,0.268881,193
ESC_ASSOU,stemness,DHX29,0.215198,0.154393,0.001135,0.00158,0.289825,194
ESC_ASSOU,stemness,HLTF,0.198728,0.164403,0.001209,0.001574,0.307899,195
ESC_ASSOU,stemness,GMNN,0.161606,0.133768,0.000984,0.001559,0.318102,196
ESC_ASSOU,stemness,HSPA4,0.210234,0.17027,0.001252,0.001546,0.300884,197
ESC_ASSOU,stemness,ASPM,0.071605,0.061731,0.000454,0.001545,0.320266,198
ESC_ASSOU,stemness,CKAP5,0.154965,0.115996,0.000853,0.001539,0.306141,199
ESC_ASSOU,stemness,PAK1IP1,0.151661,0.110352,0.000811,0.001536,0.33387,200
ESC_ASSOU,stemness,TEAD4,0.120715,0.089912,0.000661,0.001536,0.324705,201
ESC_ASSOU,stemness,POLR3K,0.223632,0.183546,0.00135,0.001521,0.275275,202
ESC_ASSOU,stemness,NPM3,0.150599,0.113747,0.000836,0.001516,0.332174,203
ESC_ASSOU,stemness,RBM39,0.399449,0.408915,0.003007,0.001505,0.198564,204
ESC_ASSOU,stemness,NOLC1,0.214617,0.170823,0.001256,0.001503,0.30157,205
ESC_ASSOU,stemness,AP1M2,0.246775,0.213383,0.001569,0.001503,0.23511,206
ESC_ASSOU,stemness,CBX5,0.188202,0.1413,0.001039,0.001486,0.30843,207
ESC_ASSOU,stemness,PTPN2,0.204008,0.151197,0.001112,0.001484,0.301239,208
ESC_ASSOU,stemness,SLC5A6,0.186908,0.144554,0.001063,0.001476,0.277778,209
ESC_ASSOU,stemness,CHORDC1,0.18802,0.144378,0.001062,0.001465,0.303758,210
ESC_ASSOU,stemness,FAM83D,0.080703,0.068617,0.000505,0.001463,0.322536,211
ESC_ASSOU,stemness,CENPA,0.076038,0.066273,0.000487,0.001462,0.315072,212
ESC_ASSOU,stemness,RPS24,0.940299,2.71963,0.019998,0.001462,0.023156,213
ESC_ASSOU,stemness,CCAR1,0.183604,0.131169,0.000965,0.001446,0.295916,214
ESC_ASSOU,stemness,AK3,0.219929,0.176194,0.001296,0.001441,0.29368,215
ESC_ASSOU,stemness,PTBP1,0.247506,0.199495,0.001467,0.001413,0.264146,216
ESC_ASSOU,stemness,FUBP1,0.179785,0.134689,0.00099,0.001391,0.275,217
ESC_ASSOU,stemness,PHIP,0.217173,0.169616,0.001247,0.001383,0.274179,218
ESC_ASSOU,stemness,RBBP8,0.170737,0.125456,0.000923,0.001375,0.287266,219
ESC_ASSOU,stemness,RFC2,0.142912,0.107615,0.000791,0.001368,0.313821,220
ESC_ASSOU,stemness,EXOSC5,0.20009,0.152698,0.001123,0.001362,0.288027,221
ESC_ASSOU,stemness,CTBP2,0.196537,0.142306,0.001046,0.001343,0.257285,222
ESC_ASSOU,stemness,LYAR,0.124849,0.082067,0.000603,0.001339,0.313461,223
ESC_ASSOU,stemness,MYBL2,0.075142,0.053735,0.000395,0.001328,0.336691,224
ESC_ASSOU,stemness,KIF23,0.068252,0.056167,0.000413,0.001328,0.31712,225
ESC_ASSOU,stemness,SF3A1,0.177726,0.126999,0.000934,0.001326,0.283497,226
ESC_ASSOU,stemness,DHX9,0.192702,0.144187,0.00106,0.001324,0.279969,227
ESC_ASSOU,stemness,MRPS30,0.179337,0.127474,0.000937,0.001324,0.290956,228
ESC_ASSOU,stemness,MCM5,0.097438,0.073409,0.00054,0.00131,0.294876,229
ESC_ASSOU,stemness,NIPBL,0.19926,0.144577,0.001063,0.001297,0.259062,230
ESC_ASSOU,stemness,CSE1L,0.145867,0.108666,0.000799,0.001292,0.307665,231
ESC_ASSOU,stemness,HNRNPL,0.208158,0.16046,0.00118,0.00129,0.257905,232
ESC_ASSOU,stemness,RNF138,0.160145,0.118196,0.000869,0.001282,0.290852,233
ESC_ASSOU,stemness,DHFR,0.09098,0.064337,0.000473,0.001278,0.312739,234
ESC_ASSOU,stemness,MCM3,0.13481,0.104306,0.000767,0.001254,0.294155,235
ESC_ASSOU,stemness,PMAIP1,0.140621,0.117459,0.000864,0.001249,0.239652,236
ESC_ASSOU,stemness,FNBP1L,0.242541,0.198307,0.001458,0.001245,0.24167,237
ESC_ASSOU,stemness,MIS18A,0.128717,0.092401,0.000679,0.001243,0.291942,238
ESC_ASSOU,stemness,TMPO,0.134179,0.10274,0.000755,0.001232,0.304387,239
ESC_ASSOU,stemness,KLHL7,0.158783,0.113425,0.000834,0.001232,0.28855,240
ESC_ASSOU,stemness,PSME3,0.180798,0.132499,0.000974,0.001209,0.27485,241
ESC_ASSOU,stemness,IPO7,0.203858,0.164053,0.001206,0.001203,0.265335,242
ESC_ASSOU,stemness,MYO10,0.156426,0.117001,0.00086,0.001202,0.26305,243
ESC_ASSOU,stemness,LARS,0.222337,0.182366,0.001341,0.001193,0.264015,244
ESC_ASSOU,stemness,TACC3,0.070078,0.053399,0.000393,0.001189,0.293042,245
ESC_ASSOU,stemness,FEN1,0.100277,0.071545,0.000526,0.001183,0.303043,246
ESC_ASSOU,stemness,OAZ2,0.177245,0.124312,0.000914,0.001181,0.261292,247
ESC_ASSOU,stemness,SEPHS1,0.141584,0.097753,0.000719,0.001167,0.289878,248
ESC_ASSOU,stemness,CEBPZ,0.187074,0.13543,0.000996,0.001163,0.257479,249
ESC_ASSOU,stemness,XPO1,0.204224,0.154688,0.001137,0.001154,0.260572,250
ESC_ASSOU,stemness,ESF1,0.160942,0.113178,0.000832,0.001143,0.269576,251
ESC_ASSOU,stemness,MAT2A,0.286421,0.256919,0.001889,0.001137,0.220116,252
ESC_ASSOU,stemness,EXOSC7,0.155679,0.110086,0.000809,0.00113,0.254482,253
ESC_ASSOU,stemness,TERF1,0.135092,0.087268,0.000642,0.001128,0.279693,254
ESC_ASSOU,stemness,SMARCA5,0.236316,0.197604,0.001453,0.001122,0.254662,255
ESC_ASSOU,stemness,IDH1,0.246526,0.225936,0.001661,0.001121,0.223037,256
ESC_ASSOU,stemness,DPP3,0.120964,0.081485,0.000599,0.001113,0.267598,257
ESC_ASSOU,stemness,GART,0.149768,0.108735,0.0008,0.001112,0.287133,258
ESC_ASSOU,stemness,GCSH,0.165972,0.119207,0.000877,0.001106,0.271898,259
ESC_ASSOU,stemness,GNL3,0.170737,0.127418,0.000937,0.001102,0.256199,260
ESC_ASSOU,stemness,JPT2,0.198164,0.146714,0.001079,0.0011,0.237153,261
ESC_ASSOU,stemness,ALDH7A1,0.165308,0.130367,0.000959,0.001098,0.268558,262
ESC_ASSOU,stemness,SLC1A5,0.168844,0.128176,0.000943,0.001092,0.228975,263
ESC_ASSOU,stemness,GMFB,0.164279,0.113146,0.000832,0.00108,0.244677,264
ESC_ASSOU,stemness,RRS1,0.110023,0.076296,0.000561,0.001077,0.278727,265
ESC_ASSOU,stemness,MSH6,0.127571,0.090805,0.000668,0.00105,0.278952,266
ESC_ASSOU,stemness,OSBPL9,0.197765,0.152912,0.001124,0.001043,0.234661,267
ESC_ASSOU,stemness,LMNB1,0.080703,0.060704,0.000446,0.001019,0.307394,268
ESC_ASSOU,stemness,NUP37,0.107665,0.074211,0.000546,0.001015,0.268637,269
ESC_ASSOU,stemness,MLLT10,0.156492,0.108544,0.000798,0.001014,0.235307,270
ESC_ASSOU,stemness,API5,0.174971,0.132662,0.000975,0.000996,0.258891,271
ESC_ASSOU,stemness,NUP54,0.133,0.09167,0.000674,0.000993,0.274683,272
ESC_ASSOU,stemness,ECT2,0.105507,0.085634,0.00063,0.000988,0.281586,273
ESC_ASSOU,stemness,CDCA5,0.062192,0.044669,0.000328,0.00097,0.302092,274
ESC_ASSOU,stemness,MRPS9,0.118623,0.079824,0.000587,0.00096,0.263862,275
ESC_ASSOU,stemness,MIS18BP1,0.122209,0.086074,0.000633,0.000955,0.26567,276
ESC_ASSOU,stemness,PRKCI,0.194113,0.155916,0.001146,0.000949,0.249393,277
ESC_ASSOU,stemness,G3BP2,0.217539,0.179854,0.001323,0.000944,0.236236,278
ESC_ASSOU,stemness,AP1S2,0.122574,0.101242,0.000744,0.00094,0.238322,279
ESC_ASSOU,stemness,BMP7,0.052944,0.04695,0.000345,0.000938,0.199288,280
ESC_ASSOU,stemness,DNAAF2,0.157887,0.106387,0.000782,0.000928,0.257356,281
ESC_ASSOU,stemness,MTIF2,0.118988,0.07415,0.000545,0.000927,0.26286,282
ESC_ASSOU,stemness,PAWR,0.159381,0.109377,0.000804,0.000925,0.234205,283
ESC_ASSOU,stemness,GAL,0.079408,0.067214,0.000494,0.00092,0.247635,284
ESC_ASSOU,stemness,RBM28,0.108944,0.071489,0.000526,0.000918,0.257064,285
ESC_ASSOU,stemness,MCM4,0.104411,0.072499,0.000533,0.000912,0.265385,286
ESC_ASSOU,stemness,INTS13,0.092756,0.062917,0.000463,0.000912,0.261476,287
ESC_ASSOU,stemness,HMBS,0.115634,0.075492,0.000555,0.000905,0.263927,288
ESC_ASSOU,stemness,SEC22C,0.15538,0.103836,0.000764,0.000885,0.225455,289
ESC_ASSOU,stemness,NUDT15,0.113725,0.076006,0.000559,0.000884,0.259071,290
ESC_ASSOU,stemness,HAUS4,0.145601,0.098159,0.000722,0.000883,0.243561,291
ESC_ASSOU,stemness,VRK1,0.080587,0.054916,0.000404,0.000882,0.255348,292
ESC_ASSOU,stemness,KIF2C,0.049408,0.038211,0.000281,0.000876,0.276514,293
ESC_ASSOU,stemness,ZNF146,0.207096,0.177754,0.001307,0.000874,0.252126,294
ESC_ASSOU,stemness,CD2AP,0.174074,0.129559,0.000953,0.000871,0.224696,295
ESC_ASSOU,stemness,TCF7L1,0.111517,0.073346,0.000539,0.000868,0.244987,296
ESC_ASSOU,stemness,UNG,0.122391,0.090782,0.000668,0.000866,0.248466,297
ESC_ASSOU,stemness,ANKRD10,0.303555,0.295051,0.00217,0.000856,0.189296,298
ESC_ASSOU,stemness,CDCA7,0.069447,0.048851,0.000359,0.000852,0.279073,299
ESC_ASSOU,stemness,NME1,0.129414,0.097375,0.000716,0.000852,0.255557,300
ESC_ASSOU,stemness,METAP1,0.132635,0.093932,0.000691,0.000849,0.249242,301
ESC_ASSOU,stemness,PLS3,0.129514,0.10823,0.000796,0.000848,0.23339,302
ESC_ASSOU,stemness,HMMR,0.048678,0.037907,0.000279,0.000842,0.269093,303
ESC_ASSOU,stemness,GPM6B,0.098152,0.068932,0.000507,0.000839,0.242098,304
ESC_ASSOU,stemness,MAT2B,0.196902,0.154591,0.001137,0.000836,0.218674,305
ESC_ASSOU,stemness,TXLNG,0.117228,0.072604,0.000534,0.000836,0.257007,306
ESC_ASSOU,stemness,WDR12,0.091412,0.058898,0.000433,0.000827,0.262318,307
ESC_ASSOU,stemness,CDT1,0.063819,0.042149,0.00031,0.000826,0.274813,308
ESC_ASSOU,stemness,CHD1,0.165109,0.118706,0.000873,0.000822,0.223998,309
ESC_ASSOU,stemness,MTHFD1,0.088058,0.057485,0.000423,0.000822,0.253065,310
ESC_ASSOU,stemness,RNMT,0.195408,0.154083,0.001133,0.000822,0.237022,311
ESC_ASSOU,stemness,TIA1,0.193897,0.144303,0.001061,0.000821,0.232655,312
ESC_ASSOU,stemness,EIF4A1,0.176697,0.14252,0.001048,0.000817,0.205675,313
ESC_ASSOU,stemness,SLC29A1,0.181678,0.150962,0.00111,0.000811,0.195394,314
ESC_ASSOU,stemness,MAP7,0.156675,0.113658,0.000836,0.00081,0.204297,315
ESC_ASSOU,stemness,ZNF638,0.190012,0.136904,0.001007,0.000808,0.218101,316
ESC_ASSOU,stemness,PRPS1,0.104245,0.070647,0.000519,0.000803,0.242255,317
ESC_ASSOU,stemness,SKP2,0.095346,0.066591,0.00049,0.000795,0.262027,318
ESC_ASSOU,stemness,MTF2,0.122176,0.077199,0.000568,0.000786,0.237804,319
ESC_ASSOU,stemness,RGMA,0.090515,0.059029,0.000434,0.00078,0.243371,320
ESC_ASSOU,stemness,NTHL1,0.116581,0.079865,0.000587,0.000779,0.230454,321
ESC_ASSOU,stemness,TFRC,0.129647,0.092618,0.000681,0.000778,0.21143,322
ESC_ASSOU,stemness,PTK7,0.155695,0.113667,0.000836,0.000774,0.234185,323
ESC_ASSOU,stemness,USP9X,0.174041,0.122197,0.000899,0.000766,0.209746,324
ESC_ASSOU,stemness,AURKB,0.048429,0.03712,0.000273,0.000764,0.273521,325
ESC_ASSOU,stemness,PODXL,0.11331,0.08342,0.000613,0.00076,0.21586,326
ESC_ASSOU,stemness,CENPH,0.069314,0.04604,0.000339,0.000759,0.262038,327
ESC_ASSOU,stemness,ARF3,0.228861,0.183154,0.001347,0.000753,0.176209,328
ESC_ASSOU,stemness,LMNB2,0.082845,0.050862,0.000374,0.00075,0.253536,329
ESC_ASSOU,stemness,MFGE8,0.198944,0.202675,0.00149,0.000745,0.195183,330
ESC_ASSOU,stemness,CTCF,0.11165,0.067609,0.000497,0.000744,0.221819,331
ESC_ASSOU,stemness,RECQL,0.110189,0.073425,0.00054,0.00074,0.230449,332
ESC_ASSOU,stemness,AARS,0.130742,0.096954,0.000713,0.000739,0.215854,333
ESC_ASSOU,stemness,MTA3,0.149104,0.098931,0.000727,0.000736,0.21021,334
ESC_ASSOU,stemness,USO1,0.188883,0.14144,0.00104,0.00073,0.217575,335
ESC_ASSOU,stemness,FANCL,0.108645,0.07533,0.000554,0.000729,0.240025,336
ESC_ASSOU,stemness,CENPE,0.0428,0.028771,0.000212,0.000728,0.253591,337
ESC_ASSOU,stemness,JMJD1C,0.211778,0.169324,0.001245,0.000712,0.18699,338
ESC_ASSOU,stemness,GALNT1,0.119187,0.077202,0.000568,0.000711,0.203296,339
ESC_ASSOU,stemness,IPO9,0.108197,0.070443,0.000518,0.000705,0.223547,340
ESC_ASSOU,stemness,NIPSNAP1,0.171235,0.135192,0.000994,0.0007,0.226029,341
ESC_ASSOU,stemness,MCM6,0.059137,0.039278,0.000289,0.000687,0.241436,342
ESC_ASSOU,stemness,KIF4A,0.045922,0.031059,0.000228,0.000676,0.263207,343
ESC_ASSOU,stemness,KIF20A,0.037455,0.028879,0.000212,0.000673,0.247229,344
ESC_ASSOU,stemness,TNPO1,0.140753,0.09828,0.000723,0.000672,0.213407,345
ESC_ASSOU,stemness,SLC16A1,0.081567,0.051975,0.000382,0.000672,0.226786,346
ESC_ASSOU,stemness,EXOSC9,0.068152,0.042511,0.000313,0.000664,0.223371,347
ESC_ASSOU,stemness,MBD2,0.093636,0.055784,0.00041,0.000653,0.196563,348
ESC_ASSOU,stemness,GPC4,0.075025,0.048894,0.00036,0.000653,0.189446,349
ESC_ASSOU,stemness,RFC5,0.06616,0.041332,0.000304,0.000651,0.240454,350
ESC_ASSOU,stemness,MARS,0.111932,0.078795,0.000579,0.000649,0.20417,351
ESC_ASSOU,stemness,NFYB,0.104693,0.069511,0.000511,0.000648,0.216999,352
ESC_ASSOU,stemness,POLR2D,0.086962,0.057639,0.000424,0.000648,0.222165,353
ESC_ASSOU,stemness,NUP205,0.079873,0.05065,0.000372,0.000644,0.231194,354
ESC_ASSOU,stemness,TRIM24,0.093138,0.053392,0.000393,0.000643,0.220122,355
ESC_ASSOU,stemness,RIF1,0.125762,0.087093,0.00064,0.000635,0.21521,356
ESC_ASSOU,stemness,MCM2,0.058905,0.037976,0.000279,0.00063,0.237869,357
ESC_ASSOU,stemness,STRBP,0.105374,0.06109,0.000449,0.000624,0.20868,358
ESC_ASSOU,stemness,LARP7,0.112662,0.070128,0.000516,0.000617,0.204203,359
ESC_ASSOU,stemness,PPAT,0.075772,0.047583,0.00035,0.000613,0.228243,360
ESC_ASSOU,stemness,RABGAP1L,0.145966,0.112597,0.000828,0.000604,0.185957,361
ESC_ASSOU,stemness,NUBP1,0.09533,0.060546,0.000445,0.000604,0.191939,362
ESC_ASSOU,stemness,PSTK,0.073996,0.046087,0.000339,0.000603,0.196769,363
ESC_ASSOU,stemness,NMU,0.037305,0.031753,0.000233,0.000603,0.218577,364
ESC_ASSOU,stemness,MRPL1,0.082563,0.053336,0.000392,0.0006,0.224792,365
ESC_ASSOU,stemness,RRM2,0.041638,0.028116,0.000207,0.000598,0.236455,366
ESC_ASSOU,stemness,ARNTL2,0.053376,0.0379,0.000279,0.000581,0.193618,367
ESC_ASSOU,stemness,COA7,0.062972,0.038223,0.000281,0.000579,0.217485,368
ESC_ASSOU,stemness,TNPO3,0.095064,0.05721,0.000421,0.000575,0.203762,369
ESC_ASSOU,stemness,WDR3,0.076486,0.048279,0.000355,0.000571,0.215282,370
ESC_ASSOU,stemness,CDH1,0.212956,0.180901,0.00133,0.00057,0.143163,371
ESC_ASSOU,stemness,MSH2,0.085435,0.057713,0.000424,0.000569,0.222015,372
ESC_ASSOU,stemness,AGPS,0.082347,0.053601,0.000394,0.000568,0.21474,373
ESC_ASSOU,stemness,RFC3,0.060714,0.040393,0.000297,0.000566,0.216535,374
ESC_ASSOU,stemness,GRTP1,0.106686,0.067751,0.000498,0.000563,0.183372,375
ESC_ASSOU,stemness,NSD1,0.145668,0.100946,0.000742,0.000556,0.195866,376
ESC_ASSOU,stemness,ZNF267,0.087294,0.059179,0.000435,0.000554,0.182188,377
ESC_ASSOU,stemness,OIP5,0.043631,0.027394,0.000201,0.000552,0.248051,378
ESC_ASSOU,stemness,TRIM22,0.133947,0.112847,0.00083,0.000551,0.152165,379
ESC_ASSOU,stemness,NFE2L3,0.064848,0.038237,0.000281,0.000543,0.20668,380
ESC_ASSOU,stemness,TFAP2C,0.139375,0.101909,0.000749,0.000541,0.187349,381
ESC_ASSOU,stemness,EFS,0.103465,0.064106,0.000471,0.000541,0.178544,382
ESC_ASSOU,stemness,NLN,0.076652,0.04903,0.000361,0.000536,0.209581,383
ESC_ASSOU,stemness,SLC6A8,0.08414,0.053928,0.000397,0.000534,0.176632,384
ESC_ASSOU,stemness,CLDN10,0.037123,0.034639,0.000255,0.00053,0.167157,385
ESC_ASSOU,stemness,CDC6,0.0428,0.028882,0.000212,0.000527,0.2283,386
ESC_ASSOU,stemness,ID1,0.093404,0.093565,0.000688,0.000526,0.153685,387
ESC_ASSOU,stemness,PAK1,0.131921,0.092645,0.000681,0.000525,0.185683,388
ESC_ASSOU,stemness,RRAS2,0.094915,0.062624,0.00046,0.000521,0.191347,389
ESC_ASSOU,stemness,TTK,0.037538,0.027968,0.000206,0.00052,0.22966,390
ESC_ASSOU,stemness,WDR4,0.069513,0.044527,0.000327,0.00052,0.205344,391
ESC_ASSOU,stemness,SORD,0.114987,0.084217,0.000619,0.000514,0.177997,392
ESC_ASSOU,stemness,PKP4,0.115269,0.07652,0.000563,0.000513,0.18013,393
ESC_ASSOU,stemness,PUS1,0.062989,0.037973,0.000279,0.000511,0.197881,394
ESC_ASSOU,stemness,AGL,0.127438,0.087834,0.000646,0.000509,0.182386,395
ESC_ASSOU,stemness,HOOK1,0.109143,0.074481,0.000548,0.000506,0.184652,396
ESC_ASSOU,stemness,MGME1,0.10911,0.069678,0.000512,0.000502,0.194824,397
ESC_ASSOU,stemness,PPM1B,0.12113,0.080343,0.000591,0.000501,0.166805,398
ESC_ASSOU,stemness,FBXO5,0.043647,0.02799,0.000206,0.000495,0.212339,399
ESC_ASSOU,stemness,KCNS3,0.096193,0.064761,0.000476,0.000494,0.159343,400
ESC_ASSOU,stemness,PANK2,0.095164,0.05762,0.000424,0.000492,0.196002,401
ESC_ASSOU,stemness,NOC3L,0.079857,0.05023,0.000369,0.000487,0.192844,402
ESC_ASSOU,stemness,THOC1,0.07715,0.049839,0.000366,0.000486,0.204718,403
ESC_ASSOU,stemness,CHEK1,0.049807,0.032706,0.00024,0.000485,0.223326,404
ESC_ASSOU,stemness,CASP3,0.098534,0.066753,0.000491,0.000483,0.186593,405
ESC_ASSOU,stemness,BUB1,0.034881,0.024221,0.000178,0.000479,0.226252,406
ESC_ASSOU,stemness,NUP107,0.086497,0.057542,0.000423,0.000475,0.204297,407
ESC_ASSOU,stemness,HSD17B4,0.117643,0.087993,0.000647,0.000473,0.174896,408
ESC_ASSOU,stemness,USP46,0.10046,0.065322,0.00048,0.000472,0.187976,409
ESC_ASSOU,stemness,TIPIN,0.051766,0.031356,0.000231,0.000472,0.193949,410
ESC_ASSOU,stemness,STC1,0.054854,0.040809,0.0003,0.000471,0.161287,411
ESC_ASSOU,stemness,NUP62,0.099763,0.061575,0.000453,0.00047,0.194103,412
ESC_ASSOU,stemness,TRIM2,0.122408,0.091037,0.000669,0.000469,0.197259,413
ESC_ASSOU,stemness,DEPDC1B,0.034134,0.022578,0.000166,0.000467,0.227944,414
ESC_ASSOU,stemness,HELLS,0.06181,0.04059,0.000298,0.000466,0.192731,415
ESC_ASSOU,stemness,PPP6R3,0.126309,0.088215,0.000649,0.000464,0.181512,416
ESC_ASSOU,stemness,COL18A1,0.128534,0.102968,0.000757,0.000462,0.175668,417
ESC_ASSOU,stemness,ADNP,0.11336,0.071702,0.000527,0.000461,0.176387,418
ESC_ASSOU,stemness,NUP35,0.062623,0.040158,0.000295,0.000452,0.202074,419
ESC_ASSOU,stemness,ARFGEF1,0.113094,0.073508,0.000541,0.00045,0.174501,420
ESC_ASSOU,stemness,ITPR3,0.070775,0.046945,0.000345,0.000447,0.168982,421
ESC_ASSOU,stemness,CHAF1B,0.055584,0.035058,0.000258,0.000444,0.209195,422
ESC_ASSOU,stemness,PBX1,0.177029,0.139367,0.001025,0.00044,0.158607,423
ESC_ASSOU,stemness,ANAPC1,0.085618,0.052941,0.000389,0.000435,0.179901,424
ESC_ASSOU,stemness,MCM10,0.036143,0.025039,0.000184,0.000434,0.218701,425
ESC_ASSOU,stemness,NUP160,0.072933,0.045784,0.000337,0.000431,0.187059,426
ESC_ASSOU,stemness,ETV4,0.04461,0.027788,0.000204,0.000428,0.186238,427
ESC_ASSOU,stemness,DLAT,0.074145,0.047548,0.00035,0.000425,0.184982,428
ESC_ASSOU,stemness,FZD7,0.076951,0.048052,0.000353,0.000423,0.174767,429
ESC_ASSOU,stemness,COQ3,0.052646,0.030538,0.000225,0.000422,0.196777,430
ESC_ASSOU,stemness,AUTS2,0.125048,0.08466,0.000623,0.000419,0.16486,431
ESC_ASSOU,stemness,IMPA1,0.073348,0.047428,0.000349,0.000415,0.186389,432
ESC_ASSOU,stemness,NUFIP1,0.061578,0.03741,0.000275,0.000404,0.17467,433
ESC_ASSOU,stemness,DIDO1,0.110554,0.070867,0.000521,0.000402,0.165054,434
ESC_ASSOU,stemness,EXOSC2,0.052164,0.03074,0.000226,0.000398,0.190724,435
ESC_ASSOU,stemness,METTL3,0.09782,0.062907,0.000463,0.000395,0.178075,436
ESC_ASSOU,stemness,CNOT11,0.071107,0.040229,0.000296,0.000392,0.162745,437
ESC_ASSOU,stemness,CHEK2,0.044859,0.028944,0.000213,0.000391,0.19862,438
ESC_ASSOU,stemness,TTF2,0.052579,0.031941,0.000235,0.00039,0.186611,439
ESC_ASSOU,stemness,GPRC5B,0.098268,0.067158,0.000494,0.000381,0.168792,440
ESC_ASSOU,stemness,FGFR1,0.081367,0.06191,0.000455,0.00038,0.156162,441
ESC_ASSOU,stemness,ZNF770,0.11492,0.081068,0.000596,0.000379,0.192103,442
ESC_ASSOU,stemness,ELOVL6,0.043896,0.025436,0.000187,0.000378,0.173159,443
ESC_ASSOU,stemness,HPS3,0.088722,0.06002,0.000441,0.000375,0.17453,444
ESC_ASSOU,stemness,MASTL,0.044743,0.029627,0.000218,0.000375,0.19536,445
ESC_ASSOU,stemness,POLR3G,0.037571,0.021801,0.00016,0.00037,0.178029,446
ESC_ASSOU,stemness,HIP1,0.074959,0.042548,0.000313,0.000369,0.170484,447
ESC_ASSOU,stemness,BICD1,0.064699,0.040258,0.000296,0.000368,0.177359,448
ESC_ASSOU,stemness,PRIM1,0.0385,0.024436,0.00018,0.000365,0.169803,449
ESC_ASSOU,stemness,ATE1,0.090233,0.058102,0.000427,0.000364,0.164831,450
ESC_ASSOU,stemness,FANCG,0.050139,0.030598,0.000225,0.000362,0.193105,451
ESC_ASSOU,stemness,ZNF273,0.066077,0.045497,0.000335,0.000359,0.16818,452
ESC_ASSOU,stemness,LGALS8,0.120715,0.083854,0.000617,0.000358,0.137189,453
ESC_ASSOU,stemness,DNMT3A,0.080919,0.050657,0.000372,0.000358,0.17519,454
ESC_ASSOU,stemness,NPTX2,0.018428,0.016556,0.000122,0.000357,0.126449,455
ESC_ASSOU,stemness,METTL8,0.071008,0.045109,0.000332,0.000354,0.180851,456
ESC_ASSOU,stemness,ITGB5,0.073149,0.045544,0.000335,0.000353,0.142133,457
ESC_ASSOU,stemness,CTPS2,0.058905,0.035909,0.000264,0.000351,0.174311,458
ESC_ASSOU,stemness,CADPS2,0.095629,0.06827,0.000502,0.00035,0.148663,459
ESC_ASSOU,stemness,ZNF281,0.093255,0.060638,0.000446,0.000348,0.12708,460
ESC_ASSOU,stemness,WDHD1,0.037106,0.021796,0.00016,0.000342,0.186799,461
ESC_ASSOU,stemness,GNPTAB,0.097471,0.062821,0.000462,0.000339,0.150547,462
ESC_ASSOU,stemness,CHAF1A,0.043465,0.02457,0.000181,0.000339,0.183771,463
ESC_ASSOU,stemness,UACA,0.096044,0.066662,0.00049,0.000336,0.182129,464
ESC_ASSOU,stemness,CDYL,0.067754,0.037691,0.000277,0.000334,0.169644,465
ESC_ASSOU,stemness,TRIM14,0.071423,0.044005,0.000324,0.000332,0.150243,466
ESC_ASSOU,stemness,RAD54B,0.036226,0.023343,0.000172,0.000331,0.188366,467
ESC_ASSOU,stemness,GJA1,0.047748,0.033265,0.000245,0.00033,0.166107,468
ESC_ASSOU,stemness,SLC39A10,0.076337,0.048765,0.000359,0.000329,0.1651,469
ESC_ASSOU,stemness,DLG3,0.099497,0.067225,0.000494,0.000328,0.146572,470
ESC_ASSOU,stemness,SKIL,0.179536,0.147246,0.001083,0.000327,0.158747,471
ESC_ASSOU,stemness,TTC19,0.123952,0.083532,0.000614,0.000326,0.172356,472
ESC_ASSOU,stemness,CENPQ,0.03699,0.020859,0.000153,0.000325,0.181055,473
ESC_ASSOU,stemness,ACTA1,0.012203,0.0222,0.000163,0.000325,0.055088,474
ESC_ASSOU,stemness,VSNL1,0.038766,0.027935,0.000205,0.00032,0.163583,475
ESC_ASSOU,stemness,RBM14,0.06098,0.036113,0.000266,0.000318,0.148919,476
ESC_ASSOU,stemness,UGT8,0.040709,0.025501,0.000188,0.000316,0.172569,477
ESC_ASSOU,stemness,RMI1,0.046669,0.028325,0.000208,0.000314,0.166839,478
ESC_ASSOU,stemness,AKAP1,0.094948,0.060483,0.000445,0.000312,0.133139,479
ESC_ASSOU,stemness,EPHA1,0.054073,0.032786,0.000241,0.000312,0.132369,480
ESC_ASSOU,stemness,RNF41,0.098086,0.062819,0.000462,0.000311,0.157112,481
ESC_ASSOU,stemness,IRX2,0.091179,0.063911,0.00047,0.000311,0.141891,482
ESC_ASSOU,stemness,DPYSL3,0.068766,0.04751,0.000349,0.000309,0.167236,483
ESC_ASSOU,stemness,PRKX,0.080172,0.051676,0.00038,0.000309,0.173805,484
ESC_ASSOU,stemness,MARVELD3,0.084572,0.053789,0.000396,0.000308,0.150579,485
ESC_ASSOU,stemness,ROR1,0.036359,0.017589,0.000129,0.000308,0.17955,486
ESC_ASSOU,stemness,LIG1,0.057493,0.037604,0.000277,0.000306,0.162041,487
ESC_ASSOU,stemness,NDUFAF7,0.051882,0.030875,0.000227,0.000302,0.158773,488
ESC_ASSOU,stemness,CRKL,0.075474,0.048056,0.000353,0.0003,0.153344,489
ESC_ASSOU,stemness,EEF1E1,0.054223,0.034227,0.000252,0.000298,0.154949,490
ESC_ASSOU,stemness,SWAP70,0.125413,0.088988,0.000654,0.000296,0.148273,491
ESC_ASSOU,stemness,CDC7,0.037554,0.023171,0.00017,0.000291,0.16863,492
ESC_ASSOU,stemness,PIM1,0.068036,0.055678,0.000409,0.00029,0.162673,493
ESC_ASSOU,stemness,DARS2,0.039115,0.023044,0.000169,0.00029,0.155925,494
ESC_ASSOU,stemness,SLC29A2,0.048661,0.028406,0.000209,0.000284,0.160048,495
ESC_ASSOU,stemness,BUB1B,0.022679,0.013751,0.000101,0.00028,0.179995,496
ESC_ASSOU,stemness,BRAF,0.090731,0.058831,0.000433,0.000278,0.15053,497
ESC_ASSOU,stemness,ZNF195,0.07637,0.048106,0.000354,0.000276,0.150937,498
ESC_ASSOU,stemness,PITPNC1,0.056414,0.034032,0.00025,0.000276,0.146947,499
ESC_ASSOU,stemness,POLD1,0.044278,0.027815,0.000205,0.000276,0.166916,500
ESC_ASSOU,stemness,NUP88,0.056381,0.036613,0.000269,0.000276,0.152591,501
ESC_ASSOU,stemness,SOX2,0.023758,0.013914,0.000102,0.000275,0.151643,502
ESC_ASSOU,stemness,PDK1,0.054704,0.037744,0.000278,0.000258,0.155107,503
ESC_ASSOU,stemness,TAF4B,0.046237,0.026996,0.000199,0.000253,0.153802,504
ESC_ASSOU,stemness,SPAG5,0.025451,0.014686,0.000108,0.000252,0.17939,505
ESC_ASSOU,stemness,GULP1,0.053808,0.037368,0.000275,0.000251,0.12542,506
ESC_ASSOU,stemness,AMMECR1,0.055202,0.032771,0.000241,0.000248,0.141708,507
ESC_ASSOU,stemness,PLCB3,0.049724,0.028266,0.000208,0.000247,0.145296,508
ESC_ASSOU,stemness,PYCR2,0.060316,0.035235,0.000259,0.000243,0.123374,509
ESC_ASSOU,stemness,FKBP5,0.089137,0.069796,0.000513,0.000242,0.148506,510
ESC_ASSOU,stemness,ARMT1,0.100244,0.073492,0.00054,0.000236,0.15112,511
ESC_ASSOU,stemness,MICB,0.023027,0.013425,9.9e-05,0.000229,0.14012,512
ESC_ASSOU,stemness,IFI30,0.047134,0.03059,0.000225,0.000227,0.122187,513
ESC_ASSOU,stemness,BCOR,0.048777,0.026617,0.000196,0.000226,0.1222,514
ESC_ASSOU,stemness,PTPRZ1,0.030498,0.020173,0.000148,0.000226,0.135173,515
ESC_ASSOU,stemness,KIF1A,0.038417,0.022869,0.000168,0.000225,0.138522,516
ESC_ASSOU,stemness,FCHO1,0.050919,0.032534,0.000239,0.000225,0.126039,517
ESC_ASSOU,stemness,MARVELD2,0.070244,0.04029,0.000296,0.000224,0.110874,518
ESC_ASSOU,stemness,SLC38A1,0.250328,0.226174,0.001663,0.000222,0.133152,519
ESC_ASSOU,stemness,DIAPH2,0.044394,0.027831,0.000205,0.00022,0.141934,520
ESC_ASSOU,stemness,BMPR1A,0.068467,0.04385,0.000322,0.00022,0.142785,521
ESC_ASSOU,stemness,ITSN1,0.061395,0.036605,0.000269,0.000219,0.143137,522
ESC_ASSOU,stemness,E2F5,0.030714,0.016626,0.000122,0.000216,0.12936,523
ESC_ASSOU,stemness,KCNK5,0.031594,0.019836,0.000146,0.000215,0.140359,524
ESC_ASSOU,stemness,SEMA4C,0.051699,0.029634,0.000218,0.000212,0.131091,525
ESC_ASSOU,stemness,PPP2R1B,0.043996,0.026387,0.000194,0.000211,0.129949,526
ESC_ASSOU,stemness,HEY2,0.049508,0.03723,0.000274,0.00021,0.12177,527
ESC_ASSOU,stemness,JARID2,0.072236,0.044839,0.00033,0.000209,0.120186,528
ESC_ASSOU,stemness,ZNF567,0.064566,0.04474,0.000329,0.000207,0.145807,529
ESC_ASSOU,stemness,CCKBR,0.023326,0.015197,0.000112,0.000205,0.119718,530
ESC_ASSOU,stemness,MFAP3L,0.032042,0.01711,0.000126,0.000205,0.133528,531
ESC_ASSOU,stemness,LGR4,0.044261,0.024412,0.00018,0.000203,0.136898,532
ESC_ASSOU,stemness,ENO2,0.051102,0.035899,0.000264,0.000203,0.12318,533
ESC_ASSOU,stemness,POU2F1,0.051467,0.029723,0.000219,0.0002,0.127294,534
ESC_ASSOU,stemness,BLM,0.019308,0.012366,9.1e-05,0.000199,0.152082,535
ESC_ASSOU,stemness,DDIAS,0.025269,0.016144,0.000119,0.000197,0.157778,536
ESC_ASSOU,stemness,EGLN3,0.145203,0.139485,0.001026,0.000196,0.111759,537
ESC_ASSOU,stemness,COCH,0.024306,0.016303,0.00012,0.000196,0.145895,538
ESC_ASSOU,stemness,MDN1,0.059021,0.037483,0.000276,0.000195,0.140968,539
ESC_ASSOU,stemness,PLK4,0.019292,0.012224,9e-05,0.000195,0.154723,540
ESC_ASSOU,stemness,PSMA2,0.038999,0.022662,0.000167,0.000195,0.120018,541
ESC_ASSOU,stemness,ADM,0.083343,0.077641,0.000571,0.000194,0.099722,542
ESC_ASSOU,stemness,OLFM1,0.033404,0.018615,0.000137,0.000194,0.120125,543
ESC_ASSOU,stemness,CIB2,0.034234,0.018561,0.000136,0.000193,0.133739,544
ESC_ASSOU,stemness,MAN2A1,0.064599,0.043319,0.000319,0.00019,0.121731,545
ESC_ASSOU,stemness,PDE9A,0.047864,0.028055,0.000206,0.00019,0.141826,546
ESC_ASSOU,stemness,VANGL2,0.055667,0.032903,0.000242,0.000189,0.127336,547
ESC_ASSOU,stemness,POLR1B,0.031494,0.018899,0.000139,0.000186,0.127514,548
ESC_ASSOU,stemness,POLE2,0.019342,0.011554,8.5e-05,0.000185,0.138679,549
ESC_ASSOU,stemness,CDA,0.025252,0.02256,0.000166,0.000185,0.075624,550
ESC_ASSOU,stemness,ZNF398,0.036774,0.020652,0.000152,0.000183,0.126692,551
ESC_ASSOU,stemness,SACS,0.044278,0.026629,0.000196,0.000182,0.141453,552
ESC_ASSOU,stemness,FIGNL1,0.037255,0.024479,0.00018,0.000182,0.133934,553
ESC_ASSOU,stemness,LUC7L,0.134511,0.101936,0.00075,0.000181,0.141598,554
ESC_ASSOU,stemness,TDRP,0.054024,0.032874,0.000242,0.000178,0.129149,555
ESC_ASSOU,stemness,EXTL2,0.050006,0.029474,0.000217,0.000178,0.13273,556
ESC_ASSOU,stemness,SEMA6A,0.037836,0.023274,0.000171,0.000178,0.134436,557
ESC_ASSOU,stemness,DCP2,0.102419,0.075802,0.000557,0.000177,0.130411,558
ESC_ASSOU,stemness,ZNF331,0.08751,0.069208,0.000509,0.000176,0.111053,559
ESC_ASSOU,stemness,MRPL12,0.03425,0.019816,0.000146,0.000176,0.123608,560
ESC_ASSOU,stemness,MYEF2,0.059701,0.036386,0.000268,0.000176,0.131572,561
ESC_ASSOU,stemness,IGF2BP3,0.02497,0.017855,0.000131,0.000176,0.138176,562
ESC_ASSOU,stemness,B3GNT7,0.024555,0.01451,0.000107,0.000173,0.102536,563
ESC_ASSOU,stemness,PKD2,0.040194,0.022138,0.000163,0.000172,0.133042,564
ESC_ASSOU,stemness,FEZ1,0.02673,0.015244,0.000112,0.00017,0.122368,565
ESC_ASSOU,stemness,KCTD14,0.035097,0.023609,0.000174,0.00017,0.117313,566
ESC_ASSOU,stemness,GRB14,0.02492,0.015562,0.000114,0.000169,0.117433,567
ESC_ASSOU,stemness,LRP8,0.022745,0.011072,8.1e-05,0.000168,0.133053,568
ESC_ASSOU,stemness,PIGW,0.030415,0.017689,0.00013,0.000168,0.12937,569
ESC_ASSOU,stemness,GLMN,0.042485,0.027322,0.000201,0.000165,0.130051,570
ESC_ASSOU,stemness,USP28,0.046868,0.028976,0.000213,0.000163,0.122705,571
ESC_ASSOU,stemness,IL17RD,0.031262,0.018414,0.000135,0.000159,0.123478,572
ESC_ASSOU,stemness,GEMIN4,0.030299,0.018279,0.000134,0.000158,0.123484,573
ESC_ASSOU,stemness,PIK3CB,0.075357,0.050764,0.000373,0.000157,0.126271,574
ESC_ASSOU,stemness,SNTB1,0.030731,0.015483,0.000114,0.000156,0.126759,575
ESC_ASSOU,stemness,JMY,0.045673,0.025152,0.000185,0.000152,0.107606,576
ESC_ASSOU,stemness,HOMER1,0.048346,0.027259,0.0002,0.00015,0.117504,577
ESC_ASSOU,stemness,THEMIS2,0.028091,0.016724,0.000123,0.000149,0.095123,578
ESC_ASSOU,stemness,TRIM36,0.031395,0.018232,0.000134,0.000149,0.104222,579
ESC_ASSOU,stemness,SLC25A29,0.082197,0.051549,0.000379,0.000143,0.113125,580
ESC_ASSOU,stemness,RBPMS2,0.022562,0.011187,8.2e-05,0.000143,0.133434,581
ESC_ASSOU,stemness,SLC13A3,0.028589,0.015529,0.000114,0.000143,0.104702,582
ESC_ASSOU,stemness,OCLN,0.090648,0.062097,0.000457,0.000142,0.093331,583
ESC_ASSOU,stemness,PROM1,0.121877,0.106954,0.000786,0.000142,0.118597,584
ESC_ASSOU,stemness,KNTC1,0.024023,0.01522,0.000112,0.00014,0.125571,585
ESC_ASSOU,stemness,COBL,0.073432,0.048638,0.000358,0.00014,0.108569,586
ESC_ASSOU,stemness,PPP2R2B,0.020122,0.010379,7.6e-05,0.000138,0.116222,587
ESC_ASSOU,stemness,GCLC,0.046453,0.028659,0.000211,0.000137,0.103689,588
ESC_ASSOU,stemness,GTF2E1,0.024953,0.014586,0.000107,0.000135,0.094848,589
ESC_ASSOU,stemness,FRAT2,0.041721,0.022001,0.000162,0.000134,0.106824,590
ESC_ASSOU,stemness,PPP1R1A,0.035462,0.027682,0.000204,0.000133,0.097042,591
ESC_ASSOU,stemness,CDC25A,0.013796,0.007601,5.6e-05,0.000132,0.123875,592
ESC_ASSOU,stemness,PCDH1,0.05331,0.032226,0.000237,0.000128,0.07458,593
ESC_ASSOU,stemness,HSPA14,0.031079,0.01741,0.000128,0.000128,0.113647,594
ESC_ASSOU,stemness,FOXN3,0.05482,0.034444,0.000253,0.000124,0.103407,595
ESC_ASSOU,stemness,ZNF43,0.053658,0.0336,0.000247,0.000124,0.110121,596
ESC_ASSOU,stemness,ERBB2,0.137732,0.107929,0.000794,0.000118,0.101271,597
ESC_ASSOU,stemness,PLP1,0.015042,0.01106,8.1e-05,0.000116,0.093137,598
ESC_ASSOU,stemness,LRRN1,0.048362,0.034428,0.000253,0.000116,0.111672,599
ESC_ASSOU,stemness,NR6A1,0.025767,0.013796,0.000101,0.000113,0.094057,600
ESC_ASSOU,stemness,ROBO1,0.029452,0.017564,0.000129,0.000111,0.108994,601
ESC_ASSOU,stemness,ZNF257,0.017067,0.010789,7.9e-05,0.000107,0.088351,602
ESC_ASSOU,stemness,SCLY,0.022247,0.011892,8.7e-05,0.000106,0.109353,603
ESC_ASSOU,stemness,DUSP16,0.058257,0.037024,0.000272,0.000104,0.084962,604
ESC_ASSOU,stemness,ABHD17B,0.028606,0.016876,0.000124,0.000103,0.095504,605
ESC_ASSOU,stemness,CABLES1,0.032042,0.016331,0.00012,0.000103,0.094771,606
ESC_ASSOU,stemness,PIF1,0.010327,0.00569,4.2e-05,0.000102,0.116307,607
ESC_ASSOU,stemness,PIM2,0.034416,0.022274,0.000164,9.6e-05,0.098233,608
ESC_ASSOU,stemness,ZNF614,0.031245,0.017815,0.000131,9.4e-05,0.09108,609
ESC_ASSOU,stemness,HSD11B2,0.023226,0.014542,0.000107,9.4e-05,0.093544,610
ESC_ASSOU,stemness,GNG4,0.021682,0.018473,0.000136,9.3e-05,0.090167,611
ESC_ASSOU,stemness,GFPT2,0.020736,0.012156,8.9e-05,8.8e-05,0.095177,612
ESC_ASSOU,stemness,SIRT1,0.054107,0.033302,0.000245,8.7e-05,0.09396,613
ESC_ASSOU,stemness,FOXD3,0.010293,0.004148,3.1e-05,8.4e-05,0.103997,614
ESC_ASSOU,stemness,LRIG1,0.074527,0.048227,0.000355,8.3e-05,0.090235,615
ESC_ASSOU,stemness,ETV1,0.020869,0.015091,0.000111,8.3e-05,0.073925,616
ESC_ASSOU,stemness,FZD5,0.01876,0.009859,7.2e-05,8.3e-05,0.086491,617
ESC_ASSOU,stemness,CRLF1,0.017831,0.012275,9e-05,8.3e-05,0.101836,618
ESC_ASSOU,stemness,FGF13,0.054356,0.03483,0.000256,8.2e-05,0.087519,619
ESC_ASSOU,stemness,USP32,0.045805,0.028735,0.000211,8.1e-05,0.091924,620
ESC_ASSOU,stemness,PLS1,0.030764,0.020584,0.000151,8e-05,0.085668,621
ESC_ASSOU,stemness,ATXN7L1,0.028191,0.017872,0.000131,7.8e-05,0.081069,622
ESC_ASSOU,stemness,GYG2,0.026182,0.014721,0.000108,7.7e-05,0.076412,623
ESC_ASSOU,stemness,RNF125,0.021184,0.013031,9.6e-05,7.7e-05,0.08702,624
ESC_ASSOU,stemness,ACVR2B,0.018545,0.010711,7.9e-05,7.7e-05,0.074064,625
ESC_ASSOU,stemness,TIMP4,0.015374,0.010978,8.1e-05,7.7e-05,0.062802,626
ESC_ASSOU,stemness,GPR19,0.007239,0.004098,3e-05,7.6e-05,0.093325,627
ESC_ASSOU,stemness,DNMT3B,0.017947,0.010551,7.8e-05,7e-05,0.087544,628
ESC_ASSOU,stemness,POU5F1,0.008085,0.00463,3.4e-05,6.7e-05,0.078283,629
ESC_ASSOU,stemness,FGF2,0.015058,0.007597,5.6e-05,6.7e-05,0.086972,630
ESC_ASSOU,stemness,LINGO1,0.01021,0.005077,3.7e-05,6.6e-05,0.065234,631
ESC_ASSOU,stemness,FAM72A,0.007919,0.003896,2.9e-05,6.5e-05,0.082034,632
ESC_ASSOU,stemness,TNNT1,0.048146,0.037634,0.000277,6.3e-05,0.036798,633
ESC_ASSOU,stemness,CRYM,0.012319,0.007111,5.2e-05,6.3e-05,0.078043,634
ESC_ASSOU,stemness,EPB41L4B,0.039214,0.022653,0.000167,6.2e-05,0.073531,635
ESC_ASSOU,stemness,LARS2,0.020902,0.011803,8.7e-05,6.2e-05,0.079264,636
ESC_ASSOU,stemness,YBX2,0.015042,0.009033,6.6e-05,6.2e-05,0.080766,637
ESC_ASSOU,stemness,BMP2K,0.050985,0.032972,0.000242,5.8e-05,0.092261,638
ESC_ASSOU,stemness,BCAT1,0.017017,0.014109,0.000104,5.7e-05,0.087058,639
ESC_ASSOU,stemness,SLC4A11,0.03166,0.018812,0.000138,5.7e-05,0.081606,640
ESC_ASSOU,stemness,SOX11,0.039331,0.026237,0.000193,5.6e-05,0.10344,641
ESC_ASSOU,stemness,PASK,0.016038,0.009297,6.8e-05,5.5e-05,0.075459,642
ESC_ASSOU,stemness,MATR3,0.008318,0.005531,4.1e-05,5.3e-05,0.069797,643
ESC_ASSOU,stemness,PFAS,0.014394,0.008389,6.2e-05,5.2e-05,0.067344,644
ESC_ASSOU,stemness,PRKAA2,0.04109,0.02507,0.000184,5.2e-05,0.08195,645
ESC_ASSOU,stemness,CD200,0.020271,0.016405,0.000121,4.9e-05,0.060693,646
ESC_ASSOU,stemness,CACHD1,0.019707,0.011421,8.4e-05,4.9e-05,0.079542,647
ESC_ASSOU,stemness,MYO5C,0.046868,0.029064,0.000214,4.9e-05,0.075237,648
ESC_ASSOU,stemness,PTPRG,0.028025,0.016074,0.000118,4.6e-05,0.091683,649
ESC_ASSOU,stemness,CTH,0.018611,0.01137,8.4e-05,4.6e-05,0.060727,650
ESC_ASSOU,stemness,FRAS1,0.011871,0.007264,5.3e-05,4.6e-05,0.071334,651
ESC_ASSOU,stemness,ZBTB3,0.008683,0.005327,3.9e-05,4.6e-05,0.056331,652
ESC_ASSOU,stemness,ADD2,0.00762,0.00543,4e-05,4.5e-05,0.074415,653
ESC_ASSOU,stemness,CHST7,0.01212,0.006615,4.9e-05,4.4e-05,0.061557,654
ESC_ASSOU,stemness,APBB2,0.077433,0.05106,0.000375,4.3e-05,0.081524,655
ESC_ASSOU,stemness,MYCN,0.007803,0.00407,3e-05,4.3e-05,0.066701,656
ESC_ASSOU,stemness,GAD1,0.00933,0.0048,3.5e-05,4.1e-05,0.041133,657
ESC_ASSOU,stemness,HIST1H2BG,0.027277,0.016806,0.000124,4e-05,0.056133,658
ESC_ASSOU,stemness,KIFC2,0.046619,0.028452,0.000209,4e-05,0.082383,659
ESC_ASSOU,stemness,RASL11B,0.009928,0.006546,4.8e-05,3.9e-05,0.059978,660
ESC_ASSOU,stemness,ARHGAP19,0.014876,0.008478,6.2e-05,3.8e-05,0.048347,661
ESC_ASSOU,stemness,MATK,0.009762,0.007068,5.2e-05,3.6e-05,0.045091,662
ESC_ASSOU,stemness,FAM124A,0.007239,0.003489,2.6e-05,3.5e-05,0.060382,663
ESC_ASSOU,stemness,HAS3,0.008318,0.005076,3.7e-05,3.4e-05,0.052097,664
ESC_ASSOU,stemness,FSD1,0.005429,0.002623,1.9e-05,3.4e-05,0.069191,665
ESC_ASSOU,stemness,GLDC,0.00679,0.003343,2.5e-05,3.3e-05,0.059218,666
ESC_ASSOU,stemness,SYNGR3,0.00679,0.003531,2.6e-05,3.3e-05,0.054017,667
ESC_ASSOU,stemness,ADCY2,0.012551,0.006239,4.6e-05,3.3e-05,0.065204,668
ESC_ASSOU,stemness,TMEFF1,0.004682,0.003074,2.3e-05,3.3e-05,0.0627,669
ESC_ASSOU,stemness,USP44,0.00591,0.002896,2.1e-05,3.3e-05,0.058881,670
ESC_ASSOU,stemness,SENP3,0.011306,0.006669,4.9e-05,3.2e-05,0.05569,671
ESC_ASSOU,stemness,PITX2,0.004632,0.003159,2.3e-05,3.2e-05,0.05328,672
ESC_ASSOU,stemness,GALNT12,0.004864,0.002172,1.6e-05,3.2e-05,0.055964,673
ESC_ASSOU,stemness,FKBP1B,0.011754,0.007348,5.4e-05,3.1e-05,0.050615,674
ESC_ASSOU,stemness,SALL2,0.017499,0.009334,6.9e-05,3.1e-05,0.051477,675
ESC_ASSOU,stemness,CNTNAP2,0.011456,0.007338,5.4e-05,3e-05,0.028634,676
ESC_ASSOU,stemness,ZNF117,0.056896,0.03769,0.000277,3e-05,0.081605,677
ESC_ASSOU,stemness,SEMA5B,0.005213,0.002707,2e-05,2.8e-05,0.051945,678
ESC_ASSOU,stemness,FOXO1,0.019325,0.01154,8.5e-05,2.8e-05,0.050194,679
ESC_ASSOU,stemness,FGFR4,0.018296,0.011485,8.4e-05,2.7e-05,0.069043,680
ESC_ASSOU,stemness,DPYSL5,0.003902,0.00171,1.3e-05,2.7e-05,0.063803,681
ESC_ASSOU,stemness,RET,0.009596,0.004848,3.6e-05,2.5e-05,0.042888,682
ESC_ASSOU,stemness,ANKHD1,0.025252,0.014115,0.000104,2.4e-05,0.057446,683
ESC_ASSOU,stemness,ZIC2,0.001511,0.000719,5e-06,2.2e-05,0.034677,684
ESC_ASSOU,stemness,GLS2,0.007703,0.004321,3.2e-05,2.1e-05,0.04523,685
ESC_ASSOU,stemness,PLCL2,0.006242,0.003601,2.6e-05,2.1e-05,0.040836,686
ESC_ASSOU,stemness,SPRY4,0.020255,0.012271,9e-05,2e-05,0.060772,687
ESC_ASSOU,stemness,SERPINB9,0.01637,0.011149,8.2e-05,2e-05,0.050304,688
ESC_ASSOU,stemness,CA11,0.023276,0.013815,0.000102,1.8e-05,0.036457,689
ESC_ASSOU,stemness,FGFR3,0.011821,0.008252,6.1e-05,1.8e-05,0.047424,690
ESC_ASSOU,stemness,CBS,0.008982,0.004818,3.5e-05,1.8e-05,0.056475,691
ESC_ASSOU,stemness,SNRPN,0.093338,0.0673,0.000495,1.8e-05,0.069826,692
ESC_ASSOU,stemness,TRERF1,0.021267,0.012219,9e-05,1.7e-05,0.041117,693
ESC_ASSOU,stemness,RAD51,0.001511,0.000736,5e-06,1.7e-05,0.04668,694
ESC_ASSOU,stemness,NAP1L3,0.004732,0.002877,2.1e-05,1.5e-05,0.046189,695
ESC_ASSOU,stemness,ZFP42,0.001926,0.00139,1e-05,1.5e-05,0.039855,696
ESC_ASSOU,stemness,ADAM23,0.002324,0.000934,7e-06,1.5e-05,0.044763,697
ESC_ASSOU,stemness,GNAL,0.007986,0.004516,3.3e-05,1.4e-05,0.044564,698
ESC_ASSOU,stemness,GABRA5,0.001478,0.000617,5e-06,1.3e-05,0.046045,699
ESC_ASSOU,stemness,CRMP1,0.003088,0.00206,1.5e-05,1.3e-05,0.032996,700
ESC_ASSOU,stemness,ATP1A2,0.000946,0.000712,5e-06,1.2e-05,0.021109,701
ESC_ASSOU,stemness,ZIC3,0.00171,0.001092,8e-06,1.2e-05,0.029444,702
ESC_ASSOU,stemness,NLGN4X,0.01461,0.008295,6.1e-05,1.1e-05,0.026399,703
ESC_ASSOU,stemness,EOMES,0.002706,0.001391,1e-05,1e-05,0.021753,704
ESC_ASSOU,stemness,MAP4K1,0.009264,0.007481,5.5e-05,1e-05,0.03841,705
ESC_ASSOU,stemness,GLI2,0.002075,0.00129,9e-06,1e-05,0.035493,706
ESC_ASSOU,stemness,LCK,0.01363,0.011001,8.1e-05,1e-05,0.028529,707
ESC_ASSOU,stemness,KCNQ2,0.001793,0.001196,9e-06,9e-06,0.026437,708
ESC_ASSOU,stemness,NODAL,0.001146,0.000735,5e-06,9e-06,0.02603,709
ESC_ASSOU,stemness,LEFTY1,0.001428,0.000653,5e-06,8e-06,0.022571,710
ESC_ASSOU,stemness,HESX1,0.002739,0.001429,1.1e-05,8e-06,0.027726,711
ESC_ASSOU,stemness,ZNF589,0.01041,0.006067,4.5e-05,7e-06,0.041334,712
ESC_ASSOU,stemness,RGS17,0.002656,0.001829,1.3e-05,7e-06,0.024113,713
ESC_ASSOU,stemness,CHST4,0.001909,0.000982,7e-06,7e-06,0.023756,714
ESC_ASSOU,stemness,CLDN6,0.013083,0.017324,0.000127,7e-06,0.060205,715
ESC_ASSOU,stemness,MYL7,0.001942,0.001643,1.2e-05,6e-06,0.020408,716
ESC_ASSOU,stemness,SLC7A3,0.000581,0.000424,3e-06,6e-06,0.016629,717
ESC_ASSOU,stemness,PRKCQ,0.003121,0.001813,1.3e-05,5e-06,0.017438,718
ESC_ASSOU,stemness,DPPA4,0.00073,0.000408,3e-06,5e-06,0.024817,719
ESC_ASSOU,stemness,DDX25,0.001229,0.000809,6e-06,5e-06,0.017671,720
ESC_ASSOU,stemness,LEFTY2,0.000996,0.000708,5e-06,5e-06,0.026554,721
ESC_ASSOU,stemness,HTR1D,0.000747,0.000303,2e-06,4e-06,0.022188,722
ESC_ASSOU,stemness,F2RL1,0.020172,0.013107,9.6e-05,4e-06,0.040375,723
ESC_ASSOU,stemness,CCL26,0.001544,0.001026,8e-06,3e-06,0.01716,724
ESC_ASSOU,stemness,PLA2G3,0.001478,0.000799,6e-06,3e-06,0.01388,725
ESC_ASSOU,stemness,SCG3,0.000797,0.000442,3e-06,2e-06,0.007328,726
ESC_ASSOU,stemness,VRTN,0.000116,5.2e-05,0.0,2e-06,0.013771,727
ESC_ASSOU,stemness,SOX3,0.000515,0.000294,2e-06,2e-06,0.017484,728
ESC_ASSOU,stemness,CHST8,0.010227,0.005695,4.2e-05,2e-06,0.027684,729
ESC_ASSOU,stemness,TDGF1,0.000216,9e-05,1e-06,1e-06,0.007933,730
ESC_ASSOU,stemness,SCGB3A2,0.000797,0.000863,6e-06,1e-06,0.011566,731
ESC_ASSOU,stemness,CER1,0.0001,3e-05,0.0,1e-06,0.011899,732
ESC_ASSOU,stemness,OTX2,6.6e-05,3.5e-05,0.0,1e-06,0.007871,733
ESC_ASSOU,stemness,UTF1,0.000133,6.7e-05,0.0,1e-06,0.004734,734
ESC_ASSOU,stemness,GABRA1,0.000116,8.4e-05,1e-06,0.0,0.003428,735
ESC_ASSOU,stemness,SYT6,0.000332,0.000215,2e-06,0.0,0.002744,736
ESC_ASSOU,stemness,NEFL,0.000863,0.000535,4e-06,0.0,0.010961,737
ESC_ASSOU,stemness,GAP43,0.001146,0.000588,4e-06,-0.0,0.003317,738
ESC_ASSOU,stemness,PIPOX,0.002042,0.001357,1e-05,-0.0,0.016253,739
ESC_ASSOU,stemness,PDE6G,0.002308,0.00158,1.2e-05,-0.0,0.013751,740
ESC_ASSOU,stemness,ZSCAN10,0.000598,0.000358,3e-06,-0.0,0.002062,741
ESC_ASSOU,stemness,ADAM19,0.00342,0.001982,1.5e-05,-1e-06,0.024597,742
ESC_ASSOU,stemness,SALL4,0.001909,0.001314,1e-05,-1e-06,0.023479,743
ESC_ASSOU,stemness,ARHGAP8,0.019375,0.011781,8.7e-05,-1e-06,0.0475,744
ESC_ASSOU,stemness,SALL3,0.000448,0.000178,1e-06,-1e-06,-0.002524,745
ESC_ASSOU,stemness,NTS,0.001229,0.00213,1.6e-05,-1e-06,-0.001376,746
ESC_ASSOU,stemness,CHGA,0.000382,0.000382,3e-06,-1e-06,0.003462,747
ESC_ASSOU,stemness,MYRIP,0.001843,0.001253,9e-06,-1e-06,0.010921,748
ESC_ASSOU,stemness,CALB1,0.000149,0.000109,1e-06,-1e-06,0.000993,749
ESC_ASSOU,stemness,CACNA2D3,0.002839,0.001395,1e-05,-1e-06,0.020458,750
ESC_ASSOU,stemness,PRDM14,0.000515,0.000349,3e-06,-1e-06,0.003775,751
ESC_ASSOU,stemness,NANOG,0.000249,0.000143,1e-06,-1e-06,0.000642,752
ESC_ASSOU,stemness,ACTN3,0.000365,0.000253,2e-06,-2e-06,0.005239,753
ESC_ASSOU,stemness,SALL1,0.000149,0.000142,1e-06,-2e-06,-0.000878,754
ESC_ASSOU,stemness,CYP26A1,0.002557,0.001827,1.3e-05,-2e-06,0.018944,755
ESC_ASSOU,stemness,KCNN2,0.000714,0.000485,4e-06,-2e-06,0.014519,756
ESC_ASSOU,stemness,CCM2L,0.001278,0.000861,6e-06,-2e-06,0.009811,757
ESC_ASSOU,stemness,GABRB3,0.00601,0.003347,2.5e-05,-2e-06,0.003717,758
ESC_ASSOU,stemness,FAM131B,0.001478,0.000908,7e-06,-2e-06,-0.000364,759
ESC_ASSOU,stemness,UNC5D,0.000216,0.000147,1e-06,-3e-06,-0.001917,760
ESC_ASSOU,stemness,TNFRSF8,0.000365,0.000291,2e-06,-3e-06,0.006887,761
ESC_ASSOU,stemness,MMP25,0.006873,0.004234,3.1e-05,-3e-06,0.025176,762
ESC_ASSOU,stemness,MMP1,0.003868,0.004714,3.5e-05,-3e-06,0.027652,763
ESC_ASSOU,stemness,SEMA3A,0.00347,0.002375,1.7e-05,-3e-06,0.013914,764
ESC_ASSOU,stemness,KLKB1,0.00098,0.000608,4e-06,-4e-06,0.007784,765
ESC_ASSOU,stemness,B3GAT1,0.003735,0.001909,1.4e-05,-4e-06,0.019072,766
ESC_ASSOU,stemness,MT1H,0.003154,0.002982,2.2e-05,-5e-06,0.023291,767
ESC_ASSOU,stemness,CYP2S1,0.003038,0.002119,1.6e-05,-6e-06,0.014424,768
ESC_ASSOU,stemness,CDH6,0.001129,0.001274,9e-06,-6e-06,0.00905,769
ESC_ASSOU,stemness,PRODH,0.004914,0.003169,2.3e-05,-7e-06,0.0197,770
ESC_ASSOU,stemness,NAP1L2,0.004898,0.003145,2.3e-05,-8e-06,-0.002148,771
ESC_ASSOU,stemness,AASS,0.01197,0.007621,5.6e-05,-9e-06,0.035868,772
ESC_ASSOU,stemness,GRB7,0.101987,0.078526,0.000577,-1e-05,0.079413,773
ESC_ASSOU,stemness,SPRY1,0.051268,0.039973,0.000294,-1e-05,0.076139,774
ESC_ASSOU,stemness,FOXA3,0.005446,0.004022,3e-05,-1.2e-05,0.002507,775
ESC_ASSOU,stemness,PPP1R16B,0.004449,0.003616,2.7e-05,-1.3e-05,0.000653,776
ESC_ASSOU,stemness,IQGAP2,0.048545,0.033773,0.000248,-1.4e-05,0.044008,777
ESC_ASSOU,stemness,ENPP1,0.03513,0.022718,0.000167,-1.7e-05,0.034541,778
ESC_ASSOU,stemness,ANK2,0.004947,0.003778,2.8e-05,-2e-05,0.017858,779
ESC_ASSOU,stemness,AFP,0.00523,0.00439,3.2e-05,-2.2e-05,0.004074,780
ESC_ASSOU,stemness,GRPR,0.002524,0.002199,1.6e-05,-2.4e-05,-0.004141,781
ESC_ASSOU,stemness,TNNI3,0.033985,0.029856,0.00022,-2.7e-05,-0.023029,782
ESC_ASSOU,stemness,RAB3B,0.016005,0.010626,7.8e-05,-2.8e-05,-0.002163,783
ESC_ASSOU,stemness,KIF5C,0.016619,0.011449,8.4e-05,-3.5e-05,0.017727,784
ESC_ASSOU,stemness,LDB2,0.007554,0.007762,5.7e-05,-5e-05,0.007214,785
ESC_ASSOU,stemness,PDPN,0.013348,0.012869,9.5e-05,-5.1e-05,0.031356,786
ESC_ASSOU,stemness,ALPL,0.042385,0.035661,0.000262,-5.4e-05,0.069018,787
ESC_ASSOU,stemness,CST1,0.002025,0.003428,2.5e-05,-5.4e-05,-0.01438,788
ESC_ASSOU,stemness,SORL1,0.061976,0.041065,0.000302,-5.5e-05,0.04015,789
ESC_ASSOU,stemness,PNMT,0.020371,0.023727,0.000174,-7.9e-05,0.022238,790
ESC_ASSOU,stemness,NOVA1,0.014494,0.012991,9.6e-05,-8.2e-05,-0.007269,791
ESC_ASSOU,stemness,MYB,0.03694,0.028645,0.000211,-9.7e-05,0.023362,792
ESC_ASSOU,stemness,SCNN1A,0.048097,0.033149,0.000244,-9.8e-05,0.021886,793
ESC_ASSOU,stemness,GPR160,0.102801,0.08816,0.000648,-0.000101,0.048934,794
ESC_ASSOU,stemness,WFDC2,0.3733,0.700011,0.005147,-0.000117,0.032821,795
ESC_ASSOU,stemness,SLC7A8,0.053061,0.041196,0.000303,-0.00018,-0.014146,796
ESC_ASSOU,stemness,SLC2A3,0.03083,0.037023,0.000272,-0.000223,0.004729,797
ESC_ASSOU,stemness,THY1,0.033719,0.042723,0.000314,-0.000402,0.004119,798
ESC_ASSOU,stemness,CXCL12,0.051616,0.060389,0.000444,-0.00044,0.029651,799
ESC_ASSOU,stemness,RARRES2,0.087344,0.104266,0.000767,-0.000556,0.046722,800
ESC_ASSOU,stemness,SFRP2,0.083957,0.128757,0.000947,-0.000741,0.012819,801
ESC_WONG,stemness,UQCRH,0.718062,1.357262,0.013432,0.01555,0.492814,1
ESC_WONG,stemness,PSMA7,0.658841,1.137662,0.011259,0.014685,0.463392,2
ESC_WONG,stemness,PRDX1,0.789385,1.735608,0.017176,0.014382,0.358825,3
ESC_WONG,stemness,SLC25A5,0.702987,1.30661,0.012931,0.013774,0.415193,4
ESC_WONG,stemness,HSPE1,0.657165,1.088149,0.010769,0.01261,0.425579,5
ESC_WONG,stemness,RPS8,0.936762,2.858081,0.028285,0.012417,0.340809,6
ESC_WONG,stemness,ENO1,0.636462,1.09671,0.010853,0.012179,0.379265,7
ESC_WONG,stemness,RPSA,0.720602,1.336456,0.013226,0.011618,0.337626,8
ESC_WONG,stemness,RPL22,0.803579,1.67422,0.016569,0.011557,0.316802,9
ESC_WONG,stemness,BANF1,0.602045,0.867937,0.008589,0.011443,0.446695,10
ESC_WONG,stemness,RPS16,0.830243,1.852561,0.018334,0.010875,0.302408,11
ESC_WONG,stemness,SNRPD1,0.502366,0.642547,0.006359,0.010683,0.484557,12
ESC_WONG,stemness,RPS5,0.911444,2.480826,0.024551,0.010455,0.251008,13
ESC_WONG,stemness,CKS1B,0.424535,0.54554,0.005399,0.009991,0.476124,14
ESC_WONG,stemness,NDUFAB1,0.563512,0.774873,0.007668,0.009885,0.430001,15
ESC_WONG,stemness,LSM5,0.492189,0.622814,0.006164,0.009531,0.44285,16
ESC_WONG,stemness,NHP2,0.555028,0.763227,0.007553,0.009375,0.402954,17
ESC_WONG,stemness,BTF3,0.729982,1.384986,0.013706,0.009237,0.211124,18
ESC_WONG,stemness,NCL,0.595288,0.857024,0.008481,0.009209,0.354242,19
ESC_WONG,stemness,CKS2,0.412332,0.541169,0.005356,0.009199,0.416182,20
ESC_WONG,stemness,LSM4,0.523251,0.693078,0.006859,0.009081,0.411024,21
ESC_WONG,stemness,RPS23,0.903624,2.439797,0.024145,0.009013,0.191816,22
ESC_WONG,stemness,RPS12,0.981007,3.522661,0.034861,0.008954,0.283532,23
ESC_WONG,stemness,RPS19,0.959906,3.032694,0.030013,0.008904,0.24562,24
ESC_WONG,stemness,DEK,0.415636,0.494635,0.004895,0.008868,0.440401,25
ESC_WONG,stemness,RPL13,0.972905,3.231421,0.031979,0.008774,0.275333,26
ESC_WONG,stemness,RPL10A,0.788505,1.593268,0.015768,0.008654,0.211341,27
ESC_WONG,stemness,COX5B,0.688144,1.144031,0.011322,0.008426,0.261661,28
ESC_WONG,stemness,PSMB5,0.51168,0.662568,0.006557,0.008413,0.361892,29
ESC_WONG,stemness,CBX3,0.479936,0.577759,0.005718,0.008351,0.405081,30
ESC_WONG,stemness,HNRNPA1,0.681288,1.124785,0.011131,0.008313,0.277143,31
ESC_WONG,stemness,PSMA5,0.419255,0.482009,0.00477,0.008228,0.41143,32
ESC_WONG,stemness,NME2,0.597148,0.915908,0.009064,0.007868,0.309169,33
ESC_WONG,stemness,RPL27A,0.589345,0.830643,0.00822,0.007843,0.333406,34
ESC_WONG,stemness,PSMB6,0.532698,0.679198,0.006722,0.007681,0.364979,35
ESC_WONG,stemness,LSM2,0.465061,0.541111,0.005355,0.00766,0.418068,36
ESC_WONG,stemness,CYCS,0.504707,0.637379,0.006308,0.00765,0.360325,37
ESC_WONG,stemness,NDUFB7,0.583733,0.795417,0.007872,0.007632,0.329842,38
ESC_WONG,stemness,SUMO1,0.540966,0.68442,0.006773,0.007574,0.339998,39
ESC_WONG,stemness,SNRPA1,0.340428,0.364195,0.003604,0.007523,0.422837,40
ESC_WONG,stemness,CCT5,0.404795,0.457985,0.004532,0.007391,0.41308,41
ESC_WONG,stemness,SDHC,0.496821,0.614913,0.006085,0.007081,0.350158,42
ESC_WONG,stemness,RPS3,0.957382,2.957532,0.029269,0.007075,0.178544,43
ESC_WONG,stemness,MRPL37,0.37418,0.386437,0.003824,0.007024,0.426623,44
ESC_WONG,stemness,HMGB2,0.279764,0.326285,0.003229,0.006719,0.403664,45
ESC_WONG,stemness,STOML2,0.435044,0.482461,0.004775,0.006681,0.382179,46
ESC_WONG,stemness,PHB,0.468149,0.533261,0.005277,0.006583,0.355046,47
ESC_WONG,stemness,PABPC1,0.76913,1.562403,0.015462,0.006444,0.158913,48
ESC_WONG,stemness,CDC20,0.167765,0.222581,0.002203,0.006416,0.421129,49
ESC_WONG,stemness,PPP4C,0.454203,0.5105,0.005052,0.006324,0.336157,50
ESC_WONG,stemness,MRPL11,0.354756,0.357948,0.003542,0.006312,0.435688,51
ESC_WONG,stemness,PPM1G,0.398486,0.41959,0.004152,0.006283,0.375149,52
ESC_WONG,stemness,SET,0.431591,0.473144,0.004682,0.006272,0.341942,53
ESC_WONG,stemness,CSRP2,0.308419,0.351292,0.003477,0.006113,0.37799,54
ESC_WONG,stemness,TIMM13,0.432985,0.496972,0.004918,0.006112,0.348493,55
ESC_WONG,stemness,NAP1L1,0.405475,0.428655,0.004242,0.006094,0.344764,56
ESC_WONG,stemness,POLR2F,0.430893,0.470864,0.00466,0.006068,0.381073,57
ESC_WONG,stemness,NDUFB10,0.535056,0.688058,0.006809,0.005963,0.296305,58
ESC_WONG,stemness,EBNA1BP2,0.347766,0.334411,0.003309,0.005858,0.404621,59
ESC_WONG,stemness,EIF4EBP1,0.462122,0.66587,0.00659,0.005847,0.308386,60
ESC_WONG,stemness,RPA3,0.348928,0.358099,0.003544,0.005769,0.385074,61
ESC_WONG,stemness,SSB,0.366742,0.372898,0.00369,0.005739,0.361275,62
ESC_WONG,stemness,PA2G4,0.382913,0.394072,0.0039,0.005664,0.360562,63
ESC_WONG,stemness,RPS27,0.933392,2.638893,0.026115,0.005646,0.126972,64
ESC_WONG,stemness,PARP1,0.339614,0.336634,0.003331,0.005505,0.386438,65
ESC_WONG,stemness,ECHS1,0.404363,0.423797,0.004194,0.005455,0.359147,66
ESC_WONG,stemness,MRPL4,0.373749,0.3717,0.003678,0.005401,0.381514,67
ESC_WONG,stemness,POP7,0.365232,0.359946,0.003562,0.005369,0.381617,68
ESC_WONG,stemness,CRABP2,0.456295,0.701654,0.006944,0.00535,0.221803,69
ESC_WONG,stemness,PDIA4,0.402138,0.470943,0.004661,0.00528,0.291334,70
ESC_WONG,stemness,MRPL13,0.346969,0.329768,0.003264,0.005157,0.387727,71
ESC_WONG,stemness,NDUFS2,0.383029,0.387011,0.00383,0.005093,0.339585,72
ESC_WONG,stemness,BUB3,0.331778,0.342332,0.003388,0.005057,0.34064,73
ESC_WONG,stemness,BIRC5,0.154616,0.17394,0.001721,0.005047,0.421367,74
ESC_WONG,stemness,DAP3,0.376056,0.366872,0.003631,0.004972,0.352964,75
ESC_WONG,stemness,CDK4,0.356715,0.366374,0.003626,0.00492,0.338765,76
ESC_WONG,stemness,UBE2V2,0.340743,0.320931,0.003176,0.004839,0.37027,77
ESC_WONG,stemness,EIF2S2,0.354208,0.333332,0.003299,0.004791,0.326795,78
ESC_WONG,stemness,MRPL15,0.313051,0.29355,0.002905,0.004769,0.3813,79
ESC_WONG,stemness,CCND1,0.31667,0.374445,0.003706,0.004746,0.274534,80
ESC_WONG,stemness,FDPS,0.32962,0.325338,0.00322,0.004741,0.35099,81
ESC_WONG,stemness,VBP1,0.309764,0.283953,0.00281,0.004717,0.37293,82
ESC_WONG,stemness,APEX1,0.402006,0.403682,0.003995,0.004679,0.321436,83
ESC_WONG,stemness,CDKN3,0.140986,0.151082,0.001495,0.004664,0.396363,84
ESC_WONG,stemness,EEF2,0.704913,1.242232,0.012294,0.004656,0.122138,85
ESC_WONG,stemness,NME4,0.433201,0.513313,0.00508,0.004623,0.287874,86
ESC_WONG,stemness,FBL,0.404446,0.476507,0.004716,0.004615,0.338346,87
ESC_WONG,stemness,PRMT1,0.345226,0.338386,0.003349,0.004587,0.340367,88
ESC_WONG,stemness,FAM136A,0.331811,0.31655,0.003133,0.004533,0.354275,89
ESC_WONG,stemness,RNPS1,0.433616,0.45362,0.004489,0.004518,0.293468,90
ESC_WONG,stemness,PHF5A,0.303106,0.264097,0.002614,0.004285,0.362579,91
ESC_WONG,stemness,NASP,0.271662,0.246771,0.002442,0.004251,0.357021,92
ESC_WONG,stemness,RCN2,0.395215,0.430517,0.004261,0.004216,0.27332,93
ESC_WONG,stemness,GLO1,0.34501,0.3303,0.003269,0.004214,0.343956,94
ESC_WONG,stemness,STIP1,0.282835,0.252438,0.002498,0.004143,0.347074,95
ESC_WONG,stemness,SMC4,0.185762,0.174516,0.001727,0.004133,0.360351,96
ESC_WONG,stemness,ANP32E,0.2447,0.227629,0.002253,0.00413,0.370212,97
ESC_WONG,stemness,MTHFD2,0.347584,0.365609,0.003618,0.004069,0.306326,98
ESC_WONG,stemness,SRSF10,0.374313,0.357711,0.00354,0.00406,0.303187,99
ESC_WONG,stemness,KPNA2,0.24387,0.239924,0.002374,0.004017,0.338477,100
ESC_WONG,stemness,TIMM8B,0.364402,0.369896,0.003661,0.003902,0.314403,101
ESC_WONG,stemness,KRAS,0.282503,0.255303,0.002527,0.003808,0.295156,102
ESC_WONG,stemness,MCM7,0.216526,0.196436,0.001944,0.00365,0.353582,103
ESC_WONG,stemness,CCNB2,0.110886,0.112015,0.001109,0.003599,0.379139,104
ESC_WONG,stemness,SNRPA,0.301894,0.268956,0.002662,0.003591,0.33262,105
ESC_WONG,stemness,PSMD14,0.247688,0.207649,0.002055,0.003539,0.320706,106
ESC_WONG,stemness,BAX,0.334899,0.315258,0.00312,0.003502,0.289579,107
ESC_WONG,stemness,PCNA,0.21548,0.187514,0.001856,0.003494,0.337354,108
ESC_WONG,stemness,MRPL16,0.245563,0.208374,0.002062,0.003483,0.344554,109
ESC_WONG,stemness,CISD1,0.254014,0.218089,0.002158,0.003388,0.335968,110
ESC_WONG,stemness,LSM10,0.262481,0.216671,0.002144,0.00338,0.325918,111
ESC_WONG,stemness,CLPP,0.286056,0.242162,0.002397,0.003359,0.326504,112
ESC_WONG,stemness,LYPLA1,0.397506,0.410112,0.004059,0.003352,0.268596,113
ESC_WONG,stemness,CTSC,0.231883,0.23972,0.002372,0.003312,0.277322,114
ESC_WONG,stemness,PDHA1,0.250643,0.210429,0.002082,0.003293,0.331044,115
ESC_WONG,stemness,DNMT1,0.219116,0.173763,0.00172,0.003274,0.335536,116
ESC_WONG,stemness,DTYMK,0.206946,0.16641,0.001647,0.003108,0.34899,117
ESC_WONG,stemness,SERPINH1,0.324357,0.337226,0.003337,0.003102,0.26645,118
ESC_WONG,stemness,NONO,0.368021,0.356335,0.003526,0.003084,0.266477,119
ESC_WONG,stemness,XRCC5,0.355171,0.33433,0.003309,0.003079,0.27667,120
ESC_WONG,stemness,MAD2L1,0.129995,0.117846,0.001166,0.003074,0.381121,121
ESC_WONG,stemness,CDCA3,0.091777,0.086396,0.000855,0.00307,0.367996,122
ESC_WONG,stemness,GARS,0.262497,0.231386,0.00229,0.003014,0.301385,123
ESC_WONG,stemness,ERP29,0.41962,0.444401,0.004398,0.003012,0.207477,124
ESC_WONG,stemness,RUVBL2,0.239287,0.192268,0.001903,0.002957,0.322459,125
ESC_WONG,stemness,DDX18,0.253349,0.205483,0.002034,0.002927,0.299973,126
ESC_WONG,stemness,YY1,0.282984,0.226998,0.002246,0.00292,0.27102,127
ESC_WONG,stemness,NCBP2,0.277124,0.227477,0.002251,0.002884,0.298741,128
ESC_WONG,stemness,SARS,0.263643,0.225368,0.00223,0.002884,0.265829,129
ESC_WONG,stemness,ADSL,0.206498,0.156526,0.001549,0.002856,0.332361,130
ESC_WONG,stemness,CCNC,0.286637,0.249981,0.002474,0.002848,0.295773,131
ESC_WONG,stemness,FH,0.218086,0.173038,0.001712,0.00282,0.325361,132
ESC_WONG,stemness,RUVBL1,0.176282,0.132934,0.001316,0.002804,0.329983,133
ESC_WONG,stemness,MRPS18B,0.276609,0.228391,0.00226,0.002779,0.286144,134
ESC_WONG,stemness,MRTO4,0.173908,0.129203,0.001279,0.002774,0.327455,135
ESC_WONG,stemness,ADH5,0.269636,0.235334,0.002329,0.002752,0.270353,136
ESC_WONG,stemness,MRPS2,0.214517,0.162306,0.001606,0.002727,0.332383,137
ESC_WONG,stemness,TRIP6,0.242707,0.195481,0.001935,0.002661,0.290194,138
ESC_WONG,stemness,ETFA,0.279813,0.244085,0.002416,0.0026,0.263453,139
ESC_WONG,stemness,CDCA8,0.094965,0.08759,0.000867,0.002572,0.333532,140
ESC_WONG,stemness,PLK1,0.083741,0.087528,0.000866,0.002565,0.315172,141
ESC_WONG,stemness,NUSAP1,0.096193,0.089343,0.000884,0.002528,0.32881,142
ESC_WONG,stemness,HDAC1,0.238026,0.190467,0.001885,0.002526,0.274586,143
ESC_WONG,stemness,MYC,0.295137,0.334691,0.003312,0.002525,0.212063,144
ESC_WONG,stemness,KIF22,0.21626,0.178727,0.001769,0.002394,0.269136,145
ESC_WONG,stemness,TIMM8A,0.148274,0.112539,0.001114,0.00236,0.293506,146
ESC_WONG,stemness,POLR3K,0.223632,0.183546,0.001816,0.002342,0.272743,147
ESC_WONG,stemness,CCNA2,0.081434,0.07537,0.000746,0.002336,0.339408,148
ESC_WONG,stemness,EIF2S3,0.325934,0.306644,0.003035,0.002305,0.247774,149
ESC_WONG,stemness,THOC3,0.186625,0.14338,0.001419,0.002232,0.287398,150
ESC_WONG,stemness,NDUFA11,0.266731,0.235897,0.002335,0.002229,0.253351,151
ESC_WONG,stemness,WDR77,0.170787,0.12361,0.001223,0.002196,0.305475,152
ESC_WONG,stemness,FARSA,0.199857,0.151596,0.0015,0.002157,0.284847,153
ESC_WONG,stemness,SNX5,0.229044,0.177488,0.001756,0.002151,0.263021,154
ESC_WONG,stemness,TOP2A,0.083443,0.075628,0.000748,0.002124,0.308714,155
ESC_WONG,stemness,RPA2,0.171036,0.126182,0.001249,0.002117,0.292853,156
ESC_WONG,stemness,PDCD2,0.241512,0.18874,0.001868,0.002113,0.267545,157
ESC_WONG,stemness,RCC1,0.154766,0.110074,0.001089,0.002073,0.293016,158
ESC_WONG,stemness,WBP11,0.198479,0.15318,0.001516,0.002046,0.257398,159
ESC_WONG,stemness,CKAP2,0.112181,0.084507,0.000836,0.002044,0.296278,160
ESC_WONG,stemness,RAD23B,0.256438,0.202204,0.002001,0.002017,0.249354,161
ESC_WONG,stemness,SEPHS2,0.297246,0.266349,0.002636,0.001989,0.209374,162
ESC_WONG,stemness,RRM1,0.141301,0.106861,0.001058,0.001987,0.277528,163
ESC_WONG,stemness,HADH,0.196968,0.153109,0.001515,0.001977,0.27176,164
ESC_WONG,stemness,GMNN,0.161606,0.133768,0.001324,0.00194,0.273293,165
ESC_WONG,stemness,G3BP1,0.271496,0.239071,0.002366,0.001915,0.227873,166
ESC_WONG,stemness,GEMIN6,0.159115,0.111036,0.001099,0.001837,0.280738,167
ESC_WONG,stemness,MRPS36,0.241014,0.188467,0.001865,0.001811,0.226877,168
ESC_WONG,stemness,HAT1,0.195076,0.163442,0.001617,0.001779,0.227679,169
ESC_WONG,stemness,MYBL2,0.075142,0.053735,0.000532,0.001715,0.316158,170
ESC_WONG,stemness,CSE1L,0.145867,0.108666,0.001075,0.001706,0.272359,171
ESC_WONG,stemness,DBF4,0.105557,0.071488,0.000707,0.00166,0.285767,172
ESC_WONG,stemness,NIP7,0.143543,0.100975,0.000999,0.001658,0.267832,173
ESC_WONG,stemness,ZNF22,0.191274,0.139619,0.001382,0.001656,0.243524,174
ESC_WONG,stemness,MCM5,0.097438,0.073409,0.000726,0.001648,0.258522,175
ESC_WONG,stemness,KIF23,0.068252,0.056167,0.000556,0.00161,0.286594,176
ESC_WONG,stemness,MAPK13,0.19227,0.145468,0.00144,0.001608,0.221825,177
ESC_WONG,stemness,PSME3,0.180798,0.132499,0.001311,0.001606,0.240217,178
ESC_WONG,stemness,MRPS30,0.179337,0.127474,0.001262,0.00157,0.245569,179
ESC_WONG,stemness,EIF4B,0.361895,0.37934,0.003754,0.001552,0.163401,180
ESC_WONG,stemness,EXOSC7,0.155679,0.110086,0.001089,0.001545,0.22541,181
ESC_WONG,stemness,HNRNPL,0.208158,0.16046,0.001588,0.00152,0.204587,182
ESC_WONG,stemness,TRIP13,0.075341,0.054244,0.000537,0.001518,0.305545,183
ESC_WONG,stemness,MCM3,0.13481,0.104306,0.001032,0.00149,0.244364,184
ESC_WONG,stemness,CTNNA1,0.281606,0.241825,0.002393,0.001451,0.188478,185
ESC_WONG,stemness,RAB34,0.181894,0.142642,0.001412,0.001427,0.23167,186
ESC_WONG,stemness,MRPL39,0.15015,0.112171,0.00111,0.001418,0.248406,187
ESC_WONG,stemness,DPP3,0.120964,0.081485,0.000806,0.001384,0.235289,188
ESC_WONG,stemness,DHX9,0.192702,0.144187,0.001427,0.001376,0.214928,189
ESC_WONG,stemness,ALDH7A1,0.165308,0.130367,0.00129,0.001355,0.22814,190
ESC_WONG,stemness,AURKA,0.064848,0.049946,0.000494,0.00135,0.256315,191
ESC_WONG,stemness,GART,0.149768,0.108735,0.001076,0.001347,0.243805,192
ESC_WONG,stemness,LMNB1,0.080703,0.060704,0.000601,0.001343,0.279739,193
ESC_WONG,stemness,CDCA5,0.062192,0.044669,0.000442,0.001334,0.289902,194
ESC_WONG,stemness,MRPS28,0.15953,0.109354,0.001082,0.001303,0.228554,195
ESC_WONG,stemness,GNL3,0.170737,0.127418,0.001261,0.001291,0.201339,196
ESC_WONG,stemness,SQLE,0.162037,0.125311,0.00124,0.001286,0.198119,197
ESC_WONG,stemness,NCAPD2,0.072336,0.048147,0.000476,0.001268,0.255177,198
ESC_WONG,stemness,TERF1,0.135092,0.087268,0.000864,0.001246,0.231139,199
ESC_WONG,stemness,NEK2,0.049674,0.039228,0.000388,0.00117,0.261495,200
ESC_WONG,stemness,PRPS1,0.104245,0.070647,0.000699,0.001163,0.228696,201
ESC_WONG,stemness,VRK1,0.080587,0.054916,0.000543,0.001142,0.233447,202
ESC_WONG,stemness,XPO1,0.204224,0.154688,0.001531,0.001137,0.19749,203
ESC_WONG,stemness,SLC2A1,0.160842,0.12973,0.001284,0.001129,0.164058,204
ESC_WONG,stemness,MCM4,0.104411,0.072499,0.000717,0.001124,0.226233,205
ESC_WONG,stemness,GNPDA1,0.14077,0.098269,0.000973,0.001119,0.207868,206
ESC_WONG,stemness,EIF4A1,0.176697,0.14252,0.00141,0.001116,0.164884,207
ESC_WONG,stemness,GTSE1,0.050637,0.03555,0.000352,0.001114,0.261411,208
ESC_WONG,stemness,CDCA7,0.069447,0.048851,0.000483,0.001095,0.256708,209
ESC_WONG,stemness,NTHL1,0.116581,0.079865,0.00079,0.001094,0.215216,210
ESC_WONG,stemness,RACGAP1,0.066757,0.048014,0.000475,0.001066,0.246997,211
ESC_WONG,stemness,TEAD2,0.162237,0.114006,0.001128,0.001034,0.195162,212
ESC_WONG,stemness,NIPSNAP1,0.171235,0.135192,0.001338,0.001028,0.197501,213
ESC_WONG,stemness,SS18,0.17258,0.122388,0.001211,0.001014,0.191523,214
ESC_WONG,stemness,IARS,0.151379,0.107848,0.001067,0.001012,0.214437,215
ESC_WONG,stemness,AURKB,0.048429,0.03712,0.000367,0.001006,0.254107,216
ESC_WONG,stemness,CDC34,0.118174,0.073024,0.000723,0.00097,0.181297,217
ESC_WONG,stemness,UBE2G1,0.197948,0.15184,0.001503,0.000967,0.187133,218
ESC_WONG,stemness,MID1IP1,0.14243,0.10093,0.000999,0.000963,0.174504,219
ESC_WONG,stemness,TCOF1,0.097322,0.063141,0.000625,0.000913,0.197202,220
ESC_WONG,stemness,KIF20A,0.037455,0.028879,0.000286,0.000878,0.229932,221
ESC_WONG,stemness,SDHD,0.143924,0.105067,0.00104,0.000877,0.18748,222
ESC_WONG,stemness,TCF7L1,0.111517,0.073346,0.000726,0.000873,0.187449,223
ESC_WONG,stemness,KIF4A,0.045922,0.031059,0.000307,0.000839,0.24266,224
ESC_WONG,stemness,KPNA6,0.138778,0.088013,0.000871,0.000838,0.170792,225
ESC_WONG,stemness,MCM2,0.058905,0.037976,0.000376,0.000824,0.214595,226
ESC_WONG,stemness,TIMM44,0.108479,0.070513,0.000698,0.000819,0.195597,227
ESC_WONG,stemness,NDUFA9,0.097388,0.064554,0.000639,0.000797,0.178638,228
ESC_WONG,stemness,RFC3,0.060714,0.040393,0.0004,0.00079,0.201838,229
ESC_WONG,stemness,MTF2,0.122176,0.077199,0.000764,0.000774,0.18425,230
ESC_WONG,stemness,TCF19,0.054073,0.034573,0.000342,0.000762,0.212421,231
ESC_WONG,stemness,RRM2,0.041638,0.028116,0.000278,0.000747,0.221021,232
ESC_WONG,stemness,RPP40,0.067206,0.041673,0.000412,0.000742,0.201777,233
ESC_WONG,stemness,IPO9,0.108197,0.070443,0.000697,0.000709,0.173088,234
ESC_WONG,stemness,CDC6,0.0428,0.028882,0.000286,0.000699,0.212685,235
ESC_WONG,stemness,MSH2,0.085435,0.057713,0.000571,0.000691,0.185987,236
ESC_WONG,stemness,CHEK1,0.049807,0.032706,0.000324,0.000683,0.203046,237
ESC_WONG,stemness,TTK,0.037538,0.027968,0.000277,0.000678,0.211292,238
ESC_WONG,stemness,SLC16A1,0.081567,0.051975,0.000514,0.000664,0.173549,239
ESC_WONG,stemness,NLN,0.076652,0.04903,0.000485,0.000634,0.170623,240
ESC_WONG,stemness,NT5DC2,0.114638,0.082119,0.000813,0.000621,0.165365,241
ESC_WONG,stemness,BUB1,0.034881,0.024221,0.00024,0.00062,0.20932,242
ESC_WONG,stemness,PUS1,0.062989,0.037973,0.000376,0.000598,0.169502,243
ESC_WONG,stemness,E2F3,0.09347,0.060572,0.000599,0.000589,0.160532,244
ESC_WONG,stemness,DLAT,0.074145,0.047548,0.000471,0.00058,0.158767,245
ESC_WONG,stemness,COQ3,0.052646,0.030538,0.000302,0.000568,0.184105,246
ESC_WONG,stemness,TP53,0.074643,0.049759,0.000492,0.000528,0.144425,247
ESC_WONG,stemness,PRIM1,0.0385,0.024436,0.000242,0.000514,0.154856,248
ESC_WONG,stemness,CHEK2,0.044859,0.028944,0.000286,0.000504,0.177511,249
ESC_WONG,stemness,HELLS,0.06181,0.04059,0.000402,0.000499,0.159962,250
ESC_WONG,stemness,RAD18,0.062873,0.038885,0.000385,0.000492,0.166481,251
ESC_WONG,stemness,ELOVL6,0.043896,0.025436,0.000252,0.000471,0.154834,252
ESC_WONG,stemness,NUP107,0.086497,0.057542,0.000569,0.000465,0.161157,253
ESC_WONG,stemness,EEF1E1,0.054223,0.034227,0.000339,0.000412,0.133178,254
ESC_WONG,stemness,CHAF1A,0.043465,0.02457,0.000243,0.000407,0.158238,255
ESC_WONG,stemness,WDHD1,0.037106,0.021796,0.000216,0.000389,0.161642,256
ESC_WONG,stemness,CDC7,0.037554,0.023171,0.000229,0.000358,0.14649,257
ESC_WONG,stemness,NOP2,0.054057,0.034074,0.000337,0.000354,0.136792,258
ESC_WONG,stemness,DARS2,0.039115,0.023044,0.000228,0.000353,0.13559,259
ESC_WONG,stemness,POLD1,0.044278,0.027815,0.000275,0.000351,0.146384,260
ESC_WONG,stemness,KIF11,0.028539,0.019186,0.00019,0.00035,0.160786,261
ESC_WONG,stemness,BUB1B,0.022679,0.013751,0.000136,0.000348,0.166466,262
ESC_WONG,stemness,EXO1,0.021981,0.014407,0.000143,0.000348,0.164585,263
ESC_WONG,stemness,SOX2,0.023758,0.013914,0.000138,0.00034,0.150627,264
ESC_WONG,stemness,FGFR1,0.081367,0.06191,0.000613,0.000324,0.101558,265
ESC_WONG,stemness,TGIF2,0.069165,0.044462,0.00044,0.000306,0.127378,266
ESC_WONG,stemness,GJA1,0.047748,0.033265,0.000329,0.000297,0.124955,267
ESC_WONG,stemness,SPAG5,0.025451,0.014686,0.000145,0.000293,0.160247,268
ESC_WONG,stemness,ABCB7,0.082363,0.05129,0.000508,0.000291,0.126583,269
ESC_WONG,stemness,UGDH,0.138114,0.109822,0.001087,0.00028,0.114785,270
ESC_WONG,stemness,POLE2,0.019342,0.011554,0.000114,0.000253,0.129195,271
ESC_WONG,stemness,MRPS17,0.046752,0.029078,0.000288,0.000253,0.111148,272
ESC_WONG,stemness,ALDOC,0.042253,0.024632,0.000244,0.000246,0.110528,273
ESC_WONG,stemness,PLK4,0.019292,0.012224,0.000121,0.000244,0.139437,274
ESC_WONG,stemness,BLM,0.019308,0.012366,0.000122,0.00024,0.136299,275
ESC_WONG,stemness,ACAD8,0.0643,0.042268,0.000418,0.000238,0.104983,276
ESC_WONG,stemness,CCNF,0.027593,0.016874,0.000167,0.000237,0.116304,277
ESC_WONG,stemness,MRPL12,0.03425,0.019816,0.000196,0.000229,0.107678,278
ESC_WONG,stemness,AMOTL2,0.077798,0.053864,0.000533,0.000181,0.079693,279
ESC_WONG,stemness,YAP1,0.105474,0.067933,0.000672,0.000175,0.088464,280
ESC_WONG,stemness,HSPA14,0.031079,0.01741,0.000172,0.000144,0.091052,281
ESC_WONG,stemness,GSPT2,0.026281,0.015445,0.000153,0.000125,0.067838,282
ESC_WONG,stemness,NDUFB8,0.038085,0.024118,0.000239,0.000115,0.080153,283
ESC_WONG,stemness,BCAT1,0.017017,0.014109,0.00014,6.3e-05,0.069689,284
ESC_WONG,stemness,GLDC,0.00679,0.003343,3.3e-05,3.4e-05,0.050745,285
ESC_WONG,stemness,PHC1,0.037936,0.023497,0.000233,3e-05,0.05123,286
ESC_WONG,stemness,TMEFF1,0.004682,0.003074,3e-05,2.5e-05,0.046472,287
ESC_WONG,stemness,U2AF1,0.011489,0.006268,6.2e-05,1.6e-05,0.04465,288
ESC_WONG,stemness,ZIC3,0.00171,0.001092,1.1e-05,1.4e-05,0.027997,289
ESC_WONG,stemness,PIPOX,0.002042,0.001357,1.3e-05,3e-06,0.017631,290
ESC_WONG,stemness,OTX2,6.6e-05,3.5e-05,0.0,1e-06,0.007481,291
ESC_WONG,stemness,GNA14,0.007371,0.004137,4.1e-05,-1.3e-05,-0.003698,292
ESC_WONG,stemness,CCND2,0.020686,0.018716,0.000185,-2e-05,0.004999,293
ESC_WONG,stemness,CDKN1C,0.062823,0.045412,0.000449,-2.2e-05,0.054703,294
ESC_WONG,stemness,PDPN,0.013348,0.012869,0.000127,-8.1e-05,0.013604,295
ESC_WONG,stemness,WEE1,0.132104,0.096138,0.000951,-0.000125,0.070222,296
ESC_WONG,stemness,PROM1,0.121877,0.106954,0.001058,-0.00038,0.039421,297
FMASC,stemness,YBX1,0.724868,1.444176,0.014308,0.008352,0.083989,1
FMASC,stemness,HMGB1,0.724238,1.321285,0.01309,0.007889,0.072534,2
FMASC,stemness,GNAS,0.523799,0.736266,0.007294,0.007322,0.137697,3
FMASC,stemness,DEK,0.415636,0.494635,0.004901,0.006512,0.129932,4
FMASC,stemness,H2AFV,0.423937,0.481854,0.004774,0.005414,0.126107,5
FMASC,stemness,ANXA1,0.406787,0.749318,0.007424,0.005267,-0.062645,6
FMASC,stemness,TSPAN13,0.441519,0.551447,0.005463,0.004959,0.102215,7
FMASC,stemness,FSCN1,0.255574,0.283399,0.002808,0.004386,0.116324,8
FMASC,stemness,HMGN3,0.537629,0.702155,0.006956,0.004385,0.060222,9
FMASC,stemness,SFRP1,0.267378,0.32474,0.003217,0.004174,0.179841,10
FMASC,stemness,IGFBP5,0.209918,0.338005,0.003349,0.004041,0.255374,11
FMASC,stemness,ATP6V0E2,0.30739,0.324468,0.003215,0.004031,0.108482,12
FMASC,stemness,TTC3,0.381552,0.41876,0.004149,0.004009,0.20438,13
FMASC,stemness,SRRM2,0.356698,0.355398,0.003521,0.003991,0.141754,14
FMASC,stemness,TMEM14A,0.402055,0.411686,0.004079,0.003789,0.041156,15
FMASC,stemness,FAM96A,0.369714,0.360476,0.003571,0.003787,0.001565,16
FMASC,stemness,BTF3L4,0.455199,0.510513,0.005058,0.003746,-0.060415,17
FMASC,stemness,PRKDC,0.321369,0.306811,0.00304,0.00368,0.156144,18
FMASC,stemness,TPR,0.307987,0.268149,0.002657,0.003674,0.073894,19
FMASC,stemness,CDC20,0.167765,0.222581,0.002205,0.003654,0.194594,20
FMASC,stemness,UBE2E3,0.367855,0.353271,0.0035,0.003649,0.072611,21
FMASC,stemness,CENPF,0.13486,0.145086,0.001437,0.003584,0.239443,22
FMASC,stemness,DNAJC1,0.275679,0.247258,0.00245,0.003517,0.112402,23
FMASC,stemness,LMO4,0.323212,0.33541,0.003323,0.003495,0.056198,24
FMASC,stemness,SLBP,0.292796,0.288515,0.002858,0.003458,0.008626,25
FMASC,stemness,NFIB,0.279133,0.260341,0.002579,0.003429,0.175915,26
FMASC,stemness,HDLBP,0.441718,0.502706,0.00498,0.003392,0.061758,27
FMASC,stemness,TYMS,0.183687,0.191945,0.001902,0.003377,0.237858,28
FMASC,stemness,DSC2,0.3218,0.362043,0.003587,0.003345,0.045572,29
FMASC,stemness,SMC4,0.185762,0.174516,0.001729,0.003343,0.201857,30
FMASC,stemness,USP1,0.273023,0.227982,0.002259,0.003336,0.107567,31
FMASC,stemness,ENAH,0.295004,0.258597,0.002562,0.00332,0.119634,32
FMASC,stemness,RBM25,0.336277,0.303883,0.003011,0.003288,0.069148,33
FMASC,stemness,DUT,0.370594,0.393719,0.003901,0.003271,0.11374,34
FMASC,stemness,HNRNPR,0.35718,0.337794,0.003347,0.003238,0.111776,35
FMASC,stemness,PSIP1,0.199558,0.17451,0.001729,0.003183,0.172412,36
FMASC,stemness,ACP1,0.485266,0.583234,0.005778,0.003165,-0.039589,37
FMASC,stemness,MARCKS,0.261916,0.240189,0.00238,0.003146,0.12334,38
FMASC,stemness,CXCL10,0.188883,0.477283,0.004729,0.003108,-0.177077,39
FMASC,stemness,EML4,0.262248,0.221735,0.002197,0.003013,0.125866,40
FMASC,stemness,ASPH,0.320721,0.318131,0.003152,0.003002,0.147615,41
FMASC,stemness,TPM1,0.59738,1.001444,0.009922,0.002986,-0.070452,42
FMASC,stemness,CSNK1A1,0.380805,0.374094,0.003706,0.00296,0.069585,43
FMASC,stemness,TRPS1,0.287019,0.301523,0.002987,0.002924,0.13681,44
FMASC,stemness,UBE2T,0.198446,0.189371,0.001876,0.002887,0.17798,45
FMASC,stemness,FABP7,0.228828,0.407095,0.004033,0.00287,0.0424,46
FMASC,stemness,MKI67,0.108794,0.105846,0.001049,0.002866,0.269487,47
FMASC,stemness,HSPH1,0.322298,0.315087,0.003122,0.002856,0.022995,48
FMASC,stemness,BZW1,0.418973,0.453781,0.004496,0.00285,-0.003139,49
FMASC,stemness,PLOD1,0.262049,0.254449,0.002521,0.002736,-0.022787,50
FMASC,stemness,DNMT1,0.219116,0.173763,0.001722,0.002719,0.137315,51
FMASC,stemness,YTHDF2,0.279963,0.230597,0.002285,0.002713,0.085754,52
FMASC,stemness,LYPLA1,0.397506,0.410112,0.004063,0.002698,0.059959,53
FMASC,stemness,ARL6IP1,0.234141,0.204756,0.002029,0.002681,0.162128,54
FMASC,stemness,NOL7,0.364319,0.357807,0.003545,0.002661,0.02711,55
FMASC,stemness,RSF1,0.273438,0.223509,0.002214,0.002628,0.096521,56
FMASC,stemness,PTPRK,0.281689,0.257113,0.002547,0.002605,0.037645,57
FMASC,stemness,TOP1,0.298756,0.25791,0.002555,0.002604,0.007779,58
FMASC,stemness,PPIC,0.312022,0.307689,0.003048,0.002568,-0.025492,59
FMASC,stemness,PTTG1,0.192121,0.23796,0.002358,0.002567,0.164152,60
FMASC,stemness,GABRP,0.26175,0.344771,0.003416,0.002554,0.061798,61
FMASC,stemness,DECR1,0.307273,0.291368,0.002887,0.002519,0.059,62
FMASC,stemness,PPT1,0.285558,0.248506,0.002462,0.002498,0.060781,63
FMASC,stemness,ORMDL1,0.27817,0.228261,0.002261,0.00248,0.060744,64
FMASC,stemness,CDK1,0.125579,0.139851,0.001386,0.00244,0.258998,65
FMASC,stemness,ARID4B,0.265469,0.213431,0.002115,0.002421,0.088251,66
FMASC,stemness,NCOA7,0.262281,0.248325,0.00246,0.0024,0.044081,67
FMASC,stemness,CRYAB,0.366211,0.583592,0.005782,0.002397,-0.085653,68
FMASC,stemness,MCM7,0.216526,0.196436,0.001946,0.002359,0.155144,69
FMASC,stemness,LPP,0.266083,0.232363,0.002302,0.002356,0.137024,70
FMASC,stemness,BNIP3L,0.334451,0.336739,0.003336,0.002349,0.038961,71
FMASC,stemness,PAPSS1,0.30128,0.285496,0.002829,0.002336,0.0893,72
FMASC,stemness,HIBADH,0.268889,0.233109,0.002309,0.00233,0.079824,73
FMASC,stemness,RSRC2,0.280843,0.231985,0.002298,0.002315,0.069909,74
FMASC,stemness,DTYMK,0.206946,0.16641,0.001649,0.002286,0.148466,75
FMASC,stemness,TTYH1,0.146797,0.168414,0.001669,0.002251,0.195425,76
FMASC,stemness,RNF130,0.260621,0.219225,0.002172,0.002215,0.089761,77
FMASC,stemness,CSN3,0.12626,0.272361,0.002698,0.002209,0.230516,78
FMASC,stemness,EIF2A,0.32444,0.30767,0.003048,0.002205,-0.059715,79
FMASC,stemness,SYNE2,0.23097,0.192798,0.00191,0.002199,0.135582,80
FMASC,stemness,PHF14,0.217555,0.16413,0.001626,0.002185,0.135147,81
FMASC,stemness,PHF20L1,0.241396,0.187192,0.001855,0.002179,0.079839,82
FMASC,stemness,TPX2,0.122524,0.121345,0.001202,0.002174,0.240907,83
FMASC,stemness,ARL4A,0.224478,0.194395,0.001926,0.00217,0.129753,84
FMASC,stemness,ERBB3,0.198961,0.164806,0.001633,0.002158,0.14229,85
FMASC,stemness,CTHRC1,0.195707,0.24394,0.002417,0.002113,0.180333,86
FMASC,stemness,CCNB2,0.110886,0.112015,0.00111,0.002113,0.173379,87
FMASC,stemness,BBX,0.226155,0.172473,0.001709,0.002095,0.063541,88
FMASC,stemness,JMJD1C,0.211778,0.169324,0.001678,0.002082,0.170549,89
FMASC,stemness,SGCE,0.155911,0.121333,0.001202,0.002081,0.074171,90
FMASC,stemness,ATP2B1,0.17077,0.127982,0.001268,0.00208,0.123871,91
FMASC,stemness,GRSF1,0.296947,0.258508,0.002561,0.002068,0.052007,92
FMASC,stemness,DARS,0.283765,0.240265,0.00238,0.002068,-0.004908,93
FMASC,stemness,CCNB1,0.125961,0.128066,0.001269,0.002067,0.17931,94
FMASC,stemness,UBA2,0.313948,0.309571,0.003067,0.002031,0.142116,95
FMASC,stemness,SORT1,0.178424,0.135229,0.00134,0.002021,0.126965,96
FMASC,stemness,SERPINE2,0.142829,0.135345,0.001341,0.002013,0.072335,97
FMASC,stemness,OSBPL1A,0.210416,0.159051,0.001576,0.002012,0.131371,98
FMASC,stemness,GMDS,0.279847,0.262882,0.002604,0.002002,0.078891,99
FMASC,stemness,MFAP2,0.216642,0.252967,0.002506,0.001999,0.16155,100
FMASC,stemness,LIMS1,0.225375,0.173782,0.001722,0.001997,0.034244,101
FMASC,stemness,WNK1,0.204788,0.15031,0.001489,0.001995,0.082569,102
FMASC,stemness,PTN,0.156725,0.177649,0.00176,0.001968,0.074228,103
FMASC,stemness,WRB,0.220925,0.177641,0.00176,0.001946,0.143847,104
FMASC,stemness,KIF22,0.21626,0.178727,0.001771,0.00194,0.121153,105
FMASC,stemness,NQO2,0.21299,0.174437,0.001728,0.001935,0.100729,106
FMASC,stemness,TNC,0.140554,0.128331,0.001271,0.001916,0.036565,107
FMASC,stemness,ZFAND1,0.249332,0.209737,0.002078,0.001908,0.08915,108
FMASC,stemness,BAZ1B,0.194113,0.138653,0.001374,0.001903,0.120982,109
FMASC,stemness,PHIP,0.217173,0.169616,0.00168,0.001892,0.125978,110
FMASC,stemness,MYO10,0.156426,0.117001,0.001159,0.001882,0.159291,111
FMASC,stemness,COX16,0.34066,0.31493,0.00312,0.001872,-0.031985,112
FMASC,stemness,NUSAP1,0.096193,0.089343,0.000885,0.001872,0.238102,113
FMASC,stemness,NCOR1,0.23175,0.18182,0.001801,0.001861,0.11114,114
FMASC,stemness,SCOC,0.339415,0.320107,0.003171,0.00186,0.046136,115
FMASC,stemness,NFIA,0.205236,0.173478,0.001719,0.001856,0.148236,116
FMASC,stemness,CDCA3,0.091777,0.086396,0.000856,0.001854,0.183882,117
FMASC,stemness,MAL2,0.283117,0.273315,0.002708,0.001851,-0.038599,118
FMASC,stemness,PIK3R1,0.190477,0.181479,0.001798,0.001845,0.112169,119
FMASC,stemness,WAC,0.19926,0.147035,0.001457,0.001834,0.137048,120
FMASC,stemness,CDCA8,0.094965,0.08759,0.000868,0.001822,0.219409,121
FMASC,stemness,VMA21,0.241446,0.193857,0.001921,0.00182,0.017155,122
FMASC,stemness,CCNC,0.286637,0.249981,0.002477,0.00181,0.055764,123
FMASC,stemness,CP,0.141351,0.147046,0.001457,0.0018,-0.049018,124
FMASC,stemness,TOP2A,0.083443,0.075628,0.000749,0.001777,0.250338,125
FMASC,stemness,ANKRD12,0.201335,0.154344,0.001529,0.001775,0.126137,126
FMASC,stemness,N4BP2L2,0.274285,0.244644,0.002424,0.001769,0.106732,127
FMASC,stemness,PMP22,0.235137,0.251375,0.00249,0.001768,0.128157,128
FMASC,stemness,SMC2,0.124882,0.088261,0.000874,0.001766,0.184865,129
FMASC,stemness,MEST,0.165773,0.17936,0.001777,0.00176,0.135497,130
FMASC,stemness,ARID5B,0.207096,0.170304,0.001687,0.00175,0.065104,131
FMASC,stemness,HES1,0.20336,0.180924,0.001792,0.001749,0.08254,132
FMASC,stemness,LIMCH1,0.190726,0.145817,0.001445,0.001747,0.098034,133
FMASC,stemness,ARHGAP29,0.208258,0.184851,0.001831,0.001746,0.008603,134
FMASC,stemness,ASPM,0.071605,0.061731,0.000612,0.001744,0.230722,135
FMASC,stemness,TBC1D7,0.193117,0.150136,0.001487,0.00173,0.107394,136
FMASC,stemness,GPX4,0.67468,1.152546,0.011419,0.001716,-0.084169,137
FMASC,stemness,USP22,0.231285,0.19141,0.001896,0.00171,0.143484,138
FMASC,stemness,FBLN1,0.186144,0.175547,0.001739,0.001703,0.143166,139
FMASC,stemness,PIK3R3,0.192204,0.149866,0.001485,0.001699,0.090325,140
FMASC,stemness,AIG1,0.269304,0.226974,0.002249,0.001696,-0.037543,141
FMASC,stemness,CKAP5,0.154965,0.115996,0.001149,0.001687,0.148657,142
FMASC,stemness,C1D,0.270284,0.220322,0.002183,0.001685,0.030108,143
FMASC,stemness,LPGAT1,0.184766,0.130142,0.001289,0.001678,0.08233,144
FMASC,stemness,SLC44A1,0.208109,0.163984,0.001625,0.001662,0.116676,145
FMASC,stemness,CLMN,0.169724,0.121283,0.001202,0.001648,0.059826,146
FMASC,stemness,CTSS,0.171966,0.185983,0.001843,0.001642,-0.143706,147
FMASC,stemness,RAB40B,0.190178,0.146269,0.001449,0.00163,0.081506,148
FMASC,stemness,CBX5,0.188202,0.1413,0.0014,0.001626,0.129459,149
FMASC,stemness,MAGED2,0.325104,0.33919,0.00336,0.001626,0.010494,150
FMASC,stemness,CRABP1,0.235967,0.369621,0.003662,0.001624,0.110739,151
FMASC,stemness,SLC38A1,0.250328,0.226174,0.002241,0.00162,0.128655,152
FMASC,stemness,CENPA,0.076038,0.066273,0.000657,0.001609,0.218806,153
FMASC,stemness,GOLM1,0.1889,0.142087,0.001408,0.001609,0.053422,154
FMASC,stemness,MAD2L1,0.129995,0.117846,0.001168,0.001602,0.202204,155
FMASC,stemness,STARD7,0.258131,0.21051,0.002086,0.001601,0.072451,156
FMASC,stemness,CCDC88A,0.108944,0.075816,0.000751,0.001594,0.148444,157
FMASC,stemness,TIMP2,0.116747,0.093901,0.00093,0.001593,0.160558,158
FMASC,stemness,NUF2,0.077482,0.066368,0.000658,0.001587,0.216152,159
FMASC,stemness,SMARCA2,0.177311,0.131671,0.001305,0.001587,0.108286,160
FMASC,stemness,HAT1,0.195076,0.163442,0.001619,0.001587,0.101155,161
FMASC,stemness,ZFAND6,0.283283,0.240561,0.002383,0.001573,0.015197,162
FMASC,stemness,EFEMP1,0.173676,0.188573,0.001868,0.001564,0.024623,163
FMASC,stemness,TCEA3,0.22237,0.182334,0.001806,0.001562,0.033536,164
FMASC,stemness,KDM5B,0.204157,0.157765,0.001563,0.001555,0.06515,165
FMASC,stemness,NKTR,0.179868,0.134478,0.001332,0.001553,0.116355,166
FMASC,stemness,DHCR7,0.167666,0.126493,0.001253,0.001548,0.065719,167
FMASC,stemness,RAD1,0.181528,0.139377,0.001381,0.001547,0.118316,168
FMASC,stemness,EFR3A,0.216078,0.172805,0.001712,0.001541,-0.002743,169
FMASC,stemness,PBK,0.069928,0.058914,0.000584,0.001533,0.233267,170
FMASC,stemness,GINS2,0.126774,0.102024,0.001011,0.001532,0.125557,171
FMASC,stemness,IDH1,0.246526,0.225936,0.002238,0.001529,0.067124,172
FMASC,stemness,CLCN3,0.177743,0.127346,0.001262,0.001524,0.102392,173
FMASC,stemness,TSPAN6,0.259609,0.225331,0.002232,0.001524,0.061748,174
FMASC,stemness,DHX9,0.192702,0.144187,0.001429,0.001523,0.093699,175
FMASC,stemness,SCARB1,0.138695,0.098591,0.000977,0.001514,0.117712,176
FMASC,stemness,CKAP2,0.112181,0.084507,0.000837,0.001512,0.157473,177
FMASC,stemness,CDKN2C,0.082712,0.059831,0.000593,0.001505,0.177347,178
FMASC,stemness,CELF1,0.188103,0.138116,0.001368,0.001504,0.094397,179
FMASC,stemness,DCTD,0.209503,0.158316,0.001568,0.0015,-0.017006,180
FMASC,stemness,ABI2,0.172962,0.122332,0.001212,0.001499,0.107858,181
FMASC,stemness,ATAD2,0.116464,0.089176,0.000883,0.001493,0.194442,182
FMASC,stemness,PLK1,0.083741,0.087528,0.000867,0.001488,0.185222,183
FMASC,stemness,GMNN,0.161606,0.133768,0.001325,0.001475,0.15444,184
FMASC,stemness,CHD2,0.194428,0.149498,0.001481,0.001475,0.089581,185
FMASC,stemness,AHR,0.17517,0.137389,0.001361,0.001475,0.115849,186
FMASC,stemness,ITGB8,0.1373,0.100719,0.000998,0.001469,0.102976,187
FMASC,stemness,FUBP1,0.179785,0.134689,0.001334,0.001452,0.070111,188
FMASC,stemness,EZH2,0.114356,0.083398,0.000826,0.001452,0.148864,189
FMASC,stemness,POGZ,0.164096,0.118834,0.001177,0.001449,0.157486,190
FMASC,stemness,RRM1,0.141301,0.106861,0.001059,0.001449,0.135224,191
FMASC,stemness,TIA1,0.193897,0.144303,0.00143,0.001445,0.120932,192
FMASC,stemness,SSFA2,0.176515,0.141415,0.001401,0.001438,0.139626,193
FMASC,stemness,USP9X,0.174041,0.122197,0.001211,0.001435,0.104877,194
FMASC,stemness,CDC5L,0.16144,0.110026,0.00109,0.001429,0.09478,195
FMASC,stemness,LRRCC1,0.154517,0.115321,0.001143,0.001428,0.123039,196
FMASC,stemness,KDM5A,0.169757,0.122589,0.001215,0.001414,0.087483,197
FMASC,stemness,MBD4,0.177311,0.121726,0.001206,0.0014,0.079998,198
FMASC,stemness,INTS10,0.173576,0.124082,0.001229,0.001396,0.098514,199
FMASC,stemness,KLF10,0.217339,0.190406,0.001886,0.001395,0.074216,200
FMASC,stemness,MAOB,0.141633,0.137657,0.001364,0.001393,0.116112,201
FMASC,stemness,KIF21A,0.126326,0.083623,0.000828,0.001385,0.127275,202
FMASC,stemness,FAM83D,0.080703,0.068617,0.00068,0.001385,0.202982,203
FMASC,stemness,BEX4,0.265851,0.247601,0.002453,0.001377,0.044426,204
FMASC,stemness,RHOBTB3,0.148523,0.114834,0.001138,0.001377,0.139271,205
FMASC,stemness,PRPF4B,0.177411,0.131865,0.001306,0.001368,0.134153,206
FMASC,stemness,HADH,0.196968,0.153109,0.001517,0.001365,0.093467,207
FMASC,stemness,VCL,0.161971,0.124813,0.001237,0.001362,0.082896,208
FMASC,stemness,CCDC34,0.145618,0.101101,0.001002,0.00136,0.110125,209
FMASC,stemness,ACADM,0.209636,0.16252,0.00161,0.001355,0.082882,210
FMASC,stemness,RFC4,0.140903,0.106605,0.001056,0.001354,0.118102,211
FMASC,stemness,TCERG1,0.152275,0.102639,0.001017,0.001344,0.079756,212
FMASC,stemness,SMARCC1,0.17522,0.131092,0.001299,0.001341,0.127655,213
FMASC,stemness,MEF2A,0.150632,0.106968,0.00106,0.001339,0.082921,214
FMASC,stemness,KCTD1,0.157422,0.106074,0.001051,0.001339,0.064154,215
FMASC,stemness,RSRC1,0.15958,0.114488,0.001134,0.001339,0.048075,216
FMASC,stemness,SVIP,0.197101,0.151857,0.001505,0.001331,0.051991,217
FMASC,stemness,TRA2A,0.169359,0.123895,0.001227,0.00133,0.110859,218
FMASC,stemness,NDRG2,0.202597,0.218002,0.00216,0.001325,0.151241,219
FMASC,stemness,TNRC6B,0.153853,0.113133,0.001121,0.001325,0.145083,220
FMASC,stemness,RBM47,0.188717,0.161091,0.001596,0.001318,0.074849,221
FMASC,stemness,REST,0.159281,0.10605,0.001051,0.001313,0.116393,222
FMASC,stemness,DBF4,0.105557,0.071488,0.000708,0.00131,0.164138,223
FMASC,stemness,TFDP1,0.155264,0.107442,0.001064,0.001308,0.102471,224
FMASC,stemness,ARL5B,0.16393,0.131976,0.001308,0.001308,0.172653,225
FMASC,stemness,PTGR1,0.188036,0.140473,0.001392,0.001298,0.052613,226
FMASC,stemness,ROCK2,0.122109,0.080267,0.000795,0.001298,0.135002,227
FMASC,stemness,IMPAD1,0.142712,0.088751,0.000879,0.001295,0.092898,228
FMASC,stemness,CPSF6,0.18636,0.140661,0.001394,0.001278,0.092183,229
FMASC,stemness,TFDP2,0.206448,0.165288,0.001638,0.001275,0.060427,230
FMASC,stemness,MCM3,0.13481,0.104306,0.001033,0.001265,0.155453,231
FMASC,stemness,CUX1,0.140455,0.097357,0.000965,0.001252,0.121986,232
FMASC,stemness,PLEKHA1,0.148025,0.10094,0.001,0.001248,0.10182,233
FMASC,stemness,PLOD2,0.16217,0.131154,0.001299,0.001239,0.043732,234
FMASC,stemness,KCNN4,0.126808,0.097012,0.000961,0.001239,-0.002446,235
FMASC,stemness,FOXP1,0.15875,0.123239,0.001221,0.001235,0.109944,236
FMASC,stemness,MBOAT2,0.158551,0.118633,0.001175,0.001232,0.051137,237
FMASC,stemness,CENPN,0.124649,0.096145,0.000953,0.001228,0.13185,238
FMASC,stemness,CCNA2,0.081434,0.07537,0.000747,0.001225,0.204949,239
FMASC,stemness,FKBP9,0.141534,0.107131,0.001061,0.001224,0.122015,240
FMASC,stemness,ITGAV,0.139691,0.099789,0.000989,0.001216,0.128201,241
FMASC,stemness,PDCD6IP,0.197782,0.151252,0.001499,0.001214,0.025506,242
FMASC,stemness,CDK6,0.127405,0.096083,0.000952,0.001209,0.092963,243
FMASC,stemness,CNOT1,0.15543,0.109202,0.001082,0.001204,0.058482,244
FMASC,stemness,RFC1,0.149984,0.098269,0.000974,0.001204,0.095285,245
FMASC,stemness,RND3,0.187074,0.170076,0.001685,0.001202,-0.015286,246
FMASC,stemness,TSPAN15,0.237561,0.221714,0.002197,0.0012,-0.043434,247
FMASC,stemness,CREM,0.168064,0.130417,0.001292,0.001193,0.101994,248
FMASC,stemness,AKAP13,0.15113,0.108998,0.00108,0.001193,0.050435,249
FMASC,stemness,NEK1,0.108695,0.070502,0.000698,0.001188,0.119303,250
FMASC,stemness,MYLIP,0.127555,0.08789,0.000871,0.001185,0.133465,251
FMASC,stemness,GNB4,0.143211,0.108575,0.001076,0.001184,0.090026,252
FMASC,stemness,CEP170,0.117228,0.077992,0.000773,0.001176,0.136101,253
FMASC,stemness,ASF1B,0.077532,0.059182,0.000586,0.001173,0.192476,254
FMASC,stemness,PELI1,0.14678,0.111196,0.001102,0.001168,0.139791,255
FMASC,stemness,ACAT2,0.141849,0.105124,0.001042,0.001168,0.044458,256
FMASC,stemness,MATN2,0.061146,0.046154,0.000457,0.001167,0.179859,257
FMASC,stemness,ARIH1,0.134063,0.091291,0.000904,0.001163,0.141615,258
FMASC,stemness,PCF11,0.135208,0.096159,0.000953,0.001161,0.150108,259
FMASC,stemness,KIF23,0.068252,0.056167,0.000556,0.001153,0.18193,260
FMASC,stemness,CEP57,0.155961,0.109858,0.001088,0.001144,0.107723,261
FMASC,stemness,GMFB,0.164279,0.113146,0.001121,0.001139,0.019165,262
FMASC,stemness,ANLN,0.068584,0.051513,0.00051,0.001133,0.206275,263
FMASC,stemness,FBXO7,0.236648,0.192139,0.001904,0.001129,0.037099,264
FMASC,stemness,GPM6B,0.098152,0.068932,0.000683,0.001129,0.121784,265
FMASC,stemness,EHF,0.187804,0.17219,0.001706,0.001128,0.108344,266
FMASC,stemness,TRIM2,0.122408,0.091037,0.000902,0.001127,0.142368,267
FMASC,stemness,FUNDC1,0.166686,0.114881,0.001138,0.001126,0.02762,268
FMASC,stemness,DNAJC9,0.167549,0.126585,0.001254,0.00112,0.113735,269
FMASC,stemness,SORBS2,0.130626,0.108518,0.001075,0.001115,0.149754,270
FMASC,stemness,MKLN1,0.142596,0.102035,0.001011,0.001114,0.101562,271
FMASC,stemness,RAD51AP1,0.087311,0.070915,0.000703,0.001111,0.144812,272
FMASC,stemness,AUTS2,0.125048,0.08466,0.000839,0.001109,0.148562,273
FMASC,stemness,TACC3,0.070078,0.053399,0.000529,0.001108,0.152446,274
FMASC,stemness,TROAP,0.075855,0.061821,0.000612,0.001106,0.189509,275
FMASC,stemness,NCOA4,0.20688,0.157541,0.001561,0.001103,0.035234,276
FMASC,stemness,AURKA,0.064848,0.049946,0.000495,0.001094,0.189919,277
FMASC,stemness,INTS6,0.124666,0.091957,0.000911,0.00109,0.121568,278
FMASC,stemness,TEAD2,0.162237,0.114006,0.001129,0.001088,0.081407,279
FMASC,stemness,QPCT,0.106686,0.101036,0.001001,0.001088,0.132825,280
FMASC,stemness,BARD1,0.091378,0.058138,0.000576,0.001086,0.156452,281
FMASC,stemness,HMGCS1,0.133963,0.106332,0.001053,0.001082,0.128486,282
FMASC,stemness,ADD3,0.167815,0.13702,0.001358,0.001078,0.122751,283
FMASC,stemness,SEPHS1,0.141584,0.097753,0.000968,0.001074,0.072178,284
FMASC,stemness,BTG2,0.278386,0.370648,0.003672,0.001072,0.144449,285
FMASC,stemness,NMRAL1,0.233128,0.186072,0.001843,0.00107,0.015002,286
FMASC,stemness,HAUS4,0.145601,0.098159,0.000972,0.001067,0.090487,287
FMASC,stemness,XIST,0.144439,0.139239,0.001379,0.001064,0.148265,288
FMASC,stemness,ECT2,0.105507,0.085634,0.000848,0.001062,0.190716,289
FMASC,stemness,PEG10,0.103897,0.106417,0.001054,0.001062,0.116867,290
FMASC,stemness,CEP70,0.132303,0.093832,0.00093,0.001062,0.108766,291
FMASC,stemness,STK3,0.152275,0.111126,0.001101,0.001059,0.094038,292
FMASC,stemness,FOXM1,0.073979,0.052623,0.000521,0.001056,0.157181,293
FMASC,stemness,VRK2,0.151246,0.105681,0.001047,0.001055,0.048517,294
FMASC,stemness,SRD5A1,0.135208,0.092713,0.000919,0.001051,0.045482,295
FMASC,stemness,MCM5,0.097438,0.073409,0.000727,0.001046,0.089028,296
FMASC,stemness,MTF2,0.122176,0.077199,0.000765,0.001045,0.104793,297
FMASC,stemness,ARHGDIB,0.257882,0.252855,0.002505,0.001037,0.060231,298
FMASC,stemness,TCF7L2,0.132187,0.094352,0.000935,0.001031,0.118661,299
FMASC,stemness,ELF5,0.154384,0.163118,0.001616,0.001029,0.116784,300
FMASC,stemness,ATP6V1H,0.152458,0.10563,0.001047,0.001028,0.065555,301
FMASC,stemness,ADD1,0.145933,0.101482,0.001005,0.001018,0.053976,302
FMASC,stemness,DCAF8,0.140355,0.095446,0.000946,0.001018,0.092088,303
FMASC,stemness,GCC2,0.146,0.101838,0.001009,0.001015,0.057938,304
FMASC,stemness,USP47,0.149818,0.107728,0.001067,0.001012,0.075002,305
FMASC,stemness,PPP1R1B,0.134063,0.137229,0.00136,0.001009,0.104223,306
FMASC,stemness,SOSTDC1,0.092607,0.07904,0.000783,0.001007,0.061114,307
FMASC,stemness,HEY1,0.053791,0.0425,0.000421,0.001006,0.172247,308
FMASC,stemness,CUL5,0.153803,0.107537,0.001065,0.001005,0.083242,309
FMASC,stemness,NTRK2,0.088124,0.07673,0.00076,0.001001,0.087274,310
FMASC,stemness,PDE4B,0.102353,0.081105,0.000804,0.000994,0.093534,311
FMASC,stemness,CXXC5,0.129846,0.087421,0.000866,0.000985,0.000605,312
FMASC,stemness,CNP,0.147328,0.103115,0.001022,0.000984,0.033881,313
FMASC,stemness,TLE1,0.11492,0.071234,0.000706,0.000982,0.07955,314
FMASC,stemness,NDC80,0.056281,0.042202,0.000418,0.000978,0.187228,315
FMASC,stemness,ARHGEF9,0.115883,0.079876,0.000791,0.000975,0.11713,316
FMASC,stemness,PSRC1,0.063404,0.043768,0.000434,0.000973,0.176166,317
FMASC,stemness,RALGAPA1,0.121677,0.08578,0.00085,0.000973,0.115665,318
FMASC,stemness,RLF,0.124649,0.086811,0.00086,0.000971,0.109848,319
FMASC,stemness,TRIP13,0.075341,0.054244,0.000537,0.000967,0.178762,320
FMASC,stemness,CDCA2,0.058971,0.040305,0.000399,0.000963,0.193397,321
FMASC,stemness,MAML2,0.125048,0.099912,0.00099,0.000962,0.147508,322
FMASC,stemness,ADAM17,0.112546,0.070844,0.000702,0.00096,0.090716,323
FMASC,stemness,DDX6,0.154517,0.116087,0.00115,0.000954,0.110978,324
FMASC,stemness,RIF1,0.125762,0.087093,0.000863,0.000954,0.097243,325
FMASC,stemness,DOCK7,0.114555,0.078482,0.000778,0.000951,0.09852,326
FMASC,stemness,CCPG1,0.14766,0.104543,0.001036,0.00095,0.050111,327
FMASC,stemness,SESN3,0.108412,0.081726,0.00081,0.000949,0.157556,328
FMASC,stemness,KIFAP3,0.139691,0.095224,0.000943,0.000946,0.015897,329
FMASC,stemness,MTIF2,0.118988,0.07415,0.000735,0.000941,0.06489,330
FMASC,stemness,CKLF,0.126044,0.088448,0.000876,0.000937,0.078677,331
FMASC,stemness,SKP2,0.095346,0.066591,0.00066,0.00093,0.169631,332
FMASC,stemness,API5,0.174971,0.132662,0.001314,0.000929,0.059236,333
FMASC,stemness,PCCB,0.126027,0.083012,0.000822,0.000926,0.029311,334
FMASC,stemness,GTSE1,0.050637,0.03555,0.000352,0.000923,0.198511,335
FMASC,stemness,NCAPD2,0.072336,0.048147,0.000477,0.000922,0.138261,336
FMASC,stemness,KIF1B,0.112048,0.072176,0.000715,0.000919,0.058892,337
FMASC,stemness,PBRM1,0.11424,0.076396,0.000757,0.000918,0.117932,338
FMASC,stemness,CRYZ,0.14248,0.100655,0.000997,0.000918,0.02284,339
FMASC,stemness,TPP1,0.142331,0.10091,0.001,0.000917,-0.020827,340
FMASC,stemness,NRN1,0.09611,0.101556,0.001006,0.000915,0.130855,341
FMASC,stemness,MBP,0.105955,0.073272,0.000726,0.00091,0.018859,342
FMASC,stemness,TOPBP1,0.104046,0.065487,0.000649,0.000908,0.090259,343
FMASC,stemness,SERTAD4,0.117278,0.087527,0.000867,0.000907,0.110544,344
FMASC,stemness,PHKB,0.133415,0.093099,0.000922,0.000907,0.059963,345
FMASC,stemness,REV3L,0.093304,0.059256,0.000587,0.000902,0.142837,346
FMASC,stemness,RSPRY1,0.14165,0.093256,0.000924,0.0009,0.016037,347
FMASC,stemness,DLGAP5,0.054571,0.042527,0.000421,0.000899,0.186386,348
FMASC,stemness,PPHLN1,0.137284,0.093934,0.000931,0.000898,0.080473,349
FMASC,stemness,NRIP1,0.112198,0.075949,0.000752,0.000898,0.047743,350
FMASC,stemness,GCNT1,0.098285,0.077267,0.000766,0.000897,0.053358,351
FMASC,stemness,TMEM64,0.086265,0.056229,0.000557,0.000894,0.124006,352
FMASC,stemness,GLTP,0.16222,0.113685,0.001126,0.000893,0.042448,353
FMASC,stemness,CDCA7L,0.105822,0.075954,0.000753,0.000893,0.129422,354
FMASC,stemness,SUPT7L,0.131855,0.084133,0.000834,0.000892,0.053225,355
FMASC,stemness,NCAPG,0.053011,0.038893,0.000385,0.000891,0.169902,356
FMASC,stemness,SLC35A2,0.137499,0.093132,0.000923,0.000889,-0.013391,357
FMASC,stemness,CDC37L1,0.147992,0.100713,0.000998,0.000888,0.024128,358
FMASC,stemness,FRMD3,0.074262,0.048332,0.000479,0.000885,0.075992,359
FMASC,stemness,NAALADL2,0.110355,0.081359,0.000806,0.000878,0.093003,360
FMASC,stemness,HJURP,0.045706,0.031632,0.000313,0.000874,0.196205,361
FMASC,stemness,FAF2,0.115601,0.071602,0.000709,0.000872,0.043374,362
FMASC,stemness,KIF20B,0.065379,0.046592,0.000462,0.000864,0.177471,363
FMASC,stemness,LRRC26,0.148191,0.166142,0.001646,0.000861,0.07842,364
FMASC,stemness,CDCA5,0.062192,0.044669,0.000443,0.000853,0.182506,365
FMASC,stemness,MCM4,0.104411,0.072499,0.000718,0.000845,0.122258,366
FMASC,stemness,SUCLG2,0.154882,0.110567,0.001095,0.000842,0.070603,367
FMASC,stemness,GNPAT,0.147029,0.100317,0.000994,0.000835,0.053898,368
FMASC,stemness,EXOC5,0.126393,0.087494,0.000867,0.000833,0.089934,369
FMASC,stemness,ERLIN2,0.117544,0.080679,0.000799,0.000829,0.122645,370
FMASC,stemness,ARHGAP18,0.10036,0.067769,0.000671,0.000829,0.081114,371
FMASC,stemness,GLT8D1,0.127223,0.082343,0.000816,0.000825,0.075705,372
FMASC,stemness,SETD2,0.107217,0.071641,0.00071,0.00082,0.111048,373
FMASC,stemness,PHF6,0.130095,0.089761,0.000889,0.00082,0.075314,374
FMASC,stemness,VPS13A,0.095811,0.061756,0.000612,0.00082,0.131826,375
FMASC,stemness,R3HDM1,0.10305,0.066164,0.000656,0.000818,0.073932,376
FMASC,stemness,RAP2B,0.127405,0.098042,0.000971,0.000818,0.089768,377
FMASC,stemness,NCAPH2,0.08331,0.052565,0.000521,0.000816,0.08156,378
FMASC,stemness,NUMB,0.137516,0.097039,0.000961,0.000816,0.054123,379
FMASC,stemness,BMI1,0.113758,0.07827,0.000775,0.000815,0.102877,380
FMASC,stemness,CASP8AP2,0.094882,0.058509,0.00058,0.000814,0.104652,381
FMASC,stemness,TCF12,0.121893,0.085223,0.000844,0.000813,0.112573,382
FMASC,stemness,RACGAP1,0.066757,0.048014,0.000476,0.00081,0.188284,383
FMASC,stemness,LPCAT1,0.082579,0.048821,0.000484,0.000808,0.113391,384
FMASC,stemness,RABEP1,0.143426,0.110741,0.001097,0.000808,0.093082,385
FMASC,stemness,LMNB2,0.082845,0.050862,0.000504,0.000806,0.119415,386
FMASC,stemness,BCL2L13,0.149221,0.104024,0.001031,0.000804,0.0387,387
FMASC,stemness,NDUFS1,0.114721,0.074427,0.000737,0.000798,0.076401,388
FMASC,stemness,PROM2,0.115784,0.080581,0.000798,0.000798,-0.005784,389
FMASC,stemness,G2E3,0.080504,0.049789,0.000493,0.000797,0.129896,390
FMASC,stemness,B3GNT5,0.09181,0.065947,0.000653,0.000794,0.113094,391
FMASC,stemness,CLSPN,0.051367,0.033676,0.000334,0.00079,0.15727,392
FMASC,stemness,CPSF7,0.111069,0.071787,0.000711,0.000786,0.104903,393
FMASC,stemness,RBM26,0.09782,0.060623,0.000601,0.000783,0.105102,394
FMASC,stemness,NAAA,0.094848,0.059632,0.000591,0.000783,0.111678,395
FMASC,stemness,DMD,0.081235,0.053754,0.000533,0.000782,0.113813,396
FMASC,stemness,SERTAD2,0.10388,0.065814,0.000652,0.000782,0.098184,397
FMASC,stemness,ASNSD1,0.146166,0.099374,0.000985,0.00078,0.042576,398
FMASC,stemness,TTC14,0.106902,0.070961,0.000703,0.000779,0.088997,399
FMASC,stemness,FSTL1,0.12191,0.111353,0.001103,0.000776,0.104418,400
FMASC,stemness,WWP1,0.117245,0.078438,0.000777,0.000771,0.091256,401
FMASC,stemness,MPPE1,0.110272,0.067679,0.000671,0.000771,0.077605,402
FMASC,stemness,ZHX1,0.128916,0.089818,0.00089,0.000771,0.079537,403
FMASC,stemness,NNT,0.069397,0.044197,0.000438,0.000768,0.166102,404
FMASC,stemness,DSN1,0.079608,0.049497,0.00049,0.000766,0.12376,405
FMASC,stemness,CDT1,0.063819,0.042149,0.000418,0.000763,0.138909,406
FMASC,stemness,CAMK2D,0.099198,0.067778,0.000672,0.000757,0.065683,407
FMASC,stemness,KIF2C,0.049408,0.038211,0.000379,0.000755,0.174856,408
FMASC,stemness,TRIM33,0.093022,0.056576,0.000561,0.000754,0.088538,409
FMASC,stemness,CHKA,0.111534,0.079004,0.000783,0.000753,0.118844,410
FMASC,stemness,ZBTB10,0.094251,0.062749,0.000622,0.000752,0.136537,411
FMASC,stemness,RECQL,0.110189,0.073425,0.000727,0.000751,0.064011,412
FMASC,stemness,PAQR4,0.086165,0.052469,0.00052,0.000748,0.067266,413
FMASC,stemness,PMS1,0.110272,0.073045,0.000724,0.000742,0.092491,414
FMASC,stemness,VLDLR,0.076187,0.045465,0.00045,0.00074,0.037788,415
FMASC,stemness,TULP4,0.101141,0.068481,0.000678,0.000738,0.100392,416
FMASC,stemness,NPR3,0.048794,0.038063,0.000377,0.000737,0.143018,417
FMASC,stemness,MELK,0.057145,0.040228,0.000399,0.000734,0.183687,418
FMASC,stemness,GPR180,0.098634,0.064527,0.000639,0.000733,0.069778,419
FMASC,stemness,HAUS1,0.098634,0.063804,0.000632,0.00073,0.078065,420
FMASC,stemness,ETV5,0.065579,0.044621,0.000442,0.00073,0.138438,421
FMASC,stemness,LYST,0.099248,0.066946,0.000663,0.00073,0.082315,422
FMASC,stemness,FOXN2,0.073149,0.045213,0.000448,0.000728,0.093256,423
FMASC,stemness,NEK2,0.049674,0.039228,0.000389,0.000726,0.172292,424
FMASC,stemness,TAF2,0.111368,0.072703,0.00072,0.000726,0.072722,425
FMASC,stemness,GLB1,0.114489,0.075996,0.000753,0.000726,0.01119,426
FMASC,stemness,BCL11A,0.076304,0.048775,0.000483,0.000724,0.112518,427
FMASC,stemness,LMO7,0.070493,0.049717,0.000493,0.000723,0.166801,428
FMASC,stemness,UMPS,0.101904,0.064424,0.000638,0.000721,0.048866,429
FMASC,stemness,MEIS2,0.061611,0.037395,0.00037,0.00072,0.10883,430
FMASC,stemness,PRKAR2B,0.078329,0.047221,0.000468,0.00072,0.094173,431
FMASC,stemness,ESPN,0.107781,0.078278,0.000776,0.000719,-0.043216,432
FMASC,stemness,INTS8,0.093968,0.060826,0.000603,0.000716,0.105562,433
FMASC,stemness,SCARA3,0.062125,0.036637,0.000363,0.000712,0.144678,434
FMASC,stemness,NUP37,0.107665,0.074211,0.000735,0.000711,0.048541,435
FMASC,stemness,FRMD4A,0.081766,0.053234,0.000527,0.00071,0.08904,436
FMASC,stemness,SNCA,0.057593,0.054092,0.000536,0.000709,0.171411,437
FMASC,stemness,ALG6,0.088091,0.053504,0.00053,0.000707,0.082183,438
FMASC,stemness,LTBP1,0.073033,0.045675,0.000453,0.000703,0.122853,439
FMASC,stemness,NCOA6,0.088755,0.051463,0.00051,0.000702,0.0768,440
FMASC,stemness,SASS6,0.071091,0.043039,0.000426,0.0007,0.132106,441
FMASC,stemness,ERBB2,0.137732,0.107929,0.001069,0.000697,0.051789,442
FMASC,stemness,PRICKLE1,0.076901,0.052296,0.000518,0.000696,0.123305,443
FMASC,stemness,HELLS,0.06181,0.04059,0.000402,0.000695,0.14208,444
FMASC,stemness,FAM111A,0.094616,0.065229,0.000646,0.000695,0.111593,445
FMASC,stemness,GPATCH8,0.092906,0.059776,0.000592,0.000694,0.099912,446
FMASC,stemness,CASK,0.095728,0.059235,0.000587,0.000694,0.064808,447
FMASC,stemness,RRM2,0.041638,0.028116,0.000279,0.000693,0.172028,448
FMASC,stemness,NEBL,0.109574,0.08275,0.00082,0.000693,0.111588,449
FMASC,stemness,PRKX,0.080172,0.051676,0.000512,0.000693,0.1301,450
FMASC,stemness,FKBP14,0.087593,0.054587,0.000541,0.000692,0.072743,451
FMASC,stemness,SCLT1,0.072186,0.046343,0.000459,0.000689,0.127597,452
FMASC,stemness,CLEC11A,0.13979,0.122283,0.001212,0.000689,0.075488,453
FMASC,stemness,DYRK1A,0.083177,0.053295,0.000528,0.000689,0.131615,454
FMASC,stemness,FMR1,0.092076,0.059246,0.000587,0.000688,0.063392,455
FMASC,stemness,IGF2BP2,0.094151,0.079446,0.000787,0.000685,-0.005284,456
FMASC,stemness,RPA1,0.128866,0.092588,0.000917,0.000682,0.106188,457
FMASC,stemness,RPS6KA5,0.081284,0.053157,0.000527,0.000681,0.117125,458
FMASC,stemness,SPC25,0.042435,0.029517,0.000292,0.00068,0.186344,459
FMASC,stemness,NAA35,0.094483,0.05696,0.000564,0.000678,0.062401,460
FMASC,stemness,YLPM1,0.09601,0.061069,0.000605,0.000678,0.071304,461
FMASC,stemness,RECK,0.056232,0.034226,0.000339,0.000675,0.142105,462
FMASC,stemness,CASC4,0.132187,0.094573,0.000937,0.000673,0.089574,463
FMASC,stemness,HMMR,0.048678,0.037907,0.000376,0.000671,0.158334,464
FMASC,stemness,GRTP1,0.106686,0.067751,0.000671,0.00067,0.034427,465
FMASC,stemness,RANBP17,0.063055,0.041465,0.000411,0.000668,0.112643,466
FMASC,stemness,NUP107,0.086497,0.057542,0.00057,0.000667,0.128884,467
FMASC,stemness,ATP9A,0.083974,0.050846,0.000504,0.000663,0.061329,468
FMASC,stemness,DUSP22,0.124267,0.086599,0.000858,0.000662,0.073712,469
FMASC,stemness,ZMYM5,0.102535,0.065086,0.000645,0.00066,0.062486,470
FMASC,stemness,MYO9A,0.084057,0.054045,0.000535,0.000659,0.12471,471
FMASC,stemness,CADPS2,0.095629,0.06827,0.000676,0.000659,0.05693,472
FMASC,stemness,LAMA4,0.059834,0.050341,0.000499,0.000657,0.157105,473
FMASC,stemness,CENPT,0.097438,0.064413,0.000638,0.000657,0.091371,474
FMASC,stemness,GAMT,0.111451,0.087528,0.000867,0.000657,0.124176,475
FMASC,stemness,GPCPD1,0.091727,0.065408,0.000648,0.000657,0.078804,476
FMASC,stemness,HOOK1,0.109143,0.074481,0.000738,0.000656,0.05932,477
FMASC,stemness,STAG1,0.088905,0.057561,0.00057,0.000654,0.100905,478
FMASC,stemness,CBX6,0.079209,0.045849,0.000454,0.000653,0.110785,479
FMASC,stemness,PMS2,0.116713,0.078888,0.000782,0.000653,0.078528,480
FMASC,stemness,MCCC2,0.133116,0.096987,0.000961,0.000652,0.073852,481
FMASC,stemness,CYP20A1,0.092209,0.059198,0.000586,0.00065,0.04944,482
FMASC,stemness,RAD50,0.108794,0.071684,0.00071,0.000649,0.040694,483
FMASC,stemness,ZDHHC21,0.085136,0.052793,0.000523,0.000648,0.063089,484
FMASC,stemness,GTF3C2,0.100958,0.064073,0.000635,0.000648,0.055805,485
FMASC,stemness,FAM171A1,0.067355,0.041947,0.000416,0.000648,0.139989,486
FMASC,stemness,ENDOD1,0.094118,0.061119,0.000606,0.000647,0.044133,487
FMASC,stemness,NCALD,0.080338,0.065015,0.000644,0.000646,0.082317,488
FMASC,stemness,FAM13B,0.08228,0.055279,0.000548,0.000646,0.136554,489
FMASC,stemness,ENTPD2,0.08419,0.05568,0.000552,0.000644,0.04171,490
FMASC,stemness,PDCD4,0.23102,0.236652,0.002345,0.000643,0.07183,491
FMASC,stemness,ATP11B,0.081699,0.052106,0.000516,0.000643,0.094763,492
FMASC,stemness,FBXO3,0.108296,0.072069,0.000714,0.000643,0.05711,493
FMASC,stemness,TSPYL5,0.091777,0.05963,0.000591,0.000642,0.081967,494
FMASC,stemness,RCOR1,0.083675,0.050881,0.000504,0.000641,0.075124,495
FMASC,stemness,BEX2,0.193183,0.178451,0.001768,0.000638,-0.048234,496
FMASC,stemness,RBM4B,0.091163,0.056842,0.000563,0.000637,0.105959,497
FMASC,stemness,ANK3,0.089768,0.0631,0.000625,0.000635,0.075888,498
FMASC,stemness,AURKB,0.048429,0.03712,0.000368,0.000634,0.176641,499
FMASC,stemness,LCOR,0.089469,0.060297,0.000597,0.000634,0.092083,500
FMASC,stemness,JARID2,0.072236,0.044839,0.000444,0.000632,0.118031,501
FMASC,stemness,SLC38A3,0.046752,0.035425,0.000351,0.00063,-0.023165,502
FMASC,stemness,RAPH1,0.096625,0.066139,0.000655,0.000628,0.082223,503
FMASC,stemness,HAUS6,0.078296,0.049286,0.000488,0.000628,0.091435,504
FMASC,stemness,CDC42BPA,0.079757,0.05051,0.0005,0.000627,0.091301,505
FMASC,stemness,COMMD10,0.117045,0.07748,0.000768,0.000627,0.033942,506
FMASC,stemness,PRC1,0.0473,0.031295,0.00031,0.000626,0.175306,507
FMASC,stemness,CXCR4,0.066807,0.057327,0.000568,0.000626,0.120003,508
FMASC,stemness,RGS9,0.065645,0.04402,0.000436,0.000625,0.122573,509
FMASC,stemness,SMYD3,0.105192,0.0705,0.000698,0.000625,0.075885,510
FMASC,stemness,KDM3A,0.088224,0.058328,0.000578,0.000624,0.095339,511
FMASC,stemness,CEP55,0.043747,0.028808,0.000285,0.000624,0.165941,512
FMASC,stemness,METRN,0.079458,0.057505,0.00057,0.000622,0.048322,513
FMASC,stemness,PPIP5K2,0.105623,0.070464,0.000698,0.000621,0.097933,514
FMASC,stemness,ACSL1,0.092541,0.065759,0.000652,0.000618,0.0347,515
FMASC,stemness,HTT,0.087294,0.056005,0.000555,0.000618,0.062231,516
FMASC,stemness,NOV,0.051052,0.038733,0.000384,0.000617,0.100836,517
FMASC,stemness,RHPN2,0.103315,0.074653,0.00074,0.000617,0.091689,518
FMASC,stemness,ACAT1,0.141982,0.106166,0.001052,0.000616,0.030991,519
FMASC,stemness,MPP5,0.089801,0.05561,0.000551,0.000616,0.075236,520
FMASC,stemness,H2AFY2,0.116564,0.089595,0.000888,0.000613,0.068028,521
FMASC,stemness,DCK,0.103498,0.074763,0.000741,0.000612,0.116222,522
FMASC,stemness,GOLPH3L,0.125745,0.086614,0.000858,0.000611,0.044573,523
FMASC,stemness,SHCBP1,0.047964,0.03123,0.000309,0.00061,0.159122,524
FMASC,stemness,BICD1,0.064699,0.040258,0.000399,0.000609,0.096184,525
FMASC,stemness,UNG,0.122391,0.090782,0.000899,0.000608,0.07144,526
FMASC,stemness,CLDN23,0.064915,0.038087,0.000377,0.000608,0.048672,527
FMASC,stemness,FAM122B,0.073182,0.043605,0.000432,0.000607,0.089992,528
FMASC,stemness,KIF20A,0.037455,0.028879,0.000286,0.000607,0.160615,529
FMASC,stemness,NFATC3,0.082513,0.050501,0.0005,0.000606,0.089175,530
FMASC,stemness,GNA13,0.083658,0.05685,0.000563,0.000606,0.093088,531
FMASC,stemness,TCF19,0.054073,0.034573,0.000343,0.000606,0.129959,532
FMASC,stemness,APH1B,0.101838,0.069614,0.00069,0.000605,-0.073809,533
FMASC,stemness,PDCL,0.110753,0.074604,0.000739,0.000603,0.065607,534
FMASC,stemness,AGPS,0.082347,0.053601,0.000531,0.000603,0.049388,535
FMASC,stemness,COL27A1,0.058224,0.033701,0.000334,0.000601,0.130687,536
FMASC,stemness,CENPK,0.053459,0.03455,0.000342,0.0006,0.167904,537
FMASC,stemness,DNMT3A,0.080919,0.050657,0.000502,0.000597,0.094467,538
FMASC,stemness,CRYL1,0.117029,0.077783,0.000771,0.000595,0.021132,539
FMASC,stemness,WDR60,0.088158,0.053973,0.000535,0.000595,0.093293,540
FMASC,stemness,IKBIP,0.070377,0.044102,0.000437,0.000591,0.093225,541
FMASC,stemness,RBM6,0.095795,0.064929,0.000643,0.000591,0.100673,542
FMASC,stemness,MCCC1,0.100128,0.06615,0.000655,0.000591,0.069365,543
FMASC,stemness,NAB1,0.069547,0.040625,0.000402,0.000591,0.099646,544
FMASC,stemness,NETO2,0.057444,0.033759,0.000334,0.00059,0.071825,545
FMASC,stemness,GOLIM4,0.074776,0.049944,0.000495,0.00059,0.059432,546
FMASC,stemness,CELF2,0.064848,0.045523,0.000451,0.000588,0.026439,547
FMASC,stemness,CLOCK,0.077067,0.047708,0.000473,0.000587,0.120894,548
FMASC,stemness,TEX9,0.091063,0.066474,0.000659,0.000584,-0.018105,549
FMASC,stemness,LYN,0.088739,0.060673,0.000601,0.000584,-0.007824,550
FMASC,stemness,SLC39A9,0.094018,0.05748,0.000569,0.000583,0.049117,551
FMASC,stemness,MCM6,0.059137,0.039278,0.000389,0.000583,0.085537,552
FMASC,stemness,SOX6,0.052712,0.033421,0.000331,0.000581,0.130157,553
FMASC,stemness,IGSF3,0.073282,0.042271,0.000419,0.00058,0.088541,554
FMASC,stemness,ISOC1,0.138811,0.104282,0.001033,0.00058,0.080848,555
FMASC,stemness,DLEU2,0.055036,0.033932,0.000336,0.000579,0.129808,556
FMASC,stemness,TMEM108,0.053227,0.031793,0.000315,0.000577,0.134547,557
FMASC,stemness,PIK3C2A,0.098434,0.067065,0.000664,0.000576,0.104428,558
FMASC,stemness,DSE,0.072203,0.047168,0.000467,0.000574,-0.013064,559
FMASC,stemness,HERC1,0.076387,0.050365,0.000499,0.000572,0.081189,560
FMASC,stemness,TNKS,0.076237,0.046043,0.000456,0.000572,0.106995,561
FMASC,stemness,APOOL,0.09621,0.060829,0.000603,0.000572,0.024181,562
FMASC,stemness,COL14A1,0.047698,0.042492,0.000421,0.000567,0.174318,563
FMASC,stemness,DUSP6,0.064516,0.04423,0.000438,0.000565,0.087949,564
FMASC,stemness,CWC22,0.090797,0.05743,0.000569,0.000565,0.054451,565
FMASC,stemness,GALNT7,0.089834,0.064254,0.000637,0.000564,0.055698,566
FMASC,stemness,MAST4,0.084837,0.060034,0.000595,0.000564,0.058822,567
FMASC,stemness,TBC1D23,0.099497,0.063614,0.00063,0.000564,0.03022,568
FMASC,stemness,CSPP1,0.069779,0.040327,0.0004,0.000561,0.11458,569
FMASC,stemness,RASSF4,0.098866,0.073386,0.000727,0.00056,-0.005316,570
FMASC,stemness,STAU2,0.085701,0.05466,0.000542,0.00056,0.084328,571
FMASC,stemness,SUSD4,0.075225,0.047934,0.000475,0.000558,0.05125,572
FMASC,stemness,LPL,0.043664,0.031885,0.000316,0.000554,0.15805,573
FMASC,stemness,CKAP2L,0.034782,0.021541,0.000213,0.000554,0.164565,574
FMASC,stemness,ANAPC1,0.085618,0.052941,0.000525,0.000552,0.046256,575
FMASC,stemness,CENPL,0.045772,0.027426,0.000272,0.000552,0.153605,576
FMASC,stemness,PPAT,0.075772,0.047583,0.000471,0.000551,0.075254,577
FMASC,stemness,CASP3,0.098534,0.066753,0.000661,0.000548,0.044647,578
FMASC,stemness,BRCA2,0.044726,0.028057,0.000278,0.000546,0.150602,579
FMASC,stemness,KIT,0.055418,0.044272,0.000439,0.000544,0.122072,580
FMASC,stemness,MYH10,0.077399,0.05295,0.000525,0.000543,0.149636,581
FMASC,stemness,RFC5,0.06616,0.041332,0.000409,0.000543,0.08523,582
FMASC,stemness,PAG1,0.03342,0.018604,0.000184,0.000543,0.160126,583
FMASC,stemness,BPGM,0.11766,0.085384,0.000846,0.000542,0.015151,584
FMASC,stemness,SEMA4A,0.072718,0.047837,0.000474,0.000542,0.073368,585
FMASC,stemness,PDS5B,0.071091,0.046199,0.000458,0.000542,0.10787,586
FMASC,stemness,NFE2L3,0.064848,0.038237,0.000379,0.00054,0.029878,587
FMASC,stemness,GALNT6,0.114588,0.099602,0.000987,0.000539,0.070631,588
FMASC,stemness,UHRF1,0.056016,0.04413,0.000437,0.000538,0.134035,589
FMASC,stemness,FANCI,0.04891,0.031214,0.000309,0.000538,0.127289,590
FMASC,stemness,PPP1R9A,0.067255,0.042602,0.000422,0.000538,0.09685,591
FMASC,stemness,WWC2,0.06782,0.041977,0.000416,0.000537,0.038844,592
FMASC,stemness,TANC2,0.057875,0.036198,0.000359,0.000537,0.118963,593
FMASC,stemness,RFC3,0.060714,0.040393,0.0004,0.000537,0.120232,594
FMASC,stemness,OGFOD1,0.087809,0.055171,0.000547,0.000534,0.008777,595
FMASC,stemness,HAUS2,0.075474,0.046259,0.000458,0.000534,0.053503,596
FMASC,stemness,COBL,0.073432,0.048638,0.000482,0.000534,0.07275,597
FMASC,stemness,CNTLN,0.04969,0.027909,0.000277,0.000533,0.119593,598
FMASC,stemness,CDK2,0.07627,0.05213,0.000516,0.000532,0.1357,599
FMASC,stemness,CREB5,0.051915,0.040877,0.000405,0.000531,0.089347,600
FMASC,stemness,SLC40A1,0.177893,0.217147,0.002151,0.000531,0.061853,601
FMASC,stemness,PTEN,0.082613,0.058699,0.000582,0.000531,0.065394,602
FMASC,stemness,CLN6,0.063487,0.03707,0.000367,0.000529,0.057787,603
FMASC,stemness,ARRDC3,0.075125,0.052529,0.00052,0.000528,0.077763,604
FMASC,stemness,DOCK1,0.075872,0.046956,0.000465,0.000527,0.102661,605
FMASC,stemness,CENPH,0.069314,0.04604,0.000456,0.000526,0.108862,606
FMASC,stemness,SMARCA1,0.088556,0.064155,0.000636,0.000526,0.134071,607
FMASC,stemness,MCM2,0.058905,0.037976,0.000376,0.000523,0.095559,608
FMASC,stemness,OPHN1,0.069713,0.043762,0.000434,0.000523,0.093726,609
FMASC,stemness,NID1,0.030233,0.01981,0.000196,0.000523,0.179236,610
FMASC,stemness,PRKACA,0.081085,0.048259,0.000478,0.000523,0.061404,611
FMASC,stemness,CEPT1,0.073299,0.046282,0.000459,0.000523,0.043764,612
FMASC,stemness,SLC22A17,0.069613,0.045476,0.000451,0.000522,0.115261,613
FMASC,stemness,CHST9,0.045772,0.031233,0.000309,0.000521,0.141477,614
FMASC,stemness,RERG,0.142131,0.13294,0.001317,0.000521,0.058741,615
FMASC,stemness,NCAPD3,0.067654,0.04247,0.000421,0.00052,0.116541,616
FMASC,stemness,TBC1D4,0.072419,0.04578,0.000454,0.000518,0.086428,617
FMASC,stemness,SUV39H2,0.064632,0.043081,0.000427,0.000517,0.136372,618
FMASC,stemness,UBE2W,0.07383,0.045788,0.000454,0.000515,0.090626,619
FMASC,stemness,EFHC1,0.078379,0.051577,0.000511,0.000515,0.083083,620
FMASC,stemness,HERC4,0.10725,0.074294,0.000736,0.000514,0.032232,621
FMASC,stemness,RNF20,0.079392,0.048541,0.000481,0.000513,0.034553,622
FMASC,stemness,NME7,0.098219,0.063209,0.000626,0.00051,-4.4e-05,623
FMASC,stemness,TRPM7,0.075689,0.051295,0.000508,0.000509,0.093795,624
FMASC,stemness,APPBP2,0.087809,0.059169,0.000586,0.000509,0.086556,625
FMASC,stemness,B3GALNT1,0.087992,0.060129,0.000596,0.000508,0.078463,626
FMASC,stemness,OCLN,0.090648,0.062097,0.000615,0.000508,0.039137,627
FMASC,stemness,FAAH,0.071821,0.044067,0.000437,0.000508,0.040635,628
FMASC,stemness,TMX3,0.073847,0.046153,0.000457,0.000507,0.062365,629
FMASC,stemness,CHAF1B,0.055584,0.035058,0.000347,0.000507,0.133755,630
FMASC,stemness,FAR1,0.087411,0.061171,0.000606,0.000507,0.048201,631
FMASC,stemness,SEC23A,0.086431,0.058775,0.000582,0.000506,0.084328,632
FMASC,stemness,FBLN2,0.066625,0.057242,0.000567,0.000506,0.117794,633
FMASC,stemness,EFTUD2,0.085634,0.057977,0.000574,0.000499,0.056056,634
FMASC,stemness,HUS1,0.098949,0.06256,0.00062,0.000498,-0.015696,635
FMASC,stemness,CTDSPL2,0.068783,0.044164,0.000438,0.000497,0.105175,636
FMASC,stemness,SYNRG,0.071705,0.043372,0.00043,0.000496,0.094219,637
FMASC,stemness,PPP1R14C,0.059984,0.035578,0.000352,0.000495,0.013295,638
FMASC,stemness,UBXN2B,0.085485,0.052353,0.000519,0.000493,0.0687,639
FMASC,stemness,ITSN1,0.061395,0.036605,0.000363,0.000493,0.114571,640
FMASC,stemness,NDST1,0.086381,0.055463,0.000549,0.000493,0.057873,641
FMASC,stemness,APBB2,0.077433,0.05106,0.000506,0.000491,0.089101,642
FMASC,stemness,MEGF9,0.064466,0.040146,0.000398,0.000489,0.11815,643
FMASC,stemness,CDH11,0.043747,0.02806,0.000278,0.000489,0.099511,644
FMASC,stemness,CCDC43,0.099348,0.063032,0.000624,0.000489,0.042256,645
FMASC,stemness,GBF1,0.076918,0.048327,0.000479,0.000486,0.057387,646
FMASC,stemness,ZDHHC2,0.045025,0.024465,0.000242,0.000484,0.114026,647
FMASC,stemness,OIP5,0.043631,0.027394,0.000271,0.000483,0.160747,648
FMASC,stemness,FAM20A,0.049275,0.029986,0.000297,0.000482,0.072208,649
FMASC,stemness,PLCB4,0.051218,0.028438,0.000282,0.00048,0.11085,650
FMASC,stemness,NECAB3,0.081633,0.050028,0.000496,0.000477,0.065735,651
FMASC,stemness,SOX2,0.023758,0.013914,0.000138,0.000477,0.165426,652
FMASC,stemness,PTPRJ,0.042701,0.023725,0.000235,0.000475,0.1112,653
FMASC,stemness,FBXO5,0.043647,0.02799,0.000277,0.000474,0.123884,654
FMASC,stemness,MCAM,0.054903,0.036503,0.000362,0.000473,0.066009,655
FMASC,stemness,MAP3K4,0.062873,0.038108,0.000378,0.00047,0.089387,656
FMASC,stemness,RNF170,0.077814,0.045802,0.000454,0.00047,0.060946,657
FMASC,stemness,DSCC1,0.060133,0.042421,0.00042,0.00047,0.112993,658
FMASC,stemness,AAAS,0.077482,0.052218,0.000517,0.000467,0.066701,659
FMASC,stemness,PCNT,0.054024,0.03216,0.000319,0.000466,0.132498,660
FMASC,stemness,MYEF2,0.059701,0.036386,0.00036,0.000462,0.119084,661
FMASC,stemness,DUSP5,0.07124,0.054023,0.000535,0.000461,0.046858,662
FMASC,stemness,PPARA,0.051915,0.02901,0.000287,0.000461,0.079407,663
FMASC,stemness,PTPDC1,0.043133,0.021967,0.000218,0.00046,0.118643,664
FMASC,stemness,GSTM4,0.086116,0.05978,0.000592,0.00046,0.073593,665
FMASC,stemness,OCEL1,0.102336,0.067567,0.000669,0.000459,0.030596,666
FMASC,stemness,E2F1,0.035595,0.020658,0.000205,0.000459,0.133133,667
FMASC,stemness,PLEKHA8,0.054405,0.032315,0.00032,0.000459,0.101833,668
FMASC,stemness,DPYSL4,0.042767,0.026401,0.000262,0.000458,0.128803,669
FMASC,stemness,SLC31A2,0.071738,0.046563,0.000461,0.000457,0.002065,670
FMASC,stemness,MCM10,0.036143,0.025039,0.000248,0.000457,0.164433,671
FMASC,stemness,SPIRE1,0.057991,0.032675,0.000324,0.000457,0.095443,672
FMASC,stemness,LIG1,0.057493,0.037604,0.000373,0.000455,0.124756,673
FMASC,stemness,PHACTR2,0.074145,0.051862,0.000514,0.000455,0.077897,674
FMASC,stemness,RNF26,0.05658,0.032072,0.000318,0.000455,0.074689,675
FMASC,stemness,VPS41,0.088722,0.05924,0.000587,0.000455,0.030878,676
FMASC,stemness,SCRN1,0.06445,0.040408,0.0004,0.000453,0.09205,677
FMASC,stemness,SNRPN,0.093338,0.0673,0.000667,0.000453,0.076315,678
FMASC,stemness,NCAPH,0.033702,0.020695,0.000205,0.000452,0.140558,679
FMASC,stemness,CDC6,0.0428,0.028882,0.000286,0.000452,0.124467,680
FMASC,stemness,DDAH1,0.070061,0.045992,0.000456,0.000451,0.09021,681
FMASC,stemness,CCDC18,0.039995,0.021871,0.000217,0.00045,0.116787,682
FMASC,stemness,ENPP5,0.082546,0.056188,0.000557,0.000449,0.024327,683
FMASC,stemness,EPHX2,0.075357,0.049143,0.000487,0.000448,0.056803,684
FMASC,stemness,MASTL,0.044743,0.029627,0.000294,0.000447,0.147023,685
FMASC,stemness,NAPEPLD,0.054937,0.03217,0.000319,0.000447,0.093351,686
FMASC,stemness,TTK,0.037538,0.027968,0.000277,0.000446,0.157991,687
FMASC,stemness,SATB1,0.05331,0.03362,0.000333,0.000444,0.063433,688
FMASC,stemness,MPPED2,0.031179,0.016182,0.00016,0.000444,0.158467,689
FMASC,stemness,LOXL2,0.048263,0.03584,0.000355,0.000443,0.08732,690
FMASC,stemness,DEPDC1B,0.034134,0.022578,0.000224,0.000442,0.168976,691
FMASC,stemness,BUB1,0.034881,0.024221,0.00024,0.00044,0.156563,692
FMASC,stemness,PDZRN3,0.043282,0.025095,0.000249,0.000439,0.140467,693
FMASC,stemness,RAD18,0.062873,0.038885,0.000385,0.000439,0.091386,694
FMASC,stemness,DAPK1,0.045009,0.02771,0.000275,0.000437,0.111235,695
FMASC,stemness,CORO2A,0.065678,0.040011,0.000396,0.000435,0.005498,696
FMASC,stemness,TMPRSS2,0.070343,0.050129,0.000497,0.000434,0.05243,697
FMASC,stemness,D2HGDH,0.063968,0.039683,0.000393,0.000434,0.090889,698
FMASC,stemness,NXT2,0.096426,0.06615,0.000655,0.000434,0.022801,699
FMASC,stemness,CCNE2,0.035911,0.023682,0.000235,0.000432,0.125207,700
FMASC,stemness,LMBRD2,0.058324,0.035512,0.000352,0.000431,0.086845,701
FMASC,stemness,NEIL3,0.028207,0.017641,0.000175,0.000431,0.145994,702
FMASC,stemness,PSD3,0.050039,0.029845,0.000296,0.000428,0.1035,703
FMASC,stemness,SLC44A3,0.07549,0.048981,0.000485,0.000428,0.024937,704
FMASC,stemness,NCAPG2,0.044062,0.028943,0.000287,0.000427,0.156272,705
FMASC,stemness,PPM1D,0.066492,0.044819,0.000444,0.000426,0.099622,706
FMASC,stemness,GRB10,0.065247,0.039136,0.000388,0.000425,0.065642,707
FMASC,stemness,RNF214,0.074843,0.045489,0.000451,0.000425,0.045431,708
FMASC,stemness,IFT81,0.060731,0.037083,0.000367,0.000425,0.088233,709
FMASC,stemness,PDK1,0.054704,0.037744,0.000374,0.000423,0.081027,710
FMASC,stemness,FANCA,0.04896,0.02872,0.000285,0.000423,0.083692,711
FMASC,stemness,TBC1D8,0.065346,0.042084,0.000417,0.000422,0.073575,712
FMASC,stemness,BCKDHB,0.079707,0.052447,0.00052,0.000422,0.07417,713
FMASC,stemness,SNX24,0.079458,0.051669,0.000512,0.000422,-0.019726,714
FMASC,stemness,HMBOX1,0.055319,0.032049,0.000318,0.000422,0.097244,715
FMASC,stemness,RAP2A,0.056198,0.03321,0.000329,0.000422,0.076306,716
FMASC,stemness,GEN1,0.037255,0.022406,0.000222,0.000421,0.119877,717
FMASC,stemness,SCHIP1,0.02839,0.016782,0.000166,0.000421,0.136609,718
FMASC,stemness,ERLIN1,0.069215,0.044913,0.000445,0.000419,0.052658,719
FMASC,stemness,NAV1,0.041954,0.023443,0.000232,0.000419,0.113156,720
FMASC,stemness,DMTF1,0.065014,0.042414,0.00042,0.000418,0.083221,721
FMASC,stemness,ANKMY2,0.060515,0.036682,0.000363,0.000417,0.067964,722
FMASC,stemness,PEX3,0.086912,0.056799,0.000563,0.000416,0.015459,723
FMASC,stemness,RAB3A,0.051517,0.03038,0.000301,0.000416,0.081909,724
FMASC,stemness,PTPN13,0.053094,0.0326,0.000323,0.000416,0.127838,725
FMASC,stemness,BACH1,0.074013,0.052646,0.000522,0.000414,0.073103,726
FMASC,stemness,STIL,0.035446,0.02151,0.000213,0.000414,0.138763,727
FMASC,stemness,CTPS2,0.058905,0.035909,0.000356,0.000414,0.061439,728
FMASC,stemness,LCP1,0.074793,0.066008,0.000654,0.000413,0.085779,729
FMASC,stemness,LOX,0.051915,0.037493,0.000371,0.000413,0.104324,730
FMASC,stemness,NPNT,0.046669,0.02982,0.000295,0.000408,0.088787,731
FMASC,stemness,MARVELD2,0.070244,0.04029,0.000399,0.000407,0.031483,732
FMASC,stemness,PRIM2,0.064616,0.043672,0.000433,0.000407,0.083404,733
FMASC,stemness,MID1,0.053559,0.03616,0.000358,0.000406,0.071121,734
FMASC,stemness,HAUS5,0.058357,0.038735,0.000384,0.000406,0.100814,735
FMASC,stemness,SNX18,0.068318,0.045964,0.000455,0.000406,0.092244,736
FMASC,stemness,CSGALNACT1,0.037587,0.019959,0.000198,0.000405,0.122705,737
FMASC,stemness,FAM172A,0.074378,0.047236,0.000468,0.000403,0.068114,738
FMASC,stemness,CHAF1A,0.043465,0.02457,0.000243,0.000403,0.112179,739
FMASC,stemness,FLRT3,0.035313,0.019569,0.000194,0.000401,0.120286,740
FMASC,stemness,PBX3,0.054771,0.032674,0.000324,0.0004,0.060719,741
FMASC,stemness,PDE9A,0.047864,0.028055,0.000278,0.000399,0.111105,742
FMASC,stemness,CLK4,0.071057,0.047763,0.000473,0.000397,0.081123,743
FMASC,stemness,LIN9,0.040476,0.025143,0.000249,0.000397,0.112924,744
FMASC,stemness,CSNK1G3,0.074976,0.049423,0.00049,0.000396,0.050882,745
FMASC,stemness,SHPRH,0.066342,0.043882,0.000435,0.000394,0.091513,746
FMASC,stemness,TIMELESS,0.044012,0.02686,0.000266,0.000394,0.129122,747
FMASC,stemness,CNOT6,0.056364,0.032938,0.000326,0.000393,0.06864,748
FMASC,stemness,VCAN,0.052795,0.054341,0.000538,0.000391,0.128949,749
FMASC,stemness,HOMER1,0.048346,0.027259,0.00027,0.000391,0.076883,750
FMASC,stemness,BBS7,0.085634,0.056516,0.00056,0.000389,0.026219,751
FMASC,stemness,TIAM1,0.032474,0.017193,0.00017,0.000387,0.145449,752
FMASC,stemness,USP40,0.064267,0.038695,0.000383,0.000387,0.044228,753
FMASC,stemness,SORBS1,0.049773,0.031615,0.000313,0.000387,0.076682,754
FMASC,stemness,LRRC40,0.064998,0.040912,0.000405,0.000386,0.058597,755
FMASC,stemness,ARMCX1,0.089834,0.062784,0.000622,0.000385,0.060894,756
FMASC,stemness,CSNK1G1,0.05932,0.034966,0.000346,0.000385,0.036223,757
FMASC,stemness,PPP1R3B,0.057958,0.035661,0.000353,0.000385,0.078419,758
FMASC,stemness,FKBP15,0.056696,0.0333,0.00033,0.000383,0.047222,759
FMASC,stemness,DTL,0.030897,0.021003,0.000208,0.000382,0.123567,760
FMASC,stemness,TMLHE,0.069447,0.04464,0.000442,0.000381,0.02646,761
FMASC,stemness,VPS13B,0.05502,0.034564,0.000342,0.000381,0.103944,762
FMASC,stemness,ATL1,0.06191,0.040109,0.000397,0.000379,0.008599,763
FMASC,stemness,WDHD1,0.037106,0.021796,0.000216,0.000379,0.114882,764
FMASC,stemness,FOXA1,0.072684,0.057943,0.000574,0.000379,0.021277,765
FMASC,stemness,ELOVL6,0.043896,0.025436,0.000252,0.000378,0.056699,766
FMASC,stemness,PTPRZ1,0.030498,0.020173,0.0002,0.000378,0.104414,767
FMASC,stemness,MAGI3,0.05316,0.032431,0.000321,0.000377,0.081667,768
FMASC,stemness,CDKN1C,0.062823,0.045412,0.00045,0.000377,0.085458,769
FMASC,stemness,TAF9B,0.086381,0.061717,0.000611,0.000375,0.073765,770
FMASC,stemness,RAD54B,0.036226,0.023343,0.000231,0.000373,0.143413,771
FMASC,stemness,TDRKH,0.063072,0.038084,0.000377,0.000371,0.042022,772
FMASC,stemness,PCMTD2,0.073996,0.050524,0.000501,0.00037,0.092227,773
FMASC,stemness,RBM12B,0.047632,0.029473,0.000292,0.00037,0.106267,774
FMASC,stemness,ZEB2,0.031229,0.028106,0.000278,0.00037,0.109993,775
FMASC,stemness,ABL1,0.050222,0.027217,0.00027,0.000369,0.065373,776
FMASC,stemness,CMYA5,0.056049,0.039654,0.000393,0.000369,0.051666,777
FMASC,stemness,DOCK5,0.04451,0.024793,0.000246,0.000369,0.075296,778
FMASC,stemness,TLN2,0.047914,0.029479,0.000292,0.000369,0.031429,779
FMASC,stemness,WDR48,0.068883,0.04357,0.000432,0.000368,0.053483,780
FMASC,stemness,METTL4,0.057195,0.034918,0.000346,0.000368,0.076075,781
FMASC,stemness,WDFY3,0.048478,0.028534,0.000283,0.000367,0.084564,782
FMASC,stemness,WWC1,0.060266,0.037533,0.000372,0.000365,0.034781,783
FMASC,stemness,MED23,0.06088,0.039614,0.000392,0.000364,0.059687,784
FMASC,stemness,TIPIN,0.051766,0.031356,0.000311,0.000363,0.044681,785
FMASC,stemness,ARHGAP11A,0.02834,0.016909,0.000168,0.000363,0.14847,786
FMASC,stemness,POLA2,0.040211,0.0245,0.000243,0.00036,0.094672,787
FMASC,stemness,FGD4,0.046204,0.028973,0.000287,0.000359,0.074798,788
FMASC,stemness,POLK,0.061993,0.038012,0.000377,0.000358,0.072494,789
FMASC,stemness,KLHL13,0.03596,0.023858,0.000236,0.000358,0.120637,790
FMASC,stemness,ZWILCH,0.04637,0.027788,0.000275,0.000358,0.101222,791
FMASC,stemness,IPO8,0.060814,0.039207,0.000388,0.000358,0.081416,792
FMASC,stemness,CHEK1,0.049807,0.032706,0.000324,0.000358,0.102093,793
FMASC,stemness,SNN,0.055285,0.033702,0.000334,0.000357,0.056354,794
FMASC,stemness,ATAD5,0.035163,0.022794,0.000226,0.000357,0.138015,795
FMASC,stemness,CEP192,0.042103,0.027879,0.000276,0.000356,0.126855,796
FMASC,stemness,LPAR1,0.035014,0.019032,0.000189,0.000356,0.128356,797
FMASC,stemness,UBTD2,0.055767,0.032462,0.000322,0.000355,0.0651,798
FMASC,stemness,GFRA1,0.042751,0.040723,0.000403,0.000355,0.046029,799
FMASC,stemness,THBS2,0.033005,0.024454,0.000242,0.000354,0.145328,800
FMASC,stemness,GABPA,0.069414,0.047693,0.000473,0.000354,0.077786,801
FMASC,stemness,SNX16,0.0472,0.028103,0.000278,0.000354,0.085418,802
FMASC,stemness,RMI1,0.046669,0.028325,0.000281,0.000353,0.078839,803
FMASC,stemness,PTER,0.057776,0.035178,0.000349,0.000353,0.080413,804
FMASC,stemness,ANKRD46,0.077001,0.050955,0.000505,0.000352,0.067403,805
FMASC,stemness,SOX11,0.039331,0.026237,0.00026,0.000349,0.09756,806
FMASC,stemness,MEF2C,0.039629,0.032942,0.000326,0.000349,0.067711,807
FMASC,stemness,SMOC2,0.048213,0.034665,0.000343,0.000348,0.089282,808
FMASC,stemness,MXD3,0.033287,0.020887,0.000207,0.000348,0.13626,809
FMASC,stemness,MSH3,0.062258,0.037897,0.000375,0.000346,0.058462,810
FMASC,stemness,PLAGL1,0.050039,0.037223,0.000369,0.000345,0.099185,811
FMASC,stemness,MMP16,0.020354,0.010281,0.000102,0.000345,0.166819,812
FMASC,stemness,SFMBT2,0.039032,0.022706,0.000225,0.000345,0.087377,813
FMASC,stemness,ESCO2,0.025717,0.015786,0.000156,0.000344,0.158144,814
FMASC,stemness,CDKAL1,0.059585,0.041959,0.000416,0.000344,0.05216,815
FMASC,stemness,TUBE1,0.072967,0.046144,0.000457,0.000342,0.043812,816
FMASC,stemness,SLC38A6,0.057311,0.035452,0.000351,0.000342,0.047809,817
FMASC,stemness,RNF144A,0.040094,0.022788,0.000226,0.000342,0.110885,818
FMASC,stemness,KIF18A,0.027958,0.016954,0.000168,0.000341,0.136361,819
FMASC,stemness,MOAP1,0.062706,0.038485,0.000381,0.00034,0.066295,820
FMASC,stemness,CCNE1,0.04808,0.031161,0.000309,0.000339,0.082309,821
FMASC,stemness,STK39,0.033835,0.020483,0.000203,0.000338,0.081828,822
FMASC,stemness,TTC39A,0.107416,0.079718,0.00079,0.000338,0.005562,823
FMASC,stemness,CASD1,0.053276,0.033226,0.000329,0.000337,0.065662,824
FMASC,stemness,SCAPER,0.046901,0.027953,0.000277,0.000336,0.067233,825
FMASC,stemness,RIMKLB,0.05668,0.039058,0.000387,0.000336,0.065378,826
FMASC,stemness,SPATA13,0.061827,0.040736,0.000404,0.000335,0.05611,827
FMASC,stemness,INCENP,0.029552,0.018158,0.00018,0.000335,0.144976,828
FMASC,stemness,ARHGEF19,0.051782,0.030157,0.000299,0.000335,0.044803,829
FMASC,stemness,GALK2,0.057809,0.035181,0.000349,0.000334,0.063265,830
FMASC,stemness,CDC23,0.07456,0.048572,0.000481,0.000333,0.0537,831
FMASC,stemness,RNF150,0.033287,0.01966,0.000195,0.000332,0.083923,832
FMASC,stemness,SEMA6A,0.037836,0.023274,0.000231,0.000331,0.097618,833
FMASC,stemness,RFX3,0.042203,0.025979,0.000257,0.000331,0.073889,834
FMASC,stemness,LANCL2,0.059768,0.036064,0.000357,0.000331,0.035419,835
FMASC,stemness,RGMB,0.058257,0.036395,0.000361,0.000331,0.064166,836
FMASC,stemness,RAPGEF5,0.039779,0.023836,0.000236,0.000331,0.056521,837
FMASC,stemness,SKA1,0.029735,0.01919,0.00019,0.00033,0.120624,838
FMASC,stemness,NIPA1,0.03513,0.017314,0.000172,0.00033,0.079836,839
FMASC,stemness,CDKL5,0.043697,0.025783,0.000255,0.000328,0.067644,840
FMASC,stemness,KBTBD7,0.049309,0.029184,0.000289,0.000328,0.069506,841
FMASC,stemness,FAM198B,0.071987,0.058462,0.000579,0.000327,0.051861,842
FMASC,stemness,RAB30,0.0471,0.028495,0.000282,0.000327,0.090136,843
FMASC,stemness,CPEB2,0.057792,0.040309,0.000399,0.000327,0.07238,844
FMASC,stemness,SPON1,0.027477,0.019218,0.00019,0.000326,0.149332,845
FMASC,stemness,NRXN1,0.018213,0.015776,0.000156,0.000326,0.056586,846
FMASC,stemness,KLHL28,0.060415,0.038125,0.000378,0.000325,0.057246,847
FMASC,stemness,SPAG5,0.025451,0.014686,0.000145,0.000325,0.154071,848
FMASC,stemness,KIF11,0.028539,0.019186,0.00019,0.000324,0.155463,849
FMASC,stemness,PDGFC,0.049142,0.032128,0.000318,0.000324,0.085573,850
FMASC,stemness,DPYD,0.063155,0.046012,0.000456,0.000322,-0.015346,851
FMASC,stemness,ETAA1,0.052247,0.029928,0.000297,0.000322,0.058906,852
FMASC,stemness,GULP1,0.053808,0.037368,0.00037,0.000321,0.004935,853
FMASC,stemness,MOSPD2,0.052529,0.032649,0.000323,0.000319,0.067409,854
FMASC,stemness,PDK2,0.075158,0.0485,0.000481,0.000319,0.052604,855
FMASC,stemness,TMEM184C,0.059934,0.036135,0.000358,0.000317,0.057363,856
FMASC,stemness,CIT,0.023691,0.012744,0.000126,0.000316,0.140315,857
FMASC,stemness,PRIM1,0.0385,0.024436,0.000242,0.000316,0.075909,858
FMASC,stemness,EFNB1,0.040144,0.023142,0.000229,0.000315,0.071189,859
FMASC,stemness,ASB7,0.046436,0.027029,0.000268,0.000314,0.018589,860
FMASC,stemness,ELN,0.053359,0.064909,0.000643,0.000314,0.110917,861
FMASC,stemness,GAB1,0.044311,0.026427,0.000262,0.000313,0.092009,862
FMASC,stemness,PHKA1,0.041439,0.023735,0.000235,0.000313,0.071902,863
FMASC,stemness,CELSR1,0.04368,0.025011,0.000248,0.000312,0.061005,864
FMASC,stemness,AMIGO2,0.046984,0.030984,0.000307,0.000309,0.04237,865
FMASC,stemness,ZEB1,0.022894,0.014251,0.000141,0.000308,0.1279,866
FMASC,stemness,DECR2,0.068716,0.040962,0.000406,0.000307,0.029611,867
FMASC,stemness,RAD54L,0.022811,0.013704,0.000136,0.000307,0.136363,868
FMASC,stemness,CDC7,0.037554,0.023171,0.00023,0.000306,0.088183,869
FMASC,stemness,TMTC2,0.03948,0.023091,0.000229,0.000305,0.066522,870
FMASC,stemness,SLC35A5,0.05155,0.030193,0.000299,0.000304,0.062689,871
FMASC,stemness,ANKRD44,0.02922,0.017756,0.000176,0.000304,0.093895,872
FMASC,stemness,FRK,0.045191,0.028874,0.000286,0.000303,0.027163,873
FMASC,stemness,SEC61A2,0.035147,0.020757,0.000206,0.000303,0.063571,874
FMASC,stemness,HDAC9,0.037471,0.026511,0.000263,0.000303,0.007573,875
FMASC,stemness,PRPF39,0.054339,0.035466,0.000351,0.000303,0.061592,876
FMASC,stemness,ALDOC,0.042253,0.024632,0.000244,0.000303,0.071297,877
FMASC,stemness,PFKM,0.058689,0.038507,0.000382,0.000302,0.061382,878
FMASC,stemness,ALDH1A3,0.051351,0.039301,0.000389,0.000302,0.044404,879
FMASC,stemness,HACL1,0.054737,0.033654,0.000333,0.000301,0.007731,880
FMASC,stemness,FAM135A,0.04466,0.028671,0.000284,0.000299,0.037556,881
FMASC,stemness,RABL3,0.06958,0.045033,0.000446,0.000299,-0.00384,882
FMASC,stemness,ITM2A,0.033437,0.034822,0.000345,0.000298,0.095015,883
FMASC,stemness,GLCCI1,0.03684,0.019932,0.000197,0.000297,0.084701,884
FMASC,stemness,LEF1,0.025916,0.015996,0.000158,0.000297,0.138656,885
FMASC,stemness,IQGAP2,0.048545,0.033773,0.000335,0.000296,0.08506,886
FMASC,stemness,RBL1,0.032225,0.019643,0.000195,0.000296,0.099832,887
FMASC,stemness,PPP2R2B,0.020122,0.010379,0.000103,0.000296,0.136317,888
FMASC,stemness,LRRN1,0.048362,0.034428,0.000341,0.000295,0.088537,889
FMASC,stemness,CENPQ,0.03699,0.020859,0.000207,0.000294,0.07944,890
FMASC,stemness,MXRA8,0.068169,0.071723,0.000711,0.000293,0.126571,891
FMASC,stemness,NRCAM,0.019458,0.008912,8.8e-05,0.000292,0.145433,892
FMASC,stemness,TLE2,0.043747,0.025739,0.000255,0.000292,0.08667,893
FMASC,stemness,SNTB1,0.030731,0.015483,0.000153,0.000292,0.09683,894
FMASC,stemness,BUB1B,0.022679,0.013751,0.000136,0.000292,0.14397,895
FMASC,stemness,NSUN7,0.043099,0.026366,0.000261,0.00029,0.104231,896
FMASC,stemness,SPC24,0.026132,0.016214,0.000161,0.00029,0.127653,897
FMASC,stemness,HSPA12A,0.044627,0.025672,0.000254,0.000289,0.050847,898
FMASC,stemness,FECH,0.06621,0.043865,0.000435,0.000288,0.030942,899
FMASC,stemness,STARD13,0.037886,0.023404,0.000232,0.000287,0.084588,900
FMASC,stemness,KCNK5,0.031594,0.019836,0.000197,0.000286,0.060721,901
FMASC,stemness,MFAP3L,0.032042,0.01711,0.00017,0.000285,0.067103,902
FMASC,stemness,PIP5K1B,0.027211,0.015301,0.000152,0.000285,0.113121,903
FMASC,stemness,PDIK1L,0.041821,0.026695,0.000264,0.000285,0.08159,904
FMASC,stemness,MMP2,0.055767,0.054361,0.000539,0.000284,0.104527,905
FMASC,stemness,CHST14,0.036259,0.018713,0.000185,0.000283,0.063708,906
FMASC,stemness,COX15,0.064798,0.040714,0.000403,0.00028,0.03439,907
FMASC,stemness,IVD,0.084455,0.059612,0.000591,0.000279,0.011234,908
FMASC,stemness,LYSMD3,0.051151,0.031116,0.000308,0.000279,0.057359,909
FMASC,stemness,HEATR5A,0.043431,0.02427,0.00024,0.000278,0.052658,910
FMASC,stemness,ACSS1,0.038334,0.023984,0.000238,0.000277,0.096245,911
FMASC,stemness,OSCP1,0.055418,0.031002,0.000307,0.000276,-0.002286,912
FMASC,stemness,PHACTR1,0.028456,0.022366,0.000222,0.000274,0.057282,913
FMASC,stemness,FANCB,0.029485,0.018807,0.000186,0.000273,0.121309,914
FMASC,stemness,LIN54,0.034616,0.02152,0.000213,0.000273,0.108492,915
FMASC,stemness,RAB8B,0.060083,0.040162,0.000398,0.000272,-0.014509,916
FMASC,stemness,MCPH1,0.049059,0.029808,0.000295,0.000272,0.067243,917
FMASC,stemness,PRR11,0.022015,0.013059,0.000129,0.000272,0.134389,918
FMASC,stemness,GINS1,0.02736,0.015999,0.000159,0.000271,0.107105,919
FMASC,stemness,CROT,0.063769,0.043713,0.000433,0.000271,0.024347,920
FMASC,stemness,MAP2K6,0.040659,0.026626,0.000264,0.000271,0.088035,921
FMASC,stemness,PIK3R4,0.044344,0.026608,0.000264,0.00027,0.05273,922
FMASC,stemness,PHKA2,0.037803,0.023641,0.000234,0.000269,0.075935,923
FMASC,stemness,BEND7,0.033951,0.020072,0.000199,0.000269,0.100515,924
FMASC,stemness,TBC1D24,0.036575,0.022197,0.00022,0.000267,0.063204,925
FMASC,stemness,CTSO,0.062972,0.042774,0.000424,0.000267,0.034795,926
FMASC,stemness,RAC2,0.062873,0.052046,0.000516,0.000266,0.017427,927
FMASC,stemness,RAPGEF6,0.042319,0.026665,0.000264,0.000266,0.089887,928
FMASC,stemness,FIGN,0.025567,0.015074,0.000149,0.000266,0.058494,929
FMASC,stemness,COL6A3,0.062109,0.057133,0.000566,0.000265,0.084152,930
FMASC,stemness,SFMBT1,0.039746,0.02297,0.000228,0.000265,0.067572,931
FMASC,stemness,TMC5,0.073282,0.068469,0.000678,0.000263,0.018506,932
FMASC,stemness,EXO1,0.021981,0.014407,0.000143,0.000263,0.11889,933
FMASC,stemness,ZMYM3,0.045756,0.027588,0.000273,0.000262,0.062544,934
FMASC,stemness,PPM1L,0.035047,0.022493,0.000223,0.000262,0.084887,935
FMASC,stemness,FGF13,0.054356,0.03483,0.000345,0.000261,0.052275,936
FMASC,stemness,DZIP3,0.041356,0.025411,0.000252,0.00026,0.074482,937
FMASC,stemness,TSPAN12,0.048279,0.036777,0.000364,0.000259,0.076199,938
FMASC,stemness,DCBLD1,0.037338,0.021964,0.000218,0.000259,0.005904,939
FMASC,stemness,IQGAP3,0.017615,0.010456,0.000104,0.000258,0.122598,940
FMASC,stemness,TRIM59,0.025717,0.014757,0.000146,0.000257,0.094406,941
FMASC,stemness,ZBED4,0.035097,0.019136,0.00019,0.000256,0.059339,942
FMASC,stemness,CYB5D2,0.060034,0.038014,0.000377,0.000255,0.041605,943
FMASC,stemness,EMID1,0.026381,0.017356,0.000172,0.000255,0.072544,944
FMASC,stemness,TEX10,0.042784,0.027691,0.000274,0.000254,0.0589,945
FMASC,stemness,IFT80,0.048263,0.033854,0.000335,0.000254,0.076864,946
FMASC,stemness,PREX1,0.039978,0.027493,0.000272,0.000253,0.076518,947
FMASC,stemness,ENPP2,0.02135,0.016171,0.00016,0.000253,0.108198,948
FMASC,stemness,GATM,0.063205,0.052083,0.000516,0.000253,0.02508,949
FMASC,stemness,NAB2,0.045108,0.027924,0.000277,0.000253,0.041303,950
FMASC,stemness,MYO5C,0.046868,0.029064,0.000288,0.000253,0.048304,951
FMASC,stemness,DARS2,0.039115,0.023044,0.000228,0.000253,0.039712,952
FMASC,stemness,OSR2,0.037886,0.024386,0.000242,0.000252,0.054829,953
FMASC,stemness,CLCN5,0.028373,0.015444,0.000153,0.000251,0.077898,954
FMASC,stemness,CLCN2,0.027244,0.01429,0.000142,0.000251,0.073323,955
FMASC,stemness,KANK4,0.023575,0.01387,0.000137,0.000251,0.099407,956
FMASC,stemness,ASB3,0.043963,0.026157,0.000259,0.000251,0.060414,957
FMASC,stemness,RBMS3,0.030814,0.021142,0.000209,0.00025,0.08536,958
FMASC,stemness,APPL2,0.057991,0.039056,0.000387,0.00025,0.064127,959
FMASC,stemness,PLA2G7,0.033752,0.022101,0.000219,0.000249,0.039006,960
FMASC,stemness,ATP7A,0.04808,0.030664,0.000304,0.000249,0.068261,961
FMASC,stemness,ZSWIM6,0.033985,0.020331,0.000201,0.000248,0.066099,962
FMASC,stemness,LDB1,0.036126,0.022296,0.000221,0.000247,0.043992,963
FMASC,stemness,CAPN6,0.033852,0.027455,0.000272,0.000246,0.062427,964
FMASC,stemness,MCM8,0.027526,0.014811,0.000147,0.000246,0.08113,965
FMASC,stemness,RASSF3,0.03601,0.021693,0.000215,0.000245,0.0692,966
FMASC,stemness,SENP7,0.041838,0.026005,0.000258,0.000245,0.073335,967
FMASC,stemness,SUV39H1,0.031494,0.018229,0.000181,0.000244,0.076006,968
FMASC,stemness,SLAIN1,0.018379,0.008523,8.4e-05,0.000244,0.131325,969
FMASC,stemness,PLXNB3,0.028041,0.01488,0.000147,0.000243,0.052153,970
FMASC,stemness,DSEL,0.038965,0.02475,0.000245,0.000243,0.048473,971
FMASC,stemness,MMP15,0.044212,0.02937,0.000291,0.000242,0.022131,972
FMASC,stemness,LRIG2,0.032358,0.018882,0.000187,0.000242,0.064846,973
FMASC,stemness,CDC25C,0.020155,0.011418,0.000113,0.000241,0.122199,974
FMASC,stemness,B3GNT9,0.030581,0.016564,0.000164,0.00024,0.051336,975
FMASC,stemness,FIGNL1,0.037255,0.024479,0.000243,0.00024,0.085302,976
FMASC,stemness,FAM184A,0.022396,0.011083,0.00011,0.00024,0.110811,977
FMASC,stemness,PLP1,0.015042,0.01106,0.00011,0.00024,0.09468,978
FMASC,stemness,CEP135,0.029818,0.017177,0.00017,0.000239,0.092546,979
FMASC,stemness,TMTC4,0.040161,0.023889,0.000237,0.000239,0.05457,980
FMASC,stemness,N4BP2,0.033536,0.020403,0.000202,0.000238,0.095737,981
FMASC,stemness,LNX1,0.048462,0.032405,0.000321,0.000238,0.058061,982
FMASC,stemness,DOCK4,0.027659,0.016304,0.000162,0.000237,0.083179,983
FMASC,stemness,NCAM1,0.023442,0.015812,0.000157,0.000235,0.148202,984
FMASC,stemness,POLI,0.050155,0.0308,0.000305,0.000234,0.039215,985
FMASC,stemness,PPFIBP2,0.051118,0.033271,0.00033,0.000234,0.047417,986
FMASC,stemness,TJP3,0.050487,0.033532,0.000332,0.000234,0.019613,987
FMASC,stemness,GLRB,0.03,0.016681,0.000165,0.000233,0.090118,988
FMASC,stemness,MPHOSPH9,0.029054,0.017867,0.000177,0.000232,0.098822,989
FMASC,stemness,TMEM231,0.036375,0.020473,0.000203,0.000232,0.047954,990
FMASC,stemness,AMMECR1L,0.037986,0.022477,0.000223,0.000232,0.050069,991
FMASC,stemness,CFH,0.046021,0.042298,0.000419,0.00023,-0.062518,992
FMASC,stemness,RGN,0.03005,0.01658,0.000164,0.00023,0.051416,993
FMASC,stemness,EDNRA,0.032324,0.02209,0.000219,0.000228,0.032088,994
FMASC,stemness,INTU,0.037438,0.022895,0.000227,0.000227,0.068794,995
FMASC,stemness,GFRA3,0.024604,0.016393,0.000162,0.000227,0.103186,996
FMASC,stemness,ZMAT1,0.04114,0.026435,0.000262,0.000226,0.057781,997
FMASC,stemness,TTC8,0.067936,0.045756,0.000453,0.000226,-0.009218,998
FMASC,stemness,PDGFRA,0.023957,0.017905,0.000177,0.000226,0.139002,999
FMASC,stemness,TTC21B,0.03166,0.021108,0.000209,0.000225,0.082205,1000
FMASC,stemness,SPTLC3,0.031876,0.01803,0.000179,0.000225,0.056031,1001
FMASC,stemness,E2F8,0.016652,0.009363,9.3e-05,0.000225,0.088653,1002
FMASC,stemness,IFT88,0.049956,0.03164,0.000313,0.000225,0.048623,1003
FMASC,stemness,TLR5,0.040476,0.024672,0.000244,0.000224,0.013635,1004
FMASC,stemness,TNFAIP6,0.03103,0.025589,0.000254,0.000223,0.022042,1005
FMASC,stemness,DCAKD,0.058523,0.038726,0.000384,0.000223,0.060055,1006
FMASC,stemness,INPP4B,0.05849,0.049646,0.000492,0.000222,0.055234,1007
FMASC,stemness,WNK3,0.028008,0.016971,0.000168,0.000222,0.072086,1008
FMASC,stemness,AGR3,0.079923,0.107468,0.001065,0.000222,0.040508,1009
FMASC,stemness,CAB39L,0.071705,0.053321,0.000528,0.00022,0.036458,1010
FMASC,stemness,GLMN,0.042485,0.027322,0.000271,0.000219,0.05302,1011
FMASC,stemness,PDE8A,0.03357,0.019609,0.000194,0.000219,0.062314,1012
FMASC,stemness,DOPEY1,0.036126,0.024218,0.00024,0.000219,0.058116,1013
FMASC,stemness,RAD54L2,0.033204,0.018988,0.000188,0.000218,0.062836,1014
FMASC,stemness,PLEKHA4,0.040061,0.024803,0.000246,0.000218,0.056541,1015
FMASC,stemness,GPR155,0.022778,0.012628,0.000125,0.000216,0.092268,1016
FMASC,stemness,CYP39A1,0.028157,0.01712,0.00017,0.000216,0.060894,1017
FMASC,stemness,KIF15,0.016835,0.009276,9.2e-05,0.000214,0.127901,1018
FMASC,stemness,POLE,0.028058,0.016767,0.000166,0.000214,0.085074,1019
FMASC,stemness,INTS9,0.034217,0.01932,0.000191,0.000213,0.057241,1020
FMASC,stemness,ETV1,0.020869,0.015091,0.00015,0.000213,0.090333,1021
FMASC,stemness,CRLF3,0.046071,0.031922,0.000316,0.000213,0.042723,1022
FMASC,stemness,GPC6,0.018096,0.009692,9.6e-05,0.000212,0.121393,1023
FMASC,stemness,MEIS1,0.020338,0.011923,0.000118,0.000212,0.087044,1024
FMASC,stemness,SIAE,0.045108,0.027066,0.000268,0.000212,0.044367,1025
FMASC,stemness,GPR37,0.023708,0.012049,0.000119,0.000211,0.042801,1026
FMASC,stemness,GALNT13,0.021782,0.012636,0.000125,0.000211,0.098486,1027
FMASC,stemness,SRCAP,0.030349,0.017861,0.000177,0.00021,0.055547,1028
FMASC,stemness,CCDC66,0.043631,0.027862,0.000276,0.00021,0.060248,1029
FMASC,stemness,DCAF4,0.041024,0.024965,0.000247,0.00021,0.025436,1030
FMASC,stemness,B3GNTL1,0.039165,0.023168,0.00023,0.000209,0.023062,1031
FMASC,stemness,SLC5A1,0.033254,0.022637,0.000224,0.000209,0.024695,1032
FMASC,stemness,PCOLCE2,0.024555,0.017907,0.000177,0.000208,0.057573,1033
FMASC,stemness,PLEKHA6,0.042369,0.027592,0.000273,0.000206,0.029114,1034
FMASC,stemness,DNM3,0.021135,0.011693,0.000116,0.000206,0.017549,1035
FMASC,stemness,DCAF17,0.04036,0.024442,0.000242,0.000203,0.043958,1036
FMASC,stemness,IRS1,0.042668,0.031282,0.00031,0.000202,0.044466,1037
FMASC,stemness,MBTD1,0.032258,0.020104,0.000199,0.000202,0.063022,1038
FMASC,stemness,SENP1,0.044494,0.029277,0.00029,0.000202,0.066334,1039
FMASC,stemness,NRARP,0.028357,0.016456,0.000163,0.0002,0.056708,1040
FMASC,stemness,RSPO3,0.022347,0.018326,0.000182,0.0002,-0.027268,1041
FMASC,stemness,ROBO1,0.029452,0.017564,0.000174,0.0002,0.061128,1042
FMASC,stemness,TXNDC16,0.031594,0.020181,0.0002,0.0002,0.081485,1043
FMASC,stemness,ZSCAN21,0.035628,0.020139,0.0002,0.0002,0.038566,1044
FMASC,stemness,KIF18B,0.014826,0.008546,8.5e-05,0.000199,0.131499,1045
FMASC,stemness,E2F7,0.014494,0.008129,8.1e-05,0.000199,0.111523,1046
FMASC,stemness,XRCC2,0.019408,0.012347,0.000122,0.000199,0.120725,1047
FMASC,stemness,PLK4,0.019292,0.012224,0.000121,0.000198,0.111617,1048
FMASC,stemness,HECTD2,0.035662,0.022212,0.00022,0.000198,0.072634,1049
FMASC,stemness,CCL2,0.075258,0.109781,0.001088,0.000198,0.067736,1050
FMASC,stemness,CCDC138,0.028705,0.017813,0.000176,0.000196,0.081374,1051
FMASC,stemness,MAML3,0.027842,0.018498,0.000183,0.000193,0.065596,1052
FMASC,stemness,BLM,0.019308,0.012366,0.000123,0.000192,0.10022,1053
FMASC,stemness,MPP7,0.049242,0.033834,0.000335,0.000192,0.055091,1054
FMASC,stemness,ADAMTSL1,0.013481,0.007536,7.5e-05,0.000192,0.108113,1055
FMASC,stemness,LSP1,0.077947,0.082345,0.000816,0.000191,0.104105,1056
FMASC,stemness,LCA5,0.032673,0.020477,0.000203,0.000191,0.053067,1057
FMASC,stemness,CDC14A,0.036126,0.026292,0.00026,0.00019,0.077986,1058
FMASC,stemness,RCBTB2,0.026514,0.016109,0.00016,0.00019,0.071173,1059
FMASC,stemness,CNTROB,0.028556,0.016798,0.000166,0.000189,0.077778,1060
FMASC,stemness,ISLR,0.045324,0.041203,0.000408,0.000188,0.072682,1061
FMASC,stemness,KATNAL2,0.025119,0.014357,0.000142,0.000188,0.075301,1062
FMASC,stemness,DNA2,0.0215,0.01425,0.000141,0.000187,0.09482,1063
FMASC,stemness,PLSCR4,0.045258,0.032326,0.00032,0.000187,0.018761,1064
FMASC,stemness,GLB1L,0.028738,0.015981,0.000158,0.000186,0.047581,1065
FMASC,stemness,PUS10,0.034267,0.021543,0.000213,0.000185,0.034729,1066
FMASC,stemness,ERI2,0.043979,0.027726,0.000275,0.000184,0.053368,1067
FMASC,stemness,FSD1L,0.02404,0.014174,0.00014,0.000183,0.058494,1068
FMASC,stemness,WDR35,0.028888,0.016931,0.000168,0.000182,0.061078,1069
FMASC,stemness,CYFIP2,0.030233,0.017907,0.000177,0.000182,0.042235,1070
FMASC,stemness,WDR76,0.021101,0.012657,0.000125,0.000181,0.089885,1071
FMASC,stemness,SHROOM2,0.02243,0.011373,0.000113,0.000181,0.071392,1072
FMASC,stemness,CSAD,0.026945,0.01658,0.000164,0.00018,0.062519,1073
FMASC,stemness,GAS2,0.015639,0.008976,8.9e-05,0.000179,0.100738,1074
FMASC,stemness,CLDN8,0.039264,0.029713,0.000294,0.000179,0.0607,1075
FMASC,stemness,E2F2,0.015656,0.009096,9e-05,0.000179,0.089198,1076
FMASC,stemness,NKAIN3,0.011854,0.005302,5.3e-05,0.000178,0.11131,1077
FMASC,stemness,MBOAT1,0.030448,0.021798,0.000216,0.000178,0.057194,1078
FMASC,stemness,GANC,0.027659,0.016733,0.000166,0.000178,0.052659,1079
FMASC,stemness,ESRRG,0.026298,0.016522,0.000164,0.000177,0.078815,1080
FMASC,stemness,PTCH1,0.017167,0.008539,8.5e-05,0.000176,0.074946,1081
FMASC,stemness,ARHGAP24,0.019591,0.011335,0.000112,0.000175,0.041767,1082
FMASC,stemness,SRR,0.03181,0.017917,0.000178,0.000175,0.024853,1083
FMASC,stemness,TSGA10,0.040377,0.02551,0.000253,0.000174,0.032829,1084
FMASC,stemness,BCL2,0.040476,0.030092,0.000298,0.000173,0.073634,1085
FMASC,stemness,RNLS,0.039082,0.024857,0.000246,0.000172,0.002325,1086
FMASC,stemness,BACE1,0.026148,0.014711,0.000146,0.000172,0.064862,1087
FMASC,stemness,EPHA7,0.013647,0.008535,8.5e-05,0.000172,0.084336,1088
FMASC,stemness,IKZF2,0.02306,0.015826,0.000157,0.000172,0.0545,1089
FMASC,stemness,RAB2B,0.043863,0.029364,0.000291,0.000171,0.04168,1090
FMASC,stemness,TYRO3,0.019458,0.009636,9.5e-05,0.00017,0.075852,1091
FMASC,stemness,DMXL2,0.02839,0.017872,0.000177,0.00017,0.069025,1092
FMASC,stemness,RAP1GAP,0.035745,0.021729,0.000215,0.00017,0.043269,1093
FMASC,stemness,MACROD2,0.02565,0.014957,0.000148,0.00017,0.077654,1094
FMASC,stemness,TSPAN8,0.043631,0.042044,0.000417,0.000169,-0.005541,1095
FMASC,stemness,POLQ,0.014045,0.008092,8e-05,0.000168,0.116088,1096
FMASC,stemness,LRRN2,0.021433,0.009894,9.8e-05,0.000168,0.047547,1097
FMASC,stemness,ACOT1,0.023293,0.012147,0.00012,0.000167,-0.014729,1098
FMASC,stemness,EDIL3,0.016768,0.012183,0.000121,0.000167,0.082219,1099
FMASC,stemness,IGF2BP3,0.02497,0.017855,0.000177,0.000164,0.055695,1100
FMASC,stemness,CCDC30,0.026431,0.015861,0.000157,0.000164,0.055726,1101
FMASC,stemness,MEGF10,0.01197,0.004929,4.9e-05,0.000164,0.117544,1102
FMASC,stemness,BEX1,0.02673,0.023194,0.00023,0.000163,-0.046912,1103
FMASC,stemness,POLE2,0.019342,0.011554,0.000114,0.000162,0.070006,1104
FMASC,stemness,TTC28,0.021815,0.012386,0.000123,0.000161,0.096615,1105
FMASC,stemness,BLNK,0.048163,0.031934,0.000316,0.00016,-0.007891,1106
FMASC,stemness,NLK,0.022928,0.012327,0.000122,0.00016,0.044506,1107
FMASC,stemness,SHISA2,0.025634,0.021033,0.000208,0.00016,0.101933,1108
FMASC,stemness,LRRC4C,0.026912,0.018024,0.000179,0.00016,0.049328,1109
FMASC,stemness,ZCCHC24,0.020072,0.011098,0.00011,0.00016,0.084527,1110
FMASC,stemness,ATP1B2,0.010742,0.005772,5.7e-05,0.000159,0.11062,1111
FMASC,stemness,BRCA1,0.019225,0.013611,0.000135,0.000159,0.089302,1112
FMASC,stemness,MEGF6,0.021184,0.0123,0.000122,0.000158,0.057423,1113
FMASC,stemness,SEMA3B,0.029701,0.021041,0.000208,0.000157,0.053793,1114
FMASC,stemness,FBXO48,0.026779,0.016209,0.000161,0.000157,0.061882,1115
FMASC,stemness,PLCE1,0.014245,0.007174,7.1e-05,0.000156,0.080938,1116
FMASC,stemness,MFSD9,0.031312,0.018353,0.000182,0.000155,0.015592,1117
FMASC,stemness,RHOH,0.025567,0.020624,0.000204,0.000153,0.026821,1118
FMASC,stemness,SYNE1,0.022546,0.014995,0.000149,0.000152,0.045647,1119
FMASC,stemness,PAQR3,0.021882,0.011879,0.000118,0.000151,0.062438,1120
FMASC,stemness,BACH2,0.018296,0.011077,0.00011,0.000151,0.047257,1121
FMASC,stemness,FAM81A,0.01637,0.008112,8e-05,0.00015,0.084635,1122
FMASC,stemness,TTYH2,0.015008,0.007019,7e-05,0.000149,0.084514,1123
FMASC,stemness,EFCAB7,0.028191,0.017249,0.000171,0.000149,0.036873,1124
FMASC,stemness,PPARGC1A,0.011273,0.005017,5e-05,0.000149,0.103447,1125
FMASC,stemness,DTX4,0.020985,0.011652,0.000115,0.000148,0.020779,1126
FMASC,stemness,TRERF1,0.021267,0.012219,0.000121,0.000148,0.055069,1127
FMASC,stemness,TMOD2,0.023459,0.01381,0.000137,0.000146,0.04874,1128
FMASC,stemness,SLC28A3,0.020886,0.012544,0.000124,0.000146,0.022255,1129
FMASC,stemness,ARSK,0.024455,0.013666,0.000135,0.000145,0.053928,1130
FMASC,stemness,MUC20,0.035944,0.028252,0.00028,0.000145,-0.020936,1131
FMASC,stemness,PDE1C,0.020089,0.012295,0.000122,0.000145,0.044558,1132
FMASC,stemness,PTPRC,0.017482,0.02174,0.000215,0.000144,0.050195,1133
FMASC,stemness,ARNT2,0.020952,0.011371,0.000113,0.000144,0.051766,1134
FMASC,stemness,TRIM23,0.024604,0.013983,0.000139,0.000144,0.054226,1135
FMASC,stemness,ESPL1,0.010094,0.005149,5.1e-05,0.000143,0.103631,1136
FMASC,stemness,DZIP1,0.015639,0.007965,7.9e-05,0.000143,0.088868,1137
FMASC,stemness,GSPT2,0.026281,0.015445,0.000153,0.000143,0.007705,1138
FMASC,stemness,TWIST1,0.008368,0.006138,6.1e-05,0.000143,0.010732,1139
FMASC,stemness,MUC15,0.026564,0.019201,0.00019,0.000142,0.031443,1140
FMASC,stemness,RTTN,0.017515,0.010544,0.000104,0.000142,0.073018,1141
FMASC,stemness,SLC35F3,0.014311,0.006265,6.2e-05,0.000141,0.068614,1142
FMASC,stemness,PASK,0.016038,0.009297,9.2e-05,0.000141,0.072755,1143
FMASC,stemness,TOX3,0.030681,0.018954,0.000188,0.00014,0.016131,1144
FMASC,stemness,CDON,0.019491,0.011694,0.000116,0.00014,0.079555,1145
FMASC,stemness,GJC1,0.013365,0.008257,8.2e-05,0.00014,0.092735,1146
FMASC,stemness,PEG3,0.01803,0.012486,0.000124,0.000139,0.062547,1147
FMASC,stemness,SOX5,0.009646,0.005664,5.6e-05,0.000139,0.087315,1148
FMASC,stemness,MYB,0.03694,0.028645,0.000284,0.000139,0.06834,1149
FMASC,stemness,S1PR3,0.028473,0.018308,0.000181,0.000138,0.04828,1150
FMASC,stemness,TCFL5,0.01881,0.009254,9.2e-05,0.000138,0.052512,1151
FMASC,stemness,CDC25A,0.013796,0.007601,7.5e-05,0.000138,0.083216,1152
FMASC,stemness,ART3,0.015556,0.009237,9.2e-05,0.000138,0.025666,1153
FMASC,stemness,FBXO16,0.028008,0.016033,0.000159,0.000138,0.034163,1154
FMASC,stemness,LBP,0.023907,0.030682,0.000304,0.000137,-0.030589,1155
FMASC,stemness,ACCS,0.027161,0.017329,0.000172,0.000137,0.042614,1156
FMASC,stemness,PALB2,0.027095,0.015345,0.000152,0.000136,0.021962,1157
FMASC,stemness,PCCA,0.032906,0.020593,0.000204,0.000136,0.041649,1158
FMASC,stemness,KAT2B,0.017598,0.009683,9.6e-05,0.000136,0.057648,1159
FMASC,stemness,ENPP3,0.016137,0.011871,0.000118,0.000135,0.048847,1160
FMASC,stemness,ARVCF,0.033868,0.022133,0.000219,0.000135,0.04717,1161
FMASC,stemness,ARHGEF10,0.013581,0.007824,7.8e-05,0.000135,0.074062,1162
FMASC,stemness,TRMT2B,0.030897,0.01887,0.000187,0.000135,0.030975,1163
FMASC,stemness,RAB38,0.044195,0.031181,0.000309,0.000135,0.008107,1164
FMASC,stemness,FOXP2,0.014361,0.011185,0.000111,0.000135,0.0616,1165
FMASC,stemness,OLFML3,0.027261,0.027896,0.000276,0.000134,0.048736,1166
FMASC,stemness,SPARCL1,0.0859,0.109242,0.001082,0.000132,0.110899,1167
FMASC,stemness,RPGR,0.025385,0.01566,0.000155,0.000132,0.038938,1168
FMASC,stemness,SCML2,0.014776,0.008764,8.7e-05,0.000132,0.087572,1169
FMASC,stemness,LUZP2,0.010376,0.005946,5.9e-05,0.000131,0.086348,1170
FMASC,stemness,ALDH3B1,0.024389,0.014968,0.000148,0.000131,-0.027491,1171
FMASC,stemness,APBB1IP,0.010493,0.009686,9.6e-05,0.000131,0.027011,1172
FMASC,stemness,MNS1,0.015158,0.008422,8.3e-05,0.000129,0.076281,1173
FMASC,stemness,FAM19A5,0.007488,0.005338,5.3e-05,0.000129,0.036963,1174
FMASC,stemness,CHN1,0.021267,0.013535,0.000134,0.000129,0.034746,1175
FMASC,stemness,TBC1D19,0.023509,0.014347,0.000142,0.000128,0.038563,1176
FMASC,stemness,IFT140,0.028456,0.01788,0.000177,0.000127,0.037476,1177
FMASC,stemness,SLC35F2,0.026597,0.016422,0.000163,0.000126,0.012438,1178
FMASC,stemness,LOXL1,0.02922,0.0175,0.000173,0.000126,0.016344,1179
FMASC,stemness,HOXC6,0.019059,0.009899,9.8e-05,0.000126,0.048114,1180
FMASC,stemness,PELI2,0.016237,0.010478,0.000104,0.000125,0.086422,1181
FMASC,stemness,BCL2L14,0.024438,0.016336,0.000162,0.000124,-0.052275,1182
FMASC,stemness,DLX1,0.00943,0.004163,4.1e-05,0.000124,0.087205,1183
FMASC,stemness,FGF7,0.018611,0.018958,0.000188,0.000124,0.093194,1184
FMASC,stemness,PID1,0.022463,0.014399,0.000143,0.000123,0.028446,1185
FMASC,stemness,FOXI1,0.026182,0.019077,0.000189,0.000123,-0.007061,1186
FMASC,stemness,SLC24A3,0.017731,0.009206,9.1e-05,0.000121,0.036252,1187
FMASC,stemness,FAM78B,0.018578,0.011087,0.00011,0.000121,-0.059274,1188
FMASC,stemness,L1CAM,0.018262,0.011846,0.000117,0.00012,-0.049,1189
FMASC,stemness,EML1,0.016469,0.009284,9.2e-05,0.00012,0.03217,1190
FMASC,stemness,GNAZ,0.014892,0.007319,7.3e-05,0.00012,0.06243,1191
FMASC,stemness,RGS1,0.023359,0.02642,0.000262,0.00012,0.052424,1192
FMASC,stemness,CNTN1,0.010791,0.006161,6.1e-05,0.000119,0.101003,1193
FMASC,stemness,CEP72,0.016021,0.009103,9e-05,0.000118,0.058537,1194
FMASC,stemness,STXBP4,0.021433,0.014201,0.000141,0.000116,0.054338,1195
FMASC,stemness,PRIMA1,0.010127,0.00482,4.8e-05,0.000116,0.087033,1196
FMASC,stemness,BRIP1,0.011173,0.006932,6.9e-05,0.000116,0.084924,1197
FMASC,stemness,PRSS12,0.013182,0.00802,7.9e-05,0.000116,0.006655,1198
FMASC,stemness,YPEL1,0.01793,0.011009,0.000109,0.000115,0.071395,1199
FMASC,stemness,PANK1,0.016951,0.008629,8.5e-05,0.000115,0.055884,1200
FMASC,stemness,ASTN2,0.019474,0.01052,0.000104,0.000114,0.026017,1201
FMASC,stemness,TET1,0.015606,0.009805,9.7e-05,0.000114,0.083546,1202
FMASC,stemness,TSPAN2,0.023011,0.017918,0.000178,0.000113,0.057723,1203
FMASC,stemness,FAM49A,0.023924,0.015764,0.000156,0.000111,0.025566,1204
FMASC,stemness,CENPI,0.01192,0.007019,7e-05,0.000111,0.088825,1205
FMASC,stemness,FUT10,0.022098,0.013054,0.000129,0.00011,0.049682,1206
FMASC,stemness,ISPD,0.014079,0.007973,7.9e-05,0.00011,0.031705,1207
FMASC,stemness,BBS10,0.022629,0.014301,0.000142,0.00011,0.03901,1208
FMASC,stemness,FAM181B,0.009812,0.004253,4.2e-05,0.000109,0.071732,1209
FMASC,stemness,TMEM144,0.032507,0.021953,0.000217,0.000108,0.02581,1210
FMASC,stemness,SLC12A6,0.017034,0.009982,9.9e-05,0.000108,0.0412,1211
FMASC,stemness,ADCY2,0.012551,0.006239,6.2e-05,0.000107,0.069788,1212
FMASC,stemness,SFRP2,0.083957,0.128757,0.001276,0.000106,0.12514,1213
FMASC,stemness,RARB,0.016851,0.01133,0.000112,0.000106,0.047646,1214
FMASC,stemness,ALDH3B2,0.107018,0.097984,0.000971,0.000106,-0.059934,1215
FMASC,stemness,ZBTB26,0.01793,0.010006,9.9e-05,0.000106,0.033294,1216
FMASC,stemness,ERCC6L,0.010758,0.006622,6.6e-05,0.000105,0.093395,1217
FMASC,stemness,DCLK2,0.013664,0.007631,7.6e-05,0.000105,0.067513,1218
FMASC,stemness,STAMBPL1,0.016237,0.009036,9e-05,0.000104,0.028064,1219
FMASC,stemness,MSH5,0.010094,0.00542,5.4e-05,0.000104,0.063558,1220
FMASC,stemness,COL11A1,0.019906,0.023596,0.000234,0.000104,0.121578,1221
FMASC,stemness,GIN1,0.018744,0.010703,0.000106,0.000104,0.026443,1222
FMASC,stemness,PCDH9,0.011356,0.007243,7.2e-05,0.000104,0.060254,1223
FMASC,stemness,CPEB3,0.020321,0.012261,0.000121,0.000103,0.046562,1224
FMASC,stemness,TBX18,0.010177,0.00583,5.8e-05,0.000103,0.077542,1225
FMASC,stemness,CNNM3,0.017266,0.009353,9.3e-05,0.000103,0.046763,1226
FMASC,stemness,RCOR2,0.013398,0.007559,7.5e-05,0.000102,0.032205,1227
FMASC,stemness,REEP1,0.015639,0.008167,8.1e-05,0.000102,0.043661,1228
FMASC,stemness,TTPA,0.010758,0.005208,5.2e-05,0.000102,0.087925,1229
FMASC,stemness,PARD3B,0.014975,0.009102,9e-05,0.000101,0.044738,1230
FMASC,stemness,ARHGAP19,0.014876,0.008478,8.4e-05,0.000101,0.038114,1231
FMASC,stemness,SLC15A2,0.016635,0.010792,0.000107,1e-04,0.033327,1232
FMASC,stemness,LYPD6,0.020188,0.013885,0.000138,1e-04,0.042762,1233
FMASC,stemness,WDR19,0.018794,0.011803,0.000117,1e-04,0.039804,1234
FMASC,stemness,BMF,0.018362,0.010533,0.000104,1e-04,0.021665,1235
FMASC,stemness,KBTBD3,0.037206,0.023833,0.000236,9.8e-05,0.01984,1236
FMASC,stemness,ZCWPW1,0.029784,0.018601,0.000184,9.8e-05,0.019738,1237
FMASC,stemness,RNF165,0.012784,0.007631,7.6e-05,9.8e-05,0.039999,1238
FMASC,stemness,PCSK5,0.014145,0.009263,9.2e-05,9.7e-05,0.024819,1239
FMASC,stemness,APCDD1,0.015755,0.010776,0.000107,9.7e-05,0.043532,1240
FMASC,stemness,ZFP30,0.019856,0.014147,0.00014,9.7e-05,0.066679,1241
FMASC,stemness,MORN4,0.035014,0.022122,0.000219,9.6e-05,-0.021674,1242
FMASC,stemness,CSPG4,0.012651,0.008525,8.4e-05,9.6e-05,0.060535,1243
FMASC,stemness,GRIP1,0.013929,0.007842,7.8e-05,9.5e-05,0.042576,1244
FMASC,stemness,SHOX2,0.012867,0.008479,8.4e-05,9.5e-05,0.025639,1245
FMASC,stemness,BICC1,0.015075,0.009833,9.7e-05,9.4e-05,0.065403,1246
FMASC,stemness,TTC12,0.024986,0.014582,0.000144,9.4e-05,0.020617,1247
FMASC,stemness,ZRANB3,0.014577,0.008622,8.5e-05,9.3e-05,0.04015,1248
FMASC,stemness,CAND2,0.010908,0.005197,5.1e-05,9.3e-05,0.069665,1249
FMASC,stemness,EME1,0.010028,0.005905,5.8e-05,9.2e-05,0.079406,1250
FMASC,stemness,C1QTNF2,0.010708,0.005862,5.8e-05,9.2e-05,0.075852,1251
FMASC,stemness,COL2A1,0.024106,0.036375,0.00036,9.2e-05,0.131928,1252
FMASC,stemness,ITGA4,0.009961,0.008021,7.9e-05,9.1e-05,0.032839,1253
FMASC,stemness,RNF180,0.016718,0.010663,0.000106,8.9e-05,0.039089,1254
FMASC,stemness,SLITRK6,0.017333,0.012526,0.000124,8.9e-05,0.066598,1255
FMASC,stemness,DNMBP,0.019541,0.011932,0.000118,8.8e-05,0.037841,1256
FMASC,stemness,CMTM5,0.009214,0.005977,5.9e-05,8.8e-05,0.067424,1257
FMASC,stemness,TOX,0.010343,0.006302,6.2e-05,8.8e-05,0.079995,1258
FMASC,stemness,CADM2,0.010011,0.006693,6.6e-05,8.7e-05,0.040629,1259
FMASC,stemness,SLC35F1,0.006043,0.002335,2.3e-05,8.6e-05,0.091906,1260
FMASC,stemness,GHR,0.014062,0.008546,8.5e-05,8.6e-05,0.038516,1261
FMASC,stemness,SRPX2,0.022712,0.016294,0.000161,8.6e-05,-0.005282,1262
FMASC,stemness,MMACHC,0.017831,0.010931,0.000108,8.6e-05,0.030891,1263
FMASC,stemness,NAV3,0.010625,0.00696,6.9e-05,8.5e-05,0.062222,1264
FMASC,stemness,AASS,0.01197,0.007621,7.6e-05,8.5e-05,0.063955,1265
FMASC,stemness,ELMO1,0.013747,0.009711,9.6e-05,8.5e-05,0.059381,1266
FMASC,stemness,ASPA,0.007537,0.003647,3.6e-05,8.3e-05,0.064138,1267
FMASC,stemness,COL9A1,0.008052,0.006631,6.6e-05,8.2e-05,0.090256,1268
FMASC,stemness,LIN7A,0.019192,0.013385,0.000133,8.2e-05,0.063659,1269
FMASC,stemness,DOCK10,0.011954,0.008096,8e-05,8.2e-05,0.069274,1270
FMASC,stemness,NGFR,0.011356,0.008649,8.6e-05,8.2e-05,0.051342,1271
FMASC,stemness,SAMSN1,0.009032,0.008824,8.7e-05,8.1e-05,0.036393,1272
FMASC,stemness,AGBL3,0.01715,0.01027,0.000102,8.1e-05,0.034865,1273
FMASC,stemness,GPC3,0.021782,0.018045,0.000179,7.9e-05,0.080015,1274
FMASC,stemness,CTNND2,0.016403,0.009749,9.7e-05,7.9e-05,0.020985,1275
FMASC,stemness,SEMA5A,0.012037,0.009655,9.6e-05,7.9e-05,0.048286,1276
FMASC,stemness,SEMA6D,0.008168,0.005334,5.3e-05,7.8e-05,0.05248,1277
FMASC,stemness,SLC16A4,0.038052,0.026992,0.000267,7.8e-05,-0.031741,1278
FMASC,stemness,PRDM16,0.00679,0.002698,2.7e-05,7.8e-05,0.074421,1279
FMASC,stemness,ZDHHC15,0.013664,0.008197,8.1e-05,7.7e-05,0.036349,1280
FMASC,stemness,SCAMP5,0.021965,0.013189,0.000131,7.7e-05,0.022724,1281
FMASC,stemness,RFTN2,0.007587,0.003883,3.8e-05,7.7e-05,0.084577,1282
FMASC,stemness,SLC27A6,0.010592,0.008071,8e-05,7.7e-05,0.053461,1283
FMASC,stemness,FAM72A,0.007919,0.003896,3.9e-05,7.6e-05,0.050814,1284
FMASC,stemness,TFPI2,0.026397,0.023917,0.000237,7.6e-05,0.008038,1285
FMASC,stemness,GPRASP2,0.013365,0.008133,8.1e-05,7.6e-05,0.041145,1286
FMASC,stemness,CATSPER2,0.010825,0.006187,6.1e-05,7.6e-05,0.041543,1287
FMASC,stemness,CSN1S1,0.003569,0.005957,5.9e-05,7.6e-05,0.025137,1288
FMASC,stemness,CHST10,0.013597,0.007144,7.1e-05,7.5e-05,0.049481,1289
FMASC,stemness,MYCN,0.007803,0.00407,4e-05,7.5e-05,0.053502,1290
FMASC,stemness,CYTIP,0.013398,0.012369,0.000123,7.4e-05,0.040148,1291
FMASC,stemness,SLITRK5,0.008052,0.004148,4.1e-05,7.4e-05,0.037978,1292
FMASC,stemness,ATP13A4,0.015357,0.009906,9.8e-05,7.3e-05,0.016073,1293
FMASC,stemness,FREM1,0.004765,0.002635,2.6e-05,7.3e-05,0.072637,1294
FMASC,stemness,AFAP1L2,0.013033,0.008307,8.2e-05,7.3e-05,0.060796,1295
FMASC,stemness,SRPK3,0.015108,0.009176,9.1e-05,7.3e-05,0.031447,1296
FMASC,stemness,SAMD5,0.009247,0.005513,5.5e-05,7.3e-05,0.053574,1297
FMASC,stemness,ZFP69,0.008633,0.004218,4.2e-05,7.2e-05,0.041503,1298
FMASC,stemness,FGF18,0.009679,0.005016,5e-05,7.2e-05,0.033742,1299
FMASC,stemness,ITGA7,0.007288,0.003438,3.4e-05,7.2e-05,0.07197,1300
FMASC,stemness,USP51,0.009596,0.004767,4.7e-05,7.1e-05,0.032856,1301
FMASC,stemness,ANGPT1,0.016287,0.012727,0.000126,7.1e-05,0.031144,1302
FMASC,stemness,RGS11,0.013,0.00706,7e-05,7.1e-05,0.033318,1303
FMASC,stemness,CHRD,0.012086,0.007332,7.3e-05,7e-05,0.043351,1304
FMASC,stemness,IGSF11,0.004732,0.001988,2e-05,6.9e-05,0.073286,1305
FMASC,stemness,IKZF1,0.009496,0.00756,7.5e-05,6.9e-05,0.027257,1306
FMASC,stemness,DNAJC6,0.01197,0.006286,6.2e-05,6.9e-05,0.000886,1307
FMASC,stemness,HEPH,0.011622,0.007755,7.7e-05,6.9e-05,0.052145,1308
FMASC,stemness,RPS6KA6,0.011289,0.00696,6.9e-05,6.9e-05,0.040865,1309
FMASC,stemness,FREM2,0.006956,0.00453,4.5e-05,6.9e-05,0.062271,1310
FMASC,stemness,RABL2A,0.014942,0.00855,8.5e-05,6.8e-05,0.025978,1311
FMASC,stemness,PRX,0.010659,0.007012,6.9e-05,6.8e-05,0.047531,1312
FMASC,stemness,ZDBF2,0.012867,0.007924,7.9e-05,6.8e-05,0.034228,1313
FMASC,stemness,FMNL3,0.010094,0.006058,6e-05,6.8e-05,0.050354,1314
FMASC,stemness,ALKBH8,0.012883,0.00722,7.2e-05,6.7e-05,0.018739,1315
FMASC,stemness,EGFLAM,0.030083,0.021651,0.000215,6.7e-05,0.020072,1316
FMASC,stemness,TRAM1L1,0.015523,0.009463,9.4e-05,6.6e-05,0.013138,1317
FMASC,stemness,GRIA2,0.006558,0.003783,3.7e-05,6.5e-05,0.066395,1318
FMASC,stemness,OLFML2B,0.017532,0.015923,0.000158,6.5e-05,0.069506,1319
FMASC,stemness,SGCD,0.00606,0.003705,3.7e-05,6.4e-05,0.052342,1320
FMASC,stemness,GALM,0.030913,0.021943,0.000217,6.4e-05,-0.004791,1321
FMASC,stemness,EMILIN2,0.013564,0.008585,8.5e-05,6.4e-05,0.033663,1322
FMASC,stemness,DENND2A,0.014959,0.009733,9.6e-05,6.4e-05,0.034855,1323
FMASC,stemness,GRHL3,0.014128,0.008692,8.6e-05,6.3e-05,0.032085,1324
FMASC,stemness,ZKSCAN3,0.01466,0.008973,8.9e-05,6.2e-05,0.041479,1325
FMASC,stemness,SELL,0.00767,0.006445,6.4e-05,6.2e-05,0.026128,1326
FMASC,stemness,TMPRSS5,0.007322,0.004025,4e-05,6.2e-05,0.049884,1327
FMASC,stemness,PTGER3,0.024189,0.018229,0.000181,6.2e-05,0.048697,1328
FMASC,stemness,BHLHB9,0.013415,0.008188,8.1e-05,6.2e-05,0.03579,1329
FMASC,stemness,LRRC49,0.015141,0.008908,8.8e-05,6.2e-05,0.031538,1330
FMASC,stemness,GLDC,0.00679,0.003343,3.3e-05,6.1e-05,0.047038,1331
FMASC,stemness,RAB36,0.011173,0.006914,6.9e-05,6.1e-05,0.045641,1332
FMASC,stemness,STXBP6,0.017897,0.01065,0.000106,6.1e-05,-0.050676,1333
FMASC,stemness,NCAN,0.003735,0.003392,3.4e-05,6.1e-05,0.043204,1334
FMASC,stemness,SCN9A,0.005363,0.004299,4.3e-05,6e-05,0.018511,1335
FMASC,stemness,EPDR1,0.013249,0.008541,8.5e-05,5.9e-05,0.030536,1336
FMASC,stemness,CNRIP1,0.01026,0.00847,8.4e-05,5.9e-05,0.077447,1337
FMASC,stemness,VWC2,0.006043,0.003045,3e-05,5.9e-05,0.04822,1338
FMASC,stemness,MPV17L,0.020221,0.014949,0.000148,5.8e-05,0.029886,1339
FMASC,stemness,TBCEL,0.011439,0.006577,6.5e-05,5.8e-05,0.033034,1340
FMASC,stemness,NPL,0.022928,0.016144,0.00016,5.8e-05,0.010539,1341
FMASC,stemness,ZIK1,0.01031,0.005956,5.9e-05,5.6e-05,0.042282,1342
FMASC,stemness,NTRK3,0.007952,0.005162,5.1e-05,5.6e-05,0.042726,1343
FMASC,stemness,EGF,0.00933,0.005535,5.5e-05,5.6e-05,0.032408,1344
FMASC,stemness,KCNE4,0.011871,0.009397,9.3e-05,5.6e-05,0.033932,1345
FMASC,stemness,HLF,0.01031,0.00692,6.9e-05,5.5e-05,0.048244,1346
FMASC,stemness,TRIM68,0.014793,0.008918,8.8e-05,5.5e-05,0.01152,1347
FMASC,stemness,SEC16B,0.008716,0.005105,5.1e-05,5.5e-05,0.003893,1348
FMASC,stemness,MBNL3,0.013116,0.008759,8.7e-05,5.4e-05,0.034338,1349
FMASC,stemness,PFN4,0.009397,0.004661,4.6e-05,5.4e-05,0.021463,1350
FMASC,stemness,PCDH11X,0.004234,0.002764,2.7e-05,5.4e-05,0.059278,1351
FMASC,stemness,CBS,0.008982,0.004818,4.8e-05,5.3e-05,0.038644,1352
FMASC,stemness,HMGCS2,0.020089,0.019259,0.000191,5.3e-05,0.024933,1353
FMASC,stemness,ADAMTS10,0.007338,0.005018,5e-05,5.2e-05,0.036737,1354
FMASC,stemness,TSPAN18,0.006956,0.003476,3.4e-05,5.2e-05,0.035822,1355
FMASC,stemness,SELPLG,0.007272,0.005088,5e-05,5.2e-05,0.017652,1356
FMASC,stemness,CDKL3,0.013879,0.008213,8.1e-05,5.2e-05,0.02748,1357
FMASC,stemness,HIF3A,0.006973,0.005858,5.8e-05,5.1e-05,0.057561,1358
FMASC,stemness,LGR5,0.006425,0.006088,6e-05,5.1e-05,0.047601,1359
FMASC,stemness,GABRA2,0.002656,0.001825,1.8e-05,5e-05,0.057109,1360
FMASC,stemness,FHL1,0.012917,0.01044,0.000103,5e-05,0.061631,1361
FMASC,stemness,IGSF10,0.007537,0.004898,4.9e-05,5e-05,0.043157,1362
FMASC,stemness,FBN1,0.017001,0.014872,0.000147,5e-05,0.064479,1363
FMASC,stemness,ADAMTS18,0.004947,0.00332,3.3e-05,4.9e-05,0.03399,1364
FMASC,stemness,TRPM3,0.003885,0.00149,1.5e-05,4.9e-05,0.059233,1365
FMASC,stemness,DPYSL5,0.003902,0.00171,1.7e-05,4.9e-05,0.067686,1366
FMASC,stemness,CALML4,0.012319,0.007196,7.1e-05,4.9e-05,-0.001587,1367
FMASC,stemness,RGS20,0.013199,0.007757,7.7e-05,4.9e-05,-0.039449,1368
FMASC,stemness,LRRIQ1,0.010642,0.007188,7.1e-05,4.9e-05,0.021281,1369
FMASC,stemness,GRAMD1B,0.005695,0.003767,3.7e-05,4.9e-05,0.04218,1370
FMASC,stemness,CRTAC1,0.005794,0.003133,3.1e-05,4.8e-05,0.031331,1371
FMASC,stemness,EMILIN1,0.009364,0.007378,7.3e-05,4.8e-05,0.042308,1372
FMASC,stemness,CDH2,0.009297,0.006668,6.6e-05,4.7e-05,0.044619,1373
FMASC,stemness,HFE,0.011389,0.007288,7.2e-05,4.7e-05,0.022361,1374
FMASC,stemness,GJC3,0.012817,0.008042,8e-05,4.7e-05,0.022784,1375
FMASC,stemness,MAL,0.005578,0.003162,3.1e-05,4.6e-05,0.050954,1376
FMASC,stemness,ACAD11,0.009214,0.005837,5.8e-05,4.6e-05,0.027237,1377
FMASC,stemness,OLFM4,0.010094,0.010564,0.000105,4.6e-05,0.022699,1378
FMASC,stemness,NCAM2,0.012933,0.009362,9.3e-05,4.5e-05,0.027496,1379
FMASC,stemness,FRMD5,0.004068,0.001883,1.9e-05,4.5e-05,0.031901,1380
FMASC,stemness,MAMDC2,0.008799,0.006342,6.3e-05,4.5e-05,0.040491,1381
FMASC,stemness,DNAJC12,0.062358,0.053029,0.000525,4.5e-05,0.002044,1382
FMASC,stemness,LRRC17,0.003902,0.002273,2.3e-05,4.4e-05,0.055135,1383
FMASC,stemness,EVC,0.006774,0.003557,3.5e-05,4.4e-05,0.049863,1384
FMASC,stemness,NKD2,0.006475,0.003469,3.4e-05,4.3e-05,0.032291,1385
FMASC,stemness,JAM3,0.006259,0.004636,4.6e-05,4.3e-05,0.042643,1386
FMASC,stemness,PPP1R3C,0.015125,0.011298,0.000112,4.3e-05,0.040345,1387
FMASC,stemness,FBXL7,0.008683,0.004673,4.6e-05,4.3e-05,0.006714,1388
FMASC,stemness,CTTNBP2,0.008019,0.004781,4.7e-05,4.2e-05,0.021437,1389
FMASC,stemness,MGAT3,0.004914,0.00223,2.2e-05,4.1e-05,0.037731,1390
FMASC,stemness,PKIA,0.009762,0.006567,6.5e-05,4.1e-05,0.031194,1391
FMASC,stemness,GALNT12,0.004864,0.002172,2.2e-05,4.1e-05,0.030177,1392
FMASC,stemness,VAV1,0.011289,0.006992,6.9e-05,4e-05,-0.009013,1393
FMASC,stemness,STARD9,0.005396,0.004073,4e-05,4e-05,0.04828,1394
FMASC,stemness,TMEM100,0.006342,0.005766,5.7e-05,4e-05,0.052367,1395
FMASC,stemness,ZCCHC18,0.007006,0.004307,4.3e-05,4e-05,0.046035,1396
FMASC,stemness,PAX3,0.003437,0.002098,2.1e-05,3.9e-05,0.018193,1397
FMASC,stemness,CLDN9,0.00611,0.004096,4.1e-05,3.9e-05,0.019167,1398
FMASC,stemness,KCNH8,0.004732,0.002983,3e-05,3.9e-05,0.024046,1399
FMASC,stemness,COL5A2,0.021716,0.023912,0.000237,3.9e-05,0.088692,1400
FMASC,stemness,MEG3,0.009231,0.009941,9.8e-05,3.9e-05,0.05808,1401
FMASC,stemness,TENM4,0.00264,0.001935,1.9e-05,3.9e-05,0.009616,1402
FMASC,stemness,DLK1,0.003553,0.003801,3.8e-05,3.9e-05,0.023402,1403
FMASC,stemness,PTGS1,0.01031,0.006735,6.7e-05,3.9e-05,0.010062,1404
FMASC,stemness,COL19A1,0.003354,0.002459,2.4e-05,3.9e-05,0.046778,1405
FMASC,stemness,GPR65,0.008384,0.007925,7.9e-05,3.9e-05,0.027181,1406
FMASC,stemness,NECAB1,0.005313,0.002776,2.8e-05,3.8e-05,0.05184,1407
FMASC,stemness,ITIH5,0.011323,0.009232,9.1e-05,3.8e-05,0.032638,1408
FMASC,stemness,ATP6V1B1,0.014427,0.0115,0.000114,3.7e-05,0.009755,1409
FMASC,stemness,PCDH8,0.005728,0.00355,3.5e-05,3.7e-05,0.031523,1410
FMASC,stemness,POU3F2,0.002291,0.000787,8e-06,3.7e-05,0.068792,1411
FMASC,stemness,SLC4A4,0.004997,0.002838,2.8e-05,3.7e-05,0.02682,1412
FMASC,stemness,TLR3,0.012435,0.008266,8.2e-05,3.7e-05,0.002172,1413
FMASC,stemness,FUT9,0.006342,0.004316,4.3e-05,3.6e-05,0.027628,1414
FMASC,stemness,DPP4,0.008633,0.006154,6.1e-05,3.6e-05,0.014993,1415
FMASC,stemness,LAMA2,0.006724,0.005157,5.1e-05,3.6e-05,0.047602,1416
FMASC,stemness,GPRASP1,0.005711,0.003697,3.7e-05,3.5e-05,0.040855,1417
FMASC,stemness,ERMN,0.003154,0.001457,1.4e-05,3.5e-05,0.053365,1418
FMASC,stemness,PABPC4L,0.004831,0.002982,3e-05,3.4e-05,0.039978,1419
FMASC,stemness,PRKCB,0.004051,0.003066,3e-05,3.4e-05,0.027167,1420
FMASC,stemness,HMGCLL1,0.013415,0.008914,8.8e-05,3.4e-05,0.00068,1421
FMASC,stemness,CYGB,0.008102,0.006408,6.3e-05,3.4e-05,0.030665,1422
FMASC,stemness,BCAS1,0.00865,0.005375,5.3e-05,3.3e-05,0.016999,1423
FMASC,stemness,NPY5R,0.004649,0.002859,2.8e-05,3.3e-05,0.044968,1424
FMASC,stemness,TRAT1,0.003121,0.002533,2.5e-05,3.3e-05,0.019107,1425
FMASC,stemness,LRRC4,0.004151,0.001828,1.8e-05,3.2e-05,0.026213,1426
FMASC,stemness,GRIK2,0.003536,0.001847,1.8e-05,3.2e-05,0.000612,1427
FMASC,stemness,MED12L,0.005296,0.003381,3.3e-05,3.2e-05,0.028021,1428
FMASC,stemness,SCUBE1,0.003486,0.001546,1.5e-05,3.2e-05,0.03677,1429
FMASC,stemness,SEMA5B,0.005213,0.002707,2.7e-05,3.1e-05,0.001877,1430
FMASC,stemness,BCHE,0.00606,0.005371,5.3e-05,3.1e-05,0.051609,1431
FMASC,stemness,ALDH1A2,0.005329,0.003601,3.6e-05,3e-05,0.019758,1432
FMASC,stemness,ADAMTS15,0.006674,0.004054,4e-05,3e-05,0.025144,1433
FMASC,stemness,ADAM23,0.002324,0.000934,9e-06,3e-05,0.047275,1434
FMASC,stemness,RXRG,0.003204,0.001543,1.5e-05,3e-05,0.018055,1435
FMASC,stemness,COL15A1,0.01451,0.015621,0.000155,2.9e-05,0.074827,1436
FMASC,stemness,SHPK,0.003702,0.002179,2.2e-05,2.9e-05,0.032538,1437
FMASC,stemness,GALNT5,0.0042,0.002669,2.6e-05,2.9e-05,0.051997,1438
FMASC,stemness,FAM149A,0.003237,0.001821,1.8e-05,2.8e-05,0.033966,1439
FMASC,stemness,PREX2,0.005495,0.005082,5e-05,2.8e-05,0.044475,1440
FMASC,stemness,LRRC56,0.008617,0.005384,5.3e-05,2.8e-05,0.016267,1441
FMASC,stemness,SARDH,0.006657,0.003617,3.6e-05,2.8e-05,0.027161,1442
FMASC,stemness,JAKMIP2,0.002623,0.001705,1.7e-05,2.8e-05,0.033742,1443
FMASC,stemness,MDGA2,0.004914,0.002723,2.7e-05,2.7e-05,0.016493,1444
FMASC,stemness,KCND2,0.003154,0.001482,1.5e-05,2.7e-05,0.050382,1445
FMASC,stemness,MGAT4C,0.00352,0.001985,2e-05,2.7e-05,8.6e-05,1446
FMASC,stemness,B3GAT2,0.003702,0.001971,2e-05,2.7e-05,0.029233,1447
FMASC,stemness,IFFO1,0.005263,0.003852,3.8e-05,2.7e-05,0.031256,1448
FMASC,stemness,SOX21,0.002208,0.000973,1e-05,2.7e-05,0.049122,1449
FMASC,stemness,PAMR1,0.00611,0.005,5e-05,2.7e-05,0.028057,1450
FMASC,stemness,PCDH10,0.003088,0.002116,2.1e-05,2.6e-05,0.032565,1451
FMASC,stemness,GNA14,0.007371,0.004137,4.1e-05,2.6e-05,-0.013199,1452
FMASC,stemness,WFDC1,0.004433,0.003123,3.1e-05,2.6e-05,0.049831,1453
FMASC,stemness,OLFM3,0.002158,0.001225,1.2e-05,2.6e-05,0.052724,1454
FMASC,stemness,ANO3,0.002706,0.001371,1.4e-05,2.6e-05,0.018638,1455
FMASC,stemness,ANKLE1,0.002922,0.001537,1.5e-05,2.6e-05,0.036307,1456
FMASC,stemness,DENND1C,0.004084,0.002508,2.5e-05,2.5e-05,0.02205,1457
FMASC,stemness,SNX32,0.004167,0.002473,2.5e-05,2.5e-05,0.023943,1458
FMASC,stemness,EFCAB1,0.004101,0.002675,2.7e-05,2.4e-05,0.029794,1459
FMASC,stemness,DMRT2,0.003254,0.001882,1.9e-05,2.4e-05,0.031921,1460
FMASC,stemness,RUNX1T1,0.005927,0.005104,5.1e-05,2.4e-05,0.044856,1461
FMASC,stemness,EML5,0.005147,0.003441,3.4e-05,2.4e-05,0.025,1462
FMASC,stemness,NXPH1,0.002557,0.001638,1.6e-05,2.4e-05,0.024366,1463
FMASC,stemness,MMP19,0.003902,0.004239,4.2e-05,2.4e-05,0.033815,1464
FMASC,stemness,FGD5,0.006093,0.003877,3.8e-05,2.3e-05,-0.008045,1465
FMASC,stemness,SEMA3D,0.006193,0.005048,5e-05,2.3e-05,0.018645,1466
FMASC,stemness,ACVR1C,0.003038,0.001611,1.6e-05,2.2e-05,0.023406,1467
FMASC,stemness,TNFRSF13C,0.00337,0.001806,1.8e-05,2.2e-05,0.029102,1468
FMASC,stemness,GRIA4,0.005014,0.004013,4e-05,2.2e-05,0.037057,1469
FMASC,stemness,ADAMTS12,0.007272,0.006407,6.3e-05,2.2e-05,0.031169,1470
FMASC,stemness,PRKCQ,0.003121,0.001813,1.8e-05,2.2e-05,0.022901,1471
FMASC,stemness,LDB2,0.007554,0.007762,7.7e-05,2.2e-05,0.04777,1472
FMASC,stemness,MAP4K1,0.009264,0.007481,7.4e-05,2.2e-05,0.036396,1473
FMASC,stemness,GAL3ST1,0.002939,0.001363,1.4e-05,2.1e-05,0.027621,1474
FMASC,stemness,P4HA3,0.003719,0.002454,2.4e-05,2.1e-05,0.04478,1475
FMASC,stemness,BMPER,0.001776,0.001095,1.1e-05,2.1e-05,0.048818,1476
FMASC,stemness,NDST3,0.002441,0.001269,1.3e-05,2e-05,0.021346,1477
FMASC,stemness,TENM3,0.002756,0.002022,2e-05,2e-05,0.011998,1478
FMASC,stemness,ENOX1,0.005778,0.003683,3.6e-05,2e-05,0.016412,1479
FMASC,stemness,IGF2BP1,0.003486,0.003992,4e-05,1.9e-05,0.056591,1480
FMASC,stemness,LGI4,0.006193,0.004987,4.9e-05,1.9e-05,0.027972,1481
FMASC,stemness,ATP6V1G2,0.004516,0.002526,2.5e-05,1.9e-05,0.015837,1482
FMASC,stemness,KCNMB4,0.004947,0.002644,2.6e-05,1.9e-05,0.007853,1483
FMASC,stemness,ANK2,0.004947,0.003778,3.7e-05,1.9e-05,0.021576,1484
FMASC,stemness,PCDH19,0.00264,0.001322,1.3e-05,1.8e-05,0.027091,1485
FMASC,stemness,MYO7A,0.00425,0.003166,3.1e-05,1.8e-05,0.007696,1486
FMASC,stemness,PLAC1,0.005313,0.003437,3.4e-05,1.8e-05,-0.024904,1487
FMASC,stemness,ISL1,0.001893,0.000931,9e-06,1.7e-05,0.022412,1488
FMASC,stemness,MPZ,0.007355,0.006773,6.7e-05,1.7e-05,0.028299,1489
FMASC,stemness,GLI2,0.002075,0.00129,1.3e-05,1.7e-05,0.02981,1490
FMASC,stemness,NOVA1,0.014494,0.012991,0.000129,1.7e-05,0.032637,1491
FMASC,stemness,GABRB3,0.00601,0.003347,3.3e-05,1.7e-05,-0.011591,1492
FMASC,stemness,NEGR1,0.003437,0.002661,2.6e-05,1.7e-05,0.028479,1493
FMASC,stemness,LINGO3,0.001428,0.000576,6e-06,1.7e-05,0.027345,1494
FMASC,stemness,TEX15,0.001776,0.000744,7e-06,1.6e-05,0.038252,1495
FMASC,stemness,CPZ,0.005678,0.004006,4e-05,1.6e-05,0.001739,1496
FMASC,stemness,CHN2,0.002108,0.001455,1.4e-05,1.6e-05,0.021717,1497
FMASC,stemness,SORCS1,0.002092,0.000758,8e-06,1.6e-05,0.013228,1498
FMASC,stemness,TBXA2R,0.002341,0.001364,1.4e-05,1.6e-05,0.029599,1499
FMASC,stemness,RAD51,0.001511,0.000736,7e-06,1.6e-05,0.033611,1500
FMASC,stemness,RGS17,0.002656,0.001829,1.8e-05,1.6e-05,0.015506,1501
FMASC,stemness,PDZRN4,0.003752,0.002052,2e-05,1.5e-05,-0.020387,1502
FMASC,stemness,PABPC5,0.003055,0.002047,2e-05,1.5e-05,0.033238,1503
FMASC,stemness,NID2,0.003254,0.002812,2.8e-05,1.5e-05,0.049164,1504
FMASC,stemness,CCDC69,0.00938,0.007169,7.1e-05,1.4e-05,0.023891,1505
FMASC,stemness,TSPAN11,0.005313,0.003512,3.5e-05,1.4e-05,0.021689,1506
FMASC,stemness,PCDHA1,0.001378,0.000582,6e-06,1.4e-05,0.030655,1507
FMASC,stemness,LRRN3,0.004416,0.004,4e-05,1.4e-05,0.023001,1508
FMASC,stemness,LRCH2,0.002142,0.001538,1.5e-05,1.4e-05,0.022474,1509
FMASC,stemness,BHLHE22,0.002142,0.00116,1.1e-05,1.4e-05,0.018349,1510
FMASC,stemness,LRRTM2,0.002656,0.001618,1.6e-05,1.4e-05,0.024758,1511
FMASC,stemness,TNFSF8,0.001461,0.001148,1.1e-05,1.3e-05,0.024337,1512
FMASC,stemness,AMPH,0.008534,0.005582,5.5e-05,1.3e-05,-0.017777,1513
FMASC,stemness,NLGN1,0.001909,0.001142,1.1e-05,1.3e-05,0.025234,1514
FMASC,stemness,GPR171,0.001677,0.001234,1.2e-05,1.3e-05,0.011319,1515
FMASC,stemness,WISP1,0.002358,0.001811,1.8e-05,1.3e-05,0.022866,1516
FMASC,stemness,CDH8,0.002889,0.001774,1.8e-05,1.3e-05,0.005736,1517
FMASC,stemness,ATP1A2,0.000946,0.000712,7e-06,1.2e-05,0.010564,1518
FMASC,stemness,PLEK,0.010941,0.011734,0.000116,1.2e-05,0.026283,1519
FMASC,stemness,MTUS2,0.004964,0.003692,3.7e-05,1.2e-05,0.013927,1520
FMASC,stemness,HCK,0.006458,0.005095,5e-05,1.2e-05,0.014544,1521
FMASC,stemness,EBF1,0.003835,0.003783,3.7e-05,1.1e-05,0.040026,1522
FMASC,stemness,GFRA2,0.001644,0.00074,7e-06,1.1e-05,0.009888,1523
FMASC,stemness,ZFPM2,0.001444,0.000823,8e-06,1.1e-05,0.010222,1524
FMASC,stemness,TYRP1,0.002324,0.001156,1.1e-05,1.1e-05,0.000173,1525
FMASC,stemness,EGFL8,0.003735,0.002726,2.7e-05,1.1e-05,0.030374,1526
FMASC,stemness,CORT,0.001395,0.000776,8e-06,1.1e-05,0.017726,1527
FMASC,stemness,HDC,0.001046,0.000794,8e-06,1.1e-05,0.018472,1528
FMASC,stemness,CLDN6,0.013083,0.017324,0.000172,1e-05,0.085499,1529
FMASC,stemness,MUM1L1,0.003204,0.002145,2.1e-05,1e-05,0.013346,1530
FMASC,stemness,RUNDC3B,0.002806,0.001948,1.9e-05,1e-05,0.023079,1531
FMASC,stemness,MYBPC2,0.003868,0.002772,2.7e-05,1e-05,0.008983,1532
FMASC,stemness,FGF10,0.00181,0.001682,1.7e-05,1e-05,0.028306,1533
FMASC,stemness,VAT1L,0.001511,0.00092,9e-06,9e-06,0.018542,1534
FMASC,stemness,NTM,0.002806,0.00243,2.4e-05,9e-06,0.026293,1535
FMASC,stemness,TNMD,0.000863,0.000786,8e-06,9e-06,0.012659,1536
FMASC,stemness,CACNA2D3,0.002839,0.001395,1.4e-05,9e-06,0.027221,1537
FMASC,stemness,KEL,0.001096,0.000591,6e-06,9e-06,0.007726,1538
FMASC,stemness,DAB1,0.000963,0.000484,5e-06,8e-06,0.024169,1539
FMASC,stemness,PKHD1L1,0.000863,0.000473,5e-06,8e-06,-0.000583,1540
FMASC,stemness,TCHH,0.003403,0.002299,2.3e-05,8e-06,-0.003915,1541
FMASC,stemness,DAAM2,0.004649,0.003469,3.4e-05,8e-06,0.026815,1542
FMASC,stemness,FAP,0.011588,0.012034,0.000119,8e-06,0.054918,1543
FMASC,stemness,GPR37L1,0.001876,0.000988,1e-05,8e-06,-0.003522,1544
FMASC,stemness,RBM20,0.001112,0.000982,1e-05,7e-06,0.024977,1545
FMASC,stemness,MTTP,0.001262,0.000612,6e-06,7e-06,0.017333,1546
FMASC,stemness,KLHL6,0.001942,0.001557,1.5e-05,7e-06,0.019091,1547
FMASC,stemness,PURG,0.000714,0.000322,3e-06,7e-06,0.02075,1548
FMASC,stemness,CTNNA3,0.001295,0.000868,9e-06,7e-06,0.01682,1549
FMASC,stemness,TNFRSF13B,0.000764,0.000544,5e-06,7e-06,0.014339,1550
FMASC,stemness,B3GALT2,0.001029,0.000712,7e-06,7e-06,0.017035,1551
FMASC,stemness,ADAM33,0.001893,0.001647,1.6e-05,7e-06,0.035282,1552
FMASC,stemness,ANKDD1B,0.001378,0.000865,9e-06,7e-06,0.022273,1553
FMASC,stemness,LRMP,0.002225,0.001855,1.8e-05,6e-06,0.023002,1554
FMASC,stemness,DACH2,0.001079,0.000568,6e-06,6e-06,0.003137,1555
FMASC,stemness,MMP8,0.000564,0.000502,5e-06,6e-06,0.007804,1556
FMASC,stemness,ADORA3,0.001079,0.000923,9e-06,6e-06,0.018079,1557
FMASC,stemness,ARHGAP6,0.004416,0.003332,3.3e-05,6e-06,0.016301,1558
FMASC,stemness,LTK,0.000863,0.000592,6e-06,6e-06,0.012048,1559
FMASC,stemness,EBF2,0.000747,0.000698,7e-06,6e-06,0.024896,1560
FMASC,stemness,GREM2,0.001478,0.001124,1.1e-05,6e-06,0.017949,1561
FMASC,stemness,SYN3,0.001378,0.00076,8e-06,6e-06,0.013264,1562
FMASC,stemness,AJAP1,0.000664,0.000351,3e-06,6e-06,0.018668,1563
FMASC,stemness,SVEP1,0.002789,0.002642,2.6e-05,6e-06,0.035146,1564
FMASC,stemness,EDAR,0.001046,0.000674,7e-06,6e-06,0.006626,1565
FMASC,stemness,MAB21L1,0.000996,0.000882,9e-06,5e-06,0.016946,1566
FMASC,stemness,ABCA6,0.003403,0.003551,3.5e-05,5e-06,0.037598,1567
FMASC,stemness,PCDHA6,0.002507,0.00157,1.6e-05,5e-06,0.002324,1568
FMASC,stemness,IGDCC3,0.002275,0.001549,1.5e-05,5e-06,0.016335,1569
FMASC,stemness,GABRG2,0.00083,0.00054,5e-06,5e-06,0.010386,1570
FMASC,stemness,KCNB2,0.001212,0.000642,6e-06,5e-06,0.007211,1571
FMASC,stemness,WNT16,0.000531,0.000355,4e-06,5e-06,0.00419,1572
FMASC,stemness,GAP43,0.001146,0.000588,6e-06,5e-06,0.001257,1573
FMASC,stemness,GRIA3,0.002474,0.002647,2.6e-05,5e-06,0.043493,1574
FMASC,stemness,SYNPR,0.000531,0.000341,3e-06,5e-06,0.014905,1575
FMASC,stemness,CORO2B,0.001312,0.000933,9e-06,4e-06,0.01489,1576
FMASC,stemness,SCG3,0.000797,0.000442,4e-06,4e-06,0.003635,1577
FMASC,stemness,EPHA3,0.00083,0.0007,7e-06,4e-06,0.020547,1578
FMASC,stemness,HHIP,0.000415,0.000209,2e-06,4e-06,0.016004,1579
FMASC,stemness,TMEFF2,0.000349,0.000169,2e-06,4e-06,0.005485,1580
FMASC,stemness,ADCY8,0.000481,0.0002,2e-06,4e-06,0.002551,1581
FMASC,stemness,PEX5L,0.001428,0.000791,8e-06,4e-06,-0.011693,1582
FMASC,stemness,ACTC1,0.000747,0.000888,9e-06,4e-06,0.021842,1583
FMASC,stemness,PLAC9,0.025069,0.027297,0.00027,4e-06,0.088283,1584
FMASC,stemness,CBLN2,0.000515,0.000381,4e-06,4e-06,0.013871,1585
FMASC,stemness,FMN2,0.000631,0.000502,5e-06,3e-06,0.010267,1586
FMASC,stemness,SLITRK2,0.000564,0.000312,3e-06,3e-06,0.015717,1587
FMASC,stemness,RELN,0.00093,0.000772,8e-06,3e-06,0.015142,1588
FMASC,stemness,C1QL3,0.000249,0.000129,1e-06,3e-06,0.014578,1589
FMASC,stemness,CCR2,0.000647,0.000606,6e-06,3e-06,0.012869,1590
FMASC,stemness,MYOZ2,0.000498,0.00016,2e-06,3e-06,0.003471,1591
FMASC,stemness,SCN2B,0.000581,0.000391,4e-06,3e-06,0.006408,1592
FMASC,stemness,MAG,0.001112,0.000773,8e-06,3e-06,-0.00076,1593
FMASC,stemness,NEFL,0.000863,0.000535,5e-06,3e-06,0.005064,1594
FMASC,stemness,CDH10,0.000481,0.00045,4e-06,3e-06,0.020796,1595
FMASC,stemness,ADAMTS20,0.000332,0.000188,2e-06,2e-06,-0.002393,1596
FMASC,stemness,KHDRBS2,0.000598,0.000491,5e-06,2e-06,0.017067,1597
FMASC,stemness,SLC5A9,0.000349,0.0002,2e-06,2e-06,0.00903,1598
FMASC,stemness,SFRP5,0.000166,6.4e-05,1e-06,2e-06,0.006976,1599
FMASC,stemness,SPOCK3,0.000216,0.000137,1e-06,2e-06,0.007734,1600
FMASC,stemness,ADCYAP1R1,0.000166,0.000158,2e-06,2e-06,0.014048,1601
FMASC,stemness,RHD,0.000249,0.000136,1e-06,2e-06,0.006372,1602
FMASC,stemness,ABCB4,0.000349,0.000181,2e-06,2e-06,0.011996,1603
FMASC,stemness,CDH6,0.001129,0.001274,1.3e-05,2e-06,0.02609,1604
FMASC,stemness,KERA,0.000266,0.000335,3e-06,2e-06,0.013755,1605
FMASC,stemness,P2RX1,0.000332,0.000232,2e-06,1e-06,0.010371,1606
FMASC,stemness,LRRTM1,0.000249,0.00021,2e-06,1e-06,0.013917,1607
FMASC,stemness,MUSK,0.000116,6.9e-05,1e-06,1e-06,0.008463,1608
FMASC,stemness,LRRTM4,0.000315,0.000177,2e-06,1e-06,-0.000943,1609
FMASC,stemness,GPD1,0.002341,0.001547,1.5e-05,1e-06,0.010585,1610
FMASC,stemness,KCNA4,0.000133,4.9e-05,0.0,1e-06,0.013046,1611
FMASC,stemness,USH2A,0.000166,9.7e-05,1e-06,1e-06,0.005636,1612
FMASC,stemness,GPR17,0.000149,0.00014,1e-06,1e-06,0.006105,1613
FMASC,stemness,INSC,0.000382,0.000257,3e-06,1e-06,0.008538,1614
FMASC,stemness,PRSS35,0.000133,9.3e-05,1e-06,1e-06,0.006418,1615
FMASC,stemness,GRM3,0.000116,9.7e-05,1e-06,1e-06,-0.001176,1616
FMASC,stemness,CLEC12A,0.001079,0.000973,1e-05,1e-06,0.009105,1617
FMASC,stemness,MAGEE2,0.000232,0.000151,1e-06,1e-06,-0.001902,1618
FMASC,stemness,GABRA4,6.6e-05,3.2e-05,0.0,1e-06,0.007725,1619
FMASC,stemness,TYR,8.3e-05,3.5e-05,0.0,1e-06,0.00507,1620
FMASC,stemness,SLC36A2,0.000116,7.8e-05,1e-06,1e-06,0.009307,1621
FMASC,stemness,IGLL1,0.000149,8.4e-05,1e-06,1e-06,0.005628,1622
FMASC,stemness,GRID2,0.000747,0.000531,5e-06,1e-06,-0.001567,1623
FMASC,stemness,DHRS2,0.014195,0.014645,0.000145,1e-06,0.018315,1624
FMASC,stemness,GDPD2,0.000448,0.000225,2e-06,1e-06,0.006875,1625
FMASC,stemness,P2RY12,0.000199,0.000156,2e-06,1e-06,0.005563,1626
FMASC,stemness,AIRN,8.3e-05,2.4e-05,0.0,1e-06,0.003739,1627
FMASC,stemness,TMEM207,0.000116,3.7e-05,0.0,0.0,-0.004581,1628
FMASC,stemness,P2RY14,0.00073,0.000632,6e-06,0.0,0.010369,1629
FMASC,stemness,FAM19A1,8.3e-05,3.2e-05,0.0,0.0,0.003195,1630
FMASC,stemness,PFKFB1,0.001262,0.000783,8e-06,0.0,0.005537,1631
FMASC,stemness,ADIPOQ,0.000199,0.000154,2e-06,0.0,-0.005496,1632
FMASC,stemness,MMD2,0.000133,9.7e-05,1e-06,0.0,0.007483,1633
FMASC,stemness,RAG2,0.000116,8.4e-05,1e-06,0.0,0.004311,1634
FMASC,stemness,DCLK3,8.3e-05,4e-05,0.0,0.0,0.001839,1635
FMASC,stemness,KCNA1,0.000614,0.00042,4e-06,0.0,0.010231,1636
FMASC,stemness,CSMD3,5e-05,9e-06,0.0,0.0,0.002533,1637
FMASC,stemness,TRIM10,0.000133,0.000155,2e-06,0.0,0.002362,1638
FMASC,stemness,SRL,8.3e-05,5.1e-05,1e-06,-0.0,-0.000534,1639
FMASC,stemness,CLEC12B,8.3e-05,6.3e-05,1e-06,-0.0,0.002298,1640
FMASC,stemness,GUCY1A2,0.002358,0.001966,1.9e-05,-0.0,0.01663,1641
FMASC,stemness,MYOCD,0.000315,0.000252,2e-06,-0.0,0.001122,1642
FMASC,stemness,ANGPTL1,0.000797,0.000795,8e-06,-0.0,0.015285,1643
FMASC,stemness,DAZL,6.6e-05,6.1e-05,1e-06,-0.0,0.003323,1644
FMASC,stemness,GABRA1,0.000116,8.4e-05,1e-06,-0.0,-0.005404,1645
FMASC,stemness,ARG1,6.6e-05,9e-05,1e-06,-1e-06,0.010864,1646
FMASC,stemness,ARL13A,5e-05,4e-05,0.0,-1e-06,0.008774,1647
FMASC,stemness,CIDEC,0.001046,0.000712,7e-06,-1e-06,-0.001891,1648
FMASC,stemness,AKR1B10,0.003055,0.001948,1.9e-05,-1e-06,-0.011779,1649
FMASC,stemness,EPHA5,0.000266,0.000191,2e-06,-1e-06,0.007434,1650
FMASC,stemness,MAGEB16,0.000847,0.000565,6e-06,-1e-06,-0.014504,1651
FMASC,stemness,CPA3,0.001594,0.001926,1.9e-05,-1e-06,0.022288,1652
FMASC,stemness,ATP12A,0.000465,0.000398,4e-06,-1e-06,0.006811,1653
FMASC,stemness,CLEC4D,0.000149,0.000141,1e-06,-2e-06,-0.004243,1654
FMASC,stemness,CORIN,0.000697,0.000577,6e-06,-2e-06,0.002602,1655
FMASC,stemness,CYBB,0.008567,0.009018,8.9e-05,-2e-06,0.031264,1656
FMASC,stemness,SCN7A,0.000299,0.000397,4e-06,-2e-06,0.009611,1657
FMASC,stemness,KRT79,0.001029,0.001028,1e-05,-2e-06,-0.00871,1658
FMASC,stemness,CNTN6,0.000398,0.000393,4e-06,-3e-06,0.008814,1659
FMASC,stemness,ADAMDEC1,0.001245,0.001291,1.3e-05,-3e-06,0.010206,1660
FMASC,stemness,LAIR1,0.007255,0.007047,7e-05,-3e-06,0.034762,1661
FMASC,stemness,OMD,0.002059,0.002397,2.4e-05,-4e-06,0.02714,1662
FMASC,stemness,LRRTM3,0.001063,0.000999,1e-05,-4e-06,-0.000811,1663
FMASC,stemness,CLEC4E,0.00078,0.000778,8e-06,-4e-06,0.002522,1664
FMASC,stemness,VGLL3,0.006375,0.006352,6.3e-05,-5e-06,0.036114,1665
FMASC,stemness,PCDH17,0.003735,0.00357,3.5e-05,-7e-06,0.018485,1666
FMASC,stemness,TMEM119,0.003088,0.003612,3.6e-05,-7e-06,0.032089,1667
FMASC,stemness,EGFL6,0.004748,0.004983,4.9e-05,-7e-06,0.023096,1668
FMASC,stemness,MEOX2,0.002291,0.002539,2.5e-05,-9e-06,0.018171,1669
FMASC,stemness,FPR1,0.00181,0.001752,1.7e-05,-9e-06,0.007606,1670
FMASC,stemness,EPYC,0.001295,0.001777,1.8e-05,-1.1e-05,0.01921,1671
FMASC,stemness,OLFML1,0.001793,0.002361,2.3e-05,-1.2e-05,0.026345,1672
FMASC,stemness,WNT2,0.002474,0.002996,3e-05,-1.2e-05,0.026891,1673
FMASC,stemness,LGALS12,0.003287,0.003192,3.2e-05,-1.2e-05,0.00301,1674
FMASC,stemness,C7,0.003536,0.00455,4.5e-05,-1.8e-05,0.033817,1675
FMASC,stemness,MEOX1,0.002025,0.002708,2.7e-05,-1.9e-05,0.018488,1676
FMASC,stemness,OGN,0.004101,0.005314,5.3e-05,-2.2e-05,0.034092,1677
FMASC,stemness,DDC,0.005379,0.005834,5.8e-05,-2.6e-05,0.014971,1678
FMASC,stemness,LALBA,0.003486,0.005053,5e-05,-3.3e-05,0.013233,1679
FMASC,stemness,ABI3BP,0.005213,0.00663,6.6e-05,-3.5e-05,0.04148,1680
FMASC,stemness,CCDC80,0.038285,0.044968,0.000446,-3.6e-05,0.104402,1681
FMASC,stemness,ASPN,0.009231,0.011713,0.000116,-4e-05,0.04938,1682
FMASC,stemness,DPT,0.012269,0.015752,0.000156,-4.1e-05,0.047086,1683
FMASC,stemness,MFAP4,0.021168,0.026248,0.00026,-4.9e-05,0.069775,1684
FMASC,stemness,IGF1,0.016868,0.024166,0.000239,-7.5e-05,0.06476,1685
FMASC,stemness,CTSK,0.049657,0.060924,0.000604,-8.4e-05,0.109119,1686
FMASC,stemness,COL1A2,0.101157,0.155512,0.001541,-0.000102,0.166435,1687
FMASC,stemness,POSTN,0.054854,0.074191,0.000735,-0.000129,0.110427,1688
FMASC,stemness,SFRP4,0.017648,0.025993,0.000258,-0.000146,0.071941,1689
FMASC,stemness,HPGD,0.032142,0.040122,0.000398,-0.000147,-0.005616,1690
FMASC,stemness,COL1A1,0.107931,0.163279,0.001618,-0.000308,0.141404,1691
FMASC,stemness,ALAS2,0.006375,0.015917,0.000158,-0.000351,0.036342,1692
FMASC,stemness,COL3A1,0.081085,0.127008,0.001258,-0.000352,0.140984,1693
FMASC,stemness,LUM,0.08145,0.12657,0.001254,-0.000413,0.13972,1694
FMASC,stemness,ACY3,0.024687,0.051591,0.000511,-0.000425,-0.001685,1695
FMASC,stemness,DCN,0.086381,0.142923,0.001416,-0.000795,0.13788,1696
FMASC,stemness,APOD,0.266615,0.577673,0.005723,-0.001066,0.098982,1697
FMASC,stemness,PIP,0.118672,0.245081,0.002428,-0.00107,0.096518,1698
HALLMARK_IFNA,immune,CD74,0.659522,1.662588,0.060787,0.054386,0.701759,1
HALLMARK_IFNA,immune,IFITM1,0.565537,1.248576,0.04565,0.050005,0.679539,2
HALLMARK_IFNA,immune,IFI27,0.497485,1.28439,0.04696,0.049116,0.683468,3
HALLMARK_IFNA,immune,IFITM3,0.769495,1.950663,0.07132,0.046485,0.666693,4
HALLMARK_IFNA,immune,HLA-C,0.708233,1.645742,0.060171,0.045301,0.645691,5
HALLMARK_IFNA,immune,LY6E,0.654193,1.390638,0.050844,0.044509,0.528143,6
HALLMARK_IFNA,immune,CXCL10,0.188883,0.477283,0.01745,0.042835,0.557224,7
HALLMARK_IFNA,immune,B2M,0.900138,2.752724,0.100645,0.04162,0.680726,8
HALLMARK_IFNA,immune,UBE2L6,0.398121,0.63413,0.023185,0.037246,0.60504,9
HALLMARK_IFNA,immune,PSMB9,0.387595,0.676159,0.024722,0.037126,0.66145,10
HALLMARK_IFNA,immune,BST2,0.494164,0.908033,0.033199,0.034686,0.61435,11
HALLMARK_IFNA,immune,ISG15,0.376488,0.588534,0.021518,0.030064,0.584816,12
HALLMARK_IFNA,immune,TAP1,0.316371,0.444378,0.016247,0.029771,0.578556,13
HALLMARK_IFNA,immune,C1S,0.255491,0.392672,0.014357,0.027028,0.541533,14
HALLMARK_IFNA,immune,PSME2,0.557884,0.86087,0.031475,0.02644,0.478238,15
HALLMARK_IFNA,immune,LGALS3BP,0.364219,0.475254,0.017376,0.022652,0.46796,16
HALLMARK_IFNA,immune,PLSCR1,0.339249,0.428773,0.015677,0.022586,0.498231,17
HALLMARK_IFNA,immune,PSMB8,0.395298,0.501865,0.018349,0.022225,0.526177,18
HALLMARK_IFNA,immune,PSME1,0.573772,0.836288,0.030576,0.020673,0.426868,19
HALLMARK_IFNA,immune,LAP3,0.312337,0.350859,0.012828,0.018909,0.432959,20
HALLMARK_IFNA,immune,CD47,0.423356,0.526168,0.019238,0.017688,0.312677,21
HALLMARK_IFNA,immune,CXCL11,0.096459,0.148506,0.00543,0.017125,0.467061,22
HALLMARK_IFNA,immune,ISG20,0.247074,0.273283,0.009992,0.015999,0.436429,23
HALLMARK_IFNA,immune,GBP2,0.206116,0.221066,0.008083,0.014732,0.455776,24
HALLMARK_IFNA,immune,IRF1,0.315375,0.381007,0.01393,0.013446,0.358209,25
HALLMARK_IFNA,immune,PSMA3,0.406123,0.446072,0.016309,0.010757,0.231494,26
HALLMARK_IFNA,immune,GBP4,0.114705,0.126501,0.004625,0.010514,0.451437,27
HALLMARK_IFNA,immune,IFIT3,0.105075,0.107133,0.003917,0.010095,0.418622,28
HALLMARK_IFNA,immune,IFI44L,0.174771,0.169615,0.006201,0.00879,0.414321,29
HALLMARK_IFNA,immune,IFI35,0.158883,0.133955,0.004898,0.008426,0.388207,30
HALLMARK_IFNA,immune,OAS1,0.129348,0.114909,0.004201,0.008259,0.382963,31
HALLMARK_IFNA,immune,MX1,0.218103,0.220862,0.008075,0.008147,0.344262,32
HALLMARK_IFNA,immune,IFIT2,0.075739,0.084903,0.003104,0.007987,0.325537,33
HALLMARK_IFNA,immune,PARP12,0.148075,0.117221,0.004286,0.007253,0.342451,34
HALLMARK_IFNA,immune,RIPK2,0.217223,0.184984,0.006763,0.006986,0.210887,35
HALLMARK_IFNA,immune,PARP14,0.169293,0.1462,0.005345,0.006796,0.348513,36
HALLMARK_IFNA,immune,NMI,0.166852,0.130843,0.004784,0.006763,0.328772,37
HALLMARK_IFNA,immune,RTP4,0.11155,0.08921,0.003262,0.006399,0.356699,38
HALLMARK_IFNA,immune,PARP9,0.166005,0.12672,0.004633,0.006131,0.325511,39
HALLMARK_IFNA,immune,NUB1,0.216675,0.174357,0.006375,0.005624,0.214831,40
HALLMARK_IFNA,immune,IFIH1,0.101755,0.079907,0.002922,0.005513,0.321933,41
HALLMARK_IFNA,immune,EIF2AK2,0.260455,0.219722,0.008033,0.005262,0.202789,42
HALLMARK_IFNA,immune,NCOA7,0.262281,0.248325,0.009079,0.005191,0.168505,43
HALLMARK_IFNA,immune,ADAR,0.295403,0.26131,0.009554,0.004763,0.172089,44
HALLMARK_IFNA,immune,SP110,0.112712,0.079564,0.002909,0.004179,0.254228,45
HALLMARK_IFNA,immune,OASL,0.049541,0.044041,0.00161,0.004084,0.281252,46
HALLMARK_IFNA,immune,BATF2,0.055684,0.041665,0.001523,0.003937,0.320921,47
HALLMARK_IFNA,immune,IFI44,0.121511,0.094555,0.003457,0.003876,0.278069,48
HALLMARK_IFNA,immune,CMPK2,0.067272,0.05264,0.001925,0.003545,0.287714,49
HALLMARK_IFNA,immune,MVB12A,0.261651,0.215999,0.007897,0.003489,0.129537,50
HALLMARK_IFNA,immune,IRF7,0.150266,0.12614,0.004612,0.002728,0.189816,51
HALLMARK_IFNA,immune,CNP,0.147328,0.103115,0.00377,0.002632,0.114643,52
HALLMARK_IFNA,immune,RSAD2,0.04368,0.03703,0.001354,0.002588,0.230306,53
HALLMARK_IFNA,immune,LAMP3,0.048993,0.036059,0.001318,0.002575,0.229833,54
HALLMARK_IFNA,immune,SAMD9L,0.061661,0.042811,0.001565,0.002545,0.235109,55
HALLMARK_IFNA,immune,IFITM2,0.296382,0.394298,0.014416,0.002421,0.174148,56
HALLMARK_IFNA,immune,OGFR,0.158866,0.107566,0.003933,0.002255,0.103737,57
HALLMARK_IFNA,immune,USP18,0.07823,0.054965,0.00201,0.002092,0.169427,58
HALLMARK_IFNA,immune,TRIM21,0.052961,0.034853,0.001274,0.002091,0.21397,59
HALLMARK_IFNA,immune,CASP8,0.074262,0.047469,0.001736,0.00193,0.146822,60
HALLMARK_IFNA,immune,ELF1,0.167466,0.122906,0.004494,0.001806,0.106739,61
HALLMARK_IFNA,immune,TXNIP,0.180665,0.170687,0.006241,0.001711,0.099946,62
HALLMARK_IFNA,immune,SAMD9,0.044942,0.031878,0.001166,0.001511,0.18053,63
HALLMARK_IFNA,immune,DDX60,0.058373,0.040946,0.001497,0.001471,0.185479,64
HALLMARK_IFNA,immune,CASP1,0.068517,0.048712,0.001781,0.001402,0.171744,65
HALLMARK_IFNA,immune,IRF2,0.135324,0.096892,0.003543,0.001373,0.08962,66
HALLMARK_IFNA,immune,TRIM14,0.071423,0.044005,0.001609,0.001334,0.117236,67
HALLMARK_IFNA,immune,TMEM140,0.032706,0.022038,0.000806,0.001278,0.170656,68
HALLMARK_IFNA,immune,GMPR,0.094915,0.072323,0.002644,0.001237,0.02582,69
HALLMARK_IFNA,immune,PNPT1,0.137848,0.098344,0.003596,0.001083,0.053163,70
HALLMARK_IFNA,immune,TRAFD1,0.087427,0.061656,0.002254,0.001081,0.096108,71
HALLMARK_IFNA,immune,HERC6,0.047017,0.031685,0.001158,0.001081,0.149761,72
HALLMARK_IFNA,immune,PROCR,0.035828,0.024237,0.000886,0.001064,0.127037,73
HALLMARK_IFNA,immune,IFI30,0.047134,0.03059,0.001118,0.001008,0.129308,74
HALLMARK_IFNA,immune,IL4R,0.057908,0.033901,0.001239,0.000992,0.097418,75
HALLMARK_IFNA,immune,TRIM26,0.114804,0.079566,0.002909,0.000988,0.074699,76
HALLMARK_IFNA,immune,HELZ2,0.055086,0.033418,0.001222,0.000968,0.08289,77
HALLMARK_IFNA,immune,IL15,0.041124,0.025556,0.000934,0.000946,0.140921,78
HALLMARK_IFNA,immune,CSF1,0.047632,0.030203,0.001104,0.000906,0.122418,79
HALLMARK_IFNA,immune,TENT5A,0.118606,0.082395,0.003013,0.000894,0.023082,80
HALLMARK_IFNA,immune,STAT2,0.07813,0.054994,0.002011,0.000883,0.095381,81
HALLMARK_IFNA,immune,EPSTI1,0.036176,0.032288,0.001181,0.000869,0.146702,82
HALLMARK_IFNA,immune,MOV10,0.069679,0.0448,0.001638,0.000771,0.077058,83
HALLMARK_IFNA,immune,TRIM25,0.074278,0.04475,0.001636,0.000672,0.057444,84
HALLMARK_IFNA,immune,TRIM5,0.05922,0.038157,0.001395,0.000636,0.08975,85
HALLMARK_IFNA,immune,TDRD7,0.025949,0.015529,0.000568,0.000629,0.091391,86
HALLMARK_IFNA,immune,IRF9,0.04217,0.025421,0.000929,0.000527,0.088762,87
HALLMARK_IFNA,immune,UBA7,0.032225,0.020954,0.000766,0.000504,0.102317,88
HALLMARK_IFNA,immune,IL7,0.01554,0.00839,0.000307,0.000383,0.094901,89
HALLMARK_IFNA,immune,SLC25A28,0.035097,0.019641,0.000718,0.000321,0.041636,90
HALLMARK_IFNA,immune,DHX58,0.019607,0.011687,0.000427,0.000295,0.07242,91
HALLMARK_IFNA,immune,CMTR1,0.048296,0.029513,0.001079,0.000229,0.006944,92
HALLMARK_IFNA,immune,RNF31,0.027427,0.015872,0.00058,0.00011,0.005852,93
HALLMARK_IFNA,immune,SELL,0.00767,0.006445,0.000236,8.9e-05,0.036123,94
HALLMARK_IFNA,immune,CCRL2,0.002972,0.002633,9.6e-05,-5e-06,0.003695,95
HALLMARK_IFNA,immune,LPAR6,0.05839,0.041891,0.001532,-0.000325,-0.032418,96
HALLMARK_IFNG,immune,HLA-B,0.702505,1.782024,0.042359,0.042017,0.74852,1
HALLMARK_IFNG,immune,CD74,0.659522,1.662588,0.03952,0.038054,0.724605,2
HALLMARK_IFNG,immune,HLA-A,0.616024,1.318806,0.031348,0.03653,0.675289,3
HALLMARK_IFNG,immune,IFI27,0.497485,1.28439,0.03053,0.032073,0.646154,4
HALLMARK_IFNG,immune,IFITM3,0.769495,1.950663,0.046367,0.030421,0.630002,5
HALLMARK_IFNG,immune,LY6E,0.654193,1.390638,0.033056,0.030266,0.514285,6
HALLMARK_IFNG,immune,HLA-DRB1,0.337008,0.661529,0.015725,0.030078,0.630513,7
HALLMARK_IFNG,immune,CXCL10,0.188883,0.477283,0.011345,0.029854,0.559446,8
HALLMARK_IFNG,immune,B2M,0.900138,2.752724,0.065432,0.028839,0.685254,9
HALLMARK_IFNG,immune,SERPING1,0.290821,0.508278,0.012082,0.025829,0.541683,10
HALLMARK_IFNG,immune,UBE2L6,0.398121,0.63413,0.015073,0.025473,0.606207,11
HALLMARK_IFNG,immune,PSMB9,0.387595,0.676159,0.016072,0.025199,0.660508,12
HALLMARK_IFNG,immune,BST2,0.494164,0.908033,0.021584,0.023536,0.60624,13
HALLMARK_IFNG,immune,TAP1,0.316371,0.444378,0.010563,0.020785,0.591999,14
HALLMARK_IFNG,immune,IDO1,0.151595,0.290333,0.006901,0.020549,0.560717,15
HALLMARK_IFNG,immune,ISG15,0.376488,0.588534,0.01399,0.020044,0.565592,16
HALLMARK_IFNG,immune,C1S,0.255491,0.392672,0.009334,0.018925,0.557466,17
HALLMARK_IFNG,immune,PSME2,0.557884,0.86087,0.020463,0.017759,0.466046,18
HALLMARK_IFNG,immune,HLA-DQA1,0.193814,0.291217,0.006922,0.016528,0.554601,19
HALLMARK_IFNG,immune,LGALS3BP,0.364219,0.475254,0.011297,0.015507,0.463166,20
HALLMARK_IFNG,immune,PLSCR1,0.339249,0.428773,0.010192,0.015482,0.500941,21
HALLMARK_IFNG,immune,PSMB8,0.395298,0.501865,0.011929,0.015235,0.534031,22
HALLMARK_IFNG,immune,PSME1,0.573772,0.836288,0.019879,0.014098,0.426366,23
HALLMARK_IFNG,immune,HLA-DMA,0.255392,0.312697,0.007433,0.013802,0.528979,24
HALLMARK_IFNG,immune,LAP3,0.312337,0.350859,0.00834,0.012936,0.435017,25
HALLMARK_IFNG,immune,ICAM1,0.211446,0.253136,0.006017,0.012506,0.463904,26
HALLMARK_IFNG,immune,TNFSF10,0.332326,0.448372,0.010658,0.012357,0.423521,27
HALLMARK_IFNG,immune,CXCL11,0.096459,0.148506,0.00353,0.012117,0.46905,28
HALLMARK_IFNG,immune,SOD2,0.366909,0.440306,0.010466,0.011713,0.381129,29
HALLMARK_IFNG,immune,PSMB10,0.298375,0.331389,0.007877,0.011578,0.444198,30
HALLMARK_IFNG,immune,VAMP8,0.574469,0.869493,0.020668,0.011103,0.350854,31
HALLMARK_IFNG,immune,ISG20,0.247074,0.273283,0.006496,0.011077,0.438284,32
HALLMARK_IFNG,immune,STAT1,0.350173,0.4013,0.009539,0.010937,0.465857,33
HALLMARK_IFNG,immune,CXCL9,0.096177,0.148043,0.003519,0.010805,0.449426,34
HALLMARK_IFNG,immune,IRF1,0.315375,0.381007,0.009057,0.00967,0.392017,35
HALLMARK_IFNG,immune,NFKBIA,0.453489,0.593455,0.014106,0.00751,0.232297,36
HALLMARK_IFNG,immune,PSMA3,0.406123,0.446072,0.010603,0.007437,0.239291,37
HALLMARK_IFNG,immune,PSMB2,0.517208,0.69188,0.016446,0.007336,0.208883,38
HALLMARK_IFNG,immune,GBP4,0.114705,0.126501,0.003007,0.00729,0.454886,39
HALLMARK_IFNG,immune,SRI,0.517241,0.659822,0.015684,0.007133,0.226175,40
HALLMARK_IFNG,immune,IFIT3,0.105075,0.107133,0.002547,0.006952,0.415767,41
HALLMARK_IFNG,immune,TAPBP,0.341889,0.334065,0.007941,0.006334,0.331416,42
HALLMARK_IFNG,immune,IL15RA,0.115103,0.103874,0.002469,0.006203,0.415181,43
HALLMARK_IFNG,immune,IFI44L,0.174771,0.169615,0.004032,0.005827,0.404589,44
HALLMARK_IFNG,immune,IFI35,0.158883,0.133955,0.003184,0.005776,0.389407,45
HALLMARK_IFNG,immune,CFB,0.192536,0.200145,0.004757,0.005705,0.359021,46
HALLMARK_IFNG,immune,MVP,0.183736,0.156291,0.003715,0.005678,0.354727,47
HALLMARK_IFNG,immune,IFIT2,0.075739,0.084903,0.002018,0.005518,0.323811,48
HALLMARK_IFNG,immune,MX1,0.218103,0.220862,0.00525,0.00521,0.332402,49
HALLMARK_IFNG,immune,PARP12,0.148075,0.117221,0.002786,0.005055,0.349842,50
HALLMARK_IFNG,immune,PFKP,0.185015,0.158163,0.00376,0.005018,0.256971,51
HALLMARK_IFNG,immune,RIPK2,0.217223,0.184984,0.004397,0.004953,0.2262,52
HALLMARK_IFNG,immune,PARP14,0.169293,0.1462,0.003475,0.004707,0.357142,53
HALLMARK_IFNG,immune,NMI,0.166852,0.130843,0.00311,0.004603,0.333941,54
HALLMARK_IFNG,immune,HIF1A,0.270433,0.243821,0.005796,0.0046,0.19861,55
HALLMARK_IFNG,immune,MT2A,0.676722,1.333092,0.031688,0.004594,0.147521,56
HALLMARK_IFNG,immune,C1R,0.13124,0.110381,0.002624,0.004501,0.344743,57
HALLMARK_IFNG,immune,RTP4,0.11155,0.08921,0.002121,0.004389,0.359198,58
HALLMARK_IFNG,immune,SSPN,0.170256,0.157001,0.003732,0.004228,0.320368,59
HALLMARK_IFNG,immune,TNFAIP2,0.109624,0.09286,0.002207,0.004209,0.317084,60
HALLMARK_IFNG,immune,RNF213,0.261468,0.236777,0.005628,0.004154,0.25238,61
HALLMARK_IFNG,immune,APOL6,0.145684,0.112852,0.002682,0.0041,0.351932,62
HALLMARK_IFNG,immune,CDKN1A,0.375691,0.514206,0.012223,0.003872,0.148843,63
HALLMARK_IFNG,immune,MYD88,0.143576,0.104559,0.002485,0.003816,0.266747,64
HALLMARK_IFNG,immune,IFIH1,0.101755,0.079907,0.001899,0.003814,0.326916,65
HALLMARK_IFNG,immune,BTG1,0.485697,0.643591,0.015298,0.003812,0.085149,66
HALLMARK_IFNG,immune,RBCK1,0.3306,0.318949,0.007581,0.003524,0.220424,67
HALLMARK_IFNG,immune,EIF2AK2,0.260455,0.219722,0.005223,0.003473,0.20502,68
HALLMARK_IFNG,immune,IL18BP,0.075391,0.058476,0.00139,0.003333,0.336601,69
HALLMARK_IFNG,immune,ADAR,0.295403,0.26131,0.006211,0.003291,0.184543,70
HALLMARK_IFNG,immune,OAS3,0.093271,0.066835,0.001589,0.003256,0.302361,71
HALLMARK_IFNG,immune,NAMPT,0.343018,0.332032,0.007892,0.003118,0.135918,72
HALLMARK_IFNG,immune,SP110,0.112712,0.079564,0.001891,0.002951,0.260528,73
HALLMARK_IFNG,immune,OASL,0.049541,0.044041,0.001047,0.002869,0.283423,74
HALLMARK_IFNG,immune,BATF2,0.055684,0.041665,0.00099,0.00276,0.323327,75
HALLMARK_IFNG,immune,PML,0.130161,0.092944,0.002209,0.002636,0.249619,76
HALLMARK_IFNG,immune,OAS2,0.078163,0.057446,0.001365,0.002622,0.29435,77
HALLMARK_IFNG,immune,IFI44,0.121511,0.094555,0.002248,0.002508,0.271164,78
HALLMARK_IFNG,immune,CMPK2,0.067272,0.05264,0.001251,0.002348,0.279249,79
HALLMARK_IFNG,immune,SECTM1,0.070609,0.049826,0.001184,0.002262,0.222022,80
HALLMARK_IFNG,immune,SAMHD1,0.101805,0.076735,0.001824,0.002201,0.225575,81
HALLMARK_IFNG,immune,UPP1,0.113675,0.089513,0.002128,0.0022,0.150738,82
HALLMARK_IFNG,immune,CFH,0.046021,0.042298,0.001005,0.002192,0.261714,83
HALLMARK_IFNG,immune,XAF1,0.094085,0.07265,0.001727,0.002187,0.287532,84
HALLMARK_IFNG,immune,IFIT1,0.06083,0.054572,0.001297,0.002171,0.221216,85
HALLMARK_IFNG,immune,CASP4,0.120416,0.084734,0.002014,0.002025,0.216211,86
HALLMARK_IFNG,immune,PNP,0.179702,0.145034,0.003447,0.002023,0.158254,87
HALLMARK_IFNG,immune,STAT3,0.307008,0.285604,0.006789,0.001971,0.13946,88
HALLMARK_IFNG,immune,ZNFX1,0.10549,0.069485,0.001652,0.00189,0.184883,89
HALLMARK_IFNG,immune,SPPL2A,0.19051,0.140707,0.003345,0.001862,0.108747,90
HALLMARK_IFNG,immune,ZBP1,0.034898,0.024734,0.000588,0.001842,0.260076,91
HALLMARK_IFNG,immune,IRF7,0.150266,0.12614,0.002998,0.001837,0.20046,92
HALLMARK_IFNG,immune,SAMD9L,0.061661,0.042811,0.001018,0.001808,0.245877,93
HALLMARK_IFNG,immune,RSAD2,0.04368,0.03703,0.00088,0.001736,0.224295,94
HALLMARK_IFNG,immune,ARID5B,0.207096,0.170304,0.004048,0.00171,0.119432,95
HALLMARK_IFNG,immune,CCL5,0.052596,0.078091,0.001856,0.001702,0.151706,96
HALLMARK_IFNG,immune,OGFR,0.158866,0.107566,0.002557,0.001602,0.11552,97
HALLMARK_IFNG,immune,NLRC5,0.064699,0.042754,0.001016,0.00155,0.220069,98
HALLMARK_IFNG,immune,IFITM2,0.296382,0.394298,0.009372,0.001488,0.18292,99
HALLMARK_IFNG,immune,TRIM21,0.052961,0.034853,0.000828,0.001434,0.217348,100
HALLMARK_IFNG,immune,FAS,0.067687,0.04415,0.001049,0.00143,0.197856,101
HALLMARK_IFNG,immune,USP18,0.07823,0.054965,0.001307,0.001369,0.167253,102
HALLMARK_IFNG,immune,CASP8,0.074262,0.047469,0.001128,0.001363,0.153442,103
HALLMARK_IFNG,immune,NUP93,0.119918,0.086191,0.002049,0.001352,0.129744,104
HALLMARK_IFNG,immune,SOCS1,0.094516,0.067888,0.001614,0.001272,0.120944,105
HALLMARK_IFNG,immune,JAK2,0.052214,0.034895,0.000829,0.001259,0.15084,106
HALLMARK_IFNG,immune,TXNIP,0.180665,0.170687,0.004057,0.001204,0.110853,107
HALLMARK_IFNG,immune,CD38,0.026896,0.019804,0.000471,0.001197,0.162074,108
HALLMARK_IFNG,immune,TNFAIP3,0.085618,0.074586,0.001773,0.001192,0.12724,109
HALLMARK_IFNG,immune,BPGM,0.11766,0.085384,0.00203,0.001115,0.099721,110
HALLMARK_IFNG,immune,PTPN2,0.204008,0.151197,0.003594,0.001098,0.083382,111
HALLMARK_IFNG,immune,LYSMD2,0.109774,0.070812,0.001683,0.001041,0.10529,112
HALLMARK_IFNG,immune,CIITA,0.035612,0.024409,0.00058,0.001019,0.198501,113
HALLMARK_IFNG,immune,CASP1,0.068517,0.048712,0.001158,0.000991,0.185557,114
HALLMARK_IFNG,immune,IRF2,0.135324,0.096892,0.002303,0.00099,0.105521,115
HALLMARK_IFNG,immune,PDE4B,0.102353,0.081105,0.001928,0.000975,0.091072,116
HALLMARK_IFNG,immune,DDX60,0.058373,0.040946,0.000973,0.000962,0.184344,117
HALLMARK_IFNG,immune,CD274,0.017665,0.012505,0.000297,0.00093,0.17839,118
HALLMARK_IFNG,immune,TRIM14,0.071423,0.044005,0.001046,0.000923,0.126173,119
HALLMARK_IFNG,immune,MTHFD2,0.347584,0.365609,0.008691,0.000909,0.06001,120
HALLMARK_IFNG,immune,SOCS3,0.252486,0.285881,0.006795,0.000894,0.084628,121
HALLMARK_IFNG,immune,PTPN6,0.077582,0.053526,0.001272,0.000857,0.1381,122
HALLMARK_IFNG,immune,TRAFD1,0.087427,0.061656,0.001466,0.000775,0.107929,123
HALLMARK_IFNG,immune,CASP3,0.098534,0.066753,0.001587,0.000756,0.092722,124
HALLMARK_IFNG,immune,PTPN1,0.130692,0.085585,0.002034,0.000749,0.059263,125
HALLMARK_IFNG,immune,IL4R,0.057908,0.033901,0.000806,0.000749,0.116123,126
HALLMARK_IFNG,immune,IFI30,0.047134,0.03059,0.000727,0.000718,0.137108,127
HALLMARK_IFNG,immune,HERC6,0.047017,0.031685,0.000753,0.000707,0.149397,128
HALLMARK_IFNG,immune,TRIM26,0.114804,0.079566,0.001891,0.000703,0.08921,129
HALLMARK_IFNG,immune,PNPT1,0.137848,0.098344,0.002338,0.000689,0.057886,130
HALLMARK_IFNG,immune,IL15,0.041124,0.025556,0.000607,0.000672,0.151739,131
HALLMARK_IFNG,immune,HELZ2,0.055086,0.033418,0.000794,0.000671,0.087306,132
HALLMARK_IFNG,immune,TNFAIP6,0.03103,0.025589,0.000608,0.000654,0.094514,133
HALLMARK_IFNG,immune,HLA-G,0.017333,0.010747,0.000255,0.000637,0.153557,134
HALLMARK_IFNG,immune,GCH1,0.051882,0.033959,0.000807,0.000623,0.097002,135
HALLMARK_IFNG,immune,STAT2,0.07813,0.054994,0.001307,0.000614,0.10681,136
HALLMARK_IFNG,immune,CASP7,0.092043,0.06569,0.001561,0.000589,0.100746,137
HALLMARK_IFNG,immune,TOR1B,0.06513,0.036539,0.000869,0.000588,0.058877,138
HALLMARK_IFNG,immune,EPSTI1,0.036176,0.032288,0.000767,0.000559,0.150514,139
HALLMARK_IFNG,immune,MX2,0.033935,0.023663,0.000562,0.000538,0.100242,140
HALLMARK_IFNG,immune,IRF8,0.024272,0.01992,0.000473,0.000477,0.128854,141
HALLMARK_IFNG,immune,VCAM1,0.019856,0.019329,0.000459,0.000476,0.118656,142
HALLMARK_IFNG,immune,TRIM25,0.074278,0.04475,0.001064,0.00046,0.066791,143
HALLMARK_IFNG,immune,IL6,0.018943,0.014386,0.000342,0.000458,0.097476,144
HALLMARK_IFNG,immune,TDRD7,0.025949,0.015529,0.000369,0.000435,0.09491,145
HALLMARK_IFNG,immune,CCL2,0.075258,0.109781,0.00261,0.000416,0.087685,146
HALLMARK_IFNG,immune,NFKB1,0.077267,0.047756,0.001135,0.000349,0.058301,147
HALLMARK_IFNG,immune,IRF9,0.04217,0.025421,0.000604,0.000347,0.091133,148
HALLMARK_IFNG,immune,CD69,0.012684,0.017053,0.000405,0.000276,0.06963,149
HALLMARK_IFNG,immune,IL7,0.01554,0.00839,0.000199,0.000269,0.101225,150
HALLMARK_IFNG,immune,SLC25A28,0.035097,0.019641,0.000467,0.000248,0.051299,151
HALLMARK_IFNG,immune,PIM1,0.068036,0.055678,0.001323,0.000244,0.020154,152
HALLMARK_IFNG,immune,PSMA2,0.038999,0.022662,0.000539,0.000234,0.04175,153
HALLMARK_IFNG,immune,GZMA,0.007189,0.009112,0.000217,0.000226,0.070386,154
HALLMARK_IFNG,immune,ARL4A,0.224478,0.194395,0.004621,0.000205,0.030244,155
HALLMARK_IFNG,immune,IRF5,0.023193,0.014965,0.000356,0.000203,0.057451,156
HALLMARK_IFNG,immune,DHX58,0.019607,0.011687,0.000278,0.000196,0.076131,157
HALLMARK_IFNG,immune,NCOA3,0.078412,0.049365,0.001173,0.00019,0.035374,158
HALLMARK_IFNG,immune,GBP6,0.004034,0.002893,6.9e-05,0.000184,0.080875,159
HALLMARK_IFNG,immune,CD40,0.063138,0.045125,0.001073,0.000182,0.033729,160
HALLMARK_IFNG,immune,CMTR1,0.048296,0.029513,0.000702,0.00016,0.014177,161
HALLMARK_IFNG,immune,PLA2G4A,0.019856,0.013032,0.00031,0.000156,0.042722,162
HALLMARK_IFNG,immune,LATS2,0.039447,0.023861,0.000567,0.000143,0.0344,163
HALLMARK_IFNG,immune,IL10RA,0.008716,0.00716,0.00017,0.000125,0.062556,164
HALLMARK_IFNG,immune,LCP2,0.009961,0.008679,0.000206,0.000123,0.057619,165
HALLMARK_IFNG,immune,IL2RB,0.006691,0.005882,0.00014,0.000119,0.059719,166
HALLMARK_IFNG,immune,NOD1,0.024986,0.014526,0.000345,0.000109,0.016451,167
HALLMARK_IFNG,immune,EIF4E3,0.04207,0.02402,0.000571,8.8e-05,0.002017,168
HALLMARK_IFNG,immune,IFNAR2,0.044992,0.024221,0.000576,8.3e-05,-0.022833,169
HALLMARK_IFNG,immune,RNF31,0.027427,0.015872,0.000377,7.9e-05,0.011831,170
HALLMARK_IFNG,immune,STAT4,0.005113,0.004028,9.6e-05,7.3e-05,0.052807,171
HALLMARK_IFNG,immune,CCL7,0.001727,0.001894,4.5e-05,6.9e-05,0.031236,172
HALLMARK_IFNG,immune,XCL1,0.006342,0.007292,0.000173,6.4e-05,0.029729,173
HALLMARK_IFNG,immune,VAMP5,0.065961,0.06637,0.001578,6.3e-05,0.074435,174
HALLMARK_IFNG,immune,ITGB7,0.006541,0.004596,0.000109,5.1e-05,0.033889,175
HALLMARK_IFNG,immune,CSF2RB,0.003769,0.002853,6.8e-05,4.7e-05,0.037908,176
HALLMARK_IFNG,immune,SLAMF7,0.004333,0.002814,6.7e-05,4.3e-05,0.034956,177
HALLMARK_IFNG,immune,BANK1,0.004051,0.00275,6.5e-05,4e-05,0.031924,178
HALLMARK_IFNG,immune,RIPK1,0.066143,0.04106,0.000976,3.3e-05,0.004309,179
HALLMARK_IFNG,immune,IRF4,0.003852,0.002302,5.5e-05,3.1e-05,0.016822,180
HALLMARK_IFNG,immune,METTL7B,0.008799,0.005561,0.000132,2.4e-05,0.023473,181
HALLMARK_IFNG,immune,ST8SIA4,0.006292,0.005352,0.000127,1.8e-05,0.031522,182
HALLMARK_IFNG,immune,FCGR1A,0.004649,0.004195,1e-04,1.6e-05,0.017842,183
HALLMARK_IFNG,immune,FGL2,0.007222,0.006956,0.000165,1.5e-05,0.020835,184
HALLMARK_IFNG,immune,GPR18,0.001046,0.000629,1.5e-05,1.5e-05,0.030722,185
HALLMARK_IFNG,immune,FPR1,0.00181,0.001752,4.2e-05,8e-06,0.023499,186
HALLMARK_IFNG,immune,KLRK1,0.000747,0.000418,1e-05,7e-06,0.017356,187
HALLMARK_IFNG,immune,CMKLR1,0.001195,0.001087,2.6e-05,6e-06,0.017168,188
HALLMARK_IFNG,immune,CD86,0.004599,0.003977,9.5e-05,4e-06,0.01722,189
HALLMARK_IFNG,immune,P2RY14,0.00073,0.000632,1.5e-05,3e-06,0.007349,190
HALLMARK_IFNG,immune,SELP,0.00171,0.002122,5e-05,-1.6e-05,0.003505,191
HALLMARK_IFNG,immune,PTGS2,0.014311,0.010343,0.000246,-2.8e-05,-0.001827,192
HALLMARK_IFNG,immune,RAPGEF6,0.042319,0.026665,0.000634,-4.8e-05,-0.005906,193
HALLMARK_IFNG,immune,ST3GAL5,0.01373,0.007176,0.000171,-5.6e-05,-0.057866,194
HALLMARK_IFNG,immune,PELI1,0.14678,0.111196,0.002643,-0.000117,-0.0135,195
HALLMARK_IFNG,immune,AUTS2,0.125048,0.08466,0.002012,-0.000167,-0.028648,196
HALLMARK_IFNG,immune,ISOC1,0.138811,0.104282,0.002479,-0.000185,0.00118,197
IMMUNOGENIC_CONSENSUS,immune,HLA-B,0.702505,1.782024,0.115655,0.102116,0.822914,1
IMMUNOGENIC_CONSENSUS,immune,CD74,0.659522,1.662588,0.107904,0.098609,0.824337,2
IMMUNOGENIC_CONSENSUS,immune,HLA-A,0.616024,1.318806,0.085592,0.087326,0.738094,3
IMMUNOGENIC_CONSENSUS,immune,HLA-DRA,0.399299,0.831256,0.053949,0.082034,0.728372,4
IMMUNOGENIC_CONSENSUS,immune,HLA-C,0.708233,1.645742,0.10681,0.076428,0.719318,5
IMMUNOGENIC_CONSENSUS,immune,HLA-DRB1,0.337008,0.661529,0.042934,0.07466,0.703599,6
IMMUNOGENIC_CONSENSUS,immune,B2M,0.900138,2.752724,0.178655,0.072835,0.788568,7
IMMUNOGENIC_CONSENSUS,immune,HLA-DPA1,0.318497,0.539656,0.035024,0.059472,0.667149,8
IMMUNOGENIC_CONSENSUS,immune,HLA-DQB1,0.223897,0.373878,0.024265,0.052616,0.621148,9
IMMUNOGENIC_CONSENSUS,immune,HLA-DPB1,0.28056,0.445288,0.0289,0.052104,0.632928,10
IMMUNOGENIC_CONSENSUS,immune,TAP1,0.316371,0.444378,0.028841,0.045724,0.589165,11
IMMUNOGENIC_CONSENSUS,immune,HLA-DQA1,0.193814,0.291217,0.0189,0.040572,0.602825,12
IMMUNOGENIC_CONSENSUS,immune,PSME2,0.557884,0.86087,0.055871,0.038639,0.467894,13
IMMUNOGENIC_CONSENSUS,immune,HLA-DMA,0.255392,0.312697,0.020294,0.034669,0.580703,14
IMMUNOGENIC_CONSENSUS,immune,PSME1,0.573772,0.836288,0.054276,0.031371,0.440213,15
IMMUNOGENIC_CONSENSUS,immune,HLA-DQA2,0.105557,0.10704,0.006947,0.015023,0.434316,16
IMMUNOGENIC_CONSENSUS,immune,TAPBP,0.341889,0.334065,0.021681,0.014998,0.34917,17
IMMUNOGENIC_CONSENSUS,immune,HLA-DMB,0.08497,0.065343,0.004241,0.00885,0.383081,18
IMMUNOGENIC_CONSENSUS,immune,TAP2,0.067936,0.045185,0.002933,0.004746,0.268947,19
IMMUNOGENIC_CONSENSUS,immune,CIITA,0.035612,0.024409,0.001584,0.002256,0.195098,20
IMMUNOGENIC_CONSENSUS,immune,HLA-DOB,0.028074,0.017198,0.001116,0.001879,0.179934,21
IMMUNOGENIC_CONSENSUS,immune,IFI30,0.047134,0.03059,0.001985,0.001731,0.148284,22
IMMUNOGENIC_CONSENSUS,immune,HLA-DOA,0.011572,0.008349,0.000542,0.000541,0.098846,23
IMMUNOGENIC_CONSENSUS,immune,CD8A,0.00865,0.008493,0.000551,0.000499,0.060519,24
IMMUNOGENIC_CONSENSUS,immune,CD8B,0.009696,0.00847,0.00055,0.000302,0.03973,25
ISDS,immune,CD74,0.659522,1.662588,0.143151,0.130363,0.723265,1
ISDS,immune,IFI27,0.497485,1.28439,0.110587,0.121956,0.724044,2
ISDS,immune,IFITM1,0.565537,1.248576,0.107504,0.116637,0.679922,3
ISDS,immune,B2M,0.900138,2.752724,0.237013,0.099971,0.69877,4
ISDS,immune,BST2,0.494164,0.908033,0.078183,0.083693,0.637863,5
ISDS,immune,UBE2L6,0.398121,0.63413,0.054599,0.083523,0.597241,6
ISDS,immune,ISG15,0.376488,0.588534,0.050674,0.072245,0.606841,7
ISDS,immune,PLSCR1,0.339249,0.428773,0.036918,0.051529,0.497863,8
ISDS,immune,ISG20,0.247074,0.273283,0.02353,0.037686,0.449481,9
ISDS,immune,IRF1,0.315375,0.381007,0.032805,0.031803,0.354424,10
ISDS,immune,IFIT3,0.105075,0.107133,0.009224,0.022819,0.41586,11
ISDS,immune,MX1,0.218103,0.220862,0.019016,0.020343,0.34438,12
ISDS,immune,IFIT2,0.075739,0.084903,0.00731,0.018308,0.325803,13
ISDS,immune,NMI,0.166852,0.130843,0.011266,0.015416,0.319965,14
ISDS,immune,RTP4,0.11155,0.08921,0.007681,0.014589,0.351613,15
ISDS,immune,PARP9,0.166005,0.12672,0.010911,0.014172,0.318445,16
ISDS,immune,IFIH1,0.101755,0.079907,0.00688,0.012488,0.31187,17
ISDS,immune,SP110,0.112712,0.079564,0.006851,0.009859,0.255101,18
ISDS,immune,OASL,0.049541,0.044041,0.003792,0.009585,0.282633,19
ISDS,immune,IFI44,0.121511,0.094555,0.008141,0.009289,0.273756,20
ISDS,immune,SAMD9L,0.061661,0.042811,0.003686,0.005873,0.226533,21
ISDS,immune,TXNIP,0.180665,0.170687,0.014696,0.005737,0.116588,22
ISDS,immune,USP18,0.07823,0.054965,0.004733,0.00509,0.167089,23
ISDS,immune,STAT2,0.07813,0.054994,0.004735,0.002481,0.090153,24
ISDS,immune,IL4R,0.057908,0.033901,0.002919,0.002352,0.091002,25
ISDS,immune,IRF9,0.04217,0.025421,0.002189,0.001413,0.085964,26
ISDS,immune,DHX58,0.019607,0.011687,0.001006,0.000781,0.06748,27
KEGG_APM,immune,HLA-B,0.702505,1.782024,0.062447,0.06763,0.788534,1
KEGG_APM,immune,CD74,0.659522,1.662588,0.058261,0.06254,0.766414,2
KEGG_APM,immune,HLA-A,0.616024,1.318806,0.046214,0.058304,0.721649,3
KEGG_APM,immune,HLA-DRA,0.399299,0.831256,0.029129,0.054124,0.708761,4
KEGG_APM,immune,HLA-C,0.708233,1.645742,0.057671,0.050524,0.690998,5
KEGG_APM,immune,HLA-DRB1,0.337008,0.661529,0.023182,0.049924,0.692407,6
KEGG_APM,immune,B2M,0.900138,2.752724,0.096462,0.046999,0.724387,7
KEGG_APM,immune,HLA-DPA1,0.318497,0.539656,0.018911,0.039551,0.654613,8
KEGG_APM,immune,HLA-DRB5,0.25242,0.423107,0.014827,0.036423,0.631083,9
KEGG_APM,immune,HLA-DQB1,0.223897,0.373878,0.013102,0.035956,0.623173,10
KEGG_APM,immune,LGMN,0.283466,0.4206,0.014739,0.03514,0.518811,11
KEGG_APM,immune,HLA-DPB1,0.28056,0.445288,0.015604,0.034772,0.624013,12
KEGG_APM,immune,TAP1,0.316371,0.444378,0.015572,0.031216,0.60204,13
KEGG_APM,immune,HSP90AA1,0.759916,1.595004,0.055893,0.030214,0.464989,14
KEGG_APM,immune,HLA-E,0.48759,0.675438,0.023669,0.027853,0.559282,15
KEGG_APM,immune,HLA-DQA1,0.193814,0.291217,0.010205,0.027239,0.596445,16
KEGG_APM,immune,CALR,0.662975,1.164733,0.040815,0.026809,0.447715,17
KEGG_APM,immune,PSME2,0.557884,0.86087,0.030167,0.025109,0.451109,18
KEGG_APM,immune,HSPA5,0.512178,0.755573,0.026477,0.024333,0.442221,19
KEGG_APM,immune,HSP90AB1,0.842545,1.965416,0.068873,0.023494,0.37679,20
KEGG_APM,immune,HLA-DMA,0.255392,0.312697,0.010958,0.023066,0.576079,21
KEGG_APM,immune,PDIA3,0.518968,0.731181,0.025622,0.023056,0.451624,22
KEGG_APM,immune,PSME1,0.573772,0.836288,0.029306,0.020561,0.43291,23
KEGG_APM,immune,HLA-F,0.248867,0.277007,0.009707,0.019829,0.556513,24
KEGG_APM,immune,HSPA1A,0.494613,0.753689,0.026411,0.016823,0.363247,25
KEGG_APM,immune,HSPA8,0.727741,1.346447,0.047183,0.015774,0.301704,26
KEGG_APM,immune,CTSS,0.171966,0.185983,0.006517,0.015763,0.492722,27
KEGG_APM,immune,HLA-DQA2,0.105557,0.10704,0.003751,0.009931,0.429604,28
KEGG_APM,immune,TAPBP,0.341889,0.334065,0.011706,0.009923,0.375992,29
KEGG_APM,immune,CTSB,0.476948,0.61051,0.021394,0.009708,0.283938,30
KEGG_APM,immune,HSPA1B,0.383843,0.480447,0.016836,0.006578,0.256653,31
KEGG_APM,immune,CANX,0.461574,0.52852,0.018521,0.006124,0.253932,32
KEGG_APM,immune,HLA-DMB,0.08497,0.065343,0.00229,0.005927,0.383246,33
KEGG_APM,immune,CTSL,0.193864,0.163365,0.005725,0.005174,0.233319,34
KEGG_APM,immune,RFXANK,0.226786,0.17344,0.006078,0.003362,0.195683,35
KEGG_APM,immune,TAP2,0.067936,0.045185,0.001583,0.003197,0.275124,36
KEGG_APM,immune,NFYC,0.203012,0.149552,0.005241,0.003058,0.181947,37
KEGG_APM,immune,RFX5,0.118805,0.078503,0.002751,0.002249,0.179819,38
KEGG_APM,immune,HSPA4,0.210234,0.17027,0.005967,0.001712,0.155845,39
KEGG_APM,immune,HSPA6,0.03357,0.037755,0.001323,0.001473,0.127582,40
KEGG_APM,immune,CIITA,0.035612,0.024409,0.000855,0.001439,0.193695,41
KEGG_APM,immune,PSME3,0.180798,0.132499,0.004643,0.001336,0.125544,42
KEGG_APM,immune,HLA-DOB,0.028074,0.017198,0.000603,0.001273,0.184666,43
KEGG_APM,immune,IFI30,0.047134,0.03059,0.001072,0.001143,0.162074,44
KEGG_APM,immune,HLA-G,0.017333,0.010747,0.000377,0.000996,0.161915,45
KEGG_APM,immune,CREB1,0.135457,0.092393,0.003238,0.000874,0.104644,46
KEGG_APM,immune,NFYB,0.104693,0.069511,0.002436,0.000328,0.075352,47
KEGG_APM,immune,HLA-DOA,0.011572,0.008349,0.000293,0.000304,0.098562,48
KEGG_APM,immune,CD8A,0.00865,0.008493,0.000298,0.000269,0.063531,49
KEGG_APM,immune,CD8B,0.009696,0.00847,0.000297,0.000162,0.043768,50
KEGG_APM,immune,HSPA2,0.07715,0.057666,0.002021,0.000104,0.072845,51
KEGG_APM,immune,KLRC1,0.002175,0.001936,6.8e-05,6e-05,0.039754,52
KEGG_APM,immune,CD4,0.009347,0.007518,0.000263,4.3e-05,0.045317,53
KEGG_APM,immune,NFYA,0.062922,0.042504,0.001489,3.9e-05,0.043545,54
KEGG_APM,immune,RFXAP,0.025601,0.015123,0.00053,3.8e-05,0.023303,55
KEGG_APM,immune,LTA,0.002191,0.001382,4.8e-05,3.1e-05,0.032505,56
KEGG_APM,immune,KLRC3,0.001029,0.000785,2.7e-05,3.1e-05,0.030228,57
KEGG_APM,immune,KLRD1,0.00772,0.006536,0.000229,2.6e-05,0.027126,58
KEGG_APM,immune,HSPA1L,0.003536,0.002024,7.1e-05,1.6e-05,0.016645,59
KEGG_APM,immune,KIR2DL4,0.000382,0.000298,1e-05,1e-05,0.020439,60
KEGG_APM,immune,KIR3DL2,0.000232,0.000169,6e-06,1e-05,0.018621,61
KEGG_APM,immune,KLRC2,0.000598,0.000466,1.6e-05,9e-06,0.019636,62
KEGG_APM,immune,KIR3DL1,0.000199,0.000207,7e-06,7e-06,0.015657,63
KEGG_APM,immune,KIR2DL3,0.000133,0.00011,4e-06,3e-06,0.011693,64
KEGG_APM,immune,KIR2DL1,0.0001,0.00012,4e-06,2e-06,0.00889,65
KEGG_APM,immune,KLRC4,0.000199,0.000137,5e-06,2e-06,0.010452,66
LIM_STEM,stemness,VIM,0.625504,1.391322,0.047222,0.03358,0.437746,1
LIM_STEM,stemness,LGALS1,0.616954,1.318958,0.044766,0.023846,0.231175,2
LIM_STEM,stemness,TAGLN,0.253565,0.471507,0.016003,0.023316,0.401212,3
LIM_STEM,stemness,MYL9,0.266349,0.36077,0.012245,0.018107,0.27815,4
LIM_STEM,stemness,KRT14,0.168296,0.265406,0.009008,0.017651,0.274843,5
LIM_STEM,stemness,TPM2,0.232232,0.306378,0.010399,0.016919,0.303704,6
LIM_STEM,stemness,CALD1,0.42231,0.550496,0.018684,0.015928,0.206589,7
LIM_STEM,stemness,CRYAB,0.366211,0.583592,0.019807,0.015589,0.201051,8
LIM_STEM,stemness,MYLK,0.144821,0.182731,0.006202,0.01554,0.304687,9
LIM_STEM,stemness,APOE,0.279282,0.449376,0.015252,0.014982,0.195957,10
LIM_STEM,stemness,IGFBP4,0.308751,0.408342,0.013859,0.014851,0.219377,11
LIM_STEM,stemness,ACTA2,0.126808,0.178938,0.006073,0.01373,0.250585,12
LIM_STEM,stemness,GSN,0.429432,0.515686,0.017503,0.013167,0.135781,13
LIM_STEM,stemness,SERPING1,0.290821,0.508278,0.017251,0.013047,0.059997,14
LIM_STEM,stemness,ITGB1,0.423555,0.490376,0.016644,0.012923,0.146261,15
LIM_STEM,stemness,CXCL14,0.0987,0.164194,0.005573,0.011915,0.294646,16
LIM_STEM,stemness,CDKN1A,0.375691,0.514206,0.017452,0.01188,0.094782,17
LIM_STEM,stemness,FABP5,0.420733,0.704503,0.023911,0.011011,0.083802,18
LIM_STEM,stemness,IGFBP2,0.213239,0.275342,0.009345,0.010005,0.197022,19
LIM_STEM,stemness,GEM,0.169575,0.181196,0.00615,0.009606,0.204155,20
LIM_STEM,stemness,NNMT,0.259376,0.319445,0.010842,0.009118,0.123668,21
LIM_STEM,stemness,DST,0.216559,0.211039,0.007163,0.009099,0.152993,22
LIM_STEM,stemness,KRT5,0.199724,0.270202,0.009171,0.009055,0.12421,23
LIM_STEM,stemness,CALU,0.380107,0.40717,0.013819,0.009004,0.055231,24
LIM_STEM,stemness,PRNP,0.253283,0.229424,0.007787,0.008853,0.152311,25
LIM_STEM,stemness,ACTG2,0.11766,0.210095,0.007131,0.008769,0.23564,26
LIM_STEM,stemness,SERPINH1,0.324357,0.337226,0.011446,0.008288,0.134885,27
LIM_STEM,stemness,PDLIM4,0.252237,0.252128,0.008557,0.008135,0.120912,28
LIM_STEM,stemness,LAMB3,0.148307,0.167154,0.005673,0.00805,0.113251,29
LIM_STEM,stemness,KRT16,0.173277,0.244222,0.008289,0.007767,0.126531,30
LIM_STEM,stemness,ICAM1,0.211446,0.253136,0.008592,0.007419,0.05731,31
LIM_STEM,stemness,CDH3,0.188618,0.174099,0.005909,0.007387,0.116121,32
LIM_STEM,stemness,MYC,0.295137,0.334691,0.011359,0.007283,0.076979,33
LIM_STEM,stemness,CSRP2,0.308419,0.351292,0.011923,0.007259,0.075218,34
LIM_STEM,stemness,CAV1,0.105108,0.113896,0.003866,0.006879,0.226194,35
LIM_STEM,stemness,TIMP3,0.116365,0.125597,0.004263,0.006839,0.245907,36
LIM_STEM,stemness,THBS1,0.158302,0.1618,0.005492,0.006375,0.153956,37
LIM_STEM,stemness,SPHK1,0.176166,0.167036,0.005669,0.006166,0.106125,38
LIM_STEM,stemness,ITGA6,0.205087,0.174491,0.005922,0.006162,0.115583,39
LIM_STEM,stemness,CCDC85B,0.323975,0.318601,0.010813,0.006055,0.009353,40
LIM_STEM,stemness,MAOB,0.141633,0.137657,0.004672,0.005947,0.160153,41
LIM_STEM,stemness,PPP1R14A,0.103847,0.103645,0.003518,0.005918,0.218395,42
LIM_STEM,stemness,PLPP1,0.140006,0.106692,0.003621,0.005807,0.145988,43
LIM_STEM,stemness,ID4,0.129016,0.114161,0.003875,0.005713,0.1777,44
LIM_STEM,stemness,SBSPON,0.152956,0.140165,0.004757,0.005671,0.068988,45
LIM_STEM,stemness,MIA,0.136536,0.142854,0.004849,0.005261,0.196365,46
LIM_STEM,stemness,SYNM,0.128103,0.100347,0.003406,0.005234,0.143975,47
LIM_STEM,stemness,DKK3,0.047931,0.045399,0.001541,0.004999,0.229545,48
LIM_STEM,stemness,COL4A2,0.113791,0.107366,0.003644,0.004913,0.159147,49
LIM_STEM,stemness,NTRK2,0.088124,0.07673,0.002604,0.004876,0.144343,50
LIM_STEM,stemness,SEMA3C,0.128053,0.10551,0.003581,0.004833,0.05799,51
LIM_STEM,stemness,TUBB6,0.160493,0.12463,0.00423,0.004687,0.120463,52
LIM_STEM,stemness,ITGB4,0.179503,0.153757,0.005219,0.004653,0.072902,53
LIM_STEM,stemness,TSHZ2,0.063005,0.055144,0.001872,0.004584,0.155612,54
LIM_STEM,stemness,LBH,0.111019,0.109181,0.003706,0.00458,0.162166,55
LIM_STEM,stemness,GYPC,0.1546,0.15723,0.005336,0.00451,0.130053,56
LIM_STEM,stemness,PDLIM7,0.134677,0.102171,0.003468,0.004474,0.121984,57
LIM_STEM,stemness,TES,0.228098,0.193431,0.006565,0.004374,0.004558,58
LIM_STEM,stemness,TINAGL1,0.158783,0.129641,0.0044,0.004274,0.041663,59
LIM_STEM,stemness,MYH11,0.026547,0.028794,0.000977,0.004203,0.194312,60
LIM_STEM,stemness,CNN1,0.027311,0.031572,0.001072,0.004188,0.210761,61
LIM_STEM,stemness,HACD1,0.125977,0.106416,0.003612,0.004129,0.127429,62
LIM_STEM,stemness,RND3,0.187074,0.170076,0.005772,0.004053,0.042851,63
LIM_STEM,stemness,PLS3,0.129514,0.10823,0.003673,0.003997,0.129066,64
LIM_STEM,stemness,COL18A1,0.128534,0.102968,0.003495,0.003968,0.115959,65
LIM_STEM,stemness,COL17A1,0.024007,0.024133,0.000819,0.003966,0.190818,66
LIM_STEM,stemness,TRIM29,0.111251,0.092734,0.003147,0.003933,0.12333,67
LIM_STEM,stemness,POSTN,0.054854,0.074191,0.002518,0.003803,0.205359,68
LIM_STEM,stemness,MBNL1,0.208424,0.169044,0.005737,0.003708,0.041949,69
LIM_STEM,stemness,HTRA1,0.064898,0.062481,0.002121,0.003681,0.164265,70
LIM_STEM,stemness,MATN2,0.061146,0.046154,0.001566,0.003638,0.180428,71
LIM_STEM,stemness,TM7SF3,0.225425,0.184285,0.006255,0.003629,-0.033642,72
LIM_STEM,stemness,PDGFA,0.079674,0.063091,0.002141,0.003537,0.109734,73
LIM_STEM,stemness,RAB34,0.181894,0.142642,0.004841,0.003488,0.063242,74
LIM_STEM,stemness,TGFB1I1,0.061378,0.047765,0.001621,0.003403,0.144293,75
LIM_STEM,stemness,IGFBP3,0.090482,0.104585,0.00355,0.003311,0.131624,76
LIM_STEM,stemness,BAG3,0.193183,0.152366,0.005171,0.003311,-0.00548,77
LIM_STEM,stemness,CRISPLD1,0.085086,0.066321,0.002251,0.003212,0.134979,78
LIM_STEM,stemness,MEST,0.165773,0.17936,0.006088,0.003089,0.032694,79
LIM_STEM,stemness,SERPINF1,0.065944,0.085722,0.002909,0.003055,0.19639,80
LIM_STEM,stemness,MME,0.037571,0.031441,0.001067,0.003046,0.102806,81
LIM_STEM,stemness,ATP2A2,0.17595,0.125071,0.004245,0.003017,-0.008969,82
LIM_STEM,stemness,ADAMTS1,0.06855,0.058042,0.00197,0.003013,0.167614,83
LIM_STEM,stemness,SGCB,0.152159,0.106722,0.003622,0.00291,0.048897,84
LIM_STEM,stemness,ANTXR1,0.099763,0.070703,0.0024,0.0029,0.1345,85
LIM_STEM,stemness,CTNNAL1,0.133598,0.093005,0.003157,0.002895,0.049243,86
LIM_STEM,stemness,RBPMS,0.168147,0.134098,0.004551,0.002889,0.015472,87
LIM_STEM,stemness,CALML3,0.040194,0.054356,0.001845,0.002869,0.075145,88
LIM_STEM,stemness,SLC25A4,0.190029,0.149054,0.005059,0.002846,-0.03232,89
LIM_STEM,stemness,JAG1,0.092541,0.062346,0.002116,0.002845,0.039161,90
LIM_STEM,stemness,COL14A1,0.047698,0.042492,0.001442,0.002833,0.208739,91
LIM_STEM,stemness,SLC1A5,0.168844,0.128176,0.00435,0.002826,0.001324,92
LIM_STEM,stemness,ITM2A,0.033437,0.034822,0.001182,0.00278,0.174971,93
LIM_STEM,stemness,COL4A1,0.06269,0.063064,0.00214,0.00278,0.158558,94
LIM_STEM,stemness,GNB4,0.143211,0.108575,0.003685,0.002746,0.080507,95
LIM_STEM,stemness,EGR2,0.075059,0.057438,0.001949,0.002688,0.094938,96
LIM_STEM,stemness,FOXP1,0.15875,0.123239,0.004183,0.002667,-0.041534,97
LIM_STEM,stemness,PKP1,0.082895,0.064025,0.002173,0.002665,0.06567,98
LIM_STEM,stemness,FERMT2,0.106005,0.069536,0.00236,0.002625,0.063455,99
LIM_STEM,stemness,MMP2,0.055767,0.054361,0.001845,0.002577,0.176557,100
LIM_STEM,stemness,RARRES2,0.087344,0.104266,0.003539,0.002513,0.140054,101
LIM_STEM,stemness,PHLDA3,0.114937,0.081486,0.002766,0.002505,0.004477,102
LIM_STEM,stemness,BMP7,0.052944,0.04695,0.001593,0.002485,0.115342,103
LIM_STEM,stemness,TNS4,0.03611,0.027349,0.000928,0.002476,0.098605,104
LIM_STEM,stemness,LAMC1,0.080653,0.054253,0.001841,0.002471,0.094088,105
LIM_STEM,stemness,UPP1,0.113675,0.089513,0.003038,0.002436,0.065691,106
LIM_STEM,stemness,HSPG2,0.066708,0.050617,0.001718,0.002419,0.149092,107
LIM_STEM,stemness,STAC2,0.072834,0.064678,0.002195,0.002412,0.094372,108
LIM_STEM,stemness,MSRB3,0.038251,0.027685,0.00094,0.00241,0.177948,109
LIM_STEM,stemness,AEBP1,0.045108,0.04982,0.001691,0.002322,0.176097,110
LIM_STEM,stemness,HRAS,0.151976,0.099303,0.00337,0.002295,-0.03494,111
LIM_STEM,stemness,KLHL21,0.090565,0.057169,0.00194,0.00229,0.053671,112
LIM_STEM,stemness,PPP1R18,0.119486,0.090333,0.003066,0.002233,0.04638,113
LIM_STEM,stemness,QKI,0.118822,0.080286,0.002725,0.002225,0.063162,114
LIM_STEM,stemness,DUSP6,0.064516,0.04423,0.001501,0.002198,0.079944,115
LIM_STEM,stemness,KCNMB1,0.030448,0.02181,0.00074,0.002179,0.132758,116
LIM_STEM,stemness,TCF7L1,0.111517,0.073346,0.002489,0.002135,0.042576,117
LIM_STEM,stemness,LIMA1,0.127887,0.10286,0.003491,0.00213,-0.031421,118
LIM_STEM,stemness,SNCA,0.057593,0.054092,0.001836,0.002122,0.138611,119
LIM_STEM,stemness,EGFR,0.080853,0.050221,0.001705,0.002117,0.073978,120
LIM_STEM,stemness,LRP1,0.065529,0.046412,0.001575,0.002117,0.119386,121
LIM_STEM,stemness,ENC1,0.09367,0.061354,0.002082,0.002062,0.040506,122
LIM_STEM,stemness,PLPP3,0.08668,0.057225,0.001942,0.002048,0.029769,123
LIM_STEM,stemness,THY1,0.033719,0.042723,0.00145,0.002031,0.158484,124
LIM_STEM,stemness,PCOLCE,0.054306,0.052276,0.001774,0.002009,0.114408,125
LIM_STEM,stemness,TMEM64,0.086265,0.056229,0.001908,0.001994,0.089263,126
LIM_STEM,stemness,VCAN,0.052795,0.054341,0.001844,0.001974,0.137454,127
LIM_STEM,stemness,SNAI2,0.027991,0.022099,0.00075,0.001968,0.166825,128
LIM_STEM,stemness,TPST1,0.075955,0.046038,0.001563,0.001959,0.096012,129
LIM_STEM,stemness,LTBP4,0.110753,0.08657,0.002938,0.001951,0.08421,130
LIM_STEM,stemness,DCBLD2,0.096758,0.062926,0.002136,0.001933,0.068431,131
LIM_STEM,stemness,P3H2,0.050056,0.035387,0.001201,0.001907,0.10435,132
LIM_STEM,stemness,NRP2,0.038799,0.028812,0.000978,0.00187,0.140237,133
LIM_STEM,stemness,TP63,0.02067,0.017183,0.000583,0.001866,0.152529,134
LIM_STEM,stemness,CCND2,0.020686,0.018716,0.000635,0.001859,0.124516,135
LIM_STEM,stemness,LUZP1,0.105474,0.065718,0.00223,0.001858,0.025271,136
LIM_STEM,stemness,MCAM,0.054903,0.036503,0.001239,0.001856,0.111103,137
LIM_STEM,stemness,SRPX,0.047017,0.037419,0.00127,0.001853,0.128147,138
LIM_STEM,stemness,GJA1,0.047748,0.033265,0.001129,0.001851,0.125487,139
LIM_STEM,stemness,TMEM47,0.072701,0.046277,0.001571,0.001825,0.101364,140
LIM_STEM,stemness,CNP,0.147328,0.103115,0.0035,0.001825,-0.008634,141
LIM_STEM,stemness,PCBP4,0.116381,0.076606,0.0026,0.001819,0.020793,142
LIM_STEM,stemness,COL16A1,0.080853,0.057533,0.001953,0.0018,0.053165,143
LIM_STEM,stemness,LAMA3,0.039912,0.028213,0.000958,0.001775,0.079234,144
LIM_STEM,stemness,EGR3,0.040592,0.028596,0.000971,0.001771,0.093356,145
LIM_STEM,stemness,PXN,0.110322,0.075213,0.002553,0.00173,-0.014036,146
LIM_STEM,stemness,TACC1,0.091212,0.069209,0.002349,0.001727,0.056273,147
LIM_STEM,stemness,PRRX1,0.060515,0.05051,0.001714,0.001727,0.046934,148
LIM_STEM,stemness,NRP1,0.075291,0.053519,0.001816,0.001725,0.076841,149
LIM_STEM,stemness,LHFPL6,0.043548,0.032485,0.001103,0.00171,0.127517,150
LIM_STEM,stemness,PROS1,0.034001,0.024698,0.000838,0.001708,0.106591,151
LIM_STEM,stemness,WIF1,0.020122,0.021654,0.000735,0.001658,0.131788,152
LIM_STEM,stemness,SSBP2,0.123736,0.087128,0.002957,0.001656,-0.007528,153
LIM_STEM,stemness,EOGT,0.0602,0.040146,0.001363,0.001653,0.067142,154
LIM_STEM,stemness,P3H1,0.085817,0.053891,0.001829,0.001647,0.047157,155
LIM_STEM,stemness,MEF2C,0.039629,0.032942,0.001118,0.001643,0.122163,156
LIM_STEM,stemness,SORBS1,0.049773,0.031615,0.001073,0.001642,0.072208,157
LIM_STEM,stemness,TNS1,0.057062,0.037014,0.001256,0.001635,0.060193,158
LIM_STEM,stemness,CADM1,0.081865,0.053672,0.001822,0.001632,0.08156,159
LIM_STEM,stemness,NSG1,0.017416,0.013272,0.00045,0.001597,0.13216,160
LIM_STEM,stemness,FAS,0.067687,0.04415,0.001498,0.001591,0.006654,161
LIM_STEM,stemness,DPYSL3,0.068766,0.04751,0.001613,0.001577,0.106045,162
LIM_STEM,stemness,LIFR,0.064699,0.04364,0.001481,0.001558,0.073536,163
LIM_STEM,stemness,SMTN,0.070642,0.046886,0.001591,0.001521,0.0624,164
LIM_STEM,stemness,SULF1,0.034582,0.031749,0.001078,0.001518,0.08842,165
LIM_STEM,stemness,PXDC1,0.073598,0.04579,0.001554,0.0015,0.072841,166
LIM_STEM,stemness,IL17B,0.008716,0.008309,0.000282,0.001491,0.138476,167
LIM_STEM,stemness,LGALS7,0.01192,0.012392,0.000421,0.001475,0.113024,168
LIM_STEM,stemness,FST,0.022081,0.015589,0.000529,0.001468,0.111472,169
LIM_STEM,stemness,NBL1,0.078196,0.057004,0.001935,0.001456,0.045595,170
LIM_STEM,stemness,TGFBR3,0.04046,0.028639,0.000972,0.001454,0.097539,171
LIM_STEM,stemness,SKI,0.08751,0.052131,0.001769,0.001449,0.018278,172
LIM_STEM,stemness,TCF4,0.036691,0.035753,0.001213,0.001428,0.116547,173
LIM_STEM,stemness,GOLIM4,0.074776,0.049944,0.001695,0.001421,0.025305,174
LIM_STEM,stemness,MXRA7,0.060382,0.035079,0.001191,0.001397,0.080505,175
LIM_STEM,stemness,ARC,0.037255,0.031922,0.001083,0.001363,0.091601,176
LIM_STEM,stemness,EPAS1,0.077051,0.055721,0.001891,0.001356,0.019345,177
LIM_STEM,stemness,TSKU,0.093719,0.065589,0.002226,0.001355,-0.004208,178
LIM_STEM,stemness,CHST3,0.051417,0.02891,0.000981,0.001355,0.094322,179
LIM_STEM,stemness,VSIR,0.048014,0.031688,0.001076,0.001338,0.072871,180
LIM_STEM,stemness,C19orf12,0.115086,0.076622,0.002601,0.001331,0.008644,181
LIM_STEM,stemness,FHOD3,0.037587,0.01965,0.000667,0.001329,0.10848,182
LIM_STEM,stemness,IL6ST,0.195507,0.182416,0.006191,0.001324,-0.003237,183
LIM_STEM,stemness,FEZ1,0.02673,0.015244,0.000517,0.001317,0.143285,184
LIM_STEM,stemness,MTSS1,0.083692,0.056445,0.001916,0.001315,0.023614,185
LIM_STEM,stemness,IRX4,0.037388,0.023199,0.000787,0.001311,0.061428,186
LIM_STEM,stemness,PTPRE,0.05487,0.037131,0.00126,0.001304,0.034112,187
LIM_STEM,stemness,SLC6A8,0.08414,0.053928,0.00183,0.001299,0.018579,188
LIM_STEM,stemness,ERF,0.115734,0.080338,0.002727,0.001288,-0.02934,189
LIM_STEM,stemness,LARGE2,0.071223,0.053519,0.001816,0.001266,0.010072,190
LIM_STEM,stemness,PGF,0.027062,0.017336,0.000588,0.001263,0.093987,191
LIM_STEM,stemness,NETO2,0.057444,0.033759,0.001146,0.001256,0.038808,192
LIM_STEM,stemness,SEMA5A,0.012037,0.009655,0.000328,0.001251,0.116494,193
LIM_STEM,stemness,OSR1,0.031561,0.021508,0.00073,0.00124,0.112102,194
LIM_STEM,stemness,RECK,0.056232,0.034226,0.001162,0.001229,0.082901,195
LIM_STEM,stemness,NGFR,0.011356,0.008649,0.000294,0.001218,0.128633,196
LIM_STEM,stemness,EFNB1,0.040144,0.023142,0.000785,0.001208,0.071258,197
LIM_STEM,stemness,IGFBP6,0.026995,0.029168,0.00099,0.001193,0.129178,198
LIM_STEM,stemness,AMOTL1,0.041871,0.027679,0.000939,0.001182,0.089729,199
LIM_STEM,stemness,SNTB2,0.06186,0.036243,0.00123,0.00117,0.027171,200
LIM_STEM,stemness,NRG1,0.021732,0.015471,0.000525,0.001165,0.109386,201
LIM_STEM,stemness,BCAR1,0.085468,0.051279,0.00174,0.001164,-0.029452,202
LIM_STEM,stemness,LMOD1,0.009297,0.008347,0.000283,0.001155,0.130983,203
LIM_STEM,stemness,ETS1,0.043913,0.029429,0.000999,0.001146,0.087247,204
LIM_STEM,stemness,FMOD,0.033918,0.031027,0.001053,0.001124,0.059909,205
LIM_STEM,stemness,SIAH2,0.106918,0.066628,0.002261,0.001123,-0.019804,206
LIM_STEM,stemness,L3HYPDH,0.064765,0.041011,0.001392,0.001118,0.001517,207
LIM_STEM,stemness,LAMB1,0.036525,0.022809,0.000774,0.001117,0.122441,208
LIM_STEM,stemness,ELP5,0.175137,0.141915,0.004817,0.001113,-0.028744,209
LIM_STEM,stemness,LIMS2,0.023658,0.017412,0.000591,0.001107,0.119326,210
LIM_STEM,stemness,RCN3,0.058224,0.045892,0.001558,0.001094,0.086962,211
LIM_STEM,stemness,BMP1,0.044975,0.026036,0.000884,0.001093,0.094235,212
LIM_STEM,stemness,UNC45A,0.119386,0.079795,0.002708,0.001086,-0.042834,213
LIM_STEM,stemness,SRGN,0.050902,0.063467,0.002154,0.001084,0.053954,214
LIM_STEM,stemness,PHLDB1,0.049757,0.032952,0.001118,0.001071,0.036608,215
LIM_STEM,stemness,COL9A2,0.047416,0.033982,0.001153,0.001048,0.040181,216
LIM_STEM,stemness,PCDH7,0.034665,0.017785,0.000604,0.001034,0.086054,217
LIM_STEM,stemness,NPTX2,0.018428,0.016556,0.000562,0.001028,0.087797,218
LIM_STEM,stemness,PDPN,0.013348,0.012869,0.000437,0.001024,0.113535,219
LIM_STEM,stemness,TSPYL2,0.101008,0.07474,0.002537,0.001024,-0.03108,220
LIM_STEM,stemness,SLC2A3,0.03083,0.037023,0.001257,0.001012,0.096749,221
LIM_STEM,stemness,NT5E,0.037969,0.028195,0.000957,0.001009,0.070335,222
LIM_STEM,stemness,KLHL42,0.067372,0.042074,0.001428,0.000993,0.001,223
LIM_STEM,stemness,COL5A1,0.03264,0.023938,0.000812,0.00099,0.056835,224
LIM_STEM,stemness,TMEM178A,0.009828,0.008578,0.000291,0.00099,0.109903,225
LIM_STEM,stemness,SPRED1,0.047532,0.030384,0.001031,0.000986,0.046971,226
LIM_STEM,stemness,CPNE8,0.046802,0.028812,0.000978,0.000985,0.080364,227
LIM_STEM,stemness,IL17RD,0.031262,0.018414,0.000625,0.000979,0.06881,228
LIM_STEM,stemness,LRRN1,0.048362,0.034428,0.001168,0.000975,0.052543,229
LIM_STEM,stemness,COL12A1,0.049408,0.044627,0.001515,0.000961,0.071692,230
LIM_STEM,stemness,VSNL1,0.038766,0.027935,0.000948,0.000959,0.04171,231
LIM_STEM,stemness,PRICKLE1,0.076901,0.052296,0.001775,0.000956,0.041609,232
LIM_STEM,stemness,CBLB,0.080288,0.053984,0.001832,0.000939,-0.003665,233
LIM_STEM,stemness,SEC24D,0.079674,0.053925,0.00183,0.000936,0.004621,234
LIM_STEM,stemness,NXN,0.045009,0.027159,0.000922,0.00093,0.046687,235
LIM_STEM,stemness,PLEKHA4,0.040061,0.024803,0.000842,0.000914,0.04056,236
LIM_STEM,stemness,AHI1,0.104826,0.070114,0.00238,0.00091,-0.017926,237
LIM_STEM,stemness,CLMP,0.026995,0.015463,0.000525,0.000903,0.098436,238
LIM_STEM,stemness,DLK2,0.011522,0.007765,0.000264,0.000889,0.109506,239
LIM_STEM,stemness,STAC,0.047333,0.030924,0.00105,0.000876,0.023353,240
LIM_STEM,stemness,MEG3,0.009231,0.009941,0.000337,0.000875,0.112241,241
LIM_STEM,stemness,TCOF1,0.097322,0.063141,0.002143,0.000862,-0.033102,242
LIM_STEM,stemness,YAF2,0.111417,0.074706,0.002536,0.000858,-0.044352,243
LIM_STEM,stemness,PAMR1,0.00611,0.005,0.00017,0.000849,0.115256,244
LIM_STEM,stemness,COL5A2,0.021716,0.023912,0.000812,0.000842,0.100825,245
LIM_STEM,stemness,SLC12A4,0.040426,0.023478,0.000797,0.000841,0.036286,246
LIM_STEM,stemness,SLC27A3,0.041937,0.02384,0.000809,0.000839,0.04099,247
LIM_STEM,stemness,EVA1A,0.046221,0.032928,0.001118,0.000837,0.046684,248
LIM_STEM,stemness,MPDZ,0.046785,0.027751,0.000942,0.000834,0.035069,249
LIM_STEM,stemness,GNAI1,0.072485,0.053735,0.001824,0.000829,0.007863,250
LIM_STEM,stemness,SLCO3A1,0.031909,0.019098,0.000648,0.000829,0.027863,251
LIM_STEM,stemness,PKD1,0.066326,0.041971,0.001425,0.000818,0.01786,252
LIM_STEM,stemness,LAMA1,0.020387,0.014061,0.000477,0.000818,0.098409,253
LIM_STEM,stemness,ADARB1,0.038716,0.023139,0.000785,0.000807,0.088705,254
LIM_STEM,stemness,MALT1,0.057693,0.034799,0.001181,0.000779,0.005691,255
LIM_STEM,stemness,TMEM121,0.050022,0.027563,0.000935,0.00077,0.020259,256
LIM_STEM,stemness,MAMDC2,0.008799,0.006342,0.000215,0.000766,0.100921,257
LIM_STEM,stemness,ADAMTS2,0.012518,0.007657,0.00026,0.000766,0.10717,258
LIM_STEM,stemness,ANGPTL2,0.010061,0.009191,0.000312,0.000759,0.109231,259
LIM_STEM,stemness,GPC3,0.021782,0.018045,0.000612,0.000742,0.069676,260
LIM_STEM,stemness,ELK3,0.038251,0.026279,0.000892,0.000738,0.044363,261
LIM_STEM,stemness,EDNRB,0.017814,0.013152,0.000446,0.000737,0.111179,262
LIM_STEM,stemness,EXT1,0.046403,0.026522,0.0009,0.000729,0.016954,263
LIM_STEM,stemness,ACVR2A,0.024986,0.016225,0.000551,0.00072,0.028186,264
LIM_STEM,stemness,AKT3,0.031245,0.019413,0.000659,0.000719,0.018318,265
LIM_STEM,stemness,CDC42EP2,0.053559,0.035721,0.001212,0.000708,-0.012925,266
LIM_STEM,stemness,SCHIP1,0.02839,0.016782,0.00057,0.000703,0.083412,267
LIM_STEM,stemness,OXTR,0.009596,0.0061,0.000207,0.0007,0.083109,268
LIM_STEM,stemness,COL7A1,0.013132,0.008941,0.000303,0.000696,0.067288,269
LIM_STEM,stemness,FGFRL1,0.042103,0.024617,0.000836,0.000691,0.018263,270
LIM_STEM,stemness,DUSP7,0.025816,0.015164,0.000515,0.00069,0.048612,271
LIM_STEM,stemness,PLA2G7,0.033752,0.022101,0.00075,0.000682,0.051209,272
LIM_STEM,stemness,ISM1,0.009563,0.005316,0.00018,0.000675,0.111789,273
LIM_STEM,stemness,BACH1,0.074013,0.052646,0.001787,0.000671,-0.000955,274
LIM_STEM,stemness,NTF3,0.005562,0.00407,0.000138,0.000669,0.100306,275
LIM_STEM,stemness,PPP2R2B,0.020122,0.010379,0.000352,0.000663,0.107788,276
LIM_STEM,stemness,CDH13,0.007039,0.005964,0.000202,0.000662,0.075303,277
LIM_STEM,stemness,C1QTNF4,0.00933,0.006593,0.000224,0.000654,0.105097,278
LIM_STEM,stemness,PTGS2,0.014311,0.010343,0.000351,0.000653,0.101031,279
LIM_STEM,stemness,CYGB,0.008102,0.006408,0.000217,0.000647,0.090007,280
LIM_STEM,stemness,GNG11,0.037587,0.050977,0.00173,0.000641,0.075534,281
LIM_STEM,stemness,TRIM9,0.021981,0.010727,0.000364,0.00064,0.101342,282
LIM_STEM,stemness,CLIP3,0.02243,0.015916,0.00054,0.000639,0.090171,283
LIM_STEM,stemness,HEG1,0.018528,0.011966,0.000406,0.000638,0.079789,284
LIM_STEM,stemness,FJX1,0.025401,0.013375,0.000454,0.000638,0.056423,285
LIM_STEM,stemness,ARHGEF28,0.034499,0.020057,0.000681,0.000623,0.025409,286
LIM_STEM,stemness,SMIM13,0.054571,0.032614,0.001107,0.000619,0.014545,287
LIM_STEM,stemness,ENPP2,0.02135,0.016171,0.000549,0.000611,0.085145,288
LIM_STEM,stemness,GPSM1,0.032358,0.016511,0.00056,0.000604,0.062728,289
LIM_STEM,stemness,ZNF219,0.055883,0.032159,0.001091,0.000601,-0.034366,290
LIM_STEM,stemness,ITGA1,0.009928,0.008657,0.000294,0.000599,0.078606,291
LIM_STEM,stemness,PLCH2,0.011107,0.006814,0.000231,0.000598,0.054548,292
LIM_STEM,stemness,WTIP,0.025318,0.016366,0.000555,0.000594,0.069884,293
LIM_STEM,stemness,BCL2L11,0.068517,0.044088,0.001496,0.000593,-0.016879,294
LIM_STEM,stemness,JAM3,0.006259,0.004636,0.000157,0.000583,0.096642,295
LIM_STEM,stemness,RAPGEF1,0.044743,0.02513,0.000853,0.00058,-0.001363,296
LIM_STEM,stemness,LGR6,0.011107,0.007172,0.000243,0.000563,0.066117,297
LIM_STEM,stemness,ADGRL1,0.05849,0.034533,0.001172,0.000554,-0.017366,298
LIM_STEM,stemness,FZD8,0.020271,0.01024,0.000348,0.000551,0.069104,299
LIM_STEM,stemness,SSH1,0.033586,0.019909,0.000676,0.000549,0.015966,300
LIM_STEM,stemness,BCOR,0.048777,0.026617,0.000903,0.000541,-0.024306,301
LIM_STEM,stemness,EPHB1,0.017183,0.008369,0.000284,0.000533,0.074306,302
LIM_STEM,stemness,RARB,0.016851,0.01133,0.000385,0.000525,0.038857,303
LIM_STEM,stemness,AGPAT4,0.030897,0.018,0.000611,0.000523,0.054738,304
LIM_STEM,stemness,IL6,0.018943,0.014386,0.000488,0.000519,0.039557,305
LIM_STEM,stemness,SLC27A6,0.010592,0.008071,0.000274,0.000519,0.081618,306
LIM_STEM,stemness,SLC1A3,0.023077,0.017026,0.000578,0.000517,0.055002,307
LIM_STEM,stemness,CSPG4,0.012651,0.008525,0.000289,0.000515,0.092859,308
LIM_STEM,stemness,ITGA9,0.013249,0.006956,0.000236,0.000515,0.077638,309
LIM_STEM,stemness,FHL1,0.012917,0.01044,0.000354,0.000515,0.087557,310
LIM_STEM,stemness,KANK4,0.023575,0.01387,0.000471,0.000511,0.052833,311
LIM_STEM,stemness,CAVIN2,0.005861,0.004922,0.000167,0.000507,0.092486,312
LIM_STEM,stemness,EPDR1,0.013249,0.008541,0.00029,0.000501,0.055665,313
LIM_STEM,stemness,FXYD1,0.036292,0.034969,0.001187,0.000501,0.048515,314
LIM_STEM,stemness,FBLN7,0.01207,0.007159,0.000243,0.000498,0.070236,315
LIM_STEM,stemness,PCDHGC3,0.018893,0.010439,0.000354,0.000497,0.071244,316
LIM_STEM,stemness,SOBP,0.021334,0.011553,0.000392,0.000492,0.056099,317
LIM_STEM,stemness,NLGN2,0.025269,0.014563,0.000494,0.000482,0.03756,318
LIM_STEM,stemness,SDK2,0.010078,0.005306,0.00018,0.000469,0.062724,319
LIM_STEM,stemness,TWIST2,0.008351,0.007664,0.00026,0.000466,0.057212,320
LIM_STEM,stemness,HDAC4,0.034184,0.018536,0.000629,0.000465,0.022715,321
LIM_STEM,stemness,RHOJ,0.009828,0.006422,0.000218,0.00046,0.102891,322
LIM_STEM,stemness,JAM2,0.009961,0.008982,0.000305,0.000459,0.08747,323
LIM_STEM,stemness,MICAL2,0.039729,0.02471,0.000839,0.000459,-0.009829,324
LIM_STEM,stemness,DLL1,0.010376,0.007107,0.000241,0.000457,0.048753,325
LIM_STEM,stemness,PEG3,0.01803,0.012486,0.000424,0.000454,0.009274,326
LIM_STEM,stemness,WIPF1,0.025833,0.019195,0.000651,0.000452,0.060246,327
LIM_STEM,stemness,NRCAM,0.019458,0.008912,0.000302,0.000452,0.089837,328
LIM_STEM,stemness,FBXO30,0.038849,0.025225,0.000856,0.000448,0.007721,329
LIM_STEM,stemness,IL1B,0.019591,0.022276,0.000756,0.000442,0.062849,330
LIM_STEM,stemness,PRICKLE2,0.017266,0.010795,0.000366,0.000441,0.013295,331
LIM_STEM,stemness,LCA5,0.032673,0.020477,0.000695,0.000423,-0.016008,332
LIM_STEM,stemness,SLC4A3,0.027958,0.015739,0.000534,0.000418,0.025339,333
LIM_STEM,stemness,PARD6G,0.018561,0.008998,0.000305,0.000417,0.034147,334
LIM_STEM,stemness,INKA1,0.011954,0.007272,0.000247,0.000417,0.064914,335
LIM_STEM,stemness,RCSD1,0.036674,0.03351,0.001137,0.000416,0.01959,336
LIM_STEM,stemness,RASL12,0.011954,0.007789,0.000264,0.000415,0.095373,337
LIM_STEM,stemness,SLIT3,0.008384,0.007252,0.000246,0.000413,0.078076,338
LIM_STEM,stemness,PRDM1,0.013913,0.009157,0.000311,0.000413,0.054875,339
LIM_STEM,stemness,SCN4B,0.005379,0.003202,0.000109,0.000409,0.086163,340
LIM_STEM,stemness,PLXNA2,0.026945,0.016322,0.000554,0.000409,0.015596,341
LIM_STEM,stemness,CRLF1,0.017831,0.012275,0.000417,0.000406,0.083357,342
LIM_STEM,stemness,RFLNB,0.018628,0.009255,0.000314,0.000406,0.064368,343
LIM_STEM,stemness,FAM184A,0.022396,0.011083,0.000376,0.0004,0.035301,344
LIM_STEM,stemness,FAM216A,0.030863,0.018061,0.000613,0.0004,0.037948,345
LIM_STEM,stemness,ARHGAP24,0.019591,0.011335,0.000385,0.000385,0.014547,346
LIM_STEM,stemness,DMWD,0.037056,0.019378,0.000658,0.000381,-0.003251,347
LIM_STEM,stemness,VIT,0.011638,0.006742,0.000229,0.000379,0.061535,348
LIM_STEM,stemness,AXL,0.006574,0.004621,0.000157,0.000375,0.078343,349
LIM_STEM,stemness,CCDC3,0.019474,0.012979,0.000441,0.00037,0.058264,350
LIM_STEM,stemness,ARHGEF25,0.016386,0.009242,0.000314,0.000359,0.03116,351
LIM_STEM,stemness,CPXM1,0.007454,0.008622,0.000293,0.000359,0.060602,352
LIM_STEM,stemness,SIMC1,0.034632,0.018911,0.000642,0.000353,-0.001341,353
LIM_STEM,stemness,GPR87,0.0128,0.007667,0.00026,0.00035,0.025181,354
LIM_STEM,stemness,SYDE1,0.016967,0.008702,0.000295,0.000349,0.044741,355
LIM_STEM,stemness,LCAT,0.013166,0.00799,0.000271,0.000348,0.04044,356
LIM_STEM,stemness,DCUN1D3,0.03699,0.022424,0.000761,0.000342,-0.034304,357
LIM_STEM,stemness,LAG3,0.020852,0.015271,0.000518,0.000336,0.024307,358
LIM_STEM,stemness,PCDH18,0.013083,0.012384,0.00042,0.000333,0.079212,359
LIM_STEM,stemness,NDN,0.020138,0.012136,0.000412,0.00033,-0.029679,360
LIM_STEM,stemness,LRRC8C,0.014759,0.007803,0.000265,0.00033,0.050159,361
LIM_STEM,stemness,TMEM201,0.028921,0.015425,0.000524,0.000329,-0.00654,362
LIM_STEM,stemness,CNRIP1,0.01026,0.00847,0.000287,0.000327,0.085409,363
LIM_STEM,stemness,TMEM204,0.012086,0.009667,0.000328,0.000322,0.05519,364
LIM_STEM,stemness,KLHL29,0.00674,0.003552,0.000121,0.000321,0.059356,365
LIM_STEM,stemness,RUSC2,0.016984,0.008738,0.000297,0.000318,0.034767,366
LIM_STEM,stemness,THSD1,0.00523,0.003228,0.00011,0.000303,0.051958,367
LIM_STEM,stemness,PTPRT,0.013083,0.007611,0.000258,0.000301,-0.031961,368
LIM_STEM,stemness,ELOVL4,0.01554,0.009538,0.000324,0.000298,0.048664,369
LIM_STEM,stemness,DOCK10,0.011954,0.008096,0.000275,0.000297,0.057253,370
LIM_STEM,stemness,NUDT11,0.010941,0.007131,0.000242,0.000295,0.053804,371
LIM_STEM,stemness,TBX2,0.012651,0.005661,0.000192,0.000294,0.063775,372
LIM_STEM,stemness,EEPD1,0.021998,0.012369,0.00042,0.000292,0.002481,373
LIM_STEM,stemness,HAS2,0.011439,0.005676,0.000193,0.000292,0.083607,374
LIM_STEM,stemness,RASIP1,0.037372,0.02776,0.000942,0.000291,-0.015679,375
LIM_STEM,stemness,ARHGAP20,0.004781,0.003218,0.000109,0.000278,0.058883,376
LIM_STEM,stemness,SOX11,0.039331,0.026237,0.000891,0.000276,0.012201,377
LIM_STEM,stemness,GJC1,0.013365,0.008257,0.00028,0.000276,0.06074,378
LIM_STEM,stemness,TOX,0.010343,0.006302,0.000214,0.000275,0.078689,379
LIM_STEM,stemness,FLRT2,0.006342,0.004263,0.000145,0.000275,0.073347,380
LIM_STEM,stemness,C1QTNF12,0.009845,0.005689,0.000193,0.000269,0.012736,381
LIM_STEM,stemness,TTYH2,0.015008,0.007019,0.000238,0.000265,0.050479,382
LIM_STEM,stemness,TSHZ3,0.003918,0.003013,0.000102,0.000263,0.066153,383
LIM_STEM,stemness,TRO,0.012103,0.009313,0.000316,0.00026,0.032558,384
LIM_STEM,stemness,ADGRA2,0.009679,0.005129,0.000174,0.000259,0.073415,385
LIM_STEM,stemness,ALDH1L2,0.020155,0.01501,0.000509,0.000251,0.03357,386
LIM_STEM,stemness,PRX,0.010659,0.007012,0.000238,0.000251,0.024367,387
LIM_STEM,stemness,DZIP1L,0.007554,0.004586,0.000156,0.000246,0.062049,388
LIM_STEM,stemness,VGLL3,0.006375,0.006352,0.000216,0.000243,0.065922,389
LIM_STEM,stemness,PODN,0.005811,0.007158,0.000243,0.000239,0.064631,390
LIM_STEM,stemness,TMEM255B,0.011771,0.008326,0.000283,0.000227,0.02344,391
LIM_STEM,stemness,COL23A1,0.005213,0.002772,9.4e-05,0.000225,0.05148,392
LIM_STEM,stemness,SCARF2,0.006193,0.004471,0.000152,0.000224,0.057813,393
LIM_STEM,stemness,DCHS1,0.008517,0.005736,0.000195,0.000222,0.043251,394
LIM_STEM,stemness,TRPC1,0.008451,0.004763,0.000162,0.000219,0.046936,395
LIM_STEM,stemness,RFX2,0.019574,0.011018,0.000374,0.000219,-0.006196,396
LIM_STEM,stemness,FLNC,0.005811,0.003687,0.000125,0.000219,0.053197,397
LIM_STEM,stemness,SGIP1,0.004665,0.004163,0.000141,0.000217,0.053484,398
LIM_STEM,stemness,NECTIN3,0.01119,0.006192,0.00021,0.000216,0.039289,399
LIM_STEM,stemness,NGF,0.003154,0.002002,6.8e-05,0.000213,0.065423,400
LIM_STEM,stemness,CARD10,0.011389,0.00644,0.000219,0.000213,0.010889,401
LIM_STEM,stemness,SLC38A5,0.009098,0.007235,0.000246,0.000207,0.052789,402
LIM_STEM,stemness,STXBP4,0.021433,0.014201,0.000482,0.000205,-0.000315,403
LIM_STEM,stemness,OSBPL6,0.014859,0.008723,0.000296,0.000204,0.007452,404
LIM_STEM,stemness,FGL2,0.007222,0.006956,0.000236,0.000202,0.049864,405
LIM_STEM,stemness,ARMH4,0.009247,0.005612,0.00019,0.000197,0.036121,406
LIM_STEM,stemness,MRGPRF,0.003852,0.003442,0.000117,0.000191,0.050938,407
LIM_STEM,stemness,QRICH2,0.01368,0.006874,0.000233,0.000191,0.020547,408
LIM_STEM,stemness,GPR176,0.008932,0.004681,0.000159,0.00019,0.038114,409
LIM_STEM,stemness,ARHGAP25,0.009413,0.005851,0.000199,0.000183,0.010847,410
LIM_STEM,stemness,ABI3BP,0.005213,0.00663,0.000225,0.000183,0.056023,411
LIM_STEM,stemness,MSX1,0.007388,0.004549,0.000154,0.000176,0.039088,412
LIM_STEM,stemness,SH3TC1,0.009762,0.006653,0.000226,0.000164,0.004531,413
LIM_STEM,stemness,SVEP1,0.002789,0.002642,9e-05,0.000163,0.054866,414
LIM_STEM,stemness,SHE,0.007786,0.004233,0.000144,0.000141,0.033808,415
LIM_STEM,stemness,EID3,0.013132,0.007252,0.000246,0.000137,0.017874,416
LIM_STEM,stemness,CHST7,0.01212,0.006615,0.000224,0.000135,0.00102,417
LIM_STEM,stemness,SCML2,0.014776,0.008764,0.000297,0.00012,0.010286,418
LIM_STEM,stemness,LRP4,0.003304,0.001779,6e-05,0.000118,0.038167,419
LIM_STEM,stemness,EVC,0.006774,0.003557,0.000121,0.000116,0.012323,420
LIM_STEM,stemness,KCNIP3,0.010011,0.004693,0.000159,0.000116,0.021218,421
LIM_STEM,stemness,TENM3,0.002756,0.002022,6.9e-05,0.000108,0.024973,422
LIM_STEM,stemness,ARSI,0.003121,0.001571,5.3e-05,0.000103,0.032005,423
LIM_STEM,stemness,CD70,0.007853,0.006181,0.00021,9.7e-05,-0.000708,424
LIM_STEM,stemness,PKNOX2,0.006807,0.002681,9.1e-05,9.6e-05,0.032331,425
LIM_STEM,stemness,GPR3,0.006541,0.003271,0.000111,9.6e-05,0.024052,426
LIM_STEM,stemness,SLIT2,0.003902,0.002547,8.6e-05,9.5e-05,0.022071,427
LIM_STEM,stemness,MEDAG,0.003785,0.003691,0.000125,9.3e-05,0.040492,428
LIM_STEM,stemness,PPP1R16B,0.004449,0.003616,0.000123,9.1e-05,0.016869,429
LIM_STEM,stemness,POPDC2,0.002025,0.001215,4.1e-05,8.8e-05,0.022259,430
LIM_STEM,stemness,TIE1,0.002889,0.003407,0.000116,8.5e-05,0.039769,431
LIM_STEM,stemness,ZNF423,0.003055,0.002078,7.1e-05,8.5e-05,0.018713,432
LIM_STEM,stemness,EBF3,0.00347,0.001286,4.4e-05,8.5e-05,0.049528,433
LIM_STEM,stemness,ANKRD1,0.003437,0.003838,0.00013,8.2e-05,0.037902,434
LIM_STEM,stemness,KCNMA1,0.053376,0.045044,0.001529,7.8e-05,-0.05337,435
LIM_STEM,stemness,POU3F1,0.004068,0.002192,7.4e-05,7.8e-05,0.019932,436
LIM_STEM,stemness,KRT75,0.001411,0.001172,4e-05,7.7e-05,0.034267,437
LIM_STEM,stemness,MGARP,0.001577,0.000988,3.4e-05,7.6e-05,0.034563,438
LIM_STEM,stemness,CACNB4,0.011456,0.007746,0.000263,7.4e-05,-0.036315,439
LIM_STEM,stemness,MFNG,0.005296,0.004654,0.000158,6.8e-05,0.018155,440
LIM_STEM,stemness,LRCH2,0.002142,0.001538,5.2e-05,6.6e-05,0.033359,441
LIM_STEM,stemness,HS3ST3A1,0.002474,0.00146,5e-05,6.4e-05,0.0283,442
LIM_STEM,stemness,STARD8,0.002358,0.001262,4.3e-05,5.9e-05,0.030942,443
LIM_STEM,stemness,CDH4,0.001893,0.000918,3.1e-05,5.5e-05,0.033859,444
LIM_STEM,stemness,HSPB2,0.002872,0.001746,5.9e-05,5.4e-05,0.012071,445
LIM_STEM,stemness,AQP9,0.001942,0.001653,5.6e-05,5.2e-05,0.015155,446
LIM_STEM,stemness,MAP3K7CL,0.006176,0.004704,0.00016,4.8e-05,-0.006351,447
LIM_STEM,stemness,PPP1R3C,0.015125,0.011298,0.000383,4.8e-05,-0.001822,448
LIM_STEM,stemness,CSDC2,0.000714,0.000486,1.6e-05,4.6e-05,0.028077,449
LIM_STEM,stemness,PSD2,0.00083,0.000362,1.2e-05,4.4e-05,0.030618,450
LIM_STEM,stemness,ACER2,0.005396,0.003192,0.000108,4.3e-05,-0.013582,451
LIM_STEM,stemness,ASPHD2,0.003719,0.001632,5.5e-05,4.2e-05,0.007004,452
LIM_STEM,stemness,ZC3H12B,0.000714,0.00043,1.5e-05,4.2e-05,0.025162,453
LIM_STEM,stemness,BNC1,0.002191,0.000967,3.3e-05,3.5e-05,0.013062,454
LIM_STEM,stemness,SORCS1,0.002092,0.000758,2.6e-05,3.5e-05,0.011463,455
LIM_STEM,stemness,PCDH19,0.00264,0.001322,4.5e-05,3.2e-05,0.015595,456
LIM_STEM,stemness,RELN,0.00093,0.000772,2.6e-05,2.6e-05,0.01406,457
LIM_STEM,stemness,UCN2,0.000531,0.000214,7e-06,2.2e-05,0.021145,458
LIM_STEM,stemness,SH2D5,0.001029,0.000393,1.3e-05,2.1e-05,0.019401,459
LIM_STEM,stemness,HGFAC,0.001046,0.000547,1.9e-05,1.8e-05,0.002351,460
LIM_STEM,stemness,LEP,0.000697,0.00042,1.4e-05,1.7e-05,0.015693,461
LIM_STEM,stemness,IL24,0.000614,0.000605,2.1e-05,1.4e-05,-0.002881,462
LIM_STEM,stemness,MYOCD,0.000315,0.000252,9e-06,4e-06,-0.006628,463
LIM_STEM,stemness,EDARADD,0.022264,0.016363,0.000555,-4.2e-05,-0.068997,464
LIM_STEM,stemness,CD36,0.044494,0.057225,0.001942,-0.00038,-0.071265,465
