subcluster,n,median_nullpos,positive,cohort,resolution
epi_s1,131,0.999,True,Patient16,0.005
epi_s10,2,0.9982500000000001,True,Patient16,0.005
epi_s100,1,0.999,True,Patient16,0.005
epi_s101,1,0.9975,True,Patient16,0.005
epi_s102,1,0.984,True,Patient16,0.005
epi_s103,1,0.9995,True,Patient16,0.005
epi_s104,1,1.0,True,Patient16,0.005
epi_s105,2,0.9955,True,Patient16,0.005
epi_s106,1,0.994,True,Patient16,0.005
epi_s107,2,1.0,True,Patient16,0.005
epi_s108,1,0.9995,True,Patient16,0.005
epi_s109,1,1.0,True,Patient16,0.005
epi_s11,36,1.0,True,Patient16,0.005
epi_s110,1,0.9985,True,Patient16,0.005
epi_s111,1,0.999,True,Patient16,0.005
epi_s112,1,1.0,True,Patient16,0.005
epi_s113,1,0.994,True,Patient16,0.005
epi_s12,227,1.0,True,Patient16,0.005
epi_s13,11,1.0,True,Patient16,0.005
epi_s14,174,1.0,True,Patient16,0.005
epi_s15,67,1.0,True,Patient16,0.005
epi_s16,131,0.994,True,Patient16,0.005
epi_s17,2,1.0,True,Patient16,0.005
epi_s18,13,0.9935,True,Patient16,0.005
epi_s19,58,0.9985,True,Patient16,0.005
epi_s2,79,0.9995,True,Patient16,0.005
epi_s20,65,0.999,True,Patient16,0.005
epi_s21,3,0.9965,True,Patient16,0.005
epi_s22,79,0.9985,True,Patient16,0.005
epi_s23,2,0.85275,False,Patient16,0.005
epi_s24,79,0.9975,True,Patient16,0.005
epi_s25,15,1.0,True,Patient16,0.005
epi_s26,127,1.0,True,Patient16,0.005
epi_s27,134,0.998,True,Patient16,0.005
epi_s28,68,1.0,True,Patient16,0.005
epi_s29,6,1.0,True,Patient16,0.005
epi_s3,382,1.0,True,Patient16,0.005
epi_s30,74,1.0,True,Patient16,0.005
epi_s31,133,1.0,True,Patient16,0.005
epi_s32,153,1.0,True,Patient16,0.005
epi_s33,117,1.0,True,Patient16,0.005
epi_s34,39,1.0,True,Patient16,0.005
epi_s35,76,1.0,True,Patient16,0.005
epi_s36,264,0.9985,True,Patient16,0.005
epi_s37,75,1.0,True,Patient16,0.005
epi_s38,99,1.0,True,Patient16,0.005
epi_s39,93,1.0,True,Patient16,0.005
epi_s4,84,0.9985,True,Patient16,0.005
epi_s40,34,1.0,True,Patient16,0.005
epi_s41,105,0.996,True,Patient16,0.005
epi_s42,108,1.0,True,Patient16,0.005
epi_s43,88,1.0,True,Patient16,0.005
epi_s44,130,1.0,True,Patient16,0.005
epi_s45,52,1.0,True,Patient16,0.005
epi_s46,118,1.0,True,Patient16,0.005
epi_s47,113,0.9995,True,Patient16,0.005
epi_s48,189,1.0,True,Patient16,0.005
epi_s49,54,1.0,True,Patient16,0.005
epi_s5,345,0.293,False,Patient16,0.005
epi_s50,152,0.9995,True,Patient16,0.005
epi_s51,78,1.0,True,Patient16,0.005
epi_s52,42,0.9985,True,Patient16,0.005
epi_s53,56,1.0,True,Patient16,0.005
epi_s54,122,1.0,True,Patient16,0.005
epi_s55,65,1.0,True,Patient16,0.005
epi_s56,72,0.9985,True,Patient16,0.005
epi_s57,55,1.0,True,Patient16,0.005
epi_s58,129,1.0,True,Patient16,0.005
epi_s59,76,1.0,True,Patient16,0.005
epi_s6,63,1.0,True,Patient16,0.005
epi_s60,92,1.0,True,Patient16,0.005
epi_s61,111,1.0,True,Patient16,0.005
epi_s62,49,1.0,True,Patient16,0.005
epi_s63,57,1.0,True,Patient16,0.005
epi_s64,136,0.9985,True,Patient16,0.005
epi_s65,96,1.0,True,Patient16,0.005
epi_s66,42,0.9990000000000001,True,Patient16,0.005
epi_s67,140,1.0,True,Patient16,0.005
epi_s68,77,1.0,True,Patient16,0.005
epi_s69,65,0.9995,True,Patient16,0.005
epi_s7,36,1.0,True,Patient16,0.005
epi_s70,74,0.9995,True,Patient16,0.005
epi_s71,39,0.9965,True,Patient16,0.005
epi_s72,60,1.0,True,Patient16,0.005
epi_s73,99,1.0,True,Patient16,0.005
epi_s74,132,1.0,True,Patient16,0.005
epi_s75,1,1.0,True,Patient16,0.005
epi_s76,88,1.0,True,Patient16,0.005
epi_s77,63,1.0,True,Patient16,0.005
epi_s78,75,0.9985,True,Patient16,0.005
epi_s79,22,1.0,True,Patient16,0.005
epi_s8,146,1.0,True,Patient16,0.005
epi_s80,95,0.9995,True,Patient16,0.005
epi_s81,48,1.0,True,Patient16,0.005
epi_s82,119,0.9995,True,Patient16,0.005
epi_s83,42,1.0,True,Patient16,0.005
epi_s84,55,0.999,True,Patient16,0.005
epi_s85,10,0.99925,True,Patient16,0.005
epi_s86,33,1.0,True,Patient16,0.005
epi_s87,55,1.0,True,Patient16,0.005
epi_s88,42,1.0,True,Patient16,0.005
epi_s89,2,1.0,True,Patient16,0.005
epi_s9,79,0.999,True,Patient16,0.005
epi_s90,36,1.0,True,Patient16,0.005
epi_s91,83,0.999,True,Patient16,0.005
epi_s92,90,0.9985,True,Patient16,0.005
epi_s93,31,1.0,True,Patient16,0.005
epi_s94,26,0.9985,True,Patient16,0.005
epi_s95,46,1.0,True,Patient16,0.005
epi_s96,53,1.0,True,Patient16,0.005
epi_s97,21,1.0,True,Patient16,0.005
epi_s98,1,0.997,True,Patient16,0.005
epi_s99,1,1.0,True,Patient16,0.005
epi_s1,124,0.9995,True,Patient16,0.01
epi_s10,9,1.0,True,Patient16,0.01
epi_s100,19,0.999,True,Patient16,0.01
epi_s101,78,1.0,True,Patient16,0.01
epi_s102,10,1.0,True,Patient16,0.01
epi_s103,29,1.0,True,Patient16,0.01
epi_s104,35,1.0,True,Patient16,0.01
epi_s105,70,0.999,True,Patient16,0.01
epi_s106,41,0.998,True,Patient16,0.01
epi_s107,126,1.0,True,Patient16,0.01
epi_s108,30,0.99775,True,Patient16,0.01
epi_s109,1,1.0,True,Patient16,0.01
epi_s11,30,1.0,True,Patient16,0.01
epi_s110,51,1.0,True,Patient16,0.01
epi_s111,70,1.0,True,Patient16,0.01
epi_s112,10,1.0,True,Patient16,0.01
epi_s113,43,1.0,True,Patient16,0.01
epi_s114,103,0.9985,True,Patient16,0.01
epi_s115,44,1.0,True,Patient16,0.01
epi_s116,81,0.9995,True,Patient16,0.01
epi_s117,51,1.0,True,Patient16,0.01
epi_s118,73,0.9995,True,Patient16,0.01
epi_s119,27,0.9995,True,Patient16,0.01
epi_s12,14,1.0,True,Patient16,0.01
epi_s120,61,0.9975,True,Patient16,0.01
epi_s121,5,0.999,True,Patient16,0.01
epi_s122,33,1.0,True,Patient16,0.01
epi_s123,64,1.0,True,Patient16,0.01
epi_s124,11,1.0,True,Patient16,0.01
epi_s125,50,1.0,True,Patient16,0.01
epi_s126,20,0.99975,True,Patient16,0.01
epi_s127,47,0.999,True,Patient16,0.01
epi_s128,19,0.9965,True,Patient16,0.01
epi_s129,15,1.0,True,Patient16,0.01
epi_s13,33,0.9955,True,Patient16,0.01
epi_s130,71,1.0,True,Patient16,0.01
epi_s131,9,1.0,True,Patient16,0.01
epi_s132,17,1.0,True,Patient16,0.01
epi_s133,46,1.0,True,Patient16,0.01
epi_s134,20,1.0,True,Patient16,0.01
epi_s135,29,1.0,True,Patient16,0.01
epi_s136,3,0.9945,True,Patient16,0.01
epi_s137,55,1.0,True,Patient16,0.01
epi_s138,27,1.0,True,Patient16,0.01
epi_s139,24,0.998,True,Patient16,0.01
epi_s14,11,0.9985,True,Patient16,0.01
epi_s140,20,1.0,True,Patient16,0.01
epi_s141,6,1.0,True,Patient16,0.01
epi_s142,18,0.99575,True,Patient16,0.01
epi_s143,50,0.9982500000000001,True,Patient16,0.01
epi_s144,31,0.9985,True,Patient16,0.01
epi_s145,33,1.0,True,Patient16,0.01
epi_s146,32,1.0,True,Patient16,0.01
epi_s147,51,0.998,True,Patient16,0.01
epi_s148,49,1.0,True,Patient16,0.01
epi_s149,32,0.9985,True,Patient16,0.01
epi_s15,20,0.9895,True,Patient16,0.01
epi_s150,13,0.9995,True,Patient16,0.01
epi_s151,14,1.0,True,Patient16,0.01
epi_s152,30,1.0,True,Patient16,0.01
epi_s153,24,0.9982500000000001,True,Patient16,0.01
epi_s154,16,1.0,True,Patient16,0.01
epi_s155,30,1.0,True,Patient16,0.01
epi_s156,73,0.9985,True,Patient16,0.01
epi_s157,18,1.0,True,Patient16,0.01
epi_s158,28,0.99975,True,Patient16,0.01
epi_s159,13,1.0,True,Patient16,0.01
epi_s16,2,0.99325,True,Patient16,0.01
epi_s160,21,1.0,True,Patient16,0.01
epi_s161,15,1.0,True,Patient16,0.01
epi_s162,51,1.0,True,Patient16,0.01
epi_s163,34,1.0,True,Patient16,0.01
epi_s164,38,1.0,True,Patient16,0.01
epi_s165,27,0.9995,True,Patient16,0.01
epi_s166,70,1.0,True,Patient16,0.01
epi_s167,26,1.0,True,Patient16,0.01
epi_s168,3,1.0,True,Patient16,0.01
epi_s169,17,1.0,True,Patient16,0.01
epi_s17,2,0.9982500000000001,True,Patient16,0.01
epi_s170,16,1.0,True,Patient16,0.01
epi_s171,49,0.9995,True,Patient16,0.01
epi_s172,47,1.0,True,Patient16,0.01
epi_s173,33,0.9995,True,Patient16,0.01
epi_s174,45,1.0,True,Patient16,0.01
epi_s175,22,1.0,True,Patient16,0.01
epi_s176,35,0.998,True,Patient16,0.01
epi_s177,7,1.0,True,Patient16,0.01
epi_s178,16,0.99875,True,Patient16,0.01
epi_s179,13,1.0,True,Patient16,0.01
epi_s18,187,1.0,True,Patient16,0.01
epi_s180,9,1.0,True,Patient16,0.01
epi_s181,20,0.99975,True,Patient16,0.01
epi_s182,2,0.997,True,Patient16,0.01
epi_s183,1,0.9975,True,Patient16,0.01
epi_s184,9,1.0,True,Patient16,0.01
epi_s185,15,1.0,True,Patient16,0.01
epi_s186,3,1.0,True,Patient16,0.01
epi_s187,6,0.99125,True,Patient16,0.01
epi_s188,9,1.0,True,Patient16,0.01
epi_s189,2,1.0,True,Patient16,0.01
epi_s19,49,0.9985,True,Patient16,0.01
epi_s190,1,1.0,True,Patient16,0.01
epi_s191,2,1.0,True,Patient16,0.01
epi_s192,2,0.85275,False,Patient16,0.01
epi_s193,1,1.0,True,Patient16,0.01
epi_s194,4,1.0,True,Patient16,0.01
epi_s195,1,0.9995,True,Patient16,0.01
epi_s196,1,1.0,True,Patient16,0.01
epi_s197,1,0.9985,True,Patient16,0.01
epi_s198,2,0.997,True,Patient16,0.01
epi_s199,1,0.9555,True,Patient16,0.01
epi_s2,69,0.9995,True,Patient16,0.01
epi_s20,15,0.999,True,Patient16,0.01
epi_s200,1,0.994,True,Patient16,0.01
epi_s21,150,1.0,True,Patient16,0.01
epi_s22,12,1.0,True,Patient16,0.01
epi_s23,3,0.999,True,Patient16,0.01
epi_s24,4,0.99975,True,Patient16,0.01
epi_s25,5,1.0,True,Patient16,0.01
epi_s26,103,0.994,True,Patient16,0.01
epi_s27,3,1.0,True,Patient16,0.01
epi_s28,12,1.0,True,Patient16,0.01
epi_s29,51,0.9995,True,Patient16,0.01
epi_s3,157,1.0,True,Patient16,0.01
epi_s30,10,0.99975,True,Patient16,0.01
epi_s31,48,0.9985,True,Patient16,0.01
epi_s32,35,1.0,True,Patient16,0.01
epi_s33,26,0.9982500000000001,True,Patient16,0.01
epi_s34,27,0.9975,True,Patient16,0.01
epi_s35,38,0.9985,True,Patient16,0.01
epi_s36,34,0.99975,True,Patient16,0.01
epi_s37,57,1.0,True,Patient16,0.01
epi_s38,22,0.9985,True,Patient16,0.01
epi_s39,14,0.99975,True,Patient16,0.01
epi_s4,219,1.0,True,Patient16,0.01
epi_s40,77,1.0,True,Patient16,0.01
epi_s41,60,0.9990000000000001,True,Patient16,0.01
epi_s42,45,1.0,True,Patient16,0.01
epi_s43,58,1.0,True,Patient16,0.01
epi_s44,71,1.0,True,Patient16,0.01
epi_s45,19,1.0,True,Patient16,0.01
epi_s46,55,1.0,True,Patient16,0.01
epi_s47,47,1.0,True,Patient16,0.01
epi_s48,132,0.9985,True,Patient16,0.01
epi_s49,55,1.0,True,Patient16,0.01
epi_s5,31,0.995,True,Patient16,0.01
epi_s50,50,1.0,True,Patient16,0.01
epi_s51,42,1.0,True,Patient16,0.01
epi_s52,14,0.99975,True,Patient16,0.01
epi_s53,1,0.9995,True,Patient16,0.01
epi_s54,68,0.991,True,Patient16,0.01
epi_s55,68,1.0,True,Patient16,0.01
epi_s56,95,0.9995,True,Patient16,0.01
epi_s57,20,0.9975,True,Patient16,0.01
epi_s58,50,1.0,True,Patient16,0.01
epi_s59,65,1.0,True,Patient16,0.01
epi_s6,70,0.5315,False,Patient16,0.01
epi_s60,36,1.0,True,Patient16,0.01
epi_s61,26,1.0,True,Patient16,0.01
epi_s62,90,0.9985,True,Patient16,0.01
epi_s63,63,1.0,True,Patient16,0.01
epi_s64,35,0.9975,True,Patient16,0.01
epi_s65,56,1.0,True,Patient16,0.01
epi_s66,37,1.0,True,Patient16,0.01
epi_s67,62,1.0,True,Patient16,0.01
epi_s68,43,0.9985,True,Patient16,0.01
epi_s69,24,0.99875,True,Patient16,0.01
epi_s7,272,0.21825,False,Patient16,0.01
epi_s70,22,1.0,True,Patient16,0.01
epi_s71,58,1.0,True,Patient16,0.01
epi_s72,36,0.9995,True,Patient16,0.01
epi_s73,77,1.0,True,Patient16,0.01
epi_s74,110,0.9995,True,Patient16,0.01
epi_s75,45,1.0,True,Patient16,0.01
epi_s76,68,1.0,True,Patient16,0.01
epi_s77,20,0.99975,True,Patient16,0.01
epi_s78,71,1.0,True,Patient16,0.01
epi_s79,56,1.0,True,Patient16,0.01
epi_s8,48,0.9995,True,Patient16,0.01
epi_s80,88,0.996,True,Patient16,0.01
epi_s81,67,1.0,True,Patient16,0.01
epi_s82,45,0.9995,True,Patient16,0.01
epi_s83,17,0.9965,True,Patient16,0.01
epi_s84,42,0.99975,True,Patient16,0.01
epi_s85,71,1.0,True,Patient16,0.01
epi_s86,23,0.9985,True,Patient16,0.01
epi_s87,57,1.0,True,Patient16,0.01
epi_s88,52,0.99925,True,Patient16,0.01
epi_s89,25,0.996,True,Patient16,0.01
epi_s9,5,0.9995,True,Patient16,0.01
epi_s90,9,1.0,True,Patient16,0.01
epi_s91,79,0.9985,True,Patient16,0.01
epi_s92,38,0.9995,True,Patient16,0.01
epi_s93,46,1.0,True,Patient16,0.01
epi_s94,44,1.0,True,Patient16,0.01
epi_s95,103,1.0,True,Patient16,0.01
epi_s96,71,1.0,True,Patient16,0.01
epi_s97,37,1.0,True,Patient16,0.01
epi_s98,15,1.0,True,Patient16,0.01
epi_s99,74,1.0,True,Patient16,0.01
epi_s1,12,0.99925,True,Patient16,0.02
epi_s10,237,0.182,False,Patient16,0.02
epi_s100,17,0.994,True,Patient16,0.02
epi_s101,29,0.9995,True,Patient16,0.02
epi_s102,36,0.9995,True,Patient16,0.02
epi_s103,39,1.0,True,Patient16,0.02
epi_s104,7,1.0,True,Patient16,0.02
epi_s105,25,1.0,True,Patient16,0.02
epi_s106,21,0.9975,True,Patient16,0.02
epi_s107,30,1.0,True,Patient16,0.02
epi_s108,16,0.9970000000000001,True,Patient16,0.02
epi_s109,5,0.9945,True,Patient16,0.02
epi_s11,72,1.0,True,Patient16,0.02
epi_s110,36,1.0,True,Patient16,0.02
epi_s111,34,1.0,True,Patient16,0.02
epi_s112,56,0.9985,True,Patient16,0.02
epi_s113,14,1.0,True,Patient16,0.02
epi_s114,19,1.0,True,Patient16,0.02
epi_s115,25,1.0,True,Patient16,0.02
epi_s116,25,0.9995,True,Patient16,0.02
epi_s117,17,1.0,True,Patient16,0.02
epi_s118,39,1.0,True,Patient16,0.02
epi_s119,16,1.0,True,Patient16,0.02
epi_s12,24,0.9984999999999999,True,Patient16,0.02
epi_s120,43,1.0,True,Patient16,0.02
epi_s121,18,1.0,True,Patient16,0.02
epi_s122,19,1.0,True,Patient16,0.02
epi_s123,29,1.0,True,Patient16,0.02
epi_s124,36,0.9985,True,Patient16,0.02
epi_s125,9,1.0,True,Patient16,0.02
epi_s126,21,1.0,True,Patient16,0.02
epi_s127,25,0.9985,True,Patient16,0.02
epi_s128,34,1.0,True,Patient16,0.02
epi_s129,33,1.0,True,Patient16,0.02
epi_s13,33,0.9985,True,Patient16,0.02
epi_s130,19,1.0,True,Patient16,0.02
epi_s131,9,1.0,True,Patient16,0.02
epi_s132,18,1.0,True,Patient16,0.02
epi_s133,25,0.9985,True,Patient16,0.02
epi_s134,45,0.9985,True,Patient16,0.02
epi_s135,21,1.0,True,Patient16,0.02
epi_s136,39,0.9985,True,Patient16,0.02
epi_s137,18,1.0,True,Patient16,0.02
epi_s138,30,0.9982500000000001,True,Patient16,0.02
epi_s139,22,1.0,True,Patient16,0.02
epi_s14,16,1.0,True,Patient16,0.02
epi_s140,18,1.0,True,Patient16,0.02
epi_s141,11,0.999,True,Patient16,0.02
epi_s142,57,1.0,True,Patient16,0.02
epi_s143,37,1.0,True,Patient16,0.02
epi_s144,34,0.9985,True,Patient16,0.02
epi_s145,44,1.0,True,Patient16,0.02
epi_s146,17,1.0,True,Patient16,0.02
epi_s147,21,1.0,True,Patient16,0.02
epi_s148,5,1.0,True,Patient16,0.02
epi_s149,42,1.0,True,Patient16,0.02
epi_s15,26,0.9982500000000001,True,Patient16,0.02
epi_s150,50,0.9995,True,Patient16,0.02
epi_s151,23,1.0,True,Patient16,0.02
epi_s152,30,1.0,True,Patient16,0.02
epi_s153,42,1.0,True,Patient16,0.02
epi_s154,53,0.9995,True,Patient16,0.02
epi_s155,81,0.9985,True,Patient16,0.02
epi_s156,34,1.0,True,Patient16,0.02
epi_s157,9,1.0,True,Patient16,0.02
epi_s158,19,0.9965,True,Patient16,0.02
epi_s159,62,0.9985,True,Patient16,0.02
epi_s16,3,0.9925,True,Patient16,0.02
epi_s160,40,1.0,True,Patient16,0.02
epi_s161,37,0.9985,True,Patient16,0.02
epi_s162,39,0.997,True,Patient16,0.02
epi_s163,3,0.999,True,Patient16,0.02
epi_s164,27,1.0,True,Patient16,0.02
epi_s165,9,1.0,True,Patient16,0.02
epi_s166,19,1.0,True,Patient16,0.02
epi_s167,11,0.999,True,Patient16,0.02
epi_s168,62,0.9985,True,Patient16,0.02
epi_s169,33,0.9985,True,Patient16,0.02
epi_s17,4,0.9982500000000001,True,Patient16,0.02
epi_s170,53,1.0,True,Patient16,0.02
epi_s171,52,1.0,True,Patient16,0.02
epi_s172,34,0.99775,True,Patient16,0.02
epi_s173,14,1.0,True,Patient16,0.02
epi_s174,22,1.0,True,Patient16,0.02
epi_s175,20,0.9995,True,Patient16,0.02
epi_s176,4,0.99525,True,Patient16,0.02
epi_s177,3,1.0,True,Patient16,0.02
epi_s178,13,0.9995,True,Patient16,0.02
epi_s179,15,1.0,True,Patient16,0.02
epi_s18,9,1.0,True,Patient16,0.02
epi_s180,84,1.0,True,Patient16,0.02
epi_s181,9,0.9965,True,Patient16,0.02
epi_s182,14,0.996,True,Patient16,0.02
epi_s183,31,1.0,True,Patient16,0.02
epi_s184,13,1.0,True,Patient16,0.02
epi_s185,9,1.0,True,Patient16,0.02
epi_s186,21,1.0,True,Patient16,0.02
epi_s187,23,0.9975,True,Patient16,0.02
epi_s188,21,1.0,True,Patient16,0.02
epi_s189,55,0.9995,True,Patient16,0.02
epi_s19,43,0.9995,True,Patient16,0.02
epi_s190,39,0.9985,True,Patient16,0.02
epi_s191,11,0.998,True,Patient16,0.02
epi_s192,18,0.99325,True,Patient16,0.02
epi_s193,22,1.0,True,Patient16,0.02
epi_s194,6,0.99925,True,Patient16,0.02
epi_s195,30,0.9982500000000001,True,Patient16,0.02
epi_s196,26,1.0,True,Patient16,0.02
epi_s197,18,1.0,True,Patient16,0.02
epi_s198,27,1.0,True,Patient16,0.02
epi_s199,15,1.0,True,Patient16,0.02
epi_s2,56,0.9995,True,Patient16,0.02
epi_s20,5,0.6005,False,Patient16,0.02
epi_s200,1,1.0,True,Patient16,0.02
epi_s201,26,0.9935,True,Patient16,0.02
epi_s202,23,0.999,True,Patient16,0.02
epi_s203,40,1.0,True,Patient16,0.02
epi_s204,15,1.0,True,Patient16,0.02
epi_s205,39,1.0,True,Patient16,0.02
epi_s206,10,1.0,True,Patient16,0.02
epi_s207,10,1.0,True,Patient16,0.02
epi_s208,54,0.9985,True,Patient16,0.02
epi_s209,17,1.0,True,Patient16,0.02
epi_s21,10,0.75125,False,Patient16,0.02
epi_s210,29,1.0,True,Patient16,0.02
epi_s211,44,1.0,True,Patient16,0.02
epi_s212,4,0.99925,True,Patient16,0.02
epi_s213,21,1.0,True,Patient16,0.02
epi_s214,6,0.9995,True,Patient16,0.02
epi_s215,5,1.0,True,Patient16,0.02
epi_s216,34,1.0,True,Patient16,0.02
epi_s217,30,1.0,True,Patient16,0.02
epi_s218,33,1.0,True,Patient16,0.02
epi_s219,19,0.999,True,Patient16,0.02
epi_s22,7,0.9995,True,Patient16,0.02
epi_s220,11,1.0,True,Patient16,0.02
epi_s221,8,1.0,True,Patient16,0.02
epi_s222,31,1.0,True,Patient16,0.02
epi_s223,28,0.99875,True,Patient16,0.02
epi_s224,18,0.9975,True,Patient16,0.02
epi_s225,8,0.99975,True,Patient16,0.02
epi_s226,14,1.0,True,Patient16,0.02
epi_s227,10,1.0,True,Patient16,0.02
epi_s228,23,1.0,True,Patient16,0.02
epi_s229,19,1.0,True,Patient16,0.02
epi_s23,82,1.0,True,Patient16,0.02
epi_s230,19,0.9975,True,Patient16,0.02
epi_s231,23,0.9975,True,Patient16,0.02
epi_s232,14,0.99975,True,Patient16,0.02
epi_s233,9,1.0,True,Patient16,0.02
epi_s234,20,1.0,True,Patient16,0.02
epi_s235,35,1.0,True,Patient16,0.02
epi_s236,28,1.0,True,Patient16,0.02
epi_s237,54,1.0,True,Patient16,0.02
epi_s238,14,1.0,True,Patient16,0.02
epi_s239,14,1.0,True,Patient16,0.02
epi_s24,17,1.0,True,Patient16,0.02
epi_s240,19,1.0,True,Patient16,0.02
epi_s241,26,0.99975,True,Patient16,0.02
epi_s242,15,1.0,True,Patient16,0.02
epi_s243,16,0.99875,True,Patient16,0.02
epi_s244,33,1.0,True,Patient16,0.02
epi_s245,34,1.0,True,Patient16,0.02
epi_s246,6,1.0,True,Patient16,0.02
epi_s247,11,1.0,True,Patient16,0.02
epi_s248,10,0.99975,True,Patient16,0.02
epi_s249,8,1.0,True,Patient16,0.02
epi_s25,14,0.999,True,Patient16,0.02
epi_s250,18,1.0,True,Patient16,0.02
epi_s251,13,1.0,True,Patient16,0.02
epi_s252,67,0.996,True,Patient16,0.02
epi_s253,8,0.99925,True,Patient16,0.02
epi_s254,30,1.0,True,Patient16,0.02
epi_s255,16,1.0,True,Patient16,0.02
epi_s256,2,0.99875,True,Patient16,0.02
epi_s257,33,0.998,True,Patient16,0.02
epi_s258,12,1.0,True,Patient16,0.02
epi_s259,27,0.9985,True,Patient16,0.02
epi_s26,27,0.9995,True,Patient16,0.02
epi_s260,21,1.0,True,Patient16,0.02
epi_s261,5,1.0,True,Patient16,0.02
epi_s262,39,1.0,True,Patient16,0.02
epi_s263,22,1.0,True,Patient16,0.02
epi_s264,3,1.0,True,Patient16,0.02
epi_s265,28,1.0,True,Patient16,0.02
epi_s266,18,1.0,True,Patient16,0.02
epi_s267,27,0.998,True,Patient16,0.02
epi_s268,24,1.0,True,Patient16,0.02
epi_s269,40,1.0,True,Patient16,0.02
epi_s27,1,0.999,True,Patient16,0.02
epi_s270,8,1.0,True,Patient16,0.02
epi_s271,21,1.0,True,Patient16,0.02
epi_s272,19,1.0,True,Patient16,0.02
epi_s273,31,1.0,True,Patient16,0.02
epi_s274,10,1.0,True,Patient16,0.02
epi_s275,12,0.9995,True,Patient16,0.02
epi_s276,19,1.0,True,Patient16,0.02
epi_s277,26,1.0,True,Patient16,0.02
epi_s278,14,1.0,True,Patient16,0.02
epi_s279,4,0.9995,True,Patient16,0.02
epi_s28,8,0.9955,True,Patient16,0.02
epi_s280,24,0.9975,True,Patient16,0.02
epi_s281,21,1.0,True,Patient16,0.02
epi_s282,19,1.0,True,Patient16,0.02
epi_s283,1,1.0,True,Patient16,0.02
epi_s284,27,1.0,True,Patient16,0.02
epi_s285,3,1.0,True,Patient16,0.02
epi_s286,12,1.0,True,Patient16,0.02
epi_s287,28,0.9975,True,Patient16,0.02
epi_s288,19,0.9985,True,Patient16,0.02
epi_s289,11,0.9975,True,Patient16,0.02
epi_s29,1,0.996,True,Patient16,0.02
epi_s290,5,1.0,True,Patient16,0.02
epi_s291,8,0.99975,True,Patient16,0.02
epi_s292,10,0.999,True,Patient16,0.02
epi_s293,17,0.9985,True,Patient16,0.02
epi_s294,16,0.9985,True,Patient16,0.02
epi_s295,7,1.0,True,Patient16,0.02
epi_s296,18,1.0,True,Patient16,0.02
epi_s297,8,1.0,True,Patient16,0.02
epi_s298,4,0.9982500000000001,True,Patient16,0.02
epi_s299,10,1.0,True,Patient16,0.02
epi_s3,71,1.0,True,Patient16,0.02
epi_s30,8,0.9965,True,Patient16,0.02
epi_s300,6,0.99675,True,Patient16,0.02
epi_s301,1,0.994,True,Patient16,0.02
epi_s302,12,1.0,True,Patient16,0.02
epi_s303,14,1.0,True,Patient16,0.02
epi_s304,9,0.996,True,Patient16,0.02
epi_s305,3,0.994,True,Patient16,0.02
epi_s306,26,1.0,True,Patient16,0.02
epi_s307,19,0.9965,True,Patient16,0.02
epi_s308,19,0.9985,True,Patient16,0.02
epi_s309,2,0.9985,True,Patient16,0.02
epi_s31,13,1.0,True,Patient16,0.02
epi_s310,18,1.0,True,Patient16,0.02
epi_s311,17,1.0,True,Patient16,0.02
epi_s312,2,0.999,True,Patient16,0.02
epi_s313,4,1.0,True,Patient16,0.02
epi_s314,19,1.0,True,Patient16,0.02
epi_s315,10,0.99875,True,Patient16,0.02
epi_s316,2,0.997,True,Patient16,0.02
epi_s317,17,1.0,True,Patient16,0.02
epi_s318,5,0.9975,True,Patient16,0.02
epi_s319,6,1.0,True,Patient16,0.02
epi_s32,72,0.9915,True,Patient16,0.02
epi_s320,16,1.0,True,Patient16,0.02
epi_s321,13,1.0,True,Patient16,0.02
epi_s322,18,1.0,True,Patient16,0.02
epi_s323,12,0.9995,True,Patient16,0.02
epi_s324,7,0.9975,True,Patient16,0.02
epi_s325,10,1.0,True,Patient16,0.02
epi_s326,7,1.0,True,Patient16,0.02
epi_s327,4,0.99975,True,Patient16,0.02
epi_s328,3,0.9985,True,Patient16,0.02
epi_s329,1,0.9995,True,Patient16,0.02
epi_s33,5,1.0,True,Patient16,0.02
epi_s330,6,1.0,True,Patient16,0.02
epi_s331,2,0.9884999999999999,True,Patient16,0.02
epi_s332,2,1.0,True,Patient16,0.02
epi_s333,13,0.9985,True,Patient16,0.02
epi_s334,2,0.99925,True,Patient16,0.02
epi_s335,5,1.0,True,Patient16,0.02
epi_s336,5,0.997,True,Patient16,0.02
epi_s337,4,0.9975,True,Patient16,0.02
epi_s338,1,0.999,True,Patient16,0.02
epi_s339,3,0.999,True,Patient16,0.02
epi_s34,19,1.0,True,Patient16,0.02
epi_s340,4,0.99975,True,Patient16,0.02
epi_s341,1,0.9975,True,Patient16,0.02
epi_s342,3,0.991,True,Patient16,0.02
epi_s343,5,1.0,True,Patient16,0.02
epi_s344,1,1.0,True,Patient16,0.02
epi_s345,3,1.0,True,Patient16,0.02
epi_s346,1,1.0,True,Patient16,0.02
epi_s347,7,1.0,True,Patient16,0.02
epi_s348,2,1.0,True,Patient16,0.02
epi_s349,1,0.9995,True,Patient16,0.02
epi_s35,22,0.99325,True,Patient16,0.02
epi_s350,2,1.0,True,Patient16,0.02
epi_s351,1,1.0,True,Patient16,0.02
epi_s352,1,0.9985,True,Patient16,0.02
epi_s353,1,1.0,True,Patient16,0.02
epi_s354,1,1.0,True,Patient16,0.02
epi_s36,9,1.0,True,Patient16,0.02
epi_s37,16,0.99325,True,Patient16,0.02
epi_s38,2,0.9964999999999999,True,Patient16,0.02
epi_s39,4,0.99375,True,Patient16,0.02
epi_s4,160,1.0,True,Patient16,0.02
epi_s40,11,0.999,True,Patient16,0.02
epi_s41,22,0.9985,True,Patient16,0.02
epi_s42,3,0.9995,True,Patient16,0.02
epi_s43,27,0.9975,True,Patient16,0.02
epi_s44,7,0.995,True,Patient16,0.02
epi_s45,24,0.99525,True,Patient16,0.02
epi_s46,34,0.99975,True,Patient16,0.02
epi_s47,12,0.99975,True,Patient16,0.02
epi_s48,17,0.9985,True,Patient16,0.02
epi_s49,13,0.9995,True,Patient16,0.02
epi_s5,14,0.9995,True,Patient16,0.02
epi_s50,44,1.0,True,Patient16,0.02
epi_s51,22,1.0,True,Patient16,0.02
epi_s52,30,1.0,True,Patient16,0.02
epi_s53,35,1.0,True,Patient16,0.02
epi_s54,40,1.0,True,Patient16,0.02
epi_s55,48,1.0,True,Patient16,0.02
epi_s56,13,1.0,True,Patient16,0.02
epi_s57,24,1.0,True,Patient16,0.02
epi_s58,22,1.0,True,Patient16,0.02
epi_s59,35,1.0,True,Patient16,0.02
epi_s6,87,0.451,False,Patient16,0.02
epi_s60,113,1.0,True,Patient16,0.02
epi_s61,11,1.0,True,Patient16,0.02
epi_s62,30,1.0,True,Patient16,0.02
epi_s63,44,1.0,True,Patient16,0.02
epi_s64,1,0.9995,True,Patient16,0.02
epi_s65,47,0.991,True,Patient16,0.02
epi_s66,42,1.0,True,Patient16,0.02
epi_s67,36,0.9985,True,Patient16,0.02
epi_s68,22,1.0,True,Patient16,0.02
epi_s69,13,0.996,True,Patient16,0.02
epi_s7,86,0.9995,True,Patient16,0.02
epi_s70,11,1.0,True,Patient16,0.02
epi_s71,53,1.0,True,Patient16,0.02
epi_s72,9,1.0,True,Patient16,0.02
epi_s73,17,1.0,True,Patient16,0.02
epi_s74,45,0.9985,True,Patient16,0.02
epi_s75,43,0.9985,True,Patient16,0.02
epi_s76,5,1.0,True,Patient16,0.02
epi_s77,35,0.9975,True,Patient16,0.02
epi_s78,8,1.0,True,Patient16,0.02
epi_s79,21,1.0,True,Patient16,0.02
epi_s8,26,0.99475,True,Patient16,0.02
epi_s80,39,1.0,True,Patient16,0.02
epi_s81,33,0.9985,True,Patient16,0.02
epi_s82,6,0.9990000000000001,True,Patient16,0.02
epi_s83,38,1.0,True,Patient16,0.02
epi_s84,14,1.0,True,Patient16,0.02
epi_s85,57,1.0,True,Patient16,0.02
epi_s86,31,0.9995,True,Patient16,0.02
epi_s87,52,1.0,True,Patient16,0.02
epi_s88,11,1.0,True,Patient16,0.02
epi_s89,29,1.0,True,Patient16,0.02
epi_s9,66,1.0,True,Patient16,0.02
epi_s90,24,1.0,True,Patient16,0.02
epi_s91,47,1.0,True,Patient16,0.02
epi_s92,15,1.0,True,Patient16,0.02
epi_s93,16,0.9985,True,Patient16,0.02
epi_s94,49,1.0,True,Patient16,0.02
epi_s95,8,1.0,True,Patient16,0.02
epi_s96,1,0.9805,True,Patient16,0.02
epi_s97,28,0.9985,True,Patient16,0.02
epi_s98,33,1.0,True,Patient16,0.02
epi_s99,9,1.0,True,Patient16,0.02
epi_s1,11,0.999,True,Patient16,0.05
epi_s10,4,0.28,False,Patient16,0.05
epi_s100,19,1.0,True,Patient16,0.05
epi_s101,12,1.0,True,Patient16,0.05
epi_s102,11,1.0,True,Patient16,0.05
epi_s103,33,0.9985,True,Patient16,0.05
epi_s104,16,1.0,True,Patient16,0.05
epi_s105,4,1.0,True,Patient16,0.05
epi_s106,21,0.9975,True,Patient16,0.05
epi_s107,18,0.9975,True,Patient16,0.05
epi_s108,11,1.0,True,Patient16,0.05
epi_s109,7,1.0,True,Patient16,0.05
epi_s11,25,1.0,True,Patient16,0.05
epi_s110,18,0.99975,True,Patient16,0.05
epi_s111,22,1.0,True,Patient16,0.05
epi_s112,16,0.998,True,Patient16,0.05
epi_s113,6,1.0,True,Patient16,0.05
epi_s114,24,1.0,True,Patient16,0.05
epi_s115,13,1.0,True,Patient16,0.05
epi_s116,24,0.9985,True,Patient16,0.05
epi_s117,17,1.0,True,Patient16,0.05
epi_s118,7,1.0,True,Patient16,0.05
epi_s119,12,1.0,True,Patient16,0.05
epi_s12,3,0.9865,True,Patient16,0.05
epi_s120,5,1.0,True,Patient16,0.05
epi_s121,23,1.0,True,Patient16,0.05
epi_s122,8,1.0,True,Patient16,0.05
epi_s123,19,1.0,True,Patient16,0.05
epi_s124,15,1.0,True,Patient16,0.05
epi_s125,8,0.99925,True,Patient16,0.05
epi_s126,33,1.0,True,Patient16,0.05
epi_s127,7,1.0,True,Patient16,0.05
epi_s128,2,0.99,True,Patient16,0.05
epi_s129,20,1.0,True,Patient16,0.05
epi_s13,29,1.0,True,Patient16,0.05
epi_s130,8,1.0,True,Patient16,0.05
epi_s131,10,0.9995,True,Patient16,0.05
epi_s132,12,0.9985,True,Patient16,0.05
epi_s133,14,1.0,True,Patient16,0.05
epi_s134,21,1.0,True,Patient16,0.05
epi_s135,6,1.0,True,Patient16,0.05
epi_s136,17,0.9985,True,Patient16,0.05
epi_s137,21,0.9995,True,Patient16,0.05
epi_s138,18,1.0,True,Patient16,0.05
epi_s139,7,1.0,True,Patient16,0.05
epi_s14,43,1.0,True,Patient16,0.05
epi_s140,8,0.9985,True,Patient16,0.05
epi_s141,7,1.0,True,Patient16,0.05
epi_s142,9,0.985,True,Patient16,0.05
epi_s143,3,0.9995,True,Patient16,0.05
epi_s144,4,0.998,True,Patient16,0.05
epi_s145,23,0.9995,True,Patient16,0.05
epi_s146,3,1.0,True,Patient16,0.05
epi_s147,35,0.9985,True,Patient16,0.05
epi_s148,9,1.0,True,Patient16,0.05
epi_s149,25,0.995,True,Patient16,0.05
epi_s15,2,1.0,True,Patient16,0.05
epi_s150,4,1.0,True,Patient16,0.05
epi_s151,8,1.0,True,Patient16,0.05
epi_s152,20,0.9985,True,Patient16,0.05
epi_s153,18,1.0,True,Patient16,0.05
epi_s154,12,1.0,True,Patient16,0.05
epi_s155,9,1.0,True,Patient16,0.05
epi_s156,11,1.0,True,Patient16,0.05
epi_s157,10,1.0,True,Patient16,0.05
epi_s158,16,1.0,True,Patient16,0.05
epi_s159,15,1.0,True,Patient16,0.05
epi_s16,33,0.351,False,Patient16,0.05
epi_s160,17,0.9985,True,Patient16,0.05
epi_s161,11,1.0,True,Patient16,0.05
epi_s162,11,1.0,True,Patient16,0.05
epi_s163,9,1.0,True,Patient16,0.05
epi_s164,7,1.0,True,Patient16,0.05
epi_s165,27,1.0,True,Patient16,0.05
epi_s166,8,1.0,True,Patient16,0.05
epi_s167,3,1.0,True,Patient16,0.05
epi_s168,6,1.0,True,Patient16,0.05
epi_s169,23,0.9995,True,Patient16,0.05
epi_s17,45,0.999,True,Patient16,0.05
epi_s170,7,1.0,True,Patient16,0.05
epi_s171,8,1.0,True,Patient16,0.05
epi_s172,6,0.9982500000000001,True,Patient16,0.05
epi_s173,20,0.99925,True,Patient16,0.05
epi_s174,9,0.9975,True,Patient16,0.05
epi_s175,13,1.0,True,Patient16,0.05
epi_s176,15,0.9985,True,Patient16,0.05
epi_s177,5,1.0,True,Patient16,0.05
epi_s178,14,1.0,True,Patient16,0.05
epi_s179,9,1.0,True,Patient16,0.05
epi_s18,56,1.0,True,Patient16,0.05
epi_s180,21,1.0,True,Patient16,0.05
epi_s181,24,0.9985,True,Patient16,0.05
epi_s182,3,0.9985,True,Patient16,0.05
epi_s183,8,1.0,True,Patient16,0.05
epi_s184,12,1.0,True,Patient16,0.05
epi_s185,9,1.0,True,Patient16,0.05
epi_s186,5,1.0,True,Patient16,0.05
epi_s187,20,1.0,True,Patient16,0.05
epi_s188,18,1.0,True,Patient16,0.05
epi_s189,10,0.9985,True,Patient16,0.05
epi_s19,130,0.1155,False,Patient16,0.05
epi_s190,8,1.0,True,Patient16,0.05
epi_s191,22,1.0,True,Patient16,0.05
epi_s192,4,0.9990000000000001,True,Patient16,0.05
epi_s193,13,1.0,True,Patient16,0.05
epi_s194,10,1.0,True,Patient16,0.05
epi_s195,20,1.0,True,Patient16,0.05
epi_s196,4,0.9990000000000001,True,Patient16,0.05
epi_s197,8,0.9975,True,Patient16,0.05
epi_s198,14,0.9982500000000001,True,Patient16,0.05
epi_s199,14,0.9990000000000001,True,Patient16,0.05
epi_s2,41,1.0,True,Patient16,0.05
epi_s20,41,0.3885,False,Patient16,0.05
epi_s200,11,1.0,True,Patient16,0.05
epi_s201,26,0.998,True,Patient16,0.05
epi_s202,16,0.9985,True,Patient16,0.05
epi_s203,16,1.0,True,Patient16,0.05
epi_s204,3,1.0,True,Patient16,0.05
epi_s205,13,1.0,True,Patient16,0.05
epi_s206,9,0.998,True,Patient16,0.05
epi_s207,9,1.0,True,Patient16,0.05
epi_s208,5,0.994,True,Patient16,0.05
epi_s209,7,0.9935,True,Patient16,0.05
epi_s21,16,0.99975,True,Patient16,0.05
epi_s210,15,1.0,True,Patient16,0.05
epi_s211,11,1.0,True,Patient16,0.05
epi_s212,6,1.0,True,Patient16,0.05
epi_s213,9,1.0,True,Patient16,0.05
epi_s214,8,1.0,True,Patient16,0.05
epi_s215,18,0.99975,True,Patient16,0.05
epi_s216,21,0.9975,True,Patient16,0.05
epi_s217,2,1.0,True,Patient16,0.05
epi_s218,18,1.0,True,Patient16,0.05
epi_s219,8,0.99875,True,Patient16,0.05
epi_s22,21,0.9985,True,Patient16,0.05
epi_s220,13,0.999,True,Patient16,0.05
epi_s221,25,1.0,True,Patient16,0.05
epi_s222,12,1.0,True,Patient16,0.05
epi_s223,11,1.0,True,Patient16,0.05
epi_s224,28,1.0,True,Patient16,0.05
epi_s225,25,0.998,True,Patient16,0.05
epi_s226,7,1.0,True,Patient16,0.05
epi_s227,1,1.0,True,Patient16,0.05
epi_s228,15,1.0,True,Patient16,0.05
epi_s229,10,0.999,True,Patient16,0.05
epi_s23,4,0.998,True,Patient16,0.05
epi_s230,3,0.9945,True,Patient16,0.05
epi_s231,10,1.0,True,Patient16,0.05
epi_s232,5,1.0,True,Patient16,0.05
epi_s233,10,0.99975,True,Patient16,0.05
epi_s234,13,1.0,True,Patient16,0.05
epi_s235,52,1.0,True,Patient16,0.05
epi_s236,9,0.9895,True,Patient16,0.05
epi_s237,12,0.9990000000000001,True,Patient16,0.05
epi_s238,7,0.9965,True,Patient16,0.05
epi_s239,24,1.0,True,Patient16,0.05
epi_s24,6,0.9995,True,Patient16,0.05
epi_s240,6,0.99475,True,Patient16,0.05
epi_s241,5,1.0,True,Patient16,0.05
epi_s242,5,1.0,True,Patient16,0.05
epi_s243,9,1.0,True,Patient16,0.05
epi_s244,28,0.9995,True,Patient16,0.05
epi_s245,16,0.9975,True,Patient16,0.05
epi_s246,7,1.0,True,Patient16,0.05
epi_s247,12,1.0,True,Patient16,0.05
epi_s248,23,0.9985,True,Patient16,0.05
epi_s249,15,1.0,True,Patient16,0.05
epi_s25,34,0.3225,False,Patient16,0.05
epi_s250,9,0.998,True,Patient16,0.05
epi_s251,17,0.9985,True,Patient16,0.05
epi_s252,12,0.9982500000000001,True,Patient16,0.05
epi_s253,12,0.99525,True,Patient16,0.05
epi_s254,14,1.0,True,Patient16,0.05
epi_s255,4,1.0,True,Patient16,0.05
epi_s256,31,1.0,True,Patient16,0.05
epi_s257,20,0.9995,True,Patient16,0.05
epi_s258,30,1.0,True,Patient16,0.05
epi_s259,4,0.9995,True,Patient16,0.05
epi_s26,5,1.0,True,Patient16,0.05
epi_s260,13,1.0,True,Patient16,0.05
epi_s261,1,1.0,True,Patient16,0.05
epi_s262,11,1.0,True,Patient16,0.05
epi_s263,4,0.99975,True,Patient16,0.05
epi_s264,20,1.0,True,Patient16,0.05
epi_s265,16,1.0,True,Patient16,0.05
epi_s266,9,1.0,True,Patient16,0.05
epi_s267,12,0.9985,True,Patient16,0.05
epi_s268,10,1.0,True,Patient16,0.05
epi_s269,14,0.99675,True,Patient16,0.05
epi_s27,11,0.993,True,Patient16,0.05
epi_s270,6,0.9985,True,Patient16,0.05
epi_s271,11,1.0,True,Patient16,0.05
epi_s272,8,1.0,True,Patient16,0.05
epi_s273,16,1.0,True,Patient16,0.05
epi_s274,19,0.9955,True,Patient16,0.05
epi_s275,7,1.0,True,Patient16,0.05
epi_s276,19,1.0,True,Patient16,0.05
epi_s277,17,1.0,True,Patient16,0.05
epi_s278,7,0.999,True,Patient16,0.05
epi_s279,21,1.0,True,Patient16,0.05
epi_s28,8,0.99375,True,Patient16,0.05
epi_s280,4,0.9985,True,Patient16,0.05
epi_s281,13,1.0,True,Patient16,0.05
epi_s282,25,0.9985,True,Patient16,0.05
epi_s283,27,1.0,True,Patient16,0.05
epi_s284,11,1.0,True,Patient16,0.05
epi_s285,4,0.99875,True,Patient16,0.05
epi_s286,8,1.0,True,Patient16,0.05
epi_s287,9,0.9995,True,Patient16,0.05
epi_s288,24,1.0,True,Patient16,0.05
epi_s289,21,1.0,True,Patient16,0.05
epi_s29,12,1.0,True,Patient16,0.05
epi_s290,28,0.996,True,Patient16,0.05
epi_s291,10,0.99875,True,Patient16,0.05
epi_s292,5,0.9995,True,Patient16,0.05
epi_s293,18,0.99975,True,Patient16,0.05
epi_s294,2,0.9995,True,Patient16,0.05
epi_s295,1,0.9865,True,Patient16,0.05
epi_s296,5,1.0,True,Patient16,0.05
epi_s297,31,1.0,True,Patient16,0.05
epi_s298,18,0.99975,True,Patient16,0.05
epi_s299,6,1.0,True,Patient16,0.05
epi_s3,44,1.0,True,Patient16,0.05
epi_s30,5,0.9975,True,Patient16,0.05
epi_s300,18,1.0,True,Patient16,0.05
epi_s301,13,0.996,True,Patient16,0.05
epi_s302,21,0.9985,True,Patient16,0.05
epi_s303,22,1.0,True,Patient16,0.05
epi_s304,21,0.998,True,Patient16,0.05
epi_s305,10,1.0,True,Patient16,0.05
epi_s306,20,1.0,True,Patient16,0.05
epi_s307,7,1.0,True,Patient16,0.05
epi_s308,5,1.0,True,Patient16,0.05
epi_s309,9,1.0,True,Patient16,0.05
epi_s31,14,0.9995,True,Patient16,0.05
epi_s310,13,1.0,True,Patient16,0.05
epi_s311,17,0.9975,True,Patient16,0.05
epi_s312,13,1.0,True,Patient16,0.05
epi_s313,19,0.9965,True,Patient16,0.05
epi_s314,10,1.0,True,Patient16,0.05
epi_s315,4,0.9985,True,Patient16,0.05
epi_s316,8,1.0,True,Patient16,0.05
epi_s317,7,1.0,True,Patient16,0.05
epi_s318,4,1.0,True,Patient16,0.05
epi_s319,5,1.0,True,Patient16,0.05
epi_s32,5,0.6005,False,Patient16,0.05
epi_s320,15,1.0,True,Patient16,0.05
epi_s321,18,1.0,True,Patient16,0.05
epi_s322,22,0.9982500000000001,True,Patient16,0.05
epi_s323,9,0.998,True,Patient16,0.05
epi_s324,10,1.0,True,Patient16,0.05
epi_s325,19,0.9985,True,Patient16,0.05
epi_s326,14,1.0,True,Patient16,0.05
epi_s327,16,0.9962500000000001,True,Patient16,0.05
epi_s328,11,0.9975,True,Patient16,0.05
epi_s329,16,0.99925,True,Patient16,0.05
epi_s33,3,1.0,True,Patient16,0.05
epi_s330,16,0.9975,True,Patient16,0.05
epi_s331,11,0.998,True,Patient16,0.05
epi_s332,23,0.9955,True,Patient16,0.05
epi_s333,4,0.99925,True,Patient16,0.05
epi_s334,13,1.0,True,Patient16,0.05
epi_s335,32,0.9995,True,Patient16,0.05
epi_s336,9,1.0,True,Patient16,0.05
epi_s337,16,1.0,True,Patient16,0.05
epi_s338,11,1.0,True,Patient16,0.05
epi_s339,41,0.9985,True,Patient16,0.05
epi_s34,4,1.0,True,Patient16,0.05
epi_s340,21,0.9995,True,Patient16,0.05
epi_s341,19,1.0,True,Patient16,0.05
epi_s342,29,1.0,True,Patient16,0.05
epi_s343,19,0.9975,True,Patient16,0.05
epi_s344,9,1.0,True,Patient16,0.05
epi_s345,9,1.0,True,Patient16,0.05
epi_s346,10,1.0,True,Patient16,0.05
epi_s347,9,1.0,True,Patient16,0.05
epi_s348,10,1.0,True,Patient16,0.05
epi_s349,10,0.99875,True,Patient16,0.05
epi_s35,15,1.0,True,Patient16,0.05
epi_s350,15,0.9985,True,Patient16,0.05
epi_s351,9,0.996,True,Patient16,0.05
epi_s352,15,0.9975,True,Patient16,0.05
epi_s353,18,1.0,True,Patient16,0.05
epi_s354,14,1.0,True,Patient16,0.05
epi_s355,12,1.0,True,Patient16,0.05
epi_s356,18,0.9995,True,Patient16,0.05
epi_s357,14,1.0,True,Patient16,0.05
epi_s358,5,1.0,True,Patient16,0.05
epi_s359,8,0.9990000000000001,True,Patient16,0.05
epi_s36,3,0.9925,True,Patient16,0.05
epi_s360,31,0.9995,True,Patient16,0.05
epi_s361,10,0.998,True,Patient16,0.05
epi_s362,18,1.0,True,Patient16,0.05
epi_s363,11,1.0,True,Patient16,0.05
epi_s364,5,0.992,True,Patient16,0.05
epi_s365,6,1.0,True,Patient16,0.05
epi_s366,12,0.99575,True,Patient16,0.05
epi_s367,22,1.0,True,Patient16,0.05
epi_s368,15,1.0,True,Patient16,0.05
epi_s369,5,1.0,True,Patient16,0.05
epi_s37,3,0.9995,True,Patient16,0.05
epi_s370,22,0.9985,True,Patient16,0.05
epi_s371,12,0.99975,True,Patient16,0.05
epi_s372,7,1.0,True,Patient16,0.05
epi_s373,4,0.99975,True,Patient16,0.05
epi_s374,10,0.99975,True,Patient16,0.05
epi_s375,21,1.0,True,Patient16,0.05
epi_s376,8,1.0,True,Patient16,0.05
epi_s377,8,0.9995,True,Patient16,0.05
epi_s378,5,0.9995,True,Patient16,0.05
epi_s379,24,0.99475,True,Patient16,0.05
epi_s38,9,0.9995,True,Patient16,0.05
epi_s380,9,0.9985,True,Patient16,0.05
epi_s381,9,1.0,True,Patient16,0.05
epi_s382,10,1.0,True,Patient16,0.05
epi_s383,4,1.0,True,Patient16,0.05
epi_s384,11,0.9995,True,Patient16,0.05
epi_s385,9,0.999,True,Patient16,0.05
epi_s386,9,1.0,True,Patient16,0.05
epi_s387,8,1.0,True,Patient16,0.05
epi_s388,3,1.0,True,Patient16,0.05
epi_s389,10,1.0,True,Patient16,0.05
epi_s39,3,0.9995,True,Patient16,0.05
epi_s390,9,0.998,True,Patient16,0.05
epi_s391,9,1.0,True,Patient16,0.05
epi_s392,12,0.99725,True,Patient16,0.05
epi_s393,19,1.0,True,Patient16,0.05
epi_s394,7,1.0,True,Patient16,0.05
epi_s395,11,1.0,True,Patient16,0.05
epi_s396,11,1.0,True,Patient16,0.05
epi_s397,9,0.9975,True,Patient16,0.05
epi_s398,14,0.9924999999999999,True,Patient16,0.05
epi_s399,23,1.0,True,Patient16,0.05
epi_s4,62,1.0,True,Patient16,0.05
epi_s40,7,0.9995,True,Patient16,0.05
epi_s400,5,1.0,True,Patient16,0.05
epi_s401,17,1.0,True,Patient16,0.05
epi_s402,25,1.0,True,Patient16,0.05
epi_s403,9,1.0,True,Patient16,0.05
epi_s404,1,0.981,True,Patient16,0.05
epi_s405,2,0.99275,True,Patient16,0.05
epi_s406,5,1.0,True,Patient16,0.05
epi_s407,22,1.0,True,Patient16,0.05
epi_s408,8,0.99175,True,Patient16,0.05
epi_s409,5,1.0,True,Patient16,0.05
epi_s41,39,0.9995,True,Patient16,0.05
epi_s410,6,0.9970000000000001,True,Patient16,0.05
epi_s411,8,0.9982500000000001,True,Patient16,0.05
epi_s412,8,1.0,True,Patient16,0.05
epi_s413,19,0.9965,True,Patient16,0.05
epi_s414,10,0.99925,True,Patient16,0.05
epi_s415,14,1.0,True,Patient16,0.05
epi_s416,21,1.0,True,Patient16,0.05
epi_s417,7,1.0,True,Patient16,0.05
epi_s418,4,0.9984999999999999,True,Patient16,0.05
epi_s419,8,0.9995,True,Patient16,0.05
epi_s42,7,0.673,False,Patient16,0.05
epi_s420,13,1.0,True,Patient16,0.05
epi_s421,16,1.0,True,Patient16,0.05
epi_s422,18,1.0,True,Patient16,0.05
epi_s423,5,1.0,True,Patient16,0.05
epi_s424,8,1.0,True,Patient16,0.05
epi_s425,4,0.997,True,Patient16,0.05
epi_s426,18,1.0,True,Patient16,0.05
epi_s427,11,1.0,True,Patient16,0.05
epi_s428,9,1.0,True,Patient16,0.05
epi_s429,6,1.0,True,Patient16,0.05
epi_s43,2,0.99925,True,Patient16,0.05
epi_s430,16,1.0,True,Patient16,0.05
epi_s431,14,1.0,True,Patient16,0.05
epi_s432,16,0.9985,True,Patient16,0.05
epi_s433,16,0.99975,True,Patient16,0.05
epi_s434,13,0.999,True,Patient16,0.05
epi_s435,5,0.999,True,Patient16,0.05
epi_s436,20,0.99925,True,Patient16,0.05
epi_s437,1,0.9995,True,Patient16,0.05
epi_s438,6,0.99925,True,Patient16,0.05
epi_s439,12,1.0,True,Patient16,0.05
epi_s44,3,0.999,True,Patient16,0.05
epi_s440,13,1.0,True,Patient16,0.05
epi_s441,2,1.0,True,Patient16,0.05
epi_s442,12,0.99775,True,Patient16,0.05
epi_s443,26,0.99775,True,Patient16,0.05
epi_s444,4,1.0,True,Patient16,0.05
epi_s445,14,1.0,True,Patient16,0.05
epi_s446,5,1.0,True,Patient16,0.05
epi_s447,19,0.999,True,Patient16,0.05
epi_s448,15,0.9995,True,Patient16,0.05
epi_s449,29,1.0,True,Patient16,0.05
epi_s45,5,0.9995,True,Patient16,0.05
epi_s450,17,1.0,True,Patient16,0.05
epi_s451,6,0.99925,True,Patient16,0.05
epi_s452,27,0.9975,True,Patient16,0.05
epi_s453,30,0.9985,True,Patient16,0.05
epi_s454,16,1.0,True,Patient16,0.05
epi_s455,17,1.0,True,Patient16,0.05
epi_s456,24,1.0,True,Patient16,0.05
epi_s457,5,1.0,True,Patient16,0.05
epi_s458,14,0.9984999999999999,True,Patient16,0.05
epi_s459,8,1.0,True,Patient16,0.05
epi_s46,52,1.0,True,Patient16,0.05
epi_s460,5,1.0,True,Patient16,0.05
epi_s461,11,0.9975,True,Patient16,0.05
epi_s462,14,1.0,True,Patient16,0.05
epi_s463,3,1.0,True,Patient16,0.05
epi_s464,8,0.99925,True,Patient16,0.05
epi_s465,8,1.0,True,Patient16,0.05
epi_s466,7,1.0,True,Patient16,0.05
epi_s467,15,0.9975,True,Patient16,0.05
epi_s468,6,1.0,True,Patient16,0.05
epi_s469,5,0.9995,True,Patient16,0.05
epi_s47,4,1.0,True,Patient16,0.05
epi_s470,19,1.0,True,Patient16,0.05
epi_s471,13,1.0,True,Patient16,0.05
epi_s472,7,1.0,True,Patient16,0.05
epi_s473,14,1.0,True,Patient16,0.05
epi_s474,12,1.0,True,Patient16,0.05
epi_s475,25,1.0,True,Patient16,0.05
epi_s476,5,1.0,True,Patient16,0.05
epi_s477,13,1.0,True,Patient16,0.05
epi_s478,14,0.998,True,Patient16,0.05
epi_s479,4,0.99475,True,Patient16,0.05
epi_s48,3,0.999,True,Patient16,0.05
epi_s480,12,0.99875,True,Patient16,0.05
epi_s481,15,0.9975,True,Patient16,0.05
epi_s482,4,1.0,True,Patient16,0.05
epi_s483,8,1.0,True,Patient16,0.05
epi_s484,9,1.0,True,Patient16,0.05
epi_s485,3,0.9995,True,Patient16,0.05
epi_s486,9,1.0,True,Patient16,0.05
epi_s487,7,1.0,True,Patient16,0.05
epi_s488,4,0.99775,True,Patient16,0.05
epi_s489,16,1.0,True,Patient16,0.05
epi_s49,15,0.997,True,Patient16,0.05
epi_s490,15,0.999,True,Patient16,0.05
epi_s491,7,1.0,True,Patient16,0.05
epi_s492,2,0.976,True,Patient16,0.05
epi_s493,13,0.998,True,Patient16,0.05
epi_s494,12,1.0,True,Patient16,0.05
epi_s495,6,0.9975,True,Patient16,0.05
epi_s496,10,1.0,True,Patient16,0.05
epi_s497,4,0.9982500000000001,True,Patient16,0.05
epi_s498,6,0.9975,True,Patient16,0.05
epi_s499,13,1.0,True,Patient16,0.05
epi_s5,8,0.9944999999999999,True,Patient16,0.05
epi_s50,23,1.0,True,Patient16,0.05
epi_s500,2,1.0,True,Patient16,0.05
epi_s501,5,1.0,True,Patient16,0.05
epi_s502,8,0.9935,True,Patient16,0.05
epi_s503,17,1.0,True,Patient16,0.05
epi_s504,3,0.9975,True,Patient16,0.05
epi_s505,11,1.0,True,Patient16,0.05
epi_s506,11,0.9985,True,Patient16,0.05
epi_s507,5,0.9995,True,Patient16,0.05
epi_s508,12,1.0,True,Patient16,0.05
epi_s509,9,0.9935,True,Patient16,0.05
epi_s51,5,0.999,True,Patient16,0.05
epi_s510,9,1.0,True,Patient16,0.05
epi_s511,1,0.994,True,Patient16,0.05
epi_s512,4,1.0,True,Patient16,0.05
epi_s513,4,0.998,True,Patient16,0.05
epi_s514,13,1.0,True,Patient16,0.05
epi_s515,13,0.9985,True,Patient16,0.05
epi_s516,12,1.0,True,Patient16,0.05
epi_s517,13,1.0,True,Patient16,0.05
epi_s518,18,1.0,True,Patient16,0.05
epi_s519,9,1.0,True,Patient16,0.05
epi_s52,3,1.0,True,Patient16,0.05
epi_s520,5,0.9995,True,Patient16,0.05
epi_s521,7,0.9975,True,Patient16,0.05
epi_s522,14,1.0,True,Patient16,0.05
epi_s523,6,1.0,True,Patient16,0.05
epi_s524,6,1.0,True,Patient16,0.05
epi_s525,10,0.999,True,Patient16,0.05
epi_s526,7,0.997,True,Patient16,0.05
epi_s527,8,1.0,True,Patient16,0.05
epi_s528,8,0.9985,True,Patient16,0.05
epi_s529,3,0.9985,True,Patient16,0.05
epi_s53,19,0.9955,True,Patient16,0.05
epi_s530,28,1.0,True,Patient16,0.05
epi_s531,20,0.9985,True,Patient16,0.05
epi_s532,4,1.0,True,Patient16,0.05
epi_s533,2,1.0,True,Patient16,0.05
epi_s534,3,1.0,True,Patient16,0.05
epi_s535,3,1.0,True,Patient16,0.05
epi_s536,11,1.0,True,Patient16,0.05
epi_s537,6,0.99925,True,Patient16,0.05
epi_s538,15,0.9985,True,Patient16,0.05
epi_s539,8,0.9965,True,Patient16,0.05
epi_s54,3,1.0,True,Patient16,0.05
epi_s540,1,0.9975,True,Patient16,0.05
epi_s541,8,1.0,True,Patient16,0.05
epi_s542,5,1.0,True,Patient16,0.05
epi_s543,13,1.0,True,Patient16,0.05
epi_s544,8,1.0,True,Patient16,0.05
epi_s545,6,0.99375,True,Patient16,0.05
epi_s546,12,1.0,True,Patient16,0.05
epi_s547,10,0.9975,True,Patient16,0.05
epi_s548,14,0.99525,True,Patient16,0.05
epi_s549,10,1.0,True,Patient16,0.05
epi_s55,1,1.0,True,Patient16,0.05
epi_s550,5,0.999,True,Patient16,0.05
epi_s551,11,0.9985,True,Patient16,0.05
epi_s552,10,1.0,True,Patient16,0.05
epi_s553,12,0.9975,True,Patient16,0.05
epi_s554,7,1.0,True,Patient16,0.05
epi_s555,4,0.99975,True,Patient16,0.05
epi_s556,3,0.999,True,Patient16,0.05
epi_s557,3,1.0,True,Patient16,0.05
epi_s558,3,1.0,True,Patient16,0.05
epi_s559,9,0.993,True,Patient16,0.05
epi_s56,11,1.0,True,Patient16,0.05
epi_s560,9,0.9975,True,Patient16,0.05
epi_s561,8,0.99975,True,Patient16,0.05
epi_s562,9,0.9985,True,Patient16,0.05
epi_s563,3,0.9975,True,Patient16,0.05
epi_s564,5,1.0,True,Patient16,0.05
epi_s565,8,0.99925,True,Patient16,0.05
epi_s566,5,0.9995,True,Patient16,0.05
epi_s567,4,1.0,True,Patient16,0.05
epi_s568,22,1.0,True,Patient16,0.05
epi_s569,19,0.9975,True,Patient16,0.05
epi_s57,2,0.75575,False,Patient16,0.05
epi_s570,8,1.0,True,Patient16,0.05
epi_s571,10,1.0,True,Patient16,0.05
epi_s572,12,0.99275,True,Patient16,0.05
epi_s573,5,1.0,True,Patient16,0.05
epi_s574,3,1.0,True,Patient16,0.05
epi_s575,3,0.9945,True,Patient16,0.05
epi_s576,2,0.9970000000000001,True,Patient16,0.05
epi_s577,7,1.0,True,Patient16,0.05
epi_s578,3,0.995,True,Patient16,0.05
epi_s579,9,1.0,True,Patient16,0.05
epi_s58,5,1.0,True,Patient16,0.05
epi_s580,13,1.0,True,Patient16,0.05
epi_s581,15,1.0,True,Patient16,0.05
epi_s582,6,1.0,True,Patient16,0.05
epi_s583,5,1.0,True,Patient16,0.05
epi_s584,1,0.993,True,Patient16,0.05
epi_s585,5,1.0,True,Patient16,0.05
epi_s586,4,0.99925,True,Patient16,0.05
epi_s587,13,0.9985,True,Patient16,0.05
epi_s588,10,0.9995,True,Patient16,0.05
epi_s589,14,1.0,True,Patient16,0.05
epi_s59,14,0.9925,True,Patient16,0.05
epi_s590,14,0.9985,True,Patient16,0.05
epi_s591,4,1.0,True,Patient16,0.05
epi_s592,3,1.0,True,Patient16,0.05
epi_s593,4,1.0,True,Patient16,0.05
epi_s594,3,1.0,True,Patient16,0.05
epi_s595,4,0.9862500000000001,True,Patient16,0.05
epi_s596,2,0.9995,True,Patient16,0.05
epi_s597,8,1.0,True,Patient16,0.05
epi_s598,8,1.0,True,Patient16,0.05
epi_s599,4,1.0,True,Patient16,0.05
epi_s6,80,1.0,True,Patient16,0.05
epi_s60,2,0.9902500000000001,True,Patient16,0.05
epi_s600,5,0.9995,True,Patient16,0.05
epi_s601,11,1.0,True,Patient16,0.05
epi_s602,2,0.9890000000000001,True,Patient16,0.05
epi_s603,10,0.9984999999999999,True,Patient16,0.05
epi_s604,5,1.0,True,Patient16,0.05
epi_s605,9,0.999,True,Patient16,0.05
epi_s606,9,1.0,True,Patient16,0.05
epi_s607,7,1.0,True,Patient16,0.05
epi_s608,3,0.992,True,Patient16,0.05
epi_s609,5,0.999,True,Patient16,0.05
epi_s61,4,0.9995,True,Patient16,0.05
epi_s610,2,1.0,True,Patient16,0.05
epi_s611,11,1.0,True,Patient16,0.05
epi_s612,7,0.9985,True,Patient16,0.05
epi_s613,8,1.0,True,Patient16,0.05
epi_s614,2,1.0,True,Patient16,0.05
epi_s615,11,0.9995,True,Patient16,0.05
epi_s616,3,1.0,True,Patient16,0.05
epi_s617,2,1.0,True,Patient16,0.05
epi_s618,5,0.9985,True,Patient16,0.05
epi_s619,16,1.0,True,Patient16,0.05
epi_s62,8,0.6765,False,Patient16,0.05
epi_s620,3,1.0,True,Patient16,0.05
epi_s621,2,1.0,True,Patient16,0.05
epi_s622,2,1.0,True,Patient16,0.05
epi_s623,7,0.9985,True,Patient16,0.05
epi_s624,3,0.993,True,Patient16,0.05
epi_s625,21,1.0,True,Patient16,0.05
epi_s626,3,0.9995,True,Patient16,0.05
epi_s627,2,0.99925,True,Patient16,0.05
epi_s628,11,0.9985,True,Patient16,0.05
epi_s629,2,0.9964999999999999,True,Patient16,0.05
epi_s63,4,0.99775,True,Patient16,0.05
epi_s630,6,0.99975,True,Patient16,0.05
epi_s631,10,1.0,True,Patient16,0.05
epi_s632,6,0.99775,True,Patient16,0.05
epi_s633,3,1.0,True,Patient16,0.05
epi_s634,20,0.9982500000000001,True,Patient16,0.05
epi_s635,3,1.0,True,Patient16,0.05
epi_s636,4,1.0,True,Patient16,0.05
epi_s637,2,0.99875,True,Patient16,0.05
epi_s638,11,0.9995,True,Patient16,0.05
epi_s639,7,1.0,True,Patient16,0.05
epi_s64,10,0.99875,True,Patient16,0.05
epi_s640,5,1.0,True,Patient16,0.05
epi_s641,2,0.99975,True,Patient16,0.05
epi_s642,4,1.0,True,Patient16,0.05
epi_s643,3,1.0,True,Patient16,0.05
epi_s644,9,1.0,True,Patient16,0.05
epi_s645,6,1.0,True,Patient16,0.05
epi_s646,5,1.0,True,Patient16,0.05
epi_s647,4,1.0,True,Patient16,0.05
epi_s648,3,0.9995,True,Patient16,0.05
epi_s649,3,1.0,True,Patient16,0.05
epi_s65,4,0.9982500000000001,True,Patient16,0.05
epi_s650,6,0.9982500000000001,True,Patient16,0.05
epi_s651,5,1.0,True,Patient16,0.05
epi_s652,13,1.0,True,Patient16,0.05
epi_s653,5,0.9955,True,Patient16,0.05
epi_s654,6,1.0,True,Patient16,0.05
epi_s655,2,1.0,True,Patient16,0.05
epi_s656,4,1.0,True,Patient16,0.05
epi_s657,5,1.0,True,Patient16,0.05
epi_s658,2,0.99925,True,Patient16,0.05
epi_s659,1,0.999,True,Patient16,0.05
epi_s66,14,1.0,True,Patient16,0.05
epi_s660,9,0.9985,True,Patient16,0.05
epi_s661,2,0.99975,True,Patient16,0.05
epi_s662,3,1.0,True,Patient16,0.05
epi_s663,6,1.0,True,Patient16,0.05
epi_s664,3,0.9985,True,Patient16,0.05
epi_s665,6,1.0,True,Patient16,0.05
epi_s666,5,1.0,True,Patient16,0.05
epi_s667,3,0.9975,True,Patient16,0.05
epi_s668,2,1.0,True,Patient16,0.05
epi_s669,4,1.0,True,Patient16,0.05
epi_s67,12,0.995,True,Patient16,0.05
epi_s670,10,0.99925,True,Patient16,0.05
epi_s671,2,0.99925,True,Patient16,0.05
epi_s672,1,1.0,True,Patient16,0.05
epi_s673,10,0.996,True,Patient16,0.05
epi_s674,1,0.9975,True,Patient16,0.05
epi_s675,6,0.99875,True,Patient16,0.05
epi_s676,2,1.0,True,Patient16,0.05
epi_s677,1,1.0,True,Patient16,0.05
epi_s678,4,1.0,True,Patient16,0.05
epi_s679,3,0.991,True,Patient16,0.05
epi_s68,17,0.6055,False,Patient16,0.05
epi_s680,4,1.0,True,Patient16,0.05
epi_s681,3,0.996,True,Patient16,0.05
epi_s682,4,1.0,True,Patient16,0.05
epi_s683,1,1.0,True,Patient16,0.05
epi_s684,2,0.99925,True,Patient16,0.05
epi_s685,4,1.0,True,Patient16,0.05
epi_s686,1,0.99,True,Patient16,0.05
epi_s687,4,1.0,True,Patient16,0.05
epi_s688,1,0.9965,True,Patient16,0.05
epi_s689,1,1.0,True,Patient16,0.05
epi_s69,22,0.9962500000000001,True,Patient16,0.05
epi_s690,2,1.0,True,Patient16,0.05
epi_s691,2,0.99975,True,Patient16,0.05
epi_s692,1,1.0,True,Patient16,0.05
epi_s693,1,0.998,True,Patient16,0.05
epi_s694,3,1.0,True,Patient16,0.05
epi_s695,3,1.0,True,Patient16,0.05
epi_s696,3,0.9985,True,Patient16,0.05
epi_s697,3,1.0,True,Patient16,0.05
epi_s698,6,0.99975,True,Patient16,0.05
epi_s699,1,1.0,True,Patient16,0.05
epi_s7,12,1.0,True,Patient16,0.05
epi_s70,5,0.551,False,Patient16,0.05
epi_s700,3,1.0,True,Patient16,0.05
epi_s701,2,0.99975,True,Patient16,0.05
epi_s702,2,1.0,True,Patient16,0.05
epi_s703,1,1.0,True,Patient16,0.05
epi_s704,3,0.9895,True,Patient16,0.05
epi_s705,1,0.9985,True,Patient16,0.05
epi_s706,3,1.0,True,Patient16,0.05
epi_s707,2,1.0,True,Patient16,0.05
epi_s708,2,0.9925,True,Patient16,0.05
epi_s709,2,0.9995,True,Patient16,0.05
epi_s71,4,0.99975,True,Patient16,0.05
epi_s710,6,1.0,True,Patient16,0.05
epi_s711,2,0.85275,False,Patient16,0.05
epi_s712,5,1.0,True,Patient16,0.05
epi_s713,4,0.4375,False,Patient16,0.05
epi_s714,1,0.9985,True,Patient16,0.05
epi_s715,3,0.9985,True,Patient16,0.05
epi_s716,2,0.99525,True,Patient16,0.05
epi_s717,2,0.999,True,Patient16,0.05
epi_s718,2,0.99475,True,Patient16,0.05
epi_s719,3,0.996,True,Patient16,0.05
epi_s72,19,0.9905,True,Patient16,0.05
epi_s720,2,0.99125,True,Patient16,0.05
epi_s721,2,0.995,True,Patient16,0.05
epi_s722,3,0.9955,True,Patient16,0.05
epi_s723,1,1.0,True,Patient16,0.05
epi_s724,1,1.0,True,Patient16,0.05
epi_s725,1,1.0,True,Patient16,0.05
epi_s726,1,0.999,True,Patient16,0.05
epi_s727,1,1.0,True,Patient16,0.05
epi_s728,3,1.0,True,Patient16,0.05
epi_s729,1,1.0,True,Patient16,0.05
epi_s73,12,0.99675,True,Patient16,0.05
epi_s730,1,0.9995,True,Patient16,0.05
epi_s731,1,1.0,True,Patient16,0.05
epi_s732,1,0.9995,True,Patient16,0.05
epi_s733,1,0.999,True,Patient16,0.05
epi_s734,2,1.0,True,Patient16,0.05
epi_s735,1,0.9985,True,Patient16,0.05
epi_s736,2,1.0,True,Patient16,0.05
epi_s737,1,1.0,True,Patient16,0.05
epi_s738,1,1.0,True,Patient16,0.05
epi_s739,1,1.0,True,Patient16,0.05
epi_s74,2,0.9965,True,Patient16,0.05
epi_s740,1,1.0,True,Patient16,0.05
epi_s741,1,1.0,True,Patient16,0.05
epi_s742,1,0.9995,True,Patient16,0.05
epi_s743,1,1.0,True,Patient16,0.05
epi_s744,1,1.0,True,Patient16,0.05
epi_s745,1,0.9985,True,Patient16,0.05
epi_s75,1,0.962,True,Patient16,0.05
epi_s76,9,1.0,True,Patient16,0.05
epi_s77,11,0.9985,True,Patient16,0.05
epi_s78,10,0.9990000000000001,True,Patient16,0.05
epi_s79,27,1.0,True,Patient16,0.05
epi_s8,49,0.386,False,Patient16,0.05
epi_s80,16,1.0,True,Patient16,0.05
epi_s81,5,1.0,True,Patient16,0.05
epi_s82,3,1.0,True,Patient16,0.05
epi_s83,28,1.0,True,Patient16,0.05
epi_s84,22,1.0,True,Patient16,0.05
epi_s85,12,1.0,True,Patient16,0.05
epi_s86,8,1.0,True,Patient16,0.05
epi_s87,22,1.0,True,Patient16,0.05
epi_s88,57,1.0,True,Patient16,0.05
epi_s89,9,0.9985,True,Patient16,0.05
epi_s9,7,0.4975,False,Patient16,0.05
epi_s90,8,1.0,True,Patient16,0.05
epi_s91,6,0.999,True,Patient16,0.05
epi_s92,7,1.0,True,Patient16,0.05
epi_s93,7,0.9995,True,Patient16,0.05
epi_s94,11,0.986,True,Patient16,0.05
epi_s95,19,1.0,True,Patient16,0.05
epi_s96,19,0.998,True,Patient16,0.05
epi_s97,16,1.0,True,Patient16,0.05
epi_s98,5,0.993,True,Patient16,0.05
epi_s99,3,1.0,True,Patient16,0.05
epi_s1,114,0.98375,True,Patient43,0.005
epi_s10,232,0.9835,True,Patient43,0.005
epi_s11,129,0.156,False,Patient43,0.005
epi_s12,136,0.965,True,Patient43,0.005
epi_s13,21,0.9775,True,Patient43,0.005
epi_s14,4,0.92675,True,Patient43,0.005
epi_s15,11,0.97,True,Patient43,0.005
epi_s16,96,0.07575,False,Patient43,0.005
epi_s17,1,0.0105,False,Patient43,0.005
epi_s18,218,0.89425,False,Patient43,0.005
epi_s19,89,0.5005,False,Patient43,0.005
epi_s2,4,0.975,True,Patient43,0.005
epi_s20,85,0.3465,False,Patient43,0.005
epi_s21,4,0.94725,True,Patient43,0.005
epi_s22,296,0.9257500000000001,True,Patient43,0.005
epi_s23,45,0.156,False,Patient43,0.005
epi_s24,202,0.1745,False,Patient43,0.005
epi_s25,315,0.763,False,Patient43,0.005
epi_s26,16,0.2415,False,Patient43,0.005
epi_s27,64,0.21175,False,Patient43,0.005
epi_s28,498,0.9985,True,Patient43,0.005
epi_s29,59,0.333,False,Patient43,0.005
epi_s3,78,0.63975,False,Patient43,0.005
epi_s30,20,0.97,True,Patient43,0.005
epi_s31,135,0.2975,False,Patient43,0.005
epi_s32,508,0.0405,False,Patient43,0.005
epi_s33,60,0.14675,False,Patient43,0.005
epi_s34,5,0.252,False,Patient43,0.005
epi_s35,1,0.9475,True,Patient43,0.005
epi_s36,2,0.21475,False,Patient43,0.005
epi_s37,1,0.8655,False,Patient43,0.005
epi_s38,4,0.93475,True,Patient43,0.005
epi_s39,2,0.60875,False,Patient43,0.005
epi_s4,446,0.975,True,Patient43,0.005
epi_s40,1,0.675,False,Patient43,0.005
epi_s41,1,0.6355,False,Patient43,0.005
epi_s42,92,0.9895,True,Patient43,0.005
epi_s43,12,0.9745,True,Patient43,0.005
epi_s44,4,0.14175,False,Patient43,0.005
epi_s45,440,0.982,True,Patient43,0.005
epi_s46,102,0.991,True,Patient43,0.005
epi_s47,1,0.992,True,Patient43,0.005
epi_s48,4,0.9915,True,Patient43,0.005
epi_s49,1,0.662,False,Patient43,0.005
epi_s5,108,0.37575000000000003,False,Patient43,0.005
epi_s50,1,0.999,True,Patient43,0.005
epi_s51,1,0.994,True,Patient43,0.005
epi_s52,1,0.8635,False,Patient43,0.005
epi_s53,1,0.9895,True,Patient43,0.005
epi_s6,188,0.291,False,Patient43,0.005
epi_s7,287,0.975,True,Patient43,0.005
epi_s8,34,0.99,True,Patient43,0.005
epi_s9,214,0.04475,False,Patient43,0.005
epi_s1,99,0.9855,True,Patient43,0.01
epi_s10,22,0.9915,True,Patient43,0.01
epi_s11,181,0.041,False,Patient43,0.01
epi_s12,187,0.9845,True,Patient43,0.01
epi_s13,89,0.1445,False,Patient43,0.01
epi_s14,103,0.976,True,Patient43,0.01
epi_s15,62,0.9795,True,Patient43,0.01
epi_s16,108,0.9624999999999999,True,Patient43,0.01
epi_s17,72,0.972,True,Patient43,0.01
epi_s18,69,0.9855,True,Patient43,0.01
epi_s19,117,0.9755,True,Patient43,0.01
epi_s2,35,0.7695,False,Patient43,0.01
epi_s20,65,0.057,False,Patient43,0.01
epi_s21,65,0.9125,True,Patient43,0.01
epi_s22,60,0.58075,False,Patient43,0.01
epi_s23,78,0.964,True,Patient43,0.01
epi_s24,55,0.9705,True,Patient43,0.01
epi_s25,6,0.988,True,Patient43,0.01
epi_s26,12,0.97,True,Patient43,0.01
epi_s27,67,0.2855,False,Patient43,0.01
epi_s28,6,0.79575,False,Patient43,0.01
epi_s29,111,0.9695,True,Patient43,0.01
epi_s3,219,0.975,True,Patient43,0.01
epi_s30,55,0.106,False,Patient43,0.01
epi_s31,145,0.2845,False,Patient43,0.01
epi_s32,139,0.184,False,Patient43,0.01
epi_s33,247,0.675,False,Patient43,0.01
epi_s34,62,0.2155,False,Patient43,0.01
epi_s35,247,0.999,True,Patient43,0.01
epi_s36,50,0.1515,False,Patient43,0.01
epi_s37,48,0.20875,False,Patient43,0.01
epi_s38,120,0.8294999999999999,False,Patient43,0.01
epi_s39,39,0.089,False,Patient43,0.01
epi_s4,31,0.3615,False,Patient43,0.01
epi_s40,78,0.9955,True,Patient43,0.01
epi_s41,9,0.917,True,Patient43,0.01
epi_s42,32,0.12325,False,Patient43,0.01
epi_s43,99,0.997,True,Patient43,0.01
epi_s44,93,0.383,False,Patient43,0.01
epi_s45,64,0.99175,True,Patient43,0.01
epi_s46,50,0.6405000000000001,False,Patient43,0.01
epi_s47,240,0.03625,False,Patient43,0.01
epi_s48,4,0.62225,False,Patient43,0.01
epi_s49,195,0.041,False,Patient43,0.01
epi_s5,16,0.5157499999999999,False,Patient43,0.01
epi_s50,274,0.9257500000000001,True,Patient43,0.01
epi_s51,81,0.346,False,Patient43,0.01
epi_s52,47,0.066,False,Patient43,0.01
epi_s53,4,0.975,True,Patient43,0.01
epi_s54,32,0.3105,False,Patient43,0.01
epi_s55,46,0.32875,False,Patient43,0.01
epi_s56,4,0.975,True,Patient43,0.01
epi_s57,40,0.12675,False,Patient43,0.01
epi_s58,1,0.3535,False,Patient43,0.01
epi_s59,24,0.41125,False,Patient43,0.01
epi_s6,1,0.1385,False,Patient43,0.01
epi_s60,1,0.8655,False,Patient43,0.01
epi_s61,9,0.9655,True,Patient43,0.01
epi_s62,4,0.974,True,Patient43,0.01
epi_s63,26,0.156,False,Patient43,0.01
epi_s64,2,0.21150000000000002,False,Patient43,0.01
epi_s65,8,0.96025,True,Patient43,0.01
epi_s66,2,0.01325,False,Patient43,0.01
epi_s67,17,0.087,False,Patient43,0.01
epi_s68,1,0.898,False,Patient43,0.01
epi_s69,1,0.675,False,Patient43,0.01
epi_s7,53,0.194,False,Patient43,0.01
epi_s70,44,0.9915,True,Patient43,0.01
epi_s71,1,0.046,False,Patient43,0.01
epi_s72,1,0.9885,True,Patient43,0.01
epi_s73,1,0.937,True,Patient43,0.01
epi_s74,1,0.9555,True,Patient43,0.01
epi_s75,1,0.927,True,Patient43,0.01
epi_s76,1,0.522,False,Patient43,0.01
epi_s77,238,0.9785,True,Patient43,0.01
epi_s78,64,0.98325,True,Patient43,0.01
epi_s79,83,0.9805,True,Patient43,0.01
epi_s8,19,0.9785,True,Patient43,0.01
epi_s80,102,0.9915,True,Patient43,0.01
epi_s81,52,0.97175,True,Patient43,0.01
epi_s82,97,0.9905,True,Patient43,0.01
epi_s83,1,0.992,True,Patient43,0.01
epi_s84,8,0.995,True,Patient43,0.01
epi_s85,27,0.9975,True,Patient43,0.01
epi_s86,10,0.8845,False,Patient43,0.01
epi_s87,1,0.999,True,Patient43,0.01
epi_s88,1,0.9745,True,Patient43,0.01
epi_s9,12,0.5365,False,Patient43,0.01
epi_s1,57,0.9835,True,Patient43,0.02
epi_s10,8,0.17825,False,Patient43,0.02
epi_s100,3,0.314,False,Patient43,0.02
epi_s101,12,0.86675,False,Patient43,0.02
epi_s102,22,0.156,False,Patient43,0.02
epi_s103,5,0.088,False,Patient43,0.02
epi_s104,5,0.943,True,Patient43,0.02
epi_s105,17,0.3515,False,Patient43,0.02
epi_s106,29,0.089,False,Patient43,0.02
epi_s107,36,0.15475,False,Patient43,0.02
epi_s108,13,0.9795,True,Patient43,0.02
epi_s109,13,0.321,False,Patient43,0.02
epi_s11,56,0.98525,True,Patient43,0.02
epi_s110,1,0.9475,True,Patient43,0.02
epi_s111,23,0.383,False,Patient43,0.02
epi_s112,7,0.1525,False,Patient43,0.02
epi_s113,10,0.54725,False,Patient43,0.02
epi_s114,15,0.706,False,Patient43,0.02
epi_s115,10,0.77325,False,Patient43,0.02
epi_s116,5,0.978,True,Patient43,0.02
epi_s117,3,0.244,False,Patient43,0.02
epi_s118,1,0.8655,False,Patient43,0.02
epi_s119,14,0.5585,False,Patient43,0.02
epi_s12,38,0.1075,False,Patient43,0.02
epi_s120,10,0.70575,False,Patient43,0.02
epi_s121,5,0.959,True,Patient43,0.02
epi_s122,1,0.0355,False,Patient43,0.02
epi_s123,2,0.60875,False,Patient43,0.02
epi_s124,2,0.45475,False,Patient43,0.02
epi_s125,3,0.702,False,Patient43,0.02
epi_s126,1,0.6565,False,Patient43,0.02
epi_s127,1,0.6035,False,Patient43,0.02
epi_s128,2,0.5582499999999999,False,Patient43,0.02
epi_s129,4,0.976,True,Patient43,0.02
epi_s13,86,0.978,True,Patient43,0.02
epi_s130,6,0.5217499999999999,False,Patient43,0.02
epi_s131,20,0.98375,True,Patient43,0.02
epi_s132,3,0.9805,True,Patient43,0.02
epi_s133,2,0.041249999999999995,False,Patient43,0.02
epi_s134,20,0.97775,True,Patient43,0.02
epi_s135,29,0.997,True,Patient43,0.02
epi_s136,1,0.3275,False,Patient43,0.02
epi_s137,1,0.721,False,Patient43,0.02
epi_s138,2,0.98075,True,Patient43,0.02
epi_s139,41,0.912,True,Patient43,0.02
epi_s14,39,0.98,True,Patient43,0.02
epi_s140,1,0.927,True,Patient43,0.02
epi_s141,7,0.9955,True,Patient43,0.02
epi_s142,171,0.9775,True,Patient43,0.02
epi_s143,45,0.9805,True,Patient43,0.02
epi_s144,82,0.9810000000000001,True,Patient43,0.02
epi_s145,79,0.9915,True,Patient43,0.02
epi_s146,72,0.9995,True,Patient43,0.02
epi_s147,29,0.9825,True,Patient43,0.02
epi_s148,38,0.98975,True,Patient43,0.02
epi_s149,74,0.99,True,Patient43,0.02
epi_s15,91,0.9695,True,Patient43,0.02
epi_s150,21,0.9955,True,Patient43,0.02
epi_s151,2,0.996,True,Patient43,0.02
epi_s152,12,0.993,True,Patient43,0.02
epi_s153,38,0.9995,True,Patient43,0.02
epi_s154,22,0.982,True,Patient43,0.02
epi_s155,40,0.9445,True,Patient43,0.02
epi_s156,84,0.99725,True,Patient43,0.02
epi_s157,7,0.995,True,Patient43,0.02
epi_s158,27,0.9975,True,Patient43,0.02
epi_s159,25,1.0,True,Patient43,0.02
epi_s16,55,0.9555,True,Patient43,0.02
epi_s160,9,0.9795,True,Patient43,0.02
epi_s161,20,0.9935,True,Patient43,0.02
epi_s162,25,0.9745,True,Patient43,0.02
epi_s163,1,0.998,True,Patient43,0.02
epi_s164,1,0.9845,True,Patient43,0.02
epi_s165,4,0.8049999999999999,False,Patient43,0.02
epi_s166,1,0.953,True,Patient43,0.02
epi_s167,1,0.999,True,Patient43,0.02
epi_s168,1,0.97,True,Patient43,0.02
epi_s169,1,0.97,True,Patient43,0.02
epi_s17,20,0.9695,True,Patient43,0.02
epi_s18,56,0.97275,True,Patient43,0.02
epi_s19,56,0.98575,True,Patient43,0.02
epi_s2,34,0.667,False,Patient43,0.02
epi_s20,41,0.9855,True,Patient43,0.02
epi_s21,30,0.9864999999999999,True,Patient43,0.02
epi_s22,11,0.1,False,Patient43,0.02
epi_s23,5,0.9675,True,Patient43,0.02
epi_s24,5,0.9665,True,Patient43,0.02
epi_s25,48,0.9035,True,Patient43,0.02
epi_s26,51,0.9605,True,Patient43,0.02
epi_s27,23,0.954,True,Patient43,0.02
epi_s28,30,0.33575,False,Patient43,0.02
epi_s29,24,0.98125,True,Patient43,0.02
epi_s3,122,0.978,True,Patient43,0.02
epi_s30,39,0.9695,True,Patient43,0.02
epi_s31,114,0.9822500000000001,True,Patient43,0.02
epi_s32,48,0.9345000000000001,True,Patient43,0.02
epi_s33,6,0.988,True,Patient43,0.02
epi_s34,42,0.24625,False,Patient43,0.02
epi_s35,17,0.903,True,Patient43,0.02
epi_s36,11,0.97,True,Patient43,0.02
epi_s37,43,0.106,False,Patient43,0.02
epi_s38,30,0.187,False,Patient43,0.02
epi_s39,18,0.15625,False,Patient43,0.02
epi_s4,17,0.3945,False,Patient43,0.02
epi_s40,33,0.072,False,Patient43,0.02
epi_s41,12,0.92725,True,Patient43,0.02
epi_s42,11,0.303,False,Patient43,0.02
epi_s43,46,0.2155,False,Patient43,0.02
epi_s44,59,0.999,True,Patient43,0.02
epi_s45,17,0.9655,True,Patient43,0.02
epi_s46,38,0.17425000000000002,False,Patient43,0.02
epi_s47,50,0.039,False,Patient43,0.02
epi_s48,10,0.9572499999999999,True,Patient43,0.02
epi_s49,18,0.21425,False,Patient43,0.02
epi_s5,13,0.7405,False,Patient43,0.02
epi_s50,27,0.1795,False,Patient43,0.02
epi_s51,7,0.8895,False,Patient43,0.02
epi_s52,18,0.08124999999999999,False,Patient43,0.02
epi_s53,15,0.964,True,Patient43,0.02
epi_s54,68,0.9955,True,Patient43,0.02
epi_s55,47,0.996,True,Patient43,0.02
epi_s56,44,0.33825000000000005,False,Patient43,0.02
epi_s57,47,0.28,False,Patient43,0.02
epi_s58,37,0.9905,True,Patient43,0.02
epi_s59,84,0.213,False,Patient43,0.02
epi_s6,39,0.2195,False,Patient43,0.02
epi_s60,202,0.62775,False,Patient43,0.02
epi_s61,2,0.93625,True,Patient43,0.02
epi_s62,9,0.9905,True,Patient43,0.02
epi_s63,38,0.581,False,Patient43,0.02
epi_s64,67,0.0405,False,Patient43,0.02
epi_s65,6,0.62225,False,Patient43,0.02
epi_s66,117,0.041,False,Patient43,0.02
epi_s67,145,0.031,False,Patient43,0.02
epi_s68,38,0.07100000000000001,False,Patient43,0.02
epi_s69,97,0.0495,False,Patient43,0.02
epi_s7,8,0.98975,True,Patient43,0.02
epi_s70,15,0.9695,True,Patient43,0.02
epi_s71,221,0.928,True,Patient43,0.02
epi_s72,48,0.039,False,Patient43,0.02
epi_s73,37,0.2925,False,Patient43,0.02
epi_s74,43,0.0415,False,Patient43,0.02
epi_s75,56,0.37,False,Patient43,0.02
epi_s76,31,0.059,False,Patient43,0.02
epi_s77,16,0.9775,True,Patient43,0.02
epi_s78,29,0.372,False,Patient43,0.02
epi_s79,17,0.957,True,Patient43,0.02
epi_s8,21,0.978,True,Patient43,0.02
epi_s80,49,0.2455,False,Patient43,0.02
epi_s81,30,0.23525000000000001,False,Patient43,0.02
epi_s82,18,0.98,True,Patient43,0.02
epi_s83,7,0.113,False,Patient43,0.02
epi_s84,10,0.97175,True,Patient43,0.02
epi_s85,12,0.57375,False,Patient43,0.02
epi_s86,34,0.15925,False,Patient43,0.02
epi_s87,39,0.243,False,Patient43,0.02
epi_s88,29,0.1475,False,Patient43,0.02
epi_s89,58,0.9695,True,Patient43,0.02
epi_s9,19,0.99,True,Patient43,0.02
epi_s90,28,0.13075,False,Patient43,0.02
epi_s91,25,0.2415,False,Patient43,0.02
epi_s92,51,0.041,False,Patient43,0.02
epi_s93,18,0.29774999999999996,False,Patient43,0.02
epi_s94,24,0.5415,False,Patient43,0.02
epi_s95,18,0.27025,False,Patient43,0.02
epi_s96,75,0.821,False,Patient43,0.02
epi_s97,6,0.48924999999999996,False,Patient43,0.02
epi_s98,93,0.975,True,Patient43,0.02
epi_s99,37,0.8645,False,Patient43,0.02
epi_s1,27,0.9855,True,Patient43,0.05
epi_s10,35,0.9815,True,Patient43,0.05
epi_s100,7,0.1155,False,Patient43,0.05
epi_s101,16,0.9492499999999999,True,Patient43,0.05
epi_s102,81,0.921,True,Patient43,0.05
epi_s103,18,0.18675,False,Patient43,0.05
epi_s104,10,0.69825,False,Patient43,0.05
epi_s105,8,0.98275,True,Patient43,0.05
epi_s106,16,0.057749999999999996,False,Patient43,0.05
epi_s107,17,0.037,False,Patient43,0.05
epi_s108,1,0.984,True,Patient43,0.05
epi_s109,21,0.9795,True,Patient43,0.05
epi_s11,4,0.3345,False,Patient43,0.05
epi_s110,10,0.9644999999999999,True,Patient43,0.05
epi_s111,36,0.4195,False,Patient43,0.05
epi_s112,17,0.3275,False,Patient43,0.05
epi_s113,16,0.97075,True,Patient43,0.05
epi_s114,16,0.33075,False,Patient43,0.05
epi_s115,7,0.967,True,Patient43,0.05
epi_s116,44,0.0405,False,Patient43,0.05
epi_s117,32,0.23175,False,Patient43,0.05
epi_s118,36,0.04125,False,Patient43,0.05
epi_s119,11,0.097,False,Patient43,0.05
epi_s12,8,0.9965,True,Patient43,0.05
epi_s120,24,0.975,True,Patient43,0.05
epi_s121,4,0.38725,False,Patient43,0.05
epi_s122,11,0.0275,False,Patient43,0.05
epi_s123,23,0.149,False,Patient43,0.05
epi_s124,14,0.9715,True,Patient43,0.05
epi_s125,12,0.91425,True,Patient43,0.05
epi_s126,20,0.066,False,Patient43,0.05
epi_s127,10,0.9855,True,Patient43,0.05
epi_s128,4,0.959,True,Patient43,0.05
epi_s129,10,0.52525,False,Patient43,0.05
epi_s13,2,0.95075,True,Patient43,0.05
epi_s130,3,0.702,False,Patient43,0.05
epi_s131,23,0.0365,False,Patient43,0.05
epi_s132,25,0.0405,False,Patient43,0.05
epi_s133,5,0.442,False,Patient43,0.05
epi_s134,51,0.029,False,Patient43,0.05
epi_s135,17,0.373,False,Patient43,0.05
epi_s136,34,0.98275,True,Patient43,0.05
epi_s137,24,0.173,False,Patient43,0.05
epi_s138,5,0.3575,False,Patient43,0.05
epi_s139,30,0.87425,False,Patient43,0.05
epi_s14,51,0.9675,True,Patient43,0.05
epi_s140,20,0.20850000000000002,False,Patient43,0.05
epi_s141,20,0.14175,False,Patient43,0.05
epi_s142,17,0.243,False,Patient43,0.05
epi_s143,4,0.9802500000000001,True,Patient43,0.05
epi_s144,13,0.935,True,Patient43,0.05
epi_s145,45,0.931,True,Patient43,0.05
epi_s146,22,0.0415,False,Patient43,0.05
epi_s147,32,0.92725,True,Patient43,0.05
epi_s148,6,0.96025,True,Patient43,0.05
epi_s149,14,0.14525,False,Patient43,0.05
epi_s15,16,0.97925,True,Patient43,0.05
epi_s150,15,0.987,True,Patient43,0.05
epi_s151,13,0.3485,False,Patient43,0.05
epi_s152,8,0.11725,False,Patient43,0.05
epi_s153,18,0.62775,False,Patient43,0.05
epi_s154,29,0.057,False,Patient43,0.05
epi_s155,26,0.0405,False,Patient43,0.05
epi_s156,14,0.61375,False,Patient43,0.05
epi_s157,17,0.9775,True,Patient43,0.05
epi_s158,38,0.9705,True,Patient43,0.05
epi_s159,20,0.26775000000000004,False,Patient43,0.05
epi_s16,1,0.987,True,Patient43,0.05
epi_s160,6,0.15175,False,Patient43,0.05
epi_s161,15,0.778,False,Patient43,0.05
epi_s162,13,0.708,False,Patient43,0.05
epi_s163,18,0.8095,False,Patient43,0.05
epi_s164,12,0.96425,True,Patient43,0.05
epi_s165,4,0.974,True,Patient43,0.05
epi_s166,14,0.822,False,Patient43,0.05
epi_s167,22,0.96875,True,Patient43,0.05
epi_s168,10,0.97975,True,Patient43,0.05
epi_s169,4,0.24,False,Patient43,0.05
epi_s17,22,0.95975,True,Patient43,0.05
epi_s170,5,0.9795,True,Patient43,0.05
epi_s171,7,0.2255,False,Patient43,0.05
epi_s172,14,0.11375,False,Patient43,0.05
epi_s173,7,0.222,False,Patient43,0.05
epi_s174,2,0.33149999999999996,False,Patient43,0.05
epi_s175,5,0.28,False,Patient43,0.05
epi_s176,13,0.8935,False,Patient43,0.05
epi_s177,5,0.303,False,Patient43,0.05
epi_s178,4,0.34725000000000006,False,Patient43,0.05
epi_s179,8,0.57325,False,Patient43,0.05
epi_s18,16,0.9782500000000001,True,Patient43,0.05
epi_s180,11,0.1335,False,Patient43,0.05
epi_s181,46,0.79725,False,Patient43,0.05
epi_s182,21,0.9685,True,Patient43,0.05
epi_s183,2,0.52375,False,Patient43,0.05
epi_s184,9,0.213,False,Patient43,0.05
epi_s185,2,0.21150000000000002,False,Patient43,0.05
epi_s186,19,0.1555,False,Patient43,0.05
epi_s187,1,0.979,True,Patient43,0.05
epi_s188,8,0.98175,True,Patient43,0.05
epi_s189,7,0.3305,False,Patient43,0.05
epi_s19,11,0.975,True,Patient43,0.05
epi_s190,16,0.758,False,Patient43,0.05
epi_s191,8,0.98075,True,Patient43,0.05
epi_s192,8,0.12175,False,Patient43,0.05
epi_s193,16,0.061,False,Patient43,0.05
epi_s194,2,0.9495,True,Patient43,0.05
epi_s195,15,0.2105,False,Patient43,0.05
epi_s196,2,0.1375,False,Patient43,0.05
epi_s197,38,0.03825,False,Patient43,0.05
epi_s198,10,0.32175,False,Patient43,0.05
epi_s199,5,0.0795,False,Patient43,0.05
epi_s2,11,0.582,False,Patient43,0.05
epi_s20,28,0.96975,True,Patient43,0.05
epi_s200,3,0.5925,False,Patient43,0.05
epi_s201,2,0.96275,True,Patient43,0.05
epi_s202,4,0.28300000000000003,False,Patient43,0.05
epi_s203,6,0.97325,True,Patient43,0.05
epi_s204,18,0.16949999999999998,False,Patient43,0.05
epi_s205,8,0.2415,False,Patient43,0.05
epi_s206,3,0.9635,True,Patient43,0.05
epi_s207,46,0.042749999999999996,False,Patient43,0.05
epi_s208,6,0.8342499999999999,False,Patient43,0.05
epi_s209,9,0.344,False,Patient43,0.05
epi_s21,26,0.984,True,Patient43,0.05
epi_s210,8,0.489,False,Patient43,0.05
epi_s211,1,0.498,False,Patient43,0.05
epi_s212,3,0.74,False,Patient43,0.05
epi_s213,4,0.9755,True,Patient43,0.05
epi_s214,12,0.236,False,Patient43,0.05
epi_s215,12,0.06775,False,Patient43,0.05
epi_s216,5,0.978,True,Patient43,0.05
epi_s217,4,0.49525,False,Patient43,0.05
epi_s218,3,0.787,False,Patient43,0.05
epi_s219,4,0.247,False,Patient43,0.05
epi_s22,18,0.982,True,Patient43,0.05
epi_s220,2,0.773,False,Patient43,0.05
epi_s221,2,0.92175,True,Patient43,0.05
epi_s222,10,0.459,False,Patient43,0.05
epi_s223,13,0.706,False,Patient43,0.05
epi_s224,2,0.9695,True,Patient43,0.05
epi_s225,7,0.2095,False,Patient43,0.05
epi_s226,14,0.16775,False,Patient43,0.05
epi_s227,6,0.07225,False,Patient43,0.05
epi_s228,6,0.44775,False,Patient43,0.05
epi_s229,6,0.4575,False,Patient43,0.05
epi_s23,10,0.241,False,Patient43,0.05
epi_s230,3,0.127,False,Patient43,0.05
epi_s231,30,0.92825,True,Patient43,0.05
epi_s232,8,0.65375,False,Patient43,0.05
epi_s233,1,0.21,False,Patient43,0.05
epi_s234,8,0.269,False,Patient43,0.05
epi_s235,13,0.0995,False,Patient43,0.05
epi_s236,6,0.9885,True,Patient43,0.05
epi_s237,10,0.70575,False,Patient43,0.05
epi_s238,2,0.958,True,Patient43,0.05
epi_s239,20,0.26525,False,Patient43,0.05
epi_s24,7,0.9675,True,Patient43,0.05
epi_s240,6,0.948,True,Patient43,0.05
epi_s241,8,0.10175000000000001,False,Patient43,0.05
epi_s242,17,0.3885,False,Patient43,0.05
epi_s243,6,0.73475,False,Patient43,0.05
epi_s244,22,0.08324999999999999,False,Patient43,0.05
epi_s245,4,0.8965000000000001,False,Patient43,0.05
epi_s246,14,0.5237499999999999,False,Patient43,0.05
epi_s247,8,0.314,False,Patient43,0.05
epi_s248,4,0.6577500000000001,False,Patient43,0.05
epi_s249,6,0.344,False,Patient43,0.05
epi_s25,2,0.9795,True,Patient43,0.05
epi_s250,3,0.034,False,Patient43,0.05
epi_s251,4,0.08625,False,Patient43,0.05
epi_s252,5,0.0785,False,Patient43,0.05
epi_s253,4,0.3675,False,Patient43,0.05
epi_s254,8,0.358,False,Patient43,0.05
epi_s255,3,0.1815,False,Patient43,0.05
epi_s256,4,0.91375,True,Patient43,0.05
epi_s257,11,0.1305,False,Patient43,0.05
epi_s258,1,0.3195,False,Patient43,0.05
epi_s259,2,0.97525,True,Patient43,0.05
epi_s26,6,0.899,False,Patient43,0.05
epi_s260,2,0.622,False,Patient43,0.05
epi_s261,2,0.69825,False,Patient43,0.05
epi_s262,3,0.9905,True,Patient43,0.05
epi_s263,8,0.13025,False,Patient43,0.05
epi_s264,3,0.0305,False,Patient43,0.05
epi_s265,9,0.6515,False,Patient43,0.05
epi_s266,45,0.8165,False,Patient43,0.05
epi_s267,3,0.1275,False,Patient43,0.05
epi_s268,2,0.6792499999999999,False,Patient43,0.05
epi_s269,6,0.97475,True,Patient43,0.05
epi_s27,23,0.9855,True,Patient43,0.05
epi_s270,2,0.97725,True,Patient43,0.05
epi_s271,1,0.3595,False,Patient43,0.05
epi_s272,6,0.10675000000000001,False,Patient43,0.05
epi_s273,7,0.4655,False,Patient43,0.05
epi_s274,5,0.9895,True,Patient43,0.05
epi_s275,2,0.96225,True,Patient43,0.05
epi_s276,1,0.9675,True,Patient43,0.05
epi_s277,8,0.9850000000000001,True,Patient43,0.05
epi_s278,3,0.9805,True,Patient43,0.05
epi_s279,1,0.9115,True,Patient43,0.05
epi_s28,27,0.967,True,Patient43,0.05
epi_s280,5,0.903,True,Patient43,0.05
epi_s281,4,0.178,False,Patient43,0.05
epi_s282,3,0.287,False,Patient43,0.05
epi_s283,1,0.039,False,Patient43,0.05
epi_s284,10,0.9810000000000001,True,Patient43,0.05
epi_s285,3,0.184,False,Patient43,0.05
epi_s286,9,0.9355,True,Patient43,0.05
epi_s287,22,0.99725,True,Patient43,0.05
epi_s288,1,0.9665,True,Patient43,0.05
epi_s289,1,0.3275,False,Patient43,0.05
epi_s29,18,0.305,False,Patient43,0.05
epi_s290,3,0.1385,False,Patient43,0.05
epi_s291,1,0.556,False,Patient43,0.05
epi_s292,15,0.854,False,Patient43,0.05
epi_s293,1,0.8415,False,Patient43,0.05
epi_s294,1,0.712,False,Patient43,0.05
epi_s295,1,0.721,False,Patient43,0.05
epi_s296,2,0.9672499999999999,True,Patient43,0.05
epi_s297,2,0.05449999999999999,False,Patient43,0.05
epi_s298,1,0.478,False,Patient43,0.05
epi_s299,9,0.995,True,Patient43,0.05
epi_s3,18,0.9805,True,Patient43,0.05
epi_s30,11,0.972,True,Patient43,0.05
epi_s300,7,0.9955,True,Patient43,0.05
epi_s301,27,0.967,True,Patient43,0.05
epi_s302,24,0.984,True,Patient43,0.05
epi_s303,23,0.988,True,Patient43,0.05
epi_s304,116,0.556,False,Patient43,0.05
epi_s305,45,0.9915,True,Patient43,0.05
epi_s306,30,0.97525,True,Patient43,0.05
epi_s307,20,0.999,True,Patient43,0.05
epi_s308,115,0.9765,True,Patient43,0.05
epi_s309,12,0.97675,True,Patient43,0.05
epi_s31,30,0.95775,True,Patient43,0.05
epi_s310,34,0.9904999999999999,True,Patient43,0.05
epi_s311,44,0.9882500000000001,True,Patient43,0.05
epi_s312,6,0.98325,True,Patient43,0.05
epi_s313,15,0.999,True,Patient43,0.05
epi_s314,27,0.9915,True,Patient43,0.05
epi_s315,38,1.0,True,Patient43,0.05
epi_s316,3,0.993,True,Patient43,0.05
epi_s317,13,0.999,True,Patient43,0.05
epi_s318,33,0.9965,True,Patient43,0.05
epi_s319,13,0.992,True,Patient43,0.05
epi_s32,45,0.9815,True,Patient43,0.05
epi_s320,6,0.98925,True,Patient43,0.05
epi_s321,12,0.8295,False,Patient43,0.05
epi_s322,14,0.99325,True,Patient43,0.05
epi_s323,5,0.9915,True,Patient43,0.05
epi_s324,1,0.992,True,Patient43,0.05
epi_s325,9,0.994,True,Patient43,0.05
epi_s326,43,0.9775,True,Patient43,0.05
epi_s327,19,0.9955,True,Patient43,0.05
epi_s328,15,0.987,True,Patient43,0.05
epi_s329,6,0.6975,False,Patient43,0.05
epi_s33,8,0.97075,True,Patient43,0.05
epi_s330,35,0.9995,True,Patient43,0.05
epi_s331,27,1.0,True,Patient43,0.05
epi_s332,26,0.85575,False,Patient43,0.05
epi_s333,27,0.9955,True,Patient43,0.05
epi_s334,20,0.98525,True,Patient43,0.05
epi_s335,13,0.9895,True,Patient43,0.05
epi_s336,9,0.995,True,Patient43,0.05
epi_s337,19,0.999,True,Patient43,0.05
epi_s338,24,0.999,True,Patient43,0.05
epi_s339,2,0.9875,True,Patient43,0.05
epi_s34,20,0.9552499999999999,True,Patient43,0.05
epi_s340,14,0.999,True,Patient43,0.05
epi_s341,12,0.98875,True,Patient43,0.05
epi_s342,12,0.99,True,Patient43,0.05
epi_s343,21,1.0,True,Patient43,0.05
epi_s344,8,0.976,True,Patient43,0.05
epi_s345,4,0.88975,False,Patient43,0.05
epi_s346,22,0.9065,True,Patient43,0.05
epi_s347,1,0.481,False,Patient43,0.05
epi_s348,10,0.9745,True,Patient43,0.05
epi_s349,21,1.0,True,Patient43,0.05
epi_s35,27,0.987,True,Patient43,0.05
epi_s350,16,0.9915,True,Patient43,0.05
epi_s351,20,0.9982500000000001,True,Patient43,0.05
epi_s352,12,0.9962500000000001,True,Patient43,0.05
epi_s353,6,0.966,True,Patient43,0.05
epi_s354,18,0.9755,True,Patient43,0.05
epi_s355,12,0.97875,True,Patient43,0.05
epi_s356,7,0.9915,True,Patient43,0.05
epi_s357,17,0.993,True,Patient43,0.05
epi_s358,13,0.968,True,Patient43,0.05
epi_s359,1,0.998,True,Patient43,0.05
epi_s36,12,0.97575,True,Patient43,0.05
epi_s360,4,0.99175,True,Patient43,0.05
epi_s361,5,0.8635,False,Patient43,0.05
epi_s362,3,0.999,True,Patient43,0.05
epi_s363,6,0.99075,True,Patient43,0.05
epi_s364,9,0.9915,True,Patient43,0.05
epi_s365,7,0.999,True,Patient43,0.05
epi_s366,3,0.9815,True,Patient43,0.05
epi_s367,6,0.9995,True,Patient43,0.05
epi_s368,2,0.95575,True,Patient43,0.05
epi_s369,5,0.9865,True,Patient43,0.05
epi_s37,6,0.9830000000000001,True,Patient43,0.05
epi_s370,3,0.984,True,Patient43,0.05
epi_s371,1,1.0,True,Patient43,0.05
epi_s372,3,0.9915,True,Patient43,0.05
epi_s373,3,0.973,True,Patient43,0.05
epi_s374,2,0.9915,True,Patient43,0.05
epi_s375,2,0.8847499999999999,False,Patient43,0.05
epi_s376,1,1.0,True,Patient43,0.05
epi_s377,1,0.999,True,Patient43,0.05
epi_s38,32,0.2675,False,Patient43,0.05
epi_s39,3,0.975,True,Patient43,0.05
epi_s4,58,0.9775,True,Patient43,0.05
epi_s40,36,0.975,True,Patient43,0.05
epi_s41,37,0.9865,True,Patient43,0.05
epi_s42,10,0.97925,True,Patient43,0.05
epi_s43,13,0.964,True,Patient43,0.05
epi_s44,5,0.9535,True,Patient43,0.05
epi_s45,10,0.9572499999999999,True,Patient43,0.05
epi_s46,15,0.1155,False,Patient43,0.05
epi_s47,12,0.9525,True,Patient43,0.05
epi_s48,22,0.1875,False,Patient43,0.05
epi_s49,16,0.15625,False,Patient43,0.05
epi_s5,14,0.31475,False,Patient43,0.05
epi_s50,15,0.074,False,Patient43,0.05
epi_s51,9,0.917,True,Patient43,0.05
epi_s52,1,0.9955,True,Patient43,0.05
epi_s53,11,0.289,False,Patient43,0.05
epi_s54,15,0.2515,False,Patient43,0.05
epi_s55,12,0.9955,True,Patient43,0.05
epi_s56,10,0.9685,True,Patient43,0.05
epi_s57,17,0.0415,False,Patient43,0.05
epi_s58,11,0.957,True,Patient43,0.05
epi_s59,29,0.0325,False,Patient43,0.05
epi_s6,27,0.173,False,Patient43,0.05
epi_s60,20,0.98,True,Patient43,0.05
epi_s61,19,0.982,True,Patient43,0.05
epi_s62,18,0.21425,False,Patient43,0.05
epi_s63,15,0.1795,False,Patient43,0.05
epi_s64,6,0.97875,True,Patient43,0.05
epi_s65,10,0.90725,True,Patient43,0.05
epi_s66,2,0.032,False,Patient43,0.05
epi_s67,13,0.422,False,Patient43,0.05
epi_s68,28,0.1075,False,Patient43,0.05
epi_s69,4,0.96,True,Patient43,0.05
epi_s7,8,0.98925,True,Patient43,0.05
epi_s70,28,0.9942500000000001,True,Patient43,0.05
epi_s71,21,0.405,False,Patient43,0.05
epi_s72,27,0.246,False,Patient43,0.05
epi_s73,4,0.9864999999999999,True,Patient43,0.05
epi_s74,10,0.03,False,Patient43,0.05
epi_s75,21,0.2035,False,Patient43,0.05
epi_s76,31,0.729,False,Patient43,0.05
epi_s77,4,0.9065000000000001,True,Patient43,0.05
epi_s78,24,0.9844999999999999,True,Patient43,0.05
epi_s79,12,0.9755,True,Patient43,0.05
epi_s8,18,0.99075,True,Patient43,0.05
epi_s80,14,0.06725,False,Patient43,0.05
epi_s81,3,0.967,True,Patient43,0.05
epi_s82,6,0.694,False,Patient43,0.05
epi_s83,41,0.042,False,Patient43,0.05
epi_s84,3,0.628,False,Patient43,0.05
epi_s85,13,0.029,False,Patient43,0.05
epi_s86,52,0.975,True,Patient43,0.05
epi_s87,70,0.029,False,Patient43,0.05
epi_s88,17,0.982,True,Patient43,0.05
epi_s89,28,0.0555,False,Patient43,0.05
epi_s9,20,0.07450000000000001,False,Patient43,0.05
epi_s90,32,0.9784999999999999,True,Patient43,0.05
epi_s91,18,0.052500000000000005,False,Patient43,0.05
epi_s92,16,0.946,True,Patient43,0.05
epi_s93,14,0.97325,True,Patient43,0.05
epi_s94,69,0.9325,True,Patient43,0.05
epi_s95,15,0.054,False,Patient43,0.05
epi_s96,16,0.4505,False,Patient43,0.05
epi_s97,42,0.1755,False,Patient43,0.05
epi_s98,4,0.0745,False,Patient43,0.05
epi_s99,4,0.9205,True,Patient43,0.05
epi_s1,56,0.6895,False,Patient52,0.005
epi_s10,118,0.71825,False,Patient52,0.005
epi_s100,55,0.596,False,Patient52,0.005
epi_s101,52,0.6419999999999999,False,Patient52,0.005
epi_s102,1,0.818,False,Patient52,0.005
epi_s103,84,0.2625,False,Patient52,0.005
epi_s104,82,0.5205,False,Patient52,0.005
epi_s105,25,0.4215,False,Patient52,0.005
epi_s106,48,0.101,False,Patient52,0.005
epi_s107,32,0.41925,False,Patient52,0.005
epi_s108,48,0.34025,False,Patient52,0.005
epi_s109,25,0.3145,False,Patient52,0.005
epi_s11,59,0.4245,False,Patient52,0.005
epi_s110,19,0.2635,False,Patient52,0.005
epi_s111,32,0.724,False,Patient52,0.005
epi_s112,181,0.3585,False,Patient52,0.005
epi_s113,30,0.524,False,Patient52,0.005
epi_s114,17,0.6205,False,Patient52,0.005
epi_s115,172,0.0775,False,Patient52,0.005
epi_s116,40,0.39525,False,Patient52,0.005
epi_s117,10,0.30325,False,Patient52,0.005
epi_s118,47,0.3005,False,Patient52,0.005
epi_s119,34,0.37875000000000003,False,Patient52,0.005
epi_s12,132,0.216,False,Patient52,0.005
epi_s120,81,0.2245,False,Patient52,0.005
epi_s121,14,0.605,False,Patient52,0.005
epi_s122,18,0.48775,False,Patient52,0.005
epi_s123,72,0.21825,False,Patient52,0.005
epi_s124,16,0.69075,False,Patient52,0.005
epi_s125,21,0.5885,False,Patient52,0.005
epi_s126,36,0.5429999999999999,False,Patient52,0.005
epi_s127,21,0.651,False,Patient52,0.005
epi_s128,25,0.482,False,Patient52,0.005
epi_s129,14,0.8827499999999999,False,Patient52,0.005
epi_s13,83,0.2505,False,Patient52,0.005
epi_s130,52,0.51875,False,Patient52,0.005
epi_s131,17,0.5385,False,Patient52,0.005
epi_s132,17,0.7135,False,Patient52,0.005
epi_s133,15,0.3795,False,Patient52,0.005
epi_s134,25,0.47,False,Patient52,0.005
epi_s135,63,0.4405,False,Patient52,0.005
epi_s136,59,0.2855,False,Patient52,0.005
epi_s137,3,0.546,False,Patient52,0.005
epi_s138,2,0.56925,False,Patient52,0.005
epi_s139,30,0.23225,False,Patient52,0.005
epi_s14,125,0.935,True,Patient52,0.005
epi_s140,279,0.2205,False,Patient52,0.005
epi_s141,54,0.3415,False,Patient52,0.005
epi_s142,2,0.658,False,Patient52,0.005
epi_s143,1,0.449,False,Patient52,0.005
epi_s144,1,0.7525,False,Patient52,0.005
epi_s145,1,0.2535,False,Patient52,0.005
epi_s146,4,0.3165,False,Patient52,0.005
epi_s15,64,0.67325,False,Patient52,0.005
epi_s16,70,0.7495,False,Patient52,0.005
epi_s17,76,0.77075,False,Patient52,0.005
epi_s18,23,0.661,False,Patient52,0.005
epi_s19,55,0.4075,False,Patient52,0.005
epi_s2,48,0.5742499999999999,False,Patient52,0.005
epi_s20,53,0.6665,False,Patient52,0.005
epi_s21,68,0.28525,False,Patient52,0.005
epi_s22,219,0.0905,False,Patient52,0.005
epi_s23,258,0.095,False,Patient52,0.005
epi_s24,74,0.37124999999999997,False,Patient52,0.005
epi_s25,98,0.293,False,Patient52,0.005
epi_s26,61,0.2625,False,Patient52,0.005
epi_s27,52,0.53375,False,Patient52,0.005
epi_s28,47,0.1435,False,Patient52,0.005
epi_s29,58,0.48124999999999996,False,Patient52,0.005
epi_s3,38,0.2625,False,Patient52,0.005
epi_s30,124,0.16775,False,Patient52,0.005
epi_s31,37,0.3665,False,Patient52,0.005
epi_s32,72,0.62825,False,Patient52,0.005
epi_s33,78,0.41625,False,Patient52,0.005
epi_s34,172,0.60375,False,Patient52,0.005
epi_s35,102,0.058249999999999996,False,Patient52,0.005
epi_s36,114,0.45,False,Patient52,0.005
epi_s37,105,0.7585,False,Patient52,0.005
epi_s38,52,0.6759999999999999,False,Patient52,0.005
epi_s39,69,0.521,False,Patient52,0.005
epi_s4,17,0.4185,False,Patient52,0.005
epi_s40,126,0.24075,False,Patient52,0.005
epi_s41,69,0.639,False,Patient52,0.005
epi_s42,51,0.6645,False,Patient52,0.005
epi_s43,96,0.449,False,Patient52,0.005
epi_s44,86,0.37175,False,Patient52,0.005
epi_s45,82,0.64625,False,Patient52,0.005
epi_s46,85,0.1335,False,Patient52,0.005
epi_s47,117,0.7075,False,Patient52,0.005
epi_s48,90,0.1915,False,Patient52,0.005
epi_s49,78,0.28874999999999995,False,Patient52,0.005
epi_s5,73,0.502,False,Patient52,0.005
epi_s50,62,0.3145,False,Patient52,0.005
epi_s51,146,0.7225,False,Patient52,0.005
epi_s52,98,0.73675,False,Patient52,0.005
epi_s53,73,0.4135,False,Patient52,0.005
epi_s54,38,0.72125,False,Patient52,0.005
epi_s55,69,0.256,False,Patient52,0.005
epi_s56,41,0.5295,False,Patient52,0.005
epi_s57,56,0.48325,False,Patient52,0.005
epi_s58,38,0.366,False,Patient52,0.005
epi_s59,41,0.5745,False,Patient52,0.005
epi_s6,159,0.221,False,Patient52,0.005
epi_s60,71,0.317,False,Patient52,0.005
epi_s61,68,0.77625,False,Patient52,0.005
epi_s62,94,0.3225,False,Patient52,0.005
epi_s63,31,0.374,False,Patient52,0.005
epi_s64,37,0.565,False,Patient52,0.005
epi_s65,61,0.8595,False,Patient52,0.005
epi_s66,21,0.719,False,Patient52,0.005
epi_s67,51,0.201,False,Patient52,0.005
epi_s68,26,0.404,False,Patient52,0.005
epi_s69,110,0.1275,False,Patient52,0.005
epi_s7,59,0.631,False,Patient52,0.005
epi_s70,100,0.12875,False,Patient52,0.005
epi_s71,88,0.5409999999999999,False,Patient52,0.005
epi_s72,40,0.631,False,Patient52,0.005
epi_s73,30,0.57525,False,Patient52,0.005
epi_s74,63,0.19,False,Patient52,0.005
epi_s75,57,0.8135,False,Patient52,0.005
epi_s76,47,0.7585,False,Patient52,0.005
epi_s77,76,0.6407499999999999,False,Patient52,0.005
epi_s78,28,0.4835,False,Patient52,0.005
epi_s79,34,0.404,False,Patient52,0.005
epi_s8,83,0.622,False,Patient52,0.005
epi_s80,47,0.8765,False,Patient52,0.005
epi_s81,50,0.82475,False,Patient52,0.005
epi_s82,150,0.06025,False,Patient52,0.005
epi_s83,181,0.044,False,Patient52,0.005
epi_s84,54,0.5702499999999999,False,Patient52,0.005
epi_s85,32,0.5974999999999999,False,Patient52,0.005
epi_s86,63,0.1095,False,Patient52,0.005
epi_s87,89,0.133,False,Patient52,0.005
epi_s88,34,0.5567500000000001,False,Patient52,0.005
epi_s89,50,0.6819999999999999,False,Patient52,0.005
epi_s9,40,0.55975,False,Patient52,0.005
epi_s90,48,0.6799999999999999,False,Patient52,0.005
epi_s91,7,0.641,False,Patient52,0.005
epi_s92,93,0.201,False,Patient52,0.005
epi_s93,41,0.2755,False,Patient52,0.005
epi_s94,81,0.741,False,Patient52,0.005
epi_s95,20,0.6659999999999999,False,Patient52,0.005
epi_s96,80,0.6815,False,Patient52,0.005
epi_s97,57,0.1165,False,Patient52,0.005
epi_s98,76,0.31775,False,Patient52,0.005
epi_s99,47,0.626,False,Patient52,0.005
epi_s1,50,0.695,False,Patient52,0.01
epi_s10,18,0.5235000000000001,False,Patient52,0.01
epi_s100,119,0.103,False,Patient52,0.01
epi_s101,2,0.98975,True,Patient52,0.01
epi_s102,13,0.862,False,Patient52,0.01
epi_s103,24,0.1185,False,Patient52,0.01
epi_s104,42,0.6507499999999999,False,Patient52,0.01
epi_s105,48,0.50325,False,Patient52,0.01
epi_s106,8,0.40325,False,Patient52,0.01
epi_s107,14,0.5535,False,Patient52,0.01
epi_s108,6,0.50275,False,Patient52,0.01
epi_s109,25,0.0705,False,Patient52,0.01
epi_s11,27,0.6575,False,Patient52,0.01
epi_s110,73,0.1755,False,Patient52,0.01
epi_s111,25,0.467,False,Patient52,0.01
epi_s112,22,0.319,False,Patient52,0.01
epi_s113,4,0.911,True,Patient52,0.01
epi_s114,39,0.287,False,Patient52,0.01
epi_s115,90,0.1105,False,Patient52,0.01
epi_s116,18,0.7345,False,Patient52,0.01
epi_s117,29,0.8185,False,Patient52,0.01
epi_s118,66,0.583,False,Patient52,0.01
epi_s119,52,0.823,False,Patient52,0.01
epi_s12,58,0.17125,False,Patient52,0.01
epi_s120,14,0.36175,False,Patient52,0.01
epi_s121,40,0.89125,False,Patient52,0.01
epi_s122,52,0.2905,False,Patient52,0.01
epi_s123,100,0.059,False,Patient52,0.01
epi_s124,42,0.05875,False,Patient52,0.01
epi_s125,29,0.6595,False,Patient52,0.01
epi_s126,32,0.73,False,Patient52,0.01
epi_s127,47,0.732,False,Patient52,0.01
epi_s128,22,0.55625,False,Patient52,0.01
epi_s129,5,0.3005,False,Patient52,0.01
epi_s13,62,0.9025,True,Patient52,0.01
epi_s130,12,0.705,False,Patient52,0.01
epi_s131,65,0.3135,False,Patient52,0.01
epi_s132,21,0.549,False,Patient52,0.01
epi_s133,27,0.344,False,Patient52,0.01
epi_s134,43,0.078,False,Patient52,0.01
epi_s135,39,0.821,False,Patient52,0.01
epi_s136,47,0.6855,False,Patient52,0.01
epi_s137,24,0.5845,False,Patient52,0.01
epi_s138,34,0.44875,False,Patient52,0.01
epi_s139,50,0.5795,False,Patient52,0.01
epi_s14,48,0.6305000000000001,False,Patient52,0.01
epi_s140,21,0.575,False,Patient52,0.01
epi_s141,18,0.616,False,Patient52,0.01
epi_s142,42,0.65625,False,Patient52,0.01
epi_s143,25,0.1005,False,Patient52,0.01
epi_s144,30,0.5934999999999999,False,Patient52,0.01
epi_s145,21,0.8285,False,Patient52,0.01
epi_s146,37,0.5385,False,Patient52,0.01
epi_s147,33,0.436,False,Patient52,0.01
epi_s148,8,0.48350000000000004,False,Patient52,0.01
epi_s149,9,0.7345,False,Patient52,0.01
epi_s15,59,0.596,False,Patient52,0.01
epi_s150,53,0.216,False,Patient52,0.01
epi_s151,39,0.271,False,Patient52,0.01
epi_s152,4,0.7905,False,Patient52,0.01
epi_s153,38,0.75425,False,Patient52,0.01
epi_s154,28,0.423,False,Patient52,0.01
epi_s155,15,0.566,False,Patient52,0.01
epi_s156,30,0.331,False,Patient52,0.01
epi_s157,23,0.4065,False,Patient52,0.01
epi_s158,34,0.5515,False,Patient52,0.01
epi_s159,73,0.0715,False,Patient52,0.01
epi_s16,27,0.5505,False,Patient52,0.01
epi_s160,39,0.3985,False,Patient52,0.01
epi_s161,39,0.4745,False,Patient52,0.01
epi_s162,12,0.7005,False,Patient52,0.01
epi_s163,9,0.9225,True,Patient52,0.01
epi_s164,47,0.668,False,Patient52,0.01
epi_s165,32,0.8342499999999999,False,Patient52,0.01
epi_s166,41,0.196,False,Patient52,0.01
epi_s167,16,0.583,False,Patient52,0.01
epi_s168,20,0.495,False,Patient52,0.01
epi_s169,47,0.4295,False,Patient52,0.01
epi_s17,22,0.65525,False,Patient52,0.01
epi_s170,18,0.34625,False,Patient52,0.01
epi_s171,44,0.381,False,Patient52,0.01
epi_s172,26,0.5860000000000001,False,Patient52,0.01
epi_s173,12,0.724,False,Patient52,0.01
epi_s174,30,0.40225,False,Patient52,0.01
epi_s175,138,0.33075,False,Patient52,0.01
epi_s176,30,0.76825,False,Patient52,0.01
epi_s177,130,0.09525,False,Patient52,0.01
epi_s178,27,0.6245,False,Patient52,0.01
epi_s179,18,0.194,False,Patient52,0.01
epi_s18,28,0.635,False,Patient52,0.01
epi_s180,35,0.268,False,Patient52,0.01
epi_s181,11,0.342,False,Patient52,0.01
epi_s182,15,0.4175,False,Patient52,0.01
epi_s183,17,0.3005,False,Patient52,0.01
epi_s184,25,0.6405,False,Patient52,0.01
epi_s185,41,0.3005,False,Patient52,0.01
epi_s186,33,0.861,False,Patient52,0.01
epi_s187,44,0.4135,False,Patient52,0.01
epi_s188,37,0.38,False,Patient52,0.01
epi_s189,50,0.6365,False,Patient52,0.01
epi_s19,47,0.3145,False,Patient52,0.01
epi_s190,42,0.54925,False,Patient52,0.01
epi_s191,17,0.8375,False,Patient52,0.01
epi_s192,47,0.3005,False,Patient52,0.01
epi_s193,62,0.228,False,Patient52,0.01
epi_s194,23,0.6565,False,Patient52,0.01
epi_s195,7,0.4065,False,Patient52,0.01
epi_s196,26,0.4245,False,Patient52,0.01
epi_s197,36,0.20800000000000002,False,Patient52,0.01
epi_s198,51,0.3585,False,Patient52,0.01
epi_s199,13,0.7375,False,Patient52,0.01
epi_s2,39,0.182,False,Patient52,0.01
epi_s20,33,0.517,False,Patient52,0.01
epi_s200,13,0.5745,False,Patient52,0.01
epi_s201,27,0.5885,False,Patient52,0.01
epi_s202,116,0.0605,False,Patient52,0.01
epi_s203,59,0.101,False,Patient52,0.01
epi_s204,22,0.46425,False,Patient52,0.01
epi_s205,118,0.0385,False,Patient52,0.01
epi_s206,30,0.2195,False,Patient52,0.01
epi_s207,23,0.9365,True,Patient52,0.01
epi_s208,18,0.20800000000000002,False,Patient52,0.01
epi_s209,24,0.5035000000000001,False,Patient52,0.01
epi_s21,36,0.176,False,Patient52,0.01
epi_s210,34,0.37375,False,Patient52,0.01
epi_s211,18,0.48775,False,Patient52,0.01
epi_s212,4,0.52875,False,Patient52,0.01
epi_s213,26,0.54725,False,Patient52,0.01
epi_s214,20,0.45275,False,Patient52,0.01
epi_s215,25,0.3855,False,Patient52,0.01
epi_s216,23,0.482,False,Patient52,0.01
epi_s217,21,0.6775,False,Patient52,0.01
epi_s218,1,0.411,False,Patient52,0.01
epi_s219,3,0.7525,False,Patient52,0.01
epi_s22,20,0.6140000000000001,False,Patient52,0.01
epi_s220,17,0.7315,False,Patient52,0.01
epi_s221,10,0.597,False,Patient52,0.01
epi_s222,8,0.41974999999999996,False,Patient52,0.01
epi_s223,13,0.342,False,Patient52,0.01
epi_s224,52,0.078,False,Patient52,0.01
epi_s225,30,0.66825,False,Patient52,0.01
epi_s226,14,0.65525,False,Patient52,0.01
epi_s227,29,0.1585,False,Patient52,0.01
epi_s228,27,0.3235,False,Patient52,0.01
epi_s229,32,0.28,False,Patient52,0.01
epi_s23,42,0.5429999999999999,False,Patient52,0.01
epi_s230,3,0.487,False,Patient52,0.01
epi_s231,28,0.44575,False,Patient52,0.01
epi_s232,74,0.2545,False,Patient52,0.01
epi_s233,16,0.70025,False,Patient52,0.01
epi_s234,37,0.356,False,Patient52,0.01
epi_s235,30,0.54325,False,Patient52,0.01
epi_s236,16,0.3885,False,Patient52,0.01
epi_s237,17,0.4055,False,Patient52,0.01
epi_s238,118,0.0715,False,Patient52,0.01
epi_s239,10,0.35975,False,Patient52,0.01
epi_s24,23,0.771,False,Patient52,0.01
epi_s240,35,0.235,False,Patient52,0.01
epi_s241,3,0.7465,False,Patient52,0.01
epi_s242,34,0.20124999999999998,False,Patient52,0.01
epi_s243,57,0.207,False,Patient52,0.01
epi_s244,5,0.3585,False,Patient52,0.01
epi_s245,2,0.482,False,Patient52,0.01
epi_s246,3,0.91,True,Patient52,0.01
epi_s247,1,0.6865,False,Patient52,0.01
epi_s248,234,0.2005,False,Patient52,0.01
epi_s249,1,0.961,True,Patient52,0.01
epi_s25,73,0.135,False,Patient52,0.01
epi_s250,47,0.307,False,Patient52,0.01
epi_s251,6,0.6174999999999999,False,Patient52,0.01
epi_s252,1,0.4235,False,Patient52,0.01
epi_s253,12,0.238,False,Patient52,0.01
epi_s254,122,0.579,False,Patient52,0.01
epi_s255,19,0.603,False,Patient52,0.01
epi_s256,14,0.41974999999999996,False,Patient52,0.01
epi_s257,1,0.925,True,Patient52,0.01
epi_s258,1,0.2535,False,Patient52,0.01
epi_s259,3,0.273,False,Patient52,0.01
epi_s26,40,0.35175,False,Patient52,0.01
epi_s260,2,0.38925,False,Patient52,0.01
epi_s261,1,0.7255,False,Patient52,0.01
epi_s27,31,0.124,False,Patient52,0.01
epi_s28,33,0.0805,False,Patient52,0.01
epi_s29,38,0.5840000000000001,False,Patient52,0.01
epi_s3,40,0.36,False,Patient52,0.01
epi_s30,53,0.674,False,Patient52,0.01
epi_s31,58,0.107,False,Patient52,0.01
epi_s32,41,0.3005,False,Patient52,0.01
epi_s33,63,0.736,False,Patient52,0.01
epi_s34,45,0.6775,False,Patient52,0.01
epi_s35,34,0.77725,False,Patient52,0.01
epi_s36,51,0.251,False,Patient52,0.01
epi_s37,40,0.228,False,Patient52,0.01
epi_s38,103,0.2375,False,Patient52,0.01
epi_s39,52,0.6020000000000001,False,Patient52,0.01
epi_s4,42,0.503,False,Patient52,0.01
epi_s40,42,0.4385,False,Patient52,0.01
epi_s41,7,0.4335,False,Patient52,0.01
epi_s42,2,0.28675,False,Patient52,0.01
epi_s43,69,0.369,False,Patient52,0.01
epi_s44,45,0.458,False,Patient52,0.01
epi_s45,38,0.6085,False,Patient52,0.01
epi_s46,29,0.689,False,Patient52,0.01
epi_s47,71,0.1005,False,Patient52,0.01
epi_s48,59,0.682,False,Patient52,0.01
epi_s49,60,0.1915,False,Patient52,0.01
epi_s5,95,0.1615,False,Patient52,0.01
epi_s50,35,0.3515,False,Patient52,0.01
epi_s51,51,0.381,False,Patient52,0.01
epi_s52,40,0.30125,False,Patient52,0.01
epi_s53,66,0.03925,False,Patient52,0.01
epi_s54,24,0.565,False,Patient52,0.01
epi_s55,80,0.19225,False,Patient52,0.01
epi_s56,43,0.182,False,Patient52,0.01
epi_s57,41,0.696,False,Patient52,0.01
epi_s58,10,0.33875,False,Patient52,0.01
epi_s59,10,0.7945,False,Patient52,0.01
epi_s6,43,0.506,False,Patient52,0.01
epi_s60,24,0.5145,False,Patient52,0.01
epi_s61,34,0.9672499999999999,True,Patient52,0.01
epi_s62,21,0.4245,False,Patient52,0.01
epi_s63,73,0.7345,False,Patient52,0.01
epi_s64,38,0.45875,False,Patient52,0.01
epi_s65,18,0.78525,False,Patient52,0.01
epi_s66,37,0.592,False,Patient52,0.01
epi_s67,38,0.7835,False,Patient52,0.01
epi_s68,46,0.7525,False,Patient52,0.01
epi_s69,51,0.1945,False,Patient52,0.01
epi_s7,60,0.5515,False,Patient52,0.01
epi_s70,2,0.27949999999999997,False,Patient52,0.01
epi_s71,19,0.4535,False,Patient52,0.01
epi_s72,72,0.69475,False,Patient52,0.01
epi_s73,41,0.4765,False,Patient52,0.01
epi_s74,25,0.888,False,Patient52,0.01
epi_s75,24,0.79525,False,Patient52,0.01
epi_s76,52,0.243,False,Patient52,0.01
epi_s77,50,0.56775,False,Patient52,0.01
epi_s78,41,0.7695,False,Patient52,0.01
epi_s79,46,0.18675,False,Patient52,0.01
epi_s8,44,0.48475,False,Patient52,0.01
epi_s80,42,0.32375,False,Patient52,0.01
epi_s81,26,0.37625,False,Patient52,0.01
epi_s82,93,0.1035,False,Patient52,0.01
epi_s83,26,0.6675,False,Patient52,0.01
epi_s84,30,0.404,False,Patient52,0.01
epi_s85,16,0.7132499999999999,False,Patient52,0.01
epi_s86,19,0.666,False,Patient52,0.01
epi_s87,17,0.7195,False,Patient52,0.01
epi_s88,48,0.485,False,Patient52,0.01
epi_s89,25,0.5845,False,Patient52,0.01
epi_s9,40,0.7045,False,Patient52,0.01
epi_s90,37,0.178,False,Patient52,0.01
epi_s91,32,0.6932499999999999,False,Patient52,0.01
epi_s92,45,0.823,False,Patient52,0.01
epi_s93,24,0.46125000000000005,False,Patient52,0.01
epi_s94,15,0.6865,False,Patient52,0.01
epi_s95,30,0.43274999999999997,False,Patient52,0.01
epi_s96,31,0.6955,False,Patient52,0.01
epi_s97,42,0.8652500000000001,False,Patient52,0.01
epi_s98,29,0.794,False,Patient52,0.01
epi_s99,22,0.86475,False,Patient52,0.01
epi_s1,18,0.748,False,Patient52,0.02
epi_s10,30,0.6287499999999999,False,Patient52,0.02
epi_s100,18,0.73725,False,Patient52,0.02
epi_s101,7,0.6215,False,Patient52,0.02
epi_s102,12,0.529,False,Patient52,0.02
epi_s103,23,0.585,False,Patient52,0.02
epi_s104,15,0.325,False,Patient52,0.02
epi_s105,33,0.1445,False,Patient52,0.02
epi_s106,30,0.45975,False,Patient52,0.02
epi_s107,14,0.84475,False,Patient52,0.02
epi_s108,13,0.942,True,Patient52,0.02
epi_s109,21,0.4475,False,Patient52,0.02
epi_s11,9,0.5475,False,Patient52,0.02
epi_s110,20,0.29725,False,Patient52,0.02
epi_s111,19,0.6495,False,Patient52,0.02
epi_s112,15,0.6875,False,Patient52,0.02
epi_s113,17,0.723,False,Patient52,0.02
epi_s114,25,0.7115,False,Patient52,0.02
epi_s115,24,0.37675000000000003,False,Patient52,0.02
epi_s116,28,0.8927499999999999,False,Patient52,0.02
epi_s117,14,0.83175,False,Patient52,0.02
epi_s118,20,0.8785000000000001,False,Patient52,0.02
epi_s119,11,0.914,True,Patient52,0.02
epi_s12,33,0.648,False,Patient52,0.02
epi_s120,25,0.4245,False,Patient52,0.02
epi_s121,101,0.0995,False,Patient52,0.02
epi_s122,42,0.567,False,Patient52,0.02
epi_s123,48,0.03125,False,Patient52,0.02
epi_s124,42,0.042749999999999996,False,Patient52,0.02
epi_s125,17,0.277,False,Patient52,0.02
epi_s126,21,0.8995,False,Patient52,0.02
epi_s127,22,0.09125,False,Patient52,0.02
epi_s128,33,0.5695,False,Patient52,0.02
epi_s129,14,0.54775,False,Patient52,0.02
epi_s13,20,0.15575,False,Patient52,0.02
epi_s130,16,0.5535,False,Patient52,0.02
epi_s131,4,0.35425,False,Patient52,0.02
epi_s132,6,0.39575,False,Patient52,0.02
epi_s133,14,0.28075,False,Patient52,0.02
epi_s134,16,0.044,False,Patient52,0.02
epi_s135,38,0.0885,False,Patient52,0.02
epi_s136,21,0.514,False,Patient52,0.02
epi_s137,15,0.3115,False,Patient52,0.02
epi_s138,35,0.7175,False,Patient52,0.02
epi_s139,30,0.54,False,Patient52,0.02
epi_s14,50,0.08725,False,Patient52,0.02
epi_s140,4,0.58875,False,Patient52,0.02
epi_s141,5,0.911,True,Patient52,0.02
epi_s142,37,0.26,False,Patient52,0.02
epi_s143,12,0.4645,False,Patient52,0.02
epi_s144,6,0.65525,False,Patient52,0.02
epi_s145,3,0.6035,False,Patient52,0.02
epi_s146,18,0.90675,True,Patient52,0.02
epi_s147,17,0.7715,False,Patient52,0.02
epi_s148,34,0.16325,False,Patient52,0.02
epi_s149,12,0.48975,False,Patient52,0.02
epi_s15,29,0.9025,True,Patient52,0.02
epi_s150,12,0.64325,False,Patient52,0.02
epi_s151,12,0.8635,False,Patient52,0.02
epi_s152,10,0.82375,False,Patient52,0.02
epi_s153,17,0.8265,False,Patient52,0.02
epi_s154,13,0.7695,False,Patient52,0.02
epi_s155,10,0.66125,False,Patient52,0.02
epi_s156,36,0.536,False,Patient52,0.02
epi_s157,34,0.1355,False,Patient52,0.02
epi_s158,16,0.56675,False,Patient52,0.02
epi_s159,12,0.3295,False,Patient52,0.02
epi_s16,35,0.661,False,Patient52,0.02
epi_s160,38,0.06175,False,Patient52,0.02
epi_s161,35,0.044,False,Patient52,0.02
epi_s162,19,0.778,False,Patient52,0.02
epi_s163,5,0.1895,False,Patient52,0.02
epi_s164,14,0.683,False,Patient52,0.02
epi_s165,26,0.7887500000000001,False,Patient52,0.02
epi_s166,32,0.66675,False,Patient52,0.02
epi_s167,42,0.18125000000000002,False,Patient52,0.02
epi_s168,18,0.8532500000000001,False,Patient52,0.02
epi_s169,10,0.64025,False,Patient52,0.02
epi_s17,37,0.585,False,Patient52,0.02
epi_s170,46,0.3,False,Patient52,0.02
epi_s171,26,0.863,False,Patient52,0.02
epi_s172,20,0.5447500000000001,False,Patient52,0.02
epi_s173,5,0.422,False,Patient52,0.02
epi_s174,8,0.33475,False,Patient52,0.02
epi_s175,29,0.6165,False,Patient52,0.02
epi_s176,12,0.5585,False,Patient52,0.02
epi_s177,25,0.3685,False,Patient52,0.02
epi_s178,20,0.64975,False,Patient52,0.02
epi_s179,13,0.575,False,Patient52,0.02
epi_s18,6,0.48225,False,Patient52,0.02
epi_s180,14,0.72,False,Patient52,0.02
epi_s181,4,0.6892499999999999,False,Patient52,0.02
epi_s182,16,0.83675,False,Patient52,0.02
epi_s183,15,0.572,False,Patient52,0.02
epi_s184,29,0.613,False,Patient52,0.02
epi_s185,24,0.11875000000000001,False,Patient52,0.02
epi_s186,13,0.641,False,Patient52,0.02
epi_s187,14,0.83175,False,Patient52,0.02
epi_s188,27,0.521,False,Patient52,0.02
epi_s189,14,0.40975,False,Patient52,0.02
epi_s19,19,0.496,False,Patient52,0.02
epi_s190,16,0.5660000000000001,False,Patient52,0.02
epi_s191,4,0.864,False,Patient52,0.02
epi_s192,36,0.195,False,Patient52,0.02
epi_s193,15,0.248,False,Patient52,0.02
epi_s194,7,0.48,False,Patient52,0.02
epi_s195,18,0.218,False,Patient52,0.02
epi_s196,17,0.687,False,Patient52,0.02
epi_s197,32,0.1905,False,Patient52,0.02
epi_s198,28,0.79525,False,Patient52,0.02
epi_s199,34,0.3885,False,Patient52,0.02
epi_s2,34,0.175,False,Patient52,0.02
epi_s20,18,0.63625,False,Patient52,0.02
epi_s200,16,0.9782500000000001,True,Patient52,0.02
epi_s201,21,0.3785,False,Patient52,0.02
epi_s202,18,0.446,False,Patient52,0.02
epi_s203,11,0.559,False,Patient52,0.02
epi_s204,11,0.675,False,Patient52,0.02
epi_s205,10,0.78825,False,Patient52,0.02
epi_s206,51,0.095,False,Patient52,0.02
epi_s207,21,0.3075,False,Patient52,0.02
epi_s208,36,0.058249999999999996,False,Patient52,0.02
epi_s209,14,0.42600000000000005,False,Patient52,0.02
epi_s21,22,0.59275,False,Patient52,0.02
epi_s210,29,0.474,False,Patient52,0.02
epi_s211,25,0.7645,False,Patient52,0.02
epi_s212,16,0.776,False,Patient52,0.02
epi_s213,9,0.559,False,Patient52,0.02
epi_s214,15,0.365,False,Patient52,0.02
epi_s215,8,0.702,False,Patient52,0.02
epi_s216,33,0.717,False,Patient52,0.02
epi_s217,12,0.87375,False,Patient52,0.02
epi_s218,40,0.122,False,Patient52,0.02
epi_s219,25,0.736,False,Patient52,0.02
epi_s22,21,0.5895,False,Patient52,0.02
epi_s220,33,0.608,False,Patient52,0.02
epi_s221,24,0.841,False,Patient52,0.02
epi_s222,12,0.625,False,Patient52,0.02
epi_s223,28,0.16549999999999998,False,Patient52,0.02
epi_s224,16,0.44875,False,Patient52,0.02
epi_s225,17,0.4985,False,Patient52,0.02
epi_s226,19,0.274,False,Patient52,0.02
epi_s227,25,0.3735,False,Patient52,0.02
epi_s228,16,0.28300000000000003,False,Patient52,0.02
epi_s229,24,0.14700000000000002,False,Patient52,0.02
epi_s23,23,0.517,False,Patient52,0.02
epi_s230,25,0.2355,False,Patient52,0.02
epi_s231,4,0.96175,True,Patient52,0.02
epi_s232,15,0.3025,False,Patient52,0.02
epi_s233,95,0.3345,False,Patient52,0.02
epi_s234,20,0.5860000000000001,False,Patient52,0.02
epi_s235,14,0.56025,False,Patient52,0.02
epi_s236,17,0.401,False,Patient52,0.02
epi_s237,25,0.858,False,Patient52,0.02
epi_s238,22,0.7622500000000001,False,Patient52,0.02
epi_s239,18,0.6265000000000001,False,Patient52,0.02
epi_s24,38,0.07225000000000001,False,Patient52,0.02
epi_s240,68,0.0975,False,Patient52,0.02
epi_s241,1,0.523,False,Patient52,0.02
epi_s242,3,0.285,False,Patient52,0.02
epi_s243,11,0.719,False,Patient52,0.02
epi_s244,19,0.211,False,Patient52,0.02
epi_s245,28,0.235,False,Patient52,0.02
epi_s246,15,0.4135,False,Patient52,0.02
epi_s247,14,0.41425,False,Patient52,0.02
epi_s248,3,0.101,False,Patient52,0.02
epi_s249,16,0.614,False,Patient52,0.02
epi_s25,9,0.8615,False,Patient52,0.02
epi_s250,21,0.3535,False,Patient52,0.02
epi_s251,20,0.4175,False,Patient52,0.02
epi_s252,9,0.3115,False,Patient52,0.02
epi_s253,7,0.7225,False,Patient52,0.02
epi_s254,36,0.4465,False,Patient52,0.02
epi_s255,14,0.63,False,Patient52,0.02
epi_s256,11,0.798,False,Patient52,0.02
epi_s257,29,0.14,False,Patient52,0.02
epi_s258,31,0.2885,False,Patient52,0.02
epi_s259,28,0.54825,False,Patient52,0.02
epi_s26,24,0.49,False,Patient52,0.02
epi_s260,21,0.854,False,Patient52,0.02
epi_s261,16,0.47175,False,Patient52,0.02
epi_s262,17,0.436,False,Patient52,0.02
epi_s263,37,0.229,False,Patient52,0.02
epi_s264,17,0.625,False,Patient52,0.02
epi_s265,16,0.4245,False,Patient52,0.02
epi_s266,2,0.706,False,Patient52,0.02
epi_s267,11,0.8805,False,Patient52,0.02
epi_s268,25,0.4345,False,Patient52,0.02
epi_s269,28,0.27375,False,Patient52,0.02
epi_s27,54,0.1345,False,Patient52,0.02
epi_s270,22,0.513,False,Patient52,0.02
epi_s271,16,0.14825,False,Patient52,0.02
epi_s272,11,0.598,False,Patient52,0.02
epi_s273,3,0.798,False,Patient52,0.02
epi_s274,22,0.34375,False,Patient52,0.02
epi_s275,21,0.4125,False,Patient52,0.02
epi_s276,14,0.69675,False,Patient52,0.02
epi_s277,15,0.2355,False,Patient52,0.02
epi_s278,6,0.5125,False,Patient52,0.02
epi_s279,26,0.54375,False,Patient52,0.02
epi_s28,14,0.50325,False,Patient52,0.02
epi_s280,8,0.616,False,Patient52,0.02
epi_s281,22,0.46625,False,Patient52,0.02
epi_s282,42,0.404,False,Patient52,0.02
epi_s283,23,0.4625,False,Patient52,0.02
epi_s284,17,0.6625,False,Patient52,0.02
epi_s285,25,0.3865,False,Patient52,0.02
epi_s286,9,0.558,False,Patient52,0.02
epi_s287,38,0.68775,False,Patient52,0.02
epi_s288,17,0.521,False,Patient52,0.02
epi_s289,27,0.591,False,Patient52,0.02
epi_s29,22,0.25125,False,Patient52,0.02
epi_s290,24,0.23425,False,Patient52,0.02
epi_s291,8,0.2205,False,Patient52,0.02
epi_s292,20,0.4065,False,Patient52,0.02
epi_s293,13,0.11,False,Patient52,0.02
epi_s294,76,0.0655,False,Patient52,0.02
epi_s295,17,0.607,False,Patient52,0.02
epi_s296,15,0.5585,False,Patient52,0.02
epi_s297,2,0.5852499999999999,False,Patient52,0.02
epi_s298,26,0.5775,False,Patient52,0.02
epi_s299,19,0.3615,False,Patient52,0.02
epi_s3,7,0.8115,False,Patient52,0.02
epi_s30,23,0.2425,False,Patient52,0.02
epi_s300,10,0.57725,False,Patient52,0.02
epi_s301,1,0.75,False,Patient52,0.02
epi_s302,18,0.38,False,Patient52,0.02
epi_s303,11,0.6735,False,Patient52,0.02
epi_s304,40,0.297,False,Patient52,0.02
epi_s305,4,0.5845,False,Patient52,0.02
epi_s306,35,0.3705,False,Patient52,0.02
epi_s307,19,0.688,False,Patient52,0.02
epi_s308,19,0.7565,False,Patient52,0.02
epi_s309,17,0.398,False,Patient52,0.02
epi_s31,37,0.0855,False,Patient52,0.02
epi_s310,21,0.3515,False,Patient52,0.02
epi_s311,17,0.148,False,Patient52,0.02
epi_s312,6,0.5327500000000001,False,Patient52,0.02
epi_s313,22,0.702,False,Patient52,0.02
epi_s314,25,0.37,False,Patient52,0.02
epi_s315,17,0.5375,False,Patient52,0.02
epi_s316,37,0.1685,False,Patient52,0.02
epi_s317,13,0.6945,False,Patient52,0.02
epi_s318,11,0.369,False,Patient52,0.02
epi_s319,6,0.485,False,Patient52,0.02
epi_s32,21,0.695,False,Patient52,0.02
epi_s320,62,0.0555,False,Patient52,0.02
epi_s321,5,0.461,False,Patient52,0.02
epi_s322,13,0.5885,False,Patient52,0.02
epi_s323,11,0.497,False,Patient52,0.02
epi_s324,28,0.5145,False,Patient52,0.02
epi_s325,28,0.5429999999999999,False,Patient52,0.02
epi_s326,4,0.6395,False,Patient52,0.02
epi_s327,22,0.39949999999999997,False,Patient52,0.02
epi_s328,9,0.9225,True,Patient52,0.02
epi_s329,14,0.888,False,Patient52,0.02
epi_s33,50,0.655,False,Patient52,0.02
epi_s330,10,0.6485,False,Patient52,0.02
epi_s331,17,0.331,False,Patient52,0.02
epi_s332,4,0.8855,False,Patient52,0.02
epi_s333,8,0.6045,False,Patient52,0.02
epi_s334,10,0.27025,False,Patient52,0.02
epi_s335,12,0.658,False,Patient52,0.02
epi_s336,9,0.686,False,Patient52,0.02
epi_s337,6,0.71,False,Patient52,0.02
epi_s338,25,0.482,False,Patient52,0.02
epi_s339,3,0.4355,False,Patient52,0.02
epi_s34,44,0.74575,False,Patient52,0.02
epi_s340,6,0.753,False,Patient52,0.02
epi_s341,38,0.07175,False,Patient52,0.02
epi_s342,1,0.411,False,Patient52,0.02
epi_s343,5,0.7225,False,Patient52,0.02
epi_s344,1,0.6955,False,Patient52,0.02
epi_s345,6,0.4495,False,Patient52,0.02
epi_s346,58,0.06,False,Patient52,0.02
epi_s347,12,0.9045000000000001,True,Patient52,0.02
epi_s348,10,0.5707500000000001,False,Patient52,0.02
epi_s349,4,0.5952500000000001,False,Patient52,0.02
epi_s35,17,0.73,False,Patient52,0.02
epi_s350,10,0.23675000000000002,False,Patient52,0.02
epi_s351,33,0.158,False,Patient52,0.02
epi_s352,3,0.347,False,Patient52,0.02
epi_s353,16,0.41475,False,Patient52,0.02
epi_s354,24,0.6719999999999999,False,Patient52,0.02
epi_s355,8,0.3785,False,Patient52,0.02
epi_s356,6,0.53125,False,Patient52,0.02
epi_s357,1,0.8485,False,Patient52,0.02
epi_s358,7,0.2545,False,Patient52,0.02
epi_s359,12,0.6134999999999999,False,Patient52,0.02
epi_s36,18,0.4255,False,Patient52,0.02
epi_s360,14,0.235,False,Patient52,0.02
epi_s361,21,0.277,False,Patient52,0.02
epi_s362,8,0.39325,False,Patient52,0.02
epi_s363,24,0.3115,False,Patient52,0.02
epi_s364,5,0.583,False,Patient52,0.02
epi_s365,12,0.1545,False,Patient52,0.02
epi_s366,25,0.445,False,Patient52,0.02
epi_s367,15,0.392,False,Patient52,0.02
epi_s368,10,0.4825,False,Patient52,0.02
epi_s369,7,0.498,False,Patient52,0.02
epi_s37,30,0.22525,False,Patient52,0.02
epi_s370,6,0.7324999999999999,False,Patient52,0.02
epi_s371,16,0.29425,False,Patient52,0.02
epi_s372,12,0.31375,False,Patient52,0.02
epi_s373,17,0.436,False,Patient52,0.02
epi_s374,4,0.5345,False,Patient52,0.02
epi_s375,2,0.1815,False,Patient52,0.02
epi_s376,6,0.137,False,Patient52,0.02
epi_s377,10,0.19475,False,Patient52,0.02
epi_s378,12,0.6779999999999999,False,Patient52,0.02
epi_s379,12,0.575,False,Patient52,0.02
epi_s38,37,0.3005,False,Patient52,0.02
epi_s380,2,0.51825,False,Patient52,0.02
epi_s381,12,0.7745,False,Patient52,0.02
epi_s382,4,0.28800000000000003,False,Patient52,0.02
epi_s383,7,0.615,False,Patient52,0.02
epi_s384,14,0.51875,False,Patient52,0.02
epi_s385,13,0.329,False,Patient52,0.02
epi_s386,13,0.379,False,Patient52,0.02
epi_s387,94,0.06975,False,Patient52,0.02
epi_s388,24,0.176,False,Patient52,0.02
epi_s389,12,0.384,False,Patient52,0.02
epi_s39,29,0.383,False,Patient52,0.02
epi_s390,5,0.334,False,Patient52,0.02
epi_s391,10,0.0345,False,Patient52,0.02
epi_s392,5,0.7465,False,Patient52,0.02
epi_s393,7,0.4915,False,Patient52,0.02
epi_s394,1,0.379,False,Patient52,0.02
epi_s395,14,0.27749999999999997,False,Patient52,0.02
epi_s396,7,0.291,False,Patient52,0.02
epi_s397,9,0.2895,False,Patient52,0.02
epi_s398,23,0.499,False,Patient52,0.02
epi_s399,13,0.247,False,Patient52,0.02
epi_s4,41,0.4855,False,Patient52,0.02
epi_s40,58,0.20675,False,Patient52,0.02
epi_s400,1,0.8485,False,Patient52,0.02
epi_s401,42,0.0975,False,Patient52,0.02
epi_s402,21,0.229,False,Patient52,0.02
epi_s403,1,0.151,False,Patient52,0.02
epi_s404,5,0.3375,False,Patient52,0.02
epi_s405,6,0.39125,False,Patient52,0.02
epi_s406,8,0.8240000000000001,False,Patient52,0.02
epi_s407,19,0.297,False,Patient52,0.02
epi_s408,19,0.2935,False,Patient52,0.02
epi_s409,2,0.65075,False,Patient52,0.02
epi_s41,39,0.482,False,Patient52,0.02
epi_s410,19,0.2735,False,Patient52,0.02
epi_s411,3,0.3775,False,Patient52,0.02
epi_s412,7,0.559,False,Patient52,0.02
epi_s413,3,0.734,False,Patient52,0.02
epi_s414,17,0.235,False,Patient52,0.02
epi_s415,14,0.33175,False,Patient52,0.02
epi_s416,18,0.08074999999999999,False,Patient52,0.02
epi_s417,2,0.44225,False,Patient52,0.02
epi_s418,8,0.34175,False,Patient52,0.02
epi_s419,6,0.40900000000000003,False,Patient52,0.02
epi_s42,23,0.292,False,Patient52,0.02
epi_s420,9,0.547,False,Patient52,0.02
epi_s421,19,0.3005,False,Patient52,0.02
epi_s422,57,0.251,False,Patient52,0.02
epi_s423,9,0.462,False,Patient52,0.02
epi_s424,36,0.1305,False,Patient52,0.02
epi_s425,15,0.221,False,Patient52,0.02
epi_s426,2,0.36024999999999996,False,Patient52,0.02
epi_s427,19,0.139,False,Patient52,0.02
epi_s428,26,0.175,False,Patient52,0.02
epi_s429,19,0.3665,False,Patient52,0.02
epi_s43,24,0.23249999999999998,False,Patient52,0.02
epi_s430,9,0.1335,False,Patient52,0.02
epi_s431,1,0.961,True,Patient52,0.02
epi_s432,24,0.35725,False,Patient52,0.02
epi_s433,5,0.7805,False,Patient52,0.02
epi_s434,33,0.298,False,Patient52,0.02
epi_s435,6,0.6174999999999999,False,Patient52,0.02
epi_s436,3,0.6855,False,Patient52,0.02
epi_s437,3,0.5385,False,Patient52,0.02
epi_s438,25,0.1945,False,Patient52,0.02
epi_s439,11,0.1515,False,Patient52,0.02
epi_s44,4,0.7184999999999999,False,Patient52,0.02
epi_s440,59,0.06,False,Patient52,0.02
epi_s441,5,0.1335,False,Patient52,0.02
epi_s442,32,0.28425,False,Patient52,0.02
epi_s443,122,0.579,False,Patient52,0.02
epi_s444,31,0.347,False,Patient52,0.02
epi_s445,49,0.2015,False,Patient52,0.02
epi_s446,1,0.3005,False,Patient52,0.02
epi_s447,5,0.482,False,Patient52,0.02
epi_s448,11,0.4015,False,Patient52,0.02
epi_s449,15,0.412,False,Patient52,0.02
epi_s45,19,0.353,False,Patient52,0.02
epi_s450,1,0.391,False,Patient52,0.02
epi_s451,6,0.4205,False,Patient52,0.02
epi_s452,164,0.179,False,Patient52,0.02
epi_s453,1,0.8215,False,Patient52,0.02
epi_s454,4,0.5682499999999999,False,Patient52,0.02
epi_s455,1,0.2535,False,Patient52,0.02
epi_s456,1,0.721,False,Patient52,0.02
epi_s457,1,0.1755,False,Patient52,0.02
epi_s458,3,0.6885,False,Patient52,0.02
epi_s459,1,0.9155,True,Patient52,0.02
epi_s46,31,0.489,False,Patient52,0.02
epi_s460,1,0.461,False,Patient52,0.02
epi_s461,10,0.07525000000000001,False,Patient52,0.02
epi_s462,2,0.424,False,Patient52,0.02
epi_s47,10,0.6315,False,Patient52,0.02
epi_s48,21,0.689,False,Patient52,0.02
epi_s49,60,0.10175000000000001,False,Patient52,0.02
epi_s5,17,0.3175,False,Patient52,0.02
epi_s50,39,0.795,False,Patient52,0.02
epi_s51,27,0.356,False,Patient52,0.02
epi_s52,11,0.4475,False,Patient52,0.02
epi_s53,28,0.44,False,Patient52,0.02
epi_s54,28,0.2195,False,Patient52,0.02
epi_s55,13,0.702,False,Patient52,0.02
epi_s56,27,0.4505,False,Patient52,0.02
epi_s57,19,0.137,False,Patient52,0.02
epi_s58,81,0.034,False,Patient52,0.02
epi_s59,17,0.771,False,Patient52,0.02
epi_s6,15,0.6215,False,Patient52,0.02
epi_s60,30,0.73925,False,Patient52,0.02
epi_s61,48,0.2055,False,Patient52,0.02
epi_s62,7,0.508,False,Patient52,0.02
epi_s63,11,0.713,False,Patient52,0.02
epi_s64,10,0.33875,False,Patient52,0.02
epi_s65,13,0.4245,False,Patient52,0.02
epi_s66,14,0.49524999999999997,False,Patient52,0.02
epi_s67,24,0.94375,True,Patient52,0.02
epi_s68,23,0.506,False,Patient52,0.02
epi_s69,8,0.33375,False,Patient52,0.02
epi_s7,38,0.70775,False,Patient52,0.02
epi_s70,24,0.7335,False,Patient52,0.02
epi_s71,34,0.4555,False,Patient52,0.02
epi_s72,64,0.172,False,Patient52,0.02
epi_s73,20,0.5795,False,Patient52,0.02
epi_s74,22,0.73325,False,Patient52,0.02
epi_s75,13,0.8005,False,Patient52,0.02
epi_s76,24,0.71175,False,Patient52,0.02
epi_s77,8,0.875,False,Patient52,0.02
epi_s78,36,0.7575000000000001,False,Patient52,0.02
epi_s79,34,0.65175,False,Patient52,0.02
epi_s8,54,0.60675,False,Patient52,0.02
epi_s80,38,0.14675,False,Patient52,0.02
epi_s81,4,0.352,False,Patient52,0.02
epi_s82,19,0.4535,False,Patient52,0.02
epi_s83,51,0.729,False,Patient52,0.02
epi_s84,29,0.5745,False,Patient52,0.02
epi_s85,6,0.479,False,Patient52,0.02
epi_s86,13,0.547,False,Patient52,0.02
epi_s87,19,0.8765,False,Patient52,0.02
epi_s88,30,0.8554999999999999,False,Patient52,0.02
epi_s89,12,0.92325,True,Patient52,0.02
epi_s9,34,0.5095000000000001,False,Patient52,0.02
epi_s90,38,0.24275,False,Patient52,0.02
epi_s91,6,0.79125,False,Patient52,0.02
epi_s92,5,0.67,False,Patient52,0.02
epi_s93,6,0.71825,False,Patient52,0.02
epi_s94,65,0.073,False,Patient52,0.02
epi_s95,7,0.5915,False,Patient52,0.02
epi_s96,19,0.6165,False,Patient52,0.02
epi_s97,30,0.1535,False,Patient52,0.02
epi_s98,38,0.135,False,Patient52,0.02
epi_s99,23,0.6725,False,Patient52,0.02
epi_s1,3,0.6875,False,Patient52,0.05
epi_s10,16,0.65925,False,Patient52,0.05
epi_s100,12,0.1395,False,Patient52,0.05
epi_s101,10,0.68325,False,Patient52,0.05
epi_s102,13,0.5745,False,Patient52,0.05
epi_s103,15,0.191,False,Patient52,0.05
epi_s104,12,0.71,False,Patient52,0.05
epi_s105,4,0.307,False,Patient52,0.05
epi_s106,26,0.16825,False,Patient52,0.05
epi_s107,3,0.331,False,Patient52,0.05
epi_s108,9,0.564,False,Patient52,0.05
epi_s109,9,0.7175,False,Patient52,0.05
epi_s11,7,0.5475,False,Patient52,0.05
epi_s110,7,0.3435,False,Patient52,0.05
epi_s111,8,0.37075,False,Patient52,0.05
epi_s112,11,0.521,False,Patient52,0.05
epi_s113,11,0.518,False,Patient52,0.05
epi_s114,6,0.11674999999999999,False,Patient52,0.05
epi_s115,19,0.5165,False,Patient52,0.05
epi_s116,8,0.8002499999999999,False,Patient52,0.05
epi_s117,12,0.4285,False,Patient52,0.05
epi_s118,15,0.3025,False,Patient52,0.05
epi_s119,16,0.64575,False,Patient52,0.05
epi_s12,4,0.19825,False,Patient52,0.05
epi_s120,8,0.6705,False,Patient52,0.05
epi_s121,3,0.858,False,Patient52,0.05
epi_s122,4,0.64425,False,Patient52,0.05
epi_s123,11,0.521,False,Patient52,0.05
epi_s124,13,0.656,False,Patient52,0.05
epi_s125,12,0.946,True,Patient52,0.05
epi_s126,15,0.511,False,Patient52,0.05
epi_s127,18,0.36775,False,Patient52,0.05
epi_s128,18,0.8927499999999999,False,Patient52,0.05
epi_s129,13,0.7325,False,Patient52,0.05
epi_s13,17,0.291,False,Patient52,0.05
epi_s130,14,0.8382499999999999,False,Patient52,0.05
epi_s131,10,0.863,False,Patient52,0.05
epi_s132,11,0.5525,False,Patient52,0.05
epi_s133,43,0.103,False,Patient52,0.05
epi_s134,13,0.7715,False,Patient52,0.05
epi_s135,8,0.11374999999999999,False,Patient52,0.05
epi_s136,23,0.088,False,Patient52,0.05
epi_s137,17,0.5885,False,Patient52,0.05
epi_s138,18,0.14625,False,Patient52,0.05
epi_s139,2,0.6405000000000001,False,Patient52,0.05
epi_s14,35,0.0665,False,Patient52,0.05
epi_s140,10,0.90225,True,Patient52,0.05
epi_s141,16,0.5325,False,Patient52,0.05
epi_s142,15,0.0985,False,Patient52,0.05
epi_s143,3,0.13,False,Patient52,0.05
epi_s144,5,0.365,False,Patient52,0.05
epi_s145,11,0.6055,False,Patient52,0.05
epi_s146,4,0.43500000000000005,False,Patient52,0.05
epi_s147,4,0.329,False,Patient52,0.05
epi_s148,6,0.60425,False,Patient52,0.05
epi_s149,8,0.2975,False,Patient52,0.05
epi_s15,18,0.899,False,Patient52,0.05
epi_s150,6,0.20725,False,Patient52,0.05
epi_s151,15,0.0275,False,Patient52,0.05
epi_s152,27,0.09,False,Patient52,0.05
epi_s153,17,0.4135,False,Patient52,0.05
epi_s154,7,0.3115,False,Patient52,0.05
epi_s155,18,0.7525,False,Patient52,0.05
epi_s156,8,0.3255,False,Patient52,0.05
epi_s157,7,0.2805,False,Patient52,0.05
epi_s158,2,0.5235,False,Patient52,0.05
epi_s159,13,0.8465,False,Patient52,0.05
epi_s16,15,0.655,False,Patient52,0.05
epi_s160,5,0.911,True,Patient52,0.05
epi_s161,22,0.16025,False,Patient52,0.05
epi_s162,10,0.16275,False,Patient52,0.05
epi_s163,5,0.873,False,Patient52,0.05
epi_s164,14,0.90675,True,Patient52,0.05
epi_s165,23,0.1335,False,Patient52,0.05
epi_s166,11,0.3015,False,Patient52,0.05
epi_s167,10,0.82875,False,Patient52,0.05
epi_s168,10,0.73975,False,Patient52,0.05
epi_s169,6,0.86775,False,Patient52,0.05
epi_s17,6,0.7315,False,Patient52,0.05
epi_s170,10,0.88775,False,Patient52,0.05
epi_s171,12,0.8342499999999999,False,Patient52,0.05
epi_s172,16,0.78425,False,Patient52,0.05
epi_s173,7,0.6595,False,Patient52,0.05
epi_s174,18,0.6527499999999999,False,Patient52,0.05
epi_s175,18,0.081,False,Patient52,0.05
epi_s176,3,0.8075,False,Patient52,0.05
epi_s177,8,0.70975,False,Patient52,0.05
epi_s178,9,0.182,False,Patient52,0.05
epi_s179,19,0.0525,False,Patient52,0.05
epi_s18,10,0.5177499999999999,False,Patient52,0.05
epi_s180,32,0.041249999999999995,False,Patient52,0.05
epi_s181,3,0.747,False,Patient52,0.05
epi_s182,3,0.1895,False,Patient52,0.05
epi_s183,11,0.5475,False,Patient52,0.05
epi_s184,11,0.732,False,Patient52,0.05
epi_s185,17,0.6155,False,Patient52,0.05
epi_s186,12,0.66675,False,Patient52,0.05
epi_s187,6,0.2535,False,Patient52,0.05
epi_s188,21,0.1025,False,Patient52,0.05
epi_s189,12,0.081,False,Patient52,0.05
epi_s19,7,0.609,False,Patient52,0.05
epi_s190,3,0.774,False,Patient52,0.05
epi_s191,13,0.854,False,Patient52,0.05
epi_s192,19,0.6735,False,Patient52,0.05
epi_s193,7,0.5755,False,Patient52,0.05
epi_s194,24,0.31125,False,Patient52,0.05
epi_s195,11,0.1075,False,Patient52,0.05
epi_s196,9,0.4165,False,Patient52,0.05
epi_s197,16,0.493,False,Patient52,0.05
epi_s198,4,0.5357500000000001,False,Patient52,0.05
epi_s199,5,0.1165,False,Patient52,0.05
epi_s2,19,0.088,False,Patient52,0.05
epi_s20,10,0.6255,False,Patient52,0.05
epi_s200,4,0.15425,False,Patient52,0.05
epi_s201,14,0.07550000000000001,False,Patient52,0.05
epi_s202,11,0.3775,False,Patient52,0.05
epi_s203,7,0.838,False,Patient52,0.05
epi_s204,14,0.6775,False,Patient52,0.05
epi_s205,5,0.281,False,Patient52,0.05
epi_s206,8,0.5,False,Patient52,0.05
epi_s207,15,0.2485,False,Patient52,0.05
epi_s208,18,0.41474999999999995,False,Patient52,0.05
epi_s209,5,0.689,False,Patient52,0.05
epi_s21,16,0.60625,False,Patient52,0.05
epi_s210,3,0.8195,False,Patient52,0.05
epi_s211,13,0.818,False,Patient52,0.05
epi_s212,6,0.4785,False,Patient52,0.05
epi_s213,6,0.5345,False,Patient52,0.05
epi_s214,4,0.92125,True,Patient52,0.05
epi_s215,17,0.6455,False,Patient52,0.05
epi_s216,13,0.256,False,Patient52,0.05
epi_s217,8,0.09775,False,Patient52,0.05
epi_s218,11,0.342,False,Patient52,0.05
epi_s219,9,0.4915,False,Patient52,0.05
epi_s22,12,0.30074999999999996,False,Patient52,0.05
epi_s220,7,0.6735,False,Patient52,0.05
epi_s221,15,0.769,False,Patient52,0.05
epi_s222,5,0.6735,False,Patient52,0.05
epi_s223,15,0.0735,False,Patient52,0.05
epi_s224,10,0.54925,False,Patient52,0.05
epi_s225,17,0.1995,False,Patient52,0.05
epi_s226,9,0.849,False,Patient52,0.05
epi_s227,9,0.5855,False,Patient52,0.05
epi_s228,3,0.771,False,Patient52,0.05
epi_s229,4,0.65925,False,Patient52,0.05
epi_s23,7,0.249,False,Patient52,0.05
epi_s230,4,0.44025000000000003,False,Patient52,0.05
epi_s231,9,0.3375,False,Patient52,0.05
epi_s232,7,0.6935,False,Patient52,0.05
epi_s233,9,0.9,True,Patient52,0.05
epi_s234,15,0.167,False,Patient52,0.05
epi_s235,11,0.843,False,Patient52,0.05
epi_s236,20,0.6447499999999999,False,Patient52,0.05
epi_s237,21,0.2075,False,Patient52,0.05
epi_s238,16,0.6599999999999999,False,Patient52,0.05
epi_s239,17,0.1585,False,Patient52,0.05
epi_s24,3,0.885,False,Patient52,0.05
epi_s240,17,0.3515,False,Patient52,0.05
epi_s241,9,0.979,True,Patient52,0.05
epi_s242,9,0.271,False,Patient52,0.05
epi_s243,11,0.5745,False,Patient52,0.05
epi_s244,9,0.965,True,Patient52,0.05
epi_s245,8,0.6352500000000001,False,Patient52,0.05
epi_s246,10,0.5525,False,Patient52,0.05
epi_s247,6,0.55975,False,Patient52,0.05
epi_s248,11,0.7735,False,Patient52,0.05
epi_s249,19,0.0855,False,Patient52,0.05
epi_s25,7,0.852,False,Patient52,0.05
epi_s250,3,0.482,False,Patient52,0.05
epi_s251,8,0.65625,False,Patient52,0.05
epi_s252,16,0.312,False,Patient52,0.05
epi_s253,23,0.031,False,Patient52,0.05
epi_s254,5,0.7845,False,Patient52,0.05
epi_s255,4,0.582,False,Patient52,0.05
epi_s256,12,0.7005,False,Patient52,0.05
epi_s257,9,0.774,False,Patient52,0.05
epi_s258,5,0.6865,False,Patient52,0.05
epi_s259,9,0.4245,False,Patient52,0.05
epi_s26,18,0.6085,False,Patient52,0.05
epi_s260,20,0.9097500000000001,True,Patient52,0.05
epi_s261,12,0.33399999999999996,False,Patient52,0.05
epi_s262,8,0.702,False,Patient52,0.05
epi_s263,7,0.862,False,Patient52,0.05
epi_s264,23,0.6845,False,Patient52,0.05
epi_s265,10,0.7835,False,Patient52,0.05
epi_s266,3,0.028,False,Patient52,0.05
epi_s267,6,0.6087499999999999,False,Patient52,0.05
epi_s268,13,0.7425,False,Patient52,0.05
epi_s269,19,0.678,False,Patient52,0.05
epi_s27,38,0.11399999999999999,False,Patient52,0.05
epi_s270,13,0.3375,False,Patient52,0.05
epi_s271,9,0.8745,False,Patient52,0.05
epi_s272,10,0.625,False,Patient52,0.05
epi_s273,9,0.292,False,Patient52,0.05
epi_s274,16,0.5595,False,Patient52,0.05
epi_s275,6,0.84675,False,Patient52,0.05
epi_s276,11,0.5855,False,Patient52,0.05
epi_s277,4,0.718,False,Patient52,0.05
epi_s278,8,0.595,False,Patient52,0.05
epi_s279,10,0.74575,False,Patient52,0.05
epi_s28,5,0.216,False,Patient52,0.05
epi_s280,11,0.1185,False,Patient52,0.05
epi_s281,8,0.05225,False,Patient52,0.05
epi_s282,18,0.50125,False,Patient52,0.05
epi_s283,5,0.492,False,Patient52,0.05
epi_s284,19,0.747,False,Patient52,0.05
epi_s285,5,0.5905,False,Patient52,0.05
epi_s286,4,0.08025,False,Patient52,0.05
epi_s287,11,0.4795,False,Patient52,0.05
epi_s288,13,0.866,False,Patient52,0.05
epi_s289,15,0.5075,False,Patient52,0.05
epi_s29,4,0.5095,False,Patient52,0.05
epi_s290,13,0.1545,False,Patient52,0.05
epi_s291,3,0.783,False,Patient52,0.05
epi_s292,10,0.33699999999999997,False,Patient52,0.05
epi_s293,5,0.276,False,Patient52,0.05
epi_s294,5,0.956,True,Patient52,0.05
epi_s295,9,0.3715,False,Patient52,0.05
epi_s296,17,0.088,False,Patient52,0.05
epi_s297,6,0.60075,False,Patient52,0.05
epi_s298,16,0.59425,False,Patient52,0.05
epi_s299,12,0.6805,False,Patient52,0.05
epi_s3,7,0.7445,False,Patient52,0.05
epi_s30,28,0.07425,False,Patient52,0.05
epi_s300,6,0.52825,False,Patient52,0.05
epi_s301,10,0.81875,False,Patient52,0.05
epi_s302,10,0.631,False,Patient52,0.05
epi_s303,15,0.6205,False,Patient52,0.05
epi_s304,18,0.15025,False,Patient52,0.05
epi_s305,20,0.64975,False,Patient52,0.05
epi_s306,1,0.523,False,Patient52,0.05
epi_s307,4,0.31725,False,Patient52,0.05
epi_s308,11,0.664,False,Patient52,0.05
epi_s309,8,0.1775,False,Patient52,0.05
epi_s31,17,0.49,False,Patient52,0.05
epi_s310,16,0.47424999999999995,False,Patient52,0.05
epi_s311,5,0.7395,False,Patient52,0.05
epi_s312,7,0.5755,False,Patient52,0.05
epi_s313,6,0.3715,False,Patient52,0.05
epi_s314,13,0.582,False,Patient52,0.05
epi_s315,14,0.45325,False,Patient52,0.05
epi_s316,27,0.025,False,Patient52,0.05
epi_s317,4,0.17625000000000002,False,Patient52,0.05
epi_s318,15,0.0445,False,Patient52,0.05
epi_s319,11,0.337,False,Patient52,0.05
epi_s32,8,0.0455,False,Patient52,0.05
epi_s320,13,0.824,False,Patient52,0.05
epi_s321,3,0.337,False,Patient52,0.05
epi_s322,2,0.47524999999999995,False,Patient52,0.05
epi_s323,7,0.8285,False,Patient52,0.05
epi_s324,9,0.4065,False,Patient52,0.05
epi_s325,10,0.61575,False,Patient52,0.05
epi_s326,4,0.78225,False,Patient52,0.05
epi_s327,20,0.54425,False,Patient52,0.05
epi_s328,11,0.5345,False,Patient52,0.05
epi_s329,3,0.9025,True,Patient52,0.05
epi_s33,5,0.5075,False,Patient52,0.05
epi_s330,3,0.392,False,Patient52,0.05
epi_s331,4,0.6805,False,Patient52,0.05
epi_s332,7,0.8925,False,Patient52,0.05
epi_s333,11,0.1515,False,Patient52,0.05
epi_s334,18,0.32325,False,Patient52,0.05
epi_s335,14,0.33825,False,Patient52,0.05
epi_s336,9,0.79,False,Patient52,0.05
epi_s337,18,0.857,False,Patient52,0.05
epi_s338,8,0.6675,False,Patient52,0.05
epi_s339,22,0.48750000000000004,False,Patient52,0.05
epi_s34,14,0.78375,False,Patient52,0.05
epi_s340,4,0.15525,False,Patient52,0.05
epi_s341,11,0.5085,False,Patient52,0.05
epi_s342,12,0.75525,False,Patient52,0.05
epi_s343,15,0.418,False,Patient52,0.05
epi_s344,7,0.522,False,Patient52,0.05
epi_s345,11,0.3825,False,Patient52,0.05
epi_s346,15,0.1585,False,Patient52,0.05
epi_s347,26,0.29674999999999996,False,Patient52,0.05
epi_s348,6,0.587,False,Patient52,0.05
epi_s349,49,0.0335,False,Patient52,0.05
epi_s35,13,0.73,False,Patient52,0.05
epi_s350,11,0.495,False,Patient52,0.05
epi_s351,16,0.66675,False,Patient52,0.05
epi_s352,16,0.72975,False,Patient52,0.05
epi_s353,1,0.551,False,Patient52,0.05
epi_s354,2,0.83,False,Patient52,0.05
epi_s355,9,0.8805,False,Patient52,0.05
epi_s356,11,0.4645,False,Patient52,0.05
epi_s357,7,0.776,False,Patient52,0.05
epi_s358,10,0.47925,False,Patient52,0.05
epi_s359,18,0.30274999999999996,False,Patient52,0.05
epi_s36,5,0.8375,False,Patient52,0.05
epi_s360,16,0.55675,False,Patient52,0.05
epi_s361,7,0.1015,False,Patient52,0.05
epi_s362,12,0.13,False,Patient52,0.05
epi_s363,8,0.61025,False,Patient52,0.05
epi_s364,3,0.663,False,Patient52,0.05
epi_s365,4,0.6025,False,Patient52,0.05
epi_s366,13,0.4915,False,Patient52,0.05
epi_s367,10,0.26675000000000004,False,Patient52,0.05
epi_s368,9,0.5685,False,Patient52,0.05
epi_s369,9,0.4915,False,Patient52,0.05
epi_s37,21,0.179,False,Patient52,0.05
epi_s370,4,0.16924999999999998,False,Patient52,0.05
epi_s371,4,0.73325,False,Patient52,0.05
epi_s372,14,0.80775,False,Patient52,0.05
epi_s373,8,0.74075,False,Patient52,0.05
epi_s374,8,0.616,False,Patient52,0.05
epi_s375,20,0.47725,False,Patient52,0.05
epi_s376,31,0.6915,False,Patient52,0.05
epi_s377,11,0.5985,False,Patient52,0.05
epi_s378,9,0.709,False,Patient52,0.05
epi_s379,5,0.8705,False,Patient52,0.05
epi_s38,9,0.5385,False,Patient52,0.05
epi_s380,2,0.21200000000000002,False,Patient52,0.05
epi_s381,16,0.1075,False,Patient52,0.05
epi_s382,19,0.2345,False,Patient52,0.05
epi_s383,11,0.4365,False,Patient52,0.05
epi_s384,14,0.18925,False,Patient52,0.05
epi_s385,3,0.372,False,Patient52,0.05
epi_s386,22,0.3565,False,Patient52,0.05
epi_s387,11,0.2625,False,Patient52,0.05
epi_s388,7,0.801,False,Patient52,0.05
epi_s389,4,0.733,False,Patient52,0.05
epi_s39,17,0.552,False,Patient52,0.05
epi_s390,8,0.742,False,Patient52,0.05
epi_s391,13,0.4385,False,Patient52,0.05
epi_s392,8,0.9035,True,Patient52,0.05
epi_s393,4,0.597,False,Patient52,0.05
epi_s394,4,0.8029999999999999,False,Patient52,0.05
epi_s395,17,0.521,False,Patient52,0.05
epi_s396,9,0.3745,False,Patient52,0.05
epi_s397,15,0.7865,False,Patient52,0.05
epi_s398,6,0.42274999999999996,False,Patient52,0.05
epi_s399,20,0.58975,False,Patient52,0.05
epi_s4,23,0.1295,False,Patient52,0.05
epi_s40,16,0.196,False,Patient52,0.05
epi_s400,9,0.61,False,Patient52,0.05
epi_s401,9,0.196,False,Patient52,0.05
epi_s402,9,0.836,False,Patient52,0.05
epi_s403,4,0.31975,False,Patient52,0.05
epi_s404,18,0.2605,False,Patient52,0.05
epi_s405,16,0.10975,False,Patient52,0.05
epi_s406,5,0.4335,False,Patient52,0.05
epi_s407,13,0.11,False,Patient52,0.05
epi_s408,28,0.0645,False,Patient52,0.05
epi_s409,1,0.025,False,Patient52,0.05
epi_s41,28,0.1565,False,Patient52,0.05
epi_s410,14,0.5525,False,Patient52,0.05
epi_s411,5,0.774,False,Patient52,0.05
epi_s412,1,0.9255,True,Patient52,0.05
epi_s413,11,0.6495,False,Patient52,0.05
epi_s414,19,0.1205,False,Patient52,0.05
epi_s415,11,0.179,False,Patient52,0.05
epi_s416,17,0.526,False,Patient52,0.05
epi_s417,10,0.374,False,Patient52,0.05
epi_s418,12,0.41425,False,Patient52,0.05
epi_s419,6,0.78525,False,Patient52,0.05
epi_s42,16,0.2625,False,Patient52,0.05
epi_s420,14,0.35975,False,Patient52,0.05
epi_s421,13,0.388,False,Patient52,0.05
epi_s422,1,0.794,False,Patient52,0.05
epi_s423,6,0.8140000000000001,False,Patient52,0.05
epi_s424,8,0.6857500000000001,False,Patient52,0.05
epi_s425,15,0.095,False,Patient52,0.05
epi_s426,5,0.4535,False,Patient52,0.05
epi_s427,11,0.4535,False,Patient52,0.05
epi_s428,16,0.1895,False,Patient52,0.05
epi_s429,24,0.381,False,Patient52,0.05
epi_s43,16,0.33499999999999996,False,Patient52,0.05
epi_s430,5,0.332,False,Patient52,0.05
epi_s431,8,0.264,False,Patient52,0.05
epi_s432,14,0.6964999999999999,False,Patient52,0.05
epi_s433,5,0.9695,True,Patient52,0.05
epi_s434,13,0.3175,False,Patient52,0.05
epi_s435,14,0.1875,False,Patient52,0.05
epi_s436,12,0.64025,False,Patient52,0.05
epi_s437,4,0.19875,False,Patient52,0.05
epi_s438,14,0.28049999999999997,False,Patient52,0.05
epi_s439,16,0.20800000000000002,False,Patient52,0.05
epi_s44,26,0.203,False,Patient52,0.05
epi_s440,5,0.622,False,Patient52,0.05
epi_s441,6,0.59675,False,Patient52,0.05
epi_s442,2,0.483,False,Patient52,0.05
epi_s443,18,0.534,False,Patient52,0.05
epi_s444,9,0.6485,False,Patient52,0.05
epi_s445,9,0.1365,False,Patient52,0.05
epi_s446,10,0.65125,False,Patient52,0.05
epi_s447,5,0.8195,False,Patient52,0.05
epi_s448,18,0.29225,False,Patient52,0.05
epi_s449,19,0.607,False,Patient52,0.05
epi_s45,6,0.7242500000000001,False,Patient52,0.05
epi_s450,7,0.7155,False,Patient52,0.05
epi_s451,5,0.8265,False,Patient52,0.05
epi_s452,7,0.1115,False,Patient52,0.05
epi_s453,11,0.8365,False,Patient52,0.05
epi_s454,11,0.747,False,Patient52,0.05
epi_s455,12,0.22125,False,Patient52,0.05
epi_s456,4,0.73075,False,Patient52,0.05
epi_s457,1,0.898,False,Patient52,0.05
epi_s458,5,0.4425,False,Patient52,0.05
epi_s459,41,0.048,False,Patient52,0.05
epi_s46,5,0.374,False,Patient52,0.05
epi_s460,29,0.044,False,Patient52,0.05
epi_s461,8,0.22375,False,Patient52,0.05
epi_s462,10,0.4175,False,Patient52,0.05
epi_s463,11,0.5555,False,Patient52,0.05
epi_s464,15,0.2775,False,Patient52,0.05
epi_s465,3,0.6535,False,Patient52,0.05
epi_s466,12,0.11699999999999999,False,Patient52,0.05
epi_s467,5,0.648,False,Patient52,0.05
epi_s468,13,0.1925,False,Patient52,0.05
epi_s469,9,0.2375,False,Patient52,0.05
epi_s47,21,0.4345,False,Patient52,0.05
epi_s470,6,0.58275,False,Patient52,0.05
epi_s471,3,0.9915,True,Patient52,0.05
epi_s472,2,0.77625,False,Patient52,0.05
epi_s473,14,0.3255,False,Patient52,0.05
epi_s474,6,0.55125,False,Patient52,0.05
epi_s475,3,0.587,False,Patient52,0.05
epi_s476,18,0.53775,False,Patient52,0.05
epi_s477,7,0.511,False,Patient52,0.05
epi_s478,5,0.1225,False,Patient52,0.05
epi_s479,4,0.352,False,Patient52,0.05
epi_s48,7,0.489,False,Patient52,0.05
epi_s480,22,0.446,False,Patient52,0.05
epi_s481,5,0.724,False,Patient52,0.05
epi_s482,10,0.47175,False,Patient52,0.05
epi_s483,13,0.291,False,Patient52,0.05
epi_s484,5,0.929,True,Patient52,0.05
epi_s485,3,0.5385,False,Patient52,0.05
epi_s486,8,0.92325,True,Patient52,0.05
epi_s487,4,0.458,False,Patient52,0.05
epi_s488,4,0.5920000000000001,False,Patient52,0.05
epi_s489,2,0.7965,False,Patient52,0.05
epi_s49,5,0.848,False,Patient52,0.05
epi_s490,5,0.6015,False,Patient52,0.05
epi_s491,10,0.39325,False,Patient52,0.05
epi_s492,6,0.921,True,Patient52,0.05
epi_s493,1,0.914,True,Patient52,0.05
epi_s494,10,0.6265000000000001,False,Patient52,0.05
epi_s495,5,0.1545,False,Patient52,0.05
epi_s496,15,0.0705,False,Patient52,0.05
epi_s497,7,0.69,False,Patient52,0.05
epi_s498,6,0.24975,False,Patient52,0.05
epi_s499,3,0.802,False,Patient52,0.05
epi_s5,12,0.1315,False,Patient52,0.05
epi_s50,25,0.077,False,Patient52,0.05
epi_s500,9,0.309,False,Patient52,0.05
epi_s501,19,0.397,False,Patient52,0.05
epi_s502,4,0.8855,False,Patient52,0.05
epi_s503,4,0.46099999999999997,False,Patient52,0.05
epi_s504,11,0.6515,False,Patient52,0.05
epi_s505,2,0.44275,False,Patient52,0.05
epi_s506,6,0.562,False,Patient52,0.05
epi_s507,37,0.0335,False,Patient52,0.05
epi_s508,9,0.686,False,Patient52,0.05
epi_s509,13,0.5845,False,Patient52,0.05
epi_s51,20,0.71775,False,Patient52,0.05
epi_s510,2,0.82675,False,Patient52,0.05
epi_s511,7,0.6925,False,Patient52,0.05
epi_s512,6,0.50325,False,Patient52,0.05
epi_s513,12,0.395,False,Patient52,0.05
epi_s514,4,0.69875,False,Patient52,0.05
epi_s515,4,0.524,False,Patient52,0.05
epi_s516,8,0.8474999999999999,False,Patient52,0.05
epi_s517,7,0.683,False,Patient52,0.05
epi_s518,7,0.578,False,Patient52,0.05
epi_s519,13,0.6045,False,Patient52,0.05
epi_s52,22,0.32875,False,Patient52,0.05
epi_s520,18,0.51075,False,Patient52,0.05
epi_s521,5,0.254,False,Patient52,0.05
epi_s522,17,0.1685,False,Patient52,0.05
epi_s523,7,0.683,False,Patient52,0.05
epi_s524,11,0.1965,False,Patient52,0.05
epi_s525,10,0.565,False,Patient52,0.05
epi_s526,10,0.4445,False,Patient52,0.05
epi_s527,6,0.74475,False,Patient52,0.05
epi_s528,54,0.2435,False,Patient52,0.05
epi_s529,7,0.331,False,Patient52,0.05
epi_s53,7,0.464,False,Patient52,0.05
epi_s530,4,0.16899999999999998,False,Patient52,0.05
epi_s531,13,0.079,False,Patient52,0.05
epi_s532,17,0.3065,False,Patient52,0.05
epi_s533,10,0.23875000000000002,False,Patient52,0.05
epi_s534,1,0.2585,False,Patient52,0.05
epi_s535,2,0.26375,False,Patient52,0.05
epi_s536,7,0.4235,False,Patient52,0.05
epi_s537,4,0.8095,False,Patient52,0.05
epi_s538,4,0.5589999999999999,False,Patient52,0.05
epi_s539,9,0.6935,False,Patient52,0.05
epi_s54,17,0.5575,False,Patient52,0.05
epi_s540,3,0.3265,False,Patient52,0.05
epi_s541,3,0.613,False,Patient52,0.05
epi_s542,6,0.886,False,Patient52,0.05
epi_s543,9,0.69,False,Patient52,0.05
epi_s544,7,0.3265,False,Patient52,0.05
epi_s545,4,0.711,False,Patient52,0.05
epi_s546,15,0.5285,False,Patient52,0.05
epi_s547,5,0.67,False,Patient52,0.05
epi_s548,5,0.5195,False,Patient52,0.05
epi_s549,12,0.6625000000000001,False,Patient52,0.05
epi_s55,18,0.6935,False,Patient52,0.05
epi_s550,15,0.4915,False,Patient52,0.05
epi_s551,5,0.6625,False,Patient52,0.05
epi_s552,9,0.4065,False,Patient52,0.05
epi_s553,9,0.245,False,Patient52,0.05
epi_s554,15,0.219,False,Patient52,0.05
epi_s555,1,0.378,False,Patient52,0.05
epi_s556,3,0.6665,False,Patient52,0.05
epi_s557,4,0.35150000000000003,False,Patient52,0.05
epi_s558,8,0.5327500000000001,False,Patient52,0.05
epi_s559,11,0.726,False,Patient52,0.05
epi_s56,14,0.2985,False,Patient52,0.05
epi_s560,10,0.84425,False,Patient52,0.05
epi_s561,7,0.552,False,Patient52,0.05
epi_s562,7,0.2245,False,Patient52,0.05
epi_s563,7,0.689,False,Patient52,0.05
epi_s564,6,0.6375,False,Patient52,0.05
epi_s565,4,0.24725000000000003,False,Patient52,0.05
epi_s566,7,0.824,False,Patient52,0.05
epi_s567,8,0.5455000000000001,False,Patient52,0.05
epi_s568,12,0.43025,False,Patient52,0.05
epi_s569,5,0.75,False,Patient52,0.05
epi_s57,19,0.439,False,Patient52,0.05
epi_s570,10,0.48350000000000004,False,Patient52,0.05
epi_s571,5,0.717,False,Patient52,0.05
epi_s572,6,0.15675,False,Patient52,0.05
epi_s573,13,0.398,False,Patient52,0.05
epi_s574,10,0.6865,False,Patient52,0.05
epi_s575,7,0.44,False,Patient52,0.05
epi_s576,2,0.53225,False,Patient52,0.05
epi_s577,19,0.1715,False,Patient52,0.05
epi_s578,12,0.6205,False,Patient52,0.05
epi_s579,2,0.508,False,Patient52,0.05
epi_s58,12,0.184,False,Patient52,0.05
epi_s580,9,0.428,False,Patient52,0.05
epi_s581,7,0.664,False,Patient52,0.05
epi_s582,3,0.8485,False,Patient52,0.05
epi_s583,5,0.4845,False,Patient52,0.05
epi_s584,7,0.5155,False,Patient52,0.05
epi_s585,6,0.33399999999999996,False,Patient52,0.05
epi_s586,10,0.58725,False,Patient52,0.05
epi_s587,6,0.48350000000000004,False,Patient52,0.05
epi_s588,5,0.268,False,Patient52,0.05
epi_s589,12,0.055,False,Patient52,0.05
epi_s59,12,0.7275,False,Patient52,0.05
epi_s590,6,0.156,False,Patient52,0.05
epi_s591,5,0.2205,False,Patient52,0.05
epi_s592,3,0.9135,True,Patient52,0.05
epi_s593,11,0.766,False,Patient52,0.05
epi_s594,5,0.666,False,Patient52,0.05
epi_s595,9,0.662,False,Patient52,0.05
epi_s596,7,0.392,False,Patient52,0.05
epi_s597,9,0.2155,False,Patient52,0.05
epi_s598,18,0.131,False,Patient52,0.05
epi_s599,7,0.0855,False,Patient52,0.05
epi_s6,9,0.758,False,Patient52,0.05
epi_s60,7,0.3345,False,Patient52,0.05
epi_s600,6,0.5992500000000001,False,Patient52,0.05
epi_s601,7,0.575,False,Patient52,0.05
epi_s602,5,0.489,False,Patient52,0.05
epi_s603,5,0.342,False,Patient52,0.05
epi_s604,5,0.2775,False,Patient52,0.05
epi_s605,6,0.44799999999999995,False,Patient52,0.05
epi_s606,4,0.71425,False,Patient52,0.05
epi_s607,10,0.4145,False,Patient52,0.05
epi_s608,7,0.888,False,Patient52,0.05
epi_s609,6,0.459,False,Patient52,0.05
epi_s61,27,0.1625,False,Patient52,0.05
epi_s610,1,0.9855,True,Patient52,0.05
epi_s611,5,0.533,False,Patient52,0.05
epi_s612,12,0.39249999999999996,False,Patient52,0.05
epi_s613,8,0.7757499999999999,False,Patient52,0.05
epi_s614,5,0.361,False,Patient52,0.05
epi_s615,3,0.467,False,Patient52,0.05
epi_s616,4,0.5055000000000001,False,Patient52,0.05
epi_s617,5,0.63,False,Patient52,0.05
epi_s618,15,0.754,False,Patient52,0.05
epi_s619,2,0.619,False,Patient52,0.05
epi_s62,9,0.7315,False,Patient52,0.05
epi_s620,9,0.337,False,Patient52,0.05
epi_s621,4,0.70625,False,Patient52,0.05
epi_s622,3,0.7605,False,Patient52,0.05
epi_s623,4,0.3785,False,Patient52,0.05
epi_s624,2,0.32599999999999996,False,Patient52,0.05
epi_s625,4,0.4635,False,Patient52,0.05
epi_s626,9,0.4145,False,Patient52,0.05
epi_s627,2,0.359,False,Patient52,0.05
epi_s628,9,0.346,False,Patient52,0.05
epi_s629,11,0.378,False,Patient52,0.05
epi_s63,9,0.4345,False,Patient52,0.05
epi_s630,10,0.5685,False,Patient52,0.05
epi_s631,8,0.30925,False,Patient52,0.05
epi_s632,3,0.551,False,Patient52,0.05
epi_s633,6,0.5932499999999999,False,Patient52,0.05
epi_s634,5,0.0975,False,Patient52,0.05
epi_s635,11,0.3785,False,Patient52,0.05
epi_s636,7,0.3435,False,Patient52,0.05
epi_s637,4,0.298,False,Patient52,0.05
epi_s638,3,0.3695,False,Patient52,0.05
epi_s639,20,0.035250000000000004,False,Patient52,0.05
epi_s64,8,0.7044999999999999,False,Patient52,0.05
epi_s640,6,0.0305,False,Patient52,0.05
epi_s641,13,0.0995,False,Patient52,0.05
epi_s642,5,0.0575,False,Patient52,0.05
epi_s643,5,0.6555,False,Patient52,0.05
epi_s644,5,0.8765,False,Patient52,0.05
epi_s645,8,0.91325,True,Patient52,0.05
epi_s646,2,0.857,False,Patient52,0.05
epi_s647,14,0.40125,False,Patient52,0.05
epi_s648,18,0.29625,False,Patient52,0.05
epi_s649,11,0.2565,False,Patient52,0.05
epi_s65,10,0.33875,False,Patient52,0.05
epi_s650,15,0.177,False,Patient52,0.05
epi_s651,6,0.6345000000000001,False,Patient52,0.05
epi_s652,3,0.3615,False,Patient52,0.05
epi_s653,10,0.6779999999999999,False,Patient52,0.05
epi_s654,5,0.9325,True,Patient52,0.05
epi_s655,9,0.2935,False,Patient52,0.05
epi_s656,3,0.4145,False,Patient52,0.05
epi_s657,2,0.79575,False,Patient52,0.05
epi_s658,5,0.921,True,Patient52,0.05
epi_s659,9,0.561,False,Patient52,0.05
epi_s66,8,0.36,False,Patient52,0.05
epi_s660,2,0.51825,False,Patient52,0.05
epi_s661,10,0.29775,False,Patient52,0.05
epi_s662,7,0.8785,False,Patient52,0.05
epi_s663,2,0.5205,False,Patient52,0.05
epi_s664,9,0.748,False,Patient52,0.05
epi_s665,8,0.16675,False,Patient52,0.05
epi_s666,4,0.882,False,Patient52,0.05
epi_s667,4,0.612,False,Patient52,0.05
epi_s668,4,0.43425,False,Patient52,0.05
epi_s669,4,0.28800000000000003,False,Patient52,0.05
epi_s67,6,0.536,False,Patient52,0.05
epi_s670,10,0.3375,False,Patient52,0.05
epi_s671,5,0.861,False,Patient52,0.05
epi_s672,13,0.5885,False,Patient52,0.05
epi_s673,20,0.039,False,Patient52,0.05
epi_s674,6,0.33825,False,Patient52,0.05
epi_s675,4,0.5865,False,Patient52,0.05
epi_s676,2,0.609,False,Patient52,0.05
epi_s677,8,0.36875,False,Patient52,0.05
epi_s678,8,0.14225,False,Patient52,0.05
epi_s679,6,0.29100000000000004,False,Patient52,0.05
epi_s68,14,0.9790000000000001,True,Patient52,0.05
epi_s680,4,0.83925,False,Patient52,0.05
epi_s681,10,0.677,False,Patient52,0.05
epi_s682,7,0.798,False,Patient52,0.05
epi_s683,5,0.422,False,Patient52,0.05
epi_s684,8,0.742,False,Patient52,0.05
epi_s685,9,0.355,False,Patient52,0.05
epi_s686,8,0.6825,False,Patient52,0.05
epi_s687,23,0.2065,False,Patient52,0.05
epi_s688,8,0.8807499999999999,False,Patient52,0.05
epi_s689,5,0.354,False,Patient52,0.05
epi_s69,8,0.7315,False,Patient52,0.05
epi_s690,6,0.5277499999999999,False,Patient52,0.05
epi_s691,4,0.9065,True,Patient52,0.05
epi_s692,5,0.835,False,Patient52,0.05
epi_s693,4,0.62275,False,Patient52,0.05
epi_s694,9,0.8435,False,Patient52,0.05
epi_s695,13,0.6425,False,Patient52,0.05
epi_s696,5,0.3835,False,Patient52,0.05
epi_s697,15,0.2375,False,Patient52,0.05
epi_s698,5,0.898,False,Patient52,0.05
epi_s699,7,0.4855,False,Patient52,0.05
epi_s7,25,0.7475,False,Patient52,0.05
epi_s70,13,0.269,False,Patient52,0.05
epi_s700,3,0.5705,False,Patient52,0.05
epi_s701,2,0.7515000000000001,False,Patient52,0.05
epi_s702,5,0.1115,False,Patient52,0.05
epi_s703,9,0.378,False,Patient52,0.05
epi_s704,11,0.533,False,Patient52,0.05
epi_s705,14,0.04725,False,Patient52,0.05
epi_s706,9,0.335,False,Patient52,0.05
epi_s707,15,0.0555,False,Patient52,0.05
epi_s708,3,0.566,False,Patient52,0.05
epi_s709,6,0.32825,False,Patient52,0.05
epi_s71,4,0.38849999999999996,False,Patient52,0.05
epi_s710,7,0.438,False,Patient52,0.05
epi_s711,3,0.7225,False,Patient52,0.05
epi_s712,3,0.9815,True,Patient52,0.05
epi_s713,2,0.495,False,Patient52,0.05
epi_s714,10,0.23225,False,Patient52,0.05
epi_s715,9,0.052,False,Patient52,0.05
epi_s716,6,0.22499999999999998,False,Patient52,0.05
epi_s717,7,0.693,False,Patient52,0.05
epi_s718,16,0.49574999999999997,False,Patient52,0.05
epi_s719,10,0.08725,False,Patient52,0.05
epi_s72,15,0.755,False,Patient52,0.05
epi_s720,6,0.778,False,Patient52,0.05
epi_s721,8,0.5815,False,Patient52,0.05
epi_s722,1,0.9205,True,Patient52,0.05
epi_s723,11,0.2465,False,Patient52,0.05
epi_s724,3,0.8115,False,Patient52,0.05
epi_s725,3,0.6625,False,Patient52,0.05
epi_s726,3,0.4235,False,Patient52,0.05
epi_s727,4,0.33725000000000005,False,Patient52,0.05
epi_s728,5,0.542,False,Patient52,0.05
epi_s729,2,0.7422500000000001,False,Patient52,0.05
epi_s73,16,0.5389999999999999,False,Patient52,0.05
epi_s730,4,0.597,False,Patient52,0.05
epi_s731,3,0.6975,False,Patient52,0.05
epi_s732,3,0.3935,False,Patient52,0.05
epi_s733,1,0.91,True,Patient52,0.05
epi_s734,28,0.10225000000000001,False,Patient52,0.05
epi_s735,12,0.23375,False,Patient52,0.05
epi_s736,12,0.121,False,Patient52,0.05
epi_s737,3,0.7785,False,Patient52,0.05
epi_s738,22,0.05025,False,Patient52,0.05
epi_s739,3,0.112,False,Patient52,0.05
epi_s74,19,0.4175,False,Patient52,0.05
epi_s740,9,0.285,False,Patient52,0.05
epi_s741,2,0.94025,True,Patient52,0.05
epi_s742,10,0.247,False,Patient52,0.05
epi_s743,13,0.1585,False,Patient52,0.05
epi_s744,8,0.4605,False,Patient52,0.05
epi_s745,1,0.6745,False,Patient52,0.05
epi_s746,2,0.46649999999999997,False,Patient52,0.05
epi_s747,3,0.101,False,Patient52,0.05
epi_s748,8,0.658,False,Patient52,0.05
epi_s749,1,0.2895,False,Patient52,0.05
epi_s75,27,0.1045,False,Patient52,0.05
epi_s750,12,0.28700000000000003,False,Patient52,0.05
epi_s751,2,0.51225,False,Patient52,0.05
epi_s752,4,0.12725,False,Patient52,0.05
epi_s753,4,0.44299999999999995,False,Patient52,0.05
epi_s754,6,0.54,False,Patient52,0.05
epi_s755,11,0.2935,False,Patient52,0.05
epi_s756,5,0.8325,False,Patient52,0.05
epi_s757,5,0.6035,False,Patient52,0.05
epi_s758,5,0.271,False,Patient52,0.05
epi_s759,4,0.7125,False,Patient52,0.05
epi_s76,14,0.5795,False,Patient52,0.05
epi_s760,2,0.06275,False,Patient52,0.05
epi_s761,5,0.5285,False,Patient52,0.05
epi_s762,4,0.5965,False,Patient52,0.05
epi_s763,8,0.325,False,Patient52,0.05
epi_s764,15,0.075,False,Patient52,0.05
epi_s765,8,0.3885,False,Patient52,0.05
epi_s766,15,0.235,False,Patient52,0.05
epi_s767,9,0.3325,False,Patient52,0.05
epi_s768,4,0.47524999999999995,False,Patient52,0.05
epi_s769,3,0.7115,False,Patient52,0.05
epi_s77,14,0.73325,False,Patient52,0.05
epi_s770,5,0.563,False,Patient52,0.05
epi_s771,4,0.34525,False,Patient52,0.05
epi_s772,4,0.5630000000000001,False,Patient52,0.05
epi_s773,2,0.97875,True,Patient52,0.05
epi_s774,1,0.9475,True,Patient52,0.05
epi_s775,4,0.6395,False,Patient52,0.05
epi_s776,2,0.70025,False,Patient52,0.05
epi_s777,4,0.8045,False,Patient52,0.05
epi_s778,3,0.5705,False,Patient52,0.05
epi_s779,53,0.044,False,Patient52,0.05
epi_s78,5,0.7855,False,Patient52,0.05
epi_s780,1,0.3575,False,Patient52,0.05
epi_s781,14,0.0565,False,Patient52,0.05
epi_s782,1,0.0115,False,Patient52,0.05
epi_s783,4,0.2925,False,Patient52,0.05
epi_s784,4,0.11725000000000001,False,Patient52,0.05
epi_s785,2,0.3685,False,Patient52,0.05
epi_s786,1,0.7765,False,Patient52,0.05
epi_s787,16,0.38775000000000004,False,Patient52,0.05
epi_s788,7,0.029,False,Patient52,0.05
epi_s789,7,0.269,False,Patient52,0.05
epi_s79,20,0.56125,False,Patient52,0.05
epi_s790,1,0.827,False,Patient52,0.05
epi_s791,7,0.067,False,Patient52,0.05
epi_s792,11,0.3195,False,Patient52,0.05
epi_s793,45,0.066,False,Patient52,0.05
epi_s794,1,0.2625,False,Patient52,0.05
epi_s795,2,0.4845,False,Patient52,0.05
epi_s796,9,0.3985,False,Patient52,0.05
epi_s797,6,0.40900000000000003,False,Patient52,0.05
epi_s798,2,0.64575,False,Patient52,0.05
epi_s799,14,0.44575,False,Patient52,0.05
epi_s8,13,0.661,False,Patient52,0.05
epi_s80,6,0.882,False,Patient52,0.05
epi_s800,5,0.79,False,Patient52,0.05
epi_s801,6,0.52025,False,Patient52,0.05
epi_s802,1,0.871,False,Patient52,0.05
epi_s803,8,0.4845,False,Patient52,0.05
epi_s804,4,0.262,False,Patient52,0.05
epi_s805,18,0.15375,False,Patient52,0.05
epi_s806,6,0.2955,False,Patient52,0.05
epi_s807,5,0.237,False,Patient52,0.05
epi_s808,1,0.0785,False,Patient52,0.05
epi_s809,15,0.3005,False,Patient52,0.05
epi_s81,10,0.875,False,Patient52,0.05
epi_s810,2,0.76025,False,Patient52,0.05
epi_s811,2,0.67925,False,Patient52,0.05
epi_s812,2,0.71175,False,Patient52,0.05
epi_s813,23,0.1715,False,Patient52,0.05
epi_s814,4,0.18775,False,Patient52,0.05
epi_s815,3,0.833,False,Patient52,0.05
epi_s816,23,0.113,False,Patient52,0.05
epi_s817,11,0.213,False,Patient52,0.05
epi_s818,2,0.562,False,Patient52,0.05
epi_s819,12,0.138,False,Patient52,0.05
epi_s82,14,0.6905,False,Patient52,0.05
epi_s820,6,0.35824999999999996,False,Patient52,0.05
epi_s821,2,0.36024999999999996,False,Patient52,0.05
epi_s822,14,0.3295,False,Patient52,0.05
epi_s823,5,0.0825,False,Patient52,0.05
epi_s824,2,0.40549999999999997,False,Patient52,0.05
epi_s825,6,0.16425,False,Patient52,0.05
epi_s826,12,0.24525000000000002,False,Patient52,0.05
epi_s827,6,0.5177499999999999,False,Patient52,0.05
epi_s828,3,0.755,False,Patient52,0.05
epi_s829,5,0.4365,False,Patient52,0.05
epi_s83,10,0.602,False,Patient52,0.05
epi_s830,2,0.7985,False,Patient52,0.05
epi_s831,2,0.49575,False,Patient52,0.05
epi_s832,4,0.7849999999999999,False,Patient52,0.05
epi_s833,4,0.3165,False,Patient52,0.05
epi_s834,4,0.53075,False,Patient52,0.05
epi_s835,23,0.478,False,Patient52,0.05
epi_s836,7,0.15,False,Patient52,0.05
epi_s837,9,0.109,False,Patient52,0.05
epi_s838,1,0.069,False,Patient52,0.05
epi_s839,42,0.0965,False,Patient52,0.05
epi_s84,27,0.1245,False,Patient52,0.05
epi_s840,12,0.36175,False,Patient52,0.05
epi_s841,10,0.54025,False,Patient52,0.05
epi_s842,3,0.069,False,Patient52,0.05
epi_s843,3,0.5605,False,Patient52,0.05
epi_s844,3,0.4065,False,Patient52,0.05
epi_s845,1,0.4235,False,Patient52,0.05
epi_s846,3,0.482,False,Patient52,0.05
epi_s847,3,0.4355,False,Patient52,0.05
epi_s848,1,0.771,False,Patient52,0.05
epi_s849,3,0.5475,False,Patient52,0.05
epi_s85,2,0.27949999999999997,False,Patient52,0.05
epi_s850,14,0.1725,False,Patient52,0.05
epi_s851,2,0.29325,False,Patient52,0.05
epi_s852,3,0.6855,False,Patient52,0.05
epi_s853,4,0.6455,False,Patient52,0.05
epi_s854,5,0.1225,False,Patient52,0.05
epi_s855,22,0.06575,False,Patient52,0.05
epi_s856,14,0.07025,False,Patient52,0.05
epi_s857,10,0.32799999999999996,False,Patient52,0.05
epi_s858,3,0.458,False,Patient52,0.05
epi_s859,3,0.2565,False,Patient52,0.05
epi_s86,4,0.58725,False,Patient52,0.05
epi_s860,3,0.532,False,Patient52,0.05
epi_s861,6,0.406,False,Patient52,0.05
epi_s862,7,0.0715,False,Patient52,0.05
epi_s863,42,0.05425,False,Patient52,0.05
epi_s864,6,0.27675,False,Patient52,0.05
epi_s865,10,0.17475000000000002,False,Patient52,0.05
epi_s866,17,0.2475,False,Patient52,0.05
epi_s867,9,0.0505,False,Patient52,0.05
epi_s868,5,0.3065,False,Patient52,0.05
epi_s869,2,0.3735,False,Patient52,0.05
epi_s87,9,0.2085,False,Patient52,0.05
epi_s870,8,0.059500000000000004,False,Patient52,0.05
epi_s871,6,0.15425,False,Patient52,0.05
epi_s872,2,0.058499999999999996,False,Patient52,0.05
epi_s873,26,0.15775,False,Patient52,0.05
epi_s874,14,0.20875,False,Patient52,0.05
epi_s875,23,0.061,False,Patient52,0.05
epi_s876,7,0.1045,False,Patient52,0.05
epi_s877,4,0.4245,False,Patient52,0.05
epi_s878,115,0.5675,False,Patient52,0.05
epi_s879,37,0.6665,False,Patient52,0.05
epi_s88,11,0.6195,False,Patient52,0.05
epi_s880,12,0.246,False,Patient52,0.05
epi_s881,7,0.2305,False,Patient52,0.05
epi_s882,11,0.396,False,Patient52,0.05
epi_s883,36,0.208,False,Patient52,0.05
epi_s884,5,0.385,False,Patient52,0.05
epi_s885,5,0.368,False,Patient52,0.05
epi_s886,3,0.4435,False,Patient52,0.05
epi_s887,2,0.49375,False,Patient52,0.05
epi_s888,1,0.515,False,Patient52,0.05
epi_s889,3,0.394,False,Patient52,0.05
epi_s89,8,0.556,False,Patient52,0.05
epi_s890,2,0.47175,False,Patient52,0.05
epi_s891,15,0.13,False,Patient52,0.05
epi_s892,2,0.7092499999999999,False,Patient52,0.05
epi_s893,5,0.3985,False,Patient52,0.05
epi_s894,1,0.182,False,Patient52,0.05
epi_s895,2,0.2815,False,Patient52,0.05
epi_s896,4,0.366,False,Patient52,0.05
epi_s897,7,0.135,False,Patient52,0.05
epi_s898,12,0.36375,False,Patient52,0.05
epi_s899,17,0.295,False,Patient52,0.05
epi_s9,22,0.42025,False,Patient52,0.05
epi_s90,15,0.886,False,Patient52,0.05
epi_s900,6,0.19,False,Patient52,0.05
epi_s901,8,0.237,False,Patient52,0.05
epi_s902,2,0.28675,False,Patient52,0.05
epi_s903,1,0.4245,False,Patient52,0.05
epi_s904,2,0.21200000000000002,False,Patient52,0.05
epi_s905,10,0.18675,False,Patient52,0.05
epi_s906,30,0.20425,False,Patient52,0.05
epi_s907,2,0.1465,False,Patient52,0.05
epi_s908,7,0.5375,False,Patient52,0.05
epi_s909,24,0.28574999999999995,False,Patient52,0.05
epi_s91,15,0.855,False,Patient52,0.05
epi_s910,2,0.21050000000000002,False,Patient52,0.05
epi_s911,9,0.4015,False,Patient52,0.05
epi_s912,3,0.604,False,Patient52,0.05
epi_s913,1,0.5485,False,Patient52,0.05
epi_s914,2,0.59975,False,Patient52,0.05
epi_s915,4,0.37024999999999997,False,Patient52,0.05
epi_s916,2,0.07400000000000001,False,Patient52,0.05
epi_s917,1,0.518,False,Patient52,0.05
epi_s918,3,0.5695,False,Patient52,0.05
epi_s919,6,0.266,False,Patient52,0.05
epi_s92,3,0.9915,True,Patient52,0.05
epi_s920,17,0.4075,False,Patient52,0.05
epi_s921,12,0.092,False,Patient52,0.05
epi_s922,5,0.183,False,Patient52,0.05
epi_s923,3,0.394,False,Patient52,0.05
epi_s924,4,0.33425,False,Patient52,0.05
epi_s925,5,0.2425,False,Patient52,0.05
epi_s926,7,0.2475,False,Patient52,0.05
epi_s927,2,0.681,False,Patient52,0.05
epi_s928,2,0.35875,False,Patient52,0.05
epi_s929,3,0.3865,False,Patient52,0.05
epi_s93,13,0.177,False,Patient52,0.05
epi_s930,8,0.68025,False,Patient52,0.05
epi_s931,1,0.138,False,Patient52,0.05
epi_s932,8,0.38625,False,Patient52,0.05
epi_s933,1,0.1865,False,Patient52,0.05
epi_s934,2,0.489,False,Patient52,0.05
epi_s935,3,0.31,False,Patient52,0.05
epi_s936,4,0.531,False,Patient52,0.05
epi_s937,23,0.196,False,Patient52,0.05
epi_s938,1,0.826,False,Patient52,0.05
epi_s939,10,0.26075,False,Patient52,0.05
epi_s94,17,0.4245,False,Patient52,0.05
epi_s940,4,0.0525,False,Patient52,0.05
epi_s941,1,0.8215,False,Patient52,0.05
epi_s942,3,0.73,False,Patient52,0.05
epi_s943,2,0.75,False,Patient52,0.05
epi_s944,3,0.6995,False,Patient52,0.05
epi_s945,13,0.422,False,Patient52,0.05
epi_s946,9,0.2465,False,Patient52,0.05
epi_s947,3,0.331,False,Patient52,0.05
epi_s948,80,0.15675,False,Patient52,0.05
epi_s949,2,0.13825,False,Patient52,0.05
epi_s95,16,0.6884999999999999,False,Patient52,0.05
epi_s950,3,0.112,False,Patient52,0.05
epi_s951,31,0.1725,False,Patient52,0.05
epi_s952,7,0.196,False,Patient52,0.05
epi_s953,1,0.6535,False,Patient52,0.05
epi_s954,1,0.1685,False,Patient52,0.05
epi_s955,1,0.721,False,Patient52,0.05
epi_s956,1,0.1765,False,Patient52,0.05
epi_s957,3,0.0805,False,Patient52,0.05
epi_s958,1,0.0385,False,Patient52,0.05
epi_s959,1,0.3405,False,Patient52,0.05
epi_s96,6,0.808,False,Patient52,0.05
epi_s960,1,0.8355,False,Patient52,0.05
epi_s961,4,0.15925,False,Patient52,0.05
epi_s962,4,0.14325,False,Patient52,0.05
epi_s963,2,0.24125000000000002,False,Patient52,0.05
epi_s964,1,0.607,False,Patient52,0.05
epi_s965,1,0.283,False,Patient52,0.05
epi_s966,1,0.7935,False,Patient52,0.05
epi_s967,2,0.36,False,Patient52,0.05
epi_s968,11,0.0825,False,Patient52,0.05
epi_s969,4,0.30125,False,Patient52,0.05
epi_s97,3,0.4035,False,Patient52,0.05
epi_s970,2,0.424,False,Patient52,0.05
epi_s971,2,0.43525,False,Patient52,0.05
epi_s972,3,0.266,False,Patient52,0.05
epi_s973,1,0.6785,False,Patient52,0.05
epi_s974,1,0.1205,False,Patient52,0.05
epi_s98,16,0.45225000000000004,False,Patient52,0.05
epi_s99,6,0.6639999999999999,False,Patient52,0.05
epi_s1,286,0.9736070381231672,True,Patient64,0.005
epi_s2,49,0.40762463343108507,False,Patient64,0.005
epi_s3,167,0.9824046920821115,True,Patient64,0.005
epi_s1,281,0.9648093841642229,True,Patient64,0.01
epi_s2,169,0.9824046920821115,True,Patient64,0.01
epi_s3,49,0.40762463343108507,False,Patient64,0.01
epi_s4,3,1.0,True,Patient64,0.01
epi_s1,147,0.9560117302052786,True,Patient64,0.02
epi_s2,131,0.9736070381231672,True,Patient64,0.02
epi_s3,8,1.0,True,Patient64,0.02
epi_s4,49,0.40762463343108507,False,Patient64,0.02
epi_s5,159,0.9765395894428153,True,Patient64,0.02
epi_s6,8,1.0,True,Patient64,0.02
epi_s1,8,0.9824046920821115,True,Patient64,0.05
epi_s10,10,0.9970674486803519,True,Patient64,0.05
epi_s11,16,0.9442815249266863,True,Patient64,0.05
epi_s12,2,0.9970674486803519,True,Patient64,0.05
epi_s13,60,0.9736070381231672,True,Patient64,0.05
epi_s14,5,0.9970674486803519,True,Patient64,0.05
epi_s15,1,1.0,True,Patient64,0.05
epi_s16,3,1.0,True,Patient64,0.05
epi_s2,5,0.9882697947214076,True,Patient64,0.05
epi_s3,11,1.0,True,Patient64,0.05
epi_s4,8,0.9853372434017595,True,Patient64,0.05
epi_s5,98,0.9530791788856305,True,Patient64,0.05
epi_s6,49,0.40762463343108507,False,Patient64,0.05
epi_s7,92,0.9736070381231672,True,Patient64,0.05
epi_s8,58,0.9604105571847508,True,Patient64,0.05
epi_s9,76,0.9853372434017595,True,Patient64,0.05
