# factor_first_significant | collection gavish_tnbc (pan-cancer malignant metaprograms (Gavish, TNBC-relevant)) | DRVI run drvi_epi_64 | 04_3 - 04_7 signature interpretation
# CAVEAT: Cell type labels come from CellTypist (Cells_Adult_Breast.pkl, Kumar et al.
# CAVEAT: 2023), a NORMAL adult breast atlas with no malignant class: TNBC cells are assigned to the nearest normal state.
# CAVEAT: This subset therefore mixes normal and malignant epithelium and no CNV inference has been run.
# CAVEAT: Every state reported here is an EPITHELIAL state, not a tumour cell state.
dimension,collection,Gene_set,Term,Overlap,P-value,Adjusted P-value,Odds Ratio,Combined Score,direction,dim,fdr_bh_global,significant
DR 1+,lab,gs_ind_0,MP10_PROTEIN_MATURATION,6/13,0.0008738731352655757,0.0032998189297859404,7.991602399314481,56.281462040462216,+,DR 1,0.012428417923777076,True
DR 1+,lab,gs_ind_0,MP12_EMT_1,16/47,5.057843930604054e-06,2.6553680635671286e-05,5.023744999354755,61.26241139381469,+,DR 1,0.00020020124409652032,True
DR 1+,lab,gs_ind_0,MP14_EMT_3,10/33,0.0009428054085102686,0.0032998189297859404,4.16904004020774,29.04424550712454,+,DR 1,0.013236880493272376,True
DR 1+,lab,gs_ind_0,MP18_INTERFERON_MHC_II_2,20/39,5.058600851559426e-11,1.0623061788274795e-09,10.375949996448611,245.98623757233398,+,DR 1,6.647675999062627e-09,True
DR 1+,lab,gs_ind_0,MP25_ASTROCYTES,16/31,4.374399042453471e-09,4.593118994576145e-08,10.301862050878574,198.2850557075752,+,DR 1,3.798578778239314e-07,True
DR 1+,lab,gs_ind_0,MP39_METAL_RESPONSE,16/36,6.731188405582002e-08,4.7118318839074015e-07,7.767400356930398,128.27029826205302,+,DR 1,4.4525230151286045e-06,True
DR 1+,hallmark,gs_ind_0,Coagulation,12/52,0.004011479179753746,0.057497868243137025,2.8825686871663883,15.90772981557226,+,DR 1,0.039340436612589964,True
DR 1+,hallmark,gs_ind_0,Epithelial Mesenchymal Transition,28/114,2.6301966850553997e-06,0.00011309845745738219,3.2747423975873335,42.07537027649923,+,DR 1,0.00011173801089614664,True
DR 1+,hallmark,gs_ind_0,Myogenesis,15/47,2.4747288817396626e-05,0.0005320667095740274,4.546838067592785,48.227377542811446,+,DR 1,0.0007391190260129126,True
DR 1-,lab,gs_ind_0,MP14_EMT_3,9/33,0.003807834545464743,0.021895048636422273,3.5971119518303403,20.038412169513247,-,DR 1,0.0374177639881361,True
DR 1-,lab,gs_ind_0,MP22_SECRETED_1,12/26,1.9872335795739027e-06,2.2853186165099883e-05,8.170218604225738,107.26489678134641,-,DR 1,8.628270555189597e-05,True
DR 1-,lab,gs_ind_0,MP5_STRESS,28/37,9.367854465177793e-22,2.1546065269908923e-20,31.156521739130437,1508.5859447199553,-,DR 1,4.0143292873387967e-19,True
DR 1-,lab,gs_ind_0,MP7_STRESS_IN_VITRO,6/16,0.0031514828378030346,0.021895048636422273,5.698739135757131,32.82406608056813,-,DR 1,0.033652237106594485,True
DR 1-,hallmark,gs_ind_0,Androgen Response,10/25,6.840173852509236e-05,0.00046904049274349043,6.349250698501397,60.890027325039796,-,DR 1,0.001656431289688723,True
DR 1-,hallmark,gs_ind_0,Apoptosis,17/59,3.1696002737503654e-05,0.00025356802190002923,3.94598493348293,40.87772056868248,-,DR 1,0.0008874880766501024,True
DR 1-,hallmark,gs_ind_0,Estrogen Response Early,30/49,4.500282524747776e-19,2.1601356118789325e-17,16.342807729904504,690.4015299451424,-,DR 1,1.2672795589689737e-16,True
DR 1-,hallmark,gs_ind_0,Estrogen Response Late,25/64,2.954205870354879e-10,4.726729392567807e-09,6.479606188466948,142.17954318691525,-,DR 1,3.235183673135299e-08,True
DR 1-,hallmark,gs_ind_0,Hypoxia,15/61,0.0006459320302324772,0.0038755921813948633,3.152740341419587,23.15629857389903,-,DR 1,0.009749320199037206,True
DR 1-,hallmark,gs_ind_0,TGF-beta Signaling,4/8,0.004919018196141284,0.026234763712753514,9.142493638676845,48.58912019089625,-,DR 1,0.04447040149647784,True
DR 1-,hallmark,gs_ind_0,TNF-alpha Signaling via NF-kB,36/93,2.764305130669727e-14,6.634332313607345e-13,6.727923880005286,210.0417602857842,-,DR 1,5.140564409034119e-12,True
DR 1-,hallmark,gs_ind_0,UV Response Up,14/32,5.968869982019467e-07,7.162643978423361e-06,7.491123831606405,107.35932603676179,-,DR 1,3.036347333216459e-05,True
DR 1-,hallmark,gs_ind_0,p53 Pathway,14/41,1.9595327397435125e-05,0.0001881151430153772,5.014038508408482,54.35327760264868,-,DR 1,0.0006113933300546694,True
DR 2+,lab,gs_ind_0,MP12_EMT_1,39/47,4.421796518931309e-33,6.632694778396964e-32,51.5780367874704,3842.4998872141264,+,DR 2,4.3581226490586984e-30,True
DR 2+,lab,gs_ind_0,MP13_EMT_2,13/37,2.776013555350533e-05,0.00013880067776752663,5.220734693877551,54.77547613677655,+,DR 2,0.000797678997129296,True
DR 2+,lab,gs_ind_0,MP15_EMT_4,13/35,1.3806907719484292e-05,0.0001035518078961322,5.6912,63.68647172496206,+,DR 2,0.0004461668278138924,True
DR 2+,lab,gs_ind_0,MP18_INTERFERON_MHC_II_2,11/39,0.0010260460463652652,0.0038476726738697446,3.7742443179188077,25.974510381561768,+,DR 2,0.014104197814471486,True
DR 2+,hallmark,gs_ind_0,Adipogenesis,9/27,0.0007892992037056952,0.005840814107422145,4.779832051372521,34.14886524442345,+,DR 2,0.01149089062292959,True
DR 2+,hallmark,gs_ind_0,Angiogenesis,7/17,0.0007324907256175764,0.005840814107422145,6.609449981543005,47.714015180221494,+,DR 2,0.010679628094211292,True
DR 2+,hallmark,gs_ind_0,Coagulation,21/52,4.323313773031215e-09,5.332086986738498e-08,6.728434363531856,129.5845568014155,+,DR 2,3.798578778239314e-07,True
DR 2+,hallmark,gs_ind_0,Epithelial Mesenchymal Transition,63/114,9.100606838084655e-37,3.367224530091322e-35,15.68836716681377,1301.9353477975235,+,DR 2,9.966175666240262e-34,True
DR 2+,hallmark,gs_ind_0,Myogenesis,21/47,4.4546506073818475e-10,8.241103623656417e-09,8.02054974509907,172.69769349709023,+,DR 2,4.772286563734292e-08,True
DR 2+,hallmark,gs_ind_0,UV Response Dn,9/32,0.00302646296265898,0.018663188269730374,3.7522915393589247,21.76464430625097,+,DR 2,0.03267121463304152,True
DR 2-,lab,gs_ind_0,MP14_EMT_3,18/33,1.2972674835760105e-10,2.9837152122248243e-09,11.677154220061865,265.83731483832355,-,DR 2,1.540466062424718e-08,True
DR 2-,lab,gs_ind_0,MP19_EPITHELIAL_SENESCENCE,11/34,0.00027512398686312437,0.0021092838992839537,4.590186942120923,37.63167774116129,-,DR 2,0.005244916855943818,True
DR 2-,lab,gs_ind_0,MP3_CELL_CYCLE_HMG_RICH,4/8,0.004919018196141284,0.022627483702249904,9.142493638676845,48.58912019089625,-,DR 2,0.04447040149647784,True
DR 2-,lab,gs_ind_0,MP7_STRESS_IN_VITRO,8/16,5.5432325630216626e-05,0.0006374717447474912,9.311688311688311,91.25778256286647,-,DR 2,0.0013796489934631692,True
DR 2-,lab,gs_ind_0,MP8_PROTEASOMAL_DEGRADATION,3/4,0.0036541598583761372,0.02101141918566279,21.259915611814346,119.30828811722127,-,DR 2,0.0370910397159168,True
DR 2-,hallmark,gs_ind_0,Androgen Response,9/25,0.00041133852103927056,0.003702046689353435,5.36521876730754,41.827750003165356,-,DR 2,0.007132885551142804,True
DR 2-,hallmark,gs_ind_0,DNA Repair,5/11,0.002659499577535494,0.017096782998442462,7.766869958685816,46.054566494324,-,DR 2,0.028995606013484325,True
DR 2-,hallmark,gs_ind_0,Estrogen Response Early,17/49,1.8550635918236002e-06,4.1738930816031e-05,5.189478096835045,68.48861244153905,-,DR 2,8.126003004894846e-05,True
DR 2-,hallmark,gs_ind_0,Estrogen Response Late,19/64,6.4801517483309875e-06,9.720227622496481e-05,4.14521841794569,49.521957069251535,-,DR 2,0.00023567666284704875,True
DR 2-,hallmark,gs_ind_0,Glycolysis,13/40,7.132734685467942e-05,0.0008024326521151434,4.643345454545455,44.33573388785754,-,DR 2,0.0016980732623181653,True
DR 2-,hallmark,gs_ind_0,Myc Targets V1,5/12,0.004192769000148052,0.023584325625832795,6.727536231884058,36.82918333740776,-,DR 2,0.040713232773851436,True
DR 2-,hallmark,gs_ind_0,Reactive Oxygen Species Pathway,5/10,0.0015777264868780162,0.011832948651585122,9.184143222506394,59.25398339743649,-,DR 2,0.019388538983591143,True
DR 2-,hallmark,gs_ind_0,mTORC1 Signaling,17/48,1.3276367579910216e-06,4.1738930816031e-05,5.357250983953981,72.49490998712832,-,DR 2,6.086133900818376e-05,True
DR 2-,hallmark,gs_ind_0,p53 Pathway,10/41,0.005580610012282945,0.027903050061414726,3.096237970253718,16.064698150559607,-,DR 2,0.04937387098838483,True
DR 3+,lab,gs_ind_0,MP11_TRANSLATION_INITIATION,3/4,0.0036541598583761372,0.020097879221068753,21.259915611814346,119.30828811722127,+,DR 3,0.0370910397159168,True
DR 3+,lab,gs_ind_0,MP14_EMT_3,11/33,0.0002037343019374309,0.00224107732131174,4.796892406918792,40.76732001946161,+,DR 3,0.004064788015982427,True
DR 3+,lab,gs_ind_0,MP23_SECRETED_2,11/45,0.003620292729714398,0.020097879221068753,3.1072999120492524,17.466755483212417,+,DR 3,0.0370910397159168,True
DR 3+,lab,gs_ind_0,MP6_HYPOXIA,11/29,5.232024372724877e-05,0.001151045361999473,5.847179633459317,57.642240543632575,+,DR 3,0.001332863960680047,True
DR 3+,hallmark,gs_ind_0,E2F Targets,12/53,0.004738249092569799,0.04453954147015611,2.8115112971781024,15.047454754456218,+,DR 3,0.04377553781528939,True
DR 3+,hallmark,gs_ind_0,Estrogen Response Early,15/49,4.320330277245632e-05,0.0016761926510849665,4.278409312863784,42.996274902517925,+,DR 3,0.0011602500057910886,True
DR 3+,hallmark,gs_ind_0,Estrogen Response Late,15/64,0.0011107953964648305,0.013051845908461758,2.9566010509406735,20.11280772356416,+,DR 3,0.014997259489804614,True
DR 3+,hallmark,gs_ind_0,Glycolysis,13/40,7.132734685467942e-05,0.0016761926510849665,4.643345454545455,44.33573388785754,+,DR 3,0.0016980732623181653,True
DR 3+,hallmark,gs_ind_0,p53 Pathway,12/41,0.0004154095278364417,0.006508082602770921,3.9821516881715597,31.00601149959369,+,DR 3,0.007132885551142804,True
DR 3-,lab,gs_ind_0,MP18_INTERFERON_MHC_II_2,10/39,0.0037833511417090637,0.06810032055076315,3.3098892299479514,18.459732555536906,-,DR 3,0.0374177639881361,True
DR 3-,hallmark,gs_ind_0,Allograft Rejection,26/89,1.5635978652050002e-07,2.8144761573690007e-06,4.1552918349389705,65.11801947663723,-,DR 3,9.228036263149988e-06,True
DR 3-,hallmark,gs_ind_0,Complement,14/66,0.004409050499134496,0.03174516359376837,2.589378271415805,14.04503611479543,-,DR 3,0.042520158238228564,True
DR 3-,hallmark,gs_ind_0,Inflammatory Response,25/82,1.0929188834879965e-07,2.8144761573690007e-06,4.405722779635823,70.62040392912445,-,DR 3,6.817600326365629e-06,True
DR 3-,hallmark,gs_ind_0,KRAS Signaling Up,22/83,9.22032280037151e-06,0.00011064387360445813,3.5652797704447634,41.33621200524255,-,DR 3,0.0003222535514909986,True
DR 3-,hallmark,gs_ind_0,TNF-alpha Signaling via NF-kB,22/93,6.461196396966755e-05,0.000581507675727008,3.049009813715696,29.4141360018817,-,DR 3,0.0015920387922126085,True
DR 4+,lab,gs_ind_0,MP14_EMT_3,9/33,0.003807834545464743,0.021895048636422273,3.5971119518303403,20.038412169513247,+,DR 4,0.0374177639881361,True
DR 4+,lab,gs_ind_0,MP18_INTERFERON_MHC_II_2,10/39,0.0037833511417090637,0.021895048636422273,3.3098892299479514,18.459732555536906,+,DR 4,0.0374177639881361,True
DR 4+,lab,gs_ind_0,MP22_SECRETED_1,8/26,0.002775151373588268,0.021895048636422273,4.254475254475254,25.04630847976831,+,DR 4,0.030156440946070527,True
DR 4+,lab,gs_ind_0,MP25_ASTROCYTES,10/31,0.0005406708160615204,0.01243542876941497,4.561984984435085,34.31844415681465,+,DR 4,0.008567285471225634,True
DR 4+,hallmark,gs_ind_0,p53 Pathway,12/41,0.0004154095278364417,0.018278019224803436,3.9821516881715597,31.00601149959369,+,DR 4,0.007132885551142804,True
DR 4-,lab,gs_ind_0,MP18_INTERFERON_MHC_II_2,14/39,1.0070000412475013e-05,0.0002316100094869253,5.413394312148452,62.286243258797576,-,DR 4,0.00033083308021784576,True
DR 4-,lab,gs_ind_0,MP23_SECRETED_2,14/45,6.438646399233802e-05,0.0007404443359118872,4.3674624452104345,42.14866422860711,-,DR 4,0.0015920387922126085,True
DR 4-,hallmark,gs_ind_0,Apoptosis,13/59,0.0042671553818756855,0.03584410520775576,2.7166451612903226,14.824210670745018,-,DR 4,0.04127289837464843,True
DR 4-,hallmark,gs_ind_0,Estrogen Response Early,14/49,0.0001808341096007929,0.0075950326032333025,3.8665936638598346,33.32203534510104,-,DR 4,0.0037131270504696143,True
DR 4-,hallmark,gs_ind_0,Estrogen Response Late,14/64,0.0032686442862646012,0.03432076500577831,2.695007034215486,15.42454928240058,-,DR 4,0.034381812257656255,True
DR 4-,hallmark,gs_ind_0,Glycolysis,11/40,0.0012931995232216237,0.018104793325102734,3.644246679486606,24.23655772505855,-,DR 4,0.016617698175843968,True
DR 4-,hallmark,gs_ind_0,Oxidative Phosphorylation,4/5,0.00044837002986319467,0.009415770627127088,27.47328244274809,211.81603246804076,-,DR 4,0.007377520892039477,True
DR 4-,hallmark,gs_ind_0,p53 Pathway,10/41,0.005580610012282945,0.03906427008598062,3.096237970253718,16.064698150559607,-,DR 4,0.04937387098838483,True
DR 5+,lab,gs_ind_0,MP14_EMT_3,15/33,1.229685576790037e-07,2.3092359693300805e-06,8.050921541487579,128.10092695747232,+,DR 5,7.435448493768468e-06,True
DR 5+,lab,gs_ind_0,MP17_INTERFERON_MHC_II_1,10/39,0.0037833511417090637,0.017403415251861693,3.3098892299479514,18.459732555536906,+,DR 5,0.0374177639881361,True
DR 5+,lab,gs_ind_0,MP19_EPITHELIAL_SENESCENCE,15/34,2.0080312776783308e-07,2.3092359693300805e-06,7.633768746976294,117.71989648311725,+,DR 5,1.1641856631057427e-05,True
DR 5+,lab,gs_ind_0,MP23_SECRETED_2,12/45,0.0010525899827390427,0.008069856534332662,3.4987529197513756,23.989204648608986,+,DR 5,0.014388802870840506,True
DR 5+,lab,gs_ind_0,MP6_HYPOXIA,9/29,0.0014111478308291778,0.008114100027267772,4.308667133668726,28.27929836550699,+,DR 5,0.017899965277544883,True
DR 5+,hallmark,gs_ind_0,DNA Repair,5/11,0.002659499577535494,0.022871696366805246,7.766869958685816,46.054566494324,+,DR 5,0.028995606013484325,True
DR 5+,hallmark,gs_ind_0,Glycolysis,14/40,1.4139101995007215e-05,0.0006079813857853102,5.206181395113561,58.13517027878158,+,DR 5,0.0004480867821954698,True
DR 5+,hallmark,gs_ind_0,Interferon Alpha Response,11/40,0.0012931995232216237,0.016960559733938674,3.644246679486606,24.23655772505855,+,DR 5,0.016617698175843968,True
DR 5+,hallmark,gs_ind_0,Myc Targets V1,5/12,0.004192769000148052,0.030048177834394375,6.727536231884058,36.82918333740776,+,DR 5,0.040713232773851436,True
DR 5+,hallmark,gs_ind_0,Reactive Oxygen Species Pathway,5/10,0.0015777264868780162,0.016960559733938674,9.184143222506394,59.25398339743649,+,DR 5,0.019388538983591143,True
DR 5+,hallmark,gs_ind_0,mTORC1 Signaling,13/48,0.0005519851776710972,0.01186768131992859,3.5807323943661973,26.862616338197814,+,DR 5,0.008635501446232275,True
DR 5+,hallmark,gs_ind_0,p53 Pathway,10/41,0.005580610012282945,0.034280890075452375,3.096237970253718,16.064698150559607,+,DR 5,0.04937387098838483,True
DR 5-,lab,gs_ind_0,MP12_EMT_1,20/47,3.4577490453929908e-09,4.89696083565112e-08,7.324452279022916,142.6997257244597,-,DR 5,3.0981431446721196e-07,True
DR 5-,lab,gs_ind_0,MP13_EMT_2,16/37,1.0822377398097633e-07,5.681748134001258e-07,7.401966345244848,118.72061765235777,-,DR 5,6.793971441761164e-06,True
DR 5-,lab,gs_ind_0,MP15_EMT_4,17/35,4.663772224429638e-09,4.89696083565112e-08,9.188820973562118,176.2732070830098,-,DR 5,3.8954355122015683e-07,True
DR 5-,lab,gs_ind_0,MP25_ASTROCYTES,15/31,4.2790533113946706e-08,2.9953373179762696e-07,9.03691905578698,153.32894426449602,-,DR 5,2.949255205392019e-06,True
DR 5-,lab,gs_ind_0,MP39_METAL_RESPONSE,10/36,0.0019784045605385483,0.0069244159618849195,3.6908334571386123,22.977152797893527,-,DR 5,0.0233802821926474,True
DR 5-,lab,gs_ind_0,MP5_STRESS,12/37,0.00014008246757100216,0.0005883463637982091,4.617204972174546,40.96974909429703,-,DR 5,0.002980197932044488,True
DR 5-,hallmark,gs_ind_0,Epithelial Mesenchymal Transition,33/114,3.3703641003193207e-09,1.5166638451436943e-07,4.219631901840491,82.3176131905128,-,DR 5,3.07576931229141e-07,True
DR 5-,hallmark,gs_ind_0,Myogenesis,13/47,0.00044081509382605446,0.006612226407390817,3.6866086956521738,28.486001648149458,-,DR 5,0.007377520892039477,True
DR 5-,hallmark,gs_ind_0,TGF-beta Signaling,4/8,0.004919018196141284,0.04427116376527156,9.142493638676845,48.58912019089625,-,DR 5,0.04447040149647784,True
DR 5-,hallmark,gs_ind_0,TNF-alpha Signaling via NF-kB,19/93,0.0014977120488090597,0.01684926054910192,2.48982195351933,16.193345442284368,-,DR 5,0.018852426504549286,True
DR 5-,hallmark,gs_ind_0,p53 Pathway,13/41,9.534578445982856e-05,0.0021452801503461425,4.477894736842106,41.456351435534096,-,DR 5,0.0022059000037185274,True
DR 6+,lab,gs_ind_0,MP11_TRANSLATION_INITIATION,3/4,0.0036541598583761372,0.014616639433504549,21.259915611814346,119.30828811722127,+,DR 6,0.0370910397159168,True
DR 6+,lab,gs_ind_0,MP19_EPITHELIAL_SENESCENCE,10/34,0.001221006000863245,0.0061050300043162245,3.996625421822272,26.80968373566166,+,DR 6,0.01615333576444046,True
DR 6+,lab,gs_ind_0,MP22_SECRETED_1,9/26,0.0005753353335499968,0.0038355688903333124,5.055800074599031,37.71908715682361,+,DR 6,0.008901891754268082,True
DR 6+,lab,gs_ind_0,MP23_SECRETED_2,22/45,1.7464199943086683e-11,3.4928399886173365e-10,9.534239227605935,236.17138184390257,+,DR 6,2.531281685868564e-09,True
DR 6+,lab,gs_ind_0,MP5_STRESS,18/37,1.534123293552256e-09,1.5341232935522558e-08,9.261046715841236,187.95578404760084,+,DR 6,1.413113942172994e-07,True
DR 6+,hallmark,gs_ind_0,Estrogen Response Early,14/49,0.0001808341096007929,0.003978350411217444,3.8665936638598346,33.32203534510104,+,DR 6,0.0037131270504696143,True
DR 6+,hallmark,gs_ind_0,Estrogen Response Late,15/64,0.0011107953964648305,0.012218749361113135,2.9566010509406735,20.11280772356416,+,DR 6,0.014997259489804614,True
DR 6+,hallmark,gs_ind_0,TNF-alpha Signaling via NF-kB,25/93,1.5997360641219624e-06,7.038838682136635e-05,3.674901740595171,49.04403290298948,+,DR 6,7.23256818714957e-05,True
DR 6+,hallmark,gs_ind_0,UV Response Up,10/32,0.00071884446712456,0.010543052184493548,4.356780402449694,31.53379074881248,+,DR 6,0.010543052184493548,True
DR 6-,lab,gs_ind_0,MP10_PROTEIN_MATURATION,6/13,0.0008738731352655757,0.004019816422221648,7.991602399314481,56.281462040462216,-,DR 6,0.012428417923777076,True
DR 6-,lab,gs_ind_0,MP13_EMT_2,10/37,0.0024789433908547903,0.00950261633161003,3.5546170365068,21.32742802180424,-,DR 6,0.027390657018234097,True
DR 6-,lab,gs_ind_0,MP14_EMT_3,12/33,3.8597747293638025e-05,0.0004438740938768373,5.4885571525507375,55.77645569997501,-,DR 6,0.0010393972604538153,True
DR 6-,lab,gs_ind_0,MP18_INTERFERON_MHC_II_2,12/39,0.00024661083831353385,0.0014180123203028196,4.276585483482036,35.528585018148014,-,DR 6,0.004822611949242439,True
DR 6-,lab,gs_ind_0,MP39_METAL_RESPONSE,12/36,0.0001036536031328951,0.0007946776240188624,4.808368970930547,44.11416934971605,-,DR 6,0.002311334643614964,True
DR 6-,lab,gs_ind_0,MP6_HYPOXIA,14/29,1.2920351592824904e-07,2.971680866349728e-06,8.956066764680447,142.06002971981485,-,DR 6,7.717756684780742e-06,True
DR 6-,hallmark,gs_ind_0,DNA Repair,6/11,0.00027959877808904316,0.004524723731431976,10.909792007478384,89.26560832643746,-,DR 6,0.005249001060658304,True
DR 6-,hallmark,gs_ind_0,Estrogen Response Early,13/49,0.0006860119522520405,0.005030754316514964,3.4806575342465753,25.35525184951136,-,DR 6,0.010152152854949116,True
DR 6-,hallmark,gs_ind_0,Estrogen Response Late,19/64,6.4801517483309875e-06,0.00028512667692656344,4.14521841794569,49.521957069251535,-,DR 6,0.00023567666284704875,True
DR 6-,hallmark,gs_ind_0,Fatty Acid Metabolism,9/25,0.00041133852103927056,0.004524723731431976,5.36521876730754,41.827750003165356,-,DR 6,0.007132885551142804,True
DR 6-,hallmark,gs_ind_0,Glycolysis,12/40,0.00032173233465304283,0.004524723731431976,4.124203080645912,33.16597763632865,-,DR 6,0.005883105547941354,True
DR 6-,hallmark,gs_ind_0,Hypoxia,14/61,0.0020198954677119072,0.01110942507241549,2.87012840412022,17.80831302567982,-,DR 6,0.023504238169738557,True
DR 6-,hallmark,gs_ind_0,Myogenesis,11/47,0.005190642340472539,0.02537647366453241,2.9337116420284093,15.43395719507859,-,DR 6,0.04655047398334608,True
DR 6-,hallmark,gs_ind_0,mTORC1 Signaling,13/48,0.0005519851776710972,0.004857469563505655,3.5807323943661973,26.862616338197814,-,DR 6,0.008635501446232275,True
DR 6-,hallmark,gs_ind_0,p53 Pathway,11/41,0.001615055854862858,0.010151779659137964,3.5227734763614342,22.645746773122212,-,DR 6,0.019388538983591143,True
DR 7+,lab,gs_ind_0,MP14_EMT_3,18/33,1.2972674835760105e-10,3.2431687089400263e-09,11.677154220061865,265.83731483832355,+,DR 7,1.540466062424718e-08,True
DR 7+,lab,gs_ind_0,MP17_INTERFERON_MHC_II_1,11/39,0.0010260460463652652,0.005130230231826326,3.7742443179188077,25.974510381561768,+,DR 7,0.014104197814471486,True
DR 7+,lab,gs_ind_0,MP18_INTERFERON_MHC_II_2,12/39,0.00024661083831353385,0.0020550903192794487,4.276585483482036,35.528585018148014,+,DR 7,0.004822611949242439,True
DR 7+,lab,gs_ind_0,MP2_CELL_CYCLE_G1_S,10/28,0.00020954712572679926,0.0020550903192794487,5.3107044051925945,44.984650397290046,+,DR 7,0.0041555260989201885,True
DR 7+,lab,gs_ind_0,MP39_METAL_RESPONSE,10/36,0.0019784045605385483,0.008243352335577285,3.6908334571386123,22.977152797893527,+,DR 7,0.0233802821926474,True
DR 7+,lab,gs_ind_0,MP3_CELL_CYCLE_HMG_RICH,5/8,0.00041498343885390234,0.0025936464928368896,14.448301059554257,112.51284949262244,+,DR 7,0.007132885551142804,True
DR 7+,lab,gs_ind_0,MP7_STRESS_IN_VITRO,6/16,0.0031514828378030346,0.011255295849296552,5.698739135757131,32.82406608056813,+,DR 7,0.033652237106594485,True
DR 7+,hallmark,gs_ind_0,DNA Repair,6/11,0.00027959877808904316,0.004804941936520353,10.909792007478384,89.26560832643746,+,DR 7,0.005249001060658304,True
DR 7+,hallmark,gs_ind_0,E2F Targets,14/53,0.0004469713429321258,0.004804941936520353,3.467166661010622,26.742312191693923,+,DR 7,0.007377520892039477,True
DR 7+,hallmark,gs_ind_0,Estrogen Response Late,15/64,0.0011107953964648305,0.009552840409597543,2.9566010509406735,20.11280772356416,+,DR 7,0.014997259489804614,True
DR 7+,hallmark,gs_ind_0,Fatty Acid Metabolism,9/25,0.00041133852103927056,0.004804941936520353,5.36521876730754,41.827750003165356,+,DR 7,0.007132885551142804,True
DR 7+,hallmark,gs_ind_0,Glycolysis,10/40,0.004613401681204881,0.01983762722918099,3.1995611204337164,17.209766726361703,+,DR 7,0.04334574544323671,True
DR 7+,hallmark,gs_ind_0,Hypoxia,14/61,0.0020198954677119072,0.010856938138951501,2.87012840412022,17.80831302567982,+,DR 7,0.023504238169738557,True
DR 7+,hallmark,gs_ind_0,Interferon Alpha Response,12/40,0.00032173233465304283,0.004804941936520353,4.124203080645912,33.16597763632865,+,DR 7,0.005883105547941354,True
DR 7+,hallmark,gs_ind_0,Myc Targets V1,5/12,0.004192769000148052,0.01983762722918099,6.727536231884058,36.82918333740776,+,DR 7,0.040713232773851436,True
DR 7+,hallmark,gs_ind_0,Pperoxisome,6/14,0.00140315100501124,0.009691748419393527,7.047482231967337,46.2951564116883,+,DR 7,0.017899965277544883,True
DR 7+,hallmark,gs_ind_0,Reactive Oxygen Species Pathway,5/10,0.0015777264868780162,0.009691748419393527,9.184143222506394,59.25398339743649,+,DR 7,0.019388538983591143,True
DR 7+,hallmark,gs_ind_0,p53 Pathway,10/41,0.005580610012282945,0.020729568721160222,3.096237970253718,16.064698150559607,+,DR 7,0.04937387098838483,True
DR 7-,lab,gs_ind_0,MP41_UNASSIGNED,4/8,0.004919018196141284,0.05410920015755412,9.142493638676845,48.58912019089625,-,DR 7,0.04447040149647784,True
DR 7-,lab,gs_ind_0,MP5_STRESS,10/37,0.0024789433908547903,0.05410920015755412,3.5546170365068,21.32742802180424,-,DR 7,0.027390657018234097,True
DR 8+,lab,gs_ind_0,MP11_TRANSLATION_INITIATION,3/4,0.0036541598583761372,0.020097879221068753,21.259915611814346,119.30828811722127,+,DR 8,0.0370910397159168,True
DR 8+,lab,gs_ind_0,MP2_CELL_CYCLE_G1_S,11/28,3.555643475984438e-05,0.0003911207823582882,6.184771956275914,63.35921234569386,+,DR 8,0.0009788944720475591,True
DR 8+,lab,gs_ind_0,MP3_CELL_CYCLE_HMG_RICH,6/8,2.1976955858542536e-05,0.0003911207823582882,24.04164524421594,257.85905348717876,+,DR 8,0.0006649070887683814,True
DR 8+,lab,gs_ind_0,MP8_PROTEASOMAL_DEGRADATION,3/4,0.0036541598583761372,0.020097879221068753,21.259915611814346,119.30828811722127,+,DR 8,0.0370910397159168,True
DR 8+,hallmark,gs_ind_0,DNA Repair,5/11,0.002659499577535494,0.020832746690694702,7.766869958685816,46.054566494324,+,DR 8,0.028995606013484325,True
DR 8+,hallmark,gs_ind_0,E2F Targets,14/53,0.0004469713429321258,0.006757137990970864,3.467166661010622,26.742312191693923,+,DR 8,0.007377520892039477,True
DR 8+,hallmark,gs_ind_0,Estrogen Response Late,14/64,0.0032686442862646012,0.021946611636348038,2.695007034215486,15.42454928240058,+,DR 8,0.034381812257656255,True
DR 8+,hallmark,gs_ind_0,G2-M Checkpoint,13/49,0.0006860119522520405,0.006757137990970864,3.4806575342465753,25.35525184951136,+,DR 8,0.010152152854949116,True
DR 8+,hallmark,gs_ind_0,Glycolysis,10/40,0.004613401681204881,0.027103734877078678,3.1995611204337164,17.209766726361703,+,DR 8,0.04334574544323671,True
DR 8+,hallmark,gs_ind_0,Reactive Oxygen Species Pathway,6/10,0.0001385765478863414,0.0033255090154855195,13.3416166809483,118.52809255586541,+,DR 8,0.002980197932044488,True
DR 8+,hallmark,gs_ind_0,UV Response Up,10/32,0.00071884446712456,0.006757137990970864,4.356780402449694,31.53379074881248,+,DR 8,0.010543052184493548,True
DR 8+,hallmark,gs_ind_0,mTORC1 Signaling,14/48,0.00014151102193555402,0.0033255090154855195,3.9809224074289933,35.283444562178204,+,DR 8,0.002980197932044488,True
DR 8-,lab,gs_ind_0,MP13_EMT_2,12/37,0.00014008246757100216,0.0009338831171400144,4.617204972174546,40.96974909429703,-,DR 8,0.002980197932044488,True
DR 8-,lab,gs_ind_0,MP14_EMT_3,23/33,1.148629917212795e-16,1.1486299172127948e-15,22.576391683433936,828.6165997621854,-,DR 8,2.4610644487063712e-14,True
DR 8-,lab,gs_ind_0,MP19_EPITHELIAL_SENESCENCE,26/34,1.920977509308891e-20,3.841955018617782e-19,32.02511377043654,1453.9039026280327,-,DR 8,7.012279382129048e-18,True
DR 8-,lab,gs_ind_0,MP23_SECRETED_2,13/45,0.00027443218930083994,0.0013721609465041995,3.917907692307692,32.13000232506372,-,DR 8,0.005244916855943818,True
DR 8-,lab,gs_ind_0,MP39_METAL_RESPONSE,11/36,0.00048220540078602886,0.0019288216031441154,4.225412592477625,32.27006918277949,-,DR 8,0.007765713121155393,True
DR 8-,hallmark,gs_ind_0,Estrogen Response Early,12/49,0.002351442988433525,0.025865872872768775,3.118479221927498,18.87530058397867,-,DR 8,0.026357818324348126,True
DR 8-,hallmark,gs_ind_0,Estrogen Response Late,17/64,9.965542808897806e-05,0.0014616129453050117,3.5205793775993115,32.437886249909255,-,DR 8,0.0022788953578769555,True
DR 8-,hallmark,gs_ind_0,KRAS Signaling Dn,12/35,7.567785795160356e-05,0.0014616129453050117,5.0158022461764205,47.59507259625568,-,DR 8,0.0017973035372795293,True
DR 8-,hallmark,gs_ind_0,p53 Pathway,13/41,9.534578445982856e-05,0.0014616129453050117,4.477894736842106,41.456351435534096,-,DR 8,0.0022059000037185274,True
DR 9+,lab,gs_ind_0,MP14_EMT_3,17/33,1.4398960331151302e-09,3.599740082787825e-08,10.314177194286186,209.98318690283074,+,DR 9,1.3645783944598772e-07,True
DR 9+,lab,gs_ind_0,MP17_INTERFERON_MHC_II_1,11/39,0.0010260460463652652,0.012825575579565814,3.7742443179188077,25.974510381561768,+,DR 9,0.014104197814471486,True
DR 9+,lab,gs_ind_0,MP18_INTERFERON_MHC_II_2,10/39,0.0037833511417090637,0.018916755708545317,3.3098892299479514,18.459732555536906,+,DR 9,0.0374177639881361,True
DR 9+,lab,gs_ind_0,MP25_ASTROCYTES,9/31,0.0023774452607899232,0.018916755708545317,3.9212648680011606,23.691218837052602,+,DR 9,0.026357818324348126,True
DR 9+,lab,gs_ind_0,MP8_PROTEASOMAL_DEGRADATION,3/4,0.0036541598583761372,0.018916755708545317,21.259915611814346,119.30828811722127,+,DR 9,0.0370910397159168,True
DR 9+,hallmark,gs_ind_0,DNA Repair,6/11,0.00027959877808904316,0.004380380856728343,10.909792007478384,89.26560832643746,+,DR 9,0.005249001060658304,True
DR 9+,hallmark,gs_ind_0,E2F Targets,16/53,2.883496676266262e-05,0.001355243437845143,4.205636856368564,43.96539874658021,+,DR 9,0.000821379862464748,True
DR 9+,hallmark,gs_ind_0,Hypoxia,14/61,0.0020198954677119072,0.01356215528320852,2.87012840412022,17.80831302567982,+,DR 9,0.023504238169738557,True
DR 9+,hallmark,gs_ind_0,Myc Targets V1,5/12,0.004192769000148052,0.024632517875869807,6.727536231884058,36.82918333740776,+,DR 9,0.040713232773851436,True
DR 9+,hallmark,gs_ind_0,Oxidative Phosphorylation,4/5,0.00044837002986319467,0.0052683478508925375,27.47328244274809,211.81603246804076,+,DR 9,0.007377520892039477,True
DR 9+,hallmark,gs_ind_0,Pperoxisome,6/14,0.00140315100501124,0.012358857480544461,7.047482231967337,46.2951564116883,+,DR 9,0.017899965277544883,True
DR 9+,hallmark,gs_ind_0,Reactive Oxygen Species Pathway,5/10,0.0015777264868780162,0.012358857480544461,9.184143222506394,59.25398339743649,+,DR 9,0.019388538983591143,True
DR 9+,hallmark,gs_ind_0,mTORC1 Signaling,14/48,0.00014151102193555402,0.0033255090154855195,3.9809224074289933,35.283444562178204,+,DR 9,0.002980197932044488,True
DR 9+,hallmark,gs_ind_0,p53 Pathway,10/41,0.005580610012282945,0.029143185619699825,3.096237970253718,16.064698150559607,+,DR 9,0.04937387098838483,True
DR 9-,lab,gs_ind_0,MP41_UNASSIGNED,5/8,0.00041498343885390234,0.0045648178273929255,14.448301059554257,112.51284949262244,-,DR 9,0.007132885551142804,True
DR 9-,lab,gs_ind_0,MP4_CHROMATIN,3/3,0.000986529300686379,0.007234548205033447,63.81518987341772,441.685192433098,-,DR 9,0.013811410209609309,True
DR 9-,lab,gs_ind_0,MP5_STRESS,12/37,0.00014008246757100216,0.0030818142865620475,4.617204972174546,40.96974909429703,-,DR 9,0.002980197932044488,True
DR 9-,hallmark,gs_ind_0,TNF-alpha Signaling via NF-kB,18/93,0.0037506966120110356,0.17628274076451866,2.3167377302004897,12.940865336556511,-,DR 9,0.0374177639881361,True
DR 10+,lab,gs_ind_0,MP10_PROTEIN_MATURATION,7/13,9.181317825896858e-05,0.0018362635651793715,10.700655933214072,99.47067286211808,+,DR 10,0.0021545492498104626,True
DR 10+,lab,gs_ind_0,MP38_GLUTATHIONE,6/16,0.0031514828378030346,0.031514828378030345,5.698739135757131,32.82406608056813,+,DR 10,0.033652237106594485,True
DR 10+,lab,gs_ind_0,MP41_UNASSIGNED,4/8,0.004919018196141284,0.03279345464094189,9.142493638676845,48.58912019089625,+,DR 10,0.04447040149647784,True
DR 10+,hallmark,gs_ind_0,Androgen Response,8/25,0.002098284899730338,0.01762559315773484,4.5001113172541745,27.75054387349284,+,DR 10,0.023991526649352914,True
DR 10+,hallmark,gs_ind_0,Estrogen Response Early,27/49,1.3402570513672296e-15,5.6290796157423644e-14,12.528658341338456,429.055368245235,+,DR 10,2.590112450642238e-13,True
DR 10+,hallmark,gs_ind_0,Estrogen Response Late,27/64,5.98061045816137e-12,1.2559281962138879e-10,7.453794428434198,192.62467111154803,+,DR 10,9.210140105568509e-10,True
DR 10+,hallmark,gs_ind_0,Fatty Acid Metabolism,8/25,0.002098284899730338,0.01762559315773484,4.5001113172541745,27.75054387349284,+,DR 10,0.023991526649352914,True
DR 10+,hallmark,gs_ind_0,Xenobiotic Metabolism,14/42,2.6826228607576808e-05,0.00037556720050607533,4.835379333051127,50.89783372996811,+,DR 10,0.0007845676829563116,True
DR 10-,lab,gs_ind_0,MP13_EMT_2,11/37,0.0006269497186846939,0.002194324015396429,4.0636730223527655,29.968142742013214,-,DR 10,0.009609978891689493,True
DR 10-,lab,gs_ind_0,MP14_EMT_3,17/33,1.4398960331151302e-09,3.023781669541774e-08,10.314177194286186,209.98318690283074,-,DR 10,1.3645783944598772e-07,True
DR 10-,lab,gs_ind_0,MP17_INTERFERON_MHC_II_1,13/39,5.2741167275285944e-05,0.0003691881709270016,4.821283018867924,47.490188541624946,-,DR 10,0.001332863960680047,True
DR 10-,lab,gs_ind_0,MP18_INTERFERON_MHC_II_2,14/39,1.0070000412475013e-05,0.00010573500433098764,5.413394312148452,62.286243258797576,-,DR 10,0.00033083308021784576,True
DR 10-,lab,gs_ind_0,MP22_SECRETED_1,9/26,0.0005753353335499968,0.002194324015396429,5.055800074599031,37.71908715682361,-,DR 10,0.008901891754268082,True
DR 10-,lab,gs_ind_0,MP23_SECRETED_2,11/45,0.003620292729714398,0.010860878189143195,3.1072999120492524,17.466755483212417,-,DR 10,0.0370910397159168,True
DR 10-,lab,gs_ind_0,MP39_METAL_RESPONSE,11/36,0.00048220540078602886,0.002194324015396429,4.225412592477625,32.27006918277949,-,DR 10,0.007765713121155393,True
DR 10-,hallmark,gs_ind_0,Epithelial Mesenchymal Transition,21/114,0.0033285202977414046,0.05214681799794867,2.1873743166549984,12.479467948383208,-,DR 10,0.03482579198995678,True
DR 10-,hallmark,gs_ind_0,TNF-alpha Signaling via NF-kB,19/93,0.0014977120488090597,0.037953812589277165,2.48982195351933,16.193345442284368,-,DR 10,0.018852426504549286,True
DR 10-,hallmark,gs_ind_0,p53 Pathway,11/41,0.001615055854862858,0.037953812589277165,3.5227734763614342,22.645746773122212,-,DR 10,0.019388538983591143,True
DR 11+,lab,gs_ind_0,MP23_SECRETED_2,12/45,0.0010525899827390427,0.0221043896375199,3.4987529197513756,23.989204648608986,+,DR 11,0.014388802870840506,True
DR 11+,hallmark,gs_ind_0,Androgen Response,9/25,0.00041133852103927056,0.017687556404688633,5.36521876730754,41.827750003165356,+,DR 11,0.007132885551142804,True
DR 11+,hallmark,gs_ind_0,Estrogen Response Early,12/49,0.002351442988433525,0.025278012125660394,3.118479221927498,18.87530058397867,+,DR 11,0.026357818324348126,True
DR 11+,hallmark,gs_ind_0,Hypoxia,14/61,0.0020198954677119072,0.025278012125660394,2.87012840412022,17.80831302567982,+,DR 11,0.023504238169738557,True
DR 11+,hallmark,gs_ind_0,p53 Pathway,11/41,0.001615055854862858,0.025278012125660394,3.5227734763614342,22.645746773122212,+,DR 11,0.019388538983591143,True
DR 11-,lab,gs_ind_0,MP2_CELL_CYCLE_G1_S,23/28,1.9118826064809125e-19,4.2061417342580075e-18,43.220742637644044,1862.8584538380314,-,DR 11,6.281171656491958e-17,True
DR 11-,lab,gs_ind_0,MP3_CELL_CYCLE_HMG_RICH,7/8,6.654252178041727e-07,7.3196773958458994e-06,46.49870801033592,661.3436644928104,-,DR 11,3.2956939430542344e-05,True
DR 11-,lab,gs_ind_0,MP8_PROTEASOMAL_DEGRADATION,3/4,0.0036541598583761372,0.02679717229475834,21.259915611814346,119.30828811722127,-,DR 11,0.0370910397159168,True
DR 11-,hallmark,gs_ind_0,E2F Targets,46/53,5.365246407738021e-41,2.360708419404729e-39,71.97216828478965,6673.694623727466,-,DR 11,1.3219967148666481e-37,True
DR 11-,hallmark,gs_ind_0,G2-M Checkpoint,44/49,1.2273427746554609e-40,2.7001541042420137e-39,92.82573337205925,8530.550506867943,-,DR 11,2.4193380774008446e-37,True
DR 11-,hallmark,gs_ind_0,Glycolysis,11/40,0.0012931995232216237,0.009483463170291908,3.644246679486606,24.23655772505855,-,DR 11,0.016617698175843968,True
DR 11-,hallmark,gs_ind_0,Mitotic Spindle,26/36,2.250923846055848e-19,3.3013549742152443e-18,25.89616591622322,1111.9237723199103,-,DR 11,6.932845445852012e-17,True
DR 11-,hallmark,gs_ind_0,Myc Targets V1,7/12,4.627517030017547e-05,0.00040722149864154416,12.653276955602538,126.29115547720689,-,DR 11,0.0012326704823744038,True
DR 11-,hallmark,gs_ind_0,Spermatogenesis,10/23,2.8677236618955132e-05,0.00031544960280850643,7.298046077573637,76.33323349352811,-,DR 11,0.000821379862464748,True
DR 11-,hallmark,gs_ind_0,mTORC1 Signaling,12/48,0.00194358232651153,0.012216803195215332,3.2057338032774974,20.014109245003937,-,DR 11,0.02310729482520825,True
DR 12+,lab,gs_ind_0,MP12_EMT_1,20/47,3.4577490453929908e-09,7.261272995325281e-08,7.324452279022916,142.6997257244597,+,DR 12,3.0981431446721196e-07,True
DR 12+,lab,gs_ind_0,MP17_INTERFERON_MHC_II_1,11/39,0.0010260460463652652,0.010773483486835286,3.7742443179188077,25.974510381561768,+,DR 12,0.014104197814471486,True
DR 12+,hallmark,gs_ind_0,Adipogenesis,10/27,0.00014740759323860102,0.00266801842591707,5.61732283464567,49.557758165277875,+,DR 12,0.003097759571342541,True
DR 12+,hallmark,gs_ind_0,Coagulation,15/52,9.339735255686135e-05,0.00266801842591707,3.9294519317160828,36.45999957185866,+,DR 12,0.0021813372199062215,True
DR 12+,hallmark,gs_ind_0,Epithelial Mesenchymal Transition,24/114,0.0002163258183176003,0.00266801842591707,2.623589438592647,22.139749440613247,+,DR 12,0.004272760050778093,True
DR 12+,hallmark,gs_ind_0,Myogenesis,12/47,0.0015956830393014216,0.014760068113538149,3.2979041356894685,21.23999789238365,+,DR 12,0.019388538983591143,True
DR 12-,lab,gs_ind_0,MP11_TRANSLATION_INITIATION,3/4,0.0036541598583761372,0.02101141918566279,21.259915611814346,119.30828811722127,-,DR 12,0.0370910397159168,True
DR 12-,lab,gs_ind_0,MP14_EMT_3,14/33,9.460900596399045e-07,2.1760071371717803e-05,7.102976558740634,98.52487694311493,-,DR 12,4.461561544407128e-05,True
DR 12-,lab,gs_ind_0,MP19_EPITHELIAL_SENESCENCE,10/34,0.001221006000863245,0.009361046006618213,3.996625421822272,26.80968373566166,-,DR 12,0.01615333576444046,True
DR 12-,lab,gs_ind_0,MP3_CELL_CYCLE_HMG_RICH,4/8,0.004919018196141284,0.022627483702249904,9.142493638676845,48.58912019089625,-,DR 12,0.04447040149647784,True
DR 12-,lab,gs_ind_0,MP8_PROTEASOMAL_DEGRADATION,4/4,9.731911478979302e-05,0.0011191698200826198,82.46564885496183,761.7776794946161,-,DR 12,0.0022358442782475525,True
DR 12-,hallmark,gs_ind_0,DNA Repair,6/11,0.00027959877808904316,0.005511140914621627,10.909792007478384,89.26560832643746,-,DR 12,0.005249001060658304,True
DR 12-,hallmark,gs_ind_0,E2F Targets,13/53,0.0015283486442989088,0.008063935377376527,3.129777777777778,20.292125306679296,-,DR 12,0.01918904998498095,True
DR 12-,hallmark,gs_ind_0,Estrogen Response Early,13/49,0.0006860119522520405,0.005511140914621627,3.4806575342465753,25.35525184951136,-,DR 12,0.010152152854949116,True
DR 12-,hallmark,gs_ind_0,Estrogen Response Late,14/64,0.0032686442862646012,0.015035763716817165,2.695007034215486,15.42454928240058,-,DR 12,0.034381812257656255,True
DR 12-,hallmark,gs_ind_0,Glycolysis,14/40,1.4139101995007215e-05,0.0006503986917703319,5.206181395113561,58.13517027878158,-,DR 12,0.0004480867821954698,True
DR 12-,hallmark,gs_ind_0,Myc Targets V1,5/12,0.004192769000148052,0.017533397636982764,6.727536231884058,36.82918333740776,-,DR 12,0.040713232773851436,True
DR 12-,hallmark,gs_ind_0,Reactive Oxygen Species Pathway,5/10,0.0015777264868780162,0.008063935377376527,9.184143222506394,59.25398339743649,-,DR 12,0.019388538983591143,True
DR 12-,hallmark,gs_ind_0,UV Response Up,10/32,0.00071884446712456,0.005511140914621627,4.356780402449694,31.53379074881248,-,DR 12,0.010543052184493548,True
DR 12-,hallmark,gs_ind_0,Unfolded Protein Response,6/13,0.0008738731352655757,0.005742594888888068,7.991602399314481,56.281462040462216,-,DR 12,0.012428417923777076,True
DR 12-,hallmark,gs_ind_0,mTORC1 Signaling,13/48,0.0005519851776710972,0.005511140914621627,3.5807323943661973,26.862616338197814,-,DR 12,0.008635501446232275,True
DR 12-,hallmark,gs_ind_0,p53 Pathway,12/41,0.0004154095278364417,0.005511140914621627,3.9821516881715597,31.00601149959369,-,DR 12,0.007132885551142804,True
DR 13+,hallmark,gs_ind_0,Androgen Response,9/25,0.00041133852103927056,0.012695659086435235,5.36521876730754,41.827750003165356,+,DR 13,0.007132885551142804,True
DR 13+,hallmark,gs_ind_0,Cholesterol Homeostasis,6/17,0.004470933080813283,0.03979492461028947,5.200290600201185,28.13439456903835,+,DR 13,0.04253428228233177,True
DR 13+,hallmark,gs_ind_0,Fatty Acid Metabolism,8/25,0.002098284899730338,0.02413027634689889,4.5001113172541745,27.75054387349284,+,DR 13,0.023991526649352914,True
DR 13+,hallmark,gs_ind_0,Myogenesis,11/47,0.005190642340472539,0.03979492461028947,2.9337116420284093,15.43395719507859,+,DR 13,0.04655047398334608,True
DR 13+,hallmark,gs_ind_0,mTORC1 Signaling,13/48,0.0005519851776710972,0.012695659086435235,3.5807323943661973,26.862616338197814,+,DR 13,0.008635501446232275,True
DR 13+,hallmark,gs_ind_0,p53 Pathway,11/41,0.001615055854862858,0.02413027634689889,3.5227734763614342,22.645746773122212,+,DR 13,0.019388538983591143,True
DR 13-,lab,gs_ind_0,MP10_PROTEIN_MATURATION,8/13,7.2425920497813855e-06,2.534907217423485e-05,14.414876033057851,170.60771788341367,-,DR 13,0.000256773335405199,True
DR 13-,lab,gs_ind_0,MP12_EMT_1,12/47,0.0015956830393014216,0.0037232604250366503,3.2979041356894685,21.23999789238365,-,DR 13,0.019388538983591143,True
DR 13-,lab,gs_ind_0,MP13_EMT_2,16/37,1.0822377398097633e-07,7.575664178668344e-07,7.401966345244848,118.72061765235777,-,DR 13,6.793971441761164e-06,True
DR 13-,lab,gs_ind_0,MP14_EMT_3,23/33,1.148629917212795e-16,2.4121228261468694e-15,22.576391683433936,828.6165997621854,-,DR 13,2.4610644487063712e-14,True
DR 13-,lab,gs_ind_0,MP15_EMT_4,11/35,0.0003665367959475713,0.0009621590893623747,4.400355392816757,34.81302289008058,-,DR 13,0.0065923114249256615,True
DR 13-,lab,gs_ind_0,MP18_INTERFERON_MHC_II_2,20/39,5.058600851559426e-11,5.311530894137398e-10,10.375949996448611,245.98623757233398,-,DR 13,6.647675999062627e-09,True
DR 13-,lab,gs_ind_0,MP19_EPITHELIAL_SENESCENCE,15/34,2.0080312776783308e-07,1.0542164207811237e-06,7.633768746976294,117.71989648311725,-,DR 13,1.1641856631057427e-05,True
DR 13-,lab,gs_ind_0,MP23_SECRETED_2,16/45,2.6129029306732644e-06,1.0974192308827712e-05,5.370400992145514,69.036766403883,-,DR 13,0.00011148385837539262,True
DR 13-,lab,gs_ind_0,MP39_METAL_RESPONSE,13/36,1.972636758902038e-05,5.917910276706114e-05,5.445957446808511,58.999076046925126,-,DR 13,0.0006113933300546694,True
DR 13-,hallmark,gs_ind_0,Coagulation,17/52,4.7591318729396665e-06,0.00020464267053640567,4.742871397321257,58.12600090835123,-,DR 13,0.00019463072091159068,True
DR 13-,hallmark,gs_ind_0,Complement,16/66,0.0005056385251259811,0.005435614145104297,3.099975851243661,23.52785113414149,-,DR 13,0.008129809630736819,True
DR 13-,hallmark,gs_ind_0,Epithelial Mesenchymal Transition,25/114,7.781249216047666e-05,0.001115312387633499,2.7785417561953873,26.28836308152618,-,DR 13,0.0018391365053564937,True
DR 13-,hallmark,gs_ind_0,KRAS Signaling Up,21/83,3.256834221292079e-05,0.0007002193575777971,3.3317214484679667,34.42391186239547,-,DR 13,0.0009093302573669897,True
DR 14+,lab,gs_ind_0,MP2_CELL_CYCLE_G1_S,28/28,1.6641891303395013e-29,3.3283782606790024e-28,594.9478260869565,39424.59233479048,+,DR 14,1.2617113898943172e-26,True
DR 14+,lab,gs_ind_0,MP3_CELL_CYCLE_HMG_RICH,8/8,8.800593917371708e-09,8.800593917371708e-08,159.0051948051948,2949.2993692804394,+,DR 14,7.109725708984881e-07,True
DR 14+,hallmark,gs_ind_0,DNA Repair,7/11,2.1058022717423192e-05,0.00016846418173938554,15.473729543496985,166.6246623376999,+,DR 14,0.0006465665791368318,True
DR 14+,hallmark,gs_ind_0,E2F Targets,49/53,6.273127743875377e-47,2.5092510975501507e-45,130.43894389438944,13876.776303363984,+,DR 14,6.1827947043635716e-43,True
DR 14+,hallmark,gs_ind_0,G2-M Checkpoint,43/49,1.0314031734542662e-38,2.0628063469085323e-37,76.24981684981685,6669.36662361109,+,DR 14,1.4522156682236068e-35,True
DR 14+,hallmark,gs_ind_0,Glycolysis,10/40,0.004613401681204881,0.02636229532117075,3.1995611204337164,17.209766726361703,+,DR 14,0.04334574544323671,True
DR 14+,hallmark,gs_ind_0,Mitotic Spindle,26/36,2.250923846055848e-19,3.001231794741131e-18,25.89616591622322,1111.9237723199103,+,DR 14,6.932845445852012e-17,True
DR 14+,hallmark,gs_ind_0,Myc Targets V1,10/12,4.478966727898655e-09,4.478966727898654e-08,39.651968503937006,762.2644248888242,+,DR 14,3.798578778239314e-07,True
DR 14+,hallmark,gs_ind_0,Spermatogenesis,8/23,0.0011349351321441861,0.007566234214294574,5.086468370339338,34.49225647461518,+,DR 14,0.015281312380345764,True
DR 14-,lab,gs_ind_0,MP14_EMT_3,10/33,0.0009428054085102686,0.0069139063290753035,4.16904004020774,29.04424550712454,-,DR 14,0.013236880493272376,True
DR 14-,lab,gs_ind_0,MP5_STRESS,12/37,0.00014008246757100216,0.0015409071432810238,4.617204972174546,40.96974909429703,-,DR 14,0.002980197932044488,True
DR 14-,lab,gs_ind_0,MP6_HYPOXIA,13/29,1.0975890745646705e-06,2.4146959640422752e-05,7.786909090909091,106.8550387455027,-,DR 14,5.1269374023267266e-05,True
DR 14-,hallmark,gs_ind_0,Androgen Response,8/25,0.002098284899730338,0.03147427349595507,4.5001113172541745,27.75054387349284,-,DR 14,0.023991526649352914,True
DR 14-,hallmark,gs_ind_0,Apoptosis,13/59,0.0042671553818756855,0.0466540660082215,2.7166451612903226,14.824210670745018,-,DR 14,0.04127289837464843,True
DR 14-,hallmark,gs_ind_0,Glycolysis,11/40,0.0012931995232216237,0.02909698927248653,3.644246679486606,24.23655772505855,-,DR 14,0.016617698175843968,True
DR 14-,hallmark,gs_ind_0,Hypoxia,16/61,0.00018940643652494527,0.008523289643622537,3.4504601089966944,29.576016986746975,-,DR 14,0.0038730079634644414,True
DR 14-,hallmark,gs_ind_0,Myogenesis,11/47,0.005190642340472539,0.0466540660082215,2.9337116420284093,15.43395719507859,-,DR 14,0.04655047398334608,True
DR 15+,lab,gs_ind_0,MP14_EMT_3,14/33,9.460900596399045e-07,2.0813981312077897e-05,7.102976558740634,98.52487694311493,+,DR 15,4.461561544407128e-05,True
DR 15+,hallmark,gs_ind_0,Estrogen Response Early,14/49,0.0001808341096007929,0.007454844769835675,3.8665936638598346,33.32203534510104,+,DR 15,0.0037131270504696143,True
DR 15+,hallmark,gs_ind_0,Estrogen Response Late,16/64,0.0003467369660388686,0.007454844769835675,3.2314977788953145,25.74516212626332,+,DR 15,0.006259046771573422,True
DR 15+,hallmark,gs_ind_0,mTORC1 Signaling,13/48,0.0005519851776710972,0.007911787546619059,3.5807323943661973,26.862616338197814,+,DR 15,0.008635501446232275,True
DR 15-,lab,gs_ind_0,MP12_EMT_1,25/47,5.0448476562225754e-14,9.585210546822894e-13,11.485090218423553,351.64846915793765,-,DR 15,9.207781203653649e-12,True
DR 15-,lab,gs_ind_0,MP18_INTERFERON_MHC_II_2,11/39,0.0010260460463652652,0.00487371872023501,3.7742443179188077,25.974510381561768,-,DR 15,0.014104197814471486,True
DR 15-,lab,gs_ind_0,MP25_ASTROCYTES,10/31,0.0005406708160615204,0.0034242485017229626,4.561984984435085,34.31844415681465,-,DR 15,0.008567285471225634,True
DR 15-,lab,gs_ind_0,MP33_RBCS,8/16,5.5432325630216626e-05,0.000526607093487058,9.311688311688311,91.25778256286647,-,DR 15,0.0013796489934631692,True
DR 15-,hallmark,gs_ind_0,Angiogenesis,7/17,0.0007324907256175764,0.005005353291720105,6.609449981543005,47.714015180221494,-,DR 15,0.010679628094211292,True
DR 15-,hallmark,gs_ind_0,Coagulation,15/52,9.339735255686135e-05,0.0012764304849437718,3.9294519317160828,36.45999957185866,-,DR 15,0.0021813372199062215,True
DR 15-,hallmark,gs_ind_0,Epithelial Mesenchymal Transition,39/114,2.3737931654790415e-13,9.73255197846407e-12,5.589752527012896,162.48917044039064,-,DR 15,4.104579901572181e-11,True
DR 15-,hallmark,gs_ind_0,Hypoxia,15/61,0.0006459320302324772,0.005005353291720105,3.152740341419587,23.15629857389903,-,DR 15,0.009749320199037206,True
DR 15-,hallmark,gs_ind_0,Myogenesis,13/47,0.00044081509382605446,0.004518354711717058,3.6866086956521738,28.486001648149458,-,DR 15,0.007377520892039477,True
DR 15-,hallmark,gs_ind_0,UV Response Dn,9/32,0.00302646296265898,0.01772642592414545,3.7522915393589247,21.76464430625097,-,DR 15,0.03267121463304152,True
DR 15-,hallmark,gs_ind_0,heme Metabolism,14/22,1.0106459466901341e-09,2.071824190714775e-08,16.395678914997635,339.5983877788747,-,DR 15,1.0375965052685378e-07,True
DR 16+,lab,gs_ind_0,MP12_EMT_1,11/47,0.005190642340472539,0.018538008358830495,2.9337116420284093,15.43395719507859,+,DR 16,0.04655047398334608,True
DR 16+,lab,gs_ind_0,MP14_EMT_3,16/33,1.4142841707068578e-08,3.5357104267671445e-07,9.114285714285714,164.7321215858455,+,DR 16,1.0722449835759071e-06,True
DR 16+,lab,gs_ind_0,MP17_INTERFERON_MHC_II_1,16/39,2.63943192654869e-07,3.299289908185863e-06,6.764400622729632,102.46397446267132,+,DR 16,1.4697311337889204e-05,True
DR 16+,lab,gs_ind_0,MP18_INTERFERON_MHC_II_2,13/39,5.2741167275285944e-05,0.00043950972729404957,4.821283018867924,47.490188541624946,+,DR 16,0.001332863960680047,True
DR 16+,lab,gs_ind_0,MP2_CELL_CYCLE_G1_S,8/28,0.004630252074276075,0.018538008358830495,3.835096610706367,20.614196416335236,+,DR 16,0.04338000422439638,True
DR 16+,lab,gs_ind_0,MP39_METAL_RESPONSE,11/36,0.00048220540078602886,0.002411027003930144,4.225412592477625,32.27006918277949,+,DR 16,0.007765713121155393,True
DR 16+,lab,gs_ind_0,MP3_CELL_CYCLE_HMG_RICH,5/8,0.00041498343885390234,0.002411027003930144,14.448301059554257,112.51284949262244,+,DR 16,0.007132885551142804,True
DR 16+,hallmark,gs_ind_0,E2F Targets,18/53,1.2985147704515892e-06,2.856732494993496e-05,5.0413660042446455,68.33213394861892,+,DR 16,6.0368686686655016e-05,True
DR 16+,hallmark,gs_ind_0,G2-M Checkpoint,14/49,0.0001808341096007929,0.001989175205608722,3.8665936638598346,33.32203534510104,+,DR 16,0.0037131270504696143,True
DR 16+,hallmark,gs_ind_0,Interferon Alpha Response,16/40,4.0142206067637117e-07,1.7662570669760333e-05,6.484652397544384,95.50759751458983,+,DR 16,2.1502259945795187e-05,True
DR 16+,hallmark,gs_ind_0,Interferon Gamma Response,22/88,2.5582734445475733e-05,0.00037521343853364413,3.287736147090415,34.76318348244998,+,DR 16,0.0007594681647427977,True
DR 16-,lab,gs_ind_0,MP11_TRANSLATION_INITIATION,3/4,0.0036541598583761372,0.02679717229475834,21.259915611814346,119.30828811722127,-,DR 16,0.0370910397159168,True
DR 16-,lab,gs_ind_0,MP25_ASTROCYTES,9/31,0.0023774452607899232,0.026151897868689156,3.9212648680011606,23.691218837052602,-,DR 16,0.026357818324348126,True
DR 16-,lab,gs_ind_0,MP5_STRESS,12/37,0.00014008246757100216,0.0030818142865620475,4.617204972174546,40.96974909429703,-,DR 16,0.002980197932044488,True
DR 16-,hallmark,gs_ind_0,Androgen Response,10/25,6.840173852509236e-05,0.001539039116814578,6.349250698501397,60.890027325039796,-,DR 16,0.001656431289688723,True
DR 16-,hallmark,gs_ind_0,Cholesterol Homeostasis,6/17,0.004470933080813283,0.027669477353294718,5.200290600201185,28.13439456903835,-,DR 16,0.04253428228233177,True
DR 16-,hallmark,gs_ind_0,Glycolysis,12/40,0.00032173233465304283,0.004825985019795642,4.124203080645912,33.16597763632865,-,DR 16,0.005883105547941354,True
DR 16-,hallmark,gs_ind_0,Hypoxia,15/61,0.0006459320302324772,0.007266735340115368,3.152740341419587,23.15629857389903,-,DR 16,0.009749320199037206,True
DR 16-,hallmark,gs_ind_0,Reactive Oxygen Species Pathway,5/10,0.0015777264868780162,0.014199538381902146,9.184143222506394,59.25398339743649,-,DR 16,0.019388538983591143,True
DR 16-,hallmark,gs_ind_0,TGF-beta Signaling,4/8,0.004919018196141284,0.027669477353294718,9.142493638676845,48.58912019089625,-,DR 16,0.04447040149647784,True
DR 16-,hallmark,gs_ind_0,UV Response Dn,9/32,0.00302646296265898,0.02269847221994235,3.7522915393589247,21.76464430625097,-,DR 16,0.03267121463304152,True
DR 16-,hallmark,gs_ind_0,mTORC1 Signaling,17/48,1.3276367579910216e-06,5.974365410959597e-05,5.357250983953981,72.49490998712832,-,DR 16,6.086133900818376e-05,True
DR 16-,hallmark,gs_ind_0,p53 Pathway,10/41,0.005580610012282945,0.027903050061414726,3.096237970253718,16.064698150559607,-,DR 16,0.04937387098838483,True
DR 17+,lab,gs_ind_0,MP19_EPITHELIAL_SENESCENCE,9/34,0.0047390928215212845,0.04595857871513041,3.454103312343214,18.486048502140196,+,DR 17,0.04377553781528939,True
DR 17+,lab,gs_ind_0,MP23_SECRETED_2,13/45,0.00027443218930083994,0.006037508164618478,3.917907692307692,32.13000232506372,+,DR 17,0.005244916855943818,True
DR 17+,hallmark,gs_ind_0,Androgen Response,10/25,6.840173852509236e-05,0.003078078233629156,6.349250698501397,60.890027325039796,+,DR 17,0.001656431289688723,True
DR 17+,hallmark,gs_ind_0,Cholesterol Homeostasis,7/17,0.0007324907256175764,0.016481041326395468,6.609449981543005,47.714015180221494,+,DR 17,0.010679628094211292,True
DR 17+,hallmark,gs_ind_0,Glycolysis,10/40,0.004613401681204881,0.06531569241151011,3.1995611204337164,17.209766726361703,+,DR 17,0.04334574544323671,True
DR 17-,lab,gs_ind_0,MP14_EMT_3,12/33,3.8597747293638025e-05,0.00038676856001876363,5.4885571525507375,55.77645569997501,-,DR 17,0.0010393972604538153,True
DR 17-,lab,gs_ind_0,MP17_INTERFERON_MHC_II_1,13/39,5.2741167275285944e-05,0.00038676856001876363,4.821283018867924,47.490188541624946,-,DR 17,0.001332863960680047,True
DR 17-,lab,gs_ind_0,MP25_ASTROCYTES,9/31,0.0023774452607899232,0.010460759147475662,3.9212648680011606,23.691218837052602,-,DR 17,0.026357818324348126,True
DR 17-,lab,gs_ind_0,MP39_METAL_RESPONSE,13/36,1.972636758902038e-05,0.00038676856001876363,5.445957446808511,58.999076046925126,-,DR 17,0.0006113933300546694,True
DR 17-,lab,gs_ind_0,MP6_HYPOXIA,9/29,0.0014111478308291778,0.007761313069560478,4.308667133668726,28.27929836550699,-,DR 17,0.017899965277544883,True
DR 17-,hallmark,gs_ind_0,Adipogenesis,8/27,0.0036112996556440864,0.020313560562997986,4.034032634032634,22.686139124561574,-,DR 17,0.0370910397159168,True
DR 17-,hallmark,gs_ind_0,Apoptosis,14/59,0.0014313524065034998,0.014535502693765722,2.9997053884453346,19.645477177473634,-,DR 17,0.01806326417221318,True
DR 17-,hallmark,gs_ind_0,Epithelial Mesenchymal Transition,21/114,0.0033285202977414046,0.020313560562997986,2.1873743166549984,12.479467948383208,-,DR 17,0.03482579198995678,True
DR 17-,hallmark,gs_ind_0,Estrogen Response Early,12/49,0.002351442988433525,0.01763582241325144,3.118479221927498,18.87530058397867,-,DR 17,0.026357818324348126,True
DR 17-,hallmark,gs_ind_0,Estrogen Response Late,15/64,0.0011107953964648305,0.014535502693765722,2.9566010509406735,20.11280772356416,-,DR 17,0.014997259489804614,True
DR 17-,hallmark,gs_ind_0,Interferon Alpha Response,11/40,0.0012931995232216237,0.014535502693765722,3.644246679486606,24.23655772505855,-,DR 17,0.016617698175843968,True
DR 17-,hallmark,gs_ind_0,Reactive Oxygen Species Pathway,5/10,0.0015777264868780162,0.014535502693765722,9.184143222506394,59.25398339743649,-,DR 17,0.019388538983591143,True
DR 17-,hallmark,gs_ind_0,p53 Pathway,11/41,0.001615055854862858,0.014535502693765722,3.5227734763614342,22.645746773122212,-,DR 17,0.019388538983591143,True
DR 18+,lab,gs_ind_0,MP10_PROTEIN_MATURATION,8/13,7.2425920497813855e-06,0.00015933702509519048,14.414876033057851,170.60771788341367,+,DR 18,0.000256773335405199,True
DR 18+,lab,gs_ind_0,MP14_EMT_3,9/33,0.003807834545464743,0.020943090000056088,3.5971119518303403,20.038412169513247,+,DR 18,0.0374177639881361,True
DR 18+,lab,gs_ind_0,MP18_INTERFERON_MHC_II_2,11/39,0.0010260460463652652,0.011286506510017917,3.7742443179188077,25.974510381561768,+,DR 18,0.014104197814471486,True
DR 18+,lab,gs_ind_0,MP25_ASTROCYTES,9/31,0.0023774452607899232,0.017434598579126104,3.9212648680011606,23.691218837052602,+,DR 18,0.026357818324348126,True
DR 18+,hallmark,gs_ind_0,Estrogen Response Early,12/49,0.002351442988433525,0.017243915248512518,3.118479221927498,18.87530058397867,+,DR 18,0.026357818324348126,True
DR 18+,hallmark,gs_ind_0,Estrogen Response Late,16/64,0.0003467369660388686,0.0065760937713268556,3.2314977788953145,25.74516212626332,+,DR 18,0.006259046771573422,True
DR 18+,hallmark,gs_ind_0,Glycolysis,13/40,7.132734685467942e-05,0.0031384032616058946,4.643345454545455,44.33573388785754,+,DR 18,0.0016980732623181653,True
DR 18+,hallmark,gs_ind_0,Myogenesis,12/47,0.0015956830393014216,0.017103524473301466,3.2979041356894685,21.23999789238365,+,DR 18,0.019388538983591143,True
DR 18+,hallmark,gs_ind_0,Oxidative Phosphorylation,4/5,0.00044837002986319467,0.0065760937713268556,27.47328244274809,211.81603246804076,+,DR 18,0.007377520892039477,True
DR 18+,hallmark,gs_ind_0,mTORC1 Signaling,12/48,0.00194358232651153,0.017103524473301466,3.2057338032774974,20.014109245003937,+,DR 18,0.02310729482520825,True
DR 18-,hallmark,gs_ind_0,Allograft Rejection,38/89,8.935352191395702e-17,2.7699591793326674e-15,8.048483943241225,297.4231204219857,-,DR 18,2.096829314247525e-14,True
DR 18-,hallmark,gs_ind_0,IL-2/STAT5 Signaling,16/69,0.0008595798165196752,0.013323487156054966,2.9211306131752908,20.620456344795198,-,DR 18,0.012428417923777076,True
DR 18-,hallmark,gs_ind_0,PI3K/AKT/mTOR  Signaling,5/12,0.004192769000148052,0.04332527966819654,6.727536231884058,36.82918333740776,-,DR 18,0.040713232773851436,True
DR 19+,lab,gs_ind_0,MP22_SECRETED_1,12/26,1.9872335795739027e-06,2.2853186165099883e-05,8.170218604225738,107.26489678134641,+,DR 19,8.628270555189597e-05,True
DR 19+,lab,gs_ind_0,MP3_CELL_CYCLE_HMG_RICH,4/8,0.004919018196141284,0.028284354627812383,9.142493638676845,48.58912019089625,+,DR 19,0.04447040149647784,True
DR 19+,lab,gs_ind_0,MP5_STRESS,37/37,4.0022297388310336e-39,9.205128399311377e-38,825.9174311926605,73022.63649483559,+,DR 19,6.574329384319779e-36,True
DR 19+,lab,gs_ind_0,MP7_STRESS_IN_VITRO,9/16,5.16300461734021e-06,3.958303539960828e-05,11.863011314186249,144.42020314734387,+,DR 19,0.0002011327016146447,True
DR 19+,hallmark,gs_ind_0,Apoptosis,24/59,2.538005472864712e-10,3.891608391725891e-09,6.903363523919722,152.52617487596788,+,DR 19,2.8106271843319774e-08,True
DR 19+,hallmark,gs_ind_0,Estrogen Response Early,13/49,0.0006860119522520405,0.004508078543370551,3.4806575342465753,25.35525184951136,+,DR 19,0.010152152854949116,True
DR 19+,hallmark,gs_ind_0,Glycolysis,10/40,0.004613401681204881,0.023579608592824947,3.1995611204337164,17.209766726361703,+,DR 19,0.04334574544323671,True
DR 19+,hallmark,gs_ind_0,Hypoxia,20/61,6.154038036953747e-07,5.661714993997447e-06,4.815238794513233,68.86266833266409,+,DR 19,3.078893344782544e-05,True
DR 19+,hallmark,gs_ind_0,IL-2/STAT5 Signaling,15/69,0.0025019463474844836,0.01438619149803578,2.6776873809935955,16.04118513850522,+,DR 19,0.027490728206027947,True
DR 19+,hallmark,gs_ind_0,TGF-beta Signaling,6/8,2.1976955858542536e-05,0.00016848999491549278,24.04164524421594,257.85905348717876,+,DR 19,0.0006649070887683814,True
DR 19+,hallmark,gs_ind_0,TNF-alpha Signaling via NF-kB,44/93,1.2358377276400913e-21,5.68485354714442e-20,10.061219220963629,484.37262757264136,+,DR 19,5.075173601508641e-19,True
DR 19+,hallmark,gs_ind_0,UV Response Up,18/32,6.460195987156343e-11,1.485845077045959e-09,12.489466225791213,293.03755299932726,+,DR 19,8.269050863560119e-09,True
DR 19+,hallmark,gs_ind_0,p53 Pathway,19/41,1.4886563680024265e-09,1.7119548232027906e-08,8.492378328741966,172.61091761208542,+,DR 19,1.384169543682256e-07,True
DR 19-,lab,gs_ind_0,MP14_EMT_3,10/33,0.0009428054085102686,0.006599637859571881,4.16904004020774,29.04424550712454,-,DR 19,0.013236880493272376,True
DR 19-,lab,gs_ind_0,MP20_MYC,4/5,0.00044837002986319467,0.004707885313563544,27.47328244274809,211.81603246804076,-,DR 19,0.007377520892039477,True
DR 19-,lab,gs_ind_0,MP2_CELL_CYCLE_G1_S,10/28,0.00020954712572679926,0.004400489640262784,5.3107044051925945,44.984650397290046,-,DR 19,0.0041555260989201885,True
DR 19-,lab,gs_ind_0,MP7_STRESS_IN_VITRO,6/16,0.0031514828378030346,0.016545284898465934,5.698739135757131,32.82406608056813,-,DR 19,0.033652237106594485,True
DR 19-,hallmark,gs_ind_0,DNA Repair,5/11,0.002659499577535494,0.024467396113326545,7.766869958685816,46.054566494324,-,DR 19,0.028995606013484325,True
DR 19-,hallmark,gs_ind_0,E2F Targets,17/53,6.393312171336814e-06,0.00029409235988149345,4.610316897465567,55.14057995743256,-,DR 19,0.00023567666284704875,True
DR 19-,hallmark,gs_ind_0,Fatty Acid Metabolism,8/25,0.002098284899730338,0.02413027634689889,4.5001113172541745,27.75054387349284,-,DR 19,0.023991526649352914,True
DR 19-,hallmark,gs_ind_0,Pperoxisome,7/14,0.00016816930893802333,0.0038678941055745367,9.268733850129198,80.55029573707145,-,DR 19,0.0035116031968075376,True
DR 19-,hallmark,gs_ind_0,mTORC1 Signaling,13/48,0.0005519851776710972,0.008463772724290157,3.5807323943661973,26.862616338197814,-,DR 19,0.008635501446232275,True
DR 20+,lab,gs_ind_0,MP10_PROTEIN_MATURATION,6/13,0.0008738731352655757,0.005421131098934044,7.991602399314481,56.281462040462216,+,DR 20,0.012428417923777076,True
DR 20+,lab,gs_ind_0,MP13_EMT_2,13/37,2.776013555350533e-05,0.0006384831177306226,5.220734693877551,54.77547613677655,+,DR 20,0.000797678997129296,True
DR 20+,lab,gs_ind_0,MP14_EMT_3,10/33,0.0009428054085102686,0.005421131098934044,4.16904004020774,29.04424550712454,+,DR 20,0.013236880493272376,True
DR 20+,lab,gs_ind_0,MP25_ASTROCYTES,9/31,0.0023774452607899232,0.010936248199633647,3.9212648680011606,23.691218837052602,+,DR 20,0.026357818324348126,True
DR 20+,lab,gs_ind_0,MP7_STRESS_IN_VITRO,7/16,0.00047032063077736506,0.005408687253939698,7.309261525907793,56.004262789456,+,DR 20,0.007712945319370565,True
DR 20+,lab,gs_ind_0,MP8_PROTEASOMAL_DEGRADATION,3/4,0.0036541598583761372,0.01400761279044186,21.259915611814346,119.30828811722127,+,DR 20,0.0370910397159168,True
DR 20+,hallmark,gs_ind_0,Adipogenesis,8/27,0.0036112996556440864,0.014377670346042303,4.034032634032634,22.686139124561574,+,DR 20,0.0370910397159168,True
DR 20+,hallmark,gs_ind_0,Apoptosis,16/59,0.00012304687187122835,0.001415039026519126,3.61321371834408,32.529565113187715,+,DR 20,0.002694999931472948,True
DR 20+,hallmark,gs_ind_0,DNA Repair,5/11,0.002659499577535494,0.013592997840736969,7.766869958685816,46.054566494324,+,DR 20,0.028995606013484325,True
DR 20+,hallmark,gs_ind_0,Epithelial Mesenchymal Transition,21/114,0.0033285202977414046,0.014377670346042303,2.1873743166549984,12.479467948383208,+,DR 20,0.03482579198995678,True
DR 20+,hallmark,gs_ind_0,Estrogen Response Early,19/49,5.525072478301185e-08,2.5415333400185453e-06,6.236688795556158,104.22370371093733,+,DR 20,3.755525127319757e-06,True
DR 20+,hallmark,gs_ind_0,Estrogen Response Late,18/64,2.642888726238035e-05,0.0004052429380231654,3.8248048313448226,40.317470180031854,+,DR 20,0.0007798895594551518,True
DR 20+,hallmark,gs_ind_0,Myogenesis,13/47,0.00044081509382605446,0.004055498863199701,3.6866086956521738,28.486001648149458,+,DR 20,0.007377520892039477,True
DR 20+,hallmark,gs_ind_0,Reactive Oxygen Species Pathway,5/10,0.0015777264868780162,0.01036791691376982,9.184143222506394,59.25398339743649,+,DR 20,0.019388538983591143,True
DR 20+,hallmark,gs_ind_0,TGF-beta Signaling,4/8,0.004919018196141284,0.01740575669403839,9.142493638676845,48.58912019089625,+,DR 20,0.04447040149647784,True
DR 20+,hallmark,gs_ind_0,TNF-alpha Signaling via NF-kB,18/93,0.0037506966120110356,0.014377670346042303,2.3167377302004897,12.940865336556511,+,DR 20,0.0374177639881361,True
DR 20+,hallmark,gs_ind_0,UV Response Up,10/32,0.00071884446712456,0.005511140914621627,4.356780402449694,31.53379074881248,+,DR 20,0.010543052184493548,True
DR 20+,hallmark,gs_ind_0,mTORC1 Signaling,12/48,0.00194358232651153,0.011175598377441297,3.2057338032774974,20.014109245003937,+,DR 20,0.02310729482520825,True
DR 20+,hallmark,gs_ind_0,p53 Pathway,15/41,3.616381576039106e-06,8.317677624889945e-05,5.595229619081524,70.10843189377698,+,DR 20,0.00014976074291361946,True
DR 20-,lab,gs_ind_0,MP10_PROTEIN_MATURATION,6/13,0.0008738731352655757,0.004150897392511485,7.991602399314481,56.281462040462216,-,DR 20,0.012428417923777076,True
DR 20-,lab,gs_ind_0,MP14_EMT_3,9/33,0.003807834545464743,0.014469771272766024,3.5971119518303403,20.038412169513247,-,DR 20,0.0374177639881361,True
DR 20-,lab,gs_ind_0,MP19_EPITHELIAL_SENESCENCE,11/34,0.00027512398686312437,0.0017424519167997877,4.590186942120923,37.63167774116129,-,DR 20,0.005244916855943818,True
DR 20-,lab,gs_ind_0,MP23_SECRETED_2,18/45,7.169496475591144e-08,1.3622043303623174e-06,6.537434620174346,107.54632571540039,-,DR 20,4.679639553869292e-06,True
DR 20-,lab,gs_ind_0,MP6_HYPOXIA,13/29,1.0975890745646705e-06,1.042709620836437e-05,7.786909090909091,106.8550387455027,-,DR 20,5.1269374023267266e-05,True
DR 20-,hallmark,gs_ind_0,Cholesterol Homeostasis,6/17,0.004470933080813283,0.051390047108736736,5.200290600201185,28.13439456903835,-,DR 20,0.04253428228233177,True
DR 20-,hallmark,gs_ind_0,Glycolysis,14/40,1.4139101995007215e-05,0.0005797031817952958,5.206181395113561,58.13517027878158,-,DR 20,0.0004480867821954698,True
DR 21+,hallmark,gs_ind_0,Allograft Rejection,31/89,5.6904915068298454e-11,1.7071474520489537e-09,5.535511685954164,130.5807245534861,+,DR 21,7.379668985699336e-09,True
DR 21+,hallmark,gs_ind_0,PI3K/AKT/mTOR  Signaling,6/12,0.000512922385877911,0.0076938357881686644,9.226221079691516,69.89218617368041,+,DR 21,0.008206758174046576,True
DR 21-,lab,gs_ind_0,MP14_EMT_3,12/33,3.8597747293638025e-05,0.0005801528400281454,5.4885571525507375,55.77645569997501,-,DR 21,0.0010393972604538153,True
DR 21-,lab,gs_ind_0,MP18_INTERFERON_MHC_II_2,13/39,5.2741167275285944e-05,0.0005801528400281454,4.821283018867924,47.490188541624946,-,DR 21,0.001332863960680047,True
DR 21-,lab,gs_ind_0,MP25_ASTROCYTES,9/31,0.0023774452607899232,0.010460759147475662,3.9212648680011606,23.691218837052602,-,DR 21,0.026357818324348126,True
DR 21-,lab,gs_ind_0,MP39_METAL_RESPONSE,12/36,0.0001036536031328951,0.0007601264229745641,4.808368970930547,44.11416934971605,-,DR 21,0.002311334643614964,True
DR 21-,lab,gs_ind_0,MP6_HYPOXIA,9/29,0.0014111478308291778,0.007761313069560478,4.308667133668726,28.27929836550699,-,DR 21,0.017899965277544883,True
DR 21-,hallmark,gs_ind_0,Estrogen Response Early,14/49,0.0001808341096007929,0.00868003726083806,3.8665936638598346,33.32203534510104,-,DR 21,0.0037131270504696143,True
DR 21-,hallmark,gs_ind_0,Estrogen Response Late,14/64,0.0032686442862646012,0.06228770808567047,2.695007034215486,15.42454928240058,-,DR 21,0.034381812257656255,True
DR 21-,hallmark,gs_ind_0,Glycolysis,10/40,0.004613401681204881,0.06228770808567047,3.1995611204337164,17.209766726361703,-,DR 21,0.04334574544323671,True
DR 21-,hallmark,gs_ind_0,Myogenesis,11/47,0.005190642340472539,0.06228770808567047,2.9337116420284093,15.43395719507859,-,DR 21,0.04655047398334608,True
DR 22+,lab,gs_ind_0,MP14_EMT_3,9/33,0.003807834545464743,0.043790097272844546,3.5971119518303403,20.038412169513247,+,DR 22,0.0374177639881361,True
DR 22+,lab,gs_ind_0,MP25_ASTROCYTES,9/31,0.0023774452607899232,0.043790097272844546,3.9212648680011606,23.691218837052602,+,DR 22,0.026357818324348126,True
DR 22+,hallmark,gs_ind_0,Myogenesis,12/47,0.0015956830393014216,0.06701868765065971,3.2979041356894685,21.23999789238365,+,DR 22,0.019388538983591143,True
DR 22-,lab,gs_ind_0,MP11_TRANSLATION_INITIATION,3/4,0.0036541598583761372,0.03152792618090886,21.259915611814346,119.30828811722127,-,DR 22,0.0370910397159168,True
DR 22-,lab,gs_ind_0,MP14_EMT_3,14/33,9.460900596399045e-07,2.365225149099761e-05,7.102976558740634,98.52487694311493,-,DR 22,4.461561544407128e-05,True
DR 22-,lab,gs_ind_0,MP18_INTERFERON_MHC_II_2,10/39,0.0037833511417090637,0.03152792618090886,3.3098892299479514,18.459732555536906,-,DR 22,0.0374177639881361,True
DR 22-,hallmark,gs_ind_0,Androgen Response,8/25,0.002098284899730338,0.023605705121966303,4.5001113172541745,27.75054387349284,-,DR 22,0.023991526649352914,True
DR 22-,hallmark,gs_ind_0,Estrogen Response Early,22/49,1.4670412203846088e-10,3.3008427458653696e-09,8.129106187929718,184.06412686311788,-,DR 22,1.7010774433071416e-08,True
DR 22-,hallmark,gs_ind_0,Estrogen Response Late,26/64,4.3509873906690995e-11,1.9579443258010947e-09,6.952145275927511,165.86451292409208,-,DR 22,5.9560182947825895e-09,True
DR 22-,hallmark,gs_ind_0,Xenobiotic Metabolism,11/42,0.0019996680498142708,0.023605705121966303,3.4090128575616703,21.186244770414227,-,DR 22,0.023504238169738557,True
DR 22-,hallmark,gs_ind_0,p53 Pathway,10/41,0.005580610012282945,0.05022549011054651,3.096237970253718,16.064698150559607,-,DR 22,0.04937387098838483,True
DR 23+,lab,gs_ind_0,MP14_EMT_3,12/33,3.8597747293638025e-05,0.000854595885772096,5.4885571525507375,55.77645569997501,+,DR 23,0.0010393972604538153,True
DR 23+,lab,gs_ind_0,MP25_ASTROCYTES,11/31,0.000106824485721512,0.000854595885772096,5.270802496943175,48.19792256034924,+,DR 23,0.0023766639532081767,True
DR 23+,lab,gs_ind_0,MP39_METAL_RESPONSE,12/36,0.0001036536031328951,0.000854595885772096,4.808368970930547,44.11416934971605,+,DR 23,0.002311334643614964,True
DR 23+,lab,gs_ind_0,MP6_HYPOXIA,10/29,0.0002922981162528782,0.0017537886975172695,5.035534019785988,40.97784813595626,+,DR 23,0.00543564195054409,True
DR 23+,hallmark,gs_ind_0,Glycolysis,10/40,0.004613401681204881,0.057866254363781545,3.1995611204337164,17.209766726361703,+,DR 23,0.04334574544323671,True
DR 23+,hallmark,gs_ind_0,Oxidative Phosphorylation,4/5,0.00044837002986319467,0.02107339140357015,27.47328244274809,211.81603246804076,+,DR 23,0.007377520892039477,True
DR 23+,hallmark,gs_ind_0,Wnt-beta Catenin Signaling,4/8,0.004919018196141284,0.057866254363781545,9.142493638676845,48.58912019089625,+,DR 23,0.04447040149647784,True
DR 23+,hallmark,gs_ind_0,p53 Pathway,10/41,0.005580610012282945,0.057866254363781545,3.096237970253718,16.064698150559607,+,DR 23,0.04937387098838483,True
DR 23-,lab,gs_ind_0,MP13_EMT_2,14/37,4.894795962278927e-06,2.9368775773673562e-05,5.880725571844161,71.90561905068085,-,DR 23,0.00019531623078632024,True
DR 23-,lab,gs_ind_0,MP14_EMT_3,9/33,0.003807834545464743,0.009791574545480767,3.5971119518303403,20.038412169513247,-,DR 23,0.0374177639881361,True
DR 23-,lab,gs_ind_0,MP17_INTERFERON_MHC_II_1,31/39,3.335100375283838e-25,6.003180675510909e-24,39.19052576782926,2208.78291339214,-,DR 23,1.8261527388220838e-22,True
DR 23-,lab,gs_ind_0,MP18_INTERFERON_MHC_II_2,14/39,1.0070000412475013e-05,4.531500185613756e-05,5.413394312148452,62.286243258797576,-,DR 23,0.00033083308021784576,True
DR 23-,lab,gs_ind_0,MP22_SECRETED_1,11/26,1.5337697645936506e-05,5.521571152537142e-05,6.990637501063921,77.49259288709494,-,DR 23,0.0004845139358921481,True
DR 23-,lab,gs_ind_0,MP23_SECRETED_2,16/45,2.6129029306732644e-06,2.351612637605938e-05,5.370400992145514,69.036766403883,-,DR 23,0.00011148385837539262,True
DR 23-,lab,gs_ind_0,MP5_STRESS,10/37,0.0024789433908547903,0.007436830172564371,3.5546170365068,21.32742802180424,-,DR 23,0.027390657018234097,True
DR 23-,hallmark,gs_ind_0,Apoptosis,15/59,0.00043853282188194916,0.002568549385308559,3.2981919500893424,25.50187048622671,-,DR 23,0.007377520892039477,True
DR 23-,hallmark,gs_ind_0,Complement,23/66,2.1867981179283614e-08,1.7931744567012563e-07,5.3490367492310185,94.34760634314807,-,DR 23,1.6154565529535043e-06,True
DR 23-,hallmark,gs_ind_0,Hypoxia,14/61,0.0020198954677119072,0.009201746019576466,2.87012840412022,17.80831302567982,-,DR 23,0.023504238169738557,True
DR 23-,hallmark,gs_ind_0,IL-6/JAK/STAT3 Signaling,12/34,5.446496072916264e-05,0.00037217723164927806,5.241674034777483,51.46250923854648,-,DR 23,0.0013659202365054121,True
DR 23-,hallmark,gs_ind_0,Inflammatory Response,28/82,9.259106757788458e-10,9.490584426733169e-09,5.294535301156761,110.12762268063324,-,DR 23,9.606079600501372e-08,True
DR 23-,hallmark,gs_ind_0,Interferon Alpha Response,32/40,3.589661308936109e-26,7.3588056833190235e-25,40.67463780764531,2383.0926412943913,-,DR 23,2.0811589329926056e-23,True
DR 23-,hallmark,gs_ind_0,Interferon Gamma Response,60/88,1.139511443556084e-42,4.671996918579944e-41,26.780608103889616,2586.4168810213473,-,DR 23,3.743674929229588e-39,True
DR 23-,hallmark,gs_ind_0,KRAS Signaling Up,18/83,0.0009614163546401784,0.004927258817530914,2.6859144619889155,18.659324393457062,-,DR 23,0.013478975236605404,True
DR 23-,hallmark,gs_ind_0,TNF-alpha Signaling via NF-kB,32/93,3.8838581401891846e-11,5.307939458258552e-10,5.455477551808159,130.77656385467716,-,DR 23,5.3914515253105076e-09,True
DR 24+,lab,gs_ind_0,MP2_CELL_CYCLE_G1_S,8/28,0.004630252074276075,0.08797478941124544,3.835096610706367,20.614196416335236,+,DR 24,0.04338000422439638,True
DR 24+,hallmark,gs_ind_0,DNA Repair,6/11,0.00027959877808904316,0.0049332291313466566,10.909792007478384,89.26560832643746,+,DR 24,0.005249001060658304,True
DR 24+,hallmark,gs_ind_0,E2F Targets,17/53,6.393312171336814e-06,0.00029409235988149345,4.610316897465567,55.14057995743256,+,DR 24,0.00023567666284704875,True
DR 24+,hallmark,gs_ind_0,Fatty Acid Metabolism,8/25,0.002098284899730338,0.02163327549358843,4.5001113172541745,27.75054387349284,+,DR 24,0.023991526649352914,True
DR 24+,hallmark,gs_ind_0,G2-M Checkpoint,12/49,0.002351442988433525,0.02163327549358843,3.118479221927498,18.87530058397867,+,DR 24,0.026357818324348126,True
DR 24+,hallmark,gs_ind_0,Interferon Alpha Response,12/40,0.00032173233465304283,0.0049332291313466566,4.124203080645912,33.16597763632865,+,DR 24,0.005883105547941354,True
DR 24+,hallmark,gs_ind_0,Interferon Gamma Response,17/88,0.004927118347621124,0.03237820628436738,2.3068348545187782,12.256215832351133,+,DR 24,0.04447040149647784,True
DR 24+,hallmark,gs_ind_0,Myc Targets V1,5/12,0.004192769000148052,0.032144562334468406,6.727536231884058,36.82918333740776,+,DR 24,0.040713232773851436,True
DR 24-,lab,gs_ind_0,MP12_EMT_1,12/47,0.0015956830393014216,0.0042551547714704575,3.2979041356894685,21.23999789238365,-,DR 24,0.019388538983591143,True
DR 24-,lab,gs_ind_0,MP13_EMT_2,17/37,1.3615028529052392e-08,8.485705024241147e-08,8.283046454442745,150.02329623756034,-,DR 24,1.0649977871614314e-06,True
DR 24-,lab,gs_ind_0,MP14_EMT_3,16/33,1.4142841707068578e-08,8.485705024241147e-08,9.114285714285714,164.7321215858455,-,DR 24,1.0722449835759071e-06,True
DR 24-,lab,gs_ind_0,MP19_EPITHELIAL_SENESCENCE,11/34,0.00027512398686312437,0.0008253719605893731,4.590186942120923,37.63167774116129,-,DR 24,0.005244916855943818,True
DR 24-,lab,gs_ind_0,MP22_SECRETED_1,14/26,2.1169268230343286e-08,1.0161248750564777e-07,11.124182305630027,196.5722586766459,-,DR 24,1.5927046387653698e-06,True
DR 24-,lab,gs_ind_0,MP39_METAL_RESPONSE,19/36,8.253278601900896e-11,9.903934322281077e-10,10.949468713105077,254.22285384648416,-,DR 24,1.0296748594979143e-08,True
DR 24-,lab,gs_ind_0,MP5_STRESS,12/37,0.00014008246757100216,0.00048028274595772165,4.617204972174546,40.96974909429703,-,DR 24,0.002980197932044488,True
DR 24-,lab,gs_ind_0,MP6_HYPOXIA,28/29,4.419721761366145e-28,1.0607332227278747e-26,198.20579710144926,12484.25095938608,-,DR 24,3.111484120001766e-25,True
DR 24-,lab,gs_ind_0,MP7_STRESS_IN_VITRO,9/16,5.16300461734021e-06,2.065201846936084e-05,11.863011314186249,144.42020314734387,-,DR 24,0.0002011327016146447,True
DR 24-,hallmark,gs_ind_0,Androgen Response,8/25,0.002098284899730338,0.009232453558813488,4.5001113172541745,27.75054387349284,-,DR 24,0.023991526649352914,True
DR 24-,hallmark,gs_ind_0,Apoptosis,17/59,3.1696002737503654e-05,0.00023243735340836014,3.94598493348293,40.87772056868248,-,DR 24,0.0008874880766501024,True
DR 24-,hallmark,gs_ind_0,Epithelial Mesenchymal Transition,27/114,8.572002542908662e-06,7.543362237759623e-05,3.1039110745162617,36.213359011769626,-,DR 24,0.00030066070129148675,True
DR 24-,hallmark,gs_ind_0,Glycolysis,23/40,5.860888132323536e-14,1.2893953891111779e-12,13.492877263581489,411.0995022930499,-,DR 24,1.0502711533123776e-11,True
DR 24-,hallmark,gs_ind_0,Hypoxia,37/61,3.11201551799833e-23,1.3692868279192653e-21,16.63078075266804,861.8766841328265,-,DR 24,1.394182952063252e-20,True
DR 24-,hallmark,gs_ind_0,TNF-alpha Signaling via NF-kB,20/93,0.0005599417466895578,0.0035196338363343636,2.6693613733582073,19.98731790458649,-,DR 24,0.008718461066938833,True
DR 24-,hallmark,gs_ind_0,UV Response Dn,10/32,0.00071884446712456,0.00395364456918508,4.356780402449694,31.53379074881248,-,DR 24,0.010543052184493548,True
DR 24-,hallmark,gs_ind_0,Unfolded Protein Response,6/13,0.0008738731352655757,0.0042722686612983694,7.991602399314481,56.281462040462216,-,DR 24,0.012428417923777076,True
DR 24-,hallmark,gs_ind_0,mTORC1 Signaling,20/48,5.4110734199058176e-09,7.936241015861867e-08,7.063468921611508,134.4518478419007,-,DR 24,4.481641985427877e-07,True
DR 24-,hallmark,gs_ind_0,p53 Pathway,16/41,6.007383623957077e-07,6.608121986352784e-06,6.226845209628567,89.20021975521732,-,DR 24,3.036347333216459e-05,True
DR 25+,hallmark,gs_ind_0,Androgen Response,10/25,6.840173852509236e-05,0.0010716272368931138,6.349250698501397,60.890027325039796,+,DR 25,0.001656431289688723,True
DR 25+,hallmark,gs_ind_0,Cholesterol Homeostasis,8/17,9.579192386277696e-05,0.0011255551053876293,8.326862611073137,77.05122574582239,+,DR 25,0.0022059000037185274,True
DR 25+,hallmark,gs_ind_0,E2F Targets,16/53,2.883496676266262e-05,0.0006776217189225715,4.205636856368564,43.96539874658021,+,DR 25,0.000821379862464748,True
DR 25+,hallmark,gs_ind_0,Fatty Acid Metabolism,9/25,0.00041133852103927056,0.0038665820977691434,5.36521876730754,41.827750003165356,+,DR 25,0.007132885551142804,True
DR 25+,hallmark,gs_ind_0,G2-M Checkpoint,12/49,0.002351442988433525,0.01841963674272928,3.118479221927498,18.87530058397867,+,DR 25,0.026357818324348126,True
DR 25+,hallmark,gs_ind_0,mTORC1 Signaling,16/48,6.922947516910567e-06,0.00032537853329479664,4.866416510318949,57.81628346997419,+,DR 25,0.0002508550394362888,True
DR 25-,lab,gs_ind_0,MP13_EMT_2,12/37,0.00014008246757100216,0.0004762803897414073,4.617204972174546,40.96974909429703,-,DR 25,0.002980197932044488,True
DR 25-,lab,gs_ind_0,MP14_EMT_3,13/33,6.4337134633546384e-06,4.27975017530188e-05,6.253463414634147,74.75364317099516,-,DR 25,0.00023567666284704875,True
DR 25-,lab,gs_ind_0,MP15_EMT_4,10/35,0.001562793682829515,0.004427915434683625,3.837733518604292,24.796671738647785,-,DR 25,0.019388538983591143,True
DR 25-,lab,gs_ind_0,MP18_INTERFERON_MHC_II_2,14/39,1.0070000412475013e-05,4.27975017530188e-05,5.413394312148452,62.286243258797576,-,DR 25,0.00033083308021784576,True
DR 25-,lab,gs_ind_0,MP19_EPITHELIAL_SENESCENCE,13/34,9.507855995176341e-06,4.27975017530188e-05,5.959255813953488,68.90921192411501,-,DR 25,0.00032651368880995825,True
DR 25-,lab,gs_ind_0,MP23_SECRETED_2,23/45,1.7315780519446989e-12,2.943682688305988e-11,10.465039123630673,283.4140634888862,-,DR 25,2.752650529026928e-10,True
DR 25-,lab,gs_ind_0,MP38_GLUTATHIONE,6/16,0.0031514828378030346,0.007653601177521656,5.698739135757131,32.82406608056813,-,DR 25,0.033652237106594485,True
DR 25-,hallmark,gs_ind_0,Epithelial Mesenchymal Transition,21/114,0.0033285202977414046,0.1298122916119148,2.1873743166549984,12.479467948383208,-,DR 25,0.03482579198995678,True
DR 26+,lab,gs_ind_0,MP13_EMT_2,13/37,2.776013555350533e-05,0.00020357432739237242,5.220734693877551,54.77547613677655,+,DR 26,0.000797678997129296,True
DR 26+,lab,gs_ind_0,MP14_EMT_3,13/33,6.4337134633546384e-06,7.077084809690102e-05,6.253463414634147,74.75364317099516,+,DR 26,0.00023567666284704875,True
DR 26+,lab,gs_ind_0,MP19_EPITHELIAL_SENESCENCE,12/34,5.446496072916264e-05,0.00023964582720831563,5.241674034777483,51.46250923854648,+,DR 26,0.0013659202365054121,True
DR 26+,lab,gs_ind_0,MP22_SECRETED_1,10/26,0.00010156676407456485,0.00037241146827340444,5.961107134335481,54.81115331382901,+,DR 26,0.002311334643614964,True
DR 26+,lab,gs_ind_0,MP23_SECRETED_2,12/45,0.0010525899827390427,0.003308139945751277,3.4987529197513756,23.989204648608986,+,DR 26,0.014388802870840506,True
DR 26+,lab,gs_ind_0,MP5_STRESS,17/37,1.3615028529052392e-08,2.995306276391526e-07,8.283046454442745,150.02329623756034,+,DR 26,1.0649977871614314e-06,True
DR 26+,lab,gs_ind_0,MP6_HYPOXIA,11/29,5.232024372724877e-05,0.00023964582720831563,5.847179633459317,57.642240543632575,+,DR 26,0.001332863960680047,True
DR 26+,hallmark,gs_ind_0,Apoptosis,14/59,0.0014313524065034998,0.017765614403491437,2.9997053884453346,19.645477177473634,+,DR 26,0.01806326417221318,True
DR 26+,hallmark,gs_ind_0,Epithelial Mesenchymal Transition,21/114,0.0033285202977414046,0.02929097862012436,2.1873743166549984,12.479467948383208,+,DR 26,0.03482579198995678,True
DR 26+,hallmark,gs_ind_0,Hypoxia,15/61,0.0006459320302324772,0.014210504665114499,3.152740341419587,23.15629857389903,+,DR 26,0.009749320199037206,True
DR 26+,hallmark,gs_ind_0,TNF-alpha Signaling via NF-kB,27/93,1.0140179154642547e-07,4.461678828042721e-06,4.134146605707352,66.57702073574727,+,DR 26,6.447845532139157e-06,True
DR 26+,hallmark,gs_ind_0,p53 Pathway,11/41,0.001615055854862858,0.017765614403491437,3.5227734763614342,22.645746773122212,+,DR 26,0.019388538983591143,True
DR 26-,lab,gs_ind_0,MP11_TRANSLATION_INITIATION,3/4,0.0036541598583761372,0.016078303376855004,21.259915611814346,119.30828811722127,-,DR 26,0.0370910397159168,True
DR 26-,lab,gs_ind_0,MP14_EMT_3,10/33,0.0009428054085102686,0.007802069799803542,4.16904004020774,29.04424550712454,-,DR 26,0.013236880493272376,True
DR 26-,lab,gs_ind_0,MP20_MYC,4/5,0.00044837002986319467,0.007802069799803542,27.47328244274809,211.81603246804076,-,DR 26,0.007377520892039477,True
DR 26-,lab,gs_ind_0,MP2_CELL_CYCLE_G1_S,9/28,0.0010639186090641193,0.007802069799803542,4.532168440784629,31.026302333704916,-,DR 26,0.01450343265689621,True
DR 26-,lab,gs_ind_0,MP3_CELL_CYCLE_HMG_RICH,4/8,0.004919018196141284,0.01803640005251804,9.142493638676845,48.58912019089625,-,DR 26,0.04447040149647784,True
DR 26-,lab,gs_ind_0,MP8_PROTEASOMAL_DEGRADATION,3/4,0.0036541598583761372,0.016078303376855004,21.259915611814346,119.30828811722127,-,DR 26,0.0370910397159168,True
DR 26-,hallmark,gs_ind_0,Cholesterol Homeostasis,7/17,0.0007324907256175764,0.00598200759254354,6.609449981543005,47.714015180221494,-,DR 26,0.010679628094211292,True
DR 26-,hallmark,gs_ind_0,DNA Repair,6/11,0.00027959877808904316,0.003425085031590779,10.909792007478384,89.26560832643746,-,DR 26,0.005249001060658304,True
DR 26-,hallmark,gs_ind_0,E2F Targets,21/53,6.53731413648954e-09,3.203283926879875e-07,6.517720162845511,122.83125592089984,-,DR 26,5.369314010770076e-07,True
DR 26-,hallmark,gs_ind_0,Estrogen Response Late,14/64,0.0032686442862646012,0.020020446253370683,2.695007034215486,15.42454928240058,-,DR 26,0.034381812257656255,True
DR 26-,hallmark,gs_ind_0,G2-M Checkpoint,12/49,0.002351442988433525,0.016460100919034677,3.118479221927498,18.87530058397867,-,DR 26,0.026357818324348126,True
DR 26-,hallmark,gs_ind_0,Myc Targets V1,9/12,1.4235246454780426e-07,3.4876353814212047e-06,25.477433793360685,401.6507172684448,-,DR 26,8.451963196284089e-06,True
DR 26-,hallmark,gs_ind_0,Oxidative Phosphorylation,4/5,0.00044837002986319467,0.004394026292659308,27.47328244274809,211.81603246804076,-,DR 26,0.007377520892039477,True
DR 26-,hallmark,gs_ind_0,Wnt-beta Catenin Signaling,4/8,0.004919018196141284,0.026781321290102543,9.142493638676845,48.58912019089625,-,DR 26,0.04447040149647784,True
DR 26-,hallmark,gs_ind_0,mTORC1 Signaling,15/48,3.2849262135799385e-05,0.0005365379482180566,4.408617290903971,45.5127189126005,-,DR 26,0.0009094447404787605,True
DR 27+,lab,gs_ind_0,MP14_EMT_3,9/33,0.003807834545464743,0.07996452545475961,3.5971119518303403,20.038412169513247,+,DR 27,0.0374177639881361,True
DR 27+,hallmark,gs_ind_0,Androgen Response,8/25,0.002098284899730338,0.04930969514366295,4.5001113172541745,27.75054387349284,+,DR 27,0.023991526649352914,True
DR 27+,hallmark,gs_ind_0,mTORC1 Signaling,14/48,0.00014151102193555402,0.006651018030971039,3.9809224074289933,35.283444562178204,+,DR 27,0.002980197932044488,True
DR 27-,lab,gs_ind_0,MP10_PROTEIN_MATURATION,6/13,0.0008738731352655757,0.003145943286956072,7.991602399314481,56.281462040462216,-,DR 27,0.012428417923777076,True
DR 27-,lab,gs_ind_0,MP14_EMT_3,9/33,0.003807834545464743,0.01142350363639423,3.5971119518303403,20.038412169513247,-,DR 27,0.0374177639881361,True
DR 27-,lab,gs_ind_0,MP17_INTERFERON_MHC_II_1,34/39,2.5362313250370437e-30,4.5652163850666787e-29,67.64373464373465,4609.709030601398,-,DR 27,2.083091328297092e-27,True
DR 27-,lab,gs_ind_0,MP18_INTERFERON_MHC_II_2,19/39,5.033008687559306e-10,3.0198052125355833e-09,9.33138480145132,199.7833900341213,-,DR 27,5.3339068413531736e-08,True
DR 27-,lab,gs_ind_0,MP19_EPITHELIAL_SENESCENCE,11/34,0.00027512398686312437,0.0012380579408840598,4.590186942120923,37.63167774116129,-,DR 27,0.005244916855943818,True
DR 27-,lab,gs_ind_0,MP23_SECRETED_2,21/45,1.6063252401485234e-10,1.445692716133671e-09,8.685066227047923,195.8647608461583,-,DR 27,1.819763398494695e-08,True
DR 27-,hallmark,gs_ind_0,Apoptosis,16/59,0.00012304687187122835,0.0012304687187122835,3.61321371834408,32.529565113187715,-,DR 27,0.002694999931472948,True
DR 27-,hallmark,gs_ind_0,Complement,21/66,5.595622474452129e-07,7.460829965936172e-06,4.621292356668401,66.52863800684423,-,DR 27,2.9026555320105356e-05,True
DR 27-,hallmark,gs_ind_0,IL-6/JAK/STAT3 Signaling,11/34,0.00027512398686312437,0.002200991894904995,4.590186942120923,37.63167774116129,-,DR 27,0.005244916855943818,True
DR 27-,hallmark,gs_ind_0,Inflammatory Response,18/82,0.0008251494743734262,0.004715139853562436,2.7291281724540726,19.376662670557923,-,DR 27,0.011995093243988921,True
DR 27-,hallmark,gs_ind_0,Interferon Alpha Response,28/40,3.227790125286473e-20,6.455580250572945e-19,23.639304347826087,1060.9297127957325,-,DR 27,1.1361821241008385e-17,True
DR 27-,hallmark,gs_ind_0,Interferon Gamma Response,45/88,5.932824309463836e-24,2.3731297237855344e-22,11.821894518978453,632.2531465510717,-,DR 27,3.077574547056609e-21,True
DR 27-,hallmark,gs_ind_0,TNF-alpha Signaling via NF-kB,20/93,0.0005599417466895578,0.0037329449779303857,2.6693613733582073,19.98731790458649,-,DR 27,0.008718461066938833,True
DR 28+,lab,gs_ind_0,MP22_SECRETED_1,8/26,0.002775151373588268,0.030526665109470948,4.254475254475254,25.04630847976831,+,DR 28,0.030156440946070527,True
DR 28+,lab,gs_ind_0,MP5_STRESS,24/37,3.03344863416244e-16,6.6735869951573685e-15,18.37949847864862,656.7300154680471,+,DR 28,6.22868119548021e-14,True
DR 28+,hallmark,gs_ind_0,Apoptosis,13/59,0.0042671553818756855,0.026266731849778038,2.7166451612903226,14.824210670745018,+,DR 28,0.04127289837464843,True
DR 28+,hallmark,gs_ind_0,Cholesterol Homeostasis,6/17,0.004470933080813283,0.026266731849778038,5.200290600201185,28.13439456903835,+,DR 28,0.04253428228233177,True
DR 28+,hallmark,gs_ind_0,Estrogen Response Early,22/49,1.4670412203846088e-10,3.447546867903831e-09,8.129106187929718,184.06412686311788,+,DR 28,1.7010774433071416e-08,True
DR 28+,hallmark,gs_ind_0,Estrogen Response Late,15/64,0.0011107953964648305,0.008701230605641173,2.9566010509406735,20.11280772356416,+,DR 28,0.014997259489804614,True
DR 28+,hallmark,gs_ind_0,Hypoxia,15/61,0.0006459320302324772,0.006757137990970864,3.152740341419587,23.15629857389903,+,DR 28,0.009749320199037206,True
DR 28+,hallmark,gs_ind_0,TNF-alpha Signaling via NF-kB,33/93,6.856950978451429e-12,3.2227669598721717e-10,5.753719008264463,147.9037097887926,+,DR 28,1.039724751440266e-09,True
DR 28+,hallmark,gs_ind_0,UV Response Up,10/32,0.00071884446712456,0.006757137990970864,4.356780402449694,31.53379074881248,+,DR 28,0.010543052184493548,True
DR 28+,hallmark,gs_ind_0,p53 Pathway,13/41,9.534578445982856e-05,0.001493750623203981,4.477894736842106,41.456351435534096,+,DR 28,0.0022059000037185274,True
DR 28-,lab,gs_ind_0,MP13_EMT_2,13/37,2.776013555350533e-05,0.00021282770591020753,5.220734693877551,54.77547613677655,-,DR 28,0.000797678997129296,True
DR 28-,lab,gs_ind_0,MP14_EMT_3,23/33,1.148629917212795e-16,2.6418488095894282e-15,22.576391683433936,828.6165997621854,-,DR 28,2.4610644487063712e-14,True
DR 28-,lab,gs_ind_0,MP17_INTERFERON_MHC_II_1,12/39,0.00024661083831353385,0.0014180123203028196,4.276585483482036,35.528585018148014,-,DR 28,0.004822611949242439,True
DR 28-,lab,gs_ind_0,MP18_INTERFERON_MHC_II_2,11/39,0.0010260460463652652,0.00393317651106685,3.7742443179188077,25.974510381561768,-,DR 28,0.014104197814471486,True
DR 28-,lab,gs_ind_0,MP19_EPITHELIAL_SENESCENCE,15/34,2.0080312776783308e-07,2.3092359693300805e-06,7.633768746976294,117.71989648311725,-,DR 28,1.1641856631057427e-05,True
DR 28-,lab,gs_ind_0,MP39_METAL_RESPONSE,10/36,0.0019784045605385483,0.0065004721274838015,3.6908334571386123,22.977152797893527,-,DR 28,0.0233802821926474,True
DR 28-,lab,gs_ind_0,MP3_CELL_CYCLE_HMG_RICH,5/8,0.00041498343885390234,0.0019089238187279508,14.448301059554257,112.51284949262244,-,DR 28,0.007132885551142804,True
DR 28-,lab,gs_ind_0,MP8_PROTEASOMAL_DEGRADATION,3/4,0.0036541598583761372,0.010505709592831395,21.259915611814346,119.30828811722127,-,DR 28,0.0370910397159168,True
DR 28-,hallmark,gs_ind_0,DNA Repair,6/11,0.00027959877808904316,0.006290972507003471,10.909792007478384,89.26560832643746,-,DR 28,0.005249001060658304,True
DR 28-,hallmark,gs_ind_0,Estrogen Response Late,14/64,0.0032686442862646012,0.049029664293969016,2.695007034215486,15.42454928240058,-,DR 28,0.034381812257656255,True
DR 28-,hallmark,gs_ind_0,Glycolysis,10/40,0.004613401681204881,0.05190076891355491,3.1995611204337164,17.209766726361703,-,DR 28,0.04334574544323671,True
DR 28-,hallmark,gs_ind_0,Interferon Alpha Response,14/40,1.4139101995007215e-05,0.0006362595897753246,5.206181395113561,58.13517027878158,-,DR 28,0.0004480867821954698,True
DR 29+,lab,gs_ind_0,MP13_EMT_2,29/37,2.778066429501607e-23,6.111746144903535e-22,36.27422397530441,1883.9998344616422,+,DR 29,1.3038391775794209e-20,True
DR 29+,lab,gs_ind_0,MP14_EMT_3,26/33,4.940338380618565e-21,5.434372218680421e-20,36.315377268385866,1697.9927611502953,+,DR 29,1.947679003175063e-18,True
DR 29+,lab,gs_ind_0,MP18_INTERFERON_MHC_II_2,10/39,0.0037833511417090637,0.011890532159657057,3.3098892299479514,18.459732555536906,+,DR 29,0.0374177639881361,True
DR 29+,lab,gs_ind_0,MP19_EPITHELIAL_SENESCENCE,16/34,2.437810223315296e-08,1.3407956228234127e-07,8.616787519226543,151.04867096132563,+,DR 29,1.7666954088967322e-06,True
DR 29+,lab,gs_ind_0,MP22_SECRETED_1,16/26,1.221459308438736e-10,8.957368261884065e-10,15.250096786682153,348.09572986518907,+,DR 29,1.4862596227126152e-08,True
DR 29+,lab,gs_ind_0,MP39_METAL_RESPONSE,11/36,0.00048220540078602886,0.0017680864695487726,4.225412592477625,32.27006918277949,+,DR 29,0.007765713121155393,True
DR 29+,lab,gs_ind_0,MP6_HYPOXIA,10/29,0.0002922981162528782,0.0012861117115126643,5.035534019785988,40.97784813595626,+,DR 29,0.00543564195054409,True
DR 29+,hallmark,gs_ind_0,Apical Junction,13/42,0.00012606144742807933,0.0008824301319965553,4.323661016949153,38.8210328402775,+,DR 29,0.002742740895918653,True
DR 29+,hallmark,gs_ind_0,Apoptosis,17/59,3.1696002737503654e-05,0.0002662464229950307,3.94598493348293,40.87772056868248,+,DR 29,0.0008874880766501024,True
DR 29+,hallmark,gs_ind_0,Epithelial Mesenchymal Transition,39/114,2.3737931654790415e-13,9.969931295011975e-12,5.589752527012896,162.48917044039064,+,DR 29,4.104579901572181e-11,True
DR 29+,hallmark,gs_ind_0,Estrogen Response Late,15/64,0.0011107953964648305,0.006664772378788983,2.9566010509406735,20.11280772356416,+,DR 29,0.014997259489804614,True
DR 29+,hallmark,gs_ind_0,Hypoxia,21/61,1.207362875311457e-07,1.69030802543604e-06,5.206609580797139,82.93950533649114,+,DR 29,7.435448493768468e-06,True
DR 29+,hallmark,gs_ind_0,Myogenesis,12/47,0.0015956830393014216,0.008377335956332464,3.2979041356894685,21.23999789238365,+,DR 29,0.019388538983591143,True
DR 29+,hallmark,gs_ind_0,TNF-alpha Signaling via NF-kB,28/93,2.3452506279010813e-08,4.925026318592271e-07,4.377630268835048,76.90747137875302,+,DR 29,1.7122066806365228e-06,True
DR 29+,hallmark,gs_ind_0,p53 Pathway,15/41,3.616381576039106e-06,3.797200654841062e-05,5.595229619081524,70.10843189377698,+,DR 29,0.00014976074291361946,True
DR 29-,hallmark,gs_ind_0,Androgen Response,9/25,0.00041133852103927056,0.016864879362610094,5.36521876730754,41.827750003165356,-,DR 29,0.007132885551142804,True
DR 29-,hallmark,gs_ind_0,Glycolysis,11/40,0.0012931995232216237,0.026510590226043285,3.644246679486606,24.23655772505855,-,DR 29,0.016617698175843968,True
DR 29-,hallmark,gs_ind_0,mTORC1 Signaling,12/48,0.00194358232651153,0.026562291795657576,3.2057338032774974,20.014109245003937,-,DR 29,0.02310729482520825,True
DR 30+,lab,gs_ind_0,MP39_METAL_RESPONSE,12/36,0.0001036536031328951,0.0005441814164476993,4.808368970930547,44.11416934971605,+,DR 30,0.002311334643614964,True
DR 30+,lab,gs_ind_0,MP5_STRESS,26/37,6.926338865962968e-19,1.4545311618522233e-17,23.631119970100908,988.106579084066,+,DR 30,1.896277662859195e-16,True
DR 30+,lab,gs_ind_0,MP6_HYPOXIA,11/29,5.232024372724877e-05,0.00036624170609074144,5.847179633459317,57.642240543632575,+,DR 30,0.001332863960680047,True
DR 30+,lab,gs_ind_0,MP7_STRESS_IN_VITRO,9/16,5.16300461734021e-06,5.4211548482072206e-05,11.863011314186249,144.42020314734387,+,DR 30,0.0002011327016146447,True
DR 30+,hallmark,gs_ind_0,Apoptosis,20/59,3.3105598966580025e-07,5.296895834652804e-06,5.064798905992496,75.5717546856817,+,DR 30,1.802700460854214e-05,True
DR 30+,hallmark,gs_ind_0,E2F Targets,13/53,0.0015283486442989088,0.00815119276959418,3.129777777777778,20.292125306679296,+,DR 30,0.01918904998498095,True
DR 30+,hallmark,gs_ind_0,Glycolysis,12/40,0.00032173233465304283,0.001930394007918257,4.124203080645912,33.16597763632865,+,DR 30,0.005883105547941354,True
DR 30+,hallmark,gs_ind_0,Hypoxia,20/61,6.154038036953747e-07,7.384845644344496e-06,4.815238794513233,68.86266833266409,+,DR 30,3.078893344782544e-05,True
DR 30+,hallmark,gs_ind_0,Myc Targets V1,7/12,4.627517030017547e-05,0.0003173154534869175,12.653276955602538,126.29115547720689,+,DR 30,0.0012326704823744038,True
DR 30+,hallmark,gs_ind_0,TGF-beta Signaling,6/8,2.1976955858542536e-05,0.0001758156468683403,24.04164524421594,257.85905348717876,+,DR 30,0.0006649070887683814,True
DR 30+,hallmark,gs_ind_0,TNF-alpha Signaling via NF-kB,31/93,2.0869101219055488e-10,1.0017168585146634e-08,5.169345132743363,115.22556302485127,+,DR 30,2.3373393365342148e-08,True
DR 30+,hallmark,gs_ind_0,UV Response Up,15/32,7.35023231463059e-08,1.7640557555113416e-06,8.515748941085869,139.87925630255776,+,DR 30,4.766045374539414e-06,True
DR 30+,hallmark,gs_ind_0,p53 Pathway,14/41,1.9595327397435125e-05,0.0001758156468683403,5.014038508408482,54.35327760264868,+,DR 30,0.0006113933300546694,True
DR 30-,lab,gs_ind_0,MP23_SECRETED_2,17/45,4.540944488544732e-07,9.081888977089463e-06,5.9312108609398155,86.62510107321158,-,DR 30,2.393344859844753e-05,True
DR 30-,hallmark,gs_ind_0,Androgen Response,11/25,9.689424387090797e-06,0.0003487409718984985,7.476935674642889,86.31730098466925,-,DR 30,0.00032817514350229175,True
DR 30-,hallmark,gs_ind_0,Estrogen Response Early,12/49,0.002351442988433525,0.018341255309781496,3.118479221927498,18.87530058397867,-,DR 30,0.026357818324348126,True
DR 30-,hallmark,gs_ind_0,Estrogen Response Late,18/64,2.642888726238035e-05,0.0003487409718984985,3.8248048313448226,40.317470180031854,-,DR 30,0.0007798895594551518,True
DR 30-,hallmark,gs_ind_0,Fatty Acid Metabolism,10/25,6.840173852509236e-05,0.0006669169506196505,6.349250698501397,60.890027325039796,-,DR 30,0.001656431289688723,True
DR 30-,hallmark,gs_ind_0,Xenobiotic Metabolism,14/42,2.6826228607576808e-05,0.0003487409718984985,4.835379333051127,50.89783372996811,-,DR 30,0.0007845676829563116,True
DR 31+,lab,gs_ind_0,MP13_EMT_2,14/37,4.894795962278927e-06,3.9158367698231414e-05,5.880725571844161,71.90561905068085,+,DR 31,0.00019531623078632024,True
DR 31+,lab,gs_ind_0,MP14_EMT_3,23/33,1.148629917212795e-16,2.756711801310708e-15,22.576391683433936,828.6165997621854,+,DR 31,2.4610644487063712e-14,True
DR 31+,lab,gs_ind_0,MP18_INTERFERON_MHC_II_2,10/39,0.0037833511417090637,0.01297148962871679,3.3098892299479514,18.459732555536906,+,DR 31,0.0374177639881361,True
DR 31+,lab,gs_ind_0,MP19_EPITHELIAL_SENESCENCE,11/34,0.00027512398686312437,0.001320595136942997,4.590186942120923,37.63167774116129,+,DR 31,0.005244916855943818,True
DR 31+,lab,gs_ind_0,MP22_SECRETED_1,13/26,2.212497410082983e-07,2.6549968920995795e-06,9.533333333333333,146.08854949873012,+,DR 31,1.275226577413911e-05,True
DR 31+,lab,gs_ind_0,MP23_SECRETED_2,12/45,0.0010525899827390427,0.004210359930956171,3.4987529197513756,23.989204648608986,+,DR 31,0.014388802870840506,True
DR 31+,lab,gs_ind_0,MP5_STRESS,13/37,2.776013555350533e-05,0.00016656081332103197,5.220734693877551,54.77547613677655,+,DR 31,0.000797678997129296,True
DR 31+,hallmark,gs_ind_0,Apoptosis,16/59,0.00012304687187122835,0.002830078053038252,3.61321371834408,32.529565113187715,+,DR 31,0.002694999931472948,True
DR 31+,hallmark,gs_ind_0,Estrogen Response Early,13/49,0.0006860119522520405,0.006311309960718773,3.4806575342465753,25.35525184951136,+,DR 31,0.010152152854949116,True
DR 31+,hallmark,gs_ind_0,Estrogen Response Late,16/64,0.0003467369660388686,0.0053166334792626516,3.2314977788953145,25.74516212626332,+,DR 31,0.006259046771573422,True
DR 31+,hallmark,gs_ind_0,TNF-alpha Signaling via NF-kB,20/93,0.0005599417466895578,0.006311309960718773,2.6693613733582073,19.98731790458649,+,DR 31,0.008718461066938833,True
DR 31+,hallmark,gs_ind_0,p53 Pathway,17/41,8.999033923990729e-08,4.139555605035735e-06,6.915142078629817,112.188246722067,+,DR 31,5.759381711354066e-06,True
DR 31-,lab,gs_ind_0,MP10_PROTEIN_MATURATION,6/13,0.0008738731352655757,0.01004954105555412,7.991602399314481,56.281462040462216,-,DR 31,0.012428417923777076,True
DR 31-,lab,gs_ind_0,MP17_INTERFERON_MHC_II_1,14/39,1.0070000412475013e-05,0.0002316100094869253,5.413394312148452,62.286243258797576,-,DR 31,0.00033083308021784576,True
DR 31-,lab,gs_ind_0,MP7_STRESS_IN_VITRO,6/16,0.0031514828378030346,0.0241613684231566,5.698739135757131,32.82406608056813,-,DR 31,0.033652237106594485,True
DR 31-,hallmark,gs_ind_0,Androgen Response,10/25,6.840173852509236e-05,0.0010260260778763854,6.349250698501397,60.890027325039796,-,DR 31,0.001656431289688723,True
DR 31-,hallmark,gs_ind_0,Cholesterol Homeostasis,6/17,0.004470933080813283,0.030460172737948706,5.200290600201185,28.13439456903835,-,DR 31,0.04253428228233177,True
DR 31-,hallmark,gs_ind_0,E2F Targets,12/53,0.004738249092569799,0.030460172737948706,2.8115112971781024,15.047454754456218,-,DR 31,0.04377553781528939,True
DR 31-,hallmark,gs_ind_0,Glycolysis,16/40,4.0142206067637117e-07,9.03199636521835e-06,6.484652397544384,95.50759751458983,-,DR 31,2.1502259945795187e-05,True
DR 31-,hallmark,gs_ind_0,Myc Targets V1,5/12,0.004192769000148052,0.030460172737948706,6.727536231884058,36.82918333740776,-,DR 31,0.040713232773851436,True
DR 31-,hallmark,gs_ind_0,UV Response Up,11/32,0.0001486887837228332,0.0016727488168818733,5.022826287046696,44.26945870327691,-,DR 31,0.0031114153978179277,True
DR 31-,hallmark,gs_ind_0,mTORC1 Signaling,19/48,3.7063189632243983e-08,1.6678435334509792e-06,6.451743941728534,110.39347797919496,-,DR 31,2.590743241243948e-06,True
DR 32+,lab,gs_ind_0,MP14_EMT_3,9/33,0.003807834545464743,0.012692781818215811,3.5971119518303403,20.038412169513247,+,DR 32,0.0374177639881361,True
DR 32+,lab,gs_ind_0,MP18_INTERFERON_MHC_II_2,16/39,2.63943192654869e-07,2.6394319265486902e-06,6.764400622729632,102.46397446267132,+,DR 32,1.4697311337889204e-05,True
DR 32+,lab,gs_ind_0,MP19_EPITHELIAL_SENESCENCE,14/34,1.4677909119503548e-06,9.7852727463357e-06,6.752697312495913,90.70055609485308,+,DR 32,6.683822948245069e-05,True
DR 32+,lab,gs_ind_0,MP22_SECRETED_1,8/26,0.002775151373588268,0.011100605494353072,4.254475254475254,25.04630847976831,+,DR 32,0.030156440946070527,True
DR 32+,lab,gs_ind_0,MP23_SECRETED_2,22/45,1.7464199943086683e-11,3.4928399886173365e-10,9.534239227605935,236.17138184390257,+,DR 32,2.531281685868564e-09,True
DR 32+,lab,gs_ind_0,MP5_STRESS,14/37,4.894795962278927e-06,2.447397981139463e-05,5.880725571844161,71.90561905068085,+,DR 32,0.00019531623078632024,True
DR 32+,hallmark,gs_ind_0,TNF-alpha Signaling via NF-kB,22/93,6.461196396966755e-05,0.0028429264146653723,3.049009813715696,29.4141360018817,+,DR 32,0.0015920387922126085,True
DR 32-,lab,gs_ind_0,MP14_EMT_3,10/33,0.0009428054085102686,0.020741718987225908,4.16904004020774,29.04424550712454,-,DR 32,0.013236880493272376,True
DR 32-,hallmark,gs_ind_0,E2F Targets,15/53,0.00011888250484404503,0.0027342976114130358,3.82521790877586,34.56992834204153,-,DR 32,0.0026330471185233885,True
DR 32-,hallmark,gs_ind_0,G2-M Checkpoint,13/49,0.0006860119522520405,0.010518849934531288,3.4806575342465753,25.35525184951136,-,DR 32,0.010152152854949116,True
DR 32-,hallmark,gs_ind_0,mTORC1 Signaling,15/48,3.2849262135799385e-05,0.0015110660582467717,4.408617290903971,45.5127189126005,-,DR 32,0.0009094447404787605,True
DR 33+,lab,gs_ind_0,MP14_EMT_3,15/33,1.229685576790037e-07,3.0742139419750923e-06,8.050921541487579,128.10092695747232,+,DR 33,7.435448493768468e-06,True
DR 33+,lab,gs_ind_0,MP18_INTERFERON_MHC_II_2,10/39,0.0037833511417090637,0.03152792618090886,3.3098892299479514,18.459732555536906,+,DR 33,0.0374177639881361,True
DR 33+,lab,gs_ind_0,MP7_STRESS_IN_VITRO,6/16,0.0031514828378030346,0.03152792618090886,5.698739135757131,32.82406608056813,+,DR 33,0.033652237106594485,True
DR 33-,lab,gs_ind_0,MP10_PROTEIN_MATURATION,8/13,7.2425920497813855e-06,7.604721652270455e-05,14.414876033057851,170.60771788341367,-,DR 33,0.000256773335405199,True
DR 33-,lab,gs_ind_0,MP18_INTERFERON_MHC_II_2,11/39,0.0010260460463652652,0.007182322324556857,3.7742443179188077,25.974510381561768,-,DR 33,0.014104197814471486,True
DR 33-,lab,gs_ind_0,MP23_SECRETED_2,16/45,2.6129029306732644e-06,5.4870961544138557e-05,5.370400992145514,69.036766403883,-,DR 33,0.00011148385837539262,True
DR 33-,hallmark,gs_ind_0,Androgen Response,9/25,0.00041133852103927056,0.004461649583998207,5.36521876730754,41.827750003165356,-,DR 33,0.007132885551142804,True
DR 33-,hallmark,gs_ind_0,Apoptosis,13/59,0.0042671553818756855,0.0298700876731298,2.7166451612903226,14.824210670745018,-,DR 33,0.04127289837464843,True
DR 33-,hallmark,gs_ind_0,Estrogen Response Early,16/49,9.380103359376977e-06,0.00019698217054691655,4.718480766897221,54.625473302418406,-,DR 33,0.00032651368880995825,True
DR 33-,hallmark,gs_ind_0,Estrogen Response Late,21/64,3.0999679024929016e-07,1.3019865190470188e-05,4.839272564274966,72.52474498099531,-,DR 33,1.7068873545793314e-05,True
DR 33-,hallmark,gs_ind_0,Oxidative Phosphorylation,4/5,0.00044837002986319467,0.004461649583998207,27.47328244274809,211.81603246804076,-,DR 33,0.007377520892039477,True
DR 33-,hallmark,gs_ind_0,Xenobiotic Metabolism,12/42,0.0005311487599997866,0.004461649583998207,3.8494151411053616,29.02639332737084,-,DR 33,0.008484606448229978,True
DR 34+,lab,gs_ind_0,MP13_EMT_2,15/37,7.698806119523678e-07,8.083746425499863e-06,6.604791853848457,92.97585560353329,+,DR 34,3.775096174827133e-05,True
DR 34+,lab,gs_ind_0,MP14_EMT_3,17/33,1.4398960331151302e-09,3.023781669541774e-08,10.314177194286186,209.98318690283074,+,DR 34,1.3645783944598772e-07,True
DR 34+,lab,gs_ind_0,MP19_EPITHELIAL_SENESCENCE,9/34,0.0047390928215212845,0.033173649750648994,3.454103312343214,18.486048502140196,+,DR 34,0.04377553781528939,True
DR 34+,hallmark,gs_ind_0,Apical Junction,11/42,0.0019996680498142708,0.029995020747214062,3.4090128575616703,21.186244770414227,+,DR 34,0.023504238169738557,True
DR 34+,hallmark,gs_ind_0,Cholesterol Homeostasis,6/17,0.004470933080813283,0.050297997159149434,5.200290600201185,28.13439456903835,+,DR 34,0.04253428228233177,True
DR 34+,hallmark,gs_ind_0,Epithelial Mesenchymal Transition,24/114,0.0002163258183176003,0.009734661824292013,2.623589438592647,22.139749440613247,+,DR 34,0.004272760050778093,True
DR 34+,hallmark,gs_ind_0,mTORC1 Signaling,12/48,0.00194358232651153,0.029995020747214062,3.2057338032774974,20.014109245003937,+,DR 34,0.02310729482520825,True
DR 34-,lab,gs_ind_0,MP10_PROTEIN_MATURATION,6/13,0.0008738731352655757,0.007282276127213131,7.991602399314481,56.281462040462216,-,DR 34,0.012428417923777076,True
DR 34-,lab,gs_ind_0,MP14_EMT_3,9/33,0.003807834545464743,0.015865977272769765,3.5971119518303403,20.038412169513247,-,DR 34,0.0374177639881361,True
DR 34-,lab,gs_ind_0,MP17_INTERFERON_MHC_II_1,12/39,0.00024661083831353385,0.0061652709578383464,4.276585483482036,35.528585018148014,-,DR 34,0.004822611949242439,True
DR 34-,lab,gs_ind_0,MP18_INTERFERON_MHC_II_2,10/39,0.0037833511417090637,0.015865977272769765,3.3098892299479514,18.459732555536906,-,DR 34,0.0374177639881361,True
DR 34-,lab,gs_ind_0,MP19_EPITHELIAL_SENESCENCE,10/34,0.001221006000863245,0.007631287505395281,3.996625421822272,26.80968373566166,-,DR 34,0.01615333576444046,True
DR 34-,lab,gs_ind_0,MP5_STRESS,11/37,0.0006269497186846939,0.007282276127213131,4.0636730223527655,29.968142742013214,-,DR 34,0.009609978891689493,True
DR 34-,hallmark,gs_ind_0,Apoptosis,17/59,3.1696002737503654e-05,0.0014580161259251682,3.94598493348293,40.87772056868248,-,DR 34,0.0008874880766501024,True
DR 34-,hallmark,gs_ind_0,Glycolysis,10/40,0.004613401681204881,0.053144341587275,3.1995611204337164,17.209766726361703,-,DR 34,0.04334574544323671,True
DR 34-,hallmark,gs_ind_0,IL-2/STAT5 Signaling,15/69,0.0025019463474844836,0.053144341587275,2.6776873809935955,16.04118513850522,-,DR 34,0.027490728206027947,True
DR 34-,hallmark,gs_ind_0,p53 Pathway,10/41,0.005580610012282945,0.053144341587275,3.096237970253718,16.064698150559607,-,DR 34,0.04937387098838483,True
DR 35+,lab,gs_ind_0,MP14_EMT_3,11/33,0.0002037343019374309,0.004889623246498342,4.796892406918792,40.76732001946161,+,DR 35,0.004064788015982427,True
DR 35+,lab,gs_ind_0,MP39_METAL_RESPONSE,11/36,0.00048220540078602886,0.0057864648094323465,4.225412592477625,32.27006918277949,+,DR 35,0.007765713121155393,True
DR 35+,hallmark,gs_ind_0,Androgen Response,8/25,0.002098284899730338,0.030075416896134848,4.5001113172541745,27.75054387349284,+,DR 35,0.023991526649352914,True
DR 35+,hallmark,gs_ind_0,Estrogen Response Late,14/64,0.0032686442862646012,0.035137926077344464,2.695007034215486,15.42454928240058,+,DR 35,0.034381812257656255,True
DR 35+,hallmark,gs_ind_0,Glycolysis,14/40,1.4139101995007215e-05,0.0006079813857853102,5.206181395113561,58.13517027878158,+,DR 35,0.0004480867821954698,True
DR 35+,hallmark,gs_ind_0,Hypoxia,14/61,0.0020198954677119072,0.030075416896134848,2.87012840412022,17.80831302567982,+,DR 35,0.023504238169738557,True
DR 35-,lab,gs_ind_0,MP14_EMT_3,11/33,0.0002037343019374309,0.0016298744154994473,4.796892406918792,40.76732001946161,-,DR 35,0.004064788015982427,True
DR 35-,lab,gs_ind_0,MP22_SECRETED_1,9/26,0.0005753353335499968,0.003452012001299981,5.055800074599031,37.71908715682361,-,DR 35,0.008901891754268082,True
DR 35-,lab,gs_ind_0,MP5_STRESS,17/37,1.3615028529052392e-08,1.6338034234862872e-07,8.283046454442745,150.02329623756034,-,DR 35,1.0649977871614314e-06,True
DR 35-,lab,gs_ind_0,MP6_HYPOXIA,9/29,0.0014111478308291778,0.006773509587980053,4.308667133668726,28.27929836550699,-,DR 35,0.017899965277544883,True
DR 35-,lab,gs_ind_0,MP7_STRESS_IN_VITRO,16/16,5.73513513357809e-17,1.3764324320587415e-15,322.0406504065041,12043.462173059143,-,DR 35,1.3786705335742843e-14,True
DR 35-,lab,gs_ind_0,MP8_PROTEASOMAL_DEGRADATION,3/4,0.0036541598583761372,0.014616639433504549,21.259915611814346,119.30828811722127,-,DR 35,0.0370910397159168,True
DR 35-,hallmark,gs_ind_0,Apoptosis,16/59,0.00012304687187122835,0.0008437499785455657,3.61321371834408,32.529565113187715,-,DR 35,0.002694999931472948,True
DR 35-,hallmark,gs_ind_0,Estrogen Response Early,14/49,0.0001808341096007929,0.0010850046576047574,3.8665936638598346,33.32203534510104,-,DR 35,0.0037131270504696143,True
DR 35-,hallmark,gs_ind_0,Glycolysis,11/40,0.0012931995232216237,0.006207357711463793,3.644246679486606,24.23655772505855,-,DR 35,0.016617698175843968,True
DR 35-,hallmark,gs_ind_0,Hypoxia,19/61,2.904591283129415e-06,3.485509539755299e-05,4.4454059309674285,56.675448742648385,-,DR 35,0.00012130360884120133,True
DR 35-,hallmark,gs_ind_0,IL-2/STAT5 Signaling,15/69,0.0025019463474844836,0.010917584061750474,2.6776873809935955,16.04118513850522,-,DR 35,0.027490728206027947,True
DR 35-,hallmark,gs_ind_0,Interferon Alpha Response,13/40,7.132734685467942e-05,0.0005706187748374354,4.643345454545455,44.33573388785754,-,DR 35,0.0016980732623181653,True
DR 35-,hallmark,gs_ind_0,Interferon Gamma Response,20/88,0.0002559656351897235,0.001365150054345192,2.8724952989465597,23.756878611792995,-,DR 35,0.004995638218673099,True
DR 35-,hallmark,gs_ind_0,Myc Targets V1,5/12,0.004192769000148052,0.01677107600059221,6.727536231884058,36.82918333740776,-,DR 35,0.040713232773851436,True
DR 35-,hallmark,gs_ind_0,Myogenesis,11/47,0.005190642340472539,0.01916544864174476,2.9337116420284093,15.43395719507859,-,DR 35,0.04655047398334608,True
DR 35-,hallmark,gs_ind_0,TNF-alpha Signaling via NF-kB,24/93,5.825955381893746e-06,5.592917166617996e-05,3.458271343265331,41.68319312649588,-,DR 35,0.00022342652234997963,True
DR 35-,hallmark,gs_ind_0,Unfolded Protein Response,9/13,4.227634404332841e-07,1.4417720697496986e-05,19.804757760371338,290.6635975715644,-,DR 35,2.2401916499518535e-05,True
DR 35-,hallmark,gs_ind_0,mTORC1 Signaling,17/48,1.3276367579910216e-06,2.1242188127856346e-05,5.357250983953981,72.49490998712832,-,DR 35,6.086133900818376e-05,True
DR 35-,hallmark,gs_ind_0,p53 Pathway,16/41,6.007383623957077e-07,1.4417720697496986e-05,6.226845209628567,89.20021975521732,-,DR 35,3.036347333216459e-05,True
DR 36+,lab,gs_ind_0,MP11_TRANSLATION_INITIATION,3/4,0.0036541598583761372,0.04202283837132558,21.259915611814346,119.30828811722127,+,DR 36,0.0370910397159168,True
DR 36+,lab,gs_ind_0,MP20_MYC,5/5,9.556386021442599e-06,0.00021979687849317978,101.30690537084399,1170.93569892822,+,DR 36,0.00032704076606714674,True
DR 36+,hallmark,gs_ind_0,Androgen Response,11/25,9.689424387090797e-06,0.0004457135218061767,7.476935674642889,86.31730098466925,+,DR 36,0.00032817514350229175,True
DR 36+,hallmark,gs_ind_0,Estrogen Response Late,14/64,0.0032686442862646012,0.037589409292042915,2.695007034215486,15.42454928240058,+,DR 36,0.034381812257656255,True
DR 36+,hallmark,gs_ind_0,Pperoxisome,6/14,0.00140315100501124,0.021514982076839013,7.047482231967337,46.2951564116883,+,DR 36,0.017899965277544883,True
DR 36+,hallmark,gs_ind_0,mTORC1 Signaling,14/48,0.00014151102193555402,0.0032547535045177427,3.9809224074289933,35.283444562178204,+,DR 36,0.002980197932044488,True
DR 36-,lab,gs_ind_0,MP10_PROTEIN_MATURATION,6/13,0.0008738731352655757,0.003204201495973778,7.991602399314481,56.281462040462216,-,DR 36,0.012428417923777076,True
DR 36-,lab,gs_ind_0,MP13_EMT_2,11/37,0.0006269497186846939,0.0027585787622126535,4.0636730223527655,29.968142742013214,-,DR 36,0.009609978891689493,True
DR 36-,lab,gs_ind_0,MP14_EMT_3,12/33,3.8597747293638025e-05,0.00021228761011500913,5.4885571525507375,55.77645569997501,-,DR 36,0.0010393972604538153,True
DR 36-,lab,gs_ind_0,MP17_INTERFERON_MHC_II_1,30/39,1.2158488916660824e-23,2.674867561665381e-22,33.73406389874981,1779.944641074988,-,DR 36,5.9917033381304544e-21,True
DR 36-,lab,gs_ind_0,MP18_INTERFERON_MHC_II_2,16/39,2.63943192654869e-07,2.903375119203559e-06,6.764400622729632,102.46397446267132,-,DR 36,1.4697311337889204e-05,True
DR 36-,lab,gs_ind_0,MP19_EPITHELIAL_SENESCENCE,10/34,0.001221006000863245,0.003837447431284484,3.996625421822272,26.80968373566166,-,DR 36,0.01615333576444046,True
DR 36-,lab,gs_ind_0,MP23_SECRETED_2,15/45,1.3634884397487189e-05,9.998915224823939e-05,4.850470593433785,54.339235248636655,-,DR 36,0.0004449848364954759,True
DR 36-,lab,gs_ind_0,MP7_STRESS_IN_VITRO,6/16,0.0031514828378030346,0.008666577803958344,5.698739135757131,32.82406608056813,-,DR 36,0.033652237106594485,True
DR 36-,hallmark,gs_ind_0,Apoptosis,18/59,7.511833675533866e-06,7.699629517422212e-05,4.297837927050669,50.71032275147262,-,DR 36,0.0002653642749321211,True
DR 36-,hallmark,gs_ind_0,Complement,21/66,5.595622474452129e-07,7.647350715084576e-06,4.621292356668401,66.52863800684423,-,DR 36,2.9026555320105356e-05,True
DR 36-,hallmark,gs_ind_0,Hypoxia,15/61,0.0006459320302324772,0.0052966426479063135,3.152740341419587,23.15629857389903,-,DR 36,0.009749320199037206,True
DR 36-,hallmark,gs_ind_0,Interferon Alpha Response,38/40,2.1917771332127953e-37,8.986286246172461e-36,170.44246153846154,14387.207669938223,-,DR 36,2.7002694281181635e-34,True
DR 36-,hallmark,gs_ind_0,Interferon Gamma Response,51/88,8.281823264178487e-31,1.69777376915659e-29,16.199821627647715,1122.0980555975889,-,DR 36,7.4205136447039255e-28,True
DR 36-,hallmark,gs_ind_0,p53 Pathway,10/41,0.005580610012282945,0.038134168417266794,3.096237970253718,16.064698150559607,-,DR 36,0.04937387098838483,True
DR 37+,lab,gs_ind_0,MP12_EMT_1,17/47,9.396446043670545e-07,6.577512230569382e-06,5.536025371867602,76.82765423786809,+,DR 37,4.461561544407128e-05,True
DR 37+,lab,gs_ind_0,MP13_EMT_2,21/37,1.1331501892299485e-12,1.189807698691446e-11,12.954081201992066,356.3152112317554,+,DR 37,1.861388044175062e-10,True
DR 37+,lab,gs_ind_0,MP14_EMT_3,20/33,7.259050756767017e-13,1.189807698691446e-11,15.0379603980712,420.3314017194685,+,DR 37,1.2126305806558596e-10,True
DR 37+,lab,gs_ind_0,MP18_INTERFERON_MHC_II_2,10/39,0.0037833511417090637,0.011350053425127191,3.3098892299479514,18.459732555536906,+,DR 37,0.0374177639881361,True
DR 37+,lab,gs_ind_0,MP25_ASTROCYTES,10/31,0.0005406708160615204,0.0018923478562153215,4.561984984435085,34.31844415681465,+,DR 37,0.008567285471225634,True
DR 37+,lab,gs_ind_0,MP39_METAL_RESPONSE,12/36,0.0001036536031328951,0.0004353451331581594,4.808368970930547,44.11416934971605,+,DR 37,0.002311334643614964,True
DR 37+,lab,gs_ind_0,MP6_HYPOXIA,11/29,5.232024372724877e-05,0.0002746812795680561,5.847179633459317,57.642240543632575,+,DR 37,0.001332863960680047,True
DR 37+,hallmark,gs_ind_0,Epithelial Mesenchymal Transition,29/114,7.667586127402329e-07,3.603765479879095e-05,3.45129831381174,48.59805529280001,+,DR 37,3.775096174827133e-05,True
DR 37+,hallmark,gs_ind_0,Estrogen Response Early,12/49,0.002351442988433525,0.027629455114093922,3.118479221927498,18.87530058397867,+,DR 37,0.026357818324348126,True
DR 37+,hallmark,gs_ind_0,Myogenesis,15/47,2.4747288817396626e-05,0.0005815612872088207,4.546838067592785,48.227377542811446,+,DR 37,0.0007391190260129126,True
DR 37+,hallmark,gs_ind_0,p53 Pathway,11/41,0.001615055854862858,0.025302541726184777,3.5227734763614342,22.645746773122212,+,DR 37,0.019388538983591143,True
DR 37-,lab,gs_ind_0,MP10_PROTEIN_MATURATION,6/13,0.0008738731352655757,0.007282276127213131,7.991602399314481,56.281462040462216,-,DR 37,0.012428417923777076,True
DR 37-,lab,gs_ind_0,MP25_ASTROCYTES,10/31,0.0005406708160615204,0.007282276127213131,4.561984984435085,34.31844415681465,-,DR 37,0.008567285471225634,True
DR 37-,lab,gs_ind_0,MP5_STRESS,11/37,0.0006269497186846939,0.007282276127213131,4.0636730223527655,29.968142742013214,-,DR 37,0.009609978891689493,True
DR 37-,hallmark,gs_ind_0,Androgen Response,8/25,0.002098284899730338,0.08039585250665296,4.5001113172541745,27.75054387349284,-,DR 37,0.023991526649352914,True
DR 38+,lab,gs_ind_0,MP14_EMT_3,17/33,1.4398960331151302e-09,3.167771272853286e-08,10.314177194286186,209.98318690283074,+,DR 38,1.3645783944598772e-07,True
DR 38+,lab,gs_ind_0,MP20_MYC,4/5,0.00044837002986319467,0.004219125779366644,27.47328244274809,211.81603246804076,+,DR 38,0.007377520892039477,True
DR 38+,lab,gs_ind_0,MP22_SECRETED_1,9/26,0.0005753353335499968,0.004219125779366644,5.055800074599031,37.71908715682361,+,DR 38,0.008901891754268082,True
DR 38+,lab,gs_ind_0,MP2_CELL_CYCLE_G1_S,8/28,0.004630252074276075,0.025466386408518414,3.835096610706367,20.614196416335236,+,DR 38,0.04338000422439638,True
DR 38+,hallmark,gs_ind_0,Apoptosis,14/59,0.0014313524065034998,0.03220542914632874,2.9997053884453346,19.645477177473634,+,DR 38,0.01806326417221318,True
DR 38+,hallmark,gs_ind_0,E2F Targets,14/53,0.0004469713429321258,0.02011371043194566,3.467166661010622,26.742312191693923,+,DR 38,0.007377520892039477,True
DR 38+,hallmark,gs_ind_0,TGF-beta Signaling,4/8,0.004919018196141284,0.06278186263818313,9.142493638676845,48.58912019089625,+,DR 38,0.04447040149647784,True
DR 38+,hallmark,gs_ind_0,p53 Pathway,10/41,0.005580610012282945,0.06278186263818313,3.096237970253718,16.064698150559607,+,DR 38,0.04937387098838483,True
DR 38-,lab,gs_ind_0,MP10_PROTEIN_MATURATION,8/13,7.2425920497813855e-06,2.8970368199125542e-05,14.414876033057851,170.60771788341367,-,DR 38,0.000256773335405199,True
DR 38-,lab,gs_ind_0,MP15_EMT_4,13/35,1.3806907719484292e-05,4.602302573161431e-05,5.6912,63.68647172496206,-,DR 38,0.0004461668278138924,True
DR 38-,lab,gs_ind_0,MP17_INTERFERON_MHC_II_1,23/39,2.7259249981464866e-14,5.451849996292972e-13,14.318651301749894,447.219927060326,-,DR 38,5.140564409034119e-12,True
DR 38-,lab,gs_ind_0,MP18_INTERFERON_MHC_II_2,21/39,4.577367469271469e-12,4.577367469271469e-11,11.540691108936235,301.3262569874381,-,DR 38,7.161037107482475e-10,True
DR 38-,lab,gs_ind_0,MP23_SECRETED_2,16/45,2.6129029306732644e-06,1.3894696415882833e-05,5.370400992145514,69.036766403883,-,DR 38,0.00011148385837539262,True
DR 38-,lab,gs_ind_0,MP25_ASTROCYTES,13/31,2.7789392831765666e-06,1.3894696415882833e-05,6.937297297297297,88.75190544758766,-,DR 38,0.00011704797254268479,True
DR 38-,lab,gs_ind_0,MP39_METAL_RESPONSE,12/36,0.0001036536031328951,0.00029615315180827175,4.808368970930547,44.11416934971605,-,DR 38,0.002311334643614964,True
DR 38-,lab,gs_ind_0,MP6_HYPOXIA,10/29,0.0002922981162528782,0.0007307452906321955,5.035534019785988,40.97784813595626,-,DR 38,0.00543564195054409,True
DR 38-,hallmark,gs_ind_0,Coagulation,16/52,2.2060127640752916e-05,0.000473280587241301,4.323309945428221,46.3533998051054,-,DR 38,0.0006649070887683814,True
DR 38-,hallmark,gs_ind_0,Complement,14/66,0.004409050499134496,0.030533239731819484,2.589378271415805,14.04503611479543,-,DR 38,0.042520158238228564,True
DR 38-,hallmark,gs_ind_0,Glycolysis,11/40,0.0012931995232216237,0.011962095589800019,3.644246679486606,24.23655772505855,-,DR 38,0.016617698175843968,True
DR 38-,hallmark,gs_ind_0,Interferon Alpha Response,13/40,7.132734685467942e-05,0.0008797039445410462,4.643345454545455,44.33573388785754,-,DR 38,0.0016980732623181653,True
DR 38-,hallmark,gs_ind_0,Interferon Gamma Response,22/88,2.5582734445475733e-05,0.000473280587241301,3.287736147090415,34.76318348244998,-,DR 38,0.0007594681647427977,True
DR 38-,hallmark,gs_ind_0,Myogenesis,11/47,0.005190642340472539,0.030533239731819484,2.9337116420284093,15.43395719507859,-,DR 38,0.04655047398334608,True
DR 39+,lab,gs_ind_0,MP19_EPITHELIAL_SENESCENCE,9/34,0.0047390928215212845,0.034753347357822754,3.454103312343214,18.486048502140196,+,DR 39,0.04377553781528939,True
DR 39+,lab,gs_ind_0,MP22_SECRETED_1,20/26,5.504690699218571e-16,6.055159769140428e-15,31.354996803750268,1101.6816708653498,+,DR 39,1.1072292149285355e-13,True
DR 39+,lab,gs_ind_0,MP5_STRESS,31/37,1.4998790697076955e-26,3.29973395335693e-25,51.30633083730429,3050.7682161306907,+,DR 39,9.239255069399403e-24,True
DR 39+,hallmark,gs_ind_0,Apoptosis,17/59,3.1696002737503654e-05,0.00029160322518503363,3.94598493348293,40.87772056868248,+,DR 39,0.0008874880766501024,True
DR 39+,hallmark,gs_ind_0,Cholesterol Homeostasis,6/17,0.004470933080813283,0.020566292171741104,5.200290600201185,28.13439456903835,+,DR 39,0.04253428228233177,True
DR 39+,hallmark,gs_ind_0,Estrogen Response Early,12/49,0.002351442988433525,0.01438619149803578,3.118479221927498,18.87530058397867,+,DR 39,0.026357818324348126,True
DR 39+,hallmark,gs_ind_0,Estrogen Response Late,14/64,0.0032686442862646012,0.01670640412979685,2.695007034215486,15.42454928240058,+,DR 39,0.034381812257656255,True
DR 39+,hallmark,gs_ind_0,Hypoxia,22/61,2.196339063471688e-08,3.367719897323255e-07,5.621210509520264,99.12380122466412,+,DR 39,1.6154565529535043e-06,True
DR 39+,hallmark,gs_ind_0,IL-2/STAT5 Signaling,15/69,0.0025019463474844836,0.01438619149803578,2.6776873809935955,16.04118513850522,+,DR 39,0.027490728206027947,True
DR 39+,hallmark,gs_ind_0,TGF-beta Signaling,5/8,0.00041498343885390234,0.003181539697879918,14.448301059554257,112.51284949262244,+,DR 39,0.007132885551142804,True
DR 39+,hallmark,gs_ind_0,TNF-alpha Signaling via NF-kB,50/93,4.745249292434152e-28,2.1828146745197102e-26,13.55691755451178,852.9367031002564,+,DR 39,3.117945135082067e-25,True
DR 39+,hallmark,gs_ind_0,UV Response Up,17/32,7.649603409673127e-10,1.7594087842248194e-08,10.985760745363452,230.60426937751168,+,DR 39,8.020690553801952e-08,True
DR 39+,hallmark,gs_ind_0,p53 Pathway,16/41,6.007383623957077e-07,6.908491167550639e-06,6.226845209628567,89.20021975521732,+,DR 39,3.036347333216459e-05,True
DR 39-,lab,gs_ind_0,MP10_PROTEIN_MATURATION,9/13,4.227634404332841e-07,9.30079568953225e-06,19.804757760371338,290.6635975715644,-,DR 39,2.2401916499518535e-05,True
DR 39-,lab,gs_ind_0,MP2_CELL_CYCLE_G1_S,11/28,3.555643475984438e-05,0.0003911207823582882,6.184771956275914,63.35921234569386,-,DR 39,0.0009788944720475591,True
DR 39-,lab,gs_ind_0,MP7_STRESS_IN_VITRO,8/16,5.5432325630216626e-05,0.00040650372128825526,9.311688311688311,91.25778256286647,-,DR 39,0.0013796489934631692,True
DR 39-,hallmark,gs_ind_0,DNA Repair,7/11,2.1058022717423192e-05,0.000494863533859445,15.473729543496985,166.6246623376999,-,DR 39,0.0006465665791368318,True
DR 39-,hallmark,gs_ind_0,Estrogen Response Late,19/64,6.4801517483309875e-06,0.0003045671321715564,4.14521841794569,49.521957069251535,-,DR 39,0.00023567666284704875,True
DR 39-,hallmark,gs_ind_0,Glycolysis,11/40,0.0012931995232216237,0.009421156747932612,3.644246679486606,24.23655772505855,-,DR 39,0.016617698175843968,True
DR 39-,hallmark,gs_ind_0,Myc Targets V1,6/12,0.000512922385877911,0.005188660670108314,9.226221079691516,69.89218617368041,-,DR 39,0.008206758174046576,True
DR 39-,hallmark,gs_ind_0,Oxidative Phosphorylation,4/5,0.00044837002986319467,0.005188660670108314,27.47328244274809,211.81603246804076,-,DR 39,0.007377520892039477,True
DR 39-,hallmark,gs_ind_0,Pperoxisome,6/14,0.00140315100501124,0.009421156747932612,7.047482231967337,46.2951564116883,-,DR 39,0.017899965277544883,True
DR 39-,hallmark,gs_ind_0,Xenobiotic Metabolism,11/42,0.0019996680498142708,0.011748049792658841,3.4090128575616703,21.186244770414227,-,DR 39,0.023504238169738557,True
DR 39-,hallmark,gs_ind_0,mTORC1 Signaling,13/48,0.0005519851776710972,0.005188660670108314,3.5807323943661973,26.862616338197814,-,DR 39,0.008635501446232275,True
DR 40+,lab,gs_ind_0,MP14_EMT_3,14/33,9.460900596399045e-07,2.0813981312077897e-05,7.102976558740634,98.52487694311493,+,DR 40,4.461561544407128e-05,True
DR 40+,lab,gs_ind_0,MP19_EPITHELIAL_SENESCENCE,10/34,0.001221006000863245,0.013431066009495694,3.996625421822272,26.80968373566166,+,DR 40,0.01615333576444046,True
DR 40+,hallmark,gs_ind_0,Cholesterol Homeostasis,6/17,0.004470933080813283,0.03934421111115689,5.200290600201185,28.13439456903835,+,DR 40,0.04253428228233177,True
DR 40+,hallmark,gs_ind_0,Estrogen Response Early,13/49,0.0006860119522520405,0.010061508633029927,3.4806575342465753,25.35525184951136,+,DR 40,0.010152152854949116,True
DR 40+,hallmark,gs_ind_0,Estrogen Response Late,16/64,0.0003467369660388686,0.009139009612401718,3.2314977788953145,25.74516212626332,+,DR 40,0.006259046771573422,True
DR 40+,hallmark,gs_ind_0,Glycolysis,11/40,0.0012931995232216237,0.01422519475543786,3.644246679486606,24.23655772505855,+,DR 40,0.016617698175843968,True
DR 40+,hallmark,gs_ind_0,p53 Pathway,12/41,0.0004154095278364417,0.009139009612401718,3.9821516881715597,31.00601149959369,+,DR 40,0.007132885551142804,True
DR 40-,lab,gs_ind_0,MP36_IG,22/25,5.944886128784851e-20,1.1295283644691218e-18,64.73589435774309,2865.8043437595284,-,DR 40,2.020441299493224e-17,True
DR 41+,lab,gs_ind_0,MP12_EMT_1,13/47,0.00044081509382605446,0.002093871695673759,3.6866086956521738,28.486001648149458,+,DR 41,0.007377520892039477,True
DR 41+,lab,gs_ind_0,MP2_CELL_CYCLE_G1_S,12/28,5.216957723848583e-06,4.9561098376561544e-05,7.171851137368379,87.23550079317339,+,DR 41,0.0002024343910482348,True
DR 41+,lab,gs_ind_0,MP3_CELL_CYCLE_HMG_RICH,7/8,6.654252178041727e-07,1.264307913827928e-05,46.49870801033592,661.3436644928104,+,DR 41,3.2956939430542344e-05,True
DR 41+,lab,gs_ind_0,MP6_HYPOXIA,10/29,0.0002922981162528782,0.0018512214029348956,5.035534019785988,40.97784813595626,+,DR 41,0.00543564195054409,True
DR 41+,hallmark,gs_ind_0,E2F Targets,31/53,7.382205672507645e-19,1.6979073046767583e-17,14.689675516224188,613.2946035742906,+,DR 41,1.9664599758982528e-16,True
DR 41+,hallmark,gs_ind_0,Epithelial Mesenchymal Transition,22/114,0.0014163750064181153,0.006515325029523331,2.328185328185328,15.272091326990356,+,DR 41,0.01794317745919916,True
DR 41+,hallmark,gs_ind_0,G2-M Checkpoint,30/49,4.500282524747776e-19,1.6979073046767583e-17,16.342807729904504,690.4015299451424,+,DR 41,1.2672795589689737e-16,True
DR 41+,hallmark,gs_ind_0,Glycolysis,11/40,0.0012931995232216237,0.006515325029523331,3.644246679486606,24.23655772505855,+,DR 41,0.016617698175843968,True
DR 41+,hallmark,gs_ind_0,Mitotic Spindle,19/36,8.253278601900896e-11,1.2655027189581374e-09,10.949468713105077,254.22285384648416,+,DR 41,1.0296748594979143e-08,True
DR 41+,hallmark,gs_ind_0,Myc Targets V1,10/12,4.478966727898655e-09,5.150811737083453e-08,39.651968503937006,762.2644248888242,+,DR 41,3.798578778239314e-07,True
DR 41+,hallmark,gs_ind_0,Myc Targets V2,4/5,0.00044837002986319467,0.0034375035622844926,27.47328244274809,211.81603246804076,+,DR 41,0.007377520892039477,True
DR 41+,hallmark,gs_ind_0,Spermatogenesis,8/23,0.0011349351321441861,0.006515325029523331,5.086468370339338,34.49225647461518,+,DR 41,0.015281312380345764,True
DR 41+,hallmark,gs_ind_0,Unfolded Protein Response,6/13,0.0008738731352655757,0.005742594888888068,7.991602399314481,56.281462040462216,+,DR 41,0.012428417923777076,True
DR 41+,hallmark,gs_ind_0,mTORC1 Signaling,15/48,3.2849262135799385e-05,0.00030221321164935436,4.408617290903971,45.5127189126005,+,DR 41,0.0009094447404787605,True
DR 41-,lab,gs_ind_0,MP10_PROTEIN_MATURATION,6/13,0.0008738731352655757,0.005643253255008958,7.991602399314481,56.281462040462216,-,DR 41,0.012428417923777076,True
DR 41-,lab,gs_ind_0,MP14_EMT_3,12/33,3.8597747293638025e-05,0.00042457522023001826,5.4885571525507375,55.77645569997501,-,DR 41,0.0010393972604538153,True
DR 41-,lab,gs_ind_0,MP18_INTERFERON_MHC_II_2,11/39,0.0010260460463652652,0.005643253255008958,3.7742443179188077,25.974510381561768,-,DR 41,0.014104197814471486,True
DR 41-,lab,gs_ind_0,MP19_EPITHELIAL_SENESCENCE,9/34,0.0047390928215212845,0.017376673678911377,3.454103312343214,18.486048502140196,-,DR 41,0.04377553781528939,True
DR 41-,lab,gs_ind_0,MP25_ASTROCYTES,9/31,0.0023774452607899232,0.010460759147475662,3.9212648680011606,23.691218837052602,-,DR 41,0.026357818324348126,True
DR 41-,lab,gs_ind_0,MP39_METAL_RESPONSE,13/36,1.972636758902038e-05,0.00042457522023001826,5.445957446808511,58.999076046925126,-,DR 41,0.0006113933300546694,True
DR 41-,hallmark,gs_ind_0,Androgen Response,8/25,0.002098284899730338,0.022556562672101134,4.5001113172541745,27.75054387349284,-,DR 41,0.023991526649352914,True
DR 41-,hallmark,gs_ind_0,Estrogen Response Early,13/49,0.0006860119522520405,0.009832837982279248,3.4806575342465753,25.35525184951136,-,DR 41,0.010152152854949116,True
DR 41-,hallmark,gs_ind_0,Estrogen Response Late,16/64,0.0003467369660388686,0.009832837982279248,3.2314977788953145,25.74516212626332,-,DR 41,0.006259046771573422,True
DR 41-,hallmark,gs_ind_0,Hypoxia,15/61,0.0006459320302324772,0.009832837982279248,3.152740341419587,23.15629857389903,-,DR 41,0.009749320199037206,True
DR 42+,lab,gs_ind_0,MP10_PROTEIN_MATURATION,7/13,9.181317825896858e-05,0.001101758139107623,10.700655933214072,99.47067286211808,+,DR 42,0.0021545492498104626,True
DR 42+,lab,gs_ind_0,MP19_EPITHELIAL_SENESCENCE,10/34,0.001221006000863245,0.00976804800690596,3.996625421822272,26.80968373566166,+,DR 42,0.01615333576444046,True
DR 42+,lab,gs_ind_0,MP23_SECRETED_2,14/45,6.438646399233802e-05,0.001101758139107623,4.3674624452104345,42.14866422860711,+,DR 42,0.0015920387922126085,True
DR 42+,hallmark,gs_ind_0,Androgen Response,11/25,9.689424387090797e-06,0.00014857117393539222,7.476935674642889,86.31730098466925,+,DR 42,0.00032817514350229175,True
DR 42+,hallmark,gs_ind_0,DNA Repair,7/11,2.1058022717423192e-05,0.00024216726125036672,15.473729543496985,166.6246623376999,+,DR 42,0.0006465665791368318,True
DR 42+,hallmark,gs_ind_0,Estrogen Response Early,14/49,0.0001808341096007929,0.001188338434519496,3.8665936638598346,33.32203534510104,+,DR 42,0.0037131270504696143,True
DR 42+,hallmark,gs_ind_0,Estrogen Response Late,19/64,6.4801517483309875e-06,0.00014857117393539222,4.14521841794569,49.521957069251535,+,DR 42,0.00023567666284704875,True
DR 42+,hallmark,gs_ind_0,Glycolysis,13/40,7.132734685467942e-05,0.0006562115910630507,4.643345454545455,44.33573388785754,+,DR 42,0.0016980732623181653,True
DR 42+,hallmark,gs_ind_0,Oxidative Phosphorylation,4/5,0.00044837002986319467,0.0025781276717133693,27.47328244274809,211.81603246804076,+,DR 42,0.007377520892039477,True
DR 42+,hallmark,gs_ind_0,UV Response Up,11/32,0.0001486887837228332,0.0011399473418750546,5.022826287046696,44.26945870327691,+,DR 42,0.0031114153978179277,True
DR 42+,hallmark,gs_ind_0,mTORC1 Signaling,19/48,3.7063189632243983e-08,1.7049067230832232e-06,6.451743941728534,110.39347797919496,+,DR 42,2.590743241243948e-06,True
DR 42+,hallmark,gs_ind_0,p53 Pathway,11/41,0.001615055854862858,0.008254729924854607,3.5227734763614342,22.645746773122212,+,DR 42,0.019388538983591143,True
DR 42-,lab,gs_ind_0,MP14_EMT_3,13/33,6.4337134633546384e-06,0.00012224055580373813,6.253463414634147,74.75364317099516,-,DR 42,0.00023567666284704875,True
DR 42-,lab,gs_ind_0,MP18_INTERFERON_MHC_II_2,10/39,0.0037833511417090637,0.023961223897490738,3.3098892299479514,18.459732555536906,-,DR 42,0.0374177639881361,True
DR 42-,lab,gs_ind_0,MP39_METAL_RESPONSE,11/36,0.00048220540078602886,0.0045809513074672745,4.225412592477625,32.27006918277949,-,DR 42,0.007765713121155393,True
DR 43+,lab,gs_ind_0,MP25_ASTROCYTES,9/31,0.0023774452607899232,0.010936248199633647,3.9212648680011606,23.691218837052602,+,DR 43,0.026357818324348126,True
DR 43+,lab,gs_ind_0,MP2_CELL_CYCLE_G1_S,9/28,0.0010639186090641193,0.0061175320021186865,4.532168440784629,31.026302333704916,+,DR 43,0.01450343265689621,True
DR 43+,lab,gs_ind_0,MP39_METAL_RESPONSE,11/36,0.00048220540078602886,0.0036969080726928882,4.225412592477625,32.27006918277949,+,DR 43,0.007765713121155393,True
DR 43+,lab,gs_ind_0,MP3_CELL_CYCLE_HMG_RICH,5/8,0.00041498343885390234,0.0036969080726928882,14.448301059554257,112.51284949262244,+,DR 43,0.007132885551142804,True
DR 43+,lab,gs_ind_0,MP7_STRESS_IN_VITRO,7/16,0.00047032063077736506,0.0036969080726928882,7.309261525907793,56.004262789456,+,DR 43,0.007712945319370565,True
DR 43+,hallmark,gs_ind_0,DNA Repair,6/11,0.00027959877808904316,0.004513716995725617,10.909792007478384,89.26560832643746,+,DR 43,0.005249001060658304,True
DR 43+,hallmark,gs_ind_0,E2F Targets,14/53,0.0004469713429321258,0.004513716995725617,3.467166661010622,26.742312191693923,+,DR 43,0.007377520892039477,True
DR 43+,hallmark,gs_ind_0,Myc Targets V1,6/12,0.000512922385877911,0.004513716995725617,9.226221079691516,69.89218617368041,+,DR 43,0.008206758174046576,True
DR 43+,hallmark,gs_ind_0,TGF-beta Signaling,4/8,0.004919018196141284,0.03091954294717378,9.142493638676845,48.58912019089625,+,DR 43,0.04447040149647784,True
DR 43+,hallmark,gs_ind_0,UV Response Up,9/32,0.00302646296265898,0.022194061726165854,3.7522915393589247,21.76464430625097,+,DR 43,0.03267121463304152,True
DR 43+,hallmark,gs_ind_0,Wnt-beta Catenin Signaling,5/8,0.00041498343885390234,0.004513716995725617,14.448301059554257,112.51284949262244,+,DR 43,0.007132885551142804,True
DR 43+,hallmark,gs_ind_0,mTORC1 Signaling,14/48,0.00014151102193555402,0.004513716995725617,3.9809224074289933,35.283444562178204,+,DR 43,0.002980197932044488,True
DR 43-,lab,gs_ind_0,MP13_EMT_2,12/37,0.00014008246757100216,0.0004902886364985076,4.617204972174546,40.96974909429703,-,DR 43,0.002980197932044488,True
DR 43-,lab,gs_ind_0,MP14_EMT_3,16/33,1.4142841707068578e-08,9.899989194948005e-08,9.114285714285714,164.7321215858455,-,DR 43,1.0722449835759071e-06,True
DR 43-,lab,gs_ind_0,MP17_INTERFERON_MHC_II_1,13/39,5.2741167275285944e-05,0.000221512902556201,4.821283018867924,47.490188541624946,-,DR 43,0.001332863960680047,True
DR 43-,lab,gs_ind_0,MP18_INTERFERON_MHC_II_2,13/39,5.2741167275285944e-05,0.000221512902556201,4.821283018867924,47.490188541624946,-,DR 43,0.001332863960680047,True
DR 43-,lab,gs_ind_0,MP19_EPITHELIAL_SENESCENCE,26/34,1.920977509308891e-20,4.0340527695486714e-19,32.02511377043654,1453.9039026280327,-,DR 43,7.012279382129048e-18,True
DR 43-,lab,gs_ind_0,MP23_SECRETED_2,19/45,1.0298243676728947e-08,9.899989194948005e-08,7.19429284266334,132.3123438063565,-,DR 43,8.25199103071874e-07,True
DR 43-,hallmark,gs_ind_0,Complement,14/66,0.004409050499134496,0.07202128453720995,2.589378271415805,14.04503611479543,-,DR 43,0.042520158238228564,True
DR 43-,hallmark,gs_ind_0,p53 Pathway,12/41,0.0004154095278364417,0.017862609696966993,3.9821516881715597,31.00601149959369,-,DR 43,0.007132885551142804,True
DR 44+,lab,gs_ind_0,MP19_EPITHELIAL_SENESCENCE,10/34,0.001221006000863245,0.028083138019854636,3.996625421822272,26.80968373566166,+,DR 44,0.01615333576444046,True
DR 44+,hallmark,gs_ind_0,Androgen Response,8/25,0.002098284899730338,0.01538742259802248,4.5001113172541745,27.75054387349284,+,DR 44,0.023991526649352914,True
DR 44+,hallmark,gs_ind_0,Apoptosis,16/59,0.00012304687187122835,0.005414062362334047,3.61321371834408,32.529565113187715,+,DR 44,0.002694999931472948,True
DR 44+,hallmark,gs_ind_0,Estrogen Response Late,16/64,0.0003467369660388686,0.006092673074934479,3.2314977788953145,25.74516212626332,+,DR 44,0.006259046771573422,True
DR 44+,hallmark,gs_ind_0,Myogenesis,12/47,0.0015956830393014216,0.01404201074585251,3.2979041356894685,21.23999789238365,+,DR 44,0.019388538983591143,True
DR 44+,hallmark,gs_ind_0,Reactive Oxygen Species Pathway,5/10,0.0015777264868780162,0.01404201074585251,9.184143222506394,59.25398339743649,+,DR 44,0.019388538983591143,True
DR 44+,hallmark,gs_ind_0,UV Response Up,9/32,0.00302646296265898,0.019023481479570732,3.7522915393589247,21.76464430625097,+,DR 44,0.03267121463304152,True
DR 44+,hallmark,gs_ind_0,p53 Pathway,12/41,0.0004154095278364417,0.006092673074934479,3.9821516881715597,31.00601149959369,+,DR 44,0.007132885551142804,True
DR 44-,lab,gs_ind_0,MP14_EMT_3,11/33,0.0002037343019374309,0.0017462260477233273,4.796892406918792,40.76732001946161,-,DR 44,0.004064788015982427,True
DR 44-,lab,gs_ind_0,MP20_MYC,4/5,0.00044837002986319467,0.0028023126866449665,27.47328244274809,211.81603246804076,-,DR 44,0.007377520892039477,True
DR 44-,lab,gs_ind_0,MP2_CELL_CYCLE_G1_S,10/28,0.00020954712572679926,0.0017462260477233273,5.3107044051925945,44.984650397290046,-,DR 44,0.0041555260989201885,True
DR 44-,lab,gs_ind_0,MP3_CELL_CYCLE_HMG_RICH,6/8,2.1976955858542536e-05,0.0005494238964635634,24.04164524421594,257.85905348717876,-,DR 44,0.0006649070887683814,True
DR 44-,lab,gs_ind_0,MP8_PROTEASOMAL_DEGRADATION,3/4,0.0036541598583761372,0.018270799291880684,21.259915611814346,119.30828811722127,-,DR 44,0.0370910397159168,True
DR 44-,hallmark,gs_ind_0,Cholesterol Homeostasis,6/17,0.004470933080813283,0.031622259832336824,5.200290600201185,28.13439456903835,-,DR 44,0.04253428228233177,True
DR 44-,hallmark,gs_ind_0,E2F Targets,30/53,1.0468781289114717e-17,4.710951580101623e-16,13.530604604729518,529.0213926952708,-,DR 44,2.6456489329619144e-15,True
DR 44-,hallmark,gs_ind_0,G2-M Checkpoint,27/49,1.3402570513672296e-15,3.015578365576267e-14,12.528658341338456,429.055368245235,-,DR 44,2.590112450642238e-13,True
DR 44-,hallmark,gs_ind_0,Glycolysis,12/40,0.00032173233465304283,0.0036194887648467317,4.124203080645912,33.16597763632865,-,DR 44,0.005883105547941354,True
DR 44-,hallmark,gs_ind_0,Mitotic Spindle,17/36,8.064342339768543e-09,1.2096513509652815e-07,8.712708726332705,162.36841641689682,-,DR 44,6.568773396756922e-07,True
DR 44-,hallmark,gs_ind_0,Myc Targets V1,5/12,0.004192769000148052,0.031622259832336824,6.727536231884058,36.82918333740776,-,DR 44,0.040713232773851436,True
DR 44-,hallmark,gs_ind_0,Wnt-beta Catenin Signaling,4/8,0.004919018196141284,0.031622259832336824,9.142493638676845,48.58912019089625,-,DR 44,0.04447040149647784,True
DR 45+,lab,gs_ind_0,MP12_EMT_1,14/47,0.00010981800866062544,0.0006955140548506278,4.102076747629146,37.39734577513979,+,DR 45,0.00243776192198001,True
DR 45+,lab,gs_ind_0,MP18_INTERFERON_MHC_II_2,13/39,5.2741167275285944e-05,0.0005010410891152165,4.821283018867924,47.490188541624946,+,DR 45,0.001332863960680047,True
DR 45+,lab,gs_ind_0,MP25_ASTROCYTES,17/31,3.9289495101019593e-10,7.465004069193723e-09,11.74997651038241,254.4748676443258,+,DR 45,4.2553545463258143e-08,True
DR 45+,lab,gs_ind_0,MP39_METAL_RESPONSE,11/36,0.00048220540078602886,0.0022904756537336373,4.225412592477625,32.27006918277949,+,DR 45,0.007765713121155393,True
DR 45+,lab,gs_ind_0,MP6_HYPOXIA,9/29,0.0014111478308291778,0.005362361757150876,4.308667133668726,28.27929836550699,+,DR 45,0.017899965277544883,True
DR 45+,hallmark,gs_ind_0,Epithelial Mesenchymal Transition,25/114,7.781249216047666e-05,0.003112499686419066,2.7785417561953873,26.28836308152618,+,DR 45,0.0018391365053564937,True
DR 45-,lab,gs_ind_0,MP13_EMT_2,13/37,2.776013555350533e-05,0.00011104054221402132,5.220734693877551,54.77547613677655,-,DR 45,0.000797678997129296,True
DR 45-,lab,gs_ind_0,MP14_EMT_3,17/33,1.4398960331151302e-09,1.1519168264921042e-08,10.314177194286186,209.98318690283074,-,DR 45,1.3645783944598772e-07,True
DR 45-,lab,gs_ind_0,MP19_EPITHELIAL_SENESCENCE,13/34,9.507855995176341e-06,4.5637708776846436e-05,5.959255813953488,68.90921192411501,-,DR 45,0.00032651368880995825,True
DR 45-,lab,gs_ind_0,MP22_SECRETED_1,16/26,1.221459308438736e-10,1.4657511701264834e-09,15.250096786682153,348.09572986518907,-,DR 45,1.4862596227126152e-08,True
DR 45-,lab,gs_ind_0,MP5_STRESS,24/37,3.03344863416244e-16,7.280276721989857e-15,18.37949847864862,656.7300154680471,-,DR 45,6.22868119548021e-14,True
DR 45-,lab,gs_ind_0,MP7_STRESS_IN_VITRO,9/16,5.16300461734021e-06,3.097802770404126e-05,11.863011314186249,144.42020314734387,-,DR 45,0.0002011327016146447,True
DR 45-,hallmark,gs_ind_0,Androgen Response,9/25,0.00041133852103927056,0.002102396885311827,5.36521876730754,41.827750003165356,-,DR 45,0.007132885551142804,True
DR 45-,hallmark,gs_ind_0,Apoptosis,21/59,6.175906352621336e-08,9.469723074019382e-07,5.483304995839815,91.02300053150061,-,DR 45,4.169159795303828e-06,True
DR 45-,hallmark,gs_ind_0,Cholesterol Homeostasis,8/17,9.579192386277696e-05,0.0006548785274418558,8.326862611073137,77.05122574582239,-,DR 45,0.0022059000037185274,True
DR 45-,hallmark,gs_ind_0,Estrogen Response Early,19/49,5.525072478301185e-08,9.469723074019382e-07,6.236688795556158,104.22370371093733,-,DR 45,3.755525127319757e-06,True
DR 45-,hallmark,gs_ind_0,Estrogen Response Late,17/64,9.965542808897806e-05,0.0006548785274418558,3.5205793775993115,32.437886249909255,-,DR 45,0.0022788953578769555,True
DR 45-,hallmark,gs_ind_0,Glycolysis,10/40,0.004613401681204881,0.01885623641854159,3.1995611204337164,17.209766726361703,-,DR 45,0.04334574544323671,True
DR 45-,hallmark,gs_ind_0,Hypoxia,16/61,0.00018940643652494527,0.0010890870100184354,3.4504601089966944,29.576016986746975,-,DR 45,0.0038730079634644414,True
DR 45-,hallmark,gs_ind_0,IL-2/STAT5 Signaling,15/69,0.0025019463474844836,0.011508953198428625,2.6776873809935955,16.04118513850522,-,DR 45,0.027490728206027947,True
DR 45-,hallmark,gs_ind_0,TGF-beta Signaling,4/8,0.004919018196141284,0.01885623641854159,9.142493638676845,48.58912019089625,-,DR 45,0.04447040149647784,True
DR 45-,hallmark,gs_ind_0,TNF-alpha Signaling via NF-kB,41/93,1.0238138967002655e-18,4.7095439248212216e-17,8.665502313778175,358.95107552646994,-,DR 45,2.655449938388899e-16,True
DR 45-,hallmark,gs_ind_0,UV Response Up,13/32,4.271922425527623e-06,3.930168631485413e-05,6.577846153846154,81.32484976666557,-,DR 45,0.00017543361427500102,True
DR 45-,hallmark,gs_ind_0,p53 Pathway,17/41,8.999033923990729e-08,1.0348889012589339e-06,6.915142078629817,112.188246722067,-,DR 45,5.759381711354066e-06,True
DR 46+,lab,gs_ind_0,MP18_INTERFERON_MHC_II_2,11/39,0.0010260460463652652,0.005643253255008958,3.7742443179188077,25.974510381561768,+,DR 46,0.014104197814471486,True
DR 46+,lab,gs_ind_0,MP25_ASTROCYTES,16/31,4.374399042453471e-09,9.623677893397635e-08,10.301862050878574,198.2850557075752,+,DR 46,3.798578778239314e-07,True
DR 46+,lab,gs_ind_0,MP39_METAL_RESPONSE,11/36,0.00048220540078602886,0.003536172939097545,4.225412592477625,32.27006918277949,+,DR 46,0.007765713121155393,True
DR 46+,lab,gs_ind_0,MP6_HYPOXIA,10/29,0.0002922981162528782,0.0032152792787816602,5.035534019785988,40.97784813595626,+,DR 46,0.00543564195054409,True
DR 46+,hallmark,gs_ind_0,Wnt-beta Catenin Signaling,4/8,0.004919018196141284,0.11067790941317887,9.142493638676845,48.58912019089625,+,DR 46,0.04447040149647784,True
DR 46+,hallmark,gs_ind_0,mTORC1 Signaling,13/48,0.0005519851776710972,0.024839332995199373,3.5807323943661973,26.862616338197814,+,DR 46,0.008635501446232275,True
DR 46-,lab,gs_ind_0,MP14_EMT_3,11/33,0.0002037343019374309,0.002444811623249171,4.796892406918792,40.76732001946161,-,DR 46,0.004064788015982427,True
DR 46-,lab,gs_ind_0,MP17_INTERFERON_MHC_II_1,16/39,2.63943192654869e-07,6.3346366237168565e-06,6.764400622729632,102.46397446267132,-,DR 46,1.4697311337889204e-05,True
DR 46-,lab,gs_ind_0,MP18_INTERFERON_MHC_II_2,10/39,0.0037833511417090637,0.02843455692912771,3.3098892299479514,18.459732555536906,-,DR 46,0.0374177639881361,True
DR 46-,lab,gs_ind_0,MP19_EPITHELIAL_SENESCENCE,9/34,0.0047390928215212845,0.02843455692912771,3.454103312343214,18.486048502140196,-,DR 46,0.04377553781528939,True
DR 46-,hallmark,gs_ind_0,DNA Repair,5/11,0.002659499577535494,0.037232994085496914,7.766869958685816,46.054566494324,-,DR 46,0.028995606013484325,True
DR 46-,hallmark,gs_ind_0,Interferon Alpha Response,12/40,0.00032173233465304283,0.0135127580554278,4.124203080645912,33.16597763632865,-,DR 46,0.005883105547941354,True
DR 46-,hallmark,gs_ind_0,Interferon Gamma Response,17/88,0.004927118347621124,0.05173474265002181,2.3068348545187782,12.256215832351133,-,DR 46,0.04447040149647784,True
DR 46-,hallmark,gs_ind_0,Reactive Oxygen Species Pathway,5/10,0.0015777264868780162,0.03313225622443834,9.184143222506394,59.25398339743649,-,DR 46,0.019388538983591143,True
DR 47+,lab,gs_ind_0,MP10_PROTEIN_MATURATION,8/13,7.2425920497813855e-06,8.328980857248594e-05,14.414876033057851,170.60771788341367,+,DR 47,0.000256773335405199,True
DR 47+,lab,gs_ind_0,MP14_EMT_3,17/33,1.4398960331151302e-09,3.3117608761647996e-08,10.314177194286186,209.98318690283074,+,DR 47,1.3645783944598772e-07,True
DR 47+,lab,gs_ind_0,MP18_INTERFERON_MHC_II_2,11/39,0.0010260460463652652,0.0078663530221337,3.7742443179188077,25.974510381561768,+,DR 47,0.014104197814471486,True
DR 47+,lab,gs_ind_0,MP39_METAL_RESPONSE,10/36,0.0019784045605385483,0.011375826223096653,3.6908334571386123,22.977152797893527,+,DR 47,0.0233802821926474,True
DR 47+,lab,gs_ind_0,MP8_PROTEASOMAL_DEGRADATION,3/4,0.0036541598583761372,0.016809135348530232,21.259915611814346,119.30828811722127,+,DR 47,0.0370910397159168,True
DR 47+,hallmark,gs_ind_0,Estrogen Response Early,13/49,0.0006860119522520405,0.007889137450898465,3.4806575342465753,25.35525184951136,+,DR 47,0.010152152854949116,True
DR 47+,hallmark,gs_ind_0,Estrogen Response Late,20/64,1.471580336616457e-06,6.769269548435702e-05,4.4829593202402815,60.2024392926625,+,DR 47,6.683822948245069e-05,True
DR 47+,hallmark,gs_ind_0,Glycolysis,11/40,0.0012931995232216237,0.011897435613638938,3.644246679486606,24.23655772505855,+,DR 47,0.016617698175843968,True
DR 47+,hallmark,gs_ind_0,Hypoxia,15/61,0.0006459320302324772,0.007889137450898465,3.152740341419587,23.15629857389903,+,DR 47,0.009749320199037206,True
DR 47+,hallmark,gs_ind_0,Xenobiotic Metabolism,13/42,0.00012606144742807933,0.0028994132908458244,4.323661016949153,38.8210328402775,+,DR 47,0.002742740895918653,True
DR 47-,lab,gs_ind_0,MP14_EMT_3,10/33,0.0009428054085102686,0.013431066009495694,4.16904004020774,29.04424550712454,-,DR 47,0.013236880493272376,True
DR 47-,lab,gs_ind_0,MP19_EPITHELIAL_SENESCENCE,10/34,0.001221006000863245,0.013431066009495694,3.996625421822272,26.80968373566166,-,DR 47,0.01615333576444046,True
DR 47-,hallmark,gs_ind_0,Estrogen Response Late,14/64,0.0032686442862646012,0.04963622535412182,2.695007034215486,15.42454928240058,-,DR 47,0.034381812257656255,True
DR 47-,hallmark,gs_ind_0,Glycolysis,12/40,0.00032173233465304283,0.014156222724733884,4.124203080645912,33.16597763632865,-,DR 47,0.005883105547941354,True
DR 47-,hallmark,gs_ind_0,p53 Pathway,10/41,0.005580610012282945,0.04963622535412182,3.096237970253718,16.064698150559607,-,DR 47,0.04937387098838483,True
DR 48+,lab,gs_ind_0,MP14_EMT_3,11/33,0.0002037343019374309,0.00448215464262348,4.796892406918792,40.76732001946161,+,DR 48,0.004064788015982427,True
DR 48+,hallmark,gs_ind_0,Androgen Response,8/25,0.002098284899730338,0.04616226779406744,4.5001113172541745,27.75054387349284,+,DR 48,0.023991526649352914,True
DR 48+,hallmark,gs_ind_0,Fatty Acid Metabolism,9/25,0.00041133852103927056,0.018098894925727905,5.36521876730754,41.827750003165356,+,DR 48,0.007132885551142804,True
DR 48-,lab,gs_ind_0,MP13_EMT_2,14/37,4.894795962278927e-06,2.202658183025517e-05,5.880725571844161,71.90561905068085,-,DR 48,0.00019531623078632024,True
DR 48-,lab,gs_ind_0,MP19_EPITHELIAL_SENESCENCE,10/34,0.001221006000863245,0.004395621603107682,3.996625421822272,26.80968373566166,-,DR 48,0.01615333576444046,True
DR 48-,lab,gs_ind_0,MP22_SECRETED_1,22/26,3.531255918079544e-19,6.3562606525431794e-18,50.32212885154062,2138.0595964704225,-,DR 48,1.0546684341997572e-16,True
DR 48-,lab,gs_ind_0,MP23_SECRETED_2,18/45,7.169496475591144e-08,4.301697885354687e-07,6.537434620174346,107.54632571540039,-,DR 48,4.679639553869292e-06,True
DR 48-,lab,gs_ind_0,MP5_STRESS,25/37,1.5429764668154007e-17,1.3886788201338606e-16,20.78940170940171,804.7625894903987,-,DR 48,3.8018940142331475e-15,True
DR 48-,lab,gs_ind_0,MP7_STRESS_IN_VITRO,6/16,0.0031514828378030346,0.009454448513409104,5.698739135757131,32.82406608056813,-,DR 48,0.033652237106594485,True
DR 48-,hallmark,gs_ind_0,Apical Junction,11/42,0.0019996680498142708,0.0069219278647417075,3.4090128575616703,21.186244770414227,-,DR 48,0.023504238169738557,True
DR 48-,hallmark,gs_ind_0,Apoptosis,20/59,3.3105598966580025e-07,2.9795039069922025e-06,5.064798905992496,75.5717546856817,-,DR 48,1.802700460854214e-05,True
DR 48-,hallmark,gs_ind_0,Cholesterol Homeostasis,6/17,0.004470933080813283,0.012975192228388728,5.200290600201185,28.13439456903835,-,DR 48,0.04253428228233177,True
DR 48-,hallmark,gs_ind_0,Complement,15/66,0.0015570714104299703,0.0058390177891123884,2.8385366236621046,18.350993152810602,-,DR 48,0.019388538983591143,True
DR 48-,hallmark,gs_ind_0,Epithelial Mesenchymal Transition,27/114,8.572002542908662e-06,4.2785351978293535e-05,3.1039110745162617,36.213359011769626,-,DR 48,0.00030066070129148675,True
DR 48-,hallmark,gs_ind_0,Estrogen Response Late,14/64,0.0032686442862646012,0.010506356634421933,2.695007034215486,15.42454928240058,-,DR 48,0.034381812257656255,True
DR 48-,hallmark,gs_ind_0,Glycolysis,10/40,0.004613401681204881,0.012975192228388728,3.1995611204337164,17.209766726361703,-,DR 48,0.04334574544323671,True
DR 48-,hallmark,gs_ind_0,Hypoxia,22/61,2.196339063471688e-08,3.2945085952075323e-07,5.621210509520264,99.12380122466412,-,DR 48,1.6154565529535043e-06,True
DR 48-,hallmark,gs_ind_0,IL-2/STAT5 Signaling,20/69,5.489264884718102e-06,3.0877114976539326e-05,4.0186630851450795,48.67692550275941,-,DR 48,0.00021216546942659455,True
DR 48-,hallmark,gs_ind_0,IL-6/JAK/STAT3 Signaling,13/34,9.507855995176341e-06,4.2785351978293535e-05,5.959255813953488,68.90921192411501,-,DR 48,0.00032651368880995825,True
DR 48-,hallmark,gs_ind_0,Inflammatory Response,30/82,2.8645931387316817e-11,6.445334562146283e-10,5.95774333193688,144.63023487907066,-,DR 48,4.0918014457013706e-09,True
DR 48-,hallmark,gs_ind_0,Interferon Gamma Response,26/88,1.2117767363348335e-07,1.3632488283766876e-06,4.2242063037249284,67.27474334970613,-,DR 48,7.435448493768468e-06,True
DR 48-,hallmark,gs_ind_0,KRAS Signaling Up,19/83,0.00033307462896570996,0.0013625780275869953,2.892497917867897,23.160647296248783,-,DR 48,0.006079228783492662,True
DR 48-,hallmark,gs_ind_0,TGF-beta Signaling,4/8,0.004919018196141284,0.013020930519197517,9.142493638676845,48.58912019089625,-,DR 48,0.04447040149647784,True
DR 48-,hallmark,gs_ind_0,TNF-alpha Signaling via NF-kB,64/93,4.113075527062159e-46,1.8508839871779715e-44,28.37567517228534,2965.392647733732,-,DR 48,2.026923619736232e-42,True
DR 48-,hallmark,gs_ind_0,UV Response Up,13/32,4.271922425527623e-06,2.7462358449820433e-05,6.577846153846154,81.32484976666557,-,DR 48,0.00017543361427500102,True
DR 48-,hallmark,gs_ind_0,p53 Pathway,16/41,6.007383623957077e-07,4.505537717967808e-06,6.226845209628567,89.20021975521732,-,DR 48,3.036347333216459e-05,True
DR 49+,lab,gs_ind_0,MP14_EMT_3,11/33,0.0002037343019374309,0.003026363855494368,4.796892406918792,40.76732001946161,+,DR 49,0.004064788015982427,True
DR 49+,lab,gs_ind_0,MP19_EPITHELIAL_SENESCENCE,11/34,0.00027512398686312437,0.003026363855494368,4.590186942120923,37.63167774116129,+,DR 49,0.005244916855943818,True
DR 49+,hallmark,gs_ind_0,Estrogen Response Early,14/49,0.0001808341096007929,0.008318369041636475,3.8665936638598346,33.32203534510104,+,DR 49,0.0037131270504696143,True
DR 49+,hallmark,gs_ind_0,Glycolysis,11/40,0.0012931995232216237,0.029743589034097344,3.644246679486606,24.23655772505855,+,DR 49,0.016617698175843968,True
DR 49-,lab,gs_ind_0,MP10_PROTEIN_MATURATION,8/13,7.2425920497813855e-06,2.379708816356741e-05,14.414876033057851,170.60771788341367,-,DR 49,0.000256773335405199,True
DR 49-,lab,gs_ind_0,MP12_EMT_1,24/47,5.586543320659429e-13,1.2849049637516688e-11,10.49936712675547,296.22122214671833,-,DR 49,9.493270856624022e-11,True
DR 49-,lab,gs_ind_0,MP13_EMT_2,11/37,0.0006269497186846939,0.001602204836638662,4.0636730223527655,29.968142742013214,-,DR 49,0.009609978891689493,True
DR 49-,lab,gs_ind_0,MP15_EMT_4,13/35,1.3806907719484292e-05,3.969485969351734e-05,5.6912,63.68647172496206,-,DR 49,0.0004461668278138924,True
DR 49-,lab,gs_ind_0,MP18_INTERFERON_MHC_II_2,15/39,1.7212191936827911e-06,7.917608290940839e-06,6.058804114637769,80.41534240753616,-,DR 49,7.573364452204281e-05,True
DR 49-,lab,gs_ind_0,MP25_ASTROCYTES,18/31,3.096387623305852e-11,3.56084576680173e-10,13.422120750887874,324.79116065916105,-,DR 49,4.35971377361464e-09,True
DR 49-,lab,gs_ind_0,MP39_METAL_RESPONSE,16/36,6.731188405582002e-08,5.160577777612868e-07,7.767400356930398,128.27029826205302,-,DR 49,4.4525230151286045e-06,True
DR 49-,lab,gs_ind_0,MP5_STRESS,14/37,4.894795962278927e-06,1.876338452206922e-05,5.880725571844161,71.90561905068085,-,DR 49,0.00019531623078632024,True
DR 49-,lab,gs_ind_0,MP6_HYPOXIA,14/29,1.2920351592824904e-07,7.42920216587432e-07,8.956066764680447,142.06002971981485,-,DR 49,7.717756684780742e-06,True
DR 49-,hallmark,gs_ind_0,Coagulation,12/52,0.004011479179753746,0.02256457038611482,2.8825686871663883,15.90772981557226,-,DR 49,0.039340436612589964,True
DR 49-,hallmark,gs_ind_0,Epithelial Mesenchymal Transition,38/114,1.309651471019215e-12,5.893431619586467e-11,5.340834590246355,146.13196419733612,-,DR 49,2.1160532620271117e-10,True
DR 49-,hallmark,gs_ind_0,Glycolysis,11/40,0.0012931995232216237,0.014535502693765722,3.644246679486606,24.23655772505855,-,DR 49,0.016617698175843968,True
DR 49-,hallmark,gs_ind_0,Hypoxia,19/61,2.904591283129415e-06,6.535330387041183e-05,4.4454059309674285,56.675448742648385,-,DR 49,0.00012130360884120133,True
DR 49-,hallmark,gs_ind_0,Myogenesis,15/47,2.4747288817396626e-05,0.0003712093322609494,4.546838067592785,48.227377542811446,-,DR 49,0.0007391190260129126,True
DR 49-,hallmark,gs_ind_0,TGF-beta Signaling,4/8,0.004919018196141284,0.024595090980706415,9.142493638676845,48.58912019089625,-,DR 49,0.04447040149647784,True
DR 49-,hallmark,gs_ind_0,TNF-alpha Signaling via NF-kB,18/93,0.0037506966120110356,0.02256457038611482,2.3167377302004897,12.940865336556511,-,DR 49,0.0374177639881361,True
DR 49-,hallmark,gs_ind_0,mTORC1 Signaling,12/48,0.00194358232651153,0.014576867448836475,3.2057338032774974,20.014109245003937,-,DR 49,0.02310729482520825,True
DR 49-,hallmark,gs_ind_0,p53 Pathway,11/41,0.001615055854862858,0.014535502693765722,3.5227734763614342,22.645746773122212,-,DR 49,0.019388538983591143,True
DR 50+,lab,gs_ind_0,MP3_CELL_CYCLE_HMG_RICH,4/8,0.004919018196141284,0.10821840031510824,9.142493638676845,48.58912019089625,+,DR 50,0.04447040149647784,True
DR 50+,hallmark,gs_ind_0,Androgen Response,10/25,6.840173852509236e-05,0.0031464799721542484,6.349250698501397,60.890027325039796,+,DR 50,0.001656431289688723,True
DR 50+,hallmark,gs_ind_0,Cholesterol Homeostasis,6/17,0.004470933080813283,0.06855430723913701,5.200290600201185,28.13439456903835,+,DR 50,0.04253428228233177,True
DR 50+,hallmark,gs_ind_0,mTORC1 Signaling,12/48,0.00194358232651153,0.04470239350976519,3.2057338032774974,20.014109245003937,+,DR 50,0.02310729482520825,True
DR 50-,lab,gs_ind_0,MP12_EMT_1,16/47,5.057843930604054e-06,1.3276840317835643e-05,5.023744999354755,61.26241139381469,-,DR 50,0.00020020124409652032,True
DR 50-,lab,gs_ind_0,MP13_EMT_2,19/37,1.548696544627772e-10,1.6261313718591608e-09,10.351798079070806,233.83094176591422,-,DR 50,1.7748782725408514e-08,True
DR 50-,lab,gs_ind_0,MP15_EMT_4,16/35,4.097964329313048e-08,2.1514312728893503e-07,8.170314780070878,138.9786100253963,-,DR 50,2.844333551387986e-06,True
DR 50-,lab,gs_ind_0,MP17_INTERFERON_MHC_II_1,17/39,3.6371954452703464e-08,2.1514312728893503e-07,7.538298516500151,129.12704201685682,-,DR 50,2.5790070725600383e-06,True
DR 50-,lab,gs_ind_0,MP18_INTERFERON_MHC_II_2,20/39,5.058600851559426e-11,1.0623061788274795e-09,10.375949996448611,245.98623757233398,-,DR 50,6.647675999062627e-09,True
DR 50-,lab,gs_ind_0,MP25_ASTROCYTES,13/31,2.7789392831765666e-06,9.726287491117983e-06,6.937297297297297,88.75190544758766,-,DR 50,0.00011704797254268479,True
DR 50-,lab,gs_ind_0,MP39_METAL_RESPONSE,16/36,6.731188405582002e-08,2.827099130344441e-07,7.767400356930398,128.27029826205302,-,DR 50,4.4525230151286045e-06,True
DR 50-,lab,gs_ind_0,MP5_STRESS,14/37,4.894795962278927e-06,1.3276840317835643e-05,5.880725571844161,71.90561905068085,-,DR 50,0.00019531623078632024,True
DR 50-,hallmark,gs_ind_0,Apoptosis,17/59,3.1696002737503654e-05,0.0002128160183803817,3.94598493348293,40.87772056868248,-,DR 50,0.0008874880766501024,True
DR 50-,hallmark,gs_ind_0,Coagulation,16/52,2.2060127640752916e-05,0.0002073651998230774,4.323309945428221,46.3533998051054,-,DR 50,0.0006649070887683814,True
DR 50-,hallmark,gs_ind_0,Epithelial Mesenchymal Transition,26/114,2.6519655542619423e-05,0.00020773730175051883,2.938581580949606,30.965668913912367,-,DR 50,0.0007802320150091255,True
DR 50-,hallmark,gs_ind_0,Hypoxia,15/61,0.0006459320302324772,0.0033732006023251587,3.152740341419587,23.15629857389903,-,DR 50,0.009749320199037206,True
DR 50-,hallmark,gs_ind_0,Interferon Alpha Response,14/40,1.4139101995007215e-05,0.00016613444844133479,5.206181395113561,58.13517027878158,-,DR 50,0.0004480867821954698,True
DR 50-,hallmark,gs_ind_0,Interferon Gamma Response,25/88,5.055673870047724e-07,1.1880833594612152e-05,3.9757049599569285,57.63811860303046,-,DR 50,2.6504639182548072e-05,True
DR 50-,hallmark,gs_ind_0,Myogenesis,12/47,0.0015956830393014216,0.007499710284716681,3.2979041356894685,21.23999789238365,-,DR 50,0.019388538983591143,True
DR 50-,hallmark,gs_ind_0,TGF-beta Signaling,5/8,0.00041498343885390234,0.0024380277032666764,14.448301059554257,112.51284949262244,-,DR 50,0.007132885551142804,True
DR 50-,hallmark,gs_ind_0,TNF-alpha Signaling via NF-kB,24/93,5.825955381893746e-06,9.127330098300204e-05,3.458271343265331,41.68319312649588,-,DR 50,0.00022342652234997963,True
DR 50-,hallmark,gs_ind_0,p53 Pathway,19/41,1.4886563680024265e-09,6.996684929611405e-08,8.492378328741966,172.61091761208542,-,DR 50,1.384169543682256e-07,True
DR 51+,lab,gs_ind_0,MP10_PROTEIN_MATURATION,6/13,0.0008738731352655757,0.005825820901770505,7.991602399314481,56.281462040462216,+,DR 51,0.012428417923777076,True
DR 51+,lab,gs_ind_0,MP18_INTERFERON_MHC_II_2,15/39,1.7212191936827911e-06,3.442438387365582e-05,6.058804114637769,80.41534240753616,+,DR 51,7.573364452204281e-05,True
DR 51+,lab,gs_ind_0,MP23_SECRETED_2,15/45,1.3634884397487189e-05,0.00013634884397487187,4.850470593433785,54.339235248636655,+,DR 51,0.0004449848364954759,True
DR 51+,hallmark,gs_ind_0,Coagulation,13/52,0.001263105155284416,0.012946827841665263,3.2108354430379746,21.42970069920855,+,DR 51,0.016617698175843968,True
DR 51+,hallmark,gs_ind_0,Estrogen Response Early,18/49,3.3483330607087063e-07,6.864082774452848e-06,5.694411828658404,84.90159064587739,+,DR 51,1.8132511344145607e-05,True
DR 51+,hallmark,gs_ind_0,Estrogen Response Late,21/64,3.0999679024929016e-07,6.864082774452848e-06,4.839272564274966,72.52474498099531,+,DR 51,1.7068873545793314e-05,True
DR 51+,hallmark,gs_ind_0,Fatty Acid Metabolism,8/25,0.002098284899730338,0.017205936177788775,4.5001113172541745,27.75054387349284,+,DR 51,0.023991526649352914,True
DR 51+,hallmark,gs_ind_0,Xenobiotic Metabolism,13/42,0.00012606144742807933,0.0017228397815170842,4.323661016949153,38.8210328402775,+,DR 51,0.002742740895918653,True
DR 51-,lab,gs_ind_0,MP11_TRANSLATION_INITIATION,3/4,0.0036541598583761372,0.013511968363246654,21.259915611814346,119.30828811722127,-,DR 51,0.0370910397159168,True
DR 51-,lab,gs_ind_0,MP14_EMT_3,17/33,1.4398960331151302e-09,3.599740082787825e-08,10.314177194286186,209.98318690283074,-,DR 51,1.3645783944598772e-07,True
DR 51-,lab,gs_ind_0,MP18_INTERFERON_MHC_II_2,10/39,0.0037833511417090637,0.013511968363246654,3.3098892299479514,18.459732555536906,-,DR 51,0.0374177639881361,True
DR 51-,lab,gs_ind_0,MP20_MYC,4/5,0.00044837002986319467,0.0028023126866449665,27.47328244274809,211.81603246804076,-,DR 51,0.007377520892039477,True
DR 51-,lab,gs_ind_0,MP39_METAL_RESPONSE,12/36,0.0001036536031328951,0.001167353896425018,4.808368970930547,44.11416934971605,-,DR 51,0.002311334643614964,True
DR 51-,lab,gs_ind_0,MP3_CELL_CYCLE_HMG_RICH,4/8,0.004919018196141284,0.015371931862941512,9.142493638676845,48.58912019089625,-,DR 51,0.04447040149647784,True
DR 51-,lab,gs_ind_0,MP5_STRESS,12/37,0.00014008246757100216,0.001167353896425018,4.617204972174546,40.96974909429703,-,DR 51,0.002980197932044488,True
DR 51-,lab,gs_ind_0,MP8_PROTEASOMAL_DEGRADATION,3/4,0.0036541598583761372,0.013511968363246654,21.259915611814346,119.30828811722127,-,DR 51,0.0370910397159168,True
DR 51-,hallmark,gs_ind_0,DNA Repair,5/11,0.002659499577535494,0.031249120036042053,7.766869958685816,46.054566494324,-,DR 51,0.028995606013484325,True
DR 51-,hallmark,gs_ind_0,Myc Targets V1,7/12,4.627517030017547e-05,0.002174933004108247,12.653276955602538,126.29115547720689,-,DR 51,0.0012326704823744038,True
DR 51-,hallmark,gs_ind_0,TGF-beta Signaling,5/8,0.00041498343885390234,0.009752110813066706,14.448301059554257,112.51284949262244,-,DR 51,0.007132885551142804,True
DR 51-,hallmark,gs_ind_0,p53 Pathway,11/41,0.001615055854862858,0.025302541726184777,3.5227734763614342,22.645746773122212,-,DR 51,0.019388538983591143,True
DR 52+,lab,gs_ind_0,MP14_EMT_3,10/33,0.0009428054085102686,0.013431066009495694,4.16904004020774,29.04424550712454,+,DR 52,0.013236880493272376,True
DR 52+,lab,gs_ind_0,MP19_EPITHELIAL_SENESCENCE,10/34,0.001221006000863245,0.013431066009495694,3.996625421822272,26.80968373566166,+,DR 52,0.01615333576444046,True
DR 52+,lab,gs_ind_0,MP25_ASTROCYTES,9/31,0.0023774452607899232,0.01733315560791669,3.9212648680011606,23.691218837052602,+,DR 52,0.026357818324348126,True
DR 52+,lab,gs_ind_0,MP38_GLUTATHIONE,6/16,0.0031514828378030346,0.01733315560791669,5.698739135757131,32.82406608056813,+,DR 52,0.033652237106594485,True
DR 52-,lab,gs_ind_0,MP14_EMT_3,15/33,1.229685576790037e-07,1.4141384133085424e-06,8.050921541487579,128.10092695747232,-,DR 52,7.435448493768468e-06,True
DR 52-,lab,gs_ind_0,MP17_INTERFERON_MHC_II_1,14/39,1.0070000412475013e-05,7.720333649564177e-05,5.413394312148452,62.286243258797576,-,DR 52,0.00033083308021784576,True
DR 52-,lab,gs_ind_0,MP18_INTERFERON_MHC_II_2,18/39,4.509270668161523e-09,1.0371322536771503e-07,8.390124243389614,161.23411174875113,-,DR 52,3.798578778239314e-07,True
DR 52-,lab,gs_ind_0,MP19_EPITHELIAL_SENESCENCE,10/34,0.001221006000863245,0.007020784504963659,3.996625421822272,26.80968373566166,-,DR 52,0.01615333576444046,True
DR 53+,lab,gs_ind_0,MP14_EMT_3,11/33,0.0002037343019374309,0.0014940515475411601,4.796892406918792,40.76732001946161,+,DR 53,0.004064788015982427,True
DR 53+,lab,gs_ind_0,MP17_INTERFERON_MHC_II_1,15/39,1.7212191936827911e-06,1.8933411130510702e-05,6.058804114637769,80.41534240753616,+,DR 53,7.573364452204281e-05,True
DR 53+,lab,gs_ind_0,MP18_INTERFERON_MHC_II_2,17/39,3.6371954452703464e-08,8.001829979594762e-07,7.538298516500151,129.12704201685682,+,DR 53,2.5790070725600383e-06,True
DR 53+,lab,gs_ind_0,MP39_METAL_RESPONSE,11/36,0.00048220540078602886,0.002652129704323159,4.225412592477625,32.27006918277949,+,DR 53,0.007765713121155393,True
DR 53-,lab,gs_ind_0,MP14_EMT_3,12/33,3.8597747293638025e-05,0.0008491504404600365,5.4885571525507375,55.77645569997501,-,DR 53,0.0010393972604538153,True
DR 53-,lab,gs_ind_0,MP18_INTERFERON_MHC_II_2,10/39,0.0037833511417090637,0.02080843127939985,3.3098892299479514,18.459732555536906,-,DR 53,0.0374177639881361,True
DR 53-,lab,gs_ind_0,MP19_EPITHELIAL_SENESCENCE,9/34,0.0047390928215212845,0.020852008414693653,3.454103312343214,18.486048502140196,-,DR 53,0.04377553781528939,True
DR 53-,lab,gs_ind_0,MP25_ASTROCYTES,9/31,0.0023774452607899232,0.017434598579126104,3.9212648680011606,23.691218837052602,-,DR 53,0.026357818324348126,True
DR 53-,lab,gs_ind_0,MP39_METAL_RESPONSE,12/36,0.0001036536031328951,0.0011401896344618461,4.808368970930547,44.11416934971605,-,DR 53,0.002311334643614964,True
DR 54+,lab,gs_ind_0,MP11_TRANSLATION_INITIATION,3/4,0.0036541598583761372,0.018270799291880684,21.259915611814346,119.30828811722127,+,DR 54,0.0370910397159168,True
DR 54+,lab,gs_ind_0,MP14_EMT_3,13/33,6.4337134633546384e-06,8.042141829193297e-05,6.253463414634147,74.75364317099516,+,DR 54,0.00023567666284704875,True
DR 54+,lab,gs_ind_0,MP15_EMT_4,10/35,0.001562793682829515,0.009767460517684469,3.837733518604292,24.796671738647785,+,DR 54,0.019388538983591143,True
DR 54+,lab,gs_ind_0,MP17_INTERFERON_MHC_II_1,15/39,1.7212191936827911e-06,4.303047984206978e-05,6.058804114637769,80.41534240753616,+,DR 54,7.573364452204281e-05,True
DR 54+,lab,gs_ind_0,MP18_INTERFERON_MHC_II_2,12/39,0.00024661083831353385,0.0020550903192794487,4.276585483482036,35.528585018148014,+,DR 54,0.004822611949242439,True
DR 54+,hallmark,gs_ind_0,Adipogenesis,8/27,0.0036112996556440864,0.07870429113826054,4.034032634032634,22.686139124561574,+,DR 54,0.0370910397159168,True
DR 54+,hallmark,gs_ind_0,Glycolysis,11/40,0.0012931995232216237,0.062073577114637936,3.644246679486606,24.23655772505855,+,DR 54,0.016617698175843968,True
DR 54+,hallmark,gs_ind_0,Wnt-beta Catenin Signaling,4/8,0.004919018196141284,0.07870429113826054,9.142493638676845,48.58912019089625,+,DR 54,0.04447040149647784,True
DR 54-,lab,gs_ind_0,MP14_EMT_3,14/33,9.460900596399045e-07,2.0813981312077897e-05,7.102976558740634,98.52487694311493,-,DR 54,4.461561544407128e-05,True
DR 54-,lab,gs_ind_0,MP18_INTERFERON_MHC_II_2,11/39,0.0010260460463652652,0.011286506510017917,3.7742443179188077,25.974510381561768,-,DR 54,0.014104197814471486,True
DR 55+,lab,gs_ind_0,MP14_EMT_3,12/33,3.8597747293638025e-05,0.0008491504404600365,5.4885571525507375,55.77645569997501,+,DR 55,0.0010393972604538153,True
DR 55+,lab,gs_ind_0,MP19_EPITHELIAL_SENESCENCE,11/34,0.00027512398686312437,0.003026363855494368,4.590186942120923,37.63167774116129,+,DR 55,0.005244916855943818,True
DR 55-,lab,gs_ind_0,MP14_EMT_3,13/33,6.4337134633546384e-06,7.077084809690102e-05,6.253463414634147,74.75364317099516,-,DR 55,0.00023567666284704875,True
DR 55-,lab,gs_ind_0,MP17_INTERFERON_MHC_II_1,13/39,5.2741167275285944e-05,0.00038676856001876363,4.821283018867924,47.490188541624946,-,DR 55,0.001332863960680047,True
DR 55-,lab,gs_ind_0,MP18_INTERFERON_MHC_II_2,16/39,2.63943192654869e-07,5.806750238407118e-06,6.764400622729632,102.46397446267132,-,DR 55,1.4697311337889204e-05,True
DR 55-,lab,gs_ind_0,MP19_EPITHELIAL_SENESCENCE,9/34,0.0047390928215212845,0.020852008414693653,3.454103312343214,18.486048502140196,-,DR 55,0.04377553781528939,True
DR 55-,lab,gs_ind_0,MP23_SECRETED_2,11/45,0.003620292729714398,0.019911610013429188,3.1072999120492524,17.466755483212417,-,DR 55,0.0370910397159168,True
DR 55-,hallmark,gs_ind_0,Estrogen Response Early,13/49,0.0006860119522520405,0.03087053785134182,3.4806575342465753,25.35525184951136,-,DR 55,0.010152152854949116,True
DR 55-,hallmark,gs_ind_0,Estrogen Response Late,14/64,0.0032686442862646012,0.07354449644095352,2.695007034215486,15.42454928240058,-,DR 55,0.034381812257656255,True
DR 56+,lab,gs_ind_0,MP14_EMT_3,14/33,9.460900596399045e-07,1.8921801192798087e-05,7.102976558740634,98.52487694311493,+,DR 56,4.461561544407128e-05,True
DR 56+,hallmark,gs_ind_0,Estrogen Response Early,12/49,0.002351442988433525,0.04938030275710403,3.118479221927498,18.87530058397867,+,DR 56,0.026357818324348126,True
DR 56+,hallmark,gs_ind_0,Glycolysis,11/40,0.0012931995232216237,0.04938030275710403,3.644246679486606,24.23655772505855,+,DR 56,0.016617698175843968,True
DR 56-,lab,gs_ind_0,MP14_EMT_3,11/33,0.0002037343019374309,0.0021392101703430247,4.796892406918792,40.76732001946161,-,DR 56,0.004064788015982427,True
DR 56-,lab,gs_ind_0,MP17_INTERFERON_MHC_II_1,11/39,0.0010260460463652652,0.007182322324556857,3.7742443179188077,25.974510381561768,-,DR 56,0.014104197814471486,True
DR 56-,lab,gs_ind_0,MP18_INTERFERON_MHC_II_2,14/39,1.0070000412475013e-05,0.00021147000866197528,5.413394312148452,62.286243258797576,-,DR 56,0.00033083308021784576,True
DR 56-,lab,gs_ind_0,MP19_EPITHELIAL_SENESCENCE,9/34,0.0047390928215212845,0.021934776204948606,3.454103312343214,18.486048502140196,-,DR 56,0.04377553781528939,True
DR 56-,hallmark,gs_ind_0,Estrogen Response Early,13/49,0.0006860119522520405,0.03155654980359386,3.4806575342465753,25.35525184951136,-,DR 56,0.010152152854949116,True
DR 56-,hallmark,gs_ind_0,p53 Pathway,10/41,0.005580610012282945,0.12835403028250775,3.096237970253718,16.064698150559607,-,DR 56,0.04937387098838483,True
DR 57+,lab,gs_ind_0,MP17_INTERFERON_MHC_II_1,13/39,5.2741167275285944e-05,0.0005801528400281454,4.821283018867924,47.490188541624946,+,DR 57,0.001332863960680047,True
DR 57+,lab,gs_ind_0,MP18_INTERFERON_MHC_II_2,17/39,3.6371954452703464e-08,8.001829979594762e-07,7.538298516500151,129.12704201685682,+,DR 57,2.5790070725600383e-06,True
DR 57+,lab,gs_ind_0,MP19_EPITHELIAL_SENESCENCE,10/34,0.001221006000863245,0.008954044006330463,3.996625421822272,26.80968373566166,+,DR 57,0.01615333576444046,True
DR 57+,hallmark,gs_ind_0,Estrogen Response Early,12/49,0.002351442988433525,0.03527164482650288,3.118479221927498,18.87530058397867,+,DR 57,0.026357818324348126,True
DR 57+,hallmark,gs_ind_0,Glycolysis,11/40,0.0012931995232216237,0.03527164482650288,3.644246679486606,24.23655772505855,+,DR 57,0.016617698175843968,True
DR 57+,hallmark,gs_ind_0,Hypoxia,14/61,0.0020198954677119072,0.03527164482650288,2.87012840412022,17.80831302567982,+,DR 57,0.023504238169738557,True
DR 57-,lab,gs_ind_0,MP14_EMT_3,11/33,0.0002037343019374309,0.0027512398686312437,4.796892406918792,40.76732001946161,-,DR 57,0.004064788015982427,True
DR 57-,lab,gs_ind_0,MP19_EPITHELIAL_SENESCENCE,11/34,0.00027512398686312437,0.0027512398686312437,4.590186942120923,37.63167774116129,-,DR 57,0.005244916855943818,True
DR 57-,lab,gs_ind_0,MP25_ASTROCYTES,10/31,0.0005406708160615204,0.0036044721070768028,4.561984984435085,34.31844415681465,-,DR 57,0.008567285471225634,True
DR 57-,hallmark,gs_ind_0,Estrogen Response Early,12/49,0.002351442988433525,0.1034634914910751,3.118479221927498,18.87530058397867,-,DR 57,0.026357818324348126,True
DR 58+,lab,gs_ind_0,MP11_TRANSLATION_INITIATION,3/4,0.0036541598583761372,0.03045133215313448,21.259915611814346,119.30828811722127,+,DR 58,0.0370910397159168,True
DR 58+,lab,gs_ind_0,MP14_EMT_3,14/33,9.460900596399045e-07,2.365225149099761e-05,7.102976558740634,98.52487694311493,+,DR 58,4.461561544407128e-05,True
DR 58+,lab,gs_ind_0,MP39_METAL_RESPONSE,11/36,0.00048220540078602886,0.006027567509825361,4.225412592477625,32.27006918277949,+,DR 58,0.007765713121155393,True
DR 58+,hallmark,gs_ind_0,Glycolysis,10/40,0.004613401681204881,0.053054119333856134,3.1995611204337164,17.209766726361703,+,DR 58,0.04334574544323671,True
DR 58+,hallmark,gs_ind_0,Hypoxia,14/61,0.0020198954677119072,0.03097173050491591,2.87012840412022,17.80831302567982,+,DR 58,0.023504238169738557,True
DR 58+,hallmark,gs_ind_0,Reactive Oxygen Species Pathway,5/10,0.0015777264868780162,0.03097173050491591,9.184143222506394,59.25398339743649,+,DR 58,0.019388538983591143,True
DR 58+,hallmark,gs_ind_0,p53 Pathway,12/41,0.0004154095278364417,0.01910883828047632,3.9821516881715597,31.00601149959369,+,DR 58,0.007132885551142804,True
DR 58-,lab,gs_ind_0,MP12_EMT_1,13/47,0.00044081509382605446,0.002314279242586786,3.6866086956521738,28.486001648149458,-,DR 58,0.007377520892039477,True
DR 58-,lab,gs_ind_0,MP14_EMT_3,17/33,1.4398960331151302e-09,3.023781669541774e-08,10.314177194286186,209.98318690283074,-,DR 58,1.3645783944598772e-07,True
DR 58-,lab,gs_ind_0,MP18_INTERFERON_MHC_II_2,13/39,5.2741167275285944e-05,0.0003691881709270016,4.821283018867924,47.490188541624946,-,DR 58,0.001332863960680047,True
DR 58-,lab,gs_ind_0,MP25_ASTROCYTES,9/31,0.0023774452607899232,0.008321058412764731,3.9212648680011606,23.691218837052602,-,DR 58,0.026357818324348126,True
DR 58-,lab,gs_ind_0,MP39_METAL_RESPONSE,13/36,1.972636758902038e-05,0.000207126859684714,5.445957446808511,58.999076046925126,-,DR 58,0.0006113933300546694,True
DR 58-,lab,gs_ind_0,MP6_HYPOXIA,9/29,0.0014111478308291778,0.005926820889482547,4.308667133668726,28.27929836550699,-,DR 58,0.017899965277544883,True
DR 59+,lab,gs_ind_0,MP14_EMT_3,11/33,0.0002037343019374309,0.0014261401135620163,4.796892406918792,40.76732001946161,+,DR 59,0.004064788015982427,True
DR 59+,lab,gs_ind_0,MP18_INTERFERON_MHC_II_2,13/39,5.2741167275285944e-05,0.0005718820876562077,4.821283018867924,47.490188541624946,+,DR 59,0.001332863960680047,True
DR 59+,lab,gs_ind_0,MP19_EPITHELIAL_SENESCENCE,12/34,5.446496072916264e-05,0.0005718820876562077,5.241674034777483,51.46250923854648,+,DR 59,0.0013659202365054121,True
DR 59+,hallmark,gs_ind_0,Glycolysis,11/40,0.0012931995232216237,0.05690077902175144,3.644246679486606,24.23655772505855,+,DR 59,0.016617698175843968,True
DR 59-,lab,gs_ind_0,MP10_PROTEIN_MATURATION,7/13,9.181317825896858e-05,0.0006732966405657696,10.700655933214072,99.47067286211808,-,DR 59,0.0021545492498104626,True
DR 59-,lab,gs_ind_0,MP14_EMT_3,9/33,0.003807834545464743,0.01675447200004487,3.5971119518303403,20.038412169513247,-,DR 59,0.0374177639881361,True
DR 59-,lab,gs_ind_0,MP15_EMT_4,11/35,0.0003665367959475713,0.002015952377711642,4.400355392816757,34.81302289008058,-,DR 59,0.0065923114249256615,True
DR 59-,lab,gs_ind_0,MP17_INTERFERON_MHC_II_1,13/39,5.2741167275285944e-05,0.0005801528400281454,4.821283018867924,47.490188541624946,-,DR 59,0.001332863960680047,True
DR 59-,lab,gs_ind_0,MP18_INTERFERON_MHC_II_2,16/39,2.63943192654869e-07,5.806750238407118e-06,6.764400622729632,102.46397446267132,-,DR 59,1.4697311337889204e-05,True
DR 59-,lab,gs_ind_0,MP19_EPITHELIAL_SENESCENCE,9/34,0.0047390928215212845,0.017376673678911377,3.454103312343214,18.486048502140196,-,DR 59,0.04377553781528939,True
DR 59-,hallmark,gs_ind_0,Glycolysis,11/40,0.0012931995232216237,0.04544764802351791,3.644246679486606,24.23655772505855,-,DR 59,0.016617698175843968,True
DR 59-,hallmark,gs_ind_0,Hypoxia,14/61,0.0020198954677119072,0.04544764802351791,2.87012840412022,17.80831302567982,-,DR 59,0.023504238169738557,True
DR 59-,hallmark,gs_ind_0,p53 Pathway,10/41,0.005580610012282945,0.08164461551438763,3.096237970253718,16.064698150559607,-,DR 59,0.04937387098838483,True
DR 60+,lab,gs_ind_0,MP14_EMT_3,13/33,6.4337134633546384e-06,0.00012084000494970016,6.253463414634147,74.75364317099516,+,DR 60,0.00023567666284704875,True
DR 60+,lab,gs_ind_0,MP17_INTERFERON_MHC_II_1,13/39,5.2741167275285944e-05,0.00042192933820228755,4.821283018867924,47.490188541624946,+,DR 60,0.001332863960680047,True
DR 60+,lab,gs_ind_0,MP18_INTERFERON_MHC_II_2,14/39,1.0070000412475013e-05,0.00012084000494970016,5.413394312148452,62.286243258797576,+,DR 60,0.00033083308021784576,True
DR 60+,lab,gs_ind_0,MP19_EPITHELIAL_SENESCENCE,9/34,0.0047390928215212845,0.022747645543302164,3.454103312343214,18.486048502140196,+,DR 60,0.04377553781528939,True
DR 60+,lab,gs_ind_0,MP5_STRESS,11/37,0.0006269497186846939,0.0037616983121081635,4.0636730223527655,29.968142742013214,+,DR 60,0.009609978891689493,True
DR 60+,hallmark,gs_ind_0,Cholesterol Homeostasis,6/17,0.004470933080813283,0.04700309186774702,5.200290600201185,28.13439456903835,+,DR 60,0.04253428228233177,True
DR 60+,hallmark,gs_ind_0,Glycolysis,11/40,0.0012931995232216237,0.03633875673441431,3.644246679486606,24.23655772505855,+,DR 60,0.016617698175843968,True
DR 60+,hallmark,gs_ind_0,p53 Pathway,11/41,0.001615055854862858,0.03633875673441431,3.5227734763614342,22.645746773122212,+,DR 60,0.019388538983591143,True
DR 60-,lab,gs_ind_0,MP11_TRANSLATION_INITIATION,3/4,0.0036541598583761372,0.029680701589428735,21.259915611814346,119.30828811722127,-,DR 60,0.0370910397159168,True
DR 60-,lab,gs_ind_0,MP14_EMT_3,9/33,0.003807834545464743,0.029680701589428735,3.5971119518303403,20.038412169513247,-,DR 60,0.0374177639881361,True
DR 60-,lab,gs_ind_0,MP19_EPITHELIAL_SENESCENCE,9/34,0.0047390928215212845,0.029680701589428735,3.454103312343214,18.486048502140196,-,DR 60,0.04377553781528939,True
DR 60-,hallmark,gs_ind_0,Cholesterol Homeostasis,6/17,0.004470933080813283,0.04113258434348221,5.200290600201185,28.13439456903835,-,DR 60,0.04253428228233177,True
DR 60-,hallmark,gs_ind_0,Glycolysis,12/40,0.00032173233465304283,0.01479968739403997,4.124203080645912,33.16597763632865,-,DR 60,0.005883105547941354,True
DR 60-,hallmark,gs_ind_0,Hypoxia,15/61,0.0006459320302324772,0.014856436695346977,3.152740341419587,23.15629857389903,-,DR 60,0.009749320199037206,True
DR 60-,hallmark,gs_ind_0,Reactive Oxygen Species Pathway,5/10,0.0015777264868780162,0.022351196754882594,9.184143222506394,59.25398339743649,-,DR 60,0.019388538983591143,True
DR 60-,hallmark,gs_ind_0,mTORC1 Signaling,12/48,0.00194358232651153,0.022351196754882594,3.2057338032774974,20.014109245003937,-,DR 60,0.02310729482520825,True
DR 60-,hallmark,gs_ind_0,p53 Pathway,10/41,0.005580610012282945,0.042784676760835916,3.096237970253718,16.064698150559607,-,DR 60,0.04937387098838483,True
DR 61+,lab,gs_ind_0,MP14_EMT_3,13/33,6.4337134633546384e-06,0.00014154169619380204,6.253463414634147,74.75364317099516,+,DR 61,0.00023567666284704875,True
DR 61+,lab,gs_ind_0,MP19_EPITHELIAL_SENESCENCE,10/34,0.001221006000863245,0.008954044006330463,3.996625421822272,26.80968373566166,+,DR 61,0.01615333576444046,True
DR 61+,lab,gs_ind_0,MP39_METAL_RESPONSE,12/36,0.0001036536031328951,0.0011401896344618461,4.808368970930547,44.11416934971605,+,DR 61,0.002311334643614964,True
DR 61-,lab,gs_ind_0,MP14_EMT_3,10/33,0.0009428054085102686,0.007228174798578726,4.16904004020774,29.04424550712454,-,DR 61,0.013236880493272376,True
DR 61-,lab,gs_ind_0,MP17_INTERFERON_MHC_II_1,15/39,1.7212191936827911e-06,3.95880414547042e-05,6.058804114637769,80.41534240753616,-,DR 61,7.573364452204281e-05,True
DR 61-,lab,gs_ind_0,MP18_INTERFERON_MHC_II_2,14/39,1.0070000412475013e-05,0.00011580500474346266,5.413394312148452,62.286243258797576,-,DR 61,0.00033083308021784576,True
DR 61-,lab,gs_ind_0,MP19_EPITHELIAL_SENESCENCE,9/34,0.0047390928215212845,0.027249783723747388,3.454103312343214,18.486048502140196,-,DR 61,0.04377553781528939,True
DR 61-,hallmark,gs_ind_0,Estrogen Response Early,13/49,0.0006860119522520405,0.015092262949544891,3.4806575342465753,25.35525184951136,-,DR 61,0.010152152854949116,True
DR 61-,hallmark,gs_ind_0,Estrogen Response Late,14/64,0.0032686442862646012,0.03595508714891061,2.695007034215486,15.42454928240058,-,DR 61,0.034381812257656255,True
DR 61-,hallmark,gs_ind_0,Glycolysis,13/40,7.132734685467942e-05,0.0031384032616058946,4.643345454545455,44.33573388785754,-,DR 61,0.0016980732623181653,True
DR 61-,hallmark,gs_ind_0,Interferon Alpha Response,11/40,0.0012931995232216237,0.018966926340583817,3.644246679486606,24.23655772505855,-,DR 61,0.016617698175843968,True
DR 62+,lab,gs_ind_0,MP12_EMT_1,12/47,0.0015956830393014216,0.00957409823580853,3.2979041356894685,21.23999789238365,+,DR 62,0.019388538983591143,True
DR 62+,lab,gs_ind_0,MP14_EMT_3,13/33,6.4337134633546384e-06,5.146970770683711e-05,6.253463414634147,74.75364317099516,+,DR 62,0.00023567666284704875,True
DR 62+,lab,gs_ind_0,MP17_INTERFERON_MHC_II_1,15/39,1.7212191936827911e-06,2.0654630324193494e-05,6.058804114637769,80.41534240753616,+,DR 62,7.573364452204281e-05,True
DR 62+,lab,gs_ind_0,MP18_INTERFERON_MHC_II_2,18/39,4.509270668161523e-09,1.0822249603587656e-07,8.390124243389614,161.23411174875113,+,DR 62,3.798578778239314e-07,True
DR 62+,hallmark,gs_ind_0,Estrogen Response Late,14/64,0.0032686442862646012,0.14055170430937786,2.695007034215486,15.42454928240058,+,DR 62,0.034381812257656255,True
DR 62-,lab,gs_ind_0,MP14_EMT_3,9/33,0.003807834545464743,0.020852008414693653,3.5971119518303403,20.038412169513247,-,DR 62,0.0374177639881361,True
DR 62-,lab,gs_ind_0,MP17_INTERFERON_MHC_II_1,13/39,5.2741167275285944e-05,0.0005801528400281454,4.821283018867924,47.490188541624946,-,DR 62,0.001332863960680047,True
DR 62-,lab,gs_ind_0,MP18_INTERFERON_MHC_II_2,13/39,5.2741167275285944e-05,0.0005801528400281454,4.821283018867924,47.490188541624946,-,DR 62,0.001332863960680047,True
DR 62-,lab,gs_ind_0,MP19_EPITHELIAL_SENESCENCE,9/34,0.0047390928215212845,0.020852008414693653,3.454103312343214,18.486048502140196,-,DR 62,0.04377553781528939,True
DR 62-,lab,gs_ind_0,MP25_ASTROCYTES,9/31,0.0023774452607899232,0.017434598579126104,3.9212648680011606,23.691218837052602,-,DR 62,0.026357818324348126,True
DR 62-,hallmark,gs_ind_0,Glycolysis,10/40,0.004613401681204881,0.1560319318719408,3.1995611204337164,17.209766726361703,-,DR 62,0.04334574544323671,True
DR 63+,hallmark,gs_ind_0,Estrogen Response Early,12/49,0.002351442988433525,0.031021245367254546,3.118479221927498,18.87530058397867,+,DR 63,0.026357818324348126,True
DR 63+,hallmark,gs_ind_0,Estrogen Response Late,15/64,0.0011107953964648305,0.022771305627529024,2.9566010509406735,20.11280772356416,+,DR 63,0.014997259489804614,True
DR 63+,hallmark,gs_ind_0,Oxidative Phosphorylation,4/5,0.00044837002986319467,0.01838317122439098,27.47328244274809,211.81603246804076,+,DR 63,0.007377520892039477,True
DR 63+,hallmark,gs_ind_0,UV Response Up,9/32,0.00302646296265898,0.031021245367254546,3.7522915393589247,21.76464430625097,+,DR 63,0.03267121463304152,True
DR 63-,lab,gs_ind_0,MP14_EMT_3,19/33,1.0331302799865374e-11,2.5828256999663434e-10,13.237104588201767,334.8437157665482,-,DR 63,1.5428078847798959e-09,True
DR 63-,lab,gs_ind_0,MP18_INTERFERON_MHC_II_2,10/39,0.0037833511417090637,0.04099181830117737,3.3098892299479514,18.459732555536906,-,DR 63,0.0374177639881361,True
DR 63-,lab,gs_ind_0,MP3_CELL_CYCLE_HMG_RICH,4/8,0.004919018196141284,0.04099181830117737,9.142493638676845,48.58912019089625,-,DR 63,0.04447040149647784,True
DR 63-,hallmark,gs_ind_0,Cholesterol Homeostasis,6/17,0.004470933080813283,0.10378483483134564,5.200290600201185,28.13439456903835,-,DR 63,0.04253428228233177,True
DR 64+,lab,gs_ind_0,MP14_EMT_3,16/33,1.4142841707068578e-08,3.252853592625773e-07,9.114285714285714,164.7321215858455,+,DR 64,1.0722449835759071e-06,True
DR 64+,lab,gs_ind_0,MP17_INTERFERON_MHC_II_1,10/39,0.0037833511417090637,0.017403415251861693,3.3098892299479514,18.459732555536906,+,DR 64,0.0374177639881361,True
DR 64+,lab,gs_ind_0,MP18_INTERFERON_MHC_II_2,13/39,5.2741167275285944e-05,0.0004043489491105256,4.821283018867924,47.490188541624946,+,DR 64,0.001332863960680047,True
DR 64+,lab,gs_ind_0,MP19_EPITHELIAL_SENESCENCE,13/34,9.507855995176341e-06,0.00010934034394452792,5.959255813953488,68.90921192411501,+,DR 64,0.00032651368880995825,True
DR 64+,lab,gs_ind_0,MP39_METAL_RESPONSE,12/36,0.0001036536031328951,0.0005960082180141469,4.808368970930547,44.11416934971605,+,DR 64,0.002311334643614964,True
DR 64+,hallmark,gs_ind_0,Estrogen Response Early,13/49,0.0006860119522520405,0.01543526892567091,3.4806575342465753,25.35525184951136,+,DR 64,0.010152152854949116,True
DR 64+,hallmark,gs_ind_0,p53 Pathway,13/41,9.534578445982856e-05,0.004290560300692285,4.477894736842106,41.456351435534096,+,DR 64,0.0022059000037185274,True
DR 64-,lab,gs_ind_0,MP14_EMT_3,11/33,0.0002037343019374309,0.00316392584892593,4.796892406918792,40.76732001946161,-,DR 64,0.004064788015982427,True
DR 64-,lab,gs_ind_0,MP19_EPITHELIAL_SENESCENCE,11/34,0.00027512398686312437,0.00316392584892593,4.590186942120923,37.63167774116129,-,DR 64,0.005244916855943818,True
DR 64-,lab,gs_ind_0,MP39_METAL_RESPONSE,10/36,0.0019784045605385483,0.015167768297462204,3.6908334571386123,22.977152797893527,-,DR 64,0.0233802821926474,True
DR 64-,hallmark,gs_ind_0,p53 Pathway,11/41,0.001615055854862858,0.06783234590424005,3.5227734763614342,22.645746773122212,-,DR 64,0.019388538983591143,True
