factor,Gene_set,Term,P-value,Adjusted P-value,Old P-value,Old adjusted P-value,Odds Ratio,Combined Score,Genes
DR 1+,GO_Biological_Process_2023,T Cell Receptor Signaling Pathway (GO:0050852),1.6057105347903843e-06,0.0008996201457605899,0,0,9.484848484848484,126.54631921646849,ITK;PTPRC;LCK;TRBC2;TXK;TRBC1;CD28;CD3G;CD3E;CD3D
DR 1+,GO_Biological_Process_2023,T Cell Activation (GO:0042110),2.4885757835700965e-06,0.0008996201457605899,0,0,6.8660933660933665,88.59869547850528,ITK;PTPRC;LCK;TRBC2;TRBC1;CD7;CD28;RHOH;CCR7;CD3G;CD3E;CD3D
DR 1+,GO_Biological_Process_2023,Alpha-Beta T Cell Activation (GO:0046631),1.4072596228396998e-05,0.0033914956910436767,0,0,33.280701754385966,371.78807721874773,TRBC2;TRBC1;CD3G;CD3E;CD3D
DR 2+,GO_Biological_Process_2023,Regulation Of Lymphocyte Activation (GO:0051249),1.2439710040213076e-08,9.006350069114267e-06,0,0,41.21739130434783,750.2542918054718,KLRC2;KLRC3;LCK;SIT1;CRTAM;KLRD1;KLRC1;IKZF3
DR 2+,GO_Biological_Process_2023,T Cell Receptor Signaling Pathway (GO:0050852),1.5170671261423887e-07,5.491782996635447e-05,0,0,11.058855002675227,173.6385847618298,PTPRC;CD8B;CD8A;LCK;TRBC2;THEMIS;CTLA4;CD3G;PTPN22;CD3E;CD3D
DR 2+,GO_Biological_Process_2023,T Cell Activation (GO:0042110),3.2909951316820474e-07,7.942268251126009e-05,0,0,7.73690932311622,115.48811556830034,CRTAM;CD3G;PTPN22;CD3E;SLA2;CD3D;CD2;PTPRC;CD8B;CD8A;LCK;TRBC2;CD7
DR 2+,GO_Biological_Process_2023,Regulation Of Natural Killer Cell Activation (GO:0032814),2.4059653434271885e-06,0.0004354797271603211,0,0,30.25531914893617,391.42998698352,ZNF683;KLRC2;KLRC3;PTPN22;KLRD1;KLRC1
DR 2+,GO_Biological_Process_2023,Alpha-Beta T Cell Activation (GO:0046631),1.4072596228396998e-05,0.0020377119338718854,0,0,33.280701754385966,371.78807721874773,TRBC2;NKG7;CD3G;CD3E;CD3D
DR 2+,GO_Biological_Process_2023,Antigen Receptor-Mediated Signaling Pathway (GO:0050851),2.3771912313047864e-05,0.0026057244238726295,0,0,5.261363636363637,56.01776930554672,PTPRC;CD8B;CD8A;LCK;TRBC2;THEMIS;CTLA4;CD3G;PTPN22;CD3E;SLA2;CD3D
DR 2+,GO_Biological_Process_2023,Regulation Of T Cell Activation (GO:0050863),2.519346818661382e-05,0.0026057244238726295,0,0,7.417582417582418,78.54422980541028,CD2;SIT1;LCK;CCL5;SIRPG;CRTAM;PTPN22;TNFRSF1B;TIGIT
DR 2+,GO_Biological_Process_2023,Natural Killer Cell Mediated Immunity (GO:0002228),5.841428530078328e-05,0.005286492819720887,0,0,19.94736842105263,194.44595172999095,CD2;KLRC2;GZMB;NKG7;KLRD1
DR 2+,GO_Biological_Process_2023,Regulation Of Natural Killer Cell Mediated Cytotoxicity (GO:0042269),7.169109186907215e-05,0.0057671500570231375,0,0,12.063829787234043,115.12686557238213,KLRC2;KLRC3;CRTAM;KLRD1;KLRC1;KIR2DL4
DR 2+,GO_Biological_Process_2023,Negative Regulation Of Leukocyte Mediated Cytotoxicity (GO:0001911),8.181450708587026e-05,0.005923370313017007,0,0,39.541666666666664,372.12883861533135,PTPRC;KLRD1;KLRC1;KIR2DL4
DR 2+,GO_Biological_Process_2023,Negative Regulation Of Natural Killer Cell Mediated Immunity (GO:0002716),0.00012145241724754159,0.007993777280656374,0,0,inf,inf,KLRD1;KLRC1;KIR2DL4
DR 2+,GO_Biological_Process_2023,Lymphocyte Mediated Immunity (GO:0002449),0.0003530788440695878,0.021302423592198465,0,0,19.75,156.9891786404046,KLRC2;CD8A;KLRD1;SLA2
DR 2+,GO_Biological_Process_2023,Positive Regulation Of Natural Killer Cell Mediated Immunity (GO:0002717),0.0003950178597139277,0.021999456187144897,0,0,11.058479532163743,86.6606548833963,KLRC2;KLRC3;CRTAM;KLRD1;KIR2DL4
DR 2+,GO_Biological_Process_2023,Negative Regulation Of Natural Killer Cell Mediated Cytotoxicity (GO:0045953),0.00046811653426905627,0.02259442472071978,0,0,58.7319587628866,450.2857872458315,KLRD1;KLRC1;KIR2DL4
DR 2+,GO_Biological_Process_2023,Negative Regulation Of T Cell Mediated Cytotoxicity (GO:0001915),0.00046811653426905627,0.02259442472071978,0,0,58.7319587628866,450.2857872458315,PTPRC;KLRD1;KLRC1
DR 2+,GO_Biological_Process_2023,Regulation Of Lymphocyte Differentiation (GO:0045619),0.0006112157595893195,0.026030600584862784,0,0,15.791666666666666,116.85928929412923,ZNF683;CD2;CRTAM;IKZF3
DR 2+,GO_Biological_Process_2023,Natural Killer Cell Mediated Cytotoxicity (GO:0042267),0.0006112157595893195,0.026030600584862784,0,0,15.791666666666666,116.85928929412923,CD2;GZMB;NKG7;CORO1A
DR 2+,GO_Biological_Process_2023,Positive Regulation Of Cell-Cell Adhesion (GO:0022409),0.0007953202530924244,0.03198954795771751,0,0,9.038277511961722,64.50406884720583,LCK;CCL5;SIRPG;CD3E;CXCL13
DR 2+,GO_Biological_Process_2023,Apoptotic Process (GO:0006915),0.0009973034600280549,0.03800251079264799,0,0,4.633540372670807,32.019874372860976,CD2;IFNG;GZMA;PRF1;GZMB;FASLG;PDCD1;GZMH
DR 2+,GO_Biological_Process_2023,Regulation Of Cell-Cell Adhesion Mediated By Integrin (GO:0033632),0.0011277550837606493,0.040824734032135504,0,0,29.350515463917525,199.217394861114,CCL5;CD3E;CXCL13
DR 4-,GO_Biological_Process_2023,Immunoglobulin Mediated Immune Response (GO:0016064),1.1880571857289889e-13,9.908396928979767e-11,0,0,47.16858237547893,1403.7977105262307,CD74;HLA-DRB5;HLA-DMA;HLA-DMB;CD19;HLA-DRA;FCGR2B;HLA-DOB;HLA-DQA2;HLA-DQA1;HLA-DRB1;HLA-DPA1;GAPT
DR 4-,GO_Biological_Process_2023,Immunoglobulin Production Involved In Immunoglobulin-Mediated Immune Response (GO:0002381),6.615325049279324e-13,2.758590545549478e-10,0,0,211.0,5917.329844887822,HLA-DRB5;HLA-DMA;HLA-DMB;HLA-DRA;HLA-DOB;HLA-DQA2;HLA-DQA1;HLA-DRB1;GAPT;HLA-DPA1
DR 4-,GO_Biological_Process_2023,MHC Class II Protein Complex Assembly (GO:0002399),1.3158670066773884e-11,2.194866167137884e-09,0,0,187.8131868131868,4705.460361311004,HLA-DRB5;HLA-DMA;HLA-DMB;HLA-DRA;HLA-DOB;HLA-DQA2;HLA-DQA1;HLA-DRB1;HLA-DPA1
DR 4-,GO_Biological_Process_2023,Peptide Antigen Assembly With MHC Class II Protein Complex (GO:0002503),1.3158670066773884e-11,2.194866167137884e-09,0,0,187.8131868131868,4705.460361311004,HLA-DRB5;HLA-DMA;HLA-DMB;HLA-DRA;HLA-DOB;HLA-DQA2;HLA-DQA1;HLA-DRB1;HLA-DPA1
DR 4-,GO_Biological_Process_2023,Peptide Antigen Assembly With MHC Protein Complex (GO:0002501),1.3158670066773884e-11,2.194866167137884e-09,0,0,187.8131868131868,4705.460361311004,HLA-DRB5;HLA-DMA;HLA-DMB;HLA-DRA;HLA-DOB;HLA-DQA2;HLA-DQA1;HLA-DRB1;HLA-DPA1
DR 4-,GO_Biological_Process_2023,B Cell Activation (GO:0042113),9.18046128451805e-11,1.276084118548009e-08,0,0,16.11627906976744,372.4691044069653,CD86;CD40;MEF2C;CD70;PAX5;FCRLA;LAT2;CD79B;CD79A;BANK1;BLNK;PLCG2;MS4A1;CD22
DR 4-,GO_Biological_Process_2023,Antigen Processing And Presentation Of Exogenous Peptide Antigen (GO:0002478),9.092173281523147e-10,8.425413907544783e-08,0,0,30.047619047619047,625.5444631047501,HLA-DMA;HLA-DRB5;HLA-DMB;HLA-DRA;FCGR2B;HLA-DOB;HLA-DQA2;HLA-DQA1;HLA-DRB1;HLA-DPA1
DR 4-,GO_Biological_Process_2023,Antigen Processing And Presentation Of Exogenous Peptide Antigen Via MHC Class II (GO:0019886),9.092173281523147e-10,8.425413907544783e-08,0,0,30.047619047619047,625.5444631047501,HLA-DMA;HLA-DRB5;HLA-DMB;HLA-DRA;FCGR2B;HLA-DOB;HLA-DQA2;HLA-DQA1;HLA-DRB1;HLA-DPA1
DR 4-,GO_Biological_Process_2023,Antigen Processing And Presentation Of Peptide Antigen Via MHC Class II (GO:0002495),9.092173281523147e-10,8.425413907544783e-08,0,0,30.047619047619047,625.5444631047501,HLA-DMA;HLA-DRB5;HLA-DMB;HLA-DRA;FCGR2B;HLA-DOB;HLA-DQA2;HLA-DQA1;HLA-DRB1;HLA-DPA1
DR 4-,GO_Biological_Process_2023,Positive Regulation Of Lymphocyte Activation (GO:0051251),2.4370052368476704e-07,2.032462367530957e-05,0,0,15.56043956043956,236.9438816487454,HLA-DMA;HLA-DRB5;HLA-DMB;HLA-DRA;HLA-DOB;HLA-DQA2;HLA-DQA1;HLA-DRB1;HLA-DPA1
DR 4-,GO_Biological_Process_2023,Positive Regulation Of Leukocyte Cell-Cell Adhesion (GO:1903039),6.229536103227954e-07,4.7231210091746486e-05,0,0,13.323390894819466,190.3751849822787,HLA-DMA;HLA-DRB5;HLA-DMB;HLA-DRA;HLA-DOB;HLA-DQA2;HLA-DQA1;HLA-DRB1;HLA-DPA1
DR 4-,GO_Biological_Process_2023,Positive Regulation Of T Cell Activation (GO:0050870),7.017312342271845e-07,4.877032077878932e-05,0,0,7.9602272727272725,112.7941546829601,CD86;HLA-DRB5;HLA-DMA;HLA-DMB;CD70;HLA-DRA;TNFRSF13C;HLA-DOB;HLA-DQA2;HLA-DQA1;HLA-DRB1;HLA-DPA1
DR 4-,GO_Biological_Process_2023,B Cell Proliferation (GO:0042100),8.511883467364275e-07,5.460700624447543e-05,0,0,23.759856630824373,332.08278221593775,CD79A;CD40;MEF2C;CD70;CD19;MS4A1;GAPT
DR 4-,GO_Biological_Process_2023,B Cell Receptor Signaling Pathway (GO:0050853),1.1513310332067285e-06,6.858643440674367e-05,0,0,9.941798941798941,135.95004293004368,BLK;CD79B;LAT2;CD79A;MEF2C;CD19;BLNK;PLCG2;IGHE;MS4A1
DR 4-,GO_Biological_Process_2023,Regulation Of T Cell Activation (GO:0050863),3.0005301198860003e-06,0.00016682947466566163,0,0,8.685185185185185,110.44708185578723,HLA-DMA;HLA-DRB5;HLA-DMB;LAPTM5;HLA-DRA;HLA-DOB;HLA-DQA2;HLA-DQA1;HLA-DRB1;HLA-DPA1
DR 4-,GO_Biological_Process_2023,Antigen Receptor-Mediated Signaling Pathway (GO:0050851),4.08450929236439e-06,0.00021290504686449383,0,0,5.8911714355588165,73.09947531543294,BLK;MEF2C;PDE4D;LAT2;CD79B;CD79A;CD19;BLNK;PLCG2;IGHE;MS4A1;HLA-DRB1;HLA-DPA1
DR 4-,GO_Biological_Process_2023,B Cell Homeostasis (GO:0001782),2.836112005424511e-05,0.0013796776831436776,0,0,79.125,828.4776290914322,LYN;MEF2C;TNFRSF13B;GAPT
DR 4-,GO_Biological_Process_2023,Regulation Of B Cell Proliferation (GO:0030888),2.977721618295707e-05,0.0013796776831436776,0,0,8.608695652173912,89.71782038565296,LYN;CD74;CD40;MEF2C;TNFRSF13B;TNFRSF13C;FCGR2B;CD22
DR 4-,GO_Biological_Process_2023,B Cell Differentiation (GO:0030183),0.00021477368960561024,0.009427434585846259,0,0,9.265139116202946,78.25267648946107,CD79B;CD79A;BLNK;PLCG2;PAX5;MS4A1
DR 4-,GO_Biological_Process_2023,Regulation Of B Cell Activation (GO:0050864),0.0002643629965231669,0.010498987576205772,0,0,12.447368421052632,102.5437538440271,BANK1;CD19;LAPTM5;FCGR2B;CD22
DR 4-,GO_Biological_Process_2023,Negative Regulation Of B Cell Activation (GO:0050869),0.0002643629965231669,0.010498987576205772,0,0,12.447368421052632,102.5437538440271,LYN;TNFRSF13B;BANK1;LAPTM5;FCGR2B
DR 4-,GO_Biological_Process_2023,Positive Regulation Of Lymphocyte Proliferation (GO:0050671),0.00034101100249222036,0.012927417094477808,0,0,5.610194902548725,44.78952854996866,CD86;CD74;CD40;MEF2C;HLA-DMB;CD70;TNFRSF13C;HLA-DPA1
DR 4-,GO_Biological_Process_2023,Lymphocyte Proliferation (GO:0046651),0.0003950178597139277,0.014323691087018075,0,0,11.058479532163743,86.6606548833963,CD79A;CD40;MEF2C;CD70;MS4A1
DR 4-,GO_Biological_Process_2023,Positive Regulation Of Interleukin-12 Production (GO:0032735),0.0005691852899549823,0.019779188825935635,0,0,9.947368421052632,74.319818800007,CD40;PLCG2;LAPTM5;IL16;LTB
DR 4-,GO_Biological_Process_2023,B Cell Mediated Immunity (GO:0019724),0.0006112157595893195,0.0203901577398997,0,0,15.791666666666666,116.85928929412923,CD74;CD70;CD19;FCGR2B
DR 5+,GO_Biological_Process_2023,Regulation Of Natural Killer Cell Mediated Cytotoxicity (GO:0042269),2.7354087553977905e-07,0.0002169179143030448,0,0,20.565217391304348,310.77775597819175,NCR1;NCR3;KLRB1;CD160;KLRC3;CD226;KLRD1;KLRC1
DR 5+,GO_Biological_Process_2023,Cellular Defense Response (GO:0006968),9.557318918340284e-07,0.0003789476951121923,0,0,12.428571428571429,172.26979882367422,CX3CR1;SPN;NCR1;TYROBP;GNLY;KLRC3;PRF1;KIR3DL2;KLRG1
DR 5+,GO_Biological_Process_2023,Positive Regulation Of Natural Killer Cell Mediated Immunity (GO:0002717),2.9185779662643087e-05,0.006487890411909511,0,0,15.095744680851064,157.6271840592717,NCR3;CD160;KLRC3;SH2D1B;CD226;KLRD1
DR 5+,GO_Biological_Process_2023,Natural Killer Cell Activation (GO:0030101),4.668507662899191e-05,0.006487890411909511,0,0,13.411347517730496,133.73911085789635,NCR1;FCGR3A;NCR3;PTPRC;IL2RB;CD244
DR 5+,GO_Biological_Process_2023,Regulation Of Natural Killer Cell Activation (GO:0032814),5.841428530078328e-05,0.006487890411909511,0,0,19.94736842105263,194.44595172999095,ZNF683;TYROBP;KLRC3;KLRD1;KLRC1
DR 5+,GO_Biological_Process_2023,Positive Regulation Of Lymphocyte Chemotaxis (GO:0140131),5.841428530078328e-05,0.006487890411909511,0,0,19.94736842105263,194.44595172999095,CCL5;CCL4;CCL3;XCL2;XCL1
DR 5+,GO_Biological_Process_2023,Natural Killer Cell Mediated Immunity (GO:0002228),5.841428530078328e-05,0.006487890411909511,0,0,19.94736842105263,194.44595172999095,FCGR3A;GZMB;NKG7;KIR3DL1;KLRD1
DR 5+,GO_Biological_Process_2023,Negative Regulation Of Leukocyte Mediated Cytotoxicity (GO:0001911),8.181450708587026e-05,0.006487890411909511,0,0,39.541666666666664,372.12883861533135,CX3CR1;PTPRC;KLRD1;KLRC1
DR 5+,GO_Biological_Process_2023,Regulation Of Natural Killer Cell Chemotaxis (GO:2000501),8.181450708587026e-05,0.006487890411909511,0,0,39.541666666666664,372.12883861533135,CCL5;CCL4;CCL3;XCL1
DR 5+,GO_Biological_Process_2023,Modulation By Host Of Symbiont Process (GO:0051851),8.181450708587026e-05,0.006487890411909511,0,0,39.541666666666664,372.12883861533135,CX3CR1;CCL5;CCL4;CCL3
DR 5+,GO_Biological_Process_2023,Positive Regulation Of Leukocyte Mediated Cytotoxicity (GO:0001912),0.00010868871640220655,0.007835468373359073,0,0,8.337128399746996,76.0931591082673,NCR3;TYROBP;CD160;KLRC3;XCL1;CD226;KLRD1
DR 5+,GO_Biological_Process_2023,Regulation Of Natural Killer Cell Mediated Immunity (GO:0002715),0.00012145241724754159,0.008025980573108372,0,0,inf,inf,NCR1;KLRB1;SH2D1B
DR 5+,GO_Biological_Process_2023,Negative Regulation Of T Cell Mediated Immunity (GO:0002710),0.00018357501735262067,0.011198076058509861,0,0,26.34722222222222,226.6621797598714,PTPRC;XCL1;KLRD1;KLRC1
DR 5+,GO_Biological_Process_2023,Positive Regulation Of Natural Killer Cell Mediated Cytotoxicity (GO:0045954),0.0002643629965231669,0.014974275445919383,0,0,12.447368421052632,102.5437538440271,NCR3;CD160;KLRC3;CD226;KLRD1
DR 5+,GO_Biological_Process_2023,T-helper 1 Cell Differentiation (GO:0045063),0.00046811653426905627,0.0232010257297101,0,0,58.7319587628866,450.2857872458315,SPN;TBX21;STAT4
DR 5+,GO_Biological_Process_2023,Negative Regulation Of T Cell Mediated Cytotoxicity (GO:0001915),0.00046811653426905627,0.0232010257297101,0,0,58.7319587628866,450.2857872458315,PTPRC;KLRD1;KLRC1
DR 5+,GO_Biological_Process_2023,Fc-gamma Receptor Signaling Pathway (GO:0038094),0.0006112157595893195,0.025788166667140566,0,0,15.791666666666666,116.85928929412923,FGR;FCGR3A;FCER1G;CD247
DR 5+,GO_Biological_Process_2023,Natural Killer Cell Mediated Cytotoxicity (GO:0042267),0.0006112157595893195,0.025788166667140566,0,0,15.791666666666666,116.85928929412923,FCGR3A;GZMB;NKG7;KIR3DL1
DR 5+,GO_Biological_Process_2023,Lymphocyte Migration (GO:0072676),0.0006178753678129518,0.025788166667140566,0,0,5.883512544802867,43.47459087100044,ZAP70;CCL5;TBX21;CCL4;CCL3;XCL2;XCL1
DR 5+,GO_Biological_Process_2023,T Cell Receptor Signaling Pathway (GO:0050852),0.000758828685398912,0.03008755737606686,0,0,5.645161290322581,40.553340015221345,ZAP70;TRGC1;PTPRC;TXK;TRBC1;TRDC;CD247
DR 6+,GO_Biological_Process_2023,Regulation Of Cell Cycle (GO:0051726),4.135824641702824e-05,0.036583941316487546,0,0,10.13978494623656,102.34327009980332,NR4A1;JUN;GADD45B;MYC;GATA3;SMIM22;RHOB
DR 6+,GO_Biological_Process_2023,Positive Regulation Of miRNA Metabolic Process (GO:2000630),0.00010286019114288906,0.036583941316487546,0,0,16.614035087719298,152.55239380337426,EGR1;JUN;MYC;FOS;GATA3
DR 6+,GO_Biological_Process_2023,Positive Regulation Of miRNA Transcription (GO:1902895),0.00010286019114288906,0.036583941316487546,0,0,16.614035087719298,152.55239380337426,EGR1;JUN;MYC;GATA3;FOS
DR 6+,GO_Biological_Process_2023,Regulation Of Apoptotic Process (GO:0042981),0.00019277689580158024,0.04118180945683297,0,0,3.2893772893772892,28.13725773693903,EGR1;XBP1;JUN;TSC22D1;GADD45B;RHOB;VEGFA;KRT18;TCIM;MYC;ALB;BCL2;PMAIP1;SOX4;IER3;SPDEF
DR 6+,GO_Biological_Process_2023,Positive Regulation Of Transcription By RNA Polymerase II (GO:0045944),0.00019297942575835503,0.04118180945683297,0,0,3.6091888825865004,30.86912895907132,EGR1;XBP1;JUN;AUTS2;GATA3;FOS;VEGFA;NR4A1;MUC1;ELF3;EPCAM;MYC;ATF3;SOX4
DR 6+,GO_Biological_Process_2023,Regulation Of miRNA Transcription (GO:1902893),0.0002643629965231669,0.04701255288170318,0,0,12.447368421052632,102.5437538440271,EGR1;JUN;MYC;FOS;GATA3
DR 7+,GO_Biological_Process_2023,Glomerular Filtration (GO:0003094),0.0021737022796164945,0.023910725075781437,0,0,19.556701030927837,119.90845954872826,IGHA1;IGKV3-20;JCHAIN
DR 7+,GO_Biological_Process_2023,Renal Filtration (GO:0097205),0.0021737022796164945,0.023910725075781437,0,0,19.556701030927837,119.90845954872826,IGHA1;IGKV3-20;JCHAIN
DR 9-,GO_Biological_Process_2023,Negative Regulation Of Hemostasis (GO:1900047),8.181450708587026e-05,0.03847732363710929,0,0,39.541666666666664,372.12883861533135,SERPINE2;SERPINE1;APOE;TFPI
DR 9-,GO_Biological_Process_2023,Negative Regulation Of Coagulation (GO:0050819),8.181450708587026e-05,0.03847732363710929,0,0,39.541666666666664,372.12883861533135,SERPINE2;SERPINE1;APOE;TFPI
DR 9-,GO_Biological_Process_2023,Regulation Of Extracellular Matrix Organization (GO:1903053),0.00012145241724754159,0.03847732363710929,0,0,inf,inf,EFEMP2;LRP1;NID1
DR 9-,GO_Biological_Process_2023,Regulation Of Blood Coagulation (GO:0030193),0.00016936810446428435,0.03847732363710929,0,0,14.233082706766917,123.59206388861277,SERPINE2;SERPINE1;F2R;APOE;TFPI
DR 9-,GO_Biological_Process_2023,Integrated Stress Response Signaling (GO:0140467),0.00018357501735262067,0.03847732363710929,0,0,26.34722222222222,226.6621797598714,JUN;MAF;MAFB;FOS
DR 10-,GO_Biological_Process_2023,Blood Vessel Morphogenesis (GO:0048514),1.6329848557674028e-06,0.0018452728870171652,0,0,20.35483870967742,271.23028200932396,EGFL7;RAMP2;SOX18;ID1;APLNR;CYP1B1;ENG
DR 10-,GO_Biological_Process_2023,Vasculogenesis (GO:0001570),5.079677698940227e-06,0.002870017899901228,0,0,24.19148936170213,294.9006114751804,TGFBR3;RAMP2;EGFL7;SOX18;APLNR;ENG
DR 10-,GO_Biological_Process_2023,Maintenance Of Blood-Brain Barrier (GO:0035633),1.4072596228396998e-05,0.005300677912696203,0,0,33.280701754385966,371.78807721874773,CDH5;IL6;PECAM1;ESAM;JAM2
DR 10-,GO_Biological_Process_2023,Regulation Of Angiogenesis (GO:0045765),2.3771912313047864e-05,0.0067155652284360216,0,0,5.261363636363637,56.01776930554672,CDH5;RAMP2;IL6;ADAMTS1;STAB1;APLNR;CYP1B1;KLF4;GATA2;HSPG2;CD34;AQP1
DR 10-,GO_Biological_Process_2023,Cellular Response To Hydrogen Peroxide (GO:0070301),5.841428530078328e-05,0.013201628477977023,0,0,19.94736842105263,194.44595172999095,EDN1;IL6;CYP1B1;CLU;AQP1
DR 10-,GO_Biological_Process_2023,Response To Laminar Fluid Shear Stress (GO:0034616),0.00012145241724754159,0.022873538581620334,0,0,inf,inf,KLF4;ASS1;KLF2
DR 10-,GO_Biological_Process_2023,Positive Regulation Of Angiogenesis (GO:0045766),0.00018176229157471774,0.027760546492380123,0,0,6.2675585284280935,53.981295876134936,CDH5;RAMP2;APLNR;CYP1B1;KLF4;GATA2;CD34;AQP1
DR 10-,GO_Biological_Process_2023,Negative Regulation Of Transcription By RNA Polymerase II (GO:0000122),0.00019653484242393007,0.027760546492380123,0,0,4.3923941227312016,37.4876379810097,IL33;EDN1;IFI27;SOX18;ID1;ID3;NR2F2;LDB2;KLF4;GATA2;KLF2
DR 10-,GO_Biological_Process_2023,Positive Regulation Of Nitric Oxide Biosynthetic Process (GO:0045429),0.0002643629965231669,0.02987301860711786,0,0,12.447368421052632,102.5437538440271,EDN1;KLF4;CLU;ASS1;KLF2
DR 10-,GO_Biological_Process_2023,Positive Regulation Of Nitric Oxide Metabolic Process (GO:1904407),0.0002643629965231669,0.02987301860711786,0,0,12.447368421052632,102.5437538440271,EDN1;KLF4;CLU;ASS1;KLF2
DR 10-,GO_Biological_Process_2023,Response To Hydrogen Peroxide (GO:0042542),0.0003950178597139277,0.03526477891493557,0,0,11.058479532163743,86.6606548833963,EDN1;IL6;CYP1B1;CLU;AQP1
DR 10-,GO_Biological_Process_2023,Calcitonin Family Receptor Signaling Pathway (GO:0097646),0.00046811653426905627,0.03526477891493557,0,0,58.7319587628866,450.2857872458315,RAMP2;CALCRL;RAMP3
DR 10-,GO_Biological_Process_2023,Type I Interferon-Mediated Signaling Pathway (GO:0060337),0.00046811653426905627,0.03526477891493557,0,0,58.7319587628866,450.2857872458315,IFITM3;IFITM1;IFI27
DR 10-,GO_Biological_Process_2023,Vasculature Development (GO:0001944),0.00046811653426905627,0.03526477891493557,0,0,58.7319587628866,450.2857872458315,CDH5;SOX18;APLNR
DR 10-,GO_Biological_Process_2023,Heart Trabecula Morphogenesis (GO:0061384),0.00046811653426905627,0.03526477891493557,0,0,58.7319587628866,450.2857872458315,TGFBR3;S1PR1;ENG
DR 10-,GO_Biological_Process_2023,Nitrogen Compound Transport (GO:0071705),0.0005223494276843021,0.03689092833020384,0,0,7.51595744680851,56.799396641341,RAMP2;EDN1;RAMP3;CALCRL;TCN2;AQP1
DR 10-,GO_Biological_Process_2023,Regulation Of Cell Migration (GO:0030334),0.0005700313980853076,0.03744632858310165,0,0,3.355612317298141,25.06581702790926,CD74;EDN1;IFITM1;MCTP1;STC1;LDB2;CDH5;PODXL;MMRN2;PECAM1;CYP1B1;ITGA6;ENG
DR 10-,GO_Biological_Process_2023,Positive Regulation Of Vasculature Development (GO:1904018),0.0006178753678129518,0.03744632858310165,0,0,5.883512544802867,43.47459087100044,CDH5;RAMP2;APLNR;CYP1B1;GATA2;CD34;AQP1
DR 10-,GO_Biological_Process_2023,Calcium-Mediated Signaling (GO:0019722),0.000678385467444629,0.03744632858310165,0,0,7.07008760951189,51.581909092393126,SELP;EDN1;MCTP1;VCAM1;CLU;SELE
DR 10-,GO_Biological_Process_2023,Positive Regulation Of Transcription By RNA Polymerase II (GO:0045944),0.0007020897957059829,0.03744632858310165,0,0,3.2711535798365876,23.75331570242205,IL33;EDN1;ADIRF;NR2F2;LDB2;KLF4;GATA2;KLF2;IL6;SOX18;ITGA6;CYTL1;ENG
DR 10-,GO_Biological_Process_2023,Organic Substance Transport (GO:0071702),0.000758828685398912,0.03744632858310165,0,0,5.645161290322581,40.553340015221345,RAMP2;RAMP3;CALCRL;TCN2;SLCO2A1;CLU;AQP1
DR 10-,GO_Biological_Process_2023,Negative Regulation Of Cell Motility (GO:2000146),0.000758828685398912,0.03744632858310165,0,0,5.645161290322581,40.553340015221345,CD74;IFITM1;MCTP1;MMRN2;CYP1B1;STC1;ENG
DR 10-,GO_Biological_Process_2023,Positive Regulation Of DNA-templated Transcription (GO:0045893),0.0007667391455695426,0.03744632858310165,0,0,2.9571192963166575,21.212492842151303,IL33;CD74;EDN1;ADIRF;NR2F2;LDB2;KLF4;GATA2;KLF2;IL6;SOX18;ITGA6;CYTL1;HLA-DRB1;ENG
DR 10-,GO_Biological_Process_2023,Regulation Of Nitric Oxide Biosynthetic Process (GO:0045428),0.0007953202530924244,0.03744632858310165,0,0,9.038277511961722,64.50406884720583,EDN1;KLF4;CLU;ASS1;KLF2
DR 10-,GO_Biological_Process_2023,Regulation Of Viral Entry Into Host Cell (GO:0046596),0.0009797523443270978,0.04110849176288819,0,0,13.152777777777779,91.12521610440056,IFITM3;CD74;IFITM1;HLA-DRB1
DR 10-,GO_Biological_Process_2023,Leukocyte Tethering Or Rolling (GO:0050901),0.0009797523443270978,0.04110849176288819,0,0,13.152777777777779,91.12521610440056,SELP;VCAM1;SELE;JAM2
DR 10-,GO_Biological_Process_2023,Positive Regulation Of Macromolecule Metabolic Process (GO:0010604),0.0010572858302166069,0.04110849176288819,0,0,3.4891961970613656,23.908147472602188,CDH5;IL33;CD74;RAMP2;IL6;RAMP3;KLF4;GATA2;CLU;CD34;KLF2
DR 10-,GO_Biological_Process_2023,Cellular Response To Reactive Oxygen Species (GO:0034614),0.001082396678294696,0.04110849176288819,0,0,8.280701754385966,56.545414097797085,EDN1;IL6;CYP1B1;CLU;AQP1
DR 10-,GO_Biological_Process_2023,Leukocyte Cell-Cell Adhesion (GO:0007159),0.001082396678294696,0.04110849176288819,0,0,8.280701754385966,56.545414097797085,SELP;VCAM1;PECAM1;SELE;JAM2
DR 10-,GO_Biological_Process_2023,Cell-Cell Adhesion Via Plasma-Membrane Adhesion Molecules (GO:0098742),0.001096748066407853,0.04110849176288819,0,0,6.319148936170213,43.06756419019197,SELP;CDH5;VCAM1;PECAM1;ESAM;SELE
DR 10-,GO_Biological_Process_2023,Cellular Response To Type I Interferon (GO:0071357),0.0011277550837606493,0.04110849176288819,0,0,29.350515463917525,199.217394861114,IFITM3;IFITM1;IFI27
DR 10-,GO_Biological_Process_2023,Regulation Of Transcription By RNA Polymerase II (GO:0006357),0.001269799562185043,0.044035395128814776,0,0,2.6151562772830452,17.440205801869844,IL33;EDN1;TSHZ2;ADIRF;NR2F2;LDB2;KLF4;GATA2;KLF2;IL6;IFI27;SOX18;ID1;ID3;ITGA6;CYTL1;ENG
DR 10-,GO_Biological_Process_2023,Circulatory System Development (GO:0072359),0.001439820148952626,0.044035395128814776,0,0,7.6396761133603235,49.988211945862055,CDH5;RAMP2;SOX18;APLNR;HSPG2
DR 10-,GO_Biological_Process_2023,Metal Ion Transport (GO:0030001),0.001439820148952626,0.044035395128814776,0,0,7.6396761133603235,49.988211945862055,RAMP2;RAMP3;CALCRL;CLU;AQP1
DR 10-,GO_Biological_Process_2023,Apical Junction Assembly (GO:0043297),0.0014808362963672226,0.044035395128814776,0,0,11.267857142857142,73.41176014759877,CDH5;RAMP2;PECAM1;ESAM
DR 10-,GO_Biological_Process_2023,Bicellular Tight Junction Assembly (GO:0070830),0.0014808362963672226,0.044035395128814776,0,0,11.267857142857142,73.41176014759877,CDH5;RAMP2;PECAM1;ESAM
DR 10-,GO_Biological_Process_2023,Tight Junction Assembly (GO:0120192),0.0014808362963672226,0.044035395128814776,0,0,11.267857142857142,73.41176014759877,CDH5;RAMP2;PECAM1;ESAM
DR 10-,GO_Biological_Process_2023,Leukocyte Adhesion To Vascular Endothelial Cell (GO:0061756),0.0014808362963672226,0.044035395128814776,0,0,11.267857142857142,73.41176014759877,SELP;VCAM1;SELE;JAM2
DR 11+,GO_Biological_Process_2023,Intermediate Filament Organization (GO:0045109),4.954980237525445e-07,0.000506894478298853,0,0,18.270531400966185,265.2461388767908,KRT81;KRT19;KRT15;KRT14;KRT23;KRT7;KRT5;KRT6B
DR 11+,GO_Biological_Process_2023,Epidermis Development (GO:0008544),8.16802572404555e-06,0.0041779451578492985,0,0,14.225806451612904,166.65935314620725,CALML5;KRT15;KRT14;KLK5;EMP1;KRT5;S100A7
DR 13+,GO_Biological_Process_2023,T Cell Receptor Signaling Pathway (GO:0050852),8.855354901615274e-10,7.597894505585905e-07,0,0,14.793103448275861,308.3597055495855,THEMIS;CD3G;CD3E;CD3D;PTPRC;CD8B;CD8A;LCK;TRBC2;TRBC1;CD28;FYN;SKAP1
DR 13+,GO_Biological_Process_2023,T Cell Activation (GO:0042110),3.2909951316820474e-07,9.962494631317041e-05,0,0,7.73690932311622,115.48811556830034,CRTAM;RHOH;CD3G;CD3E;CD3D;CD2;PTPRC;CD8B;CD8A;LCK;TRBC2;TRBC1;CD28
DR 13+,GO_Biological_Process_2023,Alpha-Beta T Cell Activation (GO:0046631),3.4833897312297345e-07,9.962494631317041e-05,0,0,60.57446808510638,900.7477782296368,TRBC2;TRBC1;NKG7;CD3G;CD3E;CD3D
DR 13+,GO_Biological_Process_2023,Antigen Receptor-Mediated Signaling Pathway (GO:0050851),6.323952944909946e-07,0.00013564879066831832,0,0,6.5611729019211324,93.6525494008213,THEMIS;CD3G;CD3E;CD3D;LIME1;PTPRC;CD8B;CD8A;LCK;TRBC2;TRBC1;CD28;FYN;SKAP1
DR 13+,GO_Biological_Process_2023,Regulation Of Lymphocyte Activation (GO:0051249),0.00016936810446428435,0.029063566726071192,0,0,14.233082706766917,123.59206388861277,LCK;SIT1;FCRL3;CRTAM;IKZF3
DR 14-,GO_Biological_Process_2023,Antigen Processing And Presentation Of Exogenous Peptide Antigen (GO:0002478),5.467411390901635e-12,1.334048379379999e-09,0,0,68.58984375,1778.6866331743201,HLA-DRB5;HLA-DMB;FCER1G;HLA-DRA;CTSS;HLA-DQA1;HLA-DRB1;HLA-DPA1;LGMN
DR 14-,GO_Biological_Process_2023,Antigen Processing And Presentation Of Exogenous Peptide Antigen Via MHC Class II (GO:0019886),5.467411390901635e-12,1.334048379379999e-09,0,0,68.58984375,1778.6866331743201,HLA-DRB5;HLA-DMB;FCER1G;HLA-DRA;CTSS;HLA-DQA1;HLA-DRB1;HLA-DPA1;LGMN
DR 14-,GO_Biological_Process_2023,Antigen Processing And Presentation Of Peptide Antigen Via MHC Class II (GO:0002495),5.467411390901635e-12,1.334048379379999e-09,0,0,68.58984375,1778.6866331743201,HLA-DRB5;HLA-DMB;FCER1G;HLA-DRA;CTSS;HLA-DQA1;HLA-DRB1;HLA-DPA1;LGMN
DR 14-,GO_Biological_Process_2023,Immunoglobulin Mediated Immune Response (GO:0016064),9.793881152926977e-10,1.7922802509856367e-07,0,0,42.93112947658402,890.5673472405023,CD74;HLA-DRB5;HLA-DMB;FCER1G;HLA-DRA;HLA-DQA1;HLA-DRB1;HLA-DPA1
DR 14-,GO_Biological_Process_2023,MHC Class II Protein Complex Assembly (GO:0002399),1.007130355727015e-08,1.0531706005602498e-06,0,0,83.78571428571429,1542.7945916580898,HLA-DRB5;HLA-DMB;HLA-DRA;HLA-DQA1;HLA-DRB1;HLA-DPA1
DR 14-,GO_Biological_Process_2023,Peptide Antigen Assembly With MHC Class II Protein Complex (GO:0002503),1.007130355727015e-08,1.0531706005602498e-06,0,0,83.78571428571429,1542.7945916580898,HLA-DRB5;HLA-DMB;HLA-DRA;HLA-DQA1;HLA-DRB1;HLA-DPA1
DR 14-,GO_Biological_Process_2023,Peptide Antigen Assembly With MHC Protein Complex (GO:0002501),1.007130355727015e-08,1.0531706005602498e-06,0,0,83.78571428571429,1542.7945916580898,HLA-DRB5;HLA-DMB;HLA-DRA;HLA-DQA1;HLA-DRB1;HLA-DPA1
DR 14-,GO_Biological_Process_2023,Immunoglobulin Production Involved In Immunoglobulin-Mediated Immune Response (GO:0002381),2.182364415420543e-08,1.996863440109797e-06,0,0,66.99428571428571,1181.7974131113428,HLA-DRB5;HLA-DMB;HLA-DRA;HLA-DQA1;HLA-DRB1;HLA-DPA1
DR 14-,GO_Biological_Process_2023,Positive Regulation Of Lymphocyte Activation (GO:0051251),8.423723419656508e-08,6.851295047987293e-06,0,0,28.602941176470587,465.9312944125533,HLA-DRB5;TYROBP;HLA-DMB;HLA-DRA;HLA-DQA1;HLA-DRB1;HLA-DPA1
DR 14-,GO_Biological_Process_2023,Regulation Of T Cell Activation (GO:0050863),3.202754879913e-06,0.0002344416572096316,0,0,14.732026143790849,186.38221724579296,HLA-DRB5;HLA-DMB;GPNMB;HLA-DRA;HLA-DQA1;HLA-DRB1;HLA-DPA1
DR 14-,GO_Biological_Process_2023,Positive Regulation Of Leukocyte Cell-Cell Adhesion (GO:1903039),3.97477231988854e-06,0.0002645030307416737,0,0,19.583193277310926,243.52764383027872,HLA-DRB5;HLA-DMB;HLA-DRA;HLA-DQA1;HLA-DRB1;HLA-DPA1
DR 14-,GO_Biological_Process_2023,Positive Regulation Of T Cell Activation (GO:0050870),1.961097438574947e-05,0.0011962694375307178,0,0,10.694753577106518,115.92493898167994,HLA-DRB5;HLA-DMB;HLA-DRA;AIF1;HLA-DQA1;HLA-DRB1;HLA-DPA1
DR 14-,GO_Biological_Process_2023,Negative Regulation Of Lymphocyte Proliferation (GO:0050672),3.488542626778356e-05,0.0019643178483090434,0,0,18.0,184.74194522554748,PLA2G2D;TYROBP;GPNMB;LILRB4;HLA-DRB1
DR 14-,GO_Biological_Process_2023,Regulation Of T Cell Proliferation (GO:0042129),8.654565778920026e-05,0.004525101535835328,0,0,10.323214285714286,96.5720019024978,PLA2G2D;HLA-DMB;GPNMB;LILRB4;HLA-DRB1;HLA-DPA1
DR 14-,GO_Biological_Process_2023,Negative Regulation Of T Cell Proliferation (GO:0042130),9.52393948899517e-05,0.004647682470629642,0,0,23.423423423423422,216.88021543896397,PLA2G2D;GPNMB;LILRB4;HLA-DRB1
DR 14-,GO_Biological_Process_2023,Regulation Of Chemokine Production (GO:0032642),0.00013136216718012152,0.00600981914849056,0,0,21.07027027027027,188.31664492557974,CD74;IL18;AIF1;LILRB4
DR 14-,GO_Biological_Process_2023,Protein Catabolic Process (GO:0030163),0.00017648018352101364,0.007599029078669529,0,0,19.144963144963146,165.45655256090504,APOE;CTSC;CTSS;LGMN
DR 14-,GO_Biological_Process_2023,Acylglycerol Homeostasis (GO:0055090),0.0002645907643349318,0.010193707341745795,0,0,38.58552631578947,317.8415672918602,IL18;NR1H3;APOE
DR 14-,GO_Biological_Process_2023,Positive Regulation Of Regulatory T Cell Differentiation (GO:0045591),0.0002645907643349318,0.010193707341745795,0,0,38.58552631578947,317.8415672918602,HLA-DRA;LILRB4;HLA-DRB1
DR 14-,GO_Biological_Process_2023,Antigen Processing And Presentation Of Endogenous Peptide Antigen (GO:0002483),0.00041019320578282746,0.01388533298934555,0,0,inf,inf,HLA-DRA;HLA-DRB1
DR 14-,GO_Biological_Process_2023,Negative Regulation Of Metabolic Process (GO:0009892),0.0004173187510459045,0.01388533298934555,0,0,30.852631578947367,240.08469636983008,APOC1;ALDH1A1;NR1H3
DR 14-,GO_Biological_Process_2023,Regulation Of Long-Term Synaptic Potentiation (GO:1900271),0.0004173187510459045,0.01388533298934555,0,0,30.852631578947367,240.08469636983008,TYROBP;APOE;LGMN
DR 14-,GO_Biological_Process_2023,Triglyceride Homeostasis (GO:0070328),0.0006170719387713811,0.019638985181767432,0,0,25.69736842105263,189.91704237293993,IL18;NR1H3;APOE
DR 14-,GO_Biological_Process_2023,Regulation Of Type II Interferon Production (GO:0032649),0.0006657786277639138,0.02030624814679937,0,0,8.637992831541219,63.18305926003213,IL18;CD14;LILRB4;HLA-DRB1;HLA-DPA1
DR 14-,GO_Biological_Process_2023,Inflammatory Response (GO:0006954),0.0007640324658138579,0.022370870599029757,0,0,4.864125122189638,34.9093409279521,PLA2G2D;CXCL9;IL18;CYBB;CD14;CCL18;LYZ;AIF1
DR 14-,GO_Biological_Process_2023,Phagocytosis (GO:0006909),0.0008521384923580175,0.02279663447378424,0,0,11.657657657657658,82.39354391035677,TYROBP;NR1H3;CD14;AIF1
DR 14-,GO_Biological_Process_2023,Response To Type II Interferon (GO:0034341),0.0009716774465349055,0.02279663447378424,0,0,7.863562091503268,54.54549349829544,CD74;UBD;CCL18;AIF1;HLA-DPA1
DR 14-,GO_Biological_Process_2023,Negative Regulation Of T Cell Activation (GO:0050868),0.0012015638887540292,0.02279663447378424,0,0,10.481081081081081,70.47616566999508,PLA2G2D;GPNMB;LILRB4;HLA-DRB1
DR 14-,GO_Biological_Process_2023,Positive Regulation Of Monocyte Differentiation (GO:0045657),0.001214574787537685,0.02279663447378424,0,0,100.41025641025641,674.0903227348086,CD74;HLA-DRB1
DR 14-,GO_Biological_Process_2023,High-Density Lipoprotein Particle Remodeling (GO:0034375),0.001214574787537685,0.02279663447378424,0,0,100.41025641025641,674.0903227348086,APOC1;APOE
DR 14-,GO_Biological_Process_2023,Humoral Immune Response Mediated By Circulating Immunoglobulin (GO:0002455),0.001214574787537685,0.02279663447378424,0,0,100.41025641025641,674.0903227348086,C1QB;C1QC
DR 14-,GO_Biological_Process_2023,Positive Regulation Of Viral Entry Into Host Cell (GO:0046598),0.001214574787537685,0.02279663447378424,0,0,100.41025641025641,674.0903227348086,CD74;HLA-DRB1
DR 14-,GO_Biological_Process_2023,Cell Junction Disassembly (GO:0150146),0.001214574787537685,0.02279663447378424,0,0,100.41025641025641,674.0903227348086,C1QB;C1QC
DR 14-,GO_Biological_Process_2023,Phospholipid Efflux (GO:0033700),0.001214574787537685,0.02279663447378424,0,0,100.41025641025641,674.0903227348086,APOC1;APOE
DR 14-,GO_Biological_Process_2023,Positive Regulation By Symbiont Of Entry Into Host (GO:0075294),0.001214574787537685,0.02279663447378424,0,0,100.41025641025641,674.0903227348086,CD74;HLA-DRB1
DR 14-,GO_Biological_Process_2023,"Positive Regulation Of CD4-positive, CD25-positive, Alpha-Beta Regulatory T Cell Differentiation (GO:0032831)",0.001214574787537685,0.02279663447378424,0,0,100.41025641025641,674.0903227348086,HLA-DRA;HLA-DRB1
DR 14-,GO_Biological_Process_2023,"Positive Regulation Of CD4-positive, Alpha-Beta T Cell Differentiation (GO:0043372)",0.001214574787537685,0.02279663447378424,0,0,100.41025641025641,674.0903227348086,HLA-DRA;HLA-DRB1
DR 14-,GO_Biological_Process_2023,"Regulation Of CD4-positive, Alpha-Beta T Cell Activation (GO:2000514)",0.001214574787537685,0.02279663447378424,0,0,100.41025641025641,674.0903227348086,HLA-DRA;HLA-DRB1
DR 14-,GO_Biological_Process_2023,Regulation Of T-helper Cell Differentiation (GO:0045622),0.001214574787537685,0.02279663447378424,0,0,100.41025641025641,674.0903227348086,HLA-DRA;HLA-DRB1
DR 14-,GO_Biological_Process_2023,Synapse Organization (GO:0050808),0.0015482121422888797,0.028332282203886498,0,0,17.105263157894736,110.68224751968933,C1QB;C1QA;C1QC
DR 14-,GO_Biological_Process_2023,Microglial Cell Activation (GO:0001774),0.0019841062179911636,0.03504312734515343,0,0,15.386842105263158,95.74595956634208,C1QA;TYROBP;AIF1
DR 14-,GO_Biological_Process_2023,Positive Regulation Of Immune Response (GO:0050778),0.0021816466648788687,0.03504312734515343,0,0,8.716216216216216,53.41014313530119,CD74;HLA-DMB;HLA-DRA;HLA-DRB1
DR 14-,GO_Biological_Process_2023,Positive Regulation Of Lipid Metabolic Process (GO:0045834),0.00239758877166875,0.03504312734515343,0,0,50.17948717948718,302.7474847711312,NR1H3;APOE
DR 14-,GO_Biological_Process_2023,Negative Regulation Of Long-Term Synaptic Potentiation (GO:1900272),0.00239758877166875,0.03504312734515343,0,0,50.17948717948718,302.7474847711312,TYROBP;APOE
DR 14-,GO_Biological_Process_2023,Regulation Of Fatty Acid Biosynthetic Process (GO:0042304),0.00239758877166875,0.03504312734515343,0,0,50.17948717948718,302.7474847711312,APOC1;NR1H3
DR 14-,GO_Biological_Process_2023,Neutrophil Activation Involved In Immune Response (GO:0002283),0.00239758877166875,0.03504312734515343,0,0,50.17948717948718,302.7474847711312,FCER1G;TYROBP
DR 14-,GO_Biological_Process_2023,Prostaglandin Biosynthetic Process (GO:0001516),0.00239758877166875,0.03504312734515343,0,0,50.17948717948718,302.7474847711312,CD74;PTGDS
DR 14-,GO_Biological_Process_2023,Prostanoid Biosynthetic Process (GO:0046457),0.00239758877166875,0.03504312734515343,0,0,50.17948717948718,302.7474847711312,CD74;PTGDS
DR 14-,GO_Biological_Process_2023,Response To Acidic pH (GO:0010447),0.00239758877166875,0.03504312734515343,0,0,50.17948717948718,302.7474847711312,CTSS;LGMN
DR 14-,GO_Biological_Process_2023,Sterol Homeostasis (GO:0055092),0.0024894024889999702,0.03504312734515343,0,0,13.980861244019138,83.8252253821732,IL18;NR1H3;APOE
DR 14-,GO_Biological_Process_2023,Positive Regulation Of Proteolysis (GO:0045862),0.0024894024889999702,0.03504312734515343,0,0,13.980861244019138,83.8252253821732,APOE;CTSC;CTSS
DR 14-,GO_Biological_Process_2023,Cholesterol Homeostasis (GO:0042632),0.0024894024889999702,0.03504312734515343,0,0,13.980861244019138,83.8252253821732,IL18;NR1H3;APOE
DR 14-,GO_Biological_Process_2023,Proteolysis Involved In Protein Catabolic Process (GO:0051603),0.003067635683400226,0.042368100382055955,0,0,12.80921052631579,74.12495623448275,CTSC;CTSS;LGMN
DR 14-,GO_Biological_Process_2023,Positive Regulation Of Immune Effector Process (GO:0002699),0.0037220559565641037,0.043091034651351647,0,0,11.817813765182187,66.10269414807996,HLA-DMB;HLA-DRA;HLA-DRB1
DR 14-,GO_Biological_Process_2023,Positive Regulation Of Transferase Activity (GO:0051347),0.0037220559565641037,0.043091034651351647,0,0,11.817813765182187,66.10269414807996,CD74;APOE;HLA-DRB1
DR 14-,GO_Biological_Process_2023,Regulation Of Neuron Death (GO:1901214),0.0037220559565641037,0.043091034651351647,0,0,11.817813765182187,66.10269414807996,C1QA;TYROBP;GPNMB
DR 14-,GO_Biological_Process_2023,Regulation Of Cholesterol Transport (GO:0032374),0.003944124756339563,0.043091034651351647,0,0,33.43589743589744,185.08535351016297,APOC1;NR1H3
DR 14-,GO_Biological_Process_2023,Synapse Pruning (GO:0098883),0.003944124756339563,0.043091034651351647,0,0,33.43589743589744,185.08535351016297,C1QB;C1QC
DR 14-,GO_Biological_Process_2023,Positive Regulation Of Memory T Cell Differentiation (GO:0043382),0.003944124756339563,0.043091034651351647,0,0,33.43589743589744,185.08535351016297,HLA-DRA;HLA-DRB1
DR 14-,GO_Biological_Process_2023,T-helper 1 Type Immune Response (GO:0042088),0.003944124756339563,0.043091034651351647,0,0,33.43589743589744,185.08535351016297,IL18;HLA-DRB1
DR 14-,GO_Biological_Process_2023,Regulation Of Lipoprotein Lipase Activity (GO:0051004),0.003944124756339563,0.043091034651351647,0,0,33.43589743589744,185.08535351016297,APOC1;NR1H3
DR 14-,GO_Biological_Process_2023,Regulation Of Monocyte Differentiation (GO:0045655),0.003944124756339563,0.043091034651351647,0,0,33.43589743589744,185.08535351016297,CD74;HLA-DRB1
DR 14-,GO_Biological_Process_2023,Positive Regulation Of Viral Life Cycle (GO:1903902),0.003944124756339563,0.043091034651351647,0,0,33.43589743589744,185.08535351016297,CD74;HLA-DRB1
DR 14-,GO_Biological_Process_2023,"Positive Regulation Of CD4-positive, Alpha-Beta T Cell Activation (GO:2000516)",0.003944124756339563,0.043091034651351647,0,0,33.43589743589744,185.08535351016297,HLA-DRA;HLA-DRB1
DR 14-,GO_Biological_Process_2023,"Regulation Of CD4-positive, Alpha-Beta T Cell Differentiation (GO:0043370)",0.003944124756339563,0.043091034651351647,0,0,33.43589743589744,185.08535351016297,HLA-DRA;HLA-DRB1
DR 14-,GO_Biological_Process_2023,Cholesterol Efflux (GO:0033344),0.003944124756339563,0.043091034651351647,0,0,33.43589743589744,185.08535351016297,APOC1;APOE
DR 14-,GO_Biological_Process_2023,Negative Regulation Of Cold-Induced Thermogenesis (GO:0120163),0.003944124756339563,0.043091034651351647,0,0,33.43589743589744,185.08535351016297,ALDH1A1;NR1H3
DR 14-,GO_Biological_Process_2023,Positive Regulation Of T Cell Proliferation (GO:0042102),0.0040482458352389325,0.04357817575580734,0,0,7.194780987884436,39.6394416561723,HLA-DMB;IL18;AIF1;HLA-DPA1
DR 14-,GO_Biological_Process_2023,Regulation Of Interleukin-6 Production (GO:0032675),0.004520478941231039,0.04795638528958145,0,0,6.951351351351351,37.531300577126785,CD74;TYROBP;LILRB4;AIF1
DR 15-,GO_Biological_Process_2023,Muscle Contraction (GO:0006936),5.3079623516446326e-11,4.3472211659969544e-08,0,0,52.666666666666664,1246.0526746270045,EDNRA;DES;TPM2;TPM1;FXYD1;LMOD1;CASQ2;MYH11;CRYAB;MYLK
DR 15-,GO_Biological_Process_2023,Actomyosin Structure Organization (GO:0031032),9.74985806633938e-06,0.003992566878165976,0,0,20.148936170212767,232.4836205393612,PDLIM1;CSRP2;TPM1;LMOD1;MYH11;MYL9
DR 15-,GO_Biological_Process_2023,Regulation Of Muscle Contraction (GO:0006937),2.836112005424511e-05,0.0077425857748089156,0,0,79.125,828.4776290914322,CNN1;CAV1;TPM1;MYL9
DR 15-,GO_Biological_Process_2023,Regulation Of Blood Circulation (GO:1903522),8.181450708587026e-05,0.016751520325831933,0,0,39.541666666666664,372.12883861533135,PLN;DES;TPM1;FXYD1
DR 15-,GO_Biological_Process_2023,Smooth Muscle Contraction (GO:0006939),0.00012145241724754159,0.019893905945147315,0,0,inf,inf,EDNRA;MYH11;MYLK
DR 16+,GO_Biological_Process_2023,Collagen Fibril Organization (GO:0030199),1.5269277348414326e-10,1.2016921273202075e-07,0,0,42.111111111111114,951.8203148971479,COL1A1;GREM1;COL1A2;COL5A1;LOX;LUM;COL11A1;COL12A1;COL5A2;SERPINH1
DR 16+,GO_Biological_Process_2023,Extracellular Matrix Organization (GO:0030198),7.217265447886465e-10,2.839993953743324e-07,0,0,9.286805759623862,195.4814550883388,POSTN;MMP1;LUM;COL11A1;COL12A1;GREM1;COL1A1;MMP11;COL1A2;MMP13;COL5A1;LOX;COL5A2;SERPINH1;COL10A1;COL8A1;TGFBI
DR 16+,GO_Biological_Process_2023,Supramolecular Fiber Organization (GO:0097435),3.0159386640133675e-09,7.911812428595066e-07,0,0,8.255107386066003,161.9598800908937,LUM;COL11A1;TPM2;TPM1;COL12A1;CNN3;GREM1;COL1A1;CNN1;EFEMP2;MARCKS;COL1A2;COL5A1;LOX;COL5A2;SERPINH1;MYL9
DR 16+,GO_Biological_Process_2023,External Encapsulating Structure Organization (GO:0045229),5.824696454417835e-08,9.168072219253673e-06,0,0,10.659090909090908,177.56525315424224,COL1A1;MMP11;POSTN;COL1A2;MMP13;COL5A1;MMP1;COL11A1;COL5A2;COL10A1;COL8A1;TGFBI
DR 16+,GO_Biological_Process_2023,Extracellular Structure Organization (GO:0043062),5.824696454417835e-08,9.168072219253673e-06,0,0,10.659090909090908,177.56525315424224,COL1A1;MMP11;POSTN;COL1A2;MMP13;COL5A1;MMP1;COL11A1;COL5A2;COL10A1;COL8A1;TGFBI
DR 16+,GO_Biological_Process_2023,Endodermal Cell Differentiation (GO:0035987),2.9185779662643087e-05,0.0038282014324166848,0,0,15.095744680851064,157.6271840592717,COL11A1;COL12A1;COL6A1;FN1;COL8A1;INHBA
DR 16+,GO_Biological_Process_2023,Eye Morphogenesis (GO:0048592),0.00018357501735262067,0.020639076950930355,0,0,26.34722222222222,226.6621797598714,MFAP5;COL5A1;COL5A2;MFAP2
DR 16+,GO_Biological_Process_2023,Negative Regulation Of Blood Vessel Morphogenesis (GO:2000181),0.00021477368960561024,0.02112836171495191,0,0,9.265139116202946,78.25267648946107,SPARC;SERPINF1;THBS2;SULF1;THBS1;DCN
DR 16+,GO_Biological_Process_2023,Negative Regulation Of Cellular Response To Growth Factor Stimulus (GO:0090288),0.0003530788440695878,0.030874783364751735,0,0,19.75,156.9891786404046,GREM1;SULF1;NBL1;THBS1
DR 16+,GO_Biological_Process_2023,Negative Regulation Of Membrane Protein Ectodomain Proteolysis (GO:0051045),0.00046811653426905627,0.03349161022452248,0,0,58.7319587628866,450.2857872458315,TIMP2;TIMP3;TIMP1
DR 16+,GO_Biological_Process_2023,Cell-Substrate Junction Assembly (GO:0007044),0.00046811653426905627,0.03349161022452248,0,0,58.7319587628866,450.2857872458315,CDH11;FN1;THY1
DR 16+,GO_Biological_Process_2023,Negative Regulation Of Angiogenesis (GO:0016525),0.0005223494276843021,0.03425741663229548,0,0,7.51595744680851,56.799396641341,SPARC;SERPINF1;THBS2;SULF1;THBS1;DCN
DR 16+,GO_Biological_Process_2023,Skin Development (GO:0043588),0.0005691852899549823,0.034359057342628174,0,0,9.947368421052632,74.319818800007,COL1A1;CLIC4;COL1A2;COL5A1;COL5A2
DR 16+,GO_Biological_Process_2023,Regulation Of BMP Signaling Pathway (GO:0030510),0.0006112157595893195,0.034359057342628174,0,0,15.791666666666666,116.85928929412923,GREM1;SFRP4;SULF1;NBL1
DR 16+,GO_Biological_Process_2023,Regulation Of Endopeptidase Activity (GO:0052548),0.0007953202530924244,0.0417278026122492,0,0,9.038277511961722,64.50406884720583,SERPINF1;TIMP2;SERPINH1;TIMP3;TIMP1
DR 16+,GO_Biological_Process_2023,Positive Regulation Of Wnt Signaling Pathway (GO:0030177),0.0009797523443270978,0.046712802679980577,0,0,13.152777777777779,91.12521610440056,COL1A1;SFRP4;SFRP2;SULF1
DR 16+,GO_Biological_Process_2023,Regulation Of Epithelial To Mesenchymal Transition (GO:0010717),0.001082396678294696,0.046712802679980577,0,0,8.280701754385966,56.545414097797085,GREM1;COL1A1;SFRP2;TGFB1I1;PDPN
DR 16+,GO_Biological_Process_2023,Skeletal System Development (GO:0001501),0.001096748066407853,0.046712802679980577,0,0,6.319148936170213,43.06756419019197,COMP;COL1A1;COL1A2;CDH11;COL10A1;SULF1
DR 16+,GO_Biological_Process_2023,Regulation Of Muscle Contraction (GO:0006937),0.0011277550837606493,0.046712802679980577,0,0,29.350515463917525,199.217394861114,CNN1;TPM1;MYL9
DR 17+,GO_Biological_Process_2023,Endocytosis (GO:0006897),0.00014122518340349547,0.03737007817847591,0,0,12.623697916666666,111.9110373927253,MARCO;DAB2;MRC1;STAB1;CD14
DR 17+,GO_Biological_Process_2023,Receptor-Mediated Endocytosis (GO:0006898),0.00016720392921018305,0.03737007817847591,0,0,12.1125,105.3338896305687,MARCO;DAB2;FCER1G;MRC1;STAB1
DR 19-,GO_Biological_Process_2023,Blood Vessel Morphogenesis (GO:0048514),2.2271503120264565e-09,2.6436274203754037e-06,0,0,37.48351648351648,746.766967271742,EGFL7;RAMP2;SOX17;SOX18;GJA5;CAV1;ID1;KDR;ENG
DR 19-,GO_Biological_Process_2023,Vasculogenesis (GO:0001570),1.7790234902232164e-07,0.0001055850441447479,0,0,35.67741935483871,554.499558975392,RAMP2;EGFL7;SOX17;SOX18;CAV1;KDR;ENG
DR 19-,GO_Biological_Process_2023,Regulation Of Cell Migration (GO:0030334),3.346707218470539e-07,0.000132418048944151,0,0,5.2682926829268295,78.55086929284127,EDN1;IFITM1;JAG1;MCTP1;SERPINE2;CAV1;STC1;SULF1;RHOB;CLDN5;CDH5;CXCL12;PODXL;MMRN2;ENPP2;PECAM1;KDR;ENG
DR 19-,GO_Biological_Process_2023,Cell-Cell Junction Assembly (GO:0007043),1.0028427775804749e-06,0.0002975935942470059,0,0,40.361702127659576,557.5029453209594,CDH5;CLDN5;RAMP2;GJA5;GJA4;CD9
DR 19-,GO_Biological_Process_2023,Negative Regulation Of Cell Migration (GO:0030336),7.025921144222683e-06,0.0016679536796384649,0,0,7.707818930041152,91.46024122760969,CLDN5;IFITM1;JAG1;MCTP1;IGFBP3;MMRN2;STC1;SULF1;RHOB;ENG
DR 19-,GO_Biological_Process_2023,Circulatory System Development (GO:0072359),1.2821611303514803e-05,0.002062694104960955,0,0,12.925708699902248,145.60007424149998,CDH5;RAMP2;SOX17;SOX18;GJA5;MYL2;HSPG2
DR 19-,GO_Biological_Process_2023,Maintenance Of Blood-Brain Barrier (GO:0035633),1.4072596228396998e-05,0.002062694104960955,0,0,33.280701754385966,371.78807721874773,CDH5;CLDN5;PECAM1;ESAM;JAM2
DR 19-,GO_Biological_Process_2023,Negative Regulation Of Cell Motility (GO:2000146),1.4652484125716823e-05,0.002062694104960955,0,0,8.071189679885332,89.83961063151654,CLDN5;IFITM1;JAG1;MCTP1;MMRN2;STC1;SULF1;RHOB;ENG
DR 19-,GO_Biological_Process_2023,Intracellular Calcium Ion Homeostasis (GO:0006874),1.57724684214516e-05,0.002062694104960955,0,0,9.631713554987213,106.50021310715996,CDH5;EDN1;CXCL12;CCL8;CAV2;CAV1;ATP2A3;STC1
DR 19-,GO_Biological_Process_2023,Negative Regulation Of Endothelial Cell Proliferation (GO:0001937),1.7377372409106614e-05,0.002062694104960955,0,0,17.26139817629179,189.19082109789363,DLL4;CAV2;CAV1;MMRN2;CCL2;SULF1
DR 19-,GO_Biological_Process_2023,Regulation Of Cell Migration Involved In Sprouting Angiogenesis (GO:0090049),5.841428530078328e-05,0.006303432422911796,0,0,19.94736842105263,194.44595172999095,DLL4;MMRN2;KDR;GATA2;PTGS2
DR 19-,GO_Biological_Process_2023,Regulation Of Nitric Oxide Biosynthetic Process (GO:0045428),7.169109186907215e-05,0.006474254660728533,0,0,12.063829787234043,115.12686557238213,EDN1;CAV1;PTGS2;CLU;ASS1;KLF2
DR 19-,GO_Biological_Process_2023,Calcium Ion Transport (GO:0006816),7.169109186907215e-05,0.006474254660728533,0,0,12.063829787234043,115.12686557238213,RAMP2;CCL8;CALCRL;CAV1;ATP2A3;CLU
DR 19-,GO_Biological_Process_2023,Endothelium Development (GO:0003158),8.181450708587026e-05,0.006474254660728533,0,0,39.541666666666664,372.12883861533135,JAG1;KDR;PECAM1;CD34
DR 19-,GO_Biological_Process_2023,Vesicle Organization (GO:0016050),8.181450708587026e-05,0.006474254660728533,0,0,39.541666666666664,372.12883861533135,SRGN;CAV2;CAV1;CD34
DR 19-,GO_Biological_Process_2023,Apical Junction Assembly (GO:0043297),0.00010286019114288906,0.006783058160367184,0,0,16.614035087719298,152.55239380337426,CDH5;CLDN5;RAMP2;PECAM1;ESAM
DR 19-,GO_Biological_Process_2023,Bicellular Tight Junction Assembly (GO:0070830),0.00010286019114288906,0.006783058160367184,0,0,16.614035087719298,152.55239380337426,CDH5;CLDN5;RAMP2;PECAM1;ESAM
DR 19-,GO_Biological_Process_2023,Tight Junction Assembly (GO:0120192),0.00010286019114288906,0.006783058160367184,0,0,16.614035087719298,152.55239380337426,CDH5;CLDN5;RAMP2;PECAM1;ESAM
DR 19-,GO_Biological_Process_2023,Cardiac Atrium Development (GO:0003230),0.00012145241724754159,0.0070147196486598316,0,0,inf,inf,DLL4;GJA5;ENG
DR 19-,GO_Biological_Process_2023,Positive Regulation Of BMP Signaling Pathway (GO:0030513),0.00012145241724754159,0.0070147196486598316,0,0,inf,inf,CDH5;SULF1;ENG
DR 19-,GO_Biological_Process_2023,Regulation Of Angiogenesis (GO:0045765),0.00012410203253736854,0.0070147196486598316,0,0,4.668883283650539,41.99383409662028,CLDN5;CDH5;RAMP2;ANXA3;ADAMTS1;KDR;SULF1;GATA2;CD34;HSPG2;RHOB
DR 19-,GO_Biological_Process_2023,Calcium Ion Homeostasis (GO:0055074),0.00014482304599736508,0.00781386161813056,0,0,7.8697729988052565,69.56877704447882,CDH5;EDN1;CXCL12;CCL8;CAV1;ATP2A3;STC1
DR 19-,GO_Biological_Process_2023,Metal Ion Transport (GO:0030001),0.00015309997781280465,0.007901290159295613,0,0,10.042553191489361,88.21799908306319,RAMP2;CCL8;CALCRL;CAV1;ATP2A3;CLU
DR 19-,GO_Biological_Process_2023,Blood Vessel Endothelial Cell Migration (GO:0043534),0.00018357501735262067,0.009079314399898364,0,0,26.34722222222222,226.6621797598714,CDH5;SOX18;ID1;KDR
DR 19-,GO_Biological_Process_2023,Positive Regulation Of Nitric Oxide Biosynthetic Process (GO:0045429),0.0002643629965231669,0.012069187572038427,0,0,12.447368421052632,102.5437538440271,EDN1;PTGS2;CLU;ASS1;KLF2
DR 19-,GO_Biological_Process_2023,Positive Regulation Of Nitric Oxide Metabolic Process (GO:1904407),0.0002643629965231669,0.012069187572038427,0,0,12.447368421052632,102.5437538440271,EDN1;PTGS2;CLU;ASS1;KLF2
DR 19-,GO_Biological_Process_2023,Positive Regulation Of Epithelial Cell Migration (GO:0010634),0.0003957604671826692,0.017398802760956605,0,0,8.02127659574468,62.844307059300036,EDN1;ANXA3;ENPP2;KDR;PLCG2;RHOB
DR 19-,GO_Biological_Process_2023,Cardiac Ventricle Development (GO:0003231),0.00046811653426905627,0.018521810872578995,0,0,58.7319587628866,450.2857872458315,DLL4;GJA5;ENG
DR 19-,GO_Biological_Process_2023,Type I Interferon-Mediated Signaling Pathway (GO:0060337),0.00046811653426905627,0.018521810872578995,0,0,58.7319587628866,450.2857872458315,IFITM3;IFITM1;IFI27
DR 19-,GO_Biological_Process_2023,Heart Trabecula Morphogenesis (GO:0061384),0.00046811653426905627,0.018521810872578995,0,0,58.7319587628866,450.2857872458315,DLL4;S1PR1;ENG
DR 19-,GO_Biological_Process_2023,Regulation Of Endothelial Cell Migration (GO:0010594),0.0005223494276843021,0.02000092808584731,0,0,7.51595744680851,56.799396641341,DLL4;EDN1;ANXA3;KDR;STC1;RHOB
DR 19-,GO_Biological_Process_2023,Sprouting Angiogenesis (GO:0002040),0.0006112157595893195,0.021571119458646287,0,0,15.791666666666666,116.85928929412923,ESM1;RAMP2;KDR;ENG
DR 19-,GO_Biological_Process_2023,Regulation Of Notch Signaling Pathway (GO:0008593),0.0006112157595893195,0.021571119458646287,0,0,15.791666666666666,116.85928929412923,DLL4;EGFL7;JAG1;GATA2
DR 19-,GO_Biological_Process_2023,Positive Regulation Of Vasculature Development (GO:1904018),0.0006178753678129518,0.021571119458646287,0,0,5.883512544802867,43.47459087100044,CDH5;RAMP2;ANXA3;KDR;GATA2;CD34;RHOB
DR 19-,GO_Biological_Process_2023,Calcium-Mediated Signaling (GO:0019722),0.000678385467444629,0.023006958567336415,0,0,7.07008760951189,51.581909092393126,RCAN1;EDN1;MCTP1;KDR;PLCG2;CLU
DR 19-,GO_Biological_Process_2023,Negative Regulation Of Transcription By RNA Polymerase II (GO:0000122),0.0008638244850569366,0.02848221288229399,0,0,3.8721174004192873,27.31446192560425,DLL4;IL33;EDN1;IFI27;SOX18;CAV1;ID1;ID3;GATA2;KLF2
DR 19-,GO_Biological_Process_2023,Positive Regulation Of Endothelial Cell Migration (GO:0010595),0.001082396678294696,0.03113128568427653,0,0,8.280701754385966,56.545414097797085,EDN1;ANXA3;KDR;GATA2;RHOB
DR 19-,GO_Biological_Process_2023,Positive Regulation Of Angiogenesis (GO:0045766),0.001116573631361091,0.03113128568427653,0,0,5.221425726802071,35.492591985772684,CDH5;RAMP2;ANXA3;KDR;GATA2;CD34;RHOB
DR 19-,GO_Biological_Process_2023,Regulation Of Nitric-Oxide Synthase Biosynthetic Process (GO:0051769),0.0011277550837606493,0.03113128568427653,0,0,29.350515463917525,199.217394861114,IL33;EDN1;KDR
DR 19-,GO_Biological_Process_2023,Branching Involved In Blood Vessel Morphogenesis (GO:0001569),0.0011277550837606493,0.03113128568427653,0,0,29.350515463917525,199.217394861114,DLL4;KDR;ENG
DR 19-,GO_Biological_Process_2023,Cellular Response To Type I Interferon (GO:0071357),0.0011277550837606493,0.03113128568427653,0,0,29.350515463917525,199.217394861114,IFITM3;IFITM1;IFI27
DR 19-,GO_Biological_Process_2023,Endothelial Cell Differentiation (GO:0045446),0.0011277550837606493,0.03113128568427653,0,0,29.350515463917525,199.217394861114,JAG1;SOX18;KDR
DR 19-,GO_Biological_Process_2023,Vascular Wound Healing (GO:0061042),0.0011277550837606493,0.03113128568427653,0,0,29.350515463917525,199.217394861114,KDR;GATA2;CD34
DR 19-,GO_Biological_Process_2023,Blood Circulation (GO:0008015),0.0014808362963672226,0.038521633717687284,0,0,11.267857142857142,73.41176014759877,DLL4;CXCL12;ELN;MYL2
DR 19-,GO_Biological_Process_2023,Negative Regulation Of Endothelial Cell Apoptotic Process (GO:2000352),0.0021365735668536314,0.038521633717687284,0,0,9.854166666666666,60.58885488683089,CDH5;RAMP2;KDR;GATA2
DR 19-,GO_Biological_Process_2023,Cardiac Ventricle Morphogenesis (GO:0003208),0.0021365735668536314,0.038521633717687284,0,0,9.854166666666666,60.58885488683089,DLL4;JAG1;MYL2;ENG
DR 19-,GO_Biological_Process_2023,Transforming Growth Factor Beta Receptor Signaling Pathway (GO:0007179),0.0021365735668536314,0.038521633717687284,0,0,9.854166666666666,60.58885488683089,CDH5;CLDN5;ID1;ENG
DR 19-,GO_Biological_Process_2023,Angiogenesis Involved In Wound Healing (GO:0060055),0.0021737022796164945,0.038521633717687284,0,0,19.556701030927837,119.90845954872826,KDR;GATA2;CD34
DR 19-,GO_Biological_Process_2023,Negative Regulation Of Viral Life Cycle (GO:1903901),0.0021737022796164945,0.038521633717687284,0,0,19.556701030927837,119.90845954872826,IFITM3;FCN3;IFITM1
DR 19-,GO_Biological_Process_2023,Aortic Valve Development (GO:0003176),0.0021737022796164945,0.038521633717687284,0,0,19.556701030927837,119.90845954872826,DLL4;JAG1;ELN
DR 19-,GO_Biological_Process_2023,Aortic Valve Morphogenesis (GO:0003180),0.0021737022796164945,0.038521633717687284,0,0,19.556701030927837,119.90845954872826,DLL4;JAG1;ELN
DR 19-,GO_Biological_Process_2023,Cardiac Muscle Tissue Morphogenesis (GO:0055008),0.0021737022796164945,0.038521633717687284,0,0,19.556701030927837,119.90845954872826,MYL2;S1PR1;ENG
DR 19-,GO_Biological_Process_2023,Positive Regulation Of Cell Migration Involved In Sprouting Angiogenesis (GO:0090050),0.0021737022796164945,0.038521633717687284,0,0,19.556701030927837,119.90845954872826,KDR;GATA2;PTGS2
DR 19-,GO_Biological_Process_2023,Endothelial Cell Development (GO:0001885),0.0021737022796164945,0.038521633717687284,0,0,19.556701030927837,119.90845954872826,SOX18;PECAM1;STC1
DR 19-,GO_Biological_Process_2023,Vascular Endothelial Growth Factor Receptor Signaling Pathway (GO:0048010),0.0021737022796164945,0.038521633717687284,0,0,19.556701030927837,119.90845954872826,KDR;CLEC14A;SULF1
DR 19-,GO_Biological_Process_2023,Ventricular Cardiac Muscle Tissue Morphogenesis (GO:0055010),0.0021737022796164945,0.038521633717687284,0,0,19.556701030927837,119.90845954872826,DLL4;MYL2;ENG
DR 19-,GO_Biological_Process_2023,Regulation Of calcineurin-NFAT Signaling Cascade (GO:0070884),0.0021737022796164945,0.038521633717687284,0,0,19.556701030927837,119.90845954872826,RCAN1;PLCG2;LMCD1
DR 19-,GO_Biological_Process_2023,Negative Regulation Of Macromolecule Metabolic Process (GO:0010605),0.0022206116041112774,0.038521633717687284,0,0,4.537981269510926,27.726941323543148,DLL4;CLDN5;EDN1;KDR;GATA2;CD34;ENG
DR 19-,GO_Biological_Process_2023,Regulation Of Endothelial Cell Proliferation (GO:0001936),0.002404952856950651,0.038521633717687284,0,0,6.614035087719298,39.88411958945533,EGFL7;CAV2;CAV1;KDR;SULF1
DR 19-,GO_Biological_Process_2023,Heart Development (GO:0007507),0.002404952856950651,0.038521633717687284,0,0,6.614035087719298,39.88411958945533,RAMP2;SOX17;SOX18;GJA5;MYL2
DR 19-,GO_Biological_Process_2023,Negative Regulation Of Protein Autophosphorylation (GO:0031953),0.002476195597479778,0.038521633717687284,0,0,inf,inf,CAV1;ENG
DR 19-,GO_Biological_Process_2023,Cell Surface Receptor Signaling Pathway Involved In Heart Development (GO:0061311),0.002476195597479778,0.038521633717687284,0,0,inf,inf,DLL4;JAG1
DR 19-,GO_Biological_Process_2023,Regulation Of Striated Muscle Contraction (GO:0006942),0.002476195597479778,0.038521633717687284,0,0,inf,inf,GJA5;MYL2
DR 19-,GO_Biological_Process_2023,Podocyte Development (GO:0072015),0.002476195597479778,0.038521633717687284,0,0,inf,inf,JAG1;PODXL
DR 19-,GO_Biological_Process_2023,Regulation Of Vasculogenesis (GO:2001212),0.002476195597479778,0.038521633717687284,0,0,inf,inf,KDR;CD34
DR 19-,GO_Biological_Process_2023,Positive Regulation Of Cardiac Epithelial To Mesenchymal Transition (GO:0062043),0.002476195597479778,0.038521633717687284,0,0,inf,inf,JAG1;ENG
DR 19-,GO_Biological_Process_2023,Dorsal Aorta Development (GO:0035907),0.002476195597479778,0.038521633717687284,0,0,inf,inf,DLL4;ENG
DR 19-,GO_Biological_Process_2023,Dorsal Aorta Morphogenesis (GO:0035912),0.002476195597479778,0.038521633717687284,0,0,inf,inf,DLL4;ENG
DR 19-,GO_Biological_Process_2023,Positive Regulation Of Endothelial Cell Development (GO:1901552),0.002476195597479778,0.038521633717687284,0,0,inf,inf,CDH5;CLDN5
DR 19-,GO_Biological_Process_2023,Positive Regulation Of Establishment Of Endothelial Barrier (GO:1903142),0.002476195597479778,0.038521633717687284,0,0,inf,inf,CDH5;CLDN5
DR 19-,GO_Biological_Process_2023,Glomerular Epithelial Cell Development (GO:0072310),0.002476195597479778,0.038521633717687284,0,0,inf,inf,JAG1;PODXL
DR 19-,GO_Biological_Process_2023,Ventricular Trabecula Myocardium Morphogenesis (GO:0003222),0.002476195597479778,0.038521633717687284,0,0,inf,inf,DLL4;ENG
DR 19-,GO_Biological_Process_2023,Positive Regulation Of Vasculogenesis (GO:2001214),0.002476195597479778,0.038521633717687284,0,0,inf,inf,KDR;CD34
DR 19-,GO_Biological_Process_2023,Pulmonary Valve Morphogenesis (GO:0003184),0.002476195597479778,0.038521633717687284,0,0,inf,inf,JAG1;GJA5
DR 19-,GO_Biological_Process_2023,Myoblast Fusion (GO:0007520),0.002476195597479778,0.038521633717687284,0,0,inf,inf,CD9;JAM2
DR 19-,GO_Biological_Process_2023,Regulation Of Cardiac Conduction (GO:1903779),0.002476195597479778,0.038521633717687284,0,0,inf,inf,GJA5;ATP2A3
DR 19-,GO_Biological_Process_2023,Endocytosis (GO:0006897),0.0024988759867412983,0.038521633717687284,0,0,5.2090656799259945,31.212274895040373,CD93;ANXA3;CAV1;PECAM1;OCIAD2;HSPG2
DR 19-,GO_Biological_Process_2023,Receptor-Mediated Endocytosis (GO:0006898),0.002998954574799406,0.04499958273963203,0,0,4.98936170212766,28.985654529220568,RAMP2;CALCRL;CAV2;CAV1;CD9;HSPG2
DR 19-,GO_Biological_Process_2023,Intracellular Monoatomic Cation Homeostasis (GO:0030003),0.003020759602005712,0.04499958273963203,0,0,4.258390355164549,24.708232473069767,CDH5;EDN1;CXCL12;CCL8;CAV1;ATP2A3;STC1
DR 19-,GO_Biological_Process_2023,Regulation Of Endothelial Cell Apoptotic Process (GO:2000351),0.0030328278173298757,0.04499958273963203,0,0,6.197368421052632,35.933952315709924,CDH5;RAMP2;KDR;CCL2;GATA2
DR 19-,GO_Biological_Process_2023,Positive Regulation Of Cell Migration (GO:0030335),0.0033719529338609206,0.04730331001033233,0,0,3.380952380952381,19.245270808464152,CDH5;EDN1;CXCL12;PODXL;CAV1;ENPP2;PECAM1;KDR;PLCG2
DR 19-,GO_Biological_Process_2023,Negative Regulation Of Viral Entry Into Host Cell (GO:0046597),0.0036663054093939128,0.04730331001033233,0,0,14.65979381443299,82.22049187959041,IFITM3;FCN3;IFITM1
DR 19-,GO_Biological_Process_2023,Aorta Morphogenesis (GO:0035909),0.0036663054093939128,0.04730331001033233,0,0,14.65979381443299,82.22049187959041,DLL4;JAG1;ENG
DR 19-,GO_Biological_Process_2023,Artery Morphogenesis (GO:0048844),0.0036663054093939128,0.04730331001033233,0,0,14.65979381443299,82.22049187959041,JAG1;GJA5;ENG
DR 19-,GO_Biological_Process_2023,Cellular Response To Vascular Endothelial Growth Factor Stimulus (GO:0035924),0.0036663054093939128,0.04730331001033233,0,0,14.65979381443299,82.22049187959041,DLL4;RAMP2;KDR
DR 19-,GO_Biological_Process_2023,Positive Regulation Of Cell Junction Assembly (GO:1901890),0.0036663054093939128,0.04730331001033233,0,0,14.65979381443299,82.22049187959041,CLDN5;CAV1;KDR
DR 19-,GO_Biological_Process_2023,Determination Of Heart Left/Right Asymmetry (GO:0061371),0.0036663054093939128,0.04730331001033233,0,0,14.65979381443299,82.22049187959041,SOX17;SOX18;ENG
DR 19-,GO_Biological_Process_2023,Embryonic Heart Tube Morphogenesis (GO:0003143),0.0036663054093939128,0.04730331001033233,0,0,14.65979381443299,82.22049187959041,SOX17;SOX18;ENG
DR 19-,GO_Biological_Process_2023,Heart Looping (GO:0001947),0.0036663054093939128,0.04730331001033233,0,0,14.65979381443299,82.22049187959041,SOX17;SOX18;ENG
DR 19-,GO_Biological_Process_2023,Interferon-Mediated Signaling Pathway (GO:0140888),0.0036663054093939128,0.04730331001033233,0,0,14.65979381443299,82.22049187959041,IFITM3;IFITM1;IFI27
DR 19-,GO_Biological_Process_2023,Negative Regulation Of Notch Signaling Pathway (GO:0045746),0.0036663054093939128,0.04730331001033233,0,0,14.65979381443299,82.22049187959041,DLL4;EGFL7;GATA2
DR 19-,GO_Biological_Process_2023,Regulation Of Cardiac Muscle Cell Contraction (GO:0086004),0.0036663054093939128,0.04730331001033233,0,0,14.65979381443299,82.22049187959041,GJA5;CAV1;STC1
DR 19-,GO_Biological_Process_2023,Positive Regulation Of Macromolecule Metabolic Process (GO:0010604),0.003736980357204493,0.04769672778496487,0,0,3.0875420875420874,17.257746672913832,DLL4;CLDN5;IL33;CDH5;RAMP2;PLCG2;GATA2;CLU;CD34;KLF2
DR 19-,GO_Biological_Process_2023,Negative Regulation Of Epithelial Cell Apoptotic Process (GO:1904036),0.003998135981473634,0.0499556569474653,0,0,7.875,43.485175369973454,CDH5;RAMP2;KDR;GATA2
DR 19-,GO_Biological_Process_2023,Transmembrane Receptor Protein Serine/Threonine Kinase Signaling Pathway (GO:0007178),0.003998135981473634,0.0499556569474653,0,0,7.875,43.485175369973454,CLDN5;CDH5;ID1;ENG
DR 20+,GO_Biological_Process_2023,Immunoglobulin Mediated Immune Response (GO:0016064),1.0601833243077292e-11,1.0379194744972669e-08,0,0,38.681985294117645,977.4935433423253,CD74;HLA-DMA;HLA-DRB5;HLA-DMB;FCER1G;FCER1A;HLA-DRA;HLA-DQA2;HLA-DQA1;HLA-DRB1;HLA-DPA1
DR 20+,GO_Biological_Process_2023,Antigen Processing And Presentation Of Exogenous Peptide Antigen (GO:0002478),8.112515173776486e-11,1.985538088781795e-08,0,0,39.62732919254658,920.7421061472389,HLA-DMA;HLA-DRB5;HLA-DMB;FCER1G;HLA-DRA;IFI30;HLA-DQA2;HLA-DQA1;HLA-DRB1;HLA-DPA1
DR 20+,GO_Biological_Process_2023,Antigen Processing And Presentation Of Exogenous Peptide Antigen Via MHC Class II (GO:0019886),8.112515173776486e-11,1.985538088781795e-08,0,0,39.62732919254658,920.7421061472389,HLA-DMA;HLA-DRB5;HLA-DMB;FCER1G;HLA-DRA;IFI30;HLA-DQA2;HLA-DQA1;HLA-DRB1;HLA-DPA1
DR 20+,GO_Biological_Process_2023,Antigen Processing And Presentation Of Peptide Antigen Via MHC Class II (GO:0002495),8.112515173776486e-11,1.985538088781795e-08,0,0,39.62732919254658,920.7421061472389,HLA-DMA;HLA-DRB5;HLA-DMB;FCER1G;HLA-DRA;IFI30;HLA-DQA2;HLA-DQA1;HLA-DRB1;HLA-DPA1
DR 20+,GO_Biological_Process_2023,MHC Class II Protein Complex Assembly (GO:0002399),1.7577813046592375e-10,2.4583827103734194e-08,0,0,108.11267605633803,2428.405149035131,HLA-DRB5;HLA-DMA;HLA-DMB;HLA-DRA;HLA-DQA2;HLA-DQA1;HLA-DRB1;HLA-DPA1
DR 20+,GO_Biological_Process_2023,Peptide Antigen Assembly With MHC Class II Protein Complex (GO:0002503),1.7577813046592375e-10,2.4583827103734194e-08,0,0,108.11267605633803,2428.405149035131,HLA-DRB5;HLA-DMA;HLA-DMB;HLA-DRA;HLA-DQA2;HLA-DQA1;HLA-DRB1;HLA-DPA1
DR 20+,GO_Biological_Process_2023,Peptide Antigen Assembly With MHC Protein Complex (GO:0002501),1.7577813046592375e-10,2.4583827103734194e-08,0,0,108.11267605633803,2428.405149035131,HLA-DRB5;HLA-DMA;HLA-DMB;HLA-DRA;HLA-DQA2;HLA-DQA1;HLA-DRB1;HLA-DPA1
DR 20+,GO_Biological_Process_2023,Immunoglobulin Production Involved In Immunoglobulin-Mediated Immune Response (GO:0002381),6.241145668240944e-10,7.637602011509856e-08,0,0,72.03755868544602,1526.813520377015,HLA-DRB5;HLA-DMA;HLA-DMB;HLA-DRA;HLA-DQA2;HLA-DQA1;HLA-DRB1;HLA-DPA1
DR 20+,GO_Biological_Process_2023,Positive Regulation Of Lymphocyte Activation (GO:0051251),2.9668110444703855e-08,3.2272311250405635e-06,0,0,20.45357142857143,354.52570295953626,HLA-DMA;HLA-DRB5;HLA-DMB;TYROBP;HLA-DRA;HLA-DQA2;HLA-DQA1;HLA-DRB1;HLA-DPA1
DR 20+,GO_Biological_Process_2023,Positive Regulation Of Leukocyte Cell-Cell Adhesion (GO:1903039),7.734050764874502e-08,7.571635698812139e-06,0,0,17.51326530612245,286.7805597956129,HLA-DMA;HLA-DRB5;HLA-DMB;NR4A3;HLA-DRA;HLA-DQA2;HLA-DQA1;HLA-DRB1;HLA-DPA1
DR 20+,GO_Biological_Process_2023,Positive Regulation Of T Cell Activation (GO:0050870),4.836494729542041e-07,4.304480309292417e-05,0,0,9.254901960784315,134.5839090040157,CD86;HLA-DRB5;HLA-DMA;HLA-DMB;IL1B;HLA-DRA;HLA-DQA2;AIF1;HLA-DQA1;HLA-DRB1;HLA-DPA1
DR 20+,GO_Biological_Process_2023,Regulation Of T Cell Activation (GO:0050863),3.482918578546365e-06,0.0002841481073664076,0,0,9.750857142857143,122.5452617135978,IL4I1;HLA-DMA;HLA-DRB5;HLA-DMB;HLA-DRA;HLA-DQA2;HLA-DQA1;HLA-DRB1;HLA-DPA1
DR 20+,GO_Biological_Process_2023,Negative Regulation Of Lymphocyte Proliferation (GO:0050672),5.8901566275187165e-06,0.00044357410294929413,0,0,14.26923076923077,171.83332985886653,CD86;LYN;IL4I1;TYROBP;LST1;MNDA;HLA-DRB1
DR 20+,GO_Biological_Process_2023,Fc-epsilon Receptor Signaling Pathway (GO:0038095),3.1899198209265496e-05,0.00223066536049078,0,0,51.17333333333333,529.7939216444711,LYN;FCER1G;NR4A3;LILRA4
DR 20+,GO_Biological_Process_2023,Positive Regulation Of T Cell Mediated Immunity (GO:0002711),5.4013969812090755e-05,0.0035253117630691232,0,0,18.474903474903474,181.5393499481467,IL1B;HLA-DRA;CD1C;CD55;HLA-DRB1
DR 20+,GO_Biological_Process_2023,"Regulation Of CD4-positive, Alpha-Beta T Cell Activation (GO:2000514)",5.9395635682422956e-05,0.0036342704583182547,0,0,inf,inf,HLA-DRA;CD55;HLA-DRB1
DR 20+,GO_Biological_Process_2023,Positive Regulation Of Lymphocyte Proliferation (GO:0050671),6.322805393405233e-05,0.0036411920471433666,0,0,7.351141330743079,71.0764393658103,CD86;CD74;HLA-DMB;IL1B;GPR183;IL18;TNFSF13B;HLA-DPA1
DR 20+,GO_Biological_Process_2023,Fc Receptor Mediated Stimulatory Signaling Pathway (GO:0002431),7.219853282525046e-05,0.003926797979773344,0,0,34.09777777777778,325.15950610092625,LYN;FGR;FCER1G;NR4A3
DR 20+,GO_Biological_Process_2023,Positive Regulation Of Immune Effector Process (GO:0002699),0.00026288535801058556,0.013545513973282278,0,0,11.732186732186733,96.71771324856354,HLA-DMB;IL1B;HLA-DRA;CFP;HLA-DRB1
DR 20+,GO_Biological_Process_2023,Defense Response To Gram-positive Bacterium (GO:0050830),0.00036097618484599706,0.017669784248211556,0,0,10.748873873873874,85.20308318409874,FGR;IL1B;RNASE6;IL18;LYZ
DR 20+,GO_Biological_Process_2023,Regulation Of Immune Response (GO:0050776),0.0003840085413080794,0.017902112473362368,0,0,7.8123287671232875,61.4427608004143,FGR;LYN;IL4I1;HLA-DRA;CFP;HLA-DRB1
DR 20+,GO_Biological_Process_2023,Regulation Of B Cell Proliferation (GO:0030888),0.0004783230463425679,0.021285375562244274,0,0,7.436399217221135,56.85293943910183,LYN;CD74;TYROBP;GPR183;MNDA;TNFSF13B
DR 20+,GO_Biological_Process_2023,Negative Regulation Of Protein Serine/Threonine Kinase Activity (GO:0071901),0.0008772049116062801,0.03733841775924123,0,0,12.753333333333334,89.76777933015977,LYN;PKIB;RGS2;IL1B
DR 20+,GO_Biological_Process_2023,Negative Regulation Of Inflammatory Response To Antigenic Stimulus (GO:0002862),0.0010892436357747798,0.04443206330931289,0,0,25.236842105263158,172.17259459413998,LYN;FGR;HLA-DRB1
DR 21+,GO_Biological_Process_2023,Collagen Fibril Organization (GO:0030199),3.2745864133734082e-12,2.495234846990537e-09,0,0,58.58426966292135,1549.2510250087391,COL1A1;COL3A1;COL1A2;COL5A1;LOX;COL14A1;LUM;COL12A1;COL5A2;SERPINH1;DPT
DR 21+,GO_Biological_Process_2023,Extracellular Matrix Organization (GO:0030198),7.265222921256045e-11,2.768049932998553e-08,0,0,10.207317073170731,238.29325736883678,LUM;COL14A1;ELN;MMP2;COL12A1;DPT;COL1A1;SMOC2;COL3A1;COL1A2;CCDC80;LOX;COL5A1;MMP23B;COL5A2;SERPINH1;COL8A1;GAS6
DR 21+,GO_Biological_Process_2023,External Encapsulating Structure Organization (GO:0045229),5.971506219183821e-07,0.0001137571934754518,0,0,9.269662921348315,132.84443345300855,COL1A1;SMOC2;COL3A1;COL1A2;CCDC80;COL5A1;COL14A1;MMP23B;MMP2;COL5A2;COL8A1
DR 21+,GO_Biological_Process_2023,Extracellular Structure Organization (GO:0043062),5.971506219183821e-07,0.0001137571934754518,0,0,9.269662921348315,132.84443345300855,COL1A1;SMOC2;COL3A1;COL1A2;CCDC80;COL5A1;COL14A1;MMP23B;MMP2;COL5A2;COL8A1
DR 21+,GO_Biological_Process_2023,Supramolecular Fiber Organization (GO:0097435),1.2025518118432617e-06,0.0001832688961249131,0,0,6.149501661129568,83.82425531769512,LUM;COL14A1;COL12A1;DPT;CNN3;COL1A1;MFAP4;COL3A1;EFEMP2;COL1A2;LOX;COL5A1;COL5A2;SERPINH1
DR 21+,GO_Biological_Process_2023,Skeletal System Development (GO:0001501),1.57724684214516e-05,0.0020031034895243533,0,0,9.631713554987213,106.50021310715996,COL1A1;COMP;COL1A2;EPYC;OGN;CDH11;PRELP;IGF1
DR 21+,GO_Biological_Process_2023,Eye Morphogenesis (GO:0048592),0.00018357501735262067,0.01748552040283712,0,0,26.34722222222222,226.6621797598714,MFAP5;COL5A1;COL5A2;MFAP2
DR 21+,GO_Biological_Process_2023,Regulation Of Insulin-Like Growth Factor Receptor Signaling Pathway (GO:0043567),0.00018357501735262067,0.01748552040283712,0,0,26.34722222222222,226.6621797598714,IGFBP4;CILP;IGF1;IGFBP6
DR 21+,GO_Biological_Process_2023,Extracellular Matrix Assembly (GO:0085029),0.0003530788440695878,0.02989400879789177,0,0,19.75,156.9891786404046,MFAP4;EFEMP2;ELN;GAS6
DR 21+,GO_Biological_Process_2023,Skin Development (GO:0043588),0.0005691852899549823,0.04337191909456965,0,0,9.947368421052632,74.319818800007,COL1A1;COL3A1;COL1A2;COL5A1;COL5A2
DR 22+,GO_Biological_Process_2023,T Cell Receptor Signaling Pathway (GO:0050852),1.2424044973477548e-08,1.0150444743331156e-05,0,0,12.818181818181818,233.33746640926765,ITK;ZAP70;PTPRC;LCK;TRBC2;TRBC1;CTLA4;CD247;CD3E;CD3D;NFKBID;SKAP1
DR 22+,GO_Biological_Process_2023,T Cell Activation (GO:0042110),3.8943288087582564e-08,1.5908333183777478e-05,0,0,8.674418604651162,147.99563852253965,ITK;RHOH;CD3E;CD3D;IL2;CD2;ZAP70;PTPRC;LCK;TRBC2;TRBC1;CCR7;CD247;TNFRSF4
DR 22+,GO_Biological_Process_2023,Alpha-Beta T Cell Activation (GO:0046631),1.4072596228396998e-05,0.0038227794744851505,0,0,33.280701754385966,371.78807721874773,TRBC2;TRBC1;CD247;CD3E;CD3D
DR 22+,GO_Biological_Process_2023,Positive Regulation Of Cytokine Production (GO:0001819),1.8716178577650675e-05,0.0038227794744851505,0,0,3.93514483465778,42.838467716208676,IL21;ITK;CSF2;EBI3;IL13;IL2;BATF;CD2;CD40LG;PTPRC;RGCC;CD6;IFNG;XCL1;CCR7;TIGIT;CD200
DR 22+,GO_Biological_Process_2023,Antigen Receptor-Mediated Signaling Pathway (GO:0050851),2.3771912313047864e-05,0.0038843304719520214,0,0,5.261363636363637,56.01776930554672,ZAP70;ITK;PTPRC;LCK;TRBC2;TRBC1;CTLA4;CD247;CD3E;CD3D;NFKBID;SKAP1
DR 22+,GO_Biological_Process_2023,Positive Regulation Of T Cell Activation (GO:0050870),3.7284293210761515e-05,0.005076877925532026,0,0,6.098039215686274,62.18133032573249,IL21;ZAP70;CD40LG;PTPRC;CD6;LCK;SIRPG;RHOH;CCR7;CD3E
DR 22+,GO_Biological_Process_2023,Negative Regulation Of Cytokine Production (GO:0001818),0.0001000648305106917,0.011678995218176445,0,0,5.301994301994302,48.829735975394456,SRGN;NMB;PTPRC;RGCC;IFNG;LEF1;XCL1;CCR7;TIGIT;CD200
DR 22+,GO_Biological_Process_2023,Regulation Of T Cell Differentiation In Thymus (GO:0033081),0.00012145241724754159,0.012403328111405185,0,0,inf,inf,TESPA1;CAMK4;TOX
DR 22+,GO_Biological_Process_2023,T Cell Differentiation (GO:0030217),0.00015309997781280465,0.01363461719791737,0,0,10.042553191489361,88.21799908306319,ZAP70;PTPRC;LCK;TCF7;RHOH;IL2
DR 22+,GO_Biological_Process_2023,Positive Regulation Of Immunoglobulin Production (GO:0002639),0.00016936810446428435,0.01363461719791737,0,0,14.233082706766917,123.59206388861277,IL21;PTPRC;XCL1;TNFRSF4;IL2
DR 22+,GO_Biological_Process_2023,Receptor Signaling Pathway Via JAK-STAT (GO:0007259),0.00018357501735262067,0.01363461719791737,0,0,26.34722222222222,226.6621797598714,IL21;CSF2;IFNG;STAT4
DR 22+,GO_Biological_Process_2023,Positive Regulation Of Antigen Receptor-Mediated Signaling Pathway (GO:0050857),0.0003530788440695878,0.024038784633737768,0,0,19.75,156.9891786404046,PTPRC;TESPA1;TRAT1;LCK
DR 22+,GO_Biological_Process_2023,Positive Regulation Of Cell-Cell Adhesion Mediated By Integrin (GO:0033634),0.00046811653426905627,0.027742404199137444,0,0,58.7319587628866,450.2857872458315,CD3E;CXCL13;SKAP1
DR 22+,GO_Biological_Process_2023,Positive Regulation Of Production Of Molecular Mediator Of Immune Response (GO:0002702),0.0005691852899549823,0.027742404199137444,0,0,9.947368421052632,74.319818800007,IL21;PTPRC;XCL1;TNFRSF4;IL2
DR 22+,GO_Biological_Process_2023,Regulation Of T Cell Differentiation (GO:0045580),0.0005691852899549823,0.027742404199137444,0,0,9.947368421052632,74.319818800007,CD2;ZAP70;CAMK4;TCF7;RHOH
DR 22+,GO_Biological_Process_2023,T-helper Cell Differentiation (GO:0042093),0.0006112157595893195,0.027742404199137444,0,0,15.791666666666666,116.85928929412923,IL21;LEF1;STAT4;BATF
DR 22+,GO_Biological_Process_2023,Negative Regulation Of Sequestering Of Calcium Ion (GO:0051283),0.0006112157595893195,0.027742404199137444,0,0,15.791666666666666,116.85928929412923,PTPRC;LCK;XCL1;CCR7
DR 22+,GO_Biological_Process_2023,Release Of Sequestered Calcium Ion Into Cytosol (GO:0051209),0.0006112157595893195,0.027742404199137444,0,0,15.791666666666666,116.85928929412923,PTPRC;LCK;XCL1;CCR7
DR 22+,GO_Biological_Process_2023,Regulation Of Tyrosine Phosphorylation Of STAT Protein (GO:0042509),0.000678385467444629,0.029170575100119046,0,0,7.07008760951189,51.581909092393126,IL21;CSF2;SOCS1;IFNG;TNFRSF18;IL2
DR 22+,GO_Biological_Process_2023,Positive Regulation Of Cell-Cell Adhesion (GO:0022409),0.0007953202530924244,0.03248883233882554,0,0,9.038277511961722,64.50406884720583,LCK;SIRPG;CD3E;CXCL13;SKAP1
DR 22+,GO_Biological_Process_2023,Positive Regulation Of T Cell Proliferation (GO:0042102),0.0009241118507069289,0.035952351525121946,0,0,5.425144747725393,37.9037364344854,IL21;CD40LG;PTPRC;CD6;EBI3;CD3E;IL2
DR 22+,GO_Biological_Process_2023,Calcium Ion Transmembrane Import Into Cytosol (GO:0097553),0.0009797523443270978,0.03638443933251086,0,0,13.152777777777779,91.12521610440056,PTPRC;LCK;XCL1;CCR7
DR 22+,GO_Biological_Process_2023,Positive Regulation Of T Cell Receptor Signaling Pathway (GO:0050862),0.0011277550837606493,0.03839066264301877,0,0,29.350515463917525,199.217394861114,TESPA1;TRAT1;LCK
DR 22+,GO_Biological_Process_2023,Regulation Of Cell-Cell Adhesion Mediated By Integrin (GO:0033632),0.0011277550837606493,0.03839066264301877,0,0,29.350515463917525,199.217394861114,CD3E;CXCL13;SKAP1
DR 23+,GO_Biological_Process_2023,Protein Catabolic Process (GO:0030163),5.6554028852149576e-08,4.032302257158265e-05,0,0,48.34567901234568,806.7960462025818,CTSZ;APOE;CTSD;CTSS;CTSB;LGMN
DR 23+,GO_Biological_Process_2023,Macrophage Activation Involved In Immune Response (GO:0002281),4.0061371436404944e-05,0.009414113688332408,0,0,98.25,994.7908778863606,GRN;TYROBP;TREM2
DR 23+,GO_Biological_Process_2023,Secondary Alcohol Metabolic Process (GO:1902652),4.0061371436404944e-05,0.009414113688332408,0,0,98.25,994.7908778863606,CYP27A1;APOE;CES1
DR 23+,GO_Biological_Process_2023,Proteolysis Involved In Protein Catabolic Process (GO:0051603),7.389478904248998e-05,0.009414113688332408,0,0,24.526645768025077,233.31874971071824,CTSZ;CTSS;CTSB;LGMN
DR 23+,GO_Biological_Process_2023,Sterol Metabolic Process (GO:0016125),7.922115305749572e-05,0.009414113688332408,0,0,65.46666666666667,618.2192267301193,CYP27A1;APOE;CES1
DR 23+,GO_Biological_Process_2023,Cholesterol Metabolic Process (GO:0008203),7.922115305749572e-05,0.009414113688332408,0,0,65.46666666666667,618.2192267301193,CYP27A1;APOE;CES1
DR 23+,GO_Biological_Process_2023,Cellular Response To Low-Density Lipoprotein Particle Stimulus (GO:0071404),0.0001370773513767823,0.012554671151444603,0,0,49.075,436.5204163497358,TREM2;CD68;CES1
DR 23+,GO_Biological_Process_2023,Regulation Of Long-Term Synaptic Potentiation (GO:1900271),0.0002168570700339541,0.012554671151444603,0,0,39.24,331.03931661052934,TYROBP;APOE;LGMN
DR 23+,GO_Biological_Process_2023,Regulation Of Primary Metabolic Process (GO:0080090),0.0002168570700339541,0.012554671151444603,0,0,39.24,331.03931661052934,PSAP;TREM2;APOE
DR 23+,GO_Biological_Process_2023,Memory (GO:0007613),0.0002168570700339541,0.012554671151444603,0,0,39.24,331.03931661052934,TREM2;APOE;LGMN
DR 23+,GO_Biological_Process_2023,Negative Regulation Of Neuron Death (GO:1901215),0.0002474117153609525,0.012554671151444603,0,0,16.81896551724138,139.67237163698215,GRN;GPNMB;APOE;LGMN
DR 23+,GO_Biological_Process_2023,Sterol Catabolic Process (GO:0016127),0.0002641235165100548,0.012554671151444603,0,0,inf,inf,CYP27A1;APOE
DR 23+,GO_Biological_Process_2023,Alcohol Catabolic Process (GO:0046164),0.0002641235165100548,0.012554671151444603,0,0,inf,inf,CYP27A1;APOE
DR 23+,GO_Biological_Process_2023,Lipoprotein Catabolic Process (GO:0042159),0.0002641235165100548,0.012554671151444603,0,0,inf,inf,APOE;CTSD
DR 23+,GO_Biological_Process_2023,Cholesterol Catabolic Process (GO:0006707),0.0002641235165100548,0.012554671151444603,0,0,inf,inf,CYP27A1;APOE
DR 23+,GO_Biological_Process_2023,Regulation Of Neuron Apoptotic Process (GO:0043523),0.00030207934457446376,0.013461410792599542,0,0,15.821501014198782,128.23043121460475,GRN;TREM2;APOE;LGMN
DR 23+,GO_Biological_Process_2023,Regulation Of Cholesterol Efflux (GO:0010874),0.00045430482495304467,0.016195967009576043,0,0,28.0,215.50878060945732,TREM2;APOE;CES1
DR 23+,GO_Biological_Process_2023,Cholesterol Transport (GO:0030301),0.00045430482495304467,0.016195967009576043,0,0,28.0,215.50878060945732,APOC1;APOE;CES1
DR 23+,GO_Biological_Process_2023,Positive Regulation Of Cholesterol Efflux (GO:0010875),0.00045430482495304467,0.016195967009576043,0,0,28.0,215.50878060945732,TREM2;APOE;CES1
DR 23+,GO_Biological_Process_2023,Positive Regulation Of Cholesterol Transport (GO:0032376),0.00045430482495304467,0.016195967009576043,0,0,28.0,215.50878060945732,TREM2;APOE;CES1
DR 23+,GO_Biological_Process_2023,Regulation Of Establishment Of Protein Localization (GO:0070201),0.0007841805582482457,0.016943052667606037,0,0,126.83870967741936,907.0072837183947,TREM2;CTSD
DR 23+,GO_Biological_Process_2023,Glycolipid Metabolic Process (GO:0006664),0.0007841805582482457,0.016943052667606037,0,0,126.83870967741936,907.0072837183947,GM2A;FUCA1
DR 23+,GO_Biological_Process_2023,High-Density Lipoprotein Particle Remodeling (GO:0034375),0.0007841805582482457,0.016943052667606037,0,0,126.83870967741936,907.0072837183947,APOC1;APOE
DR 23+,GO_Biological_Process_2023,Aminoglycan Catabolic Process (GO:0006026),0.0007841805582482457,0.016943052667606037,0,0,126.83870967741936,907.0072837183947,CHIT1;FUCA1
DR 23+,GO_Biological_Process_2023,Positive Regulation Of Steroid Metabolic Process (GO:0045940),0.0007841805582482457,0.016943052667606037,0,0,126.83870967741936,907.0072837183947,APOE;CES1
DR 23+,GO_Biological_Process_2023,Lipoprotein Metabolic Process (GO:0042157),0.0007841805582482457,0.016943052667606037,0,0,126.83870967741936,907.0072837183947,APOE;CTSD
DR 23+,GO_Biological_Process_2023,Phospholipid Efflux (GO:0033700),0.0007841805582482457,0.016943052667606037,0,0,126.83870967741936,907.0072837183947,APOC1;APOE
DR 23+,GO_Biological_Process_2023,Cellular Response To Oxidised Low-Density Lipoprotein Particle Stimulus (GO:0140052),0.0007841805582482457,0.016943052667606037,0,0,126.83870967741936,907.0072837183947,TREM2;CD68
DR 23+,GO_Biological_Process_2023,Response To Axon Injury (GO:0048678),0.0007841805582482457,0.016943052667606037,0,0,126.83870967741936,907.0072837183947,TYROBP;TREM2
DR 23+,GO_Biological_Process_2023,Positive Regulation Of Amyloid-Beta Clearance (GO:1900223),0.0007841805582482457,0.016943052667606037,0,0,126.83870967741936,907.0072837183947,TREM2;APOE
DR 23+,GO_Biological_Process_2023,Dendritic Spine Organization (GO:0097061),0.0007841805582482457,0.016943052667606037,0,0,126.83870967741936,907.0072837183947,TREM2;LGMN
DR 23+,GO_Biological_Process_2023,Positive Regulation Of Cholesterol Metabolic Process (GO:0090205),0.0007841805582482457,0.016943052667606037,0,0,126.83870967741936,907.0072837183947,APOE;CES1
DR 23+,GO_Biological_Process_2023,Negative Regulation Of Cholesterol Storage (GO:0010887),0.0007841805582482457,0.016943052667606037,0,0,126.83870967741936,907.0072837183947,TREM2;CES1
DR 23+,GO_Biological_Process_2023,Microglial Cell Activation (GO:0001774),0.0010466847716317697,0.0219495953580427,0,0,19.57,134.2918345906854,GRN;TYROBP;TREM2
DR 23+,GO_Biological_Process_2023,Regulation Of Cholesterol Metabolic Process (GO:0090181),0.0015521602421939289,0.02459311672631714,0,0,63.38709677419355,409.9945632564261,APOE;CES1
DR 23+,GO_Biological_Process_2023,Regulation Of Cholesterol Storage (GO:0010885),0.0015521602421939289,0.02459311672631714,0,0,63.38709677419355,409.9945632564261,TREM2;CES1
DR 23+,GO_Biological_Process_2023,Steroid Metabolic Process (GO:0008202),0.0015521602421939289,0.02459311672631714,0,0,63.38709677419355,409.9945632564261,CYP27A1;LGMN
DR 23+,GO_Biological_Process_2023,Negative Regulation Of Immune Effector Process (GO:0002698),0.0015521602421939289,0.02459311672631714,0,0,63.38709677419355,409.9945632564261,LGALS3;GRN
DR 23+,GO_Biological_Process_2023,Negative Regulation Of Long-Term Synaptic Potentiation (GO:1900272),0.0015521602421939289,0.02459311672631714,0,0,63.38709677419355,409.9945632564261,TYROBP;APOE
DR 23+,GO_Biological_Process_2023,Positive Regulation Of Syncytium Formation By Plasma Membrane Fusion (GO:0060143),0.0015521602421939289,0.02459311672631714,0,0,63.38709677419355,409.9945632564261,TYROBP;TREM2
DR 23+,GO_Biological_Process_2023,Regulation Of Proteasomal Protein Catabolic Process (GO:0061136),0.0015521602421939289,0.02459311672631714,0,0,63.38709677419355,409.9945632564261,TREM2;APOE
DR 23+,GO_Biological_Process_2023,Monocarboxylic Acid Biosynthetic Process (GO:0072330),0.0015521602421939289,0.02459311672631714,0,0,63.38709677419355,409.9945632564261,CYP27A1;SDS
DR 23+,GO_Biological_Process_2023,Multicellular Organismal-Level Iron Ion Homeostasis (GO:0060586),0.0015521602421939289,0.02459311672631714,0,0,63.38709677419355,409.9945632564261,HMOX1;HAMP
DR 23+,GO_Biological_Process_2023,Response To Acidic pH (GO:0010447),0.0015521602421939289,0.02459311672631714,0,0,63.38709677419355,409.9945632564261,CTSS;LGMN
DR 23+,GO_Biological_Process_2023,Reverse Cholesterol Transport (GO:0043691),0.0015521602421939289,0.02459311672631714,0,0,63.38709677419355,409.9945632564261,APOE;CES1
DR 23+,GO_Biological_Process_2023,Negative Regulation Of Neuron Apoptotic Process (GO:0043524),0.0016280194573307738,0.024697401554826418,0,0,16.291666666666668,104.5988710158404,GRN;APOE;LGMN
DR 23+,GO_Biological_Process_2023,Regulation Of Lipid Metabolic Process (GO:0019216),0.0016280194573307738,0.024697401554826418,0,0,16.291666666666668,104.5988710158404,APOC1;PSAP;TREM2
DR 23+,GO_Biological_Process_2023,Proteolysis (GO:0006508),0.002029127066432071,0.030140991632626388,0,0,6.576236263736264,40.77364860688669,CTSZ;CTSD;CTSS;CTSB;LGMN
DR 23+,GO_Biological_Process_2023,Regulation Of Defense Response (GO:0031347),0.0023788278877037786,0.03093976060326859,0,0,13.95,84.2740061848994,GRN;TREM2;APOE
DR 23+,GO_Biological_Process_2023,Antigen Processing And Presentation Of Exogenous Peptide Antigen (GO:0002478),0.0023788278877037786,0.03093976060326859,0,0,13.95,84.2740061848994,CTSD;CTSS;LGMN
DR 23+,GO_Biological_Process_2023,Antigen Processing And Presentation Of Exogenous Peptide Antigen Via MHC Class II (GO:0019886),0.0023788278877037786,0.03093976060326859,0,0,13.95,84.2740061848994,CTSD;CTSS;LGMN
DR 23+,GO_Biological_Process_2023,Antigen Processing And Presentation Of Peptide Antigen Via MHC Class II (GO:0002495),0.0023788278877037786,0.03093976060326859,0,0,13.95,84.2740061848994,CTSD;CTSS;LGMN
DR 23+,GO_Biological_Process_2023,Positive Regulation Of Neuron Apoptotic Process (GO:0043525),0.002560232644590248,0.03093976060326859,0,0,42.236559139784944,252.05330405014047,GRN;TYROBP
DR 23+,GO_Biological_Process_2023,Organonitrogen Compound Catabolic Process (GO:1901565),0.002560232644590248,0.03093976060326859,0,0,42.236559139784944,252.05330405014047,NPL;PLA2G7
DR 23+,GO_Biological_Process_2023,Osteoclast Differentiation (GO:0030316),0.002560232644590248,0.03093976060326859,0,0,42.236559139784944,252.05330405014047,TYROBP;TREM2
DR 23+,GO_Biological_Process_2023,Positive Chemotaxis (GO:0050918),0.002560232644590248,0.03093976060326859,0,0,42.236559139784944,252.05330405014047,LGALS3;GPNMB
DR 23+,GO_Biological_Process_2023,Cellular Response To Thyroid Hormone Stimulus (GO:0097067),0.002560232644590248,0.03093976060326859,0,0,42.236559139784944,252.05330405014047,CTSS;CTSB
DR 23+,GO_Biological_Process_2023,Cholesterol Efflux (GO:0033344),0.002560232644590248,0.03093976060326859,0,0,42.236559139784944,252.05330405014047,APOC1;APOE
DR 23+,GO_Biological_Process_2023,Response To Thyroid Hormone (GO:0097066),0.002560232644590248,0.03093976060326859,0,0,42.236559139784944,252.05330405014047,CTSS;CTSB
DR 23+,GO_Biological_Process_2023,Positive Regulation Of Mononuclear Cell Migration (GO:0071677),0.0028226051645613404,0.03354195803887059,0,0,13.013333333333334,76.38950297586462,LGALS3;PLA2G7;LGMN
DR 23+,GO_Biological_Process_2023,Negative Regulation Of Hydrolase Activity (GO:0051346),0.0038007452366816586,0.04044673662319437,0,0,31.661290322580644,176.4343803679096,GCHFR;CTSB
DR 23+,GO_Biological_Process_2023,Negative Regulation Of Lipid Storage (GO:0010888),0.0038007452366816586,0.04044673662319437,0,0,31.661290322580644,176.4343803679096,TREM2;CES1
DR 23+,GO_Biological_Process_2023,Triglyceride Metabolic Process (GO:0006641),0.0038007452366816586,0.04044673662319437,0,0,31.661290322580644,176.4343803679096,APOC1;APOE
DR 23+,GO_Biological_Process_2023,Vacuolar Transport (GO:0007034),0.0038007452366816586,0.04044673662319437,0,0,31.661290322580644,176.4343803679096,GRN;PSAP
DR 23+,GO_Biological_Process_2023,Regulation Of Microglial Cell Activation (GO:1903978),0.0038007452366816586,0.04044673662319437,0,0,31.661290322580644,176.4343803679096,GRN;TREM2
DR 23+,GO_Biological_Process_2023,Neutrophil Activation (GO:0042119),0.0038007452366816586,0.04044673662319437,0,0,31.661290322580644,176.4343803679096,CXCL8;TYROBP
DR 23+,GO_Biological_Process_2023,Regulation Of Amyloid-Beta Clearance (GO:1900221),0.0038007452366816586,0.04044673662319437,0,0,31.661290322580644,176.4343803679096,TREM2;APOE
DR 23+,GO_Biological_Process_2023,Negative Regulation Of Multicellular Organismal Process (GO:0051241),0.0040482458352389325,0.04244704824301998,0,0,7.194780987884436,39.6394416561723,GRN;GPNMB;ALDH1A1;TREM2
DR 23+,GO_Biological_Process_2023,Epithelium Development (GO:0060429),0.004447757434159506,0.0453035864365104,0,0,10.827777777777778,58.636263312769195,LGALS3;CES1;CTSB
DR 23+,GO_Biological_Process_2023,Positive Regulation Of Cellular Component Organization (GO:0051130),0.004447757434159506,0.0453035864365104,0,0,10.827777777777778,58.636263312769195,LGALS3;TREM2;APOE
DR 24-,GO_Biological_Process_2023,Inflammatory Response (GO:0006954),8.896639041906514e-09,6.903791896519455e-06,0,0,9.026162790697674,167.32332555197087,CXCL8;SLC11A1;C5AR1;FPR1;CYBB;LYZ;AIF1;CXCL2;IL1B;NLRP3;OLR1;PROK2;CD14;S100A9;S100A8
DR 24-,GO_Biological_Process_2023,Positive Regulation Of Response To External Stimulus (GO:0032103),3.984462646837524e-07,0.00010746591084921536,0,0,10.811117413499716,159.30930926546745,NFKBIA;LGALS2;IL1B;OSM;S100A12;NLRP3;S100A9;AIF1;S100A8;EREG
DR 24-,GO_Biological_Process_2023,Positive Regulation Of Defense Response (GO:0031349),4.154609955510903e-07,0.00010746591084921536,0,0,12.837053571428571,188.6260875121401,NFKBIA;LGALS2;IL1B;OSM;S100A12;NLRP3;S100A9;S100A8;EREG
DR 24-,GO_Biological_Process_2023,Positive Regulation Of Inflammatory Response (GO:0050729),1.7862838327069798e-06,0.00032392522837911426,0,0,12.764119601328904,168.93788607497265,NFKBIA;LGALS2;IL1B;OSM;S100A12;NLRP3;S100A9;S100A8
DR 24-,GO_Biological_Process_2023,Defense Response To Bacterium (GO:0042742),2.0871470900716126e-06,0.00032392522837911426,0,0,10.226785714285715,133.76341646295958,FGR;FCER1G;IL1B;SLC11A1;S100A12;LYZ;CFP;S100A9;S100A8
DR 24-,GO_Biological_Process_2023,Response To Molecule Of Bacterial Origin (GO:0002237),2.767960182892302e-06,0.0003579895169874044,0,0,15.344318181818181,196.36737604390947,CXCL8;IL1B;SLC11A1;CD14;S100A9;CXCL2;S100A8
DR 24-,GO_Biological_Process_2023,Neutrophil Chemotaxis (GO:0030593),1.0676945843168565e-05,0.0010928690945903254,0,0,9.614079195474543,110.05643837311933,CXCL8;FCER1G;JAML;S100A12;S100A9;CXCL2;TREM1;S100A8
DR 24-,GO_Biological_Process_2023,Pattern Recognition Receptor Signaling Pathway (GO:0002221),1.2428954912446778e-05,0.0010928690945903254,0,0,55.205673758865245,623.5746795462984,FCN1;NLRP3;CD14;CTSS
DR 24-,GO_Biological_Process_2023,Granulocyte Chemotaxis (GO:0071621),1.2675028158908412e-05,0.0010928690945903254,0,0,9.356181150550796,105.49914584933398,CXCL8;FCER1G;JAML;S100A12;S100A9;CXCL2;TREM1;S100A8
DR 24-,GO_Biological_Process_2023,Neutrophil Migration (GO:1990266),1.4979882257902875e-05,0.001162438863213263,0,0,9.111508646392368,101.21794948184144,CXCL8;FCER1G;JAML;S100A12;S100A9;CXCL2;TREM1;S100A8
DR 24-,GO_Biological_Process_2023,Response To Lipopolysaccharide (GO:0032496),2.0660937573412806e-05,0.0014575352324516671,0,0,8.657969370391378,93.39581614388551,CXCL8;IL1B;SLC11A1;NLRP3;CD14;S100A9;CXCL2;S100A8
DR 24-,GO_Biological_Process_2023,Neutrophil Activation Involved In Immune Response (GO:0002283),6.1438110331326e-05,0.0039729978014257485,0,0,121.75,1180.668217506237,FCER1G;TYROBP;STXBP2
DR 24-,GO_Biological_Process_2023,Positive Regulation Of Cytokine Production (GO:0001819),6.817185948177803e-05,0.004069335612143058,0,0,5.08475,48.78044079864267,FCN1;FGR;TYROBP;FCER1G;IL1B;SLC11A1;OSM;NLRP3;CD14;AIF1;EREG
DR 24-,GO_Biological_Process_2023,Positive Regulation Of Phagocytosis (GO:0050766),0.00013211631567403655,0.006901828162898718,0,0,13.13179347826087,117.29091863130994,FCN1;FCER1G;IL1B;SLC11A1;CFP
DR 24-,GO_Biological_Process_2023,Antimicrobial Humoral Response (GO:0019730),0.00013341162686015564,0.006901828162898718,0,0,9.491358024691358,84.68257274926037,CXCL8;SLC11A1;S100A12;LYZ;S100A9;CXCL2
DR 24-,GO_Biological_Process_2023,Regulation Of Inflammatory Response (GO:0050727),0.0002868586159777278,0.012077309434642301,0,0,5.662415603900976,46.185612298323385,NFKBIA;LGALS2;IL1B;OSM;S100A12;NLRP3;S100A9;S100A8
DR 24-,GO_Biological_Process_2023,Neutrophil Activation (GO:0042119),0.00029623224291963374,0.012077309434642301,0,0,40.541666666666664,329.3753709599557,CXCL8;FCER1G;TYROBP
DR 24-,GO_Biological_Process_2023,Leukocyte Aggregation (GO:0070486),0.00029623224291963374,0.012077309434642301,0,0,40.541666666666664,329.3753709599557,IL1B;S100A9;S100A8
DR 24-,GO_Biological_Process_2023,Regulation Of Intrinsic Apoptotic Signaling Pathway (GO:2001242),0.0003112708617175851,0.012077309434642301,0,0,16.50212765957447,133.25215745845796,PLAUR;PPIF;S100A9;S100A8
DR 24-,GO_Biological_Process_2023,Wound Healing (GO:0042060),0.0003112708617175851,0.012077309434642301,0,0,16.50212765957447,133.25215745845796,JAML;SLC11A1;CHMP1B;EREG
DR 24-,GO_Biological_Process_2023,Positive Regulation Of Epidermal Growth Factor Receptor Signaling Pathway (GO:0045742),0.0005090864217536538,0.01881195539432549,0,0,30.390625,230.4488505424132,PLAUR;AREG;EREG
DR 24-,GO_Biological_Process_2023,Negative Regulation Of Hormone Secretion (GO:0046888),0.0006378024460427529,0.020622279088715677,0,0,inf,inf,IL1B;OSM
DR 24-,GO_Biological_Process_2023,Pentose-Phosphate Shunt (GO:0006098),0.0006378024460427529,0.020622279088715677,0,0,inf,inf,PHACTR1;RBKS
DR 24-,GO_Biological_Process_2023,Peptidyl-Cysteine Modification (GO:0018198),0.0006378024460427529,0.020622279088715677,0,0,inf,inf,S100A9;S100A8
DR 24-,GO_Biological_Process_2023,Regulation Of Phagocytosis (GO:0050764),0.0006992277992592925,0.020869260470200424,0,0,12.67430441898527,92.08558937510121,FGR;FCER1G;IL1B;SLC11A1
DR 24-,GO_Biological_Process_2023,Positive Regulation Of Apoptotic Signaling Pathway (GO:2001235),0.0006992277992592925,0.020869260470200424,0,0,12.67430441898527,92.08558937510121,G0S2;S100A9;S100A8;CTSS
DR 24-,GO_Biological_Process_2023,Positive Regulation Of NF-kappaB Transcription Factor Activity (GO:0051092),0.0010569738623772192,0.03037821174832304,0,0,7.737520128824476,53.02015969242718,IL1B;S100A12;NLRP3;S100A9;S100A8
DR 24-,GO_Biological_Process_2023,Defense Response To Fungus (GO:0050832),0.001178322960635622,0.03265637919475867,0,0,20.239583333333332,136.48893070138706,S100A12;S100A9;S100A8
DR 24-,GO_Biological_Process_2023,Antimicrobial Humoral Immune Response Mediated By Antimicrobial Peptide (GO:0061844),0.0013449474446402792,0.035988938518650225,0,0,10.28191489361702,67.97785563696617,CXCL8;S100A12;S100A9;CXCL2
DR 24-,GO_Biological_Process_2023,Cellular Response To Molecule Of Bacterial Origin (GO:0071219),0.0014051782384840374,0.036347277102120434,0,0,7.19640179910045,47.26302458131219,CXCL8;IL1B;NLRP3;CD14;CXCL2
DR 24-,GO_Biological_Process_2023,Immune Response-Activating Cell Surface Receptor Signaling Pathway (GO:0002429),0.0016531301608523471,0.03993029927260619,0,0,17.339285714285715,111.05959400241962,FCER1G;C5AR1;FPR1
DR 24-,GO_Biological_Process_2023,Regulation Of Mast Cell Degranulation (GO:0043304),0.0018821362617856851,0.03993029927260619,0,0,79.51020408163265,498.9541872659749,FGR;STXBP2
DR 24-,GO_Biological_Process_2023,Regulation Of Opsonization (GO:1903027),0.0018821362617856851,0.03993029927260619,0,0,79.51020408163265,498.9541872659749,FCN1;CFP
DR 24-,GO_Biological_Process_2023,Complement Receptor Mediated Signaling Pathway (GO:0002430),0.0018821362617856851,0.03993029927260619,0,0,79.51020408163265,498.9541872659749,C5AR1;FPR1
DR 24-,GO_Biological_Process_2023,Regulation Of Cell Adhesion Molecule Production (GO:0060353),0.0018821362617856851,0.03993029927260619,0,0,79.51020408163265,498.9541872659749,CXCL8;IL1B
DR 24-,GO_Biological_Process_2023,Cellular Response To Oxygen-Containing Compound (GO:1901701),0.0019019732505781344,0.03993029927260619,0,0,4.6111888111888115,28.88846791593471,CXCL8;IL1B;AQP9;PPIF;NLRP3;CD14;CXCL2
DR 24-,GO_Biological_Process_2023,Phagocytosis (GO:0006909),0.001955349706648241,0.03993029927260619,0,0,9.130023640661939,56.94565767140662,TYROBP;SLC11A1;CD14;AIF1
DR 24-,GO_Biological_Process_2023,Positive Regulation Of Interleukin-6 Production (GO:0032755),0.001955349706648241,0.03993029927260619,0,0,9.130023640661939,56.94565767140662,TYROBP;IL1B;AIF1;EREG
DR 25+,GO_Biological_Process_2023,B Cell Receptor Signaling Pathway (GO:0050853),3.2301795952265246e-11,1.1854759114481345e-08,0,0,18.031463748290015,435.5662042335094,IGHM;LIME1;CD79B;IGHG3;CD79A;IGHG4;IGHG1;IGHG2;IGKC;BLNK;IGHD;CD38;IGHA1;IGHA2
DR 25+,GO_Biological_Process_2023,Antigen Receptor-Mediated Signaling Pathway (GO:0050851),6.323952944909946e-07,0.0001160445365390975,0,0,6.5611729019211324,93.6525494008213,IGHM;LIME1;IGHG3;CD79B;IGHG4;CD79A;IGHG1;IGHG2;IGKC;IGHD;BLNK;CD38;IGHA1;IGHA2
DR 25+,GO_Biological_Process_2023,ERAD Pathway (GO:0036503),5.841428530078328e-05,0.007146014235129155,0,0,19.94736842105263,194.44595172999095,ERLEC1;XBP1;DERL3;HERPUD1;UBE2J1
DR 25+,GO_Biological_Process_2023,Protein N-linked Glycosylation Via Asparagine (GO:0018279),0.00012145241724754159,0.01114325928246194,0,0,inf,inf,ST6GAL1;DERL3;UBE2J1
DR 25+,GO_Biological_Process_2023,Ubiquitin-Dependent ERAD Pathway (GO:0030433),0.0003530788440695878,0.017179876807674365,0,0,19.75,156.9891786404046,ERLEC1;DERL3;HERPUD1;UBE2J1
DR 25+,GO_Biological_Process_2023,Retina Homeostasis (GO:0001895),0.0003950178597139277,0.017179876807674365,0,0,11.058479532163743,86.6606548833963,IGHG3;IGKC;IGHA1;IGHA2;JCHAIN
DR 25+,GO_Biological_Process_2023,Protein N-linked Glycosylation (GO:0006487),0.00046811653426905627,0.017179876807674365,0,0,58.7319587628866,450.2857872458315,ST6GAL1;DERL3;UBE2J1
DR 25+,GO_Biological_Process_2023,"Regulation Of Retrograde Protein Transport, ER To Cytosol (GO:1904152)",0.00046811653426905627,0.017179876807674365,0,0,58.7319587628866,450.2857872458315,ERLEC1;DERL3;UBE2J1
DR 25+,GO_Biological_Process_2023,"Negative Regulation Of Retrograde Protein Transport, ER To Cytosol (GO:1904153)",0.00046811653426905627,0.017179876807674365,0,0,58.7319587628866,450.2857872458315,ERLEC1;DERL3;UBE2J1
DR 25+,GO_Biological_Process_2023,Positive Regulation Of Respiratory Burst (GO:0060267),0.00046811653426905627,0.017179876807674365,0,0,58.7319587628866,450.2857872458315,IGHA1;IGHA2;JCHAIN
DR 25+,GO_Biological_Process_2023,Regulation Of Respiratory Burst (GO:0060263),0.0011277550837606493,0.03449050964501319,0,0,29.350515463917525,199.217394861114,IGHA1;IGHA2;JCHAIN
DR 25+,GO_Biological_Process_2023,Negative Regulation Of Protein Exit From Endoplasmic Reticulum (GO:0070862),0.0011277550837606493,0.03449050964501319,0,0,29.350515463917525,199.217394861114,ERLEC1;DERL3;UBE2J1
DR 26-,GO_Biological_Process_2023,Positive Regulation Of Cold-Induced Thermogenesis (GO:0120162),5.4912308360326475e-05,0.01055945314040948,0,0,26.14666666666667,256.49286571536055,SCD;ADIPOQ;G0S2;CD36
DR 26-,GO_Biological_Process_2023,Regulation Of Cold-Induced Thermogenesis (GO:0120161),0.00010327963263521502,0.01055945314040948,0,0,21.744444444444444,199.57204123311809,SCD;ADIPOQ;G0S2;CD36
DR 26-,GO_Biological_Process_2023,Positive Regulation Of Metabolic Process (GO:0009893),0.00013657254955491425,0.01055945314040948,0,0,20.05128205128205,178.4294329800946,SCD;ADIPOQ;G0S2;CD36
DR 26-,GO_Biological_Process_2023,Response To Lipid (GO:0033993),0.00015585908694331336,0.01055945314040948,0,0,19.298765432098765,169.18375127017427,SCD;CSN1S1;CD36;TRIB1
DR 26-,GO_Biological_Process_2023,Positive Regulation Of Multicellular Organismal Process (GO:0051240),0.0008016219427552654,0.043447909297335385,0,0,8.713369963369964,62.11651182946451,SCD;ADIPOQ;SAA1;G0S2;CD36
DR 27-,GO_Biological_Process_2023,Blood Vessel Morphogenesis (GO:0048514),2.2271503120264565e-09,2.546810634507209e-06,0,0,37.48351648351648,746.766967271742,EGFL7;RAMP2;SOX17;SOX18;CAV1;ID1;KDR;APLNR;ENG
DR 27-,GO_Biological_Process_2023,Vasculogenesis (GO:0001570),4.323956934647214e-09,2.546810634507209e-06,0,0,54.98550724637681,1058.9711020082414,RAMP2;EGFL7;SOX17;SOX18;CAV1;KDR;APLNR;ENG
DR 27-,GO_Biological_Process_2023,Determination Of Heart Left/Right Asymmetry (GO:0061371),5.494889723712018e-06,0.0012945960189065515,0,0,49.94736842105263,604.94714446369,MEF2C;SOX17;SOX18;APLNR;ENG
DR 27-,GO_Biological_Process_2023,Embryonic Heart Tube Morphogenesis (GO:0003143),5.494889723712018e-06,0.0012945960189065515,0,0,49.94736842105263,604.94714446369,MEF2C;SOX17;SOX18;APLNR;ENG
DR 27-,GO_Biological_Process_2023,Heart Looping (GO:0001947),5.494889723712018e-06,0.0012945960189065515,0,0,49.94736842105263,604.94714446369,MEF2C;SOX17;SOX18;APLNR;ENG
DR 27-,GO_Biological_Process_2023,Maintenance Of Blood-Brain Barrier (GO:0035633),1.4072596228396998e-05,0.0027629197261752774,0,0,33.280701754385966,371.78807721874773,CDH5;CLDN5;PECAM1;ESAM;JAM2
DR 27-,GO_Biological_Process_2023,Negative Regulation Of Endothelial Cell Proliferation (GO:0001937),1.7377372409106614e-05,0.00292436352827537,0,0,17.26139817629179,189.19082109789363,DLL4;MEF2C;RGCC;CAV2;CAV1;MMRN2
DR 27-,GO_Biological_Process_2023,Regulation Of Angiogenesis (GO:0045765),2.3771912313047864e-05,0.003297545058203453,0,0,5.261363636363637,56.01776930554672,CLDN5;CDH5;RAMP2;RGCC;ANXA3;ADAMTS1;KDR;APLNR;KLF4;CD34;ETS1;AQP1
DR 27-,GO_Biological_Process_2023,Positive Regulation Of Angiogenesis (GO:0045766),2.519346818661382e-05,0.003297545058203453,0,0,7.417582417582418,78.54422980541028,CDH5;RAMP2;ANXA3;KDR;APLNR;KLF4;CD34;ETS1;AQP1
DR 27-,GO_Biological_Process_2023,Negative Regulation Of Blood Vessel Endothelial Cell Migration (GO:0043537),3.0409982072163825e-05,0.0035822958881008985,0,0,24.94736842105263,259.4710837955379,DLL4;MEF2C;RGCC;MMRN2;KLF4
DR 27-,GO_Biological_Process_2023,Regulation Of Cold-Induced Thermogenesis (GO:0120161),3.9980987797474107e-05,0.004281600329584045,0,0,8.173913043478262,82.7780880921073,FABP4;FABP5;EPAS1;CAV1;ID1;NR1H3;CD36;ADRB2
DR 27-,GO_Biological_Process_2023,Positive Regulation Of Vasculature Development (GO:1904018),8.951769415088212e-05,0.008077953677754887,0,0,7.09640831758034,66.14614885219311,CDH5;RAMP2;ANXA3;KDR;APLNR;CD34;ETS1;AQP1
DR 27-,GO_Biological_Process_2023,Apical Junction Assembly (GO:0043297),0.00010286019114288906,0.008077953677754887,0,0,16.614035087719298,152.55239380337426,CDH5;CLDN5;RAMP2;PECAM1;ESAM
DR 27-,GO_Biological_Process_2023,Bicellular Tight Junction Assembly (GO:0070830),0.00010286019114288906,0.008077953677754887,0,0,16.614035087719298,152.55239380337426,CDH5;CLDN5;RAMP2;PECAM1;ESAM
DR 27-,GO_Biological_Process_2023,Tight Junction Assembly (GO:0120192),0.00010286019114288906,0.008077953677754887,0,0,16.614035087719298,152.55239380337426,CDH5;CLDN5;RAMP2;PECAM1;ESAM
DR 27-,GO_Biological_Process_2023,Circulatory System Development (GO:0072359),0.00015309997781280465,0.011271985866467743,0,0,10.042553191489361,88.21799908306319,CDH5;RAMP2;MEF2C;SOX17;SOX18;APLNR
DR 27-,GO_Biological_Process_2023,Blood Vessel Endothelial Cell Migration (GO:0043534),0.00018357501735262067,0.012720668849493362,0,0,26.34722222222222,226.6621797598714,CDH5;SOX18;ID1;KDR
DR 27-,GO_Biological_Process_2023,Positive Regulation Of Macromolecule Metabolic Process (GO:0010604),0.00026871688457690045,0.01758602722397715,0,0,3.9119318181818183,32.16332525018834,DLL4;CLDN5;CDH5;RAMP2;MEF2C;RGCC;GSN;NR1H3;CD36;KLF4;CD34;ETS1
DR 27-,GO_Biological_Process_2023,Negative Regulation Of Macromolecule Metabolic Process (GO:0010605),0.0004142951516105026,0.02205765109475793,0,0,5.420289855072464,42.218268622051674,DLL4;CLDN5;MEF2C;KDR;APLNR;KLF4;CD34;ENG
DR 27-,GO_Biological_Process_2023,Regulation Of Gene Expression (GO:0010468),0.000414422814767162,0.02205765109475793,0,0,3.0408163265306123,23.683774453582988,BTNL9;RAMP2;MEF2C;GSN;KLF4;ETS1;DLL4;CLDN5;CDH5;RGCC;SOX17;KDR;APLNR;CD36;CD34;ENG
DR 27-,GO_Biological_Process_2023,Skeletal Muscle Tissue Development (GO:0007519),0.00046811653426905627,0.02205765109475793,0,0,58.7319587628866,450.2857872458315,MEF2C;CAV2;CAV1
DR 27-,GO_Biological_Process_2023,Vasculature Development (GO:0001944),0.00046811653426905627,0.02205765109475793,0,0,58.7319587628866,450.2857872458315,CDH5;SOX18;APLNR
DR 27-,GO_Biological_Process_2023,Heart Trabecula Morphogenesis (GO:0061384),0.00046811653426905627,0.02205765109475793,0,0,58.7319587628866,450.2857872458315,DLL4;S1PR1;ENG
DR 27-,GO_Biological_Process_2023,Muscle Tissue Development (GO:0060537),0.00046811653426905627,0.02205765109475793,0,0,58.7319587628866,450.2857872458315,MEF2C;CAV1;ENG
DR 27-,GO_Biological_Process_2023,Negative Regulation Of Cell Migration Involved In Sprouting Angiogenesis (GO:0090051),0.00046811653426905627,0.02205765109475793,0,0,58.7319587628866,450.2857872458315,DLL4;MMRN2;KLF4
DR 27-,GO_Biological_Process_2023,Phagocytosis (GO:0006909),0.0005223494276843021,0.023666447146619533,0,0,7.51595744680851,56.799396641341,GSN;CD93;ANXA3;PECAM1;NR1H3;CD36
DR 27-,GO_Biological_Process_2023,Negative Regulation Of Gene Expression (GO:0010629),0.0007162423158867382,0.031249386967206576,0,0,4.375196232339089,31.682948594755455,DLL4;CLDN5;MEF2C;RGCC;KDR;APLNR;KLF4;CD34;ENG
DR 27-,GO_Biological_Process_2023,Negative Regulation Of Transcription By RNA Polymerase II (GO:0000122),0.0008638244850569366,0.035270347120296454,0,0,3.8721174004192873,27.31446192560425,DLL4;MEF2C;IFI27;SOX18;CAV1;ID1;ID3;NR1H3;LDB2;KLF4
DR 27-,GO_Biological_Process_2023,Positive Regulation Of Cold-Induced Thermogenesis (GO:0120162),0.0008682852856439705,0.035270347120296454,0,0,6.673758865248227,47.04326101987329,FABP4;FABP5;EPAS1;CAV1;ADRB2;CD36
DR 27-,GO_Biological_Process_2023,Regulation Of Viral Entry Into Host Cell (GO:0046596),0.0009797523443270978,0.03606713317554129,0,0,13.152777777777779,91.12521610440056,IFITM3;FCN3;GSN;HLA-DRB1
DR 27-,GO_Biological_Process_2023,Fatty Acid Transport (GO:0015908),0.0009797523443270978,0.03606713317554129,0,0,13.152777777777779,91.12521610440056,RBP7;FABP4;FABP5;CD36
DR 27-,GO_Biological_Process_2023,Regulation Of Cell Migration Involved In Sprouting Angiogenesis (GO:0090049),0.0009797523443270978,0.03606713317554129,0,0,13.152777777777779,91.12521610440056,DLL4;MMRN2;KDR;KLF4
DR 27-,GO_Biological_Process_2023,Cellular Response To Transforming Growth Factor Beta Stimulus (GO:0071560),0.001082396678294696,0.03795701396200128,0,0,8.280701754385966,56.545414097797085,CDH5;CLDN5;MEF2C;ID1;ENG
DR 27-,GO_Biological_Process_2023,Branching Involved In Blood Vessel Morphogenesis (GO:0001569),0.0011277550837606493,0.03795701396200128,0,0,29.350515463917525,199.217394861114,DLL4;KDR;ENG
DR 27-,GO_Biological_Process_2023,Long-Chain Fatty Acid Transport (GO:0015909),0.0011277550837606493,0.03795701396200128,0,0,29.350515463917525,199.217394861114,FABP4;FABP5;CD36
DR 27-,GO_Biological_Process_2023,Cellular Response To Growth Factor Stimulus (GO:0071363),0.0018773386273765495,0.04989281207425846,0,0,7.090225563909774,44.51172798101838,DLL4;RAMP2;MEF2C;KDR;KLF4
DR 27-,GO_Biological_Process_2023,Transforming Growth Factor Beta Receptor Signaling Pathway (GO:0007179),0.0021365735668536314,0.04989281207425846,0,0,9.854166666666666,60.58885488683089,CDH5;CLDN5;ID1;ENG
DR 27-,GO_Biological_Process_2023,Regulation Of G1/S Transition Of Mitotic Cell Cycle (GO:2000045),0.0021365735668536314,0.04989281207425846,0,0,9.854166666666666,60.58885488683089,RGCC;ADAMTS1;FHL1;KLF4
DR 27-,GO_Biological_Process_2023,Regulation Of Blood Vessel Endothelial Cell Migration (GO:0043535),0.0021365735668536314,0.04989281207425846,0,0,9.854166666666666,60.58885488683089,MEF2C;RGCC;KDR;ETS1
DR 27-,GO_Biological_Process_2023,Negative Regulation Of Mitotic Cell Cycle Phase Transition (GO:1901991),0.0021737022796164945,0.04989281207425846,0,0,19.556701030927837,119.90845954872826,RGCC;FHL1;KLF4
DR 27-,GO_Biological_Process_2023,Negative Regulation Of Viral Life Cycle (GO:1903901),0.0021737022796164945,0.04989281207425846,0,0,19.556701030927837,119.90845954872826,IFITM3;FCN3;GSN
DR 27-,GO_Biological_Process_2023,Endothelium Development (GO:0003158),0.0021737022796164945,0.04989281207425846,0,0,19.556701030927837,119.90845954872826,KDR;PECAM1;CD34
DR 27-,GO_Biological_Process_2023,Vesicle Organization (GO:0016050),0.0021737022796164945,0.04989281207425846,0,0,19.556701030927837,119.90845954872826,CAV2;CAV1;CD34
DR 27-,GO_Biological_Process_2023,Regulation Of Endothelial Cell Proliferation (GO:0001936),0.002404952856950651,0.04989281207425846,0,0,6.614035087719298,39.88411958945533,EGFL7;RGCC;CAV2;CAV1;KDR
DR 27-,GO_Biological_Process_2023,Heart Development (GO:0007507),0.002404952856950651,0.04989281207425846,0,0,6.614035087719298,39.88411958945533,RAMP2;MEF2C;SOX17;SOX18;APLNR
DR 27-,GO_Biological_Process_2023,Negative Regulation Of Protein Autophosphorylation (GO:0031953),0.002476195597479778,0.04989281207425846,0,0,inf,inf,CAV1;ENG
DR 27-,GO_Biological_Process_2023,Acylglycerol Catabolic Process (GO:0046464),0.002476195597479778,0.04989281207425846,0,0,inf,inf,MGLL;GPIHBP1
DR 27-,GO_Biological_Process_2023,Regulation Of Pinocytosis (GO:0048548),0.002476195597479778,0.04989281207425846,0,0,inf,inf,CAV1;NR1H3
DR 27-,GO_Biological_Process_2023,cGMP-mediated Signaling (GO:0019934),0.002476195597479778,0.04989281207425846,0,0,inf,inf,CD36;AQP1
DR 27-,GO_Biological_Process_2023,Regulation Of Potassium Ion Transmembrane Transport (GO:1901379),0.002476195597479778,0.04989281207425846,0,0,inf,inf,CAV1;FHL1
DR 27-,GO_Biological_Process_2023,Regulation Of Vasculogenesis (GO:2001212),0.002476195597479778,0.04989281207425846,0,0,inf,inf,KDR;CD34
DR 27-,GO_Biological_Process_2023,Dorsal Aorta Development (GO:0035907),0.002476195597479778,0.04989281207425846,0,0,inf,inf,DLL4;ENG
DR 27-,GO_Biological_Process_2023,Dorsal Aorta Morphogenesis (GO:0035912),0.002476195597479778,0.04989281207425846,0,0,inf,inf,DLL4;ENG
DR 27-,GO_Biological_Process_2023,Positive Regulation Of Endothelial Cell Development (GO:1901552),0.002476195597479778,0.04989281207425846,0,0,inf,inf,CDH5;CLDN5
DR 27-,GO_Biological_Process_2023,Positive Regulation Of Establishment Of Endothelial Barrier (GO:1903142),0.002476195597479778,0.04989281207425846,0,0,inf,inf,CDH5;CLDN5
DR 27-,GO_Biological_Process_2023,Venous Blood Vessel Development (GO:0060841),0.002476195597479778,0.04989281207425846,0,0,inf,inf,APLNR;ENG
DR 27-,GO_Biological_Process_2023,Ventricular Trabecula Myocardium Morphogenesis (GO:0003222),0.002476195597479778,0.04989281207425846,0,0,inf,inf,DLL4;ENG
DR 27-,GO_Biological_Process_2023,Positive Regulation Of Vasculogenesis (GO:2001214),0.002476195597479778,0.04989281207425846,0,0,inf,inf,KDR;CD34
DR 27-,GO_Biological_Process_2023,Endocytosis (GO:0006897),0.0024988759867412983,0.04989281207425846,0,0,5.2090656799259945,31.212274895040373,CD93;ANXA3;CAV1;PECAM1;CD36;ADRB2
DR 28+,GO_Biological_Process_2023,Extracellular Matrix Organization (GO:0030198),1.198132170020152e-17,9.740814542263837e-15,0,0,17.3312693498452,675.2814151708149,POSTN;COL14A1;LUM;COL11A1;MMP2;COL12A1;COL1A1;GREM1;SMOC2;COL3A1;MMP14;COL1A2;CCDC80;COL5A1;LOX;COL4A2;COL4A1;MMP23B;COL5A2;SERPINH1;COL8A1;COL10A1;TGFBI;GAS6
DR 28+,GO_Biological_Process_2023,External Encapsulating Structure Organization (GO:0045229),3.563111684749792e-15,9.656032665671937e-13,0,0,22.951219512195124,763.5444335475896,POSTN;COL14A1;COL11A1;MMP2;COL1A1;SMOC2;COL3A1;MMP14;COL1A2;CCDC80;COL5A1;COL4A2;COL4A1;MMP23B;COL5A2;COL8A1;COL10A1;TGFBI
DR 28+,GO_Biological_Process_2023,Extracellular Structure Organization (GO:0043062),3.563111684749792e-15,9.656032665671937e-13,0,0,22.951219512195124,763.5444335475896,POSTN;COL14A1;COL11A1;MMP2;COL1A1;SMOC2;COL3A1;MMP14;COL1A2;CCDC80;COL5A1;COL4A2;COL4A1;MMP23B;COL5A2;COL8A1;COL10A1;TGFBI
DR 28+,GO_Biological_Process_2023,Collagen Fibril Organization (GO:0030199),5.095065964936495e-14,1.0355721573733425e-11,0,0,86.22727272727273,2639.237352352936,COL1A1;GREM1;COL3A1;COL1A2;COL5A1;LOX;COL14A1;LUM;COL11A1;COL12A1;COL5A2;SERPINH1
DR 28+,GO_Biological_Process_2023,Endodermal Cell Differentiation (GO:0035987),2.2271503120264565e-09,3.621346407355018e-07,0,0,37.48351648351648,746.766967271742,MMP14;COL4A2;COL11A1;MMP2;COL12A1;COL6A1;FN1;COL8A1;INHBA
DR 28+,GO_Biological_Process_2023,Endoderm Formation (GO:0001706),8.553218974173576e-07,0.00011589611710005196,0,0,16.434782608695652,229.6232976238266,MMP14;COL4A2;MMP2;COL12A1;COL6A1;FN1;COL8A1;INHBA
DR 28+,GO_Biological_Process_2023,Negative Regulation Of Angiogenesis (GO:0016525),5.2867929476986835e-06,0.0005584181681722338,0,0,11.714285714285714,142.33207100124613,SPARC;COL4A2;SERPINE1;THBS2;SULF1;HSPG2;THBS1;THBS4
DR 28+,GO_Biological_Process_2023,Eye Morphogenesis (GO:0048592),5.494889723712018e-06,0.0005584181681722338,0,0,49.94736842105263,604.94714446369,MFAP5;COL5A1;COL5A2;MFAP2;FBN1
DR 28+,GO_Biological_Process_2023,Supramolecular Fiber Organization (GO:0097435),7.296970449712896e-06,0.0006591596639573983,0,0,5.528735632183908,65.39416869729844,COL14A1;LUM;COL11A1;COL12A1;COL1A1;GREM1;COL3A1;MARCKS;COL1A2;COL5A1;LOX;COL5A2;SERPINH1
DR 28+,GO_Biological_Process_2023,Skeletal System Development (GO:0001501),1.57724684214516e-05,0.0012823016826640152,0,0,9.631713554987213,106.50021310715996,COL1A1;COMP;MMP14;COL1A2;CDH11;COL10A1;SULF1;FBN1
DR 28+,GO_Biological_Process_2023,Negative Regulation Of Blood Vessel Morphogenesis (GO:2000181),1.9474481763510033e-05,0.0014393412430666961,0,0,11.842293906810037,128.44632267420334,SPARC;COL4A2;THBS2;SULF1;HSPG2;THBS1;THBS4
DR 28+,GO_Biological_Process_2023,Regulation Of Smooth Muscle Cell Migration (GO:0014910),3.0409982072163825e-05,0.0020602762853890993,0,0,24.94736842105263,259.4710837955379,PDGFRB;LRP1;PLAU;IGFBP3;SERPINE1
DR 28+,GO_Biological_Process_2023,Negative Regulation Of Cell Migration (GO:0030336),5.268383929140013e-05,0.003294766257223716,0,0,6.612244897959184,65.13855886896664,COL3A1;SFRP2;LRP1;IGFBP3;CDH11;SERPINE1;THY1;SULF1;PODN
DR 28+,GO_Biological_Process_2023,Sequestering Of Extracellular Ligand From Receptor (GO:0035581),0.00012145241724754159,0.007052915373017951,0,0,inf,inf,GREM1;NBL1;FBN1
DR 28+,GO_Biological_Process_2023,Regulation Of Cell Migration (GO:0030334),0.00015287422655369779,0.008285783079210421,0,0,3.703488372093023,32.53846005725029,PDGFRB;LRRC15;SEMA3C;SERPINE1;TNC;THY1;SULF1;PODN;THBS1;COL1A1;MMP14;SFRP2;PLAU;CDH11
DR 28+,GO_Biological_Process_2023,Negative Regulation Of Transmembrane Receptor Protein Serine/Threonine Kinase Signaling Pathway (GO:0090101),0.0002643629965231669,0.01343294476083342,0,0,12.447368421052632,102.5437538440271,GREM1;LRP1;CILP;NBL1;ASPN
DR 28+,GO_Biological_Process_2023,Negative Regulation Of Cellular Response To Growth Factor Stimulus (GO:0090288),0.0003530788440695878,0.016885476484033816,0,0,19.75,156.9891786404046,GREM1;SULF1;NBL1;THBS1
DR 28+,GO_Biological_Process_2023,Negative Regulation Of Protein Phosphorylation (GO:0001933),0.0003957604671826692,0.01787518110108389,0,0,8.02127659574468,62.844307059300036,GREM1;SFRP2;LRP1;IGFBP3;FBLN1;THY1
DR 28+,GO_Biological_Process_2023,Regulation Of Fibroblast Growth Factor Receptor Signaling Pathway (GO:0040036),0.00046811653426905627,0.018122797255273465,0,0,58.7319587628866,450.2857872458315,SMOC2;SULF1;THBS1
DR 28+,GO_Biological_Process_2023,Cell-Substrate Junction Assembly (GO:0007044),0.00046811653426905627,0.018122797255273465,0,0,58.7319587628866,450.2857872458315,CDH11;FN1;THY1
DR 28+,GO_Biological_Process_2023,Embryonic Eye Morphogenesis (GO:0048048),0.00046811653426905627,0.018122797255273465,0,0,58.7319587628866,450.2857872458315,MFAP5;MFAP2;FBN1
DR 28+,GO_Biological_Process_2023,Skin Development (GO:0043588),0.0005691852899549823,0.020433443844684474,0,0,9.947368421052632,74.319818800007,COL1A1;COL3A1;COL1A2;COL5A1;COL5A2
DR 28+,GO_Biological_Process_2023,Regulation Of Angiogenesis (GO:0045765),0.0005780679070451942,0.020433443844684474,0,0,4.111111111111111,30.651701196483735,SMOC2;SPARC;SFRP2;COL4A2;SERPINE1;THBS2;SULF1;THBS1;HSPG2;THBS4
DR 28+,GO_Biological_Process_2023,Regulation Of BMP Signaling Pathway (GO:0030510),0.0006112157595893195,0.0207049338560882,0,0,15.791666666666666,116.85928929412923,GREM1;SULF1;NBL1;FSTL1
DR 28+,GO_Biological_Process_2023,Negative Regulation Of Cell Motility (GO:2000146),0.000758828685398912,0.02467710884917262,0,0,5.645161290322581,40.553340015221345,SFRP2;CDH11;SERPINE1;FBLN1;THY1;SULF1;PODN
DR 28+,GO_Biological_Process_2023,Negative Regulation Of Fibrinolysis (GO:0051918),0.0011277550837606493,0.031616030451634754,0,0,29.350515463917525,199.217394861114,PLAU;SERPINE1;THBS1
DR 28+,GO_Biological_Process_2023,Negative Regulation Of Plasminogen Activation (GO:0010757),0.0011277550837606493,0.031616030451634754,0,0,29.350515463917525,199.217394861114,PLAU;SERPINE1;THBS1
DR 28+,GO_Biological_Process_2023,Negative Regulation Of BMP Signaling Pathway (GO:0030514),0.0011277550837606493,0.031616030451634754,0,0,29.350515463917525,199.217394861114,GREM1;NBL1;FBN1
DR 28+,GO_Biological_Process_2023,Negative Regulation Of Biomineral Tissue Development (GO:0070168),0.0011277550837606493,0.031616030451634754,0,0,29.350515463917525,199.217394861114,GREM1;GAS6;ASPN
DR 28+,GO_Biological_Process_2023,Regulation Of Fibrinolysis (GO:0051917),0.0021737022796164945,0.04910114684758681,0,0,19.556701030927837,119.90845954872826,PLAU;SERPINE1;THBS1
DR 28+,GO_Biological_Process_2023,Embryonic Organ Morphogenesis (GO:0048562),0.0021737022796164945,0.04910114684758681,0,0,19.556701030927837,119.90845954872826,MFAP5;MFAP2;FBN1
DR 28+,GO_Biological_Process_2023,Eye Development (GO:0001654),0.0021737022796164945,0.04910114684758681,0,0,19.556701030927837,119.90845954872826,COL5A1;COL5A2;FBN1
DR 28+,GO_Biological_Process_2023,Negative Regulation Of Peptidase Activity (GO:0010466),0.002404952856950651,0.04910114684758681,0,0,6.614035087719298,39.88411958945533,LRP1;SERPINE1;TIMP2;SERPINH1;TIMP3
DR 28+,GO_Biological_Process_2023,Negative Regulation Of Leukocyte Chemotaxis (GO:0002689),0.002476195597479778,0.04910114684758681,0,0,inf,inf,GREM1;NBL1
DR 28+,GO_Biological_Process_2023,Negative Regulation Of Monocyte Chemotaxis (GO:0090027),0.002476195597479778,0.04910114684758681,0,0,inf,inf,GREM1;NBL1
DR 28+,GO_Biological_Process_2023,Negative Regulation Of Mononuclear Cell Migration (GO:0071676),0.002476195597479778,0.04910114684758681,0,0,inf,inf,GREM1;NBL1
DR 28+,GO_Biological_Process_2023,Embryonic Skeletal System Development (GO:0048706),0.002476195597479778,0.04910114684758681,0,0,inf,inf,COL1A1;SULF1
DR 28+,GO_Biological_Process_2023,Focal Adhesion Assembly (GO:0048041),0.002476195597479778,0.04910114684758681,0,0,inf,inf,CDH11;THY1
DR 28+,GO_Biological_Process_2023,Limb Development (GO:0060173),0.002476195597479778,0.04910114684758681,0,0,inf,inf,COMP;GREM1
DR 28+,GO_Biological_Process_2023,Maintenance Of Protein Location In Extracellular Region (GO:0071694),0.002476195597479778,0.04910114684758681,0,0,inf,inf,NBL1;FBN1
DR 28+,GO_Biological_Process_2023,Negative Regulation Of SMAD Protein Signal Transduction (GO:0060392),0.002476195597479778,0.04910114684758681,0,0,inf,inf,LRP1;CILP
DR 29-,GO_Biological_Process_2023,Cytokine-Mediated Signaling Pathway (GO:0019221),5.745559681677511e-11,4.142548530489486e-08,0,0,24.333333333333332,573.7802115958858,NFKBIA;IL1A;CXCL8;CCL3L1;CCL20;IL1B;CCL4;CCL3;CXCL3;CXCL2;TNF;EREG
DR 29-,GO_Biological_Process_2023,Inflammatory Response (GO:0006954),2.3462006546757226e-10,6.38036886007471e-08,0,0,21.202247191011235,470.11856452652535,IL1A;CXCL8;CCL3L1;CCL20;IL1B;CCL4;CCL3;NLRP3;OLR1;CXCL3;CXCL2;TNF
DR 29-,GO_Biological_Process_2023,Cellular Response To Lipopolysaccharide (GO:0071222),2.654799803082404e-10,6.38036886007471e-08,0,0,36.45,803.7036073025213,IL10;IL1A;CXCL8;IL1B;CCL3;NLRP3;CXCL3;CXCL2;TNF
DR 29-,GO_Biological_Process_2023,Positive Regulation Of Defense Response (GO:0031349),8.846990128508821e-09,1.594669970663715e-06,0,0,29.439393939393938,545.9002321521431,NFKBIA;IL23A;IL1B;CCL3;NLRP3;ACOD1;TNF;EREG
DR 29-,GO_Biological_Process_2023,Regulation Of Inflammatory Response (GO:0050727),4.0316085474973274e-08,5.813579525491146e-06,0,0,18.83606557377049,320.7125587651796,NFKBIA;IL10;IL23A;IL1B;CCL3;NLRP3;ACOD1;PTGS2;TNF
DR 29-,GO_Biological_Process_2023,Cellular Response To Oxygen-Containing Compound (GO:1901701),5.203385254074703e-08,6.0256872157738235e-06,0,0,18.21904761904762,305.5584127118259,IL10;IL1A;CXCL8;IL1B;AQP9;NLRP3;ACOD1;CXCL3;CXCL2
DR 29-,GO_Biological_Process_2023,Cellular Response To Molecule Of Bacterial Origin (GO:0071219),6.045959996314892e-08,6.0256872157738235e-06,0,0,29.723311546840957,494.0397947770892,IL10;IL1A;CXCL8;IL1B;NLRP3;CXCL3;CXCL2
DR 29-,GO_Biological_Process_2023,Positive Regulation Of Response To External Stimulus (GO:0032103),7.521662266569267e-08,6.0256872157738235e-06,0,0,21.455555555555556,351.93319457048744,NFKBIA;IL23A;IL1B;CCL3;NLRP3;ACOD1;TNF;EREG
DR 29-,GO_Biological_Process_2023,Cellular Response To Lipid (GO:0071396),7.521662266569267e-08,6.0256872157738235e-06,0,0,21.455555555555556,351.93319457048744,IL10;IL1A;CXCL8;IL1B;NLRP3;ACOD1;CXCL3;CXCL2
DR 29-,GO_Biological_Process_2023,Cellular Response To Chemokine (GO:1990869),9.24095790062914e-08,6.057027860321464e-06,0,0,27.64503042596349,447.7675307698945,CXCL8;CCL3L1;CCL20;CCL4;CCL3;CXCL3;CXCL2
DR 29-,GO_Biological_Process_2023,Chemokine-Mediated Signaling Pathway (GO:0070098),9.24095790062914e-08,6.057027860321464e-06,0,0,27.64503042596349,447.7675307698945,CXCL8;CCL3L1;CCL20;CCL4;CCL3;CXCL3;CXCL2
DR 29-,GO_Biological_Process_2023,Cellular Response To Cytokine Stimulus (GO:0071345),1.4978043806001843e-07,8.999307986772775e-06,0,0,15.866666666666667,249.33031306817816,NFKBIA;IL1A;CXCL8;CCL3L1;CCL20;IL1B;CCL4;CCL3;EREG
DR 29-,GO_Biological_Process_2023,Cellular Response To Tumor Necrosis Factor (GO:0071356),2.0023547874011842e-07,1.1105367705509644e-05,0,0,24.24420677361854,373.93711200357717,NFKBIA;CXCL8;CCL3L1;CCL20;CCL4;CCL3;TNF
DR 29-,GO_Biological_Process_2023,Neutrophil Chemotaxis (GO:0030593),4.6927173441634667e-07,2.4167494322441854e-05,0,0,21.0,306.0137607492569,CXCL8;CCL3L1;CCL20;CCL4;CCL3;CXCL3;CXCL2
DR 29-,GO_Biological_Process_2023,Granulocyte Chemotaxis (GO:0071621),5.493189777693974e-07,2.6403932198115705e-05,0,0,20.45098039215686,294.792426858039,CXCL8;CCL3L1;CCL20;CCL4;CCL3;CXCL3;CXCL2
DR 29-,GO_Biological_Process_2023,Neutrophil Migration (GO:1990266),6.405726045863115e-07,2.8865802994170664e-05,0,0,19.929411764705883,284.211415316245,CXCL8;CCL3L1;CCL20;CCL4;CCL3;CXCL3;CXCL2
DR 29-,GO_Biological_Process_2023,Cellular Response To Interleukin-1 (GO:0071347),7.512875789283466e-07,3.1863432023961056e-05,0,0,27.11111111111111,382.3067187374586,CXCL8;CCL3L1;CCL20;IL1B;CCL4;CCL3
DR 29-,GO_Biological_Process_2023,Response To Lipopolysaccharide (GO:0032496),8.617495182563402e-07,3.4517855703490076e-05,0,0,18.96078431372549,264.77410296646997,IL10;IL1A;CXCL8;IL1B;NLRP3;CXCL3;CXCL2
DR 29-,GO_Biological_Process_2023,Response To Interleukin-1 (GO:0070555),1.6492708164007726e-06,6.258548729605036e-05,0,0,23.19047619047619,308.78530208234855,CXCL8;CCL3L1;CCL20;IL1B;CCL4;CCL3
DR 29-,GO_Biological_Process_2023,Regulation Of Heterotypic Cell-Cell Adhesion (GO:0034114),1.9347263702168663e-06,6.974688564631802e-05,0,0,78.84,1037.1831403812305,IL10;IL1RN;IL1B;TNF
DR 29-,GO_Biological_Process_2023,Positive Regulation Of Inflammatory Response (GO:0050729),2.351503809035096e-06,8.073496411020496e-05,0,0,21.622222222222224,280.23384926235184,NFKBIA;IL23A;IL1B;CCL3;NLRP3;TNF
DR 29-,GO_Biological_Process_2023,Response To Tumor Necrosis Factor (GO:0034612),3.2810885492566896e-06,0.00010753022018245787,0,0,20.25,255.70354014602512,NFKBIA;CXCL8;CCL3L1;CCL20;CCL4;CCL3
DR 29-,GO_Biological_Process_2023,Regulation Of NIK/NF-kappaB Signaling (GO:1901222),3.6829449779676686e-06,0.0001154523186571604,0,0,30.325077399380806,379.4212385121285,NFKBIA;IL23A;IL1B;NLRP3;TNF
DR 29-,GO_Biological_Process_2023,Response To Corticosteroid (GO:0031960),6.032740835448985e-06,0.0001812335892649466,0,0,282.14285714285717,3390.8800723675763,IL10;IL1RN;TNF
DR 29-,GO_Biological_Process_2023,Response To Glucocorticoid (GO:0051384),1.4963066986227246e-05,0.00043153485188279376,0,0,141.0,1566.4995087514308,IL10;IL1RN;TNF
DR 29-,GO_Biological_Process_2023,Positive Regulation Of NIK/NF-kappaB Signaling (GO:1901224),1.9971414570647064e-05,0.0005538226886706359,0,0,35.72727272727273,386.61227011422267,IL23A;IL1B;NLRP3;TNF
DR 29-,GO_Biological_Process_2023,Positive Regulation Of Cytokine Production (GO:0001819),2.4455306937001476e-05,0.0006530472704288172,0,0,9.092233009708737,96.54736109305816,IL10;IL1A;IL23A;IL1B;NLRP3;PTGS2;TNF;EREG
DR 29-,GO_Biological_Process_2023,Positive Regulation Of Cell-Cell Adhesion (GO:0022409),2.6414994190874772e-05,0.0006801861004150254,0,0,32.733333333333334,345.0610109938302,IL10;IL1B;PLAUR;TNF
DR 29-,GO_Biological_Process_2023,Positive Regulation Of Acute Inflammatory Response (GO:0002675),2.969037849833494e-05,0.0007381642378379136,0,0,93.95238095238095,979.4242132755536,IL1B;PTGS2;TNF
DR 29-,GO_Biological_Process_2023,Positive Regulation Of Multicellular Organismal Process (GO:0051240),3.213085128115083e-05,0.0007722114591236583,0,0,10.294117647058824,106.4997900470727,IL10;IL1A;IL23A;IL1B;G0S2;TNF;EREG
DR 29-,GO_Biological_Process_2023,Negative Regulation Of Cell Population Proliferation (GO:0008285),3.47838123408444e-05,0.0007965436185287903,0,0,10.155080213903743,104.25569348345124,IL10;IL1A;CXCL8;CCL3L1;IL1B;SOD2;EREG
DR 29-,GO_Biological_Process_2023,Regulation Of Interleukin-6 Production (GO:0032675),3.5352837438171e-05,0.0007965436185287903,0,0,17.66787658802178,181.09806545284505,IL10;IL1A;IL1B;TNF;EREG
DR 29-,GO_Biological_Process_2023,Positive Regulation Of Heterotypic Cell-Cell Adhesion (GO:0034116),5.1548808860165867e-05,0.0010931379761229291,0,0,70.42857142857143,695.3399795645644,IL10;IL1B;TNF
DR 29-,GO_Biological_Process_2023,Regulation Of Nitric-Oxide Synthase Activity (GO:0050999),5.1548808860165867e-05,0.0010931379761229291,0,0,70.42857142857143,695.3399795645644,IL1A;IL1B;TNF
DR 29-,GO_Biological_Process_2023,Positive Regulation Of Nuclear Division (GO:0051785),8.182828865668946e-05,0.001671606800665083,0,0,56.31428571428572,529.9674101490854,IL1A;IL1B;EREG
DR 29-,GO_Biological_Process_2023,Positive Regulation Of Gene Expression (GO:0010628),8.346441723154367e-05,0.001671606800665083,0,0,8.730337078651685,81.98738261422135,IL10;IL1A;CXCL8;IL1B;CCL3;TNF;EREG
DR 29-,GO_Biological_Process_2023,Positive Regulation Of Interleukin-6 Production (GO:0032755),0.00010115894573639375,0.0019494827373108237,0,0,21.755555555555556,200.12538642763283,IL1A;IL1B;TNF;EREG
DR 29-,GO_Biological_Process_2023,Regulation Of ERK1 And ERK2 Cascade (GO:0070372),0.00010274666299280347,0.0019494827373108237,0,0,10.290322580645162,94.49854497034354,CCL3L1;CCL20;IL1B;CCL4;CCL3;TNF
DR 29-,GO_Biological_Process_2023,Negative Regulation Of Extrinsic Apoptotic Signaling Pathway In Absence Of Ligand (GO:2001240),0.00012177544576757131,0.0021414657658150957,0,0,46.904761904761905,422.7681828775866,IL1A;IL1B;TNF
DR 29-,GO_Biological_Process_2023,Negative Regulation Of Signal Transduction In Absence Of Ligand (GO:1901099),0.00012177544576757131,0.0021414657658150957,0,0,46.904761904761905,422.7681828775866,IL1A;IL1B;TNF
DR 29-,GO_Biological_Process_2023,Protein Kinase B Signaling (GO:0043491),0.00012177544576757131,0.0021414657658150957,0,0,46.904761904761905,422.7681828775866,IL1B;CCL3;TNF
DR 29-,GO_Biological_Process_2023,Regulation Of Endothelial Cell Development (GO:1901550),0.00013806383401490768,0.0021920359382852327,0,0,inf,inf,IL1B;TNF
DR 29-,GO_Biological_Process_2023,Cytoplasmic Sequestering Of NF-kappaB (GO:0007253),0.00013806383401490768,0.0021920359382852327,0,0,inf,inf,IL10;NFKBIA
DR 29-,GO_Biological_Process_2023,Cytoplasmic Sequestering Of Transcription Factor (GO:0042994),0.00013806383401490768,0.0021920359382852327,0,0,inf,inf,IL10;NFKBIA
DR 29-,GO_Biological_Process_2023,Positive Regulation Of Fever Generation (GO:0031622),0.00013806383401490768,0.0021920359382852327,0,0,inf,inf,PTGS2;TNF
DR 29-,GO_Biological_Process_2023,Negative Regulation Of Cellular Process (GO:0048523),0.00013985250091694965,0.0021920359382852327,0,0,7.976349302607641,70.78947994433958,IL10;IL1A;CXCL8;CCL3L1;IL1B;SOD2;EREG
DR 29-,GO_Biological_Process_2023,Cellular Response To Organic Cyclic Compound (GO:0071407),0.00017075839254963686,0.0023930890071342643,0,0,18.61904761904762,161.52509598397546,IL1B;AQP9;CCL3;TNF
DR 29-,GO_Biological_Process_2023,Regulation Of Extrinsic Apoptotic Signaling Pathway In Absence Of Ligand (GO:2001239),0.0001725944914992812,0.0023930890071342643,0,0,40.183673469387756,348.1740786282917,IL1A;IL1B;TNF
DR 29-,GO_Biological_Process_2023,Positive Regulation Of Mitotic Nuclear Division (GO:0045840),0.0001725944914992812,0.0023930890071342643,0,0,40.183673469387756,348.1740786282917,IL1A;IL1B;EREG
DR 29-,GO_Biological_Process_2023,Regulation Of Membrane Protein Ectodomain Proteolysis (GO:0051043),0.0001725944914992812,0.0023930890071342643,0,0,40.183673469387756,348.1740786282917,IL10;IL1B;TNF
DR 29-,GO_Biological_Process_2023,Positive Regulation Of Vascular Endothelial Growth Factor Production (GO:0010575),0.0001725944914992812,0.0023930890071342643,0,0,40.183673469387756,348.1740786282917,IL1A;IL1B;PTGS2
DR 29-,GO_Biological_Process_2023,Lipopolysaccharide-Mediated Signaling Pathway (GO:0031663),0.0001725944914992812,0.0023930890071342643,0,0,40.183673469387756,348.1740786282917,IL1B;CCL3;TNF
DR 29-,GO_Biological_Process_2023,Positive Regulation Of Macromolecule Metabolic Process (GO:0010604),0.00019264897205491837,0.0026207529971999273,0,0,9.076190476190476,77.64354956242887,NFKBIA;IL1A;CXCL8;IL1B;CCL3;TNF
DR 29-,GO_Biological_Process_2023,Response To Molecule Of Bacterial Origin (GO:0002237),0.00023311404632860402,0.002923053709302905,0,0,16.982608695652175,142.04224626412645,IL10;CXCL8;IL1B;CXCL2
DR 29-,GO_Biological_Process_2023,Extrinsic Apoptotic Signaling Pathway (GO:0097191),0.00023544809277338628,0.002923053709302905,0,0,35.142857142857146,293.58413429813146,BCL2A1;G0S2;TNF
DR 29-,GO_Biological_Process_2023,Regulation Of Mitotic Nuclear Division (GO:0007088),0.00023544809277338628,0.002923053709302905,0,0,35.142857142857146,293.58413429813146,IL1A;IL1B;EREG
DR 29-,GO_Biological_Process_2023,Regulation Of Vascular Endothelial Growth Factor Production (GO:0010574),0.00023544809277338628,0.002923053709302905,0,0,35.142857142857146,293.58413429813146,IL1A;IL1B;PTGS2
DR 29-,GO_Biological_Process_2023,Positive Regulation Of Cell Cycle Process (GO:0090068),0.00023544809277338628,0.002923053709302905,0,0,35.142857142857146,293.58413429813146,IL1A;IL1B;EREG
DR 29-,GO_Biological_Process_2023,Positive Regulation Of MAPK Cascade (GO:0043410),0.00023919579590689515,0.002923053709302905,0,0,8.689497716894977,72.45501413941304,CCL3L1;CCL20;IL1B;CCL4;CCL3;TNF
DR 29-,GO_Biological_Process_2023,Positive Regulation Of Immune Response (GO:0050778),0.00026978311926795456,0.003188748016265496,0,0,16.266666666666666,133.677712855247,IL10;IL23A;NLRP3;EREG
DR 29-,GO_Biological_Process_2023,Monocyte Chemotaxis (GO:0002548),0.00026978311926795456,0.003188748016265496,0,0,16.266666666666666,133.677712855247,CCL3L1;CCL20;CCL4;CCL3
DR 29-,GO_Biological_Process_2023,Negative Regulation Of NF-kappaB Transcription Factor Activity (GO:0032088),0.00031145823024452594,0.0036219578065532776,0,0,31.22222222222222,252.0958816902758,NFKBIA;IL10;NLRP3
DR 29-,GO_Biological_Process_2023,Positive Regulation Of Nitric Oxide Biosynthetic Process (GO:0045429),0.00040170704290078943,0.0039525655429698695,0,0,28.085714285714285,219.62431705104694,IL1B;PTGS2;TNF
DR 29-,GO_Biological_Process_2023,Positive Regulation Of Nitric Oxide Metabolic Process (GO:1904407),0.00040170704290078943,0.0039525655429698695,0,0,28.085714285714285,219.62431705104694,IL1B;PTGS2;TNF
DR 29-,GO_Biological_Process_2023,Regulation Of Osteoclast Differentiation (GO:0045670),0.00040170704290078943,0.0039525655429698695,0,0,28.085714285714285,219.62431705104694,IL23A;CCL3;TNF
DR 29-,GO_Biological_Process_2023,Lymphocyte Migration (GO:0072676),0.0004046838449565361,0.0039525655429698695,0,0,14.437037037037037,112.78797203845771,CCL3L1;CCL20;CCL4;CCL3
DR 29-,GO_Biological_Process_2023,Cellular Response To Type II Interferon (GO:0071346),0.0004046838449565361,0.0039525655429698695,0,0,14.437037037037037,112.78797203845771,CCL3L1;CCL20;CCL4;CCL3
DR 29-,GO_Biological_Process_2023,Positive Regulation Of ERK1 And ERK2 Cascade (GO:0070374),0.00040674867280125955,0.0039525655429698695,0,0,9.932920536635708,77.54944024251888,CCL3L1;CCL20;CCL4;CCL3;TNF
DR 29-,GO_Biological_Process_2023,Negative Regulation Of Heterotypic Cell-Cell Adhesion (GO:0034115),0.0004111545294351459,0.0039525655429698695,0,0,179.54545454545453,1399.8335749507069,IL10;IL1RN
DR 29-,GO_Biological_Process_2023,Regulation Of Immature T Cell Proliferation In Thymus (GO:0033084),0.0004111545294351459,0.0039525655429698695,0,0,179.54545454545453,1399.8335749507069,IL1A;IL1B
DR 29-,GO_Biological_Process_2023,Regulation Of Monooxygenase Activity (GO:0032768),0.0004111545294351459,0.0039525655429698695,0,0,179.54545454545453,1399.8335749507069,IL1A;IL1B
DR 29-,GO_Biological_Process_2023,Regulation Of Prostaglandin Biosynthetic Process (GO:0031392),0.0004111545294351459,0.0039525655429698695,0,0,179.54545454545453,1399.8335749507069,IL1B;PTGS2
DR 29-,GO_Biological_Process_2023,Regulation Of Calcidiol 1-Monooxygenase Activity (GO:0060558),0.0004111545294351459,0.0039525655429698695,0,0,179.54545454545453,1399.8335749507069,IL1B;TNF
DR 29-,GO_Biological_Process_2023,Regulation Of Cell Adhesion Molecule Production (GO:0060353),0.0004111545294351459,0.0039525655429698695,0,0,179.54545454545453,1399.8335749507069,CXCL8;IL1B
DR 29-,GO_Biological_Process_2023,Regulation Of Cell-Cell Adhesion Involved In Gastrulation (GO:0070587),0.0004111545294351459,0.0039525655429698695,0,0,179.54545454545453,1399.8335749507069,IL10;IL1RN
DR 29-,GO_Biological_Process_2023,Positive Regulation Of Protein Metabolic Process (GO:0051247),0.0004587821101651529,0.004240793608065067,0,0,13.914285714285715,106.95821216878727,NFKBIA;IL23A;IL1B;TNF
DR 29-,GO_Biological_Process_2023,Lymphocyte Chemotaxis (GO:0048247),0.0004587821101651529,0.004240793608065067,0,0,13.914285714285715,106.95821216878727,CCL3L1;CCL20;CCL4;CCL3
DR 29-,GO_Biological_Process_2023,Positive Regulation Of Cellular Biosynthetic Process (GO:0031328),0.0004587821101651529,0.004240793608065067,0,0,13.914285714285715,106.95821216878727,CXCL8;IL1B;PTGS2;TNF
DR 29-,GO_Biological_Process_2023,Positive Regulation Of Interleukin-1 Beta Production (GO:0032731),0.0006290550121637125,0.005599366219383169,0,0,23.38095238095238,172.34782362266296,CCL3;NLRP3;TNF
DR 29-,GO_Biological_Process_2023,Regulation Of Neuroinflammatory Response (GO:0150077),0.0006290550121637125,0.005599366219383169,0,0,23.38095238095238,172.34782362266296,IL1B;PTGS2;TNF
DR 29-,GO_Biological_Process_2023,Regulation Of Protein Secretion (GO:0050708),0.0006290550121637125,0.005599366219383169,0,0,23.38095238095238,172.34782362266296,IL1A;IL1B;TNF
DR 29-,GO_Biological_Process_2023,Regulation Of Tumor Necrosis Factor Production (GO:0032680),0.0006520504423137979,0.005722292493674407,0,0,12.548387096774194,92.0472960786641,IL10;IL1A;IL23A;CCL3
DR 29-,GO_Biological_Process_2023,Positive Regulation Of Intracellular Signal Transduction (GO:1902533),0.0006587382482315892,0.005722292493674407,0,0,7.067415730337078,51.77012273363876,IL23A;IL1B;CCL4;CCL3;NLRP3;TNF
DR 29-,GO_Biological_Process_2023,Positive Regulation Of Immune Effector Process (GO:0002699),0.0007681266484188065,0.006397150377741922,0,0,21.571428571428573,154.7007065248791,IL10;IL23A;IL1B
DR 29-,GO_Biological_Process_2023,Regulation Of Nitric Oxide Biosynthetic Process (GO:0045428),0.0007681266484188065,0.006397150377741922,0,0,21.571428571428573,154.7007065248791,IL1B;PTGS2;TNF
DR 29-,GO_Biological_Process_2023,Negative Regulation Of Lipid Catabolic Process (GO:0050995),0.0008162799372430745,0.006397150377741922,0,0,89.72727272727273,638.0284918059731,IL1B;TNF
DR 29-,GO_Biological_Process_2023,Negative Regulation Of Lipid Localization (GO:1905953),0.0008162799372430745,0.006397150377741922,0,0,89.72727272727273,638.0284918059731,NFKBIA;TNF
DR 29-,GO_Biological_Process_2023,Regulation Of Glial Cell Proliferation (GO:0060251),0.0008162799372430745,0.006397150377741922,0,0,89.72727272727273,638.0284918059731,IL1B;TNF
DR 29-,GO_Biological_Process_2023,Negative Regulation Of Nervous System Development (GO:0051961),0.0008162799372430745,0.006397150377741922,0,0,89.72727272727273,638.0284918059731,IL1B;TNF
DR 29-,GO_Biological_Process_2023,Regulation Of Lipid Storage (GO:0010883),0.0008162799372430745,0.006397150377741922,0,0,89.72727272727273,638.0284918059731,NFKBIA;TNF
DR 29-,GO_Biological_Process_2023,Positive Regulation Of Unsaturated Fatty Acid Biosynthetic Process (GO:2001280),0.0008162799372430745,0.006397150377741922,0,0,89.72727272727273,638.0284918059731,IL1B;PTGS2
DR 29-,GO_Biological_Process_2023,Regulation Of RNA Biosynthetic Process (GO:2001141),0.0008162799372430745,0.006397150377741922,0,0,89.72727272727273,638.0284918059731,CXCL8;IL1B
DR 29-,GO_Biological_Process_2023,Regulation Of Cell Population Proliferation (GO:0042127),0.0008558573553830384,0.006635195196034094,0,0,5.75222816399287,40.630327739324265,IL10;IL1A;CXCL8;CCL3L1;IL1B;SOD2;EREG
DR 29-,GO_Biological_Process_2023,Positive Regulation Of Smooth Muscle Cell Proliferation (GO:0048661),0.0009253835145206782,0.007023173831256937,0,0,20.020408163265305,139.84860311144246,IL10;TNF;EREG
DR 29-,GO_Biological_Process_2023,Response To Organic Cyclic Compound (GO:0014070),0.0009253835145206782,0.007023173831256937,0,0,20.020408163265305,139.84860311144246,IL1B;CCL3;TNF
DR 29-,GO_Biological_Process_2023,Response To Type II Interferon (GO:0034341),0.00099177489601382,0.007448642708603794,0,0,11.09142857142857,76.70847966965908,CCL3L1;CCL20;CCL4;CCL3
DR 29-,GO_Biological_Process_2023,Negative Regulation Of Extrinsic Apoptotic Signaling Pathway (GO:2001237),0.0011017207371633757,0.008189078881389629,0,0,18.676190476190477,127.20132982147973,IL1A;IL1B;TNF
DR 29-,GO_Biological_Process_2023,Positive Regulation Of Phosphorylation (GO:0042327),0.0012015638887540292,0.00875078347264298,0,0,10.481081081081081,70.47616566999508,IL1B;PLAUR;TNF;EREG
DR 29-,GO_Biological_Process_2023,Positive Regulation Of DNA-binding Transcription Factor Activity (GO:0051091),0.0012015638887540292,0.00875078347264298,0,0,10.481081081081081,70.47616566999508,IL10;IL1B;NLRP3;TNF
DR 29-,GO_Biological_Process_2023,Positive Regulation Of Interleukin-1 Production (GO:0032732),0.0012979983884093985,0.008933091654944594,0,0,17.5,116.3213082901841,CCL3;NLRP3;TNF
DR 29-,GO_Biological_Process_2023,MAPK Cascade (GO:0000165),0.0012979983884093985,0.008933091654944594,0,0,17.5,116.3213082901841,IL1B;CCL3;TNF
DR 29-,GO_Biological_Process_2023,Eosinophil Chemotaxis (GO:0048245),0.0012979983884093985,0.008933091654944594,0,0,17.5,116.3213082901841,CCL3L1;CCL4;CCL3
DR 29-,GO_Biological_Process_2023,Eosinophil Migration (GO:0072677),0.0012979983884093985,0.008933091654944594,0,0,17.5,116.3213082901841,CCL3L1;CCL4;CCL3
DR 29-,GO_Biological_Process_2023,Regulation Of GTPase Activity (GO:0043087),0.001317374890983074,0.008933091654944594,0,0,10.2,67.64756526292588,CCL3L1;CCL20;CCL4;CCL3
DR 29-,GO_Biological_Process_2023,Regulation Of Establishment Of Endothelial Barrier (GO:1903140),0.0013504951323009165,0.008933091654944594,0,0,59.78787878787879,395.03549425777214,IL1B;TNF
DR 29-,GO_Biological_Process_2023,Positive Regulation Of Membrane Protein Ectodomain Proteolysis (GO:0051044),0.0013504951323009165,0.008933091654944594,0,0,59.78787878787879,395.03549425777214,IL1B;TNF
DR 29-,GO_Biological_Process_2023,Positive Regulation Of Neuron Apoptotic Process (GO:0043525),0.0013504951323009165,0.008933091654944594,0,0,59.78787878787879,395.03549425777214,CCL3;TNF
DR 29-,GO_Biological_Process_2023,Negative Regulation Of Production Of Molecular Mediator Of Immune Response (GO:0002701),0.0013504951323009165,0.008933091654944594,0,0,59.78787878787879,395.03549425777214,IL10;TNF
DR 29-,GO_Biological_Process_2023,Negative Regulation Of Cell Junction Assembly (GO:1901889),0.0013504951323009165,0.008933091654944594,0,0,59.78787878787879,395.03549425777214,IL1B;TNF
DR 29-,GO_Biological_Process_2023,Positive Regulation Of Hydrolase Activity (GO:0051345),0.00144082054170597,0.009358843338468507,0,0,9.933333333333334,64.98925557004202,CCL3L1;CCL20;CCL4;CCL3
DR 29-,GO_Biological_Process_2023,Apoptotic Process (GO:0006915),0.00144082054170597,0.009358843338468507,0,0,9.933333333333334,64.98925557004202,NFKBIA;IL1A;IL1B;NLRP3
DR 29-,GO_Biological_Process_2023,Regulation Of Interleukin-8 Production (GO:0032677),0.0015150422381126076,0.009581977663852546,0,0,16.462184873949578,106.87763975256388,IL10;IL1B;TNF
DR 29-,GO_Biological_Process_2023,Antimicrobial Humoral Immune Response Mediated By Antimicrobial Peptide (GO:0061844),0.0015150422381126076,0.009581977663852546,0,0,16.462184873949578,106.87763975256388,CXCL8;CXCL3;CXCL2
DR 29-,GO_Biological_Process_2023,Cellular Response To Organic Substance (GO:0071310),0.0015150422381126076,0.009581977663852546,0,0,16.462184873949578,106.87763975256388,IL1B;CCL3;TNF
DR 29-,GO_Biological_Process_2023,Positive Regulation Of GTPase Activity (GO:0043547),0.0017116860014009846,0.010731527017479215,0,0,9.439024390243903,60.12919458102752,CCL3L1;CCL20;CCL4;CCL3
DR 29-,GO_Biological_Process_2023,Regulation Of Interleukin-1 Beta Production (GO:0032651),0.001753644495573873,0.010806646848792841,0,0,15.53968253968254,98.61574360073733,CCL3;NLRP3;TNF
DR 29-,GO_Biological_Process_2023,Regulation Of Neuron Apoptotic Process (GO:0043523),0.001753644495573873,0.010806646848792841,0,0,15.53968253968254,98.61574360073733,CCL3;SOD2;TNF
DR 29-,GO_Biological_Process_2023,Positive Regulation Of Granulocyte Macrophage Colony-Stimulating Factor Production (GO:0032725),0.0020109017534253306,0.01132703253296612,0,0,44.81818181818182,278.2838007107519,IL23A;IL1B
DR 29-,GO_Biological_Process_2023,Negative Regulation Of Lipid Metabolic Process (GO:0045833),0.0020109017534253306,0.01132703253296612,0,0,44.81818181818182,278.2838007107519,IL1B;TNF
DR 29-,GO_Biological_Process_2023,Negative Regulation Of Lipid Storage (GO:0010888),0.0020109017534253306,0.01132703253296612,0,0,44.81818181818182,278.2838007107519,NFKBIA;TNF
DR 29-,GO_Biological_Process_2023,Positive Regulation Of Monooxygenase Activity (GO:0032770),0.0020109017534253306,0.01132703253296612,0,0,44.81818181818182,278.2838007107519,IL1B;TNF
DR 29-,GO_Biological_Process_2023,Negative Regulation Of Neurogenesis (GO:0050768),0.0020109017534253306,0.01132703253296612,0,0,44.81818181818182,278.2838007107519,IL1B;TNF
DR 29-,GO_Biological_Process_2023,Regulation Of Lipid Catabolic Process (GO:0050994),0.0020109017534253306,0.01132703253296612,0,0,44.81818181818182,278.2838007107519,IL1B;TNF
DR 29-,GO_Biological_Process_2023,Regulation Of Natural Killer Cell Chemotaxis (GO:2000501),0.0020109017534253306,0.01132703253296612,0,0,44.81818181818182,278.2838007107519,CCL4;CCL3
DR 29-,GO_Biological_Process_2023,Modulation By Host Of Symbiont Process (GO:0051851),0.0020109017534253306,0.01132703253296612,0,0,44.81818181818182,278.2838007107519,CCL4;CCL3
DR 29-,GO_Biological_Process_2023,Release Of Cytochrome C From Mitochondria (GO:0001836),0.0020109017534253306,0.01132703253296612,0,0,44.81818181818182,278.2838007107519,BCL2A1;SOD2
DR 29-,GO_Biological_Process_2023,Negative Regulation Of Cell Development (GO:0010721),0.0020109017534253306,0.01132703253296612,0,0,44.81818181818182,278.2838007107519,IL1B;TNF
DR 29-,GO_Biological_Process_2023,Negative Regulation Of Cytokine Production Involved In Immune Response (GO:0002719),0.0020109017534253306,0.01132703253296612,0,0,44.81818181818182,278.2838007107519,IL10;TNF
DR 29-,GO_Biological_Process_2023,Calcium-Mediated Signaling (GO:0019722),0.0022985296171971485,0.012846820573636777,0,0,13.971428571428572,84.88321389847718,CXCL8;CCL20;CCL3
DR 29-,GO_Biological_Process_2023,Negative Regulation Of Cytokine Production (GO:0001818),0.0023567753699779348,0.013071038782723777,0,0,8.582222222222223,51.92640053075343,IL10;IL23A;ACOD1;TNF
DR 29-,GO_Biological_Process_2023,Positive Regulation Of Tumor Necrosis Factor Production (GO:0032760),0.0026062355858879555,0.014290360264887178,0,0,13.299319727891156,79.12893624433875,IL1A;IL23A;CCL3
DR 29-,GO_Biological_Process_2023,Negative Regulation Of Gene Expression (GO:0010629),0.0027352303511230624,0.014290360264887178,0,0,8.208510638297872,48.44285077945099,IL10;CXCL8;CCL3;TNF
DR 29-,GO_Biological_Process_2023,Regulation Of Cytokine Production (GO:0001817),0.0027352303511230624,0.014290360264887178,0,0,8.208510638297872,48.44285077945099,IL10;IL1A;TNF;EREG
DR 29-,GO_Biological_Process_2023,Negative Regulation Of Interleukin-1 Production (GO:0032692),0.0027946474304425687,0.014290360264887178,0,0,35.836363636363636,210.71958574903547,IL10;NLRP3
DR 29-,GO_Biological_Process_2023,Positive Regulation Of Monoatomic Ion Transport (GO:0043270),0.0027946474304425687,0.014290360264887178,0,0,35.836363636363636,210.71958574903547,CCL4;CCL3
DR 29-,GO_Biological_Process_2023,Regulation Of Granulocyte Macrophage Colony-Stimulating Factor Production (GO:0032645),0.0027946474304425687,0.014290360264887178,0,0,35.836363636363636,210.71958574903547,IL23A;IL1B
DR 29-,GO_Biological_Process_2023,Positive Regulation Of Protein Transport (GO:0051222),0.0027946474304425687,0.014290360264887178,0,0,35.836363636363636,210.71958574903547,IL1A;TNF
DR 29-,GO_Biological_Process_2023,Negative Regulation Of Vascular Associated Smooth Muscle Cell Proliferation (GO:1904706),0.0027946474304425687,0.014290360264887178,0,0,35.836363636363636,210.71958574903547,IL10;SOD2
DR 29-,GO_Biological_Process_2023,Digestive Tract Development (GO:0048565),0.0027946474304425687,0.014290360264887178,0,0,35.836363636363636,210.71958574903547,CXCL8;TNF
DR 29-,GO_Biological_Process_2023,Negative Regulation Of Catabolic Process (GO:0009895),0.0027946474304425687,0.014290360264887178,0,0,35.836363636363636,210.71958574903547,IL1B;TNF
DR 29-,GO_Biological_Process_2023,Positive Regulation Of Epidermal Growth Factor Receptor Signaling Pathway (GO:0045742),0.0027946474304425687,0.014290360264887178,0,0,35.836363636363636,210.71958574903547,PLAUR;EREG
DR 29-,GO_Biological_Process_2023,Negative Regulation Of Signal Transduction (GO:0009968),0.0031537448204742463,0.015927538150652544,0,0,7.865306122448979,45.29759337784766,IL10;CXCL8;IL1B;TNF
DR 29-,GO_Biological_Process_2023,Regulation Of Gene Expression (GO:0010468),0.0031589985513776893,0.015927538150652544,0,0,5.065573770491803,29.165042076413897,IL10;IL1A;CXCL8;IL1B;CCL3;TNF
DR 29-,GO_Biological_Process_2023,Positive Regulation Of Tumor Necrosis Factor Superfamily Cytokine Production (GO:1903557),0.0032955006470330402,0.016500388656325155,0,0,12.130434782608695,69.32782667548493,IL1A;IL23A;CCL3
DR 29-,GO_Biological_Process_2023,Regulation Of Cytokine Production Involved In Immune Response (GO:0002718),0.003698925193507266,0.01766175539416383,0,0,29.848484848484848,167.14294833110674,IL10;TNF
DR 29-,GO_Biological_Process_2023,Tumor Necrosis Factor-Mediated Signaling Pathway (GO:0033209),0.003698925193507266,0.01766175539416383,0,0,29.848484848484848,167.14294833110674,NFKBIA;TNF
DR 29-,GO_Biological_Process_2023,Positive Regulation Of Osteoclast Differentiation (GO:0045672),0.003698925193507266,0.01766175539416383,0,0,29.848484848484848,167.14294833110674,IL23A;TNF
DR 29-,GO_Biological_Process_2023,Apoptotic Mitochondrial Changes (GO:0008637),0.003698925193507266,0.01766175539416383,0,0,29.848484848484848,167.14294833110674,BCL2A1;SOD2
DR 29-,GO_Biological_Process_2023,Positive Regulation Of T Cell Cytokine Production (GO:0002726),0.003698925193507266,0.01766175539416383,0,0,29.848484848484848,167.14294833110674,IL1B;NLRP3
DR 29-,GO_Biological_Process_2023,Positive Regulation Of T-helper 1 Type Immune Response (GO:0002827),0.003698925193507266,0.01766175539416383,0,0,29.848484848484848,167.14294833110674,IL23A;IL1B
DR 29-,GO_Biological_Process_2023,Positive Regulation Of Adaptive Immune Response Based On Somatic Recombination Of Immune Receptors Built From Immunoglobulin Superfamily Domains (GO:0002824),0.003698925193507266,0.01766175539416383,0,0,29.848484848484848,167.14294833110674,IL23A;IL1B
DR 29-,GO_Biological_Process_2023,Negative Regulation Of Apoptotic Process (GO:0043066),0.004504034358280675,0.021364531396844515,0,0,5.514619883040936,29.794287716220055,IL10;BCL2A1;PLAUR;SOD2;TNF
DR 29-,GO_Biological_Process_2023,Positive Regulation Of Neuroinflammatory Response (GO:0150078),0.004720972874680002,0.021543173687622038,0,0,25.571428571428573,136.95393265373667,IL1B;TNF
DR 29-,GO_Biological_Process_2023,Regulation Of Insulin Secretion (GO:0050796),0.004720972874680002,0.021543173687622038,0,0,25.571428571428573,136.95393265373667,IL1B;TNF
DR 29-,GO_Biological_Process_2023,Regulation Of Neurogenesis (GO:0050767),0.004720972874680002,0.021543173687622038,0,0,25.571428571428573,136.95393265373667,IL1B;TNF
DR 29-,GO_Biological_Process_2023,Regulation Of Peptide Hormone Secretion (GO:0090276),0.004720972874680002,0.021543173687622038,0,0,25.571428571428573,136.95393265373667,IL1B;TNF
DR 29-,GO_Biological_Process_2023,Modulation Of Chemical Synaptic Transmission (GO:0050804),0.004720972874680002,0.021543173687622038,0,0,25.571428571428573,136.95393265373667,IL1B;TNF
DR 29-,GO_Biological_Process_2023,Positive Regulation Of Extrinsic Apoptotic Signaling Pathway (GO:2001238),0.004720972874680002,0.021543173687622038,0,0,25.571428571428573,136.95393265373667,G0S2;TNF
DR 29-,GO_Biological_Process_2023,Positive Regulation Of Vasculature Development (GO:1904018),0.005477091232252635,0.024836369675812264,0,0,9.938775510204081,51.75300415268943,IL1A;CXCL8;IL1B
DR 29-,GO_Biological_Process_2023,Positive Regulation Of Lymphocyte Chemotaxis (GO:0140131),0.0058580725172788445,0.02559800172701847,0,0,22.363636363636363,114.94762947823915,CCL4;CCL3
DR 29-,GO_Biological_Process_2023,Positive Regulation Of Nitrogen Compound Metabolic Process (GO:0051173),0.0058580725172788445,0.02559800172701847,0,0,22.363636363636363,114.94762947823915,NFKBIA;TNF
DR 29-,GO_Biological_Process_2023,Regulation Of DNA Binding (GO:0051101),0.0058580725172788445,0.02559800172701847,0,0,22.363636363636363,114.94762947823915,NFKBIA;PLAUR
DR 29-,GO_Biological_Process_2023,Positive Regulation Of Calcium Ion Transport (GO:0051928),0.0058580725172788445,0.02559800172701847,0,0,22.363636363636363,114.94762947823915,CCL4;CCL3
DR 29-,GO_Biological_Process_2023,Positive Regulation Of Catabolic Process (GO:0009896),0.0058580725172788445,0.02559800172701847,0,0,22.363636363636363,114.94762947823915,IL1B;TNF
DR 29-,GO_Biological_Process_2023,Regulation Of Calcium-Mediated Signaling (GO:0050848),0.0058580725172788445,0.02559800172701847,0,0,22.363636363636363,114.94762947823915,CCL4;CCL3
DR 29-,GO_Biological_Process_2023,Positive Regulation Of NF-kappaB Transcription Factor Activity (GO:0051092),0.0059962284859237346,0.026043859869584414,0,0,9.591133004926109,49.074227008470395,IL1B;NLRP3;TNF
DR 29-,GO_Biological_Process_2023,Antimicrobial Humoral Response (GO:0019730),0.0065440661938363535,0.02825312410632342,0,0,9.266666666666667,46.60388816471702,CXCL8;CXCL3;CXCL2
DR 29-,GO_Biological_Process_2023,Regulation Of Extrinsic Apoptotic Signaling Pathway (GO:2001236),0.007107549779596116,0.029007102172165535,0,0,19.86868686868687,98.28240097829439,G0S2;TNF
DR 29-,GO_Biological_Process_2023,Positive Regulation Of miRNA Metabolic Process (GO:2000630),0.007107549779596116,0.029007102172165535,0,0,19.86868686868687,98.28240097829439,IL10;TNF
DR 29-,GO_Biological_Process_2023,Positive Regulation Of miRNA Transcription (GO:1902895),0.007107549779596116,0.029007102172165535,0,0,19.86868686868687,98.28240097829439,IL10;TNF
DR 29-,GO_Biological_Process_2023,Positive Regulation Of Myeloid Leukocyte Differentiation (GO:0002763),0.007107549779596116,0.029007102172165535,0,0,19.86868686868687,98.28240097829439,IL23A;TNF
DR 29-,GO_Biological_Process_2023,Positive Regulation Of Neuron Death (GO:1901216),0.007107549779596116,0.029007102172165535,0,0,19.86868686868687,98.28240097829439,CCL3;TNF
DR 29-,GO_Biological_Process_2023,Positive Regulation Of Receptor Signaling Pathway Via JAK-STAT (GO:0046427),0.007107549779596116,0.029007102172165535,0,0,19.86868686868687,98.28240097829439,IL10;TNF
DR 29-,GO_Biological_Process_2023,Positive Regulation Of Receptor Signaling Pathway Via STAT (GO:1904894),0.007107549779596116,0.029007102172165535,0,0,19.86868686868687,98.28240097829439,IL10;TNF
DR 29-,GO_Biological_Process_2023,Positive Regulation Of Signaling Receptor Activity (GO:2000273),0.007107549779596116,0.029007102172165535,0,0,19.86868686868687,98.28240097829439,IL10;EREG
DR 29-,GO_Biological_Process_2023,Negative Regulation Of Cell-Cell Adhesion (GO:0022408),0.007107549779596116,0.029007102172165535,0,0,19.86868686868687,98.28240097829439,IL10;IL1RN
DR 29-,GO_Biological_Process_2023,Positive Regulation Of Angiogenesis (GO:0045766),0.007121022308562135,0.029007102172165535,0,0,8.963133640552995,44.320042596488285,IL1A;CXCL8;IL1B
DR 29-,GO_Biological_Process_2023,Negative Regulation Of Interleukin-6 Production (GO:0032715),0.008466773355888833,0.033358161691780595,0,0,17.87272727272727,85.28160898438993,IL10;TNF
DR 29-,GO_Biological_Process_2023,Positive Regulation Of Secretion By Cell (GO:1903532),0.008466773355888833,0.033358161691780595,0,0,17.87272727272727,85.28160898438993,IL1A;IL1B
DR 29-,GO_Biological_Process_2023,Protein Homooligomerization (GO:0051260),0.008466773355888833,0.033358161691780595,0,0,17.87272727272727,85.28160898438993,NLRP3;SOD2
DR 29-,GO_Biological_Process_2023,Positive Regulation Of T Cell Mediated Immunity (GO:0002711),0.008466773355888833,0.033358161691780595,0,0,17.87272727272727,85.28160898438993,IL23A;IL1B
DR 29-,GO_Biological_Process_2023,Positive Regulation Of Cysteine-Type Endopeptidase Activity (GO:2001056),0.008466773355888833,0.033358161691780595,0,0,17.87272727272727,85.28160898438993,NLRP3;TNF
DR 29-,GO_Biological_Process_2023,Embryonic Organ Development (GO:0048568),0.008466773355888833,0.033358161691780595,0,0,17.87272727272727,85.28160898438993,CXCL8;TNF
DR 29-,GO_Biological_Process_2023,Positive Regulation Of Protein Phosphorylation (GO:0001934),0.008608845344507655,0.03373357333364141,0,0,5.787878787878788,27.52116149970068,IL1B;PLAUR;TNF;EREG
DR 29-,GO_Biological_Process_2023,Regulation Of Intracellular Signal Transduction (GO:1902531),0.009030417996948727,0.03519422365297315,0,0,8.159663865546218,38.408815804678866,NFKBIA;IL1B;TNF
DR 29-,GO_Biological_Process_2023,Negative Regulation Of Macromolecule Metabolic Process (GO:0010605),0.00972754773541792,0.036727201620963164,0,0,7.922448979591837,36.703069707756654,CXCL8;CCL3;TNF
DR 29-,GO_Biological_Process_2023,Regulation Of T Cell Proliferation (GO:0042129),0.00972754773541792,0.036727201620963164,0,0,7.922448979591837,36.703069707756654,IL10;IL23A;IL1B
DR 29-,GO_Biological_Process_2023,Regulation Of Cell Adhesion (GO:0030155),0.00972754773541792,0.036727201620963164,0,0,7.922448979591837,36.703069707756654,CXCL8;PLAUR;TNF
DR 29-,GO_Biological_Process_2023,Positive Regulation Of Interleukin-2 Production (GO:0032743),0.009933154391245237,0.036727201620963164,0,0,16.239669421487605,74.89536095545,IL1A;IL1B
DR 29-,GO_Biological_Process_2023,Negative Regulation Of Intrinsic Apoptotic Signaling Pathway (GO:2001243),0.009933154391245237,0.036727201620963164,0,0,16.239669421487605,74.89536095545,PLAUR;SOD2
DR 29-,GO_Biological_Process_2023,Positive Regulation Of Protein Catabolic Process (GO:0045732),0.009933154391245237,0.036727201620963164,0,0,16.239669421487605,74.89536095545,IL1B;TNF
DR 29-,GO_Biological_Process_2023,Regulation Of miRNA Transcription (GO:1902893),0.009933154391245237,0.036727201620963164,0,0,16.239669421487605,74.89536095545,IL10;TNF
DR 29-,GO_Biological_Process_2023,Positive Regulation Of Cellular Metabolic Process (GO:0031325),0.009933154391245237,0.036727201620963164,0,0,16.239669421487605,74.89536095545,CXCL8;ACOD1
DR 29-,GO_Biological_Process_2023,Regulation Of Calcium Ion Transport (GO:0051924),0.009933154391245237,0.036727201620963164,0,0,16.239669421487605,74.89536095545,CCL4;CCL3
DR 29-,GO_Biological_Process_2023,Negative Regulation Of Cysteine-Type Endopeptidase Activity Involved In Apoptotic Process (GO:0043154),0.009933154391245237,0.036727201620963164,0,0,16.239669421487605,74.89536095545,PLAUR;TNF
DR 29-,GO_Biological_Process_2023,Positive Regulation Of Interleukin-8 Production (GO:0032757),0.0115041459122042,0.03952382487166814,0,0,14.878787878787879,66.43449900268507,IL1B;TNF
DR 29-,GO_Biological_Process_2023,Positive Regulation Of Proteolysis (GO:0045862),0.0115041459122042,0.03952382487166814,0,0,14.878787878787879,66.43449900268507,IL1B;TNF
DR 29-,GO_Biological_Process_2023,Regulation Of Protein Metabolic Process (GO:0051246),0.0115041459122042,0.03952382487166814,0,0,14.878787878787879,66.43449900268507,NFKBIA;PLAUR
DR 29-,GO_Biological_Process_2023,Regulation Of Vascular Associated Smooth Muscle Cell Proliferation (GO:1904705),0.0115041459122042,0.03952382487166814,0,0,14.878787878787879,66.43449900268507,IL10;SOD2
DR 29-,GO_Biological_Process_2023,Regulation Of Chemokine (C-C Motif) Ligand 5 Production (GO:0071649),0.011999888068101013,0.03952382487166814,0,0,inf,inf,IL10
DR 29-,GO_Biological_Process_2023,Positive Regulation Of Icosanoid Secretion (GO:0032305),0.011999888068101013,0.03952382487166814,0,0,inf,inf,IL1B
DR 29-,GO_Biological_Process_2023,ERBB2 Signaling Pathway (GO:0038128),0.011999888068101013,0.03952382487166814,0,0,inf,inf,EREG
DR 29-,GO_Biological_Process_2023,ERBB2-EGFR Signaling Pathway (GO:0038134),0.011999888068101013,0.03952382487166814,0,0,inf,inf,EREG
DR 29-,GO_Biological_Process_2023,Negative Regulation Of Oxidative Stress-Induced Intrinsic Apoptotic Signaling Pathway (GO:1902176),0.011999888068101013,0.03952382487166814,0,0,inf,inf,SOD2
DR 29-,GO_Biological_Process_2023,Negative Regulation Of Oxidative Stress-Induced Neuron Death (GO:1903204),0.011999888068101013,0.03952382487166814,0,0,inf,inf,IL10
DR 29-,GO_Biological_Process_2023,Regulation Of Immunoglobulin Mediated Immune Response (GO:0002889),0.011999888068101013,0.03952382487166814,0,0,inf,inf,IL10
DR 29-,GO_Biological_Process_2023,Hyaluronan Biosynthetic Process (GO:0030213),0.011999888068101013,0.03952382487166814,0,0,inf,inf,IL1B
DR 29-,GO_Biological_Process_2023,Innate Immune Response-Activating Signaling Pathway (GO:0002758),0.011999888068101013,0.03952382487166814,0,0,inf,inf,NLRP3
DR 29-,GO_Biological_Process_2023,Intracellular Oxygen Homeostasis (GO:0032364),0.011999888068101013,0.03952382487166814,0,0,inf,inf,SOD2
DR 29-,GO_Biological_Process_2023,Regulation Of Myosin-Light-Chain-Phosphatase Activity (GO:0035507),0.011999888068101013,0.03952382487166814,0,0,inf,inf,TNF
DR 29-,GO_Biological_Process_2023,Organelle Fusion (GO:0048284),0.011999888068101013,0.03952382487166814,0,0,inf,inf,BCL2A1
DR 29-,GO_Biological_Process_2023,Osmosensory Signaling Pathway (GO:0007231),0.011999888068101013,0.03952382487166814,0,0,inf,inf,NLRP3
DR 29-,GO_Biological_Process_2023,Regulation Of Response To Stress (GO:0080134),0.011999888068101013,0.03952382487166814,0,0,inf,inf,IL10
DR 29-,GO_Biological_Process_2023,Mitochondrial Fusion (GO:0008053),0.011999888068101013,0.03952382487166814,0,0,inf,inf,BCL2A1
DR 29-,GO_Biological_Process_2023,Positive Regulation Of DNA Replication (GO:0045740),0.011999888068101013,0.03952382487166814,0,0,inf,inf,EREG
DR 29-,GO_Biological_Process_2023,Cytoplasmic Sequestering Of Protein (GO:0051220),0.011999888068101013,0.03952382487166814,0,0,inf,inf,NFKBIA
DR 29-,GO_Biological_Process_2023,Regulation Of Adiponectin Secretion (GO:0070163),0.011999888068101013,0.03952382487166814,0,0,inf,inf,IL1B
DR 29-,GO_Biological_Process_2023,Positive Regulation Of Chemokine (C-X-C Motif) Ligand 2 Production (GO:2000343),0.011999888068101013,0.03952382487166814,0,0,inf,inf,TNF
DR 29-,GO_Biological_Process_2023,Negative Regulation Of Multicellular Organismal Process (GO:0051241),0.012005156237025413,0.03952382487166814,0,0,7.285714285714286,32.220481541181485,IL10;IL1B;TNF
DR 29-,GO_Biological_Process_2023,Positive Regulation Of DNA-templated Transcription (GO:0045893),0.012945609349059218,0.042426292457598616,0,0,4.181286549707602,18.176046755744533,NFKBIA;IL10;IL1B;NLRP3;TNF
DR 29-,GO_Biological_Process_2023,Regulation Of Receptor Signaling Pathway Via JAK-STAT (GO:0046425),0.01317724226020717,0.042796358872114276,0,0,13.727272727272727,59.42898775314727,IL10;TNF
DR 29-,GO_Biological_Process_2023,Negative Regulation Of Apoptotic Signaling Pathway (GO:2001234),0.01317724226020717,0.042796358872114276,0,0,13.727272727272727,59.42898775314727,PLAUR;TNF
DR 29-,GO_Biological_Process_2023,Positive Regulation Of Protein Modification Process (GO:0031401),0.014567318349005706,0.04709881851853414,0,0,6.7421602787456445,28.512425435197777,IL1B;PLAUR;TNF
DR 29-,GO_Biological_Process_2023,Positive Regulation Of MAP Kinase Activity (GO:0043406),0.014949978525051505,0.04812024337750953,0,0,12.74025974025974,53.5478902948249,IL1B;TNF
DR 30+,GO_Biological_Process_2023,Immunoglobulin Mediated Immune Response (GO:0016064),1.956898982601793e-18,2.737428766646538e-16,0,0,225.61458333333334,9199.473126462135,CD74;HLA-DRB5;HLA-DMA;HLA-DRA;FCER1A;HLA-DQA2;HLA-DOB;HLA-DQA1;HLA-DRB1;HLA-DQB2;HLA-DPA1
DR 30+,GO_Biological_Process_2023,Peptide Antigen Assembly With MHC Class II Protein Complex (GO:0002503),5.855462602452487e-18,2.737428766646538e-16,0,0,1270.2857142857142,50403.86587299841,HLA-DRB5;HLA-DMA;HLA-DRA;HLA-DOB;HLA-DQA2;HLA-DQA1;HLA-DQB2;HLA-DRB1;HLA-DPA1
DR 30+,GO_Biological_Process_2023,Peptide Antigen Assembly With MHC Protein Complex (GO:0002501),5.855462602452487e-18,2.737428766646538e-16,0,0,1270.2857142857142,50403.86587299841,HLA-DRB5;HLA-DMA;HLA-DRA;HLA-DOB;HLA-DQA2;HLA-DQA1;HLA-DQB2;HLA-DRB1;HLA-DPA1
DR 30+,GO_Biological_Process_2023,MHC Class II Protein Complex Assembly (GO:0002399),5.855462602452487e-18,2.737428766646538e-16,0,0,1270.2857142857142,50403.86587299841,HLA-DRB5;HLA-DMA;HLA-DRA;HLA-DOB;HLA-DQA2;HLA-DQA1;HLA-DQB2;HLA-DRB1;HLA-DPA1
DR 30+,GO_Biological_Process_2023,Immunoglobulin Production Involved In Immunoglobulin-Mediated Immune Response (GO:0002381),3.200316252585187e-17,1.19691827846686e-15,0,0,634.8214285714286,24110.96029406064,HLA-DRB5;HLA-DMA;HLA-DRA;HLA-DOB;HLA-DQA2;HLA-DQA1;HLA-DQB2;HLA-DRB1;HLA-DPA1
DR 30+,GO_Biological_Process_2023,Antigen Processing And Presentation Of Exogenous Peptide Antigen (GO:0002478),1.3618529803176389e-14,3.1833313414924806e-13,0,0,158.22321428571428,5051.64715646793,HLA-DRB5;HLA-DMA;HLA-DRA;HLA-DQA2;HLA-DOB;HLA-DQA1;HLA-DRB1;HLA-DQB2;HLA-DPA1
DR 30+,GO_Biological_Process_2023,Antigen Processing And Presentation Of Exogenous Peptide Antigen Via MHC Class II (GO:0019886),1.3618529803176389e-14,3.1833313414924806e-13,0,0,158.22321428571428,5051.64715646793,HLA-DRB5;HLA-DMA;HLA-DRA;HLA-DQA2;HLA-DOB;HLA-DQA1;HLA-DRB1;HLA-DQB2;HLA-DPA1
DR 30+,GO_Biological_Process_2023,Antigen Processing And Presentation Of Peptide Antigen Via MHC Class II (GO:0002495),1.3618529803176389e-14,3.1833313414924806e-13,0,0,158.22321428571428,5051.64715646793,HLA-DRB5;HLA-DMA;HLA-DRA;HLA-DQA2;HLA-DOB;HLA-DQA1;HLA-DRB1;HLA-DQB2;HLA-DPA1
DR 30+,GO_Biological_Process_2023,Positive Regulation Of Lymphocyte Activation (GO:0051251),1.605278761158551e-13,3.335412537073878e-12,0,0,105.26785714285714,3101.2235765066707,HLA-DRB5;HLA-DMA;HLA-DRA;HLA-DQA2;HLA-DOB;HLA-DQA1;HLA-DRB1;HLA-DQB2;HLA-DPA1
DR 30+,GO_Biological_Process_2023,Positive Regulation Of Leukocyte Cell-Cell Adhesion (GO:1903039),4.4065644337554985e-13,8.240275491122781e-12,0,0,90.13775510204081,2564.4651807004625,HLA-DRB5;HLA-DMA;HLA-DRA;HLA-DQA2;HLA-DOB;HLA-DQA1;HLA-DRB1;HLA-DQB2;HLA-DPA1
DR 30+,GO_Biological_Process_2023,Regulation Of T Cell Activation (GO:0050863),2.6364586141640137e-11,4.4819796440788235e-10,0,0,50.19428571428571,1222.6825776222058,HLA-DRB5;HLA-DMA;HLA-DRA;HLA-DQA2;HLA-DOB;HLA-DQA1;HLA-DRB1;HLA-DQB2;HLA-DPA1
DR 30+,GO_Biological_Process_2023,Positive Regulation Of T Cell Activation (GO:0050870),3.3419424882332764e-10,5.207860377496856e-09,0,0,35.66938775510204,778.2810261851067,HLA-DRB5;HLA-DMA;HLA-DRA;HLA-DQA2;HLA-DOB;HLA-DQA1;HLA-DRB1;HLA-DQB2;HLA-DPA1
DR 30+,GO_Biological_Process_2023,Positive Regulation Of T Cell Mediated Cytotoxicity (GO:0001916),1.5501180386275517e-08,2.2297851786411707e-07,0,0,137.01388888888889,2463.8316585459656,HLA-DRA;CD1E;CD1C;CD1B;HLA-DRB1
DR 30+,GO_Biological_Process_2023,Positive Regulation Of T Cell Mediated Immunity (GO:0002711),9.525516389780671e-08,1.272336832063561e-06,0,0,78.17460317460318,1263.8258738972263,HLA-DRA;CD1E;CD1C;CD1B;HLA-DRB1
DR 30+,GO_Biological_Process_2023,Regulation Of T Cell Mediated Cytotoxicity (GO:0001914),1.5362518923448368e-07,1.9151940257898965e-06,0,0,68.36805555555556,1072.6093341450346,HLA-DRA;CD1E;CD1C;CD1B;HLA-DRB1
DR 30+,GO_Biological_Process_2023,Positive Regulation Of Leukocyte Mediated Cytotoxicity (GO:0001912),4.668524300165918e-06,5.456337775818917e-05,0,0,28.625730994152047,351.3713308108915,HLA-DRA;CD1E;CD1C;CD1B;HLA-DRB1
DR 30+,GO_Biological_Process_2023,Antigen Processing And Presentation Of Endogenous Peptide Antigen (GO:0002483),0.00012655842072503365,0.0013921426279753701,0,0,inf,inf,HLA-DRA;HLA-DRB1
DR 30+,GO_Biological_Process_2023,Positive Regulation Of Immune Response (GO:0050778),0.00022700253812486337,0.0023583041460749697,0,0,17.13157894736842,143.74335876198572,CD74;HLA-DRA;CFP;HLA-DRB1
DR 30+,GO_Biological_Process_2023,"Regulation Of CD4-positive, Alpha-Beta T Cell Activation (GO:2000514)",0.0003770180964887908,0.0028200953617361557,0,0,188.1904761904762,1483.5464308432954,HLA-DRA;HLA-DRB1
DR 30+,GO_Biological_Process_2023,Regulation Of T-helper Cell Differentiation (GO:0045622),0.0003770180964887908,0.0028200953617361557,0,0,188.1904761904762,1483.5464308432954,HLA-DRA;HLA-DRB1
DR 30+,GO_Biological_Process_2023,Positive Regulation Of Monocyte Differentiation (GO:0045657),0.0003770180964887908,0.0028200953617361557,0,0,188.1904761904762,1483.5464308432954,CD74;HLA-DRB1
DR 30+,GO_Biological_Process_2023,Positive Regulation By Symbiont Of Entry Into Host (GO:0075294),0.0003770180964887908,0.0028200953617361557,0,0,188.1904761904762,1483.5464308432954,CD74;HLA-DRB1
DR 30+,GO_Biological_Process_2023,Positive Regulation Of Viral Entry Into Host Cell (GO:0046598),0.0003770180964887908,0.0028200953617361557,0,0,188.1904761904762,1483.5464308432954,CD74;HLA-DRB1
DR 30+,GO_Biological_Process_2023,"Positive Regulation Of CD4-positive, CD25-positive, Alpha-Beta Regulatory T Cell Differentiation (GO:0032831)",0.0003770180964887908,0.0028200953617361557,0,0,188.1904761904762,1483.5464308432954,HLA-DRA;HLA-DRB1
DR 30+,GO_Biological_Process_2023,"Positive Regulation Of CD4-positive, Alpha-Beta T Cell Differentiation (GO:0043372)",0.0003770180964887908,0.0028200953617361557,0,0,188.1904761904762,1483.5464308432954,HLA-DRA;HLA-DRB1
DR 30+,GO_Biological_Process_2023,Positive Regulation Of Immune Effector Process (GO:0002699),0.000675412204724319,0.004857772395517218,0,0,22.661538461538463,165.43347708403311,HLA-DRA;CFP;HLA-DRB1
DR 30+,GO_Biological_Process_2023,"Regulation Of CD4-positive, Alpha-Beta T Cell Differentiation (GO:0043370)",0.0012392001807257468,0.007475175283732731,0,0,62.666666666666664,419.44611837598046,HLA-DRA;HLA-DRB1
DR 30+,GO_Biological_Process_2023,Regulation Of Monocyte Differentiation (GO:0045655),0.0012392001807257468,0.007475175283732731,0,0,62.666666666666664,419.44611837598046,CD74;HLA-DRB1
DR 30+,GO_Biological_Process_2023,Positive Regulation Of Memory T Cell Differentiation (GO:0043382),0.0012392001807257468,0.007475175283732731,0,0,62.666666666666664,419.44611837598046,HLA-DRA;HLA-DRB1
DR 30+,GO_Biological_Process_2023,Positive Regulation Of Viral Life Cycle (GO:1903902),0.0012392001807257468,0.007475175283732731,0,0,62.666666666666664,419.44611837598046,CD74;HLA-DRB1
DR 30+,GO_Biological_Process_2023,"Positive Regulation Of CD4-positive, Alpha-Beta T Cell Activation (GO:2000516)",0.0012392001807257468,0.007475175283732731,0,0,62.666666666666664,419.44611837598046,HLA-DRA;HLA-DRB1
DR 30+,GO_Biological_Process_2023,Regulation Of Memory T Cell Differentiation (GO:0043380),0.0018457999721350387,0.010786393587164132,0,0,46.976190476190474,295.7077205902437,HLA-DRA;HLA-DRB1
DR 30+,GO_Biological_Process_2023,Positive Regulation Of Alpha-Beta T Cell Activation (GO:0046635),0.0025660548110962808,0.014113301461029544,0,0,37.56190476190476,224.07124774709015,HLA-DRA;HLA-DRB1
DR 30+,GO_Biological_Process_2023,Positive Regulation Of Regulatory T Cell Differentiation (GO:0045591),0.0025660548110962808,0.014113301461029544,0,0,37.56190476190476,224.07124774709015,HLA-DRA;HLA-DRB1
DR 30+,GO_Biological_Process_2023,Regulation Of Immune Response (GO:0050776),0.0029085848195952706,0.015540153178980444,0,0,12.743478260869566,74.42304252827505,HLA-DRA;CFP;HLA-DRB1
DR 30+,GO_Biological_Process_2023,Regulation Of Immune Effector Process (GO:0002697),0.0033974991403611363,0.017648120534653682,0,0,31.285714285714285,177.85039008946322,HLA-DRA;HLA-DRB1
DR 30+,GO_Biological_Process_2023,Regulation Of Viral Entry Into Host Cell (GO:0046596),0.00538428087031229,0.02721244656076752,0,0,23.44047619047619,122.45941218672897,CD74;HLA-DRB1
DR 30+,GO_Biological_Process_2023,Positive Regulation Of Myeloid Leukocyte Differentiation (GO:0002763),0.006534872575326589,0.03215845188384401,0,0,20.825396825396826,104.76429189426538,CD74;HLA-DRB1
DR 30+,GO_Biological_Process_2023,Regulation Of T Cell Proliferation (GO:0042129),0.008623759084331129,0.04134981919922875,0,0,8.322857142857142,39.56048921893606,VSIG4;HLA-DRB1;HLA-DPA1
DR 30+,GO_Biological_Process_2023,Regulation Of Kinase Activity (GO:0043549),0.009138864549270284,0.041682138310086415,0,0,17.02164502164502,79.9203533293251,CD74;HLA-DRB1
DR 30+,GO_Biological_Process_2023,Negative Regulation Of T Cell Proliferation (GO:0042130),0.009138864549270284,0.041682138310086415,0,0,17.02164502164502,79.9203533293251,VSIG4;HLA-DRB1
DR 30+,GO_Biological_Process_2023,Positive Regulation Of T Cell Mediated Immune Response To Tumor Cell (GO:0002842),0.01149989065733838,0.0457548841047293,0,0,inf,inf,HLA-DRB1
DR 30+,GO_Biological_Process_2023,Positive Regulation Of Immune Response To Tumor Cell (GO:0002839),0.01149989065733838,0.0457548841047293,0,0,inf,inf,HLA-DRB1
DR 30+,GO_Biological_Process_2023,Negative Regulation Of Signal Transduction By P53 Class Mediator (GO:1901797),0.01149989065733838,0.0457548841047293,0,0,inf,inf,CD74
DR 30+,GO_Biological_Process_2023,Positive Regulation Of Insulin Secretion Involved In Cellular Response To Glucose Stimulus (GO:0035774),0.01149989065733838,0.0457548841047293,0,0,inf,inf,HLA-DRB1
DR 30+,GO_Biological_Process_2023,"Negative Regulation Of DNA Damage Response, Signal Transduction By P53 Class Mediator (GO:0043518)",0.01149989065733838,0.0457548841047293,0,0,inf,inf,CD74
DR 30+,GO_Biological_Process_2023,Regulation Of Insulin Secretion Involved In Cellular Response To Glucose Stimulus (GO:0061178),0.01149989065733838,0.0457548841047293,0,0,inf,inf,HLA-DRB1
DR 30+,GO_Biological_Process_2023,Positive Regulation Of Kinase Activity (GO:0033674),0.012131556943409076,0.04726252392536453,0,0,14.388278388278389,63.480295907957654,CD74;HLA-DRB1
DR 31-,GO_Biological_Process_2023,Supramolecular Fiber Organization (GO:0097435),1.2025518118432617e-06,0.0007646174208935424,0,0,6.149501661129568,83.82425531769512,TNXB;GSN;TNFAIP6;LUM;COL14A1;COL1A1;CST3;MFAP4;TPPP3;COL3A1;EFEMP2;COL1A2;COL5A1;LOX
DR 31-,GO_Biological_Process_2023,Extracellular Matrix Organization (GO:0030198),2.7127533393844927e-06,0.0007646174208935424,0,0,6.159642401021712,78.95150256862362,GSN;LUM;COL14A1;MMP2;ELN;COL1A1;SMOC2;COL3A1;CCDC80;COL1A2;COL5A1;LOX;MMP23B
DR 31-,GO_Biological_Process_2023,Collagen Fibril Organization (GO:0030199),2.937070758874043e-06,0.0007646174208935424,0,0,17.801075268817204,226.7518379651853,COL1A1;COL3A1;COL1A2;COL5A1;LOX;COL14A1;LUM
DR 31-,GO_Biological_Process_2023,Negative Regulation Of BMP Signaling Pathway (GO:0030514),2.836112005424511e-05,0.004638894869146141,0,0,79.125,828.4776290914322,TNFAIP6;CHRDL1;NBL1;FBN1
DR 31-,GO_Biological_Process_2023,Regulation Of BMP Signaling Pathway (GO:0030510),3.0409982072163825e-05,0.004638894869146141,0,0,24.94736842105263,259.4710837955379,SFRP4;TNFAIP6;CHRDL1;NBL1;FSTL1
DR 31-,GO_Biological_Process_2023,External Encapsulating Structure Organization (GO:0045229),4.157780292448526e-05,0.004638894869146141,0,0,6.86080586080586,69.2114261189905,COL1A1;SMOC2;COL3A1;CCDC80;COL1A2;COL5A1;COL14A1;MMP2;MMP23B
DR 31-,GO_Biological_Process_2023,Extracellular Structure Organization (GO:0043062),4.157780292448526e-05,0.004638894869146141,0,0,6.86080586080586,69.2114261189905,COL1A1;SMOC2;COL3A1;CCDC80;COL1A2;COL5A1;COL14A1;MMP2;MMP23B
DR 31-,GO_Biological_Process_2023,Eye Development (GO:0001654),8.181450708587026e-05,0.007987141254258083,0,0,39.541666666666664,372.12883861533135,EFEMP1;COL5A1;CHRDL1;FBN1
DR 31-,GO_Biological_Process_2023,Regulation Of Insulin-Like Growth Factor Receptor Signaling Pathway (GO:0043567),0.00018357501735262067,0.013033826232036068,0,0,26.34722222222222,226.6621797598714,IGFBP5;IGFBP4;CILP;IGFBP6
DR 31-,GO_Biological_Process_2023,Eye Morphogenesis (GO:0048592),0.00018357501735262067,0.013033826232036068,0,0,26.34722222222222,226.6621797598714,MFAP5;EFEMP1;COL5A1;FBN1
DR 31-,GO_Biological_Process_2023,Regulation Of Cell-Substrate Adhesion (GO:0010810),0.00018357501735262067,0.013033826232036068,0,0,26.34722222222222,226.6621797598714,CCDC80;PDPN;THY1;FBLN2
DR 31-,GO_Biological_Process_2023,Negative Regulation Of Transmembrane Receptor Protein Serine/Threonine Kinase Signaling Pathway (GO:0090101),0.0002643629965231669,0.01720562502371611,0,0,12.447368421052632,102.5437538440271,LRP1;TNFAIP6;CILP;CHRDL1;NBL1
DR 31-,GO_Biological_Process_2023,Negative Regulation Of Peptidase Activity (GO:0010466),0.00029450227477084115,0.017692790507386688,0,0,8.598784194528875,69.91004017360326,CST3;LRP1;SERPINF1;TIMP2;SERPING1;TIMP1
DR 31-,GO_Biological_Process_2023,Extracellular Matrix Assembly (GO:0085029),0.0003530788440695878,0.01969675551559629,0,0,19.75,156.9891786404046,MFAP4;EFEMP2;TNXB;ELN
DR 31-,GO_Biological_Process_2023,Regulation Of Metallopeptidase Activity (GO:1905048),0.00046811653426905627,0.02284993832900831,0,0,58.7319587628866,450.2857872458315,LRP1;TIMP2;TIMP1
DR 31-,GO_Biological_Process_2023,Embryonic Eye Morphogenesis (GO:0048048),0.00046811653426905627,0.02284993832900831,0,0,58.7319587628866,450.2857872458315,MFAP5;EFEMP1;FBN1
DR 31-,GO_Biological_Process_2023,Skeletal System Development (GO:0001501),0.001096748066407853,0.04403883602085335,0,0,6.319148936170213,43.06756419019197,COL1A1;COL1A2;OGN;ALPL;PTHLH;FBN1
DR 31-,GO_Biological_Process_2023,Regulation Of Extracellular Matrix Disassembly (GO:0010715),0.0011277550837606493,0.04403883602085335,0,0,29.350515463917525,199.217394861114,CST3;LRP1;PDPN
DR 31-,GO_Biological_Process_2023,Regulation Of Vascular Endothelial Growth Factor Signaling Pathway (GO:1900746),0.0011277550837606493,0.04403883602085335,0,0,29.350515463917525,199.217394861114,SMOC2;TNXB;DCN
DR 31-,GO_Biological_Process_2023,Elastic Fiber Assembly (GO:0048251),0.0011277550837606493,0.04403883602085335,0,0,29.350515463917525,199.217394861114,MFAP4;EFEMP2;TNXB
DR 32+,GO_Biological_Process_2023,Glycoprotein Catabolic Process (GO:0006516),4.1934848677874743e-05,0.006080553058291838,0,0,663.6666666666666,6689.357397253069,MMP12;CTSL
DR 32+,GO_Biological_Process_2023,Positive Regulation Of Hydrolase Activity (GO:0051345),0.00048129523938706585,0.03489390485556228,0,0,29.28,223.67078882131727,CCL7;CTSL;CCL20
DR 32+,GO_Biological_Process_2023,Positive Regulation Of ERK1 And ERK2 Cascade (GO:0070374),0.0010546545215261265,0.04229016071833102,0,0,21.950943396226414,150.46366418290134,MARCO;CCL7;CCL20
DR 32+,GO_Biological_Process_2023,Regulation Of ERK1 And ERK2 Cascade (GO:0070372),0.0018635505282290237,0.04229016071833102,0,0,17.787692307692307,111.80047950956322,MARCO;CCL7;CCL20
DR 32+,GO_Biological_Process_2023,Positive Regulation Of MAPK Cascade (GO:0043410),0.0028792155240882035,0.04229016071833102,0,0,15.126315789473685,88.49253849809575,MARCO;CCL7;CCL20
DR 32+,GO_Biological_Process_2023,Steroid Catabolic Process (GO:0006706),0.0039999418516560555,0.04229016071833102,0,0,inf,inf,SPP1
DR 32+,GO_Biological_Process_2023,Negative Regulation Of Fatty Acid Biosynthetic Process (GO:0045717),0.0039999418516560555,0.04229016071833102,0,0,inf,inf,APOC1
DR 32+,GO_Biological_Process_2023,Negative Regulation Of Fatty Acid Metabolic Process (GO:0045922),0.0039999418516560555,0.04229016071833102,0,0,inf,inf,APOC1
DR 32+,GO_Biological_Process_2023,Positive Regulation Of Bone Resorption (GO:0045780),0.0039999418516560555,0.04229016071833102,0,0,inf,inf,SPP1
DR 32+,GO_Biological_Process_2023,Regulation Of Endothelial Cell-Matrix Adhesion Via Fibronectin (GO:1904904),0.0039999418516560555,0.04229016071833102,0,0,inf,inf,MMP12
DR 32+,GO_Biological_Process_2023,Negative Regulation Of Lipid Biosynthetic Process (GO:0051055),0.0039999418516560555,0.04229016071833102,0,0,inf,inf,APOC1
DR 32+,GO_Biological_Process_2023,Response To Testosterone (GO:0033574),0.0039999418516560555,0.04229016071833102,0,0,inf,inf,SPP1
DR 32+,GO_Biological_Process_2023,Very-Low-Density Lipoprotein Particle Assembly (GO:0034379),0.0039999418516560555,0.04229016071833102,0,0,inf,inf,APOC1
DR 32+,GO_Biological_Process_2023,Monocyte Chemotaxis (GO:0002548),0.005025365549491041,0.04229016071833102,0,0,25.205128205128204,133.41722336230094,CCL7;CCL20
DR 32+,GO_Biological_Process_2023,Cellular Response To Interleukin-1 (GO:0071347),0.005759955721757195,0.04229016071833102,0,0,23.38095238095238,120.57149125361515,CCL7;CCL20
DR 32+,GO_Biological_Process_2023,Receptor-Mediated Endocytosis (GO:0006898),0.005759955721757195,0.04229016071833102,0,0,23.38095238095238,120.57149125361515,MARCO;CTSL
DR 32+,GO_Biological_Process_2023,Lymphocyte Migration (GO:0072676),0.0061448274478636674,0.04229016071833102,0,0,22.563218390804597,114.8951710584236,CCL7;CCL20
DR 32+,GO_Biological_Process_2023,Cellular Response To Type II Interferon (GO:0071346),0.0061448274478636674,0.04229016071833102,0,0,22.563218390804597,114.8951710584236,CCL7;CCL20
DR 32+,GO_Biological_Process_2023,Lymphocyte Chemotaxis (GO:0048247),0.006541316438345548,0.04229016071833102,0,0,21.8,109.64564718835001,CCL7;CCL20
DR 32+,GO_Biological_Process_2023,Response To Interleukin-1 (GO:0070555),0.007368846472937078,0.04229016071833102,0,0,20.416666666666668,100.2559212408575,CCL7;CCL20
DR 32+,GO_Biological_Process_2023,Protein Autoprocessing (GO:0016540),0.007985903415155158,0.04229016071833102,0,0,284.42857142857144,1373.8120047267832,CTSL
DR 32+,GO_Biological_Process_2023,Negative Regulation Of Lipoprotein Lipase Activity (GO:0051005),0.007985903415155158,0.04229016071833102,0,0,284.42857142857144,1373.8120047267832,APOC1
DR 32+,GO_Biological_Process_2023,Leukocyte Apoptotic Process (GO:0071887),0.007985903415155158,0.04229016071833102,0,0,284.42857142857144,1373.8120047267832,CTSL
DR 32+,GO_Biological_Process_2023,Positive Regulation Of Epithelial Cell Proliferation Involved In Wound Healing (GO:0060054),0.007985903415155158,0.04229016071833102,0,0,284.42857142857144,1373.8120047267832,MMP12
DR 32+,GO_Biological_Process_2023,Negative Regulation Of Cholesterol Transport (GO:0032375),0.007985903415155158,0.04229016071833102,0,0,284.42857142857144,1373.8120047267832,APOC1
DR 32+,GO_Biological_Process_2023,Chemokine-Mediated Signaling Pathway (GO:0070098),0.008241949257855995,0.04229016071833102,0,0,19.19607843137255,92.11273561102705,CCL7;CCL20
DR 32+,GO_Biological_Process_2023,Cellular Response To Chemokine (GO:1990869),0.008241949257855995,0.04229016071833102,0,0,19.19607843137255,92.11273561102705,CCL7;CCL20
DR 32+,GO_Biological_Process_2023,Response To Tumor Necrosis Factor (GO:0034612),0.009160032859312163,0.04229016071833102,0,0,18.11111111111111,84.9937331806383,CCL7;CCL20
DR 32+,GO_Biological_Process_2023,Response To Type II Interferon (GO:0034341),0.009635758747378001,0.04229016071833102,0,0,17.61261261261261,81.7625776745329,CCL7;CCL20
DR 32+,GO_Biological_Process_2023,Cellular Response To Tumor Necrosis Factor (GO:0071356),0.01012250995352578,0.04229016071833102,0,0,17.140350877192983,78.72552233922971,CCL7;CCL20
DR 32+,GO_Biological_Process_2023,Regulation Of GTPase Activity (GO:0043087),0.011128797798538434,0.04229016071833102,0,0,16.266666666666666,73.17103124697827,CCL7;CCL20
DR 32+,GO_Biological_Process_2023,High-Density Lipoprotein Particle Remodeling (GO:0034375),0.011957907513459116,0.04229016071833102,0,0,142.14285714285714,629.1758129029836,APOC1
DR 32+,GO_Biological_Process_2023,"Wound Healing, Spreading Of Epidermal Cells (GO:0035313)",0.011957907513459116,0.04229016071833102,0,0,142.14285714285714,629.1758129029836,MMP12
DR 32+,GO_Biological_Process_2023,Protein Import Into Nucleus (GO:0006606),0.011957907513459116,0.04229016071833102,0,0,142.14285714285714,629.1758129029836,MMP12
DR 32+,GO_Biological_Process_2023,Import Into Nucleus (GO:0051170),0.011957907513459116,0.04229016071833102,0,0,142.14285714285714,629.1758129029836,MMP12
DR 32+,GO_Biological_Process_2023,Negative Regulation Of Lipase Activity (GO:0060192),0.011957907513459116,0.04229016071833102,0,0,142.14285714285714,629.1758129029836,APOC1
DR 32+,GO_Biological_Process_2023,Response To Vitamin (GO:0033273),0.011957907513459116,0.04229016071833102,0,0,142.14285714285714,629.1758129029836,SPP1
DR 32+,GO_Biological_Process_2023,Phospholipid Efflux (GO:0033700),0.011957907513459116,0.04229016071833102,0,0,142.14285714285714,629.1758129029836,APOC1
DR 32+,GO_Biological_Process_2023,RNA Metabolic Process (GO:0016070),0.011957907513459116,0.04229016071833102,0,0,142.14285714285714,629.1758129029836,RNASE1
DR 32+,GO_Biological_Process_2023,RNA Phosphodiester Bond Hydrolysis (GO:0090501),0.011957907513459116,0.04229016071833102,0,0,142.14285714285714,629.1758129029836,RNASE1
DR 32+,GO_Biological_Process_2023,Nucleic Acid Phosphodiester Bond Hydrolysis (GO:0090305),0.011957907513459116,0.04229016071833102,0,0,142.14285714285714,629.1758129029836,RNASE1
DR 32+,GO_Biological_Process_2023,Neutrophil Chemotaxis (GO:0030593),0.012719111192318628,0.04289002611363259,0,0,15.108527131782946,65.94342687708283,CCL7;CCL20
DR 32+,GO_Biological_Process_2023,Positive Regulation Of GTPase Activity (GO:0043547),0.012719111192318628,0.04289002611363259,0,0,15.108527131782946,65.94342687708283,CCL7;CCL20
DR 32+,GO_Biological_Process_2023,Granulocyte Chemotaxis (GO:0071621),0.01327049754723785,0.04354375400375002,0,0,14.757575757575758,63.78537010354062,CCL7;CCL20
DR 32+,GO_Biological_Process_2023,Neutrophil Migration (GO:1990266),0.013832406278802188,0.04354375400375002,0,0,14.422222222222222,61.73780026585568,CCL7;CCL20
DR 32+,GO_Biological_Process_2023,"Wound Healing, Spreading Of Cells (GO:0044319)",0.015915992842750006,0.04354375400375002,0,0,94.71428571428571,392.1579491912344,MMP12
DR 32+,GO_Biological_Process_2023,Negative Regulation Of Receptor-Mediated Endocytosis (GO:0048261),0.015915992842750006,0.04354375400375002,0,0,94.71428571428571,392.1579491912344,APOC1
DR 32+,GO_Biological_Process_2023,Establishment Of Protein Localization To Organelle (GO:0072594),0.015915992842750006,0.04354375400375002,0,0,94.71428571428571,392.1579491912344,MMP12
DR 32+,GO_Biological_Process_2023,Protein Localization To Nucleus (GO:0034504),0.015915992842750006,0.04354375400375002,0,0,94.71428571428571,392.1579491912344,MMP12
DR 32+,GO_Biological_Process_2023,Negative Regulation Of Lipid Catabolic Process (GO:0050995),0.015915992842750006,0.04354375400375002,0,0,94.71428571428571,392.1579491912344,APOC1
DR 32+,GO_Biological_Process_2023,Response To Vitamin D (GO:0033280),0.015915992842750006,0.04354375400375002,0,0,94.71428571428571,392.1579491912344,SPP1
DR 32+,GO_Biological_Process_2023,Regulation Of Fatty Acid Biosynthetic Process (GO:0042304),0.015915992842750006,0.04354375400375002,0,0,94.71428571428571,392.1579491912344,APOC1
DR 32+,GO_Biological_Process_2023,Receptor-Mediated Endocytosis Of Virus By Host Cell (GO:0019065),0.015915992842750006,0.04354375400375002,0,0,94.71428571428571,392.1579491912344,CTSL
DR 32+,GO_Biological_Process_2023,Cholesterol Efflux (GO:0033344),0.01986019985421104,0.048369107746218595,0,0,71.0,278.2516665656818,APOC1
DR 32+,GO_Biological_Process_2023,Regulation Of Cholesterol Transport (GO:0032374),0.01986019985421104,0.048369107746218595,0,0,71.0,278.2516665656818,APOC1
DR 32+,GO_Biological_Process_2023,Regulation Of Lipoprotein Lipase Activity (GO:0051004),0.01986019985421104,0.048369107746218595,0,0,71.0,278.2516665656818,APOC1
DR 32+,GO_Biological_Process_2023,Adenylate Cyclase-Inhibiting G Protein-Coupled Receptor Signaling Pathway (GO:0007193),0.01986019985421104,0.048369107746218595,0,0,71.0,278.2516665656818,MARCO
DR 32+,GO_Biological_Process_2023,Response To Thyroid Hormone (GO:0097066),0.01986019985421104,0.048369107746218595,0,0,71.0,278.2516665656818,CTSL
DR 32+,GO_Biological_Process_2023,Cellular Response To Thyroid Hormone Stimulus (GO:0097067),0.01986019985421104,0.048369107746218595,0,0,71.0,278.2516665656818,CTSL
DR 32+,GO_Biological_Process_2023,Proteolysis (GO:0006508),0.020014803205331833,0.048369107746218595,0,0,11.73939393939394,45.91609334179766,MMP12;CTSL
DR 33+,GO_Biological_Process_2023,Regulation Of Norepinephrine Secretion (GO:0014061),0.0004999862257578379,0.005749894108170329,0,0,inf,inf,FFAR3
DR 33+,GO_Biological_Process_2023,Negative Regulation Of Blood Pressure (GO:0045776),0.0009999772468562472,0.005749894108170329,0,0,inf,inf,FFAR3
DR 33+,GO_Biological_Process_2023,Regulation Of Catecholamine Secretion (GO:0050433),0.0014999697593334861,0.005749894108170329,0,0,inf,inf,FFAR3
DR 33+,GO_Biological_Process_2023,Cellular Response To Fatty Acid (GO:0071398),0.0014999697593334861,0.005749894108170329,0,0,inf,inf,FFAR3
DR 33+,GO_Biological_Process_2023,Regulation Of Hormone Biosynthetic Process (GO:0046885),0.0014999697593334861,0.005749894108170329,0,0,inf,inf,FFAR3
DR 33+,GO_Biological_Process_2023,Response To Fatty Acid (GO:0070542),0.001999963168059245,0.005749894108170329,0,0,inf,inf,FFAR3
DR 33+,GO_Biological_Process_2023,Mucosal Immune Response (GO:0002385),0.001999963168059245,0.005749894108170329,0,0,inf,inf,FFAR3
DR 33+,GO_Biological_Process_2023,Regulation Of Hormone Secretion (GO:0046883),0.001999963168059245,0.005749894108170329,0,0,inf,inf,FFAR3
DR 33+,GO_Biological_Process_2023,Adenylate Cyclase-Inhibiting G Protein-Coupled Receptor Signaling Pathway (GO:0007193),0.002499957206903733,0.006388779528753984,0,0,inf,inf,FFAR3
DR 33+,GO_Biological_Process_2023,Positive Regulation Of Acute Inflammatory Response (GO:0002675),0.002999951725986083,0.006899888969767991,0,0,inf,inf,FFAR3
DR 33+,GO_Biological_Process_2023,Regulation Of Insulin Receptor Signaling Pathway (GO:0046626),0.0039999418516560555,0.007666555215674106,0,0,inf,inf,FFAR3
DR 33+,GO_Biological_Process_2023,Regulation Of Cytokine Production Involved In Immune Response (GO:0002718),0.0039999418516560555,0.007666555215674106,0,0,inf,inf,FFAR3
DR 33+,GO_Biological_Process_2023,Regulation Of Peptide Hormone Secretion (GO:0090276),0.00449993734450074,0.007961427609501309,0,0,inf,inf,FFAR3
DR 33+,GO_Biological_Process_2023,Positive Regulation Of Cytokine Production Involved In Immune Response (GO:0002720),0.0054999290027479076,0.008433224470880126,0,0,inf,inf,FFAR3
DR 33+,GO_Biological_Process_2023,Regulation Of Cellular Biosynthetic Process (GO:0031326),0.0054999290027479076,0.008433224470880126,0,0,inf,inf,FFAR3
DR 33+,GO_Biological_Process_2023,Regulation Of Chemokine Production (GO:0032642),0.006999917822024454,0.010062381869160152,0,0,inf,inf,FFAR3
DR 33+,GO_Biological_Process_2023,Positive Regulation Of Production Of Molecular Mediator Of Immune Response (GO:0002702),0.007499914384481482,0.010146942990769065,0,0,inf,inf,FFAR3
DR 33+,GO_Biological_Process_2023,Positive Regulation Of Chemokine Production (GO:0032722),0.008999904774535104,0.011499878323017076,0,0,inf,inf,FFAR3
DR 33+,GO_Biological_Process_2023,Adenylate Cyclase-Modulating G Protein-Coupled Receptor Signaling Pathway (GO:0007188),0.014499876075476977,0.017552481565051077,0,0,inf,inf,FFAR3
DR 33+,GO_Biological_Process_2023,Regulation Of Signal Transduction (GO:0009966),0.016499867458964528,0.018974847577809206,0,0,inf,inf,FFAR3
DR 33+,GO_Biological_Process_2023,Cellular Response To Lipid (GO:0071396),0.026499833437622678,0.029023627098348652,0,0,inf,inf,FFAR3
DR 33+,GO_Biological_Process_2023,Cellular Response To Oxygen-Containing Compound (GO:1901701),0.035999810306726256,0.03763616532066836,0,0,inf,inf,FFAR3
DR 34+,GO_Biological_Process_2023,Cellular Component Disassembly (GO:0022411),3.5647306084765357e-06,0.0017956643869917958,0,0,15.178531073446328,190.40590022735432,MMP12;MMP7;CTSK;CAPG;MMP8;MMP9;CTSS
DR 34+,GO_Biological_Process_2023,Extracellular Matrix Disassembly (GO:0022617),3.5647306084765357e-06,0.0017956643869917958,0,0,15.178531073446328,190.40590022735432,MMP12;MMP7;CTSK;CAPG;MMP8;MMP9;CTSS
DR 34+,GO_Biological_Process_2023,Cholesterol Efflux (GO:0033344),5.286548735010194e-06,0.0017956643869917958,0,0,124.70967741935483,1515.2655977580584,NPC2;APOC2;APOC1;APOE
DR 34+,GO_Biological_Process_2023,Cholesterol Transport (GO:0030301),7.460251294809764e-06,0.0019004990173527873,0,0,31.62295081967213,373.3380736688955,MSR1;NPC2;APOC2;APOC1;APOE
DR 34+,GO_Biological_Process_2023,Lipid Transport (GO:0006869),9.562704394501867e-06,0.0019488791555994805,0,0,17.48181818181818,202.04856081909517,FABP3;GM2A;FABP5;CRABP2;NPC2;APOE
DR 34+,GO_Biological_Process_2023,Positive Regulation Of Lipid Biosynthetic Process (GO:0046889),1.5465972597427646e-05,0.002626637679463129,0,0,62.32258064516129,690.3390156523816,FABP3;APOC2;NR1H3;APOE
DR 34+,GO_Biological_Process_2023,Phospholipid Efflux (GO:0033700),3.436980870626852e-05,0.00398451240037751,0,0,inf,inf,APOC2;APOC1;APOE
DR 34+,GO_Biological_Process_2023,Phospholipid Transport (GO:0015914),3.519196428203885e-05,0.00398451240037751,0,0,41.526881720430104,425.84541452249647,NPC2;APOC2;APOC1;APOE
DR 34+,GO_Biological_Process_2023,Cellular Response To Low-Density Lipoprotein Particle Stimulus (GO:0071404),3.519196428203885e-05,0.00398451240037751,0,0,41.526881720430104,425.84541452249647,ITGB2;CD9;TREM2;CD68
DR 34+,GO_Biological_Process_2023,Cholesterol Homeostasis (GO:0042632),5.346710853671596e-05,0.004952998508992142,0,0,17.531876138433514,172.45131586658493,FABP3;NPC2;APOC2;NR1H3;APOE
DR 34+,GO_Biological_Process_2023,Sterol Homeostasis (GO:0055092),5.346710853671596e-05,0.004952998508992142,0,0,17.531876138433514,172.45131586658493,FABP3;NPC2;APOC2;NR1H3;APOE
DR 34+,GO_Biological_Process_2023,Protein Catabolic Process (GO:0030163),7.816365090690061e-05,0.006637396689510977,0,0,15.770491803278688,149.13690194581054,CTSK;APOE;CTSD;CTSS;CTSB
DR 34+,GO_Biological_Process_2023,Negative Regulation Of Endocytosis (GO:0045806),0.00012048826695699524,0.008045785238561342,0,0,24.89032258064516,224.6092300401593,LGALS3;APOC2;APOC1;NR1H3
DR 34+,GO_Biological_Process_2023,Regulation Of Peptidase Activity (GO:0052547),0.00012048826695699524,0.008045785238561342,0,0,24.89032258064516,224.6092300401593,CSTB;CTSK;CTSS;CTSB
DR 34+,GO_Biological_Process_2023,Regulation Of Cholesterol Storage (GO:0010885),0.00013422801673752975,0.008045785238561342,0,0,92.04761904761905,820.6938640024807,MSR1;NR1H3;TREM2
DR 34+,GO_Biological_Process_2023,Regulation Of Fatty Acid Biosynthetic Process (GO:0042304),0.00013422801673752975,0.008045785238561342,0,0,92.04761904761905,820.6938640024807,APOC2;APOC1;NR1H3
DR 34+,GO_Biological_Process_2023,Positive Regulation Of Myeloid Leukocyte Mediated Immunity (GO:0002888),0.00013422801673752975,0.008045785238561342,0,0,92.04761904761905,820.6938640024807,SPI1;TYROBP;ITGB2
DR 34+,GO_Biological_Process_2023,Regulation Of Defense Response (GO:0031347),0.00015299092441734347,0.008660986221181834,0,0,13.128415300546449,115.33486078669625,FGR;GRN;TREM2;APOE;MGLL
DR 34+,GO_Biological_Process_2023,Fatty Acid Transport (GO:0015908),0.00019584090942292102,0.010503257194839816,0,0,20.731182795698924,177.00714903245904,FABP3;CRABP2;FABP5;APOE
DR 34+,GO_Biological_Process_2023,Positive Regulation Of Biosynthetic Process (GO:0009891),0.0003001340534048324,0.013354697287168515,0,0,17.76036866359447,144.05934690466236,RGCC;NR1H3;APOE;MMP8
DR 34+,GO_Biological_Process_2023,Receptor-Mediated Endocytosis (GO:0006898),0.00032695014700091167,0.013354697287168515,0,0,7.958333333333333,63.871218549156474,MSR1;ITGB2;CD9;APOE;LILRB4;CXCL16
DR 34+,GO_Biological_Process_2023,Regulation Of Cholesterol Transport (GO:0032374),0.00032764222981277027,0.013354697287168515,0,0,46.0,369.08506215239305,APOC2;APOC1;NR1H3
DR 34+,GO_Biological_Process_2023,Regulation Of Lipoprotein Lipase Activity (GO:0051004),0.00032764222981277027,0.013354697287168515,0,0,46.0,369.08506215239305,APOC2;APOC1;NR1H3
DR 34+,GO_Biological_Process_2023,Long-Chain Fatty Acid Transport (GO:0015909),0.00032764222981277027,0.013354697287168515,0,0,46.0,369.08506215239305,FABP3;FABP5;APOE
DR 34+,GO_Biological_Process_2023,Macrophage Activation Involved In Immune Response (GO:0002281),0.00032764222981277027,0.013354697287168515,0,0,46.0,369.08506215239305,GRN;TYROBP;TREM2
DR 34+,GO_Biological_Process_2023,Proteolysis (GO:0006508),0.000418267333886639,0.016392862047326352,0,0,5.3061224489795915,41.27839472509881,MMP12;MMP7;CTSK;MMP8;MMP9;CTSD;CTSS;CTSB
DR 34+,GO_Biological_Process_2023,Phagocytosis (GO:0006909),0.0005726264150890669,0.021031537526823168,0,0,9.243008678881388,69.00162042040265,MSR1;TYROBP;ITGB2;NR1H3;TREM2
DR 34+,GO_Biological_Process_2023,Microglial Cell Activation (GO:0001774),0.0006185350397329822,0.021031537526823168,0,0,13.799283154121865,101.95126649696613,GRN;TYROBP;ITGB2;TREM2
DR 34+,GO_Biological_Process_2023,Negative Regulation Of Hydrolase Activity (GO:0051346),0.0006398210631320101,0.021031537526823168,0,0,30.650793650793652,225.41580635648427,GCHFR;CSTB;CTSB
DR 34+,GO_Biological_Process_2023,Negative Regulation Of Leukocyte Activation (GO:0002695),0.0006398210631320101,0.021031537526823168,0,0,30.650793650793652,225.41580635648427,GRN;NR1H3;LILRB4
DR 34+,GO_Biological_Process_2023,Regulation Of Microglial Cell Activation (GO:1903978),0.0006398210631320101,0.021031537526823168,0,0,30.650793650793652,225.41580635648427,GRN;TREM2;MMP8
DR 34+,GO_Biological_Process_2023,Negative Regulation Of Cytokine Production (GO:0001818),0.0008843430575852114,0.02320976347400954,0,0,5.344632768361582,37.576325195536924,TYROBP;RGCC;GPNMB;LAPTM5;TREM2;MMP8;LILRB4
DR 34+,GO_Biological_Process_2023,Alcohol Catabolic Process (GO:0046164),0.0010730125990588521,0.02320976347400954,0,0,inf,inf,CYP27A1;APOE
DR 34+,GO_Biological_Process_2023,Cholesterol Catabolic Process (GO:0006707),0.0010730125990588521,0.02320976347400954,0,0,inf,inf,CYP27A1;APOE
DR 34+,GO_Biological_Process_2023,Positive Regulation Of Fatty Acid Biosynthetic Process (GO:0045723),0.0010730125990588521,0.02320976347400954,0,0,inf,inf,APOC2;NR1H3
DR 34+,GO_Biological_Process_2023,Sterol Catabolic Process (GO:0016127),0.0010730125990588521,0.02320976347400954,0,0,inf,inf,CYP27A1;APOE
DR 34+,GO_Biological_Process_2023,Positive Regulation Of Microglial Cell Activation (GO:1903980),0.0010730125990588521,0.02320976347400954,0,0,inf,inf,TREM2;MMP8
DR 34+,GO_Biological_Process_2023,Triglyceride-Rich Lipoprotein Particle Remodeling (GO:0034370),0.0010730125990588521,0.02320976347400954,0,0,inf,inf,APOC2;APOE
DR 34+,GO_Biological_Process_2023,Very-Low-Density Lipoprotein Particle Remodeling (GO:0034372),0.0010730125990588521,0.02320976347400954,0,0,inf,inf,APOC2;APOE
DR 34+,GO_Biological_Process_2023,Positive Regulation Of Receptor Catabolic Process (GO:2000646),0.0010730125990588521,0.02320976347400954,0,0,inf,inf,LAPTM5;APOE
DR 34+,GO_Biological_Process_2023,Intracellular Lipid Transport (GO:0032365),0.0010730125990588521,0.02320976347400954,0,0,inf,inf,FABP3;NPC2
DR 34+,GO_Biological_Process_2023,Positive Regulation Of Triglyceride Metabolic Process (GO:0090208),0.0010730125990588521,0.02320976347400954,0,0,inf,inf,APOC2;NR1H3
DR 34+,GO_Biological_Process_2023,Lipoprotein Catabolic Process (GO:0042159),0.0010730125990588521,0.02320976347400954,0,0,inf,inf,APOE;CTSD
DR 34+,GO_Biological_Process_2023,Negative Regulation Of Cholesterol Transport (GO:0032375),0.0010730125990588521,0.02320976347400954,0,0,inf,inf,APOC2;APOC1
DR 34+,GO_Biological_Process_2023,Acylglycerol Homeostasis (GO:0055090),0.0010932960223282216,0.02320976347400954,0,0,22.976190476190474,156.66449362486554,APOC2;NR1H3;APOE
DR 34+,GO_Biological_Process_2023,Acylglycerol Metabolic Process (GO:0006639),0.0010932960223282216,0.02320976347400954,0,0,22.976190476190474,156.66449362486554,APOC1;APOE;MGLL
DR 34+,GO_Biological_Process_2023,Positive Regulation Of Peptidase Activity (GO:0010952),0.0010932960223282216,0.02320976347400954,0,0,22.976190476190474,156.66449362486554,GRN;CTSK;CTSS
DR 34+,GO_Biological_Process_2023,Negative Regulation Of Cytokine-Mediated Signaling Pathway (GO:0001960),0.0010932960223282216,0.02320976347400954,0,0,22.976190476190474,156.66449362486554,IL1RN;NR1H3;TREM2
DR 34+,GO_Biological_Process_2023,Regulation Of Lipid Metabolic Process (GO:0019216),0.0011232558904111418,0.023359137802631706,0,0,11.27859237536657,76.59882816375645,NPC2;APOC2;APOC1;TREM2
DR 34+,GO_Biological_Process_2023,Negative Regulation Of Metabolic Process (GO:0009892),0.0017080940474925364,0.03481095668789789,0,0,18.37142857142857,117.06967113064638,APOC2;APOC1;NR1H3
DR 34+,GO_Biological_Process_2023,Negative Regulation Of Multicellular Organismal Process (GO:0051241),0.0018600277590556404,0.03651013091537726,0,0,5.425714285714286,34.11235481059492,GRN;RGCC;SPI1;GPNMB;NR1H3;TREM2
DR 34+,GO_Biological_Process_2023,Negative Regulation Of Immune Response (GO:0050777),0.001863127387242019,0.03651013091537726,0,0,9.53349875930521,59.92279512793326,FGR;LGALS3;SPI1;TREM2
DR 34+,GO_Biological_Process_2023,Extracellular Matrix Organization (GO:0030198),0.002445364598798694,0.04472696894118324,0,0,4.38052509139249,26.342555055045793,MMP12;MMP7;CTSK;CAPG;MMP8;MMP9;CTSS
DR 34+,GO_Biological_Process_2023,Negative Regulation Of Interleukin-10 Production (GO:0032693),0.0025019011085843424,0.04472696894118324,0,0,15.301587301587302,91.66728626236382,TYROBP;MMP8;LILRB4
DR 34+,GO_Biological_Process_2023,Apoptotic Cell Clearance (GO:0043277),0.0025019011085843424,0.04472696894118324,0,0,15.301587301587302,91.66728626236382,TYROBP;NR1H3;TREM2
DR 34+,GO_Biological_Process_2023,Triglyceride Homeostasis (GO:0070328),0.0025019011085843424,0.04472696894118324,0,0,15.301587301587302,91.66728626236382,APOC2;NR1H3;APOE
DR 34+,GO_Biological_Process_2023,Negative Regulation Of T Cell Receptor Signaling Pathway (GO:0050860),0.0025019011085843424,0.04472696894118324,0,0,15.301587301587302,91.66728626236382,LGALS3;LAPTM5;LILRB4
DR 34+,GO_Biological_Process_2023,Regulation Of Establishment Of Protein Localization (GO:0070201),0.0031503152554613026,0.045859589218786675,0,0,60.40625,347.95526768292217,TREM2;CTSD
DR 34+,GO_Biological_Process_2023,Negative Regulation Of Protein Localization (GO:1903828),0.0031503152554613026,0.045859589218786675,0,0,60.40625,347.95526768292217,SPI1;LILRB4
DR 34+,GO_Biological_Process_2023,Cellular Response To Oxidised Low-Density Lipoprotein Particle Stimulus (GO:0140052),0.0031503152554613026,0.045859589218786675,0,0,60.40625,347.95526768292217,TREM2;CD68
DR 34+,GO_Biological_Process_2023,Response To Axon Injury (GO:0048678),0.0031503152554613026,0.045859589218786675,0,0,60.40625,347.95526768292217,TYROBP;TREM2
DR 34+,GO_Biological_Process_2023,Positive Regulation Of Amyloid-Beta Clearance (GO:1900223),0.0031503152554613026,0.045859589218786675,0,0,60.40625,347.95526768292217,TREM2;APOE
DR 34+,GO_Biological_Process_2023,Positive Regulation Of Fatty Acid Metabolic Process (GO:0045923),0.0031503152554613026,0.045859589218786675,0,0,60.40625,347.95526768292217,APOC2;NR1H3
DR 34+,GO_Biological_Process_2023,Positive Regulation Of Lipoprotein Lipase Activity (GO:0051006),0.0031503152554613026,0.045859589218786675,0,0,60.40625,347.95526768292217,APOC2;NR1H3
DR 34+,GO_Biological_Process_2023,Glucosamine-Containing Compound Catabolic Process (GO:1901072),0.0031503152554613026,0.045859589218786675,0,0,60.40625,347.95526768292217,CHIT1;CHI3L1
DR 34+,GO_Biological_Process_2023,High-Density Lipoprotein Particle Remodeling (GO:0034375),0.0031503152554613026,0.045859589218786675,0,0,60.40625,347.95526768292217,APOC1;APOE
DR 34+,GO_Biological_Process_2023,Positive Regulation Of Superoxide Anion Generation (GO:0032930),0.0031503152554613026,0.045859589218786675,0,0,60.40625,347.95526768292217,TYROBP;ITGB2
DR 34+,GO_Biological_Process_2023,Positive Regulation Of Triglyceride Lipase Activity (GO:0061365),0.0031503152554613026,0.045859589218786675,0,0,60.40625,347.95526768292217,APOC2;NR1H3
DR 34+,GO_Biological_Process_2023,Lipoprotein Metabolic Process (GO:0042157),0.0031503152554613026,0.045859589218786675,0,0,60.40625,347.95526768292217,APOE;CTSD
DR 34+,GO_Biological_Process_2023,Negative Regulation Of Cholesterol Storage (GO:0010887),0.0031503152554613026,0.045859589218786675,0,0,60.40625,347.95526768292217,NR1H3;TREM2
DR 34+,GO_Biological_Process_2023,Regulation Of Cholesterol Efflux (GO:0010874),0.003490217253537525,0.04871960796376353,0,0,13.108843537414966,74.16710084574278,NR1H3;TREM2;APOE
DR 34+,GO_Biological_Process_2023,Positive Regulation Of Cholesterol Efflux (GO:0010875),0.003490217253537525,0.04871960796376353,0,0,13.108843537414966,74.16710084574278,NR1H3;TREM2;APOE
DR 34+,GO_Biological_Process_2023,Positive Regulation Of Cholesterol Transport (GO:0032376),0.003490217253537525,0.04871960796376353,0,0,13.108843537414966,74.16710084574278,NR1H3;TREM2;APOE
DR 35-,GO_Biological_Process_2023,Defense Response To Symbiont (GO:0140546),1.0599792984689817e-17,2.7983453479581115e-15,0,0,88.72727272727273,3467.9673154406064,GBP5;IFITM1;RSAD2;MX1;IFI6;ISG15;IFIT1;IFIT3;IFI44L;IFIT2;OASL;ISG20;IRF7
DR 35-,GO_Biological_Process_2023,Defense Response To Virus (GO:0051607),3.8168582717293076e-17,5.038252918682686e-15,0,0,77.96,2947.2402964553535,GBP5;IFITM1;RSAD2;MX1;IFI6;ISG15;IFIT1;IFIT3;IFI44L;IFIT2;OASL;ISG20;IRF7
DR 35-,GO_Biological_Process_2023,Negative Regulation Of Viral Genome Replication (GO:0045071),2.776016772411269e-10,1.8321710697914376e-08,0,0,80.43859649122807,1770.0379505449805,ISG20;IFITM1;RSAD2;MX1;ISG15;IFIT1;OASL
DR 35-,GO_Biological_Process_2023,Negative Regulation Of Viral Process (GO:0048525),2.776016772411269e-10,1.8321710697914376e-08,0,0,80.43859649122807,1770.0379505449805,ISG20;IFITM1;RSAD2;MX1;ISG15;IFIT1;OASL
DR 35-,GO_Biological_Process_2023,Regulation Of Viral Genome Replication (GO:0045069),4.679801966575412e-10,2.4709354383518175e-08,0,0,72.3578947368421,1554.4353575061082,ISG20;IFITM1;RSAD2;MX1;ISG15;IFIT1;OASL
DR 35-,GO_Biological_Process_2023,Antiviral Innate Immune Response (GO:0140374),7.665190931288232e-07,3.3726840097668225e-05,0,0,119.45454545454545,1682.0879804995868,MX1;IFIT1;IFIT3;IFIT2
DR 35-,GO_Biological_Process_2023,Response To Type I Interferon (GO:0034340),1.952767484533088e-06,7.36472308452479e-05,0,0,inf,inf,MX1;ISG15;IFIT1
DR 35-,GO_Biological_Process_2023,Protein Localization To Organelle (GO:0033365),1.9192297306950667e-05,0.000633345811129372,0,0,128.6086956521739,1396.8192417099415,GBP5;ISG15;GBP1
DR 35-,GO_Biological_Process_2023,Positive Regulation Of Interferon-Beta Production (GO:0032728),0.0001625753900100551,0.004291990296265455,0,0,inf,inf,IRF7;ISG15
DR 35-,GO_Biological_Process_2023,Interleukin-27-Mediated Signaling Pathway (GO:0070106),0.0001625753900100551,0.004291990296265455,0,0,inf,inf,MX1;OASL
DR 35-,GO_Biological_Process_2023,Modification-Dependent Protein Catabolic Process (GO:0019941),0.0003006312441542116,0.007215149859701078,0,0,32.05434782608695,259.9487772472811,HERC5;ISG15;TNFSF13B
DR 35-,GO_Biological_Process_2023,Protein Ubiquitination (GO:0016567),0.00039738523427465826,0.008742475154042481,0,0,28.47826086956522,223.00199442425287,HERC5;ISG15;TNFSF13B
DR 35-,GO_Biological_Process_2023,Regulation Of Interferon-Beta Production (GO:0032648),0.0004838244498001781,0.009825358057480539,0,0,164.41666666666666,1255.1220467235462,IRF7;ISG15
DR 35-,GO_Biological_Process_2023,Response To Cytokine (GO:0034097),0.0009977594817519731,0.01881489308446578,0,0,11.034090909090908,76.24554954464898,IFITM1;LAMP3;MX1;ISG15
DR 35-,GO_Biological_Process_2023,Response To Type II Interferon (GO:0034341),0.0013566446729626155,0.02308929070850925,0,0,10.072727272727272,66.50760712847365,GBP5;IFITM1;GBP1;GBP4
DR 35-,GO_Biological_Process_2023,Regulation Of Cysteine-Type Endopeptidase Activity Involved In Apoptotic Process (GO:0043281),0.0013993509520308636,0.02308929070850925,0,0,17.034782608695654,111.94827734022094,LAMP3;TNFSF10;IFI6
DR 35-,GO_Biological_Process_2023,Cellular Response To Type I Interferon (GO:0071357),0.0015870584640941582,0.024646084383579868,0,0,54.75,352.9115466808845,IFITM1;IFIT1
DR 35-,GO_Biological_Process_2023,DNA Damage Response (GO:0006974),0.0022223977436715316,0.031172668466522606,0,0,14.173913043478262,86.59082452180017,HELB;IRF7;TNFSF13B
DR 35-,GO_Biological_Process_2023,Response To Interferon-Alpha (GO:0035455),0.0023615657929183793,0.031172668466522606,0,0,41.041666666666664,248.23766467681088,IFITM1;LAMP3
DR 35-,GO_Biological_Process_2023,Positive Regulation Of Type I Interferon Production (GO:0032481),0.0023615657929183793,0.031172668466522606,0,0,41.041666666666664,248.23766467681088,IRF7;ISG15
DR 35-,GO_Biological_Process_2023,Positive Regulation Of Programmed Cell Death (GO:0043068),0.002529631650689404,0.03180108360866679,0,0,8.363636363636363,50.01188230089825,GBP5;TNFSF10;GBP1;IFIT2
DR 35-,GO_Biological_Process_2023,Cellular Response To Cytokine Stimulus (GO:0071345),0.003238542378240622,0.03764628091782037,0,0,5.946115288220551,34.086890382505615,GBP5;MT2A;IFIT1;GBP1;GBP4
DR 35-,GO_Biological_Process_2023,Positive Regulation Of Pattern Recognition Receptor Signaling Pathway (GO:0062208),0.003279789625416169,0.03764628091782037,0,0,32.81666666666667,187.7105456426177,RSAD2;OASL
DR 35-,GO_Biological_Process_2023,Protein Modification By Small Protein Conjugation (GO:0032446),0.004338151832860397,0.04404892630289019,0,0,27.333333333333332,148.70172101850258,HERC5;ISG15
DR 35-,GO_Biological_Process_2023,Defense Response To Protozoan (GO:0042832),0.004338151832860397,0.04404892630289019,0,0,27.333333333333332,148.70172101850258,GBP1;GBP4
DR 35-,GO_Biological_Process_2023,Apoptotic Mitochondrial Changes (GO:0008637),0.004338151832860397,0.04404892630289019,0,0,27.333333333333332,148.70172101850258,IFI6;IFIT2
DR 36-,GO_Biological_Process_2023,Memory (GO:0007613),3.4833897312297345e-07,0.00042288351337128974,0,0,60.57446808510638,900.7477782296368,PLK2;TREM2;PTN;APOE;SGK1;KLK8
DR 36-,GO_Biological_Process_2023,Cellular Response To Zinc Ion (GO:0071294),1.4072596228396998e-05,0.008542065910636979,0,0,33.280701754385966,371.78807721874773,MT2A;MT1M;MT1F;MT1X;MT1E
DR 36-,GO_Biological_Process_2023,Muscle Contraction (GO:0006936),2.9185779662643087e-05,0.00922942955890172,0,0,15.095744680851064,157.6271840592717,TPM2;TPM1;SSPN;MYH11;CRYAB;MYLK
DR 36-,GO_Biological_Process_2023,Response To Zinc Ion (GO:0010043),3.0409982072163825e-05,0.00922942955890172,0,0,24.94736842105263,259.4710837955379,MT2A;MT1M;MT1F;MT1X;MT1E
DR 36-,GO_Biological_Process_2023,Positive Regulation Of Nucleic Acid-Templated Transcription (GO:1903508),3.995592523382206e-05,0.009701298646771996,0,0,4.94385026737968,50.069998369949104,EGR1;SFRP1;JUN;LBH;MAFB;NFIB;MYC;TGFB1I1;TESC;APOE;FOS;SOX4
DR 36-,GO_Biological_Process_2023,Response To Cadmium Ion (GO:0046686),5.841428530078328e-05,0.011819157059191818,0,0,19.94736842105263,194.44595172999095,JUN;MT1F;MT1X;FOS;MT1E
DR 36-,GO_Biological_Process_2023,Cellular Response To Copper Ion (GO:0071280),0.00010286019114288906,0.017371265546149005,0,0,16.614035087719298,152.55239380337426,MT2A;MT1M;MT1F;MT1X;MT1E
DR 36-,GO_Biological_Process_2023,Cellular Response To Metal Ion (GO:0071248),0.0001144729195792356,0.017371265546149005,0,0,6.797101449275362,61.68486661037346,MT2A;JUN;MT1M;MT1F;MT1X;FOS;SYT8;MT1E
DR 36-,GO_Biological_Process_2023,Negative Regulation Of Growth (GO:0045926),0.00014482304599736508,0.017392107540315196,0,0,7.8697729988052565,69.56877704447882,SFRP1;MT2A;FRZB;MT1M;MT1F;MT1X;MT1E
DR 36-,GO_Biological_Process_2023,Cellular Response To Cadmium Ion (GO:0071276),0.00016936810446428435,0.017392107540315196,0,0,14.233082706766917,123.59206388861277,JUN;MT1F;MT1X;FOS;MT1E
DR 36-,GO_Biological_Process_2023,Response To Copper Ion (GO:0046688),0.00016936810446428435,0.017392107540315196,0,0,14.233082706766917,123.59206388861277,MT2A;MT1M;MT1F;MT1X;MT1E
DR 36-,GO_Biological_Process_2023,Negative Regulation Of Apoptotic Process (GO:0043066),0.00017191539578565267,0.017392107540315196,0,0,3.655756531725524,31.68995505985218,NTRK2;ANXA1;PLK2;TREM2;PIK3R1;SFRP1;MYC;CCL2;SFN;APOE;NUPR1;GAS6;CRYAB;IER3
DR 36-,GO_Biological_Process_2023,Regulation Of Apoptotic Process (GO:0042981),0.00019277689580158024,0.018002396269470648,0,0,3.2893772893772892,28.13725773693903,EGR1;JUN;ANXA1;PLK2;PIK3R1;DUSP6;SFRP1;FRZB;MYC;ITGA6;NUPR1;GAS6;SGK1;CRYAB;SOX4;IER3
DR 36-,GO_Biological_Process_2023,Regulation Of miRNA Transcription (GO:1902893),0.0002643629965231669,0.022924048412794613,0,0,12.447368421052632,102.5437538440271,EGR1;JUN;NFIB;MYC;FOS
DR 36-,GO_Biological_Process_2023,Regulation Of Neuron Apoptotic Process (GO:0043523),0.0003957604671826692,0.032030213810650694,0,0,8.02127659574468,62.844307059300036,NTRK2;EGR1;CCL2;TREM2;APOE;NUPR1
DR 36-,GO_Biological_Process_2023,Regulation Of Proteasomal Protein Catabolic Process (GO:0061136),0.00046811653426905627,0.035518342037664644,0,0,58.7319587628866,450.2857872458315,TREM2;NUPR1;APOE
DR 36-,GO_Biological_Process_2023,Negative Regulation Of Wnt Signaling Pathway (GO:0030178),0.0005223494276843021,0.03616464141911723,0,0,7.51595744680851,56.799396641341,SFRP1;WIF1;FRZB;IGFBP2;APOE;DKK3
DR 36-,GO_Biological_Process_2023,Regulation Of DNA-templated Transcription (GO:0006355),0.0005362137936936657,0.03616464141911723,0,0,2.859406128450811,21.534123524365906,EGR1;JUN;TGFB1I1;TESC;TSHZ2;FOS;DKK3;SFRP1;LBH;MAFB;EFEMP1;NFIB;MYC;APOE;GAS6;CRYAB;SOX4
DR 36-,GO_Biological_Process_2023,Regulation Of Stress Fiber Assembly (GO:0051492),0.0006112157595893195,0.039053470112707045,0,0,15.791666666666666,116.85928929412923,SFRP1;TPM1;TACSTD2;PIK3R1
DR 37+,GO_Biological_Process_2023,Cytokine-Mediated Signaling Pathway (GO:0019221),9.584445624374932e-07,0.0003584582663516225,0,0,112.29411764705883,1556.1667296212343,CCL3L1;IFNB1;CCL4;CCL3;TNF
DR 37+,GO_Biological_Process_2023,Cellular Response To Tumor Necrosis Factor (GO:0071356),2.0032082744917372e-06,0.00037459994732995486,0,0,108.77777777777777,1427.2471727087393,CCL3L1;CCL4;CCL3;TNF
DR 37+,GO_Biological_Process_2023,Positive Regulation Of ERK1 And ERK2 Cascade (GO:0070374),7.946512447650326e-06,0.0009906652184737408,0,0,74.6923076923077,877.0951435729977,CCL3L1;CCL4;CCL3;TNF
DR 37+,GO_Biological_Process_2023,Eosinophil Chemotaxis (GO:0048245),1.4295130983558146e-05,0.0010692757975701492,0,0,123.625,1379.1100077595079,CCL3L1;CCL4;CCL3
DR 37+,GO_Biological_Process_2023,Eosinophil Migration (GO:0072677),1.4295130983558146e-05,0.0010692757975701492,0,0,123.625,1379.1100077595079,CCL3L1;CCL4;CCL3
DR 37+,GO_Biological_Process_2023,Regulation Of ERK1 And ERK2 Cascade (GO:0070372),1.7447263179696797e-05,0.0010875460715344338,0,0,60.3125,660.8035179921841,CCL3L1;CCL4;CCL3;TNF
DR 37+,GO_Biological_Process_2023,Positive Regulation Of MAPK Cascade (GO:0043410),3.1899198209265496e-05,0.001648599531077541,0,0,51.17333333333333,529.7939216444711,CCL3L1;CCL4;CCL3;TNF
DR 37+,GO_Biological_Process_2023,Cellular Response To Cytokine Stimulus (GO:0071345),3.5264161092567725e-05,0.001648599531077541,0,0,49.79220779220779,510.50174940997414,CCL3L1;IFNB1;CCL4;CCL3
DR 37+,GO_Biological_Process_2023,Monocyte Chemotaxis (GO:0002548),4.78385838078069e-05,0.00198795892712442,0,0,78.76,783.4791233313898,CCL3L1;CCL4;CCL3
DR 37+,GO_Biological_Process_2023,Cellular Response To Interleukin-1 (GO:0071347),5.915261450296186e-05,0.0019964701520672713,0,0,72.85185185185185,709.2411730461514,CCL3L1;CCL4;CCL3
DR 37+,GO_Biological_Process_2023,Lymphocyte Migration (GO:0072676),6.541601454223257e-05,0.0019964701520672713,0,0,70.21428571428571,676.4966300000785,CCL3L1;CCL4;CCL3
DR 37+,GO_Biological_Process_2023,Cellular Response To Type II Interferon (GO:0071346),6.541601454223257e-05,0.0019964701520672713,0,0,70.21428571428571,676.4966300000785,CCL3L1;CCL4;CCL3
DR 37+,GO_Biological_Process_2023,Lymphocyte Chemotaxis (GO:0048247),7.210117740052772e-05,0.0019964701520672713,0,0,67.75862068965517,646.2437917577591,CCL3L1;CCL4;CCL3
DR 37+,GO_Biological_Process_2023,Positive Regulation Of Neuron Apoptotic Process (GO:0043525),7.47341768153524e-05,0.0019964701520672713,0,0,331.8333333333333,3152.9386569261205,CCL3;TNF
DR 37+,GO_Biological_Process_2023,Inflammatory Response (GO:0006954),8.511743456991776e-05,0.0020286911869339527,0,0,39.11340206185567,366.55041320446725,CCL3L1;CCL4;CCL3;TNF
DR 37+,GO_Biological_Process_2023,Response To Interleukin-1 (GO:0070555),8.67889277832707e-05,0.0020286911869339527,0,0,63.32258064516129,592.1947691420078,CCL3L1;CCL4;CCL3
DR 37+,GO_Biological_Process_2023,Cellular Response To Chemokine (GO:1990869),0.00010331950209189733,0.002093501480383083,0,0,59.42424242424242,545.3769432038351,CCL3L1;CCL4;CCL3
DR 37+,GO_Biological_Process_2023,Chemokine-Mediated Signaling Pathway (GO:0070098),0.00010331950209189733,0.002093501480383083,0,0,59.42424242424242,545.3769432038351,CCL3L1;CCL4;CCL3
DR 37+,GO_Biological_Process_2023,Modulation By Host Of Symbiont Process (GO:0051851),0.00011195195082262476,0.002093501480383083,0,0,248.75,2262.9883963216585,CCL4;CCL3
DR 37+,GO_Biological_Process_2023,Regulation Of Natural Killer Cell Chemotaxis (GO:2000501),0.00011195195082262476,0.002093501480383083,0,0,248.75,2262.9883963216585,CCL4;CCL3
DR 37+,GO_Biological_Process_2023,Response To Tumor Necrosis Factor (GO:0034612),0.00012179552212812078,0.002169120251234151,0,0,55.97142857142857,504.4798311238548,CCL3L1;CCL4;CCL3
DR 37+,GO_Biological_Process_2023,Response To Type II Interferon (GO:0034341),0.0001317948672270936,0.0022405127428605912,0,0,54.388888888888886,485.92468548981043,CCL3L1;CCL4;CCL3
DR 37+,GO_Biological_Process_2023,Positive Regulation Of Defense Response (GO:0031349),0.00015337926272762257,0.0024391627405977384,0,0,51.473684210526315,452.07261744736013,IFNB1;CCL3;TNF
DR 37+,GO_Biological_Process_2023,Positive Regulation Of Monoatomic Ion Transport (GO:0043270),0.0001565238122308709,0.0024391627405977384,0,0,198.9,1742.821948300517,CCL4;CCL3
DR 37+,GO_Biological_Process_2023,Regulation Of GTPase Activity (GO:0043087),0.00016498933899076194,0.0024682405113017987,0,0,50.12820512820513,436.59810410851094,CCL3L1;CCL4;CCL3
DR 37+,GO_Biological_Process_2023,Positive Regulation Of Hydrolase Activity (GO:0051345),0.00017716124727005275,0.0025483964030384512,0,0,48.85,421.98829415437723,CCL3L1;CCL4;CCL3
DR 37+,GO_Biological_Process_2023,Positive Regulation Of GTPase Activity (GO:0043547),0.00020323992472732572,0.0027147047088578505,0,0,46.476190476190474,395.0998295449447,CCL3L1;CCL4;CCL3
DR 37+,GO_Biological_Process_2023,Neutrophil Chemotaxis (GO:0030593),0.00020323992472732572,0.0027147047088578505,0,0,46.476190476190474,395.0998295449447,CCL3L1;CCL4;CCL3
DR 37+,GO_Biological_Process_2023,Granulocyte Chemotaxis (GO:0071621),0.00021717122089252923,0.002800759883234687,0,0,45.372093023255815,382.7056409041113,CCL3L1;CCL4;CCL3
DR 37+,GO_Biological_Process_2023,Neutrophil Migration (GO:1990266),0.00023171340325331565,0.002888693760558002,0,0,44.31818181818182,370.94359312426775,CCL3L1;CCL4;CCL3
DR 37+,GO_Biological_Process_2023,Positive Regulation Of Apoptotic Process (GO:0043065),0.00026267879953349233,0.003127704583764924,0,0,42.34782608695652,349.13997930387404,IFNB1;CCL3;TNF
DR 37+,GO_Biological_Process_2023,Protein Kinase B Signaling (GO:0043491),0.00026761108738095605,0.003127704583764924,0,0,141.92857142857142,1167.500993602553,CCL3;TNF
DR 37+,GO_Biological_Process_2023,Positive Regulation Of Response To External Stimulus (GO:0032103),0.0003324688796217587,0.0032879256146065325,0,0,38.88,311.38853188179195,IFNB1;CCL3;TNF
DR 37+,GO_Biological_Process_2023,Positive Regulation Of Lymphocyte Chemotaxis (GO:0140131),0.00033406730843595783,0.0032879256146065325,0,0,124.125,993.5173608232401,CCL4;CCL3
DR 37+,GO_Biological_Process_2023,Positive Regulation Of Calcium Ion Transport (GO:0051928),0.00033406730843595783,0.0032879256146065325,0,0,124.125,993.5173608232401,CCL4;CCL3
DR 37+,GO_Biological_Process_2023,Regulation Of Apoptotic Signaling Pathway (GO:2001233),0.00033406730843595783,0.0032879256146065325,0,0,124.125,993.5173608232401,IFNB1;TNF
DR 37+,GO_Biological_Process_2023,Regulation Of Calcium-Mediated Signaling (GO:0050848),0.00033406730843595783,0.0032879256146065325,0,0,124.125,993.5173608232401,CCL4;CCL3
DR 37+,GO_Biological_Process_2023,Lipopolysaccharide-Mediated Signaling Pathway (GO:0031663),0.00033406730843595783,0.0032879256146065325,0,0,124.125,993.5173608232401,CCL3;TNF
DR 37+,GO_Biological_Process_2023,Positive Regulation Of Neuron Death (GO:1901216),0.0004077592324393069,0.0039103064854436095,0,0,110.27777777777777,860.6997135289298,CCL3;TNF
DR 37+,GO_Biological_Process_2023,Regulation Of Calcium Ion Transport (GO:0051924),0.0005767325265927998,0.005260925974285539,0,0,90.13636363636364,672.2488941869974,CCL4;CCL3
DR 37+,GO_Biological_Process_2023,Regulation Of Osteoclast Differentiation (GO:0045670),0.0005767325265927998,0.005260925974285539,0,0,90.13636363636364,672.2488941869974,CCL3;TNF
DR 37+,GO_Biological_Process_2023,Positive Regulation Of Interleukin-1 Beta Production (GO:0032731),0.0007742963048434295,0.0068949242383676826,0,0,76.1923076923077,545.8078579581857,CCL3;TNF
DR 37+,GO_Biological_Process_2023,Negative Regulation Of Viral Genome Replication (GO:0045071),0.0008837265819335345,0.007511675946435043,0,0,70.71428571428571,497.2178008019773,IFNB1;TNF
DR 37+,GO_Biological_Process_2023,Negative Regulation Of Viral Process (GO:0048525),0.0008837265819335345,0.007511675946435043,0,0,70.71428571428571,497.2178008019773,IFNB1;TNF
DR 37+,GO_Biological_Process_2023,Regulation Of Viral Genome Replication (GO:0045069),0.0010002169598438866,0.007959173254927948,0,0,65.96666666666667,455.6672793381728,IFNB1;TNF
DR 37+,GO_Biological_Process_2023,Positive Regulation Of Apoptotic Signaling Pathway (GO:2001235),0.0010002169598438866,0.007959173254927948,0,0,65.96666666666667,455.6672793381728,IFNB1;TNF
DR 37+,GO_Biological_Process_2023,Response To Organic Cyclic Compound (GO:0014070),0.0010002169598438866,0.007959173254927948,0,0,65.96666666666667,455.6672793381728,CCL3;TNF
DR 37+,GO_Biological_Process_2023,Positive Regulation Of Peptidyl-Serine Phosphorylation (GO:0033138),0.00112373840315079,0.00875579505788324,0,0,61.8125,419.77451592477667,IFNB1;TNF
DR 37+,GO_Biological_Process_2023,Positive Regulation Of Interleukin-1 Production (GO:0032732),0.001254261942158758,0.009021037814757221,0,0,58.14705882352941,388.49259303517607,CCL3;TNF
DR 37+,GO_Biological_Process_2023,MAPK Cascade (GO:0000165),0.001254261942158758,0.009021037814757221,0,0,58.14705882352941,388.49259303517607,CCL3;TNF
DR 37+,GO_Biological_Process_2023,Positive Regulation Of Protein Kinase B Signaling (GO:0051897),0.001254261942158758,0.009021037814757221,0,0,58.14705882352941,388.49259303517607,CCL3;TNF
DR 37+,GO_Biological_Process_2023,Positive Regulation Of Cellular Catabolic Process (GO:0031331),0.001254261942158758,0.009021037814757221,0,0,58.14705882352941,388.49259303517607,IFNB1;TNF
DR 37+,GO_Biological_Process_2023,Cellular Response To Organic Substance (GO:0071310),0.0013917586733267488,0.009821089506117058,0,0,54.888888888888886,361.0144918763943,CCL3;TNF
DR 37+,GO_Biological_Process_2023,Regulation Of Interleukin-1 Beta Production (GO:0032651),0.0015361997588191245,0.010446158359970047,0,0,51.973684210526315,336.70858191476765,CCL3;TNF
DR 37+,GO_Biological_Process_2023,Regulation Of Neuron Apoptotic Process (GO:0043523),0.0015361997588191245,0.010446158359970047,0,0,51.973684210526315,336.70858191476765,CCL3;TNF
DR 37+,GO_Biological_Process_2023,Regulation Of Protein Kinase B Signaling (GO:0051896),0.0016875564271444305,0.011270466138428876,0,0,49.35,315.0737769700866,CCL3;TNF
DR 37+,GO_Biological_Process_2023,Positive Regulation Of Intracellular Signal Transduction (GO:1902533),0.0018715330161119118,0.012279883298699211,0,0,20.67391304347826,129.85279385170023,CCL4;CCL3;TNF
DR 37+,GO_Biological_Process_2023,Cellular Response To Organic Cyclic Compound (GO:0071407),0.002182833196728643,0.014075510613388145,0,0,42.84782608695652,262.53426982760226,CCL3;TNF
DR 37+,GO_Biological_Process_2023,Positive Regulation Of Chemokine (C-X-C Motif) Ligand 2 Production (GO:2000343),0.002999951725986083,0.018699699091979917,0,0,inf,inf,TNF
DR 37+,GO_Biological_Process_2023,Regulation Of Myosin-Light-Chain-Phosphatase Activity (GO:0035507),0.002999951725986083,0.018699699091979917,0,0,inf,inf,TNF
DR 37+,GO_Biological_Process_2023,Positive Regulation Of Inflammatory Response (GO:0050729),0.004516729941446577,0.026680541038487455,0,0,28.823529411764707,155.6461079712169,CCL3;TNF
DR 37+,GO_Biological_Process_2023,Negative Regulation Of Macromolecule Metabolic Process (GO:0010605),0.005026558811862945,0.026680541038487455,0,0,27.194444444444443,143.9407291368948,CCL3;TNF
DR 37+,GO_Biological_Process_2023,Defense Response To Virus (GO:0051607),0.005026558811862945,0.026680541038487455,0,0,27.194444444444443,143.9407291368948,IFNB1;TNF
DR 37+,GO_Biological_Process_2023,Cellular Response To Lipopolysaccharide (GO:0071222),0.005839506800490317,0.026680541038487455,0,0,25.064102564102566,128.9074099123417,CCL3;TNF
DR 37+,GO_Biological_Process_2023,Regulation Of Chemokine (C-X-C Motif) Ligand 2 Production (GO:2000341),0.005992420981906273,0.026680541038487455,0,0,398.6,2039.7397474739962,TNF
DR 37+,GO_Biological_Process_2023,Regulation Of Protein Transport (GO:0051223),0.005992420981906273,0.026680541038487455,0,0,398.6,2039.7397474739962,TNF
DR 37+,GO_Biological_Process_2023,Regulation Of Protein-Containing Complex Disassembly (GO:0043244),0.005992420981906273,0.026680541038487455,0,0,398.6,2039.7397474739962,TNF
DR 37+,GO_Biological_Process_2023,Regulation Of Endothelial Cell Development (GO:1901550),0.005992420981906273,0.026680541038487455,0,0,398.6,2039.7397474739962,TNF
DR 37+,GO_Biological_Process_2023,Cellular Response To dsRNA (GO:0071359),0.005992420981906273,0.026680541038487455,0,0,398.6,2039.7397474739962,IFNB1
DR 37+,GO_Biological_Process_2023,Cellular Response To Exogenous dsRNA (GO:0071360),0.005992420981906273,0.026680541038487455,0,0,398.6,2039.7397474739962,IFNB1
DR 37+,GO_Biological_Process_2023,Positive Regulation Of Oxidoreductase Activity (GO:0051353),0.005992420981906273,0.026680541038487455,0,0,398.6,2039.7397474739962,TNF
DR 37+,GO_Biological_Process_2023,Positive Regulation Of Peptidyl-Serine Phosphorylation Of STAT Protein (GO:0033141),0.005992420981906273,0.026680541038487455,0,0,398.6,2039.7397474739962,IFNB1
DR 37+,GO_Biological_Process_2023,Regulation Of Vitamin D Biosynthetic Process (GO:0060556),0.005992420981906273,0.026680541038487455,0,0,398.6,2039.7397474739962,TNF
DR 37+,GO_Biological_Process_2023,Negative Regulation Of Protein-Containing Complex Disassembly (GO:0043242),0.005992420981906273,0.026680541038487455,0,0,398.6,2039.7397474739962,TNF
DR 37+,GO_Biological_Process_2023,Regulation Of MHC Class I Biosynthetic Process (GO:0045343),0.005992420981906273,0.026680541038487455,0,0,398.6,2039.7397474739962,IFNB1
DR 37+,GO_Biological_Process_2023,Response To Cholesterol (GO:0070723),0.005992420981906273,0.026680541038487455,0,0,398.6,2039.7397474739962,CCL3
DR 37+,GO_Biological_Process_2023,Response To dsRNA (GO:0043331),0.005992420981906273,0.026680541038487455,0,0,398.6,2039.7397474739962,IFNB1
DR 37+,GO_Biological_Process_2023,Positive Regulation Of Protein-Containing Complex Disassembly (GO:0043243),0.005992420981906273,0.026680541038487455,0,0,398.6,2039.7397474739962,TNF
DR 37+,GO_Biological_Process_2023,Response To Exogenous dsRNA (GO:0043330),0.005992420981906273,0.026680541038487455,0,0,398.6,2039.7397474739962,IFNB1
DR 37+,GO_Biological_Process_2023,Negative Regulation Of Amyloid-Beta Clearance (GO:1900222),0.005992420981906273,0.026680541038487455,0,0,398.6,2039.7397474739962,TNF
DR 37+,GO_Biological_Process_2023,Sarcoplasmic Reticulum Calcium Ion Transport (GO:0070296),0.005992420981906273,0.026680541038487455,0,0,398.6,2039.7397474739962,CCL3
DR 37+,GO_Biological_Process_2023,Embryonic Digestive Tract Development (GO:0048566),0.005992420981906273,0.026680541038487455,0,0,398.6,2039.7397474739962,TNF
DR 37+,GO_Biological_Process_2023,Regulation Of Peptidyl-Serine Phosphorylation Of STAT Protein (GO:0033139),0.005992420981906273,0.026680541038487455,0,0,398.6,2039.7397474739962,IFNB1
DR 37+,GO_Biological_Process_2023,Positive Regulation Of Fever Generation (GO:0031622),0.005992420981906273,0.026680541038487455,0,0,398.6,2039.7397474739962,TNF
DR 37+,GO_Biological_Process_2023,Negative Regulation Of Gene Expression (GO:0010629),0.008958200203547925,0.030523185795688735,0,0,19.846938775510203,93.58200671221557,CCL3;TNF
DR 37+,GO_Biological_Process_2023,Positive Regulation Of Gliogenesis (GO:0014015),0.008977407586967275,0.030523185795688735,0,0,199.2,938.8383898526647,TNF
DR 37+,GO_Biological_Process_2023,Negative Regulation Of Fat Cell Differentiation (GO:0045599),0.008977407586967275,0.030523185795688735,0,0,199.2,938.8383898526647,TNF
DR 37+,GO_Biological_Process_2023,Regulation Of Protein Localization To Cell Surface (GO:2000008),0.008977407586967275,0.030523185795688735,0,0,199.2,938.8383898526647,TNF
DR 37+,GO_Biological_Process_2023,Negative Regulation Of Inclusion Body Assembly (GO:0090084),0.008977407586967275,0.030523185795688735,0,0,199.2,938.8383898526647,IFNB1
DR 37+,GO_Biological_Process_2023,Regulation Of Epithelial Cell Apoptotic Process (GO:1904035),0.008977407586967275,0.030523185795688735,0,0,199.2,938.8383898526647,TNF
DR 37+,GO_Biological_Process_2023,Regulation Of Synapse Organization (GO:0050807),0.008977407586967275,0.030523185795688735,0,0,199.2,938.8383898526647,TNF
DR 37+,GO_Biological_Process_2023,Negative Regulation Of Morphogenesis Of An Epithelium (GO:1905331),0.008977407586967275,0.030523185795688735,0,0,199.2,938.8383898526647,TNF
DR 37+,GO_Biological_Process_2023,Cellular Response To Interferon-Beta (GO:0035458),0.008977407586967275,0.030523185795688735,0,0,199.2,938.8383898526647,IFNB1
DR 37+,GO_Biological_Process_2023,Negative Regulation Of Phosphoprotein Phosphatase Activity (GO:0032515),0.008977407586967275,0.030523185795688735,0,0,199.2,938.8383898526647,TNF
DR 37+,GO_Biological_Process_2023,Positive Regulation Of I-kappaB Phosphorylation (GO:1903721),0.008977407586967275,0.030523185795688735,0,0,199.2,938.8383898526647,TNF
DR 37+,GO_Biological_Process_2023,Positive Regulation Of JUN Kinase Activity (GO:0043507),0.008977407586967275,0.030523185795688735,0,0,199.2,938.8383898526647,TNF
DR 37+,GO_Biological_Process_2023,Regulation Of I-kappaB Phosphorylation (GO:1903719),0.008977407586967275,0.030523185795688735,0,0,199.2,938.8383898526647,TNF
DR 37+,GO_Biological_Process_2023,Positive Regulation Of Protein Localization To Cell Surface (GO:2000010),0.008977407586967275,0.030523185795688735,0,0,199.2,938.8383898526647,TNF
DR 37+,GO_Biological_Process_2023,Negative Regulation By Host Of Viral Transcription (GO:0043922),0.008977407586967275,0.030523185795688735,0,0,199.2,938.8383898526647,CCL4
DR 37+,GO_Biological_Process_2023,Cortical Actin Cytoskeleton Organization (GO:0030866),0.008977407586967275,0.030523185795688735,0,0,199.2,938.8383898526647,TNF
DR 37+,GO_Biological_Process_2023,Cortical Cytoskeleton Organization (GO:0030865),0.008977407586967275,0.030523185795688735,0,0,199.2,938.8383898526647,TNF
DR 37+,GO_Biological_Process_2023,Inflammatory Response To Wounding (GO:0090594),0.008977407586967275,0.030523185795688735,0,0,199.2,938.8383898526647,TNF
DR 37+,GO_Biological_Process_2023,Positive Regulation Of calcineurin-NFAT Signaling Cascade (GO:0070886),0.008977407586967275,0.030523185795688735,0,0,199.2,938.8383898526647,TNF
DR 37+,GO_Biological_Process_2023,Positive Regulation Of Calcineurin-Mediated Signaling (GO:0106058),0.008977407586967275,0.030523185795688735,0,0,199.2,938.8383898526647,TNF
DR 37+,GO_Biological_Process_2023,Positive Regulation Of Steroid Biosynthetic Process (GO:0010893),0.008977407586967275,0.030523185795688735,0,0,199.2,938.8383898526647,TNF
DR 37+,GO_Biological_Process_2023,Response To Sterol (GO:0036314),0.008977407586967275,0.030523185795688735,0,0,199.2,938.8383898526647,CCL3
DR 37+,GO_Biological_Process_2023,Regulation Of Bicellular Tight Junction Assembly (GO:2000810),0.008977407586967275,0.030523185795688735,0,0,199.2,938.8383898526647,TNF
DR 37+,GO_Biological_Process_2023,Negative Regulation Of Bone Mineralization (GO:0030502),0.008977407586967275,0.030523185795688735,0,0,199.2,938.8383898526647,CCL3
DR 37+,GO_Biological_Process_2023,Regulation Of Calcidiol 1-Monooxygenase Activity (GO:0060558),0.008977407586967275,0.030523185795688735,0,0,199.2,938.8383898526647,TNF
DR 37+,GO_Biological_Process_2023,Positive Regulation Of Establishment Of Protein Localization (GO:1904951),0.008977407586967275,0.030523185795688735,0,0,199.2,938.8383898526647,TNF
DR 37+,GO_Biological_Process_2023,Extrinsic Apoptotic Signaling Pathway Via Death Domain Receptors (GO:0008625),0.011954923933398426,0.03361760564730084,0,0,132.73333333333332,587.5589715536112,TNF
DR 37+,GO_Biological_Process_2023,Negative Regulation Of Lipid Catabolic Process (GO:0050995),0.011954923933398426,0.03361760564730084,0,0,132.73333333333332,587.5589715536112,TNF
DR 37+,GO_Biological_Process_2023,Negative Regulation Of Lipid Localization (GO:1905953),0.011954923933398426,0.03361760564730084,0,0,132.73333333333332,587.5589715536112,TNF
DR 37+,GO_Biological_Process_2023,Negative Regulation Of Lymphocyte Differentiation (GO:0045620),0.011954923933398426,0.03361760564730084,0,0,132.73333333333332,587.5589715536112,IFNB1
DR 37+,GO_Biological_Process_2023,"Regulation Of Synaptic Transmission, Glutamatergic (GO:0051966)",0.011954923933398426,0.03361760564730084,0,0,132.73333333333332,587.5589715536112,TNF
DR 37+,GO_Biological_Process_2023,Regulation Of Glial Cell Proliferation (GO:0060251),0.011954923933398426,0.03361760564730084,0,0,132.73333333333332,587.5589715536112,TNF
DR 37+,GO_Biological_Process_2023,Negative Regulation Of Nervous System Development (GO:0051961),0.011954923933398426,0.03361760564730084,0,0,132.73333333333332,587.5589715536112,TNF
DR 37+,GO_Biological_Process_2023,Type I Interferon-Mediated Signaling Pathway (GO:0060337),0.011954923933398426,0.03361760564730084,0,0,132.73333333333332,587.5589715536112,IFNB1
DR 37+,GO_Biological_Process_2023,Positive Regulation Of Nitric-Oxide Synthase Activity (GO:0051000),0.011954923933398426,0.03361760564730084,0,0,132.73333333333332,587.5589715536112,TNF
DR 37+,GO_Biological_Process_2023,Granulocyte Migration (GO:0097530),0.011954923933398426,0.03361760564730084,0,0,132.73333333333332,587.5589715536112,CCL3
DR 37+,GO_Biological_Process_2023,Positive Regulation Of Podosome Assembly (GO:0071803),0.011954923933398426,0.03361760564730084,0,0,132.73333333333332,587.5589715536112,TNF
DR 37+,GO_Biological_Process_2023,Regulation Of Leukocyte Adhesion To Vascular Endothelial Cell (GO:1904994),0.011954923933398426,0.03361760564730084,0,0,132.73333333333332,587.5589715536112,TNF
DR 37+,GO_Biological_Process_2023,Regulation Of Lipid Storage (GO:0010883),0.011954923933398426,0.03361760564730084,0,0,132.73333333333332,587.5589715536112,TNF
DR 37+,GO_Biological_Process_2023,Regulation Of JUN Kinase Activity (GO:0043506),0.011954923933398426,0.03361760564730084,0,0,132.73333333333332,587.5589715536112,TNF
DR 37+,GO_Biological_Process_2023,Natural Killer Cell Activation Involved In Immune Response (GO:0002323),0.011954923933398426,0.03361760564730084,0,0,132.73333333333332,587.5589715536112,IFNB1
DR 37+,GO_Biological_Process_2023,Negative Regulation Of Signaling Receptor Activity (GO:2000272),0.011954923933398426,0.03361760564730084,0,0,132.73333333333332,587.5589715536112,TNF
DR 37+,GO_Biological_Process_2023,Positive Regulation Of Amyloid-Beta Formation (GO:1902004),0.011954923933398426,0.03361760564730084,0,0,132.73333333333332,587.5589715536112,TNF
DR 37+,GO_Biological_Process_2023,Cognition (GO:0050890),0.011954923933398426,0.03361760564730084,0,0,132.73333333333332,587.5589715536112,TNF
DR 37+,GO_Biological_Process_2023,Response To Corticosteroid (GO:0031960),0.011954923933398426,0.03361760564730084,0,0,132.73333333333332,587.5589715536112,TNF
DR 37+,GO_Biological_Process_2023,Negative Regulation Of Type 2 Immune Response (GO:0002829),0.011954923933398426,0.03361760564730084,0,0,132.73333333333332,587.5589715536112,IFNB1
DR 37+,GO_Biological_Process_2023,Negative Regulation Of T Cell Cytokine Production (GO:0002725),0.011954923933398426,0.03361760564730084,0,0,132.73333333333332,587.5589715536112,IFNB1
DR 37+,GO_Biological_Process_2023,Regulation Of Behavior (GO:0050795),0.011954923933398426,0.03361760564730084,0,0,132.73333333333332,587.5589715536112,CCL3
DR 37+,GO_Biological_Process_2023,Regulation Of Nitrogen Compound Metabolic Process (GO:0051171),0.011954923933398426,0.03361760564730084,0,0,132.73333333333332,587.5589715536112,TNF
DR 37+,GO_Biological_Process_2023,Regulation Of Sensory Perception (GO:0051931),0.014924983872534065,0.0372129597888516,0,0,99.5,418.36951067699306,CCL3
DR 37+,GO_Biological_Process_2023,Regulation Of Sensory Perception Of Pain (GO:0051930),0.014924983872534065,0.0372129597888516,0,0,99.5,418.36951067699306,CCL3
DR 37+,GO_Biological_Process_2023,Regulation Of Establishment Of Endothelial Barrier (GO:1903140),0.014924983872534065,0.0372129597888516,0,0,99.5,418.36951067699306,TNF
DR 37+,GO_Biological_Process_2023,Positive Regulation Of Membrane Protein Ectodomain Proteolysis (GO:0051044),0.014924983872534065,0.0372129597888516,0,0,99.5,418.36951067699306,TNF
DR 37+,GO_Biological_Process_2023,Negative Regulation Of Production Of Molecular Mediator Of Immune Response (GO:0002701),0.014924983872534065,0.0372129597888516,0,0,99.5,418.36951067699306,TNF
DR 37+,GO_Biological_Process_2023,Cellular Response To Type I Interferon (GO:0071357),0.014924983872534065,0.0372129597888516,0,0,99.5,418.36951067699306,IFNB1
DR 37+,GO_Biological_Process_2023,Regulation Of Vascular Wound Healing (GO:0061043),0.014924983872534065,0.0372129597888516,0,0,99.5,418.36951067699306,TNF
DR 37+,GO_Biological_Process_2023,Positive Regulation Of Amyloid Precursor Protein Catabolic Process (GO:1902993),0.014924983872534065,0.0372129597888516,0,0,99.5,418.36951067699306,TNF
DR 37+,GO_Biological_Process_2023,Regulation Of Macromolecule Biosynthetic Process (GO:0010556),0.014924983872534065,0.0372129597888516,0,0,99.5,418.36951067699306,IFNB1
DR 37+,GO_Biological_Process_2023,Response To Glucocorticoid (GO:0051384),0.014924983872534065,0.0372129597888516,0,0,99.5,418.36951067699306,TNF
DR 37+,GO_Biological_Process_2023,Positive Regulation Of Calcium Ion Import (GO:0090280),0.014924983872534065,0.0372129597888516,0,0,99.5,418.36951067699306,CCL3
DR 37+,GO_Biological_Process_2023,Response To Interferon-Beta (GO:0035456),0.014924983872534065,0.0372129597888516,0,0,99.5,418.36951067699306,IFNB1
DR 37+,GO_Biological_Process_2023,Positive Regulation Of Calcium-Mediated Signaling (GO:0050850),0.014924983872534065,0.0372129597888516,0,0,99.5,418.36951067699306,CCL4
DR 37+,GO_Biological_Process_2023,Negative Regulation Of Biomineral Tissue Development (GO:0070168),0.014924983872534065,0.0372129597888516,0,0,99.5,418.36951067699306,CCL3
DR 37+,GO_Biological_Process_2023,Negative Regulation Of Cell Junction Assembly (GO:1901889),0.014924983872534065,0.0372129597888516,0,0,99.5,418.36951067699306,TNF
DR 37+,GO_Biological_Process_2023,Regulation Of Podosome Assembly (GO:0071801),0.014924983872534065,0.0372129597888516,0,0,99.5,418.36951067699306,TNF
DR 37+,GO_Biological_Process_2023,Lymphocyte Activation Involved In Immune Response (GO:0002285),0.014924983872534065,0.0372129597888516,0,0,99.5,418.36951067699306,IFNB1
DR 37+,GO_Biological_Process_2023,Regulation Of Inflammatory Response (GO:0050727),0.01653773476487185,0.03867030664869398,0,0,14.161764705882353,58.0931244594581,CCL3;TNF
DR 37+,GO_Biological_Process_2023,B Cell Activation Involved In Immune Response (GO:0002312),0.017887601738567002,0.03867030664869398,0,0,79.56,320.12139083757813,IFNB1
DR 37+,GO_Biological_Process_2023,Positive Regulation Of Innate Immune Response (GO:0045089),0.017887601738567002,0.03867030664869398,0,0,79.56,320.12139083757813,IFNB1
DR 37+,GO_Biological_Process_2023,Negative Regulation Of Lipid Metabolic Process (GO:0045833),0.017887601738567002,0.03867030664869398,0,0,79.56,320.12139083757813,TNF
DR 37+,GO_Biological_Process_2023,Negative Regulation Of Lipid Storage (GO:0010888),0.017887601738567002,0.03867030664869398,0,0,79.56,320.12139083757813,TNF
DR 37+,GO_Biological_Process_2023,Positive Regulation Of Monooxygenase Activity (GO:0032770),0.017887601738567002,0.03867030664869398,0,0,79.56,320.12139083757813,TNF
DR 37+,GO_Biological_Process_2023,Negative Regulation Of Neurogenesis (GO:0050768),0.017887601738567002,0.03867030664869398,0,0,79.56,320.12139083757813,TNF
DR 37+,GO_Biological_Process_2023,Negative Regulation Of Ossification (GO:0030279),0.017887601738567002,0.03867030664869398,0,0,79.56,320.12139083757813,CCL3
DR 37+,GO_Biological_Process_2023,Negative Regulation Of Osteoclast Differentiation (GO:0045671),0.017887601738567002,0.03867030664869398,0,0,79.56,320.12139083757813,CCL3
DR 37+,GO_Biological_Process_2023,Positive Regulation Of Organelle Assembly (GO:1902117),0.017887601738567002,0.03867030664869398,0,0,79.56,320.12139083757813,TNF
DR 37+,GO_Biological_Process_2023,Receptor Signaling Pathway Via STAT (GO:0097696),0.017887601738567002,0.03867030664869398,0,0,79.56,320.12139083757813,IFNB1
DR 37+,GO_Biological_Process_2023,Regulation Of Lipid Catabolic Process (GO:0050994),0.017887601738567002,0.03867030664869398,0,0,79.56,320.12139083757813,TNF
DR 37+,GO_Biological_Process_2023,Positive Regulation Of Acute Inflammatory Response (GO:0002675),0.017887601738567002,0.03867030664869398,0,0,79.56,320.12139083757813,TNF
DR 37+,GO_Biological_Process_2023,Response To Alcohol (GO:0097305),0.017887601738567002,0.03867030664869398,0,0,79.56,320.12139083757813,CCL3
DR 37+,GO_Biological_Process_2023,Regulation Of T-helper 2 Cell Cytokine Production (GO:2000551),0.017887601738567002,0.03867030664869398,0,0,79.56,320.12139083757813,IFNB1
DR 37+,GO_Biological_Process_2023,Negative Regulation Of T Cell Differentiation (GO:0045581),0.017887601738567002,0.03867030664869398,0,0,79.56,320.12139083757813,IFNB1
DR 37+,GO_Biological_Process_2023,Positive Regulation Of Cell Communication (GO:0010647),0.017887601738567002,0.03867030664869398,0,0,79.56,320.12139083757813,TNF
DR 37+,GO_Biological_Process_2023,Regulation Of Amyloid-Beta Clearance (GO:1900221),0.017887601738567002,0.03867030664869398,0,0,79.56,320.12139083757813,TNF
DR 37+,GO_Biological_Process_2023,Positive Regulation Of Synaptic Transmission (GO:0050806),0.017887601738567002,0.03867030664869398,0,0,79.56,320.12139083757813,TNF
DR 37+,GO_Biological_Process_2023,Positive Regulation Of Cytokine Production Involved In Inflammatory Response (GO:1900017),0.017887601738567002,0.03867030664869398,0,0,79.56,320.12139083757813,TNF
DR 37+,GO_Biological_Process_2023,Regulation Of calcineurin-NFAT Signaling Cascade (GO:0070884),0.017887601738567002,0.03867030664869398,0,0,79.56,320.12139083757813,TNF
DR 37+,GO_Biological_Process_2023,Negative Regulation Of Cell Development (GO:0010721),0.017887601738567002,0.03867030664869398,0,0,79.56,320.12139083757813,TNF
DR 37+,GO_Biological_Process_2023,Negative Regulation Of Cytokine Production Involved In Immune Response (GO:0002719),0.017887601738567002,0.03867030664869398,0,0,79.56,320.12139083757813,TNF
DR 37+,GO_Biological_Process_2023,Positive Regulation Of Macromolecule Metabolic Process (GO:0010604),0.01935856480629932,0.04102739071627747,0,0,12.972972972972974,51.17345295292071,CCL3;TNF
DR 37+,GO_Biological_Process_2023,Regulation Of Protein Catabolic Process (GO:0042176),0.020842792075114226,0.04102739071627747,0,0,66.26666666666667,256.501507451473,TNF
DR 37+,GO_Biological_Process_2023,Positive Regulation Of Heterotypic Cell-Cell Adhesion (GO:0034116),0.020842792075114226,0.04102739071627747,0,0,66.26666666666667,256.501507451473,TNF
DR 37+,GO_Biological_Process_2023,Macrophage Chemotaxis (GO:0048246),0.020842792075114226,0.04102739071627747,0,0,66.26666666666667,256.501507451473,CCL3
DR 37+,GO_Biological_Process_2023,Positive Regulation Of Leukocyte Adhesion To Vascular Endothelial Cell (GO:1904996),0.020842792075114226,0.04102739071627747,0,0,66.26666666666667,256.501507451473,TNF
DR 37+,GO_Biological_Process_2023,T Cell Activation Involved In Immune Response (GO:0002286),0.020842792075114226,0.04102739071627747,0,0,66.26666666666667,256.501507451473,IFNB1
DR 37+,GO_Biological_Process_2023,T Cell Chemotaxis (GO:0010818),0.020842792075114226,0.04102739071627747,0,0,66.26666666666667,256.501507451473,CCL3
DR 37+,GO_Biological_Process_2023,Receptor Signaling Pathway Via JAK-STAT (GO:0007259),0.020842792075114226,0.04102739071627747,0,0,66.26666666666667,256.501507451473,IFNB1
DR 37+,GO_Biological_Process_2023,Positive Regulation Of Protein Transport (GO:0051222),0.020842792075114226,0.04102739071627747,0,0,66.26666666666667,256.501507451473,TNF
DR 37+,GO_Biological_Process_2023,Positive Regulation Of Signaling (GO:0023056),0.020842792075114226,0.04102739071627747,0,0,66.26666666666667,256.501507451473,TNF
DR 37+,GO_Biological_Process_2023,Interferon-Mediated Signaling Pathway (GO:0140888),0.020842792075114226,0.04102739071627747,0,0,66.26666666666667,256.501507451473,IFNB1
DR 37+,GO_Biological_Process_2023,Regulation Of Amyloid-Beta Formation (GO:1902003),0.020842792075114226,0.04102739071627747,0,0,66.26666666666667,256.501507451473,TNF
DR 37+,GO_Biological_Process_2023,Antiviral Innate Immune Response (GO:0140374),0.020842792075114226,0.04102739071627747,0,0,66.26666666666667,256.501507451473,TNF
DR 37+,GO_Biological_Process_2023,Digestive Tract Development (GO:0048565),0.020842792075114226,0.04102739071627747,0,0,66.26666666666667,256.501507451473,TNF
DR 37+,GO_Biological_Process_2023,Astrocyte Development (GO:0014002),0.020842792075114226,0.04102739071627747,0,0,66.26666666666667,256.501507451473,TNF
DR 37+,GO_Biological_Process_2023,Negative Regulation Of Catabolic Process (GO:0009895),0.020842792075114226,0.04102739071627747,0,0,66.26666666666667,256.501507451473,TNF
DR 37+,GO_Biological_Process_2023,Regulation Of Nitric-Oxide Synthase Activity (GO:0050999),0.020842792075114226,0.04102739071627747,0,0,66.26666666666667,256.501507451473,TNF
DR 37+,GO_Biological_Process_2023,Macrophage Migration (GO:1905517),0.023790569534768182,0.045165852822351776,0,0,56.77142857142857,212.23805632949055,CCL3
DR 37+,GO_Biological_Process_2023,Regulation Of Cytokine Production Involved In Immune Response (GO:0002718),0.023790569534768182,0.045165852822351776,0,0,56.77142857142857,212.23805632949055,TNF
DR 37+,GO_Biological_Process_2023,Negative Regulation Of Myeloid Leukocyte Differentiation (GO:0002762),0.023790569534768182,0.045165852822351776,0,0,56.77142857142857,212.23805632949055,CCL3
DR 37+,GO_Biological_Process_2023,Tumor Necrosis Factor-Mediated Signaling Pathway (GO:0033209),0.023790569534768182,0.045165852822351776,0,0,56.77142857142857,212.23805632949055,TNF
DR 37+,GO_Biological_Process_2023,Positive Regulation Of Osteoclast Differentiation (GO:0045672),0.023790569534768182,0.045165852822351776,0,0,56.77142857142857,212.23805632949055,TNF
DR 37+,GO_Biological_Process_2023,Astrocyte Activation (GO:0048143),0.023790569534768182,0.045165852822351776,0,0,56.77142857142857,212.23805632949055,TNF
DR 37+,GO_Biological_Process_2023,Regulation Of Bone Mineralization (GO:0030500),0.023790569534768182,0.045165852822351776,0,0,56.77142857142857,212.23805632949055,CCL3
DR 37+,GO_Biological_Process_2023,Negative Regulation Of Extrinsic Apoptotic Signaling Pathway In Absence Of Ligand (GO:2001240),0.026730948808555827,0.04760654692571371,0,0,49.65,179.82898603346862,TNF
DR 37+,GO_Biological_Process_2023,Positive Regulation Of Macrophage Migration (GO:1905523),0.026730948808555827,0.04760654692571371,0,0,49.65,179.82898603346862,CCL3
DR 37+,GO_Biological_Process_2023,Regulation Of Heterotypic Cell-Cell Adhesion (GO:0034114),0.026730948808555827,0.04760654692571371,0,0,49.65,179.82898603346862,TNF
DR 37+,GO_Biological_Process_2023,Positive Regulation Of Neuroinflammatory Response (GO:0150078),0.026730948808555827,0.04760654692571371,0,0,49.65,179.82898603346862,TNF
DR 37+,GO_Biological_Process_2023,Regulation Of Insulin Secretion (GO:0050796),0.026730948808555827,0.04760654692571371,0,0,49.65,179.82898603346862,TNF
DR 37+,GO_Biological_Process_2023,Modulation Of Chemical Synaptic Transmission (GO:0050804),0.026730948808555827,0.04760654692571371,0,0,49.65,179.82898603346862,TNF
DR 37+,GO_Biological_Process_2023,Negative Regulation Of Signal Transduction In Absence Of Ligand (GO:1901099),0.026730948808555827,0.04760654692571371,0,0,49.65,179.82898603346862,TNF
DR 37+,GO_Biological_Process_2023,Negative Regulation Of Wound Healing (GO:0061045),0.026730948808555827,0.04760654692571371,0,0,49.65,179.82898603346862,TNF
DR 37+,GO_Biological_Process_2023,Negative Regulation Of Blood Vessel Endothelial Cell Migration (GO:0043537),0.026730948808555827,0.04760654692571371,0,0,49.65,179.82898603346862,TNF
DR 37+,GO_Biological_Process_2023,Regulation Of Neurogenesis (GO:0050767),0.026730948808555827,0.04760654692571371,0,0,49.65,179.82898603346862,TNF
DR 37+,GO_Biological_Process_2023,Regulation Of Calcium Ion Import (GO:0090279),0.026730948808555827,0.04760654692571371,0,0,49.65,179.82898603346862,CCL3
DR 37+,GO_Biological_Process_2023,Regulation Of Peptide Hormone Secretion (GO:0090276),0.026730948808555827,0.04760654692571371,0,0,49.65,179.82898603346862,TNF
DR 37+,GO_Biological_Process_2023,Positive Regulation Of Extrinsic Apoptotic Signaling Pathway (GO:2001238),0.026730948808555827,0.04760654692571371,0,0,49.65,179.82898603346862,TNF
DR 38-,GO_Biological_Process_2023,T Cell Receptor Signaling Pathway (GO:0050852),1.6057105347903843e-06,0.0014066024284763766,0,0,9.484848484848484,126.54631921646849,ZAP70;PTPRC;LCK;TRBC2;TRBC1;CD28;CD3G;CD3E;CD3D;SKAP1
DR 38-,GO_Biological_Process_2023,Antigen Receptor-Mediated Signaling Pathway (GO:0050851),4.08450929236439e-06,0.0017890150700556027,0,0,5.8911714355588165,73.09947531543294,PRKCB;CD3G;CD3E;LIME1;CD3D;ZAP70;PTPRC;LCK;TRBC2;TRBC1;CD28;CD38;SKAP1
DR 38-,GO_Biological_Process_2023,Alpha-Beta T Cell Activation (GO:0046631),1.4072596228396998e-05,0.0036712395293128017,0,0,33.280701754385966,371.78807721874773,TRBC2;TRBC1;CD3G;CD3E;CD3D
DR 38-,GO_Biological_Process_2023,T Cell Activation (GO:0042110),1.6763650818779916e-05,0.0036712395293128017,0,0,6.056179775280899,66.59555547540502,ZAP70;CD74;PTPRC;LCK;TRBC2;TRBC1;CD28;CD3G;CD3E;CD3D;RASGRP1
DR 38-,GO_Biological_Process_2023,Microtubule Cytoskeleton Organization Involved In Mitosis (GO:1902850),2.836112005424511e-05,0.004439857382535918,0,0,79.125,828.4776290914322,CCNB1;STMN1;CDK1;BIRC5
DR 38-,GO_Biological_Process_2023,Response To Zinc Ion (GO:0010043),3.0409982072163825e-05,0.004439857382535918,0,0,24.94736842105263,259.4710837955379,MT2A;MT1F;MT1X;CRIP1;MT1E
DR 38-,GO_Biological_Process_2023,DNA Metabolic Process (GO:0006259),5.841428530078328e-05,0.007310130560498022,0,0,19.94736842105263,194.44595172999095,TOP2A;ISG20;HMGB2;CDK1;TYMS
DR 38-,GO_Biological_Process_2023,Regulation Of Mitotic Metaphase/Anaphase Transition (GO:0030071),0.00012145241724754159,0.011821368612094048,0,0,inf,inf,CDC20;CCNB1;UBE2C
DR 38-,GO_Biological_Process_2023,Positive Regulation Of Mitotic Sister Chromatid Separation (GO:1901970),0.00012145241724754159,0.011821368612094048,0,0,inf,inf,CDC20;UBE2C;BIRC5
DR 38-,GO_Biological_Process_2023,Cellular Response To Zinc Ion (GO:0071294),0.0003530788440695878,0.03092970674049589,0,0,19.75,156.9891786404046,MT2A;MT1F;MT1X;MT1E
DR 38-,GO_Biological_Process_2023,Mitotic Spindle Organization (GO:0007052),0.00046811653426905627,0.03727909854724484,0,0,58.7319587628866,450.2857872458315,CCNB1;STMN1;BIRC5
DR 39+,GO_Biological_Process_2023,Cellular Response To Low-Density Lipoprotein Particle Stimulus (GO:0071404),1.1044200031106812e-08,1.1265084031728949e-05,0,0,177.96923076923076,3260.63842252335,FCER1G;ITGB2;CD9;TREM2;CD36;CD68
DR 39+,GO_Biological_Process_2023,Long-Chain Fatty Acid Transport (GO:0015909),4.9062950427320106e-08,2.5022104717933254e-05,0,0,inf,inf,FABP3;FABP4;FABP5;APOE;CD36
DR 39+,GO_Biological_Process_2023,Protein Catabolic Process (GO:0030163),2.710737973197761e-07,9.216509108872387e-05,0,0,26.263671875,397.129692589807,CTSL;CTSZ;APOE;CTSD;CTSS;CTSB;LGMN
DR 39+,GO_Biological_Process_2023,Receptor-Mediated Endocytosis (GO:0006898),4.22838271953825e-07,0.00010782375934822537,0,0,13.188940092165899,193.56452582131996,MSR1;FCER1G;CTSL;ITGB2;CD9;CD36;APOE;LILRB4;CXCL16
DR 39+,GO_Biological_Process_2023,Lipid Transport (GO:0006869),7.738741619993454e-07,0.00015787032904786646,0,0,20.9890625,295.3550767862812,FABP3;FABP4;FABP5;GM2A;NPC2;CD36;APOE
DR 39+,GO_Biological_Process_2023,Microglial Cell Activation (GO:0001774),2.284481155755491e-06,0.0003883617964784335,0,0,25.345054945054944,329.2163375301703,C1QA;GRN;TYROBP;C5AR1;ITGB2;TREM2
DR 39+,GO_Biological_Process_2023,Cholesterol Transport (GO:0030301),1.0752935837502977e-05,0.0013643110788082668,0,0,29.151515151515152,333.5030040427691,MSR1;NPC2;APOC1;CD36;APOE
DR 39+,GO_Biological_Process_2023,Fatty Acid Transport (GO:0015908),1.0752935837502977e-05,0.0013643110788082668,0,0,29.151515151515152,333.5030040427691,FABP3;FABP4;FABP5;APOE;CD36
DR 39+,GO_Biological_Process_2023,Antigen Processing And Presentation Of Exogenous Peptide Antigen (GO:0002478),1.4713158693030326e-05,0.0013643110788082668,0,0,16.095104895104896,179.08650317990785,FCER1G;CTSL;IFI30;CTSD;CTSS;LGMN
DR 39+,GO_Biological_Process_2023,Antigen Processing And Presentation Of Exogenous Peptide Antigen Via MHC Class II (GO:0019886),1.4713158693030326e-05,0.0013643110788082668,0,0,16.095104895104896,179.08650317990785,FCER1G;CTSL;IFI30;CTSD;CTSS;LGMN
DR 39+,GO_Biological_Process_2023,Antigen Processing And Presentation Of Peptide Antigen Via MHC Class II (GO:0002495),1.4713158693030326e-05,0.0013643110788082668,0,0,16.095104895104896,179.08650317990785,FCER1G;CTSL;IFI30;CTSD;CTSS;LGMN
DR 39+,GO_Biological_Process_2023,Cellular Response To Oxidised Low-Density Lipoprotein Particle Stimulus (GO:0140052),4.292855445463751e-05,0.0036489271286441883,0,0,inf,inf,TREM2;CD36;CD68
DR 39+,GO_Biological_Process_2023,Phagocytosis (GO:0006909),7.701280472361293e-05,0.006042543139852707,0,0,11.036538461538461,104.53300286122361,MSR1;TYROBP;SLC11A1;ITGB2;TREM2;CD36
DR 39+,GO_Biological_Process_2023,Astrocyte Activation (GO:0048143),9.177902207369292e-05,0.006686757322511913,0,0,28.73134328358209,267.09021041825235,C1QA;GRN;C5AR1;TREM2
DR 39+,GO_Biological_Process_2023,Proteolysis Involved In Protein Catabolic Process (GO:0051603),0.00011147021301432726,0.007579974484974254,0,0,14.537878787878787,132.32018406073314,CTSL;CTSZ;CTSS;CTSB;LGMN
DR 39+,GO_Biological_Process_2023,Proteolysis (GO:0006508),0.00012298568549379713,0.007840337450229566,0,0,5.688508064516129,51.216155767194216,MMP7;CTSL;CTSZ;MMP19;MMP9;CTSD;CTSS;CTSB;LGMN
DR 39+,GO_Biological_Process_2023,Macrophage Activation (GO:0042116),0.0001576873008111781,0.008127499767164374,0,0,13.209366391184574,115.64663683699925,C1QA;SLC11A1;C5AR1;ITGB2;TREM2
DR 39+,GO_Biological_Process_2023,Regulation Of Peptidase Activity (GO:0052547),0.0001607799751848215,0.008127499767164374,0,0,22.97313432835821,200.68121168318697,CSTB;CTSL;CTSS;CTSB
DR 39+,GO_Biological_Process_2023,Steroid Metabolic Process (GO:0008202),0.00016733087755926653,0.008127499767164374,0,0,85.05882352941177,739.6321814542397,CYP27A1;DHRS9;LGMN
DR 39+,GO_Biological_Process_2023,Sterol Transport (GO:0015918),0.00016733087755926653,0.008127499767164374,0,0,85.05882352941177,739.6321814542397,MSR1;NPC2;CD36
DR 39+,GO_Biological_Process_2023,Positive Regulation Of Myeloid Leukocyte Mediated Immunity (GO:0002888),0.00016733087755926653,0.008127499767164374,0,0,85.05882352941177,739.6321814542397,SPI1;TYROBP;ITGB2
DR 39+,GO_Biological_Process_2023,Receptor Internalization (GO:0031623),0.00021726027510685515,0.01007297639131783,0,0,12.102272727272727,102.07558455816842,FCER1G;ITGB2;CD9;CD36;LILRB4
DR 39+,GO_Biological_Process_2023,Negative Regulation Of Cytokine Production (GO:0001818),0.00023772092422524654,0.010542406204771803,0,0,5.847464188927604,48.79365712837752,TYROBP;RGCC;GPNMB;SLC11A1;LAPTM5;TREM2;VSIG4;LILRB4
DR 39+,GO_Biological_Process_2023,Positive Regulation Of Neuron Death (GO:1901216),0.0003988725804517328,0.01386047345590187,0,0,16.39232409381663,128.3005657361546,C1QA;GRN;TYROBP;ITGB2
DR 39+,GO_Biological_Process_2023,Endocytosis (GO:0006897),0.00040239250623298896,0.01386047345590187,0,0,7.649498327759197,59.80440948455927,MSR1;SLC11A1;ITGB2;CD36;APOE;CXCL16
DR 39+,GO_Biological_Process_2023,Cellular Response To Thyroid Hormone Stimulus (GO:0097067),0.00040766098399711384,0.01386047345590187,0,0,42.50735294117647,331.7730629028395,CTSL;CTSS;CTSB
DR 39+,GO_Biological_Process_2023,Cholesterol Efflux (GO:0033344),0.00040766098399711384,0.01386047345590187,0,0,42.50735294117647,331.7730629028395,NPC2;APOC1;APOE
DR 39+,GO_Biological_Process_2023,Response To Thyroid Hormone (GO:0097066),0.00040766098399711384,0.01386047345590187,0,0,42.50735294117647,331.7730629028395,CTSL;CTSS;CTSB
DR 39+,GO_Biological_Process_2023,Synapse Pruning (GO:0098883),0.00040766098399711384,0.01386047345590187,0,0,42.50735294117647,331.7730629028395,C1QB;TREM2;C1QC
DR 39+,GO_Biological_Process_2023,Macrophage Activation Involved In Immune Response (GO:0002281),0.00040766098399711384,0.01386047345590187,0,0,42.50735294117647,331.7730629028395,GRN;TYROBP;TREM2
DR 39+,GO_Biological_Process_2023,Negative Regulation Of Lymphocyte Proliferation (GO:0050672),0.0005007887992215793,0.016477566942129384,0,0,9.666666666666666,73.46015234060106,TYROBP;GPNMB;MNDA;VSIG4;LILRB4
DR 39+,GO_Biological_Process_2023,Synapse Organization (GO:0050808),0.0005823292892925224,0.01856174609619915,0,0,14.335820895522389,106.77999610547091,C1QB;C1QA;C5AR1;C1QC
DR 39+,GO_Biological_Process_2023,Cellular Component Disassembly (GO:0022411),0.0008046555969617214,0.024139667908851643,0,0,8.520499108734402,60.70937583838087,MMP7;MMP19;CAPG;MMP9;CTSS
DR 39+,GO_Biological_Process_2023,Extracellular Matrix Disassembly (GO:0022617),0.0008046555969617214,0.024139667908851643,0,0,8.520499108734402,60.70937583838087,MMP7;MMP19;CAPG;MMP9;CTSS
DR 39+,GO_Biological_Process_2023,Alcohol Catabolic Process (GO:0046164),0.0012430950299614184,0.028176820679125483,0,0,inf,inf,CYP27A1;APOE
DR 39+,GO_Biological_Process_2023,Antigen Processing And Presentation Of Exogenous Peptide Antigen Via MHC Class I (GO:0042590),0.0012430950299614184,0.028176820679125483,0,0,inf,inf,FCER1G;IFI30
DR 39+,GO_Biological_Process_2023,Antigen Processing And Presentation Of Peptide Antigen Via MHC Class I (GO:0002474),0.0012430950299614184,0.028176820679125483,0,0,inf,inf,FCER1G;IFI30
DR 39+,GO_Biological_Process_2023,Cholesterol Catabolic Process (GO:0006707),0.0012430950299614184,0.028176820679125483,0,0,inf,inf,CYP27A1;APOE
DR 39+,GO_Biological_Process_2023,Sensory Perception Of Chemical Stimulus (GO:0007606),0.0012430950299614184,0.028176820679125483,0,0,inf,inf,C5AR1;CD36
DR 39+,GO_Biological_Process_2023,Sterol Catabolic Process (GO:0016127),0.0012430950299614184,0.028176820679125483,0,0,inf,inf,CYP27A1;APOE
DR 39+,GO_Biological_Process_2023,Vacuolar Acidification (GO:0007035),0.0012430950299614184,0.028176820679125483,0,0,inf,inf,GRN;SLC11A1
DR 39+,GO_Biological_Process_2023,Positive Regulation Of Receptor Catabolic Process (GO:2000646),0.0012430950299614184,0.028176820679125483,0,0,inf,inf,LAPTM5;APOE
DR 39+,GO_Biological_Process_2023,Intracellular Lipid Transport (GO:0032365),0.0012430950299614184,0.028176820679125483,0,0,inf,inf,FABP3;NPC2
DR 39+,GO_Biological_Process_2023,Lipoprotein Catabolic Process (GO:0042159),0.0012430950299614184,0.028176820679125483,0,0,inf,inf,APOE;CTSD
DR 39+,GO_Biological_Process_2023,Regulation Of ERBB Signaling Pathway (GO:1901184),0.0012430950299614184,0.028176820679125483,0,0,inf,inf,IFI6;LGMN
DR 39+,GO_Biological_Process_2023,Astrocyte Development (GO:0014002),0.0013551194371805458,0.028208608692329728,0,0,21.231617647058822,140.2107511742939,C1QA;C5AR1;TREM2
DR 39+,GO_Biological_Process_2023,Phospholipid Transport (GO:0015914),0.0013551194371805458,0.028208608692329728,0,0,21.231617647058822,140.2107511742939,NPC2;APOC1;APOE
DR 39+,GO_Biological_Process_2023,Plasma Membrane Invagination (GO:0099024),0.0013551194371805458,0.028208608692329728,0,0,21.231617647058822,140.2107511742939,MSR1;ITGB2;CD36
DR 39+,GO_Biological_Process_2023,Positive Regulation Of Peptidase Activity (GO:0010952),0.0013551194371805458,0.028208608692329728,0,0,21.231617647058822,140.2107511742939,GRN;CTSL;CTSS
DR 39+,GO_Biological_Process_2023,Negative Regulation Of Gene Expression (GO:0010629),0.0017510598419676147,0.035721620776139336,0,0,4.685724431818182,29.74279538167001,MSR1;RGCC;SPI1;GPNMB;SLC11A1;APOE;LGMN
DR 39+,GO_Biological_Process_2023,Regulation Of Neuron Death (GO:1901214),0.001921777009826565,0.0384355401965313,0,0,9.537313432835822,59.65117450480183,C1QA;TYROBP;GPNMB;ITGB2
DR 39+,GO_Biological_Process_2023,Regulation Of Long-Term Synaptic Potentiation (GO:1900271),0.0021131279855484213,0.040667746136969614,0,0,16.976470588235294,104.56803008331714,TYROBP;APOE;LGMN
DR 39+,GO_Biological_Process_2023,Memory (GO:0007613),0.0021131279855484213,0.040667746136969614,0,0,16.976470588235294,104.56803008331714,TREM2;APOE;LGMN
DR 40+,GO_Biological_Process_2023,Humoral Immune Response Mediated By Circulating Immunoglobulin (GO:0002455),0.0014999697593334861,0.002624947078833601,0,0,inf,inf,C1QC
DR 40+,GO_Biological_Process_2023,Regulation Of Macrophage Differentiation (GO:0045649),0.0014999697593334861,0.002624947078833601,0,0,inf,inf,C1QC
DR 40+,GO_Biological_Process_2023,Regulation Of Granulocyte Differentiation (GO:0030852),0.0014999697593334861,0.002624947078833601,0,0,inf,inf,C1QC
DR 40+,GO_Biological_Process_2023,Cell Junction Disassembly (GO:0150146),0.0014999697593334861,0.002624947078833601,0,0,inf,inf,C1QC
DR 40+,GO_Biological_Process_2023,Synapse Pruning (GO:0098883),0.002499957206903733,0.0034999400896652258,0,0,inf,inf,C1QC
DR 40+,GO_Biological_Process_2023,Negative Regulation Of Myeloid Leukocyte Differentiation (GO:0002762),0.0039999418516560555,0.0046665988269320655,0,0,inf,inf,C1QC
DR 40+,GO_Biological_Process_2023,Synapse Organization (GO:0050808),0.005999925117386653,0.005999925117386653,0,0,inf,inf,C1QC
DR 41-,GO_Biological_Process_2023,Angiotensin Maturation (GO:0002003),0.00011661874075556369,0.03609350026384696,0,0,96.8,876.6789351829152,CPA3;CMA1;CTSG
DR 41-,GO_Biological_Process_2023,Regulation Of Angiotensin Levels In Blood (GO:0002002),0.00011661874075556369,0.03609350026384696,0,0,96.8,876.6789351829152,CPA3;CMA1;CTSG
DR 42-,GO_Biological_Process_2023,Positive Regulation Of Lymphocyte Activation (GO:0051251),1.4980791132896312e-07,4.23406075069715e-05,0,0,20.02607561929596,314.68798907873816,HLA-DRB5;TYROBP;IL12B;HLA-DRA;HLA-DQA2;HLA-DQA1;HLA-DRB1;HLA-DPA1
DR 42-,GO_Biological_Process_2023,MHC Class II Protein Complex Assembly (GO:0002399),2.1357179070351323e-07,4.23406075069715e-05,0,0,47.4344262295082,728.5592414761068,HLA-DRB5;HLA-DRA;HLA-DQA2;HLA-DQA1;HLA-DRB1;HLA-DPA1
DR 42-,GO_Biological_Process_2023,Peptide Antigen Assembly With MHC Class II Protein Complex (GO:0002503),2.1357179070351323e-07,4.23406075069715e-05,0,0,47.4344262295082,728.5592414761068,HLA-DRB5;HLA-DRA;HLA-DQA2;HLA-DQA1;HLA-DRB1;HLA-DPA1
DR 42-,GO_Biological_Process_2023,Peptide Antigen Assembly With MHC Protein Complex (GO:0002501),2.1357179070351323e-07,4.23406075069715e-05,0,0,47.4344262295082,728.5592414761068,HLA-DRB5;HLA-DRA;HLA-DQA2;HLA-DQA1;HLA-DRB1;HLA-DPA1
DR 42-,GO_Biological_Process_2023,Immunoglobulin Production Involved In Immunoglobulin-Mediated Immune Response (GO:0002381),4.575488196552784e-07,7.256724279732715e-05,0,0,37.927868852459014,553.6475995025415,HLA-DRB5;HLA-DRA;HLA-DQA2;HLA-DQA1;HLA-DRB1;HLA-DPA1
DR 42-,GO_Biological_Process_2023,Positive Regulation Of T Cell Activation (GO:0050870),9.06276627119325e-07,0.00011977956088427077,0,0,9.798761609907121,136.33919738346188,CD86;HLA-DRB5;IL12B;HLA-DRA;CCR7;CCL19;HLA-DQA2;HLA-DQA1;HLA-DRB1;HLA-DPA1
DR 42-,GO_Biological_Process_2023,Immunoglobulin Mediated Immune Response (GO:0016064),1.2655764082087383e-06,0.00014337172738707564,0,0,18.676388888888887,253.6250413881914,CD74;HLA-DRB5;HLA-DRA;HLA-DQA2;HLA-DQA1;HLA-DRB1;HLA-DPA1
DR 42-,GO_Biological_Process_2023,Positive Regulation Of T Cell Mediated Cytotoxicity (GO:0001916),4.129093397453478e-06,0.000409296383022576,0,0,38.891129032258064,482.1509322942506,IL12B;HLA-DRA;CD1E;CD1B;HLA-DRB1
DR 42-,GO_Biological_Process_2023,Cellular Response To Cytokine Stimulus (GO:0071345),8.445789717463122e-06,0.0006907443716788415,0,0,5.894071146245059,68.85361080866222,NFKBIA;CD40;CCL22;EBI3;IL12B;IRF8;CXCR4;CCR7;CCL19;IL7R;CCL17;HLA-DPA1
DR 42-,GO_Biological_Process_2023,Antigen Processing And Presentation Of Exogenous Peptide Antigen (GO:0002478),1.0452626053147667e-05,0.0006907443716788415,0,0,17.18628912071535,197.10366042775502,HLA-DRB5;HLA-DRA;HLA-DQA2;HLA-DQA1;HLA-DRB1;HLA-DPA1
DR 42-,GO_Biological_Process_2023,Antigen Processing And Presentation Of Exogenous Peptide Antigen Via MHC Class II (GO:0019886),1.0452626053147667e-05,0.0006907443716788415,0,0,17.18628912071535,197.10366042775502,HLA-DRB5;HLA-DRA;HLA-DQA2;HLA-DQA1;HLA-DRB1;HLA-DPA1
DR 42-,GO_Biological_Process_2023,Antigen Processing And Presentation Of Peptide Antigen Via MHC Class II (GO:0002495),1.0452626053147667e-05,0.0006907443716788415,0,0,17.18628912071535,197.10366042775502,HLA-DRB5;HLA-DRA;HLA-DQA2;HLA-DQA1;HLA-DRB1;HLA-DPA1
DR 42-,GO_Biological_Process_2023,Positive Regulation Of Lymphocyte Proliferation (GO:0050671),1.853305467067431e-05,0.001130516334911133,0,0,8.90239625949737,97.00010619795827,CD86;CD74;CD40;GPR183;IL12B;CCL19;HLA-DPA1;TNFSF13B
DR 42-,GO_Biological_Process_2023,Positive Regulation Of T Cell Mediated Immunity (GO:0002711),2.399331055757891e-05,0.0013590496622971483,0,0,22.1889400921659,236.04007557570714,IL12B;HLA-DRA;CD1E;CD1B;HLA-DRB1
DR 42-,GO_Biological_Process_2023,Response To Type II Interferon (GO:0034341),2.7995094593965008e-05,0.00148000733420095,0,0,8.319300164024057,87.21522733432971,CD74;CD40;CCL22;UBD;IRF8;CCL19;CCL17;HLA-DPA1
DR 42-,GO_Biological_Process_2023,Positive Regulation Of Alpha-Beta T Cell Activation (GO:0046635),3.738034902037675e-05,0.001679578405059515,0,0,40.84656084656085,416.4047673748363,EBI3;HLA-DRA;IL12B;HLA-DRB1
DR 42-,GO_Biological_Process_2023,Regulation Of T Cell Mediated Cytotoxicity (GO:0001914),3.798201697387427e-05,0.001679578405059515,0,0,19.405241935483872,197.51427081124987,IL12B;HLA-DRA;CD1E;CD1B;HLA-DRB1
DR 42-,GO_Biological_Process_2023,Positive Regulation Of I-kappaB kinase/NF-kappaB Signaling (GO:0043123),3.8124099988740564e-05,0.001679578405059515,0,0,9.68840579710145,98.57627300459917,CD74;CD40;UBD;CCR7;CCL19;HLA-DRB1;BIRC3
DR 42-,GO_Biological_Process_2023,Myeloid Leukocyte Differentiation (GO:0002573),5.519243414215679e-05,0.0023035579091963336,0,0,11.78483606557377,115.54660158975601,TYROBP;GPR183;UBD;CCR7;CCL19;HLA-DRB1
DR 42-,GO_Biological_Process_2023,Regulation Of I-kappaB kinase/NF-kappaB Signaling (GO:0043122),5.9287731599289244e-05,0.0023507585579118184,0,0,7.353026634382567,71.56780353868744,CD74;CD40;UBD;CCR7;CCL19;TRAF1;HLA-DRB1;BIRC3
DR 42-,GO_Biological_Process_2023,Positive Regulation Of Leukocyte Cell-Cell Adhesion (GO:1903039),7.271907009646011e-05,0.002746010599356803,0,0,11.085824493731918,105.6357894620575,HLA-DRB5;HLA-DRA;HLA-DQA2;HLA-DQA1;HLA-DRB1;HLA-DPA1
DR 42-,GO_Biological_Process_2023,Regulation Of T Cell Activation (GO:0050863),9.054513472090844e-05,0.003255549922446292,0,0,8.235802469135802,76.67253815433403,IL4I1;HLA-DRB5;HLA-DRA;HLA-DQA2;HLA-DQA1;HLA-DRB1;HLA-DPA1
DR 42-,GO_Biological_Process_2023,Positive Regulation Of Leukocyte Mediated Cytotoxicity (GO:0001912),9.442326382883318e-05,0.003255549922446292,0,0,10.46448087431694,96.98191088050265,TYROBP;IL12B;HLA-DRA;CD1E;CD1B;HLA-DRB1
DR 42-,GO_Biological_Process_2023,Regulation Of T Cell Proliferation (GO:0042129),0.0001909158587009632,0.006308178164577658,0,0,7.158064516129032,61.29935788238678,CD86;IL4I1;IL12B;CCL19;HLA-DRB1;IDO1;HLA-DPA1
DR 42-,GO_Biological_Process_2023,Adaptive Immune Response Based On Somatic Recombination Of Immune Receptors Built From Immunoglobulin Superfamily Domains (GO:0002460),0.0002077645622066726,0.0063368191473035145,0,0,20.391534391534393,172.90196186594517,EBI3;IL12B;HLA-DRB1;MYO1G
DR 42-,GO_Biological_Process_2023,Dendritic Cell Migration (GO:0036336),0.0002077645622066726,0.0063368191473035145,0,0,20.391534391534393,172.90196186594517,GPR183;CXCR4;CCR7;CCL19
DR 42-,GO_Biological_Process_2023,Positive Regulation Of Immune Response (GO:0050778),0.00023772703492243698,0.006982131062721946,0,0,8.543964232488822,71.29414795404875,CD74;IL12B;HLA-DRA;CCR7;CFP;HLA-DRB1
DR 42-,GO_Biological_Process_2023,Cellular Response To Tumor Necrosis Factor (GO:0071356),0.00026738528175276037,0.0075727331582121065,0,0,6.717171717171717,55.26096220222625,NFKBIA;CD40;CCL22;CCL19;TRAF1;CCL17;BIRC3
DR 42-,GO_Biological_Process_2023,Positive Regulation Of Memory T Cell Differentiation (GO:0043382),0.00034273713226911365,0.0093720877892899,0,0,45.2578125,361.09157432026956,HLA-DRA;IL12B;HLA-DRB1
DR 42-,GO_Biological_Process_2023,Positive Regulation Of T Cell Differentiation (GO:0045582),0.0003810683997799395,0.010072908034183068,0,0,10.311827956989248,81.18019218729474,IL4I1;IL12B;HLA-DRA;ADAM8;HLA-DRB1
DR 42-,GO_Biological_Process_2023,Positive Regulation Of Hydrolase Activity (GO:0051345),0.00042662745271255273,0.010913405483904978,0,0,6.1476851851851855,47.70357428447984,CD40;CCL22;RGS1;CTSH;CCL19;CCL17;CD200
DR 42-,GO_Biological_Process_2023,Dendritic Cell Differentiation (GO:0097028),0.00046542147590335783,0.011533725949730086,0,0,15.277777777777779,117.21977610317624,UBD;IRF8;CCR7;CCL19
DR 42-,GO_Biological_Process_2023,Positive Regulation Of GTPase Activity (GO:0043547),0.0005696042449763504,0.013687762614128664,0,0,5.817982456140351,43.46363789776391,CD40;CCL22;TBC1D4;RGS1;CCR7;CCL19;CCL17
DR 42-,GO_Biological_Process_2023,Cytokine-Mediated Signaling Pathway (GO:0019221),0.0006121432152939845,0.014277340286121461,0,0,4.06359649122807,30.064698620738124,NFKBIA;CXCL9;CCL22;EBI3;IL12B;CCL19;TRAF1;IL7R;CCL17;BIRC3
DR 42-,GO_Biological_Process_2023,Regulation Of Memory T Cell Differentiation (GO:0043380),0.0006690424906289637,0.015158591287679091,0,0,30.15625,220.43202442781288,HLA-DRA;IL12B;HLA-DRB1
DR 42-,GO_Biological_Process_2023,Positive Regulation Of Intracellular Signal Transduction (GO:1902533),0.0009457164029039794,0.020757114598223853,0,0,3.8142414860681115,26.560729267693034,CD86;CD74;CD40;UBD;IL12B;CCR7;ADAM8;CCL19;HLA-DRB1;BIRC3
DR 42-,GO_Biological_Process_2023,Positive Regulation Of MAPK Cascade (GO:0043410),0.0009793446228208292,0.020757114598223853,0,0,4.129802955665024,28.6138641073501,CD74;CD40;CCL22;GPR183;CCR7;ADAM8;CCL19;CCL17;HLA-DRB1
DR 42-,GO_Biological_Process_2023,Response To Cytokine (GO:0034097),0.0009946662733070699,0.020757114598223853,0,0,6.239344262295082,43.13323128957286,CD74;CD40;LAMP3;UBD;CXCR4;CCR7
DR 42-,GO_Biological_Process_2023,Antigen Processing And Presentation Of Endogenous Peptide Antigen (GO:0002483),0.0011060285894515865,0.02139221149841727,0,0,inf,inf,HLA-DRA;HLA-DRB1
DR 42-,GO_Biological_Process_2023,Tryptophan Metabolic Process (GO:0006568),0.0011060285894515865,0.02139221149841727,0,0,inf,inf,IL4I1;IDO1
DR 42-,GO_Biological_Process_2023,Regulation Of T Cell Mediated Immune Response To Tumor Cell (GO:0002840),0.0011060285894515865,0.02139221149841727,0,0,inf,inf,IL4I1;HLA-DRB1
DR 42-,GO_Biological_Process_2023,Positive Regulation Of Regulatory T Cell Differentiation (GO:0045591),0.0011427923409890856,0.02143323770117968,0,0,22.60546875,153.13578817192902,IL4I1;HLA-DRA;HLA-DRB1
DR 42-,GO_Biological_Process_2023,Positive Regulation Of Interleukin-12 Production (GO:0032735),0.0011892338699267414,0.02143323770117968,0,0,11.093795093795094,74.71056383864341,CD40;IL12B;CCR7;CCL19
DR 42-,GO_Biological_Process_2023,Positive Regulation Of Kinase Activity (GO:0033674),0.0011892338699267414,0.02143323770117968,0,0,11.093795093795094,74.71056383864341,CD74;CCR7;CCL19;HLA-DRB1
DR 42-,GO_Biological_Process_2023,Response To Tumor Necrosis Factor (GO:0034612),0.0013372194644710855,0.023564778562790465,0,0,5.843237704918033,38.665655449415574,NFKBIA;CD40;CCL22;UBD;CCL19;CCL17
DR 42-,GO_Biological_Process_2023,Regulation Of Immune Response (GO:0050776),0.001382744775528062,0.023837317543342458,0,0,7.342549923195085,48.34103423018636,IL4I1;HLA-DRA;CFP;HLA-DRB1;BIRC3
DR 42-,GO_Biological_Process_2023,Positive Regulation Of B Cell Proliferation (GO:0030890),0.0015459196386408357,0.025539880696712137,0,0,10.164021164021165,65.78293043481196,CD74;CD40;GPR183;TNFSF13B
DR 42-,GO_Biological_Process_2023,Positive Regulation Of Immune Effector Process (GO:0002699),0.0015459196386408357,0.025539880696712137,0,0,10.164021164021165,65.78293043481196,IL12B;HLA-DRA;CFP;HLA-DRB1
DR 42-,GO_Biological_Process_2023,Regulation Of B Cell Proliferation (GO:0030888),0.0016534158240205426,0.02675834180506715,0,0,7.005131964809384,44.86725332483624,CD74;CD40;TYROBP;GPR183;TNFSF13B
DR 42-,GO_Biological_Process_2023,Tumor Necrosis Factor-Mediated Signaling Pathway (GO:0033209),0.001784745215918838,0.027751038357326247,0,0,18.075,114.38726895288711,NFKBIA;TRAF1;BIRC3
DR 42-,GO_Biological_Process_2023,Positive Regulation Of Plasma Membrane Bounded Cell Projection Assembly (GO:0120034),0.001784745215918838,0.027751038357326247,0,0,18.075,114.38726895288711,FSCN1;CCR7;CCL19
DR 42-,GO_Biological_Process_2023,Positive Regulation Of ERK1 And ERK2 Cascade (GO:0070374),0.0021716000712201635,0.03311690108610749,0,0,4.485714285714286,27.507705446642255,CD74;CCL22;GPR183;CCR7;CCL19;CCL17;HLA-DRB1
DR 42-,GO_Biological_Process_2023,Dendritic Cell Chemotaxis (GO:0002407),0.002613184025136213,0.03900288090218104,0,0,15.0546875,89.53302474954677,GPR183;CXCR4;CCR7
DR 42-,GO_Biological_Process_2023,Cellular Response To Type II Interferon (GO:0071346),0.0031362974068652946,0.03900288090218104,0,0,5.91501240694789,34.09834504089994,CCL22;IRF8;CCL19;CCL17;HLA-DPA1
DR 42-,GO_Biological_Process_2023,Positive Regulation Of Cytokine Production (GO:0001819),0.0031403900645758567,0.03900288090218104,0,0,3.182212958137919,18.34039245561651,CD86;CD74;CD40;TYROBP;EBI3;IL12B;CCR7;CCL19;CD200;HLA-DPA1
DR 42-,GO_Biological_Process_2023,NIK/NF-kappaB Signaling (GO:0038061),0.0032461414117830375,0.03900288090218104,0,0,59.44615384615385,340.6435966487224,NFKBIA;BIRC3
DR 42-,GO_Biological_Process_2023,Alpha-Amino Acid Catabolic Process (GO:1901606),0.0032461414117830375,0.03900288090218104,0,0,59.44615384615385,340.6435966487224,IL4I1;IDO1
DR 42-,GO_Biological_Process_2023,Aromatic Amino Acid Family Catabolic Process (GO:0009074),0.0032461414117830375,0.03900288090218104,0,0,59.44615384615385,340.6435966487224,IL4I1;IDO1
DR 42-,GO_Biological_Process_2023,Positive Regulation By Symbiont Of Entry Into Host (GO:0075294),0.0032461414117830375,0.03900288090218104,0,0,59.44615384615385,340.6435966487224,CD74;HLA-DRB1
DR 42-,GO_Biological_Process_2023,"Positive Regulation Of CD4-positive, CD25-positive, Alpha-Beta Regulatory T Cell Differentiation (GO:0032831)",0.0032461414117830375,0.03900288090218104,0,0,59.44615384615385,340.6435966487224,HLA-DRA;HLA-DRB1
DR 42-,GO_Biological_Process_2023,"Positive Regulation Of CD4-positive, Alpha-Beta T Cell Differentiation (GO:0043372)",0.0032461414117830375,0.03900288090218104,0,0,59.44615384615385,340.6435966487224,HLA-DRA;HLA-DRB1
DR 42-,GO_Biological_Process_2023,Positive Regulation Of Monocyte Differentiation (GO:0045657),0.0032461414117830375,0.03900288090218104,0,0,59.44615384615385,340.6435966487224,CD74;HLA-DRB1
DR 42-,GO_Biological_Process_2023,Tryptophan Catabolic Process (GO:0006569),0.0032461414117830375,0.03900288090218104,0,0,59.44615384615385,340.6435966487224,IL4I1;IDO1
DR 42-,GO_Biological_Process_2023,Positive Regulation Of Viral Entry Into Host Cell (GO:0046598),0.0032461414117830375,0.03900288090218104,0,0,59.44615384615385,340.6435966487224,CD74;HLA-DRB1
DR 42-,GO_Biological_Process_2023,"Regulation Of CD4-positive, Alpha-Beta T Cell Activation (GO:2000514)",0.0032461414117830375,0.03900288090218104,0,0,59.44615384615385,340.6435966487224,HLA-DRA;HLA-DRB1
DR 42-,GO_Biological_Process_2023,Regulation Of T-helper Cell Differentiation (GO:0045622),0.0032461414117830375,0.03900288090218104,0,0,59.44615384615385,340.6435966487224,HLA-DRA;HLA-DRB1
DR 42-,GO_Biological_Process_2023,Regulation Of Chemotaxis (GO:0050920),0.0036440828536771644,0.041536786082188366,0,0,12.897321428571429,72.41395301792045,GPR183;CXCR4;CCL19
DR 42-,GO_Biological_Process_2023,Positive Regulation Of Neutrophil Chemotaxis (GO:0090023),0.0036440828536771644,0.041536786082188366,0,0,12.897321428571429,72.41395301792045,CD74;CCR7;CCL19
DR 42-,GO_Biological_Process_2023,Positive Regulation Of Neutrophil Migration (GO:1902624),0.0036440828536771644,0.041536786082188366,0,0,12.897321428571429,72.41395301792045,CD74;CCR7;CCL19
DR 42-,GO_Biological_Process_2023,Negative Regulation Of Lymphocyte Proliferation (GO:0050672),0.0037189304058453648,0.041536786082188366,0,0,7.607142857142857,42.556785170561405,CD86;IL4I1;TYROBP;HLA-DRB1
DR 42-,GO_Biological_Process_2023,Regulation Of Interleukin-12 Production (GO:0032655),0.0037189304058453648,0.041536786082188366,0,0,7.607142857142857,42.556785170561405,CD40;IL12B;CCR7;CCL19
DR 42-,GO_Biological_Process_2023,Positive Regulation Of T Cell Proliferation (GO:0042102),0.004159262375367812,0.04580965366203715,0,0,5.486751152073733,30.080660721067286,CD86;EBI3;IL12B;CCL19;HLA-DPA1
DR 42-,GO_Biological_Process_2023,Positive Regulation Of B Cell Activation (GO:0050871),0.004479323282722061,0.04865895018080267,0,0,7.15592903828198,38.70129149174761,CD74;CD40;GPR183;TNFSF13B
DR 43-,GO_Biological_Process_2023,Response To Type II Interferon (GO:0034341),3.819113229414997e-06,0.0008554813633889593,0,0,31.895424836601308,397.9111269922292,GBP5;CCL8;UBD;GBP1;GBP4
DR 43-,GO_Biological_Process_2023,Positive Regulation Of Release Of Sequestered Calcium Ion Into Cytosol (GO:0051281),3.1870095988494725e-05,0.002039322516797929,0,0,77.1038961038961,798.3215900476281,CXCL10;CXCL11;CXCL9
DR 43-,GO_Biological_Process_2023,Cellular Response To Type II Interferon (GO:0071346),4.2500157747138665e-05,0.002039322516797929,0,0,29.022222222222222,292.13776929041103,GBP5;CCL8;GBP1;GBP4
DR 43-,GO_Biological_Process_2023,Positive Regulation Of Calcium Ion Transmembrane Transport (GO:1904427),4.36403233610564e-05,0.002039322516797929,0,0,67.43181818181819,676.9836933018162,CXCL10;CXCL11;CXCL9
DR 43-,GO_Biological_Process_2023,Tryptophan Metabolic Process (GO:0006568),4.5520591892810925e-05,0.002039322516797929,0,0,inf,inf,IL4I1;IDO1
DR 43-,GO_Biological_Process_2023,Cellular Response To Chemokine (GO:1990869),7.797114005515098e-05,0.0024950764817648313,0,0,24.425,231.04027119141148,CXCL10;CXCL11;CXCL9;CCL8
DR 43-,GO_Biological_Process_2023,Chemokine-Mediated Signaling Pathway (GO:0070098),7.797114005515098e-05,0.0024950764817648313,0,0,24.425,231.04027119141148,CXCL10;CXCL11;CXCL9;CCL8
DR 43-,GO_Biological_Process_2023,Regulation Of Release Of Sequestered Calcium Ion Into Cytosol (GO:0051279),9.50843216563418e-05,0.0026623610063775706,0,0,48.96694214876033,453.4704363404701,CXCL10;CXCL11;CXCL9
DR 43-,GO_Biological_Process_2023,Tryptophan Catabolic Process (GO:0006569),0.00013601630181491278,0.0027697865096854967,0,0,330.8333333333333,2945.321764842349,IL4I1;IDO1
DR 43-,GO_Biological_Process_2023,Alpha-Amino Acid Catabolic Process (GO:1901606),0.00013601630181491278,0.0027697865096854967,0,0,330.8333333333333,2945.321764842349,IL4I1;IDO1
DR 43-,GO_Biological_Process_2023,Aromatic Amino Acid Family Catabolic Process (GO:0009074),0.00013601630181491278,0.0027697865096854967,0,0,330.8333333333333,2945.321764842349,IL4I1;IDO1
DR 43-,GO_Biological_Process_2023,Neutrophil Chemotaxis (GO:0030593),0.0001901601416909154,0.0035496559782304212,0,0,18.975609756097562,162.5762688795895,CXCL10;CXCL11;CXCL9;CCL8
DR 43-,GO_Biological_Process_2023,Granulocyte Chemotaxis (GO:0071621),0.00020742758880127203,0.00357413691472961,0,0,18.514285714285716,157.0146258640529,CXCL10;CXCL11;CXCL9;CCL8
DR 43-,GO_Biological_Process_2023,Neutrophil Migration (GO:1990266),0.00022580521743420962,0.003612883478947354,0,0,18.074418604651164,151.74988693531645,CXCL10;CXCL11;CXCL9;CCL8
DR 43-,GO_Biological_Process_2023,Amino Acid Catabolic Process (GO:0009063),0.00027094501880292816,0.004046112280790394,0,0,165.33333333333334,1357.9809805319253,IL4I1;IDO1
DR 43-,GO_Biological_Process_2023,Antimicrobial Humoral Immune Response Mediated By Antimicrobial Peptide (GO:0061844),0.00029047681661496376,0.004066675432609493,0,0,31.58823529411765,257.2541709537237,CXCL10;CXCL11;CXCL9
DR 43-,GO_Biological_Process_2023,Adenylate Cyclase-Activating G Protein-Coupled Receptor Signaling Pathway (GO:0007189),0.00044567811283202034,0.005597126325535596,0,0,26.80909090909091,206.85662879030812,CXCL10;CXCL11;CXCL9
DR 43-,GO_Biological_Process_2023,Protein Localization To Organelle (GO:0033365),0.00044976907973053894,0.005597126325535596,0,0,110.16666666666667,849.0298516475448,GBP5;GBP1
DR 43-,GO_Biological_Process_2023,Adenylate Cyclase-Modulating G Protein-Coupled Receptor Signaling Pathway (GO:0007188),0.0008969274678824654,0.010494115706765289,0,0,20.55944055944056,144.25604577804478,CXCL10;CXCL11;CXCL9
DR 43-,GO_Biological_Process_2023,T Cell Chemotaxis (GO:0010818),0.0009369746166754723,0.010494115706765289,0,0,66.03333333333333,460.4408166406084,CXCL10;CXCL11
DR 43-,GO_Biological_Process_2023,Lymphocyte Chemotaxis (GO:0048247),0.001202432006846013,0.01266926451095004,0,0,18.404388714733543,123.74023457831349,CXCL10;CXCL11;CCL8
DR 43-,GO_Biological_Process_2023,Defense Response To Protozoan (GO:0042832),0.0012443027644683075,0.01266926451095004,0,0,55.0,367.90489639637434,GBP1;GBP4
DR 43-,GO_Biological_Process_2023,Antimicrobial Humoral Response (GO:0019730),0.0013171932034776266,0.012828316416477756,0,0,17.78181818181818,117.93350217491681,CXCL10;CXCL11;CXCL9
DR 43-,GO_Biological_Process_2023,Cellular Response To Molecule Of Bacterial Origin (GO:0071219),0.001438675223956982,0.0134276354235985,0,0,17.19941348973607,112.55352209960085,CXCL10;CXCL11;CXCL9
DR 43-,GO_Biological_Process_2023,Cellular Response To Cytokine Stimulus (GO:0071345),0.001833791142861417,0.015958054066809627,0,0,9.916883116883117,62.48994770646937,GBP5;CCL8;GBP1;GBP4
DR 43-,GO_Biological_Process_2023,Regulation Of Calcium-Mediated Signaling (GO:0050848),0.0019838092072936276,0.015958054066809627,0,0,41.208333333333336,256.42859748240176,PLEK;GBP1
DR 43-,GO_Biological_Process_2023,Defense Response To Virus (GO:0051607),0.0019947567583512033,0.015958054066809627,0,0,15.202597402597403,94.51809271559046,CXCL10;GBP5;APOBEC3A
DR 43-,GO_Biological_Process_2023,Response To Tumor Necrosis Factor (GO:0034612),0.0019947567583512033,0.015958054066809627,0,0,15.202597402597403,94.51809271559046,CCL8;UBD;GBP1
DR 43-,GO_Biological_Process_2023,T Cell Migration (GO:0072678),0.0024149602336106042,0.01858753858453311,0,0,36.611111111111114,220.6212083390775,CXCL10;CXCL11
DR 43-,GO_Biological_Process_2023,Cellular Response To Lipopolysaccharide (GO:0071222),0.0024894024889999702,0.01858753858453311,0,0,13.980861244019138,83.8252253821732,CXCL10;CXCL11;CXCL9
DR 43-,GO_Biological_Process_2023,Cytokine-Mediated Signaling Pathway (GO:0019221),0.0027144507946589,0.01961409606463205,0,0,8.837209302325581,52.22053348887237,CXCL10;CXCL11;CXCL9;CCL8
DR 43-,GO_Biological_Process_2023,Positive Regulation Of Programmed Cell Death (GO:0043068),0.0034720024511721917,0.024304017158205342,0,0,12.323467230443974,69.78808793124438,GBP5;UBD;GBP1
DR 43-,GO_Biological_Process_2023,Inflammatory Response (GO:0006954),0.0041459366891051785,0.027418342568182912,0,0,7.789690721649484,42.73133412555791,CXCL10;CXCL11;CXCL9;CCL8
DR 43-,GO_Biological_Process_2023,Response To Lipopolysaccharide (GO:0032496),0.004161712711242049,0.027418342568182912,0,0,11.50197628458498,63.05186232337599,CXCL10;CXCL11;CXCL9
DR 43-,GO_Biological_Process_2023,Cellular Response To Lipid (GO:0071396),0.005204235550129643,0.033307107520829715,0,0,10.56,55.52746273612334,CXCL10;CXCL11;CXCL9
DR 43-,GO_Biological_Process_2023,Positive Regulation Of Interleukin-18 Production (GO:0032741),0.006999917822024454,0.03824345346667019,0,0,inf,inf,GBP5
DR 43-,GO_Biological_Process_2023,Protein Localization To Vacuole (GO:0072665),0.006999917822024454,0.03824345346667019,0,0,inf,inf,GBP1
DR 43-,GO_Biological_Process_2023,Protein Modification By Small Protein Conjugation Or Removal (GO:0070647),0.006999917822024454,0.03824345346667019,0,0,inf,inf,UBD
DR 43-,GO_Biological_Process_2023,Positive Regulation Of Actin Filament Depolymerization (GO:0030836),0.006999917822024454,0.03824345346667019,0,0,inf,inf,PLEK
DR 43-,GO_Biological_Process_2023,Inclusion Body Assembly (GO:0070841),0.006999917822024454,0.03824345346667019,0,0,inf,inf,UBD
DR 43-,GO_Biological_Process_2023,Regulation Of Actin Filament Depolymerization (GO:0030834),0.006999917822024454,0.03824345346667019,0,0,inf,inf,PLEK
DR 44-,GO_Biological_Process_2023,Cellular Response To Chemokine (GO:1990869),5.971506219183821e-07,0.0003478402372674576,0,0,9.269662921348315,132.84443345300855,CXCL10;CXCL9;CXCL11;CXCL12;CCL5;CCL2;CXCL1;CCL19;CXCL13;CXCL3;CXCL5
DR 44-,GO_Biological_Process_2023,Chemokine-Mediated Signaling Pathway (GO:0070098),5.971506219183821e-07,0.0003478402372674576,0,0,9.269662921348315,132.84443345300855,CXCL10;CXCL9;CXCL11;CXCL12;CCL5;CCL2;CXCL1;CCL19;CXCL13;CXCL3;CXCL5
DR 44-,GO_Biological_Process_2023,Antimicrobial Humoral Immune Response Mediated By Antimicrobial Peptide (GO:0061844),2.2645183286391186e-06,0.0008793879509548576,0,0,13.681159420289855,177.82974152459687,CXCL10;CXCL9;CXCL11;CXCL1;CXCL13;CXCL3;CXCL14;CXCL5
DR 44-,GO_Biological_Process_2023,Antimicrobial Humoral Response (GO:0019730),1.9318834204209335e-05,0.0056266104619759685,0,0,7.730769230769231,83.91309402122721,CXCL10;CXCL11;CXCL9;RARRES2;CXCL1;CXCL13;CXCL3;CXCL14;CXCL5
DR 44-,GO_Biological_Process_2023,Neutrophil Chemotaxis (GO:0030593),4.596256561416032e-05,0.00972180605363036,0,0,5.920634920634921,59.13342642618563,CXCL10;CXCL9;CXCL11;CCL5;CCL2;CXCL1;CCL19;CXCL13;CXCL3;CXCL5
DR 44-,GO_Biological_Process_2023,Granulocyte Chemotaxis (GO:0071621),5.631103523817261e-05,0.00972180605363036,0,0,5.753086419753086,56.29176464144639,CXCL10;CXCL9;CXCL11;CCL5;CCL2;CXCL1;CCL19;CXCL13;CXCL3;CXCL5
DR 44-,GO_Biological_Process_2023,Positive Regulation Of Release Of Sequestered Calcium Ion Into Cytosol (GO:0051281),5.841428530078328e-05,0.00972180605363036,0,0,19.94736842105263,194.44595172999095,CXCL10;CXCL9;CXCL11;F2R;THY1
DR 44-,GO_Biological_Process_2023,Neutrophil Migration (GO:1990266),6.858413630494344e-05,0.009813351411295084,0,0,5.594594594594595,53.63789202510708,CXCL10;CXCL9;CXCL11;CCL5;CCL2;CXCL1;CCL19;CXCL13;CXCL3;CXCL5
DR 44-,GO_Biological_Process_2023,Proteolysis (GO:0006508),7.581129845635687e-05,0.009813351411295084,0,0,4.981436248168051,47.26019690137074,GGT5;ADAMDEC1;MMP7;CFH;UBD;CTSK;CTSH;PCOLCE;CPXM1;CTSC;CTSB
DR 44-,GO_Biological_Process_2023,Inflammatory Response (GO:0006954),8.953209353293659e-05,0.010410604238239172,0,0,3.7222982216142273,34.695219409864016,GGT5;CXCL9;CD40;VCAM1;F2R;CXCL1;FOS;CXCL13;CXCL3;CXCL5;CXCL10;CXCL11;CCL5;CCL2;CCL19
DR 44-,GO_Biological_Process_2023,Positive Regulation Of Calcium Ion Transmembrane Transport (GO:1904427),0.00010286019114288906,0.010410604238239172,0,0,16.614035087719298,152.55239380337426,CXCL10;CXCL9;CXCL11;F2R;THY1
DR 44-,GO_Biological_Process_2023,Regulation Of Cell Population Proliferation (GO:0042127),0.00010723369172435199,0.010410604238239172,0,0,3.2273735134045554,29.49980782594058,CXCL9;IFITM1;CSF1;F2R;CXCL1;SOD2;CXCL5;CXCL10;CXCL11;FGF7;FRZB;PDPN;S100A13;CYP1B1;CTSH;IGFBP7;TIMP1;HSPA1A
DR 44-,GO_Biological_Process_2023,Cellular Response To Lipopolysaccharide (GO:0071222),0.00012544213679321537,0.011241545335699685,0,0,5.773351648351649,51.865862719527705,CXCL10;CXCL9;CXCL11;CCL5;CCL2;CXCL1;CXCL13;CXCL3;CXCL5
DR 44-,GO_Biological_Process_2023,Regulation Of Cell Migration (GO:0030334),0.00015287422655369779,0.012016697812574325,0,0,3.703488372093023,32.53846005725029,IFITM1;MMP7;CSF1;F2R;THY1;SOD2;FGF7;CXCL12;MDK;CCL5;PDPN;CDH11;CYP1B1;CTSH
DR 44-,GO_Biological_Process_2023,Cellular Response To Molecule Of Bacterial Origin (GO:0071219),0.00018176229157471774,0.012016697812574325,0,0,6.2675585284280935,53.981295876134936,CXCL10;CXCL9;CXCL11;CCL2;CXCL1;CXCL13;CXCL3;CXCL5
DR 44-,GO_Biological_Process_2023,Regulation Of Macrophage Chemotaxis (GO:0010758),0.00018357501735262067,0.012016697812574325,0,0,26.34722222222222,226.6621797598714,CSF1;MDK;RARRES2;CCL5
DR 44-,GO_Biological_Process_2023,Positive Regulation Of Macrophage Chemotaxis (GO:0010759),0.00018357501735262067,0.012016697812574325,0,0,26.34722222222222,226.6621797598714,CSF1;MDK;RARRES2;CCL5
DR 44-,GO_Biological_Process_2023,Positive Regulation Of Hydrolase Activity (GO:0051345),0.00018566571727582647,0.012016697812574325,0,0,5.4279250161603105,46.63435821652474,CD40;CCL5;CTSK;RGS16;F2R;CCL2;CTSH;CCL19;THY1
DR 44-,GO_Biological_Process_2023,Negative Regulation Of Neuron Death (GO:1901215),0.00029450227477084115,0.01805763947937,0,0,8.598784194528875,69.91004017360326,CSF1;MDK;F2R;CCL2;APOE;SOD2
DR 44-,GO_Biological_Process_2023,Cytokine-Mediated Signaling Pathway (GO:0019221),0.0003680870006862105,0.0209573156485368,0,0,3.537692192864607,27.973208691865782,EGR1;CXCL9;CXCL1;CXCL13;CXCL3;CXCL5;NFKBIA;CXCL10;CXCL11;CXCL12;CCL5;CCL2;CCL19
DR 44-,GO_Biological_Process_2023,Regulation Of Release Of Sequestered Calcium Ion Into Cytosol (GO:0051279),0.0003950178597139277,0.0209573156485368,0,0,11.058479532163743,86.6606548833963,CXCL10;CXCL9;CXCL11;F2R;THY1
DR 44-,GO_Biological_Process_2023,Regulation Of Neuron Apoptotic Process (GO:0043523),0.0003957604671826692,0.0209573156485368,0,0,8.02127659574468,62.844307059300036,EGR1;MDK;F2R;CCL2;APOE;SOD2
DR 44-,GO_Biological_Process_2023,Type I Interferon-Mediated Signaling Pathway (GO:0060337),0.00046811653426905627,0.023711120105367415,0,0,58.7319587628866,450.2857872458315,IFITM3;IFITM1;IFI27
DR 44-,GO_Biological_Process_2023,Positive Regulation Of Cell Motility (GO:2000147),0.0005024066780596406,0.023735545330718578,0,0,4.197278911564626,31.88295307081211,CXCL12;MMP7;CSF1;MDK;CCL5;PDPN;F2R;CTSH;CCL19;SOD2
DR 44-,GO_Biological_Process_2023,Response To Lipopolysaccharide (GO:0032496),0.0005259592386297131,0.023735545330718578,0,0,4.5989010989010985,34.723022451605125,CXCL10;CXCL9;CXCL11;F2R;CCL2;CXCL1;CXCL13;CXCL3;CXCL5
DR 44-,GO_Biological_Process_2023,Negative Regulation Of Neuron Apoptotic Process (GO:0043524),0.0005691852899549823,0.023735545330718578,0,0,9.947368421052632,74.319818800007,MDK;F2R;CCL2;APOE;SOD2
DR 44-,GO_Biological_Process_2023,Protein Catabolic Process (GO:0030163),0.0005691852899549823,0.023735545330718578,0,0,9.947368421052632,74.319818800007,CTSK;CTSH;APOE;CTSC;CTSB
DR 44-,GO_Biological_Process_2023,Regulation Of Granulocyte Chemotaxis (GO:0071622),0.0006112157595893195,0.023735545330718578,0,0,15.791666666666666,116.85928929412923,CSF1;MDK;RARRES2;CCL5
DR 44-,GO_Biological_Process_2023,Regulation Of Peptidase Activity (GO:0052547),0.0006112157595893195,0.023735545330718578,0,0,15.791666666666666,116.85928929412923,CST3;CTSK;CTSH;CTSB
DR 44-,GO_Biological_Process_2023,Positive Regulation Of Macrophage Migration (GO:1905523),0.0006112157595893195,0.023735545330718578,0,0,15.791666666666666,116.85928929412923,CSF1;MDK;RARRES2;CCL5
DR 44-,GO_Biological_Process_2023,Lymphocyte Chemotaxis (GO:0048247),0.000758828685398912,0.028517271564184918,0,0,5.645161290322581,40.553340015221345,CH25H;CXCL10;CXCL11;CCL5;CCL2;CCL19;CXCL13
DR 44-,GO_Biological_Process_2023,Positive Regulation Of Cell-Cell Adhesion (GO:0022409),0.0007953202530924244,0.028954627964146076,0,0,9.038277511961722,64.50406884720583,MDK;CCL5;THY1;CXCL13;PLPP3
DR 44-,GO_Biological_Process_2023,Cellular Response To Lipid (GO:0071396),0.0009594672858971878,0.03261175660403054,0,0,4.171828171828172,28.99058605762239,CXCL10;CXCL9;CXCL11;CCL2;CXCL1;CXCL13;CXCL3;CXCL5;HSPA1A
DR 44-,GO_Biological_Process_2023,Regulation Of Mononuclear Cell Migration (GO:0071675),0.0009797523443270978,0.03261175660403054,0,0,13.152777777777779,91.12521610440056,CSF1;MDK;RARRES2;CCL5
DR 44-,GO_Biological_Process_2023,Positive Regulation Of Calcium Ion Transport (GO:0051928),0.0009797523443270978,0.03261175660403054,0,0,13.152777777777779,91.12521610440056,CXCL12;CCL5;F2R;CCL2
DR 44-,GO_Biological_Process_2023,Positive Regulation Of Leukocyte Chemotaxis (GO:0002690),0.001096748066407853,0.0354919860379208,0,0,6.319148936170213,43.06756419019197,CXCL10;CXCL12;CSF1;MDK;CCL5;RARRES2
DR 44-,GO_Biological_Process_2023,Cellular Response To Type I Interferon (GO:0071357),0.0011277550837606493,0.035509045204896124,0,0,29.350515463917525,199.217394861114,IFITM3;IFITM1;IFI27
DR 44-,GO_Biological_Process_2023,Positive Regulation Of GTPase Activity (GO:0043547),0.001363979619719095,0.04181674360454594,0,0,4.378378378378378,28.885688732941624,CD40;CCL5;RGS16;F2R;CCL2;CCL19;THY1;CXCL13
DR 46-,GO_Biological_Process_2023,One-Carbon Compound Transport (GO:0019755),5.855229848835696e-09,2.9217596945690124e-06,0,0,61.53636363636364,1166.479037471667,HBZ;SLC14A1;CA2;HBB;SLC4A1;HBD;HBA1
DR 46-,GO_Biological_Process_2023,Hydrogen Peroxide Catabolic Process (GO:0042744),1.8579587246162385e-08,4.635607017917515e-06,0,0,103.71428571428571,1846.2389833457898,HBZ;HBM;HBB;HBA1;HBD;HBQ1
DR 46-,GO_Biological_Process_2023,Carbon Dioxide Transport (GO:0015670),1.4282691149714257e-07,2.3756876279024715e-05,0,0,169.91228070175438,2678.0948999899533,HBZ;CA2;HBB;HBA1;HBD
DR 46-,GO_Biological_Process_2023,Gas Transport (GO:0015669),4.880036479578519e-07,6.087845508274202e-05,0,0,84.91228070175438,1234.0253316852813,HBZ;CA2;HBB;HBA1;HBD
DR 46-,GO_Biological_Process_2023,Oxygen Transport (GO:0015671),4.098560454165959e-06,0.0004090363333257627,0,0,133.58620689655172,1657.1201655001023,HBZ;HBB;HBA1;HBD
DR 46-,GO_Biological_Process_2023,Erythrocyte Development (GO:0048821),2.8406112644369007e-05,0.0023624417015900225,0,0,inf,inf,ALAS2;DMTN;GATA1
DR 46-,GO_Biological_Process_2023,Regulation Of Cell Death (GO:0010941),3.9312949351770576e-05,0.0028024516752190743,0,0,18.801169590643276,190.71824823108116,HBZ;HBB;HBD;HBA1;SNCA
DR 46-,GO_Biological_Process_2023,Positive Regulation Of Cell Death (GO:0010942),5.756922948150671e-05,0.003590880688908981,0,0,16.912280701754387,165.10651822863082,HBZ;HBB;HBD;HBA1;SNCA
DR 46-,GO_Biological_Process_2023,Erythrocyte Differentiation (GO:0030218),0.00015307763911710006,0.00848730465771477,0,0,22.20689655172414,195.07793331463162,ALAS2;DMTN;AHSP;GATA1
DR 46-,GO_Biological_Process_2023,Myeloid Cell Development (GO:0061515),0.00027162411860421877,0.013554043518350517,0,0,49.220338983050844,404.1527003712673,ALAS2;DMTN;GATA1
DR 47-,GO_Biological_Process_2023,MHC Class II Protein Complex Assembly (GO:0002399),1.455068066961054e-14,3.1138456632966557e-12,0,0,438.75,13979.07456995097,HLA-DRB5;HLA-DMA;HLA-DMB;HLA-DRA;HLA-DOB;HLA-DQA2;HLA-DQA1;HLA-DRB1;HLA-DPA1
DR 47-,GO_Biological_Process_2023,Peptide Antigen Assembly With MHC Class II Protein Complex (GO:0002503),1.455068066961054e-14,3.1138456632966557e-12,0,0,438.75,13979.07456995097,HLA-DRB5;HLA-DMA;HLA-DMB;HLA-DRA;HLA-DOB;HLA-DQA2;HLA-DQA1;HLA-DRB1;HLA-DPA1
DR 47-,GO_Biological_Process_2023,Peptide Antigen Assembly With MHC Protein Complex (GO:0002501),1.455068066961054e-14,3.1138456632966557e-12,0,0,438.75,13979.07456995097,HLA-DRB5;HLA-DMA;HLA-DMB;HLA-DRA;HLA-DOB;HLA-DQA2;HLA-DQA1;HLA-DRB1;HLA-DPA1
DR 47-,GO_Biological_Process_2023,Immunoglobulin Production Involved In Immunoglobulin-Mediated Immune Response (GO:0002381),7.858521769884871e-14,1.2612927440665219e-11,0,0,219.2625,6616.156650115888,HLA-DRB5;HLA-DMA;HLA-DMB;HLA-DRA;HLA-DOB;HLA-DQA2;HLA-DQA1;HLA-DRB1;HLA-DPA1
DR 47-,GO_Biological_Process_2023,Immunoglobulin Mediated Immune Response (GO:0016064),2.3392299396267794e-12,3.003571242480785e-10,0,0,55.32763532763533,1481.7404299649547,CD74;HLA-DMA;HLA-DRB5;HLA-DMB;HLA-DRA;HLA-DOB;HLA-DQA2;HLA-DQA1;HLA-DRB1;HLA-DPA1
DR 47-,GO_Biological_Process_2023,Positive Regulation Of Lymphocyte Activation (GO:0051251),8.615547791325176e-12,9.218636136717939e-10,0,0,45.22144522144522,1152.1272299460852,HLA-DMA;HLA-DRB5;HLA-DMB;CLEC7A;HLA-DRA;HLA-DOB;HLA-DQA2;HLA-DQA1;HLA-DRB1;HLA-DPA1
DR 47-,GO_Biological_Process_2023,Positive Regulation Of Leukocyte Cell-Cell Adhesion (GO:1903039),2.695567695801437e-11,1.998756739234391e-09,0,0,38.22485207100592,930.2716193286805,HLA-DMA;HLA-DRB5;HLA-DMB;ITGB2;HLA-DRA;HLA-DOB;HLA-DQA2;HLA-DQA1;HLA-DRB1;HLA-DPA1
DR 47-,GO_Biological_Process_2023,Antigen Processing And Presentation Of Exogenous Peptide Antigen (GO:0002478),3.113328254259176e-11,1.998756739234391e-09,0,0,54.646875,1322.0578403758616,HLA-DMA;HLA-DRB5;HLA-DMB;HLA-DRA;HLA-DOB;HLA-DQA2;HLA-DQA1;HLA-DRB1;HLA-DPA1
DR 47-,GO_Biological_Process_2023,Antigen Processing And Presentation Of Exogenous Peptide Antigen Via MHC Class II (GO:0019886),3.113328254259176e-11,1.998756739234391e-09,0,0,54.646875,1322.0578403758616,HLA-DMA;HLA-DRB5;HLA-DMB;HLA-DRA;HLA-DOB;HLA-DQA2;HLA-DQA1;HLA-DRB1;HLA-DPA1
DR 47-,GO_Biological_Process_2023,Antigen Processing And Presentation Of Peptide Antigen Via MHC Class II (GO:0002495),3.113328254259176e-11,1.998756739234391e-09,0,0,54.646875,1322.0578403758616,HLA-DMA;HLA-DRB5;HLA-DMB;HLA-DRA;HLA-DOB;HLA-DQA2;HLA-DQA1;HLA-DRB1;HLA-DPA1
DR 47-,GO_Biological_Process_2023,Positive Regulation Of T Cell Activation (GO:0050870),3.997797547506984e-08,2.333260023181349e-06,0,0,14.457013574660634,246.27431758632656,HLA-DRB5;HLA-DMA;HLA-DMB;HLA-DRA;HLA-DQA2;HLA-DOB;AIF1;HLA-DRB1;HLA-DQA1;HLA-DPA1
DR 47-,GO_Biological_Process_2023,Regulation Of T Cell Activation (GO:0050863),4.91999524786308e-08,2.632197457606748e-06,0,0,17.334,291.68568669050796,HLA-DRB5;HLA-DMA;HLA-DMB;HLA-DRA;HLA-DQA2;HLA-DOB;HLA-DRB1;HLA-DQA1;HLA-DPA1
DR 47-,GO_Biological_Process_2023,Positive Regulation Of Immune Response (GO:0050778),0.00046126180181359997,0.02277923667417932,0,0,9.525691699604742,73.17202731621096,CD74;HLA-DMB;ITGB2;HLA-DRA;HLA-DRB1
DR 47-,GO_Biological_Process_2023,Antigen Processing And Presentation Of Endogenous Peptide Antigen (GO:0002483),0.0005882786265361932,0.025178325215749066,0,0,inf,inf,HLA-DRA;HLA-DRB1
DR 47-,GO_Biological_Process_2023,Autophagosome Maturation (GO:0097352),0.0005882786265361932,0.025178325215749066,0,0,inf,inf,CHMP1B;RUBCNL
DR 47-,GO_Biological_Process_2023,Positive Regulation Of Monocyte Differentiation (GO:0045657),0.001737170836615929,0.044610547084297056,0,0,82.97872340425532,527.3710645871456,CD74;HLA-DRB1
DR 47-,GO_Biological_Process_2023,Positive Regulation Of Superoxide Anion Generation (GO:0032930),0.001737170836615929,0.044610547084297056,0,0,82.97872340425532,527.3710645871456,CLEC7A;ITGB2
DR 47-,GO_Biological_Process_2023,Positive Regulation Of Viral Entry Into Host Cell (GO:0046598),0.001737170836615929,0.044610547084297056,0,0,82.97872340425532,527.3710645871456,CD74;HLA-DRB1
DR 47-,GO_Biological_Process_2023,Macroautophagy (GO:0016236),0.001737170836615929,0.044610547084297056,0,0,82.97872340425532,527.3710645871456,CHMP1B;RUBCNL
DR 47-,GO_Biological_Process_2023,Protein-Containing Complex Disassembly (GO:0032984),0.001737170836615929,0.044610547084297056,0,0,82.97872340425532,527.3710645871456,CHMP1B;RUBCNL
DR 47-,GO_Biological_Process_2023,Positive Regulation By Symbiont Of Entry Into Host (GO:0075294),0.001737170836615929,0.044610547084297056,0,0,82.97872340425532,527.3710645871456,CD74;HLA-DRB1
DR 47-,GO_Biological_Process_2023,"Positive Regulation Of CD4-positive, CD25-positive, Alpha-Beta Regulatory T Cell Differentiation (GO:0032831)",0.001737170836615929,0.044610547084297056,0,0,82.97872340425532,527.3710645871456,HLA-DRA;HLA-DRB1
DR 47-,GO_Biological_Process_2023,"Positive Regulation Of CD4-positive, Alpha-Beta T Cell Differentiation (GO:0043372)",0.001737170836615929,0.044610547084297056,0,0,82.97872340425532,527.3710645871456,HLA-DRA;HLA-DRB1
DR 47-,GO_Biological_Process_2023,"Regulation Of CD4-positive, Alpha-Beta T Cell Activation (GO:2000514)",0.001737170836615929,0.044610547084297056,0,0,82.97872340425532,527.3710645871456,HLA-DRA;HLA-DRB1
DR 47-,GO_Biological_Process_2023,Regulation Of T-helper Cell Differentiation (GO:0045622),0.001737170836615929,0.044610547084297056,0,0,82.97872340425532,527.3710645871456,HLA-DRA;HLA-DRB1
DR 47-,GO_Biological_Process_2023,Negative Regulation Of Intracellular Signal Transduction (GO:1902532),0.0019584167960236946,0.04835783011720046,0,0,6.604683195592287,41.18428729215904,DUSP2;SPI1;PLEK;PPIF;PLAUR
DR 49+,GO_Biological_Process_2023,Establishment Of Protein Localization To Organelle (GO:0072594),0.00013434228164528237,0.025793718075894215,0,0,248.5,2215.407239028808,MMP12;HK2
DR 49+,GO_Biological_Process_2023,Receptor Internalization (GO:0031623),0.0029411297178137566,0.04799935748213425,0,0,32.916666666666664,191.86998315862908,CXCL8;ADM
DR 49+,GO_Biological_Process_2023,Carbohydrate Catabolic Process (GO:0016052),0.004999933071055651,0.04799935748213425,0,0,inf,inf,HK2
DR 49+,GO_Biological_Process_2023,Carbohydrate Phosphorylation (GO:0046835),0.004999933071055651,0.04799935748213425,0,0,inf,inf,HK2
DR 49+,GO_Biological_Process_2023,Steroid Catabolic Process (GO:0006706),0.004999933071055651,0.04799935748213425,0,0,inf,inf,SPP1
DR 49+,GO_Biological_Process_2023,Establishment Of Protein Localization To Mitochondrion (GO:0072655),0.004999933071055651,0.04799935748213425,0,0,inf,inf,HK2
DR 49+,GO_Biological_Process_2023,Maintenance Of Protein Localization In Organelle (GO:0072595),0.004999933071055651,0.04799935748213425,0,0,inf,inf,HK2
DR 49+,GO_Biological_Process_2023,Positive Regulation Of Autophagy Of Mitochondrion In Response To Mitochondrial Depolarization (GO:1904925),0.004999933071055651,0.04799935748213425,0,0,inf,inf,HK2
DR 49+,GO_Biological_Process_2023,Positive Regulation Of Bone Resorption (GO:0045780),0.004999933071055651,0.04799935748213425,0,0,inf,inf,SPP1
DR 49+,GO_Biological_Process_2023,Positive Regulation Of Sequestering Of Triglyceride (GO:0010890),0.004999933071055651,0.04799935748213425,0,0,inf,inf,PLIN2
DR 49+,GO_Biological_Process_2023,Regulation Of Endothelial Cell-Matrix Adhesion Via Fibronectin (GO:1904904),0.004999933071055651,0.04799935748213425,0,0,inf,inf,MMP12
DR 49+,GO_Biological_Process_2023,Fructose 6-Phosphate Metabolic Process (GO:0006002),0.004999933071055651,0.04799935748213425,0,0,inf,inf,HK2
DR 49+,GO_Biological_Process_2023,Response To Testosterone (GO:0033574),0.004999933071055651,0.04799935748213425,0,0,inf,inf,SPP1
DR 49+,GO_Biological_Process_2023,Negative Regulation Of Macroautophagy (GO:0016242),0.004999933071055651,0.04799935748213425,0,0,inf,inf,NUPR1
DR 49+,GO_Biological_Process_2023,Negative Regulation Of Autophagosome Assembly (GO:1902902),0.004999933071055651,0.04799935748213425,0,0,inf,inf,NUPR1
DR 49+,GO_Biological_Process_2023,Regulation Of Autophagosome Assembly (GO:2000785),0.004999933071055651,0.04799935748213425,0,0,inf,inf,NUPR1
DR 49+,GO_Biological_Process_2023,Negative Regulation Of Organelle Assembly (GO:1902116),0.004999933071055651,0.04799935748213425,0,0,inf,inf,NUPR1
DR 49+,GO_Biological_Process_2023,Glycolytic Process (GO:0006096),0.004999933071055651,0.04799935748213425,0,0,inf,inf,HK2
DR 49+,GO_Biological_Process_2023,Lipid Droplet Disassembly (GO:1905691),0.004999933071055651,0.04799935748213425,0,0,inf,inf,PLIN2
DR 49+,GO_Biological_Process_2023,Regulation Of Urine Volume (GO:0035809),0.004999933071055651,0.04799935748213425,0,0,inf,inf,ADM
DR 50-,GO_Biological_Process_2023,Immunoglobulin Mediated Immune Response (GO:0016064),2.505259180929438e-13,8.630282258845121e-11,0,0,72.25925925925925,2096.617871921983,CD74;HLA-DRB5;HLA-DMB;FCER1A;HLA-DRA;HLA-DQA2;HLA-DQA1;HLA-DQB2;HLA-DRB1;HLA-DPA1
DR 50-,GO_Biological_Process_2023,MHC Class II Protein Complex Assembly (GO:0002399),5.368760347648598e-13,8.630282258845121e-11,0,0,244.75,6914.923995529596,HLA-DRB5;HLA-DMB;HLA-DRA;HLA-DQA2;HLA-DQA1;HLA-DQB2;HLA-DRB1;HLA-DPA1
DR 50-,GO_Biological_Process_2023,Peptide Antigen Assembly With MHC Class II Protein Complex (GO:0002503),5.368760347648598e-13,8.630282258845121e-11,0,0,244.75,6914.923995529596,HLA-DRB5;HLA-DMB;HLA-DRA;HLA-DQA2;HLA-DQA1;HLA-DQB2;HLA-DRB1;HLA-DPA1
DR 50-,GO_Biological_Process_2023,Peptide Antigen Assembly With MHC Protein Complex (GO:0002501),5.368760347648598e-13,8.630282258845121e-11,0,0,244.75,6914.923995529596,HLA-DRB5;HLA-DMB;HLA-DRA;HLA-DQA2;HLA-DQA1;HLA-DQB2;HLA-DRB1;HLA-DPA1
DR 50-,GO_Biological_Process_2023,Immunoglobulin Production Involved In Immunoglobulin-Mediated Immune Response (GO:0002381),1.940485943053195e-12,2.495464922766409e-10,0,0,163.08333333333334,4398.044818385911,HLA-DRB5;HLA-DMB;HLA-DRA;HLA-DQA2;HLA-DQA1;HLA-DQB2;HLA-DRB1;HLA-DPA1
DR 50-,GO_Biological_Process_2023,Positive Regulation Of Leukocyte Cell-Cell Adhesion (GO:1903039),1.3225674726489966e-10,1.4173514748555081e-08,0,0,40.354838709677416,917.9223003345681,HLA-DRB5;HLA-DMB;HLA-DRA;HLA-DQA2;TNF;HLA-DQB2;HLA-DQA1;HLA-DRB1;HLA-DPA1
DR 50-,GO_Biological_Process_2023,Antigen Processing And Presentation Of Exogenous Peptide Antigen (GO:0002478),2.622576838429167e-10,1.873685452344394e-08,0,0,54.19444444444444,1195.6212264969001,HLA-DRB5;HLA-DMB;HLA-DRA;HLA-DQA2;HLA-DQA1;HLA-DQB2;HLA-DRB1;HLA-DPA1
DR 50-,GO_Biological_Process_2023,Antigen Processing And Presentation Of Exogenous Peptide Antigen Via MHC Class II (GO:0019886),2.622576838429167e-10,1.873685452344394e-08,0,0,54.19444444444444,1195.6212264969001,HLA-DRB5;HLA-DMB;HLA-DRA;HLA-DQA2;HLA-DQA1;HLA-DQB2;HLA-DRB1;HLA-DPA1
DR 50-,GO_Biological_Process_2023,Antigen Processing And Presentation Of Peptide Antigen Via MHC Class II (GO:0002495),2.622576838429167e-10,1.873685452344394e-08,0,0,54.19444444444444,1195.6212264969001,HLA-DRB5;HLA-DMB;HLA-DRA;HLA-DQA2;HLA-DQA1;HLA-DQB2;HLA-DRB1;HLA-DPA1
DR 50-,GO_Biological_Process_2023,Positive Regulation Of Lymphocyte Activation (GO:0051251),2.0722817398536044e-09,1.3324771587258677e-07,0,0,37.44230769230769,748.644547498679,HLA-DRB5;HLA-DMB;HLA-DRA;HLA-DQA2;HLA-DQB2;HLA-DQA1;HLA-DRB1;HLA-DPA1
DR 50-,GO_Biological_Process_2023,Positive Regulation Of T Cell Activation (GO:0050870),4.754861450036116e-09,2.779432647612021e-07,0,0,18.88235294117647,361.86326750565553,CD86;HLA-DRB5;HLA-DMB;HLA-DRA;HLA-DQA2;AIF1;HLA-DQB2;HLA-DQA1;HLA-DRB1;HLA-DPA1
DR 50-,GO_Biological_Process_2023,Regulation Of T Cell Activation (GO:0050863),1.5323202477860532e-07,8.210682661053602e-06,0,0,18.596153846153847,291.7980624596056,HLA-DRB5;HLA-DMB;HLA-DRA;HLA-DQA2;HLA-DQB2;HLA-DQA1;HLA-DRB1;HLA-DPA1
DR 50-,GO_Biological_Process_2023,Positive Regulation Of T Cell Mediated Immunity (GO:0002711),1.7715365671605126e-06,8.76229240526315e-05,0,0,39.857142857142854,527.8545789415266,HLA-DRA;CD1E;CD1C;CD1A;HLA-DRB1
DR 50-,GO_Biological_Process_2023,Regulation Of T Cell Mediated Cytotoxicity (GO:0001914),2.8366765032629553e-06,0.0001302844993998629,0,0,34.857142857142854,445.22601349712204,HLA-DRA;CD1E;CD1C;CD1A;HLA-DRB1
DR 50-,GO_Biological_Process_2023,Regulation Of Chemokine Production (GO:0032642),4.348118848817919e-06,0.00018048267687683319,0,0,30.96825396825397,382.3268557840633,CSF1R;CD74;IL18;TNF;AIF1
DR 50-,GO_Biological_Process_2023,Positive Regulation Of Leukocyte Mediated Cytotoxicity (GO:0001912),4.491015287759457e-06,0.00018048267687683319,0,0,19.03921568627451,234.4380831126058,SPI1;HLA-DRA;CD1E;CD1C;CD1A;HLA-DRB1
DR 50-,GO_Biological_Process_2023,Positive Regulation Of T Cell Mediated Cytotoxicity (GO:0001916),1.6109824794328384e-05,0.0006093304319266558,0,0,43.44444444444444,479.4564181599967,HLA-DRA;CD1E;CD1C;HLA-DRB1
DR 50-,GO_Biological_Process_2023,Positive Regulation Of Chemokine Production (GO:0032722),1.754444894775001e-05,0.0006267267040779587,0,0,21.395604395604394,234.29840602173743,CSF1R;CD74;IL18;TNF;AIF1
DR 50-,GO_Biological_Process_2023,Positive Regulation Of Transferase Activity (GO:0051347),0.00021022797065978633,0.007114557112328559,0,0,18.037037037037038,152.72532911866168,CSF1R;CD74;PKIB;HLA-DRB1
DR 50-,GO_Biological_Process_2023,Positive Regulation Of Cytokine Production (GO:0001819),0.00023119151812462177,0.007178317718016954,0,0,5.28842504743833,44.276091213315745,CD86;CSF1R;CD74;IL18;LTB;PTGS2;TNF;AIF1;HLA-DPA1
DR 50-,GO_Biological_Process_2023,Positive Regulation Of I-kappaB kinase/NF-kappaB Signaling (GO:0043123),0.0002445497487288094,0.007178317718016954,0,0,11.057142857142857,91.95221502872329,CD74;LTB;S100B;TNF;HLA-DRB1
DR 50-,GO_Biological_Process_2023,Prostaglandin Metabolic Process (GO:0006693),0.0002456034055931151,0.007178317718016954,0,0,39.648648648648646,329.55134028923896,CD74;HPGDS;PTGS2
DR 50-,GO_Biological_Process_2023,Positive Regulation Of Cell Population Proliferation (GO:0008284),0.0003124294024999739,0.008734439382934053,0,0,5.653614457831325,45.63106871501087,CD86;CSF1R;CD74;IL18;CTSH;S100B;TNF;AIF1
DR 50-,GO_Biological_Process_2023,Positive Regulation Of T Cell Proliferation (GO:0042102),0.00038969096619884044,0.009649541447779327,0,0,9.857142857142858,77.3801143406556,CD86;HLA-DMB;IL18;AIF1;HLA-DPA1
DR 50-,GO_Biological_Process_2023,Antigen Processing And Presentation Of Endogenous Peptide Antigen (GO:0002483),0.000390183635524514,0.009649541447779327,0,0,inf,inf,HLA-DRA;HLA-DRB1
DR 50-,GO_Biological_Process_2023,Positive Regulation Of Fever Generation (GO:0031622),0.000390183635524514,0.009649541447779327,0,0,inf,inf,PTGS2;TNF
DR 50-,GO_Biological_Process_2023,Negative Regulation Of Lymphocyte Proliferation (GO:0050672),0.0005281297393722226,0.012577311941345894,0,0,13.5,101.87327591010715,CD86;LST1;MNDA;HLA-DRB1
DR 50-,GO_Biological_Process_2023,Positive Regulation Of Lymphocyte Proliferation (GO:0050671),0.0006747997275255523,0.015496293742818934,0,0,8.607142857142858,62.84156433106448,CD86;CD74;HLA-DMB;IL18;HLA-DPA1
DR 50-,GO_Biological_Process_2023,Regulation Of Tyrosine Phosphorylation Of STAT Protein (GO:0042509),0.0009242116759929955,0.01905452104859249,0,0,11.350877192982455,79.30369155461763,CSF1R;IL18;TNF;IL22RA2
DR 50-,GO_Biological_Process_2023,Positive Regulation Of Myeloid Leukocyte Differentiation (GO:0002763),0.0010950152375802146,0.01905452104859249,0,0,19.783783783783782,134.86579686906148,CD74;TNF;HLA-DRB1
DR 50-,GO_Biological_Process_2023,Positive Regulation Of Monocyte Differentiation (GO:0045657),0.0011557174508477562,0.01905452104859249,0,0,103.10526315789474,697.3043960151846,CD74;HLA-DRB1
DR 50-,GO_Biological_Process_2023,Positive Regulation Of Viral Entry Into Host Cell (GO:0046598),0.0011557174508477562,0.01905452104859249,0,0,103.10526315789474,697.3043960151846,CD74;HLA-DRB1
DR 50-,GO_Biological_Process_2023,Regulation Of Prostaglandin Biosynthetic Process (GO:0031392),0.0011557174508477562,0.01905452104859249,0,0,103.10526315789474,697.3043960151846,CD74;PTGS2
DR 50-,GO_Biological_Process_2023,Positive Regulation By Symbiont Of Entry Into Host (GO:0075294),0.0011557174508477562,0.01905452104859249,0,0,103.10526315789474,697.3043960151846,CD74;HLA-DRB1
DR 50-,GO_Biological_Process_2023,"Positive Regulation Of CD4-positive, CD25-positive, Alpha-Beta Regulatory T Cell Differentiation (GO:0032831)",0.0011557174508477562,0.01905452104859249,0,0,103.10526315789474,697.3043960151846,HLA-DRA;HLA-DRB1
DR 50-,GO_Biological_Process_2023,"Positive Regulation Of CD4-positive, Alpha-Beta T Cell Differentiation (GO:0043372)",0.0011557174508477562,0.01905452104859249,0,0,103.10526315789474,697.3043960151846,HLA-DRA;HLA-DRB1
DR 50-,GO_Biological_Process_2023,"Regulation Of CD4-positive, Alpha-Beta T Cell Activation (GO:2000514)",0.0011557174508477562,0.01905452104859249,0,0,103.10526315789474,697.3043960151846,HLA-DRA;HLA-DRB1
DR 50-,GO_Biological_Process_2023,Regulation Of T-helper 2 Cell Differentiation (GO:0045628),0.0011557174508477562,0.01905452104859249,0,0,103.10526315789474,697.3043960151846,CD86;IL18
DR 50-,GO_Biological_Process_2023,Regulation Of T-helper Cell Differentiation (GO:0045622),0.0011557174508477562,0.01905452104859249,0,0,103.10526315789474,697.3043960151846,HLA-DRA;HLA-DRB1
DR 50-,GO_Biological_Process_2023,Regulation Of I-kappaB kinase/NF-kappaB Signaling (GO:0043122),0.0013642633289529778,0.021930533012919116,0,0,7.225563909774436,47.668061617950585,CD74;LTB;S100B;TNF;HLA-DRB1
DR 50-,GO_Biological_Process_2023,Regulation Of Kinase Activity (GO:0043549),0.0018458958385634723,0.028949049370641775,0,0,15.81081081081081,99.52574279553006,CSF1R;CD74;HLA-DRB1
DR 50-,GO_Biological_Process_2023,Positive Regulation Of Immune Response (GO:0050778),0.001987915424458442,0.03043403852206615,0,0,8.962962962962964,55.75562329455439,CD74;HLA-DMB;HLA-DRA;HLA-DRB1
DR 50-,GO_Biological_Process_2023,Positive Regulation Of Intracellular Signal Transduction (GO:1902533),0.0022456327736122056,0.03057160386838452,0,0,4.512396694214876,27.52006028416739,CD86;CD74;IL18;LTB;S100B;TNF;HLA-DRB1
DR 50-,GO_Biological_Process_2023,Extrinsic Apoptotic Signaling Pathway Via Death Domain Receptors (GO:0008625),0.0022821726060380356,0.03057160386838452,0,0,51.526315789473685,313.41537984788715,SPI1;TNF
DR 50-,GO_Biological_Process_2023,Positive Regulation Of Unsaturated Fatty Acid Biosynthetic Process (GO:2001280),0.0022821726060380356,0.03057160386838452,0,0,51.526315789473685,313.41537984788715,CD74;PTGS2
DR 50-,GO_Biological_Process_2023,Prostaglandin Biosynthetic Process (GO:0001516),0.0022821726060380356,0.03057160386838452,0,0,51.526315789473685,313.41537984788715,CD74;PTGS2
DR 50-,GO_Biological_Process_2023,Prostanoid Biosynthetic Process (GO:0046457),0.0022821726060380356,0.03057160386838452,0,0,51.526315789473685,313.41537984788715,CD74;PTGS2
DR 50-,GO_Biological_Process_2023,Cognition (GO:0050890),0.0022821726060380356,0.03057160386838452,0,0,51.526315789473685,313.41537984788715,HLA-DRA;TNF
DR 50-,GO_Biological_Process_2023,Positive Regulation Of Kinase Activity (GO:0033674),0.0028560868831822893,0.03672927731772424,0,0,13.162162162162161,77.1079316287755,CSF1R;CD74;HLA-DRB1
DR 50-,GO_Biological_Process_2023,Regulation Of Neuroinflammatory Response (GO:0150077),0.0028560868831822893,0.03672927731772424,0,0,13.162162162162161,77.1079316287755,IL18;PTGS2;TNF
DR 50-,GO_Biological_Process_2023,Positive Regulation Of Immune Effector Process (GO:0002699),0.0034666723620499496,0.040928831309431375,0,0,12.143451143451143,68.78730904942461,HLA-DMB;HLA-DRA;HLA-DRB1
DR 50-,GO_Biological_Process_2023,Positive Regulation Of Memory T Cell Differentiation (GO:0043382),0.0037555226240380264,0.040928831309431375,0,0,34.333333333333336,191.73545524311845,HLA-DRA;HLA-DRB1
DR 50-,GO_Biological_Process_2023,T-helper 1 Type Immune Response (GO:0042088),0.0037555226240380264,0.040928831309431375,0,0,34.333333333333336,191.73545524311845,IL18;HLA-DRB1
DR 50-,GO_Biological_Process_2023,Regulation Of Monocyte Differentiation (GO:0045655),0.0037555226240380264,0.040928831309431375,0,0,34.333333333333336,191.73545524311845,CD74;HLA-DRB1
DR 50-,GO_Biological_Process_2023,Positive Regulation Of Viral Life Cycle (GO:1903902),0.0037555226240380264,0.040928831309431375,0,0,34.333333333333336,191.73545524311845,CD74;HLA-DRB1
DR 50-,GO_Biological_Process_2023,Cell Junction Maintenance (GO:0034331),0.0037555226240380264,0.040928831309431375,0,0,34.333333333333336,191.73545524311845,CSF1R;CLDN1
DR 50-,GO_Biological_Process_2023,"Positive Regulation Of CD4-positive, Alpha-Beta T Cell Activation (GO:2000516)",0.0037555226240380264,0.040928831309431375,0,0,34.333333333333336,191.73545524311845,HLA-DRA;HLA-DRB1
DR 50-,GO_Biological_Process_2023,"Regulation Of CD4-positive, Alpha-Beta T Cell Differentiation (GO:0043370)",0.0037555226240380264,0.040928831309431375,0,0,34.333333333333336,191.73545524311845,HLA-DRA;HLA-DRB1
DR 50-,GO_Biological_Process_2023,Positive Regulation Of T-helper Cell Differentiation (GO:0045624),0.0037555226240380264,0.040928831309431375,0,0,34.333333333333336,191.73545524311845,CD86;IL18
DR 50-,GO_Biological_Process_2023,Positive Regulation Of Smooth Muscle Cell Proliferation (GO:0048661),0.0041514712476641395,0.043760590364722,0,0,11.27027027027027,61.80945860415122,IL18;TNF;AIF1
DR 50-,GO_Biological_Process_2023,Positive Regulation Of Apoptotic Signaling Pathway (GO:2001235),0.0041514712476641395,0.043760590364722,0,0,11.27027027027027,61.80945860415122,CTSH;LTB;TNF
DR 51-,GO_Biological_Process_2023,Cellular Heat Acclimation (GO:0070370),3.0039536275852422e-09,1.9075105535166288e-07,0,0,inf,inf,HSPA6;HSPA1B;HSPA1A
DR 51-,GO_Biological_Process_2023,Heat Acclimation (GO:0010286),3.0039536275852422e-09,1.9075105535166288e-07,0,0,inf,inf,HSPA6;HSPA1B;HSPA1A
DR 51-,GO_Biological_Process_2023,'De Novo' Post-Translational Protein Folding (GO:0051084),3.001818862006394e-08,9.530774886870302e-07,0,0,2991.0,51808.49389383511,HSPA6;HSPA1B;HSPA1A
DR 51-,GO_Biological_Process_2023,Chaperone Cofactor-Dependent Protein Refolding (GO:0051085),3.001818862006394e-08,9.530774886870302e-07,0,0,2991.0,51808.49389383511,HSPA6;HSPA1B;HSPA1A
DR 51-,GO_Biological_Process_2023,Cellular Response To Heat (GO:0034605),1.0498677410349833e-07,2.6666640622288574e-06,0,0,1494.0,24007.73059472869,HSPA6;HSPA1B;HSPA1A
DR 51-,GO_Biological_Process_2023,Cellular Response To Oxidative Stress (GO:0034599),1.3607702945467362e-06,2.8802971234572584e-05,0,0,496.0,6699.699974251594,JUN;HSPA1B;HSPA1A
DR 51-,GO_Biological_Process_2023,ATP Metabolic Process (GO:0046034),3.0012693183208568e-06,3.1763433618895734e-05,0,0,inf,inf,HSPA1B;HSPA1A
DR 51-,GO_Biological_Process_2023,mRNA Catabolic Process (GO:0006402),3.0012693183208568e-06,3.1763433618895734e-05,0,0,inf,inf,HSPA1B;HSPA1A
DR 51-,GO_Biological_Process_2023,Regulation Of Microtubule Nucleation (GO:0010968),3.0012693183208568e-06,3.1763433618895734e-05,0,0,inf,inf,HSPA1B;HSPA1A
DR 51-,GO_Biological_Process_2023,Positive Regulation Of Microtubule Nucleation (GO:0090063),3.0012693183208568e-06,3.1763433618895734e-05,0,0,inf,inf,HSPA1B;HSPA1A
DR 51-,GO_Biological_Process_2023,Positive Regulation Of Microtubule Polymerization (GO:0031116),3.0012693183208568e-06,3.1763433618895734e-05,0,0,inf,inf,HSPA1B;HSPA1A
DR 51-,GO_Biological_Process_2023,Regulation Of Inclusion Body Assembly (GO:0090083),3.0012693183208568e-06,3.1763433618895734e-05,0,0,inf,inf,HSPA1B;HSPA1A
DR 51-,GO_Biological_Process_2023,mRNA Metabolic Process (GO:0016071),8.997913652689192e-06,6.014394915218566e-05,0,0,1995.0,23178.94305861963,HSPA1B;HSPA1A
DR 51-,GO_Biological_Process_2023,Negative Regulation Of Inclusion Body Assembly (GO:0090084),8.997913652689192e-06,6.014394915218566e-05,0,0,1995.0,23178.94305861963,HSPA1B;HSPA1A
DR 51-,GO_Biological_Process_2023,Regulation Of Mitotic Spindle Assembly (GO:1901673),8.997913652689192e-06,6.014394915218566e-05,0,0,1995.0,23178.94305861963,HSPA1B;HSPA1A
DR 51-,GO_Biological_Process_2023,Regulation Of Mitotic Spindle Organization (GO:0060236),8.997913652689192e-06,6.014394915218566e-05,0,0,1995.0,23178.94305861963,HSPA1B;HSPA1A
DR 51-,GO_Biological_Process_2023,Regulation Of Spindle Assembly (GO:0090169),8.997913652689192e-06,6.014394915218566e-05,0,0,1995.0,23178.94305861963,HSPA1B;HSPA1A
DR 51-,GO_Biological_Process_2023,Positive Regulation Of Tumor Necrosis Factor-Mediated Signaling Pathway (GO:1903265),8.997913652689192e-06,6.014394915218566e-05,0,0,1995.0,23178.94305861963,HSPA1B;HSPA1A
DR 51-,GO_Biological_Process_2023,Regulation Of Nucleotide-Binding Oligomerization Domain Containing 2 Signaling Pathway (GO:0070432),8.997913652689192e-06,6.014394915218566e-05,0,0,1995.0,23178.94305861963,HSPA1B;HSPA1A
DR 51-,GO_Biological_Process_2023,Regulation Of Protein Modification By Small Protein Conjugation Or Removal (GO:1903320),1.7983947883667675e-05,9.93026687489476e-05,0,0,997.0,10893.252889238369,HSPA1B;HSPA1A
DR 51-,GO_Biological_Process_2023,RNA Catabolic Process (GO:0006401),1.7983947883667675e-05,9.93026687489476e-05,0,0,997.0,10893.252889238369,HSPA1B;HSPA1A
DR 51-,GO_Biological_Process_2023,Purine Ribonucleoside Triphosphate Metabolic Process (GO:0009205),1.7983947883667675e-05,9.93026687489476e-05,0,0,997.0,10893.252889238369,HSPA1B;HSPA1A
DR 51-,GO_Biological_Process_2023,Cellular Response To Steroid Hormone Stimulus (GO:0071383),1.7983947883667675e-05,9.93026687489476e-05,0,0,997.0,10893.252889238369,HSPA1B;HSPA1A
DR 51-,GO_Biological_Process_2023,Response To Unfolded Protein (GO:0006986),4.490024732761545e-05,0.00021932043886950623,0,0,498.0,4985.511492900904,HSPA6;HSPA1A
DR 51-,GO_Biological_Process_2023,Purine Ribonucleotide Metabolic Process (GO:0009150),4.490024732761545e-05,0.00021932043886950623,0,0,498.0,4985.511492900904,HSPA1B;HSPA1A
DR 51-,GO_Biological_Process_2023,Regulation Of Tumor Necrosis Factor-Mediated Signaling Pathway (GO:0010803),4.490024732761545e-05,0.00021932043886950623,0,0,498.0,4985.511492900904,HSPA1B;HSPA1A
DR 51-,GO_Biological_Process_2023,Negative Regulation Of Protein Modification By Small Protein Conjugation Or Removal (GO:1903321),6.281854505491186e-05,0.0002751019042059933,0,0,398.2,3852.6886214601814,HSPA1B;HSPA1A
DR 51-,GO_Biological_Process_2023,Response To Steroid Hormone (GO:0048545),6.281854505491186e-05,0.0002751019042059933,0,0,398.2,3852.6886214601814,HSPA1B;HSPA1A
DR 51-,GO_Biological_Process_2023,Positive Regulation Of Erythrocyte Differentiation (GO:0045648),6.281854505491186e-05,0.0002751019042059933,0,0,398.2,3852.6886214601814,HSPA1B;HSPA1A
DR 51-,GO_Biological_Process_2023,Regulation Of Proteasomal Ubiquitin-Dependent Protein Catabolic Process (GO:0032434),8.370230051623418e-05,0.0003126527107518159,0,0,331.6666666666667,3113.767625036319,HSPA1B;HSPA1A
DR 51-,GO_Biological_Process_2023,Negative Regulation Of Protein Ubiquitination (GO:0031397),8.370230051623418e-05,0.0003126527107518159,0,0,331.6666666666667,3113.767625036319,HSPA1B;HSPA1A
DR 51-,GO_Biological_Process_2023,Positive Regulation Of Proteasomal Protein Catabolic Process (GO:1901800),8.370230051623418e-05,0.0003126527107518159,0,0,331.6666666666667,3113.767625036319,HSPA1B;HSPA1A
DR 51-,GO_Biological_Process_2023,Positive Regulation Of Myeloid Cell Differentiation (GO:0045639),8.370230051623418e-05,0.0003126527107518159,0,0,331.6666666666667,3113.767625036319,HSPA1B;HSPA1A
DR 51-,GO_Biological_Process_2023,Positive Regulation Of Ubiquitin-Dependent Protein Catabolic Process (GO:2000060),8.370230051623418e-05,0.0003126527107518159,0,0,331.6666666666667,3113.767625036319,HSPA1B;HSPA1A
DR 51-,GO_Biological_Process_2023,Positive Regulation Of Proteasomal Ubiquitin-Dependent Protein Catabolic Process (GO:0032436),0.00010754553704062103,0.00035021238985022743,0,0,284.14285714285717,2596.382691603881,HSPA1B;HSPA1A
DR 51-,GO_Biological_Process_2023,Negative Regulation Of Extrinsic Apoptotic Signaling Pathway In Absence Of Ligand (GO:2001240),0.00010754553704062103,0.00035021238985022743,0,0,284.14285714285717,2596.382691603881,HSPA1B;HSPA1A
DR 51-,GO_Biological_Process_2023,Negative Regulation Of Signal Transduction In Absence Of Ligand (GO:1901099),0.00010754553704062103,0.00035021238985022743,0,0,284.14285714285717,2596.382691603881,HSPA1B;HSPA1A
DR 51-,GO_Biological_Process_2023,Regulation Of Protein Ubiquitination (GO:0031396),0.00010754553704062103,0.00035021238985022743,0,0,284.14285714285717,2596.382691603881,HSPA1B;HSPA1A
DR 51-,GO_Biological_Process_2023,Positive Regulation Of Cytokine-Mediated Signaling Pathway (GO:0001961),0.00010754553704062103,0.00035021238985022743,0,0,284.14285714285717,2596.382691603881,HSPA1B;HSPA1A
DR 51-,GO_Biological_Process_2023,Regulation Of Erythrocyte Differentiation (GO:0045646),0.00013434228164528237,0.0004062254706893062,0,0,248.5,2215.407239028808,HSPA1B;HSPA1A
DR 51-,GO_Biological_Process_2023,Cellular Response To Chemical Stress (GO:0062197),0.00013434228164528237,0.0004062254706893062,0,0,248.5,2215.407239028808,HSPA1B;HSPA1A
DR 51-,GO_Biological_Process_2023,Regulation Of Extrinsic Apoptotic Signaling Pathway In Absence Of Ligand (GO:2001239),0.00013434228164528237,0.0004062254706893062,0,0,248.5,2215.407239028808,HSPA1B;HSPA1A
DR 51-,GO_Biological_Process_2023,Negative Regulation Of Cellular Component Organization (GO:0051129),0.00023239389267598227,0.0006863726597639477,0,0,180.45454545454547,1509.8770430181557,HSPA1B;HSPA1A
DR 51-,GO_Biological_Process_2023,Positive Regulation Of Interleukin-8 Production (GO:0032757),0.00027094501880292816,0.0007820458497266335,0,0,165.33333333333334,1357.9809805319253,HSPA1B;HSPA1A
DR 51-,GO_Biological_Process_2023,Cellular Response To Hormone Stimulus (GO:0032870),0.0004041168288830134,0.001115713853655276,0,0,132.06666666666666,1031.9433839014505,HSPA1B;HSPA1A
DR 51-,GO_Biological_Process_2023,Negative Regulation Of Cell Growth (GO:0030308),0.0004041168288830134,0.001115713853655276,0,0,132.06666666666666,1031.9433839014505,HSPA1B;HSPA1A
DR 51-,GO_Biological_Process_2023,Negative Regulation Of Extrinsic Apoptotic Signaling Pathway (GO:2001237),0.0004543270962352982,0.0012276498132315504,0,0,123.75,952.4657764527059,HSPA1B;HSPA1A
DR 51-,GO_Biological_Process_2023,Regulation Of Interleukin-8 Production (GO:0032677),0.0005634415090513777,0.0014907723260317702,0,0,109.88888888888889,822.1279013251861,HSPA1B;HSPA1A
DR 51-,GO_Biological_Process_2023,Protein Stabilization (GO:0050821),0.0007487589267151275,0.0019406608916902283,0,0,94.04761904761905,676.869506463617,HSPA1B;HSPA1A
DR 51-,GO_Biological_Process_2023,Regulation Of Apoptotic Process (GO:0042981),0.0008066885113935931,0.0020489888189397266,0,0,48.17948717948718,343.16191201425744,JUN;HSPA1B;HSPA1A
DR 51-,GO_Biological_Process_2023,Negative Regulation Of Growth (GO:0045926),0.0008866653654029861,0.002165509642426524,0,0,85.78260869565217,602.883855054807,HSPA1B;HSPA1A
DR 51-,GO_Biological_Process_2023,Cellular Response To Organic Cyclic Compound (GO:0071407),0.0008866653654029861,0.002165509642426524,0,0,85.78260869565217,602.883855054807,HSPA1B;HSPA1A
DR 51-,GO_Biological_Process_2023,Regulation Of Cell Growth (GO:0001558),0.0011967332335285704,0.0028676437860024233,0,0,72.92592592592592,490.6572788019472,HSPA1B;HSPA1A
DR 51-,GO_Biological_Process_2023,Regulation Of Cell Population Proliferation (GO:0042127),0.0012486989755319147,0.0029367549980102436,0,0,41.029411764705884,274.308413515687,JUN;HSPA1B;HSPA1A
DR 51-,GO_Biological_Process_2023,Positive Regulation Of NF-kappaB Transcription Factor Activity (GO:0051092),0.0014590716534428612,0.003369129090677152,0,0,65.53333333333333,427.9297110680444,HSPA1B;HSPA1A
DR 51-,GO_Biological_Process_2023,Regulation Of DNA-templated Transcription Initiation (GO:2000142),0.001999963168059245,0.004456058286728493,0,0,inf,inf,JUN
DR 51-,GO_Biological_Process_2023,Negative Regulation Of Transcription From RNA Polymerase II Promoter In Response To Stress (GO:0097201),0.001999963168059245,0.004456058286728493,0,0,inf,inf,JUN
DR 51-,GO_Biological_Process_2023,Positive Regulation Of DNA-binding Transcription Factor Activity (GO:0051091),0.00239758877166875,0.005249892655205712,0,0,50.17948717948718,302.7474847711312,HSPA1B;HSPA1A
DR 51-,GO_Biological_Process_2023,Negative Regulation Of Gene Expression (GO:0010629),0.003702846210320557,0.007691081852970198,0,0,39.734693877551024,222.46078330728565,HSPA1B;HSPA1A
DR 51-,GO_Biological_Process_2023,Cellular Response To Lipid (GO:0071396),0.003996562101388345,0.007691081852970198,0,0,38.13725490196079,210.6061545536548,HSPA1B;HSPA1A
DR 51-,GO_Biological_Process_2023,Positive Regulation Of RNA Splicing (GO:0033120),0.003996940175559315,0.007691081852970198,0,0,665.0,3672.2804008559224,HSPA1A
DR 51-,GO_Biological_Process_2023,Regulation Of Mitochondrial Outer Membrane Permeabilization Involved In Apoptotic Signaling Pathway (GO:1901028),0.003996940175559315,0.007691081852970198,0,0,665.0,3672.2804008559224,HSPA1A
DR 51-,GO_Biological_Process_2023,Negative Regulation Of Mitochondrial Membrane Permeability (GO:0035795),0.003996940175559315,0.007691081852970198,0,0,665.0,3672.2804008559224,HSPA1A
DR 51-,GO_Biological_Process_2023,Negative Regulation Of Mitochondrial Outer Membrane Permeabilization Involved In Apoptotic Signaling Pathway (GO:1901029),0.003996940175559315,0.007691081852970198,0,0,665.0,3672.2804008559224,HSPA1A
DR 51-,GO_Biological_Process_2023,Positive Regulation By Host Of Viral Transcription (GO:0043923),0.003996940175559315,0.007691081852970198,0,0,665.0,3672.2804008559224,JUN
DR 51-,GO_Biological_Process_2023,Positive Regulation Of DNA-templated Transcription Initiation (GO:2000144),0.003996940175559315,0.007691081852970198,0,0,665.0,3672.2804008559224,JUN
DR 51-,GO_Biological_Process_2023,Negative Regulation Of Transcription By RNA Polymerase II (GO:0000122),0.00562592001189367,0.010422564979318583,0,0,31.721311475409838,164.32815527971815,JUN;HSPA1A
DR 51-,GO_Biological_Process_2023,Chaperone-Mediated Protein Complex Assembly (GO:0051131),0.005990923177088634,0.010422564979318583,0,0,332.3333333333333,1700.719076579553,HSPA1A
DR 51-,GO_Biological_Process_2023,Positive Regulation Of RNA Metabolic Process (GO:0051254),0.005990923177088634,0.010422564979318583,0,0,332.3333333333333,1700.719076579553,HSPA1A
DR 51-,GO_Biological_Process_2023,Negative Regulation By Host Of Viral Transcription (GO:0043922),0.005990923177088634,0.010422564979318583,0,0,332.3333333333333,1700.719076579553,JUN
DR 51-,GO_Biological_Process_2023,Regulation Of RNA Splicing (GO:0043484),0.005990923177088634,0.010422564979318583,0,0,332.3333333333333,1700.719076579553,HSPA1A
DR 51-,GO_Biological_Process_2023,Cellular Response To Topologically Incorrect Protein (GO:0035967),0.005990923177088634,0.010422564979318583,0,0,332.3333333333333,1700.719076579553,HSPA1A
DR 51-,GO_Biological_Process_2023,Cellular Response To Unfolded Protein (GO:0034620),0.005990923177088634,0.010422564979318583,0,0,332.3333333333333,1700.719076579553,HSPA1A
DR 51-,GO_Biological_Process_2023,Negative Regulation Of Programmed Cell Death (GO:0043069),0.00751902917447166,0.012904279799431092,0,0,27.112676056338028,132.58961448381095,HSPA1B;HSPA1A
DR 51-,GO_Biological_Process_2023,Negative Regulation Of Endoplasmic Reticulum Stress-Induced Intrinsic Apoptotic Signaling Pathway (GO:1902236),0.00798191329112281,0.013516039839634625,0,0,221.44444444444446,1069.7044701093293,HSPA1A
DR 51-,GO_Biological_Process_2023,Positive Regulation Of Macromolecule Metabolic Process (GO:0010604),0.008137538785537371,0.013598255602147976,0,0,25.972972972972972,124.96292087796336,HSPA1B;HSPA1A
DR 51-,GO_Biological_Process_2023,Negative Regulation Of Cell Population Proliferation (GO:0008285),0.009899269947632301,0.016027581168880086,0,0,23.341463414634145,107.72772228618251,HSPA1B;HSPA1A
DR 51-,GO_Biological_Process_2023,Negative Regulation Of DNA Binding (GO:0043392),0.009969912695602573,0.016027581168880086,0,0,166.0,764.958452991596,JUN
DR 51-,GO_Biological_Process_2023,SMAD Protein Signal Transduction (GO:0060395),0.009969912695602573,0.016027581168880086,0,0,166.0,764.958452991596,JUN
DR 51-,GO_Biological_Process_2023,Negative Regulation Of Response To Endoplasmic Reticulum Stress (GO:1903573),0.011954923933398426,0.018292473970380724,0,0,132.73333333333332,587.5589715536112,HSPA1A
DR 51-,GO_Biological_Process_2023,Negative Regulation Of Mitochondrion Organization (GO:0010823),0.011954923933398426,0.018292473970380724,0,0,132.73333333333332,587.5589715536112,HSPA1A
DR 51-,GO_Biological_Process_2023,Vacuolar Transport (GO:0007034),0.011954923933398426,0.018292473970380724,0,0,132.73333333333332,587.5589715536112,HSPA1A
DR 51-,GO_Biological_Process_2023,Modulation By Host Of Symbiont Process (GO:0051851),0.011954923933398426,0.018292473970380724,0,0,132.73333333333332,587.5589715536112,JUN
DR 51-,GO_Biological_Process_2023,Negative Regulation Of DNA-templated Transcription (GO:0045892),0.012327728698771138,0.01863835172314208,0,0,20.695652173913043,90.97610406717739,JUN;HSPA1A
DR 51-,GO_Biological_Process_2023,Negative Regulation Of Apoptotic Process (GO:0043066),0.012584207871503763,0.018802287055070328,0,0,20.462365591397848,89.52924588833598,HSPA1B;HSPA1A
DR 51-,GO_Biological_Process_2023,Positive Regulation Of Gene Expression (GO:0010628),0.01284314342808993,0.018966037387993268,0,0,20.23404255319149,88.11814640076075,HSPA1B;HSPA1A
DR 51-,GO_Biological_Process_2023,Regulation Of Endoplasmic Reticulum Stress-Induced Intrinsic Apoptotic Signaling Pathway (GO:1902235),0.01393694971511305,0.019887557458644463,0,0,110.55555555555556,472.4272949222944,HSPA1A
DR 51-,GO_Biological_Process_2023,Integrated Stress Response Signaling (GO:0140467),0.01393694971511305,0.019887557458644463,0,0,110.55555555555556,472.4272949222944,JUN
DR 51-,GO_Biological_Process_2023,Positive Regulation Of Vascular Associated Smooth Muscle Cell Proliferation (GO:1904707),0.01393694971511305,0.019887557458644463,0,0,110.55555555555556,472.4272949222944,JUN
DR 51-,GO_Biological_Process_2023,Negative Regulation Of Cellular Process (GO:0048523),0.015002388490299813,0.021170037091867516,0,0,18.568627450980394,77.9798024980857,HSPA1B;HSPA1A
DR 51-,GO_Biological_Process_2023,Lysosomal Transport (GO:0007041),0.015915992842750006,0.022212429571750007,0,0,94.71428571428571,392.1579491912344,HSPA1A
DR 51-,GO_Biological_Process_2023,Positive Regulation Of Cytokine Production (GO:0001819),0.017018156013242462,0.023492454496541224,0,0,17.31192660550459,70.51969164357786,HSPA1B;HSPA1A
DR 51-,GO_Biological_Process_2023,Negative Regulation Of Transforming Growth Factor Beta Receptor Signaling Pathway (GO:0030512),0.017892056171902555,0.024433237998189507,0,0,82.83333333333333,333.271505266226,HSPA1A
DR 51-,GO_Biological_Process_2023,Regulation Of DNA Binding (GO:0051101),0.019865142588336743,0.026556559039144906,0,0,73.5925925925926,288.39382112938614,JUN
DR 51-,GO_Biological_Process_2023,Response To Cadmium Ion (GO:0046686),0.019865142588336743,0.026556559039144906,0,0,73.5925925925926,288.39382112938614,JUN
DR 51-,GO_Biological_Process_2023,Positive Regulation Of miRNA Metabolic Process (GO:2000630),0.021835255002465536,0.02858842665271261,0,0,66.2,253.16398717383677,JUN
DR 51-,GO_Biological_Process_2023,Positive Regulation Of miRNA Transcription (GO:1902895),0.021835255002465536,0.02858842665271261,0,0,66.2,253.16398717383677,JUN
DR 51-,GO_Biological_Process_2023,Regulation Of Gene Expression (GO:0010468),0.022392842522488486,0.029019295922000386,0,0,14.841269841269842,56.38219044182616,HSPA1B;HSPA1A
DR 51-,GO_Biological_Process_2023,Cellular Response To Cadmium Ion (GO:0071276),0.023802396346046768,0.029636317019097445,0,0,60.15151515151515,224.84449993577954,JUN
DR 51-,GO_Biological_Process_2023,Negative Regulation Of Binding (GO:0051100),0.023802396346046768,0.029636317019097445,0,0,60.15151515151515,224.84449993577954,JUN
DR 51-,GO_Biological_Process_2023,Transforming Growth Factor Beta Receptor Signaling Pathway (GO:0007179),0.023802396346046768,0.029636317019097445,0,0,60.15151515151515,224.84449993577954,JUN
DR 51-,GO_Biological_Process_2023,Negative Regulation Of Cell Death (GO:0060548),0.023802396346046768,0.029636317019097445,0,0,60.15151515151515,224.84449993577954,HSPA1B
DR 51-,GO_Biological_Process_2023,Regulation Of miRNA Transcription (GO:1902893),0.025766569548766608,0.03116527935898437,0,0,55.111111111111114,201.6337756746553,JUN
DR 51-,GO_Biological_Process_2023,Negative Regulation Of Intrinsic Apoptotic Signaling Pathway (GO:2001243),0.025766569548766608,0.03116527935898437,0,0,55.111111111111114,201.6337756746553,HSPA1A
DR 51-,GO_Biological_Process_2023,Negative Regulation Of Transmembrane Receptor Protein Serine/Threonine Kinase Signaling Pathway (GO:0090101),0.025766569548766608,0.03116527935898437,0,0,55.111111111111114,201.6337756746553,HSPA1A
DR 51-,GO_Biological_Process_2023,Transmembrane Receptor Protein Serine/Threonine Kinase Signaling Pathway (GO:0007178),0.027727777558243148,0.03260581249904518,0,0,50.84615384615385,182.29976120459048,JUN
DR 51-,GO_Biological_Process_2023,Regulation Of Cell Death (GO:0010941),0.027727777558243148,0.03260581249904518,0,0,50.84615384615385,182.29976120459048,HSPA1B
DR 51-,GO_Biological_Process_2023,Regulation Of Vascular Associated Smooth Muscle Cell Proliferation (GO:1904705),0.027727777558243148,0.03260581249904518,0,0,50.84615384615385,182.29976120459048,JUN
DR 51-,GO_Biological_Process_2023,Response To Reactive Oxygen Species (GO:0000302),0.02968602332368131,0.0342738632918866,0,0,47.19047619047619,165.9726299356419,JUN
DR 51-,GO_Biological_Process_2023,Negative Regulation Of Apoptotic Signaling Pathway (GO:2001234),0.02968602332368131,0.0342738632918866,0,0,47.19047619047619,165.9726299356419,HSPA1A
DR 51-,GO_Biological_Process_2023,Regulation Of Transforming Growth Factor Beta Receptor Signaling Pathway (GO:0017015),0.03164130980133688,0.036202219322250304,0,0,44.022222222222226,152.02157637342444,HSPA1A
DR 51-,GO_Biological_Process_2023,Regulation Of Transcription By RNA Polymerase II (GO:0006357),0.03226950309971855,0.03659131155057371,0,0,12.045751633986928,41.36068636019899,JUN;HSPA1A
DR 51-,GO_Biological_Process_2023,Positive Regulation Of Smooth Muscle Cell Proliferation (GO:0048661),0.033593639949148164,0.03709906324818971,0,0,41.25,139.97851383275926,JUN
DR 51-,GO_Biological_Process_2023,Cellular Response To Reactive Oxygen Species (GO:0034614),0.033593639949148164,0.03709906324818971,0,0,41.25,139.97851383275926,JUN
DR 51-,GO_Biological_Process_2023,Cellular Response To Transforming Growth Factor Beta Stimulus (GO:0071560),0.033593639949148164,0.03709906324818971,0,0,41.25,139.97851383275926,JUN
DR 51-,GO_Biological_Process_2023,Response To Endoplasmic Reticulum Stress (GO:0034976),0.03554301672472237,0.038913475207239145,0,0,38.80392156862745,129.4891355206655,JUN
DR 51-,GO_Biological_Process_2023,Regulation Of Cell Cycle (GO:0051726),0.04137345642483019,0.04490964928165328,0,0,32.93333333333333,104.89647879661244,JUN
DR 52+,GO_Biological_Process_2023,Positive Regulation Of Cytokine Production (GO:0001819),5.773387273233176e-06,0.006552794555119655,0,0,4.374184397163121,52.76251274601338,FCN1;CD86;CSF1R;FCER1G;SLC11A1;OSM;LAPTM5;LILRB2;POU2F2;AIF1;EREG;FGR;TYROBP;PTPRC;CLEC7A;IL1B;HMOX1
DR 52+,GO_Biological_Process_2023,Fc-gamma Receptor Signaling Pathway (GO:0038094),2.0140561775554217e-05,0.008812462550080556,0,0,27.35632183908046,295.7977467878711,LYN;FGR;FCGR3A;FCER1G;MYO1G
DR 52+,GO_Biological_Process_2023,Positive Regulation Of Phagocytosis (GO:0050766),2.3815073267247515e-05,0.008812462550080556,0,0,11.141176470588235,118.59996093291551,FCN1;FCER1G;PTPRC;CLEC7A;SLC11A1;IL1B;CFP
DR 52+,GO_Biological_Process_2023,Positive Regulation Of Interleukin-6 Production (GO:0032755),3.362918051675986e-05,0.008812462550080556,0,0,10.392941176470588,107.04850385739608,TYROBP;CLEC7A;IL1B;LILRB2;POU2F2;AIF1;EREG
DR 52+,GO_Biological_Process_2023,Immune Response-Activating Cell Surface Receptor Signaling Pathway (GO:0002429),3.8821420925465e-05,0.008812462550080556,0,0,21.873563218390803,222.15968429054863,LYN;FCER1G;C5AR1;FPR1;C3AR1
DR 52+,GO_Biological_Process_2023,Regulation Of Phagocytosis (GO:0050764),6.614619024352689e-05,0.01251265432106717,0,0,12.031712473572938,115.78890867364106,FGR;FCER1G;PTPRC;CLEC7A;SLC11A1;IL1B
DR 52+,GO_Biological_Process_2023,Regulation Of Mast Cell Degranulation (GO:0043304),9.432257847843754e-05,0.013382015821628325,0,0,inf,inf,LYN;FGR;STXBP2
DR 52+,GO_Biological_Process_2023,Positive Regulation Of Superoxide Anion Generation (GO:0032930),9.432257847843754e-05,0.013382015821628325,0,0,inf,inf,TYROBP;CLEC7A;ITGB2
DR 52+,GO_Biological_Process_2023,Fc Receptor Mediated Stimulatory Signaling Pathway (GO:0002431),0.00013211924108653454,0.01499553386332167,0,0,28.863636363636363,257.804391841079,LYN;FGR;FCER1G;MYO1G
DR 52+,GO_Biological_Process_2023,Regulation Of Nervous System Development (GO:0051960),0.00013211924108653454,0.01499553386332167,0,0,28.863636363636363,257.804391841079,CX3CR1;IL1B;TNFRSF1B;TYMP
DR 52+,GO_Biological_Process_2023,Positive Regulation Of Cell Population Proliferation (GO:0008284),0.00017497726046198736,0.016163274527502765,0,0,3.8607594936708862,33.39886876549096,LYN;CD86;CSF1R;C5AR1;OSM;AIF1;EREG;PTPRC;CLEC7A;IL1B;HMOX1;TIMP1;HBEGF
DR 52+,GO_Biological_Process_2023,Microglial Cell Activation (GO:0001774),0.0001775109323799673,0.016163274527502765,0,0,13.649425287356323,117.88296612167773,CX3CR1;TYROBP;C5AR1;ITGB2;AIF1
DR 52+,GO_Biological_Process_2023,Negative Regulation Of Lymphocyte Proliferation (GO:0050672),0.0001851300166145691,0.016163274527502765,0,0,9.438538205980066,81.11906532852392,CD86;SPN;LYN;TYROBP;LST1;LILRB2
DR 52+,GO_Biological_Process_2023,Phagocytosis (GO:0006909),0.000330667082462188,0.022995299338338705,0,0,8.25,66.11878747569288,TYROBP;BIN2;SLC11A1;ITGB2;AIF1;CORO1A
DR 52+,GO_Biological_Process_2023,Regulation Of Myeloid Cell Differentiation (GO:0045637),0.0003646831613128605,0.022995299338338705,0,0,64.28089887640449,508.8785552791196,LYN;SPI1;MAFB
DR 52+,GO_Biological_Process_2023,Neutrophil Activation Involved In Immune Response (GO:0002283),0.0003646831613128605,0.022995299338338705,0,0,64.28089887640449,508.8785552791196,FCER1G;TYROBP;STXBP2
DR 52+,GO_Biological_Process_2023,Regulation Of Superoxide Anion Generation (GO:0032928),0.0003646831613128605,0.022995299338338705,0,0,64.28089887640449,508.8785552791196,TYROBP;CLEC7A;ITGB2
DR 52+,GO_Biological_Process_2023,Positive Regulation Of Myeloid Leukocyte Mediated Immunity (GO:0002888),0.0003646831613128605,0.022995299338338705,0,0,64.28089887640449,508.8785552791196,SPI1;TYROBP;ITGB2
DR 52+,GO_Biological_Process_2023,Macrophage Activation (GO:0042116),0.0005395222965043203,0.032229358238547556,0,0,9.911180773249738,74.57991519393866,FCGR3A;SLC11A1;C5AR1;ITGB2;AIF1
DR 52+,GO_Biological_Process_2023,Regulation Of Interleukin-6 Production (GO:0032675),0.0006735581852885111,0.038224427015123005,0,0,5.737254901960784,41.898806359746146,TYROBP;CLEC7A;IL1B;LILRB2;POU2F2;AIF1;EREG
DR 52+,GO_Biological_Process_2023,Innate Immune Response Activating Cell Surface Receptor Signaling Pathway (GO:0002220),0.000712123312440902,0.03848856950573447,0,0,14.409090909090908,104.42642054381494,FCN1;LYN;TYROBP;CLEC7A
DR 52+,GO_Biological_Process_2023,Positive Regulation Of Tumor Necrosis Factor Superfamily Cytokine Production (GO:1903557),0.0008786197361991683,0.04349010999566459,0,0,6.586046511627907,46.347052291299704,CD86;SPN;FCGR3A;TYROBP;PTPRC;CLEC7A
DR 52+,GO_Biological_Process_2023,Fc-gamma Receptor Signaling Pathway Involved In Phagocytosis (GO:0038096),0.0008812973831720577,0.04349010999566459,0,0,32.12359550561798,225.96107904266097,LYN;FGR;MYO1G
DR 52+,GO_Biological_Process_2023,Positive Regulation Of Chemokine Production (GO:0032722),0.0009833783778222666,0.0458332662920926,0,0,8.377541998231653,58.010428553467726,CSF1R;CLEC7A;IL1B;HMOX1;AIF1
DR 52+,GO_Biological_Process_2023,Positive Regulation Of Intracellular Signal Transduction (GO:1902533),0.0010095433103985154,0.0458332662920926,0,0,3.2981927710843375,22.751782090510304,LYN;FGR;CD86;CX3CR1;PTPRC;CLEC7A;IL1B;OSM;LAPTM5;HMOX1;S100A4;HBEGF
DR 52+,GO_Biological_Process_2023,Phospholipase C-activating G Protein-Coupled Receptor Signaling Pathway (GO:0007200),0.0010798558284529239,0.047139860203618024,0,0,12.344155844155845,84.32203656952026,CX3CR1;C5AR1;C3AR1;FPR1
DR 53+,GO_Biological_Process_2023,Negative Regulation Of Fatty Acid Biosynthetic Process (GO:0045717),0.0009999772468562472,0.006999840727993731,0,0,inf,inf,APOC1
DR 53+,GO_Biological_Process_2023,Negative Regulation Of Fatty Acid Metabolic Process (GO:0045922),0.0009999772468562472,0.006999840727993731,0,0,inf,inf,APOC1
DR 53+,GO_Biological_Process_2023,Negative Regulation Of Lipid Biosynthetic Process (GO:0051055),0.0009999772468562472,0.006999840727993731,0,0,inf,inf,APOC1
DR 53+,GO_Biological_Process_2023,Very-Low-Density Lipoprotein Particle Assembly (GO:0034379),0.0009999772468562472,0.006999840727993731,0,0,inf,inf,APOC1
DR 53+,GO_Biological_Process_2023,Negative Regulation Of Cholesterol Transport (GO:0032375),0.0019994628802528407,0.00889561534761721,0,0,1997.0,12411.10875864577,APOC1
DR 53+,GO_Biological_Process_2023,Negative Regulation Of Lipoprotein Lipase Activity (GO:0051005),0.0019994628802528407,0.00889561534761721,0,0,1997.0,12411.10875864577,APOC1
DR 53+,GO_Biological_Process_2023,High-Density Lipoprotein Particle Remodeling (GO:0034375),0.0029984508787525596,0.00889561534761721,0,0,998.0,5798.040178435152,APOC1
DR 53+,GO_Biological_Process_2023,Phospholipid Efflux (GO:0033700),0.0029984508787525596,0.00889561534761721,0,0,998.0,5798.040178435152,APOC1
DR 53+,GO_Biological_Process_2023,Negative Regulation Of Lipase Activity (GO:0060192),0.0029984508787525596,0.00889561534761721,0,0,998.0,5798.040178435152,APOC1
DR 53+,GO_Biological_Process_2023,Regulation Of Fatty Acid Biosynthetic Process (GO:0042304),0.003996940175559315,0.00889561534761721,0,0,665.0,3672.2804008559224,APOC1
DR 53+,GO_Biological_Process_2023,Negative Regulation Of Receptor-Mediated Endocytosis (GO:0048261),0.003996940175559315,0.00889561534761721,0,0,665.0,3672.2804008559224,APOC1
DR 53+,GO_Biological_Process_2023,Negative Regulation Of Lipid Catabolic Process (GO:0050995),0.003996940175559315,0.00889561534761721,0,0,665.0,3672.2804008559224,APOC1
DR 53+,GO_Biological_Process_2023,Cholesterol Efflux (GO:0033344),0.004994930297647188,0.00889561534761721,0,0,498.5,2641.7169129698796,APOC1
DR 53+,GO_Biological_Process_2023,Regulation Of Cholesterol Transport (GO:0032374),0.004994930297647188,0.00889561534761721,0,0,498.5,2641.7169129698796,APOC1
DR 53+,GO_Biological_Process_2023,Regulation Of Lipoprotein Lipase Activity (GO:0051004),0.004994930297647188,0.00889561534761721,0,0,498.5,2641.7169129698796,APOC1
DR 53+,GO_Biological_Process_2023,Regulation Of Lipid Catabolic Process (GO:0050994),0.005992420981906273,0.00889561534761721,0,0,398.6,2039.7397474739962,APOC1
DR 53+,GO_Biological_Process_2023,Negative Regulation Of Lipid Metabolic Process (GO:0045833),0.005992420981906273,0.00889561534761721,0,0,398.6,2039.7397474739962,APOC1
DR 53+,GO_Biological_Process_2023,Triglyceride Metabolic Process (GO:0006641),0.005992420981906273,0.00889561534761721,0,0,398.6,2039.7397474739962,APOC1
DR 53+,GO_Biological_Process_2023,Regulation Of Receptor-Mediated Endocytosis (GO:0048259),0.006989412058842094,0.00889561534761721,0,0,332.0,1647.835134225178,APOC1
DR 53+,GO_Biological_Process_2023,Phospholipid Transport (GO:0015914),0.006989412058842094,0.00889561534761721,0,0,332.0,1647.835134225178,APOC1
DR 53+,GO_Biological_Process_2023,Acylglycerol Metabolic Process (GO:0006639),0.006989412058842094,0.00889561534761721,0,0,332.0,1647.835134225178,APOC1
DR 53+,GO_Biological_Process_2023,Negative Regulation Of Catabolic Process (GO:0009895),0.006989412058842094,0.00889561534761721,0,0,332.0,1647.835134225178,APOC1
DR 53+,GO_Biological_Process_2023,Negative Regulation Of Metabolic Process (GO:0009892),0.007985903415155158,0.009721969374971497,0,0,284.42857142857144,1373.8120047267832,APOC1
DR 53+,GO_Biological_Process_2023,Negative Regulation Of Endocytosis (GO:0045806),0.008981894965226188,0.010478877459430554,0,0,248.75,1172.2454190779274,APOC1
DR 53+,GO_Biological_Process_2023,Cholesterol Transport (GO:0030301),0.009977386647081452,0.011174673044731227,0,0,221.0,1018.2429321130927,APOC1
DR 53+,GO_Biological_Process_2023,Negative Regulation Of Cellular Catabolic Process (GO:0031330),0.01196687022218602,0.012887398700815714,0,0,180.63636363636363,799.4266865248305,APOC1
DR 53+,GO_Biological_Process_2023,Negative Regulation Of Cellular Biosynthetic Process (GO:0031327),0.0139543538470805,0.014471181767342741,0,0,152.69230769230768,652.2959981243176,APOC1
DR 53+,GO_Biological_Process_2023,Regulation Of Lipid Metabolic Process (GO:0019216),0.014947345616493145,0.014947345616493145,0,0,141.71428571428572,595.6565390400741,APOC1
DR 55+,GO_Biological_Process_2023,Sterol Catabolic Process (GO:0016127),8.553919288384893e-05,0.01074525013388184,0,0,inf,inf,CYP27A1;APOE
DR 55+,GO_Biological_Process_2023,Cholesterol Catabolic Process (GO:0006707),8.553919288384893e-05,0.01074525013388184,0,0,inf,inf,CYP27A1;APOE
DR 55+,GO_Biological_Process_2023,Alcohol Catabolic Process (GO:0046164),8.553919288384893e-05,0.01074525013388184,0,0,inf,inf,CYP27A1;APOE
DR 55+,GO_Biological_Process_2023,Endocytosis (GO:0006897),0.00011908150246866927,0.01074525013388184,0,0,20.864,188.5208949693946,ITGB2;CD14;APOE;FCGR2B
DR 55+,GO_Biological_Process_2023,Synapse Organization (GO:0050808),0.00015166506296129947,0.01074525013388184,0,0,41.083333333333336,361.28009573317564,C1QB;C1QA;C1QC
DR 55+,GO_Biological_Process_2023,Cell Junction Disassembly (GO:0150146),0.00025516425120036026,0.01074525013388184,0,0,232.94117647058823,1927.2628392543925,C1QB;C1QC
DR 55+,GO_Biological_Process_2023,Phospholipid Efflux (GO:0033700),0.00025516425120036026,0.01074525013388184,0,0,232.94117647058823,1927.2628392543925,APOC1;APOE
DR 55+,GO_Biological_Process_2023,High-Density Lipoprotein Particle Remodeling (GO:0034375),0.00025516425120036026,0.01074525013388184,0,0,232.94117647058823,1927.2628392543925,APOC1;APOE
DR 55+,GO_Biological_Process_2023,Humoral Immune Response Mediated By Circulating Immunoglobulin (GO:0002455),0.00025516425120036026,0.01074525013388184,0,0,232.94117647058823,1927.2628392543925,C1QB;C1QC
DR 55+,GO_Biological_Process_2023,Steroid Metabolic Process (GO:0008202),0.0005074372999642565,0.01923187366864532,0,0,116.41176470588235,883.1156422156549,CYP27A1;DHRS9
DR 55+,GO_Biological_Process_2023,Synapse Pruning (GO:0098883),0.0008409377168100556,0.024516568820847004,0,0,77.56862745098039,549.262904837032,C1QB;C1QC
DR 55+,GO_Biological_Process_2023,Cholesterol Efflux (GO:0033344),0.0008409377168100556,0.024516568820847004,0,0,77.56862745098039,549.262904837032,APOC1;APOE
DR 55+,GO_Biological_Process_2023,Secondary Alcohol Metabolic Process (GO:1902652),0.0008409377168100556,0.024516568820847004,0,0,77.56862745098039,549.262904837032,CYP27A1;APOE
DR 55+,GO_Biological_Process_2023,Phagocytosis (GO:0006909),0.0009995798072143596,0.02706005335244588,0,0,19.361842105263158,133.75500442958108,ITGB2;CD14;FCGR2B
DR 55+,GO_Biological_Process_2023,Sterol Metabolic Process (GO:0016125),0.001254261942158758,0.027962663298715836,0,0,58.14705882352941,388.49259303517607,CYP27A1;APOE
DR 55+,GO_Biological_Process_2023,Triglyceride Metabolic Process (GO:0006641),0.001254261942158758,0.027962663298715836,0,0,58.14705882352941,388.49259303517607,APOC1;APOE
DR 55+,GO_Biological_Process_2023,Cholesterol Metabolic Process (GO:0008203),0.001254261942158758,0.027962663298715836,0,0,58.14705882352941,388.49259303517607,CYP27A1;APOE
DR 55+,GO_Biological_Process_2023,Pattern Recognition Receptor Signaling Pathway (GO:0002221),0.0017460233416325417,0.03151156411803492,0,0,46.49411764705882,295.25691668636307,CD14;CTSS
DR 55+,GO_Biological_Process_2023,Phospholipid Transport (GO:0015914),0.0017460233416325417,0.03151156411803492,0,0,46.49411764705882,295.25691668636307,APOC1;APOE
DR 55+,GO_Biological_Process_2023,Plasma Membrane Invagination (GO:0099024),0.0017460233416325417,0.03151156411803492,0,0,46.49411764705882,295.25691668636307,ITGB2;FCGR2B
DR 55+,GO_Biological_Process_2023,Acylglycerol Metabolic Process (GO:0006639),0.0017460233416325417,0.03151156411803492,0,0,46.49411764705882,295.25691668636307,APOC1;APOE
DR 55+,GO_Biological_Process_2023,Inflammatory Response (GO:0006954),0.0019632928489783322,0.033822181352853996,0,0,7.012648809523809,43.71076703471213,ITGB2;C3AR1;CD14;FCGR2B;FOLR2
DR 55+,GO_Biological_Process_2023,Receptor-Mediated Endocytosis (GO:0006898),0.002511258918989482,0.04138117957813103,0,0,13.569444444444445,81.23987159934254,ITGB2;APOE;FCGR2B
DR 55+,GO_Biological_Process_2023,Negative Regulation Of Endocytosis (GO:0045806),0.0029593948297806285,0.044864425619474325,0,0,33.1764705882353,193.1789736031905,APOC1;FCGR2B
DR 55+,GO_Biological_Process_2023,"Phagocytosis, Engulfment (GO:0006911)",0.0029593948297806285,0.044864425619474325,0,0,33.1764705882353,193.1789736031905,ITGB2;FCGR2B
DR 56+,GO_Biological_Process_2023,Protein Catabolic Process (GO:0030163),1.1683203461376507e-05,0.00701969014310152,0,0,24.3125,276.12577486530375,CTSK;CTSZ;APOE;CTSD;CTSB
DR 56+,GO_Biological_Process_2023,Regulation Of Peptidase Activity (GO:0052547),2.599885238185748e-05,0.00701969014310152,0,0,38.048780487804876,401.69840804192677,CST3;CSTB;CTSK;CTSB
DR 56+,GO_Biological_Process_2023,Negative Regulation Of T Cell Receptor Signaling Pathway (GO:0050860),2.599885238185748e-05,0.00701969014310152,0,0,38.048780487804876,401.69840804192677,LGALS3;LAPTM5;PTPN22;LILRB4
DR 56+,GO_Biological_Process_2023,Cellular Component Disassembly (GO:0022411),9.106606606947344e-05,0.013121325227232528,0,0,14.25,132.58093572585446,MMP14;CTSK;MMP19;CAPG;MMP9
DR 56+,GO_Biological_Process_2023,Extracellular Matrix Disassembly (GO:0022617),9.106606606947344e-05,0.013121325227232528,0,0,14.25,132.58093572585446,MMP14;CTSK;MMP19;CAPG;MMP9
DR 56+,GO_Biological_Process_2023,Negative Regulation Of Antigen Receptor-Mediated Signaling Pathway (GO:0050858),9.71950016832039e-05,0.013121325227232528,0,0,23.74390243902439,219.3649585891545,LGALS3;LAPTM5;PTPN22;LILRB4
DR 56+,GO_Biological_Process_2023,Negative Regulation Of T Cell Activation (GO:0050868),0.00014212018485560836,0.016445335676148965,0,0,12.736842105263158,112.83361429678754,LGALS3;GPNMB;LAPTM5;PTPN22;LILRB4
DR 56+,GO_Biological_Process_2023,Negative Regulation Of Lymphocyte Activation (GO:0051250),0.0001901601416909154,0.0166186752091631,0,0,18.975609756097562,162.5762688795895,LGALS3;GPNMB;LAPTM5;PTPN22
DR 56+,GO_Biological_Process_2023,Negative Regulation Of Hydrolase Activity (GO:0051346),0.00020323992472732572,0.0166186752091631,0,0,46.476190476190474,395.0998295449447,CST3;CSTB;CTSB
DR 56+,GO_Biological_Process_2023,Proteolysis (GO:0006508),0.0002051688297427543,0.0166186752091631,0,0,7.018421052631579,59.59816714185332,MMP14;CTSK;CTSZ;MMP19;MMP9;CTSD;CTSB
DR 56+,GO_Biological_Process_2023,Regulation Of T Cell Receptor Signaling Pathway (GO:0050856),0.0002550613164539509,0.01878178784797275,0,0,17.24168514412417,142.65781641947595,LGALS3;LAPTM5;PTPN22;LILRB4
DR 56+,GO_Biological_Process_2023,Antigen Processing And Presentation Of Exogenous Peptide Antigen Via MHC Class I (GO:0042590),0.0004952339462133003,0.026742633095518217,0,0,inf,inf,FCER1G;IFI30
DR 56+,GO_Biological_Process_2023,Antigen Processing And Presentation Of Peptide Antigen Via MHC Class I (GO:0002474),0.0004952339462133003,0.026742633095518217,0,0,inf,inf,FCER1G;IFI30
DR 56+,GO_Biological_Process_2023,Positive Regulation Of Receptor Catabolic Process (GO:2000646),0.0004952339462133003,0.026742633095518217,0,0,inf,inf,LAPTM5;APOE
DR 56+,GO_Biological_Process_2023,Lipoprotein Catabolic Process (GO:0042159),0.0004952339462133003,0.026742633095518217,0,0,inf,inf,APOE;CTSD
DR 56+,GO_Biological_Process_2023,Lysosomal Transport (GO:0007041),0.0005513066067528756,0.027909896966864328,0,0,27.857142857142858,209.01825606502823,GRN;PSAP;LAPTM5
DR 57-,GO_Biological_Process_2023,Phosphatidylcholine Metabolic Process (GO:0046470),1.2532680431281952e-06,0.00027446570144507476,0,0,331.3333333333333,4502.739149311081,PLA2G2D;NR1H3;PLA2G7
DR 57-,GO_Biological_Process_2023,Inflammatory Response (GO:0006954),3.193839267579876e-05,0.0034972539979999644,0,0,24.674479166666668,255.4228489153065,CXCL9;PLA2G2D;IL18;CYBB;LYZ
DR 57-,GO_Biological_Process_2023,Organonitrogen Compound Catabolic Process (GO:1901565),0.0001788246009500497,0.013054195869353628,0,0,189.33333333333334,1633.7772351981703,IL4I1;PLA2G7
DR 57-,GO_Biological_Process_2023,Glycerophospholipid Metabolic Process (GO:0006650),0.00026761108738095605,0.014651707034107344,0,0,141.92857142857142,1167.500993602553,PLA2G2D;PLA2G7
DR 57-,GO_Biological_Process_2023,Acylglycerol Homeostasis (GO:0055090),0.00037378110660976947,0.016371612469507902,0,0,113.48571428571428,895.6111230716546,IL18;NR1H3
DR 57-,GO_Biological_Process_2023,Cellular Response To Lipopolysaccharide (GO:0071222),0.0006170719387713811,0.019953370007343162,0,0,25.69736842105263,189.91704237293993,CXCL9;IL18;NR1H3
DR 57-,GO_Biological_Process_2023,Triglyceride Homeostasis (GO:0070328),0.0006377789500064025,0.019953370007343162,0,0,80.9795918367347,595.8088700028933,IL18;NR1H3
DR 57-,GO_Biological_Process_2023,Regulation Of Macrophage Derived Foam Cell Differentiation (GO:0010743),0.0007953617614099869,0.021773028218598393,0,0,70.82142857142857,505.4322454467533,IL18;NR1H3
DR 57-,GO_Biological_Process_2023,Negative Regulation Of T Cell Proliferation (GO:0042130),0.001368987278038736,0.03172353481022318,0,0,51.42857142857143,339.10374988826976,IL4I1;PLA2G2D
DR 57-,GO_Biological_Process_2023,Sterol Homeostasis (GO:0055092),0.0015934195566778765,0.03172353481022318,0,0,47.11904761904762,303.53491628628905,IL18;NR1H3
DR 57-,GO_Biological_Process_2023,Cholesterol Homeostasis (GO:0042632),0.0015934195566778765,0.03172353481022318,0,0,47.11904761904762,303.53491628628905,IL18;NR1H3
DR 57-,GO_Biological_Process_2023,Defense Response To Gram-positive Bacterium (GO:0050830),0.0023647149723322962,0.040979895778844484,0,0,37.63809523809524,227.60124228567048,IL18;LYZ
DR 57-,GO_Biological_Process_2023,Regulation Of Inflammatory Response (GO:0050727),0.0029655657620472446,0.040979895778844484,0,0,14.35820895522388,83.57464668778645,IL18;NR1H3;PLA2G7
DR 57-,GO_Biological_Process_2023,Negative Regulation Of Lymphocyte Proliferation (GO:0050672),0.0032805277006156073,0.040979895778844484,0,0,31.317460317460316,179.12807450452237,IL4I1;PLA2G2D
DR 57-,GO_Biological_Process_2023,Ether Lipid Metabolic Process (GO:0046485),0.00449993734450074,0.040979895778844484,0,0,inf,inf,PLA2G7
DR 57-,GO_Biological_Process_2023,Phosphatidylcholine Acyl-Chain Remodeling (GO:0036151),0.00449993734450074,0.040979895778844484,0,0,inf,inf,NR1H3
DR 57-,GO_Biological_Process_2023,Phosphatidylcholine Catabolic Process (GO:0034638),0.00449993734450074,0.040979895778844484,0,0,inf,inf,PLA2G7
DR 57-,GO_Biological_Process_2023,Platelet Activating Factor Metabolic Process (GO:0046469),0.00449993734450074,0.040979895778844484,0,0,inf,inf,PLA2G7
DR 57-,GO_Biological_Process_2023,Regulation Of Triglyceride Biosynthetic Process (GO:0010866),0.00449993734450074,0.040979895778844484,0,0,inf,inf,NR1H3
DR 57-,GO_Biological_Process_2023,Negative Regulation Of Response To Type II Interferon (GO:0060331),0.00449993734450074,0.040979895778844484,0,0,inf,inf,NR1H3
DR 57-,GO_Biological_Process_2023,Negative Regulation Of Secretion (GO:0051048),0.00449993734450074,0.040979895778844484,0,0,inf,inf,NR1H3
DR 57-,GO_Biological_Process_2023,Negative Regulation Of Type II Interferon-Mediated Signaling Pathway (GO:0060336),0.00449993734450074,0.040979895778844484,0,0,inf,inf,NR1H3
DR 57-,GO_Biological_Process_2023,Positive Regulation Of Sterol Transport (GO:0032373),0.00449993734450074,0.040979895778844484,0,0,inf,inf,NR1H3
DR 57-,GO_Biological_Process_2023,Positive Regulation Of Triglyceride Biosynthetic Process (GO:0010867),0.00449993734450074,0.040979895778844484,0,0,inf,inf,NR1H3
DR 57-,GO_Biological_Process_2023,Negative Regulation Of T Cell Activation (GO:0050868),0.004720972874680002,0.040979895778844484,0,0,25.571428571428573,136.95393265373667,IL4I1;PLA2G2D
DR 57-,GO_Biological_Process_2023,Regulation Of Cold-Induced Thermogenesis (GO:0120161),0.006405383702315656,0.040979895778844484,0,0,21.593406593406595,109.06001430912191,IL18;NR1H3
DR 57-,GO_Biological_Process_2023,Positive Regulation Of Transcription By RNA Polymerase II (GO:0045944),0.00729123001699262,0.040979895778844484,0,0,10.204301075268818,50.216212758427524,IL4I1;IL18;NR1H3
DR 57-,GO_Biological_Process_2023,Positive Regulation Of Protein Metabolic Process (GO:0051247),0.008326541401214025,0.040979895778844484,0,0,18.676190476190477,89.4273355879957,IL18;NR1H3
DR 57-,GO_Biological_Process_2023,Antimicrobial Humoral Response (GO:0019730),0.008842989289688723,0.040979895778844484,0,0,18.06451612903226,85.41138614674433,CXCL9;LYZ
DR 57-,GO_Biological_Process_2023,Negative Regulation Of Digestive System Process (GO:0060457),0.008981894965226188,0.040979895778844484,0,0,248.75,1172.2454190779274,NR1H3
DR 57-,GO_Biological_Process_2023,Erythrose 4-Phosphate/Phosphoenolpyruvate Family Amino Acid Catabolic Process (GO:1902222),0.008981894965226188,0.040979895778844484,0,0,248.75,1172.2454190779274,IL4I1
DR 57-,GO_Biological_Process_2023,Positive Regulation Of Interleukin-13 Production (GO:0032736),0.008981894965226188,0.040979895778844484,0,0,248.75,1172.2454190779274,IL18
DR 57-,GO_Biological_Process_2023,Phosphatidylethanolamine Metabolic Process (GO:0046337),0.008981894965226188,0.040979895778844484,0,0,248.75,1172.2454190779274,PLA2G2D
DR 57-,GO_Biological_Process_2023,L-phenylalanine Catabolic Process (GO:0006559),0.008981894965226188,0.040979895778844484,0,0,248.75,1172.2454190779274,IL4I1
DR 57-,GO_Biological_Process_2023,L-phenylalanine Metabolic Process (GO:0006558),0.008981894965226188,0.040979895778844484,0,0,248.75,1172.2454190779274,IL4I1
DR 57-,GO_Biological_Process_2023,Tryptophan Metabolic Process (GO:0006568),0.008981894965226188,0.040979895778844484,0,0,248.75,1172.2454190779274,IL4I1
DR 57-,GO_Biological_Process_2023,Glycerophospholipid Catabolic Process (GO:0046475),0.008981894965226188,0.040979895778844484,0,0,248.75,1172.2454190779274,PLA2G7
DR 57-,GO_Biological_Process_2023,Tyrosine Metabolic Process (GO:0006570),0.008981894965226188,0.040979895778844484,0,0,248.75,1172.2454190779274,IL4I1
DR 57-,GO_Biological_Process_2023,Regulation Of Type II Interferon-Mediated Signaling Pathway (GO:0060334),0.008981894965226188,0.040979895778844484,0,0,248.75,1172.2454190779274,NR1H3
DR 57-,GO_Biological_Process_2023,Positive Regulation Of T-helper 2 Cell Differentiation (GO:0045630),0.008981894965226188,0.040979895778844484,0,0,248.75,1172.2454190779274,IL18
DR 57-,GO_Biological_Process_2023,Regulation Of Lipid Transport (GO:0032368),0.008981894965226188,0.040979895778844484,0,0,248.75,1172.2454190779274,NR1H3
DR 57-,GO_Biological_Process_2023,Regulation Of T Cell Mediated Immune Response To Tumor Cell (GO:0002840),0.008981894965226188,0.040979895778844484,0,0,248.75,1172.2454190779274,IL4I1
DR 57-,GO_Biological_Process_2023,Positive Regulation Of Transporter Activity (GO:0032411),0.008981894965226188,0.040979895778844484,0,0,248.75,1172.2454190779274,NR1H3
DR 57-,GO_Biological_Process_2023,Positive Regulation Of Triglyceride Metabolic Process (GO:0090208),0.008981894965226188,0.040979895778844484,0,0,248.75,1172.2454190779274,NR1H3
DR 57-,GO_Biological_Process_2023,Lipid Oxidation (GO:0034440),0.008981894965226188,0.040979895778844484,0,0,248.75,1172.2454190779274,PLA2G7
DR 57-,GO_Biological_Process_2023,Regulation Of Pinocytosis (GO:0048548),0.008981894965226188,0.040979895778844484,0,0,248.75,1172.2454190779274,NR1H3
DR 57-,GO_Biological_Process_2023,Positive Regulation Of Fatty Acid Biosynthetic Process (GO:0045723),0.008981894965226188,0.040979895778844484,0,0,248.75,1172.2454190779274,NR1H3
DR 57-,GO_Biological_Process_2023,Low-Density Lipoprotein Particle Remodeling (GO:0034374),0.008981894965226188,0.040979895778844484,0,0,248.75,1172.2454190779274,PLA2G7
DR 57-,GO_Biological_Process_2023,Cellular Response To Molecule Of Bacterial Origin (GO:0071219),0.00937368095362255,0.04189461487435384,0,0,17.491071428571427,81.68066968376974,CXCL9;NR1H3
DR 57-,GO_Biological_Process_2023,Positive Regulation Of Inflammatory Response (GO:0050729),0.010477360482109815,0.044055818317080254,0,0,16.445378151260503,74.96688935429533,IL18;PLA2G7
DR 57-,GO_Biological_Process_2023,Regulation Of T Cell Proliferation (GO:0042129),0.011636714830305962,0.044055818317080254,0,0,15.515873015873016,69.10133857406659,IL4I1;PLA2G2D
DR 57-,GO_Biological_Process_2023,Carboxylic Acid Catabolic Process (GO:0046395),0.013445914798449674,0.044055818317080254,0,0,124.3125,535.6725014742757,IL4I1
DR 57-,GO_Biological_Process_2023,mRNA Transcription By RNA Polymerase II (GO:0042789),0.013445914798449674,0.044055818317080254,0,0,124.3125,535.6725014742757,NR1H3
DR 57-,GO_Biological_Process_2023,Superoxide Anion Generation (GO:0042554),0.013445914798449674,0.044055818317080254,0,0,124.3125,535.6725014742757,CYBB
DR 57-,GO_Biological_Process_2023,Positive Regulation Of Lipoprotein Lipase Activity (GO:0051006),0.013445914798449674,0.044055818317080254,0,0,124.3125,535.6725014742757,NR1H3
DR 57-,GO_Biological_Process_2023,Negative Regulation Of Macrophage Derived Foam Cell Differentiation (GO:0010745),0.013445914798449674,0.044055818317080254,0,0,124.3125,535.6725014742757,NR1H3
DR 57-,GO_Biological_Process_2023,Tryptophan Catabolic Process (GO:0006569),0.013445914798449674,0.044055818317080254,0,0,124.3125,535.6725014742757,IL4I1
DR 57-,GO_Biological_Process_2023,Positive Regulation Of NK T Cell Proliferation (GO:0051142),0.013445914798449674,0.044055818317080254,0,0,124.3125,535.6725014742757,IL18
DR 57-,GO_Biological_Process_2023,Regulation Of NK T Cell Proliferation (GO:0051140),0.013445914798449674,0.044055818317080254,0,0,124.3125,535.6725014742757,IL18
DR 57-,GO_Biological_Process_2023,Alpha-Amino Acid Catabolic Process (GO:1901606),0.013445914798449674,0.044055818317080254,0,0,124.3125,535.6725014742757,IL4I1
DR 57-,GO_Biological_Process_2023,Regulation Of T-helper 2 Cell Differentiation (GO:0045628),0.013445914798449674,0.044055818317080254,0,0,124.3125,535.6725014742757,IL18
DR 57-,GO_Biological_Process_2023,Aromatic Amino Acid Family Catabolic Process (GO:0009074),0.013445914798449674,0.044055818317080254,0,0,124.3125,535.6725014742757,IL4I1
DR 57-,GO_Biological_Process_2023,Positive Regulation Of Toll-Like Receptor 4 Signaling Pathway (GO:0034145),0.013445914798449674,0.044055818317080254,0,0,124.3125,535.6725014742757,NR1H3
DR 57-,GO_Biological_Process_2023,Positive Regulation Of Triglyceride Lipase Activity (GO:0061365),0.013445914798449674,0.044055818317080254,0,0,124.3125,535.6725014742757,NR1H3
DR 57-,GO_Biological_Process_2023,Negative Regulation Of Cholesterol Storage (GO:0010887),0.013445914798449674,0.044055818317080254,0,0,124.3125,535.6725014742757,NR1H3
DR 57-,GO_Biological_Process_2023,Positive Regulation Of Fatty Acid Metabolic Process (GO:0045923),0.013445914798449674,0.044055818317080254,0,0,124.3125,535.6725014742757,NR1H3
DR 57-,GO_Biological_Process_2023,Positive Regulation Of Defense Response (GO:0031349),0.013478264051344188,0.044055818317080254,0,0,14.300366300366301,61.58705808486299,IL18;PLA2G7
DR 57-,GO_Biological_Process_2023,Positive Regulation Of DNA-templated Transcription (GO:0045893),0.014186286752512498,0.04568818821765055,0,0,7.8655462184873945,33.47167070982936,IL4I1;IL18;NR1H3
DR 58+,GO_Biological_Process_2023,Cellular Response To Zinc Ion (GO:0071294),3.1718089137260737e-16,6.02643693607954e-15,0,0,inf,inf,MT2A;MT1M;MT1F;MT1G;MT1H;MT1X
DR 58+,GO_Biological_Process_2023,Response To Zinc Ion (GO:0010043),9.515777059596487e-16,9.039988206616663e-15,0,0,inf,inf,MT2A;MT1M;MT1F;MT1G;MT1H;MT1X
DR 58+,GO_Biological_Process_2023,Cellular Response To Copper Ion (GO:0071280),5.233964447280726e-15,3.3148441499444594e-14,0,0,inf,inf,MT2A;MT1M;MT1F;MT1G;MT1H;MT1X
DR 58+,GO_Biological_Process_2023,Response To Copper Ion (GO:0046688),1.0468154046833903e-14,4.972373172246104e-14,0,0,inf,inf,MT2A;MT1M;MT1F;MT1G;MT1H;MT1X
DR 58+,GO_Biological_Process_2023,Negative Regulation Of Growth (GO:0045926),2.0066935172663732e-12,7.625435365612219e-12,0,0,inf,inf,MT2A;MT1M;MT1F;MT1G;MT1H;MT1X
DR 58+,GO_Biological_Process_2023,Cellular Response To Metal Ion (GO:0071248),1.0268343076702568e-11,3.2516419742891466e-11,0,0,inf,inf,MT2A;MT1M;MT1F;MT1G;MT1H;MT1X
DR 58+,GO_Biological_Process_2023,Response To Cadmium Ion (GO:0046686),4.715607092225456e-09,1.2799504964611954e-08,0,0,662.6666666666666,12704.902561660281,MT1F;MT1G;MT1H;MT1X
DR 58+,GO_Biological_Process_2023,Cellular Response To Cadmium Ion (GO:0071276),1.1097671234880735e-08,2.6356969182841745e-08,0,0,496.5,9094.157417726623,MT1F;MT1G;MT1H;MT1X
DR 58+,GO_Biological_Process_2023,Copper Ion Homeostasis (GO:0055070),0.005992420981906273,0.010350545332383563,0,0,398.6,2039.7397474739962,MT2A
DR 58+,GO_Biological_Process_2023,Intracellular Copper Ion Homeostasis (GO:0006878),0.005992420981906273,0.010350545332383563,0,0,398.6,2039.7397474739962,MT2A
DR 58+,GO_Biological_Process_2023,Monocyte Activation (GO:0042117),0.005992420981906273,0.010350545332383563,0,0,398.6,2039.7397474739962,MT1G
DR 58+,GO_Biological_Process_2023,Monocyte Differentiation (GO:0030224),0.008977407586967275,0.014214228679364851,0,0,199.2,938.8383898526647,MT1G
DR 58+,GO_Biological_Process_2023,Cellular Response To Vascular Endothelial Growth Factor Stimulus (GO:0035924),0.020842792075114226,0.029665620210552447,0,0,66.26666666666667,256.501507451473,MT1G
DR 58+,GO_Biological_Process_2023,Cellular Response To Cytokine Stimulus (GO:0071345),0.02185887804988075,0.029665620210552447,0,0,12.120253164556962,46.33752312294396,MT2A;MT1X
DR 58+,GO_Biological_Process_2023,Mononuclear Cell Differentiation (GO:1903131),0.03258957173139429,0.041280124193099434,0,0,39.68,135.8549129562092,MT1G
DR 58+,GO_Biological_Process_2023,Response To Metal Ion (GO:0010038),0.03550784484553427,0.042165565754071946,0,0,36.054545454545455,120.35013132850118,MT1X
DR 59-,GO_Biological_Process_2023,Positive Regulation Of Mitotic Sister Chromatid Separation (GO:1901970),5.362665247824356e-06,0.0031693351614641946,0,0,inf,inf,CDC20;UBE2C;BIRC5
DR 59-,GO_Biological_Process_2023,Positive Regulation Of Mitotic Cell Cycle Phase Transition (GO:1901992),2.6718359594748717e-05,0.007895275260248245,0,0,34.94642857142857,367.9914704326886,CDC20;RGCC;CCND1;UBE2C
DR 59-,GO_Biological_Process_2023,Actin Filament Organization (GO:0007015),0.00028307676161894163,0.015521029659699615,0,0,16.241666666666667,132.69104578396298,ACTA1;GSN;TPM1;CAPG
DR 59-,GO_Biological_Process_2023,Positive Regulation Of Metaphase/Anaphase Transition Of Cell Cycle (GO:1902101),0.00031514781034923075,0.015521029659699615,0,0,inf,inf,CDC20;UBE2C
DR 59-,GO_Biological_Process_2023,Positive Regulation Of Mitotic Metaphase/Anaphase Transition (GO:0045842),0.00031514781034923075,0.015521029659699615,0,0,inf,inf,CDC20;UBE2C
DR 59-,GO_Biological_Process_2023,Actin Filament Capping (GO:0051693),0.00031514781034923075,0.015521029659699615,0,0,inf,inf,GSN;CAPG
DR 59-,GO_Biological_Process_2023,Anaphase-Promoting Complex-Dependent Catabolic Process (GO:0031145),0.00031514781034923075,0.015521029659699615,0,0,inf,inf,CDC20;UBE2C
DR 59-,GO_Biological_Process_2023,Positive Regulation Of Ubiquitin Protein Ligase Activity (GO:1904668),0.00031514781034923075,0.015521029659699615,0,0,inf,inf,CDC20;UBE2C
DR 59-,GO_Biological_Process_2023,Positive Regulation Of Ubiquitin-Protein Transferase Activity (GO:0051443),0.00031514781034923075,0.015521029659699615,0,0,inf,inf,CDC20;UBE2C
DR 59-,GO_Biological_Process_2023,Barbed-End Actin Filament Capping (GO:0051016),0.00031514781034923075,0.015521029659699615,0,0,inf,inf,GSN;CAPG
DR 59-,GO_Biological_Process_2023,Regulation Of Ubiquitin Protein Ligase Activity (GO:1904666),0.00031514781034923075,0.015521029659699615,0,0,inf,inf,CDC20;UBE2C
DR 59-,GO_Biological_Process_2023,Positive Regulation Of Cysteine-Type Endopeptidase Activity Involved In Apoptotic Signaling Pathway (GO:2001269),0.00031514781034923075,0.015521029659699615,0,0,inf,inf,PRR7;GSN
DR 59-,GO_Biological_Process_2023,Regulation Of Stress Fiber Assembly (GO:0051492),0.00041803923563339034,0.01764722773280955,0,0,29.666666666666668,230.80474618589008,RGCC;TPM1;STMN1
DR 59-,GO_Biological_Process_2023,Positive Regulation Of Cell Cycle (GO:0045787),0.00041803923563339034,0.01764722773280955,0,0,29.666666666666668,230.80474618589008,RGCC;CCND1;ASNS
DR 59-,GO_Biological_Process_2023,Positive Regulation Of Mitotic Nuclear Division (GO:0045840),0.000589818728629352,0.023238857907996468,0,0,25.415584415584416,188.98254178607894,CDC20;RGCC;UBE2C
DR 59-,GO_Biological_Process_2023,Regulation Of Exit From Mitosis (GO:0007096),0.0009347246788597598,0.027621114260305904,0,0,115.47058823529412,805.4372059161233,RGCC;UBE2C
DR 59-,GO_Biological_Process_2023,Regulation Of Mitotic Metaphase/Anaphase Transition (GO:0030071),0.0009347246788597598,0.027621114260305904,0,0,115.47058823529412,805.4372059161233,CDC20;UBE2C
DR 59-,GO_Biological_Process_2023,Protein Depolymerization (GO:0051261),0.0009347246788597598,0.027621114260305904,0,0,115.47058823529412,805.4372059161233,GSN;STMN1
DR 59-,GO_Biological_Process_2023,Positive Regulation Of Cyclin-Dependent Protein Kinase Activity (GO:1904031),0.0009347246788597598,0.027621114260305904,0,0,115.47058823529412,805.4372059161233,RGCC;CCND1
DR 59-,GO_Biological_Process_2023,Positive Regulation Of Cyclin-Dependent Protein Serine/Threonine Kinase Activity (GO:0045737),0.0009347246788597598,0.027621114260305904,0,0,115.47058823529412,805.4372059161233,RGCC;CCND1
DR 59-,GO_Biological_Process_2023,Regulation Of Cysteine-Type Endopeptidase Activity Involved In Apoptotic Signaling Pathway (GO:2001267),0.0018482711955275111,0.043693131062270366,0,0,57.705882352941174,363.1722340561508,PRR7;GSN
DR 59-,GO_Biological_Process_2023,Actin Polymerization Or Depolymerization (GO:0008154),0.0018482711955275111,0.043693131062270366,0,0,57.705882352941174,363.1722340561508,GSN;CAPG
DR 59-,GO_Biological_Process_2023,Cell Projection Organization (GO:0030030),0.0018482711955275111,0.043693131062270366,0,0,57.705882352941174,363.1722340561508,GSN;CAPG
DR 59-,GO_Biological_Process_2023,Mitotic Cytokinesis (GO:0000281),0.0018482711955275111,0.043693131062270366,0,0,57.705882352941174,363.1722340561508,STMN1;BIRC5
DR 59-,GO_Biological_Process_2023,Mitotic Spindle Organization (GO:0007052),0.0018482711955275111,0.043693131062270366,0,0,57.705882352941174,363.1722340561508,STMN1;BIRC5
DR 60+,GO_Biological_Process_2023,Regulation Of Morphogenesis Of An Epithelium (GO:1905330),0.0019994628802528407,0.032348729372777524,0,0,1997.0,12411.10875864577,CXCL10
DR 60+,GO_Biological_Process_2023,Cellular Heat Acclimation (GO:0070370),0.0029984508787525596,0.032348729372777524,0,0,998.0,5798.040178435152,HSPA6
DR 60+,GO_Biological_Process_2023,Heat Acclimation (GO:0010286),0.0029984508787525596,0.032348729372777524,0,0,998.0,5798.040178435152,HSPA6
DR 60+,GO_Biological_Process_2023,'De Novo' Post-Translational Protein Folding (GO:0051084),0.004994930297647188,0.032348729372777524,0,0,498.5,2641.7169129698796,HSPA6
DR 60+,GO_Biological_Process_2023,Chaperone Cofactor-Dependent Protein Refolding (GO:0051085),0.004994930297647188,0.032348729372777524,0,0,498.5,2641.7169129698796,HSPA6
DR 60+,GO_Biological_Process_2023,Response To Unfolded Protein (GO:0006986),0.005992420981906273,0.032348729372777524,0,0,398.6,2039.7397474739962,HSPA6
DR 60+,GO_Biological_Process_2023,Antiviral Innate Immune Response (GO:0140374),0.006989412058842094,0.032348729372777524,0,0,332.0,1647.835134225178,CXCL10
DR 60+,GO_Biological_Process_2023,Cellular Response To Heat (GO:0034605),0.006989412058842094,0.032348729372777524,0,0,332.0,1647.835134225178,HSPA6
DR 60+,GO_Biological_Process_2023,T Cell Chemotaxis (GO:0010818),0.006989412058842094,0.032348729372777524,0,0,332.0,1647.835134225178,CXCL10
DR 60+,GO_Biological_Process_2023,Muscle Organ Development (GO:0007517),0.007985903415155158,0.032348729372777524,0,0,284.42857142857144,1373.8120047267832,CXCL10
DR 60+,GO_Biological_Process_2023,Regulation Of T Cell Chemotaxis (GO:0010819),0.007985903415155158,0.032348729372777524,0,0,284.42857142857144,1373.8120047267832,CXCL10
DR 60+,GO_Biological_Process_2023,Positive Regulation Of Lymphocyte Migration (GO:2000403),0.008981894965226188,0.032348729372777524,0,0,248.75,1172.2454190779274,CXCL10
DR 60+,GO_Biological_Process_2023,Positive Regulation Of Release Of Sequestered Calcium Ion Into Cytosol (GO:0051281),0.009977386647081452,0.032348729372777524,0,0,221.0,1018.2429321130927,CXCL10
DR 60+,GO_Biological_Process_2023,Positive Regulation Of Monocyte Chemotaxis (GO:0090026),0.010972378413210651,0.032348729372777524,0,0,198.8,897.0599944410644,CXCL10
DR 60+,GO_Biological_Process_2023,Positive Regulation Of Calcium Ion Transmembrane Transport (GO:1904427),0.010972378413210651,0.032348729372777524,0,0,198.8,897.0599944410644,CXCL10
DR 60+,GO_Biological_Process_2023,Blood Circulation (GO:0008015),0.010972378413210651,0.032348729372777524,0,0,198.8,897.0599944410644,CXCL10
DR 60+,GO_Biological_Process_2023,T Cell Migration (GO:0072678),0.010972378413210651,0.032348729372777524,0,0,198.8,897.0599944410644,CXCL10
DR 60+,GO_Biological_Process_2023,Positive Regulation Of T Cell Migration (GO:2000406),0.012960862041747468,0.032348729372777524,0,0,165.5,719.233387863369,CXCL10
DR 60+,GO_Biological_Process_2023,Regulation Of T Cell Migration (GO:2000404),0.012960862041747468,0.032348729372777524,0,0,165.5,719.233387863369,CXCL10
DR 60+,GO_Biological_Process_2023,Cellular Response To Virus (GO:0098586),0.012960862041747468,0.032348729372777524,0,0,165.5,719.233387863369,CXCL10
DR 60+,GO_Biological_Process_2023,Regulation Of Monocyte Chemotaxis (GO:0090025),0.0139543538470805,0.032348729372777524,0,0,152.69230769230768,652.2959981243176,CXCL10
DR 60+,GO_Biological_Process_2023,Regulation Of Release Of Sequestered Calcium Ion Into Cytosol (GO:0051279),0.0139543538470805,0.032348729372777524,0,0,152.69230769230768,652.2959981243176,CXCL10
DR 60+,GO_Biological_Process_2023,Positive Regulation Of Mononuclear Cell Migration (GO:0071677),0.01792332052038118,0.039044037284321605,0,0,116.52941176470588,468.64081083332223,CXCL10
DR 60+,GO_Biological_Process_2023,Negative Regulation Of Blood Vessel Morphogenesis (GO:2000181),0.018914311976491106,0.039044037284321605,0,0,110.0,436.462003565536,CXCL10
DR 60+,GO_Biological_Process_2023,Antimicrobial Humoral Immune Response Mediated By Antimicrobial Peptide (GO:0061844),0.01990480332141886,0.039044037284321605,0,0,104.15789473684211,407.96503834796744,CXCL10
DR 60+,GO_Biological_Process_2023,Regulation Of Programmed Cell Death (GO:0043067),0.01990480332141886,0.039044037284321605,0,0,104.15789473684211,407.96503834796744,CXCL10
DR 60+,GO_Biological_Process_2023,Negative Regulation Of Angiogenesis (GO:0016525),0.021884285642540323,0.04133698399146506,0,0,94.14285714285714,359.8127243917042,CXCL10
DR 60+,GO_Biological_Process_2023,Adenylate Cyclase-Activating G Protein-Coupled Receptor Signaling Pathway (GO:0007189),0.022873276605103077,0.04166203953072346,0,0,89.81818181818181,339.313870745676,CXCL10
DR 60+,GO_Biological_Process_2023,Positive Regulation Of Leukocyte Chemotaxis (GO:0002690),0.024849758093523296,0.043701298716196144,0,0,82.25,303.90612222991257,CXCL10
DR 60+,GO_Biological_Process_2023,Adenylate Cyclase-Modulating G Protein-Coupled Receptor Signaling Pathway (GO:0007188),0.028796719175389063,0.04895442259816141,0,0,70.35714285714286,249.59152918662753,CXCL10
DR 64+,GO_Biological_Process_2023,Regulation Of Apoptotic Process (GO:0042981),2.747295204292271e-06,0.0013948746671719548,0,0,4.683252427184466,59.96854946465853,EGLN3;ANXA1;IGFBP3;PLAUR;MT3;VEGFA;GREM1;IL6;DAB2;LGALS1;PDPN;ANGPTL4;NUPR1;PHLDA1;HSPA1B;IER3;HSPA1A
DR 64+,GO_Biological_Process_2023,Negative Regulation Of Extrinsic Apoptotic Signaling Pathway (GO:2001237),3.0622099624226877e-06,0.0013948746671719548,0,0,16.407862407862407,208.32035262905268,LGALS3;CSF2;SERPINE1;HMOX1;HSPA1B;ICAM1;HSPA1A
DR 64+,GO_Biological_Process_2023,Negative Regulation Of Programmed Cell Death (GO:0043069),3.6261906425614073e-06,0.0013948746671719548,0,0,5.92328431372549,74.20292466802839,ANXA1;PLAUR;MT3;VEGFA;GREM1;IL6;DAB2;PDPN;ANGPTL4;NUPR1;HSPA1B;IER3;HSPA1A
DR 64+,GO_Biological_Process_2023,Cellular Response To UV-A (GO:0071492),1.212856219897395e-05,0.0034990901944039845,0,0,99.63636363636364,1127.87839296835,MMP1;MMP2;MMP3;TIMP1
DR 64+,GO_Biological_Process_2023,Response To UV-A (GO:0070141),3.5264161092567725e-05,0.00813896838016463,0,0,49.79220779220779,510.50174940997414,MMP1;MMP2;MMP3;TIMP1
DR 64+,GO_Biological_Process_2023,Negative Regulation Of Apoptotic Process (GO:0043066),7.109573018453473e-05,0.013674078772158847,0,0,4.282819225251076,40.90727620677973,ANXA1;PLAUR;MT3;VEGFA;GREM1;IL6;DAB2;PDPN;ANGPTL4;NUPR1;HSPA1B;IER3;HSPA1A
DR 64+,GO_Biological_Process_2023,Positive Regulation Of Cell Differentiation (GO:0045597),0.00011321641752785689,0.01783967727685786,0,0,6.67432611577552,60.64432450191629,IL6;IFITM1;DAB2;CSF2;IGFBP3;RARRES2;TGFB1I1;PDPN
DR 64+,GO_Biological_Process_2023,Cellular Response To Decreased Oxygen Levels (GO:0036294),0.0001446877715921793,0.01783967727685786,0,0,13.961988304093568,123.4369952769581,EGLN3;HMOX1;RORA;MT3;VEGFA
DR 64+,GO_Biological_Process_2023,Cellular Response To Hypoxia (GO:0071456),0.0001446877715921793,0.01783967727685786,0,0,13.961988304093568,123.4369952769581,EGLN3;HMOX1;RORA;MT3;VEGFA
DR 64+,GO_Biological_Process_2023,Positive Regulation Of Proteasomal Protein Catabolic Process (GO:1901800),0.00015458992440951352,0.01783967727685786,0,0,24.87012987012987,218.2287889767037,DAB2;NUPR1;HSPA1B;HSPA1A
DR 64+,GO_Biological_Process_2023,Negative Regulation Of Cell Population Proliferation (GO:0008285),0.0004047840897146309,0.03591461703664079,0,0,3.9737769080234835,31.043768074457773,GREM1;IL6;IFITM1;IGFBP5;IGFBP3;TGFB1I1;PDPN;HMOX1;NUPR1;HSPA1B;HSPA1A
DR 64+,GO_Biological_Process_2023,Regulation Of Epithelial To Mesenchymal Transition (GO:0010717),0.000406183846578684,0.03591461703664079,0,0,10.455043859649123,81.64034988268803,GREM1;IL6;DAB2;TGFB1I1;PDPN
DR 64+,GO_Biological_Process_2023,Regulation Of Extrinsic Apoptotic Signaling Pathway Via Death Domain Receptors (GO:1902041),0.00043570592592111874,0.03591461703664079,0,0,16.562770562770563,128.17171259685168,LGALS3;SERPINE1;HMOX1;ICAM1
DR 64+,GO_Biological_Process_2023,Cellular Response To UV (GO:0034644),0.00043570592592111874,0.03591461703664079,0,0,16.562770562770563,128.17171259685168,MMP1;MMP2;MMP3;TIMP1
DR 64+,GO_Biological_Process_2023,Negative Regulation Of Cell Migration (GO:0030336),0.0005298394576953652,0.03829385121464404,0,0,5.956306306306306,44.9280402865786,IFITM1;IGFBP5;IGFBP3;SERPINE1;STC1;HMOX1;TIMP1
DR 64+,GO_Biological_Process_2023,Negative Regulation Of Extrinsic Apoptotic Signaling Pathway Via Death Domain Receptors (GO:1902042),0.0006038773262295638,0.03829385121464404,0,0,36.86538461538461,273.2513728609617,SERPINE1;HMOX1;ICAM1
DR 64+,GO_Biological_Process_2023,Regulation Of Leukocyte Migration (GO:0002685),0.0006038773262295638,0.03829385121464404,0,0,36.86538461538461,273.2513728609617,ANXA1;HMOX1;VEGFA
DR 64+,GO_Biological_Process_2023,Regulation Of Osteoblast Differentiation (GO:0045667),0.0006636715981740735,0.03829385121464404,0,0,14.189239332096475,103.83292460071378,GREM1;IL6;IFITM1;TNFAIP6
DR 64+,GO_Biological_Process_2023,Positive Regulation Of Epithelial To Mesenchymal Transition (GO:0010718),0.0006636715981740735,0.03829385121464404,0,0,14.189239332096475,103.83292460071378,DAB2;IL6;TGFB1I1;PDPN
DR 64+,GO_Biological_Process_2023,Positive Regulation Of Receptor-Mediated Endocytosis (GO:0048260),0.0006636715981740735,0.03829385121464404,0,0,14.189239332096475,103.83292460071378,GREM1;DAB2;SERPINE1;VEGFA
DR 64+,GO_Biological_Process_2023,Negative Regulation Of Endopeptidase Activity (GO:0010951),0.0009244778728082142,0.04849306660093996,0,0,8.350877192982455,58.34157835482622,SERPINB2;SERPINE1;TIMP3;TIMP1;MT3
DR 64+,GO_Biological_Process_2023,Regulation Of Interleukin-8 Production (GO:0032677),0.0009244778728082142,0.04849306660093996,0,0,8.350877192982455,58.34157835482622,IL6;ANXA1;SERPINE1;HSPA1B;HSPA1A
DR 64+,GO_Biological_Process_2023,Regulation Of Cell Population Proliferation (GO:0042127),0.001011384267043189,0.049220484007922616,0,0,2.998925373134328,20.6818948805086,EGLN3;IFITM1;CSF2;IGFBP3;TGFB1I1;FN1;VEGFA;GREM1;IL6;PDPN;TIMP1;NUPR1;HSPA1B;HSPA1A
DR 64+,GO_Biological_Process_2023,Respiratory System Development (GO:0060541),0.0011724946398853466,0.049220484007922616,0,0,24.564102564102566,165.77383386551435,BASP1;PDPN;VEGFA
DR 64+,GO_Biological_Process_2023,Positive Regulation Of Cell Migration Involved In Sprouting Angiogenesis (GO:0090050),0.0011724946398853466,0.049220484007922616,0,0,24.564102564102566,165.77383386551435,ANXA1;HMOX1;VEGFA
DR 64+,GO_Biological_Process_2023,Positive Regulation Of Cellular Component Organization (GO:0051130),0.0011751865091349754,0.049220484007922616,0,0,7.824835526315789,52.78891023670057,LGALS3;DAB2;MMP1;MMP3;VEGFA
DR 64+,GO_Biological_Process_2023,Negative Regulation Of Transmembrane Receptor Protein Serine/Threonine Kinase Signaling Pathway (GO:0090101),0.001351188505599858,0.049220484007922616,0,0,11.024531024531024,72.83654854656884,GREM1;TNFAIP6;TGFB1I1;HSPA1A
DR 64+,GO_Biological_Process_2023,Negative Regulation Of Cellular Component Organization (GO:0051129),0.001351188505599858,0.049220484007922616,0,0,11.024531024531024,72.83654854656884,LGALS3;HSPA1B;VEGFA;HSPA1A
DR 64+,GO_Biological_Process_2023,ATP Metabolic Process (GO:0046034),0.0016207785028605367,0.049220484007922616,0,0,inf,inf,HSPA1B;HSPA1A
DR 64+,GO_Biological_Process_2023,Negative Regulation Of Phospholipase Activity (GO:0010519),0.0016207785028605367,0.049220484007922616,0,0,inf,inf,RGS2;ANXA1
DR 64+,GO_Biological_Process_2023,Regulation Of Inclusion Body Assembly (GO:0090083),0.0016207785028605367,0.049220484007922616,0,0,inf,inf,HSPA1B;HSPA1A
DR 64+,GO_Biological_Process_2023,Regulation Of Microtubule Nucleation (GO:0010968),0.0016207785028605367,0.049220484007922616,0,0,inf,inf,HSPA1B;HSPA1A
DR 64+,GO_Biological_Process_2023,Regulation Of Trophoblast Cell Migration (GO:1901163),0.0016207785028605367,0.049220484007922616,0,0,inf,inf,TIMP1;VEGFA
DR 64+,GO_Biological_Process_2023,Positive Regulation Of Leukocyte Differentiation (GO:1902107),0.0016207785028605367,0.049220484007922616,0,0,inf,inf,LGALS3;LGALS1
DR 64+,GO_Biological_Process_2023,Positive Regulation Of Microtubule Nucleation (GO:0090063),0.0016207785028605367,0.049220484007922616,0,0,inf,inf,HSPA1B;HSPA1A
DR 64+,GO_Biological_Process_2023,Positive Regulation Of Microtubule Polymerization (GO:0031116),0.0016207785028605367,0.049220484007922616,0,0,inf,inf,HSPA1B;HSPA1A
DR 64+,GO_Biological_Process_2023,Leukocyte Apoptotic Process (GO:0071887),0.0016207785028605367,0.049220484007922616,0,0,inf,inf,IL6;CTSL
DR 64+,GO_Biological_Process_2023,mRNA Catabolic Process (GO:0006402),0.0016207785028605367,0.049220484007922616,0,0,inf,inf,HSPA1B;HSPA1A
DR 65+,GO_Biological_Process_2023,Intermediate Filament Organization (GO:0045109),9.87096666922328e-15,6.554321868364258e-12,0,0,71.68895348837209,2311.9098651321196,DSP;KRT81;KRT23;KRT7;KRT5;KRT86;KRT19;KRT17;KRT16;KRT15;KRT14;KRT6B;KRT6A
DR 65+,GO_Biological_Process_2023,Epidermis Development (GO:0008544),2.1778717679597594e-08,7.230534269626401e-06,0,0,23.6625,417.46169508186955,DSP;CRABP2;FABP5;KRT15;KRT14;KLK5;KRT5;KLK7;S100A7
DR 65+,GO_Biological_Process_2023,Establishment Of Skin Barrier (GO:0061436),1.5537049905050175e-06,0.0002579150284238329,0,0,101.06382978723404,1351.7153994359924,CLDN4;KRT16;IL18;SFN;CLDN1
DR 65+,GO_Biological_Process_2023,Skin Epidermis Development (GO:0098773),1.5537049905050175e-06,0.0002579150284238329,0,0,101.06382978723404,1351.7153994359924,CLDN4;KRT16;IL18;SFN;CLDN1
DR 65+,GO_Biological_Process_2023,Supramolecular Fiber Organization (GO:0097435),6.504691039420166e-06,0.0008638229700349982,0,0,5.596046511627907,66.8335104207334,DSP;KRT81;KRT23;KRT7;KRT5;KRT86;KRT19;KRT17;KRT16;KRT15;KRT14;KRT6B;KRT6A
DR 65+,GO_Biological_Process_2023,Epithelium Development (GO:0060429),3.870871918499426e-05,0.004283764923139365,0,0,10.255434782608695,104.18953261271864,KRT19;KRT17;KRT16;KRT15;KRT14;KRT23;KRT6A
DR 65+,GO_Biological_Process_2023,Defense Response To Bacterium (GO:0042742),9.173467175179532e-05,0.008701688863313156,0,0,5.3644482857966,49.87118438482923,SLPI;ANXA3;LCN2;IL18;DEFB1;PI3;S100A14;S100A9;S100A8;KRT6A
DR 65+,GO_Biological_Process_2023,Epithelial Cell Differentiation (GO:0030855),0.00013578945593458393,0.011270524842570467,0,0,7.959541062801932,70.87497715716121,KRT19;ANXA1;KRT17;KRT16;KRT15;KRT14;KRT23
DR 65+,GO_Biological_Process_2023,Keratinocyte Differentiation (GO:0030216),0.0003395185115940482,0.025048921299827553,0,0,19.96842105263158,159.50738966214962,DSP;ANXA1;KRT16;S100A7
DR 65+,GO_Biological_Process_2023,Response To Lipid (GO:0033993),0.00058089017733487,0.035492816251343914,0,0,5.950634057971015,44.337869946377694,ANXA1;SLPI;S100A14;S100A9;AQP3;S100A8;S100A7
DR 65+,GO_Biological_Process_2023,Epidermal Cell Differentiation (GO:0009913),0.0005879834017541914,0.035492816251343914,0,0,15.966315789473684,118.77041891632946,DSP;ANXA1;KRT16;S100A7
