# factor_first_significant | collection gavish (pan-cancer malignant metaprograms (Gavish)) | DRVI run drvi_tum_64 | 05_4 - 05_8 signature interpretation
# CAVEAT: Cells are the aneuploid epithelium called by inferCNV in 05_1: a per-cohort THRESHOLD on a CNV score, not a validated clone assignment - no matched normal, no bulk WGS.
# CAVEAT: Cells no run covered (not_tested) were excluded rather than assumed normal, and 19 of the 29 cohorts of the epithelial compartment reach the 200-cell floor, so this is the tumour the call could reach in the patients with the most of it.
# CAVEAT: The CellTypist labels carried along (cell_type_01_4) come from a NORMAL breast atlas with no malignant class and are landmarks, never identities: every state reported here is a state of malignant epithelium, named by its genes and not by that label.
dimension,collection,Gene_set,Term,Overlap,P-value,Adjusted P-value,Odds Ratio,Combined Score,direction,dim,fdr_bh_global,significant
DR 1+,lab,gs_ind_0,MP12_EMT_1,42/46,1.7535633613080623e-39,4.734621075531769e-38,107.04696810375044,9552.782445715548,+,DR 1,2.020104992226888e-36,True
DR 1+,lab,gs_ind_0,MP13_EMT_2,10/38,0.003076349835210654,0.02553762020653618,3.42795966293687,19.82735812307964,+,DR 1,0.0406097117354485,True
DR 1+,lab,gs_ind_0,MP15_EMT_4,15/34,2.0080312776783308e-07,2.7108422248657467e-06,7.633768746976294,117.71989648311725,+,DR 1,1.4924206657325399e-05,True
DR 1+,lab,gs_ind_0,MP18_INTERFERON_MHC_II_2,10/39,0.0037833511417090637,0.02553762020653618,3.3098892299479514,18.459732555536906,+,DR 1,0.04727406897577188,True
DR 1+,hallmark,gs_ind_0,Angiogenesis,7/18,0.001098228404340707,0.005491142021703535,6.031344792719919,41.09792683634926,+,DR 1,0.019362244479736536,True
DR 1+,hallmark,gs_ind_0,Apical Junction,11/37,0.0006269497186846939,0.0036572066923273813,4.0636730223527655,29.968142742013214,+,DR 1,0.012346086767944742,True
DR 1+,hallmark,gs_ind_0,Coagulation,22/48,8.851238316223619e-11,1.5489667053391333e-09,8.440621531631521,195.3824829529356,+,DR 1,1.1996031223870128e-08,True
DR 1+,hallmark,gs_ind_0,Epithelial Mesenchymal Transition,53/112,3.371433062528665e-26,1.1800015718850328e-24,10.616180031334567,622.6588591089063,+,DR 1,1.7654049491059192e-23,True
DR 1+,hallmark,gs_ind_0,KRAS Signaling Up,18/78,0.00043243783643727565,0.00302706485506093,2.916268538435413,22.589625990451445,+,DR 1,0.009408420298768675,True
DR 1+,hallmark,gs_ind_0,Myogenesis,20/51,1.90681777320631e-08,2.2246207354073617e-07,6.379941080772106,113.40501566031575,+,DR 1,1.8537734259766067e-06,True
DR 1+,hallmark,gs_ind_0,UV Response Dn,12/31,1.841555527939586e-05,0.0001611361086947138,6.05828742433517,66.04935698143535,+,DR 1,0.0007411102365522627,True
DR 1-,lab,gs_ind_0,MP14_EMT_3,10/32,0.00071884446712456,0.008626133605494721,4.356780402449694,31.53379074881248,-,DR 1,0.01373314802864831,True
DR 1-,lab,gs_ind_0,MP21_RESPIRATION,4/5,0.00044837002986319467,0.008070660537537504,27.47328244274809,211.81603246804076,-,DR 1,0.009408420298768675,True
DR 1-,lab,gs_ind_0,MP3_CELL_CYCLE_HMG_RICH,5/11,0.002659499577535494,0.023935496197819445,7.766869958685816,46.054566494324,-,DR 1,0.036445847470429754,True
DR 1-,lab,gs_ind_0,MP7_STRESS_IN_VITRO,8/19,0.00024933949485229397,0.008070660537537504,6.871033314511576,57.006868824016905,-,DR 1,0.006312947210326212,True
DR 1-,hallmark,gs_ind_0,DNA Repair,6/16,0.0031514828378030346,0.027733048972666704,5.698739135757131,32.82406608056813,-,DR 1,0.0406097117354485,True
DR 1-,hallmark,gs_ind_0,Oxidative Phosphorylation,9/11,3.8947341182875066e-08,1.713683012046503e-06,35.688250652741516,608.8792189914038,-,DR 1,3.360978968469124e-06,True
DR 1-,hallmark,gs_ind_0,Unfolded Protein Response,8/19,0.00024933949485229397,0.005485468886750467,6.871033314511576,57.006868824016905,-,DR 1,0.006312947210326212,True
DR 1-,hallmark,gs_ind_0,mTORC1 Signaling,12/49,0.002351442988433525,0.025865872872768775,3.118479221927498,18.87530058397867,-,DR 1,0.03453741412900367,True
DR 1-,hallmark,gs_ind_0,p53 Pathway,12/45,0.0010525899827390427,0.015437986413505961,3.4987529197513756,23.989204648608986,-,DR 1,0.018887595951952916,True
DR 2+,lab,gs_ind_0,MP6_HYPOXIA,10/32,0.00071884446712456,0.02587840081648416,4.356780402449694,31.53379074881248,+,DR 2,0.01373314802864831,True
DR 2+,hallmark,gs_ind_0,Estrogen Response Early,13/47,0.00044081509382605446,0.0067591647719995014,3.6866086956521738,28.486001648149458,+,DR 2,0.009408420298768675,True
DR 2+,hallmark,gs_ind_0,Estrogen Response Late,17/65,0.00012313838417512461,0.0028321828360278662,3.446023764712492,31.021801201142107,+,DR 2,0.0036095526353624318,True
DR 2+,hallmark,gs_ind_0,Oxidative Phosphorylation,8/11,1.1101597910414389e-06,5.106735038790619e-05,22.67717996289425,310.92696407503706,+,DR 2,7.105022662665209e-05,True
DR 2+,hallmark,gs_ind_0,mTORC1 Signaling,13/49,0.0006860119522520405,0.007889137450898465,3.4806575342465753,25.35525184951136,+,DR 2,0.013372009627653988,True
DR 2-,lab,gs_ind_0,MP35_HEMATO_RELATED_1,9/22,0.00013099433005702105,0.002881875261254463,6.56851368339619,58.72485412100063,-,DR 2,0.003820391600650335,True
DR 2-,hallmark,gs_ind_0,Allograft Rejection,38/73,1.42663817794724e-20,4.99323362281534e-19,11.782751895991332,538.429121138854,-,DR 2,4.695677659986344e-18,True
DR 2-,hallmark,gs_ind_0,Complement,19/66,1.0706459299378562e-05,0.00012490869182608323,3.9661591996520227,45.39135673651976,-,DR 2,0.00046542796652392836,True
DR 2-,hallmark,gs_ind_0,IL-2/STAT5 Signaling,18/70,9.822526375860494e-05,0.0008594710578877932,3.376099151989563,31.15547723321834,-,DR 2,0.0030094548896253425,True
DR 2-,hallmark,gs_ind_0,IL-6/JAK/STAT3 Signaling,9/31,0.0023774452607899232,0.016642116825529463,3.9212648680011606,23.691218837052602,-,DR 2,0.03453741412900367,True
DR 2-,hallmark,gs_ind_0,Inflammatory Response,24/73,3.909472064017905e-08,6.841576112031333e-07,4.911637622685781,83.77917033528014,-,DR 2,3.360978968469124e-06,True
DR 2-,hallmark,gs_ind_0,KRAS Signaling Up,16/78,0.003396058103941713,0.019810338939659992,2.487609756097561,14.142409482895015,-,DR 2,0.043421297843960635,True
DR 3+,lab,gs_ind_0,MP41_UNASSIGNED,5/8,0.00041498343885390234,0.010374585971347558,14.448301059554257,112.51284949262244,+,DR 3,0.009408420298768675,True
DR 3-,lab,gs_ind_0,MP11_TRANSLATION_INITIATION,4/7,0.002667000817497594,0.01866900572248316,11.761177753544166,69.70615686312823,-,DR 3,0.036445847470429754,True
DR 3-,lab,gs_ind_0,MP14_EMT_3,14/32,5.968869982019467e-07,2.0891044937068136e-05,7.491123831606405,107.35932603676179,-,DR 3,3.997754778654899e-05,True
DR 3-,lab,gs_ind_0,MP21_RESPIRATION,4/5,0.00044837002986319467,0.0052309836817372715,27.47328244274809,211.81603246804076,-,DR 3,0.009408420298768675,True
DR 3-,lab,gs_ind_0,MP3_CELL_CYCLE_HMG_RICH,6/11,0.00027959877808904316,0.004892978616558256,10.909792007478384,89.26560832643746,-,DR 3,0.0067667603436676,True
DR 3-,lab,gs_ind_0,MP8_PROTEASOMAL_DEGRADATION,5/9,0.0008581515173821787,0.007508825777094064,11.231315714691673,79.30128646272313,-,DR 3,0.015996610809454206,True
DR 3-,hallmark,gs_ind_0,DNA Repair,6/16,0.0031514828378030346,0.04622174828777784,5.698739135757131,32.82406608056813,-,DR 3,0.0406097117354485,True
DR 3-,hallmark,gs_ind_0,Estrogen Response Late,16/65,0.0004197487478719283,0.009234472453182423,3.1644083107497742,24.60597779619615,-,DR 3,0.009408420298768675,True
DR 3-,hallmark,gs_ind_0,Oxidative Phosphorylation,6/11,0.00027959877808904316,0.009234472453182423,10.909792007478384,89.26560832643746,-,DR 3,0.0067667603436676,True
DR 4+,lab,gs_ind_0,MP11_TRANSLATION_INITIATION,4/7,0.002667000817497594,0.029337008992473535,11.761177753544166,69.70615686312823,+,DR 4,0.036445847470429754,True
DR 4+,lab,gs_ind_0,MP21_RESPIRATION,4/5,0.00044837002986319467,0.014796210985485423,27.47328244274809,211.81603246804076,+,DR 4,0.009408420298768675,True
DR 4+,lab,gs_ind_0,MP7_STRESS_IN_VITRO,7/19,0.0015934136015422816,0.026291324425447647,5.545736434108528,35.72495001353711,+,DR 4,0.02467418605738574,True
DR 4+,hallmark,gs_ind_0,Oxidative Phosphorylation,9/11,3.8947341182875066e-08,1.7915776944122532e-06,35.688250652741516,608.8792189914038,+,DR 4,3.360978968469124e-06,True
DR 4+,hallmark,gs_ind_0,Unfolded Protein Response,8/19,0.00024933949485229397,0.005734808381602762,6.871033314511576,57.006868824016905,+,DR 4,0.006312947210326212,True
DR 4-,lab,gs_ind_0,MP10_PROTEIN_MATURATION,7/14,0.00016816930893802333,0.0014714814532077042,9.268733850129198,80.55029573707145,-,DR 4,0.0045907830307251865,True
DR 4-,lab,gs_ind_0,MP41_UNASSIGNED,6/8,2.1976955858542536e-05,0.0007691934550489888,24.04164524421594,257.85905348717876,-,DR 4,0.0008553193631432771,True
DR 4-,lab,gs_ind_0,MP4_CHROMATIN,4/4,9.731911478979302e-05,0.0014714814532077042,82.46564885496183,761.7776794946161,-,DR 4,0.0030094548896253425,True
DR 4-,lab,gs_ind_0,MP5_STRESS,13/43,0.00016495644986090925,0.0014714814532077042,4.179540983606557,36.40308751287863,-,DR 4,0.004535318144147194,True
DR 5+,lab,gs_ind_0,MP14_EMT_3,13/32,4.271922425527623e-06,0.00015378920731899442,6.577846153846154,81.32484976666557,+,DR 5,0.0002177546298322045,True
DR 5+,lab,gs_ind_0,MP32_SKIN_PIGMENTATION,6/15,0.002146047010168408,0.019314423091515674,6.302124205114328,38.72105608064646,+,DR 5,0.032274753991044465,True
DR 5+,lab,gs_ind_0,MP5_STRESS,14/43,3.6303749506164125e-05,0.0006534674911109542,4.668832644158677,47.732228537428114,+,DR 5,0.0012868282901877253,True
DR 5+,lab,gs_ind_0,MP7_STRESS_IN_VITRO,8/19,0.00024933949485229397,0.002992073938227528,6.871033314511576,57.006868824016905,+,DR 5,0.006312947210326212,True
DR 5+,hallmark,gs_ind_0,Androgen Response,10/21,1.059241977182892e-05,0.0004766588897323014,8.576857240671004,98.25108966978131,+,DR 5,0.0004639721512223162,True
DR 5+,hallmark,gs_ind_0,Apoptosis,17/59,3.1696002737503654e-05,0.0007131600615938321,3.94598493348293,40.87772056868248,+,DR 5,0.0011831561255956865,True
DR 5+,hallmark,gs_ind_0,Cholesterol Homeostasis,8/20,0.0003802866440654024,0.004278224745735777,6.317818181818182,49.7501979495992,+,DR 5,0.008726896692496884,True
DR 5+,hallmark,gs_ind_0,Hypoxia,15/70,0.002906951568010528,0.02180213676007896,2.6279352128408733,15.348850636602599,+,DR 5,0.039537286969871646,True
DR 5+,hallmark,gs_ind_0,Protein Secretion,4/7,0.002667000817497594,0.02180213676007896,11.761177753544166,69.70615686312823,+,DR 5,0.036445847470429754,True
DR 5+,hallmark,gs_ind_0,p53 Pathway,14/45,6.438646399233802e-05,0.0009657969598850703,4.3674624452104345,42.14866422860711,+,DR 5,0.0020776808548788064,True
DR 5-,lab,gs_ind_0,MP2_CELL_CYCLE_G1_S,36/36,4.792914150648873e-38,1.2940868206751959e-36,799.0060790273557,68659.46722267874,-,DR 5,5.019488274134093e-35,True
DR 5-,lab,gs_ind_0,MP3_CELL_CYCLE_HMG_RICH,11/11,7.769382594902692e-12,1.0488666503118634e-10,218.53034300791558,5590.187644978283,-,DR 5,1.209503885044311e-09,True
DR 5-,lab,gs_ind_0,MP8_PROTEASOMAL_DEGRADATION,5/9,0.0008581515173821787,0.007723363656439609,11.231315714691673,79.30128646272313,-,DR 5,0.015996610809454206,True
DR 5-,hallmark,gs_ind_0,DNA Repair,9/16,5.16300461734021e-06,3.820623416831755e-05,11.863011314186249,144.42020314734387,-,DR 5,0.000255269584513988,True
DR 5-,hallmark,gs_ind_0,E2F Targets,56/64,1.0363042467482428e-50,3.834325712968498e-49,82.45572969672298,9490.12626634113,-,DR 5,5.969112461269878e-47,True
DR 5-,hallmark,gs_ind_0,G2-M Checkpoint,43/58,1.0487875274251295e-32,1.9402569257364894e-31,31.81536098310292,2342.726912571612,-,DR 5,8.054688210624994e-30,True
DR 5-,hallmark,gs_ind_0,Mitotic Spindle,22/35,1.548028003769914e-14,1.9092345379828938e-13,16.69000933706816,530.7291024086087,-,DR 5,3.2424150188053468e-12,True
DR 5-,hallmark,gs_ind_0,Myc Targets V1,13/18,3.7868205639245995e-10,3.5028090216302543e-09,23.504727272727273,509.91917284706653,-,DR 5,4.7417579235229774e-08,True
DR 5-,hallmark,gs_ind_0,Spermatogenesis,6/16,0.0031514828378030346,0.016657837856958894,5.698739135757131,32.82406608056813,-,DR 5,0.0406097117354485,True
DR 5-,hallmark,gs_ind_0,mTORC1 Signaling,12/49,0.002351442988433525,0.014500565095340071,3.118479221927498,18.87530058397867,-,DR 5,0.03453741412900367,True
DR 6+,lab,gs_ind_0,MP13_EMT_2,13/38,3.851744498768228e-05,0.0011555233496304683,5.013176470588236,50.95592742212789,+,DR 6,0.0013446089886609087,True
DR 6+,lab,gs_ind_0,MP14_EMT_3,11/32,0.0001486887837228332,0.002230331755842498,5.022826287046696,44.26945870327691,+,DR 6,0.004229369848116144,True
DR 6+,lab,gs_ind_0,MP16_MES_GLIOMA,8/19,0.00024933949485229397,0.0024933949485229394,6.871033314511576,57.006868824016905,+,DR 6,0.006312947210326212,True
DR 6+,lab,gs_ind_0,MP26_NPC_GLIOMA,6/13,0.0008738731352655757,0.006554048514491818,7.991602399314481,56.281462040462216,+,DR 6,0.016081499230446376,True
DR 6+,hallmark,gs_ind_0,Hypoxia,18/70,9.822526375860494e-05,0.002406518962085821,3.376099151989563,31.15547723321834,+,DR 6,0.0030094548896253425,True
DR 6+,hallmark,gs_ind_0,TNF-alpha Signaling via NF-kB,19/97,0.002521479890180152,0.04118417153960915,2.3574774964468075,14.104574018746534,+,DR 6,0.036309310418594185,True
DR 6+,hallmark,gs_ind_0,p53 Pathway,14/45,6.438646399233802e-05,0.002406518962085821,4.3674624452104345,42.14866422860711,+,DR 6,0.0020776808548788064,True
DR 6-,lab,gs_ind_0,MP18_INTERFERON_MHC_II_2,10/39,0.0037833511417090637,0.018916755708545317,3.3098892299479514,18.459732555536906,-,DR 6,0.04727406897577188,True
DR 6-,lab,gs_ind_0,MP19_EPITHELIAL_SENESCENCE,11/35,0.0003665367959475713,0.003207196964541249,4.400355392816757,34.81302289008058,-,DR 6,0.008513112680072623,True
DR 6-,lab,gs_ind_0,MP23_SECRETED_2,20/42,2.869835739610199e-10,1.0044425088635698e-08,8.977346875961834,197.24663992595762,-,DR 6,3.6330228264076367e-08,True
DR 6-,lab,gs_ind_0,MP28_OLIGO_NORMAL,6/16,0.0031514828378030346,0.01838364988718437,5.698739135757131,32.82406608056813,-,DR 6,0.0406097117354485,True
DR 6-,lab,gs_ind_0,MP31_ALVEOLAR,8/18,0.00015776008762408633,0.0018405343556143405,7.529622758194186,65.91759385206704,-,DR 6,0.004400475083364345,True
DR 6-,lab,gs_ind_0,MP5_STRESS,15/43,7.194221031931653e-06,0.00012589886805880392,5.196718210620892,61.54074522832815,-,DR 6,0.00033779214742300225,True
DR 6-,lab,gs_ind_0,MP7_STRESS_IN_VITRO,7/19,0.0015934136015422816,0.011153895210795971,5.545736434108528,35.72495001353711,-,DR 6,0.02467418605738574,True
DR 6-,hallmark,gs_ind_0,Oxidative Phosphorylation,7/11,2.1058022717423192e-05,0.0008423209086969276,15.473729543496985,166.6246623376999,-,DR 6,0.0008223336328973396,True
DR 7+,lab,gs_ind_0,MP5_STRESS,14/43,3.6303749506164125e-05,0.0006897712406171184,4.668832644158677,47.732228537428114,+,DR 7,0.0012868282901877253,True
DR 7+,lab,gs_ind_0,MP6_HYPOXIA,9/32,0.00302646296265898,0.027771614923658646,3.7522915393589247,21.76464430625097,+,DR 7,0.040352839502119736,True
DR 7+,lab,gs_ind_0,MP7_STRESS_IN_VITRO,7/19,0.0015934136015422816,0.0201832389528689,5.545736434108528,35.72495001353711,+,DR 7,0.02467418605738574,True
DR 7+,lab,gs_ind_0,MP8_PROTEASOMAL_DEGRADATION,7/9,2.7409457721732702e-06,0.00010415593934258427,27.88372093023256,357.11260051700145,+,DR 7,0.00015029756123095798,True
DR 7+,lab,gs_ind_0,MP9_UNFOLDED_PROTEIN_RESPONSE,3/4,0.0036541598583761372,0.027771614923658646,21.259915611814346,119.30828811722127,+,DR 7,0.046208475925898024,True
DR 7+,hallmark,gs_ind_0,Androgen Response,8/21,0.0005622085576575063,0.004497668461260051,5.8465608465608465,43.75354303731788,+,DR 7,0.011109163952340434,True
DR 7+,hallmark,gs_ind_0,Cholesterol Homeostasis,7/20,0.002246635809414446,0.011982057650210378,5.132070054550675,31.29701252450603,+,DR 7,0.03361200587591483,True
DR 7+,hallmark,gs_ind_0,DNA Repair,7/16,0.00047032063077736506,0.004497668461260051,7.309261525907793,56.004262789456,+,DR 7,0.009744772781574183,True
DR 7+,hallmark,gs_ind_0,Estrogen Response Early,12/47,0.0015956830393014216,0.00957409823580853,3.2979041356894685,21.23999789238365,+,DR 7,0.02467418605738574,True
DR 7+,hallmark,gs_ind_0,Estrogen Response Late,14/65,0.003804085237894144,0.015216340951576576,2.6411671308467164,14.715737358853316,+,DR 7,0.04727406897577188,True
DR 7+,hallmark,gs_ind_0,Hypoxia,18/70,9.822526375860494e-05,0.0011787031651032593,3.376099151989563,31.15547723321834,+,DR 7,0.0030094548896253425,True
DR 7+,hallmark,gs_ind_0,Protein Secretion,4/7,0.002667000817497594,0.01280160392398845,11.761177753544166,69.70615686312823,+,DR 7,0.036445847470429754,True
DR 7+,hallmark,gs_ind_0,TNF-alpha Signaling via NF-kB,23/97,4.1765672287101556e-05,0.0006682507565936249,3.068172795160223,30.937723381779005,+,DR 7,0.0014518728089005322,True
DR 7+,hallmark,gs_ind_0,UV Response Up,13/38,3.851744498768228e-05,0.0006682507565936249,5.013176470588236,50.95592742212789,+,DR 7,0.0013446089886609087,True
DR 7+,hallmark,gs_ind_0,Unfolded Protein Response,7/19,0.0015934136015422816,0.00957409823580853,5.545736434108528,35.72495001353711,+,DR 7,0.02467418605738574,True
DR 7+,hallmark,gs_ind_0,mTORC1 Signaling,19/49,5.525072478301185e-08,2.652034789584569e-06,6.236688795556158,104.22370371093733,+,DR 7,4.645900361316033e-06,True
DR 7+,hallmark,gs_ind_0,p53 Pathway,11/45,0.003620292729714398,0.015216340951576576,3.1072999120492524,17.466755483212417,+,DR 7,0.04603286119901751,True
DR 7-,lab,gs_ind_0,MP21_RESPIRATION,5/5,9.556386021442599e-06,0.0003726990548362614,101.30690537084399,1170.93569892822,-,DR 7,0.00042342141141161056,True
DR 7-,hallmark,gs_ind_0,Interferon Alpha Response,13/48,0.0005519851776710972,0.024839332995199373,3.5807323943661973,26.862616338197814,-,DR 7,0.010925892176582542,True
DR 8+,lab,gs_ind_0,MP2_CELL_CYCLE_G1_S,18/36,8.631350366979148e-10,2.0715240880749955e-08,9.767123287671232,203.84425786275344,+,DR 8,1.0043753154303008e-07,True
DR 8+,lab,gs_ind_0,MP3_CELL_CYCLE_HMG_RICH,6/11,0.00027959877808904316,0.0022367902247123453,10.909792007478384,89.26560832643746,+,DR 8,0.0067667603436676,True
DR 8+,lab,gs_ind_0,MP8_PROTEASOMAL_DEGRADATION,6/9,6.044897603128107e-05,0.0007253877123753729,17.163055453543887,166.71695918221195,+,DR 8,0.0019727257900293426,True
DR 8+,hallmark,gs_ind_0,E2F Targets,48/64,5.154182732820857e-37,9.535238055718584e-36,34.39572776949826,2873.9639218790244,+,DR 8,4.948015423508023e-34,True
DR 8+,hallmark,gs_ind_0,G2-M Checkpoint,48/58,8.88769431256088e-41,3.2884468956475257e-39,54.23216237314598,5001.361663105294,+,DR 8,1.2798279810087666e-37,True
DR 8+,hallmark,gs_ind_0,Mitotic Spindle,27/35,2.2012407786395555e-21,2.714863626988785e-20,33.42515680623835,1589.8764665986014,+,DR 8,7.684331445432631e-19,True
DR 8+,hallmark,gs_ind_0,Myc Targets V1,7/18,0.001098228404340707,0.008126890192121232,6.031344792719919,41.09792683634926,+,DR 8,0.019362244479736536,True
DR 8+,hallmark,gs_ind_0,Spermatogenesis,9/16,5.16300461734021e-06,4.7757792710396934e-05,11.863011314186249,144.42020314734387,+,DR 8,0.000255269584513988,True
DR 8-,lab,gs_ind_0,MP14_EMT_3,10/32,0.00071884446712456,0.02300302294798592,4.356780402449694,31.53379074881248,-,DR 8,0.01373314802864831,True
DR 8-,lab,gs_ind_0,MP28_OLIGO_NORMAL,6/16,0.0031514828378030346,0.0336158169365657,5.698739135757131,32.82406608056813,-,DR 8,0.0406097117354485,True
DR 8-,lab,gs_ind_0,MP32_SKIN_PIGMENTATION,6/15,0.002146047010168408,0.0336158169365657,6.302124205114328,38.72105608064646,-,DR 8,0.032274753991044465,True
DR 8-,hallmark,gs_ind_0,Estrogen Response Late,15/65,0.0013181093910427006,0.028339351907418063,2.896399882575859,19.207640477550406,-,DR 8,0.021816983024155044,True
DR 8-,hallmark,gs_ind_0,Myogenesis,13/51,0.0010374054581716596,0.028339351907418063,3.296103896103896,22.647636778156684,-,DR 8,0.01873183523219047,True
DR 9+,lab,gs_ind_0,MP15_EMT_4,10/34,0.001221006000863245,0.01007329950712177,3.996625421822272,26.80968373566166,+,DR 9,0.0209627259760724,True
DR 9+,lab,gs_ind_0,MP22_SECRETED_1,18/29,6.233583721136283e-12,1.0285413139874867e-10,15.774032162001191,406.98690345706376,+,DR 9,9.973733953818052e-10,True
DR 9+,lab,gs_ind_0,MP39_METAL_RESPONSE,10/35,0.001562793682829515,0.010314438306674799,3.837733518604292,24.796671738647785,+,DR 9,0.02467418605738574,True
DR 9+,lab,gs_ind_0,MP5_STRESS,42/43,5.912540476126108e-43,1.9511383571216157e-41,321.677181913775,31277.985933789183,+,DR 9,1.3622493256994554e-39,True
DR 9+,lab,gs_ind_0,MP6_HYPOXIA,9/32,0.00302646296265898,0.016645546294624388,3.7522915393589247,21.76464430625097,+,DR 9,0.040352839502119736,True
DR 9+,lab,gs_ind_0,MP7_STRESS_IN_VITRO,9/19,3.1838402685300594e-05,0.00035022242953830653,8.45940569439264,87.59577017139024,+,DR 9,0.0011831561255956865,True
DR 9+,hallmark,gs_ind_0,Androgen Response,7/21,0.003088849435292917,0.012917006729406743,4.775461106655975,27.60195798181327,+,DR 9,0.0406097117354485,True
DR 9+,hallmark,gs_ind_0,Apoptosis,18/59,7.511833675533866e-06,5.759072484575964e-05,4.297837927050669,50.71032275147262,+,DR 9,0.00034753543751867526,True
DR 9+,hallmark,gs_ind_0,Estrogen Response Early,13/47,0.00044081509382605446,0.0028967849022855006,3.6866086956521738,28.486001648149458,+,DR 9,0.009408420298768675,True
DR 9+,hallmark,gs_ind_0,Hypoxia,23/70,7.814191164474515e-08,1.7972639678291385e-06,4.887442550037065,79.98172309328339,+,DR 9,6.295068686345904e-06,True
DR 9+,hallmark,gs_ind_0,IL-2/STAT5 Signaling,15/70,0.002906951568010528,0.012917006729406743,2.6279352128408733,15.348850636602599,+,DR 9,0.039537286969871646,True
DR 9+,hallmark,gs_ind_0,KRAS Signaling Dn,9/30,0.0018441881639332898,0.009425850615659035,4.105956645819418,25.849937434381317,+,DR 9,0.02844049216668206,True
DR 9+,hallmark,gs_ind_0,TGF-beta Signaling,7/9,2.7409457721732702e-06,3.1520876379992607e-05,27.88372093023256,357.11260051700145,+,DR 9,0.00015029756123095798,True
DR 9+,hallmark,gs_ind_0,TNF-alpha Signaling via NF-kB,50/97,6.689692931459589e-27,3.077258748471411e-25,12.38702570379437,746.5564954274691,+,DR 9,3.6697744081149744e-24,True
DR 9+,hallmark,gs_ind_0,UV Response Dn,10/31,0.0005406708160615204,0.0031088571923537423,4.561984984435085,34.31844415681465,+,DR 9,0.010832222262658633,True
DR 9+,hallmark,gs_ind_0,UV Response Up,14/38,7.073002026241908e-06,5.759072484575964e-05,5.637522569349455,66.85665171249484,+,DR 9,0.0003366982782739949,True
DR 9+,hallmark,gs_ind_0,p53 Pathway,16/45,2.6129029306732644e-06,3.1520876379992607e-05,5.370400992145514,69.036766403883,+,DR 9,0.00014755216549684316,True
DR 9-,lab,gs_ind_0,MP11_TRANSLATION_INITIATION,4/7,0.002667000817497594,0.02421170370127184,11.761177753544166,69.70615686312823,-,DR 9,0.036445847470429754,True
DR 9-,lab,gs_ind_0,MP14_EMT_3,9/32,0.00302646296265898,0.02421170370127184,3.7522915393589247,21.76464430625097,-,DR 9,0.040352839502119736,True
DR 9-,lab,gs_ind_0,MP20_MYC,4/5,0.00044837002986319467,0.007173920477811115,27.47328244274809,211.81603246804076,-,DR 9,0.009408420298768675,True
DR 9-,lab,gs_ind_0,MP21_RESPIRATION,5/5,9.556386021442599e-06,0.00030580435268616317,101.30690537084399,1170.93569892822,-,DR 9,0.00042342141141161056,True
DR 9-,hallmark,gs_ind_0,Glycolysis,13/46,0.00034926270856753123,0.007509148234201922,3.7988059701492536,30.237303351929928,-,DR 9,0.008261820128743243,True
DR 9-,hallmark,gs_ind_0,Oxidative Phosphorylation,7/11,2.1058022717423192e-05,0.0009054949768491973,15.473729543496985,166.6246623376999,-,DR 9,0.0008223336328973396,True
DR 9-,hallmark,gs_ind_0,Pperoxisome,6/13,0.0008738731352655757,0.012525514938806586,7.991602399314481,56.281462040462216,-,DR 9,0.016081499230446376,True
DR 10+,lab,gs_ind_0,MP11_TRANSLATION_INITIATION,4/7,0.002667000817497594,0.03200400980997113,11.761177753544166,69.70615686312823,+,DR 10,0.036445847470429754,True
DR 10+,lab,gs_ind_0,MP14_EMT_3,13/32,4.271922425527623e-06,0.00015378920731899442,6.577846153846154,81.32484976666557,+,DR 10,0.0002177546298322045,True
DR 10+,lab,gs_ind_0,MP3_CELL_CYCLE_HMG_RICH,5/11,0.002659499577535494,0.03200400980997113,7.766869958685816,46.054566494324,+,DR 10,0.036445847470429754,True
DR 10+,hallmark,gs_ind_0,E2F Targets,14/64,0.0032686442862646012,0.07844746287035044,2.695007034215486,15.42454928240058,+,DR 10,0.04197857544901695,True
DR 10+,hallmark,gs_ind_0,Reactive Oxygen Species Pathway,5/9,0.0008581515173821787,0.04119127283434458,11.231315714691673,79.30128646272313,+,DR 10,0.015996610809454206,True
DR 10-,lab,gs_ind_0,MP10_PROTEIN_MATURATION,8/14,1.5457047579913812e-05,9.016611088283058e-05,12.19040959040959,135.03859791636205,-,DR 10,0.0006428346141538162,True
DR 10-,lab,gs_ind_0,MP12_EMT_1,22/46,3.0572706341473394e-11,1.0700447219515688e-09,9.139941690962099,221.28633726014766,-,DR 10,4.458197177895867e-09,True
DR 10-,lab,gs_ind_0,MP13_EMT_2,15/38,1.160728424056667e-06,1.3541831613994449e-05,6.320181223834375,86.37452157311269,-,DR 10,7.347028266556486e-05,True
DR 10-,lab,gs_ind_0,MP14_EMT_3,10/32,0.00071884446712456,0.002795506261039956,4.356780402449694,31.53379074881248,-,DR 10,0.01373314802864831,True
DR 10-,lab,gs_ind_0,MP15_EMT_4,11/34,0.00027512398686312437,0.0012036674425261692,4.590186942120923,37.63167774116129,-,DR 10,0.0067667603436676,True
DR 10-,lab,gs_ind_0,MP16_MES_GLIOMA,8/19,0.00024933949485229397,0.0012036674425261692,6.871033314511576,57.006868824016905,-,DR 10,0.006312947210326212,True
DR 10-,lab,gs_ind_0,MP18_INTERFERON_MHC_II_2,15/39,1.7212191936827911e-06,1.5060667944724423e-05,6.058804114637769,80.41534240753616,-,DR 10,0.00010168433390372182,True
DR 10-,lab,gs_ind_0,MP25_ASTROCYTES,13/31,2.7789392831765666e-06,1.9452574982235966e-05,6.937297297297297,88.75190544758766,-,DR 10,0.00015029756123095798,True
DR 10-,lab,gs_ind_0,MP39_METAL_RESPONSE,17/35,4.663772224429638e-09,8.161601392751867e-08,9.188820973562118,176.2732070830098,-,DR 10,4.840239281570218e-07,True
DR 10-,hallmark,gs_ind_0,Coagulation,13/48,0.0005519851776710972,0.007727792487395361,3.5807323943661973,26.862616338197814,-,DR 10,0.010925892176582542,True
DR 10-,hallmark,gs_ind_0,Epithelial Mesenchymal Transition,35/112,9.552537995968036e-11,4.012065958306575e-09,4.770236819023487,110.05713482237898,-,DR 10,1.279595787366881e-08,True
DR 10-,hallmark,gs_ind_0,Estrogen Response Late,18/65,3.33506109045639e-05,0.0007003628289958419,3.742148521989906,38.57569280767946,-,DR 10,0.0012081730742785413,True
DR 10-,hallmark,gs_ind_0,UV Response Dn,9/31,0.0023774452607899232,0.024963175238294194,3.9212648680011606,23.691218837052602,-,DR 10,0.03453741412900367,True
DR 11+,lab,gs_ind_0,MP11_TRANSLATION_INITIATION,4/7,0.002667000817497594,0.0453390138974591,11.761177753544166,69.70615686312823,+,DR 11,0.036445847470429754,True
DR 11+,lab,gs_ind_0,MP21_RESPIRATION,4/5,0.00044837002986319467,0.015244581015348618,27.47328244274809,211.81603246804076,+,DR 11,0.009408420298768675,True
DR 11+,hallmark,gs_ind_0,Oxidative Phosphorylation,6/11,0.00027959877808904316,0.012302346235917899,10.909792007478384,89.26560832643746,+,DR 11,0.0067667603436676,True
DR 11+,hallmark,gs_ind_0,mTORC1 Signaling,12/49,0.002351442988433525,0.05173174574553755,3.118479221927498,18.87530058397867,+,DR 11,0.03453741412900367,True
DR 11-,lab,gs_ind_0,MP10_PROTEIN_MATURATION,10/14,5.6659572795070065e-08,3.3051417463790873e-07,22.00437445319335,367.16950043437316,-,DR 11,4.69581495395113e-06,True
DR 11-,lab,gs_ind_0,MP12_EMT_1,12/46,0.0013008231383289865,0.004552880984151453,3.395417675777496,22.561728871625487,-,DR 11,0.021816983024155044,True
DR 11-,lab,gs_ind_0,MP13_EMT_2,18/38,2.6603615299743252e-09,4.0808006963759334e-08,8.804343468092215,173.84003445213864,-,DR 11,2.918796650028974e-07,True
DR 11-,lab,gs_ind_0,MP14_EMT_3,14/32,5.968869982019467e-07,2.9844349910097334e-06,7.491123831606405,107.35932603676179,-,DR 11,3.997754778654899e-05,True
DR 11-,lab,gs_ind_0,MP15_EMT_4,11/34,0.00027512398686312437,0.001069926615578817,4.590186942120923,37.63167774116129,-,DR 11,0.0067667603436676,True
DR 11-,lab,gs_ind_0,MP16_MES_GLIOMA,10/19,3.3242930231844925e-06,1.4543781976432156e-05,10.39411520928305,131.1140044810517,-,DR 11,0.00017647859735984034,True
DR 11-,lab,gs_ind_0,MP17_INTERFERON_MHC_II_1,19/43,4.057954425871221e-09,4.0808006963759334e-08,7.790352504638219,150.52976267830178,-,DR 11,4.328484720929303e-07,True
DR 11-,lab,gs_ind_0,MP18_INTERFERON_MHC_II_2,19/39,5.033008687559306e-10,1.761553040645757e-08,9.33138480145132,199.7833900341213,-,DR 11,6.234436567815397e-08,True
DR 11-,lab,gs_ind_0,MP19_EPITHELIAL_SENESCENCE,17/35,4.663772224429638e-09,4.0808006963759334e-08,9.188820973562118,176.2732070830098,-,DR 11,4.840239281570218e-07,True
DR 11-,lab,gs_ind_0,MP23_SECRETED_2,18/42,1.9442913887335962e-08,1.3610039721135173e-07,7.350349454850433,130.51121105454556,-,DR 11,1.8537734259766067e-06,True
DR 11-,lab,gs_ind_0,MP25_ASTROCYTES,9/31,0.0023774452607899232,0.007564598557058847,3.9212648680011606,23.691218837052602,-,DR 11,0.03453741412900367,True
DR 11-,hallmark,gs_ind_0,Coagulation,15/48,3.2849262135799385e-05,0.0007555330291233859,4.408617290903971,45.5127189126005,-,DR 11,0.0012081730742785413,True
DR 11-,hallmark,gs_ind_0,Complement,17/66,0.00015134319395301195,0.00232059564061285,3.3744804998210993,29.68179715891509,-,DR 11,0.004273219593967396,True
DR 11-,hallmark,gs_ind_0,Epithelial Mesenchymal Transition,27/112,5.971900787352235e-06,0.00027470743621820285,3.1802248175674537,38.25316023244297,-,DR 11,0.0002925546896374177,True
DR 11-,hallmark,gs_ind_0,Interferon Gamma Response,20/96,0.0008643130232696487,0.007951679814080768,2.5602266760813284,18.058752308732448,-,DR 11,0.01603363289543696,True
DR 11-,hallmark,gs_ind_0,KRAS Signaling Up,18/78,0.00043243783643727565,0.00497303511902867,2.916268538435413,22.589625990451445,-,DR 11,0.009408420298768675,True
DR 12+,lab,gs_ind_0,MP23_SECRETED_2,14/42,2.6826228607576808e-05,0.0009657442298727652,4.835379333051127,50.89783372996811,+,DR 12,0.0010194341681071634,True
DR 12+,lab,gs_ind_0,MP25_ASTROCYTES,10/31,0.0005406708160615204,0.009732074689107367,4.561984984435085,34.31844415681465,+,DR 12,0.010832222262658633,True
DR 12+,lab,gs_ind_0,MP28_OLIGO_NORMAL,6/16,0.0031514828378030346,0.03773492100133247,5.698739135757131,32.82406608056813,+,DR 12,0.0406097117354485,True
DR 12+,hallmark,gs_ind_0,Oxidative Phosphorylation,6/11,0.00027959877808904316,0.012861543792095986,10.909792007478384,89.26560832643746,+,DR 12,0.0067667603436676,True
DR 12-,lab,gs_ind_0,MP10_PROTEIN_MATURATION,6/14,0.00140315100501124,0.006138785646924175,7.047482231967337,46.2951564116883,-,DR 12,0.02309185653961355,True
DR 12-,lab,gs_ind_0,MP13_EMT_2,24/38,7.526608795398185e-16,2.634313078389365e-14,17.102373742307318,595.5545397359,-,DR 12,1.8448198579358955e-13,True
DR 12-,lab,gs_ind_0,MP14_EMT_3,16/32,7.983837743939626e-09,9.314477367929564e-08,9.672086720867208,180.34424550033356,-,DR 12,8.067878141244254e-07,True
DR 12-,lab,gs_ind_0,MP16_MES_GLIOMA,11/19,2.834248235953389e-07,2.4799672064592158e-06,12.797609809095142,192.9408469141474,-,DR 12,1.955122136418146e-05,True
DR 12-,lab,gs_ind_0,MP20_MYC,4/5,0.00044837002986319467,0.0026154918408686357,27.47328244274809,211.81603246804076,-,DR 12,0.009408420298768675,True
DR 12-,lab,gs_ind_0,MP22_SECRETED_1,18/29,6.233583721136283e-12,1.0908771511988495e-10,15.774032162001191,406.98690345706376,-,DR 12,9.973733953818052e-10,True
DR 12-,lab,gs_ind_0,MP40_PDAC_RELATED,10/34,0.001221006000863245,0.0061050300043162245,3.996625421822272,26.80968373566166,-,DR 12,0.0209627259760724,True
DR 12-,lab,gs_ind_0,MP5_STRESS,11/43,0.002455744353129197,0.009550116928835768,3.302252892226507,19.844312066440693,-,DR 12,0.03540697740681896,True
DR 12-,lab,gs_ind_0,MP6_HYPOXIA,9/32,0.00302646296265898,0.010592620369306431,3.7522915393589247,21.76464430625097,-,DR 12,0.040352839502119736,True
DR 12-,lab,gs_ind_0,MP7_STRESS_IN_VITRO,10/19,3.3242930231844925e-06,2.327005116229145e-05,10.39411520928305,131.1140044810517,-,DR 12,0.00017647859735984034,True
DR 12-,lab,gs_ind_0,MP9_UNFOLDED_PROTEIN_RESPONSE,3/4,0.0036541598583761372,0.011626872276651346,21.259915611814346,119.30828811722127,-,DR 12,0.046208475925898024,True
DR 12-,hallmark,gs_ind_0,Apoptosis,18/59,7.511833675533866e-06,5.043659753572739e-05,4.297837927050669,50.71032275147262,-,DR 12,0.00034753543751867526,True
DR 12-,hallmark,gs_ind_0,Coagulation,12/48,0.00194358232651153,0.007026797642003224,3.2057338032774974,20.014109245003937,-,DR 12,0.029813672971255423,True
DR 12-,hallmark,gs_ind_0,Epithelial Mesenchymal Transition,30/112,1.377215634588839e-07,2.1576378275225147e-06,3.7262418910512753,58.86728806107897,-,DR 12,1.0666637713326411e-05,True
DR 12-,hallmark,gs_ind_0,Estrogen Response Early,16/47,5.057843930604054e-06,4.7543732947678104e-05,5.023744999354755,61.26241139381469,-,DR 12,0.00025443826236051835,True
DR 12-,hallmark,gs_ind_0,Estrogen Response Late,18/65,3.33506109045639e-05,0.00017416430139050037,3.742148521989906,38.57569280767946,-,DR 12,0.0012081730742785413,True
DR 12-,hallmark,gs_ind_0,Hypoxia,24/70,1.5203860225162242e-08,3.572907152913127e-07,5.237472965975205,94.28350340072672,-,DR 12,1.5230301721206004e-06,True
DR 12-,hallmark,gs_ind_0,IL-2/STAT5 Signaling,20/70,7.0128417306973415e-06,5.043659753572739e-05,3.9368366199500837,46.72146191408534,-,DR 12,0.00033521965451300157,True
DR 12-,hallmark,gs_ind_0,Inflammatory Response,18/73,0.00017689300351724887,0.0008313971165310697,3.1881278538812787,27.545314692872925,-,DR 12,0.004794840942396957,True
DR 12-,hallmark,gs_ind_0,TNF-alpha Signaling via NF-kB,33/97,2.6270846800637845e-11,1.2347297996299788e-09,5.384496124031008,131.18011677414222,-,DR 12,4.035202068577973e-09,True
DR 12-,hallmark,gs_ind_0,UV Response Dn,10/31,0.0005406708160615204,0.002310138941353769,4.561984984435085,34.31844415681465,-,DR 12,0.010832222262658633,True
DR 12-,hallmark,gs_ind_0,UV Response Up,11/38,0.0008062053466583659,0.003157637607745267,3.9136963300551693,27.877932409757033,-,DR 12,0.015250386853044952,True
DR 12-,hallmark,gs_ind_0,mTORC1 Signaling,17/49,1.8550635918236002e-06,2.1796997203927302e-05,5.189478096835045,68.48861244153905,-,DR 12,0.00010793097261519127,True
DR 12-,hallmark,gs_ind_0,p53 Pathway,15/45,1.3634884397487189e-05,8.010494583523723e-05,4.850470593433785,54.339235248636655,-,DR 12,0.0005839177258700833,True
DR 13+,lab,gs_ind_0,MP3_CELL_CYCLE_HMG_RICH,5/11,0.002659499577535494,0.04654124260687115,7.766869958685816,46.054566494324,+,DR 13,0.036445847470429754,True
DR 13+,lab,gs_ind_0,MP8_PROTEASOMAL_DEGRADATION,7/9,2.7409457721732702e-06,9.593310202606447e-05,27.88372093023256,357.11260051700145,+,DR 13,0.00015029756123095798,True
DR 13+,hallmark,gs_ind_0,Glycolysis,13/46,0.00034926270856753123,0.008033042297053218,3.7988059701492536,30.237303351929928,+,DR 13,0.008261820128743243,True
DR 13+,hallmark,gs_ind_0,IL-2/STAT5 Signaling,15/70,0.002906951568010528,0.022286628688080717,2.6279352128408733,15.348850636602599,+,DR 13,0.039537286969871646,True
DR 13+,hallmark,gs_ind_0,Myc Targets V1,7/18,0.001098228404340707,0.010103701319934506,6.031344792719919,41.09792683634926,+,DR 13,0.019362244479736536,True
DR 13+,hallmark,gs_ind_0,Reactive Oxygen Species Pathway,5/9,0.0008581515173821787,0.009868742449895055,11.231315714691673,79.30128646272313,+,DR 13,0.015996610809454206,True
DR 13+,hallmark,gs_ind_0,Xenobiotic Metabolism,12/42,0.0005311487599997866,0.008144280986663394,3.8494151411053616,29.02639332737084,+,DR 13,0.010810660274200603,True
DR 13+,hallmark,gs_ind_0,mTORC1 Signaling,14/49,0.0001808341096007929,0.008033042297053218,3.8665936638598346,33.32203534510104,+,DR 13,0.004855964901168145,True
DR 13-,lab,gs_ind_0,MP5_STRESS,13/43,0.00016495644986090925,0.0057734757451318236,4.179540983606557,36.40308751287863,-,DR 13,0.004535318144147194,True
DR 13-,hallmark,gs_ind_0,Estrogen Response Early,12/47,0.0015956830393014216,0.0367007099039327,3.2979041356894685,21.23999789238365,-,DR 13,0.02467418605738574,True
DR 13-,hallmark,gs_ind_0,Oxidative Phosphorylation,5/11,0.002659499577535494,0.040778993522210906,7.766869958685816,46.054566494324,-,DR 13,0.036445847470429754,True
DR 13-,hallmark,gs_ind_0,TNF-alpha Signaling via NF-kB,25/97,3.743316373910672e-06,0.00017219255319989092,3.4641320365458297,43.28619560745932,-,DR 13,0.00019781194783234377,True
DR 14-,lab,gs_ind_0,MP11_TRANSLATION_INITIATION,4/7,0.002667000817497594,0.011430003503561117,11.761177753544166,69.70615686312823,-,DR 14,0.036445847470429754,True
DR 14-,lab,gs_ind_0,MP14_EMT_3,13/32,4.271922425527623e-06,0.0001281576727658287,6.577846153846154,81.32484976666557,-,DR 14,0.0002177546298322045,True
DR 14-,lab,gs_ind_0,MP18_INTERFERON_MHC_II_2,11/39,0.0010260460463652652,0.006156276278191592,3.7742443179188077,25.974510381561768,-,DR 14,0.018555809190153618,True
DR 14-,lab,gs_ind_0,MP21_RESPIRATION,4/5,0.00044837002986319467,0.004483700298631947,27.47328244274809,211.81603246804076,-,DR 14,0.009408420298768675,True
DR 14-,lab,gs_ind_0,MP25_ASTROCYTES,9/31,0.0023774452607899232,0.011430003503561117,3.9212648680011606,23.691218837052602,-,DR 14,0.03453741412900367,True
DR 14-,lab,gs_ind_0,MP26_NPC_GLIOMA,6/13,0.0008738731352655757,0.006156276278191592,7.991602399314481,56.281462040462216,-,DR 14,0.016081499230446376,True
DR 14-,lab,gs_ind_0,MP3_CELL_CYCLE_HMG_RICH,7/11,2.1058022717423192e-05,0.0003158703407613479,15.473729543496985,166.6246623376999,-,DR 14,0.0008223336328973396,True
DR 14-,hallmark,gs_ind_0,DNA Repair,7/16,0.00047032063077736506,0.009876733246324666,7.309261525907793,56.004262789456,-,DR 14,0.009744772781574183,True
DR 14-,hallmark,gs_ind_0,E2F Targets,15/64,0.0011107953964648305,0.015551135550507628,2.9566010509406735,20.11280772356416,-,DR 14,0.019417849722723594,True
DR 14-,hallmark,gs_ind_0,Oxidative Phosphorylation,8/11,1.1101597910414389e-06,4.6626711223740435e-05,22.67717996289425,310.92696407503706,-,DR 14,7.105022662665209e-05,True
DR 15+,lab,gs_ind_0,MP10_PROTEIN_MATURATION,8/14,1.5457047579913812e-05,0.00027049833264849174,12.19040959040959,135.03859791636205,+,DR 15,0.0006428346141538162,True
DR 15+,lab,gs_ind_0,MP17_INTERFERON_MHC_II_1,15/43,7.194221031931653e-06,0.00025179773611760784,5.196718210620892,61.54074522832815,+,DR 15,0.00033779214742300225,True
DR 15+,hallmark,gs_ind_0,Cholesterol Homeostasis,8/20,0.0003802866440654024,0.012695659086435235,6.317818181818182,49.7501979495992,+,DR 15,0.008726896692496884,True
DR 15+,hallmark,gs_ind_0,Glycolysis,12/46,0.0013008231383289865,0.019945954787711127,3.395417675777496,22.561728871625487,+,DR 15,0.021816983024155044,True
DR 15+,hallmark,gs_ind_0,Interferon Alpha Response,13/48,0.0005519851776710972,0.012695659086435235,3.5807323943661973,26.862616338197814,+,DR 15,0.010925892176582542,True
DR 15+,hallmark,gs_ind_0,UV Response Up,10/38,0.003076349835210654,0.028302418483938017,3.42795966293687,19.82735812307964,+,DR 15,0.0406097117354485,True
DR 15+,hallmark,gs_ind_0,mTORC1 Signaling,12/49,0.002351442988433525,0.02704159436698554,3.118479221927498,18.87530058397867,+,DR 15,0.03453741412900367,True
DR 15-,lab,gs_ind_0,MP13_EMT_2,23/38,1.223822750186553e-14,1.5996289372289112e-13,15.25097682871422,488.5530240269015,-,DR 15,2.7112380927209792e-12,True
DR 15-,lab,gs_ind_0,MP14_EMT_3,25/32,4.3822391386234767e-20,1.3584941329732779e-18,34.74586894586895,1548.7672979485244,-,DR 15,1.4023165243595124e-17,True
DR 15-,lab,gs_ind_0,MP16_MES_GLIOMA,10/19,3.3242930231844925e-06,2.0610616743743855e-05,10.39411520928305,131.1140044810517,-,DR 15,0.00017647859735984034,True
DR 15-,lab,gs_ind_0,MP19_EPITHELIAL_SENESCENCE,22/35,1.548028003769914e-14,1.5996289372289112e-13,16.69000933706816,530.7291024086087,-,DR 15,3.2424150188053468e-12,True
DR 15-,lab,gs_ind_0,MP39_METAL_RESPONSE,10/35,0.001562793682829515,0.008074434027952495,3.837733518604292,24.796671738647785,-,DR 15,0.02467418605738574,True
DR 15-,lab,gs_ind_0,MP40_PDAC_RELATED,16/34,2.437810223315296e-08,1.8893029230693545e-07,8.616787519226543,151.04867096132563,-,DR 15,2.2288550613168423e-06,True
DR 15-,hallmark,gs_ind_0,Apoptosis,16/59,0.00012304687187122835,0.0026455077452314096,3.61321371834408,32.529565113187715,-,DR 15,0.0036095526353624318,True
DR 15-,hallmark,gs_ind_0,Cholesterol Homeostasis,7/20,0.002246635809414446,0.013800762829260167,5.132070054550675,31.29701252450603,-,DR 15,0.03361200587591483,True
DR 15-,hallmark,gs_ind_0,Epithelial Mesenchymal Transition,22/112,0.0011059337558738402,0.011335740762967226,2.3824225822925857,16.21730602531422,-,DR 15,0.019362244479736536,True
DR 15-,hallmark,gs_ind_0,Estrogen Response Early,12/47,0.0015956830393014216,0.011435728448326854,3.2979041356894685,21.23999789238365,-,DR 15,0.02467418605738574,True
DR 15-,hallmark,gs_ind_0,Estrogen Response Late,15/65,0.0013181093910427006,0.011335740762967226,2.896399882575859,19.207640477550406,-,DR 15,0.021816983024155044,True
DR 15-,hallmark,gs_ind_0,Reactive Oxygen Species Pathway,6/9,6.044897603128107e-05,0.002599305969345086,17.163055453543887,166.71695918221195,-,DR 15,0.0019727257900293426,True
DR 15-,hallmark,gs_ind_0,p53 Pathway,12/45,0.0010525899827390427,0.011335740762967226,3.4987529197513756,23.989204648608986,-,DR 15,0.018887595951952916,True
DR 16+,lab,gs_ind_0,MP12_EMT_1,12/46,0.0013008231383289865,0.0034688617022106305,3.395417675777496,22.561728871625487,+,DR 16,0.021816983024155044,True
DR 16+,lab,gs_ind_0,MP13_EMT_2,17/38,2.2483092290210825e-08,1.798647383216866e-07,7.893352765984412,139.00590675581932,+,DR 16,2.0720417854658297e-06,True
DR 16+,lab,gs_ind_0,MP14_EMT_3,15/32,7.35023231463059e-08,4.704148681363577e-07,8.515748941085869,139.87925630255776,+,DR 16,6.00529618897478e-06,True
DR 16+,lab,gs_ind_0,MP16_MES_GLIOMA,8/19,0.00024933949485229397,0.0007978863835273407,6.871033314511576,57.006868824016905,+,DR 16,0.006312947210326212,True
DR 16+,lab,gs_ind_0,MP19_EPITHELIAL_SENESCENCE,12/35,7.567785795160356e-05,0.00030271143180641424,5.0158022461764205,47.59507259625568,+,DR 16,0.0023950794604463547,True
DR 16+,lab,gs_ind_0,MP22_SECRETED_1,12/29,8.124747358637223e-06,3.714170221091302e-05,6.758241758241758,79.21062080879553,+,DR 16,0.00037438835828600326,True
DR 16+,lab,gs_ind_0,MP32_SKIN_PIGMENTATION,7/15,0.00028880699727548757,0.0008401658102559638,8.17373461012312,66.61390935241329,+,DR 16,0.0069458384313436684,True
DR 16+,lab,gs_ind_0,MP39_METAL_RESPONSE,20/35,3.429793297158246e-12,5.4876692754531936e-11,13.082923778035921,345.3698396630287,+,DR 16,5.986548300494393e-10,True
DR 16+,lab,gs_ind_0,MP40_PDAC_RELATED,15/34,2.0080312776783308e-07,1.0709500147617765e-06,7.633768746976294,117.71989648311725,+,DR 16,1.4924206657325399e-05,True
DR 16+,lab,gs_ind_0,MP5_STRESS,11/43,0.002455744353129197,0.006044909176933408,3.302252892226507,19.844312066440693,+,DR 16,0.03540697740681896,True
DR 16+,lab,gs_ind_0,MP6_HYPOXIA,32/32,9.3273309635402e-34,2.984745908332864e-32,694.5548961424332,52824.333910389556,+,DR 16,7.67506090714165e-31,True
DR 16+,lab,gs_ind_0,MP7_STRESS_IN_VITRO,12/19,1.9631975518155037e-08,1.798647383216866e-07,15.85764809902741,281.4115071843976,+,DR 16,1.8537734259766067e-06,True
DR 16+,lab,gs_ind_0,MP9_UNFOLDED_PROTEIN_RESPONSE,4/4,9.731911478979302e-05,0.0003460235192525974,82.46564885496183,761.7776794946161,+,DR 16,0.0030094548896253425,True
DR 16+,hallmark,gs_ind_0,Androgen Response,7/21,0.003088849435292917,0.01207459324705413,4.775461106655975,27.60195798181327,+,DR 16,0.0406097117354485,True
DR 16+,hallmark,gs_ind_0,Apoptosis,15/59,0.00043853282188194916,0.0021061165593911487,3.2981919500893424,25.50187048622671,+,DR 16,0.009408420298768675,True
DR 16+,hallmark,gs_ind_0,Epithelial Mesenchymal Transition,27/112,5.971900787352235e-06,5.135834677122922e-05,3.1802248175674537,38.25316023244297,+,DR 16,0.0002925546896374177,True
DR 16+,hallmark,gs_ind_0,Estrogen Response Early,13/47,0.00044081509382605446,0.0021061165593911487,3.6866086956521738,28.486001648149458,+,DR 16,0.009408420298768675,True
DR 16+,hallmark,gs_ind_0,Glycolysis,24/46,2.9914495904276815e-13,6.431616619419515e-12,10.972175007869058,316.41391649048535,+,DR 16,5.840932081648626e-11,True
DR 16+,hallmark,gs_ind_0,Hypoxia,40/70,1.016799615535967e-23,4.372238346804658e-22,14.647924007966907,775.5020683396583,+,DR 16,4.338345026286793e-21,True
DR 16+,hallmark,gs_ind_0,TNF-alpha Signaling via NF-kB,20/97,0.0009933944627647214,0.004271596189888302,2.5257260298454116,17.46383643978334,+,DR 16,0.018193806376867395,True
DR 16+,hallmark,gs_ind_0,UV Response Dn,11/31,0.000106824485721512,0.0006562075551464308,5.270802496943175,48.19792256034924,+,DR 16,0.0032215132866801523,True
DR 16+,hallmark,gs_ind_0,Unfolded Protein Response,9/19,3.1838402685300594e-05,0.00022817521924465425,8.45940569439264,87.59577017139024,+,DR 16,0.0011831561255956865,True
DR 16+,hallmark,gs_ind_0,mTORC1 Signaling,21/49,1.1553880203524622e-09,1.656056162505196e-08,7.449298734300934,153.29784930037385,+,DR 16,1.3178287123228083e-07,True
DR 16+,hallmark,gs_ind_0,p53 Pathway,16/45,2.6129029306732644e-06,2.8088706504737593e-05,5.370400992145514,69.036766403883,+,DR 16,0.00014755216549684316,True
DR 16-,lab,gs_ind_0,MP17_INTERFERON_MHC_II_1,11/43,0.002455744353129197,0.058641942696490486,3.302252892226507,19.844312066440693,-,DR 16,0.03540697740681896,True
DR 16-,lab,gs_ind_0,MP18_INTERFERON_MHC_II_2,10/39,0.0037833511417090637,0.058641942696490486,3.3098892299479514,18.459732555536906,-,DR 16,0.04727406897577188,True
DR 16-,hallmark,gs_ind_0,Interferon Alpha Response,16/48,6.922947516910567e-06,0.0002976867432271544,4.866416510318949,57.81628346997419,-,DR 16,0.0003323014808117072,True
DR 16-,hallmark,gs_ind_0,Interferon Gamma Response,21/96,0.0003154623364513875,0.006782440233704831,2.7374236750355108,22.067662283952863,-,DR 16,0.0075240706333747085,True
DR 16-,hallmark,gs_ind_0,Pperoxisome,6/13,0.0008738731352655757,0.012525514938806586,7.991602399314481,56.281462040462216,-,DR 16,0.016081499230446376,True
DR 17+,lab,gs_ind_0,MP14_EMT_3,9/32,0.00302646296265898,0.02723816666393082,3.7522915393589247,21.76464430625097,+,DR 17,0.040352839502119736,True
DR 17+,lab,gs_ind_0,MP18_INTERFERON_MHC_II_2,10/39,0.0037833511417090637,0.027240128220305256,3.3098892299479514,18.459732555536906,+,DR 17,0.04727406897577188,True
DR 17+,lab,gs_ind_0,MP25_ASTROCYTES,9/31,0.0023774452607899232,0.02723816666393082,3.9212648680011606,23.691218837052602,+,DR 17,0.03453741412900367,True
DR 17+,lab,gs_ind_0,MP32_SKIN_PIGMENTATION,6/15,0.002146047010168408,0.02723816666393082,6.302124205114328,38.72105608064646,+,DR 17,0.032274753991044465,True
DR 17+,lab,gs_ind_0,MP5_STRESS,11/43,0.002455744353129197,0.02723816666393082,3.302252892226507,19.844312066440693,+,DR 17,0.03540697740681896,True
DR 17+,hallmark,gs_ind_0,Oxidative Phosphorylation,5/11,0.002659499577535494,0.11967748098909722,7.766869958685816,46.054566494324,+,DR 17,0.036445847470429754,True
DR 17-,lab,gs_ind_0,MP8_PROTEASOMAL_DEGRADATION,7/9,2.7409457721732702e-06,9.319215625389119e-05,27.88372093023256,357.11260051700145,-,DR 17,0.00015029756123095798,True
DR 17-,hallmark,gs_ind_0,Myc Targets V1,8/18,0.00015776008762408633,0.007414724118332058,7.529622758194186,65.91759385206704,-,DR 17,0.004400475083364345,True
DR 17-,hallmark,gs_ind_0,Myc Targets V2,4/6,0.0012397742857742846,0.014567347857847844,16.474809160305345,110.26303016288972,-,DR 17,0.021190207377032283,True
DR 17-,hallmark,gs_ind_0,Wnt-beta Catenin Signaling,4/6,0.0012397742857742846,0.014567347857847844,16.474809160305345,110.26303016288972,-,DR 17,0.021190207377032283,True
DR 17-,hallmark,gs_ind_0,mTORC1 Signaling,13/49,0.0006860119522520405,0.014567347857847844,3.4806575342465753,25.35525184951136,-,DR 17,0.013372009627653988,True
DR 18-,lab,gs_ind_0,MP2_CELL_CYCLE_G1_S,25/36,5.472243869804205e-18,1.5869507222432193e-16,22.609810479375696,898.6685857491608,-,DR 18,1.5009583185748675e-15,True
DR 18-,lab,gs_ind_0,MP3_CELL_CYCLE_HMG_RICH,9/11,3.8947341182875066e-08,5.647364471516885e-07,35.688250652741516,608.8792189914038,-,DR 18,3.360978968469124e-06,True
DR 18-,lab,gs_ind_0,MP8_PROTEASOMAL_DEGRADATION,7/9,2.7409457721732702e-06,2.6495809131008278e-05,27.88372093023256,357.11260051700145,-,DR 18,0.00015029756123095798,True
DR 18-,hallmark,gs_ind_0,DNA Repair,8/16,5.5432325630216626e-05,0.0004157424422266247,9.311688311688311,91.25778256286647,-,DR 18,0.001840289311988748,True
DR 18-,hallmark,gs_ind_0,E2F Targets,51/64,8.316454815489725e-42,3.7424046669703765e-40,45.611916264090176,4314.4465692069825,-,DR 18,1.5967593245740272e-38,True
DR 18-,hallmark,gs_ind_0,G2-M Checkpoint,48/58,8.88769431256088e-41,1.9997312203261978e-39,54.23216237314598,5001.361663105294,-,DR 18,1.2798279810087666e-37,True
DR 18-,hallmark,gs_ind_0,Mitotic Spindle,26/35,6.834554089038708e-20,1.0251831133558063e-18,28.63806364047655,1263.7894614916554,-,DR 18,2.127947651506106e-17,True
DR 18-,hallmark,gs_ind_0,Myc Targets V1,9/18,1.8331719161140332e-05,0.000164985472450263,9.355091383812011,102.03483769876814,-,DR 18,0.0007411102365522627,True
DR 18-,hallmark,gs_ind_0,Spermatogenesis,11/16,2.1521138642110533e-08,2.421128097237435e-07,19.811225713600383,349.7519391370141,-,DR 18,2.0156383508708403e-06,True
DR 19+,lab,gs_ind_0,MP10_PROTEIN_MATURATION,8/14,1.5457047579913812e-05,0.00012752064253428896,12.19040959040959,135.03859791636205,+,DR 19,0.0006428346141538162,True
DR 19+,lab,gs_ind_0,MP17_INTERFERON_MHC_II_1,35/43,4.18337640337671e-29,1.3805142131143142e-27,45.234583259285586,2955.801779173819,+,DR 19,2.8348527156999823e-26,True
DR 19+,lab,gs_ind_0,MP18_INTERFERON_MHC_II_2,16/39,2.63943192654869e-07,2.903375119203559e-06,6.764400622729632,102.46397446267132,+,DR 19,1.8769293699901797e-05,True
DR 19+,lab,gs_ind_0,MP19_EPITHELIAL_SENESCENCE,12/35,7.567785795160356e-05,0.0004994738624805834,5.0158022461764205,47.59507259625568,+,DR 19,0.0023950794604463547,True
DR 19+,lab,gs_ind_0,MP23_SECRETED_2,20/42,2.869835739610199e-10,4.735228970356829e-09,8.977346875961834,197.24663992595762,+,DR 19,3.6330228264076367e-08,True
DR 19+,lab,gs_ind_0,MP30_PDAC_CLASSICAL,8/23,0.0011349351321441861,0.004681607420094768,5.086468370339338,34.49225647461518,+,DR 19,0.01963131039384538,True
DR 19+,lab,gs_ind_0,MP31_ALVEOLAR,7/18,0.001098228404340707,0.004681607420094768,6.031344792719919,41.09792683634926,+,DR 19,0.019362244479736536,True
DR 19+,lab,gs_ind_0,MP32_SKIN_PIGMENTATION,6/15,0.002146047010168408,0.007868839037284164,6.302124205114328,38.72105608064646,+,DR 19,0.032274753991044465,True
DR 19+,lab,gs_ind_0,MP9_UNFOLDED_PROTEIN_RESPONSE,4/4,9.731911478979302e-05,0.0005352551313438616,82.46564885496183,761.7776794946161,+,DR 19,0.0030094548896253425,True
DR 19+,hallmark,gs_ind_0,Allograft Rejection,19/73,5.187177178640142e-05,0.0005057497749174139,3.4429448783076806,33.970627529448805,+,DR 19,0.0017773301524662282,True
DR 19+,hallmark,gs_ind_0,Apoptosis,16/59,0.00012304687187122835,0.0009198216425811011,3.61321371834408,32.529565113187715,+,DR 19,0.0036095526353624318,True
DR 19+,hallmark,gs_ind_0,Coagulation,14/48,0.00014151102193555402,0.0009198216425811011,3.9809224074289933,35.283444562178204,+,DR 19,0.004116684274488844,True
DR 19+,hallmark,gs_ind_0,Complement,18/66,4.1842167756508395e-05,0.0005057497749174139,3.6629007202372548,36.92792161821022,+,DR 19,0.0014518728089005322,True
DR 19+,hallmark,gs_ind_0,IL-6/JAK/STAT3 Signaling,9/31,0.0023774452607899232,0.01324576645297243,3.9212648680011606,23.691218837052602,+,DR 19,0.03453741412900367,True
DR 19+,hallmark,gs_ind_0,Interferon Alpha Response,25/48,9.624685370951417e-14,1.8768136473355265e-12,10.990180032733225,329.3961385358889,+,DR 19,1.945199569708076e-11,True
DR 19+,hallmark,gs_ind_0,Interferon Gamma Response,44/96,6.225980117818317e-21,2.428132245949144e-19,9.470044119884376,440.5990687255143,+,DR 19,2.109508557566677e-18,True
DR 19-,lab,gs_ind_0,MP21_RESPIRATION,4/5,0.00044837002986319467,0.01345110089589584,27.47328244274809,211.81603246804076,-,DR 19,0.009408420298768675,True
DR 19-,lab,gs_ind_0,MP28_OLIGO_NORMAL,6/16,0.0031514828378030346,0.04727224256704552,5.698739135757131,32.82406608056813,-,DR 19,0.0406097117354485,True
DR 19-,hallmark,gs_ind_0,Oxidative Phosphorylation,7/11,2.1058022717423192e-05,0.0009265529995666204,15.473729543496985,166.6246623376999,-,DR 19,0.0008223336328973396,True
DR 19-,hallmark,gs_ind_0,mTORC1 Signaling,15/49,4.320330277245632e-05,0.000950472660994039,4.278409312863784,42.996274902517925,-,DR 19,0.0014856777550408859,True
DR 20+,lab,gs_ind_0,MP21_RESPIRATION,4/5,0.00044837002986319467,0.008070660537537504,27.47328244274809,211.81603246804076,+,DR 20,0.009408420298768675,True
DR 20+,lab,gs_ind_0,MP39_METAL_RESPONSE,13/35,1.3806907719484292e-05,0.0004970486779014346,5.6912,63.68647172496206,+,DR 20,0.0005847631504722759,True
DR 20+,hallmark,gs_ind_0,Oxidative Phosphorylation,5/11,0.002659499577535494,0.11169898225649075,7.766869958685816,46.054566494324,+,DR 20,0.036445847470429754,True
DR 20-,lab,gs_ind_0,MP13_EMT_2,10/38,0.003076349835210654,0.018970823983799033,3.42795966293687,19.82735812307964,-,DR 20,0.0406097117354485,True
DR 20-,lab,gs_ind_0,MP14_EMT_3,18/32,6.460195987156343e-11,2.390272515247847e-09,12.489466225791213,293.03755299932726,-,DR 20,8.859697353814413e-09,True
DR 20-,lab,gs_ind_0,MP17_INTERFERON_MHC_II_1,13/43,0.00016495644986090925,0.0020344628816178806,4.179540983606557,36.40308751287863,-,DR 20,0.004535318144147194,True
DR 20-,lab,gs_ind_0,MP19_EPITHELIAL_SENESCENCE,13/35,1.3806907719484292e-05,0.0002554277928104594,5.6912,63.68647172496206,-,DR 20,0.0005847631504722759,True
DR 20-,lab,gs_ind_0,MP40_PDAC_RELATED,11/34,0.00027512398686312437,0.00203591750278712,4.590186942120923,37.63167774116129,-,DR 20,0.0067667603436676,True
DR 20-,lab,gs_ind_0,MP7_STRESS_IN_VITRO,8/19,0.00024933949485229397,0.00203591750278712,6.871033314511576,57.006868824016905,-,DR 20,0.006312947210326212,True
DR 20-,hallmark,gs_ind_0,Cholesterol Homeostasis,8/20,0.0003802866440654024,0.005704299660981036,6.317818181818182,49.7501979495992,-,DR 20,0.008726896692496884,True
DR 20-,hallmark,gs_ind_0,Interferon Alpha Response,12/48,0.00194358232651153,0.01749224093860377,3.2057338032774974,20.014109245003937,-,DR 20,0.029813672971255423,True
DR 20-,hallmark,gs_ind_0,Interferon Gamma Response,20/96,0.0008643130232696487,0.009723521511783547,2.5602266760813284,18.058752308732448,-,DR 20,0.01603363289543696,True
DR 20-,hallmark,gs_ind_0,Oxidative Phosphorylation,6/11,0.00027959877808904316,0.005704299660981036,10.909792007478384,89.26560832643746,-,DR 20,0.0067667603436676,True
DR 20-,hallmark,gs_ind_0,p53 Pathway,13/45,0.00027443218930083994,0.005704299660981036,3.917907692307692,32.13000232506372,-,DR 20,0.0067667603436676,True
DR 21+,hallmark,gs_ind_0,Oxidative Phosphorylation,6/11,0.00027959877808904316,0.010904352345472684,10.909792007478384,89.26560832643746,+,DR 21,0.0067667603436676,True
DR 21-,lab,gs_ind_0,MP13_EMT_2,12/38,0.0001869586318402267,0.001308710422881587,4.440468445022772,38.11974836845933,-,DR 21,0.004974049512238826,True
DR 21-,lab,gs_ind_0,MP14_EMT_3,9/32,0.00302646296265898,0.014123493825741908,3.7522915393589247,21.76464430625097,-,DR 21,0.040352839502119736,True
DR 21-,lab,gs_ind_0,MP17_INTERFERON_MHC_II_1,34/43,1.762267812938399e-27,4.9343498762275176e-26,39.07491702228544,2407.1397720526393,-,DR 21,1.0684908002658083e-24,True
DR 21-,lab,gs_ind_0,MP18_INTERFERON_MHC_II_2,13/39,5.2741167275285944e-05,0.0007383763418540032,4.821283018867924,47.490188541624946,-,DR 21,0.0017773301524662282,True
DR 21-,lab,gs_ind_0,MP22_SECRETED_1,10/29,0.0002922981162528782,0.0016368694510161181,5.035534019785988,40.97784813595626,-,DR 21,0.006986046263969206,True
DR 21-,lab,gs_ind_0,MP5_STRESS,13/43,0.00016495644986090925,0.001308710422881587,4.179540983606557,36.40308751287863,-,DR 21,0.004535318144147194,True
DR 21-,hallmark,gs_ind_0,Allograft Rejection,20/73,1.414757423332419e-05,9.667509059438198e-05,3.7097108240350014,41.42251005354293,-,DR 21,0.0005969965390765373,True
DR 21-,hallmark,gs_ind_0,Apoptosis,14/59,0.0014313524065034998,0.006520605407404833,2.9997053884453346,19.645477177473634,-,DR 21,0.023289801868531523,True
DR 21-,hallmark,gs_ind_0,Complement,20/66,2.5399612935093373e-06,2.0827682606776566e-05,4.285258987877163,55.20854158681502,-,DR 21,0.00014630177050613784,True
DR 21-,hallmark,gs_ind_0,IL-6/JAK/STAT3 Signaling,11/31,0.000106824485721512,0.000625686273511713,5.270802496943175,48.19792256034924,-,DR 21,0.0032215132866801523,True
DR 21-,hallmark,gs_ind_0,Inflammatory Response,25/73,7.583069696323644e-09,7.772646438731735e-08,5.250242312097982,98.16560626080377,-,DR 21,7.730704681561804e-07,True
DR 21-,hallmark,gs_ind_0,Interferon Alpha Response,39/48,2.168845510778817e-32,4.446133297096575e-31,46.12302427896366,3362.7618058197622,-,DR 21,1.5615687677607482e-29,True
DR 21-,hallmark,gs_ind_0,Interferon Gamma Response,71/96,3.1903309262899297e-55,1.3080356797788712e-53,38.44295556060262,4823.901081878974,-,DR 21,3.675261227085999e-51,True
DR 21-,hallmark,gs_ind_0,KRAS Signaling Up,18/78,0.00043243783643727565,0.002216243911741038,2.916268538435413,22.589625990451445,-,DR 21,0.009408420298768675,True
DR 21-,hallmark,gs_ind_0,TNF-alpha Signaling via NF-kB,32/97,1.3941518770955027e-10,1.905340898697187e-09,5.110539787528031,115.97636518203403,-,DR 21,1.825071548197749e-08,True
DR 22+,lab,gs_ind_0,MP17_INTERFERON_MHC_II_1,16/43,1.2868923415625791e-06,3.989366258843995e-05,5.767479674796748,78.22594335888107,+,DR 22,8.101092773115253e-05,True
DR 22+,lab,gs_ind_0,MP18_INTERFERON_MHC_II_2,14/39,1.0070000412475013e-05,0.0001560850063933627,5.413394312148452,62.286243258797576,+,DR 22,0.0004427725372202754,True
DR 22+,lab,gs_ind_0,MP25_ASTROCYTES,10/31,0.0005406708160615204,0.005586931765969044,4.561984984435085,34.31844415681465,+,DR 22,0.010832222262658633,True
DR 22+,hallmark,gs_ind_0,Interferon Alpha Response,16/48,6.922947516910567e-06,0.00015230484537203246,4.866416510318949,57.81628346997419,+,DR 22,0.0003323014808117072,True
DR 22+,hallmark,gs_ind_0,Interferon Gamma Response,25/96,3.043472514643656e-06,0.00013391279064432085,3.5146135915366683,44.64441928300042,+,DR 22,0.0001638355297602566,True
DR 22+,hallmark,gs_ind_0,Oxidative Phosphorylation,7/11,2.1058022717423192e-05,0.00030885099985554016,15.473729543496985,166.6246623376999,+,DR 22,0.0008223336328973396,True
DR 22-,lab,gs_ind_0,MP13_EMT_2,16/38,1.7058063339244201e-07,9.950536947892451e-07,7.069015356820235,110.16394340711705,-,DR 22,1.284371827896034e-05,True
DR 22-,lab,gs_ind_0,MP14_EMT_3,18/32,6.460195987156343e-11,5.6526714887618e-10,12.489466225791213,293.03755299932726,-,DR 22,8.859697353814413e-09,True
DR 22-,lab,gs_ind_0,MP16_MES_GLIOMA,14/19,4.835737857313351e-11,5.641694166865576e-10,25.381184499146965,602.8641050276138,-,DR 22,6.963462514531226e-09,True
DR 22-,lab,gs_ind_0,MP19_EPITHELIAL_SENESCENCE,23/35,8.649016702583475e-16,3.0271558459042165e-14,18.942985915492958,657.0169294297905,-,DR 22,1.9927334482752327e-13,True
DR 22-,lab,gs_ind_0,MP22_SECRETED_1,16/29,1.1860891519389125e-09,8.302624063572388e-09,11.84131285757302,243.3698183703882,-,DR 22,1.3395830421898306e-07,True
DR 22-,lab,gs_ind_0,MP34_PLATELET_ACTIVATION,7/17,0.0007324907256175764,0.0032046469245768966,6.609449981543005,47.714015180221494,-,DR 22,0.01394759199853633,True
DR 22-,lab,gs_ind_0,MP39_METAL_RESPONSE,10/35,0.001562793682829515,0.005576947605397986,3.837733518604292,24.796671738647785,-,DR 22,0.02467418605738574,True
DR 22-,lab,gs_ind_0,MP40_PDAC_RELATED,21/34,1.0719440376276973e-13,1.8759020658484704e-12,15.859383059940162,473.62671471268663,-,DR 22,2.1291026402536332e-11,True
DR 22-,lab,gs_ind_0,MP5_STRESS,17/43,2.0821345633585224e-07,1.0410672816792612e-06,6.386046989871986,98.24743022336185,-,DR 22,1.4991368856181361e-05,True
DR 22-,lab,gs_ind_0,MP7_STRESS_IN_VITRO,7/19,0.0015934136015422816,0.005576947605397986,5.545736434108528,35.72495001353711,-,DR 22,0.02467418605738574,True
DR 22-,hallmark,gs_ind_0,Apical Junction,11/37,0.0006269497186846939,0.004209519539740088,4.0636730223527655,29.968142742013214,-,DR 22,0.012346086767944742,True
DR 22-,hallmark,gs_ind_0,Apical Surface,5/11,0.002659499577535494,0.013888497793796467,7.766869958685816,46.054566494324,-,DR 22,0.036445847470429754,True
DR 22-,hallmark,gs_ind_0,Apoptosis,19/59,1.6410888264940122e-06,2.5710391615072862e-05,4.670237730843791,62.208269995915195,-,DR 22,0.00010109809241289315,True
DR 22-,hallmark,gs_ind_0,Cholesterol Homeostasis,9/20,5.291877103263162e-05,0.0004974364477067372,7.719491429220116,76.0119210824779,-,DR 22,0.0017773301524662282,True
DR 22-,hallmark,gs_ind_0,Epithelial Mesenchymal Transition,22/112,0.0011059337558738402,0.006497360815758812,2.3824225822925857,16.21730602531422,-,DR 22,0.019362244479736536,True
DR 22-,hallmark,gs_ind_0,Estrogen Response Early,17/47,9.396446043670545e-07,2.2081648202625782e-05,5.536025371867602,76.82765423786809,-,DR 22,6.185546195604839e-05,True
DR 22-,hallmark,gs_ind_0,Hypoxia,17/70,0.0003285323785232208,0.0025735036317652295,3.11505258600932,24.985447909646208,-,DR 22,0.007819613637577485,True
DR 22-,hallmark,gs_ind_0,TNF-alpha Signaling via NF-kB,32/97,1.3941518770955027e-10,6.552513822348863e-09,5.110539787528031,115.97636518203403,-,DR 22,1.825071548197749e-08,True
DR 22-,hallmark,gs_ind_0,p53 Pathway,15/45,1.3634884397487189e-05,0.00016020989167047446,4.850470593433785,54.339235248636655,-,DR 22,0.0005839177258700833,True
DR 23+,lab,gs_ind_0,MP11_TRANSLATION_INITIATION,4/7,0.002667000817497594,0.03111500953747193,11.761177753544166,69.70615686312823,+,DR 23,0.036445847470429754,True
DR 23+,lab,gs_ind_0,MP21_RESPIRATION,4/5,0.00044837002986319467,0.0125797781746798,27.47328244274809,211.81603246804076,+,DR 23,0.009408420298768675,True
DR 23+,lab,gs_ind_0,MP6_HYPOXIA,10/32,0.00071884446712456,0.0125797781746798,4.356780402449694,31.53379074881248,+,DR 23,0.01373314802864831,True
DR 23+,hallmark,gs_ind_0,Hypoxia,16/70,0.0010169272055556603,0.02440625293333585,2.8658909524875065,19.74876783775596,+,DR 23,0.018555809190153618,True
DR 23+,hallmark,gs_ind_0,Oxidative Phosphorylation,7/11,2.1058022717423192e-05,0.0010107850904363133,15.473729543496985,166.6246623376999,+,DR 23,0.0008223336328973396,True
DR 23+,hallmark,gs_ind_0,p53 Pathway,11/45,0.003620292729714398,0.05792468367543037,3.1072999120492524,17.466755483212417,+,DR 23,0.04603286119901751,True
DR 23-,lab,gs_ind_0,MP10_PROTEIN_MATURATION,10/14,5.6659572795070065e-08,6.232553007457707e-07,22.00437445319335,367.16950043437316,-,DR 23,4.69581495395113e-06,True
DR 23-,lab,gs_ind_0,MP12_EMT_1,15/46,1.846342342799474e-05,0.00012185859462476528,4.693834766611047,51.1614794953858,-,DR 23,0.0007411102365522627,True
DR 23-,lab,gs_ind_0,MP13_EMT_2,12/38,0.0001869586318402267,0.0010282724751212468,4.440468445022772,38.11974836845933,-,DR 23,0.004974049512238826,True
DR 23-,lab,gs_ind_0,MP15_EMT_4,11/34,0.00027512398686312437,0.001134886445810388,4.590186942120923,37.63167774116129,-,DR 23,0.0067667603436676,True
DR 23-,lab,gs_ind_0,MP17_INTERFERON_MHC_II_1,26/43,1.9985142737500247e-16,6.595097103375081e-15,15.47695456406058,559.4757719380935,-,DR 23,5.0049748768696276e-14,True
DR 23-,lab,gs_ind_0,MP18_INTERFERON_MHC_II_2,15/39,1.7212191936827911e-06,1.4200058347883026e-05,6.058804114637769,80.41534240753616,-,DR 23,0.00010168433390372182,True
DR 23-,lab,gs_ind_0,MP23_SECRETED_2,18/42,1.9442913887335962e-08,3.2080807914104337e-07,7.350349454850433,130.51121105454556,-,DR 23,1.8537734259766067e-06,True
DR 23-,lab,gs_ind_0,MP40_PDAC_RELATED,11/34,0.00027512398686312437,0.001134886445810388,4.590186942120923,37.63167774116129,-,DR 23,0.0067667603436676,True
DR 23-,hallmark,gs_ind_0,Coagulation,16/48,6.922947516910567e-06,6.092193814881299e-05,4.866416510318949,57.81628346997419,-,DR 23,0.0003323014808117072,True
DR 23-,hallmark,gs_ind_0,Complement,23/66,2.1867981179283614e-08,3.2073039062949305e-07,5.3490367492310185,94.34760634314807,-,DR 23,2.0316059934302197e-06,True
DR 23-,hallmark,gs_ind_0,Epithelial Mesenchymal Transition,28/112,1.789247994142569e-06,1.968172793556826e-05,3.3561615641883202,44.41448610894607,-,DR 23,0.00010463013651026595,True
DR 23-,hallmark,gs_ind_0,Glycolysis,14/46,8.447779423923816e-05,0.0006195038244210799,4.230686739533924,39.67970336299856,-,DR 23,0.002658973195726841,True
DR 23-,hallmark,gs_ind_0,Interferon Alpha Response,25/48,9.624685370951417e-14,4.234861563218623e-12,10.990180032733225,329.3961385358889,-,DR 23,1.945199569708076e-11,True
DR 23-,hallmark,gs_ind_0,Interferon Gamma Response,34/96,3.3356472731391654e-12,7.338424000906164e-11,5.7636756756756755,152.31293588200012,-,DR 23,5.911793321009721e-10,True
DR 24+,lab,gs_ind_0,MP2_CELL_CYCLE_G1_S,29/36,6.558122625119248e-24,1.7051118825310044e-22,41.13372206025267,2195.7731145342827,+,DR 24,2.90575279389899e-21,True
DR 24+,lab,gs_ind_0,MP3_CELL_CYCLE_HMG_RICH,10/11,8.174208319584465e-10,1.0626470815459804e-08,66.1233595800525,1383.6225087392968,+,DR 24,9.707925756867324e-08,True
DR 24+,hallmark,gs_ind_0,DNA Repair,7/16,0.00047032063077736506,0.004468045992384968,7.309261525907793,56.004262789456,+,DR 24,0.009744772781574183,True
DR 24+,hallmark,gs_ind_0,E2F Targets,50/64,3.6173556026527308e-40,1.3745951290080378e-38,41.34184900905029,3754.57000598385,+,DR 24,4.630215171395495e-37,True
DR 24+,hallmark,gs_ind_0,G2-M Checkpoint,39/58,5.291143227662958e-27,1.0053172132559621e-25,22.34476462649837,1351.9423472125648,+,DR 24,3.0476984991338637e-24,True
DR 24+,hallmark,gs_ind_0,Mitotic Spindle,23/35,8.649016702583475e-16,1.0955421156605736e-14,18.942985915492958,657.0169294297905,+,DR 24,1.9927334482752327e-13,True
DR 24+,hallmark,gs_ind_0,Myc Targets V1,7/18,0.001098228404340707,0.008346535872989374,6.031344792719919,41.09792683634926,+,DR 24,0.019362244479736536,True
DR 24-,lab,gs_ind_0,MP11_TRANSLATION_INITIATION,4/7,0.002667000817497594,0.06811677815733684,11.761177753544166,69.70615686312823,-,DR 24,0.036445847470429754,True
DR 24-,hallmark,gs_ind_0,Oxidative Phosphorylation,5/11,0.002659499577535494,0.06267451921119346,7.766869958685816,46.054566494324,-,DR 24,0.036445847470429754,True
DR 24-,hallmark,gs_ind_0,Protein Secretion,4/7,0.002667000817497594,0.06267451921119346,11.761177753544166,69.70615686312823,-,DR 24,0.036445847470429754,True
DR 25+,lab,gs_ind_0,MP17_INTERFERON_MHC_II_1,14/43,3.6303749506164125e-05,0.001198023733703416,4.668832644158677,47.732228537428114,+,DR 25,0.0012868282901877253,True
DR 25+,lab,gs_ind_0,MP18_INTERFERON_MHC_II_2,12/39,0.00024661083831353385,0.004069078832173309,4.276585483482036,35.528585018148014,+,DR 25,0.006312947210326212,True
DR 25+,hallmark,gs_ind_0,Estrogen Response Early,12/47,0.0015956830393014216,0.03688376327866579,3.2979041356894685,21.23999789238365,+,DR 25,0.02467418605738574,True
DR 25+,hallmark,gs_ind_0,KRAS Signaling Dn,9/30,0.0018441881639332898,0.03688376327866579,4.105956645819418,25.849937434381317,+,DR 25,0.02844049216668206,True
DR 25-,hallmark,gs_ind_0,KRAS Signaling Up,16/78,0.003396058103941713,0.07641130733868853,2.487609756097561,14.142409482895015,-,DR 25,0.043421297843960635,True
DR 25-,hallmark,gs_ind_0,Oxidative Phosphorylation,6/11,0.00027959877808904316,0.012581945014006942,10.909792007478384,89.26560832643746,-,DR 25,0.0067667603436676,True
DR 26+,hallmark,gs_ind_0,Unfolded Protein Response,7/19,0.0015934136015422816,0.07807726647557181,5.545736434108528,35.72495001353711,+,DR 26,0.02467418605738574,True
DR 26-,lab,gs_ind_0,MP13_EMT_2,16/38,1.7058063339244201e-07,1.717761014770781e-06,7.069015356820235,110.16394340711705,-,DR 26,1.284371827896034e-05,True
DR 26-,lab,gs_ind_0,MP14_EMT_3,17/32,7.649603409673127e-10,2.5243691251921318e-08,10.985760745363452,230.60426937751168,-,DR 26,9.179524091607753e-08,True
DR 26-,lab,gs_ind_0,MP16_MES_GLIOMA,8/19,0.00024933949485229397,0.00082282033301257,6.871033314511576,57.006868824016905,-,DR 26,0.006312947210326212,True
DR 26-,lab,gs_ind_0,MP17_INTERFERON_MHC_II_1,17/43,2.0821345633585224e-07,1.717761014770781e-06,6.386046989871986,98.24743022336185,-,DR 26,1.4991368856181361e-05,True
DR 26-,lab,gs_ind_0,MP18_INTERFERON_MHC_II_2,11/39,0.0010260460463652652,0.002821626627504479,3.7742443179188077,25.974510381561768,-,DR 26,0.018555809190153618,True
DR 26-,lab,gs_ind_0,MP19_EPITHELIAL_SENESCENCE,16/35,4.097964329313048e-08,6.761641143366529e-07,8.170314780070878,138.9786100253963,-,DR 26,3.4969295610138006e-06,True
DR 26-,lab,gs_ind_0,MP22_SECRETED_1,13/29,1.0975890745646705e-06,7.244087892126826e-06,7.786909090909091,106.8550387455027,-,DR 26,7.103497830890452e-05,True
DR 26-,lab,gs_ind_0,MP39_METAL_RESPONSE,11/35,0.0003665367959475713,0.0010996103878427139,4.400355392816757,34.81302289008058,-,DR 26,0.008513112680072623,True
DR 26-,lab,gs_ind_0,MP40_PDAC_RELATED,14/34,1.4677909119503548e-06,8.07285001572695e-06,6.752697312495913,90.70055609485308,-,DR 26,9.139973678739508e-05,True
DR 26-,lab,gs_ind_0,MP5_STRESS,14/43,3.6303749506164125e-05,0.000149752966712927,4.668832644158677,47.732228537428114,-,DR 26,0.0012868282901877253,True
DR 26-,lab,gs_ind_0,MP6_HYPOXIA,13/32,4.271922425527623e-06,2.013906286320165e-05,6.577846153846154,81.32484976666557,-,DR 26,0.0002177546298322045,True
DR 26-,lab,gs_ind_0,MP7_STRESS_IN_VITRO,8/19,0.00024933949485229397,0.00082282033301257,6.871033314511576,57.006868824016905,-,DR 26,0.006312947210326212,True
DR 26-,hallmark,gs_ind_0,Apical Surface,5/11,0.002659499577535494,0.009086623556579604,7.766869958685816,46.054566494324,-,DR 26,0.036445847470429754,True
DR 26-,hallmark,gs_ind_0,Apoptosis,19/59,1.6410888264940122e-06,1.1482205593428427e-05,4.670237730843791,62.208269995915195,-,DR 26,0.00010109809241289315,True
DR 26-,hallmark,gs_ind_0,Complement,16/66,0.0005056385251259811,0.0020731179530165227,3.099975851243661,23.52785113414149,-,DR 26,0.010420314507068519,True
DR 26-,hallmark,gs_ind_0,Glycolysis,14/46,8.447779423923816e-05,0.00043294869547609555,4.230686739533924,39.67970336299856,-,DR 26,0.002658973195726841,True
DR 26-,hallmark,gs_ind_0,Hypoxia,29/70,1.5744512561564122e-12,3.227625075120645e-11,7.292879974709333,198.19943274475057,-,DR 26,2.878996582686011e-10,True
DR 26-,hallmark,gs_ind_0,IL-2/STAT5 Signaling,21/70,1.6803227697700137e-06,1.1482205593428427e-05,4.238175628147773,56.35300674519324,-,DR 26,0.00010168433390372182,True
DR 26-,hallmark,gs_ind_0,Interferon Alpha Response,19/48,3.7063189632243983e-08,5.065302583073345e-07,6.451743941728534,110.39347797919496,-,DR 26,3.3098290276236488e-06,True
DR 26-,hallmark,gs_ind_0,Interferon Gamma Response,35/96,5.585217404940442e-13,2.289939136025581e-11,6.067079311276497,171.17343810181202,-,DR 26,1.0377694274986111e-10,True
DR 26-,hallmark,gs_ind_0,TNF-alpha Signaling via NF-kB,27/97,2.668338298019304e-07,2.7350467554697864e-06,3.8905921066078033,58.8904910641617,-,DR 26,1.885843999581741e-05,True
DR 26-,hallmark,gs_ind_0,UV Response Up,10/38,0.003076349835210654,0.00970233409566437,3.42795966293687,19.82735812307964,-,DR 26,0.0406097117354485,True
DR 26-,hallmark,gs_ind_0,Unfolded Protein Response,7/19,0.0015934136015422816,0.005939087060293958,5.545736434108528,35.72495001353711,-,DR 26,0.02467418605738574,True
DR 26-,hallmark,gs_ind_0,mTORC1 Signaling,14/49,0.0001808341096007929,0.0008237998326258343,3.8665936638598346,33.32203534510104,-,DR 26,0.004855964901168145,True
DR 26-,hallmark,gs_ind_0,p53 Pathway,16/45,2.6129029306732644e-06,1.5304145736800548e-05,5.370400992145514,69.036766403883,-,DR 26,0.00014755216549684316,True
DR 27+,lab,gs_ind_0,MP10_PROTEIN_MATURATION,11/14,2.151680697932889e-09,7.315714372971822e-08,31.16660384470411,621.9924296779698,+,DR 27,2.4065399650666876e-07,True
DR 27+,lab,gs_ind_0,MP15_EMT_4,10/34,0.001221006000863245,0.004612689336594481,3.996625421822272,26.80968373566166,+,DR 27,0.0209627259760724,True
DR 27+,lab,gs_ind_0,MP18_INTERFERON_MHC_II_2,18/39,4.509270668161523e-09,7.66576013587459e-08,8.390124243389614,161.23411174875113,+,DR 27,4.765761293323005e-07,True
DR 27+,lab,gs_ind_0,MP19_EPITHELIAL_SENESCENCE,12/35,7.567785795160356e-05,0.00036757816719350304,5.0158022461764205,47.59507259625568,+,DR 27,0.0023950794604463547,True
DR 27+,lab,gs_ind_0,MP23_SECRETED_2,14/42,2.6826228607576808e-05,0.00015201529544293523,4.835379333051127,50.89783372996811,+,DR 27,0.0010194341681071634,True
DR 27+,lab,gs_ind_0,MP25_ASTROCYTES,11/31,0.000106824485721512,0.000454004064316426,5.270802496943175,48.19792256034924,+,DR 27,0.0032215132866801523,True
DR 27+,lab,gs_ind_0,MP28_OLIGO_NORMAL,9/16,5.16300461734021e-06,4.388553924739178e-05,11.863011314186249,144.42020314734387,+,DR 27,0.000255269584513988,True
DR 27+,lab,gs_ind_0,MP31_ALVEOLAR,9/18,1.8331719161140332e-05,0.00012465569029575425,9.355091383812011,102.03483769876814,+,DR 27,0.0007411102365522627,True
DR 27+,lab,gs_ind_0,MP32_SKIN_PIGMENTATION,10/15,1.5524585094860313e-07,1.759452977417502e-06,17.993557623478882,282.10759991893116,+,DR 27,1.192288135285272e-05,True
DR 27+,hallmark,gs_ind_0,Coagulation,13/48,0.0005519851776710972,0.022079407106843887,3.5807323943661973,26.862616338197814,+,DR 27,0.010925892176582542,True
DR 27+,hallmark,gs_ind_0,Complement,15/66,0.0015570714104299703,0.031141428208599404,2.8385366236621046,18.350993152810602,+,DR 27,0.02467418605738574,True
DR 27-,lab,gs_ind_0,MP11_TRANSLATION_INITIATION,5/7,0.00016935438698180248,0.0054193403834176795,20.238874680306907,175.74461384929927,-,DR 27,0.004612204581632067,True
DR 27-,lab,gs_ind_0,MP20_MYC,4/5,0.00044837002986319467,0.007173920477811115,27.47328244274809,211.81603246804076,-,DR 27,0.009408420298768675,True
DR 27-,lab,gs_ind_0,MP22_SECRETED_1,9/29,0.0014111478308291778,0.015052243528844563,4.308667133668726,28.27929836550699,-,DR 27,0.023124357057115404,True
DR 27-,lab,gs_ind_0,MP5_STRESS,11/43,0.002455744353129197,0.019645954825033576,3.302252892226507,19.844312066440693,-,DR 27,0.03540697740681896,True
DR 27-,hallmark,gs_ind_0,TNF-alpha Signaling via NF-kB,20/97,0.0009933944627647214,0.047682934212706626,2.5257260298454116,17.46383643978334,-,DR 27,0.018193806376867395,True
DR 27-,hallmark,gs_ind_0,mTORC1 Signaling,12/49,0.002351442988433525,0.05643463172240461,3.118479221927498,18.87530058397867,-,DR 27,0.03453741412900367,True
DR 28+,lab,gs_ind_0,MP6_HYPOXIA,9/32,0.00302646296265898,0.09684681480508736,3.7522915393589247,21.76464430625097,+,DR 28,0.040352839502119736,True
DR 28+,hallmark,gs_ind_0,DNA Repair,6/16,0.0031514828378030346,0.06542971585542717,5.698739135757131,32.82406608056813,+,DR 28,0.0406097117354485,True
DR 28+,hallmark,gs_ind_0,UV Response Up,11/38,0.0008062053466583659,0.03708544594628483,3.9136963300551693,27.877932409757033,+,DR 28,0.015250386853044952,True
DR 28-,lab,gs_ind_0,MP11_TRANSLATION_INITIATION,4/7,0.002667000817497594,0.019202405885982675,11.761177753544166,69.70615686312823,-,DR 28,0.036445847470429754,True
DR 28-,lab,gs_ind_0,MP21_RESPIRATION,5/5,9.556386021442599e-06,0.0003440298967719336,101.30690537084399,1170.93569892822,-,DR 28,0.00042342141141161056,True
DR 28-,lab,gs_ind_0,MP2_CELL_CYCLE_G1_S,11/36,0.00048220540078602886,0.0057864648094323465,4.225412592477625,32.27006918277949,-,DR 28,0.00997308117963205,True
DR 28-,lab,gs_ind_0,MP3_CELL_CYCLE_HMG_RICH,7/11,2.1058022717423192e-05,0.00037904440891361747,15.473729543496985,166.6246623376999,-,DR 28,0.0008223336328973396,True
DR 28-,lab,gs_ind_0,MP8_PROTEASOMAL_DEGRADATION,5/9,0.0008581515173821787,0.007723363656439609,11.231315714691673,79.30128646272313,-,DR 28,0.015996610809454206,True
DR 28-,hallmark,gs_ind_0,E2F Targets,27/64,5.98061045816137e-12,2.6314686015910027e-10,7.453794428434198,192.62467111154803,-,DR 28,9.842376068288427e-10,True
DR 28-,hallmark,gs_ind_0,G2-M Checkpoint,23/58,1.1412645427864317e-09,2.5107819941301498e-08,6.584288831581036,135.5779403174699,-,DR 28,1.3147367532899693e-07,True
DR 28-,hallmark,gs_ind_0,Mitotic Spindle,11/35,0.0003665367959475713,0.005375873007231046,4.400355392816757,34.81302289008058,-,DR 28,0.008513112680072623,True
DR 28-,hallmark,gs_ind_0,mTORC1 Signaling,12/49,0.002351442988433525,0.025865872872768775,3.118479221927498,18.87530058397867,-,DR 28,0.03453741412900367,True
DR 29-,lab,gs_ind_0,MP10_PROTEIN_MATURATION,9/14,1.0817504021820691e-06,1.1178087489214714e-05,16.194873012105386,222.46783831980014,-,DR 29,7.040544990473128e-05,True
DR 29-,lab,gs_ind_0,MP14_EMT_3,9/32,0.00302646296265898,0.008529122894766216,3.7522915393589247,21.76464430625097,-,DR 29,0.040352839502119736,True
DR 29-,lab,gs_ind_0,MP17_INTERFERON_MHC_II_1,13/43,0.00016495644986090925,0.0006392062432110234,4.179540983606557,36.40308751287863,-,DR 29,0.004535318144147194,True
DR 29-,lab,gs_ind_0,MP18_INTERFERON_MHC_II_2,21/39,4.577367469271469e-12,1.4189839154741554e-10,11.540691108936235,301.3262569874381,-,DR 29,7.870339290448854e-10,True
DR 29-,lab,gs_ind_0,MP19_EPITHELIAL_SENESCENCE,12/35,7.567785795160356e-05,0.00039100226608328507,5.0158022461764205,47.59507259625568,-,DR 29,0.0023950794604463547,True
DR 29-,lab,gs_ind_0,MP23_SECRETED_2,18/42,1.9442913887335962e-08,3.013651652537074e-07,7.350349454850433,130.51121105454556,-,DR 29,1.8537734259766067e-06,True
DR 29-,lab,gs_ind_0,MP25_ASTROCYTES,12/31,1.841555527939586e-05,0.00014272055341531793,6.05828742433517,66.04935698143535,-,DR 29,0.0007411102365522627,True
DR 29-,lab,gs_ind_0,MP28_OLIGO_NORMAL,8/16,5.5432325630216626e-05,0.0003436804189073431,9.311688311688311,91.25778256286647,-,DR 29,0.001840289311988748,True
DR 29-,lab,gs_ind_0,MP31_ALVEOLAR,8/18,0.00015776008762408633,0.0006392062432110234,7.529622758194186,65.91759385206704,-,DR 29,0.004400475083364345,True
DR 29-,lab,gs_ind_0,MP32_SKIN_PIGMENTATION,6/15,0.002146047010168408,0.006652745731522065,6.302124205114328,38.72105608064646,-,DR 29,0.032274753991044465,True
DR 29-,lab,gs_ind_0,MP38_GLUTATHIONE,6/12,0.000512922385877911,0.00176673266246836,9.226221079691516,69.89218617368041,-,DR 29,0.010551546223774168,True
DR 29-,hallmark,gs_ind_0,Coagulation,17/48,1.3276367579910216e-06,5.177783356164984e-05,5.357250983953981,72.49490998712832,-,DR 29,8.312160571769876e-05,True
DR 29-,hallmark,gs_ind_0,Complement,17/66,0.00015134319395301195,0.002951192282083733,3.3744804998210993,29.68179715891509,-,DR 29,0.004273219593967396,True
DR 29-,hallmark,gs_ind_0,Epithelial Mesenchymal Transition,22/112,0.0011059337558738402,0.014377138826359923,2.3824225822925857,16.21730602531422,-,DR 29,0.019362244479736536,True
DR 29-,hallmark,gs_ind_0,Myogenesis,12/51,0.0033772390202608266,0.032928080447543064,2.9572239196857266,16.828664581923654,-,DR 29,0.0432767447312622,True
DR 30+,lab,gs_ind_0,MP12_EMT_1,18/46,1.0748990367664642e-07,1.7198384588263427e-06,6.30449411199231,101.16108608429059,+,DR 30,8.539887519689425e-06,True
DR 30+,lab,gs_ind_0,MP13_EMT_2,20/38,2.6991833620044086e-11,8.637386758414108e-10,10.942951261510819,266.3020454762532,+,DR 30,4.091393727669841e-09,True
DR 30+,lab,gs_ind_0,MP14_EMT_3,13/32,4.271922425527623e-06,3.417537940422098e-05,6.577846153846154,81.32484976666557,+,DR 30,0.0002177546298322045,True
DR 30+,lab,gs_ind_0,MP16_MES_GLIOMA,11/19,2.834248235953389e-07,3.023198118350282e-06,12.797609809095142,192.9408469141474,+,DR 30,1.955122136418146e-05,True
DR 30+,lab,gs_ind_0,MP18_INTERFERON_MHC_II_2,11/39,0.0010260460463652652,0.004104184185461061,3.7742443179188077,25.974510381561768,+,DR 30,0.018555809190153618,True
DR 30+,lab,gs_ind_0,MP26_NPC_GLIOMA,8/13,7.2425920497813855e-06,4.6352589118600866e-05,14.414876033057851,170.60771788341367,+,DR 30,0.00033779214742300225,True
DR 30+,lab,gs_ind_0,MP34_PLATELET_ACTIVATION,7/17,0.0007324907256175764,0.003348529031394635,6.609449981543005,47.714015180221494,+,DR 30,0.01394759199853633,True
DR 30+,lab,gs_ind_0,MP39_METAL_RESPONSE,11/35,0.0003665367959475713,0.00195486291172038,4.400355392816757,34.81302289008058,+,DR 30,0.008513112680072623,True
DR 30+,lab,gs_ind_0,MP40_PDAC_RELATED,10/34,0.001221006000863245,0.004341354669735982,3.996625421822272,26.80968373566166,+,DR 30,0.0209627259760724,True
DR 30+,lab,gs_ind_0,MP6_HYPOXIA,9/32,0.00302646296265898,0.009684681480508736,3.7522915393589247,21.76464430625097,+,DR 30,0.040352839502119736,True
DR 30+,hallmark,gs_ind_0,Epithelial Mesenchymal Transition,28/112,1.789247994142569e-06,8.409465572470075e-05,3.3561615641883202,44.41448610894607,+,DR 30,0.00010463013651026595,True
DR 30+,hallmark,gs_ind_0,Myogenesis,14/51,0.000288446247605092,0.006778486818719663,3.6562287756925826,29.801927354436184,+,DR 30,0.0069458384313436684,True
DR 30-,lab,gs_ind_0,MP10_PROTEIN_MATURATION,7/14,0.00016816930893802333,0.0029429629064154084,9.268733850129198,80.55029573707145,-,DR 30,0.0045907830307251865,True
DR 30-,lab,gs_ind_0,MP23_SECRETED_2,16/42,8.855234540363557e-07,3.099332089127245e-05,5.988495167970548,83.46217751612812,-,DR 30,5.8627759715510444e-05,True
DR 30-,lab,gs_ind_0,MP28_OLIGO_NORMAL,6/16,0.0031514828378030346,0.025579119008632963,5.698739135757131,32.82406608056813,-,DR 30,0.0406097117354485,True
DR 30-,lab,gs_ind_0,MP30_PDAC_CLASSICAL,8/23,0.0011349351321441861,0.013240909875015505,5.086468370339338,34.49225647461518,-,DR 30,0.01963131039384538,True
DR 30-,lab,gs_ind_0,MP9_UNFOLDED_PROTEIN_RESPONSE,3/4,0.0036541598583761372,0.025579119008632963,21.259915611814346,119.30828811722127,-,DR 30,0.046208475925898024,True
DR 30-,hallmark,gs_ind_0,Estrogen Response Late,14/65,0.003804085237894144,0.07417966213893581,2.6411671308467164,14.715737358853316,-,DR 30,0.04727406897577188,True
DR 30-,hallmark,gs_ind_0,p53 Pathway,11/45,0.003620292729714398,0.07417966213893581,3.1072999120492524,17.466755483212417,-,DR 30,0.04603286119901751,True
DR 31+,lab,gs_ind_0,MP14_EMT_3,10/32,0.00071884446712456,0.01186093370755524,4.356780402449694,31.53379074881248,+,DR 31,0.01373314802864831,True
DR 31+,lab,gs_ind_0,MP16_MES_GLIOMA,7/19,0.0015934136015422816,0.013145662212723824,5.545736434108528,35.72495001353711,+,DR 31,0.02467418605738574,True
DR 31+,lab,gs_ind_0,MP21_RESPIRATION,5/5,9.556386021442599e-06,0.00031536073870760576,101.30690537084399,1170.93569892822,+,DR 31,0.00042342141141161056,True
DR 31+,lab,gs_ind_0,MP30_PDAC_CLASSICAL,8/23,0.0011349351321441861,0.012484286453586046,5.086468370339338,34.49225647461518,+,DR 31,0.01963131039384538,True
DR 31-,lab,gs_ind_0,MP14_EMT_3,9/32,0.00302646296265898,0.034714518654573305,3.7522915393589247,21.76464430625097,-,DR 31,0.040352839502119736,True
DR 31-,lab,gs_ind_0,MP7_STRESS_IN_VITRO,18/19,8.514823928146821e-18,3.235633092695792e-16,121.61004566210046,4779.849163367608,-,DR 31,2.281180736098869e-15,True
DR 31-,lab,gs_ind_0,MP8_PROTEASOMAL_DEGRADATION,6/9,6.044897603128107e-05,0.0011485305445943404,17.163055453543887,166.71695918221195,-,DR 31,0.0019727257900293426,True
DR 31-,lab,gs_ind_0,MP9_UNFOLDED_PROTEIN_RESPONSE,3/4,0.0036541598583761372,0.034714518654573305,21.259915611814346,119.30828811722127,-,DR 31,0.046208475925898024,True
DR 31-,hallmark,gs_ind_0,Apoptosis,14/59,0.0014313524065034998,0.016460552674790248,2.9997053884453346,19.645477177473634,-,DR 31,0.023289801868531523,True
DR 31-,hallmark,gs_ind_0,Unfolded Protein Response,12/19,1.9631975518155037e-08,9.030708738351317e-07,15.85764809902741,281.4115071843976,-,DR 31,1.8537734259766067e-06,True
DR 31-,hallmark,gs_ind_0,Xenobiotic Metabolism,11/42,0.0019996680498142708,0.018396946058291293,3.4090128575616703,21.186244770414227,-,DR 31,0.030390733421979416,True
DR 31-,hallmark,gs_ind_0,mTORC1 Signaling,14/49,0.0001808341096007929,0.0027727896805454914,3.8665936638598346,33.32203534510104,-,DR 31,0.004855964901168145,True
DR 31-,hallmark,gs_ind_0,p53 Pathway,16/45,2.6129029306732644e-06,6.009676740548508e-05,5.370400992145514,69.036766403883,-,DR 31,0.00014755216549684316,True
DR 32+,lab,gs_ind_0,MP14_EMT_3,11/32,0.0001486887837228332,0.0018338283325816094,5.022826287046696,44.26945870327691,+,DR 32,0.004229369848116144,True
DR 32+,lab,gs_ind_0,MP17_INTERFERON_MHC_II_1,30/43,1.4783542176050827e-21,5.469910605138805e-20,23.685782556750297,1136.0496564124767,+,DR 32,5.322075183378297e-19,True
DR 32+,lab,gs_ind_0,MP18_INTERFERON_MHC_II_2,10/39,0.0037833511417090637,0.03499599806080884,3.3098892299479514,18.459732555536906,+,DR 32,0.04727406897577188,True
DR 32+,lab,gs_ind_0,MP8_PROTEASOMAL_DEGRADATION,7/9,2.7409457721732702e-06,5.0707496785205496e-05,27.88372093023256,357.11260051700145,+,DR 32,0.00015029756123095798,True
DR 32+,hallmark,gs_ind_0,Interferon Alpha Response,34/48,9.805081551895164e-25,2.157117941416936e-23,25.529356943150045,1411.306929473907,+,DR 32,4.518181579113291e-22,True
DR 32+,hallmark,gs_ind_0,Interferon Gamma Response,48/96,5.1529896351628805e-25,2.157117941416936e-23,11.491803278688524,642.6796760182705,+,DR 32,2.580975678133756e-22,True
DR 32+,hallmark,gs_ind_0,Oxidative Phosphorylation,6/11,0.00027959877808904316,0.0030755865589794746,10.909792007478384,89.26560832643746,+,DR 32,0.0067667603436676,True
DR 32+,hallmark,gs_ind_0,Reactive Oxygen Species Pathway,6/9,6.044897603128107e-05,0.0008865849817921224,17.163055453543887,166.71695918221195,+,DR 32,0.0019727257900293426,True
DR 32+,hallmark,gs_ind_0,Xenobiotic Metabolism,11/42,0.0019996680498142708,0.017597078838365584,3.4090128575616703,21.186244770414227,+,DR 32,0.030390733421979416,True
DR 32-,hallmark,gs_ind_0,mTORC1 Signaling,12/49,0.002351442988433525,0.07421600095914516,3.118479221927498,18.87530058397867,-,DR 32,0.03453741412900367,True
DR 32-,hallmark,gs_ind_0,p53 Pathway,11/45,0.003620292729714398,0.07421600095914516,3.1072999120492524,17.466755483212417,-,DR 32,0.04603286119901751,True
DR 33+,lab,gs_ind_0,MP12_EMT_1,15/46,1.846342342799474e-05,0.0001723252853279509,4.693834766611047,51.1614794953858,+,DR 33,0.0007411102365522627,True
DR 33+,lab,gs_ind_0,MP17_INTERFERON_MHC_II_1,14/43,3.6303749506164125e-05,0.0002541262465431489,4.668832644158677,47.732228537428114,+,DR 33,0.0012868282901877253,True
DR 33+,lab,gs_ind_0,MP18_INTERFERON_MHC_II_2,14/39,1.0070000412475013e-05,0.0001409800057746502,5.413394312148452,62.286243258797576,+,DR 33,0.0004427725372202754,True
DR 33+,lab,gs_ind_0,MP19_EPITHELIAL_SENESCENCE,10/35,0.001562793682829515,0.007293037186537737,3.837733518604292,24.796671738647785,+,DR 33,0.02467418605738574,True
DR 33+,lab,gs_ind_0,MP23_SECRETED_2,17/42,1.3796258847965582e-07,3.8629524774303635e-06,6.640220120745846,104.89079811212761,+,DR 33,1.0666637713326411e-05,True
DR 33+,lab,gs_ind_0,MP31_ALVEOLAR,7/18,0.001098228404340707,0.006150079064307959,6.031344792719919,41.09792683634926,+,DR 33,0.019362244479736536,True
DR 33+,lab,gs_ind_0,MP6_HYPOXIA,9/32,0.00302646296265898,0.01210585185063592,3.7522915393589247,21.76464430625097,+,DR 33,0.040352839502119736,True
DR 33+,hallmark,gs_ind_0,Coagulation,13/48,0.0005519851776710972,0.004967866599039875,3.5807323943661973,26.862616338197814,+,DR 33,0.010925892176582542,True
DR 33+,hallmark,gs_ind_0,Complement,15/66,0.0015570714104299703,0.008758526683668583,2.8385366236621046,18.350993152810602,+,DR 33,0.02467418605738574,True
DR 33+,hallmark,gs_ind_0,Epithelial Mesenchymal Transition,23/112,0.0004347708239072752,0.004967866599039875,2.53176489102211,19.597610990409727,+,DR 33,0.009408420298768675,True
DR 33+,hallmark,gs_ind_0,Estrogen Response Late,16/65,0.0004197487478719283,0.004967866599039875,3.1644083107497742,24.60597779619615,+,DR 33,0.009408420298768675,True
DR 33+,hallmark,gs_ind_0,Glycolysis,12/46,0.0013008231383289865,0.008362434460686342,3.395417675777496,22.561728871625487,+,DR 33,0.021816983024155044,True
DR 33+,hallmark,gs_ind_0,Hypoxia,19/70,2.7231470658490233e-05,0.0012254161796320605,3.6497632993661235,38.36316294767371,+,DR 33,0.0010285460392977295,True
DR 33+,hallmark,gs_ind_0,Interferon Gamma Response,20/96,0.0008643130232696487,0.006482347674522365,2.5602266760813284,18.058752308732448,+,DR 33,0.01603363289543696,True
DR 33+,hallmark,gs_ind_0,UV Response Dn,10/31,0.0005406708160615204,0.004967866599039875,4.561984984435085,34.31844415681465,+,DR 33,0.010832222262658633,True
DR 33-,lab,gs_ind_0,MP11_TRANSLATION_INITIATION,4/7,0.002667000817497594,0.029337008992473535,11.761177753544166,69.70615686312823,-,DR 33,0.036445847470429754,True
DR 33-,lab,gs_ind_0,MP20_MYC,4/5,0.00044837002986319467,0.0073981054927427115,27.47328244274809,211.81603246804076,-,DR 33,0.009408420298768675,True
DR 33-,lab,gs_ind_0,MP8_PROTEASOMAL_DEGRADATION,6/9,6.044897603128107e-05,0.001994816209032275,17.163055453543887,166.71695918221195,-,DR 33,0.0019727257900293426,True
DR 33-,hallmark,gs_ind_0,E2F Targets,14/64,0.0032686442862646012,0.03595508714891061,2.695007034215486,15.42454928240058,-,DR 33,0.04197857544901695,True
DR 33-,hallmark,gs_ind_0,Oxidative Phosphorylation,6/11,0.00027959877808904316,0.006151173117958949,10.909792007478384,89.26560832643746,-,DR 33,0.0067667603436676,True
DR 33-,hallmark,gs_ind_0,UV Response Up,11/38,0.0008062053466583659,0.011824345084322702,3.9136963300551693,27.877932409757033,-,DR 33,0.015250386853044952,True
DR 33-,hallmark,gs_ind_0,mTORC1 Signaling,14/49,0.0001808341096007929,0.006151173117958949,3.8665936638598346,33.32203534510104,-,DR 33,0.004855964901168145,True
DR 34+,lab,gs_ind_0,MP17_INTERFERON_MHC_II_1,34/43,1.762267812938399e-27,5.1105766575213574e-26,39.07491702228544,2407.1397720526393,+,DR 34,1.0684908002658083e-24,True
DR 34+,lab,gs_ind_0,MP18_INTERFERON_MHC_II_2,12/39,0.00024661083831353385,0.003575857155546241,4.276585483482036,35.528585018148014,+,DR 34,0.006312947210326212,True
DR 34+,hallmark,gs_ind_0,Apoptosis,14/59,0.0014313524065034998,0.009303790642272748,2.9997053884453346,19.645477177473634,+,DR 34,0.023289801868531523,True
DR 34+,hallmark,gs_ind_0,Complement,19/66,1.0706459299378562e-05,0.0001391839708919213,3.9661591996520227,45.39135673651976,+,DR 34,0.00046542796652392836,True
DR 34+,hallmark,gs_ind_0,Inflammatory Response,18/73,0.00017689300351724887,0.0017247067842931765,3.1881278538812787,27.545314692872925,+,DR 34,0.004794840942396957,True
DR 34+,hallmark,gs_ind_0,Interferon Alpha Response,46/48,5.8697824330792026e-46,1.1446075744504446e-44,216.51844660194175,22550.200634381396,+,DR 34,1.6904973407268103e-42,True
DR 34+,hallmark,gs_ind_0,Interferon Gamma Response,66/96,1.2860912166934756e-47,5.0157557451045546e-46,28.700895849838503,3098.8326199541834,+,DR 34,4.938590272102946e-44,True
DR 34+,hallmark,gs_ind_0,TNF-alpha Signaling via NF-kB,21/97,0.0003673494812136177,0.0028653259534662185,2.700074644528192,21.355422003246233,+,DR 34,0.008514820972999751,True
DR 34-,lab,gs_ind_0,MP11_TRANSLATION_INITIATION,4/7,0.002667000817497594,0.03022600926497273,11.761177753544166,69.70615686312823,-,DR 34,0.036445847470429754,True
DR 34-,lab,gs_ind_0,MP20_MYC,4/5,0.00044837002986319467,0.007622290507674309,27.47328244274809,211.81603246804076,-,DR 34,0.009408420298768675,True
DR 34-,lab,gs_ind_0,MP21_RESPIRATION,4/5,0.00044837002986319467,0.007622290507674309,27.47328244274809,211.81603246804076,-,DR 34,0.009408420298768675,True
DR 34-,hallmark,gs_ind_0,Cholesterol Homeostasis,9/20,5.291877103263162e-05,0.0011642129627178956,7.719491429220116,76.0119210824779,-,DR 34,0.0017773301524662282,True
DR 34-,hallmark,gs_ind_0,Glycolysis,12/46,0.0013008231383289865,0.01907873936215847,3.395417675777496,22.561728871625487,-,DR 34,0.021816983024155044,True
DR 34-,hallmark,gs_ind_0,Oxidative Phosphorylation,7/11,2.1058022717423192e-05,0.0009265529995666204,15.473729543496985,166.6246623376999,-,DR 34,0.0008223336328973396,True
DR 34-,hallmark,gs_ind_0,mTORC1 Signaling,12/49,0.002351442988433525,0.025865872872768775,3.118479221927498,18.87530058397867,-,DR 34,0.03453741412900367,True
DR 35+,lab,gs_ind_0,MP14_EMT_3,11/32,0.0001486887837228332,0.005352796214021995,5.022826287046696,44.26945870327691,+,DR 35,0.004229369848116144,True
DR 35+,lab,gs_ind_0,MP19_EPITHELIAL_SENESCENCE,10/35,0.001562793682829515,0.014065143145465635,3.837733518604292,24.796671738647785,+,DR 35,0.02467418605738574,True
DR 35+,lab,gs_ind_0,MP21_RESPIRATION,4/5,0.00044837002986319467,0.008070660537537504,27.47328244274809,211.81603246804076,+,DR 35,0.009408420298768675,True
DR 35+,lab,gs_ind_0,MP30_PDAC_CLASSICAL,8/23,0.0011349351321441861,0.013619221585730234,5.086468370339338,34.49225647461518,+,DR 35,0.01963131039384538,True
DR 35+,hallmark,gs_ind_0,Estrogen Response Early,13/47,0.00044081509382605446,0.0064652880427821325,3.6866086956521738,28.486001648149458,+,DR 35,0.009408420298768675,True
DR 35+,hallmark,gs_ind_0,Estrogen Response Late,22/65,8.371428121672532e-08,3.683428373535914e-06,5.092726745870762,82.99034297200332,+,DR 35,6.6971424973380256e-06,True
DR 35+,hallmark,gs_ind_0,Oxidative Phosphorylation,6/11,0.00027959877808904316,0.006151173117958949,10.909792007478384,89.26560832643746,+,DR 35,0.0067667603436676,True
DR 35-,lab,gs_ind_0,MP36_IG,20/25,1.390894037705661e-16,3.894503305575851e-15,37.07655502392345,1353.7174781623723,-,DR 35,3.560688736526492e-14,True
DR 36+,lab,gs_ind_0,MP10_PROTEIN_MATURATION,8/14,1.5457047579913812e-05,0.00018548457095896576,12.19040959040959,135.03859791636205,+,DR 36,0.0006428346141538162,True
DR 36+,lab,gs_ind_0,MP14_EMT_3,13/32,4.271922425527623e-06,7.689460365949721e-05,6.577846153846154,81.32484976666557,+,DR 36,0.0002177546298322045,True
DR 36+,lab,gs_ind_0,MP18_INTERFERON_MHC_II_2,12/39,0.00024661083831353385,0.002219497544821805,4.276585483482036,35.528585018148014,+,DR 36,0.006312947210326212,True
DR 36+,lab,gs_ind_0,MP27_OLIGO_PROGENITOR,5/9,0.0008581515173821787,0.006178690925151686,11.231315714691673,79.30128646272313,+,DR 36,0.015996610809454206,True
DR 36+,lab,gs_ind_0,MP28_OLIGO_NORMAL,6/16,0.0031514828378030346,0.014181672770113656,5.698739135757131,32.82406608056813,+,DR 36,0.0406097117354485,True
DR 36+,lab,gs_ind_0,MP2_CELL_CYCLE_G1_S,10/36,0.0019784045605385483,0.01187042736323129,3.6908334571386123,22.977152797893527,+,DR 36,0.030307474118888397,True
DR 36+,lab,gs_ind_0,MP3_CELL_CYCLE_HMG_RICH,5/11,0.002659499577535494,0.013677426398753969,7.766869958685816,46.054566494324,+,DR 36,0.036445847470429754,True
DR 36+,lab,gs_ind_0,MP8_PROTEASOMAL_DEGRADATION,9/9,8.482500161322129e-10,3.053700058075967e-08,178.6396866840731,3731.3982101467273,+,DR 36,9.971265495758258e-08,True
DR 36+,hallmark,gs_ind_0,Apoptosis,14/59,0.0014313524065034998,0.009147794536276076,2.9997053884453346,19.645477177473634,+,DR 36,0.023289801868531523,True
DR 36+,hallmark,gs_ind_0,Complement,15/66,0.0015570714104299703,0.009147794536276076,2.8385366236621046,18.350993152810602,+,DR 36,0.02467418605738574,True
DR 36+,hallmark,gs_ind_0,DNA Repair,7/16,0.00047032063077736506,0.008060640438961476,7.309261525907793,56.004262789456,+,DR 36,0.009744772781574183,True
DR 36+,hallmark,gs_ind_0,E2F Targets,14/64,0.0032686442862646012,0.013966025586766932,2.695007034215486,15.42454928240058,+,DR 36,0.04197857544901695,True
DR 36+,hallmark,gs_ind_0,Estrogen Response Late,15/65,0.0013181093910427006,0.009147794536276076,2.896399882575859,19.207640477550406,+,DR 36,0.021816983024155044,True
DR 36+,hallmark,gs_ind_0,Fatty Acid Metabolism,7/20,0.002246635809414446,0.011732431449164329,5.132070054550675,31.29701252450603,+,DR 36,0.03361200587591483,True
DR 36+,hallmark,gs_ind_0,Myc Targets V1,7/18,0.001098228404340707,0.009147794536276076,6.031344792719919,41.09792683634926,+,DR 36,0.019362244479736536,True
DR 36+,hallmark,gs_ind_0,UV Response Up,10/38,0.003076349835210654,0.013966025586766932,3.42795966293687,19.82735812307964,+,DR 36,0.0406097117354485,True
DR 36+,hallmark,gs_ind_0,Unfolded Protein Response,8/19,0.00024933949485229397,0.008060640438961476,6.871033314511576,57.006868824016905,+,DR 36,0.006312947210326212,True
DR 36+,hallmark,gs_ind_0,Xenobiotic Metabolism,12/42,0.0005311487599997866,0.008060640438961476,3.8494151411053616,29.02639332737084,+,DR 36,0.010810660274200603,True
DR 36+,hallmark,gs_ind_0,mTORC1 Signaling,13/49,0.0006860119522520405,0.008060640438961476,3.4806575342465753,25.35525184951136,+,DR 36,0.013372009627653988,True
DR 37+,hallmark,gs_ind_0,Bile Acid Metabolism,6/14,0.00140315100501124,0.030869322110247278,7.047482231967337,46.2951564116883,+,DR 37,0.02309185653961355,True
DR 37+,hallmark,gs_ind_0,Oxidative Phosphorylation,6/11,0.00027959877808904316,0.012302346235917899,10.909792007478384,89.26560832643746,+,DR 37,0.0067667603436676,True
DR 37-,lab,gs_ind_0,MP10_PROTEIN_MATURATION,9/14,1.0817504021820691e-06,1.298100482618483e-05,16.194873012105386,222.46783831980014,-,DR 37,7.040544990473128e-05,True
DR 37-,lab,gs_ind_0,MP12_EMT_1,22/46,3.0572706341473394e-11,5.503087141465211e-10,9.139941690962099,221.28633726014766,-,DR 37,4.458197177895867e-09,True
DR 37-,lab,gs_ind_0,MP13_EMT_2,21/38,2.31327997929443e-12,8.327807925459949e-11,12.20700358137684,327.05436970378076,-,DR 37,4.163903962729974e-10,True
DR 37-,lab,gs_ind_0,MP15_EMT_4,13/34,9.507855995176341e-06,6.845656316526965e-05,5.959255813953488,68.90921192411501,-,DR 37,0.00042342141141161056,True
DR 37-,lab,gs_ind_0,MP16_MES_GLIOMA,9/19,3.1838402685300594e-05,0.00019103041611180356,8.45940569439264,87.59577017139024,-,DR 37,0.0011831561255956865,True
DR 37-,lab,gs_ind_0,MP18_INTERFERON_MHC_II_2,10/39,0.0037833511417090637,0.013620064110152628,3.3098892299479514,18.459732555536906,-,DR 37,0.04727406897577188,True
DR 37-,lab,gs_ind_0,MP23_SECRETED_2,11/42,0.0019996680498142708,0.007998672199257083,3.4090128575616703,21.186244770414227,-,DR 37,0.030390733421979416,True
DR 37-,lab,gs_ind_0,MP24_CILIA,7/13,9.181317825896858e-05,0.0004721820596175527,10.700655933214072,99.47067286211808,-,DR 37,0.0028741516672372773,True
DR 37-,lab,gs_ind_0,MP25_ASTROCYTES,13/31,2.7789392831765666e-06,2.50104535485891e-05,6.937297297297297,88.75190544758766,-,DR 37,0.00015029756123095798,True
DR 37-,lab,gs_ind_0,MP39_METAL_RESPONSE,10/35,0.001562793682829515,0.007032571572732817,3.837733518604292,24.796671738647785,-,DR 37,0.02467418605738574,True
DR 37-,hallmark,gs_ind_0,Angiogenesis,9/18,1.8331719161140332e-05,0.0002505334952022512,9.355091383812011,102.03483769876814,-,DR 37,0.0007411102365522627,True
DR 37-,hallmark,gs_ind_0,Coagulation,20/48,5.4110734199058176e-09,1.1092700510806926e-07,7.063468921611508,134.4518478419007,-,DR 37,5.565675517617412e-07,True
DR 37-,hallmark,gs_ind_0,Epithelial Mesenchymal Transition,49/112,3.0964045335783684e-22,1.269525858767131e-20,8.940126296094176,442.7743311122496,-,DR 37,1.1506638782846065e-19,True
DR 37-,hallmark,gs_ind_0,Estrogen Response Late,15/65,0.0013181093910427006,0.013510621258187682,2.896399882575859,19.207640477550406,-,DR 37,0.021816983024155044,True
DR 37-,hallmark,gs_ind_0,UV Response Dn,9/31,0.0023774452607899232,0.01949505113847737,3.9212648680011606,23.691218837052602,-,DR 37,0.03453741412900367,True
DR 38+,lab,gs_ind_0,MP21_RESPIRATION,4/5,0.00044837002986319467,0.01345110089589584,27.47328244274809,211.81603246804076,+,DR 38,0.009408420298768675,True
DR 38+,lab,gs_ind_0,MP3_CELL_CYCLE_HMG_RICH,5/11,0.002659499577535494,0.03989249366303241,7.766869958685816,46.054566494324,+,DR 38,0.036445847470429754,True
DR 38+,hallmark,gs_ind_0,E2F Targets,16/64,0.0003467369660388686,0.016296637403826822,3.2314977788953145,25.74516212626332,+,DR 38,0.008235896595397455,True
DR 38-,lab,gs_ind_0,MP13_EMT_2,13/38,3.851744498768228e-05,0.0003177689211483788,5.013176470588236,50.95592742212789,-,DR 38,0.0013446089886609087,True
DR 38-,lab,gs_ind_0,MP14_EMT_3,17/32,7.649603409673127e-10,8.41456375064044e-09,10.985760745363452,230.60426937751168,-,DR 38,9.179524091607753e-08,True
DR 38-,lab,gs_ind_0,MP16_MES_GLIOMA,8/19,0.00024933949485229397,0.0016076396393908301,6.871033314511576,57.006868824016905,-,DR 38,0.006312947210326212,True
DR 38-,lab,gs_ind_0,MP19_EPITHELIAL_SENESCENCE,28/35,6.040963662987031e-23,1.99351800878572e-21,39.50898550724638,2021.3150034953308,-,DR 38,2.3946595137557548e-20,True
DR 38-,lab,gs_ind_0,MP22_SECRETED_1,10/29,0.0002922981162528782,0.0016076396393908301,5.035534019785988,40.97784813595626,-,DR 38,0.006986046263969206,True
DR 38-,lab,gs_ind_0,MP23_SECRETED_2,12/42,0.0005311487599997866,0.002503987011427565,3.8494151411053616,29.02639332737084,-,DR 38,0.010810660274200603,True
DR 38-,lab,gs_ind_0,MP40_PDAC_RELATED,24/34,1.461441628635189e-17,2.4113786872480615e-16,23.670443814919736,917.5734687841826,-,DR 38,3.826319900426677e-15,True
DR 38-,hallmark,gs_ind_0,Apoptosis,14/59,0.0014313524065034998,0.018749275711791705,2.9997053884453346,19.645477177473634,-,DR 38,0.023289801868531523,True
DR 38-,hallmark,gs_ind_0,Estrogen Response Early,12/47,0.0015956830393014216,0.018749275711791705,3.2979041356894685,21.23999789238365,-,DR 38,0.02467418605738574,True
DR 38-,hallmark,gs_ind_0,Estrogen Response Late,15/65,0.0013181093910427006,0.018749275711791705,2.896399882575859,19.207640477550406,-,DR 38,0.021816983024155044,True
DR 38-,hallmark,gs_ind_0,p53 Pathway,12/45,0.0010525899827390427,0.018749275711791705,3.4987529197513756,23.989204648608986,-,DR 38,0.018887595951952916,True
DR 39+,hallmark,gs_ind_0,Androgen Response,7/21,0.003088849435292917,0.06949911229409063,4.775461106655975,27.60195798181327,+,DR 39,0.0406097117354485,True
DR 39+,hallmark,gs_ind_0,Cholesterol Homeostasis,8/20,0.0003802866440654024,0.017112898982943107,6.317818181818182,49.7501979495992,+,DR 39,0.008726896692496884,True
DR 39-,lab,gs_ind_0,MP14_EMT_3,10/32,0.00071884446712456,0.00557104462021534,4.356780402449694,31.53379074881248,-,DR 39,0.01373314802864831,True
DR 39-,lab,gs_ind_0,MP19_EPITHELIAL_SENESCENCE,25/35,1.8283886717496073e-18,5.668004882423783e-17,24.776963776963775,1011.9679250506105,-,DR 39,5.265759374638869e-16,True
DR 39-,lab,gs_ind_0,MP23_SECRETED_2,16/42,8.855234540363557e-07,1.3725613537563514e-05,5.988495167970548,83.46217751612812,-,DR 39,5.8627759715510444e-05,True
DR 39-,lab,gs_ind_0,MP30_PDAC_CLASSICAL,8/23,0.0011349351321441861,0.006308531004460099,5.086468370339338,34.49225647461518,-,DR 39,0.01963131039384538,True
DR 39-,lab,gs_ind_0,MP31_ALVEOLAR,9/18,1.8331719161140332e-05,0.00018942776466511678,9.355091383812011,102.03483769876814,-,DR 39,0.0007411102365522627,True
DR 39-,lab,gs_ind_0,MP40_PDAC_RELATED,10/34,0.001221006000863245,0.006308531004460099,3.996625421822272,26.80968373566166,-,DR 39,0.0209627259760724,True
DR 39-,hallmark,gs_ind_0,Complement,15/66,0.0015570714104299703,0.032698499619029375,2.8385366236621046,18.350993152810602,-,DR 39,0.02467418605738574,True
DR 39-,hallmark,gs_ind_0,Xenobiotic Metabolism,12/42,0.0005311487599997866,0.022308247919991038,3.8494151411053616,29.02639332737084,-,DR 39,0.010810660274200603,True
DR 39-,hallmark,gs_ind_0,p53 Pathway,11/45,0.003620292729714398,0.050684098216001575,3.1072999120492524,17.466755483212417,-,DR 39,0.04603286119901751,True
DR 40+,lab,gs_ind_0,MP11_TRANSLATION_INITIATION,4/7,0.002667000817497594,0.03111500953747193,11.761177753544166,69.70615686312823,+,DR 40,0.036445847470429754,True
DR 40+,lab,gs_ind_0,MP17_INTERFERON_MHC_II_1,15/43,7.194221031931653e-06,0.00025179773611760784,5.196718210620892,61.54074522832815,+,DR 40,0.00033779214742300225,True
DR 40+,lab,gs_ind_0,MP21_RESPIRATION,4/5,0.00044837002986319467,0.007846475522605907,27.47328244274809,211.81603246804076,+,DR 40,0.009408420298768675,True
DR 40+,hallmark,gs_ind_0,Estrogen Response Late,14/65,0.003804085237894144,0.08387098173756019,2.6411671308467164,14.715737358853316,+,DR 40,0.04727406897577188,True
DR 40+,hallmark,gs_ind_0,Interferon Alpha Response,13/48,0.0005519851776710972,0.02594330335054157,3.5807323943661973,26.862616338197814,+,DR 40,0.010925892176582542,True
DR 40-,lab,gs_ind_0,MP13_EMT_2,13/38,3.851744498768228e-05,0.0002465116479211666,5.013176470588236,50.95592742212789,-,DR 40,0.0013446089886609087,True
DR 40-,lab,gs_ind_0,MP14_EMT_3,19/32,4.800922291999167e-12,7.681475667198668e-11,14.225589225589225,370.75033747640026,-,DR 40,8.015452870120348e-10,True
DR 40-,lab,gs_ind_0,MP19_EPITHELIAL_SENESCENCE,22/35,1.548028003769914e-14,4.953689612063725e-13,16.69000933706816,530.7291024086087,-,DR 40,3.2424150188053468e-12,True
DR 40-,lab,gs_ind_0,MP32_SKIN_PIGMENTATION,6/15,0.002146047010168408,0.01144558405423151,6.302124205114328,38.72105608064646,-,DR 40,0.032274753991044465,True
DR 40-,lab,gs_ind_0,MP39_METAL_RESPONSE,13/35,1.3806907719484292e-05,0.00011045526175587434,5.6912,63.68647172496206,-,DR 40,0.0005847631504722759,True
DR 40-,lab,gs_ind_0,MP40_PDAC_RELATED,18/34,2.5161845100662383e-10,2.6839301440706543e-09,10.963304275633043,242.3230903185392,-,DR 40,3.25690399505203e-08,True
DR 40-,hallmark,gs_ind_0,Apoptosis,16/59,0.00012304687187122835,0.0018457030780684252,3.61321371834408,32.529565113187715,-,DR 40,0.0036095526353624318,True
DR 40-,hallmark,gs_ind_0,Estrogen Response Late,16/65,0.0004197487478719283,0.0047221734135591935,3.1644083107497742,24.60597779619615,-,DR 40,0.009408420298768675,True
DR 40-,hallmark,gs_ind_0,Hypoxia,15/70,0.002906951568010528,0.026162564112094753,2.6279352128408733,15.348850636602599,-,DR 40,0.039537286969871646,True
DR 40-,hallmark,gs_ind_0,KRAS Signaling Dn,11/30,7.545357491947078e-05,0.0016977054356880925,5.544212164264935,52.6256230125117,-,DR 40,0.0023950794604463547,True
DR 40-,hallmark,gs_ind_0,p53 Pathway,14/45,6.438646399233802e-05,0.0016977054356880925,4.3674624452104345,42.14866422860711,-,DR 40,0.0020776808548788064,True
DR 41+,lab,gs_ind_0,MP14_EMT_3,11/32,0.0001486887837228332,0.0016851395488587761,5.022826287046696,44.26945870327691,+,DR 41,0.004229369848116144,True
DR 41+,lab,gs_ind_0,MP19_EPITHELIAL_SENESCENCE,10/35,0.001562793682829515,0.013283746304050877,3.837733518604292,24.796671738647785,+,DR 41,0.02467418605738574,True
DR 41+,lab,gs_ind_0,MP32_SKIN_PIGMENTATION,6/15,0.002146047010168408,0.014593119669145175,6.302124205114328,38.72105608064646,+,DR 41,0.032274753991044465,True
DR 41+,lab,gs_ind_0,MP5_STRESS,17/43,2.0821345633585224e-07,4.818222001120762e-06,6.386046989871986,98.24743022336185,+,DR 41,1.4991368856181361e-05,True
DR 41+,lab,gs_ind_0,MP7_STRESS_IN_VITRO,11/19,2.834248235953389e-07,4.818222001120762e-06,12.797609809095142,192.9408469141474,+,DR 41,1.955122136418146e-05,True
DR 41+,hallmark,gs_ind_0,Apoptosis,17/59,3.1696002737503654e-05,0.0014263201231876643,3.94598493348293,40.87772056868248,+,DR 41,0.0011831561255956865,True
DR 41+,hallmark,gs_ind_0,Cholesterol Homeostasis,7/20,0.002246635809414446,0.016849768570608346,5.132070054550675,31.29701252450603,+,DR 41,0.03361200587591483,True
DR 41+,hallmark,gs_ind_0,Estrogen Response Early,12/47,0.0015956830393014216,0.014361147353712795,3.2979041356894685,21.23999789238365,+,DR 41,0.02467418605738574,True
DR 41+,hallmark,gs_ind_0,TNF-alpha Signaling via NF-kB,22/97,0.00012768028874045778,0.0019152043311068667,2.880794701986755,25.829151031984807,+,DR 41,0.0037331901682489173,True
DR 41+,hallmark,gs_ind_0,UV Response Up,12/38,0.0001869586318402267,0.0021032846082025504,4.440468445022772,38.11974836845933,+,DR 41,0.004974049512238826,True
DR 41+,hallmark,gs_ind_0,p53 Pathway,14/45,6.438646399233802e-05,0.0014486954398276054,4.3674624452104345,42.14866422860711,+,DR 41,0.0020776808548788064,True
DR 41-,lab,gs_ind_0,MP18_INTERFERON_MHC_II_2,13/39,5.2741167275285944e-05,0.000922970427317504,4.821283018867924,47.490188541624946,-,DR 41,0.0017773301524662282,True
DR 41-,lab,gs_ind_0,MP21_RESPIRATION,4/5,0.00044837002986319467,0.003923237761302953,27.47328244274809,211.81603246804076,-,DR 41,0.009408420298768675,True
DR 41-,lab,gs_ind_0,MP25_ASTROCYTES,11/31,0.000106824485721512,0.0012462856667509732,5.270802496943175,48.19792256034924,-,DR 41,0.0032215132866801523,True
DR 41-,lab,gs_ind_0,MP39_METAL_RESPONSE,15/35,3.206707411238602e-07,1.1223475939335109e-05,7.2573137860758665,108.51753147717031,-,DR 41,2.1858739276608697e-05,True
DR 41-,lab,gs_ind_0,MP6_HYPOXIA,10/32,0.00071884446712456,0.00503191126987192,4.356780402449694,31.53379074881248,-,DR 41,0.01373314802864831,True
DR 41-,hallmark,gs_ind_0,Oxidative Phosphorylation,5/11,0.002659499577535494,0.05850899070578086,7.766869958685816,46.054566494324,-,DR 41,0.036445847470429754,True
DR 41-,hallmark,gs_ind_0,Xenobiotic Metabolism,11/42,0.0019996680498142708,0.05850899070578086,3.4090128575616703,21.186244770414227,-,DR 41,0.030390733421979416,True
DR 42+,lab,gs_ind_0,MP16_MES_GLIOMA,7/19,0.0015934136015422816,0.018589825351326618,5.545736434108528,35.72495001353711,+,DR 42,0.02467418605738574,True
DR 42+,lab,gs_ind_0,MP22_SECRETED_1,21/29,7.79740539746524e-16,1.3645459445564171e-14,25.258889070948715,878.6953830670258,+,DR 42,1.8713772953916578e-13,True
DR 42+,lab,gs_ind_0,MP5_STRESS,31/43,5.86745333354868e-23,2.053608666742038e-21,26.59008849557522,1361.1475991252005,+,DR 42,2.3946595137557548e-20,True
DR 42+,hallmark,gs_ind_0,Androgen Response,7/21,0.003088849435292917,0.022136754286265905,4.775461106655975,27.60195798181327,+,DR 42,0.0406097117354485,True
DR 42+,hallmark,gs_ind_0,Estrogen Response Early,12/47,0.0015956830393014216,0.01715359267249028,3.2979041356894685,21.23999789238365,+,DR 42,0.02467418605738574,True
DR 42+,hallmark,gs_ind_0,TGF-beta Signaling,5/9,0.0008581515173821787,0.012300171749144561,11.231315714691673,79.30128646272313,+,DR 42,0.015996610809454206,True
DR 42+,hallmark,gs_ind_0,TNF-alpha Signaling via NF-kB,48/97,9.405018148275437e-25,4.044157803758438e-23,11.253220731909256,622.566251028121,+,DR 42,4.51440871117221e-22,True
DR 42+,hallmark,gs_ind_0,UV Response Up,10/38,0.003076349835210654,0.022136754286265905,3.42795966293687,19.82735812307964,+,DR 42,0.0406097117354485,True
DR 42+,hallmark,gs_ind_0,p53 Pathway,13/45,0.00027443218930083994,0.005900292069968059,3.917907692307692,32.13000232506372,+,DR 42,0.0067667603436676,True
DR 42-,lab,gs_ind_0,MP14_EMT_3,10/32,0.00071884446712456,0.02372186741511048,4.356780402449694,31.53379074881248,-,DR 42,0.01373314802864831,True
DR 42-,lab,gs_ind_0,MP28_OLIGO_NORMAL,6/16,0.0031514828378030346,0.03466631121583338,5.698739135757131,32.82406608056813,-,DR 42,0.0406097117354485,True
DR 42-,lab,gs_ind_0,MP7_STRESS_IN_VITRO,7/19,0.0015934136015422816,0.026291324425447647,5.545736434108528,35.72495001353711,-,DR 42,0.02467418605738574,True
DR 42-,hallmark,gs_ind_0,Estrogen Response Late,17/65,0.00012313838417512461,0.0056643656720557324,3.446023764712492,31.021801201142107,-,DR 42,0.0036095526353624318,True
DR 43+,lab,gs_ind_0,MP10_PROTEIN_MATURATION,7/14,0.00016816930893802333,0.0013873967987386923,9.268733850129198,80.55029573707145,+,DR 43,0.0045907830307251865,True
DR 43+,lab,gs_ind_0,MP18_INTERFERON_MHC_II_2,10/39,0.0037833511417090637,0.02080843127939985,3.3098892299479514,18.459732555536906,+,DR 43,0.04727406897577188,True
DR 43+,lab,gs_ind_0,MP23_SECRETED_2,17/42,1.3796258847965582e-07,2.276382709914321e-06,6.640220120745846,104.89079811212761,+,DR 43,1.0666637713326411e-05,True
DR 43+,lab,gs_ind_0,MP28_OLIGO_NORMAL,7/16,0.00047032063077736506,0.0031041161631306094,7.309261525907793,56.004262789456,+,DR 43,0.009744772781574183,True
DR 43+,lab,gs_ind_0,MP30_PDAC_CLASSICAL,16/23,7.416708826093261e-12,2.447513912610776e-10,21.38590785907859,548.062770906206,+,DR 43,1.170417612008142e-09,True
DR 43+,lab,gs_ind_0,MP31_ALVEOLAR,8/18,0.00015776008762408633,0.0013873967987386923,7.529622758194186,65.91759385206704,+,DR 43,0.004400475083364345,True
DR 43+,hallmark,gs_ind_0,Xenobiotic Metabolism,12/42,0.0005311487599997866,0.0196525041199921,3.8494151411053616,29.02639332737084,+,DR 43,0.010810660274200603,True
DR 43-,lab,gs_ind_0,MP13_EMT_2,15/38,1.160728424056667e-06,1.2381103189937783e-05,6.320181223834375,86.37452157311269,-,DR 43,7.347028266556486e-05,True
DR 43-,lab,gs_ind_0,MP14_EMT_3,19/32,4.800922291999167e-12,1.5362951334397335e-10,14.225589225589225,370.75033747640026,-,DR 43,8.015452870120348e-10,True
DR 43-,lab,gs_ind_0,MP16_MES_GLIOMA,12/19,1.9631975518155037e-08,3.141116082904806e-07,15.85764809902741,281.4115071843976,-,DR 43,1.8537734259766067e-06,True
DR 43-,lab,gs_ind_0,MP39_METAL_RESPONSE,11/35,0.0003665367959475713,0.0029322943675805704,4.400355392816757,34.81302289008058,-,DR 43,0.008513112680072623,True
DR 43-,hallmark,gs_ind_0,Apoptosis,15/59,0.00043853282188194916,0.010086254903284832,3.2981919500893424,25.50187048622671,-,DR 43,0.009408420298768675,True
DR 43-,hallmark,gs_ind_0,Epithelial Mesenchymal Transition,25/112,5.679907814324397e-05,0.0026127575945892227,2.845372405372405,27.816333496445335,-,DR 43,0.0018802453454315243,True
DR 44+,lab,gs_ind_0,MP28_OLIGO_NORMAL,6/16,0.0031514828378030346,0.10483745602097186,5.698739135757131,32.82406608056813,+,DR 44,0.0406097117354485,True
DR 44+,hallmark,gs_ind_0,Oxidative Phosphorylation,6/11,0.00027959877808904316,0.012861543792095986,10.909792007478384,89.26560832643746,+,DR 44,0.0067667603436676,True
DR 44-,lab,gs_ind_0,MP12_EMT_1,12/46,0.0013008231383289865,0.012032614029543124,3.395417675777496,22.561728871625487,-,DR 44,0.021816983024155044,True
DR 44-,lab,gs_ind_0,MP18_INTERFERON_MHC_II_2,17/39,3.6371954452703464e-08,7.916248626080141e-07,7.538298516500151,129.12704201685682,-,DR 44,3.2734759007433116e-06,True
DR 44-,lab,gs_ind_0,MP25_ASTROCYTES,15/31,4.2790533113946706e-08,7.916248626080141e-07,9.03691905578698,153.32894426449602,-,DR 44,3.6246098637696034e-06,True
DR 44-,lab,gs_ind_0,MP26_NPC_GLIOMA,7/13,9.181317825896858e-05,0.0011323625318606124,10.700655933214072,99.47067286211808,-,DR 44,0.0028741516672372773,True
DR 44-,hallmark,gs_ind_0,Epithelial Mesenchymal Transition,22/112,0.0011059337558738402,0.015851717167525044,2.3824225822925857,16.21730602531422,-,DR 44,0.019362244479736536,True
DR 44-,hallmark,gs_ind_0,KRAS Signaling Up,18/78,0.00043243783643727565,0.009297413483401427,2.916268538435413,22.589625990451445,-,DR 44,0.009408420298768675,True
DR 44-,hallmark,gs_ind_0,UV Response Dn,9/31,0.0023774452607899232,0.025557536553491675,3.9212648680011606,23.691218837052602,-,DR 44,0.03453741412900367,True
DR 44-,hallmark,gs_ind_0,Wnt-beta Catenin Signaling,5/6,5.2667901907649824e-05,0.0022647197820289426,33.750213128729754,332.49037178650906,-,DR 44,0.0017773301524662282,True
DR 45+,lab,gs_ind_0,MP39_METAL_RESPONSE,11/35,0.0003665367959475713,0.003298831163528142,4.400355392816757,34.81302289008058,+,DR 45,0.008513112680072623,True
DR 45+,lab,gs_ind_0,MP5_STRESS,28/43,6.714919349401127e-19,2.4173709657844057e-17,19.03197755960729,796.3890081073636,+,DR 45,2.0356808132921312e-16,True
DR 45+,lab,gs_ind_0,MP6_HYPOXIA,13/32,4.271922425527623e-06,7.689460365949721e-05,6.577846153846154,81.32484976666557,+,DR 45,0.0002177546298322045,True
DR 45+,lab,gs_ind_0,MP7_STRESS_IN_VITRO,8/19,0.00024933949485229397,0.002992073938227528,6.871033314511576,57.006868824016905,+,DR 45,0.006312947210326212,True
DR 45+,lab,gs_ind_0,MP9_UNFOLDED_PROTEIN_RESPONSE,3/4,0.0036541598583761372,0.026309950980308187,21.259915611814346,119.30828811722127,+,DR 45,0.046208475925898024,True
DR 45+,hallmark,gs_ind_0,Estrogen Response Early,14/47,0.00010981800866062544,0.001290361601762349,4.102076747629146,37.39734577513979,+,DR 45,0.0032690011880372226,True
DR 45+,hallmark,gs_ind_0,Glycolysis,12/46,0.0013008231383289865,0.007642335937682796,3.395417675777496,22.561728871625487,+,DR 45,0.021816983024155044,True
DR 45+,hallmark,gs_ind_0,Hypoxia,23/70,7.814191164474515e-08,1.8363349236515111e-06,4.887442550037065,79.98172309328339,+,DR 45,6.295068686345904e-06,True
DR 45+,hallmark,gs_ind_0,TGF-beta Signaling,5/9,0.0008581515173821787,0.0067221868861604,11.231315714691673,79.30128646272313,+,DR 45,0.015996610809454206,True
DR 45+,hallmark,gs_ind_0,TNF-alpha Signaling via NF-kB,30/97,3.360501422676611e-09,1.5794356686580072e-07,4.594048006951232,89.63527756757391,+,DR 45,3.6521675838900526e-07,True
DR 45+,hallmark,gs_ind_0,UV Response Up,11/38,0.0008062053466583659,0.0067221868861604,3.9136963300551693,27.877932409757033,+,DR 45,0.015250386853044952,True
DR 45+,hallmark,gs_ind_0,Unfolded Protein Response,7/19,0.0015934136015422816,0.008321159919165249,5.545736434108528,35.72495001353711,+,DR 45,0.02467418605738574,True
DR 45+,hallmark,gs_ind_0,mTORC1 Signaling,15/49,4.320330277245632e-05,0.000676851743435149,4.278409312863784,42.996274902517925,+,DR 45,0.0014856777550408859,True
DR 45+,hallmark,gs_ind_0,p53 Pathway,12/45,0.0010525899827390427,0.007067389884105001,3.4987529197513756,23.989204648608986,+,DR 45,0.018887595951952916,True
DR 45-,hallmark,gs_ind_0,Estrogen Response Late,15/65,0.0013181093910427006,0.028339351907418063,2.896399882575859,19.207640477550406,-,DR 45,0.021816983024155044,True
DR 45-,hallmark,gs_ind_0,Oxidative Phosphorylation,5/11,0.002659499577535494,0.02858962045850656,7.766869958685816,46.054566494324,-,DR 45,0.036445847470429754,True
DR 45-,hallmark,gs_ind_0,Pperoxisome,6/13,0.0008738731352655757,0.028339351907418063,7.991602399314481,56.281462040462216,-,DR 45,0.016081499230446376,True
DR 45-,hallmark,gs_ind_0,heme Metabolism,8/25,0.002098284899730338,0.02858962045850656,4.5001113172541745,27.75054387349284,-,DR 45,0.03184748622515612,True
DR 46+,lab,gs_ind_0,MP33_RBCS,8/16,5.5432325630216626e-05,0.0017184020945367154,9.311688311688311,91.25778256286647,+,DR 46,0.001840289311988748,True
DR 46+,hallmark,gs_ind_0,heme Metabolism,13/25,1.2120950461932075e-07,4.605961175534189e-06,10.30176,164.063206369783,+,DR 46,9.563928035716267e-06,True
DR 46-,lab,gs_ind_0,MP14_EMT_3,9/32,0.00302646296265898,0.038868288332904094,3.7522915393589247,21.76464430625097,-,DR 46,0.040352839502119736,True
DR 46-,lab,gs_ind_0,MP21_RESPIRATION,4/5,0.00044837002986319467,0.0165896911049382,27.47328244274809,211.81603246804076,-,DR 46,0.009408420298768675,True
DR 46-,lab,gs_ind_0,MP28_OLIGO_NORMAL,6/16,0.0031514828378030346,0.038868288332904094,5.698739135757131,32.82406608056813,-,DR 46,0.0406097117354485,True
DR 46-,hallmark,gs_ind_0,Cholesterol Homeostasis,8/20,0.0003802866440654024,0.005069373578999626,6.317818181818182,49.7501979495992,-,DR 46,0.008726896692496884,True
DR 46-,hallmark,gs_ind_0,Estrogen Response Early,13/47,0.00044081509382605446,0.005069373578999626,3.6866086956521738,28.486001648149458,-,DR 46,0.009408420298768675,True
DR 46-,hallmark,gs_ind_0,Estrogen Response Late,19/65,8.355497752234392e-06,0.00019217644830139103,4.053763440860215,47.398997204455654,-,DR 46,0.0003804558660305937,True
DR 46-,hallmark,gs_ind_0,Oxidative Phosphorylation,9/11,3.8947341182875066e-08,1.7915776944122532e-06,35.688250652741516,608.8792189914038,-,DR 46,3.360978968469124e-06,True
DR 46-,hallmark,gs_ind_0,mTORC1 Signaling,12/49,0.002351442988433525,0.02163327549358843,3.118479221927498,18.87530058397867,-,DR 46,0.03453741412900367,True
DR 47+,lab,gs_ind_0,MP14_EMT_3,9/32,0.00302646296265898,0.05447633332786164,3.7522915393589247,21.76464430625097,+,DR 47,0.040352839502119736,True
DR 47+,lab,gs_ind_0,MP21_RESPIRATION,5/5,9.556386021442599e-06,0.0003440298967719336,101.30690537084399,1170.93569892822,+,DR 47,0.00042342141141161056,True
DR 47+,hallmark,gs_ind_0,Oxidative Phosphorylation,6/11,0.00027959877808904316,0.011183951123561726,10.909792007478384,89.26560832643746,+,DR 47,0.0067667603436676,True
DR 47-,lab,gs_ind_0,MP13_EMT_2,13/38,3.851744498768228e-05,0.0002985101986545377,5.013176470588236,50.95592742212789,-,DR 47,0.0013446089886609087,True
DR 47-,lab,gs_ind_0,MP22_SECRETED_1,23/29,8.44665382891609e-19,2.6184626869639878e-17,36.5510292524377,1521.0837436358484,-,DR 47,2.495011592541368e-16,True
DR 47-,lab,gs_ind_0,MP23_SECRETED_2,14/42,2.6826228607576808e-05,0.0002772043622782937,4.835379333051127,50.89783372996811,-,DR 47,0.0010194341681071634,True
DR 47-,lab,gs_ind_0,MP5_STRESS,23/43,4.840064194247725e-13,7.502099501083974e-12,11.498935073857782,326.07160181964014,-,DR 47,9.140580248808819e-11,True
DR 47-,hallmark,gs_ind_0,Apoptosis,21/59,6.175906352621336e-08,9.469723074019382e-07,5.483304995839815,91.02300053150061,-,DR 47,5.081888655871271e-06,True
DR 47-,hallmark,gs_ind_0,Complement,17/66,0.00015134319395301195,0.000696178692183855,3.3744804998210993,29.68179715891509,-,DR 47,0.004273219593967396,True
DR 47-,hallmark,gs_ind_0,Epithelial Mesenchymal Transition,22/112,0.0011059337558738402,0.004239412730849721,2.3824225822925857,16.21730602531422,-,DR 47,0.019362244479736536,True
DR 47-,hallmark,gs_ind_0,Estrogen Response Early,12/47,0.0015956830393014216,0.005646263062143492,3.2979041356894685,21.23999789238365,-,DR 47,0.02467418605738574,True
DR 47-,hallmark,gs_ind_0,Estrogen Response Late,14/65,0.003804085237894144,0.012499137210223615,2.6411671308467164,14.715737358853316,-,DR 47,0.04727406897577188,True
DR 47-,hallmark,gs_ind_0,Hypoxia,21/70,1.6803227697700137e-06,1.5458969481884126e-05,4.238175628147773,56.35300674519324,-,DR 47,0.00010168433390372182,True
DR 47-,hallmark,gs_ind_0,IL-2/STAT5 Signaling,18/70,9.822526375860494e-05,0.0005529941082578766,3.376099151989563,31.15547723321834,-,DR 47,0.0030094548896253425,True
DR 47-,hallmark,gs_ind_0,IL-6/JAK/STAT3 Signaling,11/31,0.000106824485721512,0.0005529941082578766,5.270802496943175,48.19792256034924,-,DR 47,0.0032215132866801523,True
DR 47-,hallmark,gs_ind_0,Inflammatory Response,33/73,1.5650588032209444e-15,3.5996352474081724e-14,8.693827160493827,296.3799837156446,-,DR 47,3.535191649628486e-13,True
DR 47-,hallmark,gs_ind_0,Interferon Gamma Response,22/96,0.00010819449944175849,0.0005529941082578766,2.921155039196887,26.674761019869585,-,DR 47,0.0032458349832527548,True
DR 47-,hallmark,gs_ind_0,KRAS Signaling Up,24/78,1.6571318458697067e-07,1.9057016227501629e-06,4.448293785898069,69.45124355931607,-,DR 47,1.2642489314184782e-05,True
DR 47-,hallmark,gs_ind_0,TNF-alpha Signaling via NF-kB,58/97,2.4872068729101538e-36,1.1441151615386708e-34,18.307395069953365,1500.8750868939114,-,DR 47,2.2040479366096133e-33,True
DR 47-,hallmark,gs_ind_0,UV Response Up,12/38,0.0001869586318402267,0.0007818270058773117,4.440468445022772,38.11974836845933,-,DR 47,0.004974049512238826,True
DR 47-,hallmark,gs_ind_0,p53 Pathway,15/45,1.3634884397487189e-05,0.00010453411371406845,4.850470593433785,54.339235248636655,-,DR 47,0.0005839177258700833,True
DR 48+,lab,gs_ind_0,MP13_EMT_2,10/38,0.003076349835210654,0.07404989026002357,3.42795966293687,19.82735812307964,+,DR 48,0.0406097117354485,True
DR 48+,hallmark,gs_ind_0,Estrogen Response Early,15/47,2.4747288817396626e-05,0.0011878698632350382,4.546838067592785,48.227377542811446,+,DR 48,0.0009598948389778085,True
DR 48+,hallmark,gs_ind_0,Myc Targets V1,8/18,0.00015776008762408633,0.003786242102978072,7.529622758194186,65.91759385206704,+,DR 48,0.004400475083364345,True
DR 49+,lab,gs_ind_0,MP11_TRANSLATION_INITIATION,4/7,0.002667000817497594,0.0440055134887103,11.761177753544166,69.70615686312823,+,DR 49,0.036445847470429754,True
DR 49+,lab,gs_ind_0,MP21_RESPIRATION,5/5,9.556386021442599e-06,0.00031536073870760576,101.30690537084399,1170.93569892822,+,DR 49,0.00042342141141161056,True
DR 49+,hallmark,gs_ind_0,Estrogen Response Late,14/65,0.003804085237894144,0.1635756652294482,2.6411671308467164,14.715737358853316,+,DR 49,0.04727406897577188,True
DR 49-,lab,gs_ind_0,MP10_PROTEIN_MATURATION,6/14,0.00140315100501124,0.006781896524220993,7.047482231967337,46.2951564116883,-,DR 49,0.02309185653961355,True
DR 49-,lab,gs_ind_0,MP15_EMT_4,12/34,5.446496072916264e-05,0.00039487096528642915,5.241674034777483,51.46250923854648,-,DR 49,0.0018239428709300976,True
DR 49-,lab,gs_ind_0,MP17_INTERFERON_MHC_II_1,14/43,3.6303749506164125e-05,0.0003509362452262532,4.668832644158677,47.732228537428114,-,DR 49,0.0012868282901877253,True
DR 49-,lab,gs_ind_0,MP18_INTERFERON_MHC_II_2,16/39,2.63943192654869e-07,3.8271762934956005e-06,6.764400622729632,102.46397446267132,-,DR 49,1.8769293699901797e-05,True
DR 49-,lab,gs_ind_0,MP19_EPITHELIAL_SENESCENCE,11/35,0.0003665367959475713,0.0021259134164959134,4.400355392816757,34.81302289008058,-,DR 49,0.008513112680072623,True
DR 49-,lab,gs_ind_0,MP23_SECRETED_2,21/42,3.009053177027832e-11,8.726254213380713e-10,9.913649025069638,240.1760968171617,-,DR 49,4.458197177895867e-09,True
DR 49-,hallmark,gs_ind_0,Adipogenesis,9/29,0.0014111478308291778,0.013758691350584483,4.308667133668726,28.27929836550699,-,DR 49,0.023124357057115404,True
DR 49-,hallmark,gs_ind_0,Bile Acid Metabolism,6/14,0.00140315100501124,0.013758691350584483,7.047482231967337,46.2951564116883,-,DR 49,0.02309185653961355,True
DR 49-,hallmark,gs_ind_0,Complement,16/66,0.0005056385251259811,0.010763710964586396,3.099975851243661,23.52785113414149,-,DR 49,0.010420314507068519,True
DR 49-,hallmark,gs_ind_0,Interferon Alpha Response,13/48,0.0005519851776710972,0.010763710964586396,3.5807323943661973,26.862616338197814,-,DR 49,0.010925892176582542,True
DR 50+,lab,gs_ind_0,MP11_TRANSLATION_INITIATION,4/7,0.002667000817497594,0.04133851267121271,11.761177753544166,69.70615686312823,+,DR 50,0.036445847470429754,True
DR 50+,lab,gs_ind_0,MP21_RESPIRATION,4/5,0.00044837002986319467,0.013899470925759036,27.47328244274809,211.81603246804076,+,DR 50,0.009408420298768675,True
DR 50+,hallmark,gs_ind_0,Estrogen Response Late,15/65,0.0013181093910427006,0.059314922596921525,2.896399882575859,19.207640477550406,+,DR 50,0.021816983024155044,True
DR 50-,lab,gs_ind_0,MP14_EMT_3,11/32,0.0001486887837228332,0.0016851395488587761,5.022826287046696,44.26945870327691,-,DR 50,0.004229369848116144,True
DR 50-,lab,gs_ind_0,MP17_INTERFERON_MHC_II_1,12/43,0.0006729006219890293,0.00571965528690675,3.725106311313208,27.207852053847105,-,DR 50,0.013205817998830695,True
DR 50-,lab,gs_ind_0,MP18_INTERFERON_MHC_II_2,11/39,0.0010260460463652652,0.006431299082150388,3.7742443179188077,25.974510381561768,-,DR 50,0.018555809190153618,True
DR 50-,lab,gs_ind_0,MP19_EPITHELIAL_SENESCENCE,15/35,3.206707411238602e-07,5.451402599105624e-06,7.2573137860758665,108.51753147717031,-,DR 50,2.1858739276608697e-05,True
DR 50-,lab,gs_ind_0,MP23_SECRETED_2,19/42,2.4813425891670657e-09,8.436564803168023e-08,8.12642869702831,161.0208455791021,-,DR 50,2.748564098769673e-07,True
DR 50-,lab,gs_ind_0,MP30_PDAC_CLASSICAL,8/23,0.0011349351321441861,0.006431299082150388,5.086468370339338,34.49225647461518,-,DR 50,0.01963131039384538,True
DR 51+,lab,gs_ind_0,MP8_PROTEASOMAL_DEGRADATION,5/9,0.0008581515173821787,0.030035303108376255,11.231315714691673,79.30128646272313,+,DR 51,0.015996610809454206,True
DR 51+,hallmark,gs_ind_0,Estrogen Response Early,14/47,0.00010981800866062544,0.002580723203524698,4.102076747629146,37.39734577513979,+,DR 51,0.0032690011880372226,True
DR 51+,hallmark,gs_ind_0,Estrogen Response Late,15/65,0.0013181093910427006,0.02065038045966898,2.896399882575859,19.207640477550406,+,DR 51,0.021816983024155044,True
DR 51+,hallmark,gs_ind_0,Oxidative Phosphorylation,5/11,0.002659499577535494,0.031249120036042053,7.766869958685816,46.054566494324,+,DR 51,0.036445847470429754,True
DR 51+,hallmark,gs_ind_0,mTORC1 Signaling,15/49,4.320330277245632e-05,0.002030555230305447,4.278409312863784,42.996274902517925,+,DR 51,0.0014856777550408859,True
DR 51-,lab,gs_ind_0,MP25_ASTROCYTES,9/31,0.0023774452607899232,0.03781779405363642,3.9212648680011606,23.691218837052602,-,DR 51,0.03453741412900367,True
DR 51-,lab,gs_ind_0,MP28_OLIGO_NORMAL,6/16,0.0031514828378030346,0.03781779405363642,5.698739135757131,32.82406608056813,-,DR 51,0.0406097117354485,True
DR 51-,lab,gs_ind_0,MP32_SKIN_PIGMENTATION,9/15,2.471507229032267e-06,8.897426024516162e-05,13.695722032536654,176.82111711652567,-,DR 51,0.0001430741873289031,True
DR 51-,hallmark,gs_ind_0,Oxidative Phosphorylation,5/11,0.002659499577535494,0.06116849028331636,7.766869958685816,46.054566494324,-,DR 51,0.036445847470429754,True
DR 51-,hallmark,gs_ind_0,p53 Pathway,15/45,1.3634884397487189e-05,0.0006272046822844107,4.850470593433785,54.339235248636655,-,DR 51,0.0005839177258700833,True
DR 52+,lab,gs_ind_0,MP14_EMT_3,11/32,0.0001486887837228332,0.0049067298628534955,5.022826287046696,44.26945870327691,+,DR 52,0.004229369848116144,True
DR 52+,lab,gs_ind_0,MP18_INTERFERON_MHC_II_2,11/39,0.0010260460463652652,0.008464879882513437,3.7742443179188077,25.974510381561768,+,DR 52,0.018555809190153618,True
DR 52+,lab,gs_ind_0,MP21_RESPIRATION,4/5,0.00044837002986319467,0.0059473789766767236,27.47328244274809,211.81603246804076,+,DR 52,0.009408420298768675,True
DR 52+,lab,gs_ind_0,MP25_ASTROCYTES,10/31,0.0005406708160615204,0.0059473789766767236,4.561984984435085,34.31844415681465,+,DR 52,0.010832222262658633,True
DR 52+,hallmark,gs_ind_0,Coagulation,12/48,0.00194358232651153,0.036346494226318415,3.2057338032774974,20.014109245003937,+,DR 52,0.029813672971255423,True
DR 52+,hallmark,gs_ind_0,Estrogen Response Late,18/65,3.33506109045639e-05,0.00136737504708712,3.742148521989906,38.57569280767946,+,DR 52,0.0012081730742785413,True
DR 52+,hallmark,gs_ind_0,Oxidative Phosphorylation,5/11,0.002659499577535494,0.036346494226318415,7.766869958685816,46.054566494324,+,DR 52,0.036445847470429754,True
DR 52-,lab,gs_ind_0,MP17_INTERFERON_MHC_II_1,23/43,4.840064194247725e-13,1.4520192582743176e-11,11.498935073857782,326.07160181964014,-,DR 52,9.140580248808819e-11,True
DR 52-,lab,gs_ind_0,MP22_SECRETED_1,10/29,0.0002922981162528782,0.002922981162528782,5.035534019785988,40.97784813595626,-,DR 52,0.006986046263969206,True
DR 52-,lab,gs_ind_0,MP5_STRESS,21/43,5.370684821273666e-11,8.056027231910499e-10,9.467718972454348,223.88770068292078,-,DR 52,7.54515721232593e-09,True
DR 52-,hallmark,gs_ind_0,Apoptosis,15/59,0.00043853282188194916,0.004823861040701441,3.2981919500893424,25.50187048622671,-,DR 52,0.009408420298768675,True
DR 52-,hallmark,gs_ind_0,Interferon Alpha Response,29/48,3.152818295866574e-18,6.936200250906462e-17,15.714809000523287,633.2790648882118,-,DR 52,8.85865043131291e-16,True
DR 52-,hallmark,gs_ind_0,Interferon Gamma Response,46/96,6.236092483738945e-23,2.7438806928451356e-21,10.432663654714986,533.4127382923953,-,DR 52,2.3946595137557548e-20,True
DR 52-,hallmark,gs_ind_0,TNF-alpha Signaling via NF-kB,31/97,7.026009333848981e-10,1.0304813689645173e-08,4.847228691197019,102.16131668357416,-,DR 52,8.610598672972367e-08,True
DR 52-,hallmark,gs_ind_0,UV Response Up,10/38,0.003076349835210654,0.027071878549853757,3.42795966293687,19.82735812307964,-,DR 52,0.0406097117354485,True
DR 53+,lab,gs_ind_0,MP17_INTERFERON_MHC_II_1,13/43,0.00016495644986090925,0.00443899508964361,4.179540983606557,36.40308751287863,+,DR 53,0.004535318144147194,True
DR 53+,lab,gs_ind_0,MP18_INTERFERON_MHC_II_2,12/39,0.00024661083831353385,0.00443899508964361,4.276585483482036,35.528585018148014,+,DR 53,0.006312947210326212,True
DR 53+,hallmark,gs_ind_0,Estrogen Response Late,15/65,0.0013181093910427006,0.059314922596921525,2.896399882575859,19.207640477550406,+,DR 53,0.021816983024155044,True
DR 53+,hallmark,gs_ind_0,Oxidative Phosphorylation,5/11,0.002659499577535494,0.05983874049454861,7.766869958685816,46.054566494324,+,DR 53,0.036445847470429754,True
DR 53-,lab,gs_ind_0,MP14_EMT_3,12/32,2.6901734991716813e-05,0.0009684624597018053,5.759526428155528,60.6093383595174,-,DR 53,0.0010194341681071634,True
DR 53-,lab,gs_ind_0,MP5_STRESS,12/43,0.0006729006219890293,0.012112211195802528,3.725106311313208,27.207852053847105,-,DR 53,0.013205817998830695,True
DR 53-,hallmark,gs_ind_0,Estrogen Response Early,13/47,0.00044081509382605446,0.009918339611086225,3.6866086956521738,28.486001648149458,-,DR 53,0.009408420298768675,True
DR 53-,hallmark,gs_ind_0,Estrogen Response Late,19/65,8.355497752234392e-06,0.0003759973988505476,4.053763440860215,47.398997204455654,-,DR 53,0.0003804558660305937,True
DR 54+,lab,gs_ind_0,MP14_EMT_3,9/32,0.00302646296265898,0.060932481128247964,3.7522915393589247,21.76464430625097,+,DR 54,0.040352839502119736,True
DR 54+,lab,gs_ind_0,MP18_INTERFERON_MHC_II_2,10/39,0.0037833511417090637,0.060932481128247964,3.3098892299479514,18.459732555536906,+,DR 54,0.04727406897577188,True
DR 54+,hallmark,gs_ind_0,Epithelial Mesenchymal Transition,21/112,0.0026560073945614297,0.055776155285790024,2.2378038571015417,13.272260857160694,+,DR 54,0.036445847470429754,True
DR 54+,hallmark,gs_ind_0,Estrogen Response Late,15/65,0.0013181093910427006,0.05536059442379343,2.896399882575859,19.207640477550406,+,DR 54,0.021816983024155044,True
DR 54-,lab,gs_ind_0,MP14_EMT_3,12/32,2.6901734991716813e-05,0.00048423122985090264,5.759526428155528,60.6093383595174,-,DR 54,0.0010194341681071634,True
DR 54-,lab,gs_ind_0,MP16_MES_GLIOMA,7/19,0.0015934136015422816,0.011472577931104427,5.545736434108528,35.72495001353711,-,DR 54,0.02467418605738574,True
DR 54-,lab,gs_ind_0,MP17_INTERFERON_MHC_II_1,17/43,2.0821345633585224e-07,7.495684428090681e-06,6.386046989871986,98.24743022336185,-,DR 54,1.4991368856181361e-05,True
DR 54-,lab,gs_ind_0,MP18_INTERFERON_MHC_II_2,12/39,0.00024661083831353385,0.002219497544821805,4.276585483482036,35.528585018148014,-,DR 54,0.006312947210326212,True
DR 54-,lab,gs_ind_0,MP19_EPITHELIAL_SENESCENCE,12/35,7.567785795160356e-05,0.0009081342954192428,5.0158022461764205,47.59507259625568,-,DR 54,0.0023950794604463547,True
DR 54-,hallmark,gs_ind_0,Interferon Alpha Response,12/48,0.00194358232651153,0.08163045771348426,3.2057338032774974,20.014109245003937,-,DR 54,0.029813672971255423,True
DR 55+,lab,gs_ind_0,MP12_EMT_1,12/46,0.0013008231383289865,0.023414816489921757,3.395417675777496,22.561728871625487,+,DR 55,0.021816983024155044,True
DR 55+,lab,gs_ind_0,MP25_ASTROCYTES,12/31,1.841555527939586e-05,0.0006629599900582511,6.05828742433517,66.04935698143535,+,DR 55,0.0007411102365522627,True
DR 55+,hallmark,gs_ind_0,Epithelial Mesenchymal Transition,22/112,0.0011059337558738402,0.025436476385098324,2.3824225822925857,16.21730602531422,+,DR 55,0.019362244479736536,True
DR 55+,hallmark,gs_ind_0,Estrogen Response Late,14/65,0.003804085237894144,0.05001659220058,2.6411671308467164,14.715737358853316,+,DR 55,0.04727406897577188,True
DR 55+,hallmark,gs_ind_0,UV Response Dn,10/31,0.0005406708160615204,0.02487085753882994,4.561984984435085,34.31844415681465,+,DR 55,0.010832222262658633,True
DR 55-,lab,gs_ind_0,MP14_EMT_3,11/32,0.0001486887837228332,0.002750742498872414,5.022826287046696,44.26945870327691,-,DR 55,0.004229369848116144,True
DR 55-,lab,gs_ind_0,MP18_INTERFERON_MHC_II_2,15/39,1.7212191936827911e-06,6.368511016626326e-05,6.058804114637769,80.41534240753616,-,DR 55,0.00010168433390372182,True
DR 55-,lab,gs_ind_0,MP23_SECRETED_2,11/42,0.0019996680498142708,0.01466091244153786,3.4090128575616703,21.186244770414227,-,DR 55,0.030390733421979416,True
DR 55-,lab,gs_ind_0,MP25_ASTROCYTES,9/31,0.0023774452607899232,0.01466091244153786,3.9212648680011606,23.691218837052602,-,DR 55,0.03453741412900367,True
DR 55-,lab,gs_ind_0,MP31_ALVEOLAR,7/18,0.001098228404340707,0.01015861274015154,6.031344792719919,41.09792683634926,-,DR 55,0.019362244479736536,True
DR 55-,lab,gs_ind_0,MP32_SKIN_PIGMENTATION,7/15,0.00028880699727548757,0.00356195296639768,8.17373461012312,66.61390935241329,-,DR 55,0.0069458384313436684,True
DR 56+,lab,gs_ind_0,MP14_EMT_3,9/32,0.00302646296265898,0.02723816666393082,3.7522915393589247,21.76464430625097,+,DR 56,0.040352839502119736,True
DR 56+,lab,gs_ind_0,MP18_INTERFERON_MHC_II_2,13/39,5.2741167275285944e-05,0.0009493410109551471,4.821283018867924,47.490188541624946,+,DR 56,0.0017773301524662282,True
DR 56+,lab,gs_ind_0,MP25_ASTROCYTES,13/31,2.7789392831765666e-06,0.0001000418141943564,6.937297297297297,88.75190544758766,+,DR 56,0.00015029756123095798,True
DR 56+,lab,gs_ind_0,MP28_OLIGO_NORMAL,7/16,0.00047032063077736506,0.005643847569328381,7.309261525907793,56.004262789456,+,DR 56,0.009744772781574183,True
DR 56+,hallmark,gs_ind_0,Estrogen Response Late,16/65,0.0004197487478719283,0.019308442402108703,3.1644083107497742,24.60597779619615,+,DR 56,0.009408420298768675,True
DR 56+,hallmark,gs_ind_0,Myc Targets V1,7/18,0.001098228404340707,0.025259253299836266,6.031344792719919,41.09792683634926,+,DR 56,0.019362244479736536,True
DR 56-,lab,gs_ind_0,MP14_EMT_3,9/32,0.00302646296265898,0.021790533331144654,3.7522915393589247,21.76464430625097,-,DR 56,0.040352839502119736,True
DR 56-,lab,gs_ind_0,MP18_INTERFERON_MHC_II_2,13/39,5.2741167275285944e-05,0.0009493410109551471,4.821283018867924,47.490188541624946,-,DR 56,0.0017773301524662282,True
DR 56-,lab,gs_ind_0,MP21_RESPIRATION,4/5,0.00044837002986319467,0.0048660373445536835,27.47328244274809,211.81603246804076,-,DR 56,0.009408420298768675,True
DR 56-,lab,gs_ind_0,MP25_ASTROCYTES,10/31,0.0005406708160615204,0.0048660373445536835,4.561984984435085,34.31844415681465,-,DR 56,0.010832222262658633,True
DR 56-,lab,gs_ind_0,MP28_OLIGO_NORMAL,9/16,5.16300461734021e-06,0.00018586816622424756,11.863011314186249,144.42020314734387,-,DR 56,0.000255269584513988,True
DR 56-,hallmark,gs_ind_0,Estrogen Response Late,15/65,0.0013181093910427006,0.05799681320587883,2.896399882575859,19.207640477550406,-,DR 56,0.021816983024155044,True
DR 57+,lab,gs_ind_0,MP14_EMT_3,10/32,0.00071884446712456,0.0251595563493596,4.356780402449694,31.53379074881248,+,DR 57,0.01373314802864831,True
DR 57+,lab,gs_ind_0,MP18_INTERFERON_MHC_II_2,10/39,0.0037833511417090637,0.04413909665327241,3.3098892299479514,18.459732555536906,+,DR 57,0.04727406897577188,True
DR 57+,lab,gs_ind_0,MP25_ASTROCYTES,9/31,0.0023774452607899232,0.04160529206382366,3.9212648680011606,23.691218837052602,+,DR 57,0.03453741412900367,True
DR 57+,hallmark,gs_ind_0,Estrogen Response Late,18/65,3.33506109045639e-05,0.0015674787125145033,3.742148521989906,38.57569280767946,+,DR 57,0.0012081730742785413,True
DR 57+,hallmark,gs_ind_0,Oxidative Phosphorylation,5/11,0.002659499577535494,0.041665493381389404,7.766869958685816,46.054566494324,+,DR 57,0.036445847470429754,True
DR 57+,hallmark,gs_ind_0,Xenobiotic Metabolism,11/42,0.0019996680498142708,0.041665493381389404,3.4090128575616703,21.186244770414227,+,DR 57,0.030390733421979416,True
DR 57-,lab,gs_ind_0,MP39_METAL_RESPONSE,12/35,7.567785795160356e-05,0.0014378793010804678,5.0158022461764205,47.59507259625568,-,DR 57,0.0023950794604463547,True
DR 57-,lab,gs_ind_0,MP5_STRESS,17/43,2.0821345633585224e-07,7.912111340762386e-06,6.386046989871986,98.24743022336185,-,DR 57,1.4991368856181361e-05,True
DR 57-,lab,gs_ind_0,MP7_STRESS_IN_VITRO,7/19,0.0015934136015422816,0.0201832389528689,5.545736434108528,35.72495001353711,-,DR 57,0.02467418605738574,True
DR 57-,hallmark,gs_ind_0,Estrogen Response Early,12/47,0.0015956830393014216,0.01914819647161706,3.2979041356894685,21.23999789238365,-,DR 57,0.02467418605738574,True
DR 57-,hallmark,gs_ind_0,Estrogen Response Late,18/65,3.33506109045639e-05,0.0016008293234190671,3.742148521989906,38.57569280767946,-,DR 57,0.0012081730742785413,True
DR 57-,hallmark,gs_ind_0,Myc Targets V2,4/6,0.0012397742857742846,0.01914819647161706,16.474809160305345,110.26303016288972,-,DR 57,0.021190207377032283,True
DR 57-,hallmark,gs_ind_0,Unfolded Protein Response,7/19,0.0015934136015422816,0.01914819647161706,5.545736434108528,35.72495001353711,-,DR 57,0.02467418605738574,True
DR 58+,lab,gs_ind_0,MP11_TRANSLATION_INITIATION,4/7,0.002667000817497594,0.02333625715310395,11.761177753544166,69.70615686312823,+,DR 58,0.036445847470429754,True
DR 58+,lab,gs_ind_0,MP14_EMT_3,10/32,0.00071884446712456,0.0125797781746798,4.356780402449694,31.53379074881248,+,DR 58,0.01373314802864831,True
DR 58+,lab,gs_ind_0,MP25_ASTROCYTES,9/31,0.0023774452607899232,0.02333625715310395,3.9212648680011606,23.691218837052602,+,DR 58,0.03453741412900367,True
DR 58+,lab,gs_ind_0,MP28_OLIGO_NORMAL,7/16,0.00047032063077736506,0.0125797781746798,7.309261525907793,56.004262789456,+,DR 58,0.009744772781574183,True
DR 58+,hallmark,gs_ind_0,Estrogen Response Early,16/47,5.057843930604054e-06,0.0002005319460536254,5.023744999354755,61.26241139381469,+,DR 58,0.00025443826236051835,True
DR 58+,hallmark,gs_ind_0,Estrogen Response Late,19/65,8.355497752234392e-06,0.0002005319460536254,4.053763440860215,47.398997204455654,+,DR 58,0.0003804558660305937,True
DR 58+,hallmark,gs_ind_0,Myogenesis,12/51,0.0033772390202608266,0.054035824324173226,2.9572239196857266,16.828664581923654,+,DR 58,0.0432767447312622,True
DR 58-,lab,gs_ind_0,MP14_EMT_3,10/32,0.00071884446712456,0.012220355941117521,4.356780402449694,31.53379074881248,-,DR 58,0.01373314802864831,True
DR 58-,lab,gs_ind_0,MP30_PDAC_CLASSICAL,9/23,0.00019676960441006343,0.006690166549942157,6.1120914738453225,52.15739222427513,-,DR 58,0.005211001937480301,True
DR 58-,hallmark,gs_ind_0,Estrogen Response Early,12/47,0.0015956830393014216,0.03430718534498056,3.2979041356894685,21.23999789238365,-,DR 58,0.02467418605738574,True
DR 58-,hallmark,gs_ind_0,Estrogen Response Late,17/65,0.00012313838417512461,0.0052949505195303585,3.446023764712492,31.021801201142107,-,DR 58,0.0036095526353624318,True
DR 59+,lab,gs_ind_0,MP11_TRANSLATION_INITIATION,4/7,0.002667000817497594,0.038868288332904094,11.761177753544166,69.70615686312823,+,DR 59,0.036445847470429754,True
DR 59+,lab,gs_ind_0,MP18_INTERFERON_MHC_II_2,15/39,1.7212191936827911e-06,6.368511016626326e-05,6.058804114637769,80.41534240753616,+,DR 59,0.00010168433390372182,True
DR 59+,lab,gs_ind_0,MP28_OLIGO_NORMAL,6/16,0.0031514828378030346,0.038868288332904094,5.698739135757131,32.82406608056813,+,DR 59,0.0406097117354485,True
DR 59+,hallmark,gs_ind_0,Epithelial Mesenchymal Transition,21/112,0.0026560073945614297,0.05843216268035145,2.2378038571015417,13.272260857160694,+,DR 59,0.036445847470429754,True
DR 59+,hallmark,gs_ind_0,Estrogen Response Late,16/65,0.0004197487478719283,0.018468944906364845,3.1644083107497742,24.60597779619615,+,DR 59,0.009408420298768675,True
DR 59-,lab,gs_ind_0,MP14_EMT_3,11/32,0.0001486887837228332,0.0013381990535054988,5.022826287046696,44.26945870327691,-,DR 59,0.004229369848116144,True
DR 59-,lab,gs_ind_0,MP17_INTERFERON_MHC_II_1,19/43,4.057954425871221e-09,1.4608635933136398e-07,7.790352504638219,150.52976267830178,-,DR 59,4.328484720929303e-07,True
DR 59-,lab,gs_ind_0,MP18_INTERFERON_MHC_II_2,17/39,3.6371954452703464e-08,6.546951801486624e-07,7.538298516500151,129.12704201685682,-,DR 59,3.2734759007433116e-06,True
DR 59-,lab,gs_ind_0,MP25_ASTROCYTES,12/31,1.841555527939586e-05,0.00022098666335275034,6.05828742433517,66.04935698143535,-,DR 59,0.0007411102365522627,True
DR 59-,lab,gs_ind_0,MP28_OLIGO_NORMAL,6/16,0.0031514828378030346,0.02269067643218185,5.698739135757131,32.82406608056813,-,DR 59,0.0406097117354485,True
DR 59-,hallmark,gs_ind_0,Estrogen Response Late,16/65,0.0004197487478719283,0.01972819114998063,3.1644083107497742,24.60597779619615,-,DR 59,0.009408420298768675,True
DR 60+,hallmark,gs_ind_0,Estrogen Response Late,15/65,0.0013181093910427006,0.056678703814836126,2.896399882575859,19.207640477550406,+,DR 60,0.021816983024155044,True
DR 60-,lab,gs_ind_0,MP25_ASTROCYTES,9/31,0.0023774452607899232,0.04160529206382366,3.9212648680011606,23.691218837052602,-,DR 60,0.03453741412900367,True
DR 60-,lab,gs_ind_0,MP5_STRESS,14/43,3.6303749506164125e-05,0.0012706312327157444,4.668832644158677,47.732228537428114,-,DR 60,0.0012868282901877253,True
DR 60-,hallmark,gs_ind_0,Estrogen Response Early,16/47,5.057843930604054e-06,0.00012391717629979933,5.023744999354755,61.26241139381469,-,DR 60,0.00025443826236051835,True
DR 60-,hallmark,gs_ind_0,Estrogen Response Late,21/65,4.179952604693781e-07,2.0481767762999528e-05,4.727833244655879,69.44144900482954,-,DR 60,2.8325325885924915e-05,True
DR 60-,hallmark,gs_ind_0,TNF-alpha Signaling via NF-kB,20/97,0.0009933944627647214,0.016225442891823785,2.5257260298454116,17.46383643978334,-,DR 60,0.018193806376867395,True
DR 61+,lab,gs_ind_0,MP11_TRANSLATION_INITIATION,6/7,5.993307877988765e-06,0.00020976577572960677,40.0916880891174,482.09721967805126,+,DR 61,0.0002925546896374177,True
DR 61+,hallmark,gs_ind_0,Estrogen Response Early,13/47,0.00044081509382605446,0.019395864128346395,3.6866086956521738,28.486001648149458,+,DR 61,0.009408420298768675,True
DR 61+,hallmark,gs_ind_0,Estrogen Response Late,15/65,0.0013181093910427006,0.028998406602939415,2.896399882575859,19.207640477550406,+,DR 61,0.021816983024155044,True
DR 61-,lab,gs_ind_0,MP14_EMT_3,12/32,2.6901734991716813e-05,0.0002286647474295929,5.759526428155528,60.6093383595174,-,DR 61,0.0010194341681071634,True
DR 61-,lab,gs_ind_0,MP17_INTERFERON_MHC_II_1,21/43,5.370684821273666e-11,1.8260328392330464e-09,9.467718972454348,223.88770068292078,-,DR 61,7.54515721232593e-09,True
DR 61-,lab,gs_ind_0,MP18_INTERFERON_MHC_II_2,15/39,1.7212191936827911e-06,2.926072629260745e-05,6.058804114637769,80.41534240753616,-,DR 61,0.00010168433390372182,True
DR 61-,lab,gs_ind_0,MP19_EPITHELIAL_SENESCENCE,11/35,0.0003665367959475713,0.002077041843702904,4.400355392816757,34.81302289008058,-,DR 61,0.008513112680072623,True
DR 61-,lab,gs_ind_0,MP23_SECRETED_2,14/42,2.6826228607576808e-05,0.0002286647474295929,4.835379333051127,50.89783372996811,-,DR 61,0.0010194341681071634,True
DR 61-,lab,gs_ind_0,MP30_PDAC_CLASSICAL,9/23,0.00019676960441006343,0.0013380333099884314,6.1120914738453225,52.15739222427513,-,DR 61,0.005211001937480301,True
DR 61-,lab,gs_ind_0,MP31_ALVEOLAR,7/18,0.001098228404340707,0.005334252249654863,6.031344792719919,41.09792683634926,-,DR 61,0.019362244479736536,True
DR 61-,hallmark,gs_ind_0,Estrogen Response Late,14/65,0.003804085237894144,0.05070408074004671,2.6411671308467164,14.715737358853316,-,DR 61,0.04727406897577188,True
DR 61-,hallmark,gs_ind_0,Interferon Alpha Response,16/48,6.922947516910567e-06,0.0003184555857778861,4.866416510318949,57.81628346997419,-,DR 61,0.0003323014808117072,True
DR 61-,hallmark,gs_ind_0,Interferon Gamma Response,22/96,0.00010819449944175849,0.0024884734871604454,2.921155039196887,26.674761019869585,-,DR 61,0.0032458349832527548,True
DR 62+,lab,gs_ind_0,MP14_EMT_3,13/32,4.271922425527623e-06,0.00015378920731899442,6.577846153846154,81.32484976666557,+,DR 62,0.0002177546298322045,True
DR 62+,lab,gs_ind_0,MP18_INTERFERON_MHC_II_2,12/39,0.00024661083831353385,0.00443899508964361,4.276585483482036,35.528585018148014,+,DR 62,0.006312947210326212,True
DR 62+,lab,gs_ind_0,MP25_ASTROCYTES,9/31,0.0023774452607899232,0.02852934312947908,3.9212648680011606,23.691218837052602,+,DR 62,0.03453741412900367,True
DR 62+,hallmark,gs_ind_0,Estrogen Response Late,16/65,0.0004197487478719283,0.018049196158492917,3.1644083107497742,24.60597779619615,+,DR 62,0.009408420298768675,True
DR 62+,hallmark,gs_ind_0,Oxidative Phosphorylation,5/11,0.002659499577535494,0.05717924091701312,7.766869958685816,46.054566494324,+,DR 62,0.036445847470429754,True
DR 62-,lab,gs_ind_0,MP26_NPC_GLIOMA,8/13,7.2425920497813855e-06,0.0002607333137921299,14.414876033057851,170.60771788341367,-,DR 62,0.00033779214742300225,True
DR 62-,lab,gs_ind_0,MP30_PDAC_CLASSICAL,8/23,0.0011349351321441861,0.02042883237859535,5.086468370339338,34.49225647461518,-,DR 62,0.01963131039384538,True
DR 62-,hallmark,gs_ind_0,Estrogen Response Late,18/65,3.33506109045639e-05,0.0015674787125145033,3.742148521989906,38.57569280767946,-,DR 62,0.0012081730742785413,True
DR 62-,hallmark,gs_ind_0,Oxidative Phosphorylation,5/11,0.002659499577535494,0.062498240072084106,7.766869958685816,46.054566494324,-,DR 62,0.036445847470429754,True
DR 63+,lab,gs_ind_0,MP18_INTERFERON_MHC_II_2,11/39,0.0010260460463652652,0.010944491161229496,3.7742443179188077,25.974510381561768,+,DR 63,0.018555809190153618,True
DR 63+,lab,gs_ind_0,MP39_METAL_RESPONSE,11/35,0.0003665367959475713,0.005864588735161141,4.400355392816757,34.81302289008058,+,DR 63,0.008513112680072623,True
DR 63+,lab,gs_ind_0,MP6_HYPOXIA,11/32,0.0001486887837228332,0.004758041079130662,5.022826287046696,44.26945870327691,+,DR 63,0.004229369848116144,True
DR 63+,hallmark,gs_ind_0,Adipogenesis,9/29,0.0014111478308291778,0.021167217462437667,4.308667133668726,28.27929836550699,+,DR 63,0.023124357057115404,True
DR 63+,hallmark,gs_ind_0,Estrogen Response Late,15/65,0.0013181093910427006,0.021167217462437667,2.896399882575859,19.207640477550406,+,DR 63,0.021816983024155044,True
DR 63+,hallmark,gs_ind_0,Hypoxia,18/70,9.822526375860494e-05,0.004420136869137222,3.376099151989563,31.15547723321834,+,DR 63,0.0030094548896253425,True
DR 63-,lab,gs_ind_0,MP17_INTERFERON_MHC_II_1,11/43,0.002455744353129197,0.030287513688593427,3.302252892226507,19.844312066440693,-,DR 63,0.03540697740681896,True
DR 63-,lab,gs_ind_0,MP18_INTERFERON_MHC_II_2,15/39,1.7212191936827911e-06,6.368511016626326e-05,6.058804114637769,80.41534240753616,-,DR 63,0.00010168433390372182,True
DR 63-,lab,gs_ind_0,MP25_ASTROCYTES,11/31,0.000106824485721512,0.001976252985847972,5.270802496943175,48.19792256034924,-,DR 63,0.0032215132866801523,True
DR 63-,hallmark,gs_ind_0,Estrogen Response Early,13/47,0.00044081509382605446,0.009257116970347144,3.6866086956521738,28.486001648149458,-,DR 63,0.009408420298768675,True
DR 63-,hallmark,gs_ind_0,Estrogen Response Late,18/65,3.33506109045639e-05,0.0014007256579916837,3.742148521989906,38.57569280767946,-,DR 63,0.0012081730742785413,True
DR 63-,hallmark,gs_ind_0,Oxidative Phosphorylation,5/11,0.002659499577535494,0.037232994085496914,7.766869958685816,46.054566494324,-,DR 63,0.036445847470429754,True
DR 64+,lab,gs_ind_0,MP18_INTERFERON_MHC_II_2,11/39,0.0010260460463652652,0.01744278278820951,3.7742443179188077,25.974510381561768,+,DR 64,0.018555809190153618,True
DR 64+,lab,gs_ind_0,MP28_OLIGO_NORMAL,6/16,0.0031514828378030346,0.035716805495101055,5.698739135757131,32.82406608056813,+,DR 64,0.0406097117354485,True
DR 64+,lab,gs_ind_0,MP7_STRESS_IN_VITRO,11/19,2.834248235953389e-07,9.636444002241524e-06,12.797609809095142,192.9408469141474,+,DR 64,1.955122136418146e-05,True
DR 64+,hallmark,gs_ind_0,Unfolded Protein Response,7/19,0.0015934136015422816,0.03585180603470133,5.545736434108528,35.72495001353711,+,DR 64,0.02467418605738574,True
DR 64+,hallmark,gs_ind_0,mTORC1 Signaling,13/49,0.0006860119522520405,0.03087053785134182,3.4806575342465753,25.35525184951136,+,DR 64,0.013372009627653988,True
DR 64-,lab,gs_ind_0,MP14_EMT_3,9/32,0.00302646296265898,0.023320972999742454,3.7522915393589247,21.76464430625097,-,DR 64,0.040352839502119736,True
DR 64-,lab,gs_ind_0,MP18_INTERFERON_MHC_II_2,12/39,0.00024661083831353385,0.009124601017600752,4.276585483482036,35.528585018148014,-,DR 64,0.006312947210326212,True
DR 64-,lab,gs_ind_0,MP25_ASTROCYTES,10/31,0.0005406708160615204,0.010002410097138127,4.561984984435085,34.31844415681465,-,DR 64,0.010832222262658633,True
DR 64-,lab,gs_ind_0,MP28_OLIGO_NORMAL,6/16,0.0031514828378030346,0.023320972999742454,5.698739135757131,32.82406608056813,-,DR 64,0.0406097117354485,True
DR 64-,lab,gs_ind_0,MP7_STRESS_IN_VITRO,7/19,0.0015934136015422816,0.01965210108568814,5.545736434108528,35.72495001353711,-,DR 64,0.02467418605738574,True
DR 64-,hallmark,gs_ind_0,Estrogen Response Early,14/47,0.00010981800866062544,0.004941810389728144,4.102076747629146,37.39734577513979,-,DR 64,0.0032690011880372226,True
DR 64-,hallmark,gs_ind_0,Estrogen Response Late,16/65,0.0004197487478719283,0.0079672313999968,3.1644083107497742,24.60597779619615,-,DR 64,0.009408420298768675,True
DR 64-,hallmark,gs_ind_0,Oxidative Phosphorylation,5/11,0.002659499577535494,0.029919370247274306,7.766869958685816,46.054566494324,-,DR 64,0.036445847470429754,True
DR 64-,hallmark,gs_ind_0,Xenobiotic Metabolism,12/42,0.0005311487599997866,0.0079672313999968,3.8494151411053616,29.02639332737084,-,DR 64,0.010810660274200603,True
