factor,Gene_set,Term,P-value,Adjusted P-value,Old P-value,Old adjusted P-value,Odds Ratio,Combined Score,Genes
DR 1+,GO_Biological_Process_2023,Nervous System Development (GO:0007399),0.00239758877166875,0.04988695806951756,0,0,50.17948717948718,302.7474847711312,FABP7;SCRG1
DR 1+,GO_Biological_Process_2023,Protein Deubiquitination (GO:0016579),0.005990923177088634,0.04988695806951756,0,0,332.3333333333333,1700.719076579553,UCHL1
DR 1+,GO_Biological_Process_2023,Protein Modification By Small Protein Removal (GO:0070646),0.005990923177088634,0.04988695806951756,0,0,332.3333333333333,1700.719076579553,UCHL1
DR 1+,GO_Biological_Process_2023,Embryonic Eye Morphogenesis (GO:0048048),0.00798191329112281,0.04988695806951756,0,0,221.44444444444446,1069.7044701093293,MFAP2
DR 1-,GO_Biological_Process_2023,Regulation Of DNA-templated Transcription (GO:0006355),1.3169658944830438e-09,8.209888365418958e-07,0,0,5.044117647058823,103.14179134757151,CEBPD;EPAS1;GATA3;ETS2;ZFP36L2;MYC;JUNB;SPDEF;KLF10;EGR1;XBP1;JUN;JUND;ARID5A;FOS;ESR1;TBX3;BATF;NR4A1;KLF6;TCIM;ELF3;BAMBI;IRF1;MAFF;FOSB;PGR;ATF3
DR 1-,GO_Biological_Process_2023,Regulation Of Transcription By RNA Polymerase II (GO:0006357),1.7068374980080994e-09,8.209888365418958e-07,0,0,4.8351732013703845,97.61549177950062,CEBPD;EPAS1;FHL2;ADIRF;GATA3;ETS2;ZFP36;MUC1;MYC;JUNB;SPDEF;KLF10;EGR1;XBP1;JUN;JUND;ARID5A;FOS;ESR1;TBX3;BATF;NR4A1;KLF6;ELF3;IRF1;MAFF;FOSB;PGR;ATF3
DR 1-,GO_Biological_Process_2023,Positive Regulation Of Transcription By RNA Polymerase II (GO:0045944),6.426148067653436e-09,2.060651480360869e-06,0,0,5.73926822241429,108.2591882278527,KLF10;EGR1;XBP1;JUN;JUND;EPAS1;ADIRF;FOS;GATA3;ESR1;TBX3;ETS2;NR4A1;KLF6;MUC1;ELF3;IRF1;MYC;MAFF;PGR;JUNB;ATF3
DR 1-,GO_Biological_Process_2023,Regulation Of Cell Cycle (GO:0051726),1.604840947991029e-07,3.859642479918425e-05,0,0,9.45959595959596,147.99605039187034,PPP1R15A;NR4A1;CDKN1A;JUN;JUND;GADD45B;IRF1;MYC;GATA3;JUNB;TBX3;RHOB
DR 1-,GO_Biological_Process_2023,Positive Regulation Of DNA-templated Transcription (GO:0045893),7.937801840863033e-07,0.00015272330741820475,0,0,4.146853146853147,58.24860378558349,KLF10;EGR1;XBP1;JUN;JUND;EPAS1;ADIRF;FOS;GATA3;ESR1;TBX3;ETS2;NR4A1;KLF6;ELF3;BAMBI;IRF1;MYC;MAFF;PGR;JUNB;ATF3
DR 1-,GO_Biological_Process_2023,Negative Regulation Of DNA-templated Transcription (GO:0045892),3.835008316516761e-06,0.0006148796667481874,0,0,4.313891834570519,53.80000728225555,KLF10;JUN;JUND;ARID5A;FHL2;GATA3;ESR1;TBX3;ETS2;ZFP36;MUC1;ELF3;IRF1;MYC;MAFF;FOSB;ATF3;SPDEF
DR 1-,GO_Biological_Process_2023,Integrated Stress Response Signaling (GO:0140467),5.494889723712018e-06,0.0006803706375276236,0,0,49.94736842105263,604.94714446369,JUN;CEBPD;FOS;JUNB;BATF
DR 1-,GO_Biological_Process_2023,Negative Regulation Of Transcription By RNA Polymerase II (GO:0000122),5.657967879647597e-06,0.0006803706375276236,0,0,4.903743315508021,59.2492126407926,KLF10;JUN;JUND;ARID5A;FHL2;GATA3;ESR1;TBX3;ETS2;ZFP36;MYC;MAFF;FOSB;ATF3;SPDEF
DR 1-,GO_Biological_Process_2023,Regulation Of miRNA Transcription (GO:1902893),9.74985806633938e-06,0.001042151495535387,0,0,20.148936170212767,232.4836205393612,EGR1;JUN;MYC;FOS;GATA3;ESR1
DR 1-,GO_Biological_Process_2023,Positive Regulation Of mRNA Catabolic Process (GO:0061014),2.836112005424511e-05,0.00272833974921838,0,0,79.125,828.4776290914322,FTO;BTG2;ZFP36;ZFP36L2
DR 1-,GO_Biological_Process_2023,Positive Regulation Of miRNA Metabolic Process (GO:2000630),5.841428530078328e-05,0.00468287853827946,0,0,19.94736842105263,194.44595172999095,EGR1;JUN;MYC;FOS;GATA3
DR 1-,GO_Biological_Process_2023,Positive Regulation Of miRNA Transcription (GO:1902895),5.841428530078328e-05,0.00468287853827946,0,0,19.94736842105263,194.44595172999095,EGR1;JUN;MYC;GATA3;FOS
DR 1-,GO_Biological_Process_2023,Regulation Of Apoptotic Process (GO:0042981),0.0003138093167791642,0.023221889441658154,0,0,3.1297509829619923,25.24684058542899,EGR1;XBP1;JUN;GADD45B;BIK;FHL2;LRP2;VTCN1;TBX3;RHOB;SOCS3;TCIM;MYC;IL6ST;IER3;SPDEF
DR 1-,GO_Biological_Process_2023,Regulation Of Fat Cell Differentiation (GO:0045598),0.0003950178597139277,0.02714337007462846,0,0,11.058479532163743,86.6606548833963,FTO;ZFP36;XBP1;ADIRF;ZFP36L2
DR 1-,GO_Biological_Process_2023,mRNA Destabilization (GO:0061157),0.00046811653426905627,0.030021873731122146,0,0,58.7319587628866,450.2857872458315,FTO;ZFP36;ZFP36L2
DR 1-,GO_Biological_Process_2023,Negative Regulation Of Cell Cycle (GO:0045786),0.0007953202530924244,0.047818630217182016,0,0,9.038277511961722,64.50406884720583,NR4A1;BTG2;CDKN1A;GATA3;RHOB
DR 2+,GO_Biological_Process_2023,Collagen Fibril Organization (GO:0030199),3.806156850002008e-12,3.2047840677016906e-09,0,0,105.44444444444444,2772.5985198542526,COL1A1;COL3A1;COL1A2;LOX;COL14A1;LUM;COL11A1;COL5A3;COL5A2;DPT
DR 2+,GO_Biological_Process_2023,Extracellular Matrix Organization (GO:0030198),1.4479193523888553e-10,6.095740473557081e-08,0,0,10.60508701472557,240.26591733217117,POSTN;LUM;COL14A1;MMP2;COL11A1;DPT;COL1A1;MMP11;COL3A1;COL1A2;CCDC80;LOX;COL4A1;CTSK;COL5A3;COL5A2;COL10A1
DR 2+,GO_Biological_Process_2023,External Encapsulating Structure Organization (GO:0045229),4.985620465184272e-09,1.0494731079212894e-06,0,0,12.1944027986007,233.1168372284426,POSTN;COL14A1;MMP2;COL11A1;COL1A1;MMP11;COL3A1;COL1A2;CCDC80;COL4A1;COL5A3;COL5A2;COL10A1
DR 2+,GO_Biological_Process_2023,Extracellular Structure Organization (GO:0043062),4.985620465184272e-09,1.0494731079212894e-06,0,0,12.1944027986007,233.1168372284426,POSTN;COL14A1;MMP2;COL11A1;COL1A1;MMP11;COL3A1;COL1A2;CCDC80;COL4A1;COL5A3;COL5A2;COL10A1
DR 2+,GO_Biological_Process_2023,Supramolecular Fiber Organization (GO:0097435),4.9775363420709035e-06,0.0008382171200047402,0,0,5.765325670498084,70.39794438034909,TNFAIP6;LUM;COL14A1;COL11A1;DPT;COL1A1;MFAP4;COL3A1;EFEMP2;COL1A2;LOX;COL5A3;COL5A2
DR 2+,GO_Biological_Process_2023,Skeletal System Development (GO:0001501),2.977721618295707e-05,0.004178736004341642,0,0,8.608695652173912,89.71782038565296,COL1A1;COMP;COL1A2;OGN;COL10A1;IGF1;SULF1;FBN1
DR 2+,GO_Biological_Process_2023,Regulation Of Cellular Response To Growth Factor Stimulus (GO:0090287),0.00012145241724754159,0.012782866915303752,0,0,inf,inf,SFRP4;SULF1;FSTL1
DR 2+,GO_Biological_Process_2023,Inositol Lipid-Mediated Signaling (GO:0048017),0.00012145241724754159,0.012782866915303752,0,0,inf,inf,PDGFRB;PDGFRA;IGF1
DR 2+,GO_Biological_Process_2023,Eye Morphogenesis (GO:0048592),0.00018357501735262067,0.01717446273454518,0,0,26.34722222222222,226.6621797598714,MFAP5;COL5A2;MFAP2;FBN1
DR 2+,GO_Biological_Process_2023,Endodermal Cell Differentiation (GO:0035987),0.0002643629965231669,0.020235785733864232,0,0,12.447368421052632,102.5437538440271,COL11A1;MMP2;COL6A1;FN1;LAMB1
DR 2+,GO_Biological_Process_2023,Skin Development (GO:0043588),0.0002643629965231669,0.020235785733864232,0,0,12.447368421052632,102.5437538440271,COL1A1;COL3A1;COL1A2;COL5A3;COL5A2
DR 2+,GO_Biological_Process_2023,Embryonic Eye Morphogenesis (GO:0048048),0.00046811653426905627,0.03284617682121212,0,0,58.7319587628866,450.2857872458315,MFAP5;MFAP2;FBN1
DR 2+,GO_Biological_Process_2023,Positive Regulation Of Wnt Signaling Pathway (GO:0030177),0.0005691852899549823,0.036865693395545775,0,0,9.947368421052632,74.319818800007,COL1A1;SFRP4;SFRP2;GPC3;SULF1
DR 2+,GO_Biological_Process_2023,Transmembrane Receptor Protein Tyrosine Kinase Signaling Pathway (GO:0007169),0.0007142609107805755,0.042957691919803184,0,0,4.919631093544137,35.639097771169546,PDGFRB;PDGFRA;FGF7;MMP2;RARRES2;VEGFD;IGF1;SULF1
DR 3-,GO_Biological_Process_2023,Antigen Processing And Presentation Of Exogenous Peptide Antigen (GO:0002478),2.0346053363684837e-13,8.599598555050792e-11,0,0,117.29213483146067,3427.6637536585085,HLA-DMA;HLA-DRB5;FCER1G;CTSL;HLA-DRA;FCGR2B;HLA-DQA2;CTSS;HLA-DQA1;HLA-DRB1;HLA-DPA1
DR 3-,GO_Biological_Process_2023,Antigen Processing And Presentation Of Exogenous Peptide Antigen Via MHC Class II (GO:0019886),2.0346053363684837e-13,8.599598555050792e-11,0,0,117.29213483146067,3427.6637536585085,HLA-DMA;HLA-DRB5;FCER1G;CTSL;HLA-DRA;FCGR2B;HLA-DQA2;CTSS;HLA-DQA1;HLA-DRB1;HLA-DPA1
DR 3-,GO_Biological_Process_2023,Antigen Processing And Presentation Of Peptide Antigen Via MHC Class II (GO:0002495),2.0346053363684837e-13,8.599598555050792e-11,0,0,117.29213483146067,3427.6637536585085,HLA-DMA;HLA-DRB5;FCER1G;CTSL;HLA-DRA;FCGR2B;HLA-DQA2;CTSS;HLA-DQA1;HLA-DRB1;HLA-DPA1
DR 3-,GO_Biological_Process_2023,Immunoglobulin Mediated Immune Response (GO:0016064),5.3079623516446326e-11,1.6826240654713486e-08,0,0,52.666666666666664,1246.0526746270045,CD74;HLA-DMA;HLA-DRB5;FCER1G;HLA-DRA;FCGR2B;HLA-DQA2;HLA-DQA1;HLA-DRB1;HLA-DPA1
DR 3-,GO_Biological_Process_2023,Negative Regulation Of Lymphocyte Proliferation (GO:0050672),1.5334129697549168e-10,3.888735291298469e-08,0,0,29.230337078651687,660.5575334786495,CD86;IL10;IL4I1;TYROBP;GPNMB;LST1;MNDA;LILRB2;FCGR2B;LILRB4;HLA-DRB1
DR 3-,GO_Biological_Process_2023,Inflammatory Response (GO:0006954),5.697433199986464e-10,1.2040575495971393e-07,0,0,7.536885245901639,160.42889705691064,CXCL8;CCL3L1;SLC11A1;C5AR1;ITGB2;CYBB;FPR3;LYZ;CXCL3;AIF1;IL1B;CCL4;CCL3;C3AR1;OLR1;SIGLEC1;CD14;CCL18;FOLR2;FCGR2B
DR 3-,GO_Biological_Process_2023,MHC Class II Protein Complex Assembly (GO:0002399),4.886748540152934e-09,6.19639714891392e-07,0,0,142.93548387096774,2735.319002199265,HLA-DRB5;HLA-DMA;HLA-DRA;HLA-DQA2;HLA-DQA1;HLA-DRB1;HLA-DPA1
DR 3-,GO_Biological_Process_2023,Peptide Antigen Assembly With MHC Class II Protein Complex (GO:0002503),4.886748540152934e-09,6.19639714891392e-07,0,0,142.93548387096774,2735.319002199265,HLA-DRB5;HLA-DMA;HLA-DRA;HLA-DQA2;HLA-DQA1;HLA-DRB1;HLA-DPA1
DR 3-,GO_Biological_Process_2023,Peptide Antigen Assembly With MHC Protein Complex (GO:0002501),4.886748540152934e-09,6.19639714891392e-07,0,0,142.93548387096774,2735.319002199265,HLA-DRB5;HLA-DMA;HLA-DRA;HLA-DQA2;HLA-DQA1;HLA-DRB1;HLA-DPA1
DR 3-,GO_Biological_Process_2023,Immunoglobulin Production Involved In Immunoglobulin-Mediated Immune Response (GO:0002381),4.886748540152934e-09,6.19639714891392e-07,0,0,142.93548387096774,2735.319002199265,HLA-DRB5;HLA-DMA;HLA-DRA;HLA-DQA2;HLA-DQA1;HLA-DRB1;HLA-DPA1
DR 3-,GO_Biological_Process_2023,Positive Regulation Of Regulatory T Cell Differentiation (GO:0045591),2.8371369412893165e-07,3.27044512868623e-05,0,0,inf,inf,IL4I1;HLA-DRA;LILRB2;LILRB4;HLA-DRB1
DR 3-,GO_Biological_Process_2023,Phagocytosis (GO:0006909),3.954538194074016e-07,4.178628691738211e-05,0,0,14.355874894336432,211.65199156973574,MSR1;TYROBP;SLC11A1;ITGB2;TREM2;CD36;CD14;FCGR2B;AIF1
DR 3-,GO_Biological_Process_2023,Negative Regulation Of T Cell Activation (GO:0050868),9.557318918340284e-07,9.322061837273447e-05,0,0,12.428571428571429,172.26979882367422,CD86;IL10;IL4I1;GPNMB;LAPTM5;LILRB2;FCGR2B;LILRB4;HLA-DRB1
DR 3-,GO_Biological_Process_2023,Regulation Of T Cell Activation (GO:0050863),1.6057105347903843e-06,0.00014543149700815765,0,0,9.484848484848484,126.54631921646849,IL4I1;HLA-DMA;HLA-DRB5;GPNMB;LAPTM5;HLA-DRA;HLA-DQA2;HLA-DQA1;HLA-DRB1;HLA-DPA1
DR 3-,GO_Biological_Process_2023,Cellular Response To Lipopolysaccharide (GO:0071222),1.9421555903107436e-06,0.00016417688590093487,0,0,7.974041069352964,104.87229220009353,CD86;IL10;HCK;CXCL8;IL1B;CCL3;LY96;LILRB2;CD14;CD68;CXCL3
DR 3-,GO_Biological_Process_2023,Macrophage Activation (GO:0042116),2.937070758874043e-06,0.00020156779472076442,0,0,17.801075268817204,226.7518379651853,C1QA;FCGR3A;SLC11A1;C5AR1;ITGB2;TREM2;AIF1
DR 3-,GO_Biological_Process_2023,Negative Regulation Of T Cell Proliferation (GO:0042130),2.937070758874043e-06,0.00020156779472076442,0,0,17.801075268817204,226.7518379651853,CD86;IL10;IL4I1;GPNMB;LILRB2;LILRB4;HLA-DRB1
DR 3-,GO_Biological_Process_2023,Cellular Response To Molecule Of Bacterial Origin (GO:0071219),3.0005301198860003e-06,0.00020156779472076442,0,0,8.685185185185185,110.44708185578723,CD86;IL10;CXCL8;IL1B;LY96;LILRB2;CD14;CD68;FCGR2B;CXCL3
DR 3-,GO_Biological_Process_2023,Receptor-Mediated Endocytosis (GO:0006898),3.020337618055618e-06,0.00020156779472076442,0,0,10.340659340659341,131.43124796022562,MSR1;FCER1G;CXCL8;CTSL;ITGB2;APOE;CD36;FCGR2B;LILRB4
DR 3-,GO_Biological_Process_2023,Positive Regulation Of Lymphocyte Activation (GO:0051251),3.508112342646697e-06,0.00022241432252380057,0,0,12.622073578595318,158.53870267984973,HLA-DMA;HLA-DRB5;TYROBP;HLA-DRA;HLA-DQA2;HLA-DQA1;HLA-DRB1;HLA-DPA1
DR 3-,GO_Biological_Process_2023,Microglial Cell Activation (GO:0001774),5.079677698940227e-06,0.0003002172871817108,0,0,24.19148936170213,294.9006114751804,C1QA;TYROBP;C5AR1;ITGB2;TREM2;AIF1
DR 3-,GO_Biological_Process_2023,Cellular Defense Response (GO:0006968),5.2867929476986835e-06,0.0003002172871817108,0,0,11.714285714285714,142.33207100124613,TYROBP;NCF1;NCF2;C5AR1;CLEC5A;LY96;MNDA;LILRB2
DR 3-,GO_Biological_Process_2023,Positive Regulation Of T Cell Activation (GO:0050870),5.445581707554691e-06,0.0003002172871817108,0,0,6.992509363295881,84.75415001254748,CD86;HLA-DRB5;HLA-DMA;IL1B;HLA-DRA;LILRB2;AIF1;HLA-DQA2;HLA-DRB1;HLA-DQA1;HLA-DPA1
DR 3-,GO_Biological_Process_2023,Positive Regulation Of ERK1 And ERK2 Cascade (GO:0070374),6.082758339065918e-06,0.0003213723989139827,0,0,6.182926829268292,74.25727452894036,CD74;CCL3L1;GPNMB;GPR183;CCL4;C5AR1;CCL3;TREM2;APOE;CD36;CCL18;HLA-DRB1
DR 3-,GO_Biological_Process_2023,Regulation Of ERK1 And ERK2 Cascade (GO:0070372),7.296970449712896e-06,0.0003701023412094381,0,0,5.528735632183908,65.39416869729844,CD74;CCL3L1;C5AR1;TREM2;GPNMB;IL1B;GPR183;CCL4;CCL3;APOE;CD36;CCL18;HLA-DRB1
DR 3-,GO_Biological_Process_2023,Positive Regulation Of MAPK Cascade (GO:0043410),7.827610363031498e-06,0.00038174653616630534,0,0,5.079621600315333,59.72544551702093,CD74;CCL3L1;C5AR1;LAPTM5;TREM2;GPNMB;IL1B;GPR183;CCL4;CCL3;APOE;CD36;CCL18;HLA-DRB1
DR 3-,GO_Biological_Process_2023,Positive Regulation Of Leukocyte Cell-Cell Adhesion (GO:1903039),1.1183463432977943e-05,0.0005252085790005938,0,0,10.23913043478261,116.73708736559918,HLA-DMA;HLA-DRB5;ITGB2;HLA-DRA;HLA-DQA2;HLA-DQA1;HLA-DRB1;HLA-DPA1
DR 3-,GO_Biological_Process_2023,Cellular Response To Low-Density Lipoprotein Particle Stimulus (GO:0071404),1.4072596228396998e-05,0.0006372875720574069,0,0,33.280701754385966,371.78807721874773,FCER1G;ITGB2;TREM2;CD36;CD68
DR 3-,GO_Biological_Process_2023,Regulation Of T Cell Proliferation (GO:0042129),1.4652484125716823e-05,0.0006406672369451356,0,0,8.071189679885332,89.83961063151654,CD86;IL10;IL4I1;GPNMB;IL1B;LILRB2;LILRB4;HLA-DRB1;HLA-DPA1
DR 3-,GO_Biological_Process_2023,Regulation Of B Cell Proliferation (GO:0030888),1.9474481763510033e-05,0.0008231214292043574,0,0,11.842293906810037,128.44632267420334,IL10;CD74;TYROBP;GPR183;MNDA;FCGR2B;TNFSF13B
DR 3-,GO_Biological_Process_2023,Cellular Response To Lipid (GO:0071396),2.5190419988281052e-05,0.0010303694369400121,0,0,5.747191011235955,60.8572745573264,CD86;IL10;CXCL8;IL1B;SPP1;LY96;TREM2;LILRB2;CD14;CD68;CXCL3
DR 3-,GO_Biological_Process_2023,Negative Regulation Of B Cell Proliferation (GO:0030889),2.836112005424511e-05,0.0011238093821494626,0,0,79.125,828.4776290914322,IL10;TYROBP;MNDA;FCGR2B
DR 3-,GO_Biological_Process_2023,Response To Lipopolysaccharide (GO:0032496),6.858413630494344e-05,0.002635293479838433,0,0,5.594594594594595,53.63789202510708,CD86;IL10;CXCL8;IL1B;SLC11A1;LY96;LILRB2;CD14;CD68;CXCL3
DR 3-,GO_Biological_Process_2023,Regulation Of Immune Response (GO:0050776),8.024954669473463e-05,0.002992836035556574,0,0,8.862903225806452,83.5804517713919,IL4I1;FCGR3A;HLA-DRA;TREM2;FCGR1A;FCGR2B;HLA-DRB1
DR 3-,GO_Biological_Process_2023,"Phagocytosis, Engulfment (GO:0006911)",0.00010286019114288906,0.003525046550518469,0,0,16.614035087719298,152.55239380337426,MSR1;ITGB2;CD36;FCGR2B;AIF1
DR 3-,GO_Biological_Process_2023,Regulation Of B Cell Activation (GO:0050864),0.00010286019114288906,0.003525046550518469,0,0,16.614035087719298,152.55239380337426,IL10;IL4I1;SLAMF8;LAPTM5;FCGR2B
DR 3-,GO_Biological_Process_2023,Negative Regulation Of B Cell Activation (GO:0050869),0.00010286019114288906,0.003525046550518469,0,0,16.614035087719298,152.55239380337426,IL10;TYROBP;LAPTM5;MNDA;FCGR2B
DR 3-,GO_Biological_Process_2023,Response To Molecule Of Bacterial Origin (GO:0002237),0.00010868871640220655,0.0036267708525788925,0,0,8.337128399746996,76.0931591082673,IL10;CXCL8;SLC11A1;IL1B;LY96;CD14;FCGR2B
DR 3-,GO_Biological_Process_2023,Cytokine-Mediated Signaling Pathway (GO:0019221),0.00011864936813808615,0.003666706311187684,0,0,4.330721003134796,39.14685050023031,HCK;FCER1G;SPI1;CXCL8;CCL3L1;IL1B;CCL4;CCL3;LILRB2;CCL18;CXCL3;LILRB4
DR 3-,GO_Biological_Process_2023,Cellular Response To Oxidised Low-Density Lipoprotein Particle Stimulus (GO:0140052),0.00012145241724754159,0.003666706311187684,0,0,inf,inf,TREM2;CD36;CD68
DR 3-,GO_Biological_Process_2023,Positive Regulation Of Myeloid Leukocyte Mediated Immunity (GO:0002888),0.00012145241724754159,0.003666706311187684,0,0,inf,inf,SPI1;TYROBP;ITGB2
DR 3-,GO_Biological_Process_2023,High-Density Lipoprotein Particle Remodeling (GO:0034375),0.00012145241724754159,0.003666706311187684,0,0,inf,inf,APOC1;APOE;PLTP
DR 3-,GO_Biological_Process_2023,Positive Regulation Of Lymphocyte Proliferation (GO:0050671),0.00014492240811027202,0.004273525894972673,0,0,6.521739130434782,57.6476874472859,CD86;CD74;FCGR3A;IL1B;GPR183;LILRB2;TNFSF13B;HLA-DPA1
DR 3-,GO_Biological_Process_2023,Regulation Of Interleukin-6 Production (GO:0032675),0.00018176229157471774,0.005172736044513845,0,0,6.2675585284280935,53.981295876134936,IL10;CD74;TYROBP;IL1B;TREM2;LILRB2;AIF1;LILRB4
DR 3-,GO_Biological_Process_2023,Immune Response-Activating Cell Surface Receptor Signaling Pathway (GO:0002429),0.00018357501735262067,0.005172736044513845,0,0,26.34722222222222,226.6621797598714,FCER1G;C5AR1;C3AR1;FPR3
DR 3-,GO_Biological_Process_2023,Neutrophil Chemotaxis (GO:0030593),0.00022598243706325267,0.0060967176637490295,0,0,6.032206119162641,50.640691729040796,CXCL8;FCER1G;CCL3L1;ITGB2;CCL4;CCL3;CXCL3;CCL18
DR 3-,GO_Biological_Process_2023,Response To Type II Interferon (GO:0034341),0.00022598243706325267,0.0060967176637490295,0,0,6.032206119162641,50.640691729040796,CD74;CCL3L1;SLC11A1;CCL4;CCL3;CCL18;AIF1;HLA-DPA1
DR 3-,GO_Biological_Process_2023,Cellular Response To Type II Interferon (GO:0071346),0.000246253088153306,0.006372426852620245,0,0,7.075268817204301,58.78947510883268,HCK;CCL3L1;CCL4;CCL3;CCL18;AIF1;HLA-DPA1
DR 3-,GO_Biological_Process_2023,Endocytosis (GO:0006897),0.000246253088153306,0.006372426852620245,0,0,7.075268817204301,58.78947510883268,MSR1;SLC11A1;ITGB2;APOE;CD14;CD36;FCGR2B
DR 3-,GO_Biological_Process_2023,Positive Regulation Of Proteolysis (GO:0045862),0.0002643629965231669,0.006572789795909326,0,0,12.447368421052632,102.5437538440271,CTSL;IL1B;APOE;CTSS;CTSC
DR 3-,GO_Biological_Process_2023,Receptor Internalization (GO:0031623),0.0002643629965231669,0.006572789795909326,0,0,12.447368421052632,102.5437538440271,CXCL8;FCER1G;ITGB2;CD36;LILRB4
DR 3-,GO_Biological_Process_2023,Neutrophil Migration (GO:1990266),0.00027866975010108156,0.006667042323173045,0,0,5.813664596273292,47.58765370098808,CXCL8;FCER1G;CCL3L1;ITGB2;CCL4;CCL3;CXCL3;CCL18
DR 3-,GO_Biological_Process_2023,Granulocyte Chemotaxis (GO:0071621),0.00027866975010108156,0.006667042323173045,0,0,5.813664596273292,47.58765370098808,CXCL8;FCER1G;CCL3L1;ITGB2;CCL4;CCL3;CXCL3;CCL18
DR 3-,GO_Biological_Process_2023,Regulation Of Phagocytosis (GO:0050764),0.00029450227477084115,0.006915349711285677,0,0,8.598784194528875,69.91004017360326,HCK;FCER1G;SLC11A1;IL1B;TREM2;FCGR2B
DR 3-,GO_Biological_Process_2023,Negative Regulation Of Lymphocyte Activation (GO:0051250),0.0003950178597139277,0.009106957202132006,0,0,11.058479532163743,86.6606548833963,IL4I1;GPNMB;LST1;LAPTM5;FCGR2B
DR 3-,GO_Biological_Process_2023,Cellular Response To Cytokine Stimulus (GO:0071345),0.0004409242755367047,0.009983785381795385,0,0,3.6737967914438503,28.386095718390184,HCK;CXCL8;CCL3L1;IL1B;CCL4;CCL3;MNDA;LILRB2;CCL18;AIF1;LILRB4;HLA-DPA1
DR 3-,GO_Biological_Process_2023,Osteoclast Differentiation (GO:0030316),0.00046811653426905627,0.010233995956089023,0,0,58.7319587628866,450.2857872458315,TYROBP;GPR183;TREM2
DR 3-,GO_Biological_Process_2023,Superoxide Anion Generation (GO:0042554),0.00046811653426905627,0.010233995956089023,0,0,58.7319587628866,450.2857872458315,NCF1;NCF2;CYBB
DR 3-,GO_Biological_Process_2023,Positive Regulation Of Protein Modification Process (GO:0031401),0.0004999151256029183,0.010743938631601703,0,0,5.242636746143058,39.84966054505129,CD74;GPNMB;IL1B;PLAUR;TREM2;LILRB2;MMP9;HLA-DRB1
DR 3-,GO_Biological_Process_2023,Cellular Response To Oxygen-Containing Compound (GO:1901701),0.0005142969553232566,0.010868808989164824,0,0,3.856598743096553,29.20490280820049,CD86;IL10;CXCL8;NCF1;IL1B;LY96;LILRB2;CD14;CD68;CXCL3;MMP9
DR 3-,GO_Biological_Process_2023,Fc-gamma Receptor Signaling Pathway (GO:0038094),0.0006112157595893195,0.01250034811547189,0,0,15.791666666666666,116.85928929412923,HCK;FCGR3A;FCER1G;FCGR2B
DR 3-,GO_Biological_Process_2023,Regulation Of Calcium-Mediated Signaling (GO:0050848),0.0006112157595893195,0.01250034811547189,0,0,15.791666666666666,116.85928929412923,PLEK;CCL4;CCL3;TREM2
DR 3-,GO_Biological_Process_2023,Cellular Response To Interleukin-1 (GO:0071347),0.000678385467444629,0.013440512073746712,0,0,7.07008760951189,51.581909092393126,CXCL8;CCL3L1;IL1B;CCL4;CCL3;CCL18
DR 3-,GO_Biological_Process_2023,Positive Regulation Of Immune Response (GO:0050778),0.000678385467444629,0.013440512073746712,0,0,7.07008760951189,51.581909092393126,IL10;CD74;ITGB2;HLA-DRA;FCGR2B;HLA-DRB1
DR 3-,GO_Biological_Process_2023,Regulation Of Type II Interferon Production (GO:0032649),0.000758828685398912,0.014802996509012624,0,0,5.645161290322581,40.553340015221345,SLC11A1;IL1B;LAPTM5;CD14;LILRB4;HLA-DRB1;HLA-DPA1
DR 3-,GO_Biological_Process_2023,Positive Regulation Of T Cell Differentiation (GO:0045582),0.0007953202530924244,0.015279789104866576,0,0,9.038277511961722,64.50406884720583,IL4I1;HLA-DRA;LILRB2;LILRB4;HLA-DRB1
DR 3-,GO_Biological_Process_2023,Negative Regulation Of Inflammatory Response (GO:0050728),0.0008682852856439705,0.01619096679700816,0,0,6.673758865248227,47.04326101987329,IL10;HCK;SLAMF8;TREM2;APOE;HLA-DRB1
DR 3-,GO_Biological_Process_2023,Myeloid Leukocyte Differentiation (GO:0002573),0.0008682852856439705,0.01619096679700816,0,0,6.673758865248227,47.04326101987329,SPI1;TYROBP;GPR183;TREM2;MMP9;HLA-DRB1
DR 3-,GO_Biological_Process_2023,Negative Regulation Of Cytokine Production (GO:0001818),0.0009594672858971878,0.01722883670130727,0,0,4.171828171828172,28.99058605762239,IL10;TYROBP;GPNMB;SLC11A1;LAPTM5;TREM2;FCGR2B;LILRB4;HLA-DRB1
DR 3-,GO_Biological_Process_2023,Regulation Of p38MAPK Cascade (GO:1900744),0.0009797523443270978,0.01722883670130727,0,0,13.152777777777779,91.12521610440056,SPI1;NCF1;IL1B;TREM2
DR 3-,GO_Biological_Process_2023,Plasma Membrane Invagination (GO:0099024),0.0009797523443270978,0.01722883670130727,0,0,13.152777777777779,91.12521610440056,MSR1;ITGB2;CD36;FCGR2B
DR 3-,GO_Biological_Process_2023,Cholesterol Transport (GO:0030301),0.0009797523443270978,0.01722883670130727,0,0,13.152777777777779,91.12521610440056,MSR1;APOC1;CD36;APOE
DR 3-,GO_Biological_Process_2023,Negative Regulation Of Multicellular Organismal Process (GO:0051241),0.0009973034600280549,0.01722883670130727,0,0,4.633540372670807,32.019874372860976,IL10;SPI1;GPNMB;IL1B;SLC11A1;SLAMF8;TREM2;FCGR2B
DR 3-,GO_Biological_Process_2023,Negative Regulation Of Immune Response (GO:0050777),0.001082396678294696,0.01722883670130727,0,0,8.280701754385966,56.545414097797085,HCK;SPI1;TREM2;FCGR2B;HLA-DRB1
DR 3-,GO_Biological_Process_2023,Positive Regulation Of Endocytosis (GO:0045807),0.001096748066407853,0.01722883670130727,0,0,6.319148936170213,43.06756419019197,FCER1G;SLC11A1;IL1B;TREM2;APOE;FCGR2B
DR 3-,GO_Biological_Process_2023,Negative Regulation Of Inflammatory Response To Antigenic Stimulus (GO:0002862),0.0011277550837606493,0.01722883670130727,0,0,29.350515463917525,199.217394861114,HCK;TREM2;HLA-DRB1
DR 3-,GO_Biological_Process_2023,Negative Regulation Of Interleukin-10 Production (GO:0032693),0.0011277550837606493,0.01722883670130727,0,0,29.350515463917525,199.217394861114,TYROBP;FCGR2B;LILRB4
DR 3-,GO_Biological_Process_2023,Regulation Of Inflammatory Response To Antigenic Stimulus (GO:0002861),0.0011277550837606493,0.01722883670130727,0,0,29.350515463917525,199.217394861114,HCK;TREM2;HLA-DRB1
DR 3-,GO_Biological_Process_2023,Regulation Of Long-Term Synaptic Potentiation (GO:1900271),0.0011277550837606493,0.01722883670130727,0,0,29.350515463917525,199.217394861114,TYROBP;APOE;LILRB2
DR 3-,GO_Biological_Process_2023,Astrocyte Activation (GO:0048143),0.0011277550837606493,0.01722883670130727,0,0,29.350515463917525,199.217394861114,C1QA;C5AR1;TREM2
DR 3-,GO_Biological_Process_2023,Pattern Recognition Receptor Signaling Pathway (GO:0002221),0.0011277550837606493,0.01722883670130727,0,0,29.350515463917525,199.217394861114,LY96;CD14;CTSS
DR 3-,GO_Biological_Process_2023,Phospholipid Transport (GO:0015914),0.0011277550837606493,0.01722883670130727,0,0,29.350515463917525,199.217394861114,APOC1;APOE;PLTP
DR 3-,GO_Biological_Process_2023,Positive Regulation Of Epidermal Growth Factor Receptor Signaling Pathway (GO:0045742),0.0011277550837606493,0.01722883670130727,0,0,29.350515463917525,199.217394861114,NCF1;PLAUR;MMP9
DR 3-,GO_Biological_Process_2023,Regulation Of Protein Phosphorylation (GO:0001932),0.0011691890653840638,0.017649187320321343,0,0,4.502415458937198,30.397809784327446,CD74;GPNMB;IL1B;ITGB2;PLAUR;TREM2;MMP9;HLA-DRB1
DR 3-,GO_Biological_Process_2023,Negative Regulation Of Gene Expression (GO:0010629),0.001266019610526137,0.018886033719378137,0,0,3.9861442904921165,26.59506626490192,IL10;MSR1;SPI1;CXCL8;GPNMB;SLC11A1;CCL3;APOE;FCGR2B
DR 3-,GO_Biological_Process_2023,Positive Regulation Of Cytokine Production (GO:0001819),0.001315116758203263,0.019390326155834157,0,0,3.1853146853146854,21.13083557032463,CD86;IL10;CD74;FCER1G;TYROBP;IL1B;SLC11A1;LAPTM5;LILRB2;CD14;AIF1;HLA-DPA1
DR 3-,GO_Biological_Process_2023,Chemokine-Mediated Signaling Pathway (GO:0070098),0.0013687347902488387,0.019948916253281927,0,0,6.0,39.56321085964902,CXCL8;CCL3L1;CCL4;CCL3;CXCL3;CCL18
DR 3-,GO_Biological_Process_2023,Positive Regulation Of Phagocytosis (GO:0050766),0.001439820148952626,0.020190327137566,0,0,7.6396761133603235,49.988211945862055,FCER1G;SLC11A1;IL1B;TREM2;FCGR2B
DR 3-,GO_Biological_Process_2023,Monocyte Chemotaxis (GO:0002548),0.001439820148952626,0.020190327137566,0,0,7.6396761133603235,49.988211945862055,CCL3L1;CCL4;CCL3;CCL18;FOLR2
DR 3-,GO_Biological_Process_2023,Negative Regulation Of Immune System Process (GO:0002683),0.0014808362963672226,0.020190327137566,0,0,11.267857142857142,73.41176014759877,TREM2;LILRB2;FCGR2B;LILRB4
DR 3-,GO_Biological_Process_2023,Eosinophil Chemotaxis (GO:0048245),0.0014808362963672226,0.020190327137566,0,0,11.267857142857142,73.41176014759877,CCL3L1;CCL4;CCL3;CCL18
DR 3-,GO_Biological_Process_2023,Eosinophil Migration (GO:0072677),0.0014808362963672226,0.020190327137566,0,0,11.267857142857142,73.41176014759877,CCL3L1;CCL4;CCL3;CCL18
DR 3-,GO_Biological_Process_2023,Positive Regulation Of Immune Effector Process (GO:0002699),0.0014808362963672226,0.020190327137566,0,0,11.267857142857142,73.41176014759877,IL10;IL1B;HLA-DRA;HLA-DRB1
DR 3-,GO_Biological_Process_2023,Defense Response To Bacterium (GO:0042742),0.0015837976232903235,0.0213644190035333,0,0,4.260869565217392,27.473787659521996,FCER1G;IL1B;SLC11A1;RNASE6;SLAMF8;TREM2;LYZ;RNASE1
DR 3-,GO_Biological_Process_2023,Regulation Of Gene Expression (GO:0010468),0.001665724349626044,0.022233036582377092,0,0,2.8112701252236136,17.98508714701634,IL10;MSR1;CD74;SPI1;CXCL8;SLC11A1;TREM2;AIF1;TYROBP;IL1B;CCL3;ITGAX;APOE;CD36
DR 3-,GO_Biological_Process_2023,Positive Regulation Of Gene Expression (GO:0010628),0.0018132884899853864,0.023950518805223645,0,0,3.231139646869984,20.39693490502518,IL10;CD74;TYROBP;SPI1;CXCL8;IL1B;SLC11A1;CCL3;ITGAX;TREM2;CD36
DR 3-,GO_Biological_Process_2023,Positive Regulation Of Interleukin-6 Production (GO:0032755),0.0018773386273765495,0.024540880201169738,0,0,7.090225563909774,44.51172798101838,CD74;TYROBP;IL1B;LILRB2;AIF1
DR 3-,GO_Biological_Process_2023,Positive Regulation Of Macromolecule Metabolic Process (GO:0010604),0.0019980620936625444,0.025056859005033773,0,0,3.4074074074074074,21.179004887493118,CD74;TYROBP;CXCL8;IL1B;SLC11A1;CCL3;ITGAX;LAPTM5;TREM2;CD36
DR 3-,GO_Biological_Process_2023,Positive Regulation Of Multicellular Organismal Process (GO:0051240),0.0019980620936625444,0.025056859005033773,0,0,3.4074074074074074,21.179004887493118,IL10;IL1B;SLC11A1;SPP1;ITGAX;G0S2;TREM2;APOE;LILRB2;CD36
DR 3-,GO_Biological_Process_2023,Response To Interleukin-1 (GO:0070555),0.002064292247787798,0.025056859005033773,0,0,5.448742746615087,33.68940121688181,CXCL8;CCL3L1;IL1B;CCL4;CCL3;CCL18
DR 3-,GO_Biological_Process_2023,Synapse Organization (GO:0050808),0.0021365735668536314,0.025056859005033773,0,0,9.854166666666666,60.58885488683089,C1QB;C1QA;C5AR1;C1QC
DR 3-,GO_Biological_Process_2023,Regulation Of Cholesterol Efflux (GO:0010874),0.0021737022796164945,0.025056859005033773,0,0,19.556701030927837,119.90845954872826,TREM2;APOE;PLTP
DR 3-,GO_Biological_Process_2023,Regulation Of Dendritic Cell Antigen Processing And Presentation (GO:0002604),0.0021737022796164945,0.025056859005033773,0,0,19.556701030927837,119.90845954872826,SLC11A1;CD68;FCGR2B
DR 3-,GO_Biological_Process_2023,Regulation Of Immune Effector Process (GO:0002697),0.0021737022796164945,0.025056859005033773,0,0,19.556701030927837,119.90845954872826,HLA-DRA;FCGR2B;HLA-DRB1
DR 3-,GO_Biological_Process_2023,Astrocyte Development (GO:0014002),0.0021737022796164945,0.025056859005033773,0,0,19.556701030927837,119.90845954872826,C1QA;C5AR1;TREM2
DR 3-,GO_Biological_Process_2023,Regulation Of Regulatory T Cell Differentiation (GO:0045589),0.0021737022796164945,0.025056859005033773,0,0,19.556701030927837,119.90845954872826,IL4I1;LILRB2;LILRB4
DR 3-,GO_Biological_Process_2023,Positive Regulation Of Cholesterol Efflux (GO:0010875),0.0021737022796164945,0.025056859005033773,0,0,19.556701030927837,119.90845954872826,TREM2;APOE;PLTP
DR 3-,GO_Biological_Process_2023,Positive Regulation Of Cholesterol Transport (GO:0032376),0.0021737022796164945,0.025056859005033773,0,0,19.556701030927837,119.90845954872826,TREM2;APOE;PLTP
DR 3-,GO_Biological_Process_2023,Synapse Pruning (GO:0098883),0.0021737022796164945,0.025056859005033773,0,0,19.556701030927837,119.90845954872826,C1QB;TREM2;C1QC
DR 3-,GO_Biological_Process_2023,Positive Regulation Of p38MAPK Cascade (GO:1900745),0.0021737022796164945,0.025056859005033773,0,0,19.556701030927837,119.90845954872826,SPI1;NCF1;IL1B
DR 3-,GO_Biological_Process_2023,Nucleic Acid Phosphodiester Bond Hydrolysis (GO:0090305),0.002476195597479778,0.02555302218699973,0,0,inf,inf,RNASE6;RNASE1
DR 3-,GO_Biological_Process_2023,Regulation Of Plasma Membrane Bounded Cell Projection Organization (GO:0120035),0.002476195597479778,0.02555302218699973,0,0,inf,inf,TREM2;FCGR2B
DR 3-,GO_Biological_Process_2023,Regulation Of Prostaglandin Biosynthetic Process (GO:0031392),0.002476195597479778,0.02555302218699973,0,0,inf,inf,CD74;IL1B
DR 3-,GO_Biological_Process_2023,Cholesterol Efflux (GO:0033344),0.002476195597479778,0.02555302218699973,0,0,inf,inf,APOC1;APOE
DR 3-,GO_Biological_Process_2023,Positive Regulation Of Amyloid-Beta Clearance (GO:1900223),0.002476195597479778,0.02555302218699973,0,0,inf,inf,TREM2;APOE
DR 3-,GO_Biological_Process_2023,Complement Receptor Mediated Signaling Pathway (GO:0002430),0.002476195597479778,0.02555302218699973,0,0,inf,inf,C5AR1;FPR3
DR 3-,GO_Biological_Process_2023,Positive Regulation Of Lipid Metabolic Process (GO:0045834),0.002476195597479778,0.02555302218699973,0,0,inf,inf,IL1B;APOE
DR 3-,GO_Biological_Process_2023,Positive Regulation Of Receptor Catabolic Process (GO:2000646),0.002476195597479778,0.02555302218699973,0,0,inf,inf,LAPTM5;APOE
DR 3-,GO_Biological_Process_2023,Lipoprotein Metabolic Process (GO:0042157),0.002476195597479778,0.02555302218699973,0,0,inf,inf,OLR1;APOE
DR 3-,GO_Biological_Process_2023,"Regulation Of CD4-positive, Alpha-Beta T Cell Activation (GO:2000514)",0.002476195597479778,0.02555302218699973,0,0,inf,inf,HLA-DRA;HLA-DRB1
DR 3-,GO_Biological_Process_2023,Regulation Of T Cell Mediated Immune Response To Tumor Cell (GO:0002840),0.002476195597479778,0.02555302218699973,0,0,inf,inf,IL4I1;HLA-DRB1
DR 3-,GO_Biological_Process_2023,Cellular Response To Chemokine (GO:1990869),0.0024988759867412983,0.02555302218699973,0,0,5.2090656799259945,31.212274895040373,CXCL8;CCL3L1;CCL4;CCL3;CXCL3;CCL18
DR 3-,GO_Biological_Process_2023,Response To Lipid (GO:0033993),0.0024988759867412983,0.02555302218699973,0,0,5.2090656799259945,31.212274895040373,IL1B;SLC11A1;SPP1;LY96;TREM2;CD36
DR 3-,GO_Biological_Process_2023,Positive Regulation Of Tumor Necrosis Factor Superfamily Cytokine Production (GO:1903557),0.0024988759867412983,0.02555302218699973,0,0,5.2090656799259945,31.212274895040373,CD86;FCGR3A;TYROBP;CCL3;LY96;CD14
DR 3-,GO_Biological_Process_2023,Positive Regulation Of Neuron Death (GO:1901216),0.002968670771999826,0.030114196311166238,0,0,8.75462962962963,50.948801338613265,C1QA;TYROBP;ITGB2;CCL3
DR 3-,GO_Biological_Process_2023,Regulation Of Tumor Necrosis Factor Production (GO:0032680),0.003020759602005712,0.030399390280501926,0,0,4.258390355164549,24.708232473069767,IL10;FCGR3A;TYROBP;CCL3;LY96;CD14;LILRB4
DR 3-,GO_Biological_Process_2023,Positive Regulation Of Phosphorylation (GO:0042327),0.0034956283831438593,0.03490123456556231,0,0,4.130929791271347,23.365539099016026,CD74;GPNMB;IL1B;PLAUR;TREM2;MMP9;HLA-DRB1
DR 3-,GO_Biological_Process_2023,Fc Receptor Mediated Stimulatory Signaling Pathway (GO:0002431),0.0036663054093939128,0.03548759739779757,0,0,14.65979381443299,82.22049187959041,HCK;FCER1G;FCGR2B
DR 3-,GO_Biological_Process_2023,T Cell Activation Involved In Immune Response (GO:0002286),0.0036663054093939128,0.03548759739779757,0,0,14.65979381443299,82.22049187959041,CD74;FCER1G;SLC11A1
DR 3-,GO_Biological_Process_2023,Regulation Of Lipopolysaccharide-Mediated Signaling Pathway (GO:0031664),0.0036663054093939128,0.03548759739779757,0,0,14.65979381443299,82.22049187959041,LY86;LY96;CD36
DR 3-,GO_Biological_Process_2023,Positive Regulation Of Proteolysis Involved In Protein Catabolic Process (GO:1903052),0.0036663054093939128,0.03548759739779757,0,0,14.65979381443299,82.22049187959041,LAPTM5;TREM2;CTSC
DR 3-,GO_Biological_Process_2023,Lymphocyte Chemotaxis (GO:0048247),0.003771206378705224,0.036226437031804726,0,0,5.829721362229102,32.531945850142606,CCL3L1;GPR183;CCL4;CCL3;CCL18
DR 3-,GO_Biological_Process_2023,Regulation Of Kinase Activity (GO:0043549),0.003998135981473634,0.037276738415504176,0,0,7.875,43.485175369973454,CD74;SLAMF8;TREM2;HLA-DRB1
DR 3-,GO_Biological_Process_2023,Response To Amyloid-Beta (GO:1904645),0.003998135981473634,0.037276738415504176,0,0,7.875,43.485175369973454,TREM2;CD36;FCGR2B;MMP9
DR 3-,GO_Biological_Process_2023,Defense Response To Gram-negative Bacterium (GO:0050829),0.003998135981473634,0.037276738415504176,0,0,7.875,43.485175369973454,SLC11A1;RNASE6;TREM2;LYZ
DR 3-,GO_Biological_Process_2023,Defense Response To Gram-positive Bacterium (GO:0050830),0.003998135981473634,0.037276738415504176,0,0,7.875,43.485175369973454,IL1B;RNASE6;LYZ;RNASE1
DR 3-,GO_Biological_Process_2023,Regulation Of Chemokine Production (GO:0032642),0.005245031590374188,0.04784676299708252,0,0,7.15530303030303,37.56873262434503,CD74;TREM2;AIF1;LILRB4
DR 3-,GO_Biological_Process_2023,Positive Regulation Of Leukocyte Mediated Cytotoxicity (GO:0001912),0.005245031590374188,0.04784676299708252,0,0,7.15530303030303,37.56873262434503,SPI1;TYROBP;HLA-DRA;HLA-DRB1
DR 3-,GO_Biological_Process_2023,Positive Regulation Of Protein Catabolic Process (GO:0045732),0.005245031590374188,0.04784676299708252,0,0,7.15530303030303,37.56873262434503,IL1B;TREM2;APOE;TNFSF13B
DR 3-,GO_Biological_Process_2023,Second-Messenger-Mediated Signaling (GO:0019932),0.005620339822573516,0.0491067734192363,0,0,5.2105263157894735,26.997629046062816,FCGR3A;CXCL8;CCL3;CD36;APOE
DR 3-,GO_Biological_Process_2023,B Cell Mediated Immunity (GO:0019724),0.005654249936284305,0.0491067734192363,0,0,11.721649484536082,60.66361305353392,CD74;FCER1G;FCGR2B
DR 3-,GO_Biological_Process_2023,Regulation Of Membrane Protein Ectodomain Proteolysis (GO:0051043),0.005654249936284305,0.0491067734192363,0,0,11.721649484536082,60.66361305353392,IL10;IL1B;APOE
DR 3-,GO_Biological_Process_2023,Neutrophil Activation (GO:0042119),0.005654249936284305,0.0491067734192363,0,0,11.721649484536082,60.66361305353392,CXCL8;FCER1G;TYROBP
DR 3-,GO_Biological_Process_2023,Regulation Of Response To Biotic Stimulus (GO:0002831),0.005654249936284305,0.0491067734192363,0,0,11.721649484536082,60.66361305353392,TREM2;CD36;FCGR2B
DR 3-,GO_Biological_Process_2023,Positive Regulation Of T Cell Mediated Immunity (GO:0002711),0.005654249936284305,0.0491067734192363,0,0,11.721649484536082,60.66361305353392,IL1B;HLA-DRA;HLA-DRB1
DR 3-,GO_Biological_Process_2023,Superoxide Metabolic Process (GO:0006801),0.005654249936284305,0.0491067734192363,0,0,11.721649484536082,60.66361305353392,NCF1;NCF2;CYBB
DR 4-,GO_Biological_Process_2023,Negative Regulation Of Viral Life Cycle (GO:1903901),2.836112005424511e-05,0.01231604273922635,0,0,79.125,828.4776290914322,IFITM3;BST2;IFITM1;IFITM2
DR 4-,GO_Biological_Process_2023,Response To Interferon-Alpha (GO:0035455),3.0409982072163825e-05,0.01231604273922635,0,0,24.94736842105263,259.4710837955379,IFITM3;BST2;IFITM1;IFITM2;GATA3
DR 5-,GO_Biological_Process_2023,Muscle Contraction (GO:0006936),2.4059653434271885e-06,0.002733176630133286,0,0,30.25531914893617,391.42998698352,OXTR;EDNRA;TPM2;LMOD1;MYH11;MYLK
DR 5-,GO_Biological_Process_2023,Negative Regulation Of Wnt Signaling Pathway (GO:0030178),4.135824641702824e-05,0.02349148396487204,0,0,10.13978494623656,102.34327009980332,SFRP1;WIF1;FRZB;CAV1;IGFBP2;APOE;DKK3
DR 5-,GO_Biological_Process_2023,Regulation Of Fibroblast Apoptotic Process (GO:2000269),0.00012145241724754159,0.03478431495906922,0,0,inf,inf,SFRP1;GAS6;TP63
DR 5-,GO_Biological_Process_2023,Regulation Of Canonical Wnt Signaling Pathway (GO:0060828),0.00014482304599736508,0.03478431495906922,0,0,7.8697729988052565,69.56877704447882,SFRP1;FRZB;CAV1;IGFBP2;GPC3;APOE;DKK3
DR 5-,GO_Biological_Process_2023,Negative Regulation Of Canonical Wnt Signaling Pathway (GO:0090090),0.00015309997781280465,0.03478431495906922,0,0,10.042553191489361,88.21799908306319,SFRP1;FRZB;CAV1;IGFBP2;APOE;DKK3
DR 8-,GO_Biological_Process_2023,Intermediate Filament Organization (GO:0045109),1.5815634780754438e-11,8.698726326338957e-09,0,0,70.25925925925925,1747.349332059077,KRT81;KRT19;KRT17;KRT16;KRT14;KRT23;KRT5;KRT86;KRT6B;KRT6A
DR 8-,GO_Biological_Process_2023,Epidermis Development (GO:0008544),2.5622168855195752e-11,8.698726326338957e-09,0,0,28.651515151515152,698.740635624319,KRTDAP;CDSN;CALML5;CRABP2;FABP5;KRT14;KLK5;KLK14;KRT5;SPRR1A;KLK7;S100A7
DR 8-,GO_Biological_Process_2023,Keratinocyte Differentiation (GO:0030216),1.4072596228396998e-05,0.0031850976130271876,0,0,33.280701754385966,371.78807721874773,ANXA1;CDSN;KRT16;SPRR1A;S100A7
DR 8-,GO_Biological_Process_2023,Epidermal Cell Differentiation (GO:0009913),3.0409982072163825e-05,0.00516209445674981,0,0,24.94736842105263,259.4710837955379,ANXA1;CDSN;KRT16;SPRR1A;S100A7
DR 8-,GO_Biological_Process_2023,Supramolecular Fiber Organization (GO:0097435),0.000145162163263652,0.017806776683204205,0,0,4.573033707865169,40.414912839975536,KRT81;KRT19;CDSN;KRT17;KRT16;KRT14;KRT23;KRT5;KRT86;KRT6B;KRT6A
DR 8-,GO_Biological_Process_2023,Establishment Of Skin Barrier (GO:0061436),0.00018357501735262067,0.017806776683204205,0,0,26.34722222222222,226.6621797598714,CLDN4;KRT16;IL18;SFN
DR 8-,GO_Biological_Process_2023,Skin Epidermis Development (GO:0098773),0.00018357501735262067,0.017806776683204205,0,0,26.34722222222222,226.6621797598714,CLDN4;KRT16;IL18;SFN
DR 8-,GO_Biological_Process_2023,Skin Development (GO:0043588),0.0002643629965231669,0.02243780932990379,0,0,12.447368421052632,102.5437538440271,ANXA1;CDSN;KRT16;SPRR1A;S100A7
DR 8-,GO_Biological_Process_2023,Morphogenesis Of An Epithelium (GO:0002009),0.00046811653426905627,0.03531679186318769,0,0,58.7319587628866,450.2857872458315,KRT16;KLK14;KRT6A
DR 9-,GO_Biological_Process_2023,Regulation Of Execution Phase Of Apoptosis (GO:1900117),0.0064999213960101635,0.009749882094015245,0,0,inf,inf,MTRNR2L12
DR 9-,GO_Biological_Process_2023,Negative Regulation Of Execution Phase Of Apoptosis (GO:1900118),0.0064999213960101635,0.009749882094015245,0,0,inf,inf,MTRNR2L12
DR 10+,GO_Biological_Process_2023,Epithelial Structure Maintenance (GO:0010669),5.899112015048899e-06,0.004872666524430391,0,0,inf,inf,SERPINA3;TFF3;TFF2;TFF1
DR 10+,GO_Biological_Process_2023,Maintenance Of Gastrointestinal Epithelium (GO:0030277),2.836112005424511e-05,0.01171314258240323,0,0,79.125,828.4776290914322,SERPINA3;TFF3;TFF2;TFF1
DR 10+,GO_Biological_Process_2023,Regulation Of Monoatomic Anion Transport (GO:0044070),0.00012145241724754159,0.03161514541834416,0,0,inf,inf,CA2;STC1;PDZK1
DR 10+,GO_Biological_Process_2023,Negative Regulation Of Endopeptidase Activity (GO:0010951),0.00015309997781280465,0.03161514541834416,0,0,10.042553191489361,88.21799908306319,CST3;SERPINA3;SERPINA1;TIMP1;SERPINA6;SERPINA5
DR 10+,GO_Biological_Process_2023,Negative Regulation Of Peptidase Activity (GO:0010466),0.00021477368960561024,0.03548061352284681,0,0,9.265139116202946,78.25267648946107,CST3;SERPINA3;SERPINA1;TIMP1;SERPINA6;SERPINA5
DR 11-,GO_Biological_Process_2023,Mitotic Sister Chromatid Segregation (GO:0000070),1.240663222485866e-23,7.257879851542316e-21,0,0,118.5,6250.141608878431,CDCA5;PLK1;KIF14;CDCA8;NCAPG;KIF23;KNSTRN;SMC4;NDC80;ZWINT;SGO1;TPX2;CCNB1;PSRC1;KIFC1;PRC1;NUSAP1;KIF2C;DLGAP5;CEP55
DR 11-,GO_Biological_Process_2023,Mitotic Spindle Organization (GO:0007052),9.830282872381521e-20,2.875357740171595e-17,0,0,97.08433734939759,4249.015840702033,GPSM2;PLK1;CDCA8;KIF23;TTK;AURKB;NDC80;AURKA;TPX2;CCNB1;KIFC1;PRC1;KIF4A;NUF2;STMN1;BIRC5;DLGAP5
DR 11-,GO_Biological_Process_2023,Microtubule Cytoskeleton Organization Involved In Mitosis (GO:1902850),7.683774404094591e-18,1.4983360087984453e-15,0,0,111.58823529411765,4397.404543291832,GPSM2;PLK1;CDCA8;TTK;AURKB;NDC80;CCNB1;KIF4A;NUF2;STMN1;NUSAP1;CDK1;TACC3;BIRC5;DLGAP5
DR 11-,GO_Biological_Process_2023,Mitotic Cytokinesis (GO:0000281),2.717235616629377e-17,3.9739570893204635e-15,0,0,154.48837209302326,5892.855683388947,PLK1;CDCA8;KIF23;CENPA;AURKB;ANLN;RACGAP1;KIF4A;STMN1;NUSAP1;BIRC5;KIF20A;ECT2;CEP55
DR 11-,GO_Biological_Process_2023,Cytoskeleton-Dependent Cytokinesis (GO:0061640),1.4775883919923345e-16,1.4406486821925262e-14,0,0,102.93798449612403,3752.187345941077,PLK1;CDCA8;KIF23;CENPA;AURKB;ANLN;RACGAP1;KIF4A;STMN1;NUSAP1;BIRC5;KIF20A;ECT2;CEP55
DR 11-,GO_Biological_Process_2023,Regulation Of Cell Cycle Process (GO:0010564),1.4775883919923345e-16,1.4406486821925262e-14,0,0,102.93798449612403,3752.187345941077,PLK1;MKI67;PKMYT1;KNSTRN;AURKB;AURKA;RACGAP1;PRC1;NEK2;KIF2C;KIF20A;KIF20B;ECT2;BUB1
DR 11-,GO_Biological_Process_2023,Positive Regulation Of Cell Cycle Process (GO:0090068),9.626814190265734e-15,8.045266144722078e-13,0,0,37.07843137254902,1196.6776013621457,GPSM2;KIF14;CDCA8;NCAPG;KIF23;SMC4;NDC80;AURKB;AURKA;RACGAP1;NUSAP1;BIRC5;KIF20B;ECT2;MAD2L1
DR 11-,GO_Biological_Process_2023,Mitotic Cell Cycle Phase Transition (GO:0044772),1.1880571857289889e-13,8.687668170643232e-12,0,0,47.16858237547893,1403.7977105262307,UBE2C;PLK1;FOXM1;PKMYT1;AURKA;CCNA2;CCNB2;CCNB1;MELK;UBE2S;CDK1;TACC3;CDKN3
DR 11-,GO_Biological_Process_2023,Metaphase Plate Congression (GO:0051310),2.0346053363684837e-13,1.3224934686395143e-11,0,0,117.29213483146067,3427.6637536585085,CCNB1;CENPF;PSRC1;KIFC1;CDCA5;KIF14;CDCA8;KIF2C;FAM83D;CEP55;NDC80
DR 11-,GO_Biological_Process_2023,Spindle Assembly Checkpoint Signaling (GO:0071173),6.615325049279324e-13,2.5799767692189362e-11,0,0,211.0,5917.329844887822,CDC20;CENPF;NUF2;PLK1;TTK;TRIP13;BUB1;NDC80;ZWINT;MAD2L1
DR 11-,GO_Biological_Process_2023,Regulation Of Cytokinesis (GO:0032465),6.615325049279324e-13,2.5799767692189362e-11,0,0,211.0,5917.329844887822,RACGAP1;PRC1;PLK1;KIF14;KIF23;KIF20A;KIF20B;ECT2;AURKB;AURKA
DR 11-,GO_Biological_Process_2023,Negative Regulation Of Mitotic Metaphase/Anaphase Transition (GO:0045841),6.615325049279324e-13,2.5799767692189362e-11,0,0,211.0,5917.329844887822,CDC20;CENPF;NUF2;PLK1;TTK;TRIP13;BUB1;NDC80;ZWINT;MAD2L1
DR 11-,GO_Biological_Process_2023,Mitotic Metaphase Plate Congression (GO:0007080),6.615325049279324e-13,2.5799767692189362e-11,0,0,211.0,5917.329844887822,CCNB1;PSRC1;KIFC1;CDCA5;NUF2;KIF14;CDCA8;KIF2C;CEP55;NDC80
DR 11-,GO_Biological_Process_2023,Mitotic Spindle Assembly Checkpoint Signaling (GO:0007094),6.615325049279324e-13,2.5799767692189362e-11,0,0,211.0,5917.329844887822,CDC20;CENPF;NUF2;PLK1;TTK;TRIP13;BUB1;NDC80;ZWINT;MAD2L1
DR 11-,GO_Biological_Process_2023,Mitotic Spindle Checkpoint Signaling (GO:0071174),6.615325049279324e-13,2.5799767692189362e-11,0,0,211.0,5917.329844887822,CDC20;CENPF;NUF2;PLK1;TTK;TRIP13;BUB1;NDC80;ZWINT;MAD2L1
DR 11-,GO_Biological_Process_2023,Cell Cycle G2/M Phase Transition (GO:0044839),1.372241047627985e-12,5.017256330389821e-11,0,0,inf,inf,CCNA2;CCNB1;MELK;PLK1;CDK1;FOXM1;PKMYT1;AURKB;AURKA
DR 11-,GO_Biological_Process_2023,Mitotic Nuclear Division (GO:0140014),3.806156850002008e-12,1.3097657395595147e-10,0,0,105.44444444444444,2772.5985198542526,SGO1;UBE2C;KIFC1;UBE2S;PLK1;NUSAP1;SMC4;KNSTRN;NDC80;ZWINT
DR 11-,GO_Biological_Process_2023,Regulation Of Mitotic Cell Cycle (GO:0007346),1.1449321164750487e-11,3.7210293785439084e-10,0,0,32.25,812.477174256082,CDC20;CCNB1;PLK1;CKS2;NEK2;MKI67;KIF20B;PKMYT1;DLGAP5;AURKA;MAD2L1;CKS1B
DR 11-,GO_Biological_Process_2023,Mitotic Spindle Assembly (GO:0090307),1.3158670066773884e-11,4.051485257401433e-10,0,0,187.8131868131868,4705.460361311004,TPX2;RACGAP1;KIFC1;PRC1;KIF4A;CDCA8;BIRC5;KIF23;AURKB
DR 11-,GO_Biological_Process_2023,G2/M Transition Of Mitotic Cell Cycle (GO:0000086),2.971424799986712e-11,8.691417539961132e-10,0,0,inf,inf,CCNA2;CCNB1;MELK;PLK1;CDK1;FOXM1;PKMYT1;AURKA
DR 11-,GO_Biological_Process_2023,Sister Chromatid Segregation (GO:0000819),6.939819317033917e-11,1.933235381173734e-09,0,0,93.85714285714286,2195.4274723475855,TOP2A;SGO1;KIFC1;PLK1;NUSAP1;SMC4;KNSTRN;NDC80;ZWINT
DR 11-,GO_Biological_Process_2023,Positive Regulation Of Cytokinesis (GO:0032467),4.886748540152934e-09,1.2994308618133936e-07,0,0,142.93548387096774,2735.319002199265,RACGAP1;KIF14;CDCA8;BIRC5;KIF23;ECT2;KIF20B
DR 11-,GO_Biological_Process_2023,Establishment Of Mitotic Spindle Localization (GO:0040001),1.3509524855534243e-08,2.927063718699086e-07,0,0,inf,inf,GPSM2;PLK1;NUSAP1;CENPA;NDC80;MAD2L1
DR 11-,GO_Biological_Process_2023,Positive Regulation Of Mitotic Sister Chromatid Separation (GO:1901970),1.3509524855534243e-08,2.927063718699086e-07,0,0,inf,inf,CDC20;UBE2C;CDCA8;BIRC5;AURKB;DLGAP5
DR 11-,GO_Biological_Process_2023,Mitotic Spindle Elongation (GO:0000022),1.3509524855534243e-08,2.927063718699086e-07,0,0,inf,inf,RACGAP1;PRC1;KIF4A;BIRC5;CDCA8;KIF23
DR 11-,GO_Biological_Process_2023,Mitotic Spindle Midzone Assembly (GO:0051256),1.3509524855534243e-08,2.927063718699086e-07,0,0,inf,inf,RACGAP1;PRC1;KIF4A;BIRC5;CDCA8;KIF23
DR 11-,GO_Biological_Process_2023,Chromosome Condensation (GO:0030261),1.3509524855534243e-08,2.927063718699086e-07,0,0,inf,inf,TOP2A;CDCA5;PLK1;NUSAP1;NCAPG;SMC4
DR 11-,GO_Biological_Process_2023,Regulation Of Mitotic Cell Cycle Spindle Assembly Checkpoint (GO:0090266),9.074828824550851e-08,1.8959910222722315e-06,0,0,121.2127659574468,1965.4863608757776,CCNB1;CDCA8;BIRC5;AURKB;NDC80;MAD2L1
DR 11-,GO_Biological_Process_2023,Regulation Of Chromosome Segregation (GO:0051983),2.8371369412893165e-07,4.881544443100736e-06,0,0,inf,inf,NCAPG;KIF2C;MKI67;SMC4;BUB1
DR 11-,GO_Biological_Process_2023,Establishment Of Mitotic Spindle Orientation (GO:0000132),2.8371369412893165e-07,4.881544443100736e-06,0,0,inf,inf,GPSM2;PLK1;CENPA;NDC80;MAD2L1
DR 11-,GO_Biological_Process_2023,Establishment Of Spindle Orientation (GO:0051294),2.8371369412893165e-07,4.881544443100736e-06,0,0,inf,inf,GPSM2;PLK1;CENPA;NDC80;MAD2L1
DR 11-,GO_Biological_Process_2023,Mitotic Chromosome Condensation (GO:0007076),2.8371369412893165e-07,4.881544443100736e-06,0,0,inf,inf,CDCA5;PLK1;NUSAP1;NCAPG;SMC4
DR 11-,GO_Biological_Process_2023,Regulation Of Ubiquitin Protein Ligase Activity (GO:1904666),2.8371369412893165e-07,4.881544443100736e-06,0,0,inf,inf,CDC20;UBE2C;UBE2S;PLK1;MAD2L1
DR 11-,GO_Biological_Process_2023,Regulation Of Attachment Of Spindle Microtubules To Kinetochore (GO:0051988),2.8371369412893165e-07,4.881544443100736e-06,0,0,inf,inf,CCNB1;RACGAP1;NEK2;ECT2;KNSTRN
DR 11-,GO_Biological_Process_2023,Regulation Of Cyclin-Dependent Protein Serine/Threonine Kinase Activity (GO:0000079),8.511883467364275e-07,1.4227005224023145e-05,0,0,23.759856630824373,332.08278221593775,CCNA2;CCNB2;CCNB1;PSRC1;PLK1;PKMYT1;CDKN3
DR 11-,GO_Biological_Process_2023,DNA Metabolic Process (GO:0006259),1.431913721031152e-06,2.326859796675622e-05,0,0,11.645604395604396,156.70906089831988,TOP2A;RAD51AP1;ORC6;UBE2T;CDK1;HMGB2;HMGB3;KPNA2;TYMS
DR 11-,GO_Biological_Process_2023,Nuclear Chromosome Segregation (GO:0098813),1.6347689119602374e-06,2.5166837197282602e-05,0,0,99.94736842105263,1331.699646548547,TOP2A;CENPF;KIF2C;FAM83D;NDC80
DR 11-,GO_Biological_Process_2023,Positive Regulation Of Cell Division (GO:0051781),1.6347689119602374e-06,2.5166837197282602e-05,0,0,99.94736842105263,1331.699646548547,RACGAP1;KIF14;KIF23;ECT2;KIF20B
DR 11-,GO_Biological_Process_2023,Regulation Of Mitotic Nuclear Division (GO:0007088),2.937070758874043e-06,4.4056061383110644e-05,0,0,17.801075268817204,226.7518379651853,CCNB1;NUSAP1;NEK2;MKI67;KIF20B;PKMYT1;AURKA
DR 11-,GO_Biological_Process_2023,Regulation Of Mitotic Metaphase/Anaphase Transition (GO:0030071),5.494889723712018e-06,7.042817405721645e-05,0,0,49.94736842105263,604.94714446369,CDC20;CCNB1;UBE2C;PLK1;DLGAP5
DR 11-,GO_Biological_Process_2023,Positive Regulation Of Mitotic Cell Cycle Spindle Assembly Checkpoint (GO:0090267),5.899112015048899e-06,7.042817405721645e-05,0,0,inf,inf,BIRC5;CDCA8;NDC80;MAD2L1
DR 11-,GO_Biological_Process_2023,Positive Regulation Of Spindle Checkpoint (GO:0090232),5.899112015048899e-06,7.042817405721645e-05,0,0,inf,inf,BIRC5;CDCA8;NDC80;MAD2L1
DR 11-,GO_Biological_Process_2023,Positive Regulation Of Ubiquitin Protein Ligase Activity (GO:1904668),5.899112015048899e-06,7.042817405721645e-05,0,0,inf,inf,CDC20;UBE2C;UBE2S;PLK1
DR 11-,GO_Biological_Process_2023,Regulation Of Nuclear Division (GO:0051783),5.899112015048899e-06,7.042817405721645e-05,0,0,inf,inf,NEK2;MKI67;PKMYT1;KIF20B
DR 11-,GO_Biological_Process_2023,"Protein Localization To Chromosome, Centromeric Region (GO:0071459)",5.899112015048899e-06,7.042817405721645e-05,0,0,inf,inf,CDK1;TTK;KNL1;CENPA
DR 11-,GO_Biological_Process_2023,Regulation Of Spindle Organization (GO:0090224),5.899112015048899e-06,7.042817405721645e-05,0,0,inf,inf,GPSM2;TPX2;PSRC1;TACC3
DR 11-,GO_Biological_Process_2023,Centromere Complex Assembly (GO:0034508),5.899112015048899e-06,7.042817405721645e-05,0,0,inf,inf,CENPF;CENPW;HJURP;DLGAP5
DR 11-,GO_Biological_Process_2023,Positive Regulation Of Chromosome Organization (GO:2001252),5.899112015048899e-06,7.042817405721645e-05,0,0,inf,inf,CDK1;NCAPG;SMC4;AURKB
DR 11-,GO_Biological_Process_2023,Positive Regulation Of Chromosome Segregation (GO:0051984),5.899112015048899e-06,7.042817405721645e-05,0,0,inf,inf,CCNB1;CDK1;NCAPG;SMC4
DR 11-,GO_Biological_Process_2023,Regulation Of Mitotic Spindle Organization (GO:0060236),1.4072596228396998e-05,0.00016464937587224487,0,0,33.280701754385966,371.78807721874773,GPSM2;TPX2;PSRC1;PLK1;TACC3
DR 11-,GO_Biological_Process_2023,Establishment Of Chromosome Localization (GO:0051303),2.836112005424511e-05,0.00030165918603151617,0,0,79.125,828.4776290914322,CENPF;KIF2C;FAM83D;NDC80
DR 11-,GO_Biological_Process_2023,Regulation Of Mitotic Sister Chromatid Separation (GO:0010965),2.836112005424511e-05,0.00030165918603151617,0,0,79.125,828.4776290914322,CCNB1;BIRC5;CDCA8;AURKB
DR 11-,GO_Biological_Process_2023,Kinetochore Organization (GO:0051383),2.836112005424511e-05,0.00030165918603151617,0,0,79.125,828.4776290914322,CENPF;CENPW;NUF2;DLGAP5
DR 11-,GO_Biological_Process_2023,Positive Regulation Of Ubiquitin-Protein Transferase Activity (GO:0051443),2.836112005424511e-05,0.00030165918603151617,0,0,79.125,828.4776290914322,CDC20;UBE2C;UBE2S;PLK1
DR 11-,GO_Biological_Process_2023,Positive Regulation Of Chromosome Separation (GO:1905820),2.836112005424511e-05,0.00030165918603151617,0,0,79.125,828.4776290914322,CDCA8;NCAPG;BIRC5;SMC4
DR 11-,GO_Biological_Process_2023,Regulation Of Mitotic Cell Cycle Phase Transition (GO:1901990),2.9185779662643087e-05,0.00030488716254725365,0,0,15.095744680851064,157.6271840592717,ANLN;CENPF;UBE2C;PLK1;KIF14;AURKA
DR 11-,GO_Biological_Process_2023,Regulation Of Cyclin-Dependent Protein Kinase Activity (GO:1904029),3.0409982072163825e-05,0.000312102447582734,0,0,24.94736842105263,259.4710837955379,CCNA2;CCNB2;CCNB1;PKMYT1;CDKN3
DR 11-,GO_Biological_Process_2023,Positive Regulation Of Mitotic Cell Cycle Phase Transition (GO:1901992),4.668507662899191e-05,0.00047087534186138387,0,0,13.411347517730496,133.73911085789635,CDC20;CCNB1;UBE2C;CDCA5;CDK1;DLGAP5
DR 11-,GO_Biological_Process_2023,DNA Repair (GO:0006281),7.169109186907215e-05,0.0007108354024306306,0,0,12.063829787234043,115.12686557238213,RAD51AP1;FANCI;UBE2T;CDCA5;CDK1;TRIP13
DR 11-,GO_Biological_Process_2023,Non-Membrane-Bounded Organelle Assembly (GO:0140694),0.00010286019114288906,0.000960130595808268,0,0,16.614035087719298,152.55239380337426,CENPF;CENPW;NEK2;CENPA;DLGAP5
DR 11-,GO_Biological_Process_2023,Regulation Of Cell Division (GO:0051302),0.00010286019114288906,0.000960130595808268,0,0,16.614035087719298,152.55239380337426,PRC1;PLK1;KIF20A;AURKB;AURKA
DR 11-,GO_Biological_Process_2023,DNA Conformation Change (GO:0071103),0.00012145241724754159,0.000960130595808268,0,0,inf,inf,TOP2A;HMGB2;HMGB3
DR 11-,GO_Biological_Process_2023,Positive Regulation Of Metaphase/Anaphase Transition Of Cell Cycle (GO:1902101),0.00012145241724754159,0.000960130595808268,0,0,inf,inf,CDC20;UBE2C;DLGAP5
DR 11-,GO_Biological_Process_2023,Positive Regulation Of Mitotic Cytokinesis (GO:1903490),0.00012145241724754159,0.000960130595808268,0,0,inf,inf,BIRC5;CDCA8;KIF20B
DR 11-,GO_Biological_Process_2023,Positive Regulation Of Mitotic Metaphase/Anaphase Transition (GO:0045842),0.00012145241724754159,0.000960130595808268,0,0,inf,inf,CDC20;UBE2C;DLGAP5
DR 11-,GO_Biological_Process_2023,Regulation Of Microtubule Polymerization Or Depolymerization (GO:0031110),0.00012145241724754159,0.000960130595808268,0,0,inf,inf,STMN1;SKA1;SKA2
DR 11-,GO_Biological_Process_2023,Anaphase-Promoting Complex-Dependent Catabolic Process (GO:0031145),0.00012145241724754159,0.000960130595808268,0,0,inf,inf,CDC20;UBE2C;UBE2S
DR 11-,GO_Biological_Process_2023,Regulation Of Mitotic Cytokinesis (GO:1902412),0.00012145241724754159,0.000960130595808268,0,0,inf,inf,BIRC5;CDCA8;AURKB
DR 11-,GO_Biological_Process_2023,Attachment Of Mitotic Spindle Microtubules To Kinetochore (GO:0051315),0.00012145241724754159,0.000960130595808268,0,0,inf,inf,NUF2;KIF2C;NDC80
DR 11-,GO_Biological_Process_2023,Protein K11-linked Ubiquitination (GO:0070979),0.00012145241724754159,0.000960130595808268,0,0,inf,inf,UBE2C;UBE2S;UBE2T
DR 11-,GO_Biological_Process_2023,Protein Localization To Condensed Chromosome (GO:1903083),0.00012145241724754159,0.000960130595808268,0,0,inf,inf,CDK1;TTK;KNL1
DR 11-,GO_Biological_Process_2023,Microtubule Depolymerization (GO:0007019),0.00012145241724754159,0.000960130595808268,0,0,inf,inf,STMN1;KIF14;KIF2C
DR 11-,GO_Biological_Process_2023,Microtubule Polymerization Or Depolymerization (GO:0031109),0.00012145241724754159,0.000960130595808268,0,0,inf,inf,STMN1;KIF14;KIF2C
DR 11-,GO_Biological_Process_2023,Positive Regulation Of Attachment Of Spindle Microtubules To Kinetochore (GO:0051987),0.00012145241724754159,0.000960130595808268,0,0,inf,inf,CCNB1;BIRC5;CDCA8
DR 11-,GO_Biological_Process_2023,Positive Regulation Of Mitotic Nuclear Division (GO:0045840),0.00016936810446428435,0.0013070126229295692,0,0,14.233082706766917,123.59206388861277,CDC20;UBE2C;NUSAP1;DLGAP5;AURKA
DR 11-,GO_Biological_Process_2023,Protein Phosphorylation (GO:0006468),0.0001697999305002517,0.0013070126229295692,0,0,4.915343915343915,42.66955833417965,MELK;PLK1;CDK1;PBK;CDCA8;BIRC5;NEK2;TTK;AURKB;AURKA
DR 11-,GO_Biological_Process_2023,Chromosome Organization (GO:0051276),0.00018357501735262067,0.0013946933136530272,0,0,26.34722222222222,226.6621797598714,TOP2A;CENPW;NUF2;CDCA8
DR 11-,GO_Biological_Process_2023,Regulation Of G2/M Transition Of Mitotic Cell Cycle (GO:0010389),0.0003530788440695878,0.0026480913305219084,0,0,19.75,156.9891786404046,CCNB1;CENPF;KIF14;CDK1
DR 11-,GO_Biological_Process_2023,Regulation Of Microtubule Cytoskeleton Organization (GO:0070507),0.00046811653426905627,0.003221743206439976,0,0,58.7319587628866,450.2857872458315,STMN1;SKA1;SKA2
DR 11-,GO_Biological_Process_2023,Regulation Of Mitotic Sister Chromatid Segregation (GO:0033047),0.00046811653426905627,0.003221743206439976,0,0,58.7319587628866,450.2857872458315,CCNB1;CDK1;AURKB
DR 11-,GO_Biological_Process_2023,Kinetochore Assembly (GO:0051382),0.00046811653426905627,0.003221743206439976,0,0,58.7319587628866,450.2857872458315,CENPF;CENPW;DLGAP5
DR 11-,GO_Biological_Process_2023,Protein Depolymerization (GO:0051261),0.00046811653426905627,0.003221743206439976,0,0,58.7319587628866,450.2857872458315,STMN1;KIF14;KIF2C
DR 11-,GO_Biological_Process_2023,Protein Localization To Kinetochore (GO:0034501),0.00046811653426905627,0.003221743206439976,0,0,58.7319587628866,450.2857872458315,CDK1;TTK;KNL1
DR 11-,GO_Biological_Process_2023,Microtubule Bundle Formation (GO:0001578),0.00046811653426905627,0.003221743206439976,0,0,58.7319587628866,450.2857872458315,PSRC1;PLK1;KIF20A
DR 11-,GO_Biological_Process_2023,Regulation Of Ubiquitin-Protein Transferase Activity (GO:0051438),0.00046811653426905627,0.003221743206439976,0,0,58.7319587628866,450.2857872458315,CDC20;PLK1;MAD2L1
DR 11-,GO_Biological_Process_2023,Regulation Of Cell Cycle (GO:0051726),0.0004999151256029183,0.0034005854474152,0,0,5.242636746143058,39.84966054505129,CDC20;PLK1;CKS2;KIF20B;FOXM1;DLGAP5;CDKN3;CKS1B
DR 11-,GO_Biological_Process_2023,Double-Strand Break Repair (GO:0006302),0.0009797523443270978,0.006587989901509796,0,0,13.152777777777779,91.12521610440056,RAD51AP1;CDCA5;HMGB2;TRIP13
DR 11-,GO_Biological_Process_2023,Phosphorylation (GO:0016310),0.0009973034600280549,0.0066298014104137735,0,0,4.633540372670807,32.019874372860976,MELK;PLK1;CDK1;CDCA8;BIRC5;NEK2;AURKB;AURKA
DR 11-,GO_Biological_Process_2023,Regulation Of Cell Cycle G2/M Phase Transition (GO:1902749),0.0011277550837606493,0.007412772179775055,0,0,29.350515463917525,199.217394861114,CENPF;KIF14;AURKA
DR 11-,GO_Biological_Process_2023,Proteasome-Mediated Ubiquitin-Dependent Protein Catabolic Process (GO:0043161),0.001439820148952626,0.009056933195024581,0,0,7.6396761133603235,49.988211945862055,CDC20;UCHL1;UBE2C;UBE2S;KIF14
DR 11-,GO_Biological_Process_2023,Regulation Of Protein Serine/Threonine Kinase Activity (GO:0071900),0.001439820148952626,0.009056933195024581,0,0,7.6396761133603235,49.988211945862055,CCNA2;CCNB2;CCNB1;PKMYT1;CDKN3
DR 11-,GO_Biological_Process_2023,Peptidyl-Serine Modification (GO:0018209),0.001439820148952626,0.009056933195024581,0,0,7.6396761133603235,49.988211945862055,PLK1;CDK1;PBK;TTK;AURKA
DR 11-,GO_Biological_Process_2023,Peptidyl-Serine Phosphorylation (GO:0018105),0.001439820148952626,0.009056933195024581,0,0,7.6396761133603235,49.988211945862055,PLK1;CDK1;PBK;TTK;AURKA
DR 11-,GO_Biological_Process_2023,Spindle Assembly (GO:0051225),0.0021737022796164945,0.01241565482299147,0,0,19.556701030927837,119.90845954872826,TPX2;KIFC1;NEK2
DR 11-,GO_Biological_Process_2023,Regulation Of Chromosome Condensation (GO:0060623),0.002476195597479778,0.01241565482299147,0,0,inf,inf,NCAPG;SMC4
DR 11-,GO_Biological_Process_2023,CENP-A Containing Chromatin Assembly (GO:0034080),0.002476195597479778,0.01241565482299147,0,0,inf,inf,CENPW;HJURP
DR 11-,GO_Biological_Process_2023,DNA Geometric Change (GO:0032392),0.002476195597479778,0.01241565482299147,0,0,inf,inf,HMGB2;HMGB3
DR 11-,GO_Biological_Process_2023,Exit From Mitosis (GO:0010458),0.002476195597479778,0.01241565482299147,0,0,inf,inf,UBE2C;UBE2S
DR 11-,GO_Biological_Process_2023,DNA Topological Change (GO:0006265),0.002476195597479778,0.01241565482299147,0,0,inf,inf,TOP2A;HMGB2
DR 11-,GO_Biological_Process_2023,Free Ubiquitin Chain Polymerization (GO:0010994),0.002476195597479778,0.01241565482299147,0,0,inf,inf,UBE2C;UBE2S
DR 11-,GO_Biological_Process_2023,Homologous Chromosome Pairing At Meiosis (GO:0007129),0.002476195597479778,0.01241565482299147,0,0,inf,inf,MND1;TRIP13
DR 11-,GO_Biological_Process_2023,Homologous Chromosome Segregation (GO:0045143),0.002476195597479778,0.01241565482299147,0,0,inf,inf,PTTG1;MND1
DR 11-,GO_Biological_Process_2023,Nucleosome Assembly (GO:0006334),0.002476195597479778,0.01241565482299147,0,0,inf,inf,HMGB2;ASF1B
DR 11-,GO_Biological_Process_2023,Nucleosome Organization (GO:0034728),0.002476195597479778,0.01241565482299147,0,0,inf,inf,HMGB2;ASF1B
DR 11-,GO_Biological_Process_2023,Protein K27-linked Ubiquitination (GO:0044314),0.002476195597479778,0.01241565482299147,0,0,inf,inf,UBE2S;UBE2T
DR 11-,GO_Biological_Process_2023,Protein K29-linked Ubiquitination (GO:0035519),0.002476195597479778,0.01241565482299147,0,0,inf,inf,UBE2S;UBE2T
DR 11-,GO_Biological_Process_2023,Protein K6-linked Ubiquitination (GO:0085020),0.002476195597479778,0.01241565482299147,0,0,inf,inf,UBE2S;UBE2T
DR 11-,GO_Biological_Process_2023,Regulation Of Protein Localization To Cell Cortex (GO:1904776),0.002476195597479778,0.01241565482299147,0,0,inf,inf,GPSM2;PLK1
DR 11-,GO_Biological_Process_2023,Protein Localization To Microtubule Cytoskeleton (GO:0072698),0.002476195597479778,0.01241565482299147,0,0,inf,inf,FAM83D;KIF20B
DR 11-,GO_Biological_Process_2023,Protein Localization To Nuclear Envelope (GO:0090435),0.002476195597479778,0.01241565482299147,0,0,inf,inf,PLK1;LMNB1
DR 11-,GO_Biological_Process_2023,Centromeric Sister Chromatid Cohesion (GO:0070601),0.002476195597479778,0.01241565482299147,0,0,inf,inf,SGO1;BUB1
DR 11-,GO_Biological_Process_2023,Chromatin Remodeling At Centromere (GO:0031055),0.002476195597479778,0.01241565482299147,0,0,inf,inf,CENPW;HJURP
DR 11-,GO_Biological_Process_2023,Positive Regulation Of Attachment Of Mitotic Spindle Microtubules To Kinetochore (GO:1902425),0.002476195597479778,0.01241565482299147,0,0,inf,inf,BIRC5;CDCA8
DR 11-,GO_Biological_Process_2023,Regulation Of Attachment Of Mitotic Spindle Microtubules To Kinetochore (GO:1902423),0.002476195597479778,0.01241565482299147,0,0,inf,inf,BIRC5;CDCA8
DR 11-,GO_Biological_Process_2023,Positive Regulation Of Chromosome Condensation (GO:1905821),0.002476195597479778,0.01241565482299147,0,0,inf,inf,NCAPG;SMC4
DR 11-,GO_Biological_Process_2023,Negative Regulation Of Cell Cycle Process (GO:0010948),0.002476195597479778,0.01241565482299147,0,0,inf,inf,NEK2;AURKB
DR 11-,GO_Biological_Process_2023,Protein Modification Process (GO:0036211),0.002483130964598294,0.01241565482299147,0,0,3.293906810035842,19.75762721135543,CCNA2;MELK;UBE2S;PLK1;CDK1;CDCA8;BIRC5;NEK2;AURKB;AURKA
DR 11-,GO_Biological_Process_2023,Chromatin Organization (GO:0006325),0.0036663054093939128,0.0181761751228427,0,0,14.65979381443299,82.22049187959041,HMGB2;PHF19;ASF1B
DR 11-,GO_Biological_Process_2023,Positive Regulation Of Protein Localization To Nucleus (GO:1900182),0.005654249936284305,0.027564468439385988,0,0,11.721649484536082,60.66361305353392,PLK1;CDK1;ECT2
DR 11-,GO_Biological_Process_2023,Protein Localization To Nucleus (GO:0034504),0.005654249936284305,0.027564468439385988,0,0,11.721649484536082,60.66361305353392,PLK1;KPNA2;LMNB1
DR 11-,GO_Biological_Process_2023,Regulation Of Cellular Component Organization (GO:0051128),0.006728273525743593,0.030461173707636593,0,0,6.555555555555555,32.78719615952771,KIF14;HJURP;MKI67;AURKA
DR 11-,GO_Biological_Process_2023,Regulation Of Chromosome Separation (GO:1905818),0.007185712772057863,0.030461173707636593,0,0,38.755102040816325,191.2820287028576,NCAPG;SMC4
DR 11-,GO_Biological_Process_2023,"Negative Regulation Of Gene Expression, Epigenetic (GO:0045814)",0.007185712772057863,0.030461173707636593,0,0,38.755102040816325,191.2820287028576,LMNB1;PHF19
DR 11-,GO_Biological_Process_2023,Regulation Of Double-Strand Break Repair (GO:2000779),0.007185712772057863,0.030461173707636593,0,0,38.755102040816325,191.2820287028576,RAD51AP1;FOXM1
DR 11-,GO_Biological_Process_2023,Regulation Of Double-Strand Break Repair Via Homologous Recombination (GO:0010569),0.007185712772057863,0.030461173707636593,0,0,38.755102040816325,191.2820287028576,RAD51AP1;PARPBP
DR 11-,GO_Biological_Process_2023,Regulation Of Embryonic Development (GO:0045995),0.007185712772057863,0.030461173707636593,0,0,38.755102040816325,191.2820287028576,RACGAP1;CDK1
DR 11-,GO_Biological_Process_2023,Regulation Of Metaphase/Anaphase Transition Of Cell Cycle (GO:1902099),0.007185712772057863,0.030461173707636593,0,0,38.755102040816325,191.2820287028576,UBE2C;PLK1
DR 11-,GO_Biological_Process_2023,Negative Regulation Of Transferase Activity (GO:0051348),0.007185712772057863,0.030461173707636593,0,0,38.755102040816325,191.2820287028576,CDC20;MAD2L1
DR 11-,GO_Biological_Process_2023,Negative Regulation Of Ubiquitin-Protein Transferase Activity (GO:0051444),0.007185712772057863,0.030461173707636593,0,0,38.755102040816325,191.2820287028576,CDC20;MAD2L1
DR 11-,GO_Biological_Process_2023,Interstrand Cross-Link Repair (GO:0036297),0.007185712772057863,0.030461173707636593,0,0,38.755102040816325,191.2820287028576,RAD51AP1;FANCI
DR 11-,GO_Biological_Process_2023,Positive Regulation Of Telomere Maintenance (GO:0032206),0.007185712772057863,0.030461173707636593,0,0,38.755102040816325,191.2820287028576,NEK2;AURKB
DR 11-,GO_Biological_Process_2023,Organelle Disassembly (GO:1903008),0.007185712772057863,0.030461173707636593,0,0,38.755102040816325,191.2820287028576,CDK1;AURKA
DR 11-,GO_Biological_Process_2023,Protein Deubiquitination (GO:0016579),0.007185712772057863,0.030461173707636593,0,0,38.755102040816325,191.2820287028576,UCHL1;CDK1
DR 11-,GO_Biological_Process_2023,Protein Modification By Small Protein Removal (GO:0070646),0.007185712772057863,0.030461173707636593,0,0,38.755102040816325,191.2820287028576,UCHL1;CDK1
DR 11-,GO_Biological_Process_2023,protein-DNA Complex Assembly (GO:0065004),0.007185712772057863,0.030461173707636593,0,0,38.755102040816325,191.2820287028576,HMGB2;ASF1B
DR 11-,GO_Biological_Process_2023,Regulation Of Telomere Capping (GO:1904353),0.007185712772057863,0.030461173707636593,0,0,38.755102040816325,191.2820287028576,NEK2;AURKB
DR 11-,GO_Biological_Process_2023,Mitotic Cell Cycle Checkpoint Signaling (GO:0007093),0.007185712772057863,0.030461173707636593,0,0,38.755102040816325,191.2820287028576,AURKB;ZWINT
DR 11-,GO_Biological_Process_2023,Positive Regulation Of Double-Strand Break Repair (GO:2000781),0.007185712772057863,0.030461173707636593,0,0,38.755102040816325,191.2820287028576,RAD51AP1;FOXM1
DR 11-,GO_Biological_Process_2023,Membrane Organization (GO:0061024),0.008175776347842991,0.03440884290279244,0,0,9.762886597938145,46.92609156472618,KIF20A;CEP55;LMNB1
DR 11-,GO_Biological_Process_2023,Protein Autophosphorylation (GO:0046777),0.010472806011819992,0.043451003666061666,0,0,5.613095238095238,25.589951236958107,MELK;NEK2;AURKB;AURKA
DR 11-,GO_Biological_Process_2023,Protein Ubiquitination (GO:0016567),0.010472806011819992,0.043451003666061666,0,0,5.613095238095238,25.589951236958107,UBE2C;UBE2S;UBE2T;PLK1
DR 12+,GO_Biological_Process_2023,Blood Vessel Morphogenesis (GO:0048514),3.904392037662979e-10,3.884870077474664e-07,0,0,35.074074074074076,759.8359317799898,EGFL7;RAMP2;FLT1;SOX17;COL4A1;GJA5;CAV1;ID1;KDR;APLNR
DR 12+,GO_Biological_Process_2023,Vasculogenesis (GO:0001570),9.74985806633938e-06,0.004850554388003842,0,0,20.148936170212767,232.4836205393612,RAMP2;EGFL7;SOX17;CAV1;KDR;APLNR
DR 12+,GO_Biological_Process_2023,Adenylate Cyclase-Activating G Protein-Coupled Receptor Signaling Pathway (GO:0007189),7.169109186907215e-05,0.01996207474031524,0,0,12.063829787234043,115.12686557238213,RAMP2;RAMP3;CALCRL;ADGRF5;ADCY4;ADGRL4
DR 12+,GO_Biological_Process_2023,Adenylate Cyclase-Modulating G Protein-Coupled Receptor Signaling Pathway (GO:0007188),8.024954669473463e-05,0.01996207474031524,0,0,8.862903225806452,83.5804517713919,RAMP2;RAMP3;CALCRL;ADGRF5;PDE2A;ADCY4;ADGRL4
DR 12+,GO_Biological_Process_2023,Regulation Of Angiogenesis (GO:0045765),0.00010570809958136911,0.021035911816692454,0,0,4.7687265917602994,43.65687668610138,CLDN5;RAMP2;FLT1;SPARC;COL4A2;ADAMTS1;STAB1;APLNR;KDR;CD34;AQP1
DR 12+,GO_Biological_Process_2023,Regulation Of Cold-Induced Thermogenesis (GO:0120161),0.00014482304599736508,0.023647353264697614,0,0,7.8697729988052565,69.56877704447882,FABP4;FABP5;EPAS1;CAV1;LAMA4;ID1;CD36
DR 12+,GO_Biological_Process_2023,Artery Development (GO:0060840),0.00018357501735262067,0.023647353264697614,0,0,26.34722222222222,226.6621797598714,ACVRL1;GJA5;PDE2A;APLNR
DR 12+,GO_Biological_Process_2023,Cellular Response To Transforming Growth Factor Beta Stimulus (GO:0071560),0.00019012947348500593,0.023647353264697614,0,0,7.451612903225806,63.84396836547323,ACVRL1;CLDN5;MEF2C;CLEC3B;PDE2A;ID1;LRRC32
DR 12+,GO_Biological_Process_2023,Receptor Internalization (GO:0031623),0.0002643629965231669,0.02922679794895012,0,0,12.447368421052632,102.5437538440271,RAMP2;CALCRL;RAMP3;CAV1;CD36
DR 12+,GO_Biological_Process_2023,Circulatory System Development (GO:0072359),0.0003957604671826692,0.038159655341439086,0,0,8.02127659574468,62.844307059300036,ACVRL1;RAMP2;MEF2C;SOX17;GJA5;APLNR
DR 12+,GO_Biological_Process_2023,Negative Regulation Of Vascular Permeability (GO:0043116),0.00046811653426905627,0.038159655341439086,0,0,58.7319587628866,450.2857872458315,CLDN5;RAMP2;PDE2A
DR 12+,GO_Biological_Process_2023,Calcitonin Family Receptor Signaling Pathway (GO:0097646),0.00046811653426905627,0.038159655341439086,0,0,58.7319587628866,450.2857872458315,RAMP2;CALCRL;RAMP3
DR 12+,GO_Biological_Process_2023,Cellular Response To Growth Factor Stimulus (GO:0071363),0.0004985683612449329,0.038159655341439086,0,0,6.142589995324919,46.7068405709551,ACVRL1;RAMP2;CLEC3B;MEF2C;FLT1;PDE2A;KDR
DR 12+,GO_Biological_Process_2023,Epithelial Tube Morphogenesis (GO:0060562),0.0006112157595893195,0.04343997719938378,0,0,15.791666666666666,116.85928929412923,ACVRL1;MEF2C;SOX17;COL4A1
DR 12+,GO_Biological_Process_2023,Regulation Of Cell Migration (GO:0030334),0.0007799412506348261,0.048742679130273116,0,0,3.412826899128269,24.42318570188908,ACVRL1;CLDN5;MCTP1;FLT1;CXCL12;CAV1;PECAM1;KDR;ENPP2;SEMA3G;LAMB1;LDB2
DR 12+,GO_Biological_Process_2023,Positive Regulation Of Cell Motility (GO:2000147),0.0009594672858971878,0.048742679130273116,0,0,4.171828171828172,28.99058605762239,FLT1;CXCL12;CCL21;CAVIN1;CAV1;PECAM1;KDR;SEMA3G;LAMB1
DR 12+,GO_Biological_Process_2023,Apical Junction Assembly (GO:0043297),0.0009797523443270978,0.048742679130273116,0,0,13.152777777777779,91.12521610440056,CLDN5;RAMP2;PECAM1;ESAM
DR 12+,GO_Biological_Process_2023,Bicellular Tight Junction Assembly (GO:0070830),0.0009797523443270978,0.048742679130273116,0,0,13.152777777777779,91.12521610440056,CLDN5;RAMP2;PECAM1;ESAM
DR 12+,GO_Biological_Process_2023,Fatty Acid Transport (GO:0015908),0.0009797523443270978,0.048742679130273116,0,0,13.152777777777779,91.12521610440056,RBP7;FABP4;FABP5;CD36
DR 12+,GO_Biological_Process_2023,Tight Junction Assembly (GO:0120192),0.0009797523443270978,0.048742679130273116,0,0,13.152777777777779,91.12521610440056,CLDN5;RAMP2;PECAM1;ESAM
DR 12+,GO_Biological_Process_2023,Endothelial Cell Differentiation (GO:0045446),0.0011277550837606493,0.04878766558008026,0,0,29.350515463917525,199.217394861114,ACVRL1;TIE1;KDR
DR 12+,GO_Biological_Process_2023,Endothelium Development (GO:0003158),0.0011277550837606493,0.04878766558008026,0,0,29.350515463917525,199.217394861114,KDR;PECAM1;CD34
DR 12+,GO_Biological_Process_2023,Long-Chain Fatty Acid Transport (GO:0015909),0.0011277550837606493,0.04878766558008026,0,0,29.350515463917525,199.217394861114,FABP4;FABP5;CD36
DR 14+,GO_Biological_Process_2023,DNA Metabolic Process (GO:0006259),1.5116153833098314e-17,7.588309224215353e-15,0,0,48.43975903614458,1876.1090552356823,TOP2A;RFC4;RNASEH2A;MCM7;RFC2;HMGB2;NUDT1;HMGB3;TYMS;FAM111B;RAD51AP1;ORC6;UBE2T;PCLAF;CDK1;MCM4;MCM5
DR 14+,GO_Biological_Process_2023,Mitotic Sister Chromatid Segregation (GO:0000070),3.19188035062203e-13,8.011619680061296e-11,0,0,30.767441860465116,885.271482017633,CDCA5;NCAPG;CDCA8;KIF23;SMC4;ZWINT;NDC80;SGO1;TPX2;KIFC1;PRC1;CENPK;NUSAP1;CEP55
DR 14+,GO_Biological_Process_2023,DNA Repair (GO:0006281),1.0048869083660823e-11,1.3211304747040982e-09,0,0,46.842696629213485,1186.22388627873,RAD51AP1;FANCI;RFC4;PCNA;RNASEH2A;RFC2;CDCA5;UBE2T;CDK1;NUDT1;TRIP13
DR 14+,GO_Biological_Process_2023,DNA Replication (GO:0006260),1.3158670066773884e-11,1.3211304747040982e-09,0,0,187.8131868131868,4705.460361311004,FAM111B;RFC4;RNASEH2A;MCM7;RFC2;PCLAF;CDK1;MCM4;MCM5
DR 14+,GO_Biological_Process_2023,Mitotic Spindle Assembly (GO:0090307),1.3158670066773884e-11,1.3211304747040982e-09,0,0,187.8131868131868,4705.460361311004,TPX2;RACGAP1;KIFC1;PRC1;KIF4A;CDCA8;BIRC5;KIF23;AURKB
DR 14+,GO_Biological_Process_2023,Mitotic Spindle Organization (GO:0007052),2.5622168855195752e-11,2.1437214608847114e-09,0,0,28.651515151515152,698.740635624319,TPX2;CENPH;KIFC1;PRC1;KIF4A;NUF2;STMN1;BIRC5;CDCA8;KIF23;AURKB;NDC80
DR 14+,GO_Biological_Process_2023,Microtubule Cytoskeleton Organization Involved In Mitosis (GO:1902850),6.732826609096142e-11,4.828398511094661e-09,0,0,33.42375601926164,782.8325284705384,CENPH;KIF4A;NUF2;STMN1;NUSAP1;CDK1;TACC3;BIRC5;CDCA8;AURKB;NDC80
DR 14+,GO_Biological_Process_2023,Mitotic Cytokinesis (GO:0000281),3.904392037662979e-10,2.4500060036335192e-08,0,0,35.074074074074076,759.8359317799898,ANLN;RACGAP1;KIF4A;STMN1;NUSAP1;BIRC5;CDCA8;KIF23;CEP55;AURKB
DR 14+,GO_Biological_Process_2023,Cytoskeleton-Dependent Cytokinesis (GO:0061640),9.092173281523147e-10,5.0714122081384665e-08,0,0,30.047619047619047,625.5444631047501,ANLN;RACGAP1;KIF4A;STMN1;NUSAP1;BIRC5;CDCA8;KIF23;CEP55;AURKB
DR 14+,GO_Biological_Process_2023,Sister Chromatid Segregation (GO:0000819),4.323956934647214e-09,2.1706263811929016e-07,0,0,54.98550724637681,1058.9711020082414,TOP2A;SGO1;KIFC1;CENPK;NUSAP1;SMC4;NDC80;ZWINT
DR 14+,GO_Biological_Process_2023,Mitotic Nuclear Division (GO:0140014),1.2439710040213076e-08,5.21675498267553e-07,0,0,41.21739130434783,750.2542918054718,SGO1;UBE2C;KIFC1;CENPK;NUSAP1;SMC4;NDC80;ZWINT
DR 14+,GO_Biological_Process_2023,Mitotic Spindle Elongation (GO:0000022),1.3509524855534243e-08,5.21675498267553e-07,0,0,inf,inf,RACGAP1;PRC1;KIF4A;BIRC5;CDCA8;KIF23
DR 14+,GO_Biological_Process_2023,Mitotic Spindle Midzone Assembly (GO:0051256),1.3509524855534243e-08,5.21675498267553e-07,0,0,inf,inf,RACGAP1;PRC1;KIF4A;BIRC5;CDCA8;KIF23
DR 14+,GO_Biological_Process_2023,DNA-templated DNA Replication (GO:0006261),2.1093232595071006e-08,7.563430544804032e-07,0,0,71.43010752688173,1262.4781193404162,GINS2;RFC4;ORC6;MCM7;RFC2;MCM4;MCM5
DR 14+,GO_Biological_Process_2023,Positive Regulation Of Cell Cycle Process (GO:0090068),6.832990884975503e-08,2.2867742828384685e-06,0,0,14.968253968253968,246.95999874896103,RACGAP1;NUSAP1;BIRC5;NCAPG;CDCA8;KIF23;SMC4;AURKB;NDC80;MAD2L1
DR 14+,GO_Biological_Process_2023,Cell Cycle G2/M Phase Transition (GO:0044839),1.0028427775804749e-06,3.14641921465874e-05,0,0,40.361702127659576,557.5029453209594,CCNA2;MELK;CDK1;FOXM1;PKMYT1;AURKB
DR 14+,GO_Biological_Process_2023,Mitotic Cell Cycle Phase Transition (GO:0044772),1.4167972490769087e-06,4.103269969020196e-05,0,0,14.932806324110672,201.10177064366886,CCNA2;MELK;UBE2C;CDK1;TACC3;PKMYT1;FOXM1;CDKN3
DR 14+,GO_Biological_Process_2023,Positive Regulation Of DNA-directed DNA Polymerase Activity (GO:1900264),1.6347689119602374e-06,4.103269969020196e-05,0,0,99.94736842105263,1331.699646548547,GINS2;PCNA;RFC4;RFC2;DSCC1
DR 14+,GO_Biological_Process_2023,Regulation Of DNA-directed DNA Polymerase Activity (GO:1900262),1.6347689119602374e-06,4.103269969020196e-05,0,0,99.94736842105263,1331.699646548547,GINS2;PCNA;RFC4;RFC2;DSCC1
DR 14+,GO_Biological_Process_2023,Chromosome Condensation (GO:0030261),1.6347689119602374e-06,4.103269969020196e-05,0,0,99.94736842105263,1331.699646548547,TOP2A;CDCA5;NUSAP1;NCAPG;SMC4
DR 14+,GO_Biological_Process_2023,Mitotic Metaphase Plate Congression (GO:0007080),5.079677698940227e-06,9.026995571180002e-05,0,0,24.19148936170213,294.9006114751804,KIFC1;CDCA5;NUF2;CDCA8;CEP55;NDC80
DR 14+,GO_Biological_Process_2023,Double-Strand Break Repair Via Homologous Recombination (GO:0000724),5.079677698940227e-06,9.026995571180002e-05,0,0,24.19148936170213,294.9006114751804,RAD51AP1;GINS2;MCM7;MCM4;MCM5;RAD54B
DR 14+,GO_Biological_Process_2023,Regulation Of Mitotic Cell Cycle Spindle Assembly Checkpoint (GO:0090266),5.494889723712018e-06,9.026995571180002e-05,0,0,49.94736842105263,604.94714446369,CDCA8;BIRC5;AURKB;NDC80;MAD2L1
DR 14+,GO_Biological_Process_2023,Regulation Of DNA Replication (GO:0006275),5.494889723712018e-06,9.026995571180002e-05,0,0,49.94736842105263,604.94714446369,CCNA2;PCNA;DSCC1;GMNN;ESCO2
DR 14+,GO_Biological_Process_2023,Chromosome Organization (GO:0051276),5.494889723712018e-06,9.026995571180002e-05,0,0,49.94736842105263,604.94714446369,TOP2A;CENPW;CENPH;NUF2;CDCA8
DR 14+,GO_Biological_Process_2023,DNA Strand Elongation Involved In DNA Replication (GO:0006271),5.899112015048899e-06,9.026995571180002e-05,0,0,inf,inf,PCNA;RFC4;MCM7;MCM4
DR 14+,GO_Biological_Process_2023,Positive Regulation Of Mitotic Cell Cycle Spindle Assembly Checkpoint (GO:0090267),5.899112015048899e-06,9.026995571180002e-05,0,0,inf,inf,BIRC5;CDCA8;NDC80;MAD2L1
DR 14+,GO_Biological_Process_2023,Positive Regulation Of Spindle Checkpoint (GO:0090232),5.899112015048899e-06,9.026995571180002e-05,0,0,inf,inf,BIRC5;CDCA8;NDC80;MAD2L1
DR 14+,GO_Biological_Process_2023,Mitotic Sister Chromatid Cohesion (GO:0007064),5.899112015048899e-06,9.026995571180002e-05,0,0,inf,inf,SGO1;CDCA5;DSCC1;ESCO2
DR 14+,GO_Biological_Process_2023,Regulation Of DNA-templated DNA Replication (GO:0090329),5.899112015048899e-06,9.026995571180002e-05,0,0,inf,inf,MCM7;GMNN;MCM4;MCM5
DR 14+,GO_Biological_Process_2023,Regulation Of DNA-templated DNA Replication Initiation (GO:0030174),5.899112015048899e-06,9.026995571180002e-05,0,0,inf,inf,MCM7;GMNN;MCM4;MCM5
DR 14+,GO_Biological_Process_2023,Positive Regulation Of Chromosome Organization (GO:2001252),5.899112015048899e-06,9.026995571180002e-05,0,0,inf,inf,CDK1;NCAPG;SMC4;AURKB
DR 14+,GO_Biological_Process_2023,DNA Damage Response (GO:0006974),5.934080753962949e-06,9.026995571180002e-05,0,0,9.296703296703297,111.88395021608807,RAD51AP1;TOP2A;RFC4;MCM7;RFC2;UBE2T;PCLAF;CDK1;NUDT1
DR 14+,GO_Biological_Process_2023,G2/M Transition Of Mitotic Cell Cycle (GO:0000086),1.4072596228396998e-05,0.00020777774431339098,0,0,33.280701754385966,371.78807721874773,CCNA2;MELK;CDK1;FOXM1;PKMYT1
DR 14+,GO_Biological_Process_2023,DNA Duplex Unwinding (GO:0032508),2.836112005424511e-05,0.00036505851967259096,0,0,79.125,828.4776290914322,GINS2;MCM7;MCM4;MCM5
DR 14+,GO_Biological_Process_2023,DNA Unwinding Involved In DNA Replication (GO:0006268),2.836112005424511e-05,0.00036505851967259096,0,0,79.125,828.4776290914322,GINS2;MCM7;MCM4;MCM5
DR 14+,GO_Biological_Process_2023,Mitotic Chromosome Condensation (GO:0007076),2.836112005424511e-05,0.00036505851967259096,0,0,79.125,828.4776290914322,CDCA5;NUSAP1;NCAPG;SMC4
DR 14+,GO_Biological_Process_2023,Positive Regulation Of Chromosome Separation (GO:1905820),2.836112005424511e-05,0.00036505851967259096,0,0,79.125,828.4776290914322,CDCA8;NCAPG;BIRC5;SMC4
DR 14+,GO_Biological_Process_2023,Double-Strand Break Repair Via Break-Induced Replication (GO:0000727),2.836112005424511e-05,0.00036505851967259096,0,0,79.125,828.4776290914322,GINS2;MCM7;MCM4;MCM5
DR 14+,GO_Biological_Process_2023,Positive Regulation Of DNA Biosynthetic Process (GO:2000573),4.668507662899191e-05,0.0005858977116938484,0,0,13.411347517730496,133.73911085789635,GINS2;RFC4;PCNA;RFC2;DSCC1;AURKB
DR 14+,GO_Biological_Process_2023,Double-Strand Break Repair (GO:0006302),5.841428530078328e-05,0.000715218810268127,0,0,19.94736842105263,194.44595172999095,RAD51AP1;CDCA5;HMGB2;TRIP13;RAD54B
DR 14+,GO_Biological_Process_2023,Positive Regulation Of Mitotic Sister Chromatid Separation (GO:1901970),8.181450708587026e-05,0.0009778781561215922,0,0,39.541666666666664,372.12883861533135,UBE2C;CDCA8;BIRC5;AURKB
DR 14+,GO_Biological_Process_2023,Spindle Assembly Checkpoint Signaling (GO:0071173),0.00010286019114288906,0.0011225177381245718,0,0,16.614035087719298,152.55239380337426,NUF2;TRIP13;NDC80;ZWINT;MAD2L1
DR 14+,GO_Biological_Process_2023,Negative Regulation Of Mitotic Metaphase/Anaphase Transition (GO:0045841),0.00010286019114288906,0.0011225177381245718,0,0,16.614035087719298,152.55239380337426,NUF2;TRIP13;NDC80;ZWINT;MAD2L1
DR 14+,GO_Biological_Process_2023,Mitotic Spindle Assembly Checkpoint Signaling (GO:0007094),0.00010286019114288906,0.0011225177381245718,0,0,16.614035087719298,152.55239380337426,NUF2;TRIP13;NDC80;ZWINT;MAD2L1
DR 14+,GO_Biological_Process_2023,Mitotic Spindle Checkpoint Signaling (GO:0071174),0.00010286019114288906,0.0011225177381245718,0,0,16.614035087719298,152.55239380337426,NUF2;TRIP13;NDC80;ZWINT;MAD2L1
DR 14+,GO_Biological_Process_2023,"Negative Regulation Of Gene Expression, Epigenetic (GO:0045814)",0.00012145241724754159,0.0012193822691653174,0,0,inf,inf,UHRF1;LMNB1;PHF19
DR 14+,GO_Biological_Process_2023,DNA Conformation Change (GO:0071103),0.00012145241724754159,0.0012193822691653174,0,0,inf,inf,TOP2A;HMGB2;HMGB3
DR 14+,GO_Biological_Process_2023,DNA Strand Elongation (GO:0022616),0.00012145241724754159,0.0012193822691653174,0,0,inf,inf,RFC4;MCM7;MCM4
DR 14+,GO_Biological_Process_2023,Regulation Of Mitotic Cytokinesis (GO:1902412),0.00012145241724754159,0.0012193822691653174,0,0,inf,inf,BIRC5;CDCA8;AURKB
DR 14+,GO_Biological_Process_2023,Post-Translational Protein Modification (GO:0043687),0.00018357501735262067,0.0018069540923728545,0,0,26.34722222222222,226.6621797598714,CCNA2;DSCC1;ESCO2;AURKB
DR 14+,GO_Biological_Process_2023,Metaphase Plate Congression (GO:0051310),0.0002643629965231669,0.002552119697204419,0,0,12.447368421052632,102.5437538440271,KIFC1;CDCA5;CDCA8;CEP55;NDC80
DR 14+,GO_Biological_Process_2023,Positive Regulation Of Cytokinesis (GO:0032467),0.0003530788440695878,0.0033442562211874164,0,0,19.75,156.9891786404046,RACGAP1;CDCA8;BIRC5;KIF23
DR 14+,GO_Biological_Process_2023,DNA Replication Initiation (GO:0006270),0.00046811653426905627,0.004272627276419386,0,0,58.7319587628866,450.2857872458315,ORC6;MCM7;MCM5
DR 14+,GO_Biological_Process_2023,Positive Regulation Of Chromosome Segregation (GO:0051984),0.00046811653426905627,0.004272627276419386,0,0,58.7319587628866,450.2857872458315,CDK1;NCAPG;SMC4
DR 14+,GO_Biological_Process_2023,Regulation Of DNA Metabolic Process (GO:0051052),0.0006112157595893195,0.005479112702032828,0,0,15.791666666666666,116.85928929412923,CCNA2;DSCC1;GMNN;ESCO2
DR 14+,GO_Biological_Process_2023,Regulation Of Cell Cycle Process (GO:0010564),0.001082396678294696,0.0094355508674641,0,0,8.280701754385966,56.545414097797085,RACGAP1;PRC1;PKMYT1;MKI67;AURKB
DR 14+,GO_Biological_Process_2023,Regulation Of Chromosome Segregation (GO:0051983),0.0011277550837606493,0.0094355508674641,0,0,29.350515463917525,199.217394861114,NCAPG;MKI67;SMC4
DR 14+,GO_Biological_Process_2023,Regulation Of Mitotic Sister Chromatid Separation (GO:0010965),0.0011277550837606493,0.0094355508674641,0,0,29.350515463917525,199.217394861114,BIRC5;CDCA8;AURKB
DR 14+,GO_Biological_Process_2023,Kinetochore Organization (GO:0051383),0.0011277550837606493,0.0094355508674641,0,0,29.350515463917525,199.217394861114,CENPW;CENPH;NUF2
DR 14+,GO_Biological_Process_2023,Positive Regulation Of Transferase Activity (GO:0051347),0.0013687347902488387,0.011264014175490444,0,0,6.0,39.56321085964902,GINS2;RFC4;PCNA;RFC2;DSCC1;AURKB
DR 14+,GO_Biological_Process_2023,Regulation Of Cytokinesis (GO:0032465),0.0014808362963672226,0.0119899971092959,0,0,11.267857142857142,73.41176014759877,RACGAP1;PRC1;KIF23;AURKB
DR 14+,GO_Biological_Process_2023,Establishment Of Mitotic Spindle Localization (GO:0040001),0.0021737022796164945,0.015538127374185607,0,0,19.556701030927837,119.90845954872826,NUSAP1;NDC80;MAD2L1
DR 14+,GO_Biological_Process_2023,Protein K48-linked Ubiquitination (GO:0070936),0.0021737022796164945,0.015538127374185607,0,0,19.556701030927837,119.90845954872826,UBE2C;UBE2T;SKP2
DR 14+,GO_Biological_Process_2023,Regulation Of Mitotic Cell Cycle (GO:0007346),0.002404952856950651,0.015538127374185607,0,0,6.614035087719298,39.88411958945533,GMNN;PKMYT1;MKI67;MAD2L1;CKS1B
DR 14+,GO_Biological_Process_2023,Regulation Of Chromosome Condensation (GO:0060623),0.002476195597479778,0.015538127374185607,0,0,inf,inf,NCAPG;SMC4
DR 14+,GO_Biological_Process_2023,CENP-A Containing Chromatin Assembly (GO:0034080),0.002476195597479778,0.015538127374185607,0,0,inf,inf,CENPW;HJURP
DR 14+,GO_Biological_Process_2023,DNA Geometric Change (GO:0032392),0.002476195597479778,0.015538127374185607,0,0,inf,inf,HMGB2;HMGB3
DR 14+,GO_Biological_Process_2023,DNA Recombination (GO:0006310),0.002476195597479778,0.015538127374185607,0,0,inf,inf,HMGB3;RAD54B
DR 14+,GO_Biological_Process_2023,DNA Topological Change (GO:0006265),0.002476195597479778,0.015538127374185607,0,0,inf,inf,TOP2A;HMGB2
DR 14+,GO_Biological_Process_2023,Heterochromatin Formation (GO:0031507),0.002476195597479778,0.015538127374185607,0,0,inf,inf,UHRF1;LMNB1
DR 14+,GO_Biological_Process_2023,Homologous Chromosome Pairing At Meiosis (GO:0007129),0.002476195597479778,0.015538127374185607,0,0,inf,inf,MND1;TRIP13
DR 14+,GO_Biological_Process_2023,Nucleosome Assembly (GO:0006334),0.002476195597479778,0.015538127374185607,0,0,inf,inf,HMGB2;ASF1B
DR 14+,GO_Biological_Process_2023,Nucleosome Organization (GO:0034728),0.002476195597479778,0.015538127374185607,0,0,inf,inf,HMGB2;ASF1B
DR 14+,GO_Biological_Process_2023,Mismatch Repair (GO:0006298),0.002476195597479778,0.015538127374185607,0,0,inf,inf,PCNA;RNASEH2A
DR 14+,GO_Biological_Process_2023,Mitotic DNA Replication (GO:1902969),0.002476195597479778,0.015538127374185607,0,0,inf,inf,MCM4;TK1
DR 14+,GO_Biological_Process_2023,Chromatin Remodeling At Centromere (GO:0031055),0.002476195597479778,0.015538127374185607,0,0,inf,inf,CENPW;HJURP
DR 14+,GO_Biological_Process_2023,Positive Regulation Of Attachment Of Mitotic Spindle Microtubules To Kinetochore (GO:1902425),0.002476195597479778,0.015538127374185607,0,0,inf,inf,BIRC5;CDCA8
DR 14+,GO_Biological_Process_2023,Regulation Of Attachment Of Mitotic Spindle Microtubules To Kinetochore (GO:1902423),0.002476195597479778,0.015538127374185607,0,0,inf,inf,BIRC5;CDCA8
DR 14+,GO_Biological_Process_2023,Positive Regulation Of Chromosome Condensation (GO:1905821),0.002476195597479778,0.015538127374185607,0,0,inf,inf,NCAPG;SMC4
DR 14+,GO_Biological_Process_2023,Chromatin Organization (GO:0006325),0.0036663054093939128,0.022722040932293137,0,0,14.65979381443299,82.22049187959041,HMGB2;ASF1B;PHF19
DR 14+,GO_Biological_Process_2023,Positive Regulation Of Mitotic Cell Cycle Phase Transition (GO:1901992),0.005245031590374188,0.03210982754107125,0,0,7.15530303030303,37.56873262434503,RRM2;UBE2C;CDCA5;CDK1
DR 14+,GO_Biological_Process_2023,Response To UV (GO:0009411),0.005654249936284305,0.03419799359053881,0,0,11.721649484536082,60.66361305353392,PCNA;PCLAF;AURKB
DR 14+,GO_Biological_Process_2023,Regulation Of Chromosome Separation (GO:1905818),0.007185712772057863,0.03502162923857327,0,0,38.755102040816325,191.2820287028576,NCAPG;SMC4
DR 14+,GO_Biological_Process_2023,DNA Synthesis Involved In DNA Repair (GO:0000731),0.007185712772057863,0.03502162923857327,0,0,38.755102040816325,191.2820287028576,PCNA;PCLAF
DR 14+,GO_Biological_Process_2023,Regulation Of Double-Strand Break Repair (GO:2000779),0.007185712772057863,0.03502162923857327,0,0,38.755102040816325,191.2820287028576,RAD51AP1;FOXM1
DR 14+,GO_Biological_Process_2023,Regulation Of Double-Strand Break Repair Via Homologous Recombination (GO:0010569),0.007185712772057863,0.03502162923857327,0,0,38.755102040816325,191.2820287028576,RAD51AP1;PARPBP
DR 14+,GO_Biological_Process_2023,Regulation Of Embryonic Development (GO:0045995),0.007185712772057863,0.03502162923857327,0,0,38.755102040816325,191.2820287028576,RACGAP1;CDK1
DR 14+,GO_Biological_Process_2023,Positive Regulation Of Mitotic Cytokinesis (GO:1903490),0.007185712772057863,0.03502162923857327,0,0,38.755102040816325,191.2820287028576,BIRC5;CDCA8
DR 14+,GO_Biological_Process_2023,Translesion Synthesis (GO:0019985),0.007185712772057863,0.03502162923857327,0,0,38.755102040816325,191.2820287028576,PCNA;PCLAF
DR 14+,GO_Biological_Process_2023,Regulation Of Microtubule Polymerization Or Depolymerization (GO:0031110),0.007185712772057863,0.03502162923857327,0,0,38.755102040816325,191.2820287028576,STMN1;SKA1
DR 14+,GO_Biological_Process_2023,Interstrand Cross-Link Repair (GO:0036297),0.007185712772057863,0.03502162923857327,0,0,38.755102040816325,191.2820287028576,RAD51AP1;FANCI
DR 14+,GO_Biological_Process_2023,Attachment Of Mitotic Spindle Microtubules To Kinetochore (GO:0051315),0.007185712772057863,0.03502162923857327,0,0,38.755102040816325,191.2820287028576,NUF2;NDC80
DR 14+,GO_Biological_Process_2023,Postreplication Repair (GO:0006301),0.007185712772057863,0.03502162923857327,0,0,38.755102040816325,191.2820287028576,PCNA;PCLAF
DR 14+,GO_Biological_Process_2023,Protein K11-linked Ubiquitination (GO:0070979),0.007185712772057863,0.03502162923857327,0,0,38.755102040816325,191.2820287028576,UBE2C;UBE2T
DR 14+,GO_Biological_Process_2023,Protein Acetylation (GO:0006473),0.007185712772057863,0.03502162923857327,0,0,38.755102040816325,191.2820287028576,DSCC1;ESCO2
DR 14+,GO_Biological_Process_2023,Protein Autoubiquitination (GO:0051865),0.007185712772057863,0.03502162923857327,0,0,38.755102040816325,191.2820287028576,UHRF1;UBE2T
DR 14+,GO_Biological_Process_2023,protein-DNA Complex Assembly (GO:0065004),0.007185712772057863,0.03502162923857327,0,0,38.755102040816325,191.2820287028576,HMGB2;ASF1B
DR 14+,GO_Biological_Process_2023,Cellular Response To Light Stimulus (GO:0071482),0.007185712772057863,0.03502162923857327,0,0,38.755102040816325,191.2820287028576,PCNA;AURKB
DR 14+,GO_Biological_Process_2023,Mitotic Cell Cycle Checkpoint Signaling (GO:0007093),0.007185712772057863,0.03502162923857327,0,0,38.755102040816325,191.2820287028576,AURKB;ZWINT
DR 14+,GO_Biological_Process_2023,Positive Regulation Of DNA Repair (GO:0045739),0.007185712772057863,0.03502162923857327,0,0,38.755102040816325,191.2820287028576,PCNA;FOXM1
DR 14+,GO_Biological_Process_2023,Positive Regulation Of Attachment Of Spindle Microtubules To Kinetochore (GO:0051987),0.007185712772057863,0.03502162923857327,0,0,38.755102040816325,191.2820287028576,BIRC5;CDCA8
DR 14+,GO_Biological_Process_2023,Positive Regulation Of Double-Strand Break Repair (GO:2000781),0.007185712772057863,0.03502162923857327,0,0,38.755102040816325,191.2820287028576,RAD51AP1;FOXM1
DR 14+,GO_Biological_Process_2023,Regulation Of Cyclin-Dependent Protein Kinase Activity (GO:1904029),0.008175776347842991,0.03946384352516521,0,0,9.762886597938145,46.92609156472618,CCNA2;PKMYT1;CDKN3
DR 15-,GO_Biological_Process_2023,Hydrogen Peroxide Catabolic Process (GO:0042744),7.587885373994188e-10,2.3218929244422216e-07,0,0,inf,inf,HBM;HBB;HBA1;HBD;HBQ1
DR 15-,GO_Biological_Process_2023,One-Carbon Compound Transport (GO:0019755),3.619727241747022e-06,0.0005538182679872943,0,0,70.14285714285714,878.8277049045128,SLC14A1;HBB;HBA1;HBD
DR 15-,GO_Biological_Process_2023,Oxygen Transport (GO:0015671),1.473916512186547e-05,0.001503394842430278,0,0,203.48275862068965,2263.7461603341612,HBB;HBA1;HBD
DR 15-,GO_Biological_Process_2023,Regulation Of Cell Death (GO:0010941),2.4467689539796434e-05,0.0018717782497944273,0,0,35.0,371.63549867787435,HBB;HBA1;HBD;SNCA
DR 15-,GO_Biological_Process_2023,Carbon Dioxide Transport (GO:0015670),3.64470527588305e-05,0.002230559628840427,0,0,101.6896551724138,1039.2326804024892,HBB;HBA1;HBD
DR 15-,GO_Biological_Process_2023,Positive Regulation Of Cell Death (GO:0010942),6.522719689543623e-05,0.0033265870416672476,0,0,25.415584415584416,244.94610165520766,HBB;HBA1;HBD;SNCA
DR 15-,GO_Biological_Process_2023,Gas Transport (GO:0015669),0.00012480480481446603,0.005455752896175229,0,0,50.793103448275865,456.56699636929494,HBB;HBA1;HBD
DR 15-,GO_Biological_Process_2023,Regulation Of Transmembrane Transporter Activity (GO:0022898),0.0002481159083201808,0.009490433493246917,0,0,inf,inf,PIM1;SNCA
DR 15-,GO_Biological_Process_2023,Regulation Of Transmembrane Transport (GO:0034762),0.0014590716534428612,0.04960843621705728,0,0,65.53333333333333,427.9297110680444,PIM1;SNCA
DR 16+,GO_Biological_Process_2023,Modulation By Host Of Viral Genome Replication (GO:0044827),0.0004999862257578379,0.007874841236500802,0,0,inf,inf,IFI27
DR 16+,GO_Biological_Process_2023,Regulation Of Nucleocytoplasmic Transport (GO:0046822),0.0009999772468562472,0.007874841236500802,0,0,inf,inf,IFI27
DR 16+,GO_Biological_Process_2023,Regulation Of Protein Export From Nucleus (GO:0046825),0.0014999697593334861,0.007874841236500802,0,0,inf,inf,IFI27
DR 16+,GO_Biological_Process_2023,Regulation Of Intracellular Protein Transport (GO:0033157),0.0014999697593334861,0.007874841236500802,0,0,inf,inf,IFI27
DR 16+,GO_Biological_Process_2023,Pyroptosis (GO:0070269),0.002499957206903733,0.007874873280713469,0,0,inf,inf,IFI27
DR 16+,GO_Biological_Process_2023,Type I Interferon-Mediated Signaling Pathway (GO:0060337),0.002999951725986083,0.007874873280713469,0,0,inf,inf,IFI27
DR 16+,GO_Biological_Process_2023,Modulation By Host Of Viral Process (GO:0044788),0.002999951725986083,0.007874873280713469,0,0,inf,inf,IFI27
DR 16+,GO_Biological_Process_2023,Protein K48-linked Ubiquitination (GO:0070936),0.002999951725986083,0.007874873280713469,0,0,inf,inf,IFI27
DR 16+,GO_Biological_Process_2023,Cellular Response To Type I Interferon (GO:0071357),0.0034999466296654295,0.008166542135886003,0,0,inf,inf,IFI27
DR 16+,GO_Biological_Process_2023,Interferon-Mediated Signaling Pathway (GO:0140888),0.004999933071055651,0.010499859449216867,0,0,inf,inf,IFI27
DR 16+,GO_Biological_Process_2023,Extrinsic Apoptotic Signaling Pathway (GO:0097191),0.0054999290027479076,0.01049986445979146,0,0,inf,inf,IFI27
DR 16+,GO_Biological_Process_2023,Proteasomal Protein Catabolic Process (GO:0010498),0.006999917822024454,0.011307559558654888,0,0,inf,inf,IFI27
DR 16+,GO_Biological_Process_2023,Protein Polyubiquitination (GO:0000209),0.006999917822024454,0.011307559558654888,0,0,inf,inf,IFI27
DR 16+,GO_Biological_Process_2023,Proteasome-Mediated Ubiquitin-Dependent Protein Catabolic Process (GO:0043161),0.008999904774535104,0.013499857161802655,0,0,inf,inf,IFI27
DR 16+,GO_Biological_Process_2023,Ubiquitin-Dependent Protein Catabolic Process (GO:0006511),0.01049989605597755,0.01469985447836857,0,0,inf,inf,IFI27
DR 16+,GO_Biological_Process_2023,Apoptotic Process (GO:0006915),0.02199984718137338,0.02887479942555256,0,0,inf,inf,IFI27
DR 16+,GO_Biological_Process_2023,Defense Response To Symbiont (GO:0140546),0.02399984080573246,0.02964686217178716,0,0,inf,inf,IFI27
DR 16+,GO_Biological_Process_2023,Defense Response To Virus (GO:0051607),0.025499836310828035,0.029749809029299377,0,0,inf,inf,IFI27
DR 16+,GO_Biological_Process_2023,Negative Regulation Of Transcription By RNA Polymerase II (GO:0000122),0.0404998014490124,0.04476293844364529,0,0,inf,inf,IFI27
DR 18-,GO_Biological_Process_2023,T Cell Activation (GO:0042110),2.1447928892608168e-09,1.9753542510092123e-06,0,0,10.301470588235293,205.61964856570754,CD3G;PTPN22;SLA2;CD3E;CD3D;CD2;CD8B;CD8A;LCK;TRBC2;CD7;TRBC1;TRDC;CD247;LCP1
DR 18-,GO_Biological_Process_2023,Alpha-Beta T Cell Activation (GO:0046631),4.886748540152934e-09,2.250347702740426e-06,0,0,142.93548387096774,2735.319002199265,TRBC2;TRBC1;NKG7;CD3G;CD247;CD3E;CD3D
DR 18-,GO_Biological_Process_2023,T Cell Receptor Signaling Pathway (GO:0050852),1.8722757031634378e-08,5.747886408711754e-06,0,0,12.2012987012987,217.10412688825957,FYB1;CD8B;CD8A;LCK;TRBC2;TRBC1;CD3G;PTPN22;TRDC;CD247;CD3E;CD3D
DR 18-,GO_Biological_Process_2023,Antigen Receptor-Mediated Signaling Pathway (GO:0050851),8.918957319855375e-07,0.00020535899228967002,0,0,6.948275862068965,96.78890329737023,FYB1;CD3G;PTPN22;SLA2;CD3E;CD3D;CD8B;CD8A;LCK;TRBC2;TRBC1;TRDC;CD247
DR 18-,GO_Biological_Process_2023,Apoptotic Process (GO:0006915),5.445581707554691e-06,0.001003076150531574,0,0,6.992509363295881,84.75415001254748,CD2;GZMM;IFNG;GZMA;ITGB2;PRF1;GZMB;CXCR4;FASLG;PDCD1;GZMH
DR 18-,GO_Biological_Process_2023,Regulation Of Natural Killer Cell Activation (GO:0032814),1.4072596228396998e-05,0.0021601435210589393,0,0,33.280701754385966,371.78807721874773,ZNF683;KLRC3;PTPN22;KLRD1;KLRC1
DR 18-,GO_Biological_Process_2023,Positive Regulation Of Lymphocyte Chemotaxis (GO:0140131),5.841428530078328e-05,0.007685650966003058,0,0,19.94736842105263,194.44595172999095,CCL5;CCL4;XCL2;XCL1;CXCL13
DR 18-,GO_Biological_Process_2023,Lymphocyte Mediated Immunity (GO:0002449),8.181450708587026e-05,0.009418895128260813,0,0,39.541666666666664,372.12883861533135,CD70;CD8A;KLRD1;SLA2
DR 18-,GO_Biological_Process_2023,Extrinsic Apoptotic Signaling Pathway (GO:0097191),0.00010286019114288906,0.010526026226955646,0,0,16.614035087719298,152.55239380337426,IFNG;CD70;CD27;FASLG;TNFRSF1B
DR 18-,GO_Biological_Process_2023,Positive Regulation Of T Cell Chemotaxis (GO:0010820),0.00018357501735262067,0.016907259098176364,0,0,26.34722222222222,226.6621797598714,CCL5;XCL2;XCL1;CXCL13
DR 18-,GO_Biological_Process_2023,Regulation Of T Cell Receptor Signaling Pathway (GO:0050856),0.0002643629965231669,0.022134392708894248,0,0,12.447368421052632,102.5437538440271,TRAT1;LCK;SH2D1A;PTPN22;SLA2
DR 18-,GO_Biological_Process_2023,B Cell Mediated Immunity (GO:0019724),0.0003530788440695878,0.023227543956292174,0,0,19.75,156.9891786404046,CD70;IL2RB;CD27;SLA2
DR 18-,GO_Biological_Process_2023,Natural Killer Cell Mediated Cytotoxicity (GO:0042267),0.0003530788440695878,0.023227543956292174,0,0,19.75,156.9891786404046,CD2;GZMB;NKG7;CORO1A
DR 18-,GO_Biological_Process_2023,Regulation Of T Cell Chemotaxis (GO:0010819),0.0003530788440695878,0.023227543956292174,0,0,19.75,156.9891786404046,CCL5;XCL2;XCL1;CXCL13
DR 18-,GO_Biological_Process_2023,Natural Killer Cell Mediated Immunity (GO:0002228),0.0006112157595893195,0.03752864763878422,0,0,15.791666666666666,116.85928929412923,CD2;GZMB;NKG7;KLRD1
DR 18-,GO_Biological_Process_2023,Protein-Containing Complex Organization (GO:0043933),0.0007953202530924244,0.045780622068632676,0,0,9.038277511961722,64.50406884720583,IL2RB;WAS;CD3G;CD247;CD3E
DR 18-,GO_Biological_Process_2023,Natural Killer Cell Activation (GO:0030101),0.0009797523443270978,0.0494601158163599,0,0,13.152777777777779,91.12521610440056,CD2;IL2RB;TOX;CD244
DR 18-,GO_Biological_Process_2023,T Cell Mediated Immunity (GO:0002456),0.0011277550837606493,0.0494601158163599,0,0,29.350515463917525,199.217394861114,CD70;CD8A;PRF1
DR 18-,GO_Biological_Process_2023,Regulation Of Natural Killer Cell Chemotaxis (GO:2000501),0.0011277550837606493,0.0494601158163599,0,0,29.350515463917525,199.217394861114,CCL5;CCL4;XCL1
DR 18-,GO_Biological_Process_2023,"Positive Regulation Of CD8-positive, Alpha-Beta T Cell Activation (GO:2001187)",0.0011277550837606493,0.0494601158163599,0,0,29.350515463917525,199.217394861114,XCL1;PTPN22;RUNX3
DR 18-,GO_Biological_Process_2023,Regulation Of Cell-Cell Adhesion Mediated By Integrin (GO:0033632),0.0011277550837606493,0.0494601158163599,0,0,29.350515463917525,199.217394861114,CCL5;CD3E;CXCL13
DR 19+,GO_Biological_Process_2023,Regulation Of Transcription By RNA Polymerase II (GO:0006357),2.8446963664993404e-11,1.6613026780356148e-08,0,0,10.428488708743485,253.23477947384796,KLF10;EGR1;JUN;CITED2;FOS;KLF4;NFKBIA;NR4A1;ZFP36;MAFB;ELF3;MYC;IRF1;ID1;FOSB;ID3;JUNB;IER2;ATF3;HSPA1A
DR 19+,GO_Biological_Process_2023,Positive Regulation Of DNA-templated Transcription (GO:0045893),6.826803829493977e-09,1.993426718212241e-06,0,0,8.872198667474258,166.81871014617906,KLF10;EGR1;JUN;CITED2;RASL11A;FOS;KLF4;NFKBIA;NR4A1;MAFB;ELF3;MYC;IRF1;JUNB;IER2;ATF3
DR 19+,GO_Biological_Process_2023,Negative Regulation Of DNA-templated Transcription (GO:0045892),1.4780317460997358e-08,2.435577092300402e-06,0,0,9.697916666666666,174.8531411565305,KLF10;JUN;CITED2;KLF4;ZFP36;MAFB;ELF3;MYC;IRF1;ID1;FOSB;ID3;ATF3;HSPA1A
DR 19+,GO_Biological_Process_2023,Positive Regulation Of Transcription By RNA Polymerase II (GO:0045944),1.6682034878769877e-08,2.435577092300402e-06,0,0,9.592783505154639,171.79652141639,KLF10;EGR1;JUN;CITED2;FOS;KLF4;NFKBIA;NR4A1;ELF3;MYC;IRF1;JUNB;IER2;ATF3
DR 19+,GO_Biological_Process_2023,Negative Regulation Of Transcription By RNA Polymerase II (GO:0000122),3.54519393457785e-08,4.140786515586928e-06,0,0,10.950724637681159,187.86064349765408,KLF10;JUN;ZFP36;MAFB;CITED2;MYC;ID1;FOSB;ID3;KLF4;ATF3;HSPA1A
DR 19+,GO_Biological_Process_2023,Regulation Of Cell Cycle (GO:0051726),4.334874971829444e-08,4.219278305913992e-06,0,0,17.527272727272727,297.1571710649547,PPP1R15A;NR4A1;JUN;GADD45B;CITED2;MYC;IRF1;JUNB;RHOB
DR 19+,GO_Biological_Process_2023,Regulation Of DNA-templated Transcription (GO:0006355),5.2024426297764566e-08,4.340323565413501e-06,0,0,7.525987525987526,126.22249484744992,KLF10;EGR1;JUN;CITED2;FOS;KLF4;NR4A1;MAFB;ELF3;MYC;IRF1;ID1;FOSB;ID3;JUNB;ATF3
DR 19+,GO_Biological_Process_2023,Positive Regulation Of miRNA Metabolic Process (GO:2000630),7.473119843410348e-07,4.849224431724048e-05,0,0,52.78378378378378,744.609388469541,EGR1;JUN;MYC;FOS;KLF4
DR 19+,GO_Biological_Process_2023,Positive Regulation Of miRNA Transcription (GO:1902895),7.473119843410348e-07,4.849224431724048e-05,0,0,52.78378378378378,744.609388469541,EGR1;JUN;MYC;FOS;KLF4
DR 19+,GO_Biological_Process_2023,Regulation Of miRNA Transcription (GO:1902893),2.276698130633201e-06,0.00013295917082897893,0,0,37.664092664092664,489.3614338342668,EGR1;JUN;MYC;FOS;KLF4
DR 19+,GO_Biological_Process_2023,Integrated Stress Response Signaling (GO:0140467),5.628429976121919e-06,0.00029881846418683644,0,0,68.59649122807018,829.1724366090073,JUN;MAFB;FOS;JUNB
DR 19+,GO_Biological_Process_2023,Negative Regulation Of Nucleic Acid-Templated Transcription (GO:1903507),1.1141944137479185e-05,0.0005422412813573203,0,0,9.566958698372966,109.1091914400406,KLF10;JUN;ELF3;CITED2;IRF1;ID1;ID3;KLF4
DR 19+,GO_Biological_Process_2023,Apoptotic Process (GO:0006915),2.3148772249717308e-05,0.001039914076448839,0,0,10.383783783783784,110.83203075976486,PPP1R15A;NFKBIA;MYC;IRF1;DDIT4;RHOB;IER3
DR 19+,GO_Biological_Process_2023,Regulation Of Erythrocyte Differentiation (GO:0045646),3.225292225085092e-05,0.001240444932344851,0,0,34.24561403508772,354.16478107524597,ZFP36;MAFB;HSPA1B;HSPA1A
DR 19+,GO_Biological_Process_2023,mRNA Catabolic Process (GO:0006402),3.3984792666982215e-05,0.001240444932344851,0,0,150.53846153846155,1548.9801636362677,ZFP36;HSPA1B;HSPA1A
DR 19+,GO_Biological_Process_2023,mRNA Metabolic Process (GO:0016071),3.3984792666982215e-05,0.001240444932344851,0,0,150.53846153846155,1548.9801636362677,ZFP36;HSPA1B;HSPA1A
DR 19+,GO_Biological_Process_2023,Positive Regulation Of Nucleic Acid-Templated Transcription (GO:1903508),3.9564628209543456e-05,0.001359161345551375,0,0,7.847265221878225,79.55224024882124,EGR1;JUN;MAFB;CITED2;MYC;IRF1;FOS;KLF4
DR 19+,GO_Biological_Process_2023,Regulation Of Protein Modification By Small Protein Conjugation Or Removal (GO:1903320),8.371897197559119e-05,0.0027162155352080694,0,0,75.23076923076923,706.2698423925854,EGR1;HSPA1B;HSPA1A
DR 19+,GO_Biological_Process_2023,Negative Regulation Of Cellular Process (GO:0048523),0.00014148048412580206,0.004348663301550968,0,0,5.66060606060606,50.171925774720684,KLF10;NR4A1;BTG2;DUSP1;MYC;IRF1;HSPA1B;HSPA1A;RHOB
DR 19+,GO_Biological_Process_2023,Regulation Of Apoptotic Process (GO:0042981),0.0001684509725763878,0.004918768399230524,0,0,5.008152173913044,43.51516221746863,EGR1;SOCS3;JUN;GADD45B;CITED2;MYC;HSPA1B;HSPA1A;RHOB;IER3
DR 19+,GO_Biological_Process_2023,Negative Regulation Of Cell Cycle (GO:0045786),0.00025498760097967903,0.007091083760577741,0,0,17.07017543859649,141.24367816459636,NR4A1;BTG2;DUSP1;RHOB
DR 19+,GO_Biological_Process_2023,RNA Catabolic Process (GO:0006401),0.0002845110859922339,0.007552476100884754,0,0,37.57692307692308,306.8057444918856,ZFP36;HSPA1B;HSPA1A
DR 19+,GO_Biological_Process_2023,Cellular Response To Oxidative Stress (GO:0034599),0.00041579698814746876,0.008450435903488863,0,0,14.61654135338346,113.79435564133775,JUN;FOS;HSPA1B;HSPA1A
DR 19+,GO_Biological_Process_2023,ATP Metabolic Process (GO:0046034),0.00043070302188328544,0.008450435903488863,0,0,inf,inf,HSPA1B;HSPA1A
DR 19+,GO_Biological_Process_2023,Negative Regulation Of Erythrocyte Differentiation (GO:0045647),0.00043070302188328544,0.008450435903488863,0,0,inf,inf,ZFP36;MAFB
DR 19+,GO_Biological_Process_2023,Positive Regulation Of Microtubule Nucleation (GO:0090063),0.00043070302188328544,0.008450435903488863,0,0,inf,inf,HSPA1B;HSPA1A
DR 19+,GO_Biological_Process_2023,Negative Regulation Of Myeloid Cell Differentiation (GO:0045638),0.00043070302188328544,0.008450435903488863,0,0,inf,inf,ZFP36;MAFB
DR 19+,GO_Biological_Process_2023,Negative Regulation Of Transcription From RNA Polymerase II Promoter In Response To Stress (GO:0097201),0.00043070302188328544,0.008450435903488863,0,0,inf,inf,JUN;CITED2
DR 19+,GO_Biological_Process_2023,Regulation Of Microtubule Nucleation (GO:0010968),0.00043070302188328544,0.008450435903488863,0,0,inf,inf,HSPA1B;HSPA1A
DR 19+,GO_Biological_Process_2023,Fat Cell Differentiation (GO:0045444),0.00044856765926053893,0.008450435903488863,0,0,30.046153846153846,231.6393517490676,NR4A1;MAFB;KLF4
DR 19+,GO_Biological_Process_2023,Response To Fibroblast Growth Factor (GO:0071774),0.00044856765926053893,0.008450435903488863,0,0,30.046153846153846,231.6393517490676,NR4A1;ZFP36;IER2
DR 19+,GO_Biological_Process_2023,Positive Regulation Of Macromolecule Metabolic Process (GO:0010604),0.00048247261667684214,0.00880512525435237,0,0,6.015873015873016,45.940734007795314,NFKBIA;EGR1;CITED2;MYC;KLF4;HSPA1B;HSPA1A
DR 19+,GO_Biological_Process_2023,Negative Regulation Of Gene Expression (GO:0010629),0.0008014174903702819,0.014182661041704382,0,0,6.493197278911564,46.29083800597194,ZFP36;BTG2;CITED2;KLF4;HSPA1B;HSPA1A
DR 19+,GO_Biological_Process_2023,Response To Endoplasmic Reticulum Stress (GO:0034976),0.0012646568123104217,0.01654501560304188,0,0,18.75,125.1178966542368,PPP1R15A;JUN;ATF3
DR 19+,GO_Biological_Process_2023,Negative Regulation Of Inclusion Body Assembly (GO:0090084),0.0012748727776316516,0.01654501560304188,0,0,97.85,652.1613346516612,HSPA1B;HSPA1A
DR 19+,GO_Biological_Process_2023,Positive Regulation Of Microtubule Polymerization (GO:0031116),0.0012748727776316516,0.01654501560304188,0,0,97.85,652.1613346516612,HSPA1B;HSPA1A
DR 19+,GO_Biological_Process_2023,Regulation Of Inclusion Body Assembly (GO:0090083),0.0012748727776316516,0.01654501560304188,0,0,97.85,652.1613346516612,HSPA1B;HSPA1A
DR 19+,GO_Biological_Process_2023,Positive Regulation Of Nuclear-Transcribed mRNA poly(A) Tail Shortening (GO:0060213),0.0012748727776316516,0.01654501560304188,0,0,97.85,652.1613346516612,BTG2;ZFP36
DR 19+,GO_Biological_Process_2023,Heat Acclimation (GO:0010286),0.0012748727776316516,0.01654501560304188,0,0,97.85,652.1613346516612,HSPA1B;HSPA1A
DR 19+,GO_Biological_Process_2023,Positive Regulation Of Tumor Necrosis Factor-Mediated Signaling Pathway (GO:1903265),0.0012748727776316516,0.01654501560304188,0,0,97.85,652.1613346516612,HSPA1B;HSPA1A
DR 19+,GO_Biological_Process_2023,Regulation Of Nuclear-Transcribed mRNA poly(A) Tail Shortening (GO:0060211),0.0012748727776316516,0.01654501560304188,0,0,97.85,652.1613346516612,BTG2;ZFP36
DR 19+,GO_Biological_Process_2023,Regulation Of Nucleotide-Binding Oligomerization Domain Containing 2 Signaling Pathway (GO:0070432),0.0012748727776316516,0.01654501560304188,0,0,97.85,652.1613346516612,HSPA1B;HSPA1A
DR 19+,GO_Biological_Process_2023,Cellular Heat Acclimation (GO:0070370),0.0012748727776316516,0.01654501560304188,0,0,97.85,652.1613346516612,HSPA1B;HSPA1A
DR 19+,GO_Biological_Process_2023,Purine Ribonucleoside Triphosphate Metabolic Process (GO:0009205),0.0012748727776316516,0.01654501560304188,0,0,97.85,652.1613346516612,HSPA1B;HSPA1A
DR 19+,GO_Biological_Process_2023,Regulation Of T-helper 17 Cell Differentiation (GO:2000319),0.0012748727776316516,0.01654501560304188,0,0,97.85,652.1613346516612,NFKBIZ;JUNB
DR 19+,GO_Biological_Process_2023,Regulation Of Gene Expression (GO:0010468),0.0025108062888284347,0.02938418881642735,0,0,3.9529411764705884,23.666857088578496,EGR1;MAFB;CITED2;MYC;NFKBIZ;KLF4;HSPA1B;HSPA1A
DR 19+,GO_Biological_Process_2023,Regulation Of Mitotic Spindle Assembly (GO:1901673),0.0025157695904475474,0.02938418881642735,0,0,48.9,292.6751319287824,HSPA1B;HSPA1A
DR 19+,GO_Biological_Process_2023,Blood Vessel Endothelial Cell Migration (GO:0043534),0.0025157695904475474,0.02938418881642735,0,0,48.9,292.6751319287824,NR4A1;ID1
DR 19+,GO_Biological_Process_2023,Lysosomal Transport (GO:0007041),0.0025157695904475474,0.02938418881642735,0,0,48.9,292.6751319287824,HSPA1A;RHOB
DR 19+,GO_Biological_Process_2023,Cellular Response To Steroid Hormone Stimulus (GO:0071383),0.0025157695904475474,0.02938418881642735,0,0,48.9,292.6751319287824,HSPA1B;HSPA1A
DR 19+,GO_Biological_Process_2023,DNA Damage Response (GO:0006974),0.0027282893527771244,0.03124158788278119,0,0,8.138947368421052,48.05300026034752,PPP1R15A;BTG2;MYC;IER3
DR 19+,GO_Biological_Process_2023,Negative Regulation Of DNA-binding Transcription Factor Activity (GO:0043433),0.003100403206916042,0.034819912939210926,0,0,7.821862348178137,45.18082205254258,NFKBIA;ID1;ID3;KLF4
DR 19+,GO_Biological_Process_2023,Negative Regulation Of Apoptotic Process (GO:0043066),0.0033862868824515724,0.03731304791229657,0,0,4.151111111111111,23.611608305742237,SOCS3;CITED2;MYC;KLF4;HSPA1B;HSPA1A;IER3
DR 19+,GO_Biological_Process_2023,Cellular Response To Reactive Oxygen Species (GO:0034614),0.003988754579567497,0.041656779766773434,0,0,11.50887573964497,63.57820870845679,JUN;FOS;RHOB
DR 19+,GO_Biological_Process_2023,'De Novo' Post-Translational Protein Folding (GO:0051084),0.004137145935741197,0.041656779766773434,0,0,32.583333333333336,178.80915870884118,HSPA1B;HSPA1A
DR 19+,GO_Biological_Process_2023,Positive Regulation Of mRNA Catabolic Process (GO:0061014),0.004137145935741197,0.041656779766773434,0,0,32.583333333333336,178.80915870884118,ZFP36;BTG2
DR 19+,GO_Biological_Process_2023,Regulation Of Spindle Assembly (GO:0090169),0.004137145935741197,0.041656779766773434,0,0,32.583333333333336,178.80915870884118,HSPA1B;HSPA1A
DR 19+,GO_Biological_Process_2023,Chaperone Cofactor-Dependent Protein Refolding (GO:0051085),0.004137145935741197,0.041656779766773434,0,0,32.583333333333336,178.80915870884118,HSPA1B;HSPA1A
DR 19+,GO_Biological_Process_2023,Negative Regulation Of Programmed Cell Death (GO:0043069),0.004644498134723747,0.045206448511311136,0,0,4.429577464788732,23.796008878827713,SOCS3;CITED2;MYC;HSPA1B;HSPA1A;IER3
DR 19+,GO_Biological_Process_2023,Negative Regulation Of Cell Population Proliferation (GO:0008285),0.004644498134723747,0.045206448511311136,0,0,4.429577464788732,23.796008878827713,KLF10;BTG2;MYC;IRF1;HSPA1B;HSPA1A
DR 21+,GO_Biological_Process_2023,T Cell Receptor Signaling Pathway (GO:0050852),9.18046128451805e-11,7.15157934063956e-08,0,0,16.11627906976744,372.4691044069653,ITK;THEMIS;CD3G;PTPN22;CD3E;CD3D;ZAP70;PTPRC;LCK;TRBC1;CD28;CTLA4;FYN;SKAP1
DR 21+,GO_Biological_Process_2023,T Cell Activation (GO:0042110),2.1447928892608168e-09,8.353968303670881e-07,0,0,10.301470588235293,205.61964856570754,ITK;RHOH;CD3G;PTPN22;CD3E;LY9;CD3D;CD2;ZAP70;PTPRC;LCK;TRBC1;CD7;CD28;CCR7
DR 21+,GO_Biological_Process_2023,Antigen Receptor-Mediated Signaling Pathway (GO:0050851),1.3913333439195727e-08,3.612828916377824e-06,0,0,8.647058823529411,156.42891045908496,ITK;THEMIS;CD3G;PTPN22;CD3E;CD3D;ZAP70;PTPRC;LCK;TRBC1;CD28;CTLA4;FYN;MS4A1;SKAP1
DR 21+,GO_Biological_Process_2023,Lymphocyte Differentiation (GO:0030098),2.2645183286391186e-06,0.00044101494450246836,0,0,13.681159420289855,177.82974152459687,ZAP70;PTPRC;ITGA4;LCK;RHOH;PTPN22;IKZF1;MS4A1
DR 21+,GO_Biological_Process_2023,T Cell Differentiation (GO:0030217),4.668507662899191e-05,0.007273534938796939,0,0,13.411347517730496,133.73911085789635,ZAP70;PTPRC;LCK;CD28;RHOH;PTPN22
DR 21+,GO_Biological_Process_2023,Positive Regulation Of Antigen Receptor-Mediated Signaling Pathway (GO:0050857),0.00018357501735262067,0.02383415641961525,0,0,26.34722222222222,226.6621797598714,PTPRC;TESPA1;TRAT1;LCK
DR 21+,GO_Biological_Process_2023,Alpha-Beta T Cell Activation (GO:0046631),0.0003530788440695878,0.03929263136145842,0,0,19.75,156.9891786404046,TRBC1;CD3G;CD3E;CD3D
DR 21+,GO_Biological_Process_2023,Positive Regulation Of T Cell Receptor Signaling Pathway (GO:0050862),0.00046811653426905627,0.045582847524449355,0,0,58.7319587628866,450.2857872458315,TESPA1;TRAT1;LCK
DR 23-,GO_Biological_Process_2023,Defense Response To Virus (GO:0051607),2.4986011069613223e-12,1.7864997914773455e-09,0,0,18.039772727272727,481.93776170892244,GBP5;CD40;RSAD2;IFIT3;IFIT2;OASL;IFIH1;ISG20;CXCL10;PLSCR1;IFNL1;IFI27;IRF1;GBP2;APOBEC3B
DR 23-,GO_Biological_Process_2023,Defense Response To Symbiont (GO:0140546),1.7187398561265815e-11,6.144494985652529e-09,0,0,17.449673202614377,432.522338734013,GBP5;CD40;RSAD2;IFIT3;IFIT2;OASL;IFIH1;ISG20;PLSCR1;IFNL1;IFI27;IRF1;GBP2;APOBEC3B
DR 23-,GO_Biological_Process_2023,Cellular Response To Type II Interferon (GO:0071346),1.306068711994171e-09,2.439470889169648e-07,0,0,23.097238895558224,472.48275907601726,GBP5;CCL8;CCL20;CCL5;IRF1;CCL2;GBP2;GBP1;GBP4;CX3CL1
DR 23-,GO_Biological_Process_2023,Response To Type II Interferon (GO:0034341),1.3647389589760268e-09,2.439470889169648e-07,0,0,18.3046875,373.64082144635796,GBP5;CD40;CCL8;CCL20;UBD;CCL5;CCL2;GBP2;GBP1;GBP4;CX3CL1
DR 23-,GO_Biological_Process_2023,Response To Tumor Necrosis Factor (GO:0034612),5.742731295074734e-08,8.21210575195687e-06,0,0,17.289,288.25510233356727,CD40;CCL8;CCL20;UBD;CCL5;CCL2;GBP2;GBP1;CX3CL1
DR 23-,GO_Biological_Process_2023,Lymphocyte Chemotaxis (GO:0048247),8.201580609503528e-08,9.773550226325037e-06,0,0,21.591036414565828,352.2869901499023,CXCL10;CXCL11;CCL8;CCL20;CCL5;SAA1;CCL2;CX3CL1
DR 23-,GO_Biological_Process_2023,Cellular Response To Interleukin-1 (GO:0071347),1.2289034747066606e-07,1.2552371205932318e-05,0,0,20.141176470588235,320.48586350271466,CD40;CCL8;CCL20;CCL5;CCL2;GBP2;GBP1;CX3CL1
DR 23-,GO_Biological_Process_2023,Neutrophil Chemotaxis (GO:0030593),3.5275492290549235e-07,2.902724906326252e-05,0,0,13.257692307692308,196.97606125161488,CXCL10;CXCL11;CXCL9;CCL8;CCL20;CCL5;SAA1;CCL2;CX3CL1
DR 23-,GO_Biological_Process_2023,Chemokine-Mediated Signaling Pathway (GO:0070098),3.653779602368709e-07,2.902724906326252e-05,0,0,16.758169934640524,248.39518381587462,CXCL10;CXCL9;CXCL11;CCL8;CCL20;CCL5;CCL2;CX3CL1
DR 23-,GO_Biological_Process_2023,Granulocyte Chemotaxis (GO:0071621),4.5965331196764515e-07,2.9877465277896935e-05,0,0,12.76,186.20404252395718,CXCL10;CXCL11;CXCL9;CCL8;CCL20;CCL5;SAA1;CCL2;CX3CL1
DR 23-,GO_Biological_Process_2023,Neutrophil Migration (GO:1990266),4.5965331196764515e-07,2.9877465277896935e-05,0,0,12.76,186.20404252395718,CXCL10;CXCL11;CXCL9;CCL8;CCL20;CCL5;SAA1;CCL2;CX3CL1
DR 23-,GO_Biological_Process_2023,Response To Interleukin-1 (GO:0070555),6.941189240928031e-07,4.135791922719619e-05,0,0,15.066666666666666,213.65471279672144,CD40;CCL8;CCL20;CCL5;CCL2;GBP2;GBP1;CX3CL1
DR 23-,GO_Biological_Process_2023,Cellular Response To Chemokine (GO:1990869),9.36671001391996e-07,5.151690507655978e-05,0,0,14.341736694677872,199.07669671047964,CXCL10;CXCL9;CXCL11;CCL8;CCL20;CCL5;CCL2;CX3CL1
DR 23-,GO_Biological_Process_2023,Negative Regulation Of Viral Genome Replication (GO:0045071),2.2992311927444827e-06,0.00011742502162945035,0,0,16.19591346153846,210.27050396359184,IFIH1;ISG20;PLSCR1;RSAD2;CCL5;OASL;APOBEC3B
DR 23-,GO_Biological_Process_2023,Cellular Response To Tumor Necrosis Factor (GO:0071356),4.471570069218941e-06,0.00021314483996610285,0,0,11.119825708061002,136.97146624373661,CD40;CCL8;CCL20;CCL5;CCL2;GBP2;GBP1;CX3CL1
DR 23-,GO_Biological_Process_2023,Positive Regulation Of Innate Immune Response (GO:0045089),9.822761759628353e-06,0.000438954666133392,0,0,70.50909090909092,813.0268062299318,GBP5;PLSCR1;CCL5;IFI35
DR 23-,GO_Biological_Process_2023,Cellular Response To Cytokine Stimulus (GO:0071345),1.2355898283074804e-05,0.0005196745454352051,0,0,6.217391304347826,70.26508318102972,GBP5;CD40;CCL8;CCL20;CCL5;IRF1;CCL2;GBP2;GBP1;GBP4;CX3CL1
DR 23-,GO_Biological_Process_2023,Inflammatory Response (GO:0006954),1.3975026394463225e-05,0.0005551191040022892,0,0,6.125297619047619,68.4700385894209,CXCL10;CXCL11;CXCL9;CD40;CCL8;VCAM1;TNFAIP6;CCL20;CCL5;CCL2;CX3CL1
DR 23-,GO_Biological_Process_2023,Lymphocyte Migration (GO:0072676),1.961545343930293e-05,0.0007381604846895576,0,0,14.535849056603773,157.55687133168115,CCL8;CCL20;CCL5;SAA1;CCL2;CX3CL1
DR 23-,GO_Biological_Process_2023,Exocytosis (GO:0006887),2.2415255243635098e-05,0.0008013453749599548,0,0,46.981818181818184,502.9764829406745,CCL8;CCL5;TNFAIP2;STX11
DR 23-,GO_Biological_Process_2023,Positive Regulation Of Immune Response (GO:0050778),3.484870617470596e-05,0.0011865154721387983,0,0,12.812430632630411,131.51312436236566,GBP5;PLSCR1;IFNL1;RSAD2;CCL5;IFI35
DR 23-,GO_Biological_Process_2023,Positive Regulation Of Response To Biotic Stimulus (GO:0002833),4.3844116949961626e-05,0.0012487133138593953,0,0,35.21818181818182,353.409876576385,GBP5;PLSCR1;CCL5;IFI35
DR 23-,GO_Biological_Process_2023,Defense Response To Protozoan (GO:0042832),4.3844116949961626e-05,0.0012487133138593953,0,0,35.21818181818182,353.409876576385,CD40;GBP2;GBP1;GBP4
DR 23-,GO_Biological_Process_2023,Regulation Of Innate Immune Response (GO:0045088),4.511167462158482e-05,0.0012487133138593953,0,0,17.87962962962963,178.91018031410354,GBP5;PLSCR1;CCL5;IRF1;IFI35
DR 23-,GO_Biological_Process_2023,Negative Regulation Of Viral Process (GO:0048525),4.540775686761437e-05,0.0012487133138593953,0,0,12.09433962264151,120.9413113000956,IFIH1;ISG20;PLSCR1;RSAD2;CCL5;OASL
DR 23-,GO_Biological_Process_2023,Regulation Of Viral Genome Replication (GO:0045069),4.540775686761437e-05,0.0012487133138593953,0,0,12.09433962264151,120.9413113000956,IFIH1;ISG20;PLSCR1;RSAD2;CCL5;OASL
DR 23-,GO_Biological_Process_2023,Positive Regulation Of Hydrolase Activity (GO:0051345),5.7967215674938984e-05,0.0015350577484289397,0,0,8.875331564986737,86.58447709496004,CD40;CCL8;CCL20;CCL5;CCL2;CX3CL1;CTSS
DR 23-,GO_Biological_Process_2023,Positive Regulation Of Release Of Sequestered Calcium Ion Into Cytosol (GO:0051281),7.71838081966392e-05,0.0019029800986412769,0,0,28.16,266.6560754546928,CXCL10;CXCL9;CXCL11;CX3CL1
DR 23-,GO_Biological_Process_2023,Antiviral Innate Immune Response (GO:0140374),7.71838081966392e-05,0.0019029800986412769,0,0,28.16,266.6560754546928,IFIH1;CXCL10;IFIT3;IFIT2
DR 23-,GO_Biological_Process_2023,Monocyte Chemotaxis (GO:0002548),0.00012021968137155107,0.0028652357393553003,0,0,13.732193732193732,123.9493871445636,CCL8;CCL20;CCL5;CCL2;CX3CL1
DR 23-,GO_Biological_Process_2023,Cytokine-Mediated Signaling Pathway (GO:0019221),0.00014497975886678478,0.0033438879867661656,0,0,5.547540983606558,49.034251086795294,CXCL10;CXCL11;CXCL9;CCL8;CCL20;CCL5;CCL2;CX3CL1;OASL
DR 23-,GO_Biological_Process_2023,Cellular Response To Virus (GO:0098586),0.00019336123053410328,0.004066272936231878,0,0,20.093506493506492,171.8185785461515,IFIH1;CXCL10;IFNL1;CCL5
DR 23-,GO_Biological_Process_2023,Eosinophil Chemotaxis (GO:0048245),0.00019336123053410328,0.004066272936231878,0,0,20.093506493506492,171.8185785461515,CCL8;CCL5;CCL2;CX3CL1
DR 23-,GO_Biological_Process_2023,Eosinophil Migration (GO:0072677),0.00019336123053410328,0.004066272936231878,0,0,20.093506493506492,171.8185785461515,CCL8;CCL5;CCL2;CX3CL1
DR 23-,GO_Biological_Process_2023,Regulation Of Release Of Sequestered Calcium Ion Into Cytosol (GO:0051279),0.00028367325923760335,0.0056340661209690664,0,0,17.572727272727274,143.52854449578297,CXCL10;CXCL9;CXCL11;CX3CL1
DR 23-,GO_Biological_Process_2023,Positive Regulation Of Calcium Ion Transmembrane Transport (GO:1904427),0.00028367325923760335,0.0056340661209690664,0,0,17.572727272727274,143.52854449578297,CXCL10;CXCL9;CXCL11;CX3CL1
DR 23-,GO_Biological_Process_2023,Positive Regulation Of GTPase Activity (GO:0043547),0.00042518730311467376,0.00821645734397275,0,0,7.463890696161354,57.94203996543529,CD40;CCL8;CCL20;CCL5;CCL2;CX3CL1
DR 23-,GO_Biological_Process_2023,Regulation Of GTPase Activity (GO:0043087),0.0004986316948765212,0.009382148995702963,0,0,7.211320754716981,54.83230728763136,CD40;CCL8;CCL20;CCL5;CCL2;CX3CL1
DR 23-,GO_Biological_Process_2023,Macrophage Chemotaxis (GO:0048246),0.00078506679397184,0.014392891222817067,0,0,25.941964285714285,185.47834528466046,CCL5;SAA1;CCL2
DR 23-,GO_Biological_Process_2023,Cellular Response To Lipopolysaccharide (GO:0071222),0.0008963402010481074,0.01602208109373492,0,0,6.349611542730299,44.55643397655896,CXCL10;CXCL11;CXCL9;CCL5;CCL2;GBP2
DR 23-,GO_Biological_Process_2023,Vesicle-Mediated Transport (GO:0016192),0.001220847467132574,0.01954020736426032,0,0,10.786013986013986,72.35484705585917,CCL8;CCL5;TNFAIP2;STX11
DR 23-,GO_Biological_Process_2023,Positive Regulation Of Tyrosine Phosphorylation Of STAT Protein (GO:0042531),0.001220847467132574,0.01954020736426032,0,0,10.786013986013986,72.35484705585917,CD40;IFNL1;CCL5;PARP14
DR 23-,GO_Biological_Process_2023,Positive Regulation Of Lymphocyte Migration (GO:2000403),0.0012298032606877125,0.01954020736426032,0,0,20.742857142857144,138.9958336867291,CXCL10;CCL20;CCL5
DR 23-,GO_Biological_Process_2023,Macrophage Migration (GO:1905517),0.0012298032606877125,0.01954020736426032,0,0,20.742857142857144,138.9958336867291,CCL5;SAA1;CCL2
DR 23-,GO_Biological_Process_2023,Negative Regulation Of Cell-Substrate Adhesion (GO:0010812),0.0012298032606877125,0.01954020736426032,0,0,20.742857142857144,138.9958336867291,CDKN2A;GBP1;CX3CL1
DR 23-,GO_Biological_Process_2023,Regulation Of Tyrosine Phosphorylation Of STAT Protein (GO:0042509),0.0015353140765435483,0.023864120972361673,0,0,10.01038961038961,64.8575175841811,CD40;IFNL1;CCL5;PARP14
DR 23-,GO_Biological_Process_2023,Positive Regulation Of Response To Stimulus (GO:0048584),0.0018061162686429369,0.027476024086802126,0,0,17.276785714285715,109.13013772213661,IFIH1;IFNL1;RSAD2
DR 23-,GO_Biological_Process_2023,Regulation Of ERK1 And ERK2 Cascade (GO:0070372),0.002058014107163538,0.030655835137956867,0,0,4.53125,28.030374971442008,CCL8;CCL20;CCL5;CCL2;GBP1;CX3CL1;ICAM1
DR 23-,GO_Biological_Process_2023,Positive Regulation Of Programmed Cell Death (GO:0043068),0.0021352306540779594,0.031156937095219207,0,0,5.246203405430281,32.259852222372444,GBP5;UBD;TNFSF10;GBP2;GBP1;IFIT2
DR 23-,GO_Biological_Process_2023,Positive Regulation Of Pattern Recognition Receptor Signaling Pathway (GO:0062208),0.002526250320354264,0.03541703880496664,0,0,14.801020408163266,88.52518668483454,RSAD2;IFI35;OASL
DR 23-,GO_Biological_Process_2023,Interferon-Mediated Signaling Pathway (GO:0140888),0.002526250320354264,0.03541703880496664,0,0,14.801020408163266,88.52518668483454,IFNL1;IFI27;IRF1
DR 23-,GO_Biological_Process_2023,Cellular Response To Molecule Of Bacterial Origin (GO:0071219),0.0027159688591248668,0.037344571812966916,0,0,6.104725415070242,36.07042048225479,CXCL10;CXCL11;CXCL9;CCL2;GBP2
DR 23-,GO_Biological_Process_2023,Positive Regulation Of Defense Response (GO:0031349),0.003097767124572967,0.041790631963578705,0,0,5.898148148148148,34.07403660090054,GBP5;PLSCR1;CCL5;IFI35;CX3CL1
DR 23-,GO_Biological_Process_2023,Protein Localization To Organelle (GO:0033365),0.0034010877752707115,0.04421414107851925,0,0,12.944196428571429,73.57041101531087,GBP5;GBP2;GBP1
DR 23-,GO_Biological_Process_2023,Regulation Of T Cell Migration (GO:2000404),0.0034010877752707115,0.04421414107851925,0,0,12.944196428571429,73.57041101531087,CXCL10;CCL20;CCL5
DR 23-,GO_Biological_Process_2023,Regulation Of Immune Response (GO:0050776),0.003978421595396755,0.04990532105212692,0,0,7.356937799043062,40.66083971401299,PLSCR1;IFNL1;RSAD2;IRF1
DR 23-,GO_Biological_Process_2023,Positive Regulation Of ERK1 And ERK2 Cascade (GO:0070374),0.003978466153805923,0.04990532105212692,0,0,4.562023283821758,25.213659090651404,CCL8;CCL20;CCL5;CCL2;CX3CL1;ICAM1
DR 24-,GO_Biological_Process_2023,Cellular Response To Decreased Oxygen Levels (GO:0036294),6.226632754530489e-05,0.027303784628616195,0,0,16.612068965517242,160.87276707977387,EGLN3;BNIP3;HILPDA;NDRG1;VEGFA
DR 24-,GO_Biological_Process_2023,Cellular Response To Hypoxia (GO:0071456),6.226632754530489e-05,0.027303784628616195,0,0,16.612068965517242,160.87276707977387,EGLN3;BNIP3;HILPDA;NDRG1;VEGFA
DR 24-,GO_Biological_Process_2023,Macromolecule Modification (GO:0043412),0.0001630555046629691,0.031241665780259806,0,0,21.819209039548024,190.29448382630855,ERO1A;LOX;PLOD2;LOXL2
DR 24-,GO_Biological_Process_2023,Cholesterol Homeostasis (GO:0042632),0.00025019400873790154,0.031241665780259806,0,0,18.692493946731236,155.0219722885425,FABP3;CAV1;INSIG1;MALL
DR 24-,GO_Biological_Process_2023,Sterol Homeostasis (GO:0055092),0.00025019400873790154,0.031241665780259806,0,0,18.692493946731236,155.0219722885425,FABP3;CAV1;INSIG1;MALL
DR 24-,GO_Biological_Process_2023,'De Novo' Post-Translational Protein Folding (GO:0051084),0.0002849866889875467,0.031241665780259806,0,0,48.375,394.8884185680088,ERO1A;HSPA6;HSPA1A
DR 24-,GO_Biological_Process_2023,Peptidyl-Lysine Modification (GO:0018205),0.0002849866889875467,0.031241665780259806,0,0,48.375,394.8884185680088,LOX;PLOD2;LOXL2
DR 24-,GO_Biological_Process_2023,Chaperone Cofactor-Dependent Protein Refolding (GO:0051085),0.0002849866889875467,0.031241665780259806,0,0,48.375,394.8884185680088,ERO1A;HSPA6;HSPA1A
DR 24-,GO_Biological_Process_2023,Regulation Of Apoptotic Process (GO:0042981),0.00036153202057279127,0.0352292868935931,0,0,3.7980218636127017,30.09993073736956,EGLN3;LGALS1;CITED2;BNIP3;IGFBP3;PIM1;ANGPTL4;NUPR1;CRYAB;PHLDA1;VEGFA;HSPA1A
DR 25-,GO_Biological_Process_2023,Axon Development (GO:0061564),5.494889723712018e-06,0.005582807959291411,0,0,49.94736842105263,604.94714446369,S100A6;SLITRK6;S100B;FOLR1;GPM6B
DR 26-,GO_Biological_Process_2023,Fatty Acid Transport (GO:0015908),5.244765998157029e-06,0.0010594427316277198,0,0,57.01449275362319,693.1981630442244,FABP5;CRABP2;FABP7;CRABP1
DR 26-,GO_Biological_Process_2023,Monocarboxylic Acid Transport (GO:0015718),1.7368011410135153e-05,0.0017541691524236504,0,0,37.95169082125604,415.98394666642474,FABP5;CRABP2;FABP7;CRABP1
DR 26-,GO_Biological_Process_2023,Lipid Transport (GO:0006869),3.254868380100688e-05,0.0021916113759344632,0,0,31.0197628458498,320.52018742917414,FABP5;CRABP2;FABP7;CRABP1
DR 26-,GO_Biological_Process_2023,Purine-Containing Compound Biosynthetic Process (GO:0072522),0.0005223549337523973,0.026378924154496063,0,0,157.76,1192.2180745448827,PNP;PAICS
DR 27-,GO_Biological_Process_2023,MHC Class II Protein Complex Assembly (GO:0002399),5.020373763687598e-14,6.978319531525761e-12,0,0,inf,inf,HLA-DRB5;HLA-DMA;HLA-DRA;HLA-DQA2;HLA-DQA1;HLA-DQB2;HLA-DRB1;HLA-DPA1
DR 27-,GO_Biological_Process_2023,Immunoglobulin Production Involved In Immunoglobulin-Mediated Immune Response (GO:0002381),5.020373763687598e-14,6.978319531525761e-12,0,0,inf,inf,HLA-DRB5;HLA-DMA;HLA-DRA;HLA-DQA2;HLA-DQA1;HLA-DQB2;HLA-DRB1;HLA-DPA1
DR 27-,GO_Biological_Process_2023,Peptide Antigen Assembly With MHC Class II Protein Complex (GO:0002503),5.020373763687598e-14,6.978319531525761e-12,0,0,inf,inf,HLA-DRB5;HLA-DMA;HLA-DRA;HLA-DQA2;HLA-DQA1;HLA-DQB2;HLA-DRB1;HLA-DPA1
DR 27-,GO_Biological_Process_2023,Peptide Antigen Assembly With MHC Protein Complex (GO:0002501),5.020373763687598e-14,6.978319531525761e-12,0,0,inf,inf,HLA-DRB5;HLA-DMA;HLA-DRA;HLA-DQA2;HLA-DQA1;HLA-DQB2;HLA-DRB1;HLA-DPA1
DR 27-,GO_Biological_Process_2023,Antigen Processing And Presentation Of Exogenous Peptide Antigen (GO:0002478),6.557465710295827e-13,5.2085013356064e-11,0,0,115.40131578947368,3237.3533432516574,HLA-DMA;HLA-DRB5;HLA-DRA;HLA-DQA2;CTSS;HLA-DQA1;HLA-DQB2;HLA-DRB1;HLA-DPA1
DR 27-,GO_Biological_Process_2023,Antigen Processing And Presentation Of Exogenous Peptide Antigen Via MHC Class II (GO:0019886),6.557465710295827e-13,5.2085013356064e-11,0,0,115.40131578947368,3237.3533432516574,HLA-DMA;HLA-DRB5;HLA-DRA;HLA-DQA2;CTSS;HLA-DQA1;HLA-DQB2;HLA-DRB1;HLA-DPA1
DR 27-,GO_Biological_Process_2023,Antigen Processing And Presentation Of Peptide Antigen Via MHC Class II (GO:0002495),6.557465710295827e-13,5.2085013356064e-11,0,0,115.40131578947368,3237.3533432516574,HLA-DMA;HLA-DRB5;HLA-DRA;HLA-DQA2;CTSS;HLA-DQA1;HLA-DQB2;HLA-DRB1;HLA-DPA1
DR 27-,GO_Biological_Process_2023,Immunoglobulin Mediated Immune Response (GO:0016064),1.8045637810621659e-12,1.2541718278382054e-10,0,0,92.27368421052631,2495.1452180229226,CD74;HLA-DMA;HLA-DRB5;HLA-DRA;HLA-DQA2;HLA-DQA1;HLA-DQB2;HLA-DRB1;HLA-DPA1
DR 27-,GO_Biological_Process_2023,Positive Regulation Of Lymphocyte Activation (GO:0051251),2.346440350694291e-10,1.4495787055400287e-08,0,0,38.30921052631579,849.4282667946917,PYCARD;HLA-DMA;HLA-DRB5;HLA-DRA;HLA-DQA2;HLA-DQA1;HLA-DQB2;HLA-DRB1;HLA-DPA1
DR 27-,GO_Biological_Process_2023,Positive Regulation Of Leukocyte Cell-Cell Adhesion (GO:1903039),9.907521287483453e-10,5.5085818358408005e-08,0,0,30.6,634.4162360982584,PYCARD;HLA-DMA;HLA-DRB5;HLA-DRA;HLA-DQA2;HLA-DQA1;HLA-DQB2;HLA-DRB1;HLA-DPA1
DR 27-,GO_Biological_Process_2023,Regulation Of T Cell Activation (GO:0050863),1.849064257237455e-08,9.346179336582046e-07,0,0,19.874141876430205,353.87899091534376,PYCARD;HLA-DRB5;HLA-DMA;HLA-DRA;HLA-DQA2;HLA-DQA1;HLA-DRB1;HLA-DQB2;HLA-DPA1
DR 27-,GO_Biological_Process_2023,Positive Regulation Of T Cell Activation (GO:0050870),2.6001139365270085e-08,1.204719457257514e-06,0,0,15.254372019077902,266.41952140348315,PYCARD;HLA-DRB5;HLA-DMA;VCAM1;HLA-DRA;HLA-DQA2;HLA-DQA1;HLA-DRB1;HLA-DQB2;HLA-DPA1
DR 27-,GO_Biological_Process_2023,Response To Type II Interferon (GO:0034341),7.347710670694559e-07,3.142559333004749e-05,0,0,14.632478632478632,206.66483883487476,BST2;CD74;CD40;IFITM1;UBD;GBP2;GBP4;HLA-DPA1
DR 27-,GO_Biological_Process_2023,Antigen Processing And Presentation Of Endogenous Peptide Antigen (GO:0002483),3.887456918595778e-06,0.00015438757476708947,0,0,90.74418604651163,1130.468870341489,HLA-B;TAP1;HLA-DRA;HLA-DRB1
DR 27-,GO_Biological_Process_2023,Regulation Of I-kappaB kinase/NF-kappaB Signaling (GO:0043122),6.698539242826372e-05,0.002413047553829841,0,0,8.588461538461539,82.54401290883565,PYCARD;BST2;CD74;CD40;UBD;HLA-DRB1;LTF
DR 27-,GO_Biological_Process_2023,Positive Regulation Of I-kappaB kinase/NF-kappaB Signaling (GO:0043123),6.944021737639831e-05,0.002413047553829841,0,0,10.846153846153847,103.85240418190155,BST2;CD74;CD40;UBD;HLA-DRB1;LTF
DR 27-,GO_Biological_Process_2023,Positive Regulation Of T Cell Mediated Cytotoxicity (GO:0001916),0.00023171340325331565,0.007578391306402558,0,0,44.31818181818182,370.94359312426775,HLA-B;HLA-DRA;HLA-DRB1
DR 27-,GO_Biological_Process_2023,Regulation Of Cysteine-Type Endopeptidase Activity (GO:2000116),0.00039881392171224616,0.012318918915111604,0,0,33.22159090909091,260.0259106835987,PYCARD;PSMB9;LTF
DR 27-,GO_Biological_Process_2023,"Regulation Of CD4-positive, Alpha-Beta T Cell Activation (GO:2000514)",0.0005407557934822145,0.015033011058805563,0,0,inf,inf,HLA-DRA;HLA-DRB1
DR 27-,GO_Biological_Process_2023,Detection Of Bacterium (GO:0016045),0.0005407557934822145,0.015033011058805563,0,0,inf,inf,HLA-B;HLA-DRB1
DR 27-,GO_Biological_Process_2023,Positive Regulation Of T Cell Mediated Immunity (GO:0002711),0.0006275905763967164,0.015860925476207925,0,0,26.563636363636363,195.87022816784216,HLA-B;HLA-DRA;HLA-DRB1
DR 27-,GO_Biological_Process_2023,Defense Response To Protozoan (GO:0042832),0.0006275905763967164,0.015860925476207925,0,0,26.563636363636363,195.87022816784216,CD40;GBP2;GBP4
DR 27-,GO_Biological_Process_2023,Defense Response To Symbiont (GO:0140546),0.0007072937057921601,0.017098056540019176,0,0,6.658536585365853,48.30145421798612,PYCARD;BST2;CD40;IFITM1;GBP2;IFI44L
DR 27-,GO_Biological_Process_2023,Defense Response To Virus (GO:0051607),0.0009840376809116713,0.022796872941120386,0,0,6.204878048780488,42.96162234215372,PYCARD;BST2;CD40;IFITM1;GBP2;IFI44L
DR 27-,GO_Biological_Process_2023,Regulation Of Viral Entry Into Host Cell (GO:0046596),0.0013009407981393745,0.027820118606365084,0,0,18.954545454545453,125.94665377735751,CD74;IFITM1;HLA-DRB1
DR 27-,GO_Biological_Process_2023,Regulation Of T Cell Mediated Cytotoxicity (GO:0001914),0.0013009407981393745,0.027820118606365084,0,0,18.954545454545453,125.94665377735751,HLA-B;HLA-DRA;HLA-DRB1
DR 27-,GO_Biological_Process_2023,Positive Regulation Of Memory T Cell Differentiation (GO:0043382),0.0015979199601930207,0.029050532030598153,0,0,86.75555555555556,558.623578657071,HLA-DRA;HLA-DRB1
DR 27-,GO_Biological_Process_2023,Positive Regulation Of Monocyte Differentiation (GO:0045657),0.0015979199601930207,0.029050532030598153,0,0,86.75555555555556,558.623578657071,CD74;HLA-DRB1
DR 27-,GO_Biological_Process_2023,"Positive Regulation Of CD4-positive, Alpha-Beta T Cell Differentiation (GO:0043372)",0.0015979199601930207,0.029050532030598153,0,0,86.75555555555556,558.623578657071,HLA-DRA;HLA-DRB1
DR 27-,GO_Biological_Process_2023,Positive Regulation Of Alpha-Beta T Cell Activation (GO:0046635),0.0015979199601930207,0.029050532030598153,0,0,86.75555555555556,558.623578657071,HLA-DRA;HLA-DRB1
DR 27-,GO_Biological_Process_2023,Response To Cytokine (GO:0034097),0.0016197239081808324,0.029050532030598153,0,0,6.926406926406926,44.50562473635361,BST2;CD74;CD40;IFITM1;UBD
DR 27-,GO_Biological_Process_2023,Positive Regulation Of Immune Response (GO:0050778),0.0017095110117021847,0.02970275382832546,0,0,9.468788249694002,60.330837958238156,PYCARD;CD74;HLA-DRA;HLA-DRB1
DR 27-,GO_Biological_Process_2023,Regulation Of Memory T Cell Differentiation (GO:0043380),0.0031479396593526673,0.04730417434054278,0,0,43.355555555555554,249.77166409718157,HLA-DRA;HLA-DRB1
DR 27-,GO_Biological_Process_2023,Positive Regulation Of Viral Entry Into Host Cell (GO:0046598),0.0031479396593526673,0.04730417434054278,0,0,43.355555555555554,249.77166409718157,CD74;HLA-DRB1
DR 27-,GO_Biological_Process_2023,Positive Regulation By Symbiont Of Entry Into Host (GO:0075294),0.0031479396593526673,0.04730417434054278,0,0,43.355555555555554,249.77166409718157,CD74;HLA-DRB1
DR 27-,GO_Biological_Process_2023,"Positive Regulation Of CD4-positive, CD25-positive, Alpha-Beta Regulatory T Cell Differentiation (GO:0032831)",0.0031479396593526673,0.04730417434054278,0,0,43.355555555555554,249.77166409718157,HLA-DRA;HLA-DRB1
DR 27-,GO_Biological_Process_2023,Regulation Of T-helper Cell Differentiation (GO:0045622),0.0031479396593526673,0.04730417434054278,0,0,43.355555555555554,249.77166409718157,HLA-DRA;HLA-DRB1
DR 28+,GO_Biological_Process_2023,Regulation Of DNA-templated Transcription (GO:0006355),3.431580049708517e-05,0.01818737426345514,0,0,5.2894736842105265,54.37528514336782,EGR1;KLF6;JUND;CEBPD;BAMBI;EPAS1;MAFF;FOSB;KLF4;MRPL12;ESR1;HES4
DR 28+,GO_Biological_Process_2023,Regulation Of Transcription By RNA Polymerase II (GO:0006357),7.426277557843638e-05,0.019679635528285642,0,0,4.837710437710438,45.996470618780336,EGR1;MUC1;KLF6;JUND;CEBPD;EPAS1;MAFF;FOSB;KLF4;ESR1;VEGFA;HES4
DR 28+,GO_Biological_Process_2023,Positive Regulation Of Transcription By RNA Polymerase II (GO:0045944),0.00018780549564670243,0.03317897089758409,0,0,5.4676470588235295,46.91297891457042,EGR1;MUC1;KLF6;JUND;EPAS1;MAFF;KLF4;ESR1;VEGFA
DR 28+,GO_Biological_Process_2023,Positive Regulation Of DNA-templated Transcription (GO:0045893),0.00026818666608238674,0.035534733255916245,0,0,4.739434793881255,38.9762932666464,EGR1;KLF6;JUND;BAMBI;EPAS1;MAFF;KLF4;MRPL12;ESR1;VEGFA
DR 29+,GO_Biological_Process_2023,Negative Regulation Of Apoptotic Process (GO:0043066),1.2876724300851633e-05,0.013378916548584847,0,0,4.277483833039389,48.16484948635308,ANXA1;CAV1;SPHK1;PLAUR;FHL2;HSPB1;DKK1;THBS1;FSTL1;CLCF1;PIM1;FLNA;SFN;ITGA5;CRYAB;CD44
DR 30+,GO_Biological_Process_2023,Cellular Heat Acclimation (GO:0070370),7.510009842762841e-09,5.670057431285945e-07,0,0,inf,inf,HSPA6;HSPA1B;HSPA1A
DR 30+,GO_Biological_Process_2023,Heat Acclimation (GO:0010286),7.510009842762841e-09,5.670057431285945e-07,0,0,inf,inf,HSPA6;HSPA1B;HSPA1A
DR 30+,GO_Biological_Process_2023,'De Novo' Post-Translational Protein Folding (GO:0051084),7.4990184702631e-08,2.83087947252432e-06,0,0,1494.75,24522.731883745313,HSPA6;HSPA1B;HSPA1A
DR 30+,GO_Biological_Process_2023,Chaperone Cofactor-Dependent Protein Refolding (GO:0051085),7.4990184702631e-08,2.83087947252432e-06,0,0,1494.75,24522.731883745313,HSPA6;HSPA1B;HSPA1A
DR 30+,GO_Biological_Process_2023,Response To Unfolded Protein (GO:0006986),1.4986922098152683e-07,3.7717087280350923e-06,0,0,996.0,15650.648772131346,HSPA6;HSPB1;HSPA1A
DR 30+,GO_Biological_Process_2023,Cellular Response To Heat (GO:0034605),1.4986922098152683e-07,3.7717087280350923e-06,0,0,996.0,15650.648772131346,HSPA6;HSPA1B;HSPA1A
DR 30+,GO_Biological_Process_2023,ATP Metabolic Process (GO:0046034),5.002145896165061e-06,8.392489225788047e-05,0,0,inf,inf,HSPA1B;HSPA1A
DR 30+,GO_Biological_Process_2023,Regulation Of Microtubule Nucleation (GO:0010968),5.002145896165061e-06,8.392489225788047e-05,0,0,inf,inf,HSPA1B;HSPA1A
DR 30+,GO_Biological_Process_2023,Positive Regulation Of Microtubule Nucleation (GO:0090063),5.002145896165061e-06,8.392489225788047e-05,0,0,inf,inf,HSPA1B;HSPA1A
DR 30+,GO_Biological_Process_2023,Negative Regulation Of Inclusion Body Assembly (GO:0090084),1.499159826495465e-05,0.0001509154225338768,0,0,1329.3333333333333,14766.262090089025,HSPA1B;HSPA1A
DR 30+,GO_Biological_Process_2023,Positive Regulation Of Microtubule Polymerization (GO:0031116),1.499159826495465e-05,0.0001509154225338768,0,0,1329.3333333333333,14766.262090089025,HSPA1B;HSPA1A
DR 30+,GO_Biological_Process_2023,Positive Regulation Of Tumor Necrosis Factor-Mediated Signaling Pathway (GO:1903265),1.499159826495465e-05,0.0001509154225338768,0,0,1329.3333333333333,14766.262090089025,HSPA1B;HSPA1A
DR 30+,GO_Biological_Process_2023,Regulation Of Nucleotide-Binding Oligomerization Domain Containing 2 Signaling Pathway (GO:0070432),1.499159826495465e-05,0.0001509154225338768,0,0,1329.3333333333333,14766.262090089025,HSPA1B;HSPA1A
DR 30+,GO_Biological_Process_2023,Purine Ribonucleoside Triphosphate Metabolic Process (GO:0009205),1.499159826495465e-05,0.0001509154225338768,0,0,1329.3333333333333,14766.262090089025,HSPA1B;HSPA1A
DR 30+,GO_Biological_Process_2023,Regulation Of Inclusion Body Assembly (GO:0090083),1.499159826495465e-05,0.0001509154225338768,0,0,1329.3333333333333,14766.262090089025,HSPA1B;HSPA1A
DR 30+,GO_Biological_Process_2023,mRNA Catabolic Process (GO:0006402),2.995338733429183e-05,0.00023805060460410876,0,0,664.3333333333334,6919.608401110059,HSPA1B;HSPA1A
DR 30+,GO_Biological_Process_2023,mRNA Metabolic Process (GO:0016071),2.995338733429183e-05,0.00023805060460410876,0,0,664.3333333333334,6919.608401110059,HSPA1B;HSPA1A
DR 30+,GO_Biological_Process_2023,Regulation Of Mitotic Spindle Assembly (GO:1901673),2.995338733429183e-05,0.00023805060460410876,0,0,664.3333333333334,6919.608401110059,HSPA1B;HSPA1A
DR 30+,GO_Biological_Process_2023,Cellular Response To Steroid Hormone Stimulus (GO:0071383),2.995338733429183e-05,0.00023805060460410876,0,0,664.3333333333334,6919.608401110059,HSPA1B;HSPA1A
DR 30+,GO_Biological_Process_2023,Regulation Of Protein Modification By Small Protein Conjugation Or Removal (GO:1903320),4.98725595601818e-05,0.00035860745207559293,0,0,442.6666666666667,4385.0735362734595,HSPA1B;HSPA1A
DR 30+,GO_Biological_Process_2023,Regulation Of Spindle Assembly (GO:0090169),4.98725595601818e-05,0.00035860745207559293,0,0,442.6666666666667,4385.0735362734595,HSPA1B;HSPA1A
DR 30+,GO_Biological_Process_2023,Negative Regulation Of Extrinsic Apoptotic Signaling Pathway In Absence Of Ligand (GO:2001240),7.47341768153524e-05,0.0004513944279647285,0,0,331.8333333333333,3152.9386569261205,HSPA1B;HSPA1A
DR 30+,GO_Biological_Process_2023,Negative Regulation Of Signal Transduction In Absence Of Ligand (GO:1901099),7.47341768153524e-05,0.0004513944279647285,0,0,331.8333333333333,3152.9386569261205,HSPA1B;HSPA1A
DR 30+,GO_Biological_Process_2023,Response To Steroid Hormone (GO:0048545),7.47341768153524e-05,0.0004513944279647285,0,0,331.8333333333333,3152.9386569261205,HSPA1B;HSPA1A
DR 30+,GO_Biological_Process_2023,Purine Ribonucleotide Metabolic Process (GO:0009150),7.47341768153524e-05,0.0004513944279647285,0,0,331.8333333333333,3152.9386569261205,HSPA1B;HSPA1A
DR 30+,GO_Biological_Process_2023,Regulation Of Extrinsic Apoptotic Signaling Pathway In Absence Of Ligand (GO:2001239),0.0001045233193210714,0.0005636793291957779,0,0,265.3333333333333,2432.0719622015695,HSPA1B;HSPA1A
DR 30+,GO_Biological_Process_2023,RNA Catabolic Process (GO:0006401),0.0001045233193210714,0.0005636793291957779,0,0,265.3333333333333,2432.0719622015695,HSPA1B;HSPA1A
DR 30+,GO_Biological_Process_2023,Positive Regulation Of Erythrocyte Differentiation (GO:0045648),0.0001045233193210714,0.0005636793291957779,0,0,265.3333333333333,2432.0719622015695,HSPA1B;HSPA1A
DR 30+,GO_Biological_Process_2023,Regulation Of Mitotic Spindle Organization (GO:0060236),0.00013922508713379915,0.0007007662719067891,0,0,221.0,1962.351511183426,HSPA1B;HSPA1A
DR 30+,GO_Biological_Process_2023,Positive Regulation Of Myeloid Cell Differentiation (GO:0045639),0.00013922508713379915,0.0007007662719067891,0,0,221.0,1962.351511183426,HSPA1B;HSPA1A
DR 30+,GO_Biological_Process_2023,Negative Regulation Of Protein Modification By Small Protein Conjugation Or Removal (GO:1903321),0.0001788246009500497,0.000771500421241643,0,0,189.33333333333334,1633.7772351981703,HSPA1B;HSPA1A
DR 30+,GO_Biological_Process_2023,Regulation Of Proteasomal Ubiquitin-Dependent Protein Catabolic Process (GO:0032434),0.0001788246009500497,0.000771500421241643,0,0,189.33333333333334,1633.7772351981703,HSPA1B;HSPA1A
DR 30+,GO_Biological_Process_2023,Positive Regulation Of Cytokine-Mediated Signaling Pathway (GO:0001961),0.0001788246009500497,0.000771500421241643,0,0,189.33333333333334,1633.7772351981703,HSPA1B;HSPA1A
DR 30+,GO_Biological_Process_2023,Negative Regulation Of Cellular Component Organization (GO:0051129),0.0001788246009500497,0.000771500421241643,0,0,189.33333333333334,1633.7772351981703,HSPA1B;HSPA1A
DR 30+,GO_Biological_Process_2023,Regulation Of Tumor Necrosis Factor-Mediated Signaling Pathway (GO:0010803),0.0001788246009500497,0.000771500421241643,0,0,189.33333333333334,1633.7772351981703,HSPA1B;HSPA1A
DR 30+,GO_Biological_Process_2023,Negative Regulation Of Protein Ubiquitination (GO:0031397),0.0002233070026167794,0.0008224233511008217,0,0,165.58333333333334,1392.0529633615458,HSPA1B;HSPA1A
DR 30+,GO_Biological_Process_2023,Positive Regulation Of Proteasomal Protein Catabolic Process (GO:1901800),0.0002233070026167794,0.0008224233511008217,0,0,165.58333333333334,1392.0529633615458,HSPA1B;HSPA1A
DR 30+,GO_Biological_Process_2023,Positive Regulation Of Proteasomal Ubiquitin-Dependent Protein Catabolic Process (GO:0032436),0.0002233070026167794,0.0008224233511008217,0,0,165.58333333333334,1392.0529633615458,HSPA1B;HSPA1A
DR 30+,GO_Biological_Process_2023,Negative Regulation Of Intrinsic Apoptotic Signaling Pathway (GO:2001243),0.0002233070026167794,0.0008224233511008217,0,0,165.58333333333334,1392.0529633615458,HSPB1;HSPA1A
DR 30+,GO_Biological_Process_2023,Regulation Of Erythrocyte Differentiation (GO:0045646),0.0002233070026167794,0.0008224233511008217,0,0,165.58333333333334,1392.0529633615458,HSPA1B;HSPA1A
DR 30+,GO_Biological_Process_2023,Positive Regulation Of Ubiquitin-Dependent Protein Catabolic Process (GO:2000060),0.0002233070026167794,0.0008224233511008217,0,0,165.58333333333334,1392.0529633615458,HSPA1B;HSPA1A
DR 30+,GO_Biological_Process_2023,Cellular Response To Chemical Stress (GO:0062197),0.0003268611444054973,0.0011751436382197642,0,0,132.33333333333334,1062.1040398339715,HSPA1B;HSPA1A
DR 30+,GO_Biological_Process_2023,Regulation Of Protein Ubiquitination (GO:0031396),0.00038590327628149307,0.0013551487143838477,0,0,120.24242424242425,945.0962920103668,HSPA1B;HSPA1A
DR 30+,GO_Biological_Process_2023,Negative Regulation Of Extrinsic Apoptotic Signaling Pathway (GO:2001237),0.00044976907973053894,0.0015435257054388948,0,0,110.16666666666667,849.0298516475448,HSPA1B;HSPA1A
DR 30+,GO_Biological_Process_2023,Positive Regulation Of Interleukin-8 Production (GO:0032757),0.0005184438054857278,0.0017047928158232903,0,0,101.64102564102564,768.8817235832724,HSPA1B;HSPA1A
DR 30+,GO_Biological_Process_2023,Negative Regulation Of Programmed Cell Death (GO:0043069),0.0005193408578004726,0.0017047928158232903,0,0,38.939189189189186,294.4951460028642,HSPB1;HSPA1B;HSPA1A
DR 30+,GO_Biological_Process_2023,Negative Regulation Of Cell Growth (GO:0030308),0.000591912726210038,0.0019016770565471433,0,0,94.33333333333333,701.0996112389995,HSPA1B;HSPA1A
DR 30+,GO_Biological_Process_2023,Protein Stabilization (GO:0050821),0.0007531743539505748,0.0023210066825823834,0,0,82.45833333333333,592.9755055165082,HSPA1B;HSPA1A
DR 30+,GO_Biological_Process_2023,Cellular Response To Oxidative Stress (GO:0034599),0.0007531743539505748,0.0023210066825823834,0,0,82.45833333333333,592.9755055165082,HSPA1B;HSPA1A
DR 30+,GO_Biological_Process_2023,Cellular Response To Hormone Stimulus (GO:0032870),0.001030656346391186,0.0029929956210200505,0,0,69.33333333333333,476.8441218790841,HSPA1B;HSPA1A
DR 30+,GO_Biological_Process_2023,Regulation Of Interleukin-8 Production (GO:0032677),0.001030656346391186,0.0029929956210200505,0,0,69.33333333333333,476.8441218790841,HSPA1B;HSPA1A
DR 30+,GO_Biological_Process_2023,Negative Regulation Of Apoptotic Process (GO:0043066),0.0010307004787618718,0.0029929956210200505,0,0,30.335106382978722,208.6301986648301,HSPB1;HSPA1B;HSPA1A
DR 30+,GO_Biological_Process_2023,Negative Regulation Of Growth (GO:0045926),0.0013504951323009165,0.0038476370750460073,0,0,59.78787878787879,395.03549425777214,HSPA1B;HSPA1A
DR 30+,GO_Biological_Process_2023,Regulation Of Cell Growth (GO:0001558),0.0015870584640941582,0.004437885705152183,0,0,54.75,352.9115466808845,HSPA1B;HSPA1A
DR 30+,GO_Biological_Process_2023,Cellular Response To Organic Cyclic Compound (GO:0071407),0.0019766197754925354,0.0053298140374888016,0,0,48.592592592592595,302.555318717702,HSPA1B;HSPA1A
DR 30+,GO_Biological_Process_2023,Positive Regulation Of NF-kappaB Transcription Factor Activity (GO:0051092),0.0019766197754925354,0.0053298140374888016,0,0,48.592592592592595,302.555318717702,HSPA1B;HSPA1A
DR 30+,GO_Biological_Process_2023,Regulation Of Apoptotic Process (GO:0042981),0.002173254614862193,0.005757218365687564,0,0,23.028688524590162,141.2010810203574,HSPB1;HSPA1B;HSPA1A
DR 30+,GO_Biological_Process_2023,Regulation Of Mitochondrial Outer Membrane Permeabilization Involved In Apoptotic Signaling Pathway (GO:1901028),0.002499957206903733,0.005807592896037903,0,0,inf,inf,HSPA1A
DR 30+,GO_Biological_Process_2023,Anterograde Axonal Protein Transport (GO:0099641),0.002499957206903733,0.005807592896037903,0,0,inf,inf,HSPB1
DR 30+,GO_Biological_Process_2023,Protein Localization To Presynapse (GO:1905383),0.002499957206903733,0.005807592896037903,0,0,inf,inf,HSPB1
DR 30+,GO_Biological_Process_2023,Negative Regulation Of Mitochondrial Membrane Permeability (GO:0035795),0.002499957206903733,0.005807592896037903,0,0,inf,inf,HSPA1A
DR 30+,GO_Biological_Process_2023,Negative Regulation Of Mitochondrial Outer Membrane Permeabilization Involved In Apoptotic Signaling Pathway (GO:1901029),0.002499957206903733,0.005807592896037903,0,0,inf,inf,HSPA1A
DR 30+,GO_Biological_Process_2023,Neurotrophin TRK Receptor Signaling Pathway (GO:0048011),0.002499957206903733,0.005807592896037903,0,0,inf,inf,DDIT4
DR 30+,GO_Biological_Process_2023,Neurotrophin Signaling Pathway (GO:0038179),0.002499957206903733,0.005807592896037903,0,0,inf,inf,DDIT4
DR 30+,GO_Biological_Process_2023,Axo-Dendritic Protein Transport (GO:0099640),0.002499957206903733,0.005807592896037903,0,0,inf,inf,HSPB1
DR 30+,GO_Biological_Process_2023,Positive Regulation Of DNA-binding Transcription Factor Activity (GO:0051091),0.004137145935741197,0.009465288428741225,0,0,32.583333333333336,178.80915870884118,HSPA1B;HSPA1A
DR 30+,GO_Biological_Process_2023,Positive Regulation Of RNA Splicing (GO:0033120),0.004994930297647188,0.010056459665929671,0,0,498.5,2641.7169129698796,HSPA1A
DR 30+,GO_Biological_Process_2023,Negative Regulation Of Endoplasmic Reticulum Stress-Induced Intrinsic Apoptotic Signaling Pathway (GO:1902236),0.004994930297647188,0.010056459665929671,0,0,498.5,2641.7169129698796,HSPA1A
DR 30+,GO_Biological_Process_2023,Regulation Of RNA Splicing (GO:0043484),0.004994930297647188,0.010056459665929671,0,0,498.5,2641.7169129698796,HSPA1A
DR 30+,GO_Biological_Process_2023,Anterograde Axonal Transport (GO:0008089),0.004994930297647188,0.010056459665929671,0,0,498.5,2641.7169129698796,HSPB1
DR 30+,GO_Biological_Process_2023,Negative Regulation Of TOR Signaling (GO:0032007),0.004994930297647188,0.010056459665929671,0,0,498.5,2641.7169129698796,DDIT4
DR 30+,GO_Biological_Process_2023,Negative Regulation Of Oxidative Stress-Induced Intrinsic Apoptotic Signaling Pathway (GO:1902176),0.004994930297647188,0.010056459665929671,0,0,498.5,2641.7169129698796,HSPB1
DR 30+,GO_Biological_Process_2023,Vacuolar Transport (GO:0007034),0.004994930297647188,0.010056459665929671,0,0,498.5,2641.7169129698796,HSPA1A
DR 30+,GO_Biological_Process_2023,Cellular Response To Topologically Incorrect Protein (GO:0035967),0.004994930297647188,0.010056459665929671,0,0,498.5,2641.7169129698796,HSPA1A
DR 30+,GO_Biological_Process_2023,Cellular Response To Unfolded Protein (GO:0034620),0.004994930297647188,0.010056459665929671,0,0,498.5,2641.7169129698796,HSPA1A
DR 30+,GO_Biological_Process_2023,Cellular Response To Lipid (GO:0071396),0.006070869282578996,0.01206185870617669,0,0,26.476190476190474,135.14118722998117,HSPA1B;HSPA1A
DR 30+,GO_Biological_Process_2023,Negative Regulation Of Gene Expression (GO:0010629),0.0070421548342079485,0.013617132174322416,0,0,24.427672955974842,121.05966491008571,HSPA1B;HSPA1A
DR 30+,GO_Biological_Process_2023,Chaperone-Mediated Protein Complex Assembly (GO:0051131),0.0074849137117136465,0.013617132174322416,0,0,249.125,1219.4334397688704,HSPA1A
DR 30+,GO_Biological_Process_2023,Positive Regulation Of RNA Metabolic Process (GO:0051254),0.0074849137117136465,0.013617132174322416,0,0,249.125,1219.4334397688704,HSPA1A
DR 30+,GO_Biological_Process_2023,Negative Regulation Of Response To Endoplasmic Reticulum Stress (GO:1903573),0.0074849137117136465,0.013617132174322416,0,0,249.125,1219.4334397688704,HSPA1A
DR 30+,GO_Biological_Process_2023,Positive Regulation Of Cell Migration By Vascular Endothelial Growth Factor Signaling Pathway (GO:0038089),0.0074849137117136465,0.013617132174322416,0,0,249.125,1219.4334397688704,HSPB1
DR 30+,GO_Biological_Process_2023,Intrinsic Apoptotic Signaling Pathway In Response To DNA Damage By P53 Class Mediator (GO:0042771),0.0074849137117136465,0.013617132174322416,0,0,249.125,1219.4334397688704,DDIT4
DR 30+,GO_Biological_Process_2023,Negative Regulation Of Oxidative Stress-Induced Cell Death (GO:1903202),0.0074849137117136465,0.013617132174322416,0,0,249.125,1219.4334397688704,HSPB1
DR 30+,GO_Biological_Process_2023,Lysosomal Transport (GO:0007041),0.009969912695602573,0.016915245135235825,0,0,166.0,764.958452991596,HSPA1A
DR 30+,GO_Biological_Process_2023,Regulation Of TOR Signaling (GO:0032006),0.009969912695602573,0.016915245135235825,0,0,166.0,764.958452991596,DDIT4
DR 30+,GO_Biological_Process_2023,Regulation Of Endothelial Cell Chemotaxis (GO:2001026),0.009969912695602573,0.016915245135235825,0,0,166.0,764.958452991596,HSPB1
DR 30+,GO_Biological_Process_2023,Negative Regulation Of Mitochondrion Organization (GO:0010823),0.009969912695602573,0.016915245135235825,0,0,166.0,764.958452991596,HSPA1A
DR 30+,GO_Biological_Process_2023,Regulation Of Translational Initiation (GO:0006446),0.009969912695602573,0.016915245135235825,0,0,166.0,764.958452991596,HSPB1
DR 30+,GO_Biological_Process_2023,Regulation Of Oxidative Stress-Induced Intrinsic Apoptotic Signaling Pathway (GO:1902175),0.009969912695602573,0.016915245135235825,0,0,166.0,764.958452991596,HSPB1
DR 30+,GO_Biological_Process_2023,Positive Regulation Of Macromolecule Metabolic Process (GO:0010604),0.011279099271142842,0.01892382211047299,0,0,18.892156862745097,84.72761854979277,HSPA1B;HSPA1A
DR 30+,GO_Biological_Process_2023,Regulation Of Endoplasmic Reticulum Stress-Induced Intrinsic Apoptotic Signaling Pathway (GO:1902235),0.012449933766412962,0.020214408588476958,0,0,124.4375,545.7878495200207,HSPA1A
DR 30+,GO_Biological_Process_2023,Intrinsic Apoptotic Signaling Pathway By P53 Class Mediator (GO:0072332),0.012449933766412962,0.020214408588476958,0,0,124.4375,545.7878495200207,DDIT4
DR 30+,GO_Biological_Process_2023,Positive Regulation Of Endothelial Cell Chemotaxis (GO:2001028),0.012449933766412962,0.020214408588476958,0,0,124.4375,545.7878495200207,HSPB1
DR 30+,GO_Biological_Process_2023,Negative Regulation Of Cell Population Proliferation (GO:0008285),0.013568531485933925,0.02179625802527684,0,0,17.066666666666666,73.38670128951053,HSPA1B;HSPA1A
DR 30+,GO_Biological_Process_2023,Regulation Of Protein Modification Process (GO:0031399),0.014924983872534065,0.023536185841810598,0,0,99.5,418.36951067699306,HSPB1
DR 30+,GO_Biological_Process_2023,Positive Regulation Of Gene Expression (GO:0010628),0.014963402919296803,0.023536185841810598,0,0,16.168776371308017,67.94358909922336,HSPA1B;HSPA1A
DR 30+,GO_Biological_Process_2023,Negative Regulation Of Kinase Activity (GO:0033673),0.017395070152805402,0.026802608092587915,0,0,82.875,335.7737342542531,HSPB1
DR 30+,GO_Biological_Process_2023,Intrinsic Apoptotic Signaling Pathway In Response To DNA Damage (GO:0008630),0.017395070152805402,0.026802608092587915,0,0,82.875,335.7737342542531,DDIT4
DR 30+,GO_Biological_Process_2023,Positive Regulation Of Cytokine Production (GO:0001819),0.018327016023570012,0.027953327470293655,0,0,14.446969696969697,57.7789075423243,HSPA1B;HSPA1A
DR 30+,GO_Biological_Process_2023,Regulation Of Cellular Catabolic Process (GO:0031329),0.01986019985421104,0.029988901779858673,0,0,71.0,278.2516665656818,HSPB1
DR 30+,GO_Biological_Process_2023,Negative Regulation Of Cellular Process (GO:0048523),0.02199456580886821,0.032098832585963105,0,0,13.0446735395189,49.79099535006614,HSPA1B;HSPA1A
DR 30+,GO_Biological_Process_2023,Negative Regulation Of Apoptotic Signaling Pathway (GO:2001234),0.022320380275007455,0.032098832585963105,0,0,62.09375,236.09627787663194,HSPA1A
DR 30+,GO_Biological_Process_2023,Neuron Migration (GO:0001764),0.022320380275007455,0.032098832585963105,0,0,62.09375,236.09627787663194,DDIT4
DR 30+,GO_Biological_Process_2023,Vascular Endothelial Growth Factor Receptor Signaling Pathway (GO:0048010),0.022320380275007455,0.032098832585963105,0,0,62.09375,236.09627787663194,HSPB1
DR 30+,GO_Biological_Process_2023,Cellular Response To Vascular Endothelial Growth Factor Stimulus (GO:0035924),0.022320380275007455,0.032098832585963105,0,0,62.09375,236.09627787663194,HSPB1
DR 30+,GO_Biological_Process_2023,Homotypic Cell-Cell Adhesion (GO:0034109),0.0247756187539107,0.03401016756218651,0,0,55.166666666666664,204.00055319878433,HSPB1
DR 30+,GO_Biological_Process_2023,Positive Regulation Of Blood Vessel Endothelial Cell Migration (GO:0043536),0.0247756187539107,0.03401016756218651,0,0,55.166666666666664,204.00055319878433,HSPB1
DR 30+,GO_Biological_Process_2023,Negative Regulation Of Transforming Growth Factor Beta Receptor Signaling Pathway (GO:0030512),0.0247756187539107,0.03401016756218651,0,0,55.166666666666664,204.00055319878433,HSPA1A
DR 30+,GO_Biological_Process_2023,Platelet Aggregation (GO:0070527),0.0247756187539107,0.03401016756218651,0,0,55.166666666666664,204.00055319878433,HSPB1
DR 30+,GO_Biological_Process_2023,Brain Development (GO:0007420),0.0247756187539107,0.03401016756218651,0,0,55.166666666666664,204.00055319878433,DDIT4
DR 30+,GO_Biological_Process_2023,Negative Regulation Of Cell Death (GO:0060548),0.027225922641598736,0.03703706593586855,0,0,49.625,178.82794141647412,HSPA1B
DR 30+,GO_Biological_Process_2023,Regulation Of Blood Vessel Endothelial Cell Migration (GO:0043535),0.029671299305808144,0.0396492583643985,0,0,45.09090909090909,158.61065696835544,HSPB1
DR 30+,GO_Biological_Process_2023,Regulation Of Cell Death (GO:0010941),0.029671299305808144,0.0396492583643985,0,0,45.09090909090909,158.61065696835544,HSPA1B
DR 30+,GO_Biological_Process_2023,Regulation Of Gene Expression (GO:0010468),0.030692846687441974,0.0406545600859977,0,0,10.798850574712644,37.62023282903468,HSPA1B;HSPA1A
DR 30+,GO_Biological_Process_2023,Regulation Of Translation (GO:0006417),0.03454730047983523,0.04497105493495793,0,0,38.11538461538461,128.27450125981412,HSPB1
DR 30+,GO_Biological_Process_2023,Negative Regulation Of Protein Kinase Activity (GO:0006469),0.03454730047983523,0.04497105493495793,0,0,38.11538461538461,128.27450125981412,HSPB1
DR 30+,GO_Biological_Process_2023,Negative Regulation Of Transmembrane Receptor Protein Serine/Threonine Kinase Signaling Pathway (GO:0090101),0.03697793974423001,0.046921587406543966,0,0,35.375,116.64671951747769,HSPA1A
DR 30+,GO_Biological_Process_2023,Generation Of Neurons (GO:0048699),0.03697793974423001,0.046921587406543966,0,0,35.375,116.64671951747769,DDIT4
DR 30+,GO_Biological_Process_2023,Positive Regulation Of Endothelial Cell Migration (GO:0010595),0.03697793974423001,0.046921587406543966,0,0,35.375,116.64671951747769,HSPB1
DR 30+,GO_Biological_Process_2023,Neuron Differentiation (GO:0030182),0.03940368130427103,0.04958296564120771,0,0,33.0,106.71856908650489,DDIT4
DR 30-,GO_Biological_Process_2023,Response To Organonitrogen Compound (GO:0010243),2.836112005424511e-05,0.019399006117103657,0,0,79.125,828.4776290914322,XBP1;GLRA3;KYNU;CLU
DR 31+,GO_Biological_Process_2023,Cilium Assembly (GO:0060271),2.836112005424511e-05,0.015442629869536463,0,0,79.125,828.4776290914322,GSN;DCDC2;FLNA;CDC14A
DR 31+,GO_Biological_Process_2023,Mitotic G1 DNA Damage Checkpoint Signaling (GO:0031571),2.836112005424511e-05,0.015442629869536463,0,0,79.125,828.4776290914322,CDKN1A;CCND1;PLK2;MDM2
DR 31+,GO_Biological_Process_2023,Plasma Membrane Bounded Cell Projection Assembly (GO:0120031),7.169109186907215e-05,0.02602386634847319,0,0,12.063829787234043,115.12686557238213,GSN;PMP22;DCDC2;FLNA;EMP1;CDC14A
DR 35-,GO_Biological_Process_2023,Regulation Of Cellular Catabolic Process (GO:0031329),1.4930166234798746e-06,0.0010167443205897947,0,0,54.6045197740113,732.5039014895749,LAMP3;DDIT3;HSPB1;TRIB3;NUPR1
DR 35-,GO_Biological_Process_2023,Positive Regulation Of Intrinsic Apoptotic Signaling Pathway (GO:2001244),0.00010665632511511123,0.036316478701695375,0,0,25.746666666666666,235.47640796594476,MYC;DDIT3;PMAIP1;NUPR1
DR 35-,GO_Biological_Process_2023,Negative Regulation Of DNA-binding Transcription Factor Activity (GO:0043433),0.0002755131561558604,0.041766465483409045,0,0,8.241379310344827,67.5535574913089,PRNP;IRAK2;CDKN2A;DDIT3;PIM1;NUPR1
DR 35-,GO_Biological_Process_2023,Intrinsic Apoptotic Signaling Pathway In Response To Endoplasmic Reticulum Stress (GO:0070059),0.000298773131308166,0.041766465483409045,0,0,47.557377049180324,385.9673986095939,PPP1R15A;DDIT3;TRIB3
DR 35-,GO_Biological_Process_2023,Regulation Of Autophagy (GO:0010506),0.0003066554000250297,0.041766465483409045,0,0,10.853107344632768,87.79931494484345,DDIT3;LAMP3;HSPB1;TRIB3;NUPR1
DR 35-,GO_Biological_Process_2023,Cellular Response To Starvation (GO:0009267),0.0003896119914615506,0.04422096103088599,0,0,16.066666666666666,126.1291046047438,KLF10;ASNS;PMAIP1;PLIN2
DR 36-,GO_Biological_Process_2023,Defense Response To Symbiont (GO:0140546),3.167912125715388e-33,1.7771987025263328e-30,0,0,91.66666666666667,6859.621572222002,IFITM3;IFITM1;IFITM2;IFI6;DDX60L;IFIT1;DDX60;SAMHD1;IFIT3;IFI44L;IFIT2;OASL;IFIH1;IFI16;GBP2;RSAD2;STAT1;MX2;MX1;ISG15;ISG20;BST2;PLSCR1;OAS1;IFI27;OAS2;IRF7
DR 36-,GO_Biological_Process_2023,Defense Response To Virus (GO:0051607),3.131319300593377e-32,8.783350638164422e-30,0,0,80.08333333333333,5809.346590375374,IFITM3;IFITM1;IFITM2;IFI6;DDX60L;IFIT1;DDX60;SAMHD1;IFIT3;IFI44L;IFIT2;OASL;IFIH1;IFI16;GBP2;RSAD2;STAT1;MX2;MX1;ISG15;ISG20;BST2;PLSCR1;OAS1;IFI27;OAS2;IRF7
DR 36-,GO_Biological_Process_2023,Negative Regulation Of Viral Process (GO:0048525),4.54212274100667e-21,8.493769525682473e-19,0,0,102.0,4777.77103357173,IFITM3;IFITM1;IFITM2;RSAD2;STAT1;MX1;ISG15;IFIT1;OASL;ISG20;IFIH1;BST2;PLSCR1;OAS1;IFI16;OAS2
DR 36-,GO_Biological_Process_2023,Negative Regulation Of Viral Genome Replication (GO:0045071),1.5365254832577337e-19,2.1549769902689716e-17,0,0,93.17307692307692,4036.219778242108,IFITM3;IFITM1;IFITM2;RSAD2;MX1;ISG15;IFIT1;OASL;IFIH1;BST2;ISG20;PLSCR1;OAS1;IFI16;OAS2
DR 36-,GO_Biological_Process_2023,Regulation Of Viral Genome Replication (GO:0045069),4.0218451072391046e-19,4.5125102103222754e-17,0,0,82.77777777777777,3506.2494567559384,IFITM3;IFITM1;IFITM2;RSAD2;MX1;ISG15;IFIT1;OASL;ISG20;IFIH1;BST2;PLSCR1;OAS1;IFI16;OAS2
DR 36-,GO_Biological_Process_2023,Response To Interferon-Beta (GO:0035456),2.5264332628739216e-12,2.3622151007871166e-10,0,0,97.1,2592.979042040455,IFITM3;BST2;IFITM1;PLSCR1;IFITM2;IFI16;OAS1;STAT1;XAF1
DR 36-,GO_Biological_Process_2023,Cellular Response To Type I Interferon (GO:0071357),7.0448052121533106e-12,5.645908177168581e-10,0,0,inf,inf,IFITM3;IFITM1;IFITM2;IFI27;STAT1;OAS2;IFIT1
DR 36-,GO_Biological_Process_2023,Response To Cytokine (GO:0034097),6.710169063159001e-11,4.7055060555402496e-09,0,0,21.0989010989011,494.23778904404105,IFITM3;BST2;IFITM1;PLSCR1;IFITM2;STAT1;LAMP3;MX2;MX1;ISG15;LGALS9;XAF1
DR 36-,GO_Biological_Process_2023,Type I Interferon-Mediated Signaling Pathway (GO:0060337),2.926777216403863e-10,1.8243577982250748e-08,0,0,inf,inf,IFITM3;IFITM1;IFITM2;IFI27;STAT1;OAS2
DR 36-,GO_Biological_Process_2023,Interleukin-27-Mediated Signaling Pathway (GO:0070106),1.1917011015212308e-08,6.685443179534105e-07,0,0,inf,inf,OAS1;OAS2;STAT1;MX1;OASL
DR 36-,GO_Biological_Process_2023,Antiviral Innate Immune Response (GO:0140374),2.3096185767360634e-08,1.0797466846241097e-06,0,0,80.95833333333333,1423.5388165279035,IFIH1;OAS1;MX1;IFIT1;IFIT3;IFIT2
DR 36-,GO_Biological_Process_2023,Response To Interferon-Alpha (GO:0035455),2.3096185767360634e-08,1.0797466846241097e-06,0,0,80.95833333333333,1423.5388165279035,IFITM3;BST2;IFITM1;IFITM2;MX2;LAMP3
DR 36-,GO_Biological_Process_2023,Interferon-Mediated Signaling Pathway (GO:0140888),5.654991504543824e-08,2.4403463338839115e-06,0,0,60.6875,1012.7616259195557,IFITM3;IFITM1;IFITM2;IFI27;OAS2;STAT1
DR 36-,GO_Biological_Process_2023,Positive Regulation Of Interferon-Beta Production (GO:0032728),7.004059320483937e-08,2.806626627708206e-06,0,0,198.46938775510205,3269.6225737547225,IFIH1;OAS1;OAS2;IRF7;ISG15
DR 36-,GO_Biological_Process_2023,Positive Regulation Of Type I Interferon Production (GO:0032481),1.2184430681618278e-07,4.5569770749252355e-06,0,0,48.525,772.5433194159424,IFIH1;OAS1;OAS2;STAT1;IRF7;ISG15
DR 36-,GO_Biological_Process_2023,Response To Type II Interferon (GO:0034341),1.5852666723174518e-07,5.5583412698130655e-06,0,0,14.76923076923077,231.24691215156489,IFITM3;BST2;IFITM1;IFITM2;STAT1;LGALS9;GBP2;GBP1;GBP4
DR 36-,GO_Biological_Process_2023,Regulation Of Interferon-Beta Production (GO:0032648),6.272524209770167e-07,2.069932989224155e-05,0,0,66.08843537414965,943.8695349296461,IFIH1;OAS1;OAS2;IRF7;ISG15
DR 36-,GO_Biological_Process_2023,Negative Regulation Of Viral Life Cycle (GO:1903901),2.3311493313489788e-06,7.265415416037651e-05,0,0,155.6,2017.999605678275,IFITM3;BST2;IFITM1;IFITM2
DR 36-,GO_Biological_Process_2023,Negative Regulation Of Innate Immune Response (GO:0045824),2.7083907715370505e-06,7.597036114161427e-05,0,0,39.61224489795919,507.7955433193466,OAS1;IFI16;SERPING1;ISG15;SAMHD1
DR 36-,GO_Biological_Process_2023,Regulation Of Viral Entry Into Host Cell (GO:0046596),2.7083907715370505e-06,7.597036114161427e-05,0,0,39.61224489795919,507.7955433193466,IFITM3;IFITM1;IFITM2;LGALS9;TRIM22
DR 36-,GO_Biological_Process_2023,Regulation Of Nuclease Activity (GO:0032069),1.862988341732842e-05,0.0004544071563965758,0,0,inf,inf,OAS1;OAS2;OASL
DR 36-,GO_Biological_Process_2023,Regulation Of Ribonuclease Activity (GO:0060700),1.862988341732842e-05,0.0004544071563965758,0,0,inf,inf,OAS1;OAS2;OASL
DR 36-,GO_Biological_Process_2023,Response To Type I Interferon (GO:0034340),1.862988341732842e-05,0.0004544071563965758,0,0,inf,inf,MX1;ISG15;IFIT1
DR 36-,GO_Biological_Process_2023,Cellular Response To Interferon-Beta (GO:0035458),3.0715577746117454e-05,0.0007179766298154955,0,0,38.84,403.5763654331569,IFITM2;IFI16;OAS1;STAT1
DR 36-,GO_Biological_Process_2023,Cellular Response To Cytokine Stimulus (GO:0071345),3.400283998142049e-05,0.0007630237291830758,0,0,6.090909090909091,62.669768730369704,MT2A;IFITM2;OAS1;IFI16;STAT1;LGALS9;IFIT1;GBP2;GBP1;GBP4
DR 36-,GO_Biological_Process_2023,Positive Regulation Of Interferon-Alpha Production (GO:0032727),7.309314739216039e-05,0.0013668418562333992,0,0,114.41176470588235,1089.632011790408,IFIH1;STAT1;IRF7
DR 36-,GO_Biological_Process_2023,Negative Regulation Of Type I Interferon-Mediated Signaling Pathway (GO:0060339),7.309314739216039e-05,0.0013668418562333992,0,0,114.41176470588235,1089.632011790408,OAS1;ISG15;SAMHD1
DR 36-,GO_Biological_Process_2023,Negative Regulation Of Viral Entry Into Host Cell (GO:0046597),7.309314739216039e-05,0.0013668418562333992,0,0,114.41176470588235,1089.632011790408,IFITM3;IFITM1;IFITM2
DR 36-,GO_Biological_Process_2023,Regulation Of Type I Interferon-Mediated Signaling Pathway (GO:0060338),7.309314739216039e-05,0.0013668418562333992,0,0,114.41176470588235,1089.632011790408,OAS1;ISG15;SAMHD1
DR 36-,GO_Biological_Process_2023,Regulation Of RNA Metabolic Process (GO:0051252),7.309314739216039e-05,0.0013668418562333992,0,0,114.41176470588235,1089.632011790408,OAS1;OAS2;OASL
DR 36-,GO_Biological_Process_2023,Positive Regulation Of Pattern Recognition Receptor Signaling Pathway (GO:0062208),8.849860029883922e-05,0.0016015391860531873,0,0,25.866666666666667,241.40128286001476,RSAD2;IFI35;DDX60;OASL
DR 36-,GO_Biological_Process_2023,Cellular Response To Virus (GO:0098586),0.00013629028473822045,0.002389339054316927,0,0,22.16,197.24003276705972,IFIH1;OAS1;IFI6;LGALS9
DR 36-,GO_Biological_Process_2023,Negative Regulation Of Cytokine-Mediated Signaling Pathway (GO:0001960),0.00028361981508600345,0.004821536856462059,0,0,17.217777777777776,140.6326720922334,OAS1;ISG15;PARP14;SAMHD1
DR 36-,GO_Biological_Process_2023,Regulation Of Innate Immune Response (GO:0045088),0.0005200668350035748,0.008581102777558984,0,0,14.072727272727272,106.41167630482275,PLSCR1;IFI16;IFI35;SAMHD1
DR 36-,GO_Biological_Process_2023,Regulation Of Interferon-Alpha Production (GO:0032647),0.0006035884769456265,0.00952214025142285,0,0,28.558823529411764,211.69564711964534,IFIH1;STAT1;IRF7
DR 36-,GO_Biological_Process_2023,Cellular Response To Type II Interferon (GO:0071346),0.0006110464332463861,0.00952214025142285,0,0,8.923933209647496,66.04011852645473,STAT1;LGALS9;GBP2;GBP1;GBP4
DR 36-,GO_Biological_Process_2023,Regulation Of Nucleocytoplasmic Transport (GO:0046822),0.0007158400264483713,0.010039656370938408,0,0,inf,inf,IFI27;MX2
DR 36-,GO_Biological_Process_2023,Cellular Response To dsRNA (GO:0071359),0.0007158400264483713,0.010039656370938408,0,0,inf,inf,IFIH1;IFIT1
DR 36-,GO_Biological_Process_2023,Cellular Response To Exogenous dsRNA (GO:0071360),0.0007158400264483713,0.010039656370938408,0,0,inf,inf,IFIH1;IFIT1
DR 36-,GO_Biological_Process_2023,Positive Regulation Of RIG-I Signaling Pathway (GO:1900246),0.0007158400264483713,0.010039656370938408,0,0,inf,inf,DDX60;OASL
DR 36-,GO_Biological_Process_2023,Defense Response To Protozoan (GO:0042832),0.0009473145540882477,0.01265341582960731,0,0,22.83529411764706,158.9765628301163,GBP2;GBP1;GBP4
DR 36-,GO_Biological_Process_2023,Regulation Of Cellular Catabolic Process (GO:0031329),0.0009473145540882477,0.01265341582960731,0,0,22.83529411764706,158.9765628301163,IFI16;LAMP3;NUPR1
DR 36-,GO_Biological_Process_2023,Defense Response To Bacterium (GO:0042742),0.0011915716663983805,0.015545853601150964,0,0,5.95625,40.10034659858245,OAS1;OAS2;ISG15;GBP2;GBP1;GBP4
DR 36-,GO_Biological_Process_2023,Regulation Of Autophagy (GO:0010506),0.0016693049352644541,0.02128363792462179,0,0,9.65,61.71510767523184,IFI16;LAMP3;NUPR1;TRIM22
DR 36-,GO_Biological_Process_2023,Regulation Of Viral Life Cycle (GO:1903900),0.0021102728922464515,0.025188576437239558,0,0,74.8076923076923,460.8855547573186,LAMP3;TRIM22
DR 36-,GO_Biological_Process_2023,Response To Exogenous dsRNA (GO:0043330),0.0021102728922464515,0.025188576437239558,0,0,74.8076923076923,460.8855547573186,IFIH1;IFIT1
DR 36-,GO_Biological_Process_2023,Cytosolic Pattern Recognition Receptor Signaling Pathway (GO:0002753),0.0021102728922464515,0.025188576437239558,0,0,74.8076923076923,460.8855547573186,IFIH1;IRF7
DR 36-,GO_Biological_Process_2023,Protein Localization To Organelle (GO:0033365),0.002634732939692233,0.030793441232652975,0,0,14.25,84.63037170932023,ISG15;GBP2;GBP1
DR 36-,GO_Biological_Process_2023,Positive Regulation Of Immune Response (GO:0050778),0.0028725910350078697,0.0322304714127883,0,0,8.113684210526316,47.48566834156064,PLSCR1;RSAD2;IFI35;LGALS9
DR 36-,GO_Biological_Process_2023,Regulation Of Immune Response (GO:0050776),0.0028725910350078697,0.0322304714127883,0,0,8.113684210526316,47.48566834156064,PLSCR1;RSAD2;IRF7;SAMHD1
DR 36-,GO_Biological_Process_2023,Regulation Of Cytokine Production (GO:0001817),0.003405343251995507,0.03745877577195057,0,0,5.738295318127251,32.60734403748526,IFIH1;IFI16;IRF7;ISG15;LGALS9
DR 36-,GO_Biological_Process_2023,Regulation Of RIG-I Signaling Pathway (GO:0039535),0.004147465456492198,0.0447447715594639,0,0,37.38461538461539,205.06425555681625,DDX60;OASL
DR 37+,GO_Biological_Process_2023,Supramolecular Fiber Organization (GO:0097435),2.568694517576528e-10,1.5977279899326005e-07,0,0,12.07161125319693,266.57078970119466,KRT81;GSN;TPM2;TPM1;KRT23;KRT5;KRT86;CNN2;CNN1;KRT17;KRT16;STMN1;VIM;MYL9;KRT6B
DR 37+,GO_Biological_Process_2023,Intermediate Filament Organization (GO:0045109),1.035345816857272e-09,3.219925490426116e-07,0,0,53.213793103448275,1100.9151733117274,KRT81;KRT17;KRT16;KRT23;VIM;KRT5;KRT86;KRT6B
DR 37+,GO_Biological_Process_2023,Actin Filament Organization (GO:0007015),1.237933498995123e-05,0.002404958738899999,0,0,11.95807314897413,135.1200324047474,CNN2;ACTA1;CNN1;GSN;TPM2;TPM1;PLS3
DR 37+,GO_Biological_Process_2023,Regulation Of Muscle Contraction (GO:0006937),1.5465972597427646e-05,0.002404958738899999,0,0,62.32258064516129,690.3390156523816,CNN1;CAV1;TPM1;MYL9
DR 37+,GO_Biological_Process_2023,Actomyosin Structure Organization (GO:0031032),2.2269252866547742e-05,0.002770295056598539,0,0,22.56440281030445,241.71673404635104,CSRP2;CSRP1;TPM1;ZYX;MYL9
DR 37+,GO_Biological_Process_2023,Myofibril Assembly (GO:0030239),0.00012048826695699524,0.011927118058677645,0,0,24.89032258064516,224.6092300401593,CSRP2;CSRP1;TPM1;MYL9
DR 37+,GO_Biological_Process_2023,Muscle Tissue Development (GO:0060537),0.00013422801673752975,0.011927118058677645,0,0,92.04761904761905,820.6938640024807,CSRP2;CSRP1;CAV1
DR 37+,GO_Biological_Process_2023,Muscle Contraction (GO:0006936),0.00019584090942292102,0.015226630707632109,0,0,20.731182795698924,177.00714903245904,TPM2;TPM1;CRYAB;MYLK
DR 37+,GO_Biological_Process_2023,Sarcomere Organization (GO:0045214),0.00032764222981277027,0.022643718549282568,0,0,46.0,369.08506215239305,CSRP2;CSRP1;TPM1
DR 39+,GO_Biological_Process_2023,Positive Regulation Of Transcription By RNA Polymerase II (GO:0045944),3.039405041112537e-06,0.002677715841220145,0,0,6.131887755102041,77.89857472683782,EGR1;EDN1;KLF4;ETS2;NR4A2;NR4A1;IL6;KLF6;NR4A3;MAFF;HEY2;NCOA7;ATF3
DR 39+,GO_Biological_Process_2023,Regulation Of Transcription By RNA Polymerase II (GO:0006357),2.7651814794067855e-05,0.007049196311255012,0,0,4.349415204678363,45.65067560379054,EGR1;EDN1;FHL2;KLF4;ETS2;NR4A2;NR4A1;IL6;KLF6;NR4A3;MAFF;HEY2;FOSB;NCOA7;ATF3
DR 39+,GO_Biological_Process_2023,Fat Cell Differentiation (GO:0045444),2.8486794003376443e-05,0.007049196311255012,0,0,39.6530612244898,415.01171236361927,NR4A2;NR4A1;NR4A3;KLF4
DR 39+,GO_Biological_Process_2023,Negative Regulation Of Transcription By RNA Polymerase II (GO:0000122),3.2005431606152154e-05,0.007049196311255012,0,0,6.14477563052735,63.596000170977966,NR4A2;EDN1;NR4A3;MAFF;HEY2;FHL2;FOSB;KLF4;ATF3;ETS2
DR 39+,GO_Biological_Process_2023,Regulation Of DNA-templated Transcription (GO:0006355),5.0816142909756114e-05,0.007582239463516074,0,0,4.300512820512821,42.52044527264543,ZNF331;EGR1;KLF4;ETS2;NR4A2;NR4A1;IL6;KLF6;NR4A3;MAFF;HEY2;FOSB;NCOA7;ATF3
DR 39+,GO_Biological_Process_2023,Positive Regulation Of DNA-templated Transcription (GO:0045893),5.163840724301525e-05,0.007582239463516074,0,0,4.5425,44.840129667235914,EGR1;EDN1;KLF4;ETS2;NR4A2;NR4A1;IL6;KLF6;NR4A3;MAFF;HEY2;NCOA7;ATF3
DR 39+,GO_Biological_Process_2023,Positive Regulation Of Wound Healing (GO:0090303),8.214372367444992e-05,0.010338374365312911,0,0,26.408163265306122,248.42265125823917,CLDN4;CLDN3;CLDN1;THBS1
DR 39+,GO_Biological_Process_2023,Negative Regulation Of DNA-templated Transcription (GO:0045892),0.00044360740400851723,0.04885226536643796,0,0,4.2953488372093025,33.162544000398924,NR4A2;EDN1;NR4A3;MAFF;HEY2;FHL2;FOSB;KLF4;ATF3;ETS2
DR 40-,GO_Biological_Process_2023,B Cell Receptor Signaling Pathway (GO:0050853),1.084124233277701e-10,1.6370275922493285e-08,0,0,23.417355371900825,537.3130555645913,IGHG3;IGHM;CD79A;IGHG4;IGHG1;IGHG2;IGKC;IGLC3;CD38;IGHA1;IGHA2;LIME1
DR 40-,GO_Biological_Process_2023,Antigen Receptor-Mediated Signaling Pathway (GO:0050851),6.082758339065918e-06,0.0004592482545994768,0,0,6.182926829268292,74.25727452894036,IGHG3;IGHG4;IGHM;CD79A;IGHG1;IGHG2;IGKC;IGLC3;CD38;IGHA1;IGHA2;LIME1
DR 40-,GO_Biological_Process_2023,Renal Filtration (GO:0097205),2.836112005424511e-05,0.001070632282047753,0,0,79.125,828.4776290914322,IGHA1;IGHA2;IGKV3-20;JCHAIN
DR 40-,GO_Biological_Process_2023,Glomerular Filtration (GO:0003094),2.836112005424511e-05,0.001070632282047753,0,0,79.125,828.4776290914322,IGHA1;IGHA2;IGKV3-20;JCHAIN
DR 40-,GO_Biological_Process_2023,Positive Regulation Of Respiratory Burst (GO:0060267),0.00046811653426905627,0.014137119334925499,0,0,58.7319587628866,450.2857872458315,IGHA1;IGHA2;JCHAIN
DR 40-,GO_Biological_Process_2023,Antibacterial Humoral Response (GO:0019731),0.0005691852899549823,0.014324496463867055,0,0,9.947368421052632,74.319818800007,IGHM;IGHA1;IGHA2;IGKV3-20;JCHAIN
DR 40-,GO_Biological_Process_2023,Regulation Of Respiratory Burst (GO:0060263),0.0011277550837606493,0.024327288235408293,0,0,29.350515463917525,199.217394861114,IGHA1;IGHA2;JCHAIN
DR 40-,GO_Biological_Process_2023,Retina Homeostasis (GO:0001895),0.0018773386273765495,0.03543476659173237,0,0,7.090225563909774,44.51172798101838,IGHG3;IGKC;IGHA1;IGHA2;JCHAIN
DR 41+,GO_Biological_Process_2023,Regulation Of Transcription By RNA Polymerase II (GO:0006357),3.0638562585064655e-05,0.0314658037748614,0,0,3.1753515301902397,33.00222587044538,DLX1;PRRX1;CITED2;MAGED1;CAV1;PDE2A;SHOX2;PRDM5;HMGB2;HMGB3;ETV1;AEBP1;IGF1;ETV4;CCNA2;CCND1;CTNNB1;TCF4;HOXD9;SF3B1;CREB5;S100A10
DR 41+,GO_Biological_Process_2023,DNA Conformation Change (GO:0071103),0.00012145241724754159,0.041577210837741733,0,0,inf,inf,TOP2A;HMGB2;HMGB3
DR 41+,GO_Biological_Process_2023,protein-DNA Complex Assembly (GO:0065004),0.00012145241724754159,0.041577210837741733,0,0,inf,inf,HMGB2;TCF4;ASF1B
DR 42-,GO_Biological_Process_2023,Cellular Response To Zinc Ion (GO:0071294),1.5953157256026875e-22,3.031099878645106e-21,0,0,inf,inf,MT2A;MT1A;MT1M;MT1F;MT1G;MT1H;MT1X;MT1E
DR 42-,GO_Biological_Process_2023,Response To Zinc Ion (GO:0010043),7.180179332169185e-21,6.821170365560726e-20,0,0,inf,inf,MT2A;MT1A;MT1M;MT1F;MT1G;MT1H;MT1X;MT1E
DR 42-,GO_Biological_Process_2023,Cellular Response To Copper Ion (GO:0071280),2.632881620354717e-20,1.6674916928913207e-19,0,0,inf,inf,MT2A;MT1A;MT1M;MT1F;MT1G;MT1H;MT1X;MT1E
DR 42-,GO_Biological_Process_2023,Response To Copper Ion (GO:0046688),7.89901342410699e-20,3.7520313764508204e-19,0,0,inf,inf,MT2A;MT1A;MT1M;MT1F;MT1G;MT1H;MT1X;MT1E
DR 42-,GO_Biological_Process_2023,Negative Regulation Of Growth (GO:0045926),1.1739651807020913e-16,4.461067686667947e-16,0,0,inf,inf,MT2A;MT1A;MT1M;MT1F;MT1G;MT1H;MT1X;MT1E
DR 42-,GO_Biological_Process_2023,Cellular Response To Metal Ion (GO:0071248),3.5438378419937635e-16,1.1222153166313584e-15,0,0,inf,inf,MT2A;MT1A;MT1M;MT1F;MT1G;MT1H;MT1X;MT1E
DR 42-,GO_Biological_Process_2023,Response To Cadmium Ion (GO:0046686),1.4593602431680189e-13,3.96112066002748e-13,0,0,1192.2,35236.1959277567,MT1A;MT1F;MT1G;MT1H;MT1X;MT1E
DR 42-,GO_Biological_Process_2023,Cellular Response To Cadmium Ion (GO:0071276),2.916262067215152e-13,6.926122409635986e-13,0,0,993.0,28661.26040196902,MT1A;MT1F;MT1G;MT1H;MT1X;MT1E
DR 42-,GO_Biological_Process_2023,Monocyte Activation (GO:0042117),0.0039999418516560555,0.00844432168682945,0,0,inf,inf,MT1G
DR 42-,GO_Biological_Process_2023,Copper Ion Homeostasis (GO:0055070),0.007985903415155158,0.013793833171631636,0,0,284.42857142857144,1373.8120047267832,MT2A
DR 42-,GO_Biological_Process_2023,Intracellular Copper Ion Homeostasis (GO:0006878),0.007985903415155158,0.013793833171631636,0,0,284.42857142857144,1373.8120047267832,MT2A
DR 42-,GO_Biological_Process_2023,Monocyte Differentiation (GO:0030224),0.011957907513459116,0.018933353562976932,0,0,142.14285714285714,629.1758129029836,MT1G
DR 42-,GO_Biological_Process_2023,Cellular Response To Vascular Endothelial Growth Factor Stimulus (GO:0035924),0.03549906645177175,0.049874365025348526,0,0,35.42857142857143,118.26938889071054,MT1G
DR 42-,GO_Biological_Process_2023,Cellular Response To Cytokine Stimulus (GO:0071345),0.037829958689252985,0.049874365025348526,0,0,8.179487179487179,26.78498985689795,MT2A;MT1X
DR 42-,GO_Biological_Process_2023,Mononuclear Cell Differentiation (GO:1903131),0.03937449870422252,0.049874365025348526,0,0,31.476190476190474,101.81404760241865,MT1G
DR 43-,GO_Biological_Process_2023,Defense Response To Bacterium (GO:0042742),2.9121855405849765e-06,0.0008008510236608685,0,0,15.06911928651059,192.0801370684796,SLPI;LCN2;PI3;S100A14;S100A9;S100A8;KRT6A
DR 43-,GO_Biological_Process_2023,Response To Molecule Of Bacterial Origin (GO:0002237),1.8694922604923385e-05,0.0025705518581769656,0,0,20.53684210526316,223.58991061018799,SLPI;S100A14;S100A9;S100A8;S100A7
DR 43-,GO_Biological_Process_2023,Response To Lipid (GO:0033993),4.9556182216432194e-05,0.004542650036506285,0,0,16.216666666666665,160.74614403697342,SLPI;S100A14;S100A9;S100A8;S100A7
DR 43-,GO_Biological_Process_2023,Antimicrobial Humoral Response (GO:0019730),8.14214025791898e-05,0.005597721427319299,0,0,14.392592592592592,135.51881519249784,SLPI;PI3;S100A9;S100A7;KRT6A
DR 43-,GO_Biological_Process_2023,Regulation Of Interleukin-1 Production (GO:0032652),0.00010246878667992214,0.005635783267395718,0,0,54.611111111111114,501.65506313422816,ORM1;SAA1;ORM2
DR 43-,GO_Biological_Process_2023,Peptidyl-Cysteine Modification (GO:0018198),0.00021760142560065042,0.009973398673363144,0,0,inf,inf,S100A9;S100A8
DR 43-,GO_Biological_Process_2023,Positive Regulation Of Interleukin-1 Production (GO:0032732),0.00035531951991744334,0.013958981139613845,0,0,15.0,119.13739675786499,ORM1;SAA1;PYDC1;ORM2
DR 43-,GO_Biological_Process_2023,Positive Regulation Of Cellular Process (GO:0048522),0.0004985683612449329,0.016180446739304688,0,0,6.142589995324919,46.7068405709551,SAA1;AKR1C3;AKR1C2;NCCRP1;S100A9;S100A8;KRT6A
DR 43-,GO_Biological_Process_2023,Response To Lipopolysaccharide (GO:0032496),0.0005295418932863352,0.016180446739304688,0,0,9.18095238095238,69.25649847130231,SLPI;S100A14;S100A9;S100A8;S100A7
DR 43-,GO_Biological_Process_2023,Neutrophil Chemotaxis (GO:0030593),0.0015604936375085087,0.036363137405842225,0,0,9.622828784119108,62.189966300090795,CCL20;SAA1;S100A9;S100A8
DR 43-,GO_Biological_Process_2023,Granulocyte Chemotaxis (GO:0071621),0.001737288617608781,0.036363137405842225,0,0,9.317307692307692,59.2154935365771,CCL20;SAA1;S100A9;S100A8
DR 43-,GO_Biological_Process_2023,Neutrophil Migration (GO:1990266),0.001737288617608781,0.036363137405842225,0,0,9.317307692307692,59.2154935365771,CCL20;SAA1;S100A9;S100A8
DR 43-,GO_Biological_Process_2023,Cellular Response To Fatty Acid (GO:0071398),0.002115673449067184,0.036363137405842225,0,0,46.833333333333336,288.41756175511915,AKR1C3;AKR1C2
DR 43-,GO_Biological_Process_2023,Cellular Response To Prostaglandin Stimulus (GO:0071379),0.002115673449067184,0.036363137405842225,0,0,46.833333333333336,288.41756175511915,AKR1C3;AKR1C2
DR 43-,GO_Biological_Process_2023,Defense Response To Fungus (GO:0050832),0.002115673449067184,0.036363137405842225,0,0,46.833333333333336,288.41756175511915,S100A9;S100A8
DR 43-,GO_Biological_Process_2023,Leukocyte Aggregation (GO:0070486),0.002115673449067184,0.036363137405842225,0,0,46.833333333333336,288.41756175511915,S100A9;S100A8
DR 43-,GO_Biological_Process_2023,Positive Regulation Of Cell Population Proliferation (GO:0008284),0.002432816520569247,0.03836645570678375,0,0,5.222222222222222,31.431018294495065,S100A6;AKR1C3;HMOX1;AKR1C2;NCCRP1;KRT6A
DR 43-,GO_Biological_Process_2023,Antimicrobial Humoral Immune Response Mediated By Antimicrobial Peptide (GO:0061844),0.002511258918989482,0.03836645570678375,0,0,13.569444444444445,81.23987159934254,S100A9;S100A7;KRT6A
DR 43-,GO_Biological_Process_2023,Regulation Of Organelle Organization (GO:0033043),0.003143939820252731,0.04550439213523689,0,0,35.107142857142854,202.29713608792107,S100A9;S100A8
DR 44-,GO_Biological_Process_2023,Mitotic Cell Cycle Phase Transition (GO:0044772),7.448190689122897e-06,0.00131088156128563,0,0,47.75757575757576,563.899458150535,CCNB2;UBE2S;FOXM1;CDKN3
DR 44-,GO_Biological_Process_2023,Anaphase-Promoting Complex-Dependent Catabolic Process (GO:0031145),0.0001568894971297167,0.006873236664022939,0,0,305.2307692307692,2673.81202758239,CDC20;UBE2S
DR 44-,GO_Biological_Process_2023,Mitotic Cytokinesis (GO:0000281),0.00018045957578606634,0.006873236664022939,0,0,37.92307692307692,326.89706574874606,KIF4A;STMN1;BIRC5
DR 44-,GO_Biological_Process_2023,Cytoskeleton-Dependent Cytokinesis (GO:0061640),0.0002181410307779048,0.006873236664022939,0,0,35.19642857142857,296.71887239089125,KIF4A;STMN1;BIRC5
DR 44-,GO_Biological_Process_2023,Microtubule Cytoskeleton Organization Involved In Mitosis (GO:1902850),0.00026058830273343675,0.006873236664022939,0,0,32.833333333333336,270.95934161606954,KIF4A;STMN1;BIRC5
DR 44-,GO_Biological_Process_2023,Kinetochore Assembly (GO:0051382),0.00031241984836467905,0.006873236664022939,0,0,152.53846153846155,1231.1627268861537,CENPF;CENPW
DR 44-,GO_Biological_Process_2023,Positive Regulation Of Ubiquitin Protein Ligase Activity (GO:1904668),0.00031241984836467905,0.006873236664022939,0,0,152.53846153846155,1231.1627268861537,CDC20;UBE2S
DR 44-,GO_Biological_Process_2023,Centromere Complex Assembly (GO:0034508),0.00031241984836467905,0.006873236664022939,0,0,152.53846153846155,1231.1627268861537,CENPF;CENPW
DR 44-,GO_Biological_Process_2023,Mitotic Spindle Organization (GO:0007052),0.00041900963503091465,0.00760384248045734,0,0,27.319444444444443,212.48016578878924,KIF4A;STMN1;BIRC5
DR 44-,GO_Biological_Process_2023,Kinetochore Organization (GO:0051383),0.0005184438054857278,0.00760384248045734,0,0,101.64102564102564,768.8817235832724,CENPF;CENPW
DR 44-,GO_Biological_Process_2023,Positive Regulation Of Ubiquitin-Protein Transferase Activity (GO:0051443),0.0005184438054857278,0.00760384248045734,0,0,101.64102564102564,768.8817235832724,CDC20;UBE2S
DR 44-,GO_Biological_Process_2023,Regulation Of Ubiquitin Protein Ligase Activity (GO:1904666),0.0005184438054857278,0.00760384248045734,0,0,101.64102564102564,768.8817235832724,CDC20;UBE2S
DR 44-,GO_Biological_Process_2023,Positive Regulation Of Mitotic Sister Chromatid Separation (GO:1901970),0.0007742963048434295,0.00908507664349624,0,0,76.1923076923077,545.8078579581857,CDC20;BIRC5
DR 44-,GO_Biological_Process_2023,Mitotic Spindle Elongation (GO:0000022),0.0007742963048434295,0.00908507664349624,0,0,76.1923076923077,545.8078579581857,KIF4A;BIRC5
DR 44-,GO_Biological_Process_2023,Mitotic Spindle Midzone Assembly (GO:0051256),0.0007742963048434295,0.00908507664349624,0,0,76.1923076923077,545.8078579581857,KIF4A;BIRC5
DR 44-,GO_Biological_Process_2023,Positive Regulation Of Synaptic Transmission (GO:0050806),0.0010793182771063415,0.011872501048169757,0,0,60.92307692307692,416.19147110358887,NMU;FOXM1
DR 44-,GO_Biological_Process_2023,Regulation Of Cyclin-Dependent Protein Kinase Activity (GO:1904029),0.0018342641316953048,0.01899002865755139,0,0,43.472527472527474,273.92526000870254,CCNB2;CDKN3
DR 44-,GO_Biological_Process_2023,Mitotic Spindle Assembly (GO:0090307),0.00228289952959586,0.020372933905783104,0,0,38.01923076923077,231.244706456881,KIF4A;BIRC5
DR 44-,GO_Biological_Process_2023,Regulation Of Cell Cycle (GO:0051726),0.0026538775718388547,0.020372933905783104,0,0,13.534722222222221,80.28436486430974,CDC20;FOXM1;CDKN3
DR 44-,GO_Biological_Process_2023,Spindle Assembly Checkpoint Signaling (GO:0071173),0.0027781273507886052,0.020372933905783104,0,0,33.77777777777778,198.81526341084535,CDC20;CENPF
DR 44-,GO_Biological_Process_2023,Negative Regulation Of Mitotic Metaphase/Anaphase Transition (GO:0045841),0.0027781273507886052,0.020372933905783104,0,0,33.77777777777778,198.81526341084535,CDC20;CENPF
DR 44-,GO_Biological_Process_2023,Non-Membrane-Bounded Organelle Assembly (GO:0140694),0.0027781273507886052,0.020372933905783104,0,0,33.77777777777778,198.81526341084535,CENPF;CENPW
DR 44-,GO_Biological_Process_2023,Mitotic Spindle Assembly Checkpoint Signaling (GO:0007094),0.0027781273507886052,0.020372933905783104,0,0,33.77777777777778,198.81526341084535,CDC20;CENPF
DR 44-,GO_Biological_Process_2023,Mitotic Spindle Checkpoint Signaling (GO:0071174),0.0027781273507886052,0.020372933905783104,0,0,33.77777777777778,198.81526341084535,CDC20;CENPF
DR 44-,GO_Biological_Process_2023,Regulation Of Cyclin-Dependent Protein Serine/Threonine Kinase Activity (GO:0000079),0.003905847397787526,0.027497165680424183,0,0,27.60839160839161,153.09627606294237,CCNB2;CDKN3
DR 44-,GO_Biological_Process_2023,Negative Regulation Of Nucleic Acid-Templated Transcription (GO:1903507),0.007085353463915718,0.042580159086088414,0,0,9.29326923076923,45.99913185750246,CENPF;BIRC5;FOXM1
DR 44-,GO_Biological_Process_2023,Proteasome-Mediated Ubiquitin-Dependent Protein Catabolic Process (GO:0043161),0.007497139242350098,0.042580159086088414,0,0,18.932692307692307,92.64208927291602,CDC20;UBE2S
DR 44-,GO_Biological_Process_2023,Regulation Of Protein Serine/Threonine Kinase Activity (GO:0071900),0.007497139242350098,0.042580159086088414,0,0,18.932692307692307,92.64208927291602,CCNB2;CDKN3
DR 44-,GO_Biological_Process_2023,Meiosis I (GO:0007127),0.007499914384481482,0.042580159086088414,0,0,inf,inf,PTTG1
DR 44-,GO_Biological_Process_2023,Positive Regulation Of Synaptic Plasticity (GO:0031915),0.007499914384481482,0.042580159086088414,0,0,inf,inf,CDC20
DR 44-,GO_Biological_Process_2023,Regulation Of Striated Muscle Tissue Development (GO:0016202),0.007499914384481482,0.042580159086088414,0,0,inf,inf,CENPF
DR 45-,GO_Biological_Process_2023,Regulation Of Wound Healing (GO:0061041),1.303976670323426e-06,0.0003546816543279719,0,0,82.33333333333333,1115.6242401375341,CLDN4;CLDN3;TNFRSF12A;CLDN1
DR 45-,GO_Biological_Process_2023,Positive Regulation Of Response To Wounding (GO:1903036),2.2984540060145424e-05,0.002211042291126889,0,0,91.33846153846154,975.5576776226284,CLDN4;CLDN3;CLDN1
DR 45-,GO_Biological_Process_2023,Tight Junction Assembly (GO:0120192),4.877299171603431e-05,0.002211042291126889,0,0,65.17582417582418,647.087341155067,CLDN4;CLDN3;CLDN1
DR 45-,GO_Biological_Process_2023,Apical Junction Assembly (GO:0043297),4.877299171603431e-05,0.002211042291126889,0,0,65.17582417582418,647.087341155067,CLDN4;CLDN3;CLDN1
DR 45-,GO_Biological_Process_2023,Bicellular Tight Junction Assembly (GO:0070830),4.877299171603431e-05,0.002211042291126889,0,0,65.17582417582418,647.087341155067,CLDN4;CLDN3;CLDN1
DR 45-,GO_Biological_Process_2023,Positive Regulation Of Wound Healing (GO:0090303),4.877299171603431e-05,0.002211042291126889,0,0,65.17582417582418,647.087341155067,CLDN4;CLDN3;CLDN1
DR 45-,GO_Biological_Process_2023,Cell Junction Maintenance (GO:0034331),0.00017924239096409134,0.006964847191747549,0,0,283.2857142857143,2443.8411344815827,CLDN3;CLDN1
DR 45-,GO_Biological_Process_2023,Positive Regulation Of JUN Kinase Activity (GO:0043507),0.0003568124330195455,0.012131622722664546,0,0,141.57142857142858,1123.8365155930142,EDN1;DKK1
DR 45-,GO_Biological_Process_2023,Regulation Of Cell Morphogenesis (GO:0022604),0.000591912726210038,0.017199365810143575,0,0,94.33333333333333,701.0996112389995,CLDN4;CLDN3
DR 45-,GO_Biological_Process_2023,Positive Regulation Of Cell Motility (GO:2000147),0.0006323296253729256,0.017199365810143575,0,0,13.16326530612245,96.96192515750587,CLDN4;EDN1;CLDN3;CLDN1
DR 45-,GO_Biological_Process_2023,Positive Regulation Of Cell Migration (GO:0030335),0.0008365283710490014,0.018490279252763184,0,0,12.144654088050315,86.06005650988781,CLDN4;EDN1;CLDN3;CLDN1
DR 45-,GO_Biological_Process_2023,Cell Junction Organization (GO:0034330),0.0008837265819335345,0.018490279252763184,0,0,70.71428571428571,497.2178008019773,CLDN3;CLDN1
DR 45-,GO_Biological_Process_2023,Regulation Of JUN Kinase Activity (GO:0043506),0.0008837265819335345,0.018490279252763184,0,0,70.71428571428571,497.2178008019773,EDN1;DKK1
DR 45-,GO_Biological_Process_2023,Establishment Of Skin Barrier (GO:0061436),0.0012314452943506017,0.020934570003960228,0,0,56.542857142857144,378.81264641941334,CLDN4;CLDN1
DR 45-,GO_Biological_Process_2023,Positive Regulation Of Peptidase Activity (GO:0010952),0.0012314452943506017,0.020934570003960228,0,0,56.542857142857144,378.81264641941334,CLDN4;CLDN3
DR 45-,GO_Biological_Process_2023,Skin Epidermis Development (GO:0098773),0.0012314452943506017,0.020934570003960228,0,0,56.542857142857144,378.81264641941334,CLDN4;CLDN1
DR 45-,GO_Biological_Process_2023,Maintenance Of Blood-Brain Barrier (GO:0035633),0.0020914020674102436,0.03160340901864368,0,0,40.3469387755102,248.93740838611538,CLDN3;CLDN1
DR 45-,GO_Biological_Process_2023,Negative Regulation Of Wound Healing (GO:0061045),0.0020914020674102436,0.03160340901864368,0,0,40.3469387755102,248.93740838611538,EDN1;CLDN3
DR 45-,GO_Biological_Process_2023,Regulation Of Blood Coagulation (GO:0030193),0.002602062144576179,0.03725057385919583,0,0,35.285714285714285,210.0012001285475,EDN1;PLAUR
DR 46+,GO_Biological_Process_2023,Regulation Of Wnt Signaling Pathway (GO:0030111),0.00031241984836467905,0.011513175247546222,0,0,152.53846153846155,1231.1627268861537,FRZB;NOTUM
DR 46+,GO_Biological_Process_2023,Negative Regulation Of Wnt Signaling Pathway (GO:0030178),0.0006223337971646606,0.011513175247546222,0,0,104.05263157894737,768.1200597122469,FRZB;NOTUM
DR 46+,GO_Biological_Process_2023,Skeletal System Development (GO:0001501),0.0010360058612490447,0.012777405622071553,0,0,78.84,541.818634532766,FRZB;NOTUM
DR 46+,GO_Biological_Process_2023,Protein Deacylation (GO:0035601),0.001999963168059245,0.018485848311961834,0,0,inf,inf,NOTUM
DR 46+,GO_Biological_Process_2023,Negative Regulation Of Signal Transduction (GO:0009968),0.0030160229053544,0.018485848311961834,0,0,44.36363636363637,257.4783929377135,FRZB;NOTUM
DR 46+,GO_Biological_Process_2023,Positive Regulation Of Programmed Cell Death (GO:0043068),0.0031479396593526673,0.018485848311961834,0,0,43.355555555555554,249.77166409718157,MLLT11;FRZB
DR 46+,GO_Biological_Process_2023,Positive Regulation Of Apoptotic Process (GO:0043065),0.0035600452358448974,0.018485848311961834,0,0,40.583333333333336,228.80810394941244,MLLT11;FRZB
DR 46+,GO_Biological_Process_2023,Lipoprotein Catabolic Process (GO:0042159),0.003996940175559315,0.018485848311961834,0,0,665.0,3672.2804008559224,NOTUM
DR 46+,GO_Biological_Process_2023,Positive Regulation Of Membrane Depolarization (GO:1904181),0.005990923177088634,0.02462935083914216,0,0,332.3333333333333,1700.719076579553,MLLT11
DR 46+,GO_Biological_Process_2023,Non-Canonical Wnt Signaling Pathway (GO:0035567),0.00798191329112281,0.02684825379741309,0,0,221.44444444444446,1069.7044701093293,FRZB
DR 46+,GO_Biological_Process_2023,Regulation Of Mitochondrial Depolarization (GO:0051900),0.00798191329112281,0.02684825379741309,0,0,221.44444444444446,1069.7044701093293,MLLT11
DR 46+,GO_Biological_Process_2023,Regulation Of Biomineral Tissue Development (GO:0070167),0.01393694971511305,0.0384716397662488,0,0,110.55555555555556,472.4272949222944,NOTUM
DR 46+,GO_Biological_Process_2023,Positive Regulation Of Release Of Cytochrome C From Mitochondria (GO:0090200),0.015915992842750006,0.0384716397662488,0,0,94.71428571428571,392.1579491912344,MLLT11
DR 46+,GO_Biological_Process_2023,Regulation Of Ossification (GO:0030278),0.017892056171902555,0.0384716397662488,0,0,82.83333333333333,333.271505266226,NOTUM
DR 46+,GO_Biological_Process_2023,Positive Regulation Of Fat Cell Differentiation (GO:0045600),0.017892056171902555,0.0384716397662488,0,0,82.83333333333333,333.271505266226,FRZB
DR 46+,GO_Biological_Process_2023,Wnt Signaling Pathway (GO:0016055),0.017892056171902555,0.0384716397662488,0,0,82.83333333333333,333.271505266226,FRZB
DR 46+,GO_Biological_Process_2023,Regulation Of Release Of Cytochrome C From Mitochondria (GO:0090199),0.019865142588336743,0.0384716397662488,0,0,73.5925925925926,288.39382112938614,MLLT11
DR 46+,GO_Biological_Process_2023,Bone Development (GO:0060348),0.019865142588336743,0.0384716397662488,0,0,73.5925925925926,288.39382112938614,NOTUM
DR 46+,GO_Biological_Process_2023,Regulation Of Apoptotic Process (GO:0042981),0.0213958404481637,0.0384716397662488,0,0,15.227642276422765,58.54356531652664,MLLT11;FRZB
DR 46+,GO_Biological_Process_2023,Canonical Wnt Signaling Pathway (GO:0060070),0.021835255002465536,0.0384716397662488,0,0,66.2,253.16398717383677,FRZB
DR 46+,GO_Biological_Process_2023,Extrinsic Apoptotic Signaling Pathway (GO:0097191),0.021835255002465536,0.0384716397662488,0,0,66.2,253.16398717383677,MLLT11
DR 46+,GO_Biological_Process_2023,Positive Regulation Of Mitochondrion Organization (GO:0010822),0.023802396346046768,0.04003130294562411,0,0,60.15151515151515,224.84449993577954,MLLT11
DR 46+,GO_Biological_Process_2023,Regulation Of Bone Mineralization (GO:0030500),0.025766569548766608,0.04145056840453759,0,0,55.111111111111114,201.6337756746553,NOTUM
DR 46+,GO_Biological_Process_2023,Regulation Of Fat Cell Differentiation (GO:0045598),0.027727777558243148,0.042746990402291525,0,0,50.84615384615385,182.29976120459048,FRZB
DR 46+,GO_Biological_Process_2023,Negative Regulation Of Cell Growth (GO:0030308),0.03164130980133688,0.04682913850597858,0,0,44.022222222222226,152.02157637342444,FRZB
DR 47+,GO_Biological_Process_2023,Skeletal System Development (GO:0001501),0.013499880693295602,0.013499880693295602,0,0,inf,inf,CLEC3A
DR 48-,GO_Biological_Process_2023,Cytokine-Mediated Signaling Pathway (GO:0019221),2.5038145851975672e-12,1.6475099970599993e-09,0,0,33.06896551724138,883.3780785741183,NFKBIA;CXCL6;IL6;CXCL8;CCL20;CCL2;CXCL1;CXCL3;CXCL2;TNF;CX3CL1;BIRC3
DR 48-,GO_Biological_Process_2023,Neutrophil Chemotaxis (GO:0030593),5.575706176891893e-11,1.214569633225004e-08,0,0,45.0,1062.450767029919,CXCL6;CXCL8;CCL20;PDE4B;CCL2;CXCL1;CXCL3;CXCL2;CX3CL1
DR 48-,GO_Biological_Process_2023,Granulocyte Chemotaxis (GO:0071621),7.383402025683915e-11,1.214569633225004e-08,0,0,43.31111111111111,1010.4136387959286,CXCL6;CXCL8;CCL20;PDE4B;CCL2;CXCL1;CXCL3;CXCL2;CX3CL1
DR 48-,GO_Biological_Process_2023,Neutrophil Migration (GO:1990266),7.383402025683915e-11,1.214569633225004e-08,0,0,43.31111111111111,1010.4136387959286,CXCL6;CXCL8;CCL20;PDE4B;CCL2;CXCL1;CXCL3;CXCL2;CX3CL1
DR 48-,GO_Biological_Process_2023,Chemokine-Mediated Signaling Pathway (GO:0070098),1.6121260255354505e-10,2.1215578496046526e-08,0,0,54.388888888888886,1226.3768261113353,CXCL6;CXCL8;CCL20;CCL2;CXCL1;CXCL3;CXCL2;CX3CL1
DR 48-,GO_Biological_Process_2023,Cellular Response To Lipopolysaccharide (GO:0071222),2.0863459811031468e-10,2.2880260926097845e-08,0,0,37.645161290322584,839.127085875527,CXCL6;IL6;CXCL8;PDE4B;CCL2;CXCL1;CXCL3;CXCL2;TNF
DR 48-,GO_Biological_Process_2023,Inflammatory Response (GO:0006954),3.9556402978327784e-10,3.565009621128571e-08,0,0,23.03956043956044,498.82280580181174,CXCL6;IL6;CXCL8;TNFAIP6;CCL20;CCL2;CXCL1;CXCL3;CXCL2;TNF;CX3CL1
DR 48-,GO_Biological_Process_2023,Cellular Response To Chemokine (GO:1990869),4.3343582019800253e-10,3.565009621128571e-08,0,0,46.54761904761905,1003.5330304709431,CXCL6;CXCL8;CCL20;CCL2;CXCL1;CXCL3;CXCL2;CX3CL1
DR 48-,GO_Biological_Process_2023,Cellular Response To Molecule Of Bacterial Origin (GO:0071219),1.7684714591830002e-09,1.2929491334915714e-07,0,0,37.5,755.7431342191966,CXCL6;IL6;CXCL8;PDE4B;CCL2;CXCL1;CXCL3;CXCL2
DR 48-,GO_Biological_Process_2023,Response To Lipopolysaccharide (GO:0032496),2.787601107503306e-08,1.8342415287371753e-06,0,0,24.833333333333332,431.98823351250104,CXCL6;IL6;CXCL8;PDE4B;CCL2;CXCL1;CXCL3;CXCL2
DR 48-,GO_Biological_Process_2023,Cellular Response To Lipid (GO:0071396),5.483023221371911e-08,3.2798447996933794e-06,0,0,22.476744186046513,375.7892280143381,CXCL6;IL6;CXCL8;PDE4B;CCL2;CXCL1;CXCL3;CXCL2
DR 48-,GO_Biological_Process_2023,Cellular Response To Tumor Necrosis Factor (GO:0071356),7.500573112357403e-08,4.11281425660931e-06,0,0,28.647058823529413,469.9750905074567,NFKBIA;CXCL8;CCL20;CCL2;TNF;CX3CL1;BIRC3
DR 48-,GO_Biological_Process_2023,Response To Tumor Necrosis Factor (GO:0034612),6.057447545397636e-07,3.066000372978188e-05,0,0,28.304347826086957,405.2278889571409,NFKBIA;CXCL8;CCL20;UBD;CCL2;CX3CL1
DR 48-,GO_Biological_Process_2023,Cellular Response To Oxygen-Containing Compound (GO:1901701),7.076186696771854e-07,3.325807747482771e-05,0,0,15.435483870967742,218.5874514421004,CXCL6;IL6;CXCL8;PDE4B;CCL2;CXCL1;CXCL3;CXCL2
DR 48-,GO_Biological_Process_2023,Negative Regulation Of Lipid Localization (GO:1905953),1.5201495618312783e-06,6.668389411233208e-05,0,0,inf,inf,NFKBIA;IL6;TNF
DR 48-,GO_Biological_Process_2023,Antimicrobial Humoral Immune Response Mediated By Antimicrobial Peptide (GO:0061844),1.6656802595066414e-06,6.850110067221063e-05,0,0,36.8796992481203,490.6946124655228,CXCL6;CXCL8;CXCL1;CXCL3;CXCL2
DR 48-,GO_Biological_Process_2023,Regulation Of Inflammatory Response (GO:0050727),3.563481841396879e-06,0.00013792770891994977,0,0,14.940066592674805,187.41973572929032,NFKBIA;IL6;TNFAIP6;TNF;CX3CL1;BIRC3;PTGES
DR 48-,GO_Biological_Process_2023,Negative Regulation Of Lipid Storage (GO:0010888),1.4963066986227246e-05,0.0005469832264965293,0,0,141.0,1566.4995087514308,NFKBIA;IL6;TNF
DR 48-,GO_Biological_Process_2023,Cellular Response To Cytokine Stimulus (GO:0071345),2.5156276783076172e-05,0.0008553426016179395,0,0,10.734085414987913,113.67829165503477,NFKBIA;IL6;CXCL8;CCL20;IRF1;CCL2;CX3CL1
DR 48-,GO_Biological_Process_2023,Antimicrobial Humoral Response (GO:0019730),2.599825536832643e-05,0.0008553426016179395,0,0,18.996101364522417,200.55098157437385,CXCL6;CXCL8;CXCL1;CXCL3;CXCL2
DR 48-,GO_Biological_Process_2023,Monocyte Chemotaxis (GO:0002548),4.370241311769526e-05,0.0013693422776877848,0,0,28.02857142857143,281.35380570839976,IL6;CCL20;CCL2;CX3CL1
DR 48-,GO_Biological_Process_2023,Regulation Of Lipid Storage (GO:0010883),5.1548808860165867e-05,0.0015417780104540518,0,0,70.42857142857143,695.3399795645644,NFKBIA;IL6;TNF
DR 48-,GO_Biological_Process_2023,Regulation Of Response To Biotic Stimulus (GO:0002831),8.182828865668946e-05,0.0023410006059174635,0,0,56.31428571428572,529.9674101490854,IRF1;CX3CL1;BIRC3
DR 48-,GO_Biological_Process_2023,Regulation Of Response To External Stimulus (GO:0032101),0.0001214728759645797,0.0031971660953877376,0,0,20.6,185.72588300183756,IRF1;CX3CL1;BIRC3;PTGES
DR 48-,GO_Biological_Process_2023,Cellular Response To Interleukin-1 (GO:0071347),0.0001214728759645797,0.0031971660953877376,0,0,20.6,185.72588300183756,CXCL8;CCL20;CCL2;CX3CL1
DR 48-,GO_Biological_Process_2023,Positive Regulation Of I-kappaB Phosphorylation (GO:1903721),0.00013806383401490768,0.003364666769696639,0,0,inf,inf,TNF;CX3CL1
DR 48-,GO_Biological_Process_2023,Regulation Of I-kappaB Phosphorylation (GO:1903719),0.00013806383401490768,0.003364666769696639,0,0,inf,inf,TNF;CX3CL1
DR 48-,GO_Biological_Process_2023,Positive Regulation Of MAPK Cascade (GO:0043410),0.00015361024121106722,0.00360984066846008,0,0,9.497512437810945,83.39853110416095,IL6;CCL20;CCL2;TNF;CX3CL1;ICAM1
DR 48-,GO_Biological_Process_2023,Negative Regulation Of Cell Differentiation (GO:0045596),0.00020018555689689296,0.004542141256488123,0,0,17.763636363636362,151.27984950555356,NFKBIA;IL6;TNFAIP6;TNF
DR 48-,GO_Biological_Process_2023,Cellular Response To Type II Interferon (GO:0071346),0.00023311404632860402,0.0051129680828073815,0,0,16.982608695652175,142.04224626412645,CCL20;IRF1;CCL2;CX3CL1
DR 48-,GO_Biological_Process_2023,Response To Interleukin-1 (GO:0070555),0.00026978311926795456,0.005726364273494004,0,0,16.266666666666666,133.677712855247,CXCL8;CCL20;CCL2;CX3CL1
DR 48-,GO_Biological_Process_2023,Tumor Necrosis Factor-Mediated Signaling Pathway (GO:0033209),0.00031145823024452594,0.006241749678526238,0,0,31.22222222222222,252.0958816902758,NFKBIA;TNF;BIRC3
DR 48-,GO_Biological_Process_2023,Positive Regulation Of ERK1 And ERK2 Cascade (GO:0070374),0.00031303607810237975,0.006241749678526238,0,0,10.570175438596491,85.29277623525843,CCL20;CCL2;TNF;CX3CL1;ICAM1
DR 48-,GO_Biological_Process_2023,Negative Regulation Of Neuron Apoptotic Process (GO:0043524),0.00040170704290078943,0.007311883253198,0,0,28.085714285714285,219.62431705104694,CCL2;SOD2;CX3CL1
DR 48-,GO_Biological_Process_2023,NIK/NF-kappaB Signaling (GO:0038061),0.0004111545294351459,0.007311883253198,0,0,179.54545454545453,1399.8335749507069,NFKBIA;BIRC3
DR 48-,GO_Biological_Process_2023,Negative Regulation Of Nervous System Development (GO:0051961),0.0004111545294351459,0.007311883253198,0,0,179.54545454545453,1399.8335749507069,IL6;TNF
DR 48-,GO_Biological_Process_2023,Inflammatory Response To Wounding (GO:0090594),0.0004111545294351459,0.007311883253198,0,0,179.54545454545453,1399.8335749507069,IL6;TNF
DR 48-,GO_Biological_Process_2023,Positive Regulation Of Inflammatory Response (GO:0050729),0.0004587821101651529,0.007740477653555657,0,0,13.914285714285715,106.95821216878727,NFKBIA;IL6;TNF;CX3CL1
DR 48-,GO_Biological_Process_2023,Positive Regulation Of I-kappaB kinase/NF-kappaB Signaling (GO:0043123),0.0004587821101651529,0.007740477653555657,0,0,13.914285714285715,106.95821216878727,UBD;TNF;CX3CL1;BIRC3
DR 48-,GO_Biological_Process_2023,Positive Regulation Of Leukocyte Migration (GO:0002687),0.0005072376586445494,0.008344059484702838,0,0,25.51948051948052,193.60432775494456,IL6;TNF;ICAM1
DR 48-,GO_Biological_Process_2023,Response To Type II Interferon (GO:0034341),0.0006520504423137979,0.01046461441567022,0,0,12.548387096774194,92.0472960786641,CCL20;UBD;CCL2;CX3CL1
DR 48-,GO_Biological_Process_2023,Regulation Of ERK1 And ERK2 Cascade (GO:0070372),0.0007074595893065836,0.010531611739332217,0,0,8.702359346642469,63.12543571426238,CCL20;CCL2;TNF;CX3CL1;ICAM1
DR 48-,GO_Biological_Process_2023,Negative Regulation Of Apoptotic Process (GO:0043066),0.0007371665436706744,0.010531611739332217,0,0,6.904761904761905,49.80195351643715,IL6;CCL2;SOD2;TNF;CX3CL1;BIRC3
DR 48-,GO_Biological_Process_2023,Positive Regulation Of Gliogenesis (GO:0014015),0.0008162799372430745,0.010531611739332217,0,0,89.72727272727273,638.0284918059731,IL6;TNF
DR 48-,GO_Biological_Process_2023,Negative Regulation Of Fat Cell Differentiation (GO:0045599),0.0008162799372430745,0.010531611739332217,0,0,89.72727272727273,638.0284918059731,IL6;TNF
DR 48-,GO_Biological_Process_2023,I-kappaB kinase/NF-kappaB Signaling (GO:0007249),0.0008162799372430745,0.010531611739332217,0,0,89.72727272727273,638.0284918059731,NFKBIA;BIRC3
DR 48-,GO_Biological_Process_2023,Negative Regulation Of Phosphoprotein Phosphatase Activity (GO:0032515),0.0008162799372430745,0.010531611739332217,0,0,89.72727272727273,638.0284918059731,PPP1R15A;TNF
DR 48-,GO_Biological_Process_2023,Regulation Of Leukocyte Adhesion To Vascular Endothelial Cell (GO:1904994),0.0008162799372430745,0.010531611739332217,0,0,89.72727272727273,638.0284918059731,IL6;TNF
DR 48-,GO_Biological_Process_2023,"Regulation Of Synaptic Transmission, Glutamatergic (GO:0051966)",0.0008162799372430745,0.010531611739332217,0,0,89.72727272727273,638.0284918059731,CCL2;TNF
DR 48-,GO_Biological_Process_2023,Regulation Of Toll-Like Receptor Signaling Pathway (GO:0034121),0.0008162799372430745,0.010531611739332217,0,0,89.72727272727273,638.0284918059731,IRF1;BIRC3
DR 48-,GO_Biological_Process_2023,Sensory Perception Of Pain (GO:0019233),0.0008162799372430745,0.010531611739332217,0,0,89.72727272727273,638.0284918059731,CCL2;PTGES
DR 48-,GO_Biological_Process_2023,Regulation Of Neurogenesis (GO:0050767),0.0009253835145206782,0.01170966062605012,0,0,20.020408163265305,139.84860311144246,IL6;TNF;CX3CL1
DR 48-,GO_Biological_Process_2023,Regulation Of Defense Response (GO:0031347),0.0011017207371633757,0.013180586273700022,0,0,18.676190476190477,127.20132982147973,IRF1;BIRC3;PTGES
DR 48-,GO_Biological_Process_2023,Regulation Of Endothelial Cell Apoptotic Process (GO:2000351),0.0011017207371633757,0.013180586273700022,0,0,18.676190476190477,127.20132982147973,CCL2;TNF;ICAM1
DR 48-,GO_Biological_Process_2023,Positive Regulation Of Smooth Muscle Cell Proliferation (GO:0048661),0.0011017207371633757,0.013180586273700022,0,0,18.676190476190477,127.20132982147973,IL6;TNF;CX3CL1
DR 48-,GO_Biological_Process_2023,Regulation Of Glial Cell Proliferation (GO:0060251),0.0013504951323009165,0.013884778078968797,0,0,59.78787878787879,395.03549425777214,IL6;TNF
DR 48-,GO_Biological_Process_2023,Negative Regulation Of Neurogenesis (GO:0050768),0.0013504951323009165,0.013884778078968797,0,0,59.78787878787879,395.03549425777214,IL6;TNF
DR 48-,GO_Biological_Process_2023,Granulocyte Activation (GO:0036230),0.0013504951323009165,0.013884778078968797,0,0,59.78787878787879,395.03549425777214,CXCL6;CXCL8
DR 48-,GO_Biological_Process_2023,Positive Regulation Of Acute Inflammatory Response (GO:0002675),0.0013504951323009165,0.013884778078968797,0,0,59.78787878787879,395.03549425777214,IL6;TNF
DR 48-,GO_Biological_Process_2023,Response To Corticosteroid (GO:0031960),0.0013504951323009165,0.013884778078968797,0,0,59.78787878787879,395.03549425777214,IL6;TNF
DR 48-,GO_Biological_Process_2023,Regulation Of Acute Inflammatory Response (GO:0002673),0.0013504951323009165,0.013884778078968797,0,0,59.78787878787879,395.03549425777214,IL6;PTGES
DR 48-,GO_Biological_Process_2023,Digestive Tract Development (GO:0048565),0.0013504951323009165,0.013884778078968797,0,0,59.78787878787879,395.03549425777214,CXCL8;TNF
DR 48-,GO_Biological_Process_2023,Positive Regulation Of Cytokine Production Involved In Inflammatory Response (GO:1900017),0.0013504951323009165,0.013884778078968797,0,0,59.78787878787879,395.03549425777214,IL6;TNF
DR 48-,GO_Biological_Process_2023,Negative Regulation Of Cell Development (GO:0010721),0.0013504951323009165,0.013884778078968797,0,0,59.78787878787879,395.03549425777214,IL6;TNF
DR 48-,GO_Biological_Process_2023,Positive Regulation Of Transcription By RNA Polymerase II (GO:0045944),0.0015108379123724637,0.015294328405247401,0,0,5.93968253968254,38.57877785322333,NFKBIA;IL6;IRF1;NCOA7;TNF;CX3CL1
DR 48-,GO_Biological_Process_2023,Apoptotic Process (GO:0006915),0.0015721684769696737,0.015674043300697653,0,0,9.68,62.48729835726641,NFKBIA;PPP1R15A;IRF1;PHLDA2
DR 48-,GO_Biological_Process_2023,Lymphocyte Migration (GO:0072676),0.001753644495573873,0.01694008240254577,0,0,15.53968253968254,98.61574360073733,CCL20;CCL2;CX3CL1
DR 48-,GO_Biological_Process_2023,Regulation Of Smooth Muscle Cell Proliferation (GO:0048660),0.001753644495573873,0.01694008240254577,0,0,15.53968253968254,98.61574360073733,IL6;TNF;CX3CL1
DR 48-,GO_Biological_Process_2023,Negative Regulation Of Cell Population Proliferation (GO:0008285),0.0017763916197198453,0.01694008240254577,0,0,6.95906432748538,44.0729454445858,IL6;CXCL8;IRF1;CXCL1;SOD2
DR 48-,GO_Biological_Process_2023,Regulation Of I-kappaB kinase/NF-kappaB Signaling (GO:0043122),0.0018596398865709468,0.0174806149337669,0,0,9.209523809523809,57.90370599555158,UBD;TNF;CX3CL1;BIRC3
DR 48-,GO_Biological_Process_2023,Positive Regulation Of Leukocyte Adhesion To Vascular Endothelial Cell (GO:1904996),0.0020109017534253306,0.01841088145043106,0,0,44.81818181818182,278.2838007107519,IL6;TNF
DR 48-,GO_Biological_Process_2023,Lymphocyte Chemotaxis (GO:0048247),0.0020145645356094777,0.01841088145043106,0,0,14.714285714285714,91.33675406925636,CCL20;CCL2;CX3CL1
DR 48-,GO_Biological_Process_2023,Positive Regulation Of Leukocyte Cell-Cell Adhesion (GO:1903039),0.0026062355858879555,0.02286537354019033,0,0,13.299319727891156,79.12893624433875,IL6;CCL2;TNF
DR 48-,GO_Biological_Process_2023,Regulation Of Neuron Apoptotic Process (GO:0043523),0.0026062355858879555,0.02286537354019033,0,0,13.299319727891156,79.12893624433875,CCL2;SOD2;TNF
DR 48-,GO_Biological_Process_2023,Response To Molecule Of Bacterial Origin (GO:0002237),0.0026062355858879555,0.02286537354019033,0,0,13.299319727891156,79.12893624433875,IL6;CXCL8;CXCL2
DR 48-,GO_Biological_Process_2023,Positive Regulation Of Neuroinflammatory Response (GO:0150078),0.0027946474304425687,0.02327693682571152,0,0,35.836363636363636,210.71958574903547,IL6;TNF
DR 48-,GO_Biological_Process_2023,Regulation Of Microglial Cell Activation (GO:1903978),0.0027946474304425687,0.02327693682571152,0,0,35.836363636363636,210.71958574903547,IL6;CX3CL1
DR 48-,GO_Biological_Process_2023,Positive Regulation Of Synaptic Transmission (GO:0050806),0.0027946474304425687,0.02327693682571152,0,0,35.836363636363636,210.71958574903547,CCL2;TNF
DR 48-,GO_Biological_Process_2023,Response To Glucocorticoid (GO:0051384),0.0027946474304425687,0.02327693682571152,0,0,35.836363636363636,210.71958574903547,IL6;TNF
DR 48-,GO_Biological_Process_2023,Positive Regulation Of Protein Metabolic Process (GO:0051247),0.002938347567055221,0.02416790873902919,0,0,12.688311688311689,73.97168864659423,NFKBIA;IL6;TNF
DR 48-,GO_Biological_Process_2023,Regulation Of Transcription By RNA Polymerase II (GO:0006357),0.00356464951745985,0.028301078806136987,0,0,4.37439446366782,24.65710352603446,NFKBIA;IL6;IRF1;NCOA7;SOD2;TNF;CX3CL1
DR 48-,GO_Biological_Process_2023,Positive Regulation Of Nitrogen Compound Metabolic Process (GO:0051173),0.003698925193507266,0.028301078806136987,0,0,29.848484848484848,167.14294833110674,NFKBIA;TNF
DR 48-,GO_Biological_Process_2023,Neutrophil Activation (GO:0042119),0.003698925193507266,0.028301078806136987,0,0,29.848484848484848,167.14294833110674,CXCL6;CXCL8
DR 48-,GO_Biological_Process_2023,Protein Kinase B Signaling (GO:0043491),0.003698925193507266,0.028301078806136987,0,0,29.848484848484848,167.14294833110674,CCL2;TNF
DR 48-,GO_Biological_Process_2023,Positive Regulation Of Amide Metabolic Process (GO:0034250),0.003698925193507266,0.028301078806136987,0,0,29.848484848484848,167.14294833110674,IL6;TNF
DR 48-,GO_Biological_Process_2023,Sensory Perception (GO:0007600),0.003698925193507266,0.028301078806136987,0,0,29.848484848484848,167.14294833110674,CCL2;PTGES
DR 48-,GO_Biological_Process_2023,Positive Regulation Of Intracellular Signal Transduction (GO:1902533),0.0041059262339313875,0.03105401680375693,0,0,5.645933014354067,31.02623077826,IL6;UBD;TNF;CX3CL1;BIRC3
DR 48-,GO_Biological_Process_2023,Positive Regulation Of NF-kappaB Transcription Factor Activity (GO:0051092),0.004523120736458138,0.03382060732488017,0,0,10.714285714285714,57.84164030307971,IL6;TNF;CX3CL1
DR 48-,GO_Biological_Process_2023,Regulation Of Insulin Secretion (GO:0050796),0.004720972874680002,0.03413626540153233,0,0,25.571428571428573,136.95393265373667,IL6;TNF
DR 48-,GO_Biological_Process_2023,Lipopolysaccharide-Mediated Signaling Pathway (GO:0031663),0.004720972874680002,0.03413626540153233,0,0,25.571428571428573,136.95393265373667,CCL2;TNF
DR 48-,GO_Biological_Process_2023,Negative Regulation Of Apoptotic Signaling Pathway (GO:2001234),0.004720972874680002,0.03413626540153233,0,0,25.571428571428573,136.95393265373667,TNF;CX3CL1
DR 48-,GO_Biological_Process_2023,Regulation Of Interleukin-1 Beta Production (GO:0032651),0.004986211490352154,0.03566225174621432,0,0,10.312169312169312,54.665622926510295,IL6;TNF;CX3CL1
DR 48-,GO_Biological_Process_2023,Regulation Of Cell Population Proliferation (GO:0042127),0.005141973913017094,0.03638084768564783,0,0,4.545679012345679,23.957175027704846,IL6;CXCL8;IRF1;CXCL1;SOD2;CX3CL1
DR 48-,GO_Biological_Process_2023,Negative Regulation Of Cellular Process (GO:0048523),0.005382736442578683,0.03767915509805078,0,0,5.268756998880179,27.526928644849225,IL6;CXCL8;IRF1;CXCL1;SOD2
DR 48-,GO_Biological_Process_2023,Positive Regulation Of Cellular Biosynthetic Process (GO:0031328),0.005477091232252635,0.03779798697054736,0,0,9.938775510204081,51.75300415268943,IL6;CXCL8;TNF
DR 48-,GO_Biological_Process_2023,Positive Regulation Of DNA-templated Transcription (GO:0045893),0.00551459992275463,0.03779798697054736,0,0,4.474452554744525,23.26874696108529,NFKBIA;IL6;IRF1;NCOA7;TNF;CX3CL1
DR 48-,GO_Biological_Process_2023,Positive Regulation Of Receptor Signaling Pathway Via JAK-STAT (GO:0046427),0.0058580725172788445,0.03816447243930177,0,0,22.363636363636363,114.94762947823915,IL6;TNF
DR 48-,GO_Biological_Process_2023,Positive Regulation Of Receptor Signaling Pathway Via STAT (GO:1904894),0.0058580725172788445,0.03816447243930177,0,0,22.363636363636363,114.94762947823915,IL6;TNF
DR 48-,GO_Biological_Process_2023,Regulation Of Osteoclast Differentiation (GO:0045670),0.0058580725172788445,0.03816447243930177,0,0,22.363636363636363,114.94762947823915,TNFAIP6;TNF
DR 48-,GO_Biological_Process_2023,Regulation Of Peptide Hormone Secretion (GO:0090276),0.0058580725172788445,0.03816447243930177,0,0,22.363636363636363,114.94762947823915,IL6;TNF
DR 48-,GO_Biological_Process_2023,Regulation Of Apoptotic Signaling Pathway (GO:2001233),0.0058580725172788445,0.03816447243930177,0,0,22.363636363636363,114.94762947823915,TNF;CX3CL1
DR 48-,GO_Biological_Process_2023,Microglial Cell Activation (GO:0001774),0.007107549779596116,0.04338548776883227,0,0,19.86868686868687,98.28240097829439,TNF;CX3CL1
DR 48-,GO_Biological_Process_2023,Response To Endoplasmic Reticulum Stress (GO:0034976),0.007107549779596116,0.04338548776883227,0,0,19.86868686868687,98.28240097829439,PPP1R15A;CXCL8
DR 48-,GO_Biological_Process_2023,Embryonic Organ Development (GO:0048568),0.007107549779596116,0.04338548776883227,0,0,19.86868686868687,98.28240097829439,CXCL8;TNF
DR 48-,GO_Biological_Process_2023,Positive Regulation Of Epithelial Cell Apoptotic Process (GO:1904037),0.007107549779596116,0.04338548776883227,0,0,19.86868686868687,98.28240097829439,IL6;CCL2
DR 48-,GO_Biological_Process_2023,Eosinophil Chemotaxis (GO:0048245),0.007107549779596116,0.04338548776883227,0,0,19.86868686868687,98.28240097829439,CCL2;CX3CL1
DR 48-,GO_Biological_Process_2023,Eosinophil Migration (GO:0072677),0.007107549779596116,0.04338548776883227,0,0,19.86868686868687,98.28240097829439,CCL2;CX3CL1
DR 48-,GO_Biological_Process_2023,Regulation Of Interleukin-6 Production (GO:0032675),0.007121022308562135,0.04338548776883227,0,0,8.963133640552995,44.320042596488285,IL6;TNF;CX3CL1
DR 48-,GO_Biological_Process_2023,Positive Regulation Of GTPase Activity (GO:0043547),0.007727490379203121,0.0462244424501423,0,0,8.678571428571429,42.203642297816074,CCL20;CCL2;CX3CL1
DR 48-,GO_Biological_Process_2023,Positive Regulation Of Defense Response (GO:0031349),0.007727490379203121,0.0462244424501423,0,0,8.678571428571429,42.203642297816074,NFKBIA;TNF;CX3CL1
DR 48-,GO_Biological_Process_2023,Positive Regulation Of Hydrolase Activity (GO:0051345),0.008363840125246125,0.048444668418911756,0,0,8.41125541125541,40.23808000241209,CCL20;CCL2;CX3CL1
DR 48-,GO_Biological_Process_2023,Regulation Of GTPase Activity (GO:0043087),0.008363840125246125,0.048444668418911756,0,0,8.41125541125541,40.23808000241209,CCL20;CCL2;CX3CL1
DR 48-,GO_Biological_Process_2023,Regulation Of MAPK Cascade (GO:0043408),0.008363840125246125,0.048444668418911756,0,0,8.41125541125541,40.23808000241209,IL6;TNF;CX3CL1
DR 48-,GO_Biological_Process_2023,Regulation Of Cytokine Production Involved In Inflammatory Response (GO:1900015),0.008466773355888833,0.048444668418911756,0,0,17.87272727272727,85.28160898438993,IL6;TNF
DR 48-,GO_Biological_Process_2023,Regulation Of Neuroinflammatory Response (GO:0150077),0.008466773355888833,0.048444668418911756,0,0,17.87272727272727,85.28160898438993,IL6;TNF
DR 48-,GO_Biological_Process_2023,Positive Regulation Of Macromolecule Metabolic Process (GO:0010604),0.008608845344507655,0.04883293307487963,0,0,5.787878787878788,27.52116149970068,NFKBIA;IL6;CXCL8;TNF
DR 49-,GO_Biological_Process_2023,Somite Development (GO:0061053),0.0019994628802528407,0.03160044983004667,0,0,1997.0,12411.10875864577,SFRP2
DR 49-,GO_Biological_Process_2023,Regulation Of Stem Cell Division (GO:2000035),0.0019994628802528407,0.03160044983004667,0,0,1997.0,12411.10875864577,SFRP2
DR 49-,GO_Biological_Process_2023,Regulation Of Intrinsic Apoptotic Signaling Pathway In Response To DNA Damage (GO:1902229),0.0029984508787525596,0.03160044983004667,0,0,998.0,5798.040178435152,SFRP2
DR 49-,GO_Biological_Process_2023,Hematopoietic Stem Cell Proliferation (GO:0071425),0.0029984508787525596,0.03160044983004667,0,0,998.0,5798.040178435152,SFRP2
DR 49-,GO_Biological_Process_2023,Mesenchyme Development (GO:0060485),0.0029984508787525596,0.03160044983004667,0,0,998.0,5798.040178435152,SFRP2
DR 49-,GO_Biological_Process_2023,Cardiac Left Ventricle Morphogenesis (GO:0003214),0.003996940175559315,0.03160044983004667,0,0,665.0,3672.2804008559224,SFRP2
DR 49-,GO_Biological_Process_2023,Non-Canonical Wnt Signaling Pathway (GO:0035567),0.003996940175559315,0.03160044983004667,0,0,665.0,3672.2804008559224,SFRP2
DR 49-,GO_Biological_Process_2023,Branching Involved In Blood Vessel Morphogenesis (GO:0001569),0.004994930297647188,0.03160044983004667,0,0,498.5,2641.7169129698796,SFRP2
DR 49-,GO_Biological_Process_2023,Negative Regulation Of Intrinsic Apoptotic Signaling Pathway In Response To DNA Damage (GO:1902230),0.005992420981906273,0.03160044983004667,0,0,398.6,2039.7397474739962,SFRP2
DR 49-,GO_Biological_Process_2023,Negative Regulation Of Epithelial To Mesenchymal Transition (GO:0010719),0.006989412058842094,0.03160044983004667,0,0,332.0,1647.835134225178,SFRP2
DR 49-,GO_Biological_Process_2023,Sensory Perception Of Light Stimulus (GO:0050953),0.006989412058842094,0.03160044983004667,0,0,332.0,1647.835134225178,PRR4
DR 49-,GO_Biological_Process_2023,Positive Regulation Of Cell Adhesion Mediated By Integrin (GO:0033630),0.006989412058842094,0.03160044983004667,0,0,332.0,1647.835134225178,SFRP2
DR 49-,GO_Biological_Process_2023,Visual Perception (GO:0007601),0.007985903415155158,0.03160044983004667,0,0,284.42857142857144,1373.8120047267832,PRR4
DR 49-,GO_Biological_Process_2023,Positive Regulation Of Growth (GO:0045927),0.007985903415155158,0.03160044983004667,0,0,284.42857142857144,1373.8120047267832,SFRP2
DR 49-,GO_Biological_Process_2023,Negative Regulation Of Peptidyl-Tyrosine Phosphorylation (GO:0050732),0.008981894965226188,0.03160044983004667,0,0,248.75,1172.2454190779274,SFRP2
DR 49-,GO_Biological_Process_2023,Positive Regulation Of Fat Cell Differentiation (GO:0045600),0.008981894965226188,0.03160044983004667,0,0,248.75,1172.2454190779274,SFRP2
DR 49-,GO_Biological_Process_2023,Wnt Signaling Pathway (GO:0016055),0.008981894965226188,0.03160044983004667,0,0,248.75,1172.2454190779274,SFRP2
DR 49-,GO_Biological_Process_2023,Positive Regulation Of Cell Growth (GO:0030307),0.008981894965226188,0.03160044983004667,0,0,248.75,1172.2454190779274,SFRP2
DR 49-,GO_Biological_Process_2023,Negative Regulation Of Intrinsic Apoptotic Signaling Pathway (GO:2001243),0.009977386647081452,0.03160044983004667,0,0,221.0,1018.2429321130927,SFRP2
DR 49-,GO_Biological_Process_2023,Branching Morphogenesis Of An Epithelial Tube (GO:0048754),0.009977386647081452,0.03160044983004667,0,0,221.0,1018.2429321130927,SFRP2
DR 49-,GO_Biological_Process_2023,Canonical Wnt Signaling Pathway (GO:0060070),0.010972378413210651,0.03160044983004667,0,0,198.8,897.0599944410644,SFRP2
DR 49-,GO_Biological_Process_2023,Cardiac Ventricle Morphogenesis (GO:0003208),0.010972378413210651,0.03160044983004667,0,0,198.8,897.0599944410644,SFRP2
DR 49-,GO_Biological_Process_2023,Regulation Of Cell Adhesion Mediated By Integrin (GO:0033628),0.010972378413210651,0.03160044983004667,0,0,198.8,897.0599944410644,SFRP2
DR 49-,GO_Biological_Process_2023,Positive Regulation Of Canonical Wnt Signaling Pathway (GO:0090263),0.010972378413210651,0.03160044983004667,0,0,198.8,897.0599944410644,SFRP2
DR 49-,GO_Biological_Process_2023,Regulation Of Cell Division (GO:0051302),0.010972378413210651,0.03160044983004667,0,0,198.8,897.0599944410644,SFRP2
DR 49-,GO_Biological_Process_2023,Regulation Of Fat Cell Differentiation (GO:0045598),0.0139543538470805,0.03702155766376325,0,0,152.69230769230768,652.2959981243176,SFRP2
DR 49-,GO_Biological_Process_2023,Positive Regulation Of Wnt Signaling Pathway (GO:0030177),0.014947345616493145,0.03702155766376325,0,0,141.71428571428572,595.6565390400741,SFRP2
DR 49-,GO_Biological_Process_2023,Regulation Of Wnt Signaling Pathway (GO:0030111),0.014947345616493145,0.03702155766376325,0,0,141.71428571428572,595.6565390400741,SFRP2
DR 49-,GO_Biological_Process_2023,Positive Regulation Of Peptidyl-Serine Phosphorylation (GO:0033138),0.014947345616493145,0.03702155766376325,0,0,141.71428571428572,595.6565390400741,SFRP2
DR 49-,GO_Biological_Process_2023,Negative Regulation Of Cell Growth (GO:0030308),0.01593983732745362,0.03702155766376325,0,0,132.2,547.1670498110511,SFRP2
DR 49-,GO_Biological_Process_2023,Regulation Of Peptidyl-Serine Phosphorylation (GO:0033135),0.01593983732745362,0.03702155766376325,0,0,132.2,547.1670498110511,SFRP2
DR 49-,GO_Biological_Process_2023,Negative Regulation Of Protein Phosphorylation (GO:0001933),0.01792332052038118,0.037955266984336614,0,0,116.52941176470588,468.64081083332223,SFRP2
DR 49-,GO_Biological_Process_2023,Negative Regulation Of Epithelial Cell Proliferation (GO:0050680),0.01792332052038118,0.037955266984336614,0,0,116.52941176470588,468.64081083332223,SFRP2
DR 49-,GO_Biological_Process_2023,Negative Regulation Of Canonical Wnt Signaling Pathway (GO:0090090),0.01792332052038118,0.037955266984336614,0,0,116.52941176470588,468.64081083332223,SFRP2
DR 49-,GO_Biological_Process_2023,Retina Homeostasis (GO:0001895),0.018914311976491106,0.038909441780210274,0,0,110.0,436.462003565536,PRR4
DR 49-,GO_Biological_Process_2023,Positive Regulation Of Cell Adhesion (GO:0045785),0.01990480332141886,0.03939171415657258,0,0,104.15789473684211,407.96503834796744,SFRP2
DR 49-,GO_Biological_Process_2023,Regulation Of Epithelial Cell Proliferation (GO:0050678),0.02089479454558477,0.03939171415657258,0,0,98.9,382.5704408463503,SFRP2
DR 49-,GO_Biological_Process_2023,Negative Regulation Of Wnt Signaling Pathway (GO:0030178),0.02089479454558477,0.03939171415657258,0,0,98.9,382.5704408463503,SFRP2
DR 49-,GO_Biological_Process_2023,Regulation Of Peptidyl-Tyrosine Phosphorylation (GO:0050730),0.021884285642540323,0.03939171415657258,0,0,94.14285714285714,359.8127243917042,SFRP2
DR 49-,GO_Biological_Process_2023,Regulation Of Epithelial To Mesenchymal Transition (GO:0010717),0.021884285642540323,0.03939171415657258,0,0,94.14285714285714,359.8127243917042,SFRP2
DR 49-,GO_Biological_Process_2023,Hemopoiesis (GO:0030097),0.022873276605103077,0.040167705257741985,0,0,89.81818181818181,339.313870745676,SFRP2
DR 49-,GO_Biological_Process_2023,Negative Regulation Of Growth (GO:0045926),0.023861767423283355,0.040440910867849685,0,0,85.8695652173913,320.7638537336833,SFRP2
DR 49-,GO_Biological_Process_2023,Regulation Of Canonical Wnt Signaling Pathway (GO:0060828),0.024849758093523296,0.040440910867849685,0,0,82.25,303.90612222991257,SFRP2
DR 49-,GO_Biological_Process_2023,Negative Regulation Of Cell Differentiation (GO:0045596),0.025837248610015073,0.040440910867849685,0,0,78.92,288.5266335638289,SFRP2
DR 49-,GO_Biological_Process_2023,Negative Regulation Of Cell Motility (GO:2000146),0.025837248610015073,0.040440910867849685,0,0,78.92,288.5266335638289,SFRP2
DR 49-,GO_Biological_Process_2023,Regulation Of Cell Growth (GO:0001558),0.025837248610015073,0.040440910867849685,0,0,78.92,288.5266335638289,SFRP2
DR 49-,GO_Biological_Process_2023,Negative Regulation Of Cell Migration (GO:0030336),0.030767198696097644,0.046150798044146464,0,0,65.6,228.37368238340784,SFRP2
DR 49-,GO_Biological_Process_2023,Positive Regulation Of Vasculature Development (GO:1904018),0.030767198696097644,0.046150798044146464,0,0,65.6,228.37368238340784,SFRP2
DR 50-,GO_Biological_Process_2023,Negative Regulation Of Viral Life Cycle (GO:1903901),2.836112005424511e-05,0.025567033464334456,0,0,79.125,828.4776290914322,IFITM3;BST2;IFITM1;GSN
DR 50-,GO_Biological_Process_2023,Regulation Of Cholesterol Efflux (GO:0010874),8.181450708587026e-05,0.025567033464334456,0,0,39.541666666666664,372.12883861533135,CAV1;TREM2;APOE;PLTP
DR 50-,GO_Biological_Process_2023,Positive Regulation Of Cholesterol Efflux (GO:0010875),8.181450708587026e-05,0.025567033464334456,0,0,39.541666666666664,372.12883861533135,CAV1;TREM2;APOE;PLTP
DR 50-,GO_Biological_Process_2023,Positive Regulation Of Cholesterol Transport (GO:0032376),8.181450708587026e-05,0.025567033464334456,0,0,39.541666666666664,372.12883861533135,CAV1;TREM2;APOE;PLTP
DR 50-,GO_Biological_Process_2023,High-Density Lipoprotein Particle Remodeling (GO:0034375),0.00012145241724754159,0.030363104311885398,0,0,inf,inf,APOC1;APOE;PLTP
DR 50-,GO_Biological_Process_2023,Cellular Response To UV (GO:0034644),0.0002643629965231669,0.047207677950565526,0,0,12.447368421052632,102.5437538440271,CDKN1A;MMP1;MYC;MMP3;TIMP1
DR 50-,GO_Biological_Process_2023,Intermediate Filament Organization (GO:0045109),0.0002643629965231669,0.047207677950565526,0,0,12.447368421052632,102.5437538440271,KRT17;KRT15;KRT14;KRT5;KRT6B
DR 51+,GO_Biological_Process_2023,Epithelial Structure Maintenance (GO:0010669),5.899112015048899e-06,0.005191218573243031,0,0,inf,inf,SERPINA3;TFF3;TFF2;TFF1
DR 51+,GO_Biological_Process_2023,Maintenance Of Gastrointestinal Epithelium (GO:0030277),2.836112005424511e-05,0.012478892823867849,0,0,79.125,828.4776290914322,SERPINA3;TFF3;TFF2;TFF1
DR 51+,GO_Biological_Process_2023,Positive Regulation Of Substrate Adhesion-Dependent Cell Spreading (GO:1900026),8.181450708587026e-05,0.02399892207852194,0,0,39.541666666666664,372.12883861533135,FGB;MDK;FGG;OLFM4
DR 51+,GO_Biological_Process_2023,Negative Regulation Of Endopeptidase Activity (GO:0010951),0.00015309997781280465,0.02694559609505362,0,0,10.042553191489361,88.21799908306319,CST3;SERPINA3;SERPINA1;TIMP1;SERPINA6;LTF
DR 51+,GO_Biological_Process_2023,Positive Regulation Of Cell-Substrate Adhesion (GO:0010811),0.00015309997781280465,0.02694559609505362,0,0,10.042553191489361,88.21799908306319,FGB;MDK;FGG;AGR2;CD36;OLFM4
DR 51+,GO_Biological_Process_2023,Negative Regulation Of Peptidase Activity (GO:0010466),0.00021477368960561024,0.031500141142156164,0,0,9.265139116202946,78.25267648946107,CST3;SERPINA3;ECM1;SERPINA1;TIMP1;SERPINA6
DR 63+,GO_Biological_Process_2023,Androgen Receptor Signaling Pathway (GO:0030521),0.00022838126929631183,0.0173569764665197,0,0,247.625,2076.2103495018277,SCGB2A1;SCGB2A2
DR 63+,GO_Biological_Process_2023,Intracellular Steroid Hormone Receptor Signaling Pathway (GO:0030518),0.00112373840315079,0.04270205931973002,0,0,61.8125,419.77451592477667,SCGB2A1;SCGB2A2
