# factor_first_significant | DRVI run drvi_epi_64 | 04_3 signature interpretation
# CAVEAT: Cell type labels come from CellTypist (Cells_Adult_Breast.pkl, Kumar et al.
# CAVEAT: 2023), a NORMAL adult breast atlas with no malignant class: TNBC cells are assigned to the nearest normal state.
# CAVEAT: This subset therefore mixes normal and malignant epithelium and no CNV inference has been run.
# CAVEAT: Every state reported here is an EPITHELIAL state, not a tumour cell state.
dimension,collection,Gene_set,Term,Overlap,P-value,Adjusted P-value,Odds Ratio,Combined Score,direction,dim,fdr_bh_global,significant
DR 1+,helena,gs_ind_0,BENPORATH_ES1,14/64,0.0032686442862646012,0.008988771787227652,2.695007034215486,15.42454928240058,+,DR 1,0.035027498905511205,True
DR 1+,helena,gs_ind_0,ESC_ASSOU,23/128,0.002985621727876167,0.008988771787227652,2.127721780922502,12.370462239045958,+,DR 1,0.03317125086102698,True
DR 1+,helena,gs_ind_0,FMASC,47/300,0.0005265784165854055,0.003956045986675137,1.8890259494118176,14.260465248077454,+,DR 1,0.008837601785232308,True
DR 1+,helena,gs_ind_0,LIM_STEM,29/160,0.0007192810884863885,0.003956045986675137,2.183828664545666,15.804932200303254,+,DR 1,0.010916553170712077,True
DR 1+,hallmark,gs_ind_0,Coagulation,12/52,0.004011479179753746,0.057497868243137025,2.8825686871663883,15.90772981557226,+,DR 1,0.04206417176257482,True
DR 1+,hallmark,gs_ind_0,Epithelial Mesenchymal Transition,28/114,2.6301966850553997e-06,0.00011309845745738219,3.2747423975873335,42.07537027649923,+,DR 1,0.00011507563979304453,True
DR 1+,hallmark,gs_ind_0,Myogenesis,15/47,2.4747288817396626e-05,0.0005320667095740274,4.546838067592785,48.227377542811446,+,DR 1,0.000805111796192637,True
DR 1-,hallmark,gs_ind_0,Androgen Response,10/25,6.840173852509236e-05,0.00046904049274349043,6.349250698501397,60.890027325039796,-,DR 1,0.0018544471333469485,True
DR 1-,hallmark,gs_ind_0,Apoptosis,17/59,3.1696002737503654e-05,0.00025356802190002923,3.94598493348293,40.87772056868248,-,DR 1,0.0009352532156591776,True
DR 1-,hallmark,gs_ind_0,Estrogen Response Early,30/49,4.500282524747776e-19,2.1601356118789325e-17,16.342807729904504,690.4015299451424,-,DR 1,8.157083524857112e-17,True
DR 1-,hallmark,gs_ind_0,Estrogen Response Late,25/64,2.954205870354879e-10,4.726729392567807e-09,6.479606188466948,142.17954318691525,-,DR 1,2.7561003002251988e-08,True
DR 1-,hallmark,gs_ind_0,Hypoxia,15/61,0.0006459320302324772,0.0038755921813948633,3.152740341419587,23.15629857389903,-,DR 1,0.010193514427350338,True
DR 1-,hallmark,gs_ind_0,TGF-beta Signaling,4/8,0.004919018196141284,0.026234763712753514,9.142493638676845,48.58912019089625,-,DR 1,0.04707475722486207,True
DR 1-,hallmark,gs_ind_0,TNF-alpha Signaling via NF-kB,36/93,2.764305130669727e-14,6.634332313607345e-13,6.727923880005286,210.0417602857842,-,DR 1,3.6534899477018224e-12,True
DR 1-,hallmark,gs_ind_0,UV Response Up,14/32,5.968869982019467e-07,7.162643978423361e-06,7.491123831606405,107.35932603676179,-,DR 1,2.887184978059371e-05,True
DR 1-,hallmark,gs_ind_0,p53 Pathway,14/41,1.9595327397435125e-05,0.0001881151430153772,5.014038508408482,54.35327760264868,-,DR 1,0.0006719608486990726,True
DR 2+,helena,gs_ind_0,FMASC,73/300,1.0053925787234587e-15,4.524266604255564e-15,3.987149321266968,137.68981560914838,+,DR 2,1.4833047719585166e-13,True
DR 2+,helena,gs_ind_0,LIM_STEM,56/160,8.675906168949854e-20,7.808315552054869e-19,6.347726031025976,278.6090086025518,+,DR 2,1.7754822172844474e-17,True
DR 2+,hallmark,gs_ind_0,Adipogenesis,9/27,0.0007892992037056952,0.005840814107422145,4.779832051372521,34.14886524442345,+,DR 2,0.011837622100021112,True
DR 2+,hallmark,gs_ind_0,Angiogenesis,7/17,0.0007324907256175764,0.005840814107422145,6.609449981543005,47.714015180221494,+,DR 2,0.01101166152445001,True
DR 2+,hallmark,gs_ind_0,Coagulation,21/52,4.323313773031215e-09,5.332086986738498e-08,6.728434363531856,129.5845568014155,+,DR 2,3.4717851362164587e-07,True
DR 2+,hallmark,gs_ind_0,Epithelial Mesenchymal Transition,63/114,9.100606838084655e-37,3.367224530091322e-35,15.68836716681377,1301.9353477975235,+,DR 2,5.248568161891732e-34,True
DR 2+,hallmark,gs_ind_0,Myogenesis,21/47,4.4546506073818475e-10,8.241103623656417e-09,8.02054974509907,172.69769349709023,+,DR 2,4.037186207604348e-08,True
DR 2+,hallmark,gs_ind_0,UV Response Dn,9/32,0.00302646296265898,0.018663188269730374,3.7522915393589247,21.76464430625097,+,DR 2,0.03327535707991087,True
DR 2-,hallmark,gs_ind_0,Androgen Response,9/25,0.00041133852103927056,0.003702046689353435,5.36521876730754,41.827750003165356,-,DR 2,0.007444514250266628,True
DR 2-,hallmark,gs_ind_0,DNA Repair,5/11,0.002659499577535494,0.017096782998442462,7.766869958685816,46.054566494324,-,DR 2,0.029756376225547044,True
DR 2-,hallmark,gs_ind_0,Estrogen Response Early,17/49,1.8550635918236002e-06,4.1738930816031e-05,5.189478096835045,68.48861244153905,-,DR 2,8.287692553893606e-05,True
DR 2-,hallmark,gs_ind_0,Estrogen Response Late,19/64,6.4801517483309875e-06,9.720227622496481e-05,4.14521841794569,49.521957069251535,-,DR 2,0.0002537659425395789,True
DR 2-,hallmark,gs_ind_0,Glycolysis,13/40,7.132734685467942e-05,0.0008024326521151434,4.643345454545455,44.33573388785754,-,DR 2,0.00186983755556234,True
DR 2-,hallmark,gs_ind_0,Myc Targets V1,5/12,0.004192769000148052,0.023584325625832795,6.727536231884058,36.82918333740776,-,DR 2,0.04325028705193373,True
DR 2-,hallmark,gs_ind_0,Reactive Oxygen Species Pathway,5/10,0.0015777264868780162,0.011832948651585122,9.184143222506394,59.25398339743649,-,DR 2,0.0202889392935643,True
DR 2-,hallmark,gs_ind_0,mTORC1 Signaling,17/48,1.3276367579910216e-06,4.1738930816031e-05,5.357250983953981,72.49490998712832,-,DR 2,6.059372368845353e-05,True
DR 3+,helena,gs_ind_0,ESC_ASSOU,25/128,0.0005458141983383085,0.0060039561817213935,2.383046368553615,17.90438008170274,+,DR 3,0.008978958890116514,True
DR 3+,hallmark,gs_ind_0,E2F Targets,12/53,0.004738249092569799,0.04453954147015611,2.8115112971781024,15.047454754456218,+,DR 3,0.0464597407160167,True
DR 3+,hallmark,gs_ind_0,Estrogen Response Early,15/49,4.320330277245632e-05,0.0016761926510849665,4.278409312863784,42.996274902517925,+,DR 3,0.0012458261490384676,True
DR 3+,hallmark,gs_ind_0,Estrogen Response Late,15/64,0.0011107953964648305,0.013051845908461758,2.9566010509406735,20.11280772356416,+,DR 3,0.016015649989029285,True
DR 3+,hallmark,gs_ind_0,Glycolysis,13/40,7.132734685467942e-05,0.0016761926510849665,4.643345454545455,44.33573388785754,+,DR 3,0.00186983755556234,True
DR 3+,hallmark,gs_ind_0,p53 Pathway,12/41,0.0004154095278364417,0.006508082602770921,3.9821516881715597,31.00601149959369,+,DR 3,0.007444514250266628,True
DR 3-,helena,gs_ind_0,IMMUNOGENIC_CONSENSUS,9/13,4.227634404332841e-07,2.1138172021664203e-06,19.804757760371338,290.6635975715644,-,DR 3,2.1804969643160605e-05,True
DR 3-,helena,gs_ind_0,KEGG_APM,13/25,1.2120950461932075e-07,1.2120950461932074e-06,10.30176,164.063206369783,-,DR 3,7.254274502877083e-06,True
DR 3-,hallmark,gs_ind_0,Allograft Rejection,26/89,1.5635978652050002e-07,2.8144761573690007e-06,4.1552918349389705,65.11801947663723,-,DR 3,9.100426474183965e-06,True
DR 3-,hallmark,gs_ind_0,Complement,14/66,0.004409050499134496,0.03174516359376837,2.589378271415805,14.04503611479543,-,DR 3,0.044737538587822506,True
DR 3-,hallmark,gs_ind_0,Inflammatory Response,25/82,1.0929188834879965e-07,2.8144761573690007e-06,4.405722779635823,70.62040392912445,-,DR 3,6.86482910578995e-06,True
DR 3-,hallmark,gs_ind_0,KRAS Signaling Up,22/83,9.22032280037151e-06,0.00011064387360445813,3.5652797704447634,41.33621200524255,-,DR 3,0.00035026184338656803,True
DR 3-,hallmark,gs_ind_0,TNF-alpha Signaling via NF-kB,22/93,6.461196396966755e-05,0.000581507675727008,3.049009813715696,29.4141360018817,-,DR 3,0.0018057193807205767,True
DR 4+,helena,gs_ind_0,LIM_STEM,28/160,0.0015889294965575856,0.01747822446213344,2.0804922067268254,13.408137227292794,+,DR 4,0.0202889392935643,True
DR 4+,hallmark,gs_ind_0,p53 Pathway,12/41,0.0004154095278364417,0.018278019224803436,3.9821516881715597,31.00601149959369,+,DR 4,0.007444514250266628,True
DR 4-,hallmark,gs_ind_0,Apoptosis,13/59,0.0042671553818756855,0.03584410520775576,2.7166451612903226,14.824210670745018,-,DR 4,0.04373317244365,True
DR 4-,hallmark,gs_ind_0,Estrogen Response Early,14/49,0.0001808341096007929,0.0075950326032333025,3.8665936638598346,33.32203534510104,-,DR 4,0.0039288068195459935,True
DR 4-,hallmark,gs_ind_0,Estrogen Response Late,14/64,0.0032686442862646012,0.03432076500577831,2.695007034215486,15.42454928240058,-,DR 4,0.035027498905511205,True
DR 4-,hallmark,gs_ind_0,Glycolysis,11/40,0.0012931995232216237,0.018104793325102734,3.644246679486606,24.23655772505855,-,DR 4,0.017873764216379043,True
DR 4-,hallmark,gs_ind_0,Oxidative Phosphorylation,4/5,0.00044837002986319467,0.009415770627127088,27.47328244274809,211.81603246804076,-,DR 4,0.007646396423258352,True
DR 5+,helena,gs_ind_0,HALLMARK_IFNA,11/40,0.0012931995232216237,0.008584188040673632,3.644246679486606,24.23655772505855,+,DR 5,0.017873764216379043,True
DR 5+,helena,gs_ind_0,ISDS,6/15,0.002146047010168408,0.008584188040673632,6.302124205114328,38.72105608064646,+,DR 5,0.025026695280346286,True
DR 5+,hallmark,gs_ind_0,DNA Repair,5/11,0.002659499577535494,0.022871696366805246,7.766869958685816,46.054566494324,+,DR 5,0.029756376225547044,True
DR 5+,hallmark,gs_ind_0,Glycolysis,14/40,1.4139101995007215e-05,0.0006079813857853102,5.206181395113561,58.13517027878158,+,DR 5,0.0004901555358269167,True
DR 5+,hallmark,gs_ind_0,Interferon Alpha Response,11/40,0.0012931995232216237,0.016960559733938674,3.644246679486606,24.23655772505855,+,DR 5,0.017873764216379043,True
DR 5+,hallmark,gs_ind_0,Myc Targets V1,5/12,0.004192769000148052,0.030048177834394375,6.727536231884058,36.82918333740776,+,DR 5,0.04325028705193373,True
DR 5+,hallmark,gs_ind_0,Reactive Oxygen Species Pathway,5/10,0.0015777264868780162,0.016960559733938674,9.184143222506394,59.25398339743649,+,DR 5,0.0202889392935643,True
DR 5+,hallmark,gs_ind_0,mTORC1 Signaling,13/48,0.0005519851776710972,0.01186768131992859,3.5807323943661973,26.862616338197814,+,DR 5,0.008978958890116514,True
DR 5-,helena,gs_ind_0,LIM_STEM,90/160,1.2398750644667246e-55,9.919000515733797e-55,20.103366387471517,2541.6117096807843,-,DR 5,7.865767408976901e-52,True
DR 5-,hallmark,gs_ind_0,Epithelial Mesenchymal Transition,33/114,3.3703641003193207e-09,1.5166638451436943e-07,4.219631901840491,82.3176131905128,-,DR 5,2.7412294682597143e-07,True
DR 5-,hallmark,gs_ind_0,Myogenesis,13/47,0.00044081509382605446,0.006612226407390817,3.6866086956521738,28.486001648149458,-,DR 5,0.007646396423258352,True
DR 5-,hallmark,gs_ind_0,TGF-beta Signaling,4/8,0.004919018196141284,0.04427116376527156,9.142493638676845,48.58912019089625,-,DR 5,0.04707475722486207,True
DR 5-,hallmark,gs_ind_0,TNF-alpha Signaling via NF-kB,19/93,0.0014977120488090597,0.01684926054910192,2.48982195351933,16.193345442284368,-,DR 5,0.020087706633498258,True
DR 5-,hallmark,gs_ind_0,p53 Pathway,13/41,9.534578445982856e-05,0.0021452801503461425,4.477894736842106,41.456351435534096,-,DR 5,0.0023831528038645374,True
DR 6+,hallmark,gs_ind_0,Estrogen Response Early,14/49,0.0001808341096007929,0.003978350411217444,3.8665936638598346,33.32203534510104,+,DR 6,0.0039288068195459935,True
DR 6+,hallmark,gs_ind_0,Estrogen Response Late,15/64,0.0011107953964648305,0.012218749361113135,2.9566010509406735,20.11280772356416,+,DR 6,0.016015649989029285,True
DR 6+,hallmark,gs_ind_0,TNF-alpha Signaling via NF-kB,25/93,1.5997360641219624e-06,7.038838682136635e-05,3.674901740595171,49.04403290298948,+,DR 6,7.197677723964347e-05,True
DR 6+,hallmark,gs_ind_0,UV Response Up,10/32,0.00071884446712456,0.010543052184493548,4.356780402449694,31.53379074881248,+,DR 6,0.010916553170712077,True
DR 6-,helena,gs_ind_0,ESC_ASSOU,23/128,0.002985621727876167,0.029856217278761667,2.127721780922502,12.370462239045958,-,DR 6,0.03317125086102698,True
DR 6-,hallmark,gs_ind_0,DNA Repair,6/11,0.00027959877808904316,0.004524723731431976,10.909792007478384,89.26560832643746,-,DR 6,0.0057034554604401605,True
DR 6-,hallmark,gs_ind_0,Estrogen Response Early,13/49,0.0006860119522520405,0.005030754316514964,3.4806575342465753,25.35525184951136,-,DR 6,0.010588953345710328,True
DR 6-,hallmark,gs_ind_0,Estrogen Response Late,19/64,6.4801517483309875e-06,0.00028512667692656344,4.14521841794569,49.521957069251535,-,DR 6,0.0002537659425395789,True
DR 6-,hallmark,gs_ind_0,Fatty Acid Metabolism,9/25,0.00041133852103927056,0.004524723731431976,5.36521876730754,41.827750003165356,-,DR 6,0.007444514250266628,True
DR 6-,hallmark,gs_ind_0,Glycolysis,12/40,0.00032173233465304283,0.004524723731431976,4.124203080645912,33.16597763632865,-,DR 6,0.006280215172427396,True
DR 6-,hallmark,gs_ind_0,Hypoxia,14/61,0.0020198954677119072,0.01110942507241549,2.87012840412022,17.80831302567982,-,DR 6,0.024408032089836836,True
DR 6-,hallmark,gs_ind_0,Myogenesis,11/47,0.005190642340472539,0.02537647366453241,2.9337116420284093,15.43395719507859,-,DR 6,0.04914841045963849,True
DR 6-,hallmark,gs_ind_0,mTORC1 Signaling,13/48,0.0005519851776710972,0.004857469563505655,3.5807323943661973,26.862616338197814,-,DR 6,0.008978958890116514,True
DR 6-,hallmark,gs_ind_0,p53 Pathway,11/41,0.001615055854862858,0.010151779659137964,3.5227734763614342,22.645746773122212,-,DR 6,0.0202889392935643,True
DR 7+,helena,gs_ind_0,ESC_ASSOU,26/128,0.00021584897986535087,0.0016086616732652141,2.5164721503948564,21.241369199417598,+,DR 7,0.004574569971356188,True
DR 7+,helena,gs_ind_0,HALLMARK_IFNA,12/40,0.00032173233465304283,0.0016086616732652141,4.124203080645912,33.16597763632865,+,DR 7,0.006280215172427396,True
DR 7+,hallmark,gs_ind_0,DNA Repair,6/11,0.00027959877808904316,0.004804941936520353,10.909792007478384,89.26560832643746,+,DR 7,0.0057034554604401605,True
DR 7+,hallmark,gs_ind_0,E2F Targets,14/53,0.0004469713429321258,0.004804941936520353,3.467166661010622,26.742312191693923,+,DR 7,0.007646396423258352,True
DR 7+,hallmark,gs_ind_0,Estrogen Response Late,15/64,0.0011107953964648305,0.009552840409597543,2.9566010509406735,20.11280772356416,+,DR 7,0.016015649989029285,True
DR 7+,hallmark,gs_ind_0,Fatty Acid Metabolism,9/25,0.00041133852103927056,0.004804941936520353,5.36521876730754,41.827750003165356,+,DR 7,0.007444514250266628,True
DR 7+,hallmark,gs_ind_0,Glycolysis,10/40,0.004613401681204881,0.01983762722918099,3.1995611204337164,17.209766726361703,+,DR 7,0.04537584537296708,True
DR 7+,hallmark,gs_ind_0,Hypoxia,14/61,0.0020198954677119072,0.010856938138951501,2.87012840412022,17.80831302567982,+,DR 7,0.024408032089836836,True
DR 7+,hallmark,gs_ind_0,Interferon Alpha Response,12/40,0.00032173233465304283,0.004804941936520353,4.124203080645912,33.16597763632865,+,DR 7,0.006280215172427396,True
DR 7+,hallmark,gs_ind_0,Myc Targets V1,5/12,0.004192769000148052,0.01983762722918099,6.727536231884058,36.82918333740776,+,DR 7,0.04325028705193373,True
DR 7+,hallmark,gs_ind_0,Pperoxisome,6/14,0.00140315100501124,0.009691748419393527,7.047482231967337,46.2951564116883,+,DR 7,0.01906122050490644,True
DR 7+,hallmark,gs_ind_0,Reactive Oxygen Species Pathway,5/10,0.0015777264868780162,0.009691748419393527,9.184143222506394,59.25398339743649,+,DR 7,0.0202889392935643,True
DR 8+,helena,gs_ind_0,ESC_ASSOU,25/128,0.0005458141983383085,0.0024561638925223884,2.383046368553615,17.90438008170274,+,DR 8,0.008978958890116514,True
DR 8+,helena,gs_ind_0,ESC_WONG,14/48,0.00014151102193555402,0.0012735991974199862,3.9809224074289933,35.283444562178204,+,DR 8,0.0032062354398541236,True
DR 8+,hallmark,gs_ind_0,DNA Repair,5/11,0.002659499577535494,0.020832746690694702,7.766869958685816,46.054566494324,+,DR 8,0.029756376225547044,True
DR 8+,hallmark,gs_ind_0,E2F Targets,14/53,0.0004469713429321258,0.006757137990970864,3.467166661010622,26.742312191693923,+,DR 8,0.007646396423258352,True
DR 8+,hallmark,gs_ind_0,Estrogen Response Late,14/64,0.0032686442862646012,0.021946611636348038,2.695007034215486,15.42454928240058,+,DR 8,0.035027498905511205,True
DR 8+,hallmark,gs_ind_0,G2-M Checkpoint,13/49,0.0006860119522520405,0.006757137990970864,3.4806575342465753,25.35525184951136,+,DR 8,0.010588953345710328,True
DR 8+,hallmark,gs_ind_0,Glycolysis,10/40,0.004613401681204881,0.027103734877078678,3.1995611204337164,17.209766726361703,+,DR 8,0.04537584537296708,True
DR 8+,hallmark,gs_ind_0,Reactive Oxygen Species Pathway,6/10,0.0001385765478863414,0.0033255090154855195,13.3416166809483,118.52809255586541,+,DR 8,0.0032062354398541236,True
DR 8+,hallmark,gs_ind_0,UV Response Up,10/32,0.00071884446712456,0.006757137990970864,4.356780402449694,31.53379074881248,+,DR 8,0.010916553170712077,True
DR 8+,hallmark,gs_ind_0,mTORC1 Signaling,14/48,0.00014151102193555402,0.0033255090154855195,3.9809224074289933,35.283444562178204,+,DR 8,0.0032062354398541236,True
DR 8-,hallmark,gs_ind_0,Estrogen Response Early,12/49,0.002351442988433525,0.025865872872768775,3.118479221927498,18.87530058397867,-,DR 8,0.02687847624976988,True
DR 8-,hallmark,gs_ind_0,Estrogen Response Late,17/64,9.965542808897806e-05,0.0014616129453050117,3.5205793775993115,32.437886249909255,-,DR 8,0.0024504419992111503,True
DR 8-,hallmark,gs_ind_0,KRAS Signaling Dn,12/35,7.567785795160356e-05,0.0014616129453050117,5.0158022461764205,47.59507259625568,-,DR 8,0.001975721526111,True
DR 8-,hallmark,gs_ind_0,p53 Pathway,13/41,9.534578445982856e-05,0.0014616129453050117,4.477894736842106,41.456351435534096,-,DR 8,0.0023831528038645374,True
DR 9+,helena,gs_ind_0,ESC_ASSOU,26/128,0.00021584897986535087,0.0021584897986535088,2.5164721503948564,21.241369199417598,+,DR 9,0.004574569971356188,True
DR 9+,hallmark,gs_ind_0,DNA Repair,6/11,0.00027959877808904316,0.004380380856728343,10.909792007478384,89.26560832643746,+,DR 9,0.0057034554604401605,True
DR 9+,hallmark,gs_ind_0,E2F Targets,16/53,2.883496676266262e-05,0.001355243437845143,4.205636856368564,43.96539874658021,+,DR 9,0.0008804635697220174,True
DR 9+,hallmark,gs_ind_0,Hypoxia,14/61,0.0020198954677119072,0.01356215528320852,2.87012840412022,17.80831302567982,+,DR 9,0.024408032089836836,True
DR 9+,hallmark,gs_ind_0,Myc Targets V1,5/12,0.004192769000148052,0.024632517875869807,6.727536231884058,36.82918333740776,+,DR 9,0.04325028705193373,True
DR 9+,hallmark,gs_ind_0,Oxidative Phosphorylation,4/5,0.00044837002986319467,0.0052683478508925375,27.47328244274809,211.81603246804076,+,DR 9,0.007646396423258352,True
DR 9+,hallmark,gs_ind_0,Pperoxisome,6/14,0.00140315100501124,0.012358857480544461,7.047482231967337,46.2951564116883,+,DR 9,0.01906122050490644,True
DR 9+,hallmark,gs_ind_0,Reactive Oxygen Species Pathway,5/10,0.0015777264868780162,0.012358857480544461,9.184143222506394,59.25398339743649,+,DR 9,0.0202889392935643,True
DR 9+,hallmark,gs_ind_0,mTORC1 Signaling,14/48,0.00014151102193555402,0.0033255090154855195,3.9809224074289933,35.283444562178204,+,DR 9,0.0032062354398541236,True
DR 9-,hallmark,gs_ind_0,TNF-alpha Signaling via NF-kB,18/93,0.0037506966120110356,0.17628274076451866,2.3167377302004897,12.940865336556511,-,DR 9,0.03946006518507133,True
DR 10+,hallmark,gs_ind_0,Androgen Response,8/25,0.002098284899730338,0.01762559315773484,4.5001113172541745,27.75054387349284,+,DR 10,0.024650961859054195,True
DR 10+,hallmark,gs_ind_0,Estrogen Response Early,27/49,1.3402570513672296e-15,5.6290796157423644e-14,12.528658341338456,429.055368245235,+,DR 10,1.88946460752749e-13,True
DR 10+,hallmark,gs_ind_0,Estrogen Response Late,27/64,5.98061045816137e-12,1.2559281962138879e-10,7.453794428434198,192.62467111154803,+,DR 10,6.775177276174238e-10,True
DR 10+,hallmark,gs_ind_0,Fatty Acid Metabolism,8/25,0.002098284899730338,0.01762559315773484,4.5001113172541745,27.75054387349284,+,DR 10,0.024650961859054195,True
DR 10+,hallmark,gs_ind_0,Xenobiotic Metabolism,14/42,2.6826228607576808e-05,0.00037556720050607533,4.835379333051127,50.89783372996811,+,DR 10,0.0008342431092473886,True
DR 10-,helena,gs_ind_0,IMMUNOGENIC_CONSENSUS,6/13,0.0008738731352655757,0.009612604487921332,7.991602399314481,56.281462040462216,-,DR 10,0.012862763735788428,True
DR 10-,hallmark,gs_ind_0,Epithelial Mesenchymal Transition,21/114,0.0033285202977414046,0.05214681799794867,2.1873743166549984,12.479467948383208,-,DR 10,0.03537040664802591,True
DR 10-,hallmark,gs_ind_0,TNF-alpha Signaling via NF-kB,19/93,0.0014977120488090597,0.037953812589277165,2.48982195351933,16.193345442284368,-,DR 10,0.020087706633498258,True
DR 10-,hallmark,gs_ind_0,p53 Pathway,11/41,0.001615055854862858,0.037953812589277165,3.5227734763614342,22.645746773122212,-,DR 10,0.0202889392935643,True
DR 11+,hallmark,gs_ind_0,Androgen Response,9/25,0.00041133852103927056,0.017687556404688633,5.36521876730754,41.827750003165356,+,DR 11,0.007444514250266628,True
DR 11+,hallmark,gs_ind_0,Estrogen Response Early,12/49,0.002351442988433525,0.025278012125660394,3.118479221927498,18.87530058397867,+,DR 11,0.02687847624976988,True
DR 11+,hallmark,gs_ind_0,Hypoxia,14/61,0.0020198954677119072,0.025278012125660394,2.87012840412022,17.80831302567982,+,DR 11,0.024408032089836836,True
DR 11+,hallmark,gs_ind_0,p53 Pathway,11/41,0.001615055854862858,0.025278012125660394,3.5227734763614342,22.645746773122212,+,DR 11,0.0202889392935643,True
DR 11-,helena,gs_ind_0,BENPORATH_ES1,36/64,4.9280114993911835e-21,1.1088025873630164e-20,13.799658721271264,645.2630912536923,-,DR 11,1.1165466054334881e-18,True
DR 11-,helena,gs_ind_0,ESC_ASSOU,59/128,1.5284073463087685e-28,1.3755666116778916e-27,10.47606579047716,670.9726997936581,-,DR 11,6.925868717844876e-26,True
DR 11-,helena,gs_ind_0,ESC_WONG,34/48,9.805081551895164e-25,4.412286698352824e-24,25.529356943150045,1411.306929473907,-,DR 11,3.110171868261146e-22,True
DR 11-,helena,gs_ind_0,FMASC,82/300,1.2797049160641324e-21,3.839114748192398e-21,5.042290646815167,242.57279112895165,-,DR 11,3.122479995196483e-19,True
DR 11-,hallmark,gs_ind_0,E2F Targets,46/53,5.365246407738021e-41,2.360708419404729e-39,71.97216828478965,6673.694623727466,-,DR 11,5.672853868448334e-38,True
DR 11-,hallmark,gs_ind_0,G2-M Checkpoint,44/49,1.2273427746554609e-40,2.7001541042420137e-39,92.82573337205925,8530.550506867943,-,DR 11,1.1123232232020346e-37,True
DR 11-,hallmark,gs_ind_0,Glycolysis,11/40,0.0012931995232216237,0.009483463170291908,3.644246679486606,24.23655772505855,-,DR 11,0.017873764216379043,True
DR 11-,hallmark,gs_ind_0,Mitotic Spindle,26/36,2.250923846055848e-19,3.3013549742152443e-18,25.89616591622322,1111.9237723199103,-,DR 11,4.327230569508576e-17,True
DR 11-,hallmark,gs_ind_0,Myc Targets V1,7/12,4.627517030017547e-05,0.00040722149864154416,12.653276955602538,126.29115547720689,-,DR 11,0.0013164559658489382,True
DR 11-,hallmark,gs_ind_0,Spermatogenesis,10/23,2.8677236618955132e-05,0.00031544960280850643,7.298046077573637,76.33323349352811,-,DR 11,0.0008804635697220174,True
DR 11-,hallmark,gs_ind_0,mTORC1 Signaling,12/48,0.00194358232651153,0.012216803195215332,3.2057338032774974,20.014109245003937,-,DR 11,0.023941915105609994,True
DR 12+,helena,gs_ind_0,IMMUNOGENIC_CONSENSUS,6/13,0.0008738731352655757,0.004369365676327878,7.991602399314481,56.281462040462216,+,DR 12,0.012862763735788428,True
DR 12+,helena,gs_ind_0,LIM_STEM,37/160,2.6622596448859597e-07,2.6622596448859597e-06,3.1153660439029824,47.16327854996161,+,DR 12,1.535397744286957e-05,True
DR 12+,hallmark,gs_ind_0,Adipogenesis,10/27,0.00014740759323860102,0.00266801842591707,5.61732283464567,49.557758165277875,+,DR 12,0.003327949364788914,True
DR 12+,hallmark,gs_ind_0,Coagulation,15/52,9.339735255686135e-05,0.00266801842591707,3.9294519317160828,36.45999957185866,+,DR 12,0.0023700512184829134,True
DR 12+,hallmark,gs_ind_0,Epithelial Mesenchymal Transition,24/114,0.0002163258183176003,0.00266801842591707,2.623589438592647,22.139749440613247,+,DR 12,0.004574569971356188,True
DR 12+,hallmark,gs_ind_0,Myogenesis,12/47,0.0015956830393014216,0.014760068113538149,3.2979041356894685,21.23999789238365,+,DR 12,0.0202889392935643,True
DR 12-,helena,gs_ind_0,BENPORATH_ES1,15/64,0.0011107953964648305,0.006109374680556568,2.9566010509406735,20.11280772356416,-,DR 12,0.016015649989029285,True
DR 12-,helena,gs_ind_0,ESC_ASSOU,32/128,2.9214800929502767e-07,3.2136281022453042e-06,3.4068510631755355,51.25949909136163,-,DR 12,1.6697179918627525e-05,True
DR 12-,helena,gs_ind_0,ESC_WONG,12/48,0.00194358232651153,0.007126468530542277,3.2057338032774974,20.014109245003937,-,DR 12,0.023941915105609994,True
DR 12-,hallmark,gs_ind_0,DNA Repair,6/11,0.00027959877808904316,0.005511140914621627,10.909792007478384,89.26560832643746,-,DR 12,0.0057034554604401605,True
DR 12-,hallmark,gs_ind_0,E2F Targets,13/53,0.0015283486442989088,0.008063935377376527,3.129777777777778,20.292125306679296,-,DR 12,0.0202889392935643,True
DR 12-,hallmark,gs_ind_0,Estrogen Response Early,13/49,0.0006860119522520405,0.005511140914621627,3.4806575342465753,25.35525184951136,-,DR 12,0.010588953345710328,True
DR 12-,hallmark,gs_ind_0,Estrogen Response Late,14/64,0.0032686442862646012,0.015035763716817165,2.695007034215486,15.42454928240058,-,DR 12,0.035027498905511205,True
DR 12-,hallmark,gs_ind_0,Glycolysis,14/40,1.4139101995007215e-05,0.0006503986917703319,5.206181395113561,58.13517027878158,-,DR 12,0.0004901555358269167,True
DR 12-,hallmark,gs_ind_0,Myc Targets V1,5/12,0.004192769000148052,0.017533397636982764,6.727536231884058,36.82918333740776,-,DR 12,0.04325028705193373,True
DR 12-,hallmark,gs_ind_0,Reactive Oxygen Species Pathway,5/10,0.0015777264868780162,0.008063935377376527,9.184143222506394,59.25398339743649,-,DR 12,0.0202889392935643,True
DR 12-,hallmark,gs_ind_0,UV Response Up,10/32,0.00071884446712456,0.005511140914621627,4.356780402449694,31.53379074881248,-,DR 12,0.010916553170712077,True
DR 12-,hallmark,gs_ind_0,Unfolded Protein Response,6/13,0.0008738731352655757,0.005742594888888068,7.991602399314481,56.281462040462216,-,DR 12,0.012862763735788428,True
DR 12-,hallmark,gs_ind_0,mTORC1 Signaling,13/48,0.0005519851776710972,0.005511140914621627,3.5807323943661973,26.862616338197814,-,DR 12,0.008978958890116514,True
DR 12-,hallmark,gs_ind_0,p53 Pathway,12/41,0.0004154095278364417,0.005511140914621627,3.9821516881715597,31.00601149959369,-,DR 12,0.007444514250266628,True
DR 13+,hallmark,gs_ind_0,Androgen Response,9/25,0.00041133852103927056,0.012695659086435235,5.36521876730754,41.827750003165356,+,DR 13,0.007444514250266628,True
DR 13+,hallmark,gs_ind_0,Cholesterol Homeostasis,6/17,0.004470933080813283,0.03979492461028947,5.200290600201185,28.13439456903835,+,DR 13,0.044737538587822506,True
DR 13+,hallmark,gs_ind_0,Fatty Acid Metabolism,8/25,0.002098284899730338,0.02413027634689889,4.5001113172541745,27.75054387349284,+,DR 13,0.024650961859054195,True
DR 13+,hallmark,gs_ind_0,Myogenesis,11/47,0.005190642340472539,0.03979492461028947,2.9337116420284093,15.43395719507859,+,DR 13,0.04914841045963849,True
DR 13+,hallmark,gs_ind_0,mTORC1 Signaling,13/48,0.0005519851776710972,0.012695659086435235,3.5807323943661973,26.862616338197814,+,DR 13,0.008978958890116514,True
DR 13+,hallmark,gs_ind_0,p53 Pathway,11/41,0.001615055854862858,0.02413027634689889,3.5227734763614342,22.645746773122212,+,DR 13,0.0202889392935643,True
DR 13-,hallmark,gs_ind_0,Coagulation,17/52,4.7591318729396665e-06,0.00020464267053640567,4.742871397321257,58.12600090835123,-,DR 13,0.00019733289282306696,True
DR 13-,hallmark,gs_ind_0,Complement,16/66,0.0005056385251259811,0.005435614145104297,3.099975851243661,23.52785113414149,-,DR 13,0.008599921724930897,True
DR 13-,hallmark,gs_ind_0,Epithelial Mesenchymal Transition,25/114,7.781249216047666e-05,0.001115312387633499,2.7785417561953873,26.28836308152618,-,DR 13,0.002014867143943118,True
DR 13-,hallmark,gs_ind_0,KRAS Signaling Up,21/83,3.256834221292079e-05,0.0007002193575777971,3.3317214484679667,34.42391186239547,-,DR 13,0.0009515786255228826,True
DR 14+,helena,gs_ind_0,BENPORATH_ES1,36/64,4.9280114993911835e-21,1.314136399837649e-20,13.799658721271264,645.2630912536923,+,DR 14,1.1165466054334881e-18,True
DR 14+,helena,gs_ind_0,ESC_ASSOU,57/128,1.5649094126894576e-26,6.25963765075783e-26,9.692380789941765,575.9153006724258,+,DR 14,5.839873714177599e-24,True
DR 14+,helena,gs_ind_0,ESC_WONG,36/48,1.2048570817544984e-27,9.638856654035987e-27,31.747234042553192,1967.8026670823413,+,DR 14,4.777258329156586e-25,True
DR 14+,helena,gs_ind_0,FMASC,72/300,3.9902764439864515e-15,7.980552887972903e-15,3.882749108123526,128.73222007152964,+,DR 14,5.503111687097837e-13,True
DR 14+,hallmark,gs_ind_0,DNA Repair,7/11,2.1058022717423192e-05,0.00016846418173938554,15.473729543496985,166.6246623376999,+,DR 14,0.0007105962559538975,True
DR 14+,hallmark,gs_ind_0,E2F Targets,49/53,6.273127743875377e-47,2.5092510975501507e-45,130.43894389438944,13876.776303363984,+,DR 14,1.9898361203572697e-43,True
DR 14+,hallmark,gs_ind_0,G2-M Checkpoint,43/49,1.0314031734542662e-38,2.0628063469085323e-37,76.24981684981685,6669.36662361109,+,DR 14,8.17902716549233e-36,True
DR 14+,hallmark,gs_ind_0,Glycolysis,10/40,0.004613401681204881,0.02636229532117075,3.1995611204337164,17.209766726361703,+,DR 14,0.04537584537296708,True
DR 14+,hallmark,gs_ind_0,Mitotic Spindle,26/36,2.250923846055848e-19,3.001231794741131e-18,25.89616591622322,1111.9237723199103,+,DR 14,4.327230569508576e-17,True
DR 14+,hallmark,gs_ind_0,Myc Targets V1,10/12,4.478966727898655e-09,4.478966727898654e-08,39.651968503937006,762.2644248888242,+,DR 14,3.50797097799865e-07,True
DR 14+,hallmark,gs_ind_0,Spermatogenesis,8/23,0.0011349351321441861,0.007566234214294574,5.086468370339338,34.49225647461518,+,DR 14,0.016289657190775377,True
DR 14-,hallmark,gs_ind_0,Androgen Response,8/25,0.002098284899730338,0.03147427349595507,4.5001113172541745,27.75054387349284,-,DR 14,0.024650961859054195,True
DR 14-,hallmark,gs_ind_0,Apoptosis,13/59,0.0042671553818756855,0.0466540660082215,2.7166451612903226,14.824210670745018,-,DR 14,0.04373317244365,True
DR 14-,hallmark,gs_ind_0,Glycolysis,11/40,0.0012931995232216237,0.02909698927248653,3.644246679486606,24.23655772505855,-,DR 14,0.017873764216379043,True
DR 14-,hallmark,gs_ind_0,Hypoxia,16/61,0.00018940643652494527,0.008523289643622537,3.4504601089966944,29.576016986746975,-,DR 14,0.00408705589562671,True
DR 14-,hallmark,gs_ind_0,Myogenesis,11/47,0.005190642340472539,0.0466540660082215,2.9337116420284093,15.43395719507859,-,DR 14,0.04914841045963849,True
DR 15+,hallmark,gs_ind_0,Estrogen Response Early,14/49,0.0001808341096007929,0.007454844769835675,3.8665936638598346,33.32203534510104,+,DR 15,0.0039288068195459935,True
DR 15+,hallmark,gs_ind_0,Estrogen Response Late,16/64,0.0003467369660388686,0.007454844769835675,3.2314977788953145,25.74516212626332,+,DR 15,0.006585926085480785,True
DR 15+,hallmark,gs_ind_0,mTORC1 Signaling,13/48,0.0005519851776710972,0.007911787546619059,3.5807323943661973,26.862616338197814,+,DR 15,0.008978958890116514,True
DR 15-,helena,gs_ind_0,FMASC,50/300,6.226859373303299e-05,0.0004981487498642639,2.076915935570719,20.112964770705467,-,DR 15,0.00175569759396605,True
DR 15-,hallmark,gs_ind_0,Angiogenesis,7/17,0.0007324907256175764,0.005005353291720105,6.609449981543005,47.714015180221494,-,DR 15,0.01101166152445001,True
DR 15-,hallmark,gs_ind_0,Coagulation,15/52,9.339735255686135e-05,0.0012764304849437718,3.9294519317160828,36.45999957185866,-,DR 15,0.0023700512184829134,True
DR 15-,hallmark,gs_ind_0,Epithelial Mesenchymal Transition,39/114,2.3737931654790415e-13,9.73255197846407e-12,5.589752527012896,162.48917044039064,-,DR 15,2.8960276618844306e-11,True
DR 15-,hallmark,gs_ind_0,Hypoxia,15/61,0.0006459320302324772,0.005005353291720105,3.152740341419587,23.15629857389903,-,DR 15,0.010193514427350338,True
DR 15-,hallmark,gs_ind_0,Myogenesis,13/47,0.00044081509382605446,0.004518354711717058,3.6866086956521738,28.486001648149458,-,DR 15,0.007646396423258352,True
DR 15-,hallmark,gs_ind_0,UV Response Dn,9/32,0.00302646296265898,0.01772642592414545,3.7522915393589247,21.76464430625097,-,DR 15,0.03327535707991087,True
DR 15-,hallmark,gs_ind_0,heme Metabolism,14/22,1.0106459466901341e-09,2.071824190714775e-08,16.395678914997635,339.5983877788747,-,DR 15,8.664240386219204e-08,True
DR 16+,helena,gs_ind_0,BENPORATH_ES1,16/64,0.0003467369660388686,0.0004623159547184914,3.2314977788953145,25.74516212626332,+,DR 16,0.006585926085480785,True
DR 16+,helena,gs_ind_0,ESC_ASSOU,27/128,8.112887786809011e-05,0.00021634367431490697,2.653923141352337,24.998553613261848,+,DR 16,0.002075329037077273,True
DR 16+,helena,gs_ind_0,ESC_WONG,14/48,0.00014151102193555402,0.00028302204387110804,3.9809224074289933,35.283444562178204,+,DR 16,0.0032062354398541236,True
DR 16+,helena,gs_ind_0,HALLMARK_IFNA,16/40,4.0142206067637117e-07,3.2113764854109694e-06,6.484652397544384,95.50759751458983,+,DR 16,2.1221846274424157e-05,True
DR 16+,helena,gs_ind_0,HALLMARK_IFNG,22/88,2.5582734445475733e-05,0.00010233093778190293,3.287736147090415,34.76318348244998,+,DR 16,0.0008155621473472263,True
DR 16+,helena,gs_ind_0,ISDS,7/15,0.00028880699727548757,0.00046209119564078014,8.17373461012312,66.61390935241329,+,DR 16,0.005835005065973545,True
DR 16+,hallmark,gs_ind_0,E2F Targets,18/53,1.2985147704515892e-06,2.856732494993496e-05,5.0413660042446455,68.33213394861892,+,DR 16,6.057189488047707e-05,True
DR 16+,hallmark,gs_ind_0,G2-M Checkpoint,14/49,0.0001808341096007929,0.001989175205608722,3.8665936638598346,33.32203534510104,+,DR 16,0.0039288068195459935,True
DR 16+,hallmark,gs_ind_0,Interferon Alpha Response,16/40,4.0142206067637117e-07,1.7662570669760333e-05,6.484652397544384,95.50759751458983,+,DR 16,2.1221846274424157e-05,True
DR 16+,hallmark,gs_ind_0,Interferon Gamma Response,22/88,2.5582734445475733e-05,0.00037521343853364413,3.287736147090415,34.76318348244998,+,DR 16,0.0008155621473472263,True
DR 16-,hallmark,gs_ind_0,Androgen Response,10/25,6.840173852509236e-05,0.001539039116814578,6.349250698501397,60.890027325039796,-,DR 16,0.0018544471333469485,True
DR 16-,hallmark,gs_ind_0,Cholesterol Homeostasis,6/17,0.004470933080813283,0.027669477353294718,5.200290600201185,28.13439456903835,-,DR 16,0.044737538587822506,True
DR 16-,hallmark,gs_ind_0,Glycolysis,12/40,0.00032173233465304283,0.004825985019795642,4.124203080645912,33.16597763632865,-,DR 16,0.006280215172427396,True
DR 16-,hallmark,gs_ind_0,Hypoxia,15/61,0.0006459320302324772,0.007266735340115368,3.152740341419587,23.15629857389903,-,DR 16,0.010193514427350338,True
DR 16-,hallmark,gs_ind_0,Reactive Oxygen Species Pathway,5/10,0.0015777264868780162,0.014199538381902146,9.184143222506394,59.25398339743649,-,DR 16,0.0202889392935643,True
DR 16-,hallmark,gs_ind_0,TGF-beta Signaling,4/8,0.004919018196141284,0.027669477353294718,9.142493638676845,48.58912019089625,-,DR 16,0.04707475722486207,True
DR 16-,hallmark,gs_ind_0,UV Response Dn,9/32,0.00302646296265898,0.02269847221994235,3.7522915393589247,21.76464430625097,-,DR 16,0.03327535707991087,True
DR 16-,hallmark,gs_ind_0,mTORC1 Signaling,17/48,1.3276367579910216e-06,5.974365410959597e-05,5.357250983953981,72.49490998712832,-,DR 16,6.059372368845353e-05,True
DR 17+,hallmark,gs_ind_0,Androgen Response,10/25,6.840173852509236e-05,0.003078078233629156,6.349250698501397,60.890027325039796,+,DR 17,0.0018544471333469485,True
DR 17+,hallmark,gs_ind_0,Cholesterol Homeostasis,7/17,0.0007324907256175764,0.016481041326395468,6.609449981543005,47.714015180221494,+,DR 17,0.01101166152445001,True
DR 17+,hallmark,gs_ind_0,Glycolysis,10/40,0.004613401681204881,0.06531569241151011,3.1995611204337164,17.209766726361703,+,DR 17,0.04537584537296708,True
DR 17-,helena,gs_ind_0,HALLMARK_IFNA,11/40,0.0012931995232216237,0.012931995232216236,3.644246679486606,24.23655772505855,-,DR 17,0.017873764216379043,True
DR 17-,hallmark,gs_ind_0,Adipogenesis,8/27,0.0036112996556440864,0.020313560562997986,4.034032634032634,22.686139124561574,-,DR 17,0.03818347502567681,True
DR 17-,hallmark,gs_ind_0,Apoptosis,14/59,0.0014313524065034998,0.014535502693765722,2.9997053884453346,19.645477177473634,-,DR 17,0.019279192498637375,True
DR 17-,hallmark,gs_ind_0,Epithelial Mesenchymal Transition,21/114,0.0033285202977414046,0.020313560562997986,2.1873743166549984,12.479467948383208,-,DR 17,0.03537040664802591,True
DR 17-,hallmark,gs_ind_0,Estrogen Response Early,12/49,0.002351442988433525,0.01763582241325144,3.118479221927498,18.87530058397867,-,DR 17,0.02687847624976988,True
DR 17-,hallmark,gs_ind_0,Estrogen Response Late,15/64,0.0011107953964648305,0.014535502693765722,2.9566010509406735,20.11280772356416,-,DR 17,0.016015649989029285,True
DR 17-,hallmark,gs_ind_0,Interferon Alpha Response,11/40,0.0012931995232216237,0.014535502693765722,3.644246679486606,24.23655772505855,-,DR 17,0.017873764216379043,True
DR 17-,hallmark,gs_ind_0,Reactive Oxygen Species Pathway,5/10,0.0015777264868780162,0.014535502693765722,9.184143222506394,59.25398339743649,-,DR 17,0.0202889392935643,True
DR 17-,hallmark,gs_ind_0,p53 Pathway,11/41,0.001615055854862858,0.014535502693765722,3.5227734763614342,22.645746773122212,-,DR 17,0.0202889392935643,True
DR 18+,hallmark,gs_ind_0,Estrogen Response Early,12/49,0.002351442988433525,0.017243915248512518,3.118479221927498,18.87530058397867,+,DR 18,0.02687847624976988,True
DR 18+,hallmark,gs_ind_0,Estrogen Response Late,16/64,0.0003467369660388686,0.0065760937713268556,3.2314977788953145,25.74516212626332,+,DR 18,0.006585926085480785,True
DR 18+,hallmark,gs_ind_0,Glycolysis,13/40,7.132734685467942e-05,0.0031384032616058946,4.643345454545455,44.33573388785754,+,DR 18,0.00186983755556234,True
DR 18+,hallmark,gs_ind_0,Myogenesis,12/47,0.0015956830393014216,0.017103524473301466,3.2979041356894685,21.23999789238365,+,DR 18,0.0202889392935643,True
DR 18+,hallmark,gs_ind_0,Oxidative Phosphorylation,4/5,0.00044837002986319467,0.0065760937713268556,27.47328244274809,211.81603246804076,+,DR 18,0.007646396423258352,True
DR 18+,hallmark,gs_ind_0,mTORC1 Signaling,12/48,0.00194358232651153,0.017103524473301466,3.2057338032774974,20.014109245003937,+,DR 18,0.023941915105609994,True
DR 18-,hallmark,gs_ind_0,Allograft Rejection,38/89,8.935352191395702e-17,2.7699591793326674e-15,8.048483943241225,297.4231204219857,-,DR 18,1.4171468575553583e-14,True
DR 18-,hallmark,gs_ind_0,IL-2/STAT5 Signaling,16/69,0.0008595798165196752,0.013323487156054966,2.9211306131752908,20.620456344795198,-,DR 18,0.01283099848470781,True
DR 18-,hallmark,gs_ind_0,PI3K/AKT/mTOR  Signaling,5/12,0.004192769000148052,0.04332527966819654,6.727536231884058,36.82918333740776,-,DR 18,0.04325028705193373,True
DR 19+,hallmark,gs_ind_0,Apoptosis,24/59,2.538005472864712e-10,3.891608391725891e-09,6.903363523919722,152.52617487596788,+,DR 19,2.403150256694587e-08,True
DR 19+,hallmark,gs_ind_0,Estrogen Response Early,13/49,0.0006860119522520405,0.004508078543370551,3.4806575342465753,25.35525184951136,+,DR 19,0.010588953345710328,True
DR 19+,hallmark,gs_ind_0,Glycolysis,10/40,0.004613401681204881,0.023579608592824947,3.1995611204337164,17.209766726361703,+,DR 19,0.04537584537296708,True
DR 19+,hallmark,gs_ind_0,Hypoxia,20/61,6.154038036953747e-07,5.661714993997447e-06,4.815238794513233,68.86266833266409,+,DR 19,2.9135236795846696e-05,True
DR 19+,hallmark,gs_ind_0,IL-2/STAT5 Signaling,15/69,0.0025019463474844836,0.01438619149803578,2.6776873809935955,16.04118513850522,+,DR 19,0.02834347790793136,True
DR 19+,hallmark,gs_ind_0,TGF-beta Signaling,6/8,2.1976955858542536e-05,0.00016848999491549278,24.04164524421594,257.85905348717876,+,DR 19,0.0007289033841298776,True
DR 19+,hallmark,gs_ind_0,TNF-alpha Signaling via NF-kB,44/93,1.2358377276400913e-21,5.68485354714442e-20,10.061219220963629,484.37262757264136,+,DR 19,3.122479995196483e-19,True
DR 19+,hallmark,gs_ind_0,UV Response Up,18/32,6.460195987156343e-11,1.485845077045959e-09,12.489466225791213,293.03755299932726,+,DR 19,6.610239248793523e-09,True
DR 19+,hallmark,gs_ind_0,p53 Pathway,19/41,1.4886563680024265e-09,1.7119548232027906e-08,8.492378328741966,172.61091761208542,+,DR 19,1.242636315606236e-07,True
DR 19-,helena,gs_ind_0,BENPORATH_ES1,16/64,0.0003467369660388686,0.0013869478641554743,3.2314977788953145,25.74516212626332,-,DR 19,0.006585926085480785,True
DR 19-,helena,gs_ind_0,ESC_ASSOU,29/128,9.873350885617313e-06,7.89868070849385e-05,2.94148585493063,33.902598980011064,-,DR 19,0.00035792307439060707,True
DR 19-,hallmark,gs_ind_0,DNA Repair,5/11,0.002659499577535494,0.024467396113326545,7.766869958685816,46.054566494324,-,DR 19,0.029756376225547044,True
DR 19-,hallmark,gs_ind_0,E2F Targets,17/53,6.393312171336814e-06,0.00029409235988149345,4.610316897465567,55.14057995743256,-,DR 19,0.0002537659425395789,True
DR 19-,hallmark,gs_ind_0,Fatty Acid Metabolism,8/25,0.002098284899730338,0.02413027634689889,4.5001113172541745,27.75054387349284,-,DR 19,0.024650961859054195,True
DR 19-,hallmark,gs_ind_0,Pperoxisome,7/14,0.00016816930893802333,0.0038678941055745367,9.268733850129198,80.55029573707145,-,DR 19,0.003756570760221197,True
DR 19-,hallmark,gs_ind_0,mTORC1 Signaling,13/48,0.0005519851776710972,0.008463772724290157,3.5807323943661973,26.862616338197814,-,DR 19,0.008978958890116514,True
DR 20+,hallmark,gs_ind_0,Adipogenesis,8/27,0.0036112996556440864,0.014377670346042303,4.034032634032634,22.686139124561574,+,DR 20,0.03818347502567681,True
DR 20+,hallmark,gs_ind_0,Apoptosis,16/59,0.00012304687187122835,0.001415039026519126,3.61321371834408,32.529565113187715,+,DR 20,0.002956853617996487,True
DR 20+,hallmark,gs_ind_0,DNA Repair,5/11,0.002659499577535494,0.013592997840736969,7.766869958685816,46.054566494324,+,DR 20,0.029756376225547044,True
DR 20+,hallmark,gs_ind_0,Epithelial Mesenchymal Transition,21/114,0.0033285202977414046,0.014377670346042303,2.1873743166549984,12.479467948383208,+,DR 20,0.03537040664802591,True
DR 20+,hallmark,gs_ind_0,Estrogen Response Early,19/49,5.525072478301185e-08,2.5415333400185453e-06,6.236688795556158,104.22370371093733,+,DR 20,3.7288361491853955e-06,True
DR 20+,hallmark,gs_ind_0,Estrogen Response Late,18/64,2.642888726238035e-05,0.0004052429380231654,3.8248048313448226,40.317470180031854,+,DR 20,0.0008328747265464238,True
DR 20+,hallmark,gs_ind_0,Myogenesis,13/47,0.00044081509382605446,0.004055498863199701,3.6866086956521738,28.486001648149458,+,DR 20,0.007646396423258352,True
DR 20+,hallmark,gs_ind_0,Reactive Oxygen Species Pathway,5/10,0.0015777264868780162,0.01036791691376982,9.184143222506394,59.25398339743649,+,DR 20,0.0202889392935643,True
DR 20+,hallmark,gs_ind_0,TGF-beta Signaling,4/8,0.004919018196141284,0.01740575669403839,9.142493638676845,48.58912019089625,+,DR 20,0.04707475722486207,True
DR 20+,hallmark,gs_ind_0,TNF-alpha Signaling via NF-kB,18/93,0.0037506966120110356,0.014377670346042303,2.3167377302004897,12.940865336556511,+,DR 20,0.03946006518507133,True
DR 20+,hallmark,gs_ind_0,UV Response Up,10/32,0.00071884446712456,0.005511140914621627,4.356780402449694,31.53379074881248,+,DR 20,0.010916553170712077,True
DR 20+,hallmark,gs_ind_0,mTORC1 Signaling,12/48,0.00194358232651153,0.011175598377441297,3.2057338032774974,20.014109245003937,+,DR 20,0.023941915105609994,True
DR 20+,hallmark,gs_ind_0,p53 Pathway,15/41,3.616381576039106e-06,8.317677624889945e-05,5.595229619081524,70.10843189377698,+,DR 20,0.00015294883145594725,True
DR 20-,hallmark,gs_ind_0,Cholesterol Homeostasis,6/17,0.004470933080813283,0.051390047108736736,5.200290600201185,28.13439456903835,-,DR 20,0.044737538587822506,True
DR 20-,hallmark,gs_ind_0,Glycolysis,14/40,1.4139101995007215e-05,0.0005797031817952958,5.206181395113561,58.13517027878158,-,DR 20,0.0004901555358269167,True
DR 21+,hallmark,gs_ind_0,Allograft Rejection,31/89,5.6904915068298454e-11,1.7071474520489537e-09,5.535511685954164,130.5807245534861,+,DR 21,5.918111167103039e-09,True
DR 21+,hallmark,gs_ind_0,PI3K/AKT/mTOR  Signaling,6/12,0.000512922385877911,0.0076938357881686644,9.226221079691516,69.89218617368041,+,DR 21,0.008654201106408157,True
DR 21-,helena,gs_ind_0,ESC_ASSOU,24/128,0.0013106073798131361,0.011795466418318227,2.2535071905878525,14.957123503080368,-,DR 21,0.017957868720376965,True
DR 21-,hallmark,gs_ind_0,Estrogen Response Early,14/49,0.0001808341096007929,0.00868003726083806,3.8665936638598346,33.32203534510104,-,DR 21,0.0039288068195459935,True
DR 21-,hallmark,gs_ind_0,Estrogen Response Late,14/64,0.0032686442862646012,0.06228770808567047,2.695007034215486,15.42454928240058,-,DR 21,0.035027498905511205,True
DR 21-,hallmark,gs_ind_0,Glycolysis,10/40,0.004613401681204881,0.06228770808567047,3.1995611204337164,17.209766726361703,-,DR 21,0.04537584537296708,True
DR 21-,hallmark,gs_ind_0,Myogenesis,11/47,0.005190642340472539,0.06228770808567047,2.9337116420284093,15.43395719507859,-,DR 21,0.04914841045963849,True
DR 22+,helena,gs_ind_0,LIM_STEM,31/160,0.00012894678421463074,0.0014184146263609382,2.3987084429562304,21.483098506096027,+,DR 22,0.003029771848361546,True
DR 22+,hallmark,gs_ind_0,Myogenesis,12/47,0.0015956830393014216,0.06701868765065971,3.2979041356894685,21.23999789238365,+,DR 22,0.0202889392935643,True
DR 22-,hallmark,gs_ind_0,Androgen Response,8/25,0.002098284899730338,0.023605705121966303,4.5001113172541745,27.75054387349284,-,DR 22,0.024650961859054195,True
DR 22-,hallmark,gs_ind_0,Estrogen Response Early,22/49,1.4670412203846088e-10,3.3008427458653696e-09,8.129106187929718,184.06412686311788,-,DR 22,1.4318322310953783e-08,True
DR 22-,hallmark,gs_ind_0,Estrogen Response Late,26/64,4.3509873906690995e-11,1.9579443258010947e-09,6.952145275927511,165.86451292409208,-,DR 22,4.600444001067462e-09,True
DR 22-,hallmark,gs_ind_0,Xenobiotic Metabolism,11/42,0.0019996680498142708,0.023605705121966303,3.4090128575616703,21.186244770414227,-,DR 22,0.024408032089836836,True
DR 23+,helena,gs_ind_0,ESC_ASSOU,23/128,0.002985621727876167,0.026870595550885504,2.127721780922502,12.370462239045958,+,DR 23,0.03317125086102698,True
DR 23+,hallmark,gs_ind_0,Glycolysis,10/40,0.004613401681204881,0.057866254363781545,3.1995611204337164,17.209766726361703,+,DR 23,0.04537584537296708,True
DR 23+,hallmark,gs_ind_0,Oxidative Phosphorylation,4/5,0.00044837002986319467,0.02107339140357015,27.47328244274809,211.81603246804076,+,DR 23,0.007646396423258352,True
DR 23+,hallmark,gs_ind_0,Wnt-beta Catenin Signaling,4/8,0.004919018196141284,0.057866254363781545,9.142493638676845,48.58912019089625,+,DR 23,0.04707475722486207,True
DR 23-,helena,gs_ind_0,HALLMARK_IFNA,32/40,3.589661308936109e-26,1.97431371991486e-25,40.67463780764531,2383.0926412943913,-,DR 23,1.1985690180995094e-23,True
DR 23-,helena,gs_ind_0,HALLMARK_IFNG,60/88,1.139511443556084e-42,1.2534625879116925e-41,26.780608103889616,2586.4168810213473,-,DR 23,1.4458121195839595e-39,True
DR 23-,helena,gs_ind_0,ISDS,14/15,8.994246926090845e-14,3.2978905395666433e-13,93.27167113494191,2801.8442667236327,-,DR 23,1.1411900499824064e-11,True
DR 23-,hallmark,gs_ind_0,Apoptosis,15/59,0.00043853282188194916,0.002568549385308559,3.2981919500893424,25.50187048622671,-,DR 23,0.007646396423258352,True
DR 23-,hallmark,gs_ind_0,Complement,23/66,2.1867981179283614e-08,1.7931744567012563e-07,5.3490367492310185,94.34760634314807,-,DR 23,1.5833607975754987e-06,True
DR 23-,hallmark,gs_ind_0,Hypoxia,14/61,0.0020198954677119072,0.009201746019576466,2.87012840412022,17.80831302567982,-,DR 23,0.024408032089836836,True
DR 23-,hallmark,gs_ind_0,IL-6/JAK/STAT3 Signaling,12/34,5.446496072916264e-05,0.00037217723164927806,5.241674034777483,51.46250923854648,-,DR 23,0.0015425254949366417,True
DR 23-,hallmark,gs_ind_0,Inflammatory Response,28/82,9.259106757788458e-10,9.490584426733169e-09,5.294535301156761,110.12762268063324,-,DR 23,8.046544283754791e-08,True
DR 23-,hallmark,gs_ind_0,Interferon Alpha Response,32/40,3.589661308936109e-26,7.3588056833190235e-25,40.67463780764531,2383.0926412943913,-,DR 23,1.1985690180995094e-23,True
DR 23-,hallmark,gs_ind_0,Interferon Gamma Response,60/88,1.139511443556084e-42,4.671996918579944e-41,26.780608103889616,2586.4168810213473,-,DR 23,1.4458121195839595e-39,True
DR 23-,hallmark,gs_ind_0,KRAS Signaling Up,18/83,0.0009614163546401784,0.004927258817530914,2.6859144619889155,18.659324393457062,-,DR 23,0.014118577207956694,True
DR 23-,hallmark,gs_ind_0,TNF-alpha Signaling via NF-kB,32/93,3.8838581401891846e-11,5.307939458258552e-10,5.455477551808159,130.77656385467716,-,DR 23,4.1761349222644385e-09,True
DR 24+,helena,gs_ind_0,BENPORATH_ES1,17/64,9.965542808897806e-05,0.00047170340645184675,3.5205793775993115,32.437886249909255,+,DR 24,0.0024504419992111503,True
DR 24+,helena,gs_ind_0,ESC_ASSOU,28/128,2.9006444841094207e-05,0.00029006444841094204,2.7955440190352583,29.207822991177984,+,DR 24,0.0008804635697220174,True
DR 24+,helena,gs_ind_0,ESC_WONG,14/48,0.00014151102193555402,0.00047170340645184675,3.9809224074289933,35.283444562178204,+,DR 24,0.0032062354398541236,True
DR 24+,helena,gs_ind_0,HALLMARK_IFNA,12/40,0.00032173233465304283,0.0006434646693060857,4.124203080645912,33.16597763632865,+,DR 24,0.006280215172427396,True
DR 24+,helena,gs_ind_0,HALLMARK_IFNG,17/88,0.004927118347621124,0.008211863912701874,2.3068348545187782,12.256215832351133,+,DR 24,0.04707475722486207,True
DR 24+,helena,gs_ind_0,ISDS,7/15,0.00028880699727548757,0.0006434646693060857,8.17373461012312,66.61390935241329,+,DR 24,0.005835005065973545,True
DR 24+,hallmark,gs_ind_0,DNA Repair,6/11,0.00027959877808904316,0.0049332291313466566,10.909792007478384,89.26560832643746,+,DR 24,0.0057034554604401605,True
DR 24+,hallmark,gs_ind_0,E2F Targets,17/53,6.393312171336814e-06,0.00029409235988149345,4.610316897465567,55.14057995743256,+,DR 24,0.0002537659425395789,True
DR 24+,hallmark,gs_ind_0,Fatty Acid Metabolism,8/25,0.002098284899730338,0.02163327549358843,4.5001113172541745,27.75054387349284,+,DR 24,0.024650961859054195,True
DR 24+,hallmark,gs_ind_0,G2-M Checkpoint,12/49,0.002351442988433525,0.02163327549358843,3.118479221927498,18.87530058397867,+,DR 24,0.02687847624976988,True
DR 24+,hallmark,gs_ind_0,Interferon Alpha Response,12/40,0.00032173233465304283,0.0049332291313466566,4.124203080645912,33.16597763632865,+,DR 24,0.006280215172427396,True
DR 24+,hallmark,gs_ind_0,Interferon Gamma Response,17/88,0.004927118347621124,0.03237820628436738,2.3068348545187782,12.256215832351133,+,DR 24,0.04707475722486207,True
DR 24+,hallmark,gs_ind_0,Myc Targets V1,5/12,0.004192769000148052,0.032144562334468406,6.727536231884058,36.82918333740776,+,DR 24,0.04325028705193373,True
DR 24-,hallmark,gs_ind_0,Androgen Response,8/25,0.002098284899730338,0.009232453558813488,4.5001113172541745,27.75054387349284,-,DR 24,0.024650961859054195,True
DR 24-,hallmark,gs_ind_0,Apoptosis,17/59,3.1696002737503654e-05,0.00023243735340836014,3.94598493348293,40.87772056868248,-,DR 24,0.0009352532156591776,True
DR 24-,hallmark,gs_ind_0,Epithelial Mesenchymal Transition,27/114,8.572002542908662e-06,7.543362237759623e-05,3.1039110745162617,36.213359011769626,-,DR 24,0.00032759508513381056,True
DR 24-,hallmark,gs_ind_0,Glycolysis,23/40,5.860888132323536e-14,1.2893953891111779e-12,13.492877263581489,411.0995022930499,-,DR 24,7.588055981930717e-12,True
DR 24-,hallmark,gs_ind_0,Hypoxia,37/61,3.11201551799833e-23,1.3692868279192653e-21,16.63078075266804,861.8766841328265,-,DR 24,8.583750628774526e-21,True
DR 24-,hallmark,gs_ind_0,TNF-alpha Signaling via NF-kB,20/93,0.0005599417466895578,0.0035196338363343636,2.6693613733582073,19.98731790458649,-,DR 24,0.009038856083965789,True
DR 24-,hallmark,gs_ind_0,UV Response Dn,10/32,0.00071884446712456,0.00395364456918508,4.356780402449694,31.53379074881248,-,DR 24,0.010916553170712077,True
DR 24-,hallmark,gs_ind_0,Unfolded Protein Response,6/13,0.0008738731352655757,0.0042722686612983694,7.991602399314481,56.281462040462216,-,DR 24,0.012862763735788428,True
DR 24-,hallmark,gs_ind_0,mTORC1 Signaling,20/48,5.4110734199058176e-09,7.936241015861867e-08,7.063468921611508,134.4518478419007,-,DR 24,4.1863231434003054e-07,True
DR 24-,hallmark,gs_ind_0,p53 Pathway,16/41,6.007383623957077e-07,6.608121986352784e-06,6.226845209628567,89.20021975521732,-,DR 24,2.887184978059371e-05,True
DR 25+,helena,gs_ind_0,ESC_WONG,12/48,0.00194358232651153,0.01749224093860377,3.2057338032774974,20.014109245003937,+,DR 25,0.023941915105609994,True
DR 25+,hallmark,gs_ind_0,Androgen Response,10/25,6.840173852509236e-05,0.0010716272368931138,6.349250698501397,60.890027325039796,+,DR 25,0.0018544471333469485,True
DR 25+,hallmark,gs_ind_0,Cholesterol Homeostasis,8/17,9.579192386277696e-05,0.0011255551053876293,8.326862611073137,77.05122574582239,+,DR 25,0.0023831528038645374,True
DR 25+,hallmark,gs_ind_0,E2F Targets,16/53,2.883496676266262e-05,0.0006776217189225715,4.205636856368564,43.96539874658021,+,DR 25,0.0008804635697220174,True
DR 25+,hallmark,gs_ind_0,Fatty Acid Metabolism,9/25,0.00041133852103927056,0.0038665820977691434,5.36521876730754,41.827750003165356,+,DR 25,0.007444514250266628,True
DR 25+,hallmark,gs_ind_0,G2-M Checkpoint,12/49,0.002351442988433525,0.01841963674272928,3.118479221927498,18.87530058397867,+,DR 25,0.02687847624976988,True
DR 25+,hallmark,gs_ind_0,mTORC1 Signaling,16/48,6.922947516910567e-06,0.00032537853329479664,4.866416510318949,57.81628346997419,+,DR 25,0.0002694428162409855,True
DR 25-,hallmark,gs_ind_0,Epithelial Mesenchymal Transition,21/114,0.0033285202977414046,0.1298122916119148,2.1873743166549984,12.479467948383208,-,DR 25,0.03537040664802591,True
DR 26+,hallmark,gs_ind_0,Apoptosis,14/59,0.0014313524065034998,0.017765614403491437,2.9997053884453346,19.645477177473634,+,DR 26,0.019279192498637375,True
DR 26+,hallmark,gs_ind_0,Epithelial Mesenchymal Transition,21/114,0.0033285202977414046,0.02929097862012436,2.1873743166549984,12.479467948383208,+,DR 26,0.03537040664802591,True
DR 26+,hallmark,gs_ind_0,Hypoxia,15/61,0.0006459320302324772,0.014210504665114499,3.152740341419587,23.15629857389903,+,DR 26,0.010193514427350338,True
DR 26+,hallmark,gs_ind_0,TNF-alpha Signaling via NF-kB,27/93,1.0140179154642547e-07,4.461678828042721e-06,4.134146605707352,66.57702073574727,+,DR 26,6.4329296557052315e-06,True
DR 26+,hallmark,gs_ind_0,p53 Pathway,11/41,0.001615055854862858,0.017765614403491437,3.5227734763614342,22.645746773122212,+,DR 26,0.0202889392935643,True
DR 26-,helena,gs_ind_0,BENPORATH_ES1,21/64,3.0999679024929016e-07,9.299903707478705e-07,4.839272564274966,72.52474498099531,-,DR 26,1.7251049450364008e-05,True
DR 26-,helena,gs_ind_0,ESC_ASSOU,43/128,2.298202497412901e-14,2.068382247671611e-13,5.541576162628794,174.02801251304174,-,DR 26,3.1020843922526475e-12,True
DR 26-,helena,gs_ind_0,ESC_WONG,19/48,3.7063189632243983e-08,1.6678435334509793e-07,6.451743941728534,110.39347797919496,-,DR 26,2.555748641597346e-06,True
DR 26-,hallmark,gs_ind_0,Cholesterol Homeostasis,7/17,0.0007324907256175764,0.00598200759254354,6.609449981543005,47.714015180221494,-,DR 26,0.01101166152445001,True
DR 26-,hallmark,gs_ind_0,DNA Repair,6/11,0.00027959877808904316,0.003425085031590779,10.909792007478384,89.26560832643746,-,DR 26,0.0057034554604401605,True
DR 26-,hallmark,gs_ind_0,E2F Targets,21/53,6.53731413648954e-09,3.203283926879875e-07,6.517720162845511,122.83125592089984,-,DR 26,4.996713359263812e-07,True
DR 26-,hallmark,gs_ind_0,Estrogen Response Late,14/64,0.0032686442862646012,0.020020446253370683,2.695007034215486,15.42454928240058,-,DR 26,0.035027498905511205,True
DR 26-,hallmark,gs_ind_0,G2-M Checkpoint,12/49,0.002351442988433525,0.016460100919034677,3.118479221927498,18.87530058397867,-,DR 26,0.02687847624976988,True
DR 26-,hallmark,gs_ind_0,Myc Targets V1,9/12,1.4235246454780426e-07,3.4876353814212047e-06,25.477433793360685,401.6507172684448,-,DR 26,8.440037711133367e-06,True
DR 26-,hallmark,gs_ind_0,Oxidative Phosphorylation,4/5,0.00044837002986319467,0.004394026292659308,27.47328244274809,211.81603246804076,-,DR 26,0.007646396423258352,True
DR 26-,hallmark,gs_ind_0,Wnt-beta Catenin Signaling,4/8,0.004919018196141284,0.026781321290102543,9.142493638676845,48.58912019089625,-,DR 26,0.04707475722486207,True
DR 26-,hallmark,gs_ind_0,mTORC1 Signaling,15/48,3.2849262135799385e-05,0.0005365379482180566,4.408617290903971,45.5127189126005,-,DR 26,0.0009515786255228826,True
DR 27+,hallmark,gs_ind_0,Androgen Response,8/25,0.002098284899730338,0.04930969514366295,4.5001113172541745,27.75054387349284,+,DR 27,0.024650961859054195,True
DR 27+,hallmark,gs_ind_0,mTORC1 Signaling,14/48,0.00014151102193555402,0.006651018030971039,3.9809224074289933,35.283444562178204,+,DR 27,0.0032062354398541236,True
DR 27-,helena,gs_ind_0,HALLMARK_IFNA,28/40,3.227790125286473e-20,1.6138950626432364e-19,23.639304347826087,1060.9297127957325,-,DR 27,6.825700184939128e-18,True
DR 27-,helena,gs_ind_0,HALLMARK_IFNG,45/88,5.932824309463836e-24,5.932824309463836e-23,11.821894518978453,632.2531465510717,-,DR 27,1.7108107917835717e-21,True
DR 27-,helena,gs_ind_0,IMMUNOGENIC_CONSENSUS,11/13,5.050474999909117e-10,1.6834916666363725e-09,43.65751978891821,934.5489621468209,-,DR 27,4.5127061125948506e-08,True
DR 27-,helena,gs_ind_0,ISDS,10/15,1.5524585094860313e-07,3.1049170189720625e-07,17.993557623478882,282.10759991893116,-,DR 27,9.100426474183965e-06,True
DR 27-,helena,gs_ind_0,KEGG_APM,14/25,1.0706447086753368e-08,2.6766117716883417e-08,12.09826320083926,222.03240445279982,-,DR 27,7.990788272748631e-07,True
DR 27-,hallmark,gs_ind_0,Apoptosis,16/59,0.00012304687187122835,0.0012304687187122835,3.61321371834408,32.529565113187715,-,DR 27,0.002956853617996487,True
DR 27-,hallmark,gs_ind_0,Complement,21/66,5.595622474452129e-07,7.460829965936172e-06,4.621292356668401,66.52863800684423,-,DR 27,2.795167636057032e-05,True
DR 27-,hallmark,gs_ind_0,IL-6/JAK/STAT3 Signaling,11/34,0.00027512398686312437,0.002200991894904995,4.590186942120923,37.63167774116129,-,DR 27,0.0057034554604401605,True
DR 27-,hallmark,gs_ind_0,Inflammatory Response,18/82,0.0008251494743734262,0.004715139853562436,2.7291281724540726,19.376662670557923,-,DR 27,0.012346104399587303,True
DR 27-,hallmark,gs_ind_0,Interferon Alpha Response,28/40,3.227790125286473e-20,6.455580250572945e-19,23.639304347826087,1060.9297127957325,-,DR 27,6.825700184939128e-18,True
DR 27-,hallmark,gs_ind_0,Interferon Gamma Response,45/88,5.932824309463836e-24,2.3731297237855344e-22,11.821894518978453,632.2531465510717,-,DR 27,1.7108107917835717e-21,True
DR 27-,hallmark,gs_ind_0,TNF-alpha Signaling via NF-kB,20/93,0.0005599417466895578,0.0037329449779303857,2.6693613733582073,19.98731790458649,-,DR 27,0.009038856083965789,True
DR 28+,hallmark,gs_ind_0,Apoptosis,13/59,0.0042671553818756855,0.026266731849778038,2.7166451612903226,14.824210670745018,+,DR 28,0.04373317244365,True
DR 28+,hallmark,gs_ind_0,Cholesterol Homeostasis,6/17,0.004470933080813283,0.026266731849778038,5.200290600201185,28.13439456903835,+,DR 28,0.044737538587822506,True
DR 28+,hallmark,gs_ind_0,Estrogen Response Early,22/49,1.4670412203846088e-10,3.447546867903831e-09,8.129106187929718,184.06412686311788,+,DR 28,1.4318322310953783e-08,True
DR 28+,hallmark,gs_ind_0,Estrogen Response Late,15/64,0.0011107953964648305,0.008701230605641173,2.9566010509406735,20.11280772356416,+,DR 28,0.016015649989029285,True
DR 28+,hallmark,gs_ind_0,Hypoxia,15/61,0.0006459320302324772,0.006757137990970864,3.152740341419587,23.15629857389903,+,DR 28,0.010193514427350338,True
DR 28+,hallmark,gs_ind_0,TNF-alpha Signaling via NF-kB,33/93,6.856950978451429e-12,3.2227669598721717e-10,5.753719008264463,147.9037097887926,+,DR 28,7.631666141630854e-10,True
DR 28+,hallmark,gs_ind_0,UV Response Up,10/32,0.00071884446712456,0.006757137990970864,4.356780402449694,31.53379074881248,+,DR 28,0.010916553170712077,True
DR 28+,hallmark,gs_ind_0,p53 Pathway,13/41,9.534578445982856e-05,0.001493750623203981,4.477894736842106,41.456351435534096,+,DR 28,0.0023831528038645374,True
DR 28-,helena,gs_ind_0,ESC_ASSOU,25/128,0.0005458141983383085,0.0024561638925223884,2.383046368553615,17.90438008170274,-,DR 28,0.008978958890116514,True
DR 28-,helena,gs_ind_0,HALLMARK_IFNA,14/40,1.4139101995007215e-05,0.00012725191795506495,5.206181395113561,58.13517027878158,-,DR 28,0.0004901555358269167,True
DR 28-,helena,gs_ind_0,ISDS,6/15,0.002146047010168408,0.006438141030505225,6.302124205114328,38.72105608064646,-,DR 28,0.025026695280346286,True
DR 28-,hallmark,gs_ind_0,DNA Repair,6/11,0.00027959877808904316,0.006290972507003471,10.909792007478384,89.26560832643746,-,DR 28,0.0057034554604401605,True
DR 28-,hallmark,gs_ind_0,Estrogen Response Late,14/64,0.0032686442862646012,0.049029664293969016,2.695007034215486,15.42454928240058,-,DR 28,0.035027498905511205,True
DR 28-,hallmark,gs_ind_0,Glycolysis,10/40,0.004613401681204881,0.05190076891355491,3.1995611204337164,17.209766726361703,-,DR 28,0.04537584537296708,True
DR 28-,hallmark,gs_ind_0,Interferon Alpha Response,14/40,1.4139101995007215e-05,0.0006362595897753246,5.206181395113561,58.13517027878158,-,DR 28,0.0004901555358269167,True
DR 29+,helena,gs_ind_0,LIM_STEM,28/160,0.0015889294965575856,0.015889294965575854,2.0804922067268254,13.408137227292794,+,DR 29,0.0202889392935643,True
DR 29+,hallmark,gs_ind_0,Apical Junction,13/42,0.00012606144742807933,0.0008824301319965553,4.323661016949153,38.8210328402775,+,DR 29,0.002995257762111368,True
DR 29+,hallmark,gs_ind_0,Apoptosis,17/59,3.1696002737503654e-05,0.0002662464229950307,3.94598493348293,40.87772056868248,+,DR 29,0.0009352532156591776,True
DR 29+,hallmark,gs_ind_0,Epithelial Mesenchymal Transition,39/114,2.3737931654790415e-13,9.969931295011975e-12,5.589752527012896,162.48917044039064,+,DR 29,2.8960276618844306e-11,True
DR 29+,hallmark,gs_ind_0,Estrogen Response Late,15/64,0.0011107953964648305,0.006664772378788983,2.9566010509406735,20.11280772356416,+,DR 29,0.016015649989029285,True
DR 29+,hallmark,gs_ind_0,Hypoxia,21/61,1.207362875311457e-07,1.69030802543604e-06,5.206609580797139,82.93950533649114,+,DR 29,7.254274502877083e-06,True
DR 29+,hallmark,gs_ind_0,Myogenesis,12/47,0.0015956830393014216,0.008377335956332464,3.2979041356894685,21.23999789238365,+,DR 29,0.0202889392935643,True
DR 29+,hallmark,gs_ind_0,TNF-alpha Signaling via NF-kB,28/93,2.3452506279010813e-08,4.925026318592271e-07,4.377630268835048,76.90747137875302,+,DR 29,1.6717157284724111e-06,True
DR 29+,hallmark,gs_ind_0,p53 Pathway,15/41,3.616381576039106e-06,3.797200654841062e-05,5.595229619081524,70.10843189377698,+,DR 29,0.00015294883145594725,True
DR 29-,hallmark,gs_ind_0,Androgen Response,9/25,0.00041133852103927056,0.016864879362610094,5.36521876730754,41.827750003165356,-,DR 29,0.007444514250266628,True
DR 29-,hallmark,gs_ind_0,Glycolysis,11/40,0.0012931995232216237,0.026510590226043285,3.644246679486606,24.23655772505855,-,DR 29,0.017873764216379043,True
DR 29-,hallmark,gs_ind_0,mTORC1 Signaling,12/48,0.00194358232651153,0.026562291795657576,3.2057338032774974,20.014109245003937,-,DR 29,0.023941915105609994,True
DR 30+,helena,gs_ind_0,BENPORATH_ES1,14/64,0.0032686442862646012,0.016343221431323007,2.695007034215486,15.42454928240058,+,DR 30,0.035027498905511205,True
DR 30+,helena,gs_ind_0,ESC_ASSOU,26/128,0.00021584897986535087,0.0021584897986535088,2.5164721503948564,21.241369199417598,+,DR 30,0.004574569971356188,True
DR 30+,hallmark,gs_ind_0,Apoptosis,20/59,3.3105598966580025e-07,5.296895834652804e-06,5.064798905992496,75.5717546856817,+,DR 30,1.81053379175848e-05,True
DR 30+,hallmark,gs_ind_0,E2F Targets,13/53,0.0015283486442989088,0.00815119276959418,3.129777777777778,20.292125306679296,+,DR 30,0.0202889392935643,True
DR 30+,hallmark,gs_ind_0,Glycolysis,12/40,0.00032173233465304283,0.001930394007918257,4.124203080645912,33.16597763632865,+,DR 30,0.006280215172427396,True
DR 30+,hallmark,gs_ind_0,Hypoxia,20/61,6.154038036953747e-07,7.384845644344496e-06,4.815238794513233,68.86266833266409,+,DR 30,2.9135236795846696e-05,True
DR 30+,hallmark,gs_ind_0,Myc Targets V1,7/12,4.627517030017547e-05,0.0003173154534869175,12.653276955602538,126.29115547720689,+,DR 30,0.0013164559658489382,True
DR 30+,hallmark,gs_ind_0,TGF-beta Signaling,6/8,2.1976955858542536e-05,0.0001758156468683403,24.04164524421594,257.85905348717876,+,DR 30,0.0007289033841298776,True
DR 30+,hallmark,gs_ind_0,TNF-alpha Signaling via NF-kB,31/93,2.0869101219055488e-10,1.0017168585146634e-08,5.169345132743363,115.22556302485127,+,DR 30,2.005963305055879e-08,True
DR 30+,hallmark,gs_ind_0,UV Response Up,15/32,7.35023231463059e-08,1.7640557555113416e-06,8.515748941085869,139.87925630255776,+,DR 30,4.8072034849501506e-06,True
DR 30+,hallmark,gs_ind_0,p53 Pathway,14/41,1.9595327397435125e-05,0.0001758156468683403,5.014038508408482,54.35327760264868,+,DR 30,0.0006719608486990726,True
DR 30-,hallmark,gs_ind_0,Androgen Response,11/25,9.689424387090797e-06,0.0003487409718984985,7.476935674642889,86.31730098466925,-,DR 30,0.00035531623301563017,True
DR 30-,hallmark,gs_ind_0,Estrogen Response Early,12/49,0.002351442988433525,0.018341255309781496,3.118479221927498,18.87530058397867,-,DR 30,0.02687847624976988,True
DR 30-,hallmark,gs_ind_0,Estrogen Response Late,18/64,2.642888726238035e-05,0.0003487409718984985,3.8248048313448226,40.317470180031854,-,DR 30,0.0008328747265464238,True
DR 30-,hallmark,gs_ind_0,Fatty Acid Metabolism,10/25,6.840173852509236e-05,0.0006669169506196505,6.349250698501397,60.890027325039796,-,DR 30,0.0018544471333469485,True
DR 30-,hallmark,gs_ind_0,Xenobiotic Metabolism,14/42,2.6826228607576808e-05,0.0003487409718984985,4.835379333051127,50.89783372996811,-,DR 30,0.0008342431092473886,True
DR 31+,hallmark,gs_ind_0,Apoptosis,16/59,0.00012304687187122835,0.002830078053038252,3.61321371834408,32.529565113187715,+,DR 31,0.002956853617996487,True
DR 31+,hallmark,gs_ind_0,Estrogen Response Early,13/49,0.0006860119522520405,0.006311309960718773,3.4806575342465753,25.35525184951136,+,DR 31,0.010588953345710328,True
DR 31+,hallmark,gs_ind_0,Estrogen Response Late,16/64,0.0003467369660388686,0.0053166334792626516,3.2314977788953145,25.74516212626332,+,DR 31,0.006585926085480785,True
DR 31+,hallmark,gs_ind_0,TNF-alpha Signaling via NF-kB,20/93,0.0005599417466895578,0.006311309960718773,2.6693613733582073,19.98731790458649,+,DR 31,0.009038856083965789,True
DR 31+,hallmark,gs_ind_0,p53 Pathway,17/41,8.999033923990729e-08,4.139555605035735e-06,6.915142078629817,112.188246722067,+,DR 31,5.7666536579593115e-06,True
DR 31-,helena,gs_ind_0,BENPORATH_ES1,14/64,0.0032686442862646012,0.008988771787227652,2.695007034215486,15.42454928240058,-,DR 31,0.035027498905511205,True
DR 31-,helena,gs_ind_0,ESC_ASSOU,28/128,2.9006444841094207e-05,0.00015953544662601813,2.7955440190352583,29.207822991177984,-,DR 31,0.0008804635697220174,True
DR 31-,helena,gs_ind_0,IMMUNOGENIC_CONSENSUS,6/13,0.0008738731352655757,0.003204201495973778,7.991602399314481,56.281462040462216,-,DR 31,0.012862763735788428,True
DR 31-,helena,gs_ind_0,KEGG_APM,11/25,9.689424387090797e-06,0.00010658366825799876,7.476935674642889,86.31730098466925,-,DR 31,0.00035531623301563017,True
DR 31-,hallmark,gs_ind_0,Androgen Response,10/25,6.840173852509236e-05,0.0010260260778763854,6.349250698501397,60.890027325039796,-,DR 31,0.0018544471333469485,True
DR 31-,hallmark,gs_ind_0,Cholesterol Homeostasis,6/17,0.004470933080813283,0.030460172737948706,5.200290600201185,28.13439456903835,-,DR 31,0.044737538587822506,True
DR 31-,hallmark,gs_ind_0,E2F Targets,12/53,0.004738249092569799,0.030460172737948706,2.8115112971781024,15.047454754456218,-,DR 31,0.0464597407160167,True
DR 31-,hallmark,gs_ind_0,Glycolysis,16/40,4.0142206067637117e-07,9.03199636521835e-06,6.484652397544384,95.50759751458983,-,DR 31,2.1221846274424157e-05,True
DR 31-,hallmark,gs_ind_0,Myc Targets V1,5/12,0.004192769000148052,0.030460172737948706,6.727536231884058,36.82918333740776,-,DR 31,0.04325028705193373,True
DR 31-,hallmark,gs_ind_0,UV Response Up,11/32,0.0001486887837228332,0.0016727488168818733,5.022826287046696,44.26945870327691,-,DR 31,0.0033331506852920627,True
DR 31-,hallmark,gs_ind_0,mTORC1 Signaling,19/48,3.7063189632243983e-08,1.6678435334509792e-06,6.451743941728534,110.39347797919496,-,DR 31,2.555748641597346e-06,True
DR 32+,hallmark,gs_ind_0,TNF-alpha Signaling via NF-kB,22/93,6.461196396966755e-05,0.0028429264146653723,3.049009813715696,29.4141360018817,+,DR 32,0.0018057193807205767,True
DR 32-,helena,gs_ind_0,ESC_ASSOU,27/128,8.112887786809011e-05,0.0006367995987099931,2.653923141352337,24.998553613261848,-,DR 32,0.002075329037077273,True
DR 32-,helena,gs_ind_0,ESC_WONG,14/48,0.00014151102193555402,0.0006367995987099931,3.9809224074289933,35.283444562178204,-,DR 32,0.0032062354398541236,True
DR 32-,hallmark,gs_ind_0,E2F Targets,15/53,0.00011888250484404503,0.0027342976114130358,3.82521790877586,34.56992834204153,-,DR 32,0.00291193285996379,True
DR 32-,hallmark,gs_ind_0,G2-M Checkpoint,13/49,0.0006860119522520405,0.010518849934531288,3.4806575342465753,25.35525184951136,-,DR 32,0.010588953345710328,True
DR 32-,hallmark,gs_ind_0,mTORC1 Signaling,15/48,3.2849262135799385e-05,0.0015110660582467717,4.408617290903971,45.5127189126005,-,DR 32,0.0009515786255228826,True
DR 33-,hallmark,gs_ind_0,Androgen Response,9/25,0.00041133852103927056,0.004461649583998207,5.36521876730754,41.827750003165356,-,DR 33,0.007444514250266628,True
DR 33-,hallmark,gs_ind_0,Apoptosis,13/59,0.0042671553818756855,0.0298700876731298,2.7166451612903226,14.824210670745018,-,DR 33,0.04373317244365,True
DR 33-,hallmark,gs_ind_0,Estrogen Response Early,16/49,9.380103359376977e-06,0.00019698217054691655,4.718480766897221,54.625473302418406,-,DR 33,0.00035421056971361633,True
DR 33-,hallmark,gs_ind_0,Estrogen Response Late,21/64,3.0999679024929016e-07,1.3019865190470188e-05,4.839272564274966,72.52474498099531,-,DR 33,1.7251049450364008e-05,True
DR 33-,hallmark,gs_ind_0,Oxidative Phosphorylation,4/5,0.00044837002986319467,0.004461649583998207,27.47328244274809,211.81603246804076,-,DR 33,0.007646396423258352,True
DR 33-,hallmark,gs_ind_0,Xenobiotic Metabolism,12/42,0.0005311487599997866,0.004461649583998207,3.8494151411053616,29.02639332737084,-,DR 33,0.008890785576355267,True
DR 34+,helena,gs_ind_0,ESC_ASSOU,23/128,0.002985621727876167,0.032841839006637834,2.127721780922502,12.370462239045958,+,DR 34,0.03317125086102698,True
DR 34+,hallmark,gs_ind_0,Apical Junction,11/42,0.0019996680498142708,0.029995020747214062,3.4090128575616703,21.186244770414227,+,DR 34,0.024408032089836836,True
DR 34+,hallmark,gs_ind_0,Cholesterol Homeostasis,6/17,0.004470933080813283,0.050297997159149434,5.200290600201185,28.13439456903835,+,DR 34,0.044737538587822506,True
DR 34+,hallmark,gs_ind_0,Epithelial Mesenchymal Transition,24/114,0.0002163258183176003,0.009734661824292013,2.623589438592647,22.139749440613247,+,DR 34,0.004574569971356188,True
DR 34+,hallmark,gs_ind_0,mTORC1 Signaling,12/48,0.00194358232651153,0.029995020747214062,3.2057338032774974,20.014109245003937,+,DR 34,0.023941915105609994,True
DR 34-,hallmark,gs_ind_0,Apoptosis,17/59,3.1696002737503654e-05,0.0014580161259251682,3.94598493348293,40.87772056868248,-,DR 34,0.0009352532156591776,True
DR 34-,hallmark,gs_ind_0,Glycolysis,10/40,0.004613401681204881,0.053144341587275,3.1995611204337164,17.209766726361703,-,DR 34,0.04537584537296708,True
DR 34-,hallmark,gs_ind_0,IL-2/STAT5 Signaling,15/69,0.0025019463474844836,0.053144341587275,2.6776873809935955,16.04118513850522,-,DR 34,0.02834347790793136,True
DR 35+,helena,gs_ind_0,ESC_ASSOU,24/128,0.0013106073798131361,0.014416681177944497,2.2535071905878525,14.957123503080368,+,DR 35,0.017957868720376965,True
DR 35+,hallmark,gs_ind_0,Androgen Response,8/25,0.002098284899730338,0.030075416896134848,4.5001113172541745,27.75054387349284,+,DR 35,0.024650961859054195,True
DR 35+,hallmark,gs_ind_0,Estrogen Response Late,14/64,0.0032686442862646012,0.035137926077344464,2.695007034215486,15.42454928240058,+,DR 35,0.035027498905511205,True
DR 35+,hallmark,gs_ind_0,Glycolysis,14/40,1.4139101995007215e-05,0.0006079813857853102,5.206181395113561,58.13517027878158,+,DR 35,0.0004901555358269167,True
DR 35+,hallmark,gs_ind_0,Hypoxia,14/61,0.0020198954677119072,0.030075416896134848,2.87012840412022,17.80831302567982,+,DR 35,0.024408032089836836,True
DR 35-,helena,gs_ind_0,HALLMARK_IFNA,13/40,7.132734685467942e-05,0.0007132734685467942,4.643345454545455,44.33573388785754,-,DR 35,0.00186983755556234,True
DR 35-,helena,gs_ind_0,HALLMARK_IFNG,20/88,0.0002559656351897235,0.0009626899909182919,2.8724952989465597,23.756878611792995,-,DR 35,0.005376973475641079,True
DR 35-,helena,gs_ind_0,ISDS,7/15,0.00028880699727548757,0.0009626899909182919,8.17373461012312,66.61390935241329,-,DR 35,0.005835005065973545,True
DR 35-,hallmark,gs_ind_0,Apoptosis,16/59,0.00012304687187122835,0.0008437499785455657,3.61321371834408,32.529565113187715,-,DR 35,0.002956853617996487,True
DR 35-,hallmark,gs_ind_0,Estrogen Response Early,14/49,0.0001808341096007929,0.0010850046576047574,3.8665936638598346,33.32203534510104,-,DR 35,0.0039288068195459935,True
DR 35-,hallmark,gs_ind_0,Glycolysis,11/40,0.0012931995232216237,0.006207357711463793,3.644246679486606,24.23655772505855,-,DR 35,0.017873764216379043,True
DR 35-,hallmark,gs_ind_0,Hypoxia,19/61,2.904591283129415e-06,3.485509539755299e-05,4.4454059309674285,56.675448742648385,-,DR 35,0.00012535188503519053,True
DR 35-,hallmark,gs_ind_0,IL-2/STAT5 Signaling,15/69,0.0025019463474844836,0.010917584061750474,2.6776873809935955,16.04118513850522,-,DR 35,0.02834347790793136,True
DR 35-,hallmark,gs_ind_0,Interferon Alpha Response,13/40,7.132734685467942e-05,0.0005706187748374354,4.643345454545455,44.33573388785754,-,DR 35,0.00186983755556234,True
DR 35-,hallmark,gs_ind_0,Interferon Gamma Response,20/88,0.0002559656351897235,0.001365150054345192,2.8724952989465597,23.756878611792995,-,DR 35,0.005376973475641079,True
DR 35-,hallmark,gs_ind_0,Myc Targets V1,5/12,0.004192769000148052,0.01677107600059221,6.727536231884058,36.82918333740776,-,DR 35,0.04325028705193373,True
DR 35-,hallmark,gs_ind_0,Myogenesis,11/47,0.005190642340472539,0.01916544864174476,2.9337116420284093,15.43395719507859,-,DR 35,0.04914841045963849,True
DR 35-,hallmark,gs_ind_0,TNF-alpha Signaling via NF-kB,24/93,5.825955381893746e-06,5.592917166617996e-05,3.458271343265331,41.68319312649588,-,DR 35,0.0002369221855303457,True
DR 35-,hallmark,gs_ind_0,Unfolded Protein Response,9/13,4.227634404332841e-07,1.4417720697496986e-05,19.804757760371338,290.6635975715644,-,DR 35,2.1804969643160605e-05,True
DR 35-,hallmark,gs_ind_0,mTORC1 Signaling,17/48,1.3276367579910216e-06,2.1242188127856346e-05,5.357250983953981,72.49490998712832,-,DR 35,6.059372368845353e-05,True
DR 35-,hallmark,gs_ind_0,p53 Pathway,16/41,6.007383623957077e-07,1.4417720697496986e-05,6.226845209628567,89.20021975521732,-,DR 35,2.887184978059371e-05,True
DR 36+,helena,gs_ind_0,ESC_ASSOU,24/128,0.0013106073798131361,0.009174251658691953,2.2535071905878525,14.957123503080368,+,DR 36,0.017957868720376965,True
DR 36+,hallmark,gs_ind_0,Androgen Response,11/25,9.689424387090797e-06,0.0004457135218061767,7.476935674642889,86.31730098466925,+,DR 36,0.00035531623301563017,True
DR 36+,hallmark,gs_ind_0,Estrogen Response Late,14/64,0.0032686442862646012,0.037589409292042915,2.695007034215486,15.42454928240058,+,DR 36,0.035027498905511205,True
DR 36+,hallmark,gs_ind_0,Pperoxisome,6/14,0.00140315100501124,0.021514982076839013,7.047482231967337,46.2951564116883,+,DR 36,0.01906122050490644,True
DR 36+,hallmark,gs_ind_0,mTORC1 Signaling,14/48,0.00014151102193555402,0.0032547535045177427,3.9809224074289933,35.283444562178204,+,DR 36,0.0032062354398541236,True
DR 36-,helena,gs_ind_0,HALLMARK_IFNA,38/40,2.1917771332127953e-37,2.191777133212795e-36,170.44246153846154,14387.207669938223,-,DR 36,1.3904634133101973e-34,True
DR 36-,helena,gs_ind_0,HALLMARK_IFNG,51/88,8.281823264178487e-31,4.140911632089243e-30,16.199821627647715,1122.0980555975889,-,DR 36,4.041529752919102e-28,True
DR 36-,helena,gs_ind_0,ISDS,15/15,6.153644994677031e-16,2.051214998225677e-15,300.8921832884097,10538.543180103274,-,DR 36,9.294934249102638e-14,True
DR 36-,hallmark,gs_ind_0,Apoptosis,18/59,7.511833675533866e-06,7.699629517422212e-05,4.297837927050669,50.71032275147262,-,DR 36,0.00029057971242431004,True
DR 36-,hallmark,gs_ind_0,Complement,21/66,5.595622474452129e-07,7.647350715084576e-06,4.621292356668401,66.52863800684423,-,DR 36,2.795167636057032e-05,True
DR 36-,hallmark,gs_ind_0,Hypoxia,15/61,0.0006459320302324772,0.0052966426479063135,3.152740341419587,23.15629857389903,-,DR 36,0.010193514427350338,True
DR 36-,hallmark,gs_ind_0,Interferon Alpha Response,38/40,2.1917771332127953e-37,8.986286246172461e-36,170.44246153846154,14387.207669938223,-,DR 36,1.3904634133101973e-34,True
DR 36-,hallmark,gs_ind_0,Interferon Gamma Response,51/88,8.281823264178487e-31,1.69777376915659e-29,16.199821627647715,1122.0980555975889,-,DR 36,4.041529752919102e-28,True
DR 37+,helena,gs_ind_0,LIM_STEM,46/160,1.694228899184511e-12,1.5248060092660598e-11,4.433077542714207,120.15321786758481,+,DR 37,1.954216024804825e-10,True
DR 37+,hallmark,gs_ind_0,Epithelial Mesenchymal Transition,29/114,7.667586127402329e-07,3.603765479879095e-05,3.45129831381174,48.59805529280001,+,DR 37,3.603197510536324e-05,True
DR 37+,hallmark,gs_ind_0,Estrogen Response Early,12/49,0.002351442988433525,0.027629455114093922,3.118479221927498,18.87530058397867,+,DR 37,0.02687847624976988,True
DR 37+,hallmark,gs_ind_0,Myogenesis,15/47,2.4747288817396626e-05,0.0005815612872088207,4.546838067592785,48.227377542811446,+,DR 37,0.000805111796192637,True
DR 37+,hallmark,gs_ind_0,p53 Pathway,11/41,0.001615055854862858,0.025302541726184777,3.5227734763614342,22.645746773122212,+,DR 37,0.0202889392935643,True
DR 37-,hallmark,gs_ind_0,Androgen Response,8/25,0.002098284899730338,0.08039585250665296,4.5001113172541745,27.75054387349284,-,DR 37,0.024650961859054195,True
DR 38+,helena,gs_ind_0,ESC_ASSOU,24/128,0.0013106073798131361,0.01310607379813136,2.2535071905878525,14.957123503080368,+,DR 38,0.017957868720376965,True
DR 38+,hallmark,gs_ind_0,Apoptosis,14/59,0.0014313524065034998,0.03220542914632874,2.9997053884453346,19.645477177473634,+,DR 38,0.019279192498637375,True
DR 38+,hallmark,gs_ind_0,E2F Targets,14/53,0.0004469713429321258,0.02011371043194566,3.467166661010622,26.742312191693923,+,DR 38,0.007646396423258352,True
DR 38+,hallmark,gs_ind_0,TGF-beta Signaling,4/8,0.004919018196141284,0.06278186263818313,9.142493638676845,48.58912019089625,+,DR 38,0.04707475722486207,True
DR 38-,helena,gs_ind_0,HALLMARK_IFNA,13/40,7.132734685467942e-05,0.0001961502038503684,4.643345454545455,44.33573388785754,-,DR 38,0.00186983755556234,True
DR 38-,helena,gs_ind_0,HALLMARK_IFNG,22/88,2.5582734445475733e-05,9.380335963341103e-05,3.287736147090415,34.76318348244998,-,DR 38,0.0008155621473472263,True
DR 38-,helena,gs_ind_0,IMMUNOGENIC_CONSENSUS,9/13,4.227634404332841e-07,2.3251989223830625e-06,19.804757760371338,290.6635975715644,-,DR 38,2.1804969643160605e-05,True
DR 38-,helena,gs_ind_0,ISDS,6/15,0.002146047010168408,0.0047213034223704976,6.302124205114328,38.72105608064646,-,DR 38,0.025026695280346286,True
DR 38-,helena,gs_ind_0,KEGG_APM,13/25,1.2120950461932075e-07,1.3333045508125282e-06,10.30176,164.063206369783,-,DR 38,7.254274502877083e-06,True
DR 38-,hallmark,gs_ind_0,Coagulation,16/52,2.2060127640752916e-05,0.000473280587241301,4.323309945428221,46.3533998051054,-,DR 38,0.0007289033841298776,True
DR 38-,hallmark,gs_ind_0,Complement,14/66,0.004409050499134496,0.030533239731819484,2.589378271415805,14.04503611479543,-,DR 38,0.044737538587822506,True
DR 38-,hallmark,gs_ind_0,Glycolysis,11/40,0.0012931995232216237,0.011962095589800019,3.644246679486606,24.23655772505855,-,DR 38,0.017873764216379043,True
DR 38-,hallmark,gs_ind_0,Interferon Alpha Response,13/40,7.132734685467942e-05,0.0008797039445410462,4.643345454545455,44.33573388785754,-,DR 38,0.00186983755556234,True
DR 38-,hallmark,gs_ind_0,Interferon Gamma Response,22/88,2.5582734445475733e-05,0.000473280587241301,3.287736147090415,34.76318348244998,-,DR 38,0.0008155621473472263,True
DR 38-,hallmark,gs_ind_0,Myogenesis,11/47,0.005190642340472539,0.030533239731819484,2.9337116420284093,15.43395719507859,-,DR 38,0.04914841045963849,True
DR 39+,hallmark,gs_ind_0,Apoptosis,17/59,3.1696002737503654e-05,0.00029160322518503363,3.94598493348293,40.87772056868248,+,DR 39,0.0009352532156591776,True
DR 39+,hallmark,gs_ind_0,Cholesterol Homeostasis,6/17,0.004470933080813283,0.020566292171741104,5.200290600201185,28.13439456903835,+,DR 39,0.044737538587822506,True
DR 39+,hallmark,gs_ind_0,Estrogen Response Early,12/49,0.002351442988433525,0.01438619149803578,3.118479221927498,18.87530058397867,+,DR 39,0.02687847624976988,True
DR 39+,hallmark,gs_ind_0,Estrogen Response Late,14/64,0.0032686442862646012,0.01670640412979685,2.695007034215486,15.42454928240058,+,DR 39,0.035027498905511205,True
DR 39+,hallmark,gs_ind_0,Hypoxia,22/61,2.196339063471688e-08,3.367719897323255e-07,5.621210509520264,99.12380122466412,+,DR 39,1.5833607975754987e-06,True
DR 39+,hallmark,gs_ind_0,IL-2/STAT5 Signaling,15/69,0.0025019463474844836,0.01438619149803578,2.6776873809935955,16.04118513850522,+,DR 39,0.02834347790793136,True
DR 39+,hallmark,gs_ind_0,TGF-beta Signaling,5/8,0.00041498343885390234,0.003181539697879918,14.448301059554257,112.51284949262244,+,DR 39,0.007444514250266628,True
DR 39+,hallmark,gs_ind_0,TNF-alpha Signaling via NF-kB,50/93,4.745249292434152e-28,2.1828146745197102e-26,13.55691755451178,852.9367031002564,+,DR 39,2.0069241007468176e-25,True
DR 39+,hallmark,gs_ind_0,UV Response Up,17/32,7.649603409673127e-10,1.7594087842248194e-08,10.985760745363452,230.60426937751168,+,DR 39,6.740150559856433e-08,True
DR 39+,hallmark,gs_ind_0,p53 Pathway,16/41,6.007383623957077e-07,6.908491167550639e-06,6.226845209628567,89.20021975521732,+,DR 39,2.887184978059371e-05,True
DR 39-,helena,gs_ind_0,BENPORATH_ES1,14/64,0.0032686442862646012,0.016343221431323007,2.695007034215486,15.42454928240058,-,DR 39,0.035027498905511205,True
DR 39-,helena,gs_ind_0,ESC_ASSOU,26/128,0.00021584897986535087,0.0021584897986535088,2.5164721503948564,21.241369199417598,-,DR 39,0.004574569971356188,True
DR 39-,hallmark,gs_ind_0,DNA Repair,7/11,2.1058022717423192e-05,0.000494863533859445,15.473729543496985,166.6246623376999,-,DR 39,0.0007105962559538975,True
DR 39-,hallmark,gs_ind_0,Estrogen Response Late,19/64,6.4801517483309875e-06,0.0003045671321715564,4.14521841794569,49.521957069251535,-,DR 39,0.0002537659425395789,True
DR 39-,hallmark,gs_ind_0,Glycolysis,11/40,0.0012931995232216237,0.009421156747932612,3.644246679486606,24.23655772505855,-,DR 39,0.017873764216379043,True
DR 39-,hallmark,gs_ind_0,Myc Targets V1,6/12,0.000512922385877911,0.005188660670108314,9.226221079691516,69.89218617368041,-,DR 39,0.008654201106408157,True
DR 39-,hallmark,gs_ind_0,Oxidative Phosphorylation,4/5,0.00044837002986319467,0.005188660670108314,27.47328244274809,211.81603246804076,-,DR 39,0.007646396423258352,True
DR 39-,hallmark,gs_ind_0,Pperoxisome,6/14,0.00140315100501124,0.009421156747932612,7.047482231967337,46.2951564116883,-,DR 39,0.01906122050490644,True
DR 39-,hallmark,gs_ind_0,Xenobiotic Metabolism,11/42,0.0019996680498142708,0.011748049792658841,3.4090128575616703,21.186244770414227,-,DR 39,0.024408032089836836,True
DR 39-,hallmark,gs_ind_0,mTORC1 Signaling,13/48,0.0005519851776710972,0.005188660670108314,3.5807323943661973,26.862616338197814,-,DR 39,0.008978958890116514,True
DR 40+,hallmark,gs_ind_0,Cholesterol Homeostasis,6/17,0.004470933080813283,0.03934421111115689,5.200290600201185,28.13439456903835,+,DR 40,0.044737538587822506,True
DR 40+,hallmark,gs_ind_0,Estrogen Response Early,13/49,0.0006860119522520405,0.010061508633029927,3.4806575342465753,25.35525184951136,+,DR 40,0.010588953345710328,True
DR 40+,hallmark,gs_ind_0,Estrogen Response Late,16/64,0.0003467369660388686,0.009139009612401718,3.2314977788953145,25.74516212626332,+,DR 40,0.006585926085480785,True
DR 40+,hallmark,gs_ind_0,Glycolysis,11/40,0.0012931995232216237,0.01422519475543786,3.644246679486606,24.23655772505855,+,DR 40,0.017873764216379043,True
DR 40+,hallmark,gs_ind_0,p53 Pathway,12/41,0.0004154095278364417,0.009139009612401718,3.9821516881715597,31.00601149959369,+,DR 40,0.007444514250266628,True
DR 41+,helena,gs_ind_0,BENPORATH_ES1,24/64,1.87075711338425e-09,4.988685635691333e-09,6.033959360682685,121.26401433098886,+,DR 41,1.5413094970532052e-07,True
DR 41+,helena,gs_ind_0,ESC_ASSOU,37/128,3.3037316355292714e-10,1.3214926542117086e-09,4.285105529653582,93.54727451934099,+,DR 41,3.0375178979416954e-08,True
DR 41+,helena,gs_ind_0,ESC_WONG,29/48,3.152818295866574e-18,2.522254636693259e-17,15.714809000523287,633.2790648882118,+,DR 41,5.263547176046723e-16,True
DR 41+,helena,gs_ind_0,FMASC,54/300,2.3925422150032402e-06,4.7850844300064804e-06,2.3460252407424074,30.36496614081032,+,DR 41,0.00010540477647208718,True
DR 41+,helena,gs_ind_0,LIM_STEM,27/160,0.003354154375976826,0.005366647001562921,1.979783915638593,11.279928913989226,+,DR 41,0.035583202945145456,True
DR 41+,hallmark,gs_ind_0,E2F Targets,31/53,7.382205672507645e-19,1.6979073046767583e-17,14.689675516224188,613.2946035742906,+,DR 41,1.3009086885107916e-16,True
DR 41+,hallmark,gs_ind_0,Epithelial Mesenchymal Transition,22/114,0.0014163750064181153,0.006515325029523331,2.328185328185328,15.272091326990356,+,DR 41,0.01919975008700112,True
DR 41+,hallmark,gs_ind_0,G2-M Checkpoint,30/49,4.500282524747776e-19,1.6979073046767583e-17,16.342807729904504,690.4015299451424,+,DR 41,8.157083524857112e-17,True
DR 41+,hallmark,gs_ind_0,Glycolysis,11/40,0.0012931995232216237,0.006515325029523331,3.644246679486606,24.23655772505855,+,DR 41,0.017873764216379043,True
DR 41+,hallmark,gs_ind_0,Mitotic Spindle,19/36,8.253278601900896e-11,1.2655027189581374e-09,10.949468713105077,254.22285384648416,+,DR 41,8.310920547691949e-09,True
DR 41+,hallmark,gs_ind_0,Myc Targets V1,10/12,4.478966727898655e-09,5.150811737083453e-08,39.651968503937006,762.2644248888242,+,DR 41,3.50797097799865e-07,True
DR 41+,hallmark,gs_ind_0,Myc Targets V2,4/5,0.00044837002986319467,0.0034375035622844926,27.47328244274809,211.81603246804076,+,DR 41,0.007646396423258352,True
DR 41+,hallmark,gs_ind_0,Spermatogenesis,8/23,0.0011349351321441861,0.006515325029523331,5.086468370339338,34.49225647461518,+,DR 41,0.016289657190775377,True
DR 41+,hallmark,gs_ind_0,Unfolded Protein Response,6/13,0.0008738731352655757,0.005742594888888068,7.991602399314481,56.281462040462216,+,DR 41,0.012862763735788428,True
DR 41+,hallmark,gs_ind_0,mTORC1 Signaling,15/48,3.2849262135799385e-05,0.00030221321164935436,4.408617290903971,45.5127189126005,+,DR 41,0.0009515786255228826,True
DR 41-,hallmark,gs_ind_0,Androgen Response,8/25,0.002098284899730338,0.022556562672101134,4.5001113172541745,27.75054387349284,-,DR 41,0.024650961859054195,True
DR 41-,hallmark,gs_ind_0,Estrogen Response Early,13/49,0.0006860119522520405,0.009832837982279248,3.4806575342465753,25.35525184951136,-,DR 41,0.010588953345710328,True
DR 41-,hallmark,gs_ind_0,Estrogen Response Late,16/64,0.0003467369660388686,0.009832837982279248,3.2314977788953145,25.74516212626332,-,DR 41,0.006585926085480785,True
DR 41-,hallmark,gs_ind_0,Hypoxia,15/61,0.0006459320302324772,0.009832837982279248,3.152740341419587,23.15629857389903,-,DR 41,0.010193514427350338,True
DR 42+,hallmark,gs_ind_0,Androgen Response,11/25,9.689424387090797e-06,0.00014857117393539222,7.476935674642889,86.31730098466925,+,DR 42,0.00035531623301563017,True
DR 42+,hallmark,gs_ind_0,DNA Repair,7/11,2.1058022717423192e-05,0.00024216726125036672,15.473729543496985,166.6246623376999,+,DR 42,0.0007105962559538975,True
DR 42+,hallmark,gs_ind_0,Estrogen Response Early,14/49,0.0001808341096007929,0.001188338434519496,3.8665936638598346,33.32203534510104,+,DR 42,0.0039288068195459935,True
DR 42+,hallmark,gs_ind_0,Estrogen Response Late,19/64,6.4801517483309875e-06,0.00014857117393539222,4.14521841794569,49.521957069251535,+,DR 42,0.0002537659425395789,True
DR 42+,hallmark,gs_ind_0,Glycolysis,13/40,7.132734685467942e-05,0.0006562115910630507,4.643345454545455,44.33573388785754,+,DR 42,0.00186983755556234,True
DR 42+,hallmark,gs_ind_0,Oxidative Phosphorylation,4/5,0.00044837002986319467,0.0025781276717133693,27.47328244274809,211.81603246804076,+,DR 42,0.007646396423258352,True
DR 42+,hallmark,gs_ind_0,UV Response Up,11/32,0.0001486887837228332,0.0011399473418750546,5.022826287046696,44.26945870327691,+,DR 42,0.0033331506852920627,True
DR 42+,hallmark,gs_ind_0,mTORC1 Signaling,19/48,3.7063189632243983e-08,1.7049067230832232e-06,6.451743941728534,110.39347797919496,+,DR 42,2.555748641597346e-06,True
DR 42+,hallmark,gs_ind_0,p53 Pathway,11/41,0.001615055854862858,0.008254729924854607,3.5227734763614342,22.645746773122212,+,DR 42,0.0202889392935643,True
DR 43+,helena,gs_ind_0,ESC_ASSOU,29/128,9.873350885617313e-06,8.886015797055583e-05,2.94148585493063,33.902598980011064,+,DR 43,0.00035792307439060707,True
DR 43+,helena,gs_ind_0,ESC_WONG,12/48,0.00194358232651153,0.008746120469301885,3.2057338032774974,20.014109245003937,+,DR 43,0.023941915105609994,True
DR 43+,hallmark,gs_ind_0,DNA Repair,6/11,0.00027959877808904316,0.004513716995725617,10.909792007478384,89.26560832643746,+,DR 43,0.0057034554604401605,True
DR 43+,hallmark,gs_ind_0,E2F Targets,14/53,0.0004469713429321258,0.004513716995725617,3.467166661010622,26.742312191693923,+,DR 43,0.007646396423258352,True
DR 43+,hallmark,gs_ind_0,Myc Targets V1,6/12,0.000512922385877911,0.004513716995725617,9.226221079691516,69.89218617368041,+,DR 43,0.008654201106408157,True
DR 43+,hallmark,gs_ind_0,TGF-beta Signaling,4/8,0.004919018196141284,0.03091954294717378,9.142493638676845,48.58912019089625,+,DR 43,0.04707475722486207,True
DR 43+,hallmark,gs_ind_0,UV Response Up,9/32,0.00302646296265898,0.022194061726165854,3.7522915393589247,21.76464430625097,+,DR 43,0.03327535707991087,True
DR 43+,hallmark,gs_ind_0,Wnt-beta Catenin Signaling,5/8,0.00041498343885390234,0.004513716995725617,14.448301059554257,112.51284949262244,+,DR 43,0.007444514250266628,True
DR 43+,hallmark,gs_ind_0,mTORC1 Signaling,14/48,0.00014151102193555402,0.004513716995725617,3.9809224074289933,35.283444562178204,+,DR 43,0.0032062354398541236,True
DR 43-,hallmark,gs_ind_0,Complement,14/66,0.004409050499134496,0.07202128453720995,2.589378271415805,14.04503611479543,-,DR 43,0.044737538587822506,True
DR 43-,hallmark,gs_ind_0,p53 Pathway,12/41,0.0004154095278364417,0.017862609696966993,3.9821516881715597,31.00601149959369,-,DR 43,0.007444514250266628,True
DR 44+,hallmark,gs_ind_0,Androgen Response,8/25,0.002098284899730338,0.01538742259802248,4.5001113172541745,27.75054387349284,+,DR 44,0.024650961859054195,True
DR 44+,hallmark,gs_ind_0,Apoptosis,16/59,0.00012304687187122835,0.005414062362334047,3.61321371834408,32.529565113187715,+,DR 44,0.002956853617996487,True
DR 44+,hallmark,gs_ind_0,Estrogen Response Late,16/64,0.0003467369660388686,0.006092673074934479,3.2314977788953145,25.74516212626332,+,DR 44,0.006585926085480785,True
DR 44+,hallmark,gs_ind_0,Myogenesis,12/47,0.0015956830393014216,0.01404201074585251,3.2979041356894685,21.23999789238365,+,DR 44,0.0202889392935643,True
DR 44+,hallmark,gs_ind_0,Reactive Oxygen Species Pathway,5/10,0.0015777264868780162,0.01404201074585251,9.184143222506394,59.25398339743649,+,DR 44,0.0202889392935643,True
DR 44+,hallmark,gs_ind_0,UV Response Up,9/32,0.00302646296265898,0.019023481479570732,3.7522915393589247,21.76464430625097,+,DR 44,0.03327535707991087,True
DR 44+,hallmark,gs_ind_0,p53 Pathway,12/41,0.0004154095278364417,0.006092673074934479,3.9821516881715597,31.00601149959369,+,DR 44,0.007444514250266628,True
DR 44-,helena,gs_ind_0,BENPORATH_ES1,22/64,6.06610261701521e-08,2.0220342056717367e-07,5.215521502718735,86.67135075389784,-,DR 44,4.050879473930999e-06,True
DR 44-,helena,gs_ind_0,ESC_ASSOU,46/128,1.0948195683965685e-16,1.0948195683965684e-15,6.26931450426596,230.40214741553282,-,DR 44,1.694033010221422e-14,True
DR 44-,helena,gs_ind_0,ESC_WONG,24/48,1.0210618104223712e-12,5.1053090521118556e-12,10.06515580736544,277.9007438364376,-,DR 44,1.2221917217584007e-10,True
DR 44-,helena,gs_ind_0,FMASC,54/300,2.3925422150032402e-06,5.9813555375081e-06,2.3460252407424074,30.36496614081032,-,DR 44,0.00010540477647208718,True
DR 44-,hallmark,gs_ind_0,Cholesterol Homeostasis,6/17,0.004470933080813283,0.031622259832336824,5.200290600201185,28.13439456903835,-,DR 44,0.044737538587822506,True
DR 44-,hallmark,gs_ind_0,E2F Targets,30/53,1.0468781289114717e-17,4.710951580101623e-16,13.530604604729518,529.0213926952708,-,DR 44,1.7029217563626607e-15,True
DR 44-,hallmark,gs_ind_0,G2-M Checkpoint,27/49,1.3402570513672296e-15,3.015578365576267e-14,12.528658341338456,429.055368245235,-,DR 44,1.88946460752749e-13,True
DR 44-,hallmark,gs_ind_0,Glycolysis,12/40,0.00032173233465304283,0.0036194887648467317,4.124203080645912,33.16597763632865,-,DR 44,0.006280215172427396,True
DR 44-,hallmark,gs_ind_0,Mitotic Spindle,17/36,8.064342339768543e-09,1.2096513509652815e-07,8.712708726332705,162.36841641689682,-,DR 44,6.090498548034719e-07,True
DR 44-,hallmark,gs_ind_0,Myc Targets V1,5/12,0.004192769000148052,0.031622259832336824,6.727536231884058,36.82918333740776,-,DR 44,0.04325028705193373,True
DR 44-,hallmark,gs_ind_0,Wnt-beta Catenin Signaling,4/8,0.004919018196141284,0.031622259832336824,9.142493638676845,48.58912019089625,-,DR 44,0.04707475722486207,True
DR 45+,helena,gs_ind_0,FMASC,47/300,0.0005265784165854055,0.00579236258243946,1.8890259494118176,14.260465248077454,+,DR 45,0.008837601785232308,True
DR 45+,helena,gs_ind_0,LIM_STEM,28/160,0.0015889294965575856,0.00873911223106672,2.0804922067268254,13.408137227292794,+,DR 45,0.0202889392935643,True
DR 45+,hallmark,gs_ind_0,Epithelial Mesenchymal Transition,25/114,7.781249216047666e-05,0.003112499686419066,2.7785417561953873,26.28836308152618,+,DR 45,0.002014867143943118,True
DR 45-,hallmark,gs_ind_0,Androgen Response,9/25,0.00041133852103927056,0.002102396885311827,5.36521876730754,41.827750003165356,-,DR 45,0.007444514250266628,True
DR 45-,hallmark,gs_ind_0,Apoptosis,21/59,6.175906352621336e-08,9.469723074019382e-07,5.483304995839815,91.02300053150061,-,DR 45,4.081244781357266e-06,True
DR 45-,hallmark,gs_ind_0,Cholesterol Homeostasis,8/17,9.579192386277696e-05,0.0006548785274418558,8.326862611073137,77.05122574582239,-,DR 45,0.0023831528038645374,True
DR 45-,hallmark,gs_ind_0,Estrogen Response Early,19/49,5.525072478301185e-08,9.469723074019382e-07,6.236688795556158,104.22370371093733,-,DR 45,3.7288361491853955e-06,True
DR 45-,hallmark,gs_ind_0,Estrogen Response Late,17/64,9.965542808897806e-05,0.0006548785274418558,3.5205793775993115,32.437886249909255,-,DR 45,0.0024504419992111503,True
DR 45-,hallmark,gs_ind_0,Glycolysis,10/40,0.004613401681204881,0.01885623641854159,3.1995611204337164,17.209766726361703,-,DR 45,0.04537584537296708,True
DR 45-,hallmark,gs_ind_0,Hypoxia,16/61,0.00018940643652494527,0.0010890870100184354,3.4504601089966944,29.576016986746975,-,DR 45,0.00408705589562671,True
DR 45-,hallmark,gs_ind_0,IL-2/STAT5 Signaling,15/69,0.0025019463474844836,0.011508953198428625,2.6776873809935955,16.04118513850522,-,DR 45,0.02834347790793136,True
DR 45-,hallmark,gs_ind_0,TGF-beta Signaling,4/8,0.004919018196141284,0.01885623641854159,9.142493638676845,48.58912019089625,-,DR 45,0.04707475722486207,True
DR 45-,hallmark,gs_ind_0,TNF-alpha Signaling via NF-kB,41/93,1.0238138967002655e-18,4.7095439248212216e-17,8.665502313778175,358.95107552646994,-,DR 45,1.755425773153104e-16,True
DR 45-,hallmark,gs_ind_0,UV Response Up,13/32,4.271922425527623e-06,3.930168631485413e-05,6.577846153846154,81.32484976666557,-,DR 45,0.0001782965517601792,True
DR 45-,hallmark,gs_ind_0,p53 Pathway,17/41,8.999033923990729e-08,1.0348889012589339e-06,6.915142078629817,112.188246722067,-,DR 45,5.7666536579593115e-06,True
DR 46+,helena,gs_ind_0,LIM_STEM,31/160,0.00012894678421463074,0.001031574273717046,2.3987084429562304,21.483098506096027,+,DR 46,0.003029771848361546,True
DR 46+,hallmark,gs_ind_0,Wnt-beta Catenin Signaling,4/8,0.004919018196141284,0.11067790941317887,9.142493638676845,48.58912019089625,+,DR 46,0.04707475722486207,True
DR 46+,hallmark,gs_ind_0,mTORC1 Signaling,13/48,0.0005519851776710972,0.024839332995199373,3.5807323943661973,26.862616338197814,+,DR 46,0.008978958890116514,True
DR 46-,helena,gs_ind_0,HALLMARK_IFNA,12/40,0.00032173233465304283,0.0032173233465304283,4.124203080645912,33.16597763632865,-,DR 46,0.006280215172427396,True
DR 46-,helena,gs_ind_0,HALLMARK_IFNG,17/88,0.004927118347621124,0.016423727825403748,2.3068348545187782,12.256215832351133,-,DR 46,0.04707475722486207,True
DR 46-,helena,gs_ind_0,ISDS,6/15,0.002146047010168408,0.01073023505084204,6.302124205114328,38.72105608064646,-,DR 46,0.025026695280346286,True
DR 46-,hallmark,gs_ind_0,DNA Repair,5/11,0.002659499577535494,0.037232994085496914,7.766869958685816,46.054566494324,-,DR 46,0.029756376225547044,True
DR 46-,hallmark,gs_ind_0,Interferon Alpha Response,12/40,0.00032173233465304283,0.0135127580554278,4.124203080645912,33.16597763632865,-,DR 46,0.006280215172427396,True
DR 46-,hallmark,gs_ind_0,Interferon Gamma Response,17/88,0.004927118347621124,0.05173474265002181,2.3068348545187782,12.256215832351133,-,DR 46,0.04707475722486207,True
DR 46-,hallmark,gs_ind_0,Reactive Oxygen Species Pathway,5/10,0.0015777264868780162,0.03313225622443834,9.184143222506394,59.25398339743649,-,DR 46,0.0202889392935643,True
DR 47+,hallmark,gs_ind_0,Estrogen Response Early,13/49,0.0006860119522520405,0.007889137450898465,3.4806575342465753,25.35525184951136,+,DR 47,0.010588953345710328,True
DR 47+,hallmark,gs_ind_0,Estrogen Response Late,20/64,1.471580336616457e-06,6.769269548435702e-05,4.4829593202402815,60.2024392926625,+,DR 47,6.668361182496288e-05,True
DR 47+,hallmark,gs_ind_0,Glycolysis,11/40,0.0012931995232216237,0.011897435613638938,3.644246679486606,24.23655772505855,+,DR 47,0.017873764216379043,True
DR 47+,hallmark,gs_ind_0,Hypoxia,15/61,0.0006459320302324772,0.007889137450898465,3.152740341419587,23.15629857389903,+,DR 47,0.010193514427350338,True
DR 47+,hallmark,gs_ind_0,Xenobiotic Metabolism,13/42,0.00012606144742807933,0.0028994132908458244,4.323661016949153,38.8210328402775,+,DR 47,0.002995257762111368,True
DR 47-,hallmark,gs_ind_0,Estrogen Response Late,14/64,0.0032686442862646012,0.04963622535412182,2.695007034215486,15.42454928240058,-,DR 47,0.035027498905511205,True
DR 47-,hallmark,gs_ind_0,Glycolysis,12/40,0.00032173233465304283,0.014156222724733884,4.124203080645912,33.16597763632865,-,DR 47,0.006280215172427396,True
DR 48+,hallmark,gs_ind_0,Androgen Response,8/25,0.002098284899730338,0.04616226779406744,4.5001113172541745,27.75054387349284,+,DR 48,0.024650961859054195,True
DR 48+,hallmark,gs_ind_0,Fatty Acid Metabolism,9/25,0.00041133852103927056,0.018098894925727905,5.36521876730754,41.827750003165356,+,DR 48,0.007444514250266628,True
DR 48-,helena,gs_ind_0,HALLMARK_IFNG,26/88,1.2117767363348335e-07,1.3329544099683167e-06,4.2242063037249284,67.27474334970613,-,DR 48,7.254274502877083e-06,True
DR 48-,hallmark,gs_ind_0,Apical Junction,11/42,0.0019996680498142708,0.0069219278647417075,3.4090128575616703,21.186244770414227,-,DR 48,0.024408032089836836,True
DR 48-,hallmark,gs_ind_0,Apoptosis,20/59,3.3105598966580025e-07,2.9795039069922025e-06,5.064798905992496,75.5717546856817,-,DR 48,1.81053379175848e-05,True
DR 48-,hallmark,gs_ind_0,Cholesterol Homeostasis,6/17,0.004470933080813283,0.012975192228388728,5.200290600201185,28.13439456903835,-,DR 48,0.044737538587822506,True
DR 48-,hallmark,gs_ind_0,Complement,15/66,0.0015570714104299703,0.0058390177891123884,2.8385366236621046,18.350993152810602,-,DR 48,0.0202889392935643,True
DR 48-,hallmark,gs_ind_0,Epithelial Mesenchymal Transition,27/114,8.572002542908662e-06,4.2785351978293535e-05,3.1039110745162617,36.213359011769626,-,DR 48,0.00032759508513381056,True
DR 48-,hallmark,gs_ind_0,Estrogen Response Late,14/64,0.0032686442862646012,0.010506356634421933,2.695007034215486,15.42454928240058,-,DR 48,0.035027498905511205,True
DR 48-,hallmark,gs_ind_0,Glycolysis,10/40,0.004613401681204881,0.012975192228388728,3.1995611204337164,17.209766726361703,-,DR 48,0.04537584537296708,True
DR 48-,hallmark,gs_ind_0,Hypoxia,22/61,2.196339063471688e-08,3.2945085952075323e-07,5.621210509520264,99.12380122466412,-,DR 48,1.5833607975754987e-06,True
DR 48-,hallmark,gs_ind_0,IL-2/STAT5 Signaling,20/69,5.489264884718102e-06,3.0877114976539326e-05,4.0186630851450795,48.67692550275941,-,DR 48,0.000226129197588647,True
DR 48-,hallmark,gs_ind_0,IL-6/JAK/STAT3 Signaling,13/34,9.507855995176341e-06,4.2785351978293535e-05,5.959255813953488,68.90921192411501,-,DR 48,0.00035531623301563017,True
DR 48-,hallmark,gs_ind_0,Inflammatory Response,30/82,2.8645931387316817e-11,6.445334562146283e-10,5.95774333193688,144.63023487907066,-,DR 48,3.1332722193299637e-09,True
DR 48-,hallmark,gs_ind_0,Interferon Gamma Response,26/88,1.2117767363348335e-07,1.3632488283766876e-06,4.2242063037249284,67.27474334970613,-,DR 48,7.254274502877083e-06,True
DR 48-,hallmark,gs_ind_0,KRAS Signaling Up,19/83,0.00033307462896570996,0.0013625780275869953,2.892497917867897,23.160647296248783,-,DR 48,0.00648167314772535,True
DR 48-,hallmark,gs_ind_0,TGF-beta Signaling,4/8,0.004919018196141284,0.013020930519197517,9.142493638676845,48.58912019089625,-,DR 48,0.04707475722486207,True
DR 48-,hallmark,gs_ind_0,TNF-alpha Signaling via NF-kB,64/93,4.113075527062159e-46,1.8508839871779715e-44,28.37567517228534,2965.392647733732,-,DR 48,8.697783714560778e-43,True
DR 48-,hallmark,gs_ind_0,UV Response Up,13/32,4.271922425527623e-06,2.7462358449820433e-05,6.577846153846154,81.32484976666557,-,DR 48,0.0001782965517601792,True
DR 48-,hallmark,gs_ind_0,p53 Pathway,16/41,6.007383623957077e-07,4.505537717967808e-06,6.226845209628567,89.20021975521732,-,DR 48,2.887184978059371e-05,True
DR 49+,hallmark,gs_ind_0,Estrogen Response Early,14/49,0.0001808341096007929,0.008318369041636475,3.8665936638598346,33.32203534510104,+,DR 49,0.0039288068195459935,True
DR 49+,hallmark,gs_ind_0,Glycolysis,11/40,0.0012931995232216237,0.029743589034097344,3.644246679486606,24.23655772505855,+,DR 49,0.017873764216379043,True
DR 49-,helena,gs_ind_0,LIM_STEM,31/160,0.00012894678421463074,0.0014184146263609382,2.3987084429562304,21.483098506096027,-,DR 49,0.003029771848361546,True
DR 49-,hallmark,gs_ind_0,Coagulation,12/52,0.004011479179753746,0.02256457038611482,2.8825686871663883,15.90772981557226,-,DR 49,0.04206417176257482,True
DR 49-,hallmark,gs_ind_0,Epithelial Mesenchymal Transition,38/114,1.309651471019215e-12,5.893431619586467e-11,5.340834590246355,146.13196419733612,-,DR 49,1.5385979503973886e-10,True
DR 49-,hallmark,gs_ind_0,Glycolysis,11/40,0.0012931995232216237,0.014535502693765722,3.644246679486606,24.23655772505855,-,DR 49,0.017873764216379043,True
DR 49-,hallmark,gs_ind_0,Hypoxia,19/61,2.904591283129415e-06,6.535330387041183e-05,4.4454059309674285,56.675448742648385,-,DR 49,0.00012535188503519053,True
DR 49-,hallmark,gs_ind_0,Myogenesis,15/47,2.4747288817396626e-05,0.0003712093322609494,4.546838067592785,48.227377542811446,-,DR 49,0.000805111796192637,True
DR 49-,hallmark,gs_ind_0,TGF-beta Signaling,4/8,0.004919018196141284,0.024595090980706415,9.142493638676845,48.58912019089625,-,DR 49,0.04707475722486207,True
DR 49-,hallmark,gs_ind_0,TNF-alpha Signaling via NF-kB,18/93,0.0037506966120110356,0.02256457038611482,2.3167377302004897,12.940865336556511,-,DR 49,0.03946006518507133,True
DR 49-,hallmark,gs_ind_0,mTORC1 Signaling,12/48,0.00194358232651153,0.014576867448836475,3.2057338032774974,20.014109245003937,-,DR 49,0.023941915105609994,True
DR 49-,hallmark,gs_ind_0,p53 Pathway,11/41,0.001615055854862858,0.014535502693765722,3.5227734763614342,22.645746773122212,-,DR 49,0.0202889392935643,True
DR 50+,hallmark,gs_ind_0,Androgen Response,10/25,6.840173852509236e-05,0.0031464799721542484,6.349250698501397,60.890027325039796,+,DR 50,0.0018544471333469485,True
DR 50+,hallmark,gs_ind_0,Cholesterol Homeostasis,6/17,0.004470933080813283,0.06855430723913701,5.200290600201185,28.13439456903835,+,DR 50,0.044737538587822506,True
DR 50+,hallmark,gs_ind_0,mTORC1 Signaling,12/48,0.00194358232651153,0.04470239350976519,3.2057338032774974,20.014109245003937,+,DR 50,0.023941915105609994,True
DR 50-,helena,gs_ind_0,HALLMARK_IFNA,14/40,1.4139101995007215e-05,5.1843373981693126e-05,5.206181395113561,58.13517027878158,-,DR 50,0.0004901555358269167,True
DR 50-,helena,gs_ind_0,HALLMARK_IFNG,25/88,5.055673870047724e-07,2.7806206285262484e-06,3.9757049599569285,57.63811860303046,-,DR 50,2.5658556025266212e-05,True
DR 50-,helena,gs_ind_0,LIM_STEM,60/160,3.960737228317531e-23,4.356810951149284e-22,7.286007683999929,375.83433081025044,-,DR 50,1.0469548740186008e-20,True
DR 50-,hallmark,gs_ind_0,Apoptosis,17/59,3.1696002737503654e-05,0.0002128160183803817,3.94598493348293,40.87772056868248,-,DR 50,0.0009352532156591776,True
DR 50-,hallmark,gs_ind_0,Coagulation,16/52,2.2060127640752916e-05,0.0002073651998230774,4.323309945428221,46.3533998051054,-,DR 50,0.0007289033841298776,True
DR 50-,hallmark,gs_ind_0,Epithelial Mesenchymal Transition,26/114,2.6519655542619423e-05,0.00020773730175051883,2.938581580949606,30.965668913912367,-,DR 50,0.0008328747265464238,True
DR 50-,hallmark,gs_ind_0,Hypoxia,15/61,0.0006459320302324772,0.0033732006023251587,3.152740341419587,23.15629857389903,-,DR 50,0.010193514427350338,True
DR 50-,hallmark,gs_ind_0,Interferon Alpha Response,14/40,1.4139101995007215e-05,0.00016613444844133479,5.206181395113561,58.13517027878158,-,DR 50,0.0004901555358269167,True
DR 50-,hallmark,gs_ind_0,Interferon Gamma Response,25/88,5.055673870047724e-07,1.1880833594612152e-05,3.9757049599569285,57.63811860303046,-,DR 50,2.5658556025266212e-05,True
DR 50-,hallmark,gs_ind_0,Myogenesis,12/47,0.0015956830393014216,0.007499710284716681,3.2979041356894685,21.23999789238365,-,DR 50,0.0202889392935643,True
DR 50-,hallmark,gs_ind_0,TGF-beta Signaling,5/8,0.00041498343885390234,0.0024380277032666764,14.448301059554257,112.51284949262244,-,DR 50,0.007444514250266628,True
DR 50-,hallmark,gs_ind_0,TNF-alpha Signaling via NF-kB,24/93,5.825955381893746e-06,9.127330098300204e-05,3.458271343265331,41.68319312649588,-,DR 50,0.0002369221855303457,True
DR 50-,hallmark,gs_ind_0,p53 Pathway,19/41,1.4886563680024265e-09,6.996684929611405e-08,8.492378328741966,172.61091761208542,-,DR 50,1.242636315606236e-07,True
DR 51+,hallmark,gs_ind_0,Coagulation,13/52,0.001263105155284416,0.012946827841665263,3.2108354430379746,21.42970069920855,+,DR 51,0.017873764216379043,True
DR 51+,hallmark,gs_ind_0,Estrogen Response Early,18/49,3.3483330607087063e-07,6.864082774452848e-06,5.694411828658404,84.90159064587739,+,DR 51,1.8155405929176098e-05,True
DR 51+,hallmark,gs_ind_0,Estrogen Response Late,21/64,3.0999679024929016e-07,6.864082774452848e-06,4.839272564274966,72.52474498099531,+,DR 51,1.7251049450364008e-05,True
DR 51+,hallmark,gs_ind_0,Fatty Acid Metabolism,8/25,0.002098284899730338,0.017205936177788775,4.5001113172541745,27.75054387349284,+,DR 51,0.024650961859054195,True
DR 51+,hallmark,gs_ind_0,Xenobiotic Metabolism,13/42,0.00012606144742807933,0.0017228397815170842,4.323661016949153,38.8210328402775,+,DR 51,0.002995257762111368,True
DR 51-,helena,gs_ind_0,ESC_ASSOU,30/128,3.2020375398328315e-06,2.8818337858495484e-05,3.0919064560787173,39.11794470316557,-,DR 51,0.0001372549064371587,True
DR 51-,hallmark,gs_ind_0,DNA Repair,5/11,0.002659499577535494,0.031249120036042053,7.766869958685816,46.054566494324,-,DR 51,0.029756376225547044,True
DR 51-,hallmark,gs_ind_0,Myc Targets V1,7/12,4.627517030017547e-05,0.002174933004108247,12.653276955602538,126.29115547720689,-,DR 51,0.0013164559658489382,True
DR 51-,hallmark,gs_ind_0,TGF-beta Signaling,5/8,0.00041498343885390234,0.009752110813066706,14.448301059554257,112.51284949262244,-,DR 51,0.007444514250266628,True
DR 51-,hallmark,gs_ind_0,p53 Pathway,11/41,0.001615055854862858,0.025302541726184777,3.5227734763614342,22.645746773122212,-,DR 51,0.0202889392935643,True
DR 63+,hallmark,gs_ind_0,Estrogen Response Early,12/49,0.002351442988433525,0.031021245367254546,3.118479221927498,18.87530058397867,+,DR 63,0.02687847624976988,True
DR 63+,hallmark,gs_ind_0,Estrogen Response Late,15/64,0.0011107953964648305,0.022771305627529024,2.9566010509406735,20.11280772356416,+,DR 63,0.016015649989029285,True
DR 63+,hallmark,gs_ind_0,Oxidative Phosphorylation,4/5,0.00044837002986319467,0.01838317122439098,27.47328244274809,211.81603246804076,+,DR 63,0.007646396423258352,True
DR 63+,hallmark,gs_ind_0,UV Response Up,9/32,0.00302646296265898,0.031021245367254546,3.7522915393589247,21.76464430625097,+,DR 63,0.03327535707991087,True
DR 63-,helena,gs_ind_0,ESC_ASSOU,27/128,8.112887786809011e-05,0.0008924176565489912,2.653923141352337,24.998553613261848,-,DR 63,0.002075329037077273,True
DR 63-,hallmark,gs_ind_0,Cholesterol Homeostasis,6/17,0.004470933080813283,0.10378483483134564,5.200290600201185,28.13439456903835,-,DR 63,0.044737538587822506,True
