factor,Gene_set,Term,P-value,Adjusted P-value,Old P-value,Old adjusted P-value,Odds Ratio,Combined Score,Genes
DR 1+,GO_Biological_Process_2023,Extracellular Matrix Organization (GO:0030198),1.0431484073944315e-11,8.626837329151949e-09,0,0,13.214374740340673,334.1412243508838,POSTN;COL15A1;LUM;MMP1;MMP2;COL11A1;DPT;COL1A1;MMP11;COL3A1;COL1A2;CCDC80;COL5A1;COL4A1;CTSK;COL5A2;COL10A1
DR 1+,GO_Biological_Process_2023,External Encapsulating Structure Organization (GO:0045229),5.509431036479775e-11,1.518766489056258e-08,0,0,17.020671834625322,402.06187886336653,POSTN;COL15A1;MMP1;MMP2;COL11A1;COL1A1;MMP11;COL3A1;COL1A2;CCDC80;COL5A1;COL4A1;COL5A2;COL10A1
DR 1+,GO_Biological_Process_2023,Extracellular Structure Organization (GO:0043062),5.509431036479775e-11,1.518766489056258e-08,0,0,17.020671834625322,402.06187886336653,POSTN;COL15A1;MMP1;MMP2;COL11A1;COL1A1;MMP11;COL3A1;COL1A2;CCDC80;COL5A1;COL4A1;COL5A2;COL10A1
DR 1+,GO_Biological_Process_2023,Collagen Fibril Organization (GO:0030199),4.323956934647214e-09,8.939780962383115e-07,0,0,54.98550724637681,1058.9711020082414,COL1A1;COL3A1;COL1A2;COL5A1;LUM;COL11A1;COL5A2;DPT
DR 1+,GO_Biological_Process_2023,Eye Morphogenesis (GO:0048592),1.4072596228396998e-05,0.0023276074161768636,0,0,33.280701754385966,371.78807721874773,MFAP5;COL5A1;COL5A2;MFAP2;FBN1
DR 1+,GO_Biological_Process_2023,Skeletal System Development (GO:0001501),0.00014482304599736508,0.017109808434260132,0,0,7.8697729988052565,69.56877704447882,COL1A1;COL1A2;OGN;COL10A1;IGF1;SULF1;FBN1
DR 1+,GO_Biological_Process_2023,Regulation Of Canonical Wnt Signaling Pathway (GO:0060828),0.00014482304599736508,0.017109808434260132,0,0,7.8697729988052565,69.56877704447882,COL1A1;SFRP4;SFRP2;IGFBP4;GPC3;IGFBP6;DKK3
DR 1+,GO_Biological_Process_2023,Positive Regulation Of Wnt Signaling Pathway (GO:0030177),0.0002643629965231669,0.02732852476558238,0,0,12.447368421052632,102.5437538440271,COL1A1;SFRP4;SFRP2;GPC3;SULF1
DR 1+,GO_Biological_Process_2023,Positive Regulation Of Locomotion (GO:0040017),0.0003530788440695878,0.032261031153375794,0,0,19.75,156.9891786404046,PDGFRB;CCL21;RARRES2;CCL19
DR 1+,GO_Biological_Process_2023,Cell-Matrix Adhesion (GO:0007160),0.0003957604671826692,0.032261031153375794,0,0,8.02127659574468,62.844307059300036,COL3A1;CCL21;ITGA1;FN1;THY1;CD34
DR 1+,GO_Biological_Process_2023,Regulation Of Glycoprotein Biosynthetic Process (GO:0010559),0.00046811653426905627,0.032261031153375794,0,0,58.7319587628866,450.2857872458315,CCL21;CCL19;IGF1
DR 1+,GO_Biological_Process_2023,Embryonic Eye Morphogenesis (GO:0048048),0.00046811653426905627,0.032261031153375794,0,0,58.7319587628866,450.2857872458315,MFAP5;MFAP2;FBN1
DR 1+,GO_Biological_Process_2023,Regulation Of Chemotaxis (GO:0050920),0.0006112157595893195,0.03888272562925902,0,0,15.791666666666666,116.85928929412923,PDGFRB;CCL21;RARRES2;CCL19
DR 1+,GO_Biological_Process_2023,Proteolysis (GO:0006508),0.0007162423158867382,0.04230945680273803,0,0,4.375196232339089,31.682948594755455,CFH;MMP1;CTSK;MMP2;ADAM12;HTRA1;PCOLCE;CPXM1;AEBP1
DR 1+,GO_Biological_Process_2023,Skin Development (GO:0043588),0.0007953202530924244,0.04384865662049566,0,0,9.038277511961722,64.50406884720583,COL1A1;COL3A1;COL1A2;COL5A1;COL5A2
DR 1+,GO_Biological_Process_2023,Positive Regulation Of Canonical Wnt Signaling Pathway (GO:0090263),0.0009797523443270978,0.04441206925095509,0,0,13.152777777777779,91.12521610440056,COL1A1;SFRP4;SFRP2;GPC3
DR 1+,GO_Biological_Process_2023,Positive Regulation Of Cell Motility (GO:2000147),0.0011041344019193427,0.04441206925095509,0,0,4.076923076923077,27.75852005203141,COL1A1;PDGFRB;CDH5;CXCL12;CCL21;PDPN;PECAM1;IGF1;CCL19
DR 1+,GO_Biological_Process_2023,Supramolecular Fiber Organization (GO:0097435),0.0011041344019193427,0.04441206925095509,0,0,4.076923076923077,27.75852005203141,COL1A1;COL3A1;COL1A2;COL5A1;LUM;COL11A1;TPM2;COL5A2;DPT
DR 1+,GO_Biological_Process_2023,Regulation Of Cellular Response To Growth Factor Stimulus (GO:0090287),0.0011277550837606493,0.04441206925095509,0,0,29.350515463917525,199.217394861114,SFRP4;TMEM204;SULF1
DR 1+,GO_Biological_Process_2023,Eye Development (GO:0001654),0.0011277550837606493,0.04441206925095509,0,0,29.350515463917525,199.217394861114,COL5A1;COL5A2;FBN1
DR 1+,GO_Biological_Process_2023,Negative Regulation Of Dendritic Cell Apoptotic Process (GO:2000669),0.0011277550837606493,0.04441206925095509,0,0,29.350515463917525,199.217394861114,CXCL12;CCL21;CCL19
DR 2-,GO_Biological_Process_2023,T Cell Activation (GO:0042110),8.097060119718059e-09,8.70628218412355e-06,0,0,13.5,251.5288246559902,CD2;PTPRC;CD8A;TRBC2;CD7;TRBC1;RHOH;PTPN22;CD247;CD3E;CD3D;TNFRSF4
DR 2-,GO_Biological_Process_2023,Inflammatory Response (GO:0006954),1.5207479797595723e-08,8.70628218412355e-06,0,0,6.7317073170731705,121.18068412046239,CD96;CCL3L1;ITGB2;CXCR4;CXCL13;LYZ;AIF1;IL1B;CCL5;CCL4;CCL3;XCL2;XCL1;OLR1;CCL18;FOLR2;FCGR2B;TNFRSF4
DR 2-,GO_Biological_Process_2023,Positive Regulation Of MAPK Cascade (GO:0043410),1.7954729630953385e-07,5.1395413568604064e-05,0,0,6.8088235294117645,105.76027914426481,CCL3L1;LAPTM5;TREM2;PTPN22;DOK2;PTPRC;IL1B;GPR183;CCL5;CCL4;CCL3;XCL2;XCL1;APOE;CCL18
DR 2-,GO_Biological_Process_2023,Cytokine-Mediated Signaling Pathway (GO:0019221),1.7954729630953385e-07,5.1395413568604064e-05,0,0,6.8088235294117645,105.76027914426481,FCER1G;SPI1;CCL3L1;CXCL13;TNFRSF1B;LILRB4;IL1B;CCL5;CCL4;IL2RB;CCL3;XCL2;XCL1;CCL18;IL7R
DR 2-,GO_Biological_Process_2023,Lymphocyte Chemotaxis (GO:0048247),2.4370052368476704e-07,5.5807419923811655e-05,0,0,15.56043956043956,236.9438816487454,CCL3L1;CCL5;GPR183;CCL4;CCL3;XCL2;XCL1;CXCL13;CCL18
DR 2-,GO_Biological_Process_2023,Alpha-Beta T Cell Activation (GO:0046631),3.4833897312297345e-07,6.647468737096744e-05,0,0,60.57446808510638,900.7477782296368,TRBC2;TRBC1;NKG7;CD247;CD3E;CD3D
DR 2-,GO_Biological_Process_2023,T Cell Receptor Signaling Pathway (GO:0050852),6.229536103227954e-07,0.00010189741197422869,0,0,13.323390894819466,190.3751849822787,PTPRC;CD8A;TRBC2;TRBC1;PTPN22;LCP2;CD247;CD3E;CD3D
DR 2-,GO_Biological_Process_2023,Positive Regulation Of Lymphocyte Chemotaxis (GO:0140131),1.0028427775804749e-06,0.00014353187254120546,0,0,40.361702127659576,557.5029453209594,CCL5;CCL4;CCL3;XCL2;XCL1;CXCL13
DR 2-,GO_Biological_Process_2023,Positive Regulation Of ERK1 And ERK2 Cascade (GO:0070374),1.5328173627432424e-06,0.00016857810228007965,0,0,7.266233766233766,97.28326669806849,PTPRC;CCL3L1;GPR183;CCL5;CCL4;CCL3;XCL2;XCL1;TREM2;PTPN22;APOE;CCL18
DR 2-,GO_Biological_Process_2023,Eosinophil Chemotaxis (GO:0048245),1.6329848557674028e-06,0.00016857810228007965,0,0,20.35483870967742,271.23028200932396,CCL3L1;CCL5;CCL4;CCL3;XCL2;XCL1;CCL18
DR 2-,GO_Biological_Process_2023,Eosinophil Migration (GO:0072677),1.6329848557674028e-06,0.00016857810228007965,0,0,20.35483870967742,271.23028200932396,CCL3L1;CCL5;CCL4;CCL3;XCL2;XCL1;CCL18
DR 2-,GO_Biological_Process_2023,Regulation Of ERK1 And ERK2 Cascade (GO:0070372),1.766757403808695e-06,0.00016857810228007965,0,0,6.45308740978348,85.47994905638444,CCL3L1;TREM2;PTPN22;PTPRC;IL1B;GPR183;CCL5;CCL4;CCL3;XCL2;XCL1;APOE;CCL18
DR 2-,GO_Biological_Process_2023,Negative Regulation Of Lymphocyte Activation (GO:0051250),2.4059653434271885e-06,0.0002119100244787793,0,0,30.25531914893617,391.42998698352,LST1;LAPTM5;PTPN22;FCGR2B;TIGIT;SAMSN1
DR 2-,GO_Biological_Process_2023,Positive Regulation Of GTPase Activity (GO:0043547),3.0005301198860003e-06,0.00024540049909067645,0,0,8.685185185185185,110.44708185578723,CCL3L1;RGS1;CCL5;CCL4;CCL3;XCL2;TBC1D10C;XCL1;CXCL13;CCL18
DR 2-,GO_Biological_Process_2023,Monocyte Chemotaxis (GO:0002548),3.508112342646697e-06,0.0002677859088220312,0,0,12.622073578595318,158.53870267984973,CCL3L1;CCL5;CCL4;CCL3;XCL2;XCL1;CCL18;FOLR2
DR 2-,GO_Biological_Process_2023,Natural Killer Cell Mediated Cytotoxicity (GO:0042267),5.494889723712018e-06,0.0003700969843323683,0,0,49.94736842105263,604.94714446369,CD2;FCGR3A;GZMB;NKG7;CORO1A
DR 2-,GO_Biological_Process_2023,Natural Killer Cell Mediated Immunity (GO:0002228),5.494889723712018e-06,0.0003700969843323683,0,0,49.94736842105263,604.94714446369,CD2;FCGR3A;GZMB;NKG7;KLRD1
DR 2-,GO_Biological_Process_2023,Neutrophil Chemotaxis (GO:0030593),7.025921144222683e-06,0.000446926650563054,0,0,7.707818930041152,91.46024122760969,FCER1G;CCL3L1;CCL5;ITGB2;CCL4;XCL2;CCL3;XCL1;CXCL13;CCL18
DR 2-,GO_Biological_Process_2023,Neutrophil Migration (GO:1990266),9.142488283546798e-06,0.0005234074542330542,0,0,7.428571428571429,86.19057919428042,FCER1G;CCL3L1;CCL5;ITGB2;CCL4;XCL2;CCL3;XCL1;CXCL13;CCL18
DR 2-,GO_Biological_Process_2023,Granulocyte Chemotaxis (GO:0071621),9.142488283546798e-06,0.0005234074542330542,0,0,7.428571428571429,86.19057919428042,FCER1G;CCL3L1;CCL5;ITGB2;CCL4;XCL2;CCL3;XCL1;CXCL13;CCL18
DR 2-,GO_Biological_Process_2023,T Cell Differentiation (GO:0030217),9.74985806633938e-06,0.0005315994040932662,0,0,20.148936170212767,232.4836205393612,SPI1;FCER1G;PTPRC;CD8A;RHOH;PTPN22
DR 2-,GO_Biological_Process_2023,Lymphocyte Migration (GO:0072676),1.2821611303514803e-05,0.0006673065882965659,0,0,12.925708699902248,145.60007424149998,CCL3L1;CCL5;CCL4;CCL3;XCL2;XCL1;CCL18
DR 2-,GO_Biological_Process_2023,Negative Regulation Of Cytokine Production (GO:0001818),1.9111563459034494e-05,0.0008919312647687594,0,0,6.698924731182796,72.78527079995293,SRGN;PTPRC;TYROBP;LAPTM5;XCL1;TREM2;PTPN22;FCGR2B;TIGIT;LILRB4
DR 2-,GO_Biological_Process_2023,Regulation Of GTPase Activity (GO:0043087),1.9318834204209335e-05,0.0008919312647687594,0,0,7.730769230769231,83.91309402122721,ARHGAP9;CCL3L1;RGS1;CCL5;CCL4;CCL3;XCL2;XCL1;CCL18
DR 2-,GO_Biological_Process_2023,Phagocytosis (GO:0006909),1.9474481763510033e-05,0.0008919312647687594,0,0,11.842293906810037,128.44632267420334,MSR1;TYROBP;ITGB2;TREM2;FCGR2B;AIF1;CORO1A
DR 2-,GO_Biological_Process_2023,Chemokine-Mediated Signaling Pathway (GO:0070098),2.1849207930773928e-05,0.0009622055031052364,0,0,9.091787439613526,97.5671157490985,CCL3L1;CCL5;CCL4;XCL2;CCL3;XCL1;CXCL13;CCL18
DR 2-,GO_Biological_Process_2023,Regulation Of Natural Killer Cell Chemotaxis (GO:2000501),2.836112005424511e-05,0.0011364970843161949,0,0,79.125,828.4776290914322,CCL5;CCL4;CCL3;XCL1
DR 2-,GO_Biological_Process_2023,Natural Killer Cell Activation (GO:0030101),2.836112005424511e-05,0.0011364970843161949,0,0,79.125,828.4776290914322,CD2;FCGR3A;PTPRC;IL2RB
DR 2-,GO_Biological_Process_2023,Cellular Response To Chemokine (GO:1990869),2.977721618295707e-05,0.0011364970843161949,0,0,8.608695652173912,89.71782038565296,CCL3L1;CCL5;CCL4;XCL2;CCL3;XCL1;CXCL13;CCL18
DR 2-,GO_Biological_Process_2023,Cellular Response To Interleukin-1 (GO:0071347),2.977721618295707e-05,0.0011364970843161949,0,0,8.608695652173912,89.71782038565296,CCL3L1;IL1B;CCL5;CCL4;XCL2;CCL3;XCL1;CCL18
DR 2-,GO_Biological_Process_2023,Cellular Response To Cytokine Stimulus (GO:0071345),3.387083213782845e-05,0.0012510355741230186,0,0,4.662575491915059,47.9916858902991,CCL3L1;CXCR4;AIF1;LILRB4;IL1B;CCL5;CCL4;IL2RB;CCL3;XCL2;XCL1;CCL18;IL7R
DR 2-,GO_Biological_Process_2023,Positive Regulation Of Phagocytosis (GO:0050766),4.668507662899191e-05,0.0016704503981311166,0,0,13.411347517730496,133.73911085789635,FCER1G;PTPRC;IL1B;IL2RB;TREM2;FCGR2B
DR 2-,GO_Biological_Process_2023,Antigen Receptor-Mediated Signaling Pathway (GO:0050851),5.268383929140013e-05,0.0018279695754137317,0,0,6.612244897959184,65.13855886896664,PTPRC;CD8A;TRBC2;TRBC1;LCP2;PTPN22;CD247;CD3E;CD3D
DR 2-,GO_Biological_Process_2023,Cellular Response To Type II Interferon (GO:0071346),6.92505929958248e-05,0.002332115558241747,0,0,7.4229249011857705,71.09513312235617,CCL3L1;CCL5;CCL4;XCL2;CCL3;XCL1;CCL18;AIF1
DR 2-,GO_Biological_Process_2023,Fc-gamma Receptor Signaling Pathway (GO:0038094),8.181450708587026e-05,0.00260215585037004,0,0,39.541666666666664,372.12883861533135,FCGR3A;FCER1G;CD247;FCGR2B
DR 2-,GO_Biological_Process_2023,Positive Regulation Of T Cell Chemotaxis (GO:0010820),8.181450708587026e-05,0.00260215585037004,0,0,39.541666666666664,372.12883861533135,CCL5;XCL2;XCL1;CXCL13
DR 2-,GO_Biological_Process_2023,Response To Interleukin-1 (GO:0070555),8.951769415088212e-05,0.00277020972439892,0,0,7.09640831758034,66.14614885219311,CCL3L1;IL1B;CCL5;CCL4;XCL2;CCL3;XCL1;CCL18
DR 2-,GO_Biological_Process_2023,Positive Regulation Of T Cell Migration (GO:2000406),0.00010286019114288906,0.003019869714323281,0,0,16.614035087719298,152.55239380337426,CCL5;XCL2;XCL1;CXCL13;AIF1
DR 2-,GO_Biological_Process_2023,Microglial Cell Activation (GO:0001774),0.00010286019114288906,0.003019869714323281,0,0,16.614035087719298,152.55239380337426,C1QA;TYROBP;ITGB2;TREM2;AIF1
DR 2-,GO_Biological_Process_2023,Regulation Of Natural Killer Cell Activation (GO:0032814),0.00012145241724754159,0.0032340236685682584,0,0,inf,inf,TYROBP;PTPN22;KLRD1
DR 2-,GO_Biological_Process_2023,Positive Regulation Of Myeloid Leukocyte Mediated Immunity (GO:0002888),0.00012145241724754159,0.0032340236685682584,0,0,inf,inf,SPI1;TYROBP;ITGB2
DR 2-,GO_Biological_Process_2023,Natural Killer Cell Activation Involved In Immune Response (GO:0002323),0.00012145241724754159,0.0032340236685682584,0,0,inf,inf,FCGR3A;NKG7;CORO1A
DR 2-,GO_Biological_Process_2023,Regulation Of Cell-Cell Adhesion Mediated By Integrin (GO:0033632),0.00012145241724754159,0.0032340236685682584,0,0,inf,inf,CCL5;CD3E;CXCL13
DR 2-,GO_Biological_Process_2023,Positive Regulation Of Lymphocyte Proliferation (GO:0050671),0.00014482304599736508,0.0037686906287950684,0,0,7.8697729988052565,69.56877704447882,FCGR3A;PTPRC;IL1B;CCL5;GPR183;CD3E;TNFRSF4
DR 2-,GO_Biological_Process_2023,Regulation Of Phagocytosis (GO:0050764),0.00015309997781280465,0.003895543879903585,0,0,10.042553191489361,88.21799908306319,FCER1G;PTPRC;IL1B;IL2RB;TREM2;FCGR2B
DR 2-,GO_Biological_Process_2023,Regulation Of Interleukin-10 Production (GO:0032653),0.00016936810446428435,0.0041260953108852244,0,0,14.233082706766917,123.59206388861277,TYROBP;XCL1;TIGIT;FCGR2B;LILRB4
DR 2-,GO_Biological_Process_2023,Positive Regulation Of Production Of Molecular Mediator Of Immune Response (GO:0002702),0.00016936810446428435,0.0041260953108852244,0,0,14.233082706766917,123.59206388861277,PTPRC;LAPTM5;XCL1;PTPN22;TNFRSF4
DR 2-,GO_Biological_Process_2023,Negative Regulation Of Neuroinflammatory Response (GO:0150079),0.00018357501735262067,0.004203867897375013,0,0,26.34722222222222,226.6621797598714,PTPRC;TREM2;CST7;TNFRSF1B
DR 2-,GO_Biological_Process_2023,Regulation Of T Cell Chemotaxis (GO:0010819),0.00018357501735262067,0.004203867897375013,0,0,26.34722222222222,226.6621797598714,CCL5;XCL2;XCL1;CXCL13
DR 2-,GO_Biological_Process_2023,Negative Regulation Of T Cell Mediated Immunity (GO:0002710),0.00018357501735262067,0.004203867897375013,0,0,26.34722222222222,226.6621797598714,PTPRC;XCL1;KLRD1;LILRB4
DR 2-,GO_Biological_Process_2023,Positive Regulation Of Hydrolase Activity (GO:0051345),0.00027866975010108156,0.006256409095406635,0,0,5.813664596273292,47.58765370098808,CCL3L1;RGS1;CCL5;CCL4;CCL3;XCL2;XCL1;CCL18
DR 2-,GO_Biological_Process_2023,Response To Type II Interferon (GO:0034341),0.00034101100249222036,0.007350459571994146,0,0,5.610194902548725,44.78952854996866,CCL3L1;CCL5;CCL4;XCL2;CCL3;XCL1;CCL18;AIF1
DR 2-,GO_Biological_Process_2023,Negative Regulation Of Interleukin-2 Production (GO:0032703),0.0003530788440695878,0.007350459571994146,0,0,19.75,156.9891786404046,PTPRC;LAPTM5;XCL1;LILRB4
DR 2-,GO_Biological_Process_2023,Lipopolysaccharide-Mediated Signaling Pathway (GO:0031663),0.0003530788440695878,0.007350459571994146,0,0,19.75,156.9891786404046,CCL5;IL1B;CCL3;PTPN22
DR 2-,GO_Biological_Process_2023,Negative Regulation Of Antigen Receptor-Mediated Signaling Pathway (GO:0050858),0.0003530788440695878,0.007350459571994146,0,0,19.75,156.9891786404046,LAPTM5;PTPN22;FCGR2B;LILRB4
DR 2-,GO_Biological_Process_2023,Regulation Of T Cell Activation (GO:0050863),0.0003957604671826692,0.008091888123645648,0,0,8.02127659574468,62.844307059300036,CD2;CCL5;LAPTM5;PTPN22;TNFRSF1B;TIGIT
DR 2-,GO_Biological_Process_2023,Cellular Response To Tumor Necrosis Factor (GO:0071356),0.0004142951516105026,0.008322244712175885,0,0,5.420289855072464,42.218268622051674,CCL3L1;CCL5;CCL4;CCL3;XCL2;XCL1;CCL18;TNFRSF1B
DR 2-,GO_Biological_Process_2023,Negative Regulation Of Interleukin-10 Production (GO:0032693),0.00046811653426905627,0.008507832249810625,0,0,58.7319587628866,450.2857872458315,TYROBP;FCGR2B;LILRB4
DR 2-,GO_Biological_Process_2023,Osteoclast Differentiation (GO:0030316),0.00046811653426905627,0.008507832249810625,0,0,58.7319587628866,450.2857872458315,TYROBP;GPR183;TREM2
DR 2-,GO_Biological_Process_2023,"Positive Regulation Of CD8-positive, Alpha-Beta T Cell Activation (GO:2001187)",0.00046811653426905627,0.008507832249810625,0,0,58.7319587628866,450.2857872458315,XCL1;PTPN22;LILRB4
DR 2-,GO_Biological_Process_2023,Positive Regulation Of Nervous System Process (GO:0031646),0.00046811653426905627,0.008507832249810625,0,0,58.7319587628866,450.2857872458315,ITGAX;CST7;TNFRSF1B
DR 2-,GO_Biological_Process_2023,Positive Regulation Of Syncytium Formation By Plasma Membrane Fusion (GO:0060143),0.00046811653426905627,0.008507832249810625,0,0,58.7319587628866,450.2857872458315,CD53;TYROBP;TREM2
DR 2-,GO_Biological_Process_2023,Negative Regulation Of T Cell Mediated Cytotoxicity (GO:0001915),0.00046811653426905627,0.008507832249810625,0,0,58.7319587628866,450.2857872458315,PTPRC;KLRD1;FCGR2B
DR 2-,GO_Biological_Process_2023,Macrophage Activation (GO:0042116),0.0005691852899549823,0.010026417799976227,0,0,9.947368421052632,74.319818800007,C1QA;FCGR3A;ITGB2;TREM2;AIF1
DR 2-,GO_Biological_Process_2023,Regulation Of B Cell Proliferation (GO:0030888),0.0005691852899549823,0.010026417799976227,0,0,9.947368421052632,74.319818800007,PTPRC;TYROBP;GPR183;FCGR2B;TNFRSF4
DR 2-,GO_Biological_Process_2023,Regulation Of Chemotaxis (GO:0050920),0.0006112157595893195,0.01010667565922614,0,0,15.791666666666666,116.85928929412923,GPR183;CXCR4;TREM2;AIF1
DR 2-,GO_Biological_Process_2023,"Phagocytosis, Engulfment (GO:0006911)",0.0006112157595893195,0.01010667565922614,0,0,15.791666666666666,116.85928929412923,MSR1;ITGB2;FCGR2B;AIF1
DR 2-,GO_Biological_Process_2023,Cellular Response To Low-Density Lipoprotein Particle Stimulus (GO:0071404),0.0006112157595893195,0.01010667565922614,0,0,15.791666666666666,116.85928929412923,FCER1G;ITGB2;TREM2;CD68
DR 2-,GO_Biological_Process_2023,Negative Regulation Of B Cell Activation (GO:0050869),0.0006112157595893195,0.01010667565922614,0,0,15.791666666666666,116.85928929412923,TYROBP;LAPTM5;FCGR2B;SAMSN1
DR 2-,GO_Biological_Process_2023,Regulation Of MAPK Cascade (GO:0043408),0.0006178753678129518,0.01010667565922614,0,0,5.883512544802867,43.47459087100044,DOK2;DUSP2;PTPRC;IL1B;LAPTM5;SLA;LILRB4
DR 2-,GO_Biological_Process_2023,Negative Regulation Of T Cell Activation (GO:0050868),0.0007953202530924244,0.012825939292828532,0,0,9.038277511961722,64.50406884720583,LAPTM5;PTPN22;TIGIT;FCGR2B;LILRB4
DR 2-,GO_Biological_Process_2023,Positive Regulation Of Endocytosis (GO:0045807),0.0008682852856439705,0.013808147945310364,0,0,6.673758865248227,47.04326101987329,FCER1G;IL1B;IL2RB;TREM2;APOE;FCGR2B
DR 2-,GO_Biological_Process_2023,Response To Tumor Necrosis Factor (GO:0034612),0.0009241118507069289,0.01449463108300594,0,0,5.425144747725393,37.9037364344854,CCL3L1;CCL5;CCL4;CCL3;XCL2;XCL1;CCL18
DR 2-,GO_Biological_Process_2023,Negative Regulation Of Gene Expression (GO:0010629),0.0009594672858971878,0.01476074255598062,0,0,4.171828171828172,28.99058605762239,SRGN;MSR1;SPI1;CCL3;GZMB;PTPN22;APOE;CD3E;FCGR2B
DR 2-,GO_Biological_Process_2023,Regulation Of p38MAPK Cascade (GO:1900744),0.0009797523443270978,0.01476074255598062,0,0,13.152777777777779,91.12521610440056,SPI1;IL1B;PTPN22;TREM2
DR 2-,GO_Biological_Process_2023,Leukocyte Cell-Cell Adhesion (GO:0007159),0.0009797523443270978,0.01476074255598062,0,0,13.152777777777779,91.12521610440056,SELL;CCL5;ITGB2;OLR1
DR 2-,GO_Biological_Process_2023,Regulation Of Interleukin-2 Production (GO:0032663),0.001082396678294696,0.015557585191637871,0,0,8.280701754385966,56.545414097797085,PTPRC;IL1B;LAPTM5;XCL1;LILRB4
DR 2-,GO_Biological_Process_2023,Fc Receptor Signaling Pathway (GO:0038093),0.0011277550837606493,0.015557585191637871,0,0,29.350515463917525,199.217394861114,FCGR3A;FCER1G;CD247
DR 2-,GO_Biological_Process_2023,Negative Regulation Of Macrophage Activation (GO:0043031),0.0011277550837606493,0.015557585191637871,0,0,29.350515463917525,199.217394861114,PTPRC;CST7;FCGR2B
DR 2-,GO_Biological_Process_2023,Regulation Of Lymphocyte Proliferation (GO:0050670),0.0011277550837606493,0.015557585191637871,0,0,29.350515463917525,199.217394861114,LST1;PTPN22;TNFRSF1B
DR 2-,GO_Biological_Process_2023,Positive Regulation Of Cell Adhesion Mediated By Integrin (GO:0033630),0.0011277550837606493,0.015557585191637871,0,0,29.350515463917525,199.217394861114,CCL5;CD3E;CXCL13
DR 2-,GO_Biological_Process_2023,Heterotypic Cell-Cell Adhesion (GO:0034113),0.0011277550837606493,0.015557585191637871,0,0,29.350515463917525,199.217394861114,CD2;ITGB2;ITGAX
DR 2-,GO_Biological_Process_2023,Modulation By Host Of Symbiont Process (GO:0051851),0.0011277550837606493,0.015557585191637871,0,0,29.350515463917525,199.217394861114,CCL5;CCL4;CCL3
DR 2-,GO_Biological_Process_2023,Regulation Of T Cell Proliferation (GO:0042129),0.0013687347902488387,0.018657158748034766,0,0,6.0,39.56321085964902,PTPRC;IL1B;CCL5;CD3E;TNFRSF1B;LILRB4
DR 2-,GO_Biological_Process_2023,Regulation Of Defense Response (GO:0031347),0.001439820148952626,0.019051208531915394,0,0,7.6396761133603235,49.988211945862055,XCL1;PTPN22;TREM2;APOE;FCGR2B
DR 2-,GO_Biological_Process_2023,Enzyme-Linked Receptor Protein Signaling Pathway (GO:0007167),0.001439820148952626,0.019051208531915394,0,0,7.6396761133603235,49.988211945862055,DOK2;CD8A;CD7;LCP2;CD3E
DR 2-,GO_Biological_Process_2023,Positive Regulation Of Leukocyte Mediated Cytotoxicity (GO:0001912),0.0014808362963672226,0.019051208531915394,0,0,11.267857142857142,73.41176014759877,SPI1;TYROBP;XCL1;KLRD1
DR 2-,GO_Biological_Process_2023,Positive Regulation Of Neuron Death (GO:1901216),0.0014808362963672226,0.019051208531915394,0,0,11.267857142857142,73.41176014759877,C1QA;TYROBP;ITGB2;CCL3
DR 2-,GO_Biological_Process_2023,Negative Regulation Of Cellular Catabolic Process (GO:0031330),0.0014808362963672226,0.019051208531915394,0,0,11.267857142857142,73.41176014759877,IL10RA;APOC1;PTPN22;TREM2
DR 2-,GO_Biological_Process_2023,Regulation Of Type II Interferon Production (GO:0032649),0.0016894451233681652,0.021257304024797242,0,0,5.711246200607903,36.456912752344735,CD2;IL1B;LAPTM5;XCL1;PTPN22;LILRB4
DR 2-,GO_Biological_Process_2023,Endocytosis (GO:0006897),0.0016894451233681652,0.021257304024797242,0,0,5.711246200607903,36.456912752344735,MSR1;IL10RA;ITGB2;APOE;FCGR2B;CORO1A
DR 2-,GO_Biological_Process_2023,Negative Regulation Of MAPK Cascade (GO:0043409),0.0018773386273765495,0.02336470356897988,0,0,7.090225563909774,44.51172798101838,DUSP2;PTPRC;IL1B;APOE;LILRB4
DR 2-,GO_Biological_Process_2023,Receptor-Mediated Endocytosis (GO:0006898),0.002064292247787798,0.023825579488355845,0,0,5.448742746615087,33.68940121688181,MSR1;FCER1G;ITGB2;APOE;FCGR2B;LILRB4
DR 2-,GO_Biological_Process_2023,Positive Regulation Of Intracellular Protein Transport (GO:0090316),0.0021365735668536314,0.023825579488355845,0,0,9.854166666666666,60.58885488683089,IL1B;ITGB2;RAC2;GZMB
DR 2-,GO_Biological_Process_2023,Negative Regulation Of Leukocyte Cell-Cell Adhesion (GO:1903038),0.0021737022796164945,0.023825579488355845,0,0,19.556701030927837,119.90845954872826,LAPTM5;PTPN22;TIGIT
DR 2-,GO_Biological_Process_2023,Negative Regulation Of Leukocyte Mediated Cytotoxicity (GO:0001911),0.0021737022796164945,0.023825579488355845,0,0,19.556701030927837,119.90845954872826,PTPRC;KLRD1;FCGR2B
DR 2-,GO_Biological_Process_2023,Neutrophil Activation (GO:0042119),0.0021737022796164945,0.023825579488355845,0,0,19.556701030927837,119.90845954872826,FCER1G;TYROBP;CCL5
DR 2-,GO_Biological_Process_2023,Dendritic Cell Chemotaxis (GO:0002407),0.0021737022796164945,0.023825579488355845,0,0,19.556701030927837,119.90845954872826,CCL5;GPR183;CXCR4
DR 2-,GO_Biological_Process_2023,Synapse Pruning (GO:0098883),0.0021737022796164945,0.023825579488355845,0,0,19.556701030927837,119.90845954872826,C1QB;TREM2;C1QC
DR 2-,GO_Biological_Process_2023,Positive Regulation Of Membrane Protein Ectodomain Proteolysis (GO:0051044),0.0021737022796164945,0.023825579488355845,0,0,19.556701030927837,119.90845954872826,IL1B;APOE;TNFRSF1B
DR 2-,GO_Biological_Process_2023,Positive Regulation Of Monoatomic Ion Transport (GO:0043270),0.0021737022796164945,0.023825579488355845,0,0,19.556701030927837,119.90845954872826,CCL5;CCL4;CCL3
DR 2-,GO_Biological_Process_2023,Pyroptosis (GO:0070269),0.0021737022796164945,0.023825579488355845,0,0,19.556701030927837,119.90845954872826,GZMA;GZMB;TREM2
DR 2-,GO_Biological_Process_2023,Regulation Of T Cell Cytokine Production (GO:0002724),0.0021737022796164945,0.023825579488355845,0,0,19.556701030927837,119.90845954872826,XCL1;TNFRSF1B;LILRB4
DR 2-,GO_Biological_Process_2023,Cellular Response To Lipopolysaccharide (GO:0071222),0.0022206116041112774,0.023825579488355845,0,0,4.537981269510926,27.726941323543148,IL1B;CCL5;CCL3;PTPN22;CXCL13;CD68;TNFRSF1B
DR 2-,GO_Biological_Process_2023,Regulation Of Inflammatory Response (GO:0050727),0.0023876878758644967,0.023825579488355845,0,0,3.585649644473174,21.648108006019086,IL1B;IL10RA;CCL5;CCL3;NKG7;XCL1;APOE;TNFRSF1B;GPSM3
DR 2-,GO_Biological_Process_2023,Regulation Of Immune Response (GO:0050776),0.002404952856950651,0.023825579488355845,0,0,6.614035087719298,39.88411958945533,FCGR3A;PTPN22;TREM2;CXCL13;FCGR2B
DR 2-,GO_Biological_Process_2023,Cellular Response To Organic Substance (GO:0071310),0.002404952856950651,0.023825579488355845,0,0,6.614035087719298,39.88411958945533,IL1B;CCL5;CCL3;CXCR4;TREM2
DR 2-,GO_Biological_Process_2023,Negative Regulation Of Protein Localization (GO:1903828),0.002476195597479778,0.023825579488355845,0,0,inf,inf,SPI1;LILRB4
DR 2-,GO_Biological_Process_2023,Neutrophil Activation Involved In Immune Response (GO:0002283),0.002476195597479778,0.023825579488355845,0,0,inf,inf,FCER1G;TYROBP
DR 2-,GO_Biological_Process_2023,Regulation Of Postsynapse Organization (GO:0099175),0.002476195597479778,0.023825579488355845,0,0,inf,inf,ABI3;FCGR2B
DR 2-,GO_Biological_Process_2023,Chemokine (C-X-C Motif) Ligand 12 Signaling Pathway (GO:0038146),0.002476195597479778,0.023825579488355845,0,0,inf,inf,CXCR4;TREM2
DR 2-,GO_Biological_Process_2023,Positive Regulation Of T-helper 1 Cell Cytokine Production (GO:2000556),0.002476195597479778,0.023825579488355845,0,0,inf,inf,IL1B;XCL1
DR 2-,GO_Biological_Process_2023,Positive Regulation Of Amyloid-Beta Clearance (GO:1900223),0.002476195597479778,0.023825579488355845,0,0,inf,inf,TREM2;APOE
DR 2-,GO_Biological_Process_2023,Positive Regulation Of Cell-Cell Adhesion Mediated By Integrin (GO:0033634),0.002476195597479778,0.023825579488355845,0,0,inf,inf,CD3E;CXCL13
DR 2-,GO_Biological_Process_2023,Positive Regulation Of Receptor Catabolic Process (GO:2000646),0.002476195597479778,0.023825579488355845,0,0,inf,inf,LAPTM5;APOE
DR 2-,GO_Biological_Process_2023,Natural Killer Cell Degranulation (GO:0043320),0.002476195597479778,0.023825579488355845,0,0,inf,inf,FCGR3A;NKG7
DR 2-,GO_Biological_Process_2023,Regulation Of T Cell Mediated Immunity (GO:0002709),0.002476195597479778,0.023825579488355845,0,0,inf,inf,IL1B;TNFRSF1B
DR 2-,GO_Biological_Process_2023,Regulation Of T-helper 1 Cell Cytokine Production (GO:2000554),0.002476195597479778,0.023825579488355845,0,0,inf,inf,IL1B;XCL1
DR 2-,GO_Biological_Process_2023,Regulation Of Antigen Receptor-Mediated Signaling Pathway (GO:0050854),0.002476195597479778,0.023825579488355845,0,0,inf,inf,PTPRC;PTPN22
DR 2-,GO_Biological_Process_2023,Negative Regulation Of Lymphocyte Proliferation (GO:0050672),0.002968670771999826,0.027780702806741664,0,0,8.75462962962963,50.948801338613265,TYROBP;LST1;FCGR2B;LILRB4
DR 2-,GO_Biological_Process_2023,Regulation Of Protein Secretion (GO:0050708),0.002968670771999826,0.027780702806741664,0,0,8.75462962962963,50.948801338613265,IL1B;CCL5;TREM2;APOE
DR 2-,GO_Biological_Process_2023,Regulation Of Interleukin-6 Production (GO:0032675),0.002998954574799406,0.027780702806741664,0,0,4.98936170212766,28.985654529220568,TYROBP;IL1B;TREM2;PTPN22;AIF1;LILRB4
DR 2-,GO_Biological_Process_2023,Regulation Of Tumor Necrosis Factor Production (GO:0032680),0.003020759602005712,0.027780702806741664,0,0,4.258390355164549,24.708232473069767,CD2;FCGR3A;PTPRC;TYROBP;CCL3;PTPN22;LILRB4
DR 2-,GO_Biological_Process_2023,Positive Regulation Of T Cell Proliferation (GO:0042102),0.0030328278173298757,0.027780702806741664,0,0,6.197368421052632,35.933952315709924,PTPRC;IL1B;CCL5;CD3E;AIF1
DR 2-,GO_Biological_Process_2023,Myeloid Leukocyte Differentiation (GO:0002573),0.0030328278173298757,0.027780702806741664,0,0,6.197368421052632,35.933952315709924,SPI1;TYROBP;CAMK4;GPR183;TREM2
DR 2-,GO_Biological_Process_2023,B Cell Mediated Immunity (GO:0019724),0.0036663054093939128,0.0325420131298917,0,0,14.65979381443299,82.22049187959041,FCER1G;IL2RB;FCGR2B
DR 2-,GO_Biological_Process_2023,Regulation Of Microglial Cell Activation (GO:1903978),0.0036663054093939128,0.0325420131298917,0,0,14.65979381443299,82.22049187959041,PTPRC;TREM2;CST7
DR 2-,GO_Biological_Process_2023,Dendritic Cell Migration (GO:0036336),0.0036663054093939128,0.0325420131298917,0,0,14.65979381443299,82.22049187959041,CCL5;GPR183;CXCR4
DR 2-,GO_Biological_Process_2023,Negative Regulation Of T Cell Receptor Signaling Pathway (GO:0050860),0.0036663054093939128,0.0325420131298917,0,0,14.65979381443299,82.22049187959041,LAPTM5;PTPN22;LILRB4
DR 2-,GO_Biological_Process_2023,Regulation Of Neuron Death (GO:1901214),0.003998135981473634,0.03439695726674857,0,0,7.875,43.485175369973454,C1QA;TYROBP;ITGB2;TNFRSF1B
DR 2-,GO_Biological_Process_2023,Positive Regulation Of B Cell Activation (GO:0050871),0.003998135981473634,0.03439695726674857,0,0,7.875,43.485175369973454,SPI1;PTPRC;GPR183;TNFRSF4
DR 2-,GO_Biological_Process_2023,Positive Regulation Of Cell-Cell Adhesion (GO:0022409),0.003998135981473634,0.03439695726674857,0,0,7.875,43.485175369973454,CCL5;IL1B;CD3E;CXCL13
DR 2-,GO_Biological_Process_2023,Positive Regulation Of Protein Catabolic Process (GO:0045732),0.003998135981473634,0.03439695726674857,0,0,7.875,43.485175369973454,IL1B;TREM2;APOE;TNFRSF1B
DR 2-,GO_Biological_Process_2023,Apoptotic Process (GO:0006915),0.004025495435584549,0.03439695726674857,0,0,4.010752688172043,22.119731373283955,CD2;GZMM;IL1B;GZMA;ITGB2;GZMB;CXCR4
DR 2-,GO_Biological_Process_2023,Regulation Of Response To External Stimulus (GO:0032101),0.004630326084374765,0.03927202493784522,0,0,5.502923976608187,29.57892066474669,XCL1;CXCR4;TREM2;PTPN22;FCGR2B
DR 2-,GO_Biological_Process_2023,Positive Regulation Of T Cell Activation (GO:0050870),0.004951498990325761,0.041687252528845566,0,0,4.42789598108747,23.50355933510208,PTPRC;IL1B;CCL5;RHOH;CD3E;AIF1
DR 2-,GO_Biological_Process_2023,Regulation Of Receptor Signaling Pathway Via JAK-STAT (GO:0046425),0.005245031590374188,0.043836212926849964,0,0,7.15530303030303,37.56873262434503,PTPRC;CCL5;IL10RA;IL7R
DR 2-,GO_Biological_Process_2023,Plasma Membrane Invagination (GO:0099024),0.005654249936284305,0.044649077083072614,0,0,11.721649484536082,60.66361305353392,MSR1;ITGB2;FCGR2B
DR 2-,GO_Biological_Process_2023,Positive Regulation Of Macrophage Migration (GO:1905523),0.005654249936284305,0.044649077083072614,0,0,11.721649484536082,60.66361305353392,CCL5;CCL3;TREM2
DR 2-,GO_Biological_Process_2023,Protein Kinase B Signaling (GO:0043491),0.005654249936284305,0.044649077083072614,0,0,11.721649484536082,60.66361305353392,CCL5;IL1B;CCL3
DR 2-,GO_Biological_Process_2023,Regulation Of T Cell Differentiation (GO:0045580),0.005654249936284305,0.044649077083072614,0,0,11.721649484536082,60.66361305353392,CD2;CAMK4;RHOH
DR 2-,GO_Biological_Process_2023,Regulation Of T Cell Receptor Signaling Pathway (GO:0050856),0.005654249936284305,0.044649077083072614,0,0,11.721649484536082,60.66361305353392,LAPTM5;PTPN22;LILRB4
DR 2-,GO_Biological_Process_2023,Negative Regulation Of I-kappaB kinase/NF-kappaB Signaling (GO:0043124),0.005654249936284305,0.044649077083072614,0,0,11.721649484536082,60.66361305353392,RHOH;TREM2;LILRB4
DR 2-,GO_Biological_Process_2023,Negative Regulation Of Autophagy (GO:0010507),0.005654249936284305,0.044649077083072614,0,0,11.721649484536082,60.66361305353392,IL10RA;PTPN22;TREM2
DR 2-,GO_Biological_Process_2023,Regulation Of Calcium-Mediated Signaling (GO:0050848),0.005654249936284305,0.044649077083072614,0,0,11.721649484536082,60.66361305353392,CCL4;CCL3;TREM2
DR 2-,GO_Biological_Process_2023,Positive Regulation Of Cytokine Production (GO:0001819),0.006511530009163082,0.04701509213717859,0,0,2.8209876543209877,14.201361959558271,CD2;PTPRC;FCER1G;TYROBP;IL1B;LAPTM5;XCL1;PTPN22;TIGIT;AIF1
DR 2-,GO_Biological_Process_2023,Regulation Of Innate Immune Response (GO:0045088),0.006728273525743593,0.04701509213717859,0,0,6.555555555555555,32.78719615952771,CCL5;PTPN22;TREM2;FCGR2B
DR 2-,GO_Biological_Process_2023,Second-Messenger-Mediated Signaling (GO:0019932),0.006728273525743593,0.04701509213717859,0,0,6.555555555555555,32.78719615952771,FCGR3A;CCL3;CXCR4;APOE
DR 2-,GO_Biological_Process_2023,Regulation Of NIK/NF-kappaB Signaling (GO:1901222),0.006728273525743593,0.04701509213717859,0,0,6.555555555555555,32.78719615952771,SPI1;IL1B;LAPTM5;PTPN22
DR 2-,GO_Biological_Process_2023,Negative Regulation Of Lipid Catabolic Process (GO:0050995),0.007185712772057863,0.04701509213717859,0,0,38.755102040816325,191.2820287028576,IL1B;APOC1
DR 2-,GO_Biological_Process_2023,Negative Regulation Of Long-Term Synaptic Potentiation (GO:1900272),0.007185712772057863,0.04701509213717859,0,0,38.755102040816325,191.2820287028576,TYROBP;APOE
DR 2-,GO_Biological_Process_2023,Negative Regulation Of p38MAPK Cascade (GO:1903753),0.007185712772057863,0.04701509213717859,0,0,38.755102040816325,191.2820287028576,PTPN22;TREM2
DR 2-,GO_Biological_Process_2023,Regulation Of Plasma Membrane Bounded Cell Projection Organization (GO:0120035),0.007185712772057863,0.04701509213717859,0,0,38.755102040816325,191.2820287028576,TREM2;FCGR2B
DR 2-,GO_Biological_Process_2023,Regulation Of Superoxide Anion Generation (GO:0032928),0.007185712772057863,0.04701509213717859,0,0,38.755102040816325,191.2820287028576,TYROBP;ITGB2
DR 2-,GO_Biological_Process_2023,Cellular Response To Lectin (GO:1990858),0.007185712772057863,0.04701509213717859,0,0,38.755102040816325,191.2820287028576,TYROBP;KLRD1
DR 2-,GO_Biological_Process_2023,Cellular Response To Oxidised Low-Density Lipoprotein Particle Stimulus (GO:0140052),0.007185712772057863,0.04701509213717859,0,0,38.755102040816325,191.2820287028576,TREM2;CD68
DR 2-,GO_Biological_Process_2023,Positive Regulation Of T-helper 1 Type Immune Response (GO:0002827),0.007185712772057863,0.04701509213717859,0,0,38.755102040816325,191.2820287028576,IL1B;XCL1
DR 2-,GO_Biological_Process_2023,Positive Regulation Of Calcium-Mediated Signaling (GO:0050850),0.007185712772057863,0.04701509213717859,0,0,38.755102040816325,191.2820287028576,CCL4;TREM2
DR 2-,GO_Biological_Process_2023,Positive Regulation Of Establishment Of Protein Localization To Mitochondrion (GO:1903749),0.007185712772057863,0.04701509213717859,0,0,38.755102040816325,191.2820287028576,RAC2;GZMB
DR 2-,GO_Biological_Process_2023,Positive Regulation Of Humoral Immune Response (GO:0002922),0.007185712772057863,0.04701509213717859,0,0,38.755102040816325,191.2820287028576,IL1B;FCGR2B
DR 2-,GO_Biological_Process_2023,Stimulatory C-type Lectin Receptor Signaling Pathway (GO:0002223),0.007185712772057863,0.04701509213717859,0,0,38.755102040816325,191.2820287028576,TYROBP;KLRD1
DR 2-,GO_Biological_Process_2023,Positive Regulation Of Myelination (GO:0031643),0.007185712772057863,0.04701509213717859,0,0,38.755102040816325,191.2820287028576,ITGAX;TNFRSF1B
DR 2-,GO_Biological_Process_2023,Granulocyte Migration (GO:0097530),0.007185712772057863,0.04701509213717859,0,0,38.755102040816325,191.2820287028576,ITGB2;CCL3
DR 2-,GO_Biological_Process_2023,High-Density Lipoprotein Particle Remodeling (GO:0034375),0.007185712772057863,0.04701509213717859,0,0,38.755102040816325,191.2820287028576,APOC1;APOE
DR 2-,GO_Biological_Process_2023,Humoral Immune Response Mediated By Circulating Immunoglobulin (GO:0002455),0.007185712772057863,0.04701509213717859,0,0,38.755102040816325,191.2820287028576,C1QB;C1QC
DR 2-,GO_Biological_Process_2023,Innate Immune Response Activating Cell Surface Receptor Signaling Pathway (GO:0002220),0.007185712772057863,0.04701509213717859,0,0,38.755102040816325,191.2820287028576,TYROBP;KLRD1
DR 2-,GO_Biological_Process_2023,Positive Regulation Of Superoxide Anion Generation (GO:0032930),0.007185712772057863,0.04701509213717859,0,0,38.755102040816325,191.2820287028576,TYROBP;ITGB2
DR 2-,GO_Biological_Process_2023,Lipoprotein Metabolic Process (GO:0042157),0.007185712772057863,0.04701509213717859,0,0,38.755102040816325,191.2820287028576,OLR1;APOE
DR 2-,GO_Biological_Process_2023,Regulation Of B Cell Receptor Signaling Pathway (GO:0050855),0.007185712772057863,0.04701509213717859,0,0,38.755102040816325,191.2820287028576,PTPN22;FCGR2B
DR 2-,GO_Biological_Process_2023,"Regulation Of CD8-positive, Alpha-Beta T Cell Proliferation (GO:2000564)",0.007185712772057863,0.04701509213717859,0,0,38.755102040816325,191.2820287028576,XCL1;PTPN22
DR 2-,GO_Biological_Process_2023,Negative Regulation By Host Of Viral Transcription (GO:0043922),0.007185712772057863,0.04701509213717859,0,0,38.755102040816325,191.2820287028576,CCL5;CCL4
DR 2-,GO_Biological_Process_2023,Negative Regulation Of T Cell Cytokine Production (GO:0002725),0.007185712772057863,0.04701509213717859,0,0,38.755102040816325,191.2820287028576,XCL1;LILRB4
DR 2-,GO_Biological_Process_2023,Negative Regulation Of Actin Nucleation (GO:0051126),0.007185712772057863,0.04701509213717859,0,0,38.755102040816325,191.2820287028576,GMFG;CORO1A
DR 2-,GO_Biological_Process_2023,Regulation Of Behavior (GO:0050795),0.007185712772057863,0.04701509213717859,0,0,38.755102040816325,191.2820287028576,CCL3;APOE
DR 2-,GO_Biological_Process_2023,Regulation Of Cell Activation (GO:0050865),0.007185712772057863,0.04701509213717859,0,0,38.755102040816325,191.2820287028576,FCER1G;TREM2
DR 5-,GO_Biological_Process_2023,DNA Metabolic Process (GO:0006259),2.6938420736866408e-24,1.672875927759404e-21,0,0,49.68421052631579,2696.415455029877,FEN1;DUT;BLM;RNASEH2A;RFC4;MCM7;RFC2;RMI1;HMGB2;NUDT1;BRCA1;TYMS;FAM111B;RAD51AP1;CDC45;ORC6;ORC1;EXO1;UBE2T;MCM3;PCLAF;CDK1;MCM4;MCM5
DR 5-,GO_Biological_Process_2023,DNA Replication (GO:0006260),1.0623941883171437e-14,3.298733954724731e-12,0,0,129.4090909090909,4163.823721721833,FAM111B;FEN1;BLM;DUT;RFC4;RNASEH2A;MCM7;RFC2;PCLAF;CDK1;MCM4;MCM5
DR 5-,GO_Biological_Process_2023,Double-Strand Break Repair Via Homologous Recombination (GO:0000724),1.9547731938729794e-13,3.158724784712071e-11,0,0,64.63636363636364,1891.4753706633687,RAD51AP1;GINS2;FEN1;BLM;CDC45;MCM7;RMI1;MCM3;MCM4;MCM5;BRCA1;RAD54B
DR 5-,GO_Biological_Process_2023,DNA-templated DNA Replication (GO:0006261),2.0346053363684837e-13,3.158724784712071e-11,0,0,117.29213483146067,3427.6637536585085,GINS2;BLM;RFC4;CDC45;ORC6;MCM7;ORC1;RFC2;MCM3;MCM4;MCM5
DR 5-,GO_Biological_Process_2023,DNA Repair (GO:0006281),3.19188035062203e-13,3.9643153954725616e-11,0,0,30.767441860465116,885.271482017633,FEN1;BLM;PCNA;RNASEH2A;RFC4;RFC2;CDCA5;NUDT1;BRCA1;RAD51AP1;EXO1;UBE2T;CDK1;TRIP13
DR 5-,GO_Biological_Process_2023,Regulation Of DNA Replication (GO:0006275),2.564614852553187e-10,2.6543763723925486e-08,0,0,165.1304347826087,3646.7475591923917,CCNA2;CDT1;BLM;PCNA;DSCC1;GMNN;ESCO2;CDC6
DR 5-,GO_Biological_Process_2023,Regulation Of DNA-templated DNA Replication (GO:0090329),6.368217936034146e-10,5.649519054681721e-08,0,0,inf,inf,CDT1;BLM;MCM7;GMNN;MCM3;MCM4;MCM5
DR 5-,GO_Biological_Process_2023,Double-Strand Break Repair (GO:0006302),1.170136379469124e-08,9.083183645629075e-07,0,0,26.74568288854003,488.4713958981064,RAD51AP1;FEN1;BLM;RMI1;CDCA5;HMGB2;TRIP13;BRCA1;RAD54B
DR 5-,GO_Biological_Process_2023,DNA Replication Initiation (GO:0006270),1.3509524855534243e-08,9.321572150318628e-07,0,0,inf,inf,CDC45;ORC6;MCM7;ORC1;MCM3;MCM5
DR 5-,GO_Biological_Process_2023,DNA Duplex Unwinding (GO:0032508),2.1093232595071006e-08,1.3098897441539095e-06,0,0,71.43010752688173,1262.4781193404162,GINS2;BLM;CDC45;MCM7;MCM3;MCM4;MCM5
DR 5-,GO_Biological_Process_2023,DNA Unwinding Involved In DNA Replication (GO:0006268),9.074828824550851e-08,5.123153363678253e-06,0,0,121.2127659574468,1965.4863608757776,GINS2;CDC45;MCM7;MCM3;MCM4;MCM5
DR 5-,GO_Biological_Process_2023,DNA Replication Checkpoint Signaling (GO:0000076),2.8371369412893165e-07,1.0363894356121563e-05,0,0,inf,inf,CDT1;CDC45;ORC1;CDC6;CLSPN
DR 5-,GO_Biological_Process_2023,DNA Strand Elongation Involved In DNA Replication (GO:0006271),2.8371369412893165e-07,1.0363894356121563e-05,0,0,inf,inf,PCNA;RFC4;MCM7;MCM3;MCM4
DR 5-,GO_Biological_Process_2023,Positive Regulation Of DNA-directed DNA Polymerase Activity (GO:1900264),2.8371369412893165e-07,1.0363894356121563e-05,0,0,inf,inf,GINS2;PCNA;RFC4;RFC2;DSCC1
DR 5-,GO_Biological_Process_2023,Regulation Of DNA-directed DNA Polymerase Activity (GO:1900262),2.8371369412893165e-07,1.0363894356121563e-05,0,0,inf,inf,GINS2;PCNA;RFC4;RFC2;DSCC1
DR 5-,GO_Biological_Process_2023,Regulation Of DNA-templated DNA Replication Initiation (GO:0030174),2.8371369412893165e-07,1.0363894356121563e-05,0,0,inf,inf,MCM7;GMNN;MCM3;MCM4;MCM5
DR 5-,GO_Biological_Process_2023,Double-Strand Break Repair Via Break-Induced Replication (GO:0000727),2.8371369412893165e-07,1.0363894356121563e-05,0,0,inf,inf,GINS2;MCM7;MCM3;MCM4;MCM5
DR 5-,GO_Biological_Process_2023,Positive Regulation Of Cell Cycle Process (GO:0090068),3.864532490467136e-07,1.2111100407719602e-05,0,0,11.617283950617283,171.54377647884152,FEN1;RACGAP1;NUSAP1;NCAPG;BIRC5;CDC6;SMC4;NDC80;AURKB;MAD2L1
DR 5-,GO_Biological_Process_2023,Microtubule Cytoskeleton Organization Involved In Mitosis (GO:1902850),3.954538194074016e-07,1.2111100407719602e-05,0,0,14.355874894336432,211.65199156973574,CENPH;STMN1;NUSAP1;CDK1;TACC3;BIRC5;AURKB;NDC80;SPC25
DR 5-,GO_Biological_Process_2023,DNA Damage Response (GO:0006974),4.001336937614921e-07,1.2111100407719602e-05,0,0,8.5,125.21747044586787,RAD51AP1;FEN1;BLM;RFC4;MCM7;EXO1;RFC2;UBE2T;PCLAF;CDK1;NUDT1;BRCA1
DR 5-,GO_Biological_Process_2023,Sister Chromatid Segregation (GO:0000819),4.0955412006781264e-07,1.2111100407719602e-05,0,0,28.526881720430108,419.57898989376906,SGO1;KIFC1;CENPK;NUSAP1;SMC4;NDC80;ZWINT
DR 5-,GO_Biological_Process_2023,Mitotic Nuclear Division (GO:0140014),1.6329848557674028e-06,4.229964559697114e-05,0,0,20.35483870967742,271.23028200932396,SGO1;KIFC1;CENPK;NUSAP1;SMC4;NDC80;ZWINT
DR 5-,GO_Biological_Process_2023,DNA Recombination (GO:0006310),1.6347689119602374e-06,4.229964559697114e-05,0,0,99.94736842105263,1331.699646548547,BLM;EXO1;RMI1;BRCA1;RAD54B
DR 5-,GO_Biological_Process_2023,Positive Regulation Of Chromosome Organization (GO:2001252),1.6347689119602374e-06,4.229964559697114e-05,0,0,99.94736842105263,1331.699646548547,FEN1;CDK1;NCAPG;SMC4;AURKB
DR 5-,GO_Biological_Process_2023,Recombinational Repair (GO:0000725),2.4059653434271885e-06,5.976417913073136e-05,0,0,30.25531914893617,391.42998698352,RAD51AP1;FEN1;BLM;RMI1;BRCA1;RAD54B
DR 5-,GO_Biological_Process_2023,Mitotic G2/M Transition Checkpoint (GO:0044818),5.079677698940227e-06,0.00012132614811699542,0,0,24.19148936170213,294.9006114751804,BLM;ORC1;CDK1;BRCA1;CLSPN;CDC6
DR 5-,GO_Biological_Process_2023,DNA Integrity Checkpoint Signaling (GO:0031570),5.899112015048899e-06,0.00012283547160703303,0,0,inf,inf,CDT1;CDC45;CLSPN;CDC6
DR 5-,GO_Biological_Process_2023,DNA Strand Elongation (GO:0022616),5.899112015048899e-06,0.00012283547160703303,0,0,inf,inf,RFC4;MCM7;MCM3;MCM4
DR 5-,GO_Biological_Process_2023,Mitotic Sister Chromatid Cohesion (GO:0007064),5.899112015048899e-06,0.00012283547160703303,0,0,inf,inf,SGO1;CDCA5;DSCC1;ESCO2
DR 5-,GO_Biological_Process_2023,Mitotic Sister Chromatid Segregation (GO:0000070),5.934080753962949e-06,0.00012283547160703303,0,0,9.296703296703297,111.88395021608807,SGO1;KIFC1;CDCA5;CENPK;NUSAP1;NCAPG;SMC4;ZWINT;NDC80
DR 5-,GO_Biological_Process_2023,Positive Regulation Of Chromosome Segregation (GO:0051984),2.836112005424511e-05,0.0005681372759253617,0,0,79.125,828.4776290914322,CDK1;NCAPG;CDC6;SMC4
DR 5-,GO_Biological_Process_2023,Cell Cycle G2/M Phase Transition (GO:0044839),5.841428530078328e-05,0.0010992506415692853,0,0,19.94736842105263,194.44595172999095,CCNA2;MELK;CDK1;PKMYT1;AURKB
DR 5-,GO_Biological_Process_2023,Regulation Of DNA Metabolic Process (GO:0051052),5.841428530078328e-05,0.0010992506415692853,0,0,19.94736842105263,194.44595172999095,CCNA2;DSCC1;GMNN;ESCO2;BRCA1
DR 5-,GO_Biological_Process_2023,Positive Regulation Of DNA Biosynthetic Process (GO:2000573),7.169109186907215e-05,0.0013094167073733473,0,0,12.063829787234043,115.12686557238213,GINS2;RFC4;PCNA;RFC2;DSCC1;AURKB
DR 5-,GO_Biological_Process_2023,Mitotic Chromosome Condensation (GO:0007076),8.181450708587026e-05,0.0014516231114378695,0,0,39.541666666666664,372.12883861533135,CDCA5;NUSAP1;NCAPG;SMC4
DR 5-,GO_Biological_Process_2023,Nucleosome Assembly (GO:0006334),0.00012145241724754159,0.0018855487777680831,0,0,inf,inf,HAT1;HMGB2;ASF1B
DR 5-,GO_Biological_Process_2023,Nucleosome Organization (GO:0034728),0.00012145241724754159,0.0018855487777680831,0,0,inf,inf,HAT1;HMGB2;ASF1B
DR 5-,GO_Biological_Process_2023,Nucleotide Biosynthetic Process (GO:0009165),0.00012145241724754159,0.0018855487777680831,0,0,inf,inf,PRPS2;RRM2;PNP
DR 5-,GO_Biological_Process_2023,Mitotic DNA Replication (GO:1902969),0.00012145241724754159,0.0018855487777680831,0,0,inf,inf,MCM3;MCM4;TK1
DR 5-,GO_Biological_Process_2023,Negative Regulation Of DNA Replication (GO:0008156),0.00012145241724754159,0.0018855487777680831,0,0,inf,inf,CDT1;GMNN;CDC6
DR 5-,GO_Biological_Process_2023,Spindle Assembly Checkpoint Signaling (GO:0071173),0.00016936810446428435,0.0023903998380072856,0,0,14.233082706766917,123.59206388861277,TRIP13;NDC80;ZWINT;MAD2L1;SPC25
DR 5-,GO_Biological_Process_2023,Negative Regulation Of Mitotic Metaphase/Anaphase Transition (GO:0045841),0.00016936810446428435,0.0023903998380072856,0,0,14.233082706766917,123.59206388861277,TRIP13;NDC80;ZWINT;MAD2L1;SPC25
DR 5-,GO_Biological_Process_2023,Mitotic Spindle Assembly Checkpoint Signaling (GO:0007094),0.00016936810446428435,0.0023903998380072856,0,0,14.233082706766917,123.59206388861277,TRIP13;NDC80;ZWINT;MAD2L1;SPC25
DR 5-,GO_Biological_Process_2023,Mitotic Spindle Checkpoint Signaling (GO:0071174),0.00016936810446428435,0.0023903998380072856,0,0,14.233082706766917,123.59206388861277,TRIP13;NDC80;ZWINT;MAD2L1;SPC25
DR 5-,GO_Biological_Process_2023,Regulation Of Mitotic Cell Cycle Spindle Assembly Checkpoint (GO:0090266),0.00018357501735262067,0.0024255337399144137,0,0,26.34722222222222,226.6621797598714,BIRC5;AURKB;NDC80;MAD2L1
DR 5-,GO_Biological_Process_2023,Post-Translational Protein Modification (GO:0043687),0.00018357501735262067,0.0024255337399144137,0,0,26.34722222222222,226.6621797598714,CCNA2;DSCC1;ESCO2;AURKB
DR 5-,GO_Biological_Process_2023,Chromosome Condensation (GO:0030261),0.00018357501735262067,0.0024255337399144137,0,0,26.34722222222222,226.6621797598714,CDCA5;NUSAP1;NCAPG;SMC4
DR 5-,GO_Biological_Process_2023,Mitotic Spindle Organization (GO:0007052),0.00019012947348500593,0.0024598000632122642,0,0,7.451612903225806,63.84396836547323,CENPH;KIFC1;STMN1;BIRC5;AURKB;NDC80;SPC25
DR 5-,GO_Biological_Process_2023,Mitotic G2 DNA Damage Checkpoint Signaling (GO:0007095),0.0003530788440695878,0.004474733921779878,0,0,19.75,156.9891786404046,BLM;CDK1;BRCA1;CLSPN
DR 5-,GO_Biological_Process_2023,Regulation Of Cyclin-Dependent Protein Kinase Activity (GO:1904029),0.0003950178597139277,0.0049061218176469825,0,0,11.058479532163743,86.6606548833963,CCNA2;BLM;CCNE2;CDC6;PKMYT1
DR 5-,GO_Biological_Process_2023,Positive Regulation Of Mitotic Cell Cycle Spindle Assembly Checkpoint (GO:0090267),0.00046811653426905627,0.005100006452299718,0,0,58.7319587628866,450.2857872458315,BIRC5;NDC80;MAD2L1
DR 5-,GO_Biological_Process_2023,Positive Regulation Of Spindle Checkpoint (GO:0090232),0.00046811653426905627,0.005100006452299718,0,0,58.7319587628866,450.2857872458315,BIRC5;NDC80;MAD2L1
DR 5-,GO_Biological_Process_2023,Nucleobase-Containing Compound Biosynthetic Process (GO:0034654),0.00046811653426905627,0.005100006452299718,0,0,58.7319587628866,450.2857872458315,PNP;TYMS;DCK
DR 5-,GO_Biological_Process_2023,Protein Acetylation (GO:0006473),0.00046811653426905627,0.005100006452299718,0,0,58.7319587628866,450.2857872458315,DSCC1;HAT1;ESCO2
DR 5-,GO_Biological_Process_2023,Mismatch Repair (GO:0006298),0.00046811653426905627,0.005100006452299718,0,0,58.7319587628866,450.2857872458315,PCNA;RNASEH2A;EXO1
DR 5-,GO_Biological_Process_2023,protein-DNA Complex Assembly (GO:0065004),0.00046811653426905627,0.005100006452299718,0,0,58.7319587628866,450.2857872458315,HAT1;HMGB2;ASF1B
DR 5-,GO_Biological_Process_2023,Negative Regulation Of DNA Metabolic Process (GO:0051053),0.00046811653426905627,0.005100006452299718,0,0,58.7319587628866,450.2857872458315,BLM;GMNN;CDC6
DR 5-,GO_Biological_Process_2023,Mitotic Cell Cycle Phase Transition (GO:0044772),0.0005223494276843021,0.005592741286068132,0,0,7.51595744680851,56.799396641341,CCNA2;MELK;CCNE2;CDK1;TACC3;PKMYT1
DR 5-,GO_Biological_Process_2023,G2/M Transition Of Mitotic Cell Cycle (GO:0000086),0.0006112157595893195,0.006326083111749457,0,0,15.791666666666666,116.85928929412923,CCNA2;MELK;CDK1;PKMYT1
DR 5-,GO_Biological_Process_2023,Mitotic DNA Damage Checkpoint Signaling (GO:0044773),0.0006112157595893195,0.006326083111749457,0,0,15.791666666666666,116.85928929412923,BLM;CDK1;BRCA1;CLSPN
DR 5-,GO_Biological_Process_2023,Response To UV (GO:0009411),0.0009797523443270978,0.009974200095526685,0,0,13.152777777777779,91.12521610440056,FEN1;PCNA;PCLAF;AURKB
DR 5-,GO_Biological_Process_2023,Mitotic Cytokinesis (GO:0000281),0.001082396678294696,0.010149795753845843,0,0,8.280701754385966,56.545414097797085,RACGAP1;STMN1;NUSAP1;BIRC5;AURKB
DR 5-,GO_Biological_Process_2023,Cytoskeleton-Dependent Cytokinesis (GO:0061640),0.001082396678294696,0.010149795753845843,0,0,8.280701754385966,56.545414097797085,RACGAP1;STMN1;NUSAP1;BIRC5;AURKB
DR 5-,GO_Biological_Process_2023,Positive Regulation Of Transferase Activity (GO:0051347),0.001096748066407853,0.010149795753845843,0,0,6.319148936170213,43.06756419019197,GINS2;PCNA;RFC4;RFC2;DSCC1;AURKB
DR 5-,GO_Biological_Process_2023,"Negative Regulation Of Gene Expression, Epigenetic (GO:0045814)",0.0011277550837606493,0.010149795753845843,0,0,29.350515463917525,199.217394861114,HELLS;UHRF1;LMNB1
DR 5-,GO_Biological_Process_2023,Regulation Of Microtubule Polymerization Or Depolymerization (GO:0031110),0.0011277550837606493,0.010149795753845843,0,0,29.350515463917525,199.217394861114,STMN1;SKA3;SKA1
DR 5-,GO_Biological_Process_2023,Protein Autoubiquitination (GO:0051865),0.0011277550837606493,0.010149795753845843,0,0,29.350515463917525,199.217394861114,UHRF1;UBE2T;BRCA1
DR 5-,GO_Biological_Process_2023,Mitotic Cell Cycle Checkpoint Signaling (GO:0007093),0.0011277550837606493,0.010149795753845843,0,0,29.350515463917525,199.217394861114,BRCA1;AURKB;ZWINT
DR 5-,GO_Biological_Process_2023,Positive Regulation Of Chromosome Separation (GO:1905820),0.0011277550837606493,0.010149795753845843,0,0,29.350515463917525,199.217394861114,NCAPG;BIRC5;SMC4
DR 5-,GO_Biological_Process_2023,Regulation Of Cyclin-Dependent Protein Serine/Threonine Kinase Activity (GO:0000079),0.0018773386273765495,0.016654675537154818,0,0,7.090225563909774,44.51172798101838,CCNA2;BLM;CCNE2;CDC6;PKMYT1
DR 5-,GO_Biological_Process_2023,Positive Regulation Of DNA Metabolic Process (GO:0051054),0.0021365735668536314,0.017474062114033434,0,0,9.854166666666666,60.58885488683089,GINS2;CDT1;PCNA;BRCA1
DR 5-,GO_Biological_Process_2023,Replication Fork Processing (GO:0031297),0.0021737022796164945,0.017474062114033434,0,0,19.556701030927837,119.90845954872826,BLM;PCNA;BRCA1
DR 5-,GO_Biological_Process_2023,Regulation Of Chromatin Binding (GO:0035561),0.002476195597479778,0.017474062114033434,0,0,inf,inf,CDT1;GMNN
DR 5-,GO_Biological_Process_2023,Regulation Of Chromosome Condensation (GO:0060623),0.002476195597479778,0.017474062114033434,0,0,inf,inf,NCAPG;SMC4
DR 5-,GO_Biological_Process_2023,Negative Regulation Of Gene Expression Via CpG Island Methylation (GO:0044027),0.002476195597479778,0.017474062114033434,0,0,inf,inf,HELLS;UHRF1
DR 5-,GO_Biological_Process_2023,Folic Acid-Containing Compound Metabolic Process (GO:0006760),0.002476195597479778,0.017474062114033434,0,0,inf,inf,MTHFD2;GGH
DR 5-,GO_Biological_Process_2023,Tetrahydrofolate Interconversion (GO:0035999),0.002476195597479778,0.017474062114033434,0,0,inf,inf,MTHFD2;TYMS
DR 5-,GO_Biological_Process_2023,Tetrahydrofolate Metabolic Process (GO:0046653),0.002476195597479778,0.017474062114033434,0,0,inf,inf,MTHFD2;TYMS
DR 5-,GO_Biological_Process_2023,Histone Monoubiquitination (GO:0010390),0.002476195597479778,0.017474062114033434,0,0,inf,inf,UHRF1;BRCA1
DR 5-,GO_Biological_Process_2023,Homologous Chromosome Pairing At Meiosis (GO:0007129),0.002476195597479778,0.017474062114033434,0,0,inf,inf,MND1;TRIP13
DR 5-,GO_Biological_Process_2023,Nucleotide Metabolic Process (GO:0009117),0.002476195597479778,0.017474062114033434,0,0,inf,inf,PNP;DCK
DR 5-,GO_Biological_Process_2023,Cellular Response To Arsenic-Containing Substance (GO:0071243),0.002476195597479778,0.017474062114033434,0,0,inf,inf,GSTO1;PPIF
DR 5-,GO_Biological_Process_2023,Mitotic DNA Integrity Checkpoint Signaling (GO:0044774),0.002476195597479778,0.017474062114033434,0,0,inf,inf,ORC1;CLSPN
DR 5-,GO_Biological_Process_2023,Mitotic DNA Replication Checkpoint Signaling (GO:0033314),0.002476195597479778,0.017474062114033434,0,0,inf,inf,ORC1;CLSPN
DR 5-,GO_Biological_Process_2023,Purine-Containing Compound Biosynthetic Process (GO:0072522),0.002476195597479778,0.017474062114033434,0,0,inf,inf,PRPS2;PNP
DR 5-,GO_Biological_Process_2023,Regulation Of DNA Repair (GO:0006282),0.002476195597479778,0.017474062114033434,0,0,inf,inf,PCNA;BRCA1
DR 5-,GO_Biological_Process_2023,Negative Regulation Of DNA-templated DNA Replication (GO:2000104),0.002476195597479778,0.017474062114033434,0,0,inf,inf,CDT1;GMNN
DR 5-,GO_Biological_Process_2023,Positive Regulation Of Chromosome Condensation (GO:1905821),0.002476195597479778,0.017474062114033434,0,0,inf,inf,NCAPG;SMC4
DR 5-,GO_Biological_Process_2023,Mitotic Metaphase Plate Congression (GO:0007080),0.002968670771999826,0.020483828326798802,0,0,8.75462962962963,50.948801338613265,CDT1;KIFC1;CDCA5;NDC80
DR 5-,GO_Biological_Process_2023,Mitotic Spindle Assembly (GO:0090307),0.002968670771999826,0.020483828326798802,0,0,8.75462962962963,50.948801338613265,RACGAP1;KIFC1;BIRC5;AURKB
DR 5-,GO_Biological_Process_2023,Regulation Of Chromosome Segregation (GO:0051983),0.0036663054093939128,0.024221017651421487,0,0,14.65979381443299,82.22049187959041,NCAPG;CDC6;SMC4
DR 5-,GO_Biological_Process_2023,Establishment Of Mitotic Spindle Localization (GO:0040001),0.0036663054093939128,0.024221017651421487,0,0,14.65979381443299,82.22049187959041,NUSAP1;NDC80;MAD2L1
DR 5-,GO_Biological_Process_2023,Regulation Of Microtubule Cytoskeleton Organization (GO:0070507),0.0036663054093939128,0.024221017651421487,0,0,14.65979381443299,82.22049187959041,STMN1;SKA3;SKA1
DR 5-,GO_Biological_Process_2023,Cellular Response To Radiation (GO:0071478),0.0036663054093939128,0.024221017651421487,0,0,14.65979381443299,82.22049187959041,RAD51AP1;BLM;BRCA1
DR 5-,GO_Biological_Process_2023,Regulation Of Protein Serine/Threonine Kinase Activity (GO:0071900),0.004630326084374765,0.030267710509439254,0,0,5.502923976608187,29.57892066474669,CCNA2;BLM;CCNE2;CDC6;PKMYT1
DR 5-,GO_Biological_Process_2023,Water-Soluble Vitamin Metabolic Process (GO:0006767),0.005654249936284305,0.036198857839510865,0,0,11.721649484536082,60.66361305353392,DHFR;GSTO1;MTHFD2
DR 5-,GO_Biological_Process_2023,Chromosome Organization (GO:0051276),0.005654249936284305,0.036198857839510865,0,0,11.721649484536082,60.66361305353392,CENPW;CENPH;HAT1
DR 5-,GO_Biological_Process_2023,Regulation Of Chromosome Separation (GO:1905818),0.007185712772057863,0.04056661483134485,0,0,38.755102040816325,191.2820287028576,NCAPG;SMC4
DR 5-,GO_Biological_Process_2023,Translesion Synthesis (GO:0019985),0.007185712772057863,0.04056661483134485,0,0,38.755102040816325,191.2820287028576,PCNA;PCLAF
DR 5-,GO_Biological_Process_2023,Heterochromatin Formation (GO:0031507),0.007185712772057863,0.04056661483134485,0,0,38.755102040816325,191.2820287028576,UHRF1;LMNB1
DR 5-,GO_Biological_Process_2023,Heterochromatin Organization (GO:0070828),0.007185712772057863,0.04056661483134485,0,0,38.755102040816325,191.2820287028576,UHRF1;LMNB1
DR 5-,GO_Biological_Process_2023,Regulation Of Mitotic Cytokinesis (GO:1902412),0.007185712772057863,0.04056661483134485,0,0,38.755102040816325,191.2820287028576,BIRC5;AURKB
DR 5-,GO_Biological_Process_2023,Postreplication Repair (GO:0006301),0.007185712772057863,0.04056661483134485,0,0,38.755102040816325,191.2820287028576,PCNA;PCLAF
DR 5-,GO_Biological_Process_2023,Nucleoside Phosphate Biosynthetic Process (GO:1901293),0.007185712772057863,0.04056661483134485,0,0,38.755102040816325,191.2820287028576,PNP;DCK
DR 5-,GO_Biological_Process_2023,Protein K6-linked Ubiquitination (GO:0085020),0.007185712772057863,0.04056661483134485,0,0,38.755102040816325,191.2820287028576,UBE2T;BRCA1
DR 5-,GO_Biological_Process_2023,Protein Monoubiquitination (GO:0006513),0.007185712772057863,0.04056661483134485,0,0,38.755102040816325,191.2820287028576,UHRF1;UBE2T
DR 5-,GO_Biological_Process_2023,Cellular Response To Light Stimulus (GO:0071482),0.007185712772057863,0.04056661483134485,0,0,38.755102040816325,191.2820287028576,PCNA;AURKB
DR 5-,GO_Biological_Process_2023,Purine Ribonucleotide Catabolic Process (GO:0009154),0.007185712772057863,0.04056661483134485,0,0,38.755102040816325,191.2820287028576,PNP;NUDT8
DR 5-,GO_Biological_Process_2023,Positive Regulation Of DNA Repair (GO:0045739),0.007185712772057863,0.04056661483134485,0,0,38.755102040816325,191.2820287028576,PCNA;BRCA1
DR 5-,GO_Biological_Process_2023,Positive Regulation Of DNA Replication (GO:0045740),0.007185712772057863,0.04056661483134485,0,0,38.755102040816325,191.2820287028576,CDT1;PCNA
DR 6-,GO_Biological_Process_2023,Retina Homeostasis (GO:0001895),5.008729461573174e-06,0.004648100940339905,0,0,15.814814814814815,193.00919161646115,PIGR;PRR4;AZGP1;ZG16B;PIP;ALB;LTF
DR 7+,GO_Biological_Process_2023,Ubiquitin-Dependent ERAD Pathway (GO:0030433),1.499159826495465e-05,0.0003932695500972222,0,0,1329.3333333333333,14766.262090089025,HSPA5;HERPUD1
DR 7+,GO_Biological_Process_2023,ERAD Pathway (GO:0036503),2.2479980975303422e-05,0.0003932695500972222,0,0,996.5,10665.425280406156,HSPA5;HERPUD1
DR 7+,GO_Biological_Process_2023,'De Novo' Post-Translational Protein Folding (GO:0051084),3.1461564007777774e-05,0.0003932695500972222,0,0,796.8,8260.221577288465,SDF2L1;HSPA5
DR 7+,GO_Biological_Process_2023,Chaperone Cofactor-Dependent Protein Refolding (GO:0051085),3.1461564007777774e-05,0.0003932695500972222,0,0,796.8,8260.221577288465,SDF2L1;HSPA5
DR 7+,GO_Biological_Process_2023,Response To Endoplasmic Reticulum Stress (GO:0034976),0.0001568894971297167,0.0015688949712971668,0,0,305.2307692307692,2673.81202758239,HSPA5;HERPUD1
DR 7+,GO_Biological_Process_2023,Proteasome-Mediated Ubiquitin-Dependent Protein Catabolic Process (GO:0043161),0.00025516425120036026,0.0021263687600030024,0,0,232.94117647058823,1927.2628392543925,HSPA5;HERPUD1
DR 7+,GO_Biological_Process_2023,Intracellular Protein Transmembrane Transport (GO:0065002),0.0014999697593334861,0.005357034854762451,0,0,inf,inf,HSPA5
DR 7+,GO_Biological_Process_2023,"Retrograde Protein Transport, ER To Cytosol (GO:0030970)",0.0014999697593334861,0.005357034854762451,0,0,inf,inf,HERPUD1
DR 7+,GO_Biological_Process_2023,Regulation Of ERAD Pathway (GO:1904292),0.0014999697593334861,0.005357034854762451,0,0,inf,inf,HERPUD1
DR 7+,GO_Biological_Process_2023,Regulation Of IRE1-mediated Unfolded Protein Response (GO:1903894),0.0014999697593334861,0.005357034854762451,0,0,inf,inf,HSPA5
DR 7+,GO_Biological_Process_2023,Protein Exit From Endoplasmic Reticulum (GO:0032527),0.0014999697593334861,0.005357034854762451,0,0,inf,inf,HERPUD1
DR 7+,GO_Biological_Process_2023,Maintenance Of Protein Localization In Organelle (GO:0072595),0.0014999697593334861,0.005357034854762451,0,0,inf,inf,HSPA5
DR 7+,GO_Biological_Process_2023,Post-Translational Protein Targeting To Endoplasmic Reticulum Membrane (GO:0006620),0.0014999697593334861,0.005357034854762451,0,0,inf,inf,HSPA5
DR 7+,GO_Biological_Process_2023,Endoplasmic Reticulum To Cytosol Transport (GO:1903513),0.0014999697593334861,0.005357034854762451,0,0,inf,inf,HERPUD1
DR 7+,GO_Biological_Process_2023,Negative Regulation Of Endoplasmic Reticulum Unfolded Protein Response (GO:1900102),0.0029984508787525596,0.006814661088074,0,0,998.0,5798.040178435152,HSPA5
DR 7+,GO_Biological_Process_2023,Regulation Of ER-associated Ubiquitin-Dependent Protein Catabolic Process (GO:1903069),0.0029984508787525596,0.006814661088074,0,0,998.0,5798.040178435152,HERPUD1
DR 7+,GO_Biological_Process_2023,Positive Regulation Of Transcription From RNA Polymerase II Promoter In Response To Endoplasmic Reticulum Stress (GO:1990440),0.0029984508787525596,0.006814661088074,0,0,998.0,5798.040178435152,HSPA5
DR 7+,GO_Biological_Process_2023,Maintenance Of Protein Localization In Endoplasmic Reticulum (GO:0035437),0.0029984508787525596,0.006814661088074,0,0,998.0,5798.040178435152,HSPA5
DR 7+,GO_Biological_Process_2023,Protein Localization To Endoplasmic Reticulum (GO:0070972),0.0029984508787525596,0.006814661088074,0,0,998.0,5798.040178435152,HSPA5
DR 7+,GO_Biological_Process_2023,Endoplasmic Reticulum Calcium Ion Homeostasis (GO:0032469),0.0029984508787525596,0.006814661088074,0,0,998.0,5798.040178435152,HERPUD1
DR 7+,GO_Biological_Process_2023,Positive Regulation Of ER-associated Ubiquitin-Dependent Protein Catabolic Process (GO:1903071),0.0029984508787525596,0.006814661088074,0,0,998.0,5798.040178435152,HERPUD1
DR 7+,GO_Biological_Process_2023,Positive Regulation Of ERAD Pathway (GO:1904294),0.0029984508787525596,0.006814661088074,0,0,998.0,5798.040178435152,HERPUD1
DR 7+,GO_Biological_Process_2023,Negative Regulation Of Endoplasmic Reticulum Stress-Induced Intrinsic Apoptotic Signaling Pathway (GO:1902236),0.004495435597996463,0.008990871195992926,0,0,498.75,2695.5904883764883,HERPUD1
DR 7+,GO_Biological_Process_2023,Regulation Of PERK-mediated Unfolded Protein Response (GO:1903897),0.004495435597996463,0.008990871195992926,0,0,498.75,2695.5904883764883,HSPA5
DR 7+,GO_Biological_Process_2023,Regulation Of Endoplasmic Reticulum Unfolded Protein Response (GO:1900101),0.004495435597996463,0.008990871195992926,0,0,498.75,2695.5904883764883,HSPA5
DR 7+,GO_Biological_Process_2023,Negative Regulation Of Response To Endoplasmic Reticulum Stress (GO:1903573),0.005990923177088634,0.011094302179793767,0,0,332.3333333333333,1700.719076579553,HERPUD1
DR 7+,GO_Biological_Process_2023,Positive Regulation Of Transcription From RNA Polymerase II Promoter In Response To Stress (GO:0036003),0.005990923177088634,0.011094302179793767,0,0,332.3333333333333,1700.719076579553,HSPA5
DR 7+,GO_Biological_Process_2023,Regulation Of Endoplasmic Reticulum Stress-Induced Intrinsic Apoptotic Signaling Pathway (GO:1902235),0.008977407586967275,0.016031084976727276,0,0,199.2,938.8383898526647,HERPUD1
DR 7+,GO_Biological_Process_2023,Cellular Response To Glucose Starvation (GO:0042149),0.01046840532298441,0.018048974694800705,0,0,165.91666666666666,756.4793839639228,HSPA5
DR 7+,GO_Biological_Process_2023,Negative Regulation Of Protein-Containing Complex Assembly (GO:0031333),0.011957907513459116,0.019286947602353412,0,0,142.14285714285714,629.1758129029836,HSPA5
DR 7+,GO_Biological_Process_2023,Substantia Nigra Development (GO:0021762),0.011957907513459116,0.019286947602353412,0,0,142.14285714285714,629.1758129029836,HSPA5
DR 7+,GO_Biological_Process_2023,Response To Unfolded Protein (GO:0006986),0.013445914798449674,0.021009241872577616,0,0,124.3125,535.6725014742757,HERPUD1
DR 7+,GO_Biological_Process_2023,Regulation Of Intrinsic Apoptotic Signaling Pathway (GO:2001242),0.01641744732289319,0.024143304886607632,0,0,99.35,408.2699479283951,HERPUD1
DR 7+,GO_Biological_Process_2023,Positive Regulation Of Proteasomal Ubiquitin-Dependent Protein Catabolic Process (GO:0032436),0.01641744732289319,0.024143304886607632,0,0,99.35,408.2699479283951,HERPUD1
DR 7+,GO_Biological_Process_2023,Regulation Of Proteasomal Ubiquitin-Dependent Protein Catabolic Process (GO:0032434),0.017900973946623735,0.024862463814755185,0,0,90.27272727272727,363.15816873539876,HERPUD1
DR 7+,GO_Biological_Process_2023,Negative Regulation Of Apoptotic Signaling Pathway (GO:2001234),0.017900973946623735,0.024862463814755185,0,0,90.27272727272727,363.15816873539876,HERPUD1
DR 7+,GO_Biological_Process_2023,Negative Regulation Of Cellular Component Organization (GO:0051129),0.020863551456261537,0.02819398845440748,0,0,76.3076923076923,295.2918137836408,HSPA5
DR 7+,GO_Biological_Process_2023,Negative Regulation Of Intrinsic Apoptotic Signaling Pathway (GO:2001243),0.022342603775324026,0.028644363814517983,0,0,70.82142857142857,269.21065931999277,HERPUD1
DR 7+,GO_Biological_Process_2023,Modification-Dependent Protein Catabolic Process (GO:0019941),0.022342603775324026,0.028644363814517983,0,0,70.82142857142857,269.21065931999277,HERPUD1
DR 7+,GO_Biological_Process_2023,Cellular Response To Starvation (GO:0009267),0.02382016611063104,0.0297752076382888,0,0,66.06666666666666,246.9058491218439,HSPA5
DR 7+,GO_Biological_Process_2023,Regulation Of Protein-Containing Complex Assembly (GO:0043254),0.029715530184864707,0.03537563117245798,0,0,52.05263157894737,183.02150146546361,HSPA5
DR 7+,GO_Biological_Process_2023,Ubiquitin-Dependent Protein Catabolic Process (GO:0006511),0.029715530184864707,0.03537563117245798,0,0,52.05263157894737,183.02150146546361,HERPUD1
DR 7+,GO_Biological_Process_2023,Intracellular Calcium Ion Homeostasis (GO:0006874),0.031185653566893613,0.03626238786848095,0,0,49.425,171.39587223544177,HERPUD1
DR 7-,GO_Biological_Process_2023,Oxidative Phosphorylation (GO:0006119),0.0004041168288830134,0.035562280941705174,0,0,132.06666666666666,1031.9433839014505,NDUFB1;ATP5ME
DR 7-,GO_Biological_Process_2023,Proton Motive Force-Driven ATP Synthesis (GO:0015986),0.0004041168288830134,0.035562280941705174,0,0,132.06666666666666,1031.9433839014505,NDUFB1;ATP5ME
DR 7-,GO_Biological_Process_2023,Proton Motive Force-Driven Mitochondrial ATP Synthesis (GO:0042776),0.0004041168288830134,0.035562280941705174,0,0,132.06666666666666,1031.9433839014505,NDUFB1;ATP5ME
DR 8+,GO_Biological_Process_2023,Mitotic Sister Chromatid Segregation (GO:0000070),3.283318814845336e-26,1.9305914631290575e-23,0,0,94.29004329004329,5532.784885195953,CDCA5;PLK1;KIF14;CDCA8;NCAPG;KIF23;KIF11;KNSTRN;SMC4;NDC80;MZT1;ZWINT;SGO1;TPX2;CCNB1;KIF18A;PSRC1;PRC1;KIFC1;NUSAP1;KIF2C;DLGAP5;CEP55
DR 8+,GO_Biological_Process_2023,Mitotic Spindle Organization (GO:0007052),1.6655154547760873e-20,4.896615437041697e-18,0,0,63.43386243386244,2888.8775089085343,GPSM2;PLK1;CDCA8;KIF23;TTK;KIF11;AURKB;MZT1;NDC80;AURKA;TPX2;CCNB1;KIFC1;PRC1;KIF4A;NUF2;STMN1;BIRC5;DLGAP5
DR 8+,GO_Biological_Process_2023,Mitotic Cytokinesis (GO:0000281),1.3341352713461278e-18,1.9611788488788078e-16,0,0,167.47058823529412,6892.796058347078,PLK1;CKAP2;CDCA8;KIF23;CENPA;AURKB;ANLN;RACGAP1;KIF4A;STMN1;NUSAP1;BIRC5;KIF20A;ECT2;CEP55
DR 8+,GO_Biological_Process_2023,Cytoskeleton-Dependent Cytokinesis (GO:0061640),1.3341352713461278e-18,1.9611788488788078e-16,0,0,167.47058823529412,6892.796058347078,PLK1;CKAP2;CDCA8;KIF23;CENPA;AURKB;ANLN;RACGAP1;KIF4A;STMN1;NUSAP1;BIRC5;KIF20A;ECT2;CEP55
DR 8+,GO_Biological_Process_2023,Microtubule Cytoskeleton Organization Involved In Mitosis (GO:1902850),1.3630803584641263e-15,1.6029825015538125e-13,0,0,47.72268907563025,1633.501322018442,GPSM2;PLK1;CDCA8;TTK;KIF11;AURKB;NDC80;CCNB1;KIF4A;NUF2;STMN1;NUSAP1;TACC3;BIRC5;DLGAP5
DR 8+,GO_Biological_Process_2023,Regulation Of Cell Cycle Process (GO:0010564),3.76131801104053e-15,3.6860916508197194e-13,0,0,41.73529411764706,1386.1963494714844,CDCA2;PLK1;KIF11;MKI67;KNSTRN;AURKB;AURKA;RACGAP1;PRC1;NEK2;KIF2C;KIF20A;ECT2;KIF20B;BUB1
DR 8+,GO_Biological_Process_2023,Metaphase Plate Congression (GO:0051310),1.0623941883171437e-14,8.924111181864007e-13,0,0,129.4090909090909,4163.823721721833,CCNB1;CENPF;KIF18A;PSRC1;KIFC1;CDCA5;KIF14;CDCA8;KIF2C;FAM83D;CEP55;NDC80
DR 8+,GO_Biological_Process_2023,Mitotic Metaphase Plate Congression (GO:0007080),2.0346053363684837e-13,1.3292754864274093e-11,0,0,117.29213483146067,3427.6637536585085,CCNB1;KIF18A;PSRC1;KIFC1;CDCA5;NUF2;KIF14;CDCA8;KIF2C;CEP55;NDC80
DR 8+,GO_Biological_Process_2023,Mitotic Spindle Assembly (GO:0090307),2.0346053363684837e-13,1.3292754864274093e-11,0,0,117.29213483146067,3427.6637536585085,TPX2;RACGAP1;KIFC1;PRC1;KIF4A;CDCA8;BIRC5;KIF23;KIF11;AURKB;MZT1
DR 8+,GO_Biological_Process_2023,Positive Regulation Of Cell Cycle Process (GO:0090068),2.3390009030596783e-13,1.3753325309990908e-11,0,0,25.615384615384617,744.9948321255758,GPSM2;KIF14;CDCA8;NCAPG;KIF23;SMC4;NDC80;AURKB;AURKA;RACGAP1;NUSAP1;BIRC5;ECT2;KIF20B;MAD2L1
DR 8+,GO_Biological_Process_2023,Spindle Assembly Checkpoint Signaling (GO:0071173),3.806156850002008e-12,1.4920134852007874e-10,0,0,105.44444444444444,2772.5985198542526,CDC20;CENPF;NUF2;PLK1;TTK;TRIP13;BUB1;NDC80;ZWINT;MAD2L1
DR 8+,GO_Biological_Process_2023,Negative Regulation Of Mitotic Metaphase/Anaphase Transition (GO:0045841),3.806156850002008e-12,1.4920134852007874e-10,0,0,105.44444444444444,2772.5985198542526,CDC20;CENPF;NUF2;PLK1;TTK;TRIP13;BUB1;NDC80;ZWINT;MAD2L1
DR 8+,GO_Biological_Process_2023,Mitotic Spindle Assembly Checkpoint Signaling (GO:0007094),3.806156850002008e-12,1.4920134852007874e-10,0,0,105.44444444444444,2772.5985198542526,CDC20;CENPF;NUF2;PLK1;TTK;TRIP13;BUB1;NDC80;ZWINT;MAD2L1
DR 8+,GO_Biological_Process_2023,Mitotic Spindle Checkpoint Signaling (GO:0071174),3.806156850002008e-12,1.4920134852007874e-10,0,0,105.44444444444444,2772.5985198542526,CDC20;CENPF;NUF2;PLK1;TTK;TRIP13;BUB1;NDC80;ZWINT;MAD2L1
DR 8+,GO_Biological_Process_2023,Sister Chromatid Segregation (GO:0000819),3.806156850002008e-12,1.4920134852007874e-10,0,0,105.44444444444444,2772.5985198542526,TOP2A;SGO1;KIF18A;KIFC1;PLK1;NUSAP1;SMC4;KNSTRN;NDC80;ZWINT
DR 8+,GO_Biological_Process_2023,Regulation Of Cytokinesis (GO:0032465),1.5815634780754438e-11,5.812245781927256e-10,0,0,70.25925925925925,1747.349332059077,RACGAP1;PRC1;PLK1;KIF14;KIF23;KIF20A;KIF20B;ECT2;AURKB;AURKA
DR 8+,GO_Biological_Process_2023,Mitotic Nuclear Division (GO:0140014),5.3079623516446326e-11,1.8359305075100258e-09,0,0,52.666666666666664,1246.0526746270045,SGO1;KIF18A;KIFC1;UBE2S;PLK1;NUSAP1;SMC4;KNSTRN;NDC80;ZWINT
DR 8+,GO_Biological_Process_2023,Regulation Of Mitotic Cell Cycle (GO:0007346),6.830894285243711e-10,2.2314254665129454e-08,0,0,18.37012987012987,387.69048304352634,CDC20;CCNB1;CDCA2;PLK1;CKS2;NEK2;MKI67;KIF20B;DLGAP5;AURKA;MAD2L1;CKS1B
DR 8+,GO_Biological_Process_2023,Mitotic Spindle Elongation (GO:0000022),1.3509524855534243e-08,3.9718003075270674e-07,0,0,inf,inf,RACGAP1;PRC1;KIF4A;BIRC5;CDCA8;KIF23
DR 8+,GO_Biological_Process_2023,Mitotic Spindle Midzone Assembly (GO:0051256),1.3509524855534243e-08,3.9718003075270674e-07,0,0,inf,inf,RACGAP1;PRC1;KIF4A;BIRC5;CDCA8;KIF23
DR 8+,GO_Biological_Process_2023,Mitotic Cell Cycle Phase Transition (GO:0044772),2.4504320917809725e-08,6.861209856986722e-07,0,0,17.48148148148148,306.3527602625997,CCNA2;CCNB2;CCNB1;MELK;UBE2S;PLK1;TACC3;FOXM1;AURKA;CDKN3
DR 8+,GO_Biological_Process_2023,Cell Cycle G2/M Phase Transition (GO:0044839),6.744256160702542e-08,1.7241837489100413e-06,0,0,47.59498207885304,785.8878462652283,CCNA2;CCNB1;MELK;PLK1;FOXM1;AURKB;AURKA
DR 8+,GO_Biological_Process_2023,Positive Regulation Of Cytokinesis (GO:0032467),6.744256160702542e-08,1.7241837489100413e-06,0,0,47.59498207885304,785.8878462652283,RACGAP1;KIF14;CDCA8;BIRC5;KIF23;ECT2;KIF20B
DR 8+,GO_Biological_Process_2023,Regulation Of Chromosome Segregation (GO:0051983),9.074828824550851e-08,1.9762960551244078e-06,0,0,121.2127659574468,1965.4863608757776,CDCA2;NCAPG;KIF2C;MKI67;SMC4;BUB1
DR 8+,GO_Biological_Process_2023,Establishment Of Mitotic Spindle Localization (GO:0040001),9.074828824550851e-08,1.9762960551244078e-06,0,0,121.2127659574468,1965.4863608757776,GPSM2;PLK1;NUSAP1;CENPA;NDC80;MAD2L1
DR 8+,GO_Biological_Process_2023,Regulation Of Mitotic Cell Cycle Spindle Assembly Checkpoint (GO:0090266),9.074828824550851e-08,1.9762960551244078e-06,0,0,121.2127659574468,1965.4863608757776,CCNB1;CDCA8;BIRC5;AURKB;NDC80;MAD2L1
DR 8+,GO_Biological_Process_2023,Chromosome Condensation (GO:0030261),9.074828824550851e-08,1.9762960551244078e-06,0,0,121.2127659574468,1965.4863608757776,TOP2A;CDCA5;PLK1;NUSAP1;NCAPG;SMC4
DR 8+,GO_Biological_Process_2023,Establishment Of Mitotic Spindle Orientation (GO:0000132),2.8371369412893165e-07,5.560788404927061e-06,0,0,inf,inf,GPSM2;PLK1;CENPA;NDC80;MAD2L1
DR 8+,GO_Biological_Process_2023,Establishment Of Spindle Orientation (GO:0051294),2.8371369412893165e-07,5.560788404927061e-06,0,0,inf,inf,GPSM2;PLK1;CENPA;NDC80;MAD2L1
DR 8+,GO_Biological_Process_2023,Regulation Of Attachment Of Spindle Microtubules To Kinetochore (GO:0051988),2.8371369412893165e-07,5.560788404927061e-06,0,0,inf,inf,CCNB1;RACGAP1;NEK2;ECT2;KNSTRN
DR 8+,GO_Biological_Process_2023,G2/M Transition Of Mitotic Cell Cycle (GO:0000086),1.0028427775804749e-06,1.90216630070103e-05,0,0,40.361702127659576,557.5029453209594,CCNA2;CCNB1;MELK;PLK1;FOXM1;AURKA
DR 8+,GO_Biological_Process_2023,Positive Regulation Of Mitotic Sister Chromatid Separation (GO:1901970),1.6347689119602374e-06,2.912860970401877e-05,0,0,99.94736842105263,1331.699646548547,CDC20;CDCA8;BIRC5;AURKB;DLGAP5
DR 8+,GO_Biological_Process_2023,Mitotic Chromosome Condensation (GO:0007076),1.6347689119602374e-06,2.912860970401877e-05,0,0,99.94736842105263,1331.699646548547,CDCA5;PLK1;NUSAP1;NCAPG;SMC4
DR 8+,GO_Biological_Process_2023,Regulation Of Mitotic Nuclear Division (GO:0007088),5.008729461573174e-06,8.662155657073606e-05,0,0,15.814814814814815,193.00919161646115,CCNB1;CDCA2;NUSAP1;NEK2;MKI67;KIF20B;AURKA
DR 8+,GO_Biological_Process_2023,Nuclear Chromosome Segregation (GO:0098813),5.494889723712018e-06,8.894045807304493e-05,0,0,49.94736842105263,604.94714446369,TOP2A;CENPF;KIF2C;FAM83D;NDC80
DR 8+,GO_Biological_Process_2023,Positive Regulation Of Mitotic Cell Cycle Spindle Assembly Checkpoint (GO:0090267),5.899112015048899e-06,8.894045807304493e-05,0,0,inf,inf,BIRC5;CDCA8;NDC80;MAD2L1
DR 8+,GO_Biological_Process_2023,Positive Regulation Of Spindle Checkpoint (GO:0090232),5.899112015048899e-06,8.894045807304493e-05,0,0,inf,inf,BIRC5;CDCA8;NDC80;MAD2L1
DR 8+,GO_Biological_Process_2023,Microtubule Depolymerization (GO:0007019),5.899112015048899e-06,8.894045807304493e-05,0,0,inf,inf,KIF18A;STMN1;KIF14;KIF2C
DR 8+,GO_Biological_Process_2023,Centromere Complex Assembly (GO:0034508),5.899112015048899e-06,8.894045807304493e-05,0,0,inf,inf,CENPF;CENPW;HJURP;DLGAP5
DR 8+,GO_Biological_Process_2023,Regulation Of Mitotic Spindle Organization (GO:0060236),1.4072596228396998e-05,0.00020182162395847403,0,0,33.280701754385966,371.78807721874773,GPSM2;TPX2;PSRC1;PLK1;TACC3
DR 8+,GO_Biological_Process_2023,Positive Regulation Of Cell Division (GO:0051781),1.4072596228396998e-05,0.00020182162395847403,0,0,33.280701754385966,371.78807721874773,RACGAP1;KIF14;KIF23;ECT2;KIF20B
DR 8+,GO_Biological_Process_2023,Regulation Of Mitotic Sister Chromatid Separation (GO:0010965),2.836112005424511e-05,0.00036252909982382883,0,0,79.125,828.4776290914322,CCNB1;BIRC5;CDCA8;AURKB
DR 8+,GO_Biological_Process_2023,Kinetochore Organization (GO:0051383),2.836112005424511e-05,0.00036252909982382883,0,0,79.125,828.4776290914322,CENPF;CENPW;NUF2;DLGAP5
DR 8+,GO_Biological_Process_2023,Regulation Of Spindle Organization (GO:0090224),2.836112005424511e-05,0.00036252909982382883,0,0,79.125,828.4776290914322,GPSM2;TPX2;PSRC1;TACC3
DR 8+,GO_Biological_Process_2023,Regulation Of Ubiquitin Protein Ligase Activity (GO:1904666),2.836112005424511e-05,0.00036252909982382883,0,0,79.125,828.4776290914322,CDC20;UBE2S;PLK1;MAD2L1
DR 8+,GO_Biological_Process_2023,Positive Regulation Of Chromosome Separation (GO:1905820),2.836112005424511e-05,0.00036252909982382883,0,0,79.125,828.4776290914322,CDCA8;NCAPG;BIRC5;SMC4
DR 8+,GO_Biological_Process_2023,Spindle Assembly (GO:0051225),3.0409982072163825e-05,0.000380448286349624,0,0,24.94736842105263,259.4710837955379,TPX2;KIFC1;NEK2;KIF11;MZT1
DR 8+,GO_Biological_Process_2023,Establishment Of Chromosome Localization (GO:0051303),8.181450708587026e-05,0.0009432731405194453,0,0,39.541666666666664,372.12883861533135,CENPF;KIF2C;FAM83D;NDC80
DR 8+,GO_Biological_Process_2023,Regulation Of Nuclear Division (GO:0051783),8.181450708587026e-05,0.0009432731405194453,0,0,39.541666666666664,372.12883861533135,CDCA2;NEK2;MKI67;KIF20B
DR 8+,GO_Biological_Process_2023,Protein Depolymerization (GO:0051261),8.181450708587026e-05,0.0009432731405194453,0,0,39.541666666666664,372.12883861533135,KIF18A;STMN1;KIF14;KIF2C
DR 8+,GO_Biological_Process_2023,Microtubule Polymerization Or Depolymerization (GO:0031109),8.181450708587026e-05,0.0009432731405194453,0,0,39.541666666666664,372.12883861533135,KIF18A;STMN1;KIF14;KIF2C
DR 8+,GO_Biological_Process_2023,Protein Phosphorylation (GO:0006468),0.00010210117493889401,0.0011411658941890333,0,0,5.962779156327543,54.795235283610545,MELK;PLK1;PBK;CDCA8;BIRC5;NEK2;TTK;AURKB;AURKA
DR 8+,GO_Biological_Process_2023,Regulation Of Cell Division (GO:0051302),0.00010286019114288906,0.0011411658941890333,0,0,16.614035087719298,152.55239380337426,PRC1;PLK1;KIF20A;AURKB;AURKA
DR 8+,GO_Biological_Process_2023,DNA Conformation Change (GO:0071103),0.00012145241724754159,0.0012528775673956922,0,0,inf,inf,TOP2A;HMGB2;HMGB3
DR 8+,GO_Biological_Process_2023,Positive Regulation Of Mitotic Cytokinesis (GO:1903490),0.00012145241724754159,0.0012528775673956922,0,0,inf,inf,BIRC5;CDCA8;KIF20B
DR 8+,GO_Biological_Process_2023,Regulation Of Mitotic Cytokinesis (GO:1902412),0.00012145241724754159,0.0012528775673956922,0,0,inf,inf,BIRC5;CDCA8;AURKB
DR 8+,GO_Biological_Process_2023,Positive Regulation Of Attachment Of Spindle Microtubules To Kinetochore (GO:0051987),0.00012145241724754159,0.0012528775673956922,0,0,inf,inf,CCNB1;BIRC5;CDCA8
DR 8+,GO_Biological_Process_2023,Non-Membrane-Bounded Organelle Assembly (GO:0140694),0.00016936810446428435,0.001717042162499986,0,0,14.233082706766917,123.59206388861277,CENPF;CENPW;NEK2;CENPA;DLGAP5
DR 8+,GO_Biological_Process_2023,Regulation Of Mitotic Metaphase/Anaphase Transition (GO:0030071),0.00018357501735262067,0.00182952729158205,0,0,26.34722222222222,226.6621797598714,CDC20;CCNB1;PLK1;DLGAP5
DR 8+,GO_Biological_Process_2023,Regulation Of Cyclin-Dependent Protein Serine/Threonine Kinase Activity (GO:0000079),0.00021477368960561024,0.0021047821581349807,0,0,9.265139116202946,78.25267648946107,CCNA2;CCNB2;CCNB1;PSRC1;PLK1;CDKN3
DR 8+,GO_Biological_Process_2023,Chromosome Organization (GO:0051276),0.0003530788440695878,0.003403448529719961,0,0,19.75,156.9891786404046,TOP2A;CENPW;NUF2;CDCA8
DR 8+,GO_Biological_Process_2023,Protein Modification Process (GO:0036211),0.0003756051047668867,0.0035621903484343445,0,0,4.380614657210402,34.54978610687602,CCNA2;MELK;UBE2S;PLK1;CDCA8;BIRC5;NEK2;PPP2R5D;AURKB;AURKA
DR 8+,GO_Biological_Process_2023,Regulation Of Mitotic Cell Cycle Phase Transition (GO:1901990),0.0003950178597139277,0.003686833357329992,0,0,11.058479532163743,86.6606548833963,ANLN;CENPF;PLK1;KIF14;AURKA
DR 8+,GO_Biological_Process_2023,Attachment Of Mitotic Spindle Microtubules To Kinetochore (GO:0051315),0.00046811653426905627,0.004108246599256792,0,0,58.7319587628866,450.2857872458315,NUF2;KIF2C;NDC80
DR 8+,GO_Biological_Process_2023,Kinetochore Assembly (GO:0051382),0.00046811653426905627,0.004108246599256792,0,0,58.7319587628866,450.2857872458315,CENPF;CENPW;DLGAP5
DR 8+,GO_Biological_Process_2023,Positive Regulation Of Ubiquitin Protein Ligase Activity (GO:1904668),0.00046811653426905627,0.004108246599256792,0,0,58.7319587628866,450.2857872458315,CDC20;UBE2S;PLK1
DR 8+,GO_Biological_Process_2023,Regulation Of Ubiquitin-Protein Transferase Activity (GO:0051438),0.00046811653426905627,0.004108246599256792,0,0,58.7319587628866,450.2857872458315,CDC20;PLK1;MAD2L1
DR 8+,GO_Biological_Process_2023,Phosphorylation (GO:0016310),0.0006178753678129518,0.005342804651088465,0,0,5.883512544802867,43.47459087100044,MELK;PLK1;CDCA8;BIRC5;NEK2;AURKB;AURKA
DR 8+,GO_Biological_Process_2023,Regulation Of Microtubule Polymerization Or Depolymerization (GO:0031110),0.0011277550837606493,0.009209999850711968,0,0,29.350515463917525,199.217394861114,STMN1;SKA1;SKA2
DR 8+,GO_Biological_Process_2023,Positive Regulation Of Ubiquitin-Protein Transferase Activity (GO:0051443),0.0011277550837606493,0.009209999850711968,0,0,29.350515463917525,199.217394861114,CDC20;UBE2S;PLK1
DR 8+,GO_Biological_Process_2023,Positive Regulation Of Chromosome Segregation (GO:0051984),0.0011277550837606493,0.009209999850711968,0,0,29.350515463917525,199.217394861114,CCNB1;NCAPG;SMC4
DR 8+,GO_Biological_Process_2023,Regulation Of Cell Cycle G2/M Phase Transition (GO:1902749),0.0011277550837606493,0.009209999850711968,0,0,29.350515463917525,199.217394861114,CENPF;KIF14;AURKA
DR 8+,GO_Biological_Process_2023,Positive Regulation Of Mitotic Nuclear Division (GO:0045840),0.0014808362963672226,0.01145699660873588,0,0,11.267857142857142,73.41176014759877,CDC20;NUSAP1;DLGAP5;AURKA
DR 8+,GO_Biological_Process_2023,Protein Autophosphorylation (GO:0046777),0.0014808362963672226,0.01145699660873588,0,0,11.267857142857142,73.41176014759877,MELK;NEK2;AURKB;AURKA
DR 8+,GO_Biological_Process_2023,Peptidyl-Serine Modification (GO:0018209),0.0014808362963672226,0.01145699660873588,0,0,11.267857142857142,73.41176014759877,PLK1;PBK;TTK;AURKA
DR 8+,GO_Biological_Process_2023,Peptidyl-Serine Phosphorylation (GO:0018105),0.0014808362963672226,0.01145699660873588,0,0,11.267857142857142,73.41176014759877,PLK1;PBK;TTK;AURKA
DR 8+,GO_Biological_Process_2023,Regulation Of Cell Cycle (GO:0051726),0.0015837976232903235,0.01209445457785338,0,0,4.260869565217392,27.473787659521996,CDC20;PLK1;CKS2;KIF20B;FOXM1;DLGAP5;CDKN3;CKS1B
DR 8+,GO_Biological_Process_2023,Membrane Organization (GO:0061024),0.0021737022796164945,0.014857173584878668,0,0,19.556701030927837,119.90845954872826,KIF20A;CEP55;LMNB1
DR 8+,GO_Biological_Process_2023,Microtubule Bundle Formation (GO:0001578),0.0021737022796164945,0.014857173584878668,0,0,19.556701030927837,119.90845954872826,PSRC1;PLK1;KIF20A
DR 8+,GO_Biological_Process_2023,Positive Regulation Of Chromosome Organization (GO:2001252),0.0021737022796164945,0.014857173584878668,0,0,19.556701030927837,119.90845954872826,NCAPG;SMC4;AURKB
DR 8+,GO_Biological_Process_2023,Regulation Of Chromosome Condensation (GO:0060623),0.002476195597479778,0.014857173584878668,0,0,inf,inf,NCAPG;SMC4
DR 8+,GO_Biological_Process_2023,CENP-A Containing Chromatin Assembly (GO:0034080),0.002476195597479778,0.014857173584878668,0,0,inf,inf,CENPW;HJURP
DR 8+,GO_Biological_Process_2023,DNA Topological Change (GO:0006265),0.002476195597479778,0.014857173584878668,0,0,inf,inf,TOP2A;HMGB2
DR 8+,GO_Biological_Process_2023,Homologous Chromosome Pairing At Meiosis (GO:0007129),0.002476195597479778,0.014857173584878668,0,0,inf,inf,MND1;TRIP13
DR 8+,GO_Biological_Process_2023,Homologous Chromosome Segregation (GO:0045143),0.002476195597479778,0.014857173584878668,0,0,inf,inf,PTTG1;MND1
DR 8+,GO_Biological_Process_2023,Negative Regulation Of Ubiquitin-Protein Transferase Activity (GO:0051444),0.002476195597479778,0.014857173584878668,0,0,inf,inf,CDC20;MAD2L1
DR 8+,GO_Biological_Process_2023,Regulation Of Mitotic Centrosome Separation (GO:0046602),0.002476195597479778,0.014857173584878668,0,0,inf,inf,NEK2;KIF11
DR 8+,GO_Biological_Process_2023,Protein K27-linked Ubiquitination (GO:0044314),0.002476195597479778,0.014857173584878668,0,0,inf,inf,UBE2S;UBE2T
DR 8+,GO_Biological_Process_2023,Protein K29-linked Ubiquitination (GO:0035519),0.002476195597479778,0.014857173584878668,0,0,inf,inf,UBE2S;UBE2T
DR 8+,GO_Biological_Process_2023,Regulation Of Protein Localization To Cell Cortex (GO:1904776),0.002476195597479778,0.014857173584878668,0,0,inf,inf,GPSM2;PLK1
DR 8+,GO_Biological_Process_2023,Protein Localization To Microtubule Cytoskeleton (GO:0072698),0.002476195597479778,0.014857173584878668,0,0,inf,inf,FAM83D;KIF20B
DR 8+,GO_Biological_Process_2023,Protein Localization To Nuclear Envelope (GO:0090435),0.002476195597479778,0.014857173584878668,0,0,inf,inf,PLK1;LMNB1
DR 8+,GO_Biological_Process_2023,Regulation Of Telomere Capping (GO:1904353),0.002476195597479778,0.014857173584878668,0,0,inf,inf,NEK2;AURKB
DR 8+,GO_Biological_Process_2023,Centromeric Sister Chromatid Cohesion (GO:0070601),0.002476195597479778,0.014857173584878668,0,0,inf,inf,SGO1;BUB1
DR 8+,GO_Biological_Process_2023,Chromatin Remodeling At Centromere (GO:0031055),0.002476195597479778,0.014857173584878668,0,0,inf,inf,CENPW;HJURP
DR 8+,GO_Biological_Process_2023,Positive Regulation Of Attachment Of Mitotic Spindle Microtubules To Kinetochore (GO:1902425),0.002476195597479778,0.014857173584878668,0,0,inf,inf,BIRC5;CDCA8
DR 8+,GO_Biological_Process_2023,Regulation Of Attachment Of Mitotic Spindle Microtubules To Kinetochore (GO:1902423),0.002476195597479778,0.014857173584878668,0,0,inf,inf,BIRC5;CDCA8
DR 8+,GO_Biological_Process_2023,Positive Regulation Of Chromosome Condensation (GO:1905821),0.002476195597479778,0.014857173584878668,0,0,inf,inf,NCAPG;SMC4
DR 8+,GO_Biological_Process_2023,Regulation Of Microtubule Cytoskeleton Organization (GO:0070507),0.0036663054093939128,0.021775632128521422,0,0,14.65979381443299,82.22049187959041,STMN1;SKA1;SKA2
DR 8+,GO_Biological_Process_2023,Regulation Of Cyclin-Dependent Protein Kinase Activity (GO:1904029),0.003998135981473634,0.02350903957106497,0,0,7.875,43.485175369973454,CCNA2;CCNB2;CCNB1;CDKN3
DR 8+,GO_Biological_Process_2023,Negative Regulation Of Microtubule Polymerization Or Depolymerization (GO:0031111),0.005654249936284305,0.032595087867991875,0,0,11.721649484536082,60.66361305353392,TPX2;STMN1;CKAP2
DR 8+,GO_Biological_Process_2023,Regulation Of G2/M Transition Of Mitotic Cell Cycle (GO:0010389),0.005654249936284305,0.032595087867991875,0,0,11.721649484536082,60.66361305353392,CCNB1;CENPF;KIF14
DR 8+,GO_Biological_Process_2023,Regulation Of Chromosome Separation (GO:1905818),0.007185712772057863,0.03706315008745635,0,0,38.755102040816325,191.2820287028576,NCAPG;SMC4
DR 8+,GO_Biological_Process_2023,Positive Regulation Of Metaphase/Anaphase Transition Of Cell Cycle (GO:1902101),0.007185712772057863,0.03706315008745635,0,0,38.755102040816325,191.2820287028576,CDC20;DLGAP5
DR 8+,GO_Biological_Process_2023,Positive Regulation Of Mitotic Metaphase/Anaphase Transition (GO:0045842),0.007185712772057863,0.03706315008745635,0,0,38.755102040816325,191.2820287028576,CDC20;DLGAP5
DR 8+,GO_Biological_Process_2023,Negative Regulation Of Transferase Activity (GO:0051348),0.007185712772057863,0.03706315008745635,0,0,38.755102040816325,191.2820287028576,CDC20;MAD2L1
DR 8+,GO_Biological_Process_2023,Positive Regulation Of Telomere Maintenance (GO:0032206),0.007185712772057863,0.03706315008745635,0,0,38.755102040816325,191.2820287028576,NEK2;AURKB
DR 8+,GO_Biological_Process_2023,Positive Regulation Of Telomere Maintenance Via Telomerase (GO:0032212),0.007185712772057863,0.03706315008745635,0,0,38.755102040816325,191.2820287028576,NEK2;AURKB
DR 8+,GO_Biological_Process_2023,Positive Regulation Of Telomere Maintenance Via Telomere Lengthening (GO:1904358),0.007185712772057863,0.03706315008745635,0,0,38.755102040816325,191.2820287028576,NEK2;AURKB
DR 8+,GO_Biological_Process_2023,Nucleosome Assembly (GO:0006334),0.007185712772057863,0.03706315008745635,0,0,38.755102040816325,191.2820287028576,HMGB2;ASF1B
DR 8+,GO_Biological_Process_2023,Nucleosome Organization (GO:0034728),0.007185712772057863,0.03706315008745635,0,0,38.755102040816325,191.2820287028576,HMGB2;ASF1B
DR 8+,GO_Biological_Process_2023,Protein K6-linked Ubiquitination (GO:0085020),0.007185712772057863,0.03706315008745635,0,0,38.755102040816325,191.2820287028576,UBE2S;UBE2T
DR 8+,GO_Biological_Process_2023,"Protein Localization To Chromosome, Centromeric Region (GO:0071459)",0.007185712772057863,0.03706315008745635,0,0,38.755102040816325,191.2820287028576,TTK;CENPA
DR 8+,GO_Biological_Process_2023,Negative Regulation Of Cell Cycle Process (GO:0010948),0.007185712772057863,0.03706315008745635,0,0,38.755102040816325,191.2820287028576,NEK2;AURKB
DR 8+,GO_Biological_Process_2023,DNA Metabolic Process (GO:0006259),0.00770975397613587,0.039420307286677315,0,0,3.978723404255319,19.35755964476739,TOP2A;UBE2T;HMGB2;HMGB3;KPNA2;TYMS
DR 8+,GO_Biological_Process_2023,Regulation Of Small GTPase Mediated Signal Transduction (GO:0051056),0.008175776347842991,0.04144272838389378,0,0,9.762886597938145,46.92609156472618,RACGAP1;ECT2;FOXM1
DR 8+,GO_Biological_Process_2023,Positive Regulation Of Mitotic Cell Cycle Phase Transition (GO:1901992),0.008465471564906535,0.042544421197991816,0,0,6.048076923076923,28.8599688612203,CDC20;CCNB1;CDCA5;DLGAP5
DR 9+,GO_Biological_Process_2023,Regulation Of DNA-templated Transcription (GO:0006355),8.429872358385899e-13,9.736502573935714e-10,0,0,6.68272506082725,185.79194984664596,CEBPD;CITED2;GATA3;ZFP36L2;MYC;HES1;JUNB;SOX4;EGR1;JUN;EGR2;XBP1;JUND;FOS;KLF4;NR4A2;NR4A1;KLF6;MAFB;ELF3;TCIM;BAMBI;IRF1;DDIT3;MAFF;ID1;ID4;FOSB;ID3;NCOA7;ATF3
DR 9+,GO_Biological_Process_2023,Regulation Of Transcription By RNA Polymerase II (GO:0006357),2.1046610690703076e-12,1.2154417673881027e-09,0,0,6.224880912817104,167.3675431649154,CEBPD;CITED2;GATA3;ZFP36;MYC;HES1;JUNB;IER2;SOX4;EGR1;JUN;EGR2;XBP1;JUND;FOS;KLF4;NFKBIA;NR4A2;NR4A1;KLF6;MAFB;RGCC;ELF3;IRF1;DDIT3;MAFF;ID1;ID4;FOSB;ID3;NCOA7;ATF3
DR 9+,GO_Biological_Process_2023,Positive Regulation Of Transcription By RNA Polymerase II (GO:0045944),6.7084357992150965e-12,2.582747782697812e-09,0,0,7.567432567432568,194.692296653807,CITED2;GATA3;MYC;HES1;JUNB;IER2;SOX4;EGR1;JUN;EGR2;XBP1;JUND;FOS;KLF4;NFKBIA;NR4A2;NR4A1;KLF6;RGCC;ELF3;IRF1;DDIT3;MAFF;NCOA7;ATF3
DR 9+,GO_Biological_Process_2023,Positive Regulation Of DNA-templated Transcription (GO:0045893),3.171770663638299e-11,9.15848779125559e-09,0,0,6.403204449152542,154.79199936263495,CITED2;GATA3;MYC;HES1;JUNB;IER2;SOX4;EGR1;JUN;EGR2;XBP1;JUND;FOS;KLF4;NFKBIA;NR4A2;NR4A1;KLF6;MAFB;RGCC;ELF3;BAMBI;IRF1;DDIT3;MAFF;NCOA7;ATF3
DR 9+,GO_Biological_Process_2023,Negative Regulation Of Transcription By RNA Polymerase II (GO:0000122),2.002115512017546e-08,4.6248868327605315e-06,0,0,6.575342465753424,116.55765282025222,JUN;JUND;CITED2;GATA3;KLF4;NR4A2;ZFP36;MAFB;MYC;DDIT3;MAFF;ID1;ID4;FOSB;ID3;HES1;ATF3;SOX4
DR 9+,GO_Biological_Process_2023,Regulation Of Cell Cycle (GO:0051726),4.5043443987845545e-08,8.670862967660268e-06,0,0,9.474747474747474,160.27140212833828,PPP1R15A;JUN;CDKN1A;JUND;GADD45B;CITED2;GATA3;RHOB;NR4A1;MYC;IRF1;CKS2;JUNB
DR 9+,GO_Biological_Process_2023,Negative Regulation Of DNA-templated Transcription (GO:0045892),9.10329018635081e-08,1.5020428807478836e-05,0,0,5.262087991868738,85.30920645955543,JUN;JUND;CITED2;GATA3;KLF4;NR4A2;ZFP36;MAFB;ELF3;MYC;IRF1;DDIT3;MAFF;ID1;ID4;FOSB;ID3;HES1;ATF3;SOX4
DR 9+,GO_Biological_Process_2023,Integrated Stress Response Signaling (GO:0140467),1.9635298295615665e-07,2.8348461914295117e-05,0,0,67.30588235294118,1039.4284236936178,JUN;MAFB;CEBPD;DDIT3;FOS;JUNB
DR 9+,GO_Biological_Process_2023,Positive Regulation Of Nucleic Acid-Templated Transcription (GO:1903508),8.130802964370208e-07,0.00010434530470941768,0,0,6.367066895368782,89.28178783581572,EGR1;JUN;EGR2;CITED2;FOS;GATA3;KLF4;KLF6;MAFB;BAMBI;MYC;IRF1;DDIT3;SOX4
DR 9+,GO_Biological_Process_2023,Positive Regulation Of miRNA Metabolic Process (GO:2000630),9.993355543165107e-06,0.0010493023320323363,0,0,19.17983193277311,220.8287236649203,EGR1;JUN;MYC;FOS;GATA3;KLF4
DR 9+,GO_Biological_Process_2023,Positive Regulation Of miRNA Transcription (GO:1902895),9.993355543165107e-06,0.0010493023320323363,0,0,19.17983193277311,220.8287236649203,EGR1;JUN;MYC;GATA3;FOS;KLF4
DR 9+,GO_Biological_Process_2023,Regulation Of Apoptotic Process (GO:0042981),1.6495770472482683e-05,0.0014971597762901128,0,0,3.9871361746361744,43.90796450504361,EGR1;JUN;XBP1;GADD45B;CITED2;PLK2;RHOB;SOCS3;TCIM;MYC;PMAIP1;CYP1B1;SGK1;SOX4;HSPA1B;IER3;MCL1
DR 9+,GO_Biological_Process_2023,Neuron Differentiation (GO:0030182),1.6851148997204733e-05,0.0014971597762901128,0,0,16.773529411764706,184.35940012791568,NR4A2;UGDH;XBP1;DDIT4;IER2;SOX4
DR 9+,GO_Biological_Process_2023,Negative Regulation Of Nucleic Acid-Templated Transcription (GO:1903507),2.5870352187022385e-05,0.0018386446466950742,0,0,5.695555555555556,60.1588097468261,JUN;ELF3;CITED2;IRF1;DDIT3;ID1;ID4;ID3;HES1;GATA3;KLF4
DR 9+,GO_Biological_Process_2023,Negative Regulation Of DNA-binding Transcription Factor Activity (GO:0043433),2.6385548142274797e-05,0.0018386446466950742,0,0,8.665519219736087,91.35791849479409,NFKBIA;DDIT3;ID1;ID3;CYP1B1;HES1;KLF4;TRIB1
DR 9+,GO_Biological_Process_2023,Regulation Of miRNA Transcription (GO:1902893),2.706230215914828e-05,0.0018386446466950742,0,0,14.901960784313726,156.72941834678448,EGR1;JUN;MYC;FOS;GATA3;KLF4
DR 9+,GO_Biological_Process_2023,Response To Endoplasmic Reticulum Stress (GO:0034976),2.706230215914828e-05,0.0018386446466950742,0,0,14.901960784313726,156.72941834678448,PPP1R15A;JUN;XBP1;DDIT3;ATF3;HERPUD1
DR 9+,GO_Biological_Process_2023,Regulation Of Endoplasmic Reticulum Stress-Induced Intrinsic Apoptotic Signaling Pathway (GO:1902235),5.6182391895139155e-05,0.003605036813271429,0,0,43.839080459770116,429.0490105110556,XBP1;DDIT3;PMAIP1;HERPUD1
DR 9+,GO_Biological_Process_2023,Regulation Of Cell Population Proliferation (GO:0042127),6.200089974921605e-05,0.003769002063702344,0,0,3.4023574386747373,32.963269365671536,JUN;BTG2;CDKN1A;XBP1;JUND;EDN2;GATA3;RGCC;SERTAD1;BAMBI;MYC;IRF1;CYP1B1;HES1;SGK1;JUNB;SOX4;HSPA1B
DR 9+,GO_Biological_Process_2023,Negative Regulation Of Cell Cycle (GO:0045786),8.981139367446182e-05,0.00518660798470017,0,0,11.158823529411764,103.975671513914,NR4A1;BTG2;CDKN1A;DUSP1;GATA3;RHOB
DR 9+,GO_Biological_Process_2023,Fat Cell Differentiation (GO:0045444),0.00010750038081737253,0.005912520944955489,0,0,15.79734219269103,144.3563683669066,NR4A2;NR4A1;EGR2;MAFB;KLF4
DR 9+,GO_Biological_Process_2023,Negative Regulation Of Cellular Process (GO:0048523),0.00011883106653998338,0.006238630993349127,0,0,3.80773249738767,34.41355401726146,BTG2;CDKN1A;DUSP1;TACSTD2;GATA3;RHOB;NR4A1;RGCC;MYC;IRF1;TXNIP;CYP1B1;SOX4;HSPA1B
DR 9+,GO_Biological_Process_2023,Negative Regulation Of Mitotic Cell Cycle Phase Transition (GO:1901991),0.00012653202493534437,0.006354108208709685,0,0,29.21072796934866,262.1667251996538,CDKN1A;RGCC;KLF4;ZFP36L2
DR 9+,GO_Biological_Process_2023,Intrinsic Apoptotic Signaling Pathway (GO:0097193),0.00017413172006726537,0.008380089028237146,0,0,9.554621848739496,82.70192632196814,PPP1R15A;CDKN1A;DDIT3;PMAIP1;CYP1B1;MCL1
DR 9+,GO_Biological_Process_2023,Ventricular Septum Development (GO:0003281),0.0002442703234699012,0.011285288944309435,0,0,21.896551724137932,182.1187677554487,CITED2;HES1;GATA3;SOX4
DR 9+,GO_Biological_Process_2023,Response To Fibroblast Growth Factor (GO:0071774),0.00042442482252787926,0.01885425653921925,0,0,17.508045977011495,135.94604933375524,NR4A1;ZFP36;ZFP36L2;IER2
DR 9+,GO_Biological_Process_2023,Apoptotic Process (GO:0006915),0.0004447504882358461,0.019025437552311196,0,0,5.315379163713678,41.024081149767895,PPP1R15A;NFKBIA;MYC;IRF1;DDIT4;PMAIP1;RHOB;IER3
DR 9+,GO_Biological_Process_2023,Regulation Of Stem Cell Differentiation (GO:2000736),0.0008532204597236049,0.031789342934863345,0,0,32.50568181818182,229.7011597553355,TACSTD2;HES1;ZFP36L2
DR 9+,GO_Biological_Process_2023,Positive Regulation Of mRNA Catabolic Process (GO:0061014),0.0008532204597236049,0.031789342934863345,0,0,32.50568181818182,229.7011597553355,BTG2;ZFP36;ZFP36L2
DR 9+,GO_Biological_Process_2023,Positive Regulation Of Response To Endoplasmic Reticulum Stress (GO:1905898),0.0008532204597236049,0.031789342934863345,0,0,32.50568181818182,229.7011597553355,XBP1;DDIT3;PMAIP1
DR 9+,GO_Biological_Process_2023,mRNA Catabolic Process (GO:0006402),0.0008532204597236049,0.031789342934863345,0,0,32.50568181818182,229.7011597553355,ZFP36;ZFP36L2;HSPA1B
DR 9+,GO_Biological_Process_2023,Negative Regulation Of Cell Population Proliferation (GO:0008285),0.001008709474939027,0.03625607172881004,0,0,3.508159722222222,24.20308689960528,BTG2;CDKN1A;RGCC;MYC;IRF1;CYP1B1;HES1;GATA3;TRIB1;SOX4;HSPA1B
DR 9+,GO_Biological_Process_2023,Positive Regulation Of T Cell Differentiation (GO:0045582),0.0010358877636802869,0.03625607172881004,0,0,12.492610837438423,85.8554239716956,XBP1;PNP;GATA3;SOX4
DR 9+,GO_Biological_Process_2023,Cellular Response To Transforming Growth Factor Beta Stimulus (GO:0071560),0.0012239282147987313,0.04157756141448631,0,0,7.869601328903655,52.77110492572992,JUN;BAMBI;ID1;FOS;ZFP36L2
DR 9+,GO_Biological_Process_2023,Positive Regulation Of Apoptotic Process (GO:0043065),0.0013061981423328685,0.04310453869698466,0,0,4.391419335880106,29.16181093327643,JUN;GADD45B;DDIT3;PMAIP1;CYP1B1;SOX4;RHOB;MCL1
DR 9+,GO_Biological_Process_2023,DNA-templated Transcription (GO:0006351),0.0015000839087177917,0.04550004394310306,0,0,10.925287356321839,71.03877745684247,NR4A2;XBP1;CEBPD;ZFP36L2
DR 9+,GO_Biological_Process_2023,Negative Regulation Of Cell Differentiation (GO:0045596),0.0015305162750618901,0.04550004394310306,0,0,5.788235294117647,37.5202103715415,NFKBIA;BAMBI;HES1;GATA3;ZFP36L2;SOX4
DR 9+,GO_Biological_Process_2023,Regulation Of Epidermal Cell Differentiation (GO:0045604),0.001650263914451064,0.04550004394310306,0,0,21.65909090909091,138.76589802476275,ERRFI1;ZFP36;MAFF
DR 9+,GO_Biological_Process_2023,Regulation Of mRNA Catabolic Process (GO:0061013),0.001650263914451064,0.04550004394310306,0,0,21.65909090909091,138.76589802476275,ZFP36;EIF4A3;ZFP36L2
DR 9+,GO_Biological_Process_2023,Ventricular Septum Morphogenesis (GO:0060412),0.001650263914451064,0.04550004394310306,0,0,21.65909090909091,138.76589802476275,CITED2;HES1;SOX4
DR 9+,GO_Biological_Process_2023,3'-UTR-mediated mRNA Destabilization (GO:0061158),0.0020484868268756356,0.04550004394310306,0,0,inf,inf,ZFP36;ZFP36L2
DR 9+,GO_Biological_Process_2023,ATF6-mediated Unfolded Protein Response (GO:0036500),0.0020484868268756356,0.04550004394310306,0,0,inf,inf,XBP1;DDIT3
DR 9+,GO_Biological_Process_2023,Negative Regulation Of Erythrocyte Differentiation (GO:0045647),0.0020484868268756356,0.04550004394310306,0,0,inf,inf,ZFP36;MAFB
DR 9+,GO_Biological_Process_2023,Negative Regulation Of Myeloid Cell Differentiation (GO:0045638),0.0020484868268756356,0.04550004394310306,0,0,inf,inf,ZFP36;MAFB
DR 9+,GO_Biological_Process_2023,Negative Regulation Of Transcription From RNA Polymerase II Promoter In Response To Stress (GO:0097201),0.0020484868268756356,0.04550004394310306,0,0,inf,inf,JUN;CITED2
DR 9+,GO_Biological_Process_2023,Neuroepithelial Cell Differentiation (GO:0060563),0.0020484868268756356,0.04550004394310306,0,0,inf,inf,TUBB2A;SOX4
DR 9+,GO_Biological_Process_2023,Cellular Response To Granulocyte Macrophage Colony-Stimulating Factor Stimulus (GO:0097011),0.0020484868268756356,0.04550004394310306,0,0,inf,inf,ZFP36;ZFP36L2
DR 9+,GO_Biological_Process_2023,Regulation Of Telomere Maintenance (GO:0032204),0.0020484868268756356,0.04550004394310306,0,0,inf,inf,PPP1R10;MYC
DR 9+,GO_Biological_Process_2023,Response To Granulocyte Macrophage Colony-Stimulating Factor (GO:0097012),0.0020484868268756356,0.04550004394310306,0,0,inf,inf,ZFP36;ZFP36L2
DR 9+,GO_Biological_Process_2023,Positive Regulation Of Endoplasmic Reticulum Stress-Induced Intrinsic Apoptotic Signaling Pathway (GO:1902237),0.0020484868268756356,0.04550004394310306,0,0,inf,inf,DDIT3;PMAIP1
DR 9+,GO_Biological_Process_2023,Positive Regulation Of Hormone Metabolic Process (GO:0032352),0.0020484868268756356,0.04550004394310306,0,0,inf,inf,EGR1;GATA3
DR 9+,GO_Biological_Process_2023,Regulation Of T-helper 17 Cell Differentiation (GO:2000319),0.0020484868268756356,0.04550004394310306,0,0,inf,inf,NFKBIZ;JUNB
DR 9+,GO_Biological_Process_2023,Negative Regulation Of Gene Expression (GO:0010629),0.0022091420882788815,0.04814262475400204,0,0,3.992503346720214,24.414760969618182,ZFP36;BTG2;RGCC;CITED2;EIF4A3;KLF4;ZFP36L2;HSPA1B
DR 10+,GO_Biological_Process_2023,Protein Localization (GO:0008104),0.02089479454558477,0.02089479454558477,0,0,98.9,382.5704408463503,TNS4
DR 10-,GO_Biological_Process_2023,Positive Regulation Of Extrinsic Apoptotic Signaling Pathway Via Death Domain Receptors (GO:1902043),2.118512091449149e-05,0.009321453202376257,0,0,178.45454545454547,1920.5655553131737,SFRP1;TIMP3;THBS1
DR 11-,GO_Biological_Process_2023,Negative Regulation Of Endopeptidase Activity (GO:0010951),5.015325747154813e-05,0.008124827710390798,0,0,27.3986013986014,271.25785554492325,SERPINA3;SERPINA1;SERPINE2;TIMP1
DR 11-,GO_Biological_Process_2023,Regulation Of Endopeptidase Activity (GO:0052548),5.015325747154813e-05,0.008124827710390798,0,0,27.3986013986014,271.25785554492325,SERPINA3;SERPINA1;SERPINE2;TIMP1
DR 11-,GO_Biological_Process_2023,Negative Regulation Of Peptidase Activity (GO:0010466),8.563470971075355e-05,0.009248548648761384,0,0,23.159763313609467,216.90090751550275,SERPINA3;SERPINA1;SERPINE2;TIMP1
DR 11-,GO_Biological_Process_2023,Extracellular Matrix Organization (GO:0030198),0.00047822325519070787,0.02619177361385192,0,0,9.409756097560976,71.94165859937775,MMP7;MIA;CYP1B1;COL8A1;CTSS
DR 11-,GO_Biological_Process_2023,Antigen Processing And Presentation Of Endogenous Peptide Antigen Via MHC Class I Via ER Pathway (GO:0002484),0.0006467104596012819,0.02619177361385192,0,0,140.64285714285714,1032.8265559656602,HLA-B;HLA-A
DR 11-,GO_Biological_Process_2023,"Antigen Processing And Presentation Of Endogenous Peptide Antigen Via MHC Class I Via ER Pathway, TAP-independent (GO:0002486)",0.0006467104596012819,0.02619177361385192,0,0,140.64285714285714,1032.8265559656602,HLA-B;HLA-A
DR 11-,GO_Biological_Process_2023,Antigen Processing And Presentation Of Endogenous Peptide Antigen Via MHC Class Ib (GO:0002476),0.0006467104596012819,0.02619177361385192,0,0,140.64285714285714,1032.8265559656602,HLA-B;HLA-A
DR 11-,GO_Biological_Process_2023,Antigen Processing And Presentation Of Peptide Antigen Via MHC Class Ib (GO:0002428),0.0006467104596012819,0.02619177361385192,0,0,140.64285714285714,1032.8265559656602,HLA-B;HLA-A
DR 11-,GO_Biological_Process_2023,Proteolysis (GO:0006508),0.0007774396090692466,0.02798782592649288,0,0,8.365217391304348,59.89081231064977,MMP7;UBD;WFDC2;CTSC;CTSS
DR 11-,GO_Biological_Process_2023,Detection Of Bacterium (GO:0016045),0.001281352273968293,0.04151581367657269,0,0,70.28571428571429,468.09156185453054,HLA-B;HLA-A
DR 12-,GO_Biological_Process_2023,Positive Regulation Of Extrinsic Apoptotic Signaling Pathway (GO:2001238),6.069718001760379e-07,0.00034051117989875723,0,0,52.634408602150536,753.4501640359257,TNFRSF12A;CAV1;PMAIP1;G0S2;INHBA
DR 12-,GO_Biological_Process_2023,Positive Regulation Of Apoptotic Signaling Pathway (GO:2001235),0.00013815835914139188,0.038753419739160425,0,0,20.333333333333332,180.704570014361,TNFRSF12A;CAV1;PMAIP1;G0S2
DR 12-,GO_Biological_Process_2023,Negative Regulation Of Protein Kinase Activity (GO:0006469),0.00022637902622930732,0.039193460328070785,0,0,17.410714285714285,146.13334571160942,CDKN1A;CAV1;SFN;TRIB3
DR 12-,GO_Biological_Process_2023,Protein Secretion (GO:0009306),0.00031514781034923075,0.039193460328070785,0,0,inf,inf,GAL;ANXA1
DR 12-,GO_Biological_Process_2023,Intrinsic Apoptotic Signaling Pathway (GO:0097193),0.00034931782823592497,0.039193460328070785,0,0,15.21875,121.13407234376201,CDKN1A;PMAIP1;SFN;TRIB3
DR 16+,GO_Biological_Process_2023,Cellular Response To Decreased Oxygen Levels (GO:0036294),1.2821611303514803e-05,0.006519789347837277,0,0,12.925708699902248,145.60007424149998,EGLN3;FAM162A;BNIP3;HILPDA;AK4;NDRG1;VEGFA
DR 16+,GO_Biological_Process_2023,Cellular Response To Hypoxia (GO:0071456),1.2821611303514803e-05,0.006519789347837277,0,0,12.925708699902248,145.60007424149998,EGLN3;FAM162A;BNIP3;HILPDA;AK4;NDRG1;VEGFA
DR 16+,GO_Biological_Process_2023,Intrinsic Apoptotic Signaling Pathway In Response To Endoplasmic Reticulum Stress (GO:0070059),2.836112005424511e-05,0.009614419698389092,0,0,79.125,828.4776290914322,ERO1A;PPP1R15A;DDIT3;TRIB3
DR 16+,GO_Biological_Process_2023,Response To Endoplasmic Reticulum Stress (GO:0034976),4.668507662899191e-05,0.011869680732921193,0,0,13.411347517730496,133.73911085789635,ERO1A;PPP1R15A;HSPA5;DDIT3;TRIB3;HERPUD1
DR 16+,GO_Biological_Process_2023,Regulation Of Intrinsic Apoptotic Signaling Pathway (GO:2001242),0.00010286019114288906,0.020921762878463635,0,0,16.614035087719298,152.55239380337426,CAV1;DDIT3;PLAUR;NUPR1;HERPUD1
DR 17+,GO_Biological_Process_2023,Oxidative Phosphorylation (GO:0006119),1.6206941693861206e-05,0.002274374151038523,0,0,196.6,2168.511940490116,NDUFA3;NDUFB1;ATP5ME
DR 17+,GO_Biological_Process_2023,Proton Motive Force-Driven ATP Synthesis (GO:0015986),1.6206941693861206e-05,0.002274374151038523,0,0,196.6,2168.511940490116,NDUFA3;NDUFB1;ATP5ME
DR 17+,GO_Biological_Process_2023,Proton Motive Force-Driven Mitochondrial ATP Synthesis (GO:0042776),1.6206941693861206e-05,0.002274374151038523,0,0,196.6,2168.511940490116,NDUFA3;NDUFB1;ATP5ME
DR 17+,GO_Biological_Process_2023,Cellular Respiration (GO:0045333),4.0061371436404944e-05,0.00421645934368162,0,0,98.25,994.7908778863606,NDUFA3;NDUFB1;ETFB
DR 17+,GO_Biological_Process_2023,NADH Dehydrogenase Complex Assembly (GO:0010257),0.0002641235165100548,0.013899500056341633,0,0,inf,inf,NDUFA3;NDUFB1
DR 17+,GO_Biological_Process_2023,Aerobic Respiration (GO:0009060),0.0002641235165100548,0.013899500056341633,0,0,inf,inf,NDUFA3;NDUFB1
DR 17+,GO_Biological_Process_2023,"Mitochondrial Electron Transport, NADH To Ubiquinone (GO:0006120)",0.0002641235165100548,0.013899500056341633,0,0,inf,inf,NDUFA3;NDUFB1
DR 17+,GO_Biological_Process_2023,Mitochondrial Respiratory Chain Complex I Assembly (GO:0032981),0.0002641235165100548,0.013899500056341633,0,0,inf,inf,NDUFA3;NDUFB1
DR 17+,GO_Biological_Process_2023,Aerobic Electron Transport Chain (GO:0019646),0.0007841805582482457,0.02751166791854262,0,0,126.83870967741936,907.0072837183947,NDUFA3;NDUFB1
DR 17+,GO_Biological_Process_2023,Mitochondrial ATP Synthesis Coupled Electron Transport (GO:0042775),0.0007841805582482457,0.02751166791854262,0,0,126.83870967741936,907.0072837183947,NDUFA3;NDUFB1
DR 17+,GO_Biological_Process_2023,Mitochondrial Respiratory Chain Complex Assembly (GO:0033108),0.0007841805582482457,0.02751166791854262,0,0,126.83870967741936,907.0072837183947,NDUFA3;NDUFB1
DR 17+,GO_Biological_Process_2023,Regulation Of Bone Remodeling (GO:0046850),0.0007841805582482457,0.02751166791854262,0,0,126.83870967741936,907.0072837183947,SFRP1;MDK
DR 17-,GO_Biological_Process_2023,Chromatin Organization (GO:0006325),4.2420822124688775e-06,0.003156109166076845,0,0,35.851851851851855,443.50376737528774,MYC;HAT1;MTA2;SMARCA1;SF3B1
DR 17-,GO_Biological_Process_2023,Chromatin Remodeling (GO:0006338),2.2415255243635098e-05,0.008338474950632255,0,0,46.981818181818184,502.9764829406745,MYC;MTA2;SMARCA1;SF3B1
DR 17-,GO_Biological_Process_2023,mRNA Processing (GO:0006397),4.3844116949961626e-05,0.010873341003590484,0,0,35.21818181818182,353.409876576385,CPSF3;PRPF3;EIF4A3;SF3B1
DR 17-,GO_Biological_Process_2023,RNA Processing (GO:0006396),0.00045821475174576414,0.03979970348825485,0,0,34.607142857142854,266.0656872525933,SETX;PRPF3;SF3B1
DR 17-,GO_Biological_Process_2023,"RNA Splicing, Via Transesterification Reactions With Bulged Adenosine As Nucleophile (GO:0000377)",0.00078506679397184,0.03979970348825485,0,0,25.941964285714285,185.47834528466046,PRPF3;EIF4A3;SF3B1
DR 17-,GO_Biological_Process_2023,mRNA Metabolic Process (GO:0016071),0.00078506679397184,0.03979970348825485,0,0,25.941964285714285,185.47834528466046,CPSF3;PRPF3;ZFP36L2
DR 17-,GO_Biological_Process_2023,Stress Granule Assembly (GO:0034063),0.0008559076018979538,0.03979970348825485,0,0,inf,inf,G3BP1;G3BP2
DR 17-,GO_Biological_Process_2023,"RNA Splicing, Via Transesterification Reactions (GO:0000375)",0.0008559076018979538,0.03979970348825485,0,0,inf,inf,PRPF3;SF3B1
DR 17-,GO_Biological_Process_2023,Regulation Of Intrinsic Apoptotic Signaling Pathway By P53 Class Mediator (GO:1902253),0.0008559076018979538,0.03979970348825485,0,0,inf,inf,MYC;MDM2
DR 17-,GO_Biological_Process_2023,Negative Regulation Of Protein Sumoylation (GO:0033234),0.0008559076018979538,0.03979970348825485,0,0,inf,inf,GNL3L;CTNNB1
DR 17-,GO_Biological_Process_2023,Positive Regulation Of Transcription By RNA Polymerase I (GO:0045943),0.0008559076018979538,0.03979970348825485,0,0,inf,inf,NOL11;SF3B1
DR 17-,GO_Biological_Process_2023,Nucleotide-Sugar Biosynthetic Process (GO:0009226),0.0008559076018979538,0.03979970348825485,0,0,inf,inf,UGDH;GFPT1
DR 17-,GO_Biological_Process_2023,Maturation Of SSU-rRNA (GO:0030490),0.0008559076018979538,0.03979970348825485,0,0,inf,inf,NOL11;DCAF13
DR 17-,GO_Biological_Process_2023,"Maturation Of SSU-rRNA From Tricistronic rRNA Transcript (SSU-rRNA, 5.8S rRNA, LSU-rRNA) (GO:0000462)",0.0008559076018979538,0.03979970348825485,0,0,inf,inf,KRI1;DCAF13
DR 17-,GO_Biological_Process_2023,Regulation Of Stress Granule Assembly (GO:0062028),0.0008559076018979538,0.03979970348825485,0,0,inf,inf,G3BP1;G3BP2
DR 17-,GO_Biological_Process_2023,Regulation Of Transcription By RNA Polymerase III (GO:0006359),0.0008559076018979538,0.03979970348825485,0,0,inf,inf,SF3B1;ZFP36L2
DR 18-,GO_Biological_Process_2023,Mitotic Spindle Organization (GO:0007052),9.16343429923538e-19,5.021561995980988e-16,0,0,51.91463414634146,2156.2170017532476,PLK1;CDCA8;KIF23;TTK;AURKB;MZT1;NDC80;AURKA;TPX2;CCNB1;CENPH;KIFC1;KIF4A;NUF2;STMN1;BIRC5;DLGAP5;SPC25
DR 18-,GO_Biological_Process_2023,Mitotic Sister Chromatid Segregation (GO:0000070),1.7993835317423987e-17,4.8683969214616675e-15,0,0,37.69623059866962,1453.434807698091,PLK1;CDCA8;NCAPG;KIF23;KIF22;KNSTRN;NDC80;ZWINT;MZT1;SGO1;TPX2;CCNB1;KIF18A;PSRC1;KIFC1;NUSAP1;KIF2C;DLGAP5
DR 18-,GO_Biological_Process_2023,Microtubule Cytoskeleton Organization Involved In Mitosis (GO:1902850),2.665180796420621e-17,4.8683969214616675e-15,0,0,60.12698412698413,2294.666661983741,PLK1;CDCA8;TTK;AURKB;NDC80;CCNB1;CENPH;KIF4A;NUF2;STMN1;NUSAP1;CDK1;TACC3;BIRC5;DLGAP5;SPC25
DR 18-,GO_Biological_Process_2023,Spindle Assembly Checkpoint Signaling (GO:0071173),3.263897152172373e-14,2.5551651991292296e-12,0,0,234.7078651685393,7288.446561524461,CDC20;CENPF;NUF2;PLK1;TTK;TRIP13;BUB1;NDC80;ZWINT;MAD2L1;SPC25
DR 18-,GO_Biological_Process_2023,Negative Regulation Of Mitotic Metaphase/Anaphase Transition (GO:0045841),3.263897152172373e-14,2.5551651991292296e-12,0,0,234.7078651685393,7288.446561524461,CDC20;CENPF;NUF2;PLK1;TTK;TRIP13;BUB1;NDC80;ZWINT;MAD2L1;SPC25
DR 18-,GO_Biological_Process_2023,Mitotic Spindle Assembly Checkpoint Signaling (GO:0007094),3.263897152172373e-14,2.5551651991292296e-12,0,0,234.7078651685393,7288.446561524461,CDC20;CENPF;NUF2;PLK1;TTK;TRIP13;BUB1;NDC80;ZWINT;MAD2L1;SPC25
DR 18-,GO_Biological_Process_2023,Mitotic Spindle Checkpoint Signaling (GO:0071174),3.263897152172373e-14,2.5551651991292296e-12,0,0,234.7078651685393,7288.446561524461,CDC20;CENPF;NUF2;PLK1;TTK;TRIP13;BUB1;NDC80;ZWINT;MAD2L1;SPC25
DR 18-,GO_Biological_Process_2023,Mitotic Cytokinesis (GO:0000281),6.374636371383784e-13,3.88144525724257e-11,0,0,51.68181818181818,1451.2915638231957,RACGAP1;KIF4A;STMN1;PLK1;NUSAP1;CKAP2;BIRC5;CDCA8;KIF23;KIF20A;CENPA;AURKB
DR 18-,GO_Biological_Process_2023,Cytoskeleton-Dependent Cytokinesis (GO:0061640),6.374636371383784e-13,3.88144525724257e-11,0,0,51.68181818181818,1451.2915638231957,RACGAP1;KIF4A;STMN1;PLK1;NUSAP1;CKAP2;BIRC5;CDCA8;KIF23;KIF20A;CENPA;AURKB
DR 18-,GO_Biological_Process_2023,Metaphase Plate Congression (GO:0051310),5.3079623516446326e-11,2.6443303351829625e-09,0,0,52.666666666666664,1246.0526746270045,CCNB1;CENPF;KIF18A;PSRC1;KIFC1;CDCA8;KIF2C;KIF22;FAM83D;NDC80
DR 18-,GO_Biological_Process_2023,Mitotic Nuclear Division (GO:0140014),5.3079623516446326e-11,2.6443303351829625e-09,0,0,52.666666666666664,1246.0526746270045,SGO1;KIF18A;UBE2C;KIFC1;UBE2S;PLK1;NUSAP1;KNSTRN;NDC80;ZWINT
DR 18-,GO_Biological_Process_2023,Sister Chromatid Segregation (GO:0000819),2.661811598462154e-10,1.2155606299643836e-08,0,0,62.53846153846154,1378.775704719465,TOP2A;SGO1;KIF18A;KIFC1;PLK1;NUSAP1;KNSTRN;NDC80;ZWINT
DR 18-,GO_Biological_Process_2023,Mitotic Metaphase Plate Congression (GO:0007080),8.295203725463589e-10,3.2469797439671765e-08,0,0,46.879120879120876,980.2505486050385,CCNB1;KIF18A;PSRC1;KIFC1;NUF2;CDCA8;KIF2C;KIF22;NDC80
DR 18-,GO_Biological_Process_2023,Mitotic Spindle Assembly (GO:0090307),8.295203725463589e-10,3.2469797439671765e-08,0,0,46.879120879120876,980.2505486050385,TPX2;RACGAP1;KIFC1;KIF4A;CDCA8;BIRC5;KIF23;AURKB;MZT1
DR 18-,GO_Biological_Process_2023,Mitotic Cell Cycle Phase Transition (GO:0044772),1.2620282445042136e-09,4.6106098532553934e-08,0,0,21.224719101123597,434.9060765484349,CCNA2;CCNB2;CCNB1;MELK;UBE2C;UBE2S;PLK1;CDK1;TACC3;CDKN3;AURKA
DR 18-,GO_Biological_Process_2023,Regulation Of Cell Cycle Process (GO:0010564),2.3195311693595056e-09,7.944394255056306e-08,0,0,19.44569288389513,386.6173360076869,CDCA2;RACGAP1;PLK1;NEK2;KIF2C;KIF20A;KIF20B;KNSTRN;BUB1;AURKB;AURKA
DR 18-,GO_Biological_Process_2023,Regulation Of Mitotic Cell Cycle (GO:0007346),1.1686861846664843e-08,3.7672942893954906e-07,0,0,15.53183520599251,283.68587213801436,CDC20;CCNB1;CDCA2;PLK1;CKS2;NEK2;KIF20B;DLGAP5;CKS1B;AURKA;MAD2L1
DR 18-,GO_Biological_Process_2023,Positive Regulation Of Mitotic Sister Chromatid Separation (GO:1901970),1.3509524855534243e-08,4.112899789351536e-07,0,0,inf,inf,CDC20;UBE2C;CDCA8;BIRC5;AURKB;DLGAP5
DR 18-,GO_Biological_Process_2023,Positive Regulation Of Cell Cycle Process (GO:0090068),2.9867161180640874e-08,8.614318066837473e-07,0,0,13.69001982815598,237.20021409303422,RACGAP1;NUSAP1;BIRC5;CDCA8;NCAPG;KIF23;KIF20B;NDC80;AURKB;AURKA;MAD2L1
DR 18-,GO_Biological_Process_2023,Cell Cycle G2/M Phase Transition (GO:0044839),6.744256160702542e-08,1.8479261880324965e-06,0,0,47.59498207885304,785.8878462652283,CCNA2;CCNB1;MELK;PLK1;CDK1;AURKB;AURKA
DR 18-,GO_Biological_Process_2023,Regulation Of Mitotic Cell Cycle Spindle Assembly Checkpoint (GO:0090266),9.074828824550851e-08,2.260457361751758e-06,0,0,121.2127659574468,1965.4863608757776,CCNB1;CDCA8;BIRC5;AURKB;NDC80;MAD2L1
DR 18-,GO_Biological_Process_2023,Nuclear Chromosome Segregation (GO:0098813),9.074828824550851e-08,2.260457361751758e-06,0,0,121.2127659574468,1965.4863608757776,TOP2A;CENPF;KIF2C;KIF22;FAM83D;NDC80
DR 18-,GO_Biological_Process_2023,Kinetochore Organization (GO:0051383),2.8371369412893165e-07,6.478129349277272e-06,0,0,inf,inf,CENPF;CENPW;CENPH;NUF2;DLGAP5
DR 18-,GO_Biological_Process_2023,Regulation Of Ubiquitin Protein Ligase Activity (GO:1904666),2.8371369412893165e-07,6.478129349277272e-06,0,0,inf,inf,CDC20;UBE2C;UBE2S;PLK1;MAD2L1
DR 18-,GO_Biological_Process_2023,Regulation Of Cytokinesis (GO:0032465),8.511883467364275e-07,1.8658048560462492e-05,0,0,23.759856630824373,332.08278221593775,RACGAP1;PLK1;KIF23;KIF20A;KIF20B;AURKB;AURKA
DR 18-,GO_Biological_Process_2023,G2/M Transition Of Mitotic Cell Cycle (GO:0000086),1.0028427775804749e-06,2.1136840081311548e-05,0,0,40.361702127659576,557.5029453209594,CCNA2;CCNB1;MELK;PLK1;CDK1;AURKA
DR 18-,GO_Biological_Process_2023,Establishment Of Chromosome Localization (GO:0051303),1.6347689119602374e-06,3.0891495301869315e-05,0,0,99.94736842105263,1331.699646548547,CENPF;KIF2C;KIF22;FAM83D;NDC80
DR 18-,GO_Biological_Process_2023,Mitotic Spindle Elongation (GO:0000022),1.6347689119602374e-06,3.0891495301869315e-05,0,0,99.94736842105263,1331.699646548547,RACGAP1;KIF4A;BIRC5;CDCA8;KIF23
DR 18-,GO_Biological_Process_2023,Mitotic Spindle Midzone Assembly (GO:0051256),1.6347689119602374e-06,3.0891495301869315e-05,0,0,99.94736842105263,1331.699646548547,RACGAP1;KIF4A;BIRC5;CDCA8;KIF23
DR 18-,GO_Biological_Process_2023,DNA Metabolic Process (GO:0006259),5.347234301780467e-06,8.979759400685546e-05,0,0,8.008547008547009,97.2152002170102,TOP2A;RAD51AP1;RNASEH2A;UBE2T;CDK1;HMGB2;NUDT1;HMGB3;KPNA2;TYMS
DR 18-,GO_Biological_Process_2023,Establishment Of Mitotic Spindle Localization (GO:0040001),5.494889723712018e-06,8.979759400685546e-05,0,0,49.94736842105263,604.94714446369,PLK1;NUSAP1;CENPA;NDC80;MAD2L1
DR 18-,GO_Biological_Process_2023,Regulation Of Mitotic Metaphase/Anaphase Transition (GO:0030071),5.494889723712018e-06,8.979759400685546e-05,0,0,49.94736842105263,604.94714446369,CDC20;CCNB1;UBE2C;PLK1;DLGAP5
DR 18-,GO_Biological_Process_2023,Positive Regulation Of Mitotic Cell Cycle Spindle Assembly Checkpoint (GO:0090267),5.899112015048899e-06,8.979759400685546e-05,0,0,inf,inf,BIRC5;CDCA8;NDC80;MAD2L1
DR 18-,GO_Biological_Process_2023,Positive Regulation Of Spindle Checkpoint (GO:0090232),5.899112015048899e-06,8.979759400685546e-05,0,0,inf,inf,BIRC5;CDCA8;NDC80;MAD2L1
DR 18-,GO_Biological_Process_2023,Positive Regulation Of Ubiquitin Protein Ligase Activity (GO:1904668),5.899112015048899e-06,8.979759400685546e-05,0,0,inf,inf,CDC20;UBE2C;UBE2S;PLK1
DR 18-,GO_Biological_Process_2023,Centromere Complex Assembly (GO:0034508),5.899112015048899e-06,8.979759400685546e-05,0,0,inf,inf,CENPF;CENPW;HJURP;DLGAP5
DR 18-,GO_Biological_Process_2023,Chromosome Organization (GO:0051276),1.4072596228396998e-05,0.0002084265603557177,0,0,33.280701754385966,371.78807721874773,TOP2A;CENPW;CENPH;NUF2;CDCA8
DR 18-,GO_Biological_Process_2023,Protein Phosphorylation (GO:0006468),1.507091514361583e-05,0.00021733846049214406,0,0,6.925925925925926,76.8967812786677,MELK;PLK1;CDK1;PBK;BIRC5;CDCA8;NEK2;TTK;AURKB;AURKA
DR 18-,GO_Biological_Process_2023,Establishment Of Mitotic Spindle Orientation (GO:0000132),2.836112005424511e-05,0.0003532248588574164,0,0,79.125,828.4776290914322,PLK1;CENPA;NDC80;MAD2L1
DR 18-,GO_Biological_Process_2023,Establishment Of Spindle Orientation (GO:0051294),2.836112005424511e-05,0.0003532248588574164,0,0,79.125,828.4776290914322,PLK1;CENPA;NDC80;MAD2L1
DR 18-,GO_Biological_Process_2023,Regulation Of Microtubule Polymerization Or Depolymerization (GO:0031110),2.836112005424511e-05,0.0003532248588574164,0,0,79.125,828.4776290914322,STMN1;SKA3;SKA1;SKA2
DR 18-,GO_Biological_Process_2023,Regulation Of Mitotic Sister Chromatid Separation (GO:0010965),2.836112005424511e-05,0.0003532248588574164,0,0,79.125,828.4776290914322,CCNB1;BIRC5;CDCA8;AURKB
DR 18-,GO_Biological_Process_2023,Positive Regulation Of Ubiquitin-Protein Transferase Activity (GO:0051443),2.836112005424511e-05,0.0003532248588574164,0,0,79.125,828.4776290914322,CDC20;UBE2C;UBE2S;PLK1
DR 18-,GO_Biological_Process_2023,Regulation Of Attachment Of Spindle Microtubules To Kinetochore (GO:0051988),2.836112005424511e-05,0.0003532248588574164,0,0,79.125,828.4776290914322,CCNB1;RACGAP1;NEK2;KNSTRN
DR 18-,GO_Biological_Process_2023,Positive Regulation Of Cytokinesis (GO:0032467),5.841428530078328e-05,0.0007113561854406497,0,0,19.94736842105263,194.44595172999095,RACGAP1;CDCA8;BIRC5;KIF23;KIF20B
DR 18-,GO_Biological_Process_2023,Regulation Of Mitotic Nuclear Division (GO:0007088),7.169109186907215e-05,0.0008540590944402509,0,0,12.063829787234043,115.12686557238213,CCNB1;CDCA2;NUSAP1;NEK2;KIF20B;AURKA
DR 18-,GO_Biological_Process_2023,Phosphorylation (GO:0016310),8.951769415088212e-05,0.0010437382211634766,0,0,7.09640831758034,66.14614885219311,MELK;PLK1;CDK1;BIRC5;CDCA8;NEK2;AURKB;AURKA
DR 18-,GO_Biological_Process_2023,Positive Regulation Of Mitotic Nuclear Division (GO:0045840),0.00010286019114288906,0.0011273476949260643,0,0,16.614035087719298,152.55239380337426,CDC20;UBE2C;NUSAP1;DLGAP5;AURKA
DR 18-,GO_Biological_Process_2023,Peptidyl-Serine Modification (GO:0018209),0.00010286019114288906,0.0011273476949260643,0,0,16.614035087719298,152.55239380337426,PLK1;CDK1;PBK;TTK;AURKA
DR 18-,GO_Biological_Process_2023,Peptidyl-Serine Phosphorylation (GO:0018105),0.00010286019114288906,0.0011273476949260643,0,0,16.614035087719298,152.55239380337426,PLK1;CDK1;PBK;TTK;AURKA
DR 18-,GO_Biological_Process_2023,DNA Conformation Change (GO:0071103),0.00012145241724754159,0.0011676478009061892,0,0,inf,inf,TOP2A;HMGB2;HMGB3
DR 18-,GO_Biological_Process_2023,Positive Regulation Of Metaphase/Anaphase Transition Of Cell Cycle (GO:1902101),0.00012145241724754159,0.0011676478009061892,0,0,inf,inf,CDC20;UBE2C;DLGAP5
DR 18-,GO_Biological_Process_2023,Positive Regulation Of Mitotic Cytokinesis (GO:1903490),0.00012145241724754159,0.0011676478009061892,0,0,inf,inf,BIRC5;CDCA8;KIF20B
DR 18-,GO_Biological_Process_2023,Positive Regulation Of Mitotic Metaphase/Anaphase Transition (GO:0045842),0.00012145241724754159,0.0011676478009061892,0,0,inf,inf,CDC20;UBE2C;DLGAP5
DR 18-,GO_Biological_Process_2023,Regulation Of Mitotic Cytokinesis (GO:1902412),0.00012145241724754159,0.0011676478009061892,0,0,inf,inf,BIRC5;CDCA8;AURKB
DR 18-,GO_Biological_Process_2023,"Protein Localization To Chromosome, Centromeric Region (GO:0071459)",0.00012145241724754159,0.0011676478009061892,0,0,inf,inf,CDK1;TTK;CENPA
DR 18-,GO_Biological_Process_2023,Positive Regulation Of Attachment Of Spindle Microtubules To Kinetochore (GO:0051987),0.00012145241724754159,0.0011676478009061892,0,0,inf,inf,CCNB1;BIRC5;CDCA8
DR 18-,GO_Biological_Process_2023,Non-Membrane-Bounded Organelle Assembly (GO:0140694),0.00016936810446428435,0.0016002365732142728,0,0,14.233082706766917,123.59206388861277,CENPF;CENPW;NEK2;CENPA;DLGAP5
DR 18-,GO_Biological_Process_2023,Regulation Of Chromosome Segregation (GO:0051983),0.00018357501735262067,0.0016491657296596087,0,0,26.34722222222222,226.6621797598714,CDCA2;NCAPG;KIF2C;BUB1
DR 18-,GO_Biological_Process_2023,Regulation Of Microtubule Cytoskeleton Organization (GO:0070507),0.00018357501735262067,0.0016491657296596087,0,0,26.34722222222222,226.6621797598714,STMN1;SKA3;SKA1;SKA2
DR 18-,GO_Biological_Process_2023,Chromosome Condensation (GO:0030261),0.00018357501735262067,0.0016491657296596087,0,0,26.34722222222222,226.6621797598714,TOP2A;PLK1;NUSAP1;NCAPG
DR 18-,GO_Biological_Process_2023,Regulation Of Cyclin-Dependent Protein Serine/Threonine Kinase Activity (GO:0000079),0.00021477368960561024,0.0018983222887721679,0,0,9.265139116202946,78.25267648946107,CCNA2;CCNB2;CCNB1;PSRC1;PLK1;CDKN3
DR 18-,GO_Biological_Process_2023,Regulation Of Mitotic Spindle Organization (GO:0060236),0.0003530788440695878,0.0030712255007957793,0,0,19.75,156.9891786404046,TPX2;PSRC1;PLK1;TACC3
DR 18-,GO_Biological_Process_2023,Protein Modification Process (GO:0036211),0.0003756051047668867,0.0032161187095664672,0,0,4.380614657210402,34.54978610687602,CCNA2;MELK;UBE2S;PLK1;CDK1;BIRC5;CDCA8;NEK2;AURKB;AURKA
DR 18-,GO_Biological_Process_2023,Anaphase-Promoting Complex-Dependent Catabolic Process (GO:0031145),0.00046811653426905627,0.0036130684616822936,0,0,58.7319587628866,450.2857872458315,CDC20;UBE2C;UBE2S
DR 18-,GO_Biological_Process_2023,Regulation Of Mitotic Sister Chromatid Segregation (GO:0033047),0.00046811653426905627,0.0036130684616822936,0,0,58.7319587628866,450.2857872458315,CCNB1;CDK1;AURKB
DR 18-,GO_Biological_Process_2023,Attachment Of Mitotic Spindle Microtubules To Kinetochore (GO:0051315),0.00046811653426905627,0.0036130684616822936,0,0,58.7319587628866,450.2857872458315,NUF2;KIF2C;NDC80
DR 18-,GO_Biological_Process_2023,Kinetochore Assembly (GO:0051382),0.00046811653426905627,0.0036130684616822936,0,0,58.7319587628866,450.2857872458315,CENPF;CENPW;DLGAP5
DR 18-,GO_Biological_Process_2023,Protein K11-linked Ubiquitination (GO:0070979),0.00046811653426905627,0.0036130684616822936,0,0,58.7319587628866,450.2857872458315,UBE2C;UBE2S;UBE2T
DR 18-,GO_Biological_Process_2023,Microtubule Depolymerization (GO:0007019),0.00046811653426905627,0.0036130684616822936,0,0,58.7319587628866,450.2857872458315,KIF18A;STMN1;KIF2C
DR 18-,GO_Biological_Process_2023,Regulation Of Ubiquitin-Protein Transferase Activity (GO:0051438),0.00046811653426905627,0.0036130684616822936,0,0,58.7319587628866,450.2857872458315,CDC20;PLK1;MAD2L1
DR 18-,GO_Biological_Process_2023,Spindle Assembly (GO:0051225),0.0006112157595893195,0.004652031059096487,0,0,15.791666666666666,116.85928929412923,TPX2;KIFC1;NEK2;MZT1
DR 18-,GO_Biological_Process_2023,DNA Repair (GO:0006281),0.0008682852856439705,0.00651808680182049,0,0,6.673758865248227,47.04326101987329,RAD51AP1;RNASEH2A;UBE2T;CDK1;NUDT1;TRIP13
DR 18-,GO_Biological_Process_2023,Positive Regulation Of Mitotic Cell Cycle Phase Transition (GO:1901992),0.001082396678294696,0.008015586212236397,0,0,8.280701754385966,56.545414097797085,CDC20;CCNB1;UBE2C;CDK1;DLGAP5
DR 18-,GO_Biological_Process_2023,Regulation Of Spindle Organization (GO:0090224),0.0011277550837606493,0.00802610111559527,0,0,29.350515463917525,199.217394861114,TPX2;PSRC1;TACC3
DR 18-,GO_Biological_Process_2023,Positive Regulation Of Chromosome Segregation (GO:0051984),0.0011277550837606493,0.00802610111559527,0,0,29.350515463917525,199.217394861114,CCNB1;CDK1;NCAPG
DR 18-,GO_Biological_Process_2023,Positive Regulation Of Chromosome Separation (GO:1905820),0.0011277550837606493,0.00802610111559527,0,0,29.350515463917525,199.217394861114,CDCA8;NCAPG;BIRC5
DR 18-,GO_Biological_Process_2023,Protein Autophosphorylation (GO:0046777),0.0014808362963672226,0.010272130258344784,0,0,11.267857142857142,73.41176014759877,MELK;NEK2;AURKB;AURKA
DR 18-,GO_Biological_Process_2023,Regulation Of Cell Division (GO:0051302),0.0014808362963672226,0.010272130258344784,0,0,11.267857142857142,73.41176014759877,PLK1;KIF20A;AURKB;AURKA
DR 18-,GO_Biological_Process_2023,Regulation Of Nuclear Division (GO:0051783),0.0021737022796164945,0.013569551874189184,0,0,19.556701030927837,119.90845954872826,CDCA2;NEK2;KIF20B
DR 18-,GO_Biological_Process_2023,Protein Depolymerization (GO:0051261),0.0021737022796164945,0.013569551874189184,0,0,19.556701030927837,119.90845954872826,KIF18A;STMN1;KIF2C
DR 18-,GO_Biological_Process_2023,Microtubule Bundle Formation (GO:0001578),0.0021737022796164945,0.013569551874189184,0,0,19.556701030927837,119.90845954872826,PSRC1;PLK1;KIF20A
DR 18-,GO_Biological_Process_2023,Microtubule Polymerization Or Depolymerization (GO:0031109),0.0021737022796164945,0.013569551874189184,0,0,19.556701030927837,119.90845954872826,KIF18A;STMN1;KIF2C
DR 18-,GO_Biological_Process_2023,Mitotic Chromosome Condensation (GO:0007076),0.0021737022796164945,0.013569551874189184,0,0,19.556701030927837,119.90845954872826,PLK1;NUSAP1;NCAPG
DR 18-,GO_Biological_Process_2023,Positive Regulation Of Chromosome Organization (GO:2001252),0.0021737022796164945,0.013569551874189184,0,0,19.556701030927837,119.90845954872826,CDK1;NCAPG;AURKB
DR 18-,GO_Biological_Process_2023,CENP-A Containing Chromatin Assembly (GO:0034080),0.002476195597479778,0.013569551874189184,0,0,inf,inf,CENPW;HJURP
DR 18-,GO_Biological_Process_2023,DNA Topological Change (GO:0006265),0.002476195597479778,0.013569551874189184,0,0,inf,inf,TOP2A;HMGB2
DR 18-,GO_Biological_Process_2023,Free Ubiquitin Chain Polymerization (GO:0010994),0.002476195597479778,0.013569551874189184,0,0,inf,inf,UBE2C;UBE2S
DR 18-,GO_Biological_Process_2023,Homologous Chromosome Pairing At Meiosis (GO:0007129),0.002476195597479778,0.013569551874189184,0,0,inf,inf,MND1;TRIP13
DR 18-,GO_Biological_Process_2023,Homologous Chromosome Segregation (GO:0045143),0.002476195597479778,0.013569551874189184,0,0,inf,inf,PTTG1;MND1
DR 18-,GO_Biological_Process_2023,Negative Regulation Of Ubiquitin-Protein Transferase Activity (GO:0051444),0.002476195597479778,0.013569551874189184,0,0,inf,inf,CDC20;MAD2L1
DR 18-,GO_Biological_Process_2023,Protein K27-linked Ubiquitination (GO:0044314),0.002476195597479778,0.013569551874189184,0,0,inf,inf,UBE2S;UBE2T
DR 18-,GO_Biological_Process_2023,Protein K29-linked Ubiquitination (GO:0035519),0.002476195597479778,0.013569551874189184,0,0,inf,inf,UBE2S;UBE2T
DR 18-,GO_Biological_Process_2023,Protein Localization To Condensed Chromosome (GO:1903083),0.002476195597479778,0.013569551874189184,0,0,inf,inf,CDK1;TTK
DR 18-,GO_Biological_Process_2023,Protein Localization To Microtubule Cytoskeleton (GO:0072698),0.002476195597479778,0.013569551874189184,0,0,inf,inf,FAM83D;KIF20B
DR 18-,GO_Biological_Process_2023,Regulation Of Telomere Capping (GO:1904353),0.002476195597479778,0.013569551874189184,0,0,inf,inf,NEK2;AURKB
DR 18-,GO_Biological_Process_2023,Centromeric Sister Chromatid Cohesion (GO:0070601),0.002476195597479778,0.013569551874189184,0,0,inf,inf,SGO1;BUB1
DR 18-,GO_Biological_Process_2023,Chromatin Remodeling At Centromere (GO:0031055),0.002476195597479778,0.013569551874189184,0,0,inf,inf,CENPW;HJURP
DR 18-,GO_Biological_Process_2023,Positive Regulation Of Attachment Of Mitotic Spindle Microtubules To Kinetochore (GO:1902425),0.002476195597479778,0.013569551874189184,0,0,inf,inf,BIRC5;CDCA8
DR 18-,GO_Biological_Process_2023,Regulation Of Attachment Of Mitotic Spindle Microtubules To Kinetochore (GO:1902423),0.002476195597479778,0.013569551874189184,0,0,inf,inf,BIRC5;CDCA8
DR 18-,GO_Biological_Process_2023,Regulation Of Cyclin-Dependent Protein Kinase Activity (GO:1904029),0.003998135981473634,0.021480181547525012,0,0,7.875,43.485175369973454,CCNA2;CCNB2;CCNB1;CDKN3
DR 18-,GO_Biological_Process_2023,Regulation Of Mitotic Cell Cycle Phase Transition (GO:1901990),0.003998135981473634,0.021480181547525012,0,0,7.875,43.485175369973454,CENPF;UBE2C;PLK1;AURKA
DR 18-,GO_Biological_Process_2023,Negative Regulation Of Microtubule Polymerization Or Depolymerization (GO:0031111),0.005654249936284305,0.029509799667464757,0,0,11.721649484536082,60.66361305353392,TPX2;STMN1;CKAP2
DR 18-,GO_Biological_Process_2023,Regulation Of G2/M Transition Of Mitotic Cell Cycle (GO:0010389),0.005654249936284305,0.029509799667464757,0,0,11.721649484536082,60.66361305353392,CCNB1;CENPF;CDK1
DR 18-,GO_Biological_Process_2023,Positive Regulation Of Cell Division (GO:0051781),0.005654249936284305,0.029509799667464757,0,0,11.721649484536082,60.66361305353392,RACGAP1;KIF23;KIF20B
DR 18-,GO_Biological_Process_2023,Regulation Of Cell Cycle (GO:0051726),0.006774850593358865,0.033370937280404314,0,0,3.591673559415495,17.938749950747592,CDC20;PLK1;CKS2;KIF20B;DLGAP5;CDKN3;CKS1B
DR 18-,GO_Biological_Process_2023,Exit From Mitosis (GO:0010458),0.007185712772057863,0.033370937280404314,0,0,38.755102040816325,191.2820287028576,UBE2C;UBE2S
DR 18-,GO_Biological_Process_2023,Regulation Of Double-Strand Break Repair Via Homologous Recombination (GO:0010569),0.007185712772057863,0.033370937280404314,0,0,38.755102040816325,191.2820287028576,RAD51AP1;PARPBP
DR 18-,GO_Biological_Process_2023,Regulation Of Metaphase/Anaphase Transition Of Cell Cycle (GO:1902099),0.007185712772057863,0.033370937280404314,0,0,38.755102040816325,191.2820287028576,UBE2C;PLK1
DR 18-,GO_Biological_Process_2023,Negative Regulation Of Transferase Activity (GO:0051348),0.007185712772057863,0.033370937280404314,0,0,38.755102040816325,191.2820287028576,CDC20;MAD2L1
DR 18-,GO_Biological_Process_2023,Positive Regulation Of Telomere Maintenance (GO:0032206),0.007185712772057863,0.033370937280404314,0,0,38.755102040816325,191.2820287028576,NEK2;AURKB
DR 18-,GO_Biological_Process_2023,Positive Regulation Of Telomere Maintenance Via Telomerase (GO:0032212),0.007185712772057863,0.033370937280404314,0,0,38.755102040816325,191.2820287028576,NEK2;AURKB
DR 18-,GO_Biological_Process_2023,Positive Regulation Of Telomere Maintenance Via Telomere Lengthening (GO:1904358),0.007185712772057863,0.033370937280404314,0,0,38.755102040816325,191.2820287028576,NEK2;AURKB
DR 18-,GO_Biological_Process_2023,Protein K6-linked Ubiquitination (GO:0085020),0.007185712772057863,0.033370937280404314,0,0,38.755102040816325,191.2820287028576,UBE2S;UBE2T
DR 18-,GO_Biological_Process_2023,Organelle Disassembly (GO:1903008),0.007185712772057863,0.033370937280404314,0,0,38.755102040816325,191.2820287028576,CDK1;AURKA
DR 18-,GO_Biological_Process_2023,Protein Deubiquitination (GO:0016579),0.007185712772057863,0.033370937280404314,0,0,38.755102040816325,191.2820287028576,UCHL1;CDK1
DR 18-,GO_Biological_Process_2023,Protein Localization To Kinetochore (GO:0034501),0.007185712772057863,0.033370937280404314,0,0,38.755102040816325,191.2820287028576,CDK1;TTK
DR 18-,GO_Biological_Process_2023,Negative Regulation Of Cell Cycle Process (GO:0010948),0.007185712772057863,0.033370937280404314,0,0,38.755102040816325,191.2820287028576,NEK2;AURKB
DR 19+,GO_Biological_Process_2023,Antigen Processing And Presentation Of Exogenous Peptide Antigen (GO:0002478),2.492815434168227e-13,1.7649133273911048e-10,0,0,96.8,2809.1547250644703,HLA-DMA;HLA-DRB5;HLA-DRA;HLA-A;HLA-F;HLA-DQA2;CTSS;HLA-DQA1;HLA-DRB1;HLA-DPA1
DR 19+,GO_Biological_Process_2023,MHC Class II Protein Complex Assembly (GO:0002399),1.5363043929037224e-11,2.175407020351671e-09,0,0,inf,inf,HLA-DRB5;HLA-DMA;HLA-DRA;HLA-DQA2;HLA-DQA1;HLA-DRB1;HLA-DPA1
DR 19+,GO_Biological_Process_2023,Immunoglobulin Production Involved In Immunoglobulin-Mediated Immune Response (GO:0002381),1.5363043929037224e-11,2.175407020351671e-09,0,0,inf,inf,HLA-DRB5;HLA-DMA;HLA-DRA;HLA-DQA2;HLA-DQA1;HLA-DRB1;HLA-DPA1
DR 19+,GO_Biological_Process_2023,Peptide Antigen Assembly With MHC Class II Protein Complex (GO:0002503),1.5363043929037224e-11,2.175407020351671e-09,0,0,inf,inf,HLA-DRB5;HLA-DMA;HLA-DRA;HLA-DQA2;HLA-DQA1;HLA-DRB1;HLA-DPA1
DR 19+,GO_Biological_Process_2023,Peptide Antigen Assembly With MHC Protein Complex (GO:0002501),1.5363043929037224e-11,2.175407020351671e-09,0,0,inf,inf,HLA-DRB5;HLA-DMA;HLA-DRA;HLA-DQA2;HLA-DQA1;HLA-DRB1;HLA-DPA1
DR 19+,GO_Biological_Process_2023,Antigen Processing And Presentation Of Exogenous Peptide Antigen Via MHC Class II (GO:0019886),1.8411148707400085e-10,1.8621561835484657e-08,0,0,74.46153846153847,1669.091098885795,HLA-DMA;HLA-DRB5;HLA-DRA;HLA-DQA2;CTSS;HLA-DQA1;HLA-DRB1;HLA-DPA1
DR 19+,GO_Biological_Process_2023,Antigen Processing And Presentation Of Peptide Antigen Via MHC Class II (GO:0002495),1.8411148707400085e-10,1.8621561835484657e-08,0,0,74.46153846153847,1669.091098885795,HLA-DMA;HLA-DRB5;HLA-DRA;HLA-DQA2;CTSS;HLA-DQA1;HLA-DRB1;HLA-DPA1
DR 19+,GO_Biological_Process_2023,Positive Regulation Of Lymphocyte Activation (GO:0051251),4.675846640935103e-10,3.678332690868948e-08,0,0,59.53846153846154,1279.091006874052,PYCARD;HLA-DMA;HLA-DRB5;HLA-DRA;HLA-DQA2;HLA-DQA1;HLA-DRB1;HLA-DPA1
DR 19+,GO_Biological_Process_2023,Immunoglobulin Mediated Immune Response (GO:0016064),4.675846640935103e-10,3.678332690868948e-08,0,0,59.53846153846154,1279.091006874052,CD74;HLA-DMA;HLA-DRB5;HLA-DRA;HLA-DQA2;HLA-DQA1;HLA-DRB1;HLA-DPA1
DR 19+,GO_Biological_Process_2023,Antigen Processing And Presentation Of Endogenous Peptide Antigen (GO:0002483),3.87933492603297e-09,2.7465691276313425e-07,0,0,215.44444444444446,4172.642276555773,HLA-B;TAP1;HLA-DRA;HLA-A;HLA-F;HLA-DRB1
DR 19+,GO_Biological_Process_2023,Positive Regulation Of Leukocyte Cell-Cell Adhesion (GO:1903039),8.040175082055232e-09,5.174949052813731e-07,0,0,33.00854700854701,615.240200372301,PYCARD;HLA-DMA;HLA-DRB5;HLA-DRA;HLA-DQA2;HLA-DQA1;HLA-DRB1;HLA-DPA1
DR 19+,GO_Biological_Process_2023,Regulation Of T Cell Activation (GO:0050863),6.126188049712586e-08,3.6144509493304256e-06,0,0,22.80473372781065,378.74348155280853,PYCARD;HLA-DRB5;HLA-DMA;HLA-DRA;HLA-DQA2;HLA-DQA1;HLA-DRB1;HLA-DPA1
DR 19+,GO_Biological_Process_2023,Positive Regulation Of T Cell Mediated Cytotoxicity (GO:0001916),1.2064846749526396e-07,6.570701152818991e-06,0,0,176.27272727272728,2808.0923658621223,HLA-B;HLA-DRA;HLA-A;HLA-F;HLA-DRB1
DR 19+,GO_Biological_Process_2023,Positive Regulation Of T Cell Activation (GO:0050870),2.347247805253321e-07,1.187036747228108e-05,0,0,14.088235294117647,215.05482890126862,PYCARD;HLA-DRB5;HLA-DMA;HLA-DRA;HLA-A;HLA-DQA2;HLA-DQA1;HLA-DRB1;HLA-DPA1
DR 19+,GO_Biological_Process_2023,Response To Type II Interferon (GO:0034341),6.893677726803624e-07,3.2538158870513105e-05,0,0,12.050420168067227,170.9652268475803,BST2;CD74;CIITA;CD40;IFITM1;UBD;GBP2;GBP4;HLA-DPA1
DR 19+,GO_Biological_Process_2023,Positive Regulation Of T Cell Mediated Immunity (GO:0002711),2.3631533614978472e-06,0.00010456953624627974,0,0,44.0,570.0426010699847,HLA-B;HLA-DRA;HLA-A;HLA-F;HLA-DRB1
DR 19+,GO_Biological_Process_2023,Regulation Of T Cell Mediated Cytotoxicity (GO:0001914),4.617869272066711e-06,0.00019232067321313127,0,0,35.18181818181818,432.22894175323864,HLA-B;HLA-DRA;HLA-A;HLA-F;HLA-DRB1
DR 19+,GO_Biological_Process_2023,Positive Regulation Of Leukocyte Mediated Cytotoxicity (GO:0001912),8.271892360610123e-06,0.0003253610995173315,0,0,29.303030303030305,342.92302707393475,HLA-B;HLA-DRA;HLA-A;HLA-F;HLA-DRB1
DR 19+,GO_Biological_Process_2023,Regulation Of Cysteine-Type Endopeptidase Activity (GO:2000116),1.0515777139020745e-05,0.0003918510639171941,0,0,69.21428571428571,793.3780139087552,CST3;PYCARD;PSMB9;LTF
DR 19+,GO_Biological_Process_2023,Antigen Processing And Presentation Of Endogenous Peptide Antigen Via MHC Class I Via ER Pathway (GO:0002484),2.5702173433135592e-05,0.00079117994742,0,0,inf,inf,HLA-B;HLA-A;HLA-F
DR 19+,GO_Biological_Process_2023,"Antigen Processing And Presentation Of Endogenous Peptide Antigen Via MHC Class I Via ER Pathway, TAP-independent (GO:0002486)",2.5702173433135592e-05,0.00079117994742,0,0,inf,inf,HLA-B;HLA-A;HLA-F
DR 19+,GO_Biological_Process_2023,Antigen Processing And Presentation Of Endogenous Peptide Antigen Via MHC Class Ib (GO:0002476),2.5702173433135592e-05,0.00079117994742,0,0,inf,inf,HLA-B;HLA-A;HLA-F
DR 19+,GO_Biological_Process_2023,Antigen Processing And Presentation Of Peptide Antigen Via MHC Class Ib (GO:0002428),2.5702173433135592e-05,0.00079117994742,0,0,inf,inf,HLA-B;HLA-A;HLA-F
DR 19+,GO_Biological_Process_2023,Negative Regulation Of Endopeptidase Activity (GO:0010951),4.90037711822247e-05,0.0013877867998806034,0,0,17.545454545454547,174.11430608028465,CST3;SERPINA1;SERPING1;TIMP1;LTF
DR 19+,GO_Biological_Process_2023,Regulation Of Endopeptidase Activity (GO:0052548),4.90037711822247e-05,0.0013877867998806034,0,0,17.545454545454547,174.11430608028465,SERPINA1;SERPING1;TIMP1;PSMB8;PSMB9
DR 19+,GO_Biological_Process_2023,Response To Cytokine (GO:0034097),9.342434848490141e-05,0.0025440168741273153,0,0,8.133292757151551,75.4636064441027,BST2;CD74;CIITA;CD40;IFITM1;UBD;TIMP1
DR 19+,GO_Biological_Process_2023,Detection Of Bacterium (GO:0016045),0.00010060910458717185,0.002638194298063617,0,0,102.05263157894737,939.319750904446,HLA-B;HLA-A;HLA-DRB1
DR 19+,GO_Biological_Process_2023,Positive Regulation Of I-kappaB kinase/NF-kappaB Signaling (GO:0043123),0.00019185510530595785,0.004851193377022077,0,0,8.87037037037037,75.91946097417573,BST2;CD74;CD40;UBD;HLA-DRB1;LTF
DR 19+,GO_Biological_Process_2023,Regulation Of I-kappaB kinase/NF-kappaB Signaling (GO:0043122),0.00021203039586708926,0.005176466216341352,0,0,6.985324947589098,59.087333364580246,BST2;PYCARD;CD74;CD40;UBD;HLA-DRB1;LTF
DR 19+,GO_Biological_Process_2023,Regulation Of Viral Entry Into Host Cell (GO:0046596),0.0003029461025896631,0.00714952802111605,0,0,17.25,139.75873491970842,CD74;CIITA;IFITM1;HLA-DRB1
DR 19+,GO_Biological_Process_2023,Negative Regulation Of Natural Killer Cell Mediated Cytotoxicity (GO:0045953),0.0004817780095359417,0.010032318551513139,0,0,33.98245614035088,259.55892130289755,HLA-B;HLA-A;HLA-F
DR 19+,GO_Biological_Process_2023,Negative Regulation Of Viral Life Cycle (GO:1903901),0.0004817780095359417,0.010032318551513139,0,0,33.98245614035088,259.55892130289755,BST2;CIITA;IFITM1
DR 19+,GO_Biological_Process_2023,Positive Regulation Of Alpha-Beta T Cell Activation (GO:0046635),0.0004817780095359417,0.010032318551513139,0,0,33.98245614035088,259.55892130289755,HLA-DRA;HLA-A;HLA-DRB1
DR 19+,GO_Biological_Process_2023,Defense Response To Protozoan (GO:0042832),0.0004817780095359417,0.010032318551513139,0,0,33.98245614035088,259.55892130289755,CD40;GBP2;GBP4
DR 19+,GO_Biological_Process_2023,Defense Response To Symbiont (GO:0140546),0.0006309007770322747,0.012762221432538584,0,0,5.691252144082333,41.93520577455883,BST2;PYCARD;CD40;IFITM1;IFI27;IFI6;GBP2
DR 19+,GO_Biological_Process_2023,Positive Regulation Of Memory T Cell Differentiation (GO:0043382),0.0008854218588237676,0.01632442880422943,0,0,inf,inf,HLA-DRA;HLA-DRB1
DR 19+,GO_Biological_Process_2023,"Positive Regulation Of CD4-positive, Alpha-Beta T Cell Differentiation (GO:0043372)",0.0008854218588237676,0.01632442880422943,0,0,inf,inf,HLA-DRA;HLA-DRB1
DR 19+,GO_Biological_Process_2023,"Regulation Of CD4-positive, Alpha-Beta T Cell Differentiation (GO:0043370)",0.0008854218588237676,0.01632442880422943,0,0,inf,inf,HLA-DRA;HLA-DRB1
DR 19+,GO_Biological_Process_2023,Defense Response To Virus (GO:0051607),0.0008992270104024687,0.01632442880422943,0,0,5.319550381372943,37.31119360438236,BST2;PYCARD;CD40;IFITM1;IFI27;IFI6;GBP2
DR 19+,GO_Biological_Process_2023,Negative Regulation Of Protein-Containing Complex Assembly (GO:0031333),0.0012920617061705588,0.022468901872776066,0,0,20.36842105263158,135.4808808598907,HSPA5;PYDC1;CLU
DR 19+,GO_Biological_Process_2023,Negative Regulation Of Peptidase Activity (GO:0010466),0.0013011652214460715,0.022468901872776066,0,0,10.587912087912088,70.35132990037249,CST3;SERPINA1;SERPING1;TIMP1
DR 19+,GO_Biological_Process_2023,Positive Regulation Of Cytokine Production (GO:0001819),0.0025447154478143393,0.038320631718041114,0,0,3.8794178794178795,23.1746199660578,PYCARD;C3;CD74;CD40;SAA1;CXCL17;HLA-A;HLA-DPA1
DR 19+,GO_Biological_Process_2023,Positive Regulation Of Monocyte Differentiation (GO:0045657),0.0026048760193768416,0.038320631718041114,0,0,66.86206896551724,397.85406256500335,CD74;HLA-DRB1
DR 19+,GO_Biological_Process_2023,Regulation Of Memory T Cell Differentiation (GO:0043380),0.0026048760193768416,0.038320631718041114,0,0,66.86206896551724,397.85406256500335,HLA-DRA;HLA-DRB1
DR 19+,GO_Biological_Process_2023,Antigen Processing And Presentation Of Endogenous Peptide Antigen Via MHC Class I (GO:0019885),0.0026048760193768416,0.038320631718041114,0,0,66.86206896551724,397.85406256500335,TAP1;HLA-A
DR 19+,GO_Biological_Process_2023,"Regulation Of CD4-positive, Alpha-Beta T Cell Activation (GO:2000514)",0.0026048760193768416,0.038320631718041114,0,0,66.86206896551724,397.85406256500335,HLA-DRA;HLA-DRB1
DR 19+,GO_Biological_Process_2023,Regulation Of PERK-mediated Unfolded Protein Response (GO:1903897),0.0026048760193768416,0.038320631718041114,0,0,66.86206896551724,397.85406256500335,HSPA5;AGR2
DR 19+,GO_Biological_Process_2023,Regulation Of T-helper Cell Differentiation (GO:0045622),0.0026048760193768416,0.038320631718041114,0,0,66.86206896551724,397.85406256500335,HLA-DRA;HLA-DRB1
DR 19+,GO_Biological_Process_2023,Regulation Of Peptidase Activity (GO:0052547),0.002652134116079117,0.038320631718041114,0,0,14.533834586466165,86.2203842097523,CST3;CTSS;PSMB8
DR 19+,GO_Biological_Process_2023,Negative Regulation Of Cell Migration (GO:0030336),0.003336974554988224,0.047251559698633254,0,0,5.787878787878788,33.0064825615865,BST2;CD74;IFITM1;CLDN3;TIMP1
DR 19+,GO_Biological_Process_2023,Regulation Of Actin Cytoskeleton Organization (GO:0032956),0.003569220349264651,0.04865728421653919,0,0,12.710526315789474,71.62900291208277,BST2;CLU;SMIM22
DR 19+,GO_Biological_Process_2023,Positive Regulation Of Immune Response (GO:0050778),0.0035736988407627656,0.04865728421653919,0,0,7.626984126984127,42.97160411629328,PYCARD;CD74;HLA-DRA;HLA-DRB1
DR 20+,GO_Biological_Process_2023,Cellular Response To Zinc Ion (GO:0071294),1.4359318593319014e-21,2.7282705327306125e-20,0,0,inf,inf,MT2A;MT1A;MT1M;MT1F;MT1G;MT1X;MT1H;MT1E
DR 20+,GO_Biological_Process_2023,Cellular Response To Copper Ion (GO:0071280),6.457006300102438e-20,3.067077992548658e-19,0,0,7956.0,351548.0809771836,MT2A;MT1A;MT1M;MT1F;MT1G;MT1X;MT1H;MT1E
DR 20+,GO_Biological_Process_2023,Response To Zinc Ion (GO:0010043),6.457006300102438e-20,3.067077992548658e-19,0,0,7956.0,351548.0809771836,MT2A;MT1A;MT1M;MT1F;MT1G;MT1X;MT1H;MT1E
DR 20+,GO_Biological_Process_2023,Response To Copper Ion (GO:0046688),6.457006300102438e-20,3.067077992548658e-19,0,0,7956.0,351548.0809771836,MT2A;MT1A;MT1M;MT1F;MT1G;MT1X;MT1H;MT1E
DR 20+,GO_Biological_Process_2023,Negative Regulation Of Growth (GO:0045926),6.997068449645673e-16,2.6588860108653556e-15,0,0,1053.8666666666666,36775.59442863116,MT2A;MT1A;MT1M;MT1F;MT1G;MT1X;MT1H;MT1E
DR 20+,GO_Biological_Process_2023,Cellular Response To Metal Ion (GO:0071248),3.1626394299954674e-15,1.0015024861652312e-14,0,0,830.3157894736842,27722.060026060375,MT2A;MT1A;MT1M;MT1F;MT1G;MT1X;MT1H;MT1E
DR 20+,GO_Biological_Process_2023,Cellular Response To Cadmium Ion (GO:0071276),1.9883416533920978e-13,4.722311426806232e-13,0,0,993.5,29056.2042734365,MT1A;MT1F;MT1G;MT1X;MT1H;MT1E
DR 20+,GO_Biological_Process_2023,Response To Cadmium Ion (GO:0046686),1.9883416533920978e-13,4.722311426806232e-13,0,0,993.5,29056.2042734365,MT1A;MT1F;MT1G;MT1X;MT1H;MT1E
DR 20+,GO_Biological_Process_2023,Copper Ion Homeostasis (GO:0055070),0.00449993734450074,0.007772619049592188,0,0,inf,inf,MT2A
DR 20+,GO_Biological_Process_2023,Intracellular Copper Ion Homeostasis (GO:0006878),0.00449993734450074,0.007772619049592188,0,0,inf,inf,MT2A
DR 20+,GO_Biological_Process_2023,Monocyte Activation (GO:0042117),0.00449993734450074,0.007772619049592188,0,0,inf,inf,MT1G
DR 20+,GO_Biological_Process_2023,Monocyte Differentiation (GO:0030224),0.013445914798449674,0.021289365097545317,0,0,124.3125,535.6725014742757,MT1G
DR 20+,GO_Biological_Process_2023,Cellular Response To Vascular Endothelial Growth Factor Stimulus (GO:0035924),0.031123823600176296,0.045488665261796124,0,0,41.354166666666664,143.48993158263121,MT1G
DR 20+,GO_Biological_Process_2023,Mononuclear Cell Differentiation (GO:1903131),0.03549906645177175,0.04817730447026166,0,0,35.42857142857143,118.26938889071054,MT1G
DR 20+,GO_Biological_Process_2023,Cellular Response To Cytokine Stimulus (GO:0071345),0.03906407802516627,0.049481165498543936,0,0,7.840816326530613,25.424254307268207,MT2A;MT1X
DR 20-,GO_Biological_Process_2023,Monocarboxylic Acid Transport (GO:0015718),1.9363946174607225e-05,0.004318159996937411,0,0,94.33333333333333,1023.7145464505571,FABP5;CRABP2;SLC16A4
DR 20-,GO_Biological_Process_2023,Regulation Of Response To Endoplasmic Reticulum Stress (GO:1905897),9.871501087499855e-05,0.011006723712562339,0,0,397.4,3665.3289036922115,NUPR1;CLU
DR 20-,GO_Biological_Process_2023,Calcium-Mediated Signaling Using Intracellular Calcium Source (GO:0035584),0.0004886574272553847,0.027242651569487696,0,0,99.2,756.2858080780569,DEFB1;CLU
DR 20-,GO_Biological_Process_2023,Positive Regulation Of Proteolysis Involved In Protein Catabolic Process (GO:1903052),0.0004886574272553847,0.027242651569487696,0,0,99.2,756.2858080780569,NUPR1;CLU
DR 21-,GO_Biological_Process_2023,Defense Response To Virus (GO:0051607),1.1473545455816347e-13,1.341257463784931e-10,0,0,13.720588235294118,408.8206682615559,GBP5;CD40;IFITM1;RSAD2;STAT1;ISG15;SAMHD1;IFIT3;IFIT2;OASL;ISG20;IFIH1;BST2;CXCL10;PLSCR1;IFNL1;OAS1;IRF1;PMAIP1;GBP2
DR 21-,GO_Biological_Process_2023,Defense Response To Symbiont (GO:0140546),4.5268996466547235e-13,2.6459728434696856e-10,0,0,13.692901234567902,389.20112179736077,GBP5;CD40;IFITM1;RSAD2;STAT1;ISG15;SAMHD1;IFIT3;IFIT2;OASL;ISG20;IFIH1;BST2;PLSCR1;IFNL1;OAS1;IRF1;PMAIP1;GBP2
DR 21-,GO_Biological_Process_2023,Response To Type II Interferon (GO:0034341),4.0383679782620055e-11,1.5736173888627617e-08,0,0,15.064171122994653,360.52471219692063,GBP5;CD40;CIITA;IFITM1;STAT1;CX3CL1;BST2;CCL8;CCL7;CCL5;UBD;CCL2;GBP2;GBP1;GBP4
DR 21-,GO_Biological_Process_2023,Cellular Response To Type II Interferon (GO:0071346),5.17487685763556e-09,1.5123577616439925e-06,0,0,14.257575757575758,272.02670797538696,GBP5;CCL8;CCL7;STAT1;IRF1;CCL5;CCL2;JAK2;GBP2;GBP1;CX3CL1;GBP4
DR 21-,GO_Biological_Process_2023,Negative Regulation Of Viral Process (GO:0048525),7.031372833385721e-09,1.6439349684455815e-06,0,0,16.65008025682183,312.5700230551487,IFIH1;BST2;ISG20;IFITM1;PLSCR1;RSAD2;OAS1;STAT1;CCL5;ISG15;OASL
DR 21-,GO_Biological_Process_2023,Regulation Of Innate Immune Response (GO:0045088),1.170136379469124e-08,2.2798157126656764e-06,0,0,26.74568288854003,488.4713958981064,GBP5;PLSCR1;CFH;IRF1;CCL5;TNFAIP3;IFI35;SAMHD1;BIRC3
DR 21-,GO_Biological_Process_2023,Negative Regulation Of Viral Genome Replication (GO:0045071),6.832990884975503e-08,9.984707930670455e-06,0,0,14.968253968253968,246.95999874896103,IFIH1;BST2;ISG20;IFITM1;PLSCR1;RSAD2;OAS1;CCL5;ISG15;OASL
DR 21-,GO_Biological_Process_2023,Regulation Of Viral Genome Replication (GO:0045069),6.832990884975503e-08,9.984707930670455e-06,0,0,14.968253968253968,246.95999874896103,IFIH1;BST2;ISG20;IFITM1;PLSCR1;RSAD2;OAS1;CCL5;ISG15;OASL
DR 21-,GO_Biological_Process_2023,Cellular Response To Tumor Necrosis Factor (GO:0071356),1.1586148715626792e-07,1.504911983174191e-05,0,0,9.828671328671328,156.97243634387547,NFKBIA;CD40;CCL8;CCL7;STAT1;CCL5;CCL2;GBP2;JAK2;GBP1;CX3CL1;BIRC3
DR 21-,GO_Biological_Process_2023,Cellular Response To Cytokine Stimulus (GO:0071345),1.887486250417447e-07,2.2064714267379957e-05,0,0,6.272108843537415,97.1101187359617,GBP5;CD40;STAT1;CX3CL1;NFKBIA;MT2A;CCL8;OAS1;CCL7;CCL5;IRF1;CCL2;GBP2;JAK2;GBP1;GBP4
DR 21-,GO_Biological_Process_2023,Response To Tumor Necrosis Factor (GO:0034612),2.1819953421986097e-07,2.3188659591183405e-05,0,0,10.55056179775281,161.82299649895984,NFKBIA;CD40;CCL8;CCL7;CCL5;UBD;CCL2;GBP2;JAK2;GBP1;CX3CL1
DR 21-,GO_Biological_Process_2023,Cytokine-Mediated Signaling Pathway (GO:0019221),1.2025518118432617e-06,0.00011714858900373108,0,0,6.149501661129568,83.82425531769512,CXCL9;STAT1;CX3CL1;OASL;NFKBIA;CXCL10;CXCL11;CCL8;OAS1;CCL7;CCL5;CCL2;JAK2;BIRC3
DR 21-,GO_Biological_Process_2023,Lymphocyte Chemotaxis (GO:0048247),3.508112342646697e-06,0.0003154602560426145,0,0,12.622073578595318,158.53870267984973,CXCL10;CXCL11;CCL8;CCL7;CCL5;SAA1;CCL2;CX3CL1
DR 21-,GO_Biological_Process_2023,Neutrophil Chemotaxis (GO:0030593),7.025921144222683e-06,0.000586664415542594,0,0,7.707818930041152,91.46024122760969,CXCL10;CXCL9;CXCL11;CCL8;CCL7;CCL5;PDE4B;SAA1;CCL2;CX3CL1
DR 21-,GO_Biological_Process_2023,Neutrophil Migration (GO:1990266),9.142488283546798e-06,0.0006286805178509534,0,0,7.428571428571429,86.19057919428042,CXCL10;CXCL9;CXCL11;CCL8;CCL7;CCL5;PDE4B;SAA1;CCL2;CX3CL1
DR 21-,GO_Biological_Process_2023,Response To Cytokine (GO:0034097),9.142488283546798e-06,0.0006286805178509534,0,0,7.428571428571429,86.19057919428042,BST2;CD40;PLSCR1;CIITA;IFITM1;STAT1;UBD;LAMP3;ISG15;JAK2
DR 21-,GO_Biological_Process_2023,Granulocyte Chemotaxis (GO:0071621),9.142488283546798e-06,0.0006286805178509534,0,0,7.428571428571429,86.19057919428042,CXCL10;CXCL9;CXCL11;CCL8;CCL7;CCL5;PDE4B;SAA1;CCL2;CX3CL1
DR 21-,GO_Biological_Process_2023,Response To Interferon-Beta (GO:0035456),9.74985806633938e-06,0.0006331991155305964,0,0,20.148936170212767,232.4836205393612,BST2;IFITM1;PLSCR1;OAS1;STAT1;IRF1
DR 21-,GO_Biological_Process_2023,Cellular Response To Virus (GO:0098586),1.7377372409106614e-05,0.0010691657024339807,0,0,17.26139817629179,189.19082109789363,IFIH1;CXCL10;IFNL1;OAS1;CCL5;JAK2
DR 21-,GO_Biological_Process_2023,Chemokine-Mediated Signaling Pathway (GO:0070098),2.1849207930773928e-05,0.0012770862035537361,0,0,9.091787439613526,97.5671157490985,CXCL10;CXCL9;CXCL11;CCL8;CCL7;CCL5;CCL2;CX3CL1
DR 21-,GO_Biological_Process_2023,Cellular Response To Chemokine (GO:1990869),2.977721618295707e-05,0.0015272316638106432,0,0,8.608695652173912,89.71782038565296,CXCL10;CXCL9;CXCL11;CCL8;CCL7;CCL5;CCL2;CX3CL1
DR 21-,GO_Biological_Process_2023,Cellular Response To Interleukin-1 (GO:0071347),2.977721618295707e-05,0.0015272316638106432,0,0,8.608695652173912,89.71782038565296,CD40;CCL8;CCL7;CCL5;CCL2;GBP2;GBP1;CX3CL1
DR 21-,GO_Biological_Process_2023,Regulation Of I-kappaB kinase/NF-kappaB Signaling (GO:0043122),3.004818500226244e-05,0.0015272316638106432,0,0,6.286195286195286,65.45631781983104,BST2;CD40;STAT1;UBD;TNFSF10;TNFAIP3;CX3CL1;OPTN;TRIM22;BIRC3
DR 21-,GO_Biological_Process_2023,Defense Response To Protozoan (GO:0042832),8.181450708587026e-05,0.00398504828264093,0,0,39.541666666666664,372.12883861533135,CD40;GBP2;GBP1;GBP4
DR 21-,GO_Biological_Process_2023,Response To Interleukin-1 (GO:0070555),8.951769415088212e-05,0.004185847378495248,0,0,7.09640831758034,66.14614885219311,CD40;CCL8;CCL7;CCL5;CCL2;GBP2;GBP1;CX3CL1
DR 21-,GO_Biological_Process_2023,Negative Regulation Of Innate Immune Response (GO:0045824),0.00010286019114288906,0.004294412980215618,0,0,16.614035087719298,152.55239380337426,OAS1;TNFAIP3;SERPING1;ISG15;SAMHD1
DR 21-,GO_Biological_Process_2023,Antiviral Innate Immune Response (GO:0140374),0.00010286019114288906,0.004294412980215618,0,0,16.614035087719298,152.55239380337426,IFIH1;CXCL10;OAS1;IFIT3;IFIT2
DR 21-,GO_Biological_Process_2023,Positive Regulation Of Type I Interferon Production (GO:0032481),0.00010286019114288906,0.004294412980215618,0,0,16.614035087719298,152.55239380337426,IFIH1;OAS1;STAT1;IRF1;ISG15
DR 21-,GO_Biological_Process_2023,Regulation Of Tyrosine Phosphorylation Of STAT Protein (GO:0042509),0.00015309997781280465,0.005965795802105622,0,0,10.042553191489361,88.21799908306319,SOCS3;CD40;IFNL1;CCL5;JAK2;PARP14
DR 21-,GO_Biological_Process_2023,Lymphocyte Migration (GO:0072676),0.00015309997781280465,0.005965795802105622,0,0,10.042553191489361,88.21799908306319,CCL8;CCL7;CCL5;SAA1;CCL2;CX3CL1
DR 21-,GO_Biological_Process_2023,Interferon-Mediated Signaling Pathway (GO:0140888),0.00016936810446428435,0.006311741037800399,0,0,14.233082706766917,123.59206388861277,IFITM1;IFNL1;STAT1;IRF1;JAK2
DR 21-,GO_Biological_Process_2023,Positive Regulation Of Innate Immune Response (GO:0045089),0.00018357501735262067,0.006311741037800399,0,0,26.34722222222222,226.6621797598714,GBP5;PLSCR1;CCL5;IFI35
DR 21-,GO_Biological_Process_2023,Positive Regulation Of Interferon-Beta Production (GO:0032728),0.00018357501735262067,0.006311741037800399,0,0,26.34722222222222,226.6621797598714,IFIH1;OAS1;IRF1;ISG15
DR 21-,GO_Biological_Process_2023,Exocytosis (GO:0006887),0.00018357501735262067,0.006311741037800399,0,0,26.34722222222222,226.6621797598714,CCL8;CCL5;TNFAIP2;STX11
DR 21-,GO_Biological_Process_2023,Protein Localization To Organelle (GO:0033365),0.0002643629965231669,0.008829724083873775,0,0,12.447368421052632,102.5437538440271,GBP5;ISG15;GBP2;GBP1;OPTN
DR 21-,GO_Biological_Process_2023,Regulation Of Immune Response (GO:0050776),0.00029450227477084115,0.009563143311308702,0,0,8.598784194528875,69.91004017360326,PLSCR1;IFNL1;RSAD2;IRF1;SAMHD1;BIRC3
DR 21-,GO_Biological_Process_2023,Inflammatory Response (GO:0006954),0.0003458035106612232,0.010925521728728916,0,0,3.7892561983471076,30.19900713381325,CXCL10;CXCL11;CXCL9;CD40;CIITA;CCL8;VCAM1;TNFAIP6;CCL7;CCL5;CCL2;CX3CL1
DR 21-,GO_Biological_Process_2023,Eosinophil Chemotaxis (GO:0048245),0.0003950178597139277,0.011840407128348244,0,0,11.058479532163743,86.6606548833963,CCL8;CCL7;CCL5;CCL2;CX3CL1
DR 21-,GO_Biological_Process_2023,Eosinophil Migration (GO:0072677),0.0003950178597139277,0.011840407128348244,0,0,11.058479532163743,86.6606548833963,CCL8;CCL7;CCL5;CCL2;CX3CL1
DR 21-,GO_Biological_Process_2023,Cellular Response To Lipopolysaccharide (GO:0071222),0.0004142951516105026,0.012107775805816939,0,0,5.420289855072464,42.218268622051674,CXCL10;CXCL11;CXCL9;CCL5;PDE4B;CCL2;TNFAIP3;GBP2
DR 21-,GO_Biological_Process_2023,Type II Interferon-Mediated Signaling Pathway (GO:0060333),0.00046811653426905627,0.013347029964890896,0,0,58.7319587628866,450.2857872458315,STAT1;IRF1;JAK2
DR 21-,GO_Biological_Process_2023,Positive Regulation Of I-kappaB kinase/NF-kappaB Signaling (GO:0043123),0.0004985683612449329,0.013876819387983963,0,0,6.142589995324919,46.7068405709551,BST2;CD40;UBD;TNFSF10;CX3CL1;TRIM22;BIRC3
DR 21-,GO_Biological_Process_2023,Positive Regulation Of Immune Response (GO:0050778),0.0005223494276843021,0.014200615836347656,0,0,7.51595744680851,56.799396641341,GBP5;PLSCR1;IFNL1;RSAD2;CCL5;IFI35
DR 21-,GO_Biological_Process_2023,Regulation Of Inflammatory Response (GO:0050727),0.0005780679070451942,0.015202366445955627,0,0,4.111111111111111,30.651701196483735,NFKBIA;TNFAIP6;CCL5;SAA1;TNFAIP3;IFI35;JAK2;CX3CL1;BIRC3;PTGES
DR 21-,GO_Biological_Process_2023,Regulation Of Interferon-Beta Production (GO:0032648),0.0006112157595893195,0.015202366445955627,0,0,15.791666666666666,116.85928929412923,IFIH1;OAS1;IRF1;ISG15
DR 21-,GO_Biological_Process_2023,Regulation Of Response To Biotic Stimulus (GO:0002831),0.0006112157595893195,0.015202366445955627,0,0,15.791666666666666,116.85928929412923,IRF1;SAMHD1;CX3CL1;BIRC3
DR 21-,GO_Biological_Process_2023,Positive Regulation Of Response To Biotic Stimulus (GO:0002833),0.0006112157595893195,0.015202366445955627,0,0,15.791666666666666,116.85928929412923,GBP5;PLSCR1;CCL5;IFI35
DR 21-,GO_Biological_Process_2023,Regulation Of Response To External Stimulus (GO:0032101),0.000678385467444629,0.01652151273839107,0,0,7.07008760951189,51.581909092393126,IRF1;JAK2;SAMHD1;CX3CL1;BIRC3;PTGES
DR 21-,GO_Biological_Process_2023,Positive Regulation Of Intracellular Signal Transduction (GO:1902533),0.000869005326204852,0.020731984210887185,0,0,3.364864864864865,23.716110332377585,BST2;CD40;CCL5;UBD;TNFSF10;PMAIP1;IFI35;NUPR1;JAK2;CX3CL1;TRIM22;BIRC3
DR 21-,GO_Biological_Process_2023,Protein Homotetramerization (GO:0051289),0.0009797523443270978,0.022906609810367545,0,0,13.152777777777779,91.12521610440056,GBP5;SAMHD1;SOD2;CLU
DR 21-,GO_Biological_Process_2023,Positive Regulation Of Tyrosine Phosphorylation Of STAT Protein (GO:0042531),0.001082396678294696,0.023541887373503552,0,0,8.280701754385966,56.545414097797085,CD40;IFNL1;CCL5;JAK2;PARP14
DR 21-,GO_Biological_Process_2023,Positive Regulation Of Lymphocyte Proliferation (GO:0050671),0.001096748066407853,0.023541887373503552,0,0,6.319148936170213,43.06756419019197,CD40;VCAM1;CD70;CCL5;JAK2;TNFSF13B
DR 21-,GO_Biological_Process_2023,Cellular Response To Molecule Of Bacterial Origin (GO:0071219),0.001116573631361091,0.023541887373503552,0,0,5.221425726802071,35.492591985772684,CXCL10;CXCL11;CXCL9;PDE4B;CCL2;TNFAIP3;GBP2
DR 21-,GO_Biological_Process_2023,Negative Regulation Of Type I Interferon-Mediated Signaling Pathway (GO:0060339),0.0011277550837606493,0.023541887373503552,0,0,29.350515463917525,199.217394861114,OAS1;ISG15;SAMHD1
DR 21-,GO_Biological_Process_2023,Regulation Of Type I Interferon-Mediated Signaling Pathway (GO:0060338),0.0011277550837606493,0.023541887373503552,0,0,29.350515463917525,199.217394861114,OAS1;ISG15;SAMHD1
DR 21-,GO_Biological_Process_2023,Interleukin-27-Mediated Signaling Pathway (GO:0070106),0.0011277550837606493,0.023541887373503552,0,0,29.350515463917525,199.217394861114,OAS1;STAT1;OASL
DR 21-,GO_Biological_Process_2023,Regulation Of Defense Response (GO:0031347),0.001439820148952626,0.029528943054835433,0,0,7.6396761133603235,49.988211945862055,IRF1;JAK2;SAMHD1;PTGES;BIRC3
DR 21-,GO_Biological_Process_2023,Tumor Necrosis Factor-Mediated Signaling Pathway (GO:0033209),0.0014808362963672226,0.029846510869884192,0,0,11.267857142857142,73.41176014759877,NFKBIA;STAT1;JAK2;BIRC3
DR 21-,GO_Biological_Process_2023,Response To Lipopolysaccharide (GO:0032496),0.0015837976232903235,0.03057066629522902,0,0,4.260869565217392,27.473787659521996,CXCL10;CXCL11;CXCL9;PDE4B;CCL2;TNFAIP3;GBP2;JAK2
DR 21-,GO_Biological_Process_2023,Positive Regulation Of Defense Response (GO:0031349),0.001595218686064132,0.03057066629522902,0,0,4.8561364479050795,31.27713385048915,NFKBIA;GBP5;PLSCR1;CCL5;IFI35;CX3CL1;OPTN
DR 21-,GO_Biological_Process_2023,Positive Regulation Of Hydrolase Activity (GO:0051345),0.001595218686064132,0.03057066629522902,0,0,4.8561364479050795,31.27713385048915,CD40;CCL8;CCL7;CCL5;CCL2;CTSS;CX3CL1
DR 21-,GO_Biological_Process_2023,Positive Regulation Of Programmed Cell Death (GO:0043068),0.0018308630278657324,0.03452062708992002,0,0,4.149386845039019,26.15345177099766,GBP5;UBD;TNFSF10;PMAIP1;GBP2;GBP1;CLU;IFIT2
DR 21-,GO_Biological_Process_2023,Positive Regulation Of Type II Interferon Production (GO:0032729),0.0018773386273765495,0.034835061196875974,0,0,7.090225563909774,44.51172798101838,IFNL1;PDE4B;ISG15;HLA-A;JAK2
DR 21-,GO_Biological_Process_2023,Regulation Of Release Of Cytochrome C From Mitochondria (GO:0090199),0.0021365735668536314,0.03736849948340709,0,0,9.854166666666666,60.58885488683089,TNFSF10;PLAUR;PMAIP1;CLU
DR 21-,GO_Biological_Process_2023,Positive Regulation Of Calcium Ion Transmembrane Transport (GO:1904427),0.0021365735668536314,0.03736849948340709,0,0,9.854166666666666,60.58885488683089,CXCL10;CXCL9;CXCL11;CX3CL1
DR 21-,GO_Biological_Process_2023,Positive Regulation Of Release Of Sequestered Calcium Ion Into Cytosol (GO:0051281),0.0021365735668536314,0.03736849948340709,0,0,9.854166666666666,60.58885488683089,CXCL10;CXCL9;CXCL11;CX3CL1
DR 21-,GO_Biological_Process_2023,Regulation Of Defense Response To Virus By Host (GO:0050691),0.0021737022796164945,0.03736849948340709,0,0,19.556701030927837,119.90845954872826,STAT1;TNFAIP3;TRIM22
DR 21-,GO_Biological_Process_2023,Negative Regulation Of Viral Life Cycle (GO:1903901),0.0021737022796164945,0.03736849948340709,0,0,19.556701030927837,119.90845954872826,BST2;CIITA;IFITM1
DR 21-,GO_Biological_Process_2023,Defense Response To Bacterium (GO:0042742),0.002416082112913995,0.039653050047313156,0,0,3.9427359490986214,23.757381325484182,OAS1;ANXA3;ISG15;HLA-A;GBP2;GBP1;GBP4;OPTN
DR 21-,GO_Biological_Process_2023,Regulation Of Homotypic Cell-Cell Adhesion (GO:0034110),0.002476195597479778,0.039653050047313156,0,0,inf,inf,CCL5;PLAUR
DR 21-,GO_Biological_Process_2023,Negative Regulation Of Programmed Necrotic Cell Death (GO:0062099),0.002476195597479778,0.039653050047313156,0,0,inf,inf,NUPR1;BIRC3
DR 21-,GO_Biological_Process_2023,Negative Regulation Of Tyrosine Phosphorylation Of STAT Protein (GO:0042532),0.002476195597479778,0.039653050047313156,0,0,inf,inf,SOCS3;PARP14
DR 21-,GO_Biological_Process_2023,Positive Regulation Of Glucose Metabolic Process (GO:0010907),0.002476195597479778,0.039653050047313156,0,0,inf,inf,NNMT;PMAIP1
DR 21-,GO_Biological_Process_2023,Negative Regulation Of Neuron Apoptotic Process (GO:0043524),0.002968670771999826,0.04689697476307833,0,0,8.75462962962963,50.948801338613265,CCL2;SOD2;CLU;CX3CL1
DR 21-,GO_Biological_Process_2023,Monocyte Chemotaxis (GO:0002548),0.0030328278173298757,0.047271676246114995,0,0,6.197368421052632,35.933952315709924,CCL8;CCL7;CCL5;CCL2;CX3CL1
DR 22-,GO_Biological_Process_2023,Intermediate Filament Organization (GO:0045109),6.940285203317922e-08,7.634313723649713e-05,0,0,27.44927536231884,452.455680212755,KRT81;KRT17;KRT15;KRT23;KRT7;VIM;KRT86;KRT6B
DR 22-,GO_Biological_Process_2023,Positive Regulation Of Wound Healing (GO:0090303),5.841428530078328e-05,0.02628673368532646,0,0,19.94736842105263,194.44595172999095,CLDN4;ANXA1;CLDN3;CLDN1;THBS1
DR 22-,GO_Biological_Process_2023,Cellular Response To Reactive Oxygen Species (GO:0034614),7.169109186907215e-05,0.02628673368532646,0,0,12.063829787234043,115.12686557238213,EDN1;JUN;ANXA1;TPM1;PPIF;RHOB
DR 22-,GO_Biological_Process_2023,Apoptotic Process (GO:0006915),0.00015309446914615814,0.04210097901519349,0,0,5.595404595404595,49.152582010964075,PPP1R15A;PLSCR1;BIK;MYC;PMP22;EMP1;AHR;PHLDA2;RHOB
DR 23+,GO_Biological_Process_2023,Negative Regulation Of Phosphatase Activity (GO:0010923),0.0019994628802528407,0.006661566959265526,0,0,1997.0,12411.10875864577,PPP1R1B
DR 23+,GO_Biological_Process_2023,Negative Regulation Of Protein Dephosphorylation (GO:0035308),0.0029984508787525596,0.006661566959265526,0,0,998.0,5798.040178435152,PPP1R1B
DR 23+,GO_Biological_Process_2023,Negative Regulation Of Phosphoprotein Phosphatase Activity (GO:0032515),0.003996940175559315,0.006661566959265526,0,0,665.0,3672.2804008559224,PPP1R1B
DR 23+,GO_Biological_Process_2023,Regulation Of Phosphoprotein Phosphatase Activity (GO:0043666),0.005992420981906273,0.007490526227382842,0,0,398.6,2039.7397474739962,PPP1R1B
DR 23+,GO_Biological_Process_2023,Epidermis Development (GO:0008544),0.01792332052038118,0.01792332052038118,0,0,116.52941176470588,468.64081083332223,CALML5
DR 23-,GO_Biological_Process_2023,Antigen Processing And Presentation Of Endogenous Peptide Antigen (GO:0002483),2.581186013747427e-08,3.5104129786965005e-06,0,0,330.8333333333333,5780.462839076641,HLA-B;TAP1;HLA-A;HLA-F
DR 23-,GO_Biological_Process_2023,Antigen Processing And Presentation Of Endogenous Peptide Antigen Via MHC Class I Via ER Pathway (GO:0002484),1.6522857521564455e-07,4.494217245865532e-06,0,0,inf,inf,HLA-B;HLA-A;HLA-F
DR 23-,GO_Biological_Process_2023,"Antigen Processing And Presentation Of Endogenous Peptide Antigen Via MHC Class I Via ER Pathway, TAP-independent (GO:0002486)",1.6522857521564455e-07,4.494217245865532e-06,0,0,inf,inf,HLA-B;HLA-A;HLA-F
DR 23-,GO_Biological_Process_2023,Antigen Processing And Presentation Of Endogenous Peptide Antigen Via MHC Class Ib (GO:0002476),1.6522857521564455e-07,4.494217245865532e-06,0,0,inf,inf,HLA-B;HLA-A;HLA-F
DR 23-,GO_Biological_Process_2023,Antigen Processing And Presentation Of Peptide Antigen Via MHC Class Ib (GO:0002428),1.6522857521564455e-07,4.494217245865532e-06,0,0,inf,inf,HLA-B;HLA-A;HLA-F
DR 23-,GO_Biological_Process_2023,Positive Regulation Of T Cell Mediated Cytotoxicity (GO:0001916),3.2713002705783137e-06,6.355669097123581e-05,0,0,220.55555555555554,2785.68790960228,HLA-B;HLA-A;HLA-F
DR 23-,GO_Biological_Process_2023,Negative Regulation Of Natural Killer Cell Mediated Cytotoxicity (GO:0045953),3.2713002705783137e-06,6.355669097123581e-05,0,0,220.55555555555554,2785.68790960228,HLA-B;HLA-A;HLA-F
DR 23-,GO_Biological_Process_2023,Positive Regulation Of T Cell Mediated Immunity (GO:0002711),1.360073195698297e-05,0.00023121244326871048,0,0,110.11111111111111,1233.8376070874888,HLA-B;HLA-A;HLA-F
DR 23-,GO_Biological_Process_2023,Regulation Of T Cell Mediated Cytotoxicity (GO:0001914),1.9363946174607225e-05,0.00029261074219406473,0,0,94.33333333333333,1023.7145464505571,HLA-B;HLA-A;HLA-F
DR 23-,GO_Biological_Process_2023,Positive Regulation Of Leukocyte Mediated Cytotoxicity (GO:0001912),2.653540494444933e-05,0.0003608815072445109,0,0,82.5,869.3050311853028,HLA-B;HLA-A;HLA-F
DR 23-,GO_Biological_Process_2023,Antigen Processing And Presentation Of Endogenous Peptide Antigen Via MHC Class I (GO:0019885),9.871501087499855e-05,0.001220476498090891,0,0,397.4,3665.3289036922115,TAP1;HLA-A
DR 23-,GO_Biological_Process_2023,Detection Of Bacterium (GO:0016045),0.00019677242252160254,0.002058542266379842,0,0,198.6,1694.7456947280346,HLA-B;HLA-A
DR 23-,GO_Biological_Process_2023,Antigen Processing And Presentation Of Peptide Antigen Via MHC Class I (GO:0002474),0.00019677242252160254,0.002058542266379842,0,0,198.6,1694.7456947280346,TAP1;HLA-A
DR 23-,GO_Biological_Process_2023,Regulation Of T Cell Cytokine Production (GO:0002724),0.0004886574272553847,0.004746957864766594,0,0,99.2,756.2858080780569,HLA-A;HLA-F
DR 23-,GO_Biological_Process_2023,Positive Regulation Of Cytokine Production Involved In Immune Response (GO:0002720),0.0006818396986867807,0.006182013268093478,0,0,79.32,578.2995910308891,HLA-A;HLA-F
DR 23-,GO_Biological_Process_2023,Antigen Processing And Presentation Of Exogenous Peptide Antigen (GO:0002478),0.002886365430419904,0.024534106158569182,0,0,32.93333333333333,192.58613728068826,HLA-A;HLA-F
DR 23-,GO_Biological_Process_2023,Negative Regulation Of Endopeptidase Activity (GO:0010951),0.003319317939117335,0.025079291095553197,0,0,30.384615384615383,173.43526177598545,SERPINA3;SERPING1
DR 23-,GO_Biological_Process_2023,Regulation Of Endopeptidase Activity (GO:0052548),0.003319317939117335,0.025079291095553197,0,0,30.384615384615383,173.43526177598545,SERPINA3;SERPING1
DR 23-,GO_Biological_Process_2023,Negative Regulation Of Peptidase Activity (GO:0010466),0.004270688267094703,0.02813757986084775,0,0,26.30666666666667,143.52865451476723,SERPINA3;SERPING1
DR 23-,GO_Biological_Process_2023,Protection From Natural Killer Cell Mediated Cytotoxicity (GO:0042270),0.005999925117386653,0.02813757986084775,0,0,inf,inf,HLA-B
DR 23-,GO_Biological_Process_2023,Regulation Of ERBB Signaling Pathway (GO:1901184),0.005999925117386653,0.02813757986084775,0,0,inf,inf,IFI6
DR 23-,GO_Biological_Process_2023,Regulation Of IRE1-mediated Unfolded Protein Response (GO:1903894),0.005999925117386653,0.02813757986084775,0,0,inf,inf,HSPA5
DR 23-,GO_Biological_Process_2023,Maintenance Of Protein Localization In Organelle (GO:0072595),0.005999925117386653,0.02813757986084775,0,0,inf,inf,HSPA5
DR 23-,GO_Biological_Process_2023,Peptide Transport (GO:0015833),0.005999925117386653,0.02813757986084775,0,0,inf,inf,TAP1
DR 23-,GO_Biological_Process_2023,Regulation Of T Cell Tolerance Induction (GO:0002664),0.005999925117386653,0.02813757986084775,0,0,inf,inf,HLA-B
DR 23-,GO_Biological_Process_2023,Intracellular Protein Transmembrane Transport (GO:0065002),0.005999925117386653,0.02813757986084775,0,0,inf,inf,HSPA5
DR 23-,GO_Biological_Process_2023,Regulation Of Natural Killer Cell Cytokine Production (GO:0002727),0.005999925117386653,0.02813757986084775,0,0,inf,inf,HLA-F
DR 23-,GO_Biological_Process_2023,Positive Regulation Of Natural Killer Cell Cytokine Production (GO:0002729),0.005999925117386653,0.02813757986084775,0,0,inf,inf,HLA-F
DR 23-,GO_Biological_Process_2023,Post-Translational Protein Targeting To Endoplasmic Reticulum Membrane (GO:0006620),0.005999925117386653,0.02813757986084775,0,0,inf,inf,HSPA5
DR 23-,GO_Biological_Process_2023,Negative Regulation Of Endoplasmic Reticulum Unfolded Protein Response (GO:1900102),0.01196687022218602,0.043986333789656724,0,0,180.63636363636363,799.4266865248305,HSPA5
DR 23-,GO_Biological_Process_2023,Maintenance Of Protein Localization In Endoplasmic Reticulum (GO:0035437),0.01196687022218602,0.043986333789656724,0,0,180.63636363636363,799.4266865248305,HSPA5
DR 23-,GO_Biological_Process_2023,Positive Regulation Of Leukocyte Degranulation (GO:0043302),0.01196687022218602,0.043986333789656724,0,0,180.63636363636363,799.4266865248305,HLA-F
DR 23-,GO_Biological_Process_2023,Protein Localization To Endoplasmic Reticulum (GO:0070972),0.01196687022218602,0.043986333789656724,0,0,180.63636363636363,799.4266865248305,HSPA5
DR 23-,GO_Biological_Process_2023,Antigen Processing And Presentation Of Exogenous Peptide Antigen Via MHC Class I (GO:0042590),0.01196687022218602,0.043986333789656724,0,0,180.63636363636363,799.4266865248305,HLA-A
DR 23-,GO_Biological_Process_2023,Positive Regulation Of Transcription From RNA Polymerase II Promoter In Response To Endoplasmic Reticulum Stress (GO:1990440),0.01196687022218602,0.043986333789656724,0,0,180.63636363636363,799.4266865248305,HSPA5
DR 23-,GO_Biological_Process_2023,T Cell Mediated Cytotoxicity (GO:0001913),0.01196687022218602,0.043986333789656724,0,0,180.63636363636363,799.4266865248305,HLA-A
DR 23-,GO_Biological_Process_2023,Negative Regulation Of Complement Activation (GO:0045916),0.01196687022218602,0.043986333789656724,0,0,180.63636363636363,799.4266865248305,SERPING1
DR 24+,GO_Biological_Process_2023,Mitotic Spindle Organization (GO:0007052),5.2399959735268167e-14,2.965837721016178e-11,0,0,30.3048128342246,926.7172541791181,STIL;CDCA8;KIF23;KIF11;WDR62;AURKB;NDC80;TPX2;CENPH;KIFC1;PRC1;KIF4A;STMN1;BIRC5;SPC25
DR 24+,GO_Biological_Process_2023,Mitotic Sister Chromatid Segregation (GO:0000070),4.64988526535627e-13,1.3159175300958243e-10,0,0,23.77310924369748,675.0793647456611,CDCA5;NCAPG;CDCA8;KIF23;KIF11;SMC4;ZWINT;NDC80;SGO1;TPX2;PRC1;KIFC1;CENPK;NUSAP1;CEP55
DR 24+,GO_Biological_Process_2023,Microtubule Cytoskeleton Organization Involved In Mitosis (GO:1902850),1.922813305397421e-12,3.627707769516468e-10,0,0,31.395913154533844,846.9748248308853,STIL;CDCA8;KIF11;WDR62;AURKB;NDC80;CENPH;KIF4A;STMN1;NUSAP1;CDK1;BIRC5;SPC25
DR 24+,GO_Biological_Process_2023,Mitotic Spindle Assembly (GO:0090307),1.5815634780754438e-11,2.237912321476753e-09,0,0,70.25925925925925,1747.349332059077,TPX2;RACGAP1;KIFC1;PRC1;KIF4A;CDCA8;BIRC5;KIF23;KIF11;AURKB
DR 24+,GO_Biological_Process_2023,Mitotic Cytokinesis (GO:0000281),2.7303668584915722e-11,2.575646069843716e-09,0,0,39.01498127340824,949.0004061472918,ANLN;RACGAP1;KIF4A;STMN1;NUSAP1;BIRC5;CDCA8;KIF23;ECT2;CEP55;AURKB
DR 24+,GO_Biological_Process_2023,Cytoskeleton-Dependent Cytokinesis (GO:0061640),2.7303668584915722e-11,2.575646069843716e-09,0,0,39.01498127340824,949.0004061472918,ANLN;RACGAP1;KIF4A;STMN1;NUSAP1;BIRC5;CDCA8;KIF23;ECT2;CEP55;AURKB
DR 24+,GO_Biological_Process_2023,Positive Regulation Of Cell Cycle Process (GO:0090068),1.979031477636271e-09,1.575708845758718e-07,0,0,16.056818181818183,321.7892059990056,FEN1;STIL;RACGAP1;NUSAP1;BIRC5;NCAPG;CDCA8;KIF23;ECT2;SMC4;AURKB;NDC80
DR 24+,GO_Biological_Process_2023,Mitotic Nuclear Division (GO:0140014),2.2271503120264565e-09,1.575708845758718e-07,0,0,37.48351648351648,746.766967271742,SGO1;UBE2C;KIFC1;UBE2S;CENPK;NUSAP1;SMC4;NDC80;ZWINT
DR 24+,GO_Biological_Process_2023,DNA Metabolic Process (GO:0006259),4.985620465184272e-09,3.1354013147714423e-07,0,0,12.1944027986007,233.1168372284426,TOP2A;FEN1;DUT;HMGB2;NUDT1;BRCA1;TYMS;RAD51AP1;FAM111B;EXO1;UBE2T;PCLAF;CDK1
DR 24+,GO_Biological_Process_2023,Sister Chromatid Segregation (GO:0000819),1.2439710040213076e-08,6.371992556860317e-07,0,0,41.21739130434783,750.2542918054718,TOP2A;SGO1;KIFC1;CENPK;NUSAP1;SMC4;NDC80;ZWINT
DR 24+,GO_Biological_Process_2023,Mitotic Spindle Elongation (GO:0000022),1.3509524855534243e-08,6.371992556860317e-07,0,0,inf,inf,RACGAP1;PRC1;KIF4A;BIRC5;CDCA8;KIF23
DR 24+,GO_Biological_Process_2023,Mitotic Spindle Midzone Assembly (GO:0051256),1.3509524855534243e-08,6.371992556860317e-07,0,0,inf,inf,RACGAP1;PRC1;KIF4A;BIRC5;CDCA8;KIF23
DR 24+,GO_Biological_Process_2023,DNA Repair (GO:0006281),9.557318918340284e-07,4.1611096213696934e-05,0,0,12.428571428571429,172.26979882367422,RAD51AP1;FANCI;FEN1;EXO1;CDCA5;UBE2T;NUDT1;CDK1;BRCA1
DR 24+,GO_Biological_Process_2023,Positive Regulation Of Chromosome Organization (GO:2001252),1.6347689119602374e-06,6.609137172639245e-05,0,0,99.94736842105263,1331.699646548547,FEN1;CDK1;NCAPG;SMC4;AURKB
DR 24+,GO_Biological_Process_2023,Cell Cycle G2/M Phase Transition (GO:0044839),2.4059653434271885e-06,9.078509229198591e-05,0,0,30.25531914893617,391.42998698352,CCNA2;MELK;CDK1;FOXM1;PKMYT1;AURKB
DR 24+,GO_Biological_Process_2023,Mitotic Cell Cycle Phase Transition (GO:0044772),5.2867929476986835e-06,0.0001829475049188825,0,0,11.714285714285714,142.33207100124613,CCNA2;MELK;UBE2S;UBE2C;CDK1;PKMYT1;FOXM1;CDKN3
DR 24+,GO_Biological_Process_2023,Chromosome Condensation (GO:0030261),5.494889723712018e-06,0.0001829475049188825,0,0,49.94736842105263,604.94714446369,TOP2A;CDCA5;NUSAP1;NCAPG;SMC4
DR 24+,GO_Biological_Process_2023,Mitotic Metaphase Plate Congression (GO:0007080),1.7377372409106614e-05,0.0005464218213085746,0,0,17.26139817629179,189.19082109789363,CDT1;KIFC1;CDCA5;CDCA8;CEP55;NDC80
DR 24+,GO_Biological_Process_2023,Positive Regulation Of Chromosome Separation (GO:1905820),2.836112005424511e-05,0.0008196214215640345,0,0,79.125,828.4776290914322,CDCA8;NCAPG;BIRC5;SMC4
DR 24+,GO_Biological_Process_2023,Metaphase Plate Congression (GO:0051310),2.9185779662643087e-05,0.0008196214215640345,0,0,15.095744680851064,157.6271840592717,CENPF;KIFC1;CDCA5;CDCA8;CEP55;NDC80
DR 24+,GO_Biological_Process_2023,G2/M Transition Of Mitotic Cell Cycle (GO:0000086),3.0409982072163825e-05,0.0008196214215640345,0,0,24.94736842105263,259.4710837955379,CCNA2;MELK;CDK1;FOXM1;PKMYT1
DR 24+,GO_Biological_Process_2023,Positive Regulation Of Cytokinesis (GO:0032467),5.841428530078328e-05,0.0015028402491019698,0,0,19.94736842105263,194.44595172999095,RACGAP1;CDCA8;BIRC5;KIF23;ECT2
DR 24+,GO_Biological_Process_2023,Regulation Of Cell Cycle Process (GO:0010564),8.024954669473463e-05,0.0018522804404241026,0,0,8.862903225806452,83.5804517713919,RACGAP1;PRC1;KIF11;PKMYT1;MKI67;ECT2;AURKB
DR 24+,GO_Biological_Process_2023,Positive Regulation Of Mitotic Sister Chromatid Separation (GO:1901970),8.181450708587026e-05,0.0018522804404241026,0,0,39.541666666666664,372.12883861533135,UBE2C;CDCA8;BIRC5;AURKB
DR 24+,GO_Biological_Process_2023,Mitotic Chromosome Condensation (GO:0007076),8.181450708587026e-05,0.0018522804404241026,0,0,39.541666666666664,372.12883861533135,CDCA5;NUSAP1;NCAPG;SMC4
DR 24+,GO_Biological_Process_2023,Regulation Of Mitotic Cytokinesis (GO:1902412),0.00012145241724754159,0.002546002524522538,0,0,inf,inf,BIRC5;CDCA8;AURKB
DR 24+,GO_Biological_Process_2023,Protein K6-linked Ubiquitination (GO:0085020),0.00012145241724754159,0.002546002524522538,0,0,inf,inf,UBE2S;UBE2T;BRCA1
DR 24+,GO_Biological_Process_2023,DNA Damage Response (GO:0006974),0.00015309446914615814,0.0030946953405973396,0,0,5.595404595404595,49.152582010964075,TOP2A;RAD51AP1;FEN1;EXO1;UBE2T;PCLAF;NUDT1;CDK1;BRCA1
DR 24+,GO_Biological_Process_2023,Regulation Of Mitotic Cell Cycle Spindle Assembly Checkpoint (GO:0090266),0.00018357501735262067,0.003582877924882183,0,0,26.34722222222222,226.6621797598714,CDCA8;BIRC5;AURKB;NDC80
DR 24+,GO_Biological_Process_2023,Regulation Of Cytokinesis (GO:0032465),0.0002643629965231669,0.0049876485344037495,0,0,12.447368421052632,102.5437538440271,RACGAP1;PRC1;KIF23;ECT2;AURKB
DR 24+,GO_Biological_Process_2023,Chromosome Organization (GO:0051276),0.0003530788440695878,0.006446536314302797,0,0,19.75,156.9891786404046,TOP2A;CENPW;CENPH;CDCA8
DR 24+,GO_Biological_Process_2023,DNA Replication (GO:0006260),0.0003950178597139277,0.006986878393690096,0,0,11.058479532163743,86.6606548833963,FAM111B;FEN1;DUT;PCLAF;CDK1
DR 24+,GO_Biological_Process_2023,Positive Regulation Of Mitotic Cell Cycle Spindle Assembly Checkpoint (GO:0090267),0.00046811653426905627,0.007160917794494212,0,0,58.7319587628866,450.2857872458315,BIRC5;CDCA8;NDC80
DR 24+,GO_Biological_Process_2023,Positive Regulation Of Spindle Checkpoint (GO:0090232),0.00046811653426905627,0.007160917794494212,0,0,58.7319587628866,450.2857872458315,BIRC5;CDCA8;NDC80
DR 24+,GO_Biological_Process_2023,Protein K11-linked Ubiquitination (GO:0070979),0.00046811653426905627,0.007160917794494212,0,0,58.7319587628866,450.2857872458315,UBE2C;UBE2S;UBE2T
DR 24+,GO_Biological_Process_2023,Mitotic Sister Chromatid Cohesion (GO:0007064),0.00046811653426905627,0.007160917794494212,0,0,58.7319587628866,450.2857872458315,SGO1;CDCA5;ESCO2
DR 24+,GO_Biological_Process_2023,Centromere Complex Assembly (GO:0034508),0.00046811653426905627,0.007160917794494212,0,0,58.7319587628866,450.2857872458315,CENPF;CENPW;HJURP
DR 24+,GO_Biological_Process_2023,Regulation Of DNA Replication (GO:0006275),0.0006112157595893195,0.009103897892830391,0,0,15.791666666666666,116.85928929412923,CCNA2;CDT1;GMNN;ESCO2
DR 24+,GO_Biological_Process_2023,Double-Strand Break Repair (GO:0006302),0.0007953202530924244,0.011542340083341339,0,0,9.038277511961722,64.50406884720583,RAD51AP1;FEN1;CDCA5;HMGB2;BRCA1
DR 24+,GO_Biological_Process_2023,Regulation Of DNA Metabolic Process (GO:0051052),0.0009797523443270978,0.013581050583160158,0,0,13.152777777777779,91.12521610440056,CCNA2;GMNN;ESCO2;BRCA1
DR 24+,GO_Biological_Process_2023,Positive Regulation Of Mitotic Cell Cycle Phase Transition (GO:1901992),0.001082396678294696,0.013581050583160158,0,0,8.280701754385966,56.545414097797085,STIL;RRM2;UBE2C;CDCA5;CDK1
DR 24+,GO_Biological_Process_2023,"Negative Regulation Of Gene Expression, Epigenetic (GO:0045814)",0.0011277550837606493,0.013581050583160158,0,0,29.350515463917525,199.217394861114,HELLS;LMNB1;PHF19
DR 24+,GO_Biological_Process_2023,Regulation Of Microtubule Polymerization Or Depolymerization (GO:0031110),0.0011277550837606493,0.013581050583160158,0,0,29.350515463917525,199.217394861114,STMN1;SKA3;SKA1
DR 24+,GO_Biological_Process_2023,Regulation Of Mitotic Sister Chromatid Separation (GO:0010965),0.0011277550837606493,0.013581050583160158,0,0,29.350515463917525,199.217394861114,BIRC5;CDCA8;AURKB
DR 24+,GO_Biological_Process_2023,Kinetochore Organization (GO:0051383),0.0011277550837606493,0.013581050583160158,0,0,29.350515463917525,199.217394861114,CENPF;CENPW;CENPH
DR 24+,GO_Biological_Process_2023,Mitotic Cell Cycle Checkpoint Signaling (GO:0007093),0.0011277550837606493,0.013581050583160158,0,0,29.350515463917525,199.217394861114,BRCA1;AURKB;ZWINT
DR 24+,GO_Biological_Process_2023,Positive Regulation Of Chromosome Segregation (GO:0051984),0.0011277550837606493,0.013581050583160158,0,0,29.350515463917525,199.217394861114,CDK1;NCAPG;SMC4
DR 24+,GO_Biological_Process_2023,Spindle Assembly Checkpoint Signaling (GO:0071173),0.0021365735668536314,0.021235253154144762,0,0,9.854166666666666,60.58885488683089,CENPF;NDC80;ZWINT;SPC25
DR 24+,GO_Biological_Process_2023,Negative Regulation Of Mitotic Metaphase/Anaphase Transition (GO:0045841),0.0021365735668536314,0.021235253154144762,0,0,9.854166666666666,60.58885488683089,CENPF;NDC80;ZWINT;SPC25
DR 24+,GO_Biological_Process_2023,Mitotic Spindle Assembly Checkpoint Signaling (GO:0007094),0.0021365735668536314,0.021235253154144762,0,0,9.854166666666666,60.58885488683089,CENPF;NDC80;ZWINT;SPC25
DR 24+,GO_Biological_Process_2023,Mitotic Spindle Checkpoint Signaling (GO:0071174),0.0021365735668536314,0.021235253154144762,0,0,9.854166666666666,60.58885488683089,CENPF;NDC80;ZWINT;SPC25
DR 24+,GO_Biological_Process_2023,Regulation Of Chromatin Binding (GO:0035561),0.002476195597479778,0.021235253154144762,0,0,inf,inf,CDT1;GMNN
DR 24+,GO_Biological_Process_2023,Regulation Of Chromosome Condensation (GO:0060623),0.002476195597479778,0.021235253154144762,0,0,inf,inf,NCAPG;SMC4
DR 24+,GO_Biological_Process_2023,CENP-A Containing Chromatin Assembly (GO:0034080),0.002476195597479778,0.021235253154144762,0,0,inf,inf,CENPW;HJURP
DR 24+,GO_Biological_Process_2023,DNA Topological Change (GO:0006265),0.002476195597479778,0.021235253154144762,0,0,inf,inf,TOP2A;HMGB2
DR 24+,GO_Biological_Process_2023,Regulation Of Double-Strand Break Repair (GO:2000779),0.002476195597479778,0.021235253154144762,0,0,inf,inf,RAD51AP1;FOXM1
DR 24+,GO_Biological_Process_2023,Free Ubiquitin Chain Polymerization (GO:0010994),0.002476195597479778,0.021235253154144762,0,0,inf,inf,UBE2C;UBE2S
DR 24+,GO_Biological_Process_2023,Interstrand Cross-Link Repair (GO:0036297),0.002476195597479778,0.021235253154144762,0,0,inf,inf,RAD51AP1;FANCI
DR 24+,GO_Biological_Process_2023,Protein K27-linked Ubiquitination (GO:0044314),0.002476195597479778,0.021235253154144762,0,0,inf,inf,UBE2S;UBE2T
DR 24+,GO_Biological_Process_2023,Protein K29-linked Ubiquitination (GO:0035519),0.002476195597479778,0.021235253154144762,0,0,inf,inf,UBE2S;UBE2T
DR 24+,GO_Biological_Process_2023,Chromatin Remodeling At Centromere (GO:0031055),0.002476195597479778,0.021235253154144762,0,0,inf,inf,CENPW;HJURP
DR 24+,GO_Biological_Process_2023,Positive Regulation Of Attachment Of Mitotic Spindle Microtubules To Kinetochore (GO:1902425),0.002476195597479778,0.021235253154144762,0,0,inf,inf,BIRC5;CDCA8
DR 24+,GO_Biological_Process_2023,Negative Regulation Of DNA-templated DNA Replication (GO:2000104),0.002476195597479778,0.021235253154144762,0,0,inf,inf,CDT1;GMNN
DR 24+,GO_Biological_Process_2023,Regulation Of Attachment Of Mitotic Spindle Microtubules To Kinetochore (GO:1902423),0.002476195597479778,0.021235253154144762,0,0,inf,inf,BIRC5;CDCA8
DR 24+,GO_Biological_Process_2023,Positive Regulation Of Chromosome Condensation (GO:1905821),0.002476195597479778,0.021235253154144762,0,0,inf,inf,NCAPG;SMC4
DR 24+,GO_Biological_Process_2023,Positive Regulation Of Double-Strand Break Repair (GO:2000781),0.002476195597479778,0.021235253154144762,0,0,inf,inf,RAD51AP1;FOXM1
DR 24+,GO_Biological_Process_2023,Protein Phosphorylation (GO:0006468),0.003020759602005712,0.02551865574231691,0,0,4.258390355164549,24.708232473069767,MELK;CDK1;PBK;BIRC5;CDCA8;CLSPN;AURKB
DR 24+,GO_Biological_Process_2023,Regulation Of Chromosome Segregation (GO:0051983),0.0036663054093939128,0.028821234190513256,0,0,14.65979381443299,82.22049187959041,NCAPG;MKI67;SMC4
DR 24+,GO_Biological_Process_2023,Regulation Of Microtubule Cytoskeleton Organization (GO:0070507),0.0036663054093939128,0.028821234190513256,0,0,14.65979381443299,82.22049187959041,STMN1;SKA3;SKA1
DR 24+,GO_Biological_Process_2023,Nuclear Chromosome Segregation (GO:0098813),0.0036663054093939128,0.028821234190513256,0,0,14.65979381443299,82.22049187959041,TOP2A;CENPF;NDC80
DR 24+,GO_Biological_Process_2023,Post-Translational Protein Modification (GO:0043687),0.0036663054093939128,0.028821234190513256,0,0,14.65979381443299,82.22049187959041,CCNA2;ESCO2;AURKB
DR 24+,GO_Biological_Process_2023,Cellular Response To Radiation (GO:0071478),0.0036663054093939128,0.028821234190513256,0,0,14.65979381443299,82.22049187959041,RAD51AP1;BRCA1;ECT2
DR 24+,GO_Biological_Process_2023,Mitotic G2 DNA Damage Checkpoint Signaling (GO:0007095),0.005654249936284305,0.04324737113428266,0,0,11.721649484536082,60.66361305353392,CDK1;BRCA1;CLSPN
DR 24+,GO_Biological_Process_2023,Positive Regulation Of Cell Division (GO:0051781),0.005654249936284305,0.04324737113428266,0,0,11.721649484536082,60.66361305353392,RACGAP1;KIF23;ECT2
DR 24+,GO_Biological_Process_2023,Regulation Of Centriole Replication (GO:0046599),0.007185712772057863,0.04841801701172322,0,0,38.755102040816325,191.2820287028576,STIL;BRCA1
DR 24+,GO_Biological_Process_2023,Regulation Of Chromosome Separation (GO:1905818),0.007185712772057863,0.04841801701172322,0,0,38.755102040816325,191.2820287028576,NCAPG;SMC4
DR 24+,GO_Biological_Process_2023,DNA Conformation Change (GO:0071103),0.007185712772057863,0.04841801701172322,0,0,38.755102040816325,191.2820287028576,TOP2A;HMGB2
DR 24+,GO_Biological_Process_2023,Exit From Mitosis (GO:0010458),0.007185712772057863,0.04841801701172322,0,0,38.755102040816325,191.2820287028576,UBE2C;UBE2S
DR 24+,GO_Biological_Process_2023,Positive Regulation Of Mitotic Cytokinesis (GO:1903490),0.007185712772057863,0.04841801701172322,0,0,38.755102040816325,191.2820287028576,BIRC5;CDCA8
DR 24+,GO_Biological_Process_2023,Nucleosome Assembly (GO:0006334),0.007185712772057863,0.04841801701172322,0,0,38.755102040816325,191.2820287028576,HMGB2;ASF1B
DR 24+,GO_Biological_Process_2023,Nucleosome Organization (GO:0034728),0.007185712772057863,0.04841801701172322,0,0,38.755102040816325,191.2820287028576,HMGB2;ASF1B
DR 24+,GO_Biological_Process_2023,Positive Regulation Of DNA Repair (GO:0045739),0.007185712772057863,0.04841801701172322,0,0,38.755102040816325,191.2820287028576,BRCA1;FOXM1
DR 24+,GO_Biological_Process_2023,Positive Regulation Of Attachment Of Spindle Microtubules To Kinetochore (GO:0051987),0.007185712772057863,0.04841801701172322,0,0,38.755102040816325,191.2820287028576,BIRC5;CDCA8
DR 24+,GO_Biological_Process_2023,Negative Regulation Of DNA Replication (GO:0008156),0.007185712772057863,0.04841801701172322,0,0,38.755102040816325,191.2820287028576,CDT1;GMNN
DR 25-,GO_Biological_Process_2023,Positive Regulation Of Supramolecular Fiber Organization (GO:1902905),1.2821611303514803e-05,0.014501242384275243,0,0,12.925708699902248,145.60007424149998,PYCARD;HCK;CDC42EP4;SYNPO2;PLEK;APOE;CLU
DR 25-,GO_Biological_Process_2023,Regulation Of Cysteine-Type Endopeptidase Activity (GO:2000116),8.181450708587026e-05,0.030844069171373088,0,0,39.541666666666664,372.12883861533135,CST3;PYCARD;BIRC3;LTF
DR 25-,GO_Biological_Process_2023,Icosanoid Metabolic Process (GO:0006690),8.181450708587026e-05,0.030844069171373088,0,0,39.541666666666664,372.12883861533135,PYCARD;HPGD;ALOX5;CYP1B1
DR 26+,GO_Biological_Process_2023,Mesoderm Formation (GO:0001707),0.002999951725986083,0.04269615690499438,0,0,inf,inf,MESP1
DR 26+,GO_Biological_Process_2023,Mesoderm Morphogenesis (GO:0048332),0.002999951725986083,0.04269615690499438,0,0,inf,inf,MESP1
DR 26+,GO_Biological_Process_2023,Regulation Of Striated Muscle Cell Differentiation (GO:0051153),0.002999951725986083,0.04269615690499438,0,0,inf,inf,MESP1
DR 26+,GO_Biological_Process_2023,Sinoatrial Node Development (GO:0003163),0.002999951725986083,0.04269615690499438,0,0,inf,inf,MESP1
DR 26+,GO_Biological_Process_2023,Epithelial Cell Development (GO:0002064),0.005992420981906273,0.04269615690499438,0,0,398.6,2039.7397474739962,CLDN3
DR 26+,GO_Biological_Process_2023,Epithelial Cell Morphogenesis (GO:0003382),0.005992420981906273,0.04269615690499438,0,0,398.6,2039.7397474739962,CLDN3
DR 26+,GO_Biological_Process_2023,Cardiocyte Differentiation (GO:0035051),0.005992420981906273,0.04269615690499438,0,0,398.6,2039.7397474739962,MESP1
DR 26+,GO_Biological_Process_2023,Cellular Component Maintenance (GO:0043954),0.005992420981906273,0.04269615690499438,0,0,398.6,2039.7397474739962,CLDN3
DR 26+,GO_Biological_Process_2023,Positive Regulation Of Notch Signaling Pathway (GO:0045747),0.005992420981906273,0.04269615690499438,0,0,398.6,2039.7397474739962,MESP1
DR 26+,GO_Biological_Process_2023,Positive Regulation Of Potassium Ion Transmembrane Transporter Activity (GO:1901018),0.008977407586967275,0.04269615690499438,0,0,199.2,938.8383898526647,LRRC26
DR 26+,GO_Biological_Process_2023,Coronary Vasculature Development (GO:0060976),0.008977407586967275,0.04269615690499438,0,0,199.2,938.8383898526647,MESP1
DR 26+,GO_Biological_Process_2023,Cell Junction Maintenance (GO:0034331),0.008977407586967275,0.04269615690499438,0,0,199.2,938.8383898526647,CLDN3
DR 26+,GO_Biological_Process_2023,Anterior/Posterior Axis Specification (GO:0009948),0.008977407586967275,0.04269615690499438,0,0,199.2,938.8383898526647,MESP1
DR 26+,GO_Biological_Process_2023,Mesenchyme Development (GO:0060485),0.008977407586967275,0.04269615690499438,0,0,199.2,938.8383898526647,MESP1
DR 26+,GO_Biological_Process_2023,Positive Regulation Of Muscle Cell Differentiation (GO:0051149),0.008977407586967275,0.04269615690499438,0,0,199.2,938.8383898526647,MESP1
DR 26+,GO_Biological_Process_2023,Embryonic Axis Specification (GO:0000578),0.008977407586967275,0.04269615690499438,0,0,199.2,938.8383898526647,MESP1
DR 26+,GO_Biological_Process_2023,Positive Regulation Of Voltage-Gated Potassium Channel Activity (GO:1903818),0.008977407586967275,0.04269615690499438,0,0,199.2,938.8383898526647,LRRC26
DR 26+,GO_Biological_Process_2023,Regulation Of Cell Junction Assembly (GO:1901888),0.008977407586967275,0.04269615690499438,0,0,199.2,938.8383898526647,CLDN3
DR 26+,GO_Biological_Process_2023,Negative Regulation Of Nucleic Acid-Templated Transcription (GO:1903507),0.010747336976802664,0.04269615690499438,0,0,17.962962962962962,81.42785851554576,MESP1;CCDC85B
DR 26+,GO_Biological_Process_2023,Cardiac Atrium Morphogenesis (GO:0003209),0.011954923933398426,0.04269615690499438,0,0,132.73333333333332,587.5589715536112,MESP1
DR 26+,GO_Biological_Process_2023,Striated Muscle Cell Differentiation (GO:0051146),0.011954923933398426,0.04269615690499438,0,0,132.73333333333332,587.5589715536112,MESP1
DR 26+,GO_Biological_Process_2023,Cardiac Muscle Tissue Development (GO:0048738),0.011954923933398426,0.04269615690499438,0,0,132.73333333333332,587.5589715536112,MESP1
DR 26+,GO_Biological_Process_2023,Gastrulation (GO:0007369),0.011954923933398426,0.04269615690499438,0,0,132.73333333333332,587.5589715536112,MESP1
DR 26+,GO_Biological_Process_2023,Embryonic Heart Tube Development (GO:0035050),0.011954923933398426,0.04269615690499438,0,0,132.73333333333332,587.5589715536112,MESP1
DR 26+,GO_Biological_Process_2023,Regulation Of Transport (GO:0051049),0.011954923933398426,0.04269615690499438,0,0,132.73333333333332,587.5589715536112,CLDN3
DR 26+,GO_Biological_Process_2023,Positive Regulation Of Epithelial Cell Differentiation (GO:0030858),0.011954923933398426,0.04269615690499438,0,0,132.73333333333332,587.5589715536112,MESP1
DR 26+,GO_Biological_Process_2023,Endothelial Cell Differentiation (GO:0045446),0.011954923933398426,0.04269615690499438,0,0,132.73333333333332,587.5589715536112,MESP1
DR 26+,GO_Biological_Process_2023,Endothelium Development (GO:0003158),0.011954923933398426,0.04269615690499438,0,0,132.73333333333332,587.5589715536112,MESP1
DR 26+,GO_Biological_Process_2023,Negative Regulation Of Fat Cell Differentiation (GO:0045599),0.014924983872534065,0.04488786704673242,0,0,99.5,418.36951067699306,CCDC85B
DR 26+,GO_Biological_Process_2023,Vascular Associated Smooth Muscle Cell Differentiation (GO:0035886),0.014924983872534065,0.04488786704673242,0,0,99.5,418.36951067699306,MESP1
DR 26+,GO_Biological_Process_2023,Establishment Of Endothelial Barrier (GO:0061028),0.017887601738567002,0.04488786704673242,0,0,79.56,320.12139083757813,CLDN3
DR 26+,GO_Biological_Process_2023,Regulation Of Notch Signaling Pathway (GO:0008593),0.017887601738567002,0.04488786704673242,0,0,79.56,320.12139083757813,MESP1
DR 26+,GO_Biological_Process_2023,Cell Junction Organization (GO:0034330),0.017887601738567002,0.04488786704673242,0,0,79.56,320.12139083757813,CLDN3
DR 26+,GO_Biological_Process_2023,Cell Morphogenesis Involved In Differentiation (GO:0000904),0.017887601738567002,0.04488786704673242,0,0,79.56,320.12139083757813,CLDN3
DR 26+,GO_Biological_Process_2023,Positive Regulation Of Striated Muscle Cell Differentiation (GO:0051155),0.017887601738567002,0.04488786704673242,0,0,79.56,320.12139083757813,MESP1
DR 26+,GO_Biological_Process_2023,Neurogenesis (GO:0022008),0.017887601738567002,0.04488786704673242,0,0,79.56,320.12139083757813,MESP1
DR 26+,GO_Biological_Process_2023,Positive Regulation Of Peptidase Activity (GO:0010952),0.017887601738567002,0.04488786704673242,0,0,79.56,320.12139083757813,CLDN3
DR 26+,GO_Biological_Process_2023,Negative Regulation Of Response To Wounding (GO:1903035),0.020842792075114226,0.04488786704673242,0,0,66.26666666666667,256.501507451473,CLDN3
DR 26+,GO_Biological_Process_2023,Cardiac Muscle Cell Differentiation (GO:0055007),0.020842792075114226,0.04488786704673242,0,0,66.26666666666667,256.501507451473,MESP1
DR 26+,GO_Biological_Process_2023,Mesoderm Development (GO:0007498),0.020842792075114226,0.04488786704673242,0,0,66.26666666666667,256.501507451473,MESP1
DR 26+,GO_Biological_Process_2023,Determination Of Heart Left/Right Asymmetry (GO:0061371),0.020842792075114226,0.04488786704673242,0,0,66.26666666666667,256.501507451473,MESP1
DR 26+,GO_Biological_Process_2023,Embryonic Organ Morphogenesis (GO:0048562),0.020842792075114226,0.04488786704673242,0,0,66.26666666666667,256.501507451473,MESP1
DR 26+,GO_Biological_Process_2023,Heart Looping (GO:0001947),0.020842792075114226,0.04488786704673242,0,0,66.26666666666667,256.501507451473,MESP1
DR 26+,GO_Biological_Process_2023,Heart Morphogenesis (GO:0003007),0.020842792075114226,0.04488786704673242,0,0,66.26666666666667,256.501507451473,MESP1
DR 26+,GO_Biological_Process_2023,Potassium Ion Transmembrane Transport (GO:0071805),0.020842792075114226,0.04488786704673242,0,0,66.26666666666667,256.501507451473,LRRC26
DR 26+,GO_Biological_Process_2023,Potassium Ion Transport (GO:0006813),0.020842792075114226,0.04488786704673242,0,0,66.26666666666667,256.501507451473,LRRC26
DR 26+,GO_Biological_Process_2023,Epithelial Tube Morphogenesis (GO:0060562),0.023790569534768182,0.04488786704673242,0,0,56.77142857142857,212.23805632949055,MESP1
DR 26+,GO_Biological_Process_2023,Maintenance Of Blood-Brain Barrier (GO:0035633),0.023790569534768182,0.04488786704673242,0,0,56.77142857142857,212.23805632949055,CLDN3
DR 26+,GO_Biological_Process_2023,Positive Regulation Of Response To Wounding (GO:1903036),0.023790569534768182,0.04488786704673242,0,0,56.77142857142857,212.23805632949055,CLDN3
DR 26+,GO_Biological_Process_2023,Positive Regulation Of Cation Channel Activity (GO:2001259),0.023790569534768182,0.04488786704673242,0,0,56.77142857142857,212.23805632949055,LRRC26
DR 26+,GO_Biological_Process_2023,Positive Regulation Of Cell Junction Assembly (GO:1901890),0.023790569534768182,0.04488786704673242,0,0,56.77142857142857,212.23805632949055,CLDN3
DR 26+,GO_Biological_Process_2023,Embryonic Heart Tube Morphogenesis (GO:0003143),0.023790569534768182,0.04488786704673242,0,0,56.77142857142857,212.23805632949055,MESP1
DR 26+,GO_Biological_Process_2023,Regulation Of Cell Morphogenesis (GO:0022604),0.023790569534768182,0.04488786704673242,0,0,56.77142857142857,212.23805632949055,CLDN3
DR 26-,GO_Biological_Process_2023,Defense Response To Symbiont (GO:0140546),3.0005733277537725e-08,3.1064349882635356e-05,0,0,9.7603668261563,169.06787719318382,RSAD2;BNIP3;ISG15;IFIT3;IFIT2;OASL;ISG20;IFIH1;PLSCR1;OAS1;IFI27;PMAIP1;APOBEC3A
DR 26-,GO_Biological_Process_2023,Defense Response To Virus (GO:0051607),6.348667994428009e-08,3.1064349882635356e-05,0,0,9.031781226903178,149.67861379925893,RSAD2;BNIP3;ISG15;IFIT3;IFIT2;OASL;ISG20;IFIH1;PLSCR1;OAS1;IFI27;PMAIP1;APOBEC3A
DR 26-,GO_Biological_Process_2023,Negative Regulation Of Viral Genome Replication (GO:0045071),1.1982391468711806e-07,3.1064349882635356e-05,0,0,16.337142857142858,260.369008278885,IFIH1;ISG20;PLSCR1;RSAD2;OAS1;SLPI;ISG15;APOBEC3A;OASL
DR 26-,GO_Biological_Process_2023,Regulation Of Viral Genome Replication (GO:0045069),1.1982391468711806e-07,3.1064349882635356e-05,0,0,16.337142857142858,260.369008278885,IFIH1;ISG20;PLSCR1;RSAD2;OAS1;SLPI;ISG15;APOBEC3A;OASL
DR 26-,GO_Biological_Process_2023,Negative Regulation Of Viral Process (GO:0048525),1.812919224409167e-07,3.759994471424612e-05,0,0,15.308035714285714,237.62904594474404,IFIH1;ISG20;PLSCR1;RSAD2;OAS1;SLPI;ISG15;APOBEC3A;OASL
DR 26-,GO_Biological_Process_2023,Positive Regulation Of Apoptotic Signaling Pathway (GO:2001235),9.882677131269302e-07,0.0001708056030854378,0,0,20.65432098765432,285.59374480662626,DDIT3;CAV1;TNFSF10;PMAIP1;G0S2;NUPR1;CTSS
DR 26-,GO_Biological_Process_2023,Regulation Of Intrinsic Apoptotic Signaling Pathway (GO:2001242),3.250986600575756e-05,0.00481610443542437,0,0,21.565315315315317,222.8552556331929,CAV1;DDIT3;PPIF;PMAIP1;NUPR1
DR 26-,GO_Biological_Process_2023,Regulation Of Mitochondrial Membrane Permeability (GO:0046902),5.9395635682422956e-05,0.00684369713363029,0,0,inf,inf,BNIP3;PPIF;PMAIP1
DR 26-,GO_Biological_Process_2023,Mitochondrial Membrane Organization (GO:0007006),5.9395635682422956e-05,0.00684369713363029,0,0,inf,inf,BNIP3;PPIF;PMAIP1
DR 26-,GO_Biological_Process_2023,Positive Regulation Of Intrinsic Apoptotic Signaling Pathway (GO:2001244),7.219853282525046e-05,0.007268067499403119,0,0,34.09777777777778,325.15950610092625,CAV1;DDIT3;PMAIP1;NUPR1
DR 26-,GO_Biological_Process_2023,Intrinsic Apoptotic Signaling Pathway (GO:0097193),7.820683283789903e-05,0.007268067499403119,0,0,11.195694716242661,105.8682081989744,ERO1A;CDKN1A;BNIP3;DDIT3;PMAIP1;SFN
DR 26-,GO_Biological_Process_2023,Positive Regulation Of Apoptotic Process (GO:0043065),8.410492766908141e-05,0.007268067499403119,0,0,6.0460714285714285,56.732981132857006,LGALS1;BNIP3;IGFBP3;DDIT3;TNFSF10;PMAIP1;NUPR1;CTSS;IFIT2
DR 26-,GO_Biological_Process_2023,Negative Regulation Of Apoptotic Process (GO:0043066),0.00019425785059938973,0.015495799313197474,0,0,4.068546158098397,34.771114305090265,SOCS2;ANXA1;HSPA5;CEACAM6;BNIP3;CAV1;PPIF;SFN;NUPR1;SOD2;CRYAB;IFIT3
DR 26-,GO_Biological_Process_2023,Regulation Of Transcription From RNA Polymerase II Promoter In Response To Stress (GO:0043618),0.0002308038484193139,0.01595623938738857,0,0,75.78947368421052,634.6566833084628,MUC1;DDIT3;HMOX1
DR 26-,GO_Biological_Process_2023,Positive Regulation Of Transcription From RNA Polymerase II Promoter In Response To Stress (GO:0036003),0.0002308038484193139,0.01595623938738857,0,0,75.78947368421052,634.6566833084628,MUC1;HSPA5;DDIT3
DR 26-,GO_Biological_Process_2023,Apoptotic Mitochondrial Changes (GO:0008637),0.0003954252479236809,0.02300125381034791,0,0,17.022222222222222,133.37845282384723,BNIP3;SFN;SOD2;IFIT2
DR 26-,GO_Biological_Process_2023,Positive Regulation Of Release Of Cytochrome C From Mitochondria (GO:0090200),0.0003954252479236809,0.02300125381034791,0,0,17.022222222222222,133.37845282384723,BNIP3;TNFSF10;PPIF;PMAIP1
DR 26-,GO_Biological_Process_2023,Positive Regulation Of Intracellular Signal Transduction (GO:1902533),0.0003992503072191537,0.02300125381034791,0,0,3.9815686274509803,31.159445521568095,LGALS1;CAV2;CAV1;DDIT3;TNFSF10;S100A13;HMOX1;AKR1C2;PMAIP1;NUPR1;IFI35
DR 26-,GO_Biological_Process_2023,Negative Regulation Of Binding (GO:0051100),0.0004844622711224746,0.02644144079757927,0,0,9.916839916839917,75.6899930912614,NFKBIA;CDKN1A;SLPI;CAV1;IFIT2
DR 26-,GO_Biological_Process_2023,Mitochondrial Transport (GO:0006839),0.0005605694578030531,0.027178725714089868,0,0,37.875,283.5533616000821,BNIP3;PPIF;PMAIP1
DR 26-,GO_Biological_Process_2023,Modulation By Host Of Viral Process (GO:0044788),0.0005605694578030531,0.027178725714089868,0,0,37.875,283.5533616000821,IFI27;KRT17;CAV2
DR 26-,GO_Biological_Process_2023,Antiviral Innate Immune Response (GO:0140374),0.0006028068384031504,0.027178725714089868,0,0,14.582857142857144,108.11604504018985,IFIH1;OAS1;IFIT3;IFIT2
DR 26-,GO_Biological_Process_2023,Positive Regulation Of Extrinsic Apoptotic Signaling Pathway (GO:2001238),0.0006028068384031504,0.027178725714089868,0,0,14.582857142857144,108.11604504018985,CAV1;TNFSF10;PMAIP1;G0S2
DR 26-,GO_Biological_Process_2023,Regulation Of Apoptotic Process (GO:0042981),0.0006599601853029519,0.028515779673298384,0,0,3.306537598204265,24.21486946112674,ANXA1;HSPA5;BNIP3;IGFBP3;IFIT3;IFIT2;SOCS2;LGALS1;PPIF;TNFSF10;PMAIP1;NUPR1;CRYAB
DR 26-,GO_Biological_Process_2023,Regulation Of Release Of Cytochrome C From Mitochondria (GO:0090199),0.0008772049116062801,0.03498698051291202,0,0,12.753333333333334,89.76777933015977,BNIP3;TNFSF10;PPIF;PMAIP1
DR 26-,GO_Biological_Process_2023,Positive Regulation Of Pattern Recognition Receptor Signaling Pathway (GO:0062208),0.0008772049116062801,0.03498698051291202,0,0,12.753333333333334,89.76777933015977,RSAD2;CAV1;IFI35;OASL
DR 26-,GO_Biological_Process_2023,Negative Regulation Of Protein Binding (GO:0032091),0.0012292669784660175,0.04552678059533072,0,0,11.330370370370371,75.92863290272322,CDKN1A;SLPI;CAV1;IFIT2
DR 26-,GO_Biological_Process_2023,Positive Regulation Of Mitochondrion Organization (GO:0010822),0.0012292669784660175,0.04552678059533072,0,0,11.330370370370371,75.92863290272322,BNIP3;TNFSF10;PPIF;PMAIP1
DR 26-,GO_Biological_Process_2023,Negative Regulation Of Intracellular Transport (GO:0032387),0.0015412398214974927,0.04843229378463333,0,0,inf,inf,INSIG1;CRYAB
DR 26-,GO_Biological_Process_2023,Negative Regulation Of Membrane Potential (GO:0045837),0.0015412398214974927,0.04843229378463333,0,0,inf,inf,BNIP3;PMAIP1
DR 26-,GO_Biological_Process_2023,Positive Regulation Of Endoplasmic Reticulum Stress-Induced Intrinsic Apoptotic Signaling Pathway (GO:1902237),0.0015412398214974927,0.04843229378463333,0,0,inf,inf,DDIT3;PMAIP1
DR 26-,GO_Biological_Process_2023,Positive Regulation Of Transcription From RNA Polymerase II Promoter In Response To Endoplasmic Reticulum Stress (GO:1990440),0.0015412398214974927,0.04843229378463333,0,0,inf,inf,HSPA5;DDIT3
DR 26-,GO_Biological_Process_2023,Maintenance Of Protein Localization In Endoplasmic Reticulum (GO:0035437),0.0015412398214974927,0.04843229378463333,0,0,inf,inf,HSPA5;INSIG1
DR 26-,GO_Biological_Process_2023,Negative Regulation Of Cellular Process (GO:0048523),0.0015975295233370164,0.048724650461779,0,0,3.2910130718954247,21.191810241837292,CDA;CDKN1A;FABP3;IGFBP3;TXNIP;NUPR1;IFI35;SOD2;CRYAB;APOBEC3A;IFIT3
DR 27+,GO_Biological_Process_2023,Positive Regulation Of Tumor Necrosis Factor Production (GO:0032760),4.1716258342040975e-05,0.0071774456175618465,0,0,16.901041666666668,170.44057633682982,ORM1;LY96;CD14;ORM2;CLU
DR 27+,GO_Biological_Process_2023,Positive Regulation Of Tumor Necrosis Factor Superfamily Cytokine Production (GO:1903557),4.9556182216432194e-05,0.0071774456175618465,0,0,16.216666666666665,160.74614403697342,ORM1;LY96;CD14;ORM2;CLU
DR 27+,GO_Biological_Process_2023,Regulation Of Interleukin-1 Production (GO:0032652),5.329786349674639e-05,0.0071774456175618465,0,0,75.6923076923077,744.7831140839488,ORM1;SAA1;ORM2
DR 27+,GO_Biological_Process_2023,Regulation Of Tumor Necrosis Factor Production (GO:0032680),0.00020681352027675934,0.020888165547952694,0,0,11.523809523809524,97.76446263936052,ORM1;LY96;CD14;ORM2;CLU
DR 27+,GO_Biological_Process_2023,Glucosamine-Containing Compound Catabolic Process (GO:1901072),0.0006037994405277898,0.04878699479464542,0,0,145.92592592592592,1081.64213929898,CHI3L2;CHI3L1
DR 28-,GO_Biological_Process_2023,Mitotic Cell Cycle Phase Transition (GO:0044772),9.106606606947344e-05,0.01429953964217311,0,0,14.25,132.58093572585446,CCNB2;UBE2S;CCNG1;FOXM1;CDKN3
DR 28-,GO_Biological_Process_2023,Regulation Of Ubiquitin Protein Ligase Activity (GO:1904666),0.00010324577358969754,0.01429953964217311,0,0,69.75,640.1932786850035,CDC20;UBE2S;MAD2L1
DR 28-,GO_Biological_Process_2023,Negative Regulation Of Ubiquitin-Protein Transferase Activity (GO:0051444),0.0004952339462133003,0.045726601033694726,0,0,inf,inf,CDC20;MAD2L1
DR 30+,GO_Biological_Process_2023,Supramolecular Fiber Organization (GO:0097435),2.773256279390585e-07,0.00018885875262649883,0,0,7.801668806161746,117.79016881664809,KRT81;GSN;TPM2;TPM1;KRT7;KRT5;KRT86;CNN2;CNN1;KRT17;VIM;MYL9;KRT6B
DR 30+,GO_Biological_Process_2023,Intermediate Filament Organization (GO:0045109),7.279745324163611e-07,0.00024787532828777093,0,0,23.21951219512195,328.16136056671957,KRT81;KRT17;KRT7;KRT5;VIM;KRT86;KRT6B
DR 30+,GO_Biological_Process_2023,Actin Filament Organization (GO:0007015),2.1544941876608497e-06,0.0004890701805990128,0,0,13.382716049382717,174.6170711380836,CNN2;ACTA1;CNN1;GSN;TPM2;TPM1;PLS3;CAPG
DR 30+,GO_Biological_Process_2023,Regulation Of Muscle Contraction (GO:0006937),0.00011588113208784673,0.019728762737955905,0,0,29.929411764705883,271.24863113122115,CNN1;CAV1;TPM1;MYL9
DR 30+,GO_Biological_Process_2023,Actomyosin Structure Organization (GO:0031032),0.00022726483147801228,0.03095347004730527,0,0,12.579365079365079,105.5332569903211,PDLIM1;CSRP1;TPM1;ZYX;MYL9
DR 30+,GO_Biological_Process_2023,Regulation Of Cytosolic Calcium Ion Concentration (GO:0051480),0.00033017298109291643,0.037474633354046015,0,0,66.62790697674419,534.08223015375,CALB2;CAV2;CAV1
DR 31-,GO_Biological_Process_2023,Regulation Of Autophagy (GO:0010506),3.054079349209617e-06,0.0012246858190330563,0,0,20.473684210526315,259.995978511287,UCHL1;DDIT3;LAMP3;TRIB3;NUPR1;OPTN
DR 31-,GO_Biological_Process_2023,Regulation Of Cellular Catabolic Process (GO:0031329),1.046806503572205e-05,0.0020988470396622713,0,0,48.975,561.6052071306392,DDIT3;LAMP3;TRIB3;NUPR1
DR 31-,GO_Biological_Process_2023,Regulation Of Endoplasmic Reticulum Stress-Induced Intrinsic Apoptotic Signaling Pathway (GO:1902235),0.00010331950209189733,0.008418010276227416,0,0,59.42424242424242,545.3769432038351,XBP1;DDIT3;HERPUD1
DR 31-,GO_Biological_Process_2023,Dicarboxylic Acid Metabolic Process (GO:0043648),0.00010331950209189733,0.008418010276227416,0,0,59.42424242424242,545.3769432038351,MTHFD2;IDH1;ASS1
DR 31-,GO_Biological_Process_2023,Response To Endoplasmic Reticulum Stress (GO:0034976),0.0001049627216487209,0.008418010276227416,0,0,22.193181818181817,203.3318301851711,XBP1;DDIT3;TRIB3;HERPUD1
DR 31-,GO_Biological_Process_2023,ATF6-mediated Unfolded Protein Response (GO:0036500),0.00031514781034923075,0.018625970387665503,0,0,inf,inf,XBP1;DDIT3
DR 31-,GO_Biological_Process_2023,Ubiquitin-Dependent Protein Catabolic Process (GO:0006511),0.00034931782823592497,0.018625970387665503,0,0,15.21875,121.13407234376201,XBP1;UCHL1;DDIT3;HERPUD1
DR 31-,GO_Biological_Process_2023,Proteasomal Protein Catabolic Process (GO:0010498),0.00041803923563339034,0.018625970387665503,0,0,29.666666666666668,230.80474618589008,XBP1;UCHL1;DDIT3
DR 31-,GO_Biological_Process_2023,Response To Unfolded Protein (GO:0006986),0.00041803923563339034,0.018625970387665503,0,0,29.666666666666668,230.80474618589008,DDIT3;OPTN;HERPUD1
DR 31-,GO_Biological_Process_2023,Regulation Of Intrinsic Apoptotic Signaling Pathway (GO:2001242),0.0008009827409483667,0.0321194079120295,0,0,22.227272727272727,158.47314528483625,DDIT3;NUPR1;HERPUD1
DR 31-,GO_Biological_Process_2023,Negative Regulation Of Endoplasmic Reticulum Stress-Induced Intrinsic Apoptotic Signaling Pathway (GO:1902236),0.0009347246788597598,0.034074963292978516,0,0,115.47058823529412,805.4372059161233,XBP1;HERPUD1
DR 32+,GO_Biological_Process_2023,Defense Response To Symbiont (GO:0140546),3.305861743243152e-07,0.00012871210619881288,0,0,13.258064516129032,197.84212168226054,IFITM3;PYCARD;GBP5;PLSCR1;IFI27;STAT1;IRF1;GBP2;SAMHD1
DR 32+,GO_Biological_Process_2023,Defense Response To Virus (GO:0051607),5.536004567690876e-07,0.00012871210619881288,0,0,12.35483870967742,177.9939696352716,IFITM3;PYCARD;GBP5;PLSCR1;IFI27;STAT1;IRF1;GBP2;SAMHD1
DR 32+,GO_Biological_Process_2023,Response To Type II Interferon (GO:0034341),4.92283073685877e-06,0.0007630387642131093,0,0,13.646464646464647,166.7819985928706,IFITM3;GBP5;STAT1;UBD;GBP2;GBP1;GBP4
DR 32+,GO_Biological_Process_2023,Regulation Of Innate Immune Response (GO:0045088),9.211526411211901e-06,0.0010708399453033836,0,0,25.31168831168831,293.49041779575515,GBP5;PLSCR1;IRF1;IFI35;SAMHD1
DR 32+,GO_Biological_Process_2023,Cellular Response To Type II Interferon (GO:0071346),1.8133567267756268e-05,0.0016864217559013329,0,0,14.235294117647058,155.41732245165372,GBP5;STAT1;IRF1;GBP2;GBP1;GBP4
DR 32+,GO_Biological_Process_2023,Interferon-Mediated Signaling Pathway (GO:0140888),6.059237647057677e-05,0.0040250650084026,0,0,27.11111111111111,263.28525772920335,IFITM3;IFI27;STAT1;IRF1
DR 32+,GO_Biological_Process_2023,Response To Interferon-Beta (GO:0035456),6.059237647057677e-05,0.0040250650084026,0,0,27.11111111111111,263.28525772920335,IFITM3;PLSCR1;STAT1;IRF1
DR 32+,GO_Biological_Process_2023,Protein Localization To Organelle (GO:0033365),8.626180460576432e-05,0.005013967392710051,0,0,24.08641975308642,225.4036942490424,GBP5;GBP2;GBP1;OPTN
DR 32+,GO_Biological_Process_2023,Defense Response To Protozoan (GO:0042832),0.00014231859934007714,0.007144937494481752,0,0,52.891891891891895,468.4868835469779,GBP2;GBP1;GBP4
DR 32+,GO_Biological_Process_2023,Regulation Of I-kappaB kinase/NF-kappaB Signaling (GO:0043122),0.00015365456977380111,0.007144937494481752,0,0,9.171701112877583,80.53490549320219,PYCARD;STAT1;UBD;CARD16;OPTN;TRIM22
DR 32+,GO_Biological_Process_2023,Positive Regulation Of Innate Immune Response (GO:0045089),0.0002456034055931151,0.009517131966733209,0,0,39.648648648648646,329.55134028923896,GBP5;PLSCR1;IFI35
DR 32+,GO_Biological_Process_2023,Type I Interferon-Mediated Signaling Pathway (GO:0060337),0.0002456034055931151,0.009517131966733209,0,0,39.648648648648646,329.55134028923896,IFITM3;IFI27;STAT1
DR 32+,GO_Biological_Process_2023,Protein Polyubiquitination (GO:0000209),0.000343361494603057,0.01228177653772473,0,0,15.444444444444445,123.19611307180925,IFI27;UBE2L6;TRIM22;TNFSF13B
DR 32+,GO_Biological_Process_2023,Cellular Response To Type I Interferon (GO:0071357),0.00038751813273487696,0.0128711379801227,0,0,31.7027027027027,249.0484406918485,IFITM3;IFI27;STAT1
DR 32+,GO_Biological_Process_2023,Cellular Response To Cytokine Stimulus (GO:0071345),0.00042069951154731695,0.013041684857966826,0,0,6.1841491841491845,48.073050945192485,PYCARD;GBP5;STAT1;IRF1;GBP2;GBP1;GBP4
DR 32+,GO_Biological_Process_2023,Ubiquitin-Dependent Protein Catabolic Process (GO:0006511),0.0005281297393722226,0.014445901694593147,0,0,13.5,101.87327591010715,IFI27;UBD;UBE2L6;TNFSF13B
DR 32+,GO_Biological_Process_2023,Protein Homooligomerization (GO:0051260),0.0005281297393722226,0.014445901694593147,0,0,13.5,101.87327591010715,PYCARD;GBP5;SAMHD1;SOD2
DR 32+,GO_Biological_Process_2023,Positive Regulation Of Response To Biotic Stimulus (GO:0002833),0.0005732236363093246,0.014494840610131288,0,0,26.405405405405407,197.09614137095582,GBP5;PLSCR1;IFI35
DR 32+,GO_Biological_Process_2023,Positive Regulation Of Defense Response (GO:0031349),0.0005922623044999881,0.014494840610131288,0,0,8.889400921658986,66.06212466305765,PYCARD;GBP5;PLSCR1;IFI35;OPTN
DR 32+,GO_Biological_Process_2023,Positive Regulation Of Immune Response (GO:0050778),0.0007746110663289455,0.01788149206745434,0,0,11.987654320987655,85.8693601092347,PYCARD;GBP5;PLSCR1;IFI35
DR 32+,GO_Biological_Process_2023,Protein Homotetramerization (GO:0051289),0.0008075512546592283,0.01788149206745434,0,0,22.62162162162162,161.09996958015154,GBP5;SAMHD1;SOD2
DR 32+,GO_Biological_Process_2023,Protein Localization To Golgi Apparatus (GO:0034067),0.0011557174508477562,0.02442766430200939,0,0,103.10526315789474,697.3043960151846,GBP5;OPTN
DR 32+,GO_Biological_Process_2023,Protein Ubiquitination (GO:0016567),0.0014940803277446685,0.03020640662614221,0,0,9.787878787878787,63.68233181402146,UBD;UBE2L6;TRIM22;TNFSF13B
DR 32+,GO_Biological_Process_2023,Positive Regulation Of Programmed Cell Death (GO:0043068),0.0020497997162333536,0.03971486950202122,0,0,6.523809523809524,40.382467001448674,PYCARD;GBP5;UBD;GBP2;GBP1
DR 32+,GO_Biological_Process_2023,Type II Interferon-Mediated Signaling Pathway (GO:0060333),0.0022821726060380356,0.04081577930029563,0,0,51.526315789473685,313.41537984788715,STAT1;IRF1
DR 32+,GO_Biological_Process_2023,Myeloid Dendritic Cell Activation (GO:0001773),0.0022821726060380356,0.04081577930029563,0,0,51.526315789473685,313.41537984788715,PYCARD;UBD
DR 32+,GO_Biological_Process_2023,Positive Regulation Of Response To External Stimulus (GO:0032103),0.002474318491263819,0.04109136065848843,0,0,6.220779220779221,37.3358122485108,PYCARD;GBP5;PLSCR1;IFI35;OPTN
DR 32+,GO_Biological_Process_2023,Defense Response To Bacterium (GO:0042742),0.002474318491263819,0.04109136065848843,0,0,6.220779220779221,37.3358122485108,PYCARD;GBP2;GBP1;GBP4;OPTN
DR 32+,GO_Biological_Process_2023,Protein Tetramerization (GO:0051262),0.0028560868831822893,0.04426934668932549,0,0,13.162162162162161,77.1079316287755,GBP5;SAMHD1;SOD2
DR 32+,GO_Biological_Process_2023,Modification-Dependent Protein Catabolic Process (GO:0019941),0.0028560868831822893,0.04426934668932549,0,0,13.162162162162161,77.1079316287755,UBD;UBE2L6;TNFSF13B
DR 33-,GO_Biological_Process_2023,Skeletal Muscle Thin Filament Assembly (GO:0030240),0.0029984508787525596,0.011990820526677947,0,0,998.0,5798.040178435152,ACTL8
DR 33-,GO_Biological_Process_2023,Skeletal Myofibril Assembly (GO:0014866),0.003996940175559315,0.011990820526677947,0,0,665.0,3672.2804008559224,ACTL8
DR 33-,GO_Biological_Process_2023,Gamma-Delta T Cell Activation (GO:0046629),0.003996940175559315,0.011990820526677947,0,0,665.0,3672.2804008559224,TRGC1
DR 33-,GO_Biological_Process_2023,Actin Filament Organization (GO:0007015),0.021884285642540323,0.035720649213775955,0,0,94.14285714285714,359.8127243917042,ACTL8
DR 33-,GO_Biological_Process_2023,T Cell Receptor Signaling Pathway (GO:0050852),0.022873276605103077,0.035720649213775955,0,0,89.81818181818181,339.313870745676,TRGC1
DR 33-,GO_Biological_Process_2023,Epithelial Cell Differentiation (GO:0030855),0.028796719175389063,0.035720649213775955,0,0,70.35714285714286,249.59152918662753,ACTL8
DR 33-,GO_Biological_Process_2023,T Cell Activation (GO:0042110),0.030767198696097644,0.035720649213775955,0,0,65.6,228.37368238340784,TRGC1
DR 33-,GO_Biological_Process_2023,Epithelium Development (GO:0060429),0.031751688190023074,0.035720649213775955,0,0,63.45161290322581,218.89596960556975,ACTL8
DR 33-,GO_Biological_Process_2023,Antigen Receptor-Mediated Signaling Pathway (GO:0050851),0.03666663283966993,0.03666663283966993,0,0,54.5,180.17090278049284,TRGC1
DR 34+,GO_Biological_Process_2023,Defense Response To Symbiont (GO:0140546),2.7314557352949234e-26,1.674382365735788e-23,0,0,43.02434782608696,2532.5154126547063,IFITM3;IFITM1;IFITM2;IFI6;DDX60L;IFIT1;SAMHD1;DDX60;IFIT3;IFI44L;OASL;IFIT2;IFIH1;IFI16;RSAD2;STAT1;MX1;ISG15;BST2;ISG20;PLSCR1;OAS1;IFI27;OAS2;IRF7;TLR3
DR 34+,GO_Biological_Process_2023,Defense Response To Virus (GO:0051607),1.9305925171957211e-25,5.917266065204885e-23,0,0,38.35403726708075,2182.6055419618842,IFITM3;IFITM1;IFITM2;IFI6;DDX60L;IFIT1;SAMHD1;DDX60;IFIT3;IFI44L;OASL;IFIT2;IFIH1;IFI16;RSAD2;STAT1;MX1;ISG15;BST2;ISG20;PLSCR1;OAS1;IFI27;OAS2;IRF7;TLR3
DR 34+,GO_Biological_Process_2023,Negative Regulation Of Viral Process (GO:0048525),2.2350662933713477e-18,4.566985459455454e-16,0,0,60.92063492063492,2475.952331620251,IFITM3;IFITM1;IFITM2;RSAD2;STAT1;MX1;ISG15;IFIT1;OASL;IFIH1;BST2;ISG20;PLSCR1;OAS1;IFI16;OAS2
DR 34+,GO_Biological_Process_2023,Negative Regulation Of Viral Genome Replication (GO:0045071),4.9657454152653654e-17,6.088003879115338e-15,0,0,56.111111111111114,2106.4887217936894,IFITM3;IFITM1;IFITM2;RSAD2;MX1;ISG15;IFIT1;OASL;IFIH1;BST2;ISG20;PLSCR1;OAS1;IFI16;OAS2
DR 34+,GO_Biological_Process_2023,Regulation Of Viral Genome Replication (GO:0045069),4.9657454152653654e-17,6.088003879115338e-15,0,0,56.111111111111114,2106.4887217936894,IFITM3;IFITM1;IFITM2;RSAD2;MX1;ISG15;IFIT1;OASL;IFIH1;BST2;ISG20;PLSCR1;OAS1;IFI16;OAS2
DR 34+,GO_Biological_Process_2023,Response To Interferon-Beta (GO:0035456),1.2386839044698851e-11,1.2655220557333994e-09,0,0,91.66666666666667,2302.152102646894,IFITM3;BST2;IFITM1;PLSCR1;IFITM2;IFI16;OAS1;STAT1;XAF1
DR 34+,GO_Biological_Process_2023,Cellular Response To Type I Interferon (GO:0071357),4.5544999125021884e-10,3.9884406376626303e-08,0,0,207.52307692307693,4463.766431248897,IFITM3;IFITM1;IFITM2;IFI27;STAT1;OAS2;IFIT1
DR 34+,GO_Biological_Process_2023,Positive Regulation Of Interferon-Beta Production (GO:0032728),1.204290839984758e-08,8.202558721229518e-07,0,0,175.1818181818182,3194.40364267693,IFIH1;OAS1;OAS2;IRF7;ISG15;TLR3
DR 34+,GO_Biological_Process_2023,Type I Interferon-Mediated Signaling Pathway (GO:0060337),1.204290839984758e-08,8.202558721229518e-07,0,0,175.1818181818182,3194.40364267693,IFITM3;IFITM1;IFITM2;IFI27;STAT1;OAS2
DR 34+,GO_Biological_Process_2023,Positive Regulation Of Type I Interferon Production (GO:0032481),1.7225584549493177e-08,1.0559283328839318e-06,0,0,51.8,926.0218703777524,IFIH1;OAS1;OAS2;STAT1;IRF7;ISG15;TLR3
DR 34+,GO_Biological_Process_2023,Response To Cytokine (GO:0034097),3.3647557045215875e-08,1.875086588065212e-06,0,0,12.696417729204615,218.47139105786187,IFITM3;BST2;IFITM1;PLSCR1;IFITM2;STAT1;LAMP3;MX1;ISG15;LGALS9;XAF1
DR 34+,GO_Biological_Process_2023,Interleukin-27-Mediated Signaling Pathway (GO:0070106),5.2724425417400065e-08,2.69333939840552e-06,0,0,inf,inf,OAS1;OAS2;STAT1;MX1;OASL
DR 34+,GO_Biological_Process_2023,Regulation Of Interferon-Beta Production (GO:0032648),1.364385550529409e-07,6.4336026344194445e-06,0,0,58.333333333333336,922.0978357383266,IFIH1;OAS1;OAS2;IRF7;ISG15;TLR3
DR 34+,GO_Biological_Process_2023,Antiviral Innate Immune Response (GO:0140374),7.08478425663285e-07,3.1021233923685266e-05,0,0,34.96363636363636,495.09020360672724,IFIH1;OAS1;MX1;IFIT1;IFIT3;IFIT2
DR 34+,GO_Biological_Process_2023,Response To Interferon-Alpha (GO:0035455),1.0461622558757743e-06,4.275316419012331e-05,0,0,71.86567164179104,989.6177572315605,IFITM3;BST2;IFITM1;IFITM2;LAMP3
DR 34+,GO_Biological_Process_2023,Interferon-Mediated Signaling Pathway (GO:0140888),1.3768046378329414e-06,5.2748827686974565e-05,0,0,29.12121212121212,393.01245938723594,IFITM3;IFITM1;IFITM2;IFI27;OAS2;STAT1
DR 34+,GO_Biological_Process_2023,Positive Regulation Of Interferon-Alpha Production (GO:0032727),1.547692117521245e-06,5.580795694356019e-05,0,0,inf,inf,IFIH1;STAT1;IRF7;TLR3
DR 34+,GO_Biological_Process_2023,Negative Regulation Of Innate Immune Response (GO:0045824),2.0549261060595504e-05,0.0006733281603272409,0,0,23.90547263681592,258.00424970981555,OAS1;IFI16;SERPING1;ISG15;SAMHD1
DR 34+,GO_Biological_Process_2023,Regulation Of Interferon-Alpha Production (GO:0032647),2.1968292343466262e-05,0.0006733281603272409,0,0,56.64705882352941,607.5912774401133,IFIH1;STAT1;IRF7;TLR3
DR 34+,GO_Biological_Process_2023,Negative Regulation Of Viral Life Cycle (GO:1903901),2.1968292343466262e-05,0.0006733281603272409,0,0,56.64705882352941,607.5912774401133,IFITM3;BST2;IFITM1;IFITM2
DR 34+,GO_Biological_Process_2023,Response To Type II Interferon (GO:0034341),3.183030394741577e-05,0.0009126773863178996,0,0,8.185344827586206,84.75999683934747,IFITM3;BST2;IFITM1;IFITM2;STAT1;LGALS9;GBP1;GBP4
DR 34+,GO_Biological_Process_2023,Positive Regulation Of Pattern Recognition Receptor Signaling Pathway (GO:0062208),3.4244012863477474e-05,0.0009126773863178996,0,0,20.479744136460553,210.5727049516491,RSAD2;IFI35;DDX60;TLR3;OASL
DR 34+,GO_Biological_Process_2023,Regulation Of Viral Entry Into Host Cell (GO:0046596),3.4244012863477474e-05,0.0009126773863178996,0,0,20.479744136460553,210.5727049516491,IFITM3;IFITM1;IFITM2;LGALS9;TRIM22
DR 34+,GO_Biological_Process_2023,Regulation Of Nuclease Activity (GO:0032069),4.47950315885616e-05,0.0010561290139918561,0,0,inf,inf,OAS1;OAS2;OASL
DR 34+,GO_Biological_Process_2023,Regulation Of Ribonuclease Activity (GO:0060700),4.47950315885616e-05,0.0010561290139918561,0,0,inf,inf,OAS1;OAS2;OASL
DR 34+,GO_Biological_Process_2023,Response To Type I Interferon (GO:0034340),4.47950315885616e-05,0.0010561290139918561,0,0,inf,inf,MX1;ISG15;IFIT1
DR 34+,GO_Biological_Process_2023,Cellular Response To Interferon-Beta (GO:0035458),4.986480586050279e-05,0.0011321157774995632,0,0,37.745098039215684,373.91030514771114,IFITM2;IFI16;OAS1;STAT1
DR 34+,GO_Biological_Process_2023,Modification-Dependent Protein Catabolic Process (GO:0019941),0.00011927836579845939,0.002611344222659129,0,0,14.313432835820896,129.30827632890922,RNF213;ISG15;UBE2L6;TNFSF13B;HERC6
DR 34+,GO_Biological_Process_2023,Protein Ubiquitination (GO:0016567),0.00022952846094443082,0.0048517567778943475,0,0,8.672727272727272,72.67297528409104,RNF213;ISG15;UBE2L6;TRIM22;TNFSF13B;HERC6
DR 34+,GO_Biological_Process_2023,Defense Response To Bacterium (GO:0042742),0.00026248573117764113,0.005363458440396467,0,0,5.753048780487805,47.43569270219947,RNF213;OAS1;OAS2;ISG15;GBP1;GBP4;TLR3;OPTN
DR 34+,GO_Biological_Process_2023,Protein Polyubiquitination (GO:0000209),0.00031266703989518577,0.006182738563088673,0,0,10.993111366245694,88.71849490832521,RNF213;IFI27;UBE2L6;TRIM22;TNFSF13B
DR 34+,GO_Biological_Process_2023,Negative Regulation Of Type I Interferon-Mediated Signaling Pathway (GO:0060339),0.0004250582009877156,0.007444590777299134,0,0,41.869565217391305,325.0453447862344,OAS1;ISG15;SAMHD1
DR 34+,GO_Biological_Process_2023,Negative Regulation Of Viral Entry Into Host Cell (GO:0046597),0.0004250582009877156,0.007444590777299134,0,0,41.869565217391305,325.0453447862344,IFITM3;IFITM1;IFITM2
DR 34+,GO_Biological_Process_2023,Regulation Of Type I Interferon-Mediated Signaling Pathway (GO:0060338),0.0004250582009877156,0.007444590777299134,0,0,41.869565217391305,325.0453447862344,OAS1;ISG15;SAMHD1
DR 34+,GO_Biological_Process_2023,Response To Exogenous dsRNA (GO:0043330),0.0004250582009877156,0.007444590777299134,0,0,41.869565217391305,325.0453447862344,IFIH1;IFIT1;TLR3
DR 34+,GO_Biological_Process_2023,Ubiquitin-Dependent Protein Catabolic Process (GO:0006511),0.000534736084614039,0.009105367218566833,0,0,9.517412935323383,71.70168818856511,RNF213;IFI27;UBE2L6;TNFSF13B;HERC6
DR 34+,GO_Biological_Process_2023,Protein Modification By Small Protein Conjugation (GO:0032446),0.0006823297554581154,0.011304544326914183,0,0,8.917910447761194,65.01154491018761,IFIH1;RNF213;ISG15;UBE2L6;HERC6
DR 34+,GO_Biological_Process_2023,Negative Regulation Of Natural Killer Cell Mediated Cytotoxicity (GO:0045953),0.0008281512715446517,0.01321851960530006,0,0,27.89855072463768,197.9768963179671,HLA-B;LGALS9;HLA-F
DR 34+,GO_Biological_Process_2023,Cellular Response To Cytokine Stimulus (GO:0071345),0.0008409824871234949,0.01321851960530006,0,0,4.229024943310658,29.945470706756943,MT2A;IFITM2;OAS1;IFI16;STAT1;LGALS9;IFIT1;GBP1;GBP4
DR 34+,GO_Biological_Process_2023,Cellular Response To Virus (GO:0098586),0.0008636716321423423,0.013235767762581395,0,0,12.542483660130719,88.4786672047107,IFIH1;OAS1;IFI6;LGALS9
DR 34+,GO_Biological_Process_2023,ISG15-protein Conjugation (GO:0032020),0.00127861226024374,0.018661650369747918,0,0,inf,inf,ISG15;UBE2L6
DR 34+,GO_Biological_Process_2023,Positive Regulation Of RIG-I Signaling Pathway (GO:1900246),0.00127861226024374,0.018661650369747918,0,0,inf,inf,DDX60;OASL
DR 34+,GO_Biological_Process_2023,Antigen Processing And Presentation Of Endogenous Peptide Antigen (GO:0002483),0.0014118699360335801,0.020127355134618247,0,0,20.91304347826087,137.2489636448164,HLA-B;TAP1;HLA-F
DR 34+,GO_Biological_Process_2023,Regulation Of Autophagy (GO:0010506),0.001591750661237233,0.022175980803145996,0,0,7.119402985074627,45.86974974450731,IFI16;LAMP3;NUPR1;TRIM22;OPTN
DR 34+,GO_Biological_Process_2023,Regulation Of Cytokine Production (GO:0001817),0.0019525054784842128,0.02640989076279309,0,0,5.386363636363637,33.60359371087044,IFIH1;IFI16;IRF7;HLA-B;ISG15;LGALS9
DR 34+,GO_Biological_Process_2023,Regulation Of Innate Immune Response (GO:0045088),0.0020249019018781,0.02640989076279309,0,0,9.392156862745098,58.25235484454174,PLSCR1;IFI16;IFI35;SAMHD1
DR 34+,GO_Biological_Process_2023,Negative Regulation Of Cytokine-Mediated Signaling Pathway (GO:0001960),0.0020249019018781,0.02640989076279309,0,0,9.392156862745098,58.25235484454174,OAS1;ISG15;SAMHD1;PARP14
DR 34+,GO_Biological_Process_2023,Positive Regulation Of Tumor Necrosis Factor Production (GO:0032760),0.003179616187610833,0.038923070223938434,0,0,5.920398009950249,34.04817808149818,IFIH1;OAS1;OAS2;LGALS9;TLR3
DR 34+,GO_Biological_Process_2023,Regulation Of RNA Metabolic Process (GO:0051252),0.003216238602986686,0.038923070223938434,0,0,13.927536231884059,79.93768943719772,OAS1;OAS2;OASL
DR 34+,GO_Biological_Process_2023,Regulation Of Cellular Catabolic Process (GO:0031329),0.003216238602986686,0.038923070223938434,0,0,13.927536231884059,79.93768943719772,IFI16;LAMP3;NUPR1
DR 34+,GO_Biological_Process_2023,Positive Regulation Of Tumor Necrosis Factor Superfamily Cytokine Production (GO:1903557),0.003709964192379044,0.038923070223938434,0,0,5.6805970149253735,31.792785080223,IFIH1;OAS1;OAS2;LGALS9;TLR3
DR 34+,GO_Biological_Process_2023,Regulation Of I-kappaB kinase/NF-kappaB Signaling (GO:0043122),0.003738476910589174,0.038923070223938434,0,0,4.646191646191646,25.967922837863554,BST2;STAT1;TNFSF10;LGALS9;TRIM22;OPTN
DR 34+,GO_Biological_Process_2023,Antigen Processing And Presentation Of Endogenous Peptide Antigen Via MHC Class I Via ER Pathway (GO:0002484),0.003746266139008756,0.038923070223938434,0,0,55.05714285714286,307.60401661466034,HLA-B;HLA-F
DR 34+,GO_Biological_Process_2023,"Antigen Processing And Presentation Of Endogenous Peptide Antigen Via MHC Class I Via ER Pathway, TAP-independent (GO:0002486)",0.003746266139008756,0.038923070223938434,0,0,55.05714285714286,307.60401661466034,HLA-B;HLA-F
DR 34+,GO_Biological_Process_2023,Antigen Processing And Presentation Of Endogenous Peptide Antigen Via MHC Class Ib (GO:0002476),0.003746266139008756,0.038923070223938434,0,0,55.05714285714286,307.60401661466034,HLA-B;HLA-F
DR 34+,GO_Biological_Process_2023,Antigen Processing And Presentation Of Peptide Antigen Via MHC Class Ib (GO:0002428),0.003746266139008756,0.038923070223938434,0,0,55.05714285714286,307.60401661466034,HLA-B;HLA-F
DR 34+,GO_Biological_Process_2023,Cellular Response To Exogenous dsRNA (GO:0071360),0.003746266139008756,0.038923070223938434,0,0,55.05714285714286,307.60401661466034,IFIH1;IFIT1
DR 34+,GO_Biological_Process_2023,Regulation Of RIG-I Signaling Pathway (GO:0039535),0.003746266139008756,0.038923070223938434,0,0,55.05714285714286,307.60401661466034,DDX60;OASL
DR 34+,GO_Biological_Process_2023,Cytosolic Pattern Recognition Receptor Signaling Pathway (GO:0002753),0.003746266139008756,0.038923070223938434,0,0,55.05714285714286,307.60401661466034,IFIH1;IRF7
DR 34+,GO_Biological_Process_2023,Regulation Of Immune Response (GO:0050776),0.004832349846029848,0.04937050759360495,0,0,7.029411764705882,37.48379288692433,PLSCR1;RSAD2;IRF7;SAMHD1
DR 35-,GO_Biological_Process_2023,B Cell Receptor Signaling Pathway (GO:0050853),3.904392037662979e-10,9.487672651521038e-08,0,0,35.074074074074076,759.8359317799898,IGHG3;IGHM;IGHG4;IGHG1;IGHG2;IGKC;CD19;IGLC3;IGHA1;IGHA2
DR 35-,GO_Biological_Process_2023,Antigen Receptor-Mediated Signaling Pathway (GO:0050851),7.025921144222683e-06,0.000853649419023056,0,0,7.707818930041152,91.46024122760969,IGHG3;IGHM;IGHG4;IGHG1;IGHG2;IGKC;CD19;IGLC3;IGHA1;IGHA2
DR 35-,GO_Biological_Process_2023,Glomerular Filtration (GO:0003094),2.836112005424511e-05,0.0017229380432953905,0,0,79.125,828.4776290914322,IGHA1;IGHA2;IGKV3-20;JCHAIN
DR 35-,GO_Biological_Process_2023,Renal Filtration (GO:0097205),2.836112005424511e-05,0.0017229380432953905,0,0,79.125,828.4776290914322,IGHA1;IGHA2;IGKV3-20;JCHAIN
DR 35-,GO_Biological_Process_2023,Antibacterial Humoral Response (GO:0019731),0.0003950178597139277,0.01895871963789678,0,0,11.058479532163743,86.6606548833963,IGHM;IGHA1;IGHA2;IGKV3-20;JCHAIN
DR 35-,GO_Biological_Process_2023,Positive Regulation Of Respiratory Burst (GO:0060267),0.00046811653426905627,0.01895871963789678,0,0,58.7319587628866,450.2857872458315,IGHA1;IGHA2;JCHAIN
DR 35-,GO_Biological_Process_2023,Retina Homeostasis (GO:0001895),0.0007953202530924244,0.027608974500208446,0,0,9.038277511961722,64.50406884720583,IGHG3;IGKC;IGHA1;IGHA2;JCHAIN
DR 36+,GO_Biological_Process_2023,Cytoskeleton-Dependent Intracellular Transport (GO:0030705),2.995338733429183e-05,0.0008386948453601713,0,0,664.3333333333334,6919.608401110059,TUBA1A;TUBB2A
DR 36+,GO_Biological_Process_2023,Ubiquinone Metabolic Process (GO:0006743),0.002499957206903733,0.017464798660665175,0,0,inf,inf,NQO1
DR 36+,GO_Biological_Process_2023,Vitamin K Metabolic Process (GO:0042373),0.002499957206903733,0.017464798660665175,0,0,inf,inf,NQO1
DR 36+,GO_Biological_Process_2023,Quinone Metabolic Process (GO:1901661),0.002499957206903733,0.017464798660665175,0,0,inf,inf,NQO1
DR 36+,GO_Biological_Process_2023,Neuroepithelial Cell Differentiation (GO:0060563),0.004994930297647188,0.017464798660665175,0,0,498.5,2641.7169129698796,TUBB2A
DR 36+,GO_Biological_Process_2023,Ganglion Development (GO:0061548),0.004994930297647188,0.017464798660665175,0,0,498.5,2641.7169129698796,TUBB3
DR 36+,GO_Biological_Process_2023,"Synaptic Transmission, Cholinergic (GO:0007271)",0.004994930297647188,0.017464798660665175,0,0,498.5,2641.7169129698796,NQO1
DR 36+,GO_Biological_Process_2023,Fat-Soluble Vitamin Metabolic Process (GO:0006775),0.004994930297647188,0.017464798660665175,0,0,498.5,2641.7169129698796,NQO1
DR 36+,GO_Biological_Process_2023,Nitric Oxide Metabolic Process (GO:0046209),0.0074849137117136465,0.017464798660665175,0,0,249.125,1219.4334397688704,NQO1
DR 36+,GO_Biological_Process_2023,Removal Of Superoxide Radicals (GO:0019430),0.0074849137117136465,0.017464798660665175,0,0,249.125,1219.4334397688704,NQO1
DR 36+,GO_Biological_Process_2023,Cellular Response To Superoxide (GO:0071451),0.0074849137117136465,0.017464798660665175,0,0,249.125,1219.4334397688704,NQO1
DR 36+,GO_Biological_Process_2023,Nitric Oxide Biosynthetic Process (GO:0006809),0.0074849137117136465,0.017464798660665175,0,0,249.125,1219.4334397688704,NQO1
DR 36+,GO_Biological_Process_2023,Neuron Projection Guidance (GO:0097485),0.014924983872534065,0.02865070378109125,0,0,99.5,418.36951067699306,TUBB3
DR 36+,GO_Biological_Process_2023,Sensory Perception Of Sound (GO:0007605),0.017395070152805402,0.02865070378109125,0,0,82.875,335.7737342542531,ALDH7A1
DR 36+,GO_Biological_Process_2023,Cellular Nitrogen Compound Biosynthetic Process (GO:0044271),0.017395070152805402,0.02865070378109125,0,0,82.875,335.7737342542531,NQO1
DR 36+,GO_Biological_Process_2023,Natural Killer Cell Mediated Cytotoxicity (GO:0042267),0.017395070152805402,0.02865070378109125,0,0,82.875,335.7737342542531,TUBB2A
DR 36+,GO_Biological_Process_2023,Natural Killer Cell Mediated Immunity (GO:0002228),0.017395070152805402,0.02865070378109125,0,0,82.875,335.7737342542531,TUBB2A
DR 36+,GO_Biological_Process_2023,Sensory Perception Of Mechanical Stimulus (GO:0050954),0.01986019985421104,0.03089364421766162,0,0,71.0,278.2516665656818,ALDH7A1
DR 36+,GO_Biological_Process_2023,Axon Guidance (GO:0007411),0.022320380275007455,0.03289319198422151,0,0,62.09375,236.09627787663194,TUBB3
DR 36+,GO_Biological_Process_2023,Superoxide Metabolic Process (GO:0006801),0.0247756187539107,0.0330341583385476,0,0,55.166666666666664,204.00055319878433,NQO1
DR 36+,GO_Biological_Process_2023,Axonogenesis (GO:0007409),0.0247756187539107,0.0330341583385476,0,0,55.166666666666664,204.00055319878433,TUBB3
DR 36+,GO_Biological_Process_2023,Negative Regulation Of Protein Catabolic Process (GO:0042177),0.029671299305808144,0.03612158176359253,0,0,45.09090909090909,158.61065696835544,NQO1
DR 36+,GO_Biological_Process_2023,Negative Regulation Of Catabolic Process (GO:0009895),0.029671299305808144,0.03612158176359253,0,0,45.09090909090909,158.61065696835544,NQO1
DR 36+,GO_Biological_Process_2023,Cellular Response To Chemical Stress (GO:0062197),0.03211175612920087,0.03746371548406768,0,0,41.3125,142.05439792282272,NQO1
DR 36+,GO_Biological_Process_2023,Chemical Synaptic Transmission (GO:0007268),0.04182453252830072,0.045041804261246925,0,0,30.921875,98.15444846330479,NQO1
DR 36+,GO_Biological_Process_2023,Regulation Of Protein Catabolic Process (GO:0042176),0.04182453252830072,0.045041804261246925,0,0,30.921875,98.15444846330479,NQO1
DR 36+,GO_Biological_Process_2023,Cellular Response To Oxidative Stress (GO:0034599),0.04665159346196633,0.04837943025685397,0,0,27.458333333333332,84.16111500619675,NQO1
DR 37-,GO_Biological_Process_2023,Negative Regulation Of Peptidase Activity (GO:0010466),3.896630010108681e-07,0.0003432931038905748,0,0,18.916354556803995,279.1672497790399,CST3;SERPINA1;SERPINE2;SERPINF1;SERPINE1;TIMP3;TIMP1;CST7
DR 37-,GO_Biological_Process_2023,Negative Regulation Of Proteolysis (GO:0045861),8.346733437003365e-07,0.0003676736078999982,0,0,41.75824175824176,584.4577636965395,CST3;SERPINE2;TIMP3;PLAT;TIMP1;CST7
DR 37-,GO_Biological_Process_2023,Positive Regulation Of Blood Coagulation (GO:0030194),1.401183467837553e-06,0.00041148087838829476,0,0,103.3695652173913,1393.2349859128253,THBD;F2R;SERPINE1;PLAT;THBS1
DR 37-,GO_Biological_Process_2023,Negative Regulation Of Endopeptidase Activity (GO:0010951),2.382954802880447e-06,0.0005248457953344185,0,0,18.42361111111111,238.5336126612635,CST3;SERPINA1;SERPINE2;SERPINF1;SERPINE1;TIMP3;TIMP1
DR 37-,GO_Biological_Process_2023,Negative Regulation Of Fibrinolysis (GO:0051918),2.5091523141074833e-05,0.003157947412469561,0,0,81.80645161290323,866.574146082312,THBD;SERPINE1;PLAT;THBS1
DR 37-,GO_Biological_Process_2023,Negative Regulation Of Plasminogen Activation (GO:0010757),2.5091523141074833e-05,0.003157947412469561,0,0,81.80645161290323,866.574146082312,SERPINE2;SERPINE1;PLAT;THBS1
DR 37-,GO_Biological_Process_2023,Negative Regulation Of Protein Processing (GO:0010955),2.5091523141074833e-05,0.003157947412469561,0,0,81.80645161290323,866.574146082312,SERPINE2;SERPINE1;PLAT;THBS1
DR 37-,GO_Biological_Process_2023,Regulation Of Endopeptidase Activity (GO:0052548),3.91682792698526e-05,0.0043134067545925175,0,0,13.875457875457876,140.80319771388838,SERPINA1;SERPINE2;SERPINF1;SERPINE1;TIMP3;TIMP1
DR 37-,GO_Biological_Process_2023,Positive Regulation Of Coagulation (GO:0050820),0.00011074168280991617,0.009756342255553614,0,0,inf,inf,F2R;SERPINE1;THBS1
DR 37-,GO_Biological_Process_2023,Positive Regulation Of Hemostasis (GO:1900048),0.00011074168280991617,0.009756342255553614,0,0,inf,inf,F2R;SERPINE1;THBS1
DR 37-,GO_Biological_Process_2023,Regulation Of Blood Coagulation (GO:0030193),0.0001463000531113241,0.011033937314581804,0,0,14.720496894409937,129.97979255883234,THBD;SERPINE2;SERPINE1;F2R;THBS1
DR 37-,GO_Biological_Process_2023,Regulation Of Fibrinolysis (GO:0051917),0.00016281632813798348,0.011033937314581804,0,0,27.240143369175627,237.61271463943768,THBD;SERPINE1;PLAT;THBS1
DR 37-,GO_Biological_Process_2023,Regulation Of Plasminogen Activation (GO:0010755),0.00016281632813798348,0.011033937314581804,0,0,27.240143369175627,237.61271463943768,SERPINE2;SERPINE1;PLAT;THBS1
DR 37-,GO_Biological_Process_2023,Positive Regulation Of Extrinsic Apoptotic Signaling Pathway Via Death Domain Receptors (GO:1902043),0.0004273330812580847,0.026891460327740903,0,0,60.702127659574465,470.9238769710044,SFRP1;TIMP3;THBS1
DR 37-,GO_Biological_Process_2023,Negative Regulation Of Blood Coagulation (GO:0030195),0.0005434416518537619,0.031918139685544286,0,0,16.32688172043011,122.7387735840762,THBD;SERPINE2;SERPINE1;PLAT
DR 37-,GO_Biological_Process_2023,Positive Regulation Of Wound Healing (GO:0090303),0.0008721859854309158,0.048024740822789805,0,0,13.598566308243727,95.79520738937816,SERPINE1;F2R;THBS1;MYLK
DR 38-,GO_Biological_Process_2023,Intermediate Filament Organization (GO:0045109),6.940285203317922e-08,4.955363635168996e-05,0,0,27.44927536231884,452.455680212755,KRT81;KRT17;KRT16;KRT23;KRT7;PKP1;KRT6B;KRT6A
DR 38-,GO_Biological_Process_2023,Epidermis Development (GO:0008544),1.2821611303514803e-05,0.0033492779023584856,0,0,12.925708699902248,145.60007424149998,KRTDAP;CDSN;CALML5;CRABP2;KLK5;KLK7;S100A7
DR 38-,GO_Biological_Process_2023,Keratinocyte Differentiation (GO:0030216),1.4072596228396998e-05,0.0033492779023584856,0,0,33.280701754385966,371.78807721874773,ANXA1;CDSN;KRT16;EREG;S100A7
DR 38-,GO_Biological_Process_2023,Epidermal Cell Differentiation (GO:0009913),5.841428530078328e-05,0.010426949926189815,0,0,19.94736842105263,194.44595172999095,ANXA1;CDSN;KRT16;EREG;S100A7
DR 39-,GO_Biological_Process_2023,Epidermis Development (GO:0008544),6.950152699819433e-05,0.023891756260217497,0,0,11.734567901234568,112.34865214361947,CASP14;CDSN;CRABP2;FABP5;KRT5;S100A7
DR 39-,GO_Biological_Process_2023,Endothelial Cell Migration (GO:0043542),8.644974590411083e-05,0.023891756260217497,0,0,16.60278745644599,155.33480422761386,ID1;CYP1B1;S100A12;S100P;S100A9
DR 39-,GO_Biological_Process_2023,Prostanoid Metabolic Process (GO:0006692),0.00010590486445832412,0.023891756260217497,0,0,30.68273092369478,280.83809639270555,AKR1C1;AKR1C3;AKR1C2;PTGES
DR 39-,GO_Biological_Process_2023,Defense Response To Bacterium (GO:0042742),0.00018065610181621625,0.023891756260217497,0,0,5.4028846153846155,46.56700500498896,PYCARD;SLPI;S100A12;DEFB1;PI3;S100A14;S100A9;S100A8;KRT6A
DR 39-,GO_Biological_Process_2023,Keratinocyte Differentiation (GO:0030216),0.0002047864822304357,0.023891756260217497,0,0,23.0,195.3514814493652,CSTA;CDSN;AKR1C3;S100A7
DR 39-,GO_Biological_Process_2023,Retinoid Metabolic Process (GO:0001523),0.0002047864822304357,0.023891756260217497,0,0,23.0,195.3514814493652,AKR1C1;AKR1C3;CYP1B1;PLB1
DR 39-,GO_Biological_Process_2023,Retinal Metabolic Process (GO:0042574),0.00030840610880669353,0.027720434238998688,0,0,68.28571428571429,552.0280722598652,AKR1C1;AKR1C3;CYP1B1
DR 39-,GO_Biological_Process_2023,Antimicrobial Humoral Response (GO:0019730),0.00032072972981872283,0.027720434238998688,0,0,6.608,53.16077686161619,SLPI;S100A12;DEFB1;PI3;S100A9;S100A7;KRT6A
DR 39-,GO_Biological_Process_2023,Steroid Metabolic Process (GO:0008202),0.0003564055830728403,0.027720434238998688,0,0,18.39036144578313,146.0091932959392,AKR1C1;AKR1C3;CYP1B1;AKR1C2
DR 39-,GO_Biological_Process_2023,Epidermal Cell Differentiation (GO:0009913),0.0005743539853164726,0.03654979906559371,0,0,15.317269076305221,114.30151560198338,CSTA;CDSN;AKR1C3;S100A7
DR 39-,GO_Biological_Process_2023,Prostaglandin Metabolic Process (GO:0006693),0.0005743539853164726,0.03654979906559371,0,0,15.317269076305221,114.30151560198338,AKR1C1;AKR1C3;AKR1C2;PTGES
DR 39-,GO_Biological_Process_2023,Leukocyte Aggregation (GO:0070486),0.000746739562491296,0.04020905336491594,0,0,34.125,245.69297291898712,S100A9;CD44;S100A8
DR 39-,GO_Biological_Process_2023,Diterpenoid Metabolic Process (GO:0016101),0.000746739562491296,0.04020905336491594,0,0,34.125,245.69297291898712,AKR1C1;AKR1C3;PLB1
DR 39-,GO_Biological_Process_2023,Epithelial Cell Migration (GO:0010631),0.0008727234698180022,0.043636173490900106,0,0,13.122203098106713,92.4313789426237,CYP1B1;S100A12;S100P;S100A9
DR 40-,GO_Biological_Process_2023,Intermediate Filament Organization (GO:0045109),1.0623941883171437e-14,8.414161971471778e-12,0,0,129.4090909090909,4163.823721721833,KRT81;KRT17;KRT16;KRT15;KRT14;KRT23;KRT7;PKP1;KRT5;KRT86;KRT6B;KRT6A
DR 40-,GO_Biological_Process_2023,Epidermis Development (GO:0008544),4.5724319826750405e-08,1.810683065139316e-05,0,0,20.78021978021978,351.19892049116487,CALML5;CRABP2;LAMB3;FABP5;KRT15;SPINK5;KRT14;EMP1;KRT5
DR 40-,GO_Biological_Process_2023,Supramolecular Fiber Organization (GO:0097435),1.126507810362257e-06,0.00029739806193563586,0,0,6.775161199887861,92.79523753046648,KRT81;GSN;KRT23;KRT7;KRT5;KRT86;CST3;KRT17;KRT16;KRT15;KRT14;KRT6B;KRT6A
DR 40-,GO_Biological_Process_2023,Epithelial Cell Differentiation (GO:0030855),5.2951331170424866e-05,0.010484363571744124,0,0,7.780538302277432,76.60824875075808,LGALS3;ANXA1;KRT17;KRT16;KRT15;KRT14;SPINK5;KRT23
DR 40-,GO_Biological_Process_2023,Epithelium Development (GO:0060429),0.0001144729195792356,0.01813251046135092,0,0,6.797101449275362,61.68486661037346,LGALS3;KRT17;KRT16;KRT15;KRT14;SPINK5;KRT23;KRT6A
DR 41+,GO_Biological_Process_2023,Intrinsic Apoptotic Signaling Pathway In Response To Endoplasmic Reticulum Stress (GO:0070059),1.499159826495465e-05,0.0016190926126151022,0,0,1329.3333333333333,14766.262090089025,DDIT3;TRIB3
DR 41+,GO_Biological_Process_2023,Regulation Of Cellular Catabolic Process (GO:0031329),5.3898335653260826e-05,0.0029105101252760845,0,0,568.5714285714286,5588.15365951401,DDIT3;TRIB3
DR 41+,GO_Biological_Process_2023,Response To Endoplasmic Reticulum Stress (GO:0034976),0.0001568894971297167,0.0056480218966698005,0,0,305.2307692307692,2673.81202758239,DDIT3;TRIB3
DR 41+,GO_Biological_Process_2023,Intrinsic Apoptotic Signaling Pathway (GO:0097193),0.0002834209263812847,0.007652365012294687,0,0,219.88888888888889,1796.179406747839,DDIT3;TRIB3
DR 41+,GO_Biological_Process_2023,Regulation Of Protein Kinase B Signaling (GO:0051896),0.0003770180964887908,0.008041628660160265,0,0,188.1904761904762,1483.5464308432954,GDF15;DDIT3
DR 41+,GO_Biological_Process_2023,Regulation Of Autophagy (GO:0010506),0.00044675714778668143,0.008041628660160265,0,0,171.65217391304347,1324.0382546558824,DDIT3;TRIB3
DR 41+,GO_Biological_Process_2023,Negative Regulation Of Multicellular Organismal Process (GO:0051241),0.0008830931392948385,0.013624865577691795,0,0,119.03030303030303,837.0305993363085,GDF15;DDIT3
DR 41+,GO_Biological_Process_2023,Regulation Of RNA Polymerase II Regulatory Region Sequence-Specific DNA Binding (GO:1903025),0.0014999697593334861,0.01619967340080165,0,0,inf,inf,DDIT3
DR 41+,GO_Biological_Process_2023,ER Overload Response (GO:0006983),0.0014999697593334861,0.01619967340080165,0,0,inf,inf,DDIT3
DR 41+,GO_Biological_Process_2023,PERK-mediated Unfolded Protein Response (GO:0036499),0.0014999697593334861,0.01619967340080165,0,0,inf,inf,DDIT3
DR 41+,GO_Biological_Process_2023,Negative Regulation Of Nucleic Acid-Templated Transcription (GO:1903507),0.0022694721165612774,0.019048982053251555,0,0,71.96296296296296,438.12548841977696,DDIT3;TRIB3
DR 41+,GO_Biological_Process_2023,ATF6-mediated Unfolded Protein Response (GO:0036500),0.0029984508787525596,0.019048982053251555,0,0,998.0,5798.040178435152,DDIT3
DR 41+,GO_Biological_Process_2023,Regulation Of Multicellular Organism Growth (GO:0040014),0.0029984508787525596,0.019048982053251555,0,0,998.0,5798.040178435152,GDF15
DR 41+,GO_Biological_Process_2023,Positive Regulation Of Transcription From RNA Polymerase II Promoter In Response To Endoplasmic Reticulum Stress (GO:1990440),0.0029984508787525596,0.019048982053251555,0,0,998.0,5798.040178435152,DDIT3
DR 41+,GO_Biological_Process_2023,Regulation Of Transmembrane Transport (GO:0034762),0.0029984508787525596,0.019048982053251555,0,0,998.0,5798.040178435152,TRIB3
DR 41+,GO_Biological_Process_2023,Positive Regulation Of Endoplasmic Reticulum Stress-Induced Intrinsic Apoptotic Signaling Pathway (GO:1902237),0.0029984508787525596,0.019048982053251555,0,0,998.0,5798.040178435152,DDIT3
DR 41+,GO_Biological_Process_2023,Negative Regulation Of Protein Kinase B Signaling (GO:0051898),0.0029984508787525596,0.019048982053251555,0,0,998.0,5798.040178435152,DDIT3
DR 41+,GO_Biological_Process_2023,Regulation Of DNA-templated Transcription In Response To Stress (GO:0043620),0.004495435597996463,0.021567323437519083,0,0,498.75,2695.5904883764883,DDIT3
DR 41+,GO_Biological_Process_2023,Negative Regulation Of Fatty Acid Biosynthetic Process (GO:0045717),0.004495435597996463,0.021567323437519083,0,0,498.75,2695.5904883764883,TRIB3
DR 41+,GO_Biological_Process_2023,Negative Regulation Of Fatty Acid Metabolic Process (GO:0045922),0.004495435597996463,0.021567323437519083,0,0,498.75,2695.5904883764883,TRIB3
DR 41+,GO_Biological_Process_2023,Anterior/Posterior Axis Specification (GO:0009948),0.004495435597996463,0.021567323437519083,0,0,498.75,2695.5904883764883,DDIT3
DR 41+,GO_Biological_Process_2023,Positive Regulation Of Intracellular Signal Transduction (GO:1902533),0.005331429772629867,0.021567323437519083,0,0,45.54761904761905,238.4024246804231,GDF15;DDIT3
DR 41+,GO_Biological_Process_2023,Negative Regulation Of Transcription By RNA Polymerase II (GO:0000122),0.005455002502733147,0.021567323437519083,0,0,44.98823529411764,234.4436905440652,DDIT3;TRIB3
DR 41+,GO_Biological_Process_2023,Negative Regulation Of Developmental Growth (GO:0048640),0.005990923177088634,0.021567323437519083,0,0,332.3333333333333,1700.719076579553,GDF15
DR 41+,GO_Biological_Process_2023,Negative Regulation Of Lipid Biosynthetic Process (GO:0051055),0.005990923177088634,0.021567323437519083,0,0,332.3333333333333,1700.719076579553,TRIB3
DR 41+,GO_Biological_Process_2023,Regulation Of Fatty Acid Biosynthetic Process (GO:0042304),0.005990923177088634,0.021567323437519083,0,0,332.3333333333333,1700.719076579553,TRIB3
DR 41+,GO_Biological_Process_2023,Positive Regulation Of Transcription From RNA Polymerase II Promoter In Response To Stress (GO:0036003),0.005990923177088634,0.021567323437519083,0,0,332.3333333333333,1700.719076579553,DDIT3
DR 41+,GO_Biological_Process_2023,Regulation Of Glucose Transmembrane Transport (GO:0010827),0.005990923177088634,0.021567323437519083,0,0,332.3333333333333,1700.719076579553,TRIB3
DR 41+,GO_Biological_Process_2023,Regulation Of Transcription From RNA Polymerase II Promoter In Response To Stress (GO:0043618),0.005990923177088634,0.021567323437519083,0,0,332.3333333333333,1700.719076579553,DDIT3
DR 41+,GO_Biological_Process_2023,Regulation Of Ubiquitin-Protein Transferase Activity (GO:0051438),0.005990923177088634,0.021567323437519083,0,0,332.3333333333333,1700.719076579553,TRIB3
DR 41+,GO_Biological_Process_2023,Negative Regulation Of Fat Cell Differentiation (GO:0045599),0.0074849137117136465,0.023775608260737463,0,0,249.125,1219.4334397688704,TRIB3
DR 41+,GO_Biological_Process_2023,Positive Regulation Of Response To Endoplasmic Reticulum Stress (GO:1905898),0.0074849137117136465,0.023775608260737463,0,0,249.125,1219.4334397688704,DDIT3
DR 41+,GO_Biological_Process_2023,Positive Regulation Of Ubiquitin-Protein Transferase Activity (GO:0051443),0.0074849137117136465,0.023775608260737463,0,0,249.125,1219.4334397688704,TRIB3
DR 41+,GO_Biological_Process_2023,Negative Regulation Of Cold-Induced Thermogenesis (GO:0120163),0.0074849137117136465,0.023775608260737463,0,0,249.125,1219.4334397688704,DDIT3
DR 41+,GO_Biological_Process_2023,Regulation Of Endoplasmic Reticulum Stress-Induced Intrinsic Apoptotic Signaling Pathway (GO:1902235),0.008977407586967275,0.026204324848445017,0,0,199.2,938.8383898526647,DDIT3
DR 41+,GO_Biological_Process_2023,Anterior/Posterior Pattern Specification (GO:0009952),0.008977407586967275,0.026204324848445017,0,0,199.2,938.8383898526647,DDIT3
DR 41+,GO_Biological_Process_2023,SMAD Protein Signal Transduction (GO:0060395),0.008977407586967275,0.026204324848445017,0,0,199.2,938.8383898526647,GDF15
DR 41+,GO_Biological_Process_2023,Negative Regulation Of DNA-templated Transcription (GO:0045892),0.009793205477093385,0.02690529190528301,0,0,32.7304347826087,151.41316632114595,DDIT3;TRIB3
DR 41+,GO_Biological_Process_2023,Positive Regulation Of Intrinsic Apoptotic Signaling Pathway (GO:2001244),0.01046840532298441,0.02690529190528301,0,0,165.91666666666666,756.4793839639228,DDIT3
DR 41+,GO_Biological_Process_2023,Response To Insulin (GO:0032868),0.01046840532298441,0.02690529190528301,0,0,165.91666666666666,756.4793839639228,TRIB3
DR 41+,GO_Biological_Process_2023,Positive Regulation Of Neuron Apoptotic Process (GO:0043525),0.01046840532298441,0.02690529190528301,0,0,165.91666666666666,756.4793839639228,DDIT3
DR 41+,GO_Biological_Process_2023,Regulation Of Interleukin-17 Production (GO:0032660),0.01046840532298441,0.02690529190528301,0,0,165.91666666666666,756.4793839639228,DDIT3
DR 41+,GO_Biological_Process_2023,Integrated Stress Response Signaling (GO:0140467),0.011957907513459116,0.02690529190528301,0,0,142.14285714285714,629.1758129029836,DDIT3
DR 41+,GO_Biological_Process_2023,Negative Regulation Of Metabolic Process (GO:0009892),0.011957907513459116,0.02690529190528301,0,0,142.14285714285714,629.1758129029836,DDIT3
DR 41+,GO_Biological_Process_2023,Cellular Response To Insulin Stimulus (GO:0032869),0.011957907513459116,0.02690529190528301,0,0,142.14285714285714,629.1758129029836,TRIB3
DR 41+,GO_Biological_Process_2023,Cellular Response To Peptide Hormone Stimulus (GO:0071375),0.011957907513459116,0.02690529190528301,0,0,142.14285714285714,629.1758129029836,TRIB3
DR 41+,GO_Biological_Process_2023,Positive Regulation Of Pathway-Restricted SMAD Protein Phosphorylation (GO:0010862),0.011957907513459116,0.02690529190528301,0,0,142.14285714285714,629.1758129029836,GDF15
DR 41+,GO_Biological_Process_2023,Regulation Of Interleukin-4 Production (GO:0032673),0.011957907513459116,0.02690529190528301,0,0,142.14285714285714,629.1758129029836,DDIT3
DR 41+,GO_Biological_Process_2023,Proteasomal Protein Catabolic Process (GO:0010498),0.013445914798449674,0.027926130735241632,0,0,124.3125,535.6725014742757,DDIT3
DR 41+,GO_Biological_Process_2023,Positive Regulation Of Protein Ubiquitination (GO:0031398),0.013445914798449674,0.027926130735241632,0,0,124.3125,535.6725014742757,TRIB3
DR 41+,GO_Biological_Process_2023,Negative Regulation Of Type II Interferon Production (GO:0032689),0.013445914798449674,0.027926130735241632,0,0,124.3125,535.6725014742757,DDIT3
DR 41+,GO_Biological_Process_2023,Response To Unfolded Protein (GO:0006986),0.013445914798449674,0.027926130735241632,0,0,124.3125,535.6725014742757,DDIT3
DR 41+,GO_Biological_Process_2023,Positive Regulation Of Proteasomal Protein Catabolic Process (GO:1901800),0.014932427838149076,0.0282930211670193,0,0,110.44444444444444,464.3327495011699,TRIB3
DR 41+,GO_Biological_Process_2023,Positive Regulation Of Protein Binding (GO:0032092),0.014932427838149076,0.0282930211670193,0,0,110.44444444444444,464.3327495011699,TRIB3
DR 41+,GO_Biological_Process_2023,Negative Regulation Of Kinase Activity (GO:0033673),0.014932427838149076,0.0282930211670193,0,0,110.44444444444444,464.3327495011699,TRIB3
DR 41+,GO_Biological_Process_2023,Positive Regulation Of Ubiquitin-Dependent Protein Catabolic Process (GO:2000060),0.014932427838149076,0.0282930211670193,0,0,110.44444444444444,464.3327495011699,TRIB3
DR 41+,GO_Biological_Process_2023,Regulation Of Pathway-Restricted SMAD Protein Phosphorylation (GO:0060393),0.014932427838149076,0.0282930211670193,0,0,110.44444444444444,464.3327495011699,GDF15
DR 41+,GO_Biological_Process_2023,Regulation Of Intrinsic Apoptotic Signaling Pathway (GO:2001242),0.01641744732289319,0.029551405181207743,0,0,99.35,408.2699479283951,DDIT3
DR 41+,GO_Biological_Process_2023,Positive Regulation Of Proteasomal Ubiquitin-Dependent Protein Catabolic Process (GO:0032436),0.01641744732289319,0.029551405181207743,0,0,99.35,408.2699479283951,TRIB3
DR 41+,GO_Biological_Process_2023,Positive Regulation Of Neuron Death (GO:1901216),0.01641744732289319,0.029551405181207743,0,0,99.35,408.2699479283951,DDIT3
DR 41+,GO_Biological_Process_2023,Regulation Of Proteasomal Ubiquitin-Dependent Protein Catabolic Process (GO:0032434),0.017900973946623735,0.03169352764320268,0,0,90.27272727272727,363.15816873539876,TRIB3
DR 41+,GO_Biological_Process_2023,Regulation Of DNA-templated Transcription (GO:0006355),0.019886294887893907,0.03464064270794422,0,0,22.06024096385542,86.42594613853558,DDIT3;TRIB3
DR 41+,GO_Biological_Process_2023,Transforming Growth Factor Beta Receptor Signaling Pathway (GO:0007179),0.020863551456261537,0.035766088210734064,0,0,76.3076923076923,295.2918137836408,GDF15
DR 41+,GO_Biological_Process_2023,Regulation Of Fat Cell Differentiation (GO:0045598),0.022342603775324026,0.037703143870859296,0,0,70.82142857142857,269.21065931999277,TRIB3
DR 41+,GO_Biological_Process_2023,Positive Regulation Of Apoptotic Signaling Pathway (GO:2001235),0.02382016611063104,0.03924478948851526,0,0,66.06666666666666,246.9058491218439,DDIT3
DR 41+,GO_Biological_Process_2023,Regulation Of Transcription By RNA Polymerase II (GO:0006357),0.023982926909648213,0.03924478948851526,0,0,19.825136612021858,73.955948941153,DDIT3;TRIB3
DR 41+,GO_Biological_Process_2023,Positive Regulation Of Interleukin-8 Production (GO:0032757),0.025296239181982868,0.039614849508611154,0,0,61.90625,227.63544359817465,DDIT3
DR 41+,GO_Biological_Process_2023,Negative Regulation Of Cellular Biosynthetic Process (GO:0031327),0.025296239181982868,0.039614849508611154,0,0,61.90625,227.63544359817465,TRIB3
DR 41+,GO_Biological_Process_2023,Negative Regulation Of NF-kappaB Transcription Factor Activity (GO:0032088),0.026770823728140856,0.039614849508611154,0,0,58.23529411764706,210.83754263767145,DDIT3
DR 41+,GO_Biological_Process_2023,Transmembrane Receptor Protein Serine/Threonine Kinase Signaling Pathway (GO:0007178),0.026770823728140856,0.039614849508611154,0,0,58.23529411764706,210.83754263767145,GDF15
DR 41+,GO_Biological_Process_2023,Positive Regulation Of Transmembrane Receptor Protein Serine/Threonine Kinase Signaling Pathway (GO:0090100),0.026770823728140856,0.039614849508611154,0,0,58.23529411764706,210.83754263767145,GDF15
DR 41+,GO_Biological_Process_2023,Negative Regulation Of Protein Kinase Activity (GO:0006469),0.026770823728140856,0.039614849508611154,0,0,58.23529411764706,210.83754263767145,TRIB3
DR 41+,GO_Biological_Process_2023,Proteasome-Mediated Ubiquitin-Dependent Protein Catabolic Process (GO:0043161),0.028243920482991285,0.039614849508611154,0,0,54.97222222222222,196.07915776000354,DDIT3
DR 41+,GO_Biological_Process_2023,Regulation Of Protein Binding (GO:0043393),0.028243920482991285,0.039614849508611154,0,0,54.97222222222222,196.07915776000354,TRIB3
DR 41+,GO_Biological_Process_2023,Positive Regulation Of Binding (GO:0051099),0.028243920482991285,0.039614849508611154,0,0,54.97222222222222,196.07915776000354,TRIB3
DR 41+,GO_Biological_Process_2023,Negative Regulation Of Canonical Wnt Signaling Pathway (GO:0090090),0.028243920482991285,0.039614849508611154,0,0,54.97222222222222,196.07915776000354,DDIT3
DR 41+,GO_Biological_Process_2023,Cellular Response To Transforming Growth Factor Beta Stimulus (GO:0071560),0.028243920482991285,0.039614849508611154,0,0,54.97222222222222,196.07915776000354,GDF15
DR 41+,GO_Biological_Process_2023,Positive Regulation Of Protein Kinase B Signaling (GO:0051897),0.029715530184864707,0.040623762784372006,0,0,52.05263157894737,183.02150146546361,GDF15
DR 41+,GO_Biological_Process_2023,Ubiquitin-Dependent Protein Catabolic Process (GO:0006511),0.029715530184864707,0.040623762784372006,0,0,52.05263157894737,183.02150146546361,DDIT3
DR 41+,GO_Biological_Process_2023,Regulation Of Protein Kinase Activity (GO:0045859),0.031185653566893613,0.04210063231530638,0,0,49.425,171.39587223544177,TRIB3
DR 41+,GO_Biological_Process_2023,Regulation Of Neuron Apoptotic Process (GO:0043523),0.03265429137271584,0.043008091076259886,0,0,47.04761904761905,160.98655468236515,DDIT3
DR 41+,GO_Biological_Process_2023,Regulation Of Interleukin-8 Production (GO:0032677),0.03265429137271584,0.043008091076259886,0,0,47.04761904761905,160.98655468236515,DDIT3
DR 41+,GO_Biological_Process_2023,Regulation Of Cold-Induced Thermogenesis (GO:0120161),0.034121444339914986,0.04335430574953904,0,0,44.88636363636363,151.6184709430509,DDIT3
DR 41+,GO_Biological_Process_2023,Regulation Of MAP Kinase Activity (GO:0043405),0.034121444339914986,0.04335430574953904,0,0,44.88636363636363,151.6184709430509,TRIB3
DR 41+,GO_Biological_Process_2023,Regulation Of Protein Serine/Threonine Kinase Activity (GO:0071900),0.034121444339914986,0.04335430574953904,0,0,44.88636363636363,151.6184709430509,TRIB3
DR 41+,GO_Biological_Process_2023,Negative Regulation Of Protein Phosphorylation (GO:0001933),0.03558711321655867,0.0441771060619349,0,0,42.91304347826087,143.1481157792265,TRIB3
DR 41+,GO_Biological_Process_2023,Negative Regulation Of Wnt Signaling Pathway (GO:0030178),0.03558711321655867,0.0441771060619349,0,0,42.91304347826087,143.1481157792265,DDIT3
DR 41+,GO_Biological_Process_2023,Positive Regulation Of Transferase Activity (GO:0051347),0.037051298740697146,0.044961126561744856,0,0,41.104166666666664,135.456803075988,TRIB3
DR 41+,GO_Biological_Process_2023,Regulation Of Canonical Wnt Signaling Pathway (GO:0060828),0.037051298740697146,0.044961126561744856,0,0,41.104166666666664,135.456803075988,DDIT3
DR 41+,GO_Biological_Process_2023,Regulation Of Nucleic Acid-Templated Transcription (GO:1903506),0.03997522271218834,0.04744312146061913,0,0,37.90384615384615,122.031260191558,DDIT3
DR 41+,GO_Biological_Process_2023,Regulation Of Type II Interferon Production (GO:0032649),0.03997522271218834,0.04744312146061913,0,0,37.90384615384615,122.031260191558,DDIT3
DR 41+,GO_Biological_Process_2023,Negative Regulation Of DNA-binding Transcription Factor Activity (GO:0043433),0.042893222207401736,0.04981148385375686,0,0,35.160714285714285,110.72254690946134,DDIT3
DR 41+,GO_Biological_Process_2023,Negative Regulation Of Cell Differentiation (GO:0045596),0.042893222207401736,0.04981148385375686,0,0,35.160714285714285,110.72254690946134,TRIB3
DR 41-,GO_Biological_Process_2023,Monocarboxylic Acid Transport (GO:0015718),0.004999933071055651,0.017499765748694777,0,0,inf,inf,FABP7
DR 41-,GO_Biological_Process_2023,Fatty Acid Transport (GO:0015908),0.004999933071055651,0.017499765748694777,0,0,inf,inf,FABP7
DR 41-,GO_Biological_Process_2023,Lipid Transport (GO:0006869),0.007999911069775581,0.018666459162809693,0,0,inf,inf,FABP7
DR 41-,GO_Biological_Process_2023,Nervous System Development (GO:0007399),0.020499852283860764,0.03587474149675634,0,0,inf,inf,FABP7
DR 42+,GO_Biological_Process_2023,Positive Regulation Of Transcription By RNA Polymerase II (GO:0045944),7.209652515498148e-09,6.357834790576852e-06,0,0,6.333333333333333,118.73635218353068,EDN1;EGR2;CITED2;AHR;PROX1;KLF4;ETS2;NR4A2;NR4A1;IL6;KLF6;NR4A3;RGCC;MYC;MAFF;HEY2;NCOA7;JUNB;ATF3;SOX4
DR 42+,GO_Biological_Process_2023,Regulation Of Transcription By RNA Polymerase II (GO:0006357),1.2179760135204698e-08,6.357834790576852e-06,0,0,5.0,91.11745134095762,CEBPD;CITED2;FHL2;AHR;ETS2;MYC;HEY2;JUNB;SOX4;EDN1;EGR2;ZNF10;PROX1;KLF4;NR4A2;NR4A1;IL6;KLF6;NR4A3;RGCC;MAFF;ID4;FOSB;NCOA7;ATF3
DR 42+,GO_Biological_Process_2023,Regulation Of DNA-templated Transcription (GO:0006355),4.3731785427668025e-08,1.5218661328828474e-05,0,0,4.9395039322444045,83.70083581825092,ZNF331;EGR2;CEBPD;CITED2;AHR;PROX1;KLF4;ETS2;ZFP36L2;NR4A2;NR4A1;IL6;KLF6;NR4A3;MYC;MAFF;HEY2;ID4;FOSB;NCOA7;JUNB;ATF3;SOX4
DR 42+,GO_Biological_Process_2023,Negative Regulation Of Transcription By RNA Polymerase II (GO:0000122),1.1791441041826729e-07,3.077566111916776e-05,0,0,6.51056338028169,103.86501511876033,EDN1;CITED2;FHL2;ZNF10;PROX1;KLF4;ETS2;NR4A2;NR4A3;MYC;MAFF;HEY2;ID4;FOSB;ATF3;SOX4
DR 42+,GO_Biological_Process_2023,Positive Regulation Of DNA-templated Transcription (GO:0045893),3.703646101683166e-07,7.733213060314451e-05,0,0,4.786666666666667,70.88468346969513,EDN1;EGR2;CITED2;AHR;PROX1;KLF4;ETS2;NR4A2;NR4A1;IL6;KLF6;NR4A3;RGCC;MYC;MAFF;HEY2;NCOA7;JUNB;ATF3;SOX4
DR 42+,GO_Biological_Process_2023,Negative Regulation Of DNA-templated Transcription (GO:0045892),1.5819743055701187e-06,0.0002752635291692007,0,0,4.911111111111111,65.59691025862347,EDN1;CITED2;FHL2;ZNF10;AHR;PROX1;KLF4;ETS2;NR4A2;NR4A3;MYC;MAFF;HEY2;ID4;FOSB;ATF3;SOX4
DR 42+,GO_Biological_Process_2023,Ventricular Septum Morphogenesis (GO:0060412),3.355040639282398e-05,0.0050038034677297475,0,0,50.473684210526315,520.0031924592462,CITED2;HEY2;PROX1;SOX4
DR 42+,GO_Biological_Process_2023,Fat Cell Differentiation (GO:0045444),5.744209678317384e-05,0.007158333692154795,0,0,18.21904761904762,177.90413788285696,NR4A2;NR4A1;EGR2;NR4A3;KLF4
DR 42+,GO_Biological_Process_2023,Endoderm Development (GO:0007492),6.170977320823099e-05,0.007158333692154795,0,0,inf,inf,DUSP4;DUSP2;DUSP1
DR 42+,GO_Biological_Process_2023,Negative Regulation Of Mitotic Cell Cycle Phase Transition (GO:1901991),7.590452897028657e-05,0.007924432824497918,0,0,33.63157894736842,319.0303082667668,CDKN1A;RGCC;KLF4;ZFP36L2
DR 42+,GO_Biological_Process_2023,Negative Regulation Of Cellular Process (GO:0048523),0.00011946554792332834,0.01059633629770443,0,0,4.039348710990502,36.48534666482806,BTG2;CDKN1A;DUSP1;PROX1;THBS1;RHOB;NR4A1;IL6;RGCC;ADAMTS1;MYC;CYP1B1;SOX4
DR 42+,GO_Biological_Process_2023,Regulation Of Translation (GO:0006417),0.00013628111431633223,0.01059633629770443,0,0,14.155555555555555,125.99563849550998,IL6;BTG2;EIF4A3;THBS1;SOX4
DR 42+,GO_Biological_Process_2023,Ventricular Septum Development (GO:0003281),0.00014719820252626125,0.01059633629770443,0,0,25.210526315789473,222.45089155798482,CITED2;HEY2;PROX1;SOX4
DR 42+,GO_Biological_Process_2023,Positive Regulation Of Translation (GO:0045727),0.00014719820252626125,0.01059633629770443,0,0,25.210526315789473,222.45089155798482,IL6;EIF4A3;THBS1;SOX4
DR 42+,GO_Biological_Process_2023,Positive Regulation Of Cellular Biosynthetic Process (GO:0031328),0.00015224621117391424,0.01059633629770443,0,0,7.575342465753424,66.58734767252528,IL6;EDN1;RGCC;EIF4A3;KLF4;THBS1;SOX4
DR 42+,GO_Biological_Process_2023,Positive Regulation Of Macromolecule Biosynthetic Process (GO:0010557),0.0002565504495874908,0.016739916835583776,0,0,8.567567567567568,70.83823560326809,IL6;RGCC;EIF4A3;KLF4;THBS1;SOX4
DR 42+,GO_Biological_Process_2023,Negative Regulation Of Cell Population Proliferation (GO:0008285),0.0003251881155977867,0.018959401760303023,0,0,4.091787439613527,32.86158162707234,IL6;BTG2;CDKN1A;RGCC;ADAMTS1;MYC;CYP1B1;PROX1;TRIB1;THBS1;SOX4
DR 42+,GO_Biological_Process_2023,Positive Regulation Of Protein Metabolic Process (GO:0051247),0.00032688623724660385,0.018959401760303023,0,0,8.112375533428166,65.10910137527257,IL6;PLK2;EIF4A3;KLF4;THBS1;SOX4
DR 42+,GO_Biological_Process_2023,Negative Regulation Of Macromolecule Biosynthetic Process (GO:0010558),0.0004152122445502183,0.021674079165521394,0,0,16.789473684210527,130.7349428803388,BTG2;EDN1;CDKN1A;EIF4A3
DR 42+,GO_Biological_Process_2023,Positive Regulation Of Amide Metabolic Process (GO:0034250),0.0004152122445502183,0.021674079165521394,0,0,16.789473684210527,130.7349428803388,IL6;EIF4A3;THBS1;SOX4
DR 42+,GO_Biological_Process_2023,Regulation Of Cell Population Proliferation (GO:0042127),0.000491473611673511,0.024386815200504522,0,0,3.125874125874126,23.813228896561096,BTG2;EDN1;CDKN1A;PROX1;AREG;THBS1;IL6;NR4A3;RGCC;ADAMTS1;MYC;CYP1B1;SGK1;JUNB;SOX4
DR 42+,GO_Biological_Process_2023,Negative Regulation Of Cell Cycle (GO:0045786),0.0005138984046083329,0.024386815200504522,0,0,9.77948717948718,74.06479915299302,NR4A1;BTG2;CDKN1A;DUSP1;RHOB
DR 42+,GO_Biological_Process_2023,Regulation Of Cardiac Muscle Hypertrophy (GO:0010611),0.000581960571422889,0.026415949415891135,0,0,37.36363636363637,278.32575728554434,EDN1;RGS2;NR4A3
DR 42+,GO_Biological_Process_2023,Cellular Response To Hydrogen Peroxide (GO:0070301),0.0006327132621693039,0.027523026904364718,0,0,14.38345864661654,105.94126715334822,EDN1;IL6;CYP1B1;RHOB
DR 42+,GO_Biological_Process_2023,Negative Regulation Of MAPK Cascade (GO:0043409),0.0006757400098778774,0.028218902812500158,0,0,9.076190476190476,66.25348719340919,DUSP4;DUSP2;RGS2;DUSP1;MYC
DR 42+,GO_Biological_Process_2023,Circulatory System Development (GO:0072359),0.0008729784732076416,0.03505344330879915,0,0,8.466666666666667,59.63581046177178,PDLIM3;CDKN1A;CITED2;HEY2;SOX4
DR 42+,GO_Biological_Process_2023,Negative Regulation Of Gene Expression (GO:0010629),0.0009442472221043982,0.03651089258803673,0,0,4.62962962962963,32.245937677235865,BTG2;RGCC;SLC24A3;CITED2;EIF4A3;HEY2;KLF4;ZFP36L2
DR 43+,GO_Biological_Process_2023,Retina Homeostasis (GO:0001895),1.5999747721455825e-07,0.00010399836018946287,0,0,27.79835390946502,434.99163833891384,PIGR;PRR4;AZGP1;ZG16B;PIP;LYZ;LTF
DR 43+,GO_Biological_Process_2023,Mucosal Immune Response (GO:0002385),3.835707504312537e-06,0.0012466049389015744,0,0,136.0,1696.0773049480106,PIGR;BPIFB1;CAMP;LTF
DR 43+,GO_Biological_Process_2023,Regulation Of Hepatocyte Proliferation (GO:2000345),2.7031609904012767e-05,0.0058568488125361,0,0,inf,inf,XBP1;MDK;PTN
DR 43+,GO_Biological_Process_2023,Innate Immune Response In Mucosa (GO:0002227),0.00010577246084569585,0.017188024887425577,0,0,100.24137931034483,917.6316760875718,BPIFB1;CAMP;LTF
DR 43+,GO_Biological_Process_2023,Positive Regulation Of Cell-Substrate Adhesion (GO:0010811),0.000323149656212348,0.042009455307605234,0,0,16.93859649122807,136.14219091703154,MDK;AGR2;CD36;OLFM4
DR 45+,GO_Biological_Process_2023,Response To Unfolded Protein (GO:0006986),2.1093232595071006e-08,1.63683484937751e-05,0,0,71.43010752688173,1262.4781193404162,HSPB8;DDIT3;HSPA6;HSPB1;HSPA2;HERPUD1;HSPA1A
DR 45+,GO_Biological_Process_2023,'De Novo' Post-Translational Protein Folding (GO:0051084),5.494889723712018e-06,0.0014213448085335088,0,0,49.94736842105263,604.94714446369,HSPA5;HSPA6;HSPA2;HSPA1B;HSPA1A
DR 45+,GO_Biological_Process_2023,Chaperone Cofactor-Dependent Protein Refolding (GO:0051085),5.494889723712018e-06,0.0014213448085335088,0,0,49.94736842105263,604.94714446369,HSPA5;HSPA6;HSPA2;HSPA1B;HSPA1A
DR 45+,GO_Biological_Process_2023,Integrated Stress Response Signaling (GO:0140467),1.4072596228396998e-05,0.002730083668309018,0,0,33.280701754385966,371.78807721874773,JUN;MAFB;CEBPD;DDIT3;FOS
DR 45+,GO_Biological_Process_2023,Cellular Response To Heat (GO:0034605),8.181450708587026e-05,0.010471897309343586,0,0,39.541666666666664,372.12883861533135,TCIM;HSPA6;HSPA1B;HSPA1A
DR 45+,GO_Biological_Process_2023,Negative Regulation Of Inclusion Body Assembly (GO:0090084),0.00012145241724754159,0.010471897309343586,0,0,inf,inf,HSPA2;HSPA1B;HSPA1A
DR 45+,GO_Biological_Process_2023,Regulation Of Inclusion Body Assembly (GO:0090083),0.00012145241724754159,0.010471897309343586,0,0,inf,inf,HSPA2;HSPA1B;HSPA1A
DR 45+,GO_Biological_Process_2023,Cellular Heat Acclimation (GO:0070370),0.00012145241724754159,0.010471897309343586,0,0,inf,inf,HSPA6;HSPA1B;HSPA1A
DR 45+,GO_Biological_Process_2023,Heat Acclimation (GO:0010286),0.00012145241724754159,0.010471897309343586,0,0,inf,inf,HSPA6;HSPA1B;HSPA1A
DR 45+,GO_Biological_Process_2023,Negative Regulation Of Cellular Component Organization (GO:0051129),0.0003950178597139277,0.030653385913800787,0,0,11.058479532163743,86.6606548833963,HSPA5;HSPA2;CRYAB;HSPA1B;HSPA1A
DR 45+,GO_Biological_Process_2023,Response To Endoplasmic Reticulum Stress (GO:0034976),0.0005691852899549823,0.04015343500046057,0,0,9.947368421052632,74.319818800007,PPP1R15A;JUN;HSPA5;DDIT3;HERPUD1
DR 46+,GO_Biological_Process_2023,Hydrogen Peroxide Catabolic Process (GO:0042744),1.3623053242927816e-08,3.2967788847885313e-06,0,0,661.0,11971.70307837454,HBM;HBB;HBA1;HBQ1
DR 46+,GO_Biological_Process_2023,Oxygen Transport (GO:0015671),6.002731028060742e-05,0.0069301487755830705,0,0,inf,inf,HBB;HBA1
DR 46+,GO_Biological_Process_2023,Regulation Of Cell Death (GO:0010941),8.854616961926639e-05,0.0069301487755830705,0,0,50.64102564102564,472.5813651655548,HBB;HBA1;SNCA
DR 46+,GO_Biological_Process_2023,Positive Regulation Of Cell Death (GO:0010942),0.00011454791364600117,0.0069301487755830705,0,0,45.55384615384615,413.3791678612723,HBB;HBA1;SNCA
DR 46+,GO_Biological_Process_2023,One-Carbon Compound Transport (GO:0019755),0.0003568124330195455,0.012335515541532857,0,0,141.57142857142858,1123.8365155930142,HBB;HBA1
DR 46+,GO_Biological_Process_2023,Carbon Dioxide Transport (GO:0015670),0.0003568124330195455,0.012335515541532857,0,0,141.57142857142858,1123.8365155930142,HBB;HBA1
DR 46+,GO_Biological_Process_2023,Gas Transport (GO:0015669),0.0003568124330195455,0.012335515541532857,0,0,141.57142857142858,1123.8365155930142,HBB;HBA1
DR 47-,GO_Biological_Process_2023,Neutrophil Chemotaxis (GO:0030593),5.80035502852637e-10,3.7914390078062006e-07,0,0,13.285136501516684,282.54737710045026,CXCL6;EDN1;CXCL8;EDN2;CCL20;CXCL1;CXCL3;CXCL2;CX3CL1;CCL7;CCL5;PDE4B;SAA1;CCL2
DR 47-,GO_Biological_Process_2023,Neutrophil Migration (GO:1990266),8.810470196296361e-10,3.7914390078062006e-07,0,0,12.724806201550388,265.3110656052418,CXCL6;EDN1;CXCL8;EDN2;CCL20;CXCL1;CXCL3;CXCL2;CX3CL1;CCL7;CCL5;PDE4B;SAA1;CCL2
DR 47-,GO_Biological_Process_2023,Granulocyte Chemotaxis (GO:0071621),8.810470196296361e-10,3.7914390078062006e-07,0,0,12.724806201550388,265.3110656052418,CXCL6;EDN1;CXCL8;EDN2;CCL20;CXCL1;CXCL3;CXCL2;CX3CL1;CCL7;CCL5;PDE4B;SAA1;CCL2
DR 47-,GO_Biological_Process_2023,Cytokine-Mediated Signaling Pathway (GO:0019221),3.0159386640133675e-09,9.733942038103144e-07,0,0,8.255107386066003,161.9598800908937,CXCL6;CXCL8;EDN2;CCL20;EBI3;CXCL1;TRAF1;CXCL3;CXCL2;TNF;CX3CL1;NFKBIA;IL6;CCL7;CCL5;CCL2;BIRC3
DR 47-,GO_Biological_Process_2023,Cellular Response To Tumor Necrosis Factor (GO:0071356),1.0747374364115915e-08,2.774972060814729e-06,0,0,11.206896551724139,205.63091090194112,CD40;CXCL8;CCL20;TRAF1;TNF;CX3CL1;ZFP36L2;NFKBIA;ZFP36;CCL7;CCL5;CCL2;BIRC3
DR 47-,GO_Biological_Process_2023,Inflammatory Response (GO:0006954),1.0086957228522838e-07,2.136816855982027e-05,0,0,6.174797550859174,99.47251533276764,CXCL6;SERPINA3;CD40;CXCL8;TNFAIP6;CCL20;CXCL1;CXCL3;CXCL2;TNF;CX3CL1;IL6;ELF3;CCL7;CCL5;BDKRB2;CCL2
DR 47-,GO_Biological_Process_2023,Cellular Response To Lipopolysaccharide (GO:0071222),1.1586148715626792e-07,2.136816855982027e-05,0,0,9.828671328671328,156.97243634387547,CXCL6;IL6;ZFP36;CXCL8;CCL5;PDE4B;TNFAIP3;CCL2;CXCL1;CXCL3;CXCL2;TNF
DR 47-,GO_Biological_Process_2023,Chemokine-Mediated Signaling Pathway (GO:0070098),1.7014039138281056e-07,2.7456405659401055e-05,0,0,13.083333333333334,203.92523164332442,CXCL6;CXCL8;CCL7;CCL20;CCL5;CCL2;CXCL1;CXCL3;CXCL2;CX3CL1
DR 47-,GO_Biological_Process_2023,Response To Tumor Necrosis Factor (GO:0034612),2.1819953421986097e-07,3.12995109642045e-05,0,0,10.55056179775281,161.82299649895984,NFKBIA;ZFP36;CD40;CXCL8;CCL7;CCL20;CCL5;UBD;CCL2;CX3CL1;ZFP36L2
DR 47-,GO_Biological_Process_2023,Cellular Response To Chemokine (GO:1990869),2.591000372629573e-07,3.344981481064779e-05,0,0,12.30718954248366,186.65147172073358,CXCL6;CXCL8;CCL7;CCL20;CCL5;CCL2;CXCL1;CXCL3;CXCL2;CX3CL1
DR 47-,GO_Biological_Process_2023,Cellular Response To Molecule Of Bacterial Origin (GO:0071219),3.0005301198860003e-06,0.00035215312588843874,0,0,8.685185185185185,110.44708185578723,CXCL6;IL6;ZFP36;CXCL8;PDE4B;TNFAIP3;CCL2;CXCL1;CXCL3;CXCL2
DR 47-,GO_Biological_Process_2023,Negative Regulation Of Mitotic Cell Cycle Phase Transition (GO:1901991),5.494889723712018e-06,0.0005911585527760179,0,0,49.94736842105263,604.94714446369,CDKN1A;CCL2;INHBA;KLF4;ZFP36L2
DR 47-,GO_Biological_Process_2023,Cellular Response To Cytokine Stimulus (GO:0071345),6.59690035327634e-06,0.0006551229504676734,0,0,5.170008019246191,61.67256378698849,CD40;CXCL8;EDN2;CCL20;EBI3;CX3CL1;ZFP36L2;NFKBIA;IL6;ZFP36;CCL7;IRF1;CCL5;CCL2
DR 47-,GO_Biological_Process_2023,Regulation Of Inflammatory Response (GO:0050727),2.3771912313047864e-05,0.002192109914010342,0,0,5.261363636363637,56.01776930554672,NFKBIA;IL6;TNFAIP6;CCL5;NFKBIZ;SAA1;TNFAIP3;KLF4;TNF;CX3CL1;BIRC3;PTGES
DR 47-,GO_Biological_Process_2023,Negative Regulation Of G1/S Transition Of Mitotic Cell Cycle (GO:2000134),2.836112005424511e-05,0.0022883878743769023,0,0,79.125,828.4776290914322,CDKN1A;CCL2;INHBA;KLF4
DR 47-,GO_Biological_Process_2023,Negative Regulation Of Cell Cycle G1/S Phase Transition (GO:1902807),2.836112005424511e-05,0.0022883878743769023,0,0,79.125,828.4776290914322,CDKN1A;CCL2;INHBA;KLF4
DR 47-,GO_Biological_Process_2023,Intracellular Calcium Ion Homeostasis (GO:0006874),4.135824641702824e-05,0.003140793889669615,0,0,10.13978494623656,102.34327009980332,CD40;EDN1;EDN2;CCL7;CCL5;ATP1B1;HERPUD1
DR 47-,GO_Biological_Process_2023,Response To Lipopolysaccharide (GO:0032496),5.631103523817261e-05,0.0040387525829156026,0,0,5.753086419753086,56.29176464144639,CXCL6;IL6;ZFP36;CXCL8;PDE4B;TNFAIP3;CCL2;CXCL1;CXCL3;CXCL2
DR 47-,GO_Biological_Process_2023,Regulation Of Intrinsic Apoptotic Signaling Pathway (GO:2001242),0.00010286019114288906,0.006639625338273489,0,0,16.614035087719298,152.55239380337426,DDIT3;PLAUR;PPIF;PMAIP1;HERPUD1
DR 47-,GO_Biological_Process_2023,Positive Regulation Of Extrinsic Apoptotic Signaling Pathway (GO:2001238),0.00010286019114288906,0.006639625338273489,0,0,16.614035087719298,152.55239380337426,PMAIP1;G0S2;INHBA;LTB;TNF
DR 47-,GO_Biological_Process_2023,Cellular Response To Lipid (GO:0071396),0.00011992956836544254,0.006817176985503312,0,0,5.166666666666667,46.64779724186962,CXCL6;IL6;ZFP36;CXCL8;PDE4B;TNFAIP3;CCL2;CXCL1;CXCL3;CXCL2
DR 47-,GO_Biological_Process_2023,Negative Regulation Of Lipid Localization (GO:1905953),0.00012145241724754159,0.006817176985503312,0,0,inf,inf,NFKBIA;IL6;TNF
DR 47-,GO_Biological_Process_2023,Regulation Of Protein Processing (GO:0070613),0.00012145241724754159,0.006817176985503312,0,0,inf,inf,SERPINE2;PLAU;PLAUR
DR 47-,GO_Biological_Process_2023,Positive Regulation Of Transcription By RNA Polymerase II (GO:0045944),0.00012758835570794583,0.006863190300789919,0,0,3.4285714285714284,30.742976391171446,CD40;EDN1;EHF;INHBA;KLF4;TNF;CX3CL1;FSTL3;NFKBIA;IL6;ELF3;IRF1;DDIT3;MAFF;NCOA7;JUNB
DR 47-,GO_Biological_Process_2023,Lymphocyte Migration (GO:0072676),0.00015309997781280465,0.007906082854253232,0,0,10.042553191489361,88.21799908306319,CCL7;CCL20;CCL5;SAA1;CCL2;CX3CL1
DR 47-,GO_Biological_Process_2023,Regulation Of Protein Metabolic Process (GO:0051246),0.00016936810446428435,0.008098304550495967,0,0,14.233082706766917,123.59206388861277,NFKBIA;EDN1;PLAUR;INHBA;KLF4
DR 47-,GO_Biological_Process_2023,Negative Regulation Of Apoptotic Signaling Pathway (GO:2001234),0.00016936810446428435,0.008098304550495967,0,0,14.233082706766917,123.59206388861277,PLAUR;PPIF;TNF;CX3CL1;HERPUD1
DR 47-,GO_Biological_Process_2023,Response To Glucocorticoid (GO:0051384),0.00018357501735262067,0.008110522168972149,0,0,26.34722222222222,226.6621797598714,ZFP36;IL6;TNF;ZFP36L2
DR 47-,GO_Biological_Process_2023,Positive Regulation Of Nitrogen Compound Metabolic Process (GO:0051173),0.00018357501735262067,0.008110522168972149,0,0,26.34722222222222,226.6621797598714,NFKBIA;INHBA;KLF4;TNF
DR 47-,GO_Biological_Process_2023,Regulation Of Transcription By RNA Polymerase II (GO:0006357),0.00018847069331461228,0.008110522168972149,0,0,2.813831429453535,24.133016697374693,CD40;EDN1;EHF;CEBPD;INHBA;SOD2;KLF4;TNF;CX3CL1;FSTL3;NFKBIA;SDCBP;IL6;ZFP36;ELF3;IRF1;DDIT3;BHLHE40;MAFF;NCOA7;JUNB
DR 47-,GO_Biological_Process_2023,Cellular Response To Interleukin-1 (GO:0071347),0.000246253088153306,0.010255249574384452,0,0,7.075268817204301,58.78947510883268,CD40;CXCL8;CCL7;CCL20;CCL5;CCL2;CX3CL1
DR 47-,GO_Biological_Process_2023,Cellular Response To Oxygen-Containing Compound (GO:1901701),0.00026259617788054296,0.010594114551368154,0,0,4.225135247607158,34.835788665517526,CXCL6;IL6;ZFP36;CXCL8;PDE4B;PPIF;TNFAIP3;CCL2;CXCL1;CXCL3;CXCL2
DR 47-,GO_Biological_Process_2023,Macrophage Chemotaxis (GO:0048246),0.0003530788440695878,0.013406611402759937,0,0,19.75,156.9891786404046,EDN2;CCL5;SAA1;CCL2
DR 47-,GO_Biological_Process_2023,Macrophage Migration (GO:1905517),0.0003530788440695878,0.013406611402759937,0,0,19.75,156.9891786404046,EDN2;CCL5;SAA1;CCL2
DR 47-,GO_Biological_Process_2023,Positive Regulation Of Cell-Cell Adhesion (GO:0022409),0.0003950178597139277,0.013445441135074367,0,0,11.058479532163743,86.6606548833963,CCL5;PLAUR;TNF;CX3CL1;FSTL3
DR 47-,GO_Biological_Process_2023,Calcium Ion Homeostasis (GO:0055074),0.0003957604671826692,0.013445441135074367,0,0,8.02127659574468,62.844307059300036,CD40;EDN1;EDN2;CCL7;CCL5;ATP1B1
DR 47-,GO_Biological_Process_2023,Lymphocyte Chemotaxis (GO:0048247),0.0003957604671826692,0.013445441135074367,0,0,8.02127659574468,62.844307059300036,CCL7;CCL20;CCL5;SAA1;CCL2;CX3CL1
DR 47-,GO_Biological_Process_2023,Monocyte Chemotaxis (GO:0002548),0.0003957604671826692,0.013445441135074367,0,0,8.02127659574468,62.844307059300036,IL6;CCL7;CCL20;CCL5;CCL2;CX3CL1
DR 47-,GO_Biological_Process_2023,Granulocyte Activation (GO:0036230),0.00046811653426905627,0.014389010612889325,0,0,58.7319587628866,450.2857872458315,CXCL6;CXCL8;CCL5
DR 47-,GO_Biological_Process_2023,Positive Regulation Of Oxidoreductase Activity (GO:0051353),0.00046811653426905627,0.014389010612889325,0,0,58.7319587628866,450.2857872458315,EDN1;EDN2;TNF
DR 47-,GO_Biological_Process_2023,Prostaglandin Biosynthetic Process (GO:0001516),0.00046811653426905627,0.014389010612889325,0,0,58.7319587628866,450.2857872458315,EDN1;EDN2;PTGES
DR 47-,GO_Biological_Process_2023,Prostanoid Biosynthetic Process (GO:0046457),0.00046811653426905627,0.014389010612889325,0,0,58.7319587628866,450.2857872458315,EDN1;EDN2;PTGES
DR 47-,GO_Biological_Process_2023,Intracellular Monoatomic Cation Homeostasis (GO:0030003),0.0004985683612449329,0.014968645450400192,0,0,6.142589995324919,46.7068405709551,CD40;EDN1;EDN2;CCL7;CCL5;ATP1B1;F3
DR 47-,GO_Biological_Process_2023,Regulation Of Endothelial Cell Apoptotic Process (GO:2000351),0.0005691852899549823,0.016700413848451865,0,0,9.947368421052632,74.319818800007,CD40;TNFAIP3;CCL2;TNF;ICAM1
DR 47-,GO_Biological_Process_2023,Response To Fibroblast Growth Factor (GO:0071774),0.0006112157595893195,0.017340806518402627,0,0,15.791666666666666,116.85928929412923,ZFP36;CXCL8;CCL5;ZFP36L2
DR 47-,GO_Biological_Process_2023,Response To Interleukin-1 (GO:0070555),0.0006178753678129518,0.017340806518402627,0,0,5.883512544802867,43.47459087100044,CD40;CXCL8;CCL7;CCL20;CCL5;CCL2;CX3CL1
DR 47-,GO_Biological_Process_2023,Regulation Of Smooth Muscle Cell Proliferation (GO:0048660),0.000678385467444629,0.01863394975470247,0,0,7.07008760951189,51.581909092393126,EDN1;IL6;CCL5;TNFAIP3;TNF;CX3CL1
DR 47-,GO_Biological_Process_2023,Negative Regulation Of Cytokine Production (GO:0001818),0.0007142609107805755,0.01921064241286923,0,0,4.919631093544137,35.639097771169546,IL6;ZFP36;DDIT3;TNFAIP3;INHBA;KLF4;TNF;CX3CL1
DR 47-,GO_Biological_Process_2023,Antimicrobial Humoral Response (GO:0019730),0.000758828685398912,0.019992812915306028,0,0,5.645161290322581,40.553340015221345,CXCL6;CXCL8;CXCL1;CXCL3;CXCL2;F3;WFDC2
DR 47-,GO_Biological_Process_2023,Positive Regulation Of Apoptotic Signaling Pathway (GO:2001235),0.0007953202530924244,0.020535168934846398,0,0,9.038277511961722,64.50406884720583,DDIT3;PMAIP1;G0S2;LTB;TNF
DR 47-,GO_Biological_Process_2023,Positive Regulation Of MAPK Cascade (GO:0043410),0.0008638244850569366,0.021866615886441277,0,0,3.8721174004192873,27.31446192560425,IL6;CD40;EDN1;CCL7;CCL20;CCL5;CCL2;TNF;CX3CL1;ICAM1
DR 47-,GO_Biological_Process_2023,Regulation Of GTPase Activity (GO:0043087),0.0009241118507069289,0.022942853831973944,0,0,5.425144747725393,37.9037364344854,CD40;CCL7;CCL20;CCL5;RGS16;CCL2;CX3CL1
DR 47-,GO_Biological_Process_2023,Cellular Response To Fibroblast Growth Factor Stimulus (GO:0044344),0.0009797523443270978,0.023842940127707758,0,0,13.152777777777779,91.12521610440056,ZFP36;CXCL8;CCL5;ZFP36L2
DR 47-,GO_Biological_Process_2023,Regulation Of I-kappaB kinase/NF-kappaB Signaling (GO:0043122),0.0009973034600280549,0.023842940127707758,0,0,4.633540372670807,32.019874372860976,CD40;UBD;TNFAIP3;TRAF1;LTB;TNF;CX3CL1;BIRC3
DR 47-,GO_Biological_Process_2023,Positive Regulation Of Protein Metabolic Process (GO:0051247),0.001096748066407853,0.024265530218916635,0,0,6.319148936170213,43.06756419019197,NFKBIA;IL6;TNFAIP3;INHBA;KLF4;TNF
DR 47-,GO_Biological_Process_2023,Positive Regulation Of GTPase Activity (GO:0043547),0.001116573631361091,0.024265530218916635,0,0,5.221425726802071,35.492591985772684,CD40;CCL7;CCL20;CCL5;RGS16;CCL2;CX3CL1
DR 47-,GO_Biological_Process_2023,Negative Regulation Of Fat Cell Differentiation (GO:0045599),0.0011277550837606493,0.024265530218916635,0,0,29.350515463917525,199.217394861114,IL6;TNF;ZFP36L2
DR 47-,GO_Biological_Process_2023,Negative Regulation Of Lipid Storage (GO:0010888),0.0011277550837606493,0.024265530218916635,0,0,29.350515463917525,199.217394861114,NFKBIA;IL6;TNF
DR 47-,GO_Biological_Process_2023,Positive Regulation Of mRNA Catabolic Process (GO:0061014),0.0011277550837606493,0.024265530218916635,0,0,29.350515463917525,199.217394861114,BTG2;ZFP36;ZFP36L2
DR 47-,GO_Biological_Process_2023,Regulation Of Cell Cycle Phase Transition (GO:1901987),0.0011277550837606493,0.024265530218916635,0,0,29.350515463917525,199.217394861114,CDKN1A;TCIM;UBD
DR 47-,GO_Biological_Process_2023,MAPK Cascade (GO:0000165),0.001439820148952626,0.029871244665782566,0,0,7.6396761133603235,49.988211945862055,ZFP36;CCL5;CCL2;TNF;ZFP36L2
DR 47-,GO_Biological_Process_2023,Cellular Response To Hydrogen Peroxide (GO:0070301),0.0014808362963672226,0.029871244665782566,0,0,11.267857142857142,73.41176014759877,EDN1;IL6;PPIF;TNFAIP3
DR 47-,GO_Biological_Process_2023,Tumor Necrosis Factor-Mediated Signaling Pathway (GO:0033209),0.0014808362963672226,0.029871244665782566,0,0,11.267857142857142,73.41176014759877,NFKBIA;TRAF1;TNF;BIRC3
DR 47-,GO_Biological_Process_2023,Regulation Of G Protein-Coupled Receptor Signaling Pathway (GO:0008277),0.0014808362963672226,0.029871244665782566,0,0,11.267857142857142,73.41176014759877,EDN1;CXCL8;RGS16;CCL5
DR 47-,GO_Biological_Process_2023,Positive Regulation Of Hydrolase Activity (GO:0051345),0.001595218686064132,0.03168349728782761,0,0,4.8561364479050795,31.27713385048915,CD40;CCL7;CCL20;CCL5;RGS16;CCL2;CX3CL1
DR 47-,GO_Biological_Process_2023,Positive Regulation Of DNA-templated Transcription (GO:0045893),0.0016797231119360227,0.03285640208347584,0,0,2.6149870801033592,16.707482762883277,CD40;EDN1;EHF;INHBA;KLF4;TNF;CX3CL1;FSTL3;NFKBIA;IL6;ELF3;IRF1;DDIT3;MAFF;NCOA7;JUNB
DR 47-,GO_Biological_Process_2023,Response To Type II Interferon (GO:0034341),0.001887868181713314,0.034373855014477345,0,0,4.691756272401434,29.428135863116932,CD40;CCL7;CCL20;CCL5;UBD;CCL2;CX3CL1
DR 47-,GO_Biological_Process_2023,Cellular Response To Growth Factor Stimulus (GO:0071363),0.002064292247787798,0.034373855014477345,0,0,5.448742746615087,33.68940121688181,ZFP36;CXCL8;CCL5;CCL2;KLF4;ZFP36L2
DR 47-,GO_Biological_Process_2023,Regulation Of Cell Adhesion (GO:0030155),0.002064292247787798,0.034373855014477345,0,0,5.448742746615087,33.68940121688181,CXCL8;PLAU;CCL5;SAA1;PLAUR;TNF
DR 47-,GO_Biological_Process_2023,Regulation Of Extrinsic Apoptotic Signaling Pathway (GO:2001236),0.0021365735668536314,0.034373855014477345,0,0,9.854166666666666,60.58885488683089,G0S2;TRAF1;LTB;TNF
DR 47-,GO_Biological_Process_2023,Positive Regulation Of Leukocyte Migration (GO:0002687),0.0021365735668536314,0.034373855014477345,0,0,9.854166666666666,60.58885488683089,IL6;EDN2;TNF;ICAM1
DR 47-,GO_Biological_Process_2023,Regulation Of Blood Coagulation (GO:0030193),0.0021365735668536314,0.034373855014477345,0,0,9.854166666666666,60.58885488683089,EDN1;SERPINE2;PLAU;PLAUR
DR 47-,GO_Biological_Process_2023,Regulation Of Endoplasmic Reticulum Stress-Induced Intrinsic Apoptotic Signaling Pathway (GO:1902235),0.0021737022796164945,0.034373855014477345,0,0,19.556701030927837,119.90845954872826,DDIT3;PMAIP1;HERPUD1
DR 47-,GO_Biological_Process_2023,Regulation Of Lipid Storage (GO:0010883),0.0021737022796164945,0.034373855014477345,0,0,19.556701030927837,119.90845954872826,NFKBIA;IL6;TNF
DR 47-,GO_Biological_Process_2023,Neutrophil Activation (GO:0042119),0.0021737022796164945,0.034373855014477345,0,0,19.556701030927837,119.90845954872826,CXCL6;CXCL8;CCL5
DR 47-,GO_Biological_Process_2023,Regulation Of Peptide Hormone Secretion (GO:0090276),0.0021737022796164945,0.034373855014477345,0,0,19.556701030927837,119.90845954872826,IL6;CCL5;TNF
DR 47-,GO_Biological_Process_2023,Positive Regulation Of DNA-binding Transcription Factor Activity (GO:0051091),0.0022206116041112774,0.034373855014477345,0,0,4.537981269510926,27.726941323543148,IL6;CD40;EDN1;DDIT3;TRAF1;TNF;CX3CL1
DR 47-,GO_Biological_Process_2023,Antimicrobial Humoral Immune Response Mediated By Antimicrobial Peptide (GO:0061844),0.002404952856950651,0.034373855014477345,0,0,6.614035087719298,39.88411958945533,CXCL6;CXCL8;CXCL1;CXCL3;CXCL2
DR 47-,GO_Biological_Process_2023,Calcium-Mediated Signaling (GO:0019722),0.002404952856950651,0.034373855014477345,0,0,6.614035087719298,39.88411958945533,EDN1;CXCL8;EDN2;CCL20;ATP1B1
DR 47-,GO_Biological_Process_2023,Positive Regulation Of Smooth Muscle Cell Proliferation (GO:0048661),0.002404952856950651,0.034373855014477345,0,0,6.614035087719298,39.88411958945533,EDN1;IL6;CCL5;TNF;CX3CL1
DR 47-,GO_Biological_Process_2023,3'-UTR-mediated mRNA Destabilization (GO:0061158),0.002476195597479778,0.034373855014477345,0,0,inf,inf,ZFP36;ZFP36L2
DR 47-,GO_Biological_Process_2023,Regulation Of Homotypic Cell-Cell Adhesion (GO:0034110),0.002476195597479778,0.034373855014477345,0,0,inf,inf,CCL5;PLAUR
DR 47-,GO_Biological_Process_2023,Cellular Response To Granulocyte Macrophage Colony-Stimulating Factor Stimulus (GO:0097011),0.002476195597479778,0.034373855014477345,0,0,inf,inf,ZFP36;ZFP36L2
DR 47-,GO_Biological_Process_2023,Positive Regulation Of I-kappaB Phosphorylation (GO:1903721),0.002476195597479778,0.034373855014477345,0,0,inf,inf,TNF;CX3CL1
DR 47-,GO_Biological_Process_2023,Response To Granulocyte Macrophage Colony-Stimulating Factor (GO:0097012),0.002476195597479778,0.034373855014477345,0,0,inf,inf,ZFP36;ZFP36L2
DR 47-,GO_Biological_Process_2023,Positive Regulation Of Endoplasmic Reticulum Stress-Induced Intrinsic Apoptotic Signaling Pathway (GO:1902237),0.002476195597479778,0.034373855014477345,0,0,inf,inf,DDIT3;PMAIP1
DR 47-,GO_Biological_Process_2023,Positive Regulation Of Gliogenesis (GO:0014015),0.002476195597479778,0.034373855014477345,0,0,inf,inf,IL6;TNF
DR 47-,GO_Biological_Process_2023,Vasodilation (GO:0042311),0.002476195597479778,0.034373855014477345,0,0,inf,inf,BDKRB2;SOD2
DR 47-,GO_Biological_Process_2023,Inositol Phosphate-Mediated Signaling (GO:0048016),0.002476195597479778,0.034373855014477345,0,0,inf,inf,EDN1;EDN2
DR 47-,GO_Biological_Process_2023,Regulation Of I-kappaB Phosphorylation (GO:1903719),0.002476195597479778,0.034373855014477345,0,0,inf,inf,TNF;CX3CL1
DR 47-,GO_Biological_Process_2023,Regulation Of T-helper 17 Cell Differentiation (GO:2000319),0.002476195597479778,0.034373855014477345,0,0,inf,inf,NFKBIZ;JUNB
DR 47-,GO_Biological_Process_2023,Regulation Of Alpha-Beta T Cell Proliferation (GO:0046640),0.002476195597479778,0.034373855014477345,0,0,inf,inf,IRF1;EBI3
DR 47-,GO_Biological_Process_2023,Negative Regulation Of Bone Resorption (GO:0045779),0.002476195597479778,0.034373855014477345,0,0,inf,inf,IL6;TNFAIP3
DR 47-,GO_Biological_Process_2023,Positive Regulation Of Intracellular Signal Transduction (GO:1902533),0.00296433619247002,0.03950663628638809,0,0,3.00749063670412,17.506910219605594,IL6;CD40;TCIM;CCL5;UBD;DDIT3;PMAIP1;LTB;TNF;CX3CL1;BIRC3
DR 47-,GO_Biological_Process_2023,Regulation Of Protein Secretion (GO:0050708),0.002968670771999826,0.03950663628638809,0,0,8.75462962962963,50.948801338613265,IL6;CCL5;SAA1;TNF
DR 47-,GO_Biological_Process_2023,Extrinsic Apoptotic Signaling Pathway (GO:0097191),0.002968670771999826,0.03950663628638809,0,0,8.75462962962963,50.948801338613265,CD70;G0S2;INHBA;TNF
DR 47-,GO_Biological_Process_2023,Cellular Response To Type II Interferon (GO:0071346),0.002998954574799406,0.03950663628638809,0,0,4.98936170212766,28.985654529220568,CCL7;CCL20;IRF1;CCL5;CCL2;CX3CL1
DR 47-,GO_Biological_Process_2023,Positive Regulation Of I-kappaB kinase/NF-kappaB Signaling (GO:0043123),0.002998954574799406,0.03950663628638809,0,0,4.98936170212766,28.985654529220568,CD40;UBD;LTB;TNF;CX3CL1;BIRC3
DR 47-,GO_Biological_Process_2023,Regulation Of DNA-templated Transcription (GO:0006355),0.0031076647286380887,0.04052520368355326,0,0,2.372376924918216,13.697828518638012,EHF;CEBPD;INHBA;SOD2;KLF4;TNF;ZFP36L2;FSTL3;IL6;TCIM;ELF3;IRF1;DDIT3;BHLHE40;MAFF;NCOA7;JUNB
DR 47-,GO_Biological_Process_2023,Positive Regulation Of Cellular Biosynthetic Process (GO:0031328),0.003570415404878472,0.04465283286346738,0,0,4.787234042553192,26.976414877898662,IL6;EDN1;CXCL8;CCL5;KLF4;TNF
DR 47-,GO_Biological_Process_2023,Blood Vessel Diameter Maintenance (GO:0097746),0.0036663054093939128,0.04465283286346738,0,0,14.65979381443299,82.22049187959041,EDN1;EDN2;BDKRB2
DR 47-,GO_Biological_Process_2023,Regulation Of Plasminogen Activation (GO:0010755),0.0036663054093939128,0.04465283286346738,0,0,14.65979381443299,82.22049187959041,SERPINE2;PLAU;PLAUR
DR 47-,GO_Biological_Process_2023,Digestive Tract Development (GO:0048565),0.0036663054093939128,0.04465283286346738,0,0,14.65979381443299,82.22049187959041,CXCL8;DNAAF1;TNF
DR 47-,GO_Biological_Process_2023,Positive Regulation Of Homotypic Cell-Cell Adhesion (GO:0034112),0.0036663054093939128,0.04465283286346738,0,0,14.65979381443299,82.22049187959041,IL6;CCL5;PLAUR
DR 47-,GO_Biological_Process_2023,Exocytosis (GO:0006887),0.0036663054093939128,0.04465283286346738,0,0,14.65979381443299,82.22049187959041,CCL5;TNFAIP2;STX11
DR 47-,GO_Biological_Process_2023,Positive Regulation Of Ion Transmembrane Transporter Activity (GO:0032414),0.0036663054093939128,0.04465283286346738,0,0,14.65979381443299,82.22049187959041,EDN1;CCL2;ATP1B1
DR 47-,GO_Biological_Process_2023,Regulation Of Neurogenesis (GO:0050767),0.003998135981473634,0.04735406928516019,0,0,7.875,43.485175369973454,IL6;BHLHE40;TNF;CX3CL1
DR 47-,GO_Biological_Process_2023,Eosinophil Chemotaxis (GO:0048245),0.003998135981473634,0.04735406928516019,0,0,7.875,43.485175369973454,CCL7;CCL5;CCL2;CX3CL1
DR 47-,GO_Biological_Process_2023,Eosinophil Migration (GO:0072677),0.003998135981473634,0.04735406928516019,0,0,7.875,43.485175369973454,CCL7;CCL5;CCL2;CX3CL1
DR 47-,GO_Biological_Process_2023,Positive Regulation Of Protein Phosphorylation (GO:0001934),0.004189099850013192,0.04916479914879119,0,0,3.2566718995290422,17.831156000784624,SDCBP;IL6;CDKN1A;CD40;PLAUR;LCP2;INHBA;TNF;CX3CL1
DR 49-,GO_Biological_Process_2023,Mucosal Immune Response (GO:0002385),4.968189444501074e-06,0.0036565874311527903,0,0,126.81967213114754,1548.7795493026151,PIGR;BPIFB1;CAMP;LTF
DR 49-,GO_Biological_Process_2023,Innate Immune Response In Mucosa (GO:0002227),0.0001281759791934438,0.047168760343187316,0,0,93.58064516129032,838.6796989928225,BPIFB1;CAMP;LTF
