# factor_first_significant | collection gavish_tnbc (pan-cancer malignant metaprograms (Gavish, TNBC-relevant)) | DRVI run drvi_epicnv_64_nomt | 05_4 - 05_8 signature interpretation
# CAVEAT: Cells are the aneuploid epithelium called by inferCNV in 05_1: a per-cohort THRESHOLD on a CNV score, not a validated clone assignment - no matched normal, no bulk WGS.
# CAVEAT: Cells no run covered (not_tested) were excluded rather than assumed normal, and 19 of the 29 cohorts of the epithelial compartment reach the 200-cell floor, so this is the tumour the call could reach in the patients with the most of it.
# CAVEAT: The CellTypist labels carried along (cell_type_01_4) come from a NORMAL breast atlas with no malignant class and are landmarks, never identities: every state reported here is a state of malignant epithelium, named by its genes and not by that label.
dimension,collection,Gene_set,Term,Overlap,P-value,Adjusted P-value,Odds Ratio,Combined Score,direction,dim,fdr_bh_global,significant
DR 1+,lab,gs_ind_0,MP10_PROTEIN_MATURATION,7/14,0.00016816930893802333,0.000896902981002791,9.268733850129198,80.55029573707145,+,DR 1,0.0031403823549784543,True
DR 1+,lab,gs_ind_0,MP22_SECRETED_1,9/26,0.0005753353335499968,0.0023013413341999873,5.055800074599031,37.71908715682361,+,DR 1,0.008552081345156082,True
DR 1+,lab,gs_ind_0,MP23_SECRETED_2,11/44,0.0029926320582315345,0.009576422586340911,3.201866656165085,18.60797463635411,+,DR 1,0.03166486457940508,True
DR 1+,lab,gs_ind_0,MP5_STRESS,22/37,8.195140575136021e-14,1.3112224920217634e-12,14.520195174844131,437.53195820741325,+,DR 1,1.2381379596795667e-11,True
DR 1+,lab,gs_ind_0,MP7_STRESS_IN_VITRO,8/17,9.579192386277696e-05,0.0007663353909022157,8.326862611073137,77.05122574582239,+,DR 1,0.002082118797923001,True
DR 1+,hallmark,gs_ind_0,Androgen Response,7/20,0.002246635809414446,0.010983552846026179,5.132070054550675,31.29701252450603,+,DR 1,0.026342233612676253,True
DR 1+,hallmark,gs_ind_0,Apoptosis,17/55,1.1244547191791e-05,0.000123690019109701,4.36586574188754,49.75177857827408,+,DR 1,0.0003178826592624106,True
DR 1+,hallmark,gs_ind_0,Estrogen Response Early,28/45,4.095061886952686e-18,1.8018272302591819e-16,16.838012422360247,674.1392912224005,+,DR 1,8.985735797656179e-16,True
DR 1+,hallmark,gs_ind_0,Estrogen Response Late,27/65,9.353591780498231e-12,2.0577901917096106e-10,7.256072457801564,184.26985171486788,+,DR 1,1.0512524615740452e-09,True
DR 1+,hallmark,gs_ind_0,Hypoxia,18/70,9.822526375860494e-05,0.0006174159436255168,3.376099151989563,31.15547723321834,+,DR 1,0.0021052186762774493,True
DR 1+,hallmark,gs_ind_0,TNF-alpha Signaling via NF-kB,27/93,1.0140179154642547e-07,1.4872262760142405e-06,4.134146605707352,66.57702073574727,+,DR 1,4.970845270701368e-06,True
DR 1+,hallmark,gs_ind_0,UV Response Up,13/36,1.972636758902038e-05,0.00017359203478337936,5.445957446808511,58.999076046925126,+,DR 1,0.0005008214977972777,True
DR 1+,hallmark,gs_ind_0,Xenobiotic Metabolism,14/46,8.447779423923816e-05,0.0006174159436255168,4.230686739533924,39.67970336299856,+,DR 1,0.0018581082379685416,True
DR 1+,hallmark,gs_ind_0,p53 Pathway,12/44,0.000845081237822188,0.004647946808022034,3.6084472556621097,25.53365350308321,+,DR 1,0.011676564749279287,True
DR 1-,lab,gs_ind_0,MP13_EMT_2,21/40,8.800496173166468e-12,5.280297703899881e-11,10.942718377258768,278.5601699496994,-,DR 1,1.0013008979247181e-09,True
DR 1-,lab,gs_ind_0,MP14_EMT_3,17/31,3.9289495101019593e-10,1.7680272795458818e-09,11.74997651038241,254.4748676443258,-,DR 1,3.321944833495382e-08,True
DR 1-,lab,gs_ind_0,MP17_INTERFERON_MHC_II_1,22/40,7.564414990807482e-13,6.807973491726734e-12,12.145128321598909,338.9723677469544,-,DR 1,9.959092650754536e-11,True
DR 1-,lab,gs_ind_0,MP18_INTERFERON_MHC_II_2,13/36,1.972636758902038e-05,7.101492332047336e-05,5.445957446808511,58.999076046925126,-,DR 1,0.0005008214977972777,True
DR 1-,lab,gs_ind_0,MP19_EPITHELIAL_SENESCENCE,22/37,8.195140575136021e-14,1.4751253035244838e-12,14.520195174844131,437.53195820741325,-,DR 1,1.2381379596795667e-11,True
DR 1-,lab,gs_ind_0,MP22_SECRETED_1,8/26,0.002775151373588268,0.006244090590573603,4.254475254475254,25.04630847976831,-,DR 1,0.02973929658022032,True
DR 1-,lab,gs_ind_0,MP23_SECRETED_2,12/44,0.000845081237822188,0.0021730660401141975,3.6084472556621097,25.53365350308321,-,DR 1,0.011676564749279287,True
DR 1-,lab,gs_ind_0,MP39_METAL_RESPONSE,12/36,0.0001036536031328951,0.00031096080939868533,4.808368970930547,44.11416934971604,-,DR 1,0.00214667776735452,True
DR 1-,hallmark,gs_ind_0,Apical Surface,5/11,0.002659499577535494,0.018173247113159208,7.766869958685816,46.054566494324,-,DR 1,0.02871387796034793,True
DR 1-,hallmark,gs_ind_0,Hypoxia,19/70,2.7231470658490233e-05,0.00037216343233269987,3.6497632993661235,38.36316294767371,-,DR 1,0.0006681562618439776,True
DR 1-,hallmark,gs_ind_0,Interferon Alpha Response,20/40,9.237152085802203e-11,1.8936161775894516e-09,9.86426592797784,227.9158607993832,-,DR 1,8.560901120327023e-09,True
DR 1-,hallmark,gs_ind_0,Interferon Gamma Response,31/81,3.1405316411914153e-12,1.2876179728884803e-10,6.441864540436344,170.6232762658368,-,DR 1,3.859085280696011e-10,True
DR 1-,hallmark,gs_ind_0,TNF-alpha Signaling via NF-kB,19/93,0.0014977120488090597,0.01228123880023429,2.48982195351933,16.193345442284368,-,DR 1,0.019358926005363663,True
DR 1-,hallmark,gs_ind_0,p53 Pathway,12/44,0.000845081237822188,0.008662082687677427,3.6084472556621097,25.53365350308321,-,DR 1,0.011676564749279287,True
DR 2+,lab,gs_ind_0,MP12_EMT_1,32/47,1.910658145689013e-22,2.1017239602579142e-21,22.218340193356944,1111.1264016218229,+,DR 2,6.521713137285165e-20,True
DR 2+,lab,gs_ind_0,MP15_EMT_4,12/37,0.00014008246757100216,0.0007704535716405119,4.617204972174546,40.96974909429703,+,DR 2,0.0027121849183494875,True
DR 2+,hallmark,gs_ind_0,Adipogenesis,8/27,0.0036112996556440864,0.017024698376607836,4.034032634032634,22.686139124561574,+,DR 2,0.03613383825621725,True
DR 2+,hallmark,gs_ind_0,Angiogenesis,7/18,0.001098228404340707,0.006040256223873889,6.031344792719919,41.09792683634926,+,DR 2,0.014797182711116895,True
DR 2+,hallmark,gs_ind_0,Coagulation,20/53,4.146335623371164e-08,6.841453778562421e-07,5.99226857402737,101.8593123900026,+,DR 2,2.3614224741205556e-06,True
DR 2+,hallmark,gs_ind_0,Epithelial Mesenchymal Transition,54/123,1.0972829782344175e-24,3.6210338281735777e-23,9.268225010435337,511.3206067673379,+,DR 2,4.5966181488219955e-22,True
DR 2+,hallmark,gs_ind_0,KRAS Signaling Up,19/76,9.466893273006641e-05,0.0007810186950230479,3.2577075098814228,30.183066222229723,+,DR 2,0.0020723726461764655,True
DR 2+,hallmark,gs_ind_0,Myogenesis,18/57,4.323727728373058e-06,4.756100501210364e-05,4.520582625281776,55.83549091084182,+,DR 2,0.00013646395460508942,True
DR 2+,hallmark,gs_ind_0,UV Response Dn,11/35,0.0003665367959475713,0.0024191428532539705,4.400355392816757,34.81302289008058,+,DR 2,0.006255561317505217,True
DR 2-,lab,gs_ind_0,MP14_EMT_3,12/31,1.841555527939586e-05,0.00020257110807335446,6.05828742433517,66.04935698143535,-,DR 2,0.00048352637451541956,True
DR 2-,lab,gs_ind_0,MP20_MYC,6/7,5.993307877988765e-06,0.00013185277331575283,40.0916880891174,482.09721967805115,-,DR 2,0.0001810961488640802,True
DR 2-,lab,gs_ind_0,MP3_CELL_CYCLE_HMG_RICH,5/11,0.002659499577535494,0.014627247676445215,7.766869958685816,46.054566494324,-,DR 2,0.02871387796034793,True
DR 2-,lab,gs_ind_0,MP7_STRESS_IN_VITRO,7/17,0.0007324907256175764,0.005371598654528894,6.609449981543005,47.714015180221494,-,DR 2,0.010259322989804838,True
DR 2-,hallmark,gs_ind_0,Androgen Response,7/20,0.002246635809414446,0.02363612128352276,5.132070054550675,31.29701252450603,-,DR 2,0.026342233612676253,True
DR 2-,hallmark,gs_ind_0,Cholesterol Homeostasis,7/16,0.00047032063077736506,0.007054809461660476,7.309261525907793,56.004262789456,-,DR 2,0.007357624128549738,True
DR 2-,hallmark,gs_ind_0,DNA Repair,6/16,0.0031514828378030346,0.02363612128352276,5.698739135757131,32.82406608056813,-,DR 2,0.031986856644485424,True
DR 2-,hallmark,gs_ind_0,Glycolysis,13/47,0.00044081509382605446,0.007054809461660476,3.6866086956521738,28.486001648149458,-,DR 2,0.00725455697268021,True
DR 2-,hallmark,gs_ind_0,Unfolded Protein Response,6/16,0.0031514828378030346,0.02363612128352276,5.698739135757131,32.82406608056813,-,DR 2,0.031986856644485424,True
DR 2-,hallmark,gs_ind_0,mTORC1 Signaling,15/49,4.320330277245632e-05,0.0019441486247605342,4.278409312863784,42.996274902517925,-,DR 2,0.0010395865231095493,True
DR 3+,lab,gs_ind_0,MP10_PROTEIN_MATURATION,6/14,0.00140315100501124,0.00491102851753934,7.047482231967337,46.295156411688296,+,DR 3,0.018213295298850123,True
DR 3+,lab,gs_ind_0,MP12_EMT_1,11/47,0.005190642340472539,0.010900348914992333,2.9337116420284093,15.43395719507859,+,DR 3,0.04822274174374487,True
DR 3+,lab,gs_ind_0,MP13_EMT_2,14/40,1.4139101995007215e-05,7.423028547378789e-05,5.206181395113561,58.13517027878158,+,DR 3,0.00038781536900591216,True
DR 3+,lab,gs_ind_0,MP14_EMT_3,18/31,3.096387623305852e-11,6.50241400894229e-10,13.422120750887874,324.791160659161,+,DR 3,3.206326779369296e-09,True
DR 3+,lab,gs_ind_0,MP17_INTERFERON_MHC_II_1,14/40,1.4139101995007215e-05,7.423028547378789e-05,5.206181395113561,58.13517027878158,+,DR 3,0.00038781536900591216,True
DR 3+,lab,gs_ind_0,MP20_MYC,6/7,5.993307877988765e-06,6.292973271888204e-05,40.0916880891174,482.09721967805115,+,DR 3,0.0001810961488640802,True
DR 3+,lab,gs_ind_0,MP21_RESPIRATION,3/4,0.0036541598583761372,0.00959216962823736,21.259915611814346,119.30828811722127,+,DR 3,0.03613383825621725,True
DR 3+,lab,gs_ind_0,MP3_CELL_CYCLE_HMG_RICH,5/11,0.002659499577535494,0.007978498732606483,7.766869958685816,46.054566494324,+,DR 3,0.02871387796034793,True
DR 3+,lab,gs_ind_0,MP6_HYPOXIA,10/30,0.000400720386919582,0.0016830256250622445,4.787209525638564,37.446733738704815,+,DR 3,0.006763807849543714,True
DR 3+,lab,gs_ind_0,MP7_STRESS_IN_VITRO,6/17,0.004470933080813283,0.010432177188564328,5.200290600201185,28.134394569038342,+,DR 3,0.04332714960333882,True
DR 3+,hallmark,gs_ind_0,Cholesterol Homeostasis,6/16,0.0031514828378030346,0.021610168030649378,5.698739135757131,32.82406608056813,+,DR 3,0.031986856644485424,True
DR 3+,hallmark,gs_ind_0,Epithelial Mesenchymal Transition,24/123,0.0007207223186137899,0.005765778548910319,2.3737241448033366,17.174503353029007,+,DR 3,0.010171786965305801,True
DR 3+,hallmark,gs_ind_0,Fatty Acid Metabolism,8/27,0.0036112996556440864,0.02166779793386452,4.034032634032634,22.686139124561574,+,DR 3,0.03613383825621725,True
DR 3+,hallmark,gs_ind_0,Glycolysis,11/47,0.005190642340472539,0.022650075667516534,2.9337116420284093,15.43395719507859,+,DR 3,0.04822274174374487,True
DR 3+,hallmark,gs_ind_0,Interferon Alpha Response,10/40,0.004613401681204881,0.02214432806978343,3.1995611204337164,17.2097667263617,+,DR 3,0.0438320720556538,True
DR 3+,hallmark,gs_ind_0,Interferon Gamma Response,18/81,0.000705808741803065,0.005765778548910319,2.773702944666163,20.126449725494094,+,DR 3,0.010007282099164686,True
DR 3+,hallmark,gs_ind_0,UV Response Up,12/36,0.0001036536031328951,0.0016584576501263216,4.808368970930547,44.11416934971604,+,DR 3,0.00214667776735452,True
DR 3+,hallmark,gs_ind_0,Unfolded Protein Response,7/16,0.00047032063077736506,0.005643847569328381,7.309261525907793,56.004262789456,+,DR 3,0.007357624128549738,True
DR 3+,hallmark,gs_ind_0,Xenobiotic Metabolism,11/46,0.0043492688870069565,0.02214432806978343,3.0180608718272697,16.41145302086597,+,DR 3,0.04237089012965762,True
DR 3+,hallmark,gs_ind_0,mTORC1 Signaling,18/49,3.3483330607087063e-07,1.6071998691401793e-05,5.694411828658404,84.90159064587739,+,DR 3,1.5352356958950965e-05,True
DR 3+,hallmark,gs_ind_0,p53 Pathway,14/44,4.8597083673939944e-05,0.0011663300081745588,4.51320704961983,44.82493337737336,+,DR 3,0.0011483864695872577,True
DR 3-,lab,gs_ind_0,MP19_EPITHELIAL_SENESCENCE,11/37,0.0006269497186846939,0.0025077988747387757,4.0636730223527655,29.96814274201321,-,DR 3,0.00908485630094047,True
DR 3-,lab,gs_ind_0,MP22_SECRETED_1,10/26,0.00010156676407456485,0.0005416894083976792,5.961107134335481,54.81115331382901,-,DR 3,0.00214667776735452,True
DR 3-,lab,gs_ind_0,MP23_SECRETED_2,21/44,9.382063944802836e-11,1.5011302311684538e-09,9.059740413678659,209.186110647361,-,DR 3,8.560901120327023e-09,True
DR 3-,lab,gs_ind_0,MP5_STRESS,17/37,1.3615028529052392e-08,1.0892022823241914e-07,8.283046454442745,150.02329623756034,-,DR 3,8.30967569031436e-07,True
DR 3-,hallmark,gs_ind_0,KRAS Signaling Dn,11/37,0.0006269497186846939,0.013792893811063266,4.0636730223527655,29.96814274201321,-,DR 3,0.00908485630094047,True
DR 3-,hallmark,gs_ind_0,TNF-alpha Signaling via NF-kB,25/93,1.5997360641219624e-06,7.038838682136635e-05,3.674901740595171,49.04403290298948,-,DR 3,5.87377193902311e-05,True
DR 4+,lab,gs_ind_0,MP17_INTERFERON_MHC_II_1,10/40,0.004613401681204881,0.03229381176843417,3.1995611204337164,17.2097667263617,+,DR 4,0.0438320720556538,True
DR 4+,lab,gs_ind_0,MP18_INTERFERON_MHC_II_2,10/36,0.0019784045605385483,0.027697663847539678,3.6908334571386123,22.977152797893527,+,DR 4,0.02361784511648091,True
DR 4+,hallmark,gs_ind_0,Allograft Rejection,32/84,1.552088818904522e-12,5.742728629946731e-11,6.423767132965946,174.67134667163637,+,DR 4,2.0146550077498695e-10,True
DR 4+,hallmark,gs_ind_0,Coagulation,12/53,0.004738249092569799,0.02191440205313532,2.8115112971781024,15.047454754456218,+,DR 4,0.04483337129068097,True
DR 4+,hallmark,gs_ind_0,Complement,20/67,3.3042509207390855e-06,4.075242802244872e-05,4.192651990086018,52.912529099646626,+,DR 4,0.00010631938526221653,True
DR 4+,hallmark,gs_ind_0,IL-6/JAK/STAT3 Signaling,9/33,0.003807834545464743,0.020127125454599357,3.5971119518303403,20.038412169513247,+,DR 4,0.03725371886518373,True
DR 4+,hallmark,gs_ind_0,Inflammatory Response,24/76,9.470418913520775e-08,1.7520274990013432e-06,4.62304060434372,74.76615931755107,+,DR 4,4.667346561872057e-06,True
DR 4+,hallmark,gs_ind_0,Interferon Gamma Response,18/81,0.000705808741803065,0.0043524872411189,2.773702944666163,20.126449725494094,+,DR 4,0.010007282099164686,True
DR 4+,hallmark,gs_ind_0,KRAS Signaling Up,20/76,2.725984748842617e-05,0.0002521535892679421,3.5067045816684237,36.85580083758773,+,DR 4,0.0006681562618439776,True
DR 4+,hallmark,gs_ind_0,TNF-alpha Signaling via NF-kB,20/93,0.0005599417466895578,0.004143568925502728,2.6693613733582073,19.98731790458649,+,DR 4,0.008377310288134683,True
DR 4-,hallmark,gs_ind_0,Estrogen Response Early,11/45,0.003620292729714398,0.07783629368885955,3.1072999120492524,17.466755483212417,-,DR 4,0.03613383825621725,True
DR 4-,hallmark,gs_ind_0,Unfolded Protein Response,6/16,0.0031514828378030346,0.07783629368885955,5.698739135757131,32.82406608056813,-,DR 4,0.031986856644485424,True
DR 5+,lab,gs_ind_0,MP14_EMT_3,16/31,4.374399042453471e-09,9.18623798915229e-08,10.301862050878574,198.2850557075752,+,DR 5,2.921337795308057e-07,True
DR 5+,lab,gs_ind_0,MP19_EPITHELIAL_SENESCENCE,12/37,0.00014008246757100216,0.0014708659094955228,4.617204972174546,40.96974909429703,+,DR 5,0.0027121849183494875,True
DR 5+,hallmark,gs_ind_0,Androgen Response,7/20,0.002246635809414446,0.019321067960964236,5.132070054550675,31.29701252450603,+,DR 5,0.026342233612676253,True
DR 5+,hallmark,gs_ind_0,Cholesterol Homeostasis,9/16,5.16300461734021e-06,0.000222009198545629,11.863011314186249,144.42020314734387,+,DR 5,0.00015808056662261586,True
DR 5+,hallmark,gs_ind_0,Estrogen Response Early,12/45,0.0010525899827390427,0.011315342314444709,3.4987529197513756,23.989204648608986,+,DR 5,0.01420302969388436,True
DR 5+,hallmark,gs_ind_0,Glycolysis,13/47,0.00044081509382605446,0.006318349678173447,3.6866086956521738,28.486001648149458,+,DR 5,0.00725455697268021,True
DR 5+,hallmark,gs_ind_0,Unfolded Protein Response,6/16,0.0031514828378030346,0.022585627004255083,5.698739135757131,32.82406608056813,+,DR 5,0.031986856644485424,True
DR 5+,hallmark,gs_ind_0,mTORC1 Signaling,14/49,0.0001808341096007929,0.0038879333564170475,3.8665936638598346,33.32203534510104,+,DR 5,0.0033198548886073853,True
DR 5-,lab,gs_ind_0,MP12_EMT_1,22/47,5.2495173869059906e-11,7.874276080358986e-10,8.776569451309935,207.74403080259543,-,DR 5,5.316434311837979e-09,True
DR 5-,lab,gs_ind_0,MP13_EMT_2,15/40,2.5130974734866414e-06,1.2565487367433206e-05,5.817927170868347,75.01632101504757,-,DR 5,8.452812523960908e-05,True
DR 5-,lab,gs_ind_0,MP15_EMT_4,17/37,1.3615028529052392e-08,1.0211271396789294e-07,8.283046454442745,150.02329623756034,-,DR 5,8.30967569031436e-07,True
DR 5-,hallmark,gs_ind_0,Epithelial Mesenchymal Transition,35/123,1.7428845315862098e-09,8.017268845296566e-08,4.1506648232543055,83.70946389821104,-,DR 5,1.2261392246640085e-07,True
DR 6+,lab,gs_ind_0,MP14_EMT_3,15/31,4.2790533113946706e-08,8.55810662278934e-07,9.03691905578698,153.32894426449602,+,DR 6,2.3614224741205556e-06,True
DR 6+,lab,gs_ind_0,MP17_INTERFERON_MHC_II_1,12/40,0.00032173233465304283,0.0021448822310202857,4.124203080645912,33.16597763632865,+,DR 6,0.005542215319929799,True
DR 6+,lab,gs_ind_0,MP20_MYC,5/7,0.00016935438698180248,0.0016935438698180247,20.238874680306907,175.74461384929927,+,DR 6,0.0031403823549784543,True
DR 6+,lab,gs_ind_0,MP7_STRESS_IN_VITRO,6/17,0.004470933080813283,0.022354665404066415,5.200290600201185,28.134394569038342,+,DR 6,0.04332714960333882,True
DR 6+,hallmark,gs_ind_0,DNA Repair,7/16,0.00047032063077736506,0.010347053877102032,7.309261525907793,56.004262789456,+,DR 6,0.007357624128549738,True
DR 6+,hallmark,gs_ind_0,Interferon Alpha Response,13/40,7.132734685467942e-05,0.0031384032616058946,4.643345454545455,44.33573388785754,+,DR 6,0.0015916533380453404,True
DR 6+,hallmark,gs_ind_0,Unfolded Protein Response,6/16,0.0031514828378030346,0.03466631121583338,5.698739135757131,32.82406608056813,+,DR 6,0.031986856644485424,True
DR 6+,hallmark,gs_ind_0,mTORC1 Signaling,12/49,0.002351442988433525,0.034487830497025036,3.118479221927498,18.87530058397867,+,DR 6,0.027184287249925474,True
DR 6-,hallmark,gs_ind_0,Cholesterol Homeostasis,8/16,5.5432325630216626e-05,0.0024390223277295313,9.311688311688311,91.25778256286647,-,DR 6,0.0012582864852415674,True
DR 6-,hallmark,gs_ind_0,Epithelial Mesenchymal Transition,25/123,0.00028555148145500736,0.0062821325920101615,2.5113887804243133,20.495665403793573,-,DR 6,0.005100082273428968,True
DR 7+,lab,gs_ind_0,MP1_CELL_CYCLE_G2_M,40/45,1.8169227613577288e-36,2.7253841420365934e-35,82.37638062871707,6779.239953348774,+,DR 7,1.2880584745132945e-33,True
DR 7+,lab,gs_ind_0,MP20_MYC,5/7,0.00016935438698180248,0.0006350789511817593,20.238874680306907,175.74461384929927,+,DR 7,0.0031403823549784543,True
DR 7+,lab,gs_ind_0,MP2_CELL_CYCLE_G1_S,33/33,7.962355700583096e-35,5.971766775437322e-34,720.2,56547.04556730325,+,DR 7,5.241505009755272e-32,True
DR 7+,lab,gs_ind_0,MP3_CELL_CYCLE_HMG_RICH,10/11,8.174208319584465e-10,4.0871041597922325e-09,66.1233595800525,1383.6225087392968,+,DR 7,6.627784367757594e-08,True
DR 7+,hallmark,gs_ind_0,DNA Repair,8/16,5.5432325630216626e-05,0.00041019920966360303,9.311688311688311,91.25778256286647,+,DR 7,0.0012582864852415674,True
DR 7+,hallmark,gs_ind_0,E2F Targets,58/64,1.1200980962507607e-54,4.144362956127814e-53,113.33684210526316,14079.402806812748,+,DR 7,1.0322824055047012e-50,True
DR 7+,hallmark,gs_ind_0,G2-M Checkpoint,52/61,1.1530802041345826e-45,2.1331983776489777e-44,66.66932482721957,6898.534542525847,+,DR 7,2.1253574322608625e-42,True
DR 7+,hallmark,gs_ind_0,Mitotic Spindle,26/36,2.250923846055848e-19,2.776139410135546e-18,25.89616591622322,1111.9237723199103,+,DR 7,5.3022749114046126e-17,True
DR 7+,hallmark,gs_ind_0,Myc Targets V1,12/16,9.324769347548695e-10,8.625411646482543e-09,26.473622163277337,550.4707035185145,+,DR 7,6.9867540086999e-08,True
DR 7+,hallmark,gs_ind_0,Spermatogenesis,8/20,0.0003802866440654024,0.002345100971736648,6.317818181818182,49.7501979495992,+,DR 7,0.006466276220861159,True
DR 7-,lab,gs_ind_0,MP14_EMT_3,11/31,0.000106824485721512,0.000908008128632852,5.270802496943175,48.19792256034924,-,DR 7,0.002168490000901882,True
DR 7-,lab,gs_ind_0,MP17_INTERFERON_MHC_II_1,10/40,0.004613401681204881,0.015685565716096594,3.1995611204337164,17.2097667263617,-,DR 7,0.0438320720556538,True
DR 7-,lab,gs_ind_0,MP18_INTERFERON_MHC_II_2,12/36,0.0001036536031328951,0.000908008128632852,4.808368970930547,44.11416934971604,-,DR 7,0.00214667776735452,True
DR 7-,lab,gs_ind_0,MP19_EPITHELIAL_SENESCENCE,10/37,0.0024789433908547903,0.010535509411132859,3.5546170365068,21.32742802180424,-,DR 7,0.027725658119074934,True
DR 7-,lab,gs_ind_0,MP7_STRESS_IN_VITRO,7/17,0.0007324907256175764,0.004150780778499599,6.609449981543005,47.714015180221494,-,DR 7,0.010259322989804838,True
DR 7-,hallmark,gs_ind_0,Glycolysis,12/47,0.0015956830393014216,0.021807668203786098,3.2979041356894685,21.23999789238365,-,DR 7,0.020117393830645553,True
DR 7-,hallmark,gs_ind_0,Hypoxia,16/70,0.0010169272055556603,0.020847007713891037,2.8658909524875065,19.74876783775596,-,DR 7,0.013802652616201717,True
DR 7-,hallmark,gs_ind_0,Interferon Gamma Response,16/81,0.005045275687433396,0.051714075796192305,2.3695773598957364,12.533412593392379,-,DR 7,0.04759187383355801,True
DR 7-,hallmark,gs_ind_0,Myogenesis,16/57,7.79851832374017e-05,0.0031973925127334697,3.791654422568322,35.86522774196978,-,DR 7,0.0017194053797030958,True
DR 8+,lab,gs_ind_0,MP14_EMT_3,10/31,0.0005406708160615204,0.0048660373445536835,4.561984984435085,34.31844415681465,+,DR 8,0.008141866406573483,True
DR 8+,lab,gs_ind_0,MP20_MYC,4/7,0.002667000817497594,0.016002004904985566,11.761177753544166,69.70615686312823,+,DR 8,0.02871387796034793,True
DR 8+,lab,gs_ind_0,MP6_HYPOXIA,10/30,0.000400720386919582,0.0048660373445536835,4.787209525638564,37.446733738704815,+,DR 8,0.006763807849543714,True
DR 8+,hallmark,gs_ind_0,Androgen Response,9/20,5.291877103263162e-05,0.0011642129627178956,7.719491429220116,76.0119210824779,+,DR 8,0.0012223042452048445,True
DR 8+,hallmark,gs_ind_0,Cholesterol Homeostasis,6/16,0.0031514828378030346,0.03466631121583338,5.698739135757131,32.82406608056813,+,DR 8,0.031986856644485424,True
DR 8+,hallmark,gs_ind_0,Glycolysis,12/47,0.0015956830393014216,0.023403351243087518,3.2979041356894685,21.23999789238365,+,DR 8,0.020117393830645553,True
DR 8+,hallmark,gs_ind_0,mTORC1 Signaling,15/49,4.320330277245632e-05,0.0011642129627178956,4.278409312863784,42.996274902517925,+,DR 8,0.0010395865231095493,True
DR 8-,lab,gs_ind_0,MP14_EMT_3,13/31,2.7789392831765666e-06,2.917886247335395e-05,6.937297297297297,88.75190544758766,-,DR 8,9.114129691727843e-05,True
DR 8-,lab,gs_ind_0,MP17_INTERFERON_MHC_II_1,15/40,2.5130974734866414e-06,2.917886247335395e-05,5.817927170868347,75.01632101504757,-,DR 8,8.452812523960908e-05,True
DR 8-,lab,gs_ind_0,MP1_CELL_CYCLE_G2_M,12/45,0.0010525899827390427,0.0073681298791732994,3.4987529197513756,23.989204648608986,-,DR 8,0.01420302969388436,True
DR 8-,lab,gs_ind_0,MP20_MYC,4/7,0.002667000817497594,0.011201403433489895,11.761177753544166,69.70615686312823,-,DR 8,0.02871387796034793,True
DR 8-,lab,gs_ind_0,MP21_RESPIRATION,3/4,0.0036541598583761372,0.012789559504316482,21.259915611814346,119.30828811722127,-,DR 8,0.03613383825621725,True
DR 8-,lab,gs_ind_0,MP3_CELL_CYCLE_HMG_RICH,5/11,0.002659499577535494,0.011201403433489895,7.766869958685816,46.054566494324,-,DR 8,0.02871387796034793,True
DR 8-,hallmark,gs_ind_0,E2F Targets,18/64,2.642888726238035e-05,0.0005682210761411775,3.8248048313448226,40.317470180031854,-,DR 8,0.0006529989946651402,True
DR 8-,hallmark,gs_ind_0,Interferon Alpha Response,14/40,1.4139101995007215e-05,0.0005682210761411775,5.206181395113561,58.13517027878158,-,DR 8,0.00038781536900591216,True
DR 8-,hallmark,gs_ind_0,Interferon Gamma Response,20/81,7.425424232442628e-05,0.0010643108066501102,3.2123730378578026,30.543293105483034,-,DR 8,0.0016489809572576206,True
DR 9+,lab,gs_ind_0,MP12_EMT_1,11/47,0.005190642340472539,0.019724440893795648,2.9337116420284093,15.43395719507859,+,DR 9,0.04822274174374487,True
DR 9+,lab,gs_ind_0,MP15_EMT_4,16/37,1.0822377398097633e-07,2.0562517056385503e-06,7.401966345244848,118.72061765235777,+,DR 9,5.141187118601432e-06,True
DR 9+,lab,gs_ind_0,MP18_INTERFERON_MHC_II_2,12/36,0.0001036536031328951,0.0009847092297625036,4.808368970930547,44.11416934971604,+,DR 9,0.00214667776735452,True
DR 9+,lab,gs_ind_0,MP20_MYC,4/7,0.002667000817497594,0.012668253883113573,11.761177753544166,69.70615686312823,+,DR 9,0.02871387796034793,True
DR 9+,lab,gs_ind_0,MP39_METAL_RESPONSE,10/36,0.0019784045605385483,0.012529895550077474,3.6908334571386123,22.977152797893527,+,DR 9,0.02361784511648091,True
DR 9+,hallmark,gs_ind_0,Adipogenesis,8/27,0.0036112996556440864,0.052965728282779935,4.034032634032634,22.686139124561574,+,DR 9,0.03613383825621725,True
DR 9+,hallmark,gs_ind_0,Unfolded Protein Response,6/16,0.0031514828378030346,0.052965728282779935,5.698739135757131,32.82406608056813,+,DR 9,0.031986856644485424,True
DR 9+,hallmark,gs_ind_0,mTORC1 Signaling,12/49,0.002351442988433525,0.052965728282779935,3.118479221927498,18.87530058397867,+,DR 9,0.027184287249925474,True
DR 9-,lab,gs_ind_0,MP13_EMT_2,12/40,0.00032173233465304283,0.001158236404750954,4.124203080645912,33.16597763632865,-,DR 9,0.005542215319929799,True
DR 9-,lab,gs_ind_0,MP14_EMT_3,20/31,1.285998500321879e-13,1.157398650289691e-12,17.673009755510055,524.5715259155003,-,DR 9,1.8518378404635057e-11,True
DR 9-,lab,gs_ind_0,MP19_EPITHELIAL_SENESCENCE,30/37,7.036283713546128e-25,1.266531068438303e-23,42.77751710654937,2379.009465662613,-,DR 9,3.0879233668591e-22,True
DR 9-,lab,gs_ind_0,MP22_SECRETED_1,10/26,0.00010156676407456485,0.0004570504383355418,5.961107134335481,54.81115331382901,-,DR 9,0.00214667776735452,True
DR 9-,lab,gs_ind_0,MP23_SECRETED_2,14/44,4.8597083673939944e-05,0.0002915825020436397,4.51320704961983,44.82493337737336,-,DR 9,0.0011483864695872577,True
DR 9-,hallmark,gs_ind_0,Estrogen Response Early,11/45,0.003620292729714398,0.07783629368885955,3.1072999120492524,17.466755483212417,-,DR 9,0.03613383825621725,True
DR 9-,hallmark,gs_ind_0,Estrogen Response Late,17/65,0.00012313838417512461,0.0052949505195303585,3.446023764712492,31.021801201142107,-,DR 9,0.0024563708843245635,True
DR 10+,lab,gs_ind_0,MP18_INTERFERON_MHC_II_2,10/36,0.0019784045605385483,0.014838034204039112,3.6908334571386123,22.977152797893527,+,DR 10,0.02361784511648091,True
DR 10+,lab,gs_ind_0,MP6_HYPOXIA,9/30,0.0018441881639332898,0.014838034204039112,4.105956645819418,25.849937434381317,+,DR 10,0.022721976094664705,True
DR 10+,hallmark,gs_ind_0,Glycolysis,13/47,0.00044081509382605446,0.018955049034520343,3.6866086956521738,28.486001648149458,+,DR 10,0.00725455697268021,True
DR 10-,lab,gs_ind_0,MP1_CELL_CYCLE_G2_M,45/45,7.706713019191974e-48,1.4642754736464752e-46,1053.668810289389,114304.0921797041,-,DR 10,2.3675022394957743e-44,True
DR 10-,lab,gs_ind_0,MP2_CELL_CYCLE_G1_S,26/33,4.940338380618565e-21,4.693321461587637e-20,36.315377268385866,1697.992761150295,-,DR 10,1.517671950526023e-18,True
DR 10-,lab,gs_ind_0,MP3_CELL_CYCLE_HMG_RICH,7/11,2.1058022717423192e-05,0.00013336747721034688,15.473729543496985,166.6246623376999,-,DR 10,0.0005317006503117045,True
DR 10-,hallmark,gs_ind_0,E2F Targets,55/64,7.982935441991743e-49,3.11334482237678e-47,71.93217580032555,7966.442675202388,-,DR 10,3.6785366516697957e-45,True
DR 10-,hallmark,gs_ind_0,G2-M Checkpoint,52/61,1.1530802041345826e-45,2.248506398062436e-44,66.66932482721957,6898.534542525847,-,DR 10,2.1253574322608625e-42,True
DR 10-,hallmark,gs_ind_0,Glycolysis,11/47,0.005190642340472539,0.0337391752130715,2.9337116420284093,15.43395719507859,-,DR 10,0.04822274174374487,True
DR 10-,hallmark,gs_ind_0,Mitotic Spindle,28/36,2.488899356464992e-22,3.2355691634044895e-21,34.84143222506394,1733.1881420995492,-,DR 10,8.192034453279059e-20,True
DR 10-,hallmark,gs_ind_0,Myc Targets V1,8/16,5.5432325630216626e-05,0.0004323721399156897,9.311688311688311,91.25778256286647,-,DR 10,0.0012582864852415674,True
DR 10-,hallmark,gs_ind_0,Spermatogenesis,11/20,5.750780078063129e-07,5.60701057611155e-06,11.444104985418692,164.43759954788993,-,DR 10,2.3347660440277444e-05,True
DR 11+,hallmark,gs_ind_0,Adipogenesis,10/27,0.00014740759323860102,0.006780749288975647,5.61732283464567,49.557758165277875,+,DR 11,0.00283613440352181,True
DR 11+,hallmark,gs_ind_0,Estrogen Response Late,14/65,0.003804085237894144,0.043746980235782655,2.6411671308467164,14.715737358853316,+,DR 11,0.03725371886518373,True
DR 11+,hallmark,gs_ind_0,Fatty Acid Metabolism,8/27,0.0036112996556440864,0.043746980235782655,4.034032634032634,22.686139124561574,+,DR 11,0.03613383825621725,True
DR 11+,hallmark,gs_ind_0,mTORC1 Signaling,12/49,0.002351442988433525,0.043746980235782655,3.118479221927498,18.87530058397867,+,DR 11,0.027184287249925474,True
DR 11-,lab,gs_ind_0,MP10_PROTEIN_MATURATION,9/14,1.0817504021820691e-06,3.6058346739402304e-06,16.194873012105386,222.46783831980014,-,DR 11,4.119591614260309e-05,True
DR 11-,lab,gs_ind_0,MP12_EMT_1,15/47,2.4747288817396626e-05,6.186822204349156e-05,4.546838067592785,48.227377542811446,-,DR 11,0.0006147466677658419,True
DR 11-,lab,gs_ind_0,MP13_EMT_2,20/40,9.237152085802203e-11,6.158101390534803e-10,9.86426592797784,227.9158607993832,-,DR 11,8.560901120327023e-09,True
DR 11-,lab,gs_ind_0,MP14_EMT_3,21/31,6.723048069716144e-15,1.3446096139432288e-13,20.424857408144316,666.5291667682927,-,DR 11,1.147400203898222e-12,True
DR 11-,lab,gs_ind_0,MP15_EMT_4,11/37,0.0006269497186846939,0.0013932215970770977,4.0636730223527655,29.96814274201321,-,DR 11,0.00908485630094047,True
DR 11-,lab,gs_ind_0,MP17_INTERFERON_MHC_II_1,15/40,2.5130974734866414e-06,7.180278495676119e-06,5.817927170868347,75.01632101504757,-,DR 11,8.452812523960908e-05,True
DR 11-,lab,gs_ind_0,MP18_INTERFERON_MHC_II_2,21/36,5.365238526610203e-13,5.365238526610203e-12,13.79755593494474,389.83152836592353,-,DR 11,7.491823978975702e-11,True
DR 11-,lab,gs_ind_0,MP19_EPITHELIAL_SENESCENCE,15/37,7.698806119523678e-07,3.0795224478094714e-06,6.604791853848457,92.97585560353329,-,DR 11,3.0451586780055887e-05,True
DR 11-,lab,gs_ind_0,MP23_SECRETED_2,19/44,6.518919019543643e-09,3.259459509771821e-08,7.480635229298331,140.99918153018623,-,DR 11,4.291311263151015e-07,True
DR 11-,lab,gs_ind_0,MP39_METAL_RESPONSE,10/36,0.0019784045605385483,0.003956809121077097,3.6908334571386123,22.977152797893527,-,DR 11,0.02361784511648091,True
DR 11-,hallmark,gs_ind_0,Cholesterol Homeostasis,6/16,0.0031514828378030346,0.0271027524051061,5.698739135757131,32.82406608056813,-,DR 11,0.031986856644485424,True
DR 11-,hallmark,gs_ind_0,Coagulation,14/53,0.0004469713429321258,0.004804941936520353,3.467166661010622,26.742312191693923,-,DR 11,0.007262176090016173,True
DR 11-,hallmark,gs_ind_0,Complement,17/67,0.00018505071253410103,0.0033973771564818956,3.305770631559069,28.412704030044402,-,DR 11,0.003390511663447863,True
DR 11-,hallmark,gs_ind_0,Epithelial Mesenchymal Transition,26/123,0.00010735132477687217,0.0033973771564818956,2.65330982293733,24.24966959440067,-,DR 11,0.0021743951849311073,True
DR 11-,hallmark,gs_ind_0,Interferon Gamma Response,19/81,0.00023702631324292294,0.0033973771564818956,2.988495867768595,24.945989293752508,-,DR 11,0.00429161984842196,True
DR 12+,lab,gs_ind_0,MP14_EMT_3,14/31,3.67906202865104e-07,6.990217854436976e-06,7.923630792799694,117.39205927803582,+,DR 12,1.637982398842898e-05,True
DR 12-,hallmark,gs_ind_0,Allograft Rejection,40/84,8.611334693596988e-20,2.841740448887006e-18,9.960201617137457,437.2391311809149,-,DR 12,2.144920555032158e-17,True
DR 12-,hallmark,gs_ind_0,IL-2/STAT5 Signaling,15/67,0.0018313568863860435,0.020144925750246477,2.782877679373636,17.53963791494446,-,DR 12,0.022721976094664705,True
DR 12-,hallmark,gs_ind_0,PI3K/AKT/mTOR  Signaling,6/12,0.000512922385877911,0.008463219366985531,9.226221079691516,69.89218617368041,-,DR 12,0.007813376377274094,True
DR 13+,lab,gs_ind_0,MP12_EMT_1,14/47,0.00010981800866062544,0.0006223020490768775,4.102076747629146,37.39734577513979,+,DR 13,0.0022049733503623618,True
DR 13+,lab,gs_ind_0,MP18_INTERFERON_MHC_II_2,13/36,1.972636758902038e-05,0.00016767412450667324,5.445957446808511,58.999076046925126,+,DR 13,0.0005008214977972777,True
DR 13+,lab,gs_ind_0,MP39_METAL_RESPONSE,15/36,5.016413533153169e-07,8.527903006360387e-06,6.91587789130571,100.31743967013438,+,DR 13,2.0547229831795378e-05,True
DR 13+,hallmark,gs_ind_0,Epithelial Mesenchymal Transition,29/123,4.200782158740283e-06,0.00018063363282583216,3.106221173276567,38.45576306453605,+,DR 13,0.00013303920403763038,True
DR 13-,lab,gs_ind_0,MP13_EMT_2,10/40,0.004613401681204881,0.013181147660585375,3.1995611204337164,17.2097667263617,-,DR 13,0.0438320720556538,True
DR 13-,lab,gs_ind_0,MP14_EMT_3,15/31,4.2790533113946706e-08,2.7835633392448823e-07,9.03691905578698,153.32894426449602,-,DR 13,2.3614224741205556e-06,True
DR 13-,lab,gs_ind_0,MP19_EPITHELIAL_SENESCENCE,17/37,1.3615028529052392e-08,1.3615028529052392e-07,8.283046454442745,150.02329623756034,-,DR 13,8.30967569031436e-07,True
DR 13-,lab,gs_ind_0,MP22_SECRETED_1,13/26,2.212497410082983e-07,8.849989640331932e-07,9.533333333333333,146.08854949873012,-,DR 13,1.0403253128226923e-05,True
DR 13-,lab,gs_ind_0,MP5_STRESS,19/37,1.548696544627772e-10,3.0973930892555438e-09,10.351798079070806,233.83094176591422,-,DR 13,1.3593130814561474e-08,True
DR 13-,lab,gs_ind_0,MP7_STRESS_IN_VITRO,11/17,5.567126678489765e-08,2.7835633392448823e-07,16.754008524457074,279.85563573349845,-,DR 13,2.948657440744924e-06,True
DR 13-,lab,gs_ind_0,MP8_PROTEASOMAL_DEGRADATION,4/5,0.00044837002986319467,0.0014945667662106489,27.47328244274809,211.81603246804076,-,DR 13,0.007262176090016173,True
DR 13-,hallmark,gs_ind_0,Apoptosis,23/55,3.177159206806852e-10,1.3979500509950149e-08,7.2042903575297945,157.55684647130153,-,DR 13,2.7365139485917707e-08,True
DR 13-,hallmark,gs_ind_0,Cholesterol Homeostasis,6/16,0.0031514828378030346,0.012605931351212138,5.698739135757131,32.82406608056813,-,DR 13,0.031986856644485424,True
DR 13-,hallmark,gs_ind_0,Glycolysis,14/47,0.00010981800866062544,0.0006902846258667885,4.102076747629146,37.39734577513979,-,DR 13,0.0022049733503623618,True
DR 13-,hallmark,gs_ind_0,Hypoxia,22/70,3.7514557447084116e-07,5.518054886468485e-06,4.554708481330676,67.39124664140205,-,DR 13,1.66218346842465e-05,True
DR 13-,hallmark,gs_ind_0,IL-2/STAT5 Signaling,16/67,0.0006062150937822577,0.002963718236268815,3.0380456231746784,22.506679549362055,-,DR 13,0.008967701933061454,True
DR 13-,hallmark,gs_ind_0,Interferon Gamma Response,16/81,0.005045275687433396,0.018499344187255785,2.3695773598957364,12.533412593392379,-,DR 13,0.04759187383355801,True
DR 13-,hallmark,gs_ind_0,Reactive Oxygen Species Pathway,6/10,0.0001385765478863414,0.0007621710133748777,13.3416166809483,118.52809255586541,-,DR 13,0.0027121849183494875,True
DR 13-,hallmark,gs_ind_0,TNF-alpha Signaling via NF-kB,26/93,4.1444259079585275e-07,5.518054886468485e-06,3.9000530616576463,57.316472171338766,-,DR 13,1.7848144470909248e-05,True
DR 13-,hallmark,gs_ind_0,UV Response Up,15/36,5.016413533153169e-07,5.518054886468485e-06,6.91587789130571,100.31743967013438,-,DR 13,2.0547229831795378e-05,True
DR 13-,hallmark,gs_ind_0,Unfolded Protein Response,6/16,0.0031514828378030346,0.012605931351212138,5.698739135757131,32.82406608056813,-,DR 13,0.031986856644485424,True
DR 13-,hallmark,gs_ind_0,mTORC1 Signaling,16/49,9.380103359376977e-06,8.25449095625174e-05,4.718480766897221,54.625473302418406,-,DR 13,0.00026930539738323435,True
DR 13-,hallmark,gs_ind_0,p53 Pathway,14/44,4.8597083673939944e-05,0.00035637861360889294,4.51320704961983,44.82493337737336,-,DR 13,0.0011483864695872577,True
DR 14+,lab,gs_ind_0,MP14_EMT_3,12/31,1.841555527939586e-05,0.0003498955503085214,6.05828742433517,66.04935698143535,+,DR 14,0.00048352637451541956,True
DR 14+,lab,gs_ind_0,MP17_INTERFERON_MHC_II_1,13/40,7.132734685467942e-05,0.0006776097951194546,4.643345454545455,44.33573388785754,+,DR 14,0.0015916533380453404,True
DR 14+,lab,gs_ind_0,MP18_INTERFERON_MHC_II_2,10/36,0.0019784045605385483,0.012529895550077474,3.6908334571386123,22.977152797893527,+,DR 14,0.02361784511648091,True
DR 14+,hallmark,gs_ind_0,Androgen Response,7/20,0.002246635809414446,0.019321067960964236,5.132070054550675,31.29701252450603,+,DR 14,0.026342233612676253,True
DR 14+,hallmark,gs_ind_0,Apoptosis,16/55,4.811789316422528e-05,0.002069069406061687,3.988165071524133,39.64976464307132,+,DR 14,0.0011483864695872577,True
DR 14+,hallmark,gs_ind_0,Glycolysis,13/47,0.00044081509382605446,0.004738762258630086,3.6866086956521738,28.486001648149458,+,DR 14,0.00725455697268021,True
DR 14+,hallmark,gs_ind_0,Interferon Alpha Response,12/40,0.00032173233465304283,0.0046114967966936135,4.124203080645912,33.16597763632865,+,DR 14,0.005542215319929799,True
DR 14+,hallmark,gs_ind_0,Interferon Gamma Response,19/81,0.00023702631324292294,0.0046114967966936135,2.988495867768595,24.945989293752508,+,DR 14,0.00429161984842196,True
DR 14-,lab,gs_ind_0,MP10_PROTEIN_MATURATION,7/14,0.00016816930893802333,0.001765777743849245,9.268733850129198,80.55029573707145,-,DR 14,0.0031403823549784543,True
DR 14-,lab,gs_ind_0,MP14_EMT_3,13/31,2.7789392831765666e-06,5.83577249467079e-05,6.937297297297297,88.75190544758766,-,DR 14,9.114129691727843e-05,True
DR 14-,hallmark,gs_ind_0,Myogenesis,15/57,0.000291070018811085,0.012516010808876656,3.4573331219280163,28.149422021084398,-,DR 14,0.005178573925411118,True
DR 15+,lab,gs_ind_0,MP20_MYC,5/7,0.00016935438698180248,0.0022367902247123453,20.238874680306907,175.74461384929927,+,DR 15,0.0031403823549784543,True
DR 15+,lab,gs_ind_0,MP21_RESPIRATION,3/4,0.0036541598583761372,0.015231338181858973,21.259915611814346,119.30828811722127,+,DR 15,0.03613383825621725,True
DR 15+,lab,gs_ind_0,MP2_CELL_CYCLE_G1_S,9/33,0.003807834545464743,0.015231338181858973,3.5971119518303403,20.038412169513247,+,DR 15,0.03725371886518373,True
DR 15+,lab,gs_ind_0,MP3_CELL_CYCLE_HMG_RICH,6/11,0.00027959877808904316,0.0022367902247123453,10.909792007478384,89.26560832643746,+,DR 15,0.0050034608521720815,True
DR 15+,hallmark,gs_ind_0,DNA Repair,6/16,0.0031514828378030346,0.028363345540227312,5.698739135757131,32.82406608056813,+,DR 15,0.031986856644485424,True
DR 15+,hallmark,gs_ind_0,Fatty Acid Metabolism,10/27,0.00014740759323860102,0.00649815743869847,5.61732283464567,49.557758165277875,+,DR 15,0.00283613440352181,True
DR 15+,hallmark,gs_ind_0,Myc Targets V1,6/16,0.0031514828378030346,0.028363345540227312,5.698739135757131,32.82406608056813,+,DR 15,0.031986856644485424,True
DR 15+,hallmark,gs_ind_0,Pperoxisome,7/15,0.00028880699727548757,0.00649815743869847,8.17373461012312,66.61390935241329,+,DR 15,0.005148250071355693,True
DR 15+,hallmark,gs_ind_0,mTORC1 Signaling,12/49,0.002351442988433525,0.028363345540227312,3.118479221927498,18.87530058397867,+,DR 15,0.027184287249925474,True
DR 15-,lab,gs_ind_0,MP22_SECRETED_1,20/26,5.504690699218571e-16,5.7799252341795e-15,31.354996803750268,1101.6816708653498,-,DR 15,1.079387861361667e-13,True
DR 15-,lab,gs_ind_0,MP39_METAL_RESPONSE,12/36,0.0001036536031328951,0.0005441814164476993,4.808368970930547,44.11416934971604,-,DR 15,0.00214667776735452,True
DR 15-,lab,gs_ind_0,MP5_STRESS,36/37,1.629297965142165e-36,3.4215257267985467e-35,266.18743667679837,21935.15285970024,-,DR 15,1.2513008372291828e-33,True
DR 15-,lab,gs_ind_0,MP7_STRESS_IN_VITRO,10/17,8.387619495658908e-07,5.871333646961236e-06,13.180577427821522,184.41392571522113,-,DR 15,3.2893745222124466e-05,True
DR 15-,hallmark,gs_ind_0,Androgen Response,7/20,0.002246635809414446,0.01078385188518934,5.132070054550675,31.29701252450603,-,DR 15,0.026342233612676253,True
DR 15-,hallmark,gs_ind_0,Apoptosis,22/55,2.227044158355152e-09,2.1379623920209456e-08,6.650570676031607,132.49659696954714,-,DR 15,1.554881739651597e-07,True
DR 15-,hallmark,gs_ind_0,Cholesterol Homeostasis,6/16,0.0031514828378030346,0.012605931351212138,5.698739135757131,32.82406608056813,-,DR 15,0.031986856644485424,True
DR 15-,hallmark,gs_ind_0,Estrogen Response Early,15/45,1.3634884397487189e-05,0.00010907907517989751,4.850470593433785,54.339235248636655,-,DR 15,0.0003842785767805563,True
DR 15-,hallmark,gs_ind_0,Estrogen Response Late,14/65,0.003804085237894144,0.014045853186070687,2.6411671308467164,14.715737358853316,-,DR 15,0.03725371886518373,True
DR 15-,hallmark,gs_ind_0,Hypoxia,27/70,7.511700740998095e-11,1.5011302311684538e-09,6.403822584385041,149.28574635166012,-,DR 15,7.524764568373744e-09,True
DR 15-,hallmark,gs_ind_0,IL-2/STAT5 Signaling,15/67,0.0018313568863860435,0.009767236727392232,2.782877679373636,17.53963791494446,-,DR 15,0.022721976094664705,True
DR 15-,hallmark,gs_ind_0,Inflammatory Response,16/76,0.00256683485171725,0.011200733898402546,2.57280118255728,15.346969288587184,-,DR 15,0.028673878779910518,True
DR 15-,hallmark,gs_ind_0,TGF-beta Signaling,6/10,0.0001385765478863414,0.0009502391855063409,13.3416166809483,118.52809255586541,-,DR 15,0.0027121849183494875,True
DR 15-,hallmark,gs_ind_0,TNF-alpha Signaling via NF-kB,52/93,2.318503687429844e-30,1.1128817699663253e-28,14.989047097480832,1022.8020724529232,-,DR 15,1.2569017637266732e-27,True
DR 15-,hallmark,gs_ind_0,UV Response Up,18/36,8.631350366979148e-10,1.0357620440374977e-08,9.767123287671232,203.84425786275344,-,DR 15,6.720722598010443e-08,True
DR 15-,hallmark,gs_ind_0,Unfolded Protein Response,7/16,0.00047032063077736506,0.0028219237846641904,7.309261525907793,56.004262789456,-,DR 15,0.007357624128549738,True
DR 15-,hallmark,gs_ind_0,p53 Pathway,21/44,9.382063944802836e-11,1.5011302311684538e-09,9.059740413678659,209.186110647361,-,DR 15,8.560901120327023e-09,True
DR 16+,lab,gs_ind_0,MP12_EMT_1,26/47,4.166872443462011e-15,5.416934176500614e-14,12.56926767508496,416.18869746406415,+,DR 16,7.529783615479586e-13,True
DR 16+,hallmark,gs_ind_0,Angiogenesis,8/18,0.00015776008762408633,0.0013804007667107554,7.529622758194186,65.91759385206703,+,DR 16,0.003028993682382457,True
DR 16+,hallmark,gs_ind_0,Coagulation,18/53,1.2985147704515892e-06,1.5149338988601873e-05,5.0413660042446455,68.33213394861892,+,DR 16,4.844984665782124e-05,True
DR 16+,hallmark,gs_ind_0,Epithelial Mesenchymal Transition,42/123,2.5384152816266108e-14,8.884453485693138e-13,5.657235199628419,177.09777536224152,+,DR 16,4.177506292048365e-12,True
DR 16+,hallmark,gs_ind_0,heme Metabolism,18/30,1.4225290865998476e-11,2.4894259015497335e-10,14.504,362.2518994835028,+,DR 16,1.5244218676865343e-09,True
DR 16-,lab,gs_ind_0,MP14_EMT_3,11/31,0.000106824485721512,0.002029665228708728,5.270802496943175,48.19792256034924,-,DR 16,0.002168490000901882,True
DR 16-,lab,gs_ind_0,MP20_MYC,4/7,0.002667000817497594,0.025336507766227145,11.761177753544166,69.70615686312823,-,DR 16,0.02871387796034793,True
DR 16-,hallmark,gs_ind_0,Reactive Oxygen Species Pathway,5/10,0.0015777264868780162,0.0678422389357547,9.184143222506394,59.25398339743649,-,DR 16,0.020117393830645553,True
DR 17+,lab,gs_ind_0,MP17_INTERFERON_MHC_II_1,15/40,2.5130974734866414e-06,4.27226570492729e-05,5.817927170868347,75.01632101504757,+,DR 17,8.452812523960908e-05,True
DR 17+,lab,gs_ind_0,MP18_INTERFERON_MHC_II_2,11/36,0.00048220540078602886,0.004098745906681246,4.225412592477625,32.27006918277949,+,DR 17,0.007357624128549738,True
DR 17+,lab,gs_ind_0,MP20_MYC,4/7,0.002667000817497594,0.011334753474364774,11.761177753544166,69.70615686312823,+,DR 17,0.02871387796034793,True
DR 17+,lab,gs_ind_0,MP21_RESPIRATION,3/4,0.0036541598583761372,0.012424143518478866,21.259915611814346,119.30828811722127,+,DR 17,0.03613383825621725,True
DR 17+,lab,gs_ind_0,MP3_CELL_CYCLE_HMG_RICH,5/11,0.002659499577535494,0.011334753474364774,7.766869958685816,46.054566494324,+,DR 17,0.02871387796034793,True
DR 17+,hallmark,gs_ind_0,E2F Targets,19/64,6.4801517483309875e-06,0.00028512667692656344,4.14521841794569,49.521957069251535,+,DR 17,0.00019264864036328512,True
DR 17+,hallmark,gs_ind_0,Fatty Acid Metabolism,8/27,0.0036112996556440864,0.03972429621208495,4.034032634032634,22.686139124561574,+,DR 17,0.03613383825621725,True
DR 17+,hallmark,gs_ind_0,Interferon Alpha Response,14/40,1.4139101995007215e-05,0.0003110602438901587,5.206181395113561,58.13517027878158,+,DR 17,0.00038781536900591216,True
DR 17+,hallmark,gs_ind_0,Interferon Gamma Response,18/81,0.000705808741803065,0.010351861546444954,2.773702944666163,20.126449725494094,+,DR 17,0.010007282099164686,True
DR 17-,lab,gs_ind_0,MP12_EMT_1,12/47,0.0015956830393014216,0.0037897472183408766,3.2979041356894685,21.23999789238365,-,DR 17,0.020117393830645553,True
DR 17-,lab,gs_ind_0,MP13_EMT_2,19/40,8.750940882826097e-10,5.542262559123195e-09,8.892369786661542,185.46539739039522,-,DR 17,6.720722598010443e-08,True
DR 17-,lab,gs_ind_0,MP14_EMT_3,15/31,4.2790533113946706e-08,1.6260402583299748e-07,9.03691905578698,153.32894426449602,-,DR 17,2.3614224741205556e-06,True
DR 17-,lab,gs_ind_0,MP19_EPITHELIAL_SENESCENCE,12/37,0.00014008246757100216,0.000380223840549863,4.617204972174546,40.96974909429703,-,DR 17,0.0027121849183494875,True
DR 17-,lab,gs_ind_0,MP22_SECRETED_1,15/26,1.7383146779620045e-09,8.256994720319522e-09,13.00234384155631,262.26182310068975,-,DR 17,1.2261392246640085e-07,True
DR 17-,lab,gs_ind_0,MP39_METAL_RESPONSE,22/36,3.6366829842772464e-14,3.4548488350633843e-13,15.530281077948421,480.586400778364,-,DR 17,5.879942172473527e-12,True
DR 17-,lab,gs_ind_0,MP6_HYPOXIA,29/30,3.9893711795926416e-29,7.579805241226019e-28,206.35665694849368,13493.9370936237,-,DR 17,1.9350549890066201e-26,True
DR 17-,lab,gs_ind_0,MP7_STRESS_IN_VITRO,11/17,5.567126678489765e-08,1.7629234481884256e-07,16.754008524457074,279.85563573349845,-,DR 17,2.948657440744924e-06,True
DR 17-,hallmark,gs_ind_0,Apoptosis,13/55,0.0021984987996659312,0.01181693104820438,2.979105882352941,18.232069953081783,-,DR 17,0.026042885524063267,True
DR 17-,hallmark,gs_ind_0,Cholesterol Homeostasis,6/16,0.0031514828378030346,0.015057084669503387,5.698739135757131,32.82406608056813,-,DR 17,0.031986856644485424,True
DR 17-,hallmark,gs_ind_0,Epithelial Mesenchymal Transition,34/123,7.1689677921835965e-09,1.0275520502129822e-07,3.9624037445266493,74.3089550857258,-,DR 17,4.6857593739548954e-07,True
DR 17-,hallmark,gs_ind_0,Glycolysis,24/47,5.586543320659429e-13,1.2011068139417774e-11,10.49936712675547,296.22122214671833,-,DR 17,7.571409300470191e-11,True
DR 17-,hallmark,gs_ind_0,Hypoxia,39/70,1.4491329752645936e-22,6.231271793637753e-21,13.739299228463315,690.8931179769003,-,DR 17,5.136619038476344e-20,True
DR 17-,hallmark,gs_ind_0,TNF-alpha Signaling via NF-kB,19/93,0.0014977120488090597,0.009200231156969937,2.48982195351933,16.193345442284368,-,DR 17,0.019358926005363663,True
DR 17-,hallmark,gs_ind_0,Unfolded Protein Response,7/16,0.00047032063077736506,0.003370631187237783,7.309261525907793,56.004262789456,-,DR 17,0.007357624128549738,True
DR 17-,hallmark,gs_ind_0,mTORC1 Signaling,17/49,1.8550635918236002e-06,1.5953546889682962e-05,5.189478096835045,68.48861244153905,-,DR 17,6.550293510439195e-05,True
DR 17-,hallmark,gs_ind_0,p53 Pathway,16/44,1.8453265815821392e-06,1.5953546889682962e-05,5.561974040793039,73.43393280949257,-,DR 17,6.550293510439195e-05,True
DR 18+,lab,gs_ind_0,MP10_PROTEIN_MATURATION,9/14,1.0817504021820691e-06,5.408752010910345e-06,16.194873012105386,222.46783831980014,+,DR 18,4.119591614260309e-05,True
DR 18+,lab,gs_ind_0,MP12_EMT_1,11/47,0.005190642340472539,0.007078148646098917,2.9337116420284093,15.43395719507859,+,DR 18,0.04822274174374487,True
DR 18+,lab,gs_ind_0,MP13_EMT_2,12/40,0.00032173233465304283,0.0006032481274744553,4.124203080645912,33.16597763632865,+,DR 18,0.005542215319929799,True
DR 18+,lab,gs_ind_0,MP14_EMT_3,9/31,0.0023774452607899232,0.003566167891184885,3.9212648680011606,23.6912188370526,+,DR 18,0.027184287249925474,True
DR 18+,lab,gs_ind_0,MP15_EMT_4,13/37,2.776013555350533e-05,0.00010410050832564499,5.220734693877551,54.77547613677655,+,DR 18,0.0006750327421137337,True
DR 18+,lab,gs_ind_0,MP17_INTERFERON_MHC_II_1,12/40,0.00032173233465304283,0.0006032481274744553,4.124203080645912,33.16597763632865,+,DR 18,0.005542215319929799,True
DR 18+,lab,gs_ind_0,MP18_INTERFERON_MHC_II_2,12/36,0.0001036536031328951,0.00025913400783223774,4.808368970930547,44.11416934971604,+,DR 18,0.00214667776735452,True
DR 18+,lab,gs_ind_0,MP19_EPITHELIAL_SENESCENCE,15/37,7.698806119523678e-07,5.408752010910345e-06,6.604791853848457,92.97585560353329,+,DR 18,3.0451586780055887e-05,True
DR 18+,lab,gs_ind_0,MP23_SECRETED_2,18/44,4.713627632423846e-08,7.07044144863577e-07,6.787955544068235,114.51432329727807,+,DR 18,2.5403972082115887e-06,True
DR 18+,lab,gs_ind_0,MP6_HYPOXIA,9/30,0.0018441881639332898,0.0030736469398888163,4.105956645819418,25.849937434381317,+,DR 18,0.022721976094664705,True
DR 18+,lab,gs_ind_0,MP7_STRESS_IN_VITRO,8/17,9.579192386277696e-05,0.00025913400783223774,8.326862611073137,77.05122574582239,+,DR 18,0.002082118797923001,True
DR 18+,hallmark,gs_ind_0,Coagulation,15/53,0.00011888250484404503,0.0010461660426275964,3.82521790877586,34.56992834204153,+,DR 18,0.00238178514052765,True
DR 18+,hallmark,gs_ind_0,Complement,15/67,0.0018313568863860435,0.009568807580029905,2.782877679373636,17.53963791494446,+,DR 18,0.022721976094664705,True
DR 18+,hallmark,gs_ind_0,Epithelial Mesenchymal Transition,30/123,1.291527175366643e-06,5.682719571613229e-05,3.266815123810121,44.296984629677844,+,DR 18,4.838501808202838e-05,True
DR 18+,hallmark,gs_ind_0,Glycolysis,13/47,0.00044081509382605446,0.0032326440213910662,3.6866086956521738,28.486001648149458,+,DR 18,0.00725455697268021,True
DR 18+,hallmark,gs_ind_0,Hypoxia,18/70,9.822526375860494e-05,0.0010461660426275964,3.376099151989563,31.15547723321834,+,DR 18,0.0021052186762774493,True
DR 18+,hallmark,gs_ind_0,Interferon Alpha Response,10/40,0.004613401681204881,0.020298967397301478,3.1995611204337164,17.2097667263617,+,DR 18,0.0438320720556538,True
DR 18+,hallmark,gs_ind_0,Interferon Gamma Response,17/81,0.0019572560959152077,0.009568807580029905,2.567539023720508,16.011716996601287,+,DR 18,0.02361784511648091,True
DR 18+,hallmark,gs_ind_0,KRAS Signaling Up,19/76,9.466893273006641e-05,0.0010461660426275964,3.2577075098814228,30.183066222229723,+,DR 18,0.0020723726461764655,True
DR 18+,hallmark,gs_ind_0,TNF-alpha Signaling via NF-kB,20/93,0.0005599417466895578,0.0035196338363343636,2.6693613733582073,19.98731790458649,+,DR 18,0.008377310288134683,True
DR 18+,hallmark,gs_ind_0,p53 Pathway,14/44,4.8597083673939944e-05,0.0010461660426275964,4.51320704961983,44.82493337737336,+,DR 18,0.0011483864695872577,True
DR 18-,lab,gs_ind_0,MP1_CELL_CYCLE_G2_M,13/45,0.00027443218930083994,0.0013035528991789899,3.917907692307692,32.13000232506372,-,DR 18,0.004939779407415119,True
DR 18-,lab,gs_ind_0,MP20_MYC,7/7,9.087867190322184e-08,5.755649220537384e-07,139.57364341085272,2263.010834319866,-,DR 18,4.5028916143015725e-06,True
DR 18-,lab,gs_ind_0,MP21_RESPIRATION,3/4,0.0036541598583761372,0.013885807461829323,21.259915611814346,119.30828811722127,-,DR 18,0.03613383825621725,True
DR 18-,lab,gs_ind_0,MP2_CELL_CYCLE_G1_S,17/33,1.4398960331151302e-09,2.7358024629187475e-08,10.314177194286186,209.98318690283074,-,DR 18,1.0531810985070666e-07,True
DR 18-,lab,gs_ind_0,MP3_CELL_CYCLE_HMG_RICH,9/11,3.8947341182875066e-08,3.6999974123731313e-07,35.688250652741516,608.8792189914038,-,DR 18,2.28623373465845e-06,True
DR 18-,hallmark,gs_ind_0,DNA Repair,10/16,3.781203714594242e-07,5.671805571891363e-06,15.216838279830405,225.02741476362493,-,DR 18,1.6673480111818436e-05,True
DR 18-,hallmark,gs_ind_0,E2F Targets,29/64,9.20395174958773e-14,4.141778287314479e-12,8.554551800599516,256.77820346974596,-,DR 18,1.3681228923258149e-11,True
DR 18-,hallmark,gs_ind_0,G2-M Checkpoint,19/61,2.904591283129415e-06,3.267665193520592e-05,4.4454059309674285,56.675448742648385,-,DR 18,9.492451512525067e-05,True
DR 18-,hallmark,gs_ind_0,Myc Targets V1,12/16,9.324769347548695e-10,2.0980731031984564e-08,26.473622163277337,550.4707035185145,-,DR 18,6.9867540086999e-08,True
DR 18-,hallmark,gs_ind_0,Unfolded Protein Response,7/16,0.00047032063077736506,0.004232885676996286,7.309261525907793,56.004262789456,-,DR 18,0.007357624128549738,True
DR 18-,hallmark,gs_ind_0,mTORC1 Signaling,13/49,0.0006860119522520405,0.005145089641890304,3.4806575342465753,25.35525184951136,-,DR 18,0.009801994034038457,True
DR 19+,lab,gs_ind_0,MP1_CELL_CYCLE_G2_M,42/45,1.6554976976297353e-40,3.310995395259471e-39,137.70842721946823,12613.995817296305,+,DR 19,1.582454882207503e-37,True
DR 19+,lab,gs_ind_0,MP20_MYC,5/7,0.00016935438698180248,0.0008467719349090124,20.238874680306907,175.74461384929927,+,DR 19,0.0031403823549784543,True
DR 19+,lab,gs_ind_0,MP21_RESPIRATION,3/4,0.0036541598583761372,0.014616639433504549,21.259915611814346,119.30828811722127,+,DR 19,0.03613383825621725,True
DR 19+,lab,gs_ind_0,MP2_CELL_CYCLE_G1_S,21/33,4.4873239272278566e-14,4.4873239272278563e-13,17.137715877437326,526.726579859369,+,DR 19,7.130202985057228e-12,True
DR 19+,lab,gs_ind_0,MP3_CELL_CYCLE_HMG_RICH,9/11,3.8947341182875066e-08,2.596489412191671e-07,35.688250652741516,608.8792189914038,+,DR 19,2.28623373465845e-06,True
DR 19+,hallmark,gs_ind_0,DNA Repair,7/16,0.00047032063077736506,0.002410393232733996,7.309261525907793,56.004262789456,+,DR 19,0.007357624128549738,True
DR 19+,hallmark,gs_ind_0,E2F Targets,53/64,3.231785238851386e-45,1.3250319479290683e-43,56.44112011790715,5782.014289847026,+,DR 19,4.964022126875729e-42,True
DR 19+,hallmark,gs_ind_0,G2-M Checkpoint,50/61,4.003997406914725e-42,8.208194684175186e-41,52.21421349126101,4977.125700308371,+,DR 19,5.271548586018015e-39,True
DR 19+,hallmark,gs_ind_0,Glycolysis,14/47,0.00010981800866062544,0.0006432197650122347,4.102076747629146,37.39734577513979,+,DR 19,0.0022049733503623618,True
DR 19+,hallmark,gs_ind_0,Mitotic Spindle,27/36,8.058293307618719e-21,1.1013000853745582e-19,29.890034885484607,1382.9397347151173,+,DR 19,2.3207884725941912e-18,True
DR 19+,hallmark,gs_ind_0,Myc Targets V1,9/16,5.16300461734021e-06,5.292079732773715e-05,11.863011314186249,144.42020314734387,+,DR 19,0.00015808056662261586,True
DR 19+,hallmark,gs_ind_0,Spermatogenesis,9/20,5.291877103263162e-05,0.00036161160205631606,7.719491429220116,76.0119210824779,+,DR 19,0.0012223042452048445,True
DR 19+,hallmark,gs_ind_0,Unfolded Protein Response,6/16,0.0031514828378030346,0.014356755149991601,5.698739135757131,32.82406608056813,+,DR 19,0.031986856644485424,True
DR 19+,hallmark,gs_ind_0,mTORC1 Signaling,16/49,9.380103359376977e-06,7.691684754689121e-05,4.718480766897221,54.625473302418406,+,DR 19,0.00026930539738323435,True
DR 19-,lab,gs_ind_0,MP19_EPITHELIAL_SENESCENCE,11/37,0.0006269497186846939,0.010031195498955103,4.0636730223527655,29.96814274201321,-,DR 19,0.00908485630094047,True
DR 20+,lab,gs_ind_0,MP14_EMT_3,15/31,4.2790533113946706e-08,4.27905331139467e-07,9.03691905578698,153.32894426449602,+,DR 20,2.3614224741205556e-06,True
DR 20+,lab,gs_ind_0,MP19_EPITHELIAL_SENESCENCE,11/37,0.0006269497186846939,0.0025077988747387757,4.0636730223527655,29.96814274201321,+,DR 20,0.00908485630094047,True
DR 20+,lab,gs_ind_0,MP22_SECRETED_1,9/26,0.0005753353335499968,0.0025077988747387757,5.055800074599031,37.71908715682361,+,DR 20,0.008552081345156082,True
DR 20+,lab,gs_ind_0,MP23_SECRETED_2,16/44,1.8453265815821392e-06,1.2302177210547596e-05,5.561974040793039,73.43393280949257,+,DR 20,6.550293510439195e-05,True
DR 20+,lab,gs_ind_0,MP5_STRESS,19/37,1.548696544627772e-10,3.0973930892555438e-09,10.351798079070806,233.83094176591422,+,DR 20,1.3593130814561474e-08,True
DR 20+,hallmark,gs_ind_0,Apoptosis,13/55,0.0021984987996659312,0.016122324530883497,2.979105882352941,18.232069953081783,+,DR 20,0.026042885524063267,True
DR 20+,hallmark,gs_ind_0,Estrogen Response Early,20/45,1.3472115939216453e-09,5.927731013255239e-08,7.907826842648417,161.5191730980469,+,DR 20,1.0012824233533776e-07,True
DR 20+,hallmark,gs_ind_0,Estrogen Response Late,17/65,0.00012313838417512461,0.0013545222259263706,3.446023764712492,31.021801201142107,+,DR 20,0.0024563708843245635,True
DR 20+,hallmark,gs_ind_0,TNF-alpha Signaling via NF-kB,22/93,6.461196396966755e-05,0.0009476421382217908,3.049009813715696,29.414136001881694,+,DR 20,0.0014594702449619024,True
DR 20+,hallmark,gs_ind_0,UV Response Up,11/36,0.00048220540078602886,0.0042434075269170545,4.225412592477625,32.27006918277949,+,DR 20,0.007357624128549738,True
DR 20+,hallmark,gs_ind_0,p53 Pathway,18/44,4.713627632423846e-08,1.0369980791332462e-06,6.787955544068235,114.51432329727807,+,DR 20,2.5403972082115887e-06,True
DR 20-,lab,gs_ind_0,MP14_EMT_3,10/31,0.0005406708160615204,0.005136372752584444,4.561984984435085,34.31844415681465,-,DR 20,0.008141866406573483,True
DR 20-,lab,gs_ind_0,MP18_INTERFERON_MHC_II_2,13/36,1.972636758902038e-05,0.00037480098419138724,5.445957446808511,58.999076046925126,-,DR 20,0.0005008214977972777,True
DR 21+,lab,gs_ind_0,MP13_EMT_2,10/40,0.004613401681204881,0.020760307565421965,3.1995611204337164,17.2097667263617,+,DR 21,0.0438320720556538,True
DR 21+,lab,gs_ind_0,MP20_MYC,4/7,0.002667000817497594,0.016002004904985566,11.761177753544166,69.70615686312823,+,DR 21,0.02871387796034793,True
DR 21+,lab,gs_ind_0,MP39_METAL_RESPONSE,11/36,0.00048220540078602886,0.00867969721414852,4.225412592477625,32.27006918277949,+,DR 21,0.007357624128549738,True
DR 21+,lab,gs_ind_0,MP6_HYPOXIA,9/30,0.0018441881639332898,0.016002004904985566,4.105956645819418,25.849937434381317,+,DR 21,0.022721976094664705,True
DR 21+,hallmark,gs_ind_0,Estrogen Response Early,13/45,0.00027443218930083994,0.006449156448569739,3.917907692307692,32.13000232506372,+,DR 21,0.004939779407415119,True
DR 21+,hallmark,gs_ind_0,Reactive Oxygen Species Pathway,7/10,8.363928127907535e-06,0.0003931046220116541,19.905869324473976,232.73111084286538,+,DR 21,0.00024393025831264504,True
DR 21+,hallmark,gs_ind_0,Unfolded Protein Response,6/16,0.0031514828378030346,0.03702992334418566,5.698739135757131,32.82406608056813,+,DR 21,0.031986856644485424,True
DR 21+,hallmark,gs_ind_0,mTORC1 Signaling,13/49,0.0006860119522520405,0.010747520585281969,3.4806575342465753,25.35525184951136,+,DR 21,0.009801994034038457,True
DR 21-,lab,gs_ind_0,MP10_PROTEIN_MATURATION,8/14,1.5457047579913812e-05,0.00010304698386609209,12.19040959040959,135.03859791636205,-,DR 21,0.00041897691322495794,True
DR 21-,lab,gs_ind_0,MP14_EMT_3,10/31,0.0005406708160615204,0.0027033540803076015,4.561984984435085,34.31844415681465,-,DR 21,0.008141866406573483,True
DR 21-,lab,gs_ind_0,MP19_EPITHELIAL_SENESCENCE,16/37,1.0822377398097633e-07,1.0822377398097633e-06,7.401966345244848,118.72061765235777,-,DR 21,5.141187118601432e-06,True
DR 21-,lab,gs_ind_0,MP23_SECRETED_2,21/44,9.382063944802836e-11,1.8764127889605673e-09,9.059740413678659,209.186110647361,-,DR 21,8.560901120327023e-09,True
DR 22+,lab,gs_ind_0,MP10_PROTEIN_MATURATION,8/14,1.5457047579913812e-05,6.491959983563802e-05,12.19040959040959,135.03859791636205,+,DR 22,0.00041897691322495794,True
DR 22+,lab,gs_ind_0,MP12_EMT_1,24/47,5.586543320659429e-13,7.942635740347856e-12,10.49936712675547,296.22122214671833,+,DR 22,7.571409300470191e-11,True
DR 22+,lab,gs_ind_0,MP13_EMT_2,22/40,7.564414990807482e-13,7.942635740347856e-12,12.145128321598909,338.9723677469544,+,DR 22,9.959092650754536e-11,True
DR 22+,lab,gs_ind_0,MP14_EMT_3,11/31,0.000106824485721512,0.000373885700025292,5.270802496943175,48.19792256034924,+,DR 22,0.002168490000901882,True
DR 22+,lab,gs_ind_0,MP15_EMT_4,12/37,0.00014008246757100216,0.0004202474027130065,4.617204972174546,40.96974909429703,+,DR 22,0.0027121849183494875,True
DR 22+,lab,gs_ind_0,MP17_INTERFERON_MHC_II_1,12/40,0.00032173233465304283,0.0008445473784642375,4.124203080645912,33.16597763632865,+,DR 22,0.005542215319929799,True
DR 22+,lab,gs_ind_0,MP18_INTERFERON_MHC_II_2,15/36,5.016413533153169e-07,2.6336171049054137e-06,6.91587789130571,100.31743967013438,+,DR 22,2.0547229831795378e-05,True
DR 22+,lab,gs_ind_0,MP39_METAL_RESPONSE,15/36,5.016413533153169e-07,2.6336171049054137e-06,6.91587789130571,100.31743967013438,+,DR 22,2.0547229831795378e-05,True
DR 22+,hallmark,gs_ind_0,Coagulation,19/53,2.4202987032468155e-07,5.929731822954698e-06,5.501137860821656,83.80546018488421,+,DR 22,1.1322575050316067e-05,True
DR 22+,hallmark,gs_ind_0,Complement,20/67,3.3042509207390855e-06,5.3969431705405064e-05,4.192651990086018,52.912529099646626,+,DR 22,0.00010631938526221653,True
DR 22+,hallmark,gs_ind_0,Epithelial Mesenchymal Transition,49/123,4.6551130755067504e-20,2.281005406998308e-18,7.571865240215296,337.0520077428595,+,DR 22,1.2618094736432415e-17,True
DR 22+,hallmark,gs_ind_0,Glycolysis,15/47,2.4747288817396626e-05,0.0003031542880131087,4.546838067592785,48.227377542811446,+,DR 22,0.0006147466677658419,True
DR 22+,hallmark,gs_ind_0,mTORC1 Signaling,13/49,0.0006860119522520405,0.0067229171320699966,3.4806575342465753,25.35525184951136,+,DR 22,0.009801994034038457,True
DR 23+,lab,gs_ind_0,MP19_EPITHELIAL_SENESCENCE,10/37,0.0024789433908547903,0.012692781818215811,3.5546170365068,21.32742802180424,+,DR 23,0.027725658119074934,True
DR 23+,lab,gs_ind_0,MP1_CELL_CYCLE_G2_M,11/45,0.003620292729714398,0.012692781818215811,3.1072999120492524,17.466755483212417,+,DR 23,0.03613383825621725,True
DR 23+,lab,gs_ind_0,MP23_SECRETED_2,12/44,0.000845081237822188,0.00845081237822188,3.6084472556621097,25.53365350308321,+,DR 23,0.011676564749279287,True
DR 23+,lab,gs_ind_0,MP2_CELL_CYCLE_G1_S,9/33,0.003807834545464743,0.012692781818215811,3.5971119518303403,20.038412169513247,+,DR 23,0.03725371886518373,True
DR 23+,lab,gs_ind_0,MP3_CELL_CYCLE_HMG_RICH,5/11,0.002659499577535494,0.012692781818215811,7.766869958685816,46.054566494324,+,DR 23,0.02871387796034793,True
DR 23+,lab,gs_ind_0,MP5_STRESS,11/37,0.0006269497186846939,0.00845081237822188,4.0636730223527655,29.96814274201321,+,DR 23,0.00908485630094047,True
DR 23+,lab,gs_ind_0,MP7_STRESS_IN_VITRO,6/17,0.004470933080813283,0.01277409451660938,5.200290600201185,28.134394569038342,+,DR 23,0.04332714960333882,True
DR 23+,hallmark,gs_ind_0,Cholesterol Homeostasis,6/16,0.0031514828378030346,0.0362420526347349,5.698739135757131,32.82406608056813,+,DR 23,0.031986856644485424,True
DR 23+,hallmark,gs_ind_0,E2F Targets,16/64,0.0003467369660388686,0.010138747157999253,3.2314977788953145,25.74516212626332,+,DR 23,0.005939642897795934,True
DR 23+,hallmark,gs_ind_0,G2-M Checkpoint,14/61,0.0020198954677119072,0.03097173050491591,2.87012840412022,17.80831302567982,+,DR 23,0.024050848359732476,True
DR 23+,hallmark,gs_ind_0,Glycolysis,13/47,0.00044081509382605446,0.010138747157999253,3.6866086956521738,28.486001648149458,+,DR 23,0.00725455697268021,True
DR 23-,lab,gs_ind_0,MP12_EMT_1,22/47,5.2495173869059906e-11,5.249517386905991e-10,8.776569451309935,207.74403080259543,-,DR 23,5.316434311837979e-09,True
DR 23-,lab,gs_ind_0,MP13_EMT_2,19/40,8.750940882826097e-10,5.833960588550732e-09,8.892369786661542,185.46539739039522,-,DR 23,6.720722598010443e-08,True
DR 23-,lab,gs_ind_0,MP14_EMT_3,19/31,2.1363125453439906e-12,4.272625090687981e-11,15.372231404958677,413.0816781786649,-,DR 23,2.660575191606786e-10,True
DR 23-,lab,gs_ind_0,MP18_INTERFERON_MHC_II_2,11/36,0.00048220540078602886,0.0016073513359534295,4.225412592477625,32.27006918277949,-,DR 23,0.007357624128549738,True
DR 23-,lab,gs_ind_0,MP39_METAL_RESPONSE,15/36,5.016413533153169e-07,2.5082067665765844e-06,6.91587789130571,100.31743967013438,-,DR 23,2.0547229831795378e-05,True
DR 23-,lab,gs_ind_0,MP6_HYPOXIA,11/30,7.545357491947078e-05,0.0003018142996778831,5.544212164264935,52.6256230125117,-,DR 23,0.0016715868905236603,True
DR 23-,hallmark,gs_ind_0,Coagulation,13/53,0.0015283486442989088,0.022415780116384,3.129777777777778,20.292125306679296,-,DR 23,0.019727256450782556,True
DR 23-,hallmark,gs_ind_0,Epithelial Mesenchymal Transition,32/123,1.0569112112410214e-07,4.6504093294604935e-06,3.6035575878451787,57.883026440127836,-,DR 23,5.141187118601432e-06,True
DR 23-,hallmark,gs_ind_0,Hypoxia,15/70,0.002906951568010528,0.03197646724811581,2.6279352128408733,15.348850636602599,-,DR 23,0.031115523403931505,True
DR 23-,hallmark,gs_ind_0,Myogenesis,16/57,7.79851832374017e-05,0.0017156740312228374,3.791654422568322,35.86522774196978,-,DR 23,0.0017194053797030958,True
DR 24+,lab,gs_ind_0,MP14_EMT_3,9/31,0.0023774452607899232,0.02139700734710931,3.9212648680011606,23.6912188370526,+,DR 24,0.027184287249925474,True
DR 24+,lab,gs_ind_0,MP39_METAL_RESPONSE,10/36,0.0019784045605385483,0.02139700734710931,3.6908334571386123,22.977152797893527,+,DR 24,0.02361784511648091,True
DR 24+,hallmark,gs_ind_0,Glycolysis,11/47,0.005190642340472539,0.14877463271510635,2.9337116420284093,15.43395719507859,+,DR 24,0.04822274174374487,True
DR 24-,lab,gs_ind_0,MP13_EMT_2,15/40,2.5130974734866414e-06,1.5078584840919849e-05,5.817927170868347,75.01632101504757,-,DR 24,8.452812523960908e-05,True
DR 24-,lab,gs_ind_0,MP14_EMT_3,12/31,1.841555527939586e-05,8.286999875728138e-05,6.05828742433517,66.04935698143535,-,DR 24,0.00048352637451541956,True
DR 24-,lab,gs_ind_0,MP15_EMT_4,11/37,0.0006269497186846939,0.0016121564194749272,4.0636730223527655,29.96814274201321,-,DR 24,0.00908485630094047,True
DR 24-,lab,gs_ind_0,MP17_INTERFERON_MHC_II_1,32/40,3.589661308936109e-26,6.461390356084997e-25,40.67463780764531,2383.0926412943913,-,DR 24,1.6541159311577592e-23,True
DR 24-,lab,gs_ind_0,MP18_INTERFERON_MHC_II_2,15/36,5.016413533153169e-07,4.514772179837852e-06,6.91587789130571,100.31743967013438,-,DR 24,2.0547229831795378e-05,True
DR 24-,lab,gs_ind_0,MP19_EPITHELIAL_SENESCENCE,11/37,0.0006269497186846939,0.0016121564194749272,4.0636730223527655,29.96814274201321,-,DR 24,0.00908485630094047,True
DR 24-,lab,gs_ind_0,MP22_SECRETED_1,10/26,0.00010156676407456485,0.00036564035066843345,5.961107134335481,54.81115331382901,-,DR 24,0.00214667776735452,True
DR 24-,lab,gs_ind_0,MP23_SECRETED_2,12/44,0.000845081237822188,0.001901432785099923,3.6084472556621097,25.53365350308321,-,DR 24,0.011676564749279287,True
DR 24-,hallmark,gs_ind_0,Allograft Rejection,18/84,0.001116512797099305,0.0062803844836835905,2.6440004119888765,17.972711846481005,-,DR 24,0.015021579471630941,True
DR 24-,hallmark,gs_ind_0,Apoptosis,18/55,2.4108979062802704e-06,1.8081734297102027e-05,4.767086757990867,61.66470464814567,-,DR 24,8.41622541828749e-05,True
DR 24-,hallmark,gs_ind_0,Cholesterol Homeostasis,6/16,0.0031514828378030346,0.015757414189015172,5.698739135757131,32.82406608056813,-,DR 24,0.031986856644485424,True
DR 24-,hallmark,gs_ind_0,Complement,21/67,7.438806695194335e-07,6.694926025674901e-06,4.519333872465331,63.774061146207,-,DR 24,2.9806975001265646e-05,True
DR 24-,hallmark,gs_ind_0,IL-6/JAK/STAT3 Signaling,13/33,6.4337134633546384e-06,4.135958655013696e-05,6.253463414634147,74.75364317099516,-,DR 24,0.0001925100755788193,True
DR 24-,hallmark,gs_ind_0,Inflammatory Response,23/76,4.3097023376126107e-07,4.848415129814187e-06,4.324470185599579,63.384740353909436,-,DR 24,1.8473589182994335e-05,True
DR 24-,hallmark,gs_ind_0,Interferon Alpha Response,36/40,3.120295786554484e-33,7.020665519747589e-32,88.58122255994597,6630.072449556838,-,DR 24,1.917109731259075e-30,True
DR 24-,hallmark,gs_ind_0,Interferon Gamma Response,57/81,1.1961654614076181e-41,5.382744576334282e-40,29.054611391594964,2737.725027190342,-,DR 24,1.3779826115415763e-38,True
DR 24-,hallmark,gs_ind_0,TNF-alpha Signaling via NF-kB,29/93,5.131696497550495e-09,7.697544746325743e-08,4.63098063145524,88.39536885530487,-,DR 24,3.402425533915494e-07,True
DR 25+,lab,gs_ind_0,MP12_EMT_1,11/47,0.005190642340472539,0.018167248191653888,2.9337116420284093,15.43395719507859,+,DR 25,0.04822274174374487,True
DR 25+,lab,gs_ind_0,MP13_EMT_2,30/40,4.45580868348549e-23,9.35719823531953e-22,30.50425918167854,1569.9092812820397,+,DR 25,1.642589313080091e-20,True
DR 25+,lab,gs_ind_0,MP14_EMT_3,20/31,1.285998500321879e-13,1.3502984253379729e-12,17.673009755510055,524.5715259155003,+,DR 25,1.8518378404635057e-11,True
DR 25+,lab,gs_ind_0,MP19_EPITHELIAL_SENESCENCE,10/37,0.0024789433908547903,0.01041156224159012,3.5546170365068,21.32742802180424,+,DR 25,0.027725658119074934,True
DR 25+,lab,gs_ind_0,MP22_SECRETED_1,11/26,1.5337697645936506e-05,0.00010736388352155555,6.990637501063921,77.49259288709493,+,DR 25,0.00041897691322495794,True
DR 25+,lab,gs_ind_0,MP39_METAL_RESPONSE,12/36,0.0001036536031328951,0.0005441814164476993,4.808368970930547,44.11416934971604,+,DR 25,0.00214667776735452,True
DR 25+,hallmark,gs_ind_0,Apoptosis,16/55,4.811789316422528e-05,0.0010826525961950687,3.988165071524133,39.64976464307132,+,DR 25,0.0011483864695872577,True
DR 25+,hallmark,gs_ind_0,Epithelial Mesenchymal Transition,43/123,4.355464521938737e-15,1.9599590348724314e-13,5.9029281277728485,195.19416165647928,+,DR 25,7.719223275805269e-13,True
DR 25+,hallmark,gs_ind_0,Hypoxia,16/70,0.0010169272055556603,0.014199538381902146,2.8658909524875065,19.74876783775596,+,DR 25,0.013802652616201717,True
DR 25+,hallmark,gs_ind_0,Reactive Oxygen Species Pathway,5/10,0.0015777264868780162,0.014199538381902146,9.184143222506394,59.25398339743649,+,DR 25,0.020117393830645553,True
DR 25+,hallmark,gs_ind_0,TNF-alpha Signaling via NF-kB,19/93,0.0014977120488090597,0.014199538381902146,2.48982195351933,16.193345442284368,+,DR 25,0.019358926005363663,True
DR 25-,lab,gs_ind_0,MP10_PROTEIN_MATURATION,8/14,1.5457047579913812e-05,0.00013911342821922433,12.19040959040959,135.03859791636205,-,DR 25,0.00041897691322495794,True
DR 25-,lab,gs_ind_0,MP17_INTERFERON_MHC_II_1,10/40,0.004613401681204881,0.016608246052337572,3.1995611204337164,17.2097667263617,-,DR 25,0.0438320720556538,True
DR 25-,lab,gs_ind_0,MP5_STRESS,11/37,0.0006269497186846939,0.0037616983121081635,4.0636730223527655,29.96814274201321,-,DR 25,0.00908485630094047,True
DR 25-,lab,gs_ind_0,MP6_HYPOXIA,9/30,0.0018441881639332898,0.008298846737699804,4.105956645819418,25.849937434381317,-,DR 25,0.022721976094664705,True
DR 25-,lab,gs_ind_0,MP7_STRESS_IN_VITRO,10/17,8.387619495658908e-07,1.5097715092186035e-05,13.180577427821522,184.41392571522113,-,DR 25,3.2893745222124466e-05,True
DR 25-,hallmark,gs_ind_0,Glycolysis,16/47,5.057843930604054e-06,0.00011127256647328919,5.023744999354755,61.26241139381469,-,DR 25,0.00015694642984662277,True
DR 25-,hallmark,gs_ind_0,Hypoxia,19/70,2.7231470658490233e-05,0.00039939490299119014,3.6497632993661235,38.36316294767371,-,DR 25,0.0006681562618439776,True
DR 25-,hallmark,gs_ind_0,Interferon Alpha Response,12/40,0.00032173233465304283,0.003539055681183471,4.124203080645912,33.16597763632865,-,DR 25,0.005542215319929799,True
DR 25-,hallmark,gs_ind_0,Unfolded Protein Response,7/16,0.00047032063077736506,0.004138821550840813,7.309261525907793,56.004262789456,-,DR 25,0.007357624128549738,True
DR 25-,hallmark,gs_ind_0,mTORC1 Signaling,19/49,5.525072478301185e-08,2.4310318904525214e-06,6.236688795556158,104.22370371093733,-,DR 25,2.948657440744924e-06,True
DR 25-,hallmark,gs_ind_0,p53 Pathway,11/44,0.0029926320582315345,0.021945968427031254,3.201866656165085,18.60797463635411,-,DR 25,0.03166486457940508,True
DR 26+,lab,gs_ind_0,MP20_MYC,4/7,0.002667000817497594,0.014224004359987169,11.761177753544166,69.70615686312823,+,DR 26,0.02871387796034793,True
DR 26+,lab,gs_ind_0,MP21_RESPIRATION,3/4,0.0036541598583761372,0.014616639433504549,21.259915611814346,119.30828811722127,+,DR 26,0.03613383825621725,True
DR 26+,lab,gs_ind_0,MP3_CELL_CYCLE_HMG_RICH,7/11,2.1058022717423192e-05,0.00033692836347877107,15.473729543496985,166.6246623376999,+,DR 26,0.0005317006503117045,True
DR 26+,lab,gs_ind_0,MP6_HYPOXIA,9/30,0.0018441881639332898,0.014224004359987169,4.105956645819418,25.849937434381317,+,DR 26,0.022721976094664705,True
DR 26+,hallmark,gs_ind_0,Androgen Response,7/20,0.002246635809414446,0.029206265522387795,5.132070054550675,31.29701252450603,+,DR 26,0.026342233612676253,True
DR 26+,hallmark,gs_ind_0,Cholesterol Homeostasis,6/16,0.0031514828378030346,0.030726957668579587,5.698739135757131,32.82406608056813,+,DR 26,0.031986856644485424,True
DR 26+,hallmark,gs_ind_0,E2F Targets,19/64,6.4801517483309875e-06,0.0002527259181849085,4.14521841794569,49.521957069251535,+,DR 26,0.00019264864036328512,True
DR 26+,hallmark,gs_ind_0,mTORC1 Signaling,14/49,0.0001808341096007929,0.003526265137215462,3.8665936638598346,33.32203534510104,+,DR 26,0.0033198548886073853,True
DR 26-,lab,gs_ind_0,MP10_PROTEIN_MATURATION,7/14,0.00016816930893802333,0.0004484514905013955,9.268733850129198,80.55029573707145,-,DR 26,0.0031403823549784543,True
DR 26-,lab,gs_ind_0,MP14_EMT_3,11/31,0.000106824485721512,0.000427297942886048,5.270802496943175,48.19792256034924,-,DR 26,0.002168490000901882,True
DR 26-,lab,gs_ind_0,MP15_EMT_4,10/37,0.0024789433908547903,0.004957886781709581,3.5546170365068,21.32742802180424,-,DR 26,0.027725658119074934,True
DR 26-,lab,gs_ind_0,MP17_INTERFERON_MHC_II_1,34/40,1.551843294703015e-29,2.482949271524824e-28,57.205128205128204,3794.7321692797573,-,DR 26,7.945437668879437e-27,True
DR 26-,lab,gs_ind_0,MP18_INTERFERON_MHC_II_2,23/36,2.188839252652475e-15,1.75107140212198e-14,17.52999478351591,591.7320737970952,-,DR 26,4.1168046025398384e-13,True
DR 26-,lab,gs_ind_0,MP19_EPITHELIAL_SENESCENCE,12/37,0.00014008246757100216,0.0004482638962272069,4.617204972174546,40.96974909429703,-,DR 26,0.0027121849183494875,True
DR 26-,lab,gs_ind_0,MP23_SECRETED_2,21/44,9.382063944802836e-11,5.003767437228179e-10,9.059740413678659,209.186110647361,-,DR 26,8.560901120327023e-09,True
DR 26-,lab,gs_ind_0,MP5_STRESS,10/37,0.0024789433908547903,0.004957886781709581,3.5546170365068,21.32742802180424,-,DR 26,0.027725658119074934,True
DR 26-,hallmark,gs_ind_0,Apoptosis,14/55,0.0006745503680608378,0.0064082284965779595,3.2963274007558385,24.06801654251319,-,DR 26,0.009743975222646835,True
DR 26-,hallmark,gs_ind_0,Coagulation,12/53,0.004738249092569799,0.02572192364537891,2.8115112971781024,15.047454754456218,-,DR 26,0.04483337129068097,True
DR 26-,hallmark,gs_ind_0,Complement,18/67,5.2203433420396796e-05,0.0006612434899916928,3.5868548498685486,35.36768830458141,-,DR 26,0.0012223042452048445,True
DR 26-,hallmark,gs_ind_0,IL-6/JAK/STAT3 Signaling,9/33,0.003807834545464743,0.024116285454610042,3.5971119518303403,20.038412169513247,-,DR 26,0.03725371886518373,True
DR 26-,hallmark,gs_ind_0,Interferon Alpha Response,26/40,1.439050275141756e-17,2.7341955227693365e-16,18.710502914731745,725.5926147870704,-,DR 26,3.084252868768936e-15,True
DR 26-,hallmark,gs_ind_0,Interferon Gamma Response,39/81,1.6144760444584879e-19,6.1350089689422545e-18,10.119941722819158,437.89095403068495,-,DR 26,3.915529269928796e-17,True
DR 26-,hallmark,gs_ind_0,UV Response Up,10/36,0.0019784045605385483,0.015035874660092968,3.6908334571386123,22.977152797893527,-,DR 26,0.02361784511648091,True
DR 27+,lab,gs_ind_0,MP14_EMT_3,12/31,1.841555527939586e-05,0.00011663185010284046,6.05828742433517,66.04935698143535,+,DR 27,0.00048352637451541956,True
DR 27+,lab,gs_ind_0,MP17_INTERFERON_MHC_II_1,11/40,0.0012931995232216237,0.004095131823535142,3.644246679486606,24.236557725058546,+,DR 27,0.017173093380418565,True
DR 27+,lab,gs_ind_0,MP18_INTERFERON_MHC_II_2,11/36,0.00048220540078602886,0.0018323805229869098,4.225412592477625,32.27006918277949,+,DR 27,0.007357624128549738,True
DR 27+,lab,gs_ind_0,MP1_CELL_CYCLE_G2_M,11/45,0.003620292729714398,0.009826508837796224,3.1072999120492524,17.466755483212417,+,DR 27,0.03613383825621725,True
DR 27+,lab,gs_ind_0,MP20_MYC,6/7,5.993307877988765e-06,5.693642484089327e-05,40.0916880891174,482.09721967805115,+,DR 27,0.0001810961488640802,True
DR 27+,lab,gs_ind_0,MP21_RESPIRATION,4/4,9.731911478979302e-05,0.0004622657952515169,82.46564885496183,761.7776794946161,+,DR 27,0.0021004519014115514,True
DR 27+,lab,gs_ind_0,MP3_CELL_CYCLE_HMG_RICH,8/11,1.1101597910414389e-06,2.109303602978734e-05,22.67717996289425,310.92696407503706,+,DR 27,4.1760133200971025e-05,True
DR 27+,hallmark,gs_ind_0,DNA Repair,6/16,0.0031514828378030346,0.01980932069476193,5.698739135757131,32.82406608056813,+,DR 27,0.031986856644485424,True
DR 27+,hallmark,gs_ind_0,E2F Targets,20/64,1.471580336616457e-06,6.474953481112411e-05,4.4829593202402815,60.2024392926625,+,DR 27,5.468582412200511e-05,True
DR 27+,hallmark,gs_ind_0,Interferon Alpha Response,11/40,0.0012931995232216237,0.011380155804350289,3.644246679486606,24.236557725058546,+,DR 27,0.017173093380418565,True
DR 27+,hallmark,gs_ind_0,Myc Targets V1,7/16,0.00047032063077736506,0.005173526938551016,7.309261525907793,56.004262789456,+,DR 27,0.007357624128549738,True
DR 27+,hallmark,gs_ind_0,Oxidative Phosphorylation,4/5,0.00044837002986319467,0.005173526938551016,27.47328244274809,211.81603246804076,+,DR 27,0.007262176090016173,True
DR 27+,hallmark,gs_ind_0,Pperoxisome,6/15,0.002146047010168408,0.01573767807456833,6.302124205114328,38.721056080646456,+,DR 27,0.025487073770247483,True
DR 27+,hallmark,gs_ind_0,Reactive Oxygen Species Pathway,6/10,0.0001385765478863414,0.0030486840534995107,13.3416166809483,118.52809255586541,+,DR 27,0.0027121849183494875,True
DR 27-,lab,gs_ind_0,MP5_STRESS,12/37,0.00014008246757100216,0.002801649351420043,4.617204972174546,40.96974909429703,-,DR 27,0.0027121849183494875,True
DR 27-,lab,gs_ind_0,MP6_HYPOXIA,10/30,0.000400720386919582,0.0040072038691958195,4.787209525638564,37.446733738704815,-,DR 27,0.006763807849543714,True
DR 27-,lab,gs_ind_0,MP7_STRESS_IN_VITRO,6/17,0.004470933080813283,0.029806220538755222,5.200290600201185,28.134394569038342,-,DR 27,0.04332714960333882,True
DR 27-,hallmark,gs_ind_0,Glycolysis,11/47,0.005190642340472539,0.07439920688010639,2.9337116420284093,15.43395719507859,-,DR 27,0.04822274174374487,True
DR 27-,hallmark,gs_ind_0,Hypoxia,16/70,0.0010169272055556603,0.03392111946787735,2.8658909524875065,19.74876783775596,-,DR 27,0.013802652616201717,True
DR 27-,hallmark,gs_ind_0,TGF-beta Signaling,5/10,0.0015777264868780162,0.03392111946787735,9.184143222506394,59.25398339743649,-,DR 27,0.020117393830645553,True
DR 28+,lab,gs_ind_0,MP14_EMT_3,18/31,3.096387623305852e-11,5.573497721950535e-10,13.422120750887874,324.791160659161,+,DR 28,3.206326779369296e-09,True
DR 28+,lab,gs_ind_0,MP19_EPITHELIAL_SENESCENCE,16/37,1.0822377398097633e-07,9.74013965828787e-07,7.401966345244848,118.72061765235777,+,DR 28,5.141187118601432e-06,True
DR 28+,lab,gs_ind_0,MP7_STRESS_IN_VITRO,8/17,9.579192386277696e-05,0.0005747515431766618,8.326862611073137,77.05122574582239,+,DR 28,0.002082118797923001,True
DR 28+,hallmark,gs_ind_0,Cholesterol Homeostasis,6/16,0.0031514828378030346,0.03466631121583338,5.698739135757131,32.82406608056813,+,DR 28,0.031986856644485424,True
DR 28+,hallmark,gs_ind_0,Unfolded Protein Response,8/16,5.5432325630216626e-05,0.0024390223277295313,9.311688311688311,91.25778256286647,+,DR 28,0.0012582864852415674,True
DR 28+,hallmark,gs_ind_0,mTORC1 Signaling,13/49,0.0006860119522520405,0.015092262949544891,3.4806575342465753,25.35525184951136,+,DR 28,0.009801994034038457,True
DR 28+,hallmark,gs_ind_0,p53 Pathway,11/44,0.0029926320582315345,0.03466631121583338,3.201866656165085,18.60797463635411,+,DR 28,0.03166486457940508,True
DR 28-,lab,gs_ind_0,MP20_MYC,4/7,0.002667000817497594,0.019950880388210232,11.761177753544166,69.70615686312823,-,DR 28,0.02871387796034793,True
DR 28-,lab,gs_ind_0,MP23_SECRETED_2,11/44,0.0029926320582315345,0.019950880388210232,3.201866656165085,18.60797463635411,-,DR 28,0.03166486457940508,True
DR 28-,lab,gs_ind_0,MP6_HYPOXIA,9/30,0.0018441881639332898,0.019950880388210232,4.105956645819418,25.849937434381317,-,DR 28,0.022721976094664705,True
DR 29+,lab,gs_ind_0,MP13_EMT_2,13/40,7.132734685467942e-05,0.000499291427982756,4.643345454545455,44.33573388785754,+,DR 29,0.0015916533380453404,True
DR 29+,lab,gs_ind_0,MP14_EMT_3,22/31,3.033601770400624e-16,6.370563717841311e-15,23.77045555064131,849.3566679673626,+,DR 29,6.212816425780478e-14,True
DR 29+,lab,gs_ind_0,MP19_EPITHELIAL_SENESCENCE,17/37,1.3615028529052392e-08,1.4295779955505012e-07,8.283046454442745,150.02329623756034,+,DR 29,8.30967569031436e-07,True
DR 29+,hallmark,gs_ind_0,Glycolysis,15/47,2.4747288817396626e-05,0.0009898915526958649,4.546838067592785,48.227377542811446,+,DR 29,0.0006147466677658419,True
DR 29+,hallmark,gs_ind_0,p53 Pathway,11/44,0.0029926320582315345,0.05985264116463069,3.201866656165085,18.60797463635411,+,DR 29,0.03166486457940508,True
DR 29-,lab,gs_ind_0,MP10_PROTEIN_MATURATION,10/14,5.6659572795070065e-08,3.3655942027910006e-07,22.00437445319335,367.16950043437316,-,DR 29,2.9669012663600323e-06,True
DR 29-,lab,gs_ind_0,MP12_EMT_1,23/47,5.660811423761452e-12,1.1321622847522903e-10,9.599942512216154,248.61406839261036,-,DR 29,6.775329620959161e-10,True
DR 29-,lab,gs_ind_0,MP13_EMT_2,10/40,0.004613401681204881,0.013181147660585375,3.1995611204337164,17.2097667263617,-,DR 29,0.0438320720556538,True
DR 29-,lab,gs_ind_0,MP15_EMT_4,12/37,0.00014008246757100216,0.0004669415585700072,4.617204972174546,40.96974909429703,-,DR 29,0.0027121849183494875,True
DR 29-,lab,gs_ind_0,MP18_INTERFERON_MHC_II_2,16/36,6.731188405582002e-08,3.3655942027910006e-07,7.767400356930398,128.27029826205302,-,DR 29,3.4084962827386664e-06,True
DR 29-,lab,gs_ind_0,MP39_METAL_RESPONSE,16/36,6.731188405582002e-08,3.3655942027910006e-07,7.767400356930398,128.27029826205302,-,DR 29,3.4084962827386664e-06,True
DR 29-,lab,gs_ind_0,MP6_HYPOXIA,13/30,1.767860894658856e-06,7.071443578635424e-06,7.337828571428571,97.1949714494191,-,DR 29,6.414411813061425e-05,True
DR 29-,hallmark,gs_ind_0,Cholesterol Homeostasis,6/16,0.0031514828378030346,0.027733048972666704,5.698739135757131,32.82406608056813,-,DR 29,0.031986856644485424,True
DR 29-,hallmark,gs_ind_0,Coagulation,14/53,0.0004469713429321258,0.004916684772253384,3.467166661010622,26.742312191693923,-,DR 29,0.007262176090016173,True
DR 29-,hallmark,gs_ind_0,Epithelial Mesenchymal Transition,37/123,9.00116554515448e-11,3.9605128398679715e-09,4.546057167099751,105.15522087686934,-,DR 29,8.560901120327023e-09,True
DR 29-,hallmark,gs_ind_0,Glycolysis,11/47,0.005190642340472539,0.03806471049679862,2.9337116420284093,15.43395719507859,-,DR 29,0.04822274174374487,True
DR 29-,hallmark,gs_ind_0,Hypoxia,21/70,1.6803227697700137e-06,3.69671009349403e-05,4.238175628147773,56.35300674519324,-,DR 29,6.145180415158907e-05,True
DR 29-,hallmark,gs_ind_0,mTORC1 Signaling,14/49,0.0001808341096007929,0.002652233607478296,3.8665936638598346,33.32203534510104,-,DR 29,0.0033198548886073853,True
DR 30+,lab,gs_ind_0,MP14_EMT_3,9/31,0.0023774452607899232,0.022310490517693113,3.9212648680011606,23.6912188370526,+,DR 30,0.027184287249925474,True
DR 30+,lab,gs_ind_0,MP5_STRESS,10/37,0.0024789433908547903,0.022310490517693113,3.5546170365068,21.32742802180424,+,DR 30,0.027725658119074934,True
DR 30+,hallmark,gs_ind_0,Cholesterol Homeostasis,6/16,0.0031514828378030346,0.031514828378030345,5.698739135757131,32.82406608056813,+,DR 30,0.031986856644485424,True
DR 30+,hallmark,gs_ind_0,E2F Targets,18/64,2.642888726238035e-05,0.0006607221815595087,3.8248048313448226,40.317470180031854,+,DR 30,0.0006529989946651402,True
DR 30+,hallmark,gs_ind_0,G2-M Checkpoint,14/61,0.0020198954677119072,0.02524869334639884,2.87012840412022,17.80831302567982,+,DR 30,0.024050848359732476,True
DR 30+,hallmark,gs_ind_0,mTORC1 Signaling,16/49,9.380103359376977e-06,0.00046900516796884883,4.718480766897221,54.625473302418406,+,DR 30,0.00026930539738323435,True
DR 30+,hallmark,gs_ind_0,p53 Pathway,13/44,0.00021375231310060598,0.0035625385516767664,4.0445714285714285,34.179429957609045,+,DR 30,0.003908613725268224,True
DR 30-,lab,gs_ind_0,MP10_PROTEIN_MATURATION,10/14,5.6659572795070065e-08,3.777304853004671e-07,22.00437445319335,367.16950043437316,-,DR 30,2.9669012663600323e-06,True
DR 30-,lab,gs_ind_0,MP12_EMT_1,12/47,0.0015956830393014216,0.004559094398004062,3.2979041356894685,21.23999789238365,-,DR 30,0.020117393830645553,True
DR 30-,lab,gs_ind_0,MP14_EMT_3,13/31,2.7789392831765666e-06,1.1115757132706267e-05,6.937297297297297,88.75190544758766,-,DR 30,9.114129691727843e-05,True
DR 30-,lab,gs_ind_0,MP15_EMT_4,10/37,0.0024789433908547903,0.005508763090788423,3.5546170365068,21.32742802180424,-,DR 30,0.027725658119074934,True
DR 30-,lab,gs_ind_0,MP17_INTERFERON_MHC_II_1,15/40,2.5130974734866414e-06,1.1115757132706267e-05,5.817927170868347,75.01632101504757,-,DR 30,8.452812523960908e-05,True
DR 30-,lab,gs_ind_0,MP18_INTERFERON_MHC_II_2,20/36,7.046380102779776e-12,1.409276020555955e-10,12.28313606983967,315.4125966760852,-,DR 30,8.220182155344103e-10,True
DR 30-,lab,gs_ind_0,MP19_EPITHELIAL_SENESCENCE,13/37,2.776013555350533e-05,9.25337851783511e-05,5.220734693877551,54.77547613677655,-,DR 30,0.0006750327421137337,True
DR 30-,lab,gs_ind_0,MP23_SECRETED_2,20/44,8.198431184075148e-10,8.198431184075147e-09,8.235230934479056,172.29674490041774,-,DR 30,6.627784367757594e-08,True
DR 30-,lab,gs_ind_0,MP39_METAL_RESPONSE,10/36,0.0019784045605385483,0.00494601140134637,3.6908334571386123,22.977152797893527,-,DR 30,0.02361784511648091,True
DR 30-,hallmark,gs_ind_0,Coagulation,17/53,6.393312171336814e-06,0.00026212579902480936,4.610316897465567,55.14057995743256,-,DR 30,0.00019192431586658004,True
DR 30-,hallmark,gs_ind_0,Complement,18/67,5.2203433420396796e-05,0.0010701703851181343,3.5868548498685486,35.36768830458141,-,DR 30,0.0012223042452048445,True
DR 30-,hallmark,gs_ind_0,Interferon Alpha Response,10/40,0.004613401681204881,0.06304982297646672,3.1995611204337164,17.2097667263617,-,DR 30,0.0438320720556538,True
DR 31+,lab,gs_ind_0,MP14_EMT_3,12/31,1.841555527939586e-05,0.0003498955503085214,6.05828742433517,66.04935698143535,+,DR 31,0.00048352637451541956,True
DR 31+,lab,gs_ind_0,MP18_INTERFERON_MHC_II_2,10/36,0.0019784045605385483,0.01879484332511621,3.6908334571386123,22.977152797893527,+,DR 31,0.02361784511648091,True
DR 31-,lab,gs_ind_0,MP14_EMT_3,9/31,0.0023774452607899232,0.015699974808747005,3.9212648680011606,23.6912188370526,-,DR 31,0.027184287249925474,True
DR 31-,lab,gs_ind_0,MP19_EPITHELIAL_SENESCENCE,10/37,0.0024789433908547903,0.015699974808747005,3.5546170365068,21.32742802180424,-,DR 31,0.027725658119074934,True
DR 31-,lab,gs_ind_0,MP20_MYC,5/7,0.00016935438698180248,0.0032177333526542473,20.238874680306907,175.74461384929927,-,DR 31,0.0031403823549784543,True
DR 31-,hallmark,gs_ind_0,Androgen Response,9/20,5.291877103263162e-05,0.0005821064813589478,7.719491429220116,76.0119210824779,-,DR 31,0.0012223042452048445,True
DR 31-,hallmark,gs_ind_0,Estrogen Response Early,18/45,7.169496475591144e-08,3.1545784492601034e-06,6.537434620174346,107.54632571540039,-,DR 31,3.590982582556956e-06,True
DR 31-,hallmark,gs_ind_0,Estrogen Response Late,20/65,1.9398403704596036e-06,4.267648815011128e-05,4.3819366229338526,57.635195554578196,-,DR 31,6.82349956265485e-05,True
DR 31-,hallmark,gs_ind_0,Fatty Acid Metabolism,8/27,0.0036112996556440864,0.031779436969667965,4.034032634032634,22.686139124561574,-,DR 31,0.03613383825621725,True
DR 31-,hallmark,gs_ind_0,p53 Pathway,15/44,9.960890575215879e-06,0.0001460930617698329,5.017725798346201,57.788365631575076,-,DR 31,0.00028246020781904474,True
DR 32+,lab,gs_ind_0,MP6_HYPOXIA,9/30,0.0018441881639332898,0.03319538695079922,4.105956645819418,25.849937434381317,+,DR 32,0.022721976094664705,True
DR 32+,hallmark,gs_ind_0,Androgen Response,11/20,5.750780078063129e-07,2.5303432343477766e-05,11.444104985418692,164.43759954788993,+,DR 32,2.3347660440277444e-05,True
DR 32+,hallmark,gs_ind_0,Estrogen Response Early,12/45,0.0010525899827390427,0.01157848981012947,3.4987529197513756,23.989204648608986,+,DR 32,0.01420302969388436,True
DR 32+,hallmark,gs_ind_0,Fatty Acid Metabolism,9/27,0.0007892992037056952,0.011576388321016864,4.779832051372521,34.14886524442345,+,DR 32,0.011021487062654073,True
DR 32+,hallmark,gs_ind_0,Glycolysis,11/47,0.005190642340472539,0.03806471049679862,2.9337116420284093,15.43395719507859,+,DR 32,0.04822274174374487,True
DR 32+,hallmark,gs_ind_0,Xenobiotic Metabolism,11/46,0.0043492688870069565,0.03806471049679862,3.0180608718272697,16.41145302086597,+,DR 32,0.04237089012965762,True
DR 32+,hallmark,gs_ind_0,mTORC1 Signaling,16/49,9.380103359376977e-06,0.0002063622739062935,4.718480766897221,54.625473302418406,+,DR 32,0.00026930539738323435,True
DR 32-,lab,gs_ind_0,MP14_EMT_3,18/31,3.096387623305852e-11,5.883136484281119e-10,13.422120750887874,324.791160659161,-,DR 32,3.206326779369296e-09,True
DR 32-,lab,gs_ind_0,MP18_INTERFERON_MHC_II_2,11/36,0.00048220540078602886,0.0030539675383115163,4.225412592477625,32.27006918277949,-,DR 32,0.007357624128549738,True
DR 32-,lab,gs_ind_0,MP20_MYC,4/7,0.002667000817497594,0.012668253883113573,11.761177753544166,69.70615686312823,-,DR 32,0.02871387796034793,True
DR 32-,lab,gs_ind_0,MP39_METAL_RESPONSE,11/36,0.00048220540078602886,0.0030539675383115163,4.225412592477625,32.27006918277949,-,DR 32,0.007357624128549738,True
DR 33+,lab,gs_ind_0,MP10_PROTEIN_MATURATION,6/14,0.00140315100501124,0.008886623031737853,7.047482231967337,46.295156411688296,+,DR 33,0.018213295298850123,True
DR 33+,lab,gs_ind_0,MP17_INTERFERON_MHC_II_1,10/40,0.004613401681204881,0.021913657985723187,3.1995611204337164,17.2097667263617,+,DR 33,0.0438320720556538,True
DR 33+,lab,gs_ind_0,MP18_INTERFERON_MHC_II_2,11/36,0.00048220540078602886,0.0045809513074672745,4.225412592477625,32.27006918277949,+,DR 33,0.007357624128549738,True
DR 33+,lab,gs_ind_0,MP6_HYPOXIA,10/30,0.000400720386919582,0.0045809513074672745,4.787209525638564,37.446733738704815,+,DR 33,0.006763807849543714,True
DR 33+,hallmark,gs_ind_0,Interferon Alpha Response,10/40,0.004613401681204881,0.172946446087267,3.1995611204337164,17.2097667263617,+,DR 33,0.0438320720556538,True
DR 33-,lab,gs_ind_0,MP13_EMT_2,15/40,2.5130974734866414e-06,1.759168231440649e-05,5.817927170868347,75.01632101504757,-,DR 33,8.452812523960908e-05,True
DR 33-,lab,gs_ind_0,MP14_EMT_3,19/31,2.1363125453439906e-12,4.48625634522238e-11,15.372231404958677,413.0816781786649,-,DR 33,2.660575191606786e-10,True
DR 33-,lab,gs_ind_0,MP19_EPITHELIAL_SENESCENCE,12/37,0.00014008246757100216,0.0004902886364985076,4.617204972174546,40.96974909429703,-,DR 33,0.0027121849183494875,True
DR 33-,lab,gs_ind_0,MP22_SECRETED_1,14/26,2.1169268230343286e-08,2.222773164186045e-07,11.124182305630027,196.5722586766459,-,DR 33,1.2751370981100897e-06,True
DR 33-,lab,gs_ind_0,MP39_METAL_RESPONSE,13/36,1.972636758902038e-05,8.28507438738856e-05,5.445957446808511,58.999076046925126,-,DR 33,0.0005008214977972777,True
DR 33-,lab,gs_ind_0,MP5_STRESS,14/37,4.894795962278927e-06,2.5697678801964367e-05,5.880725571844161,71.90561905068085,-,DR 33,0.0001524001337444682,True
DR 33-,lab,gs_ind_0,MP6_HYPOXIA,9/30,0.0018441881639332898,0.005532564491799869,4.105956645819418,25.849937434381317,-,DR 33,0.022721976094664705,True
DR 33-,hallmark,gs_ind_0,Cholesterol Homeostasis,7/16,0.00047032063077736506,0.004232885676996286,7.309261525907793,56.004262789456,-,DR 33,0.007357624128549738,True
DR 33-,hallmark,gs_ind_0,Epithelial Mesenchymal Transition,33/123,2.8170762043813174e-08,1.2676842919715928e-06,3.780110497237569,65.71714994282064,-,DR 33,1.6749789870695628e-06,True
DR 33-,hallmark,gs_ind_0,Glycolysis,15/47,2.4747288817396626e-05,0.00027840699919571204,4.546838067592785,48.227377542811446,-,DR 33,0.0006147466677658419,True
DR 33-,hallmark,gs_ind_0,Hypoxia,20/70,7.0128417306973415e-06,0.00010519262596046012,3.9368366199500837,46.72146191408534,-,DR 33,0.00020714855573752147,True
DR 33-,hallmark,gs_ind_0,IL-2/STAT5 Signaling,14/67,0.005089950698728431,0.028630972680347425,2.539525444113152,13.4099314350564,-,DR 33,0.047915204943290324,True
DR 33-,hallmark,gs_ind_0,TNF-alpha Signaling via NF-kB,25/93,1.5997360641219624e-06,3.599406144274416e-05,3.674901740595171,49.04403290298948,-,DR 33,5.87377193902311e-05,True
DR 33-,hallmark,gs_ind_0,UV Response Dn,10/35,0.001562793682829515,0.011720952621221362,3.837733518604292,24.796671738647785,-,DR 33,0.020117393830645553,True
DR 33-,hallmark,gs_ind_0,p53 Pathway,11/44,0.0029926320582315345,0.01923834894577415,3.201866656165085,18.60797463635411,-,DR 33,0.03166486457940508,True
DR 34+,hallmark,gs_ind_0,mTORC1 Signaling,15/49,4.320330277245632e-05,0.0018145387164431653,4.278409312863784,42.996274902517925,+,DR 34,0.0010395865231095493,True
DR 34-,lab,gs_ind_0,MP15_EMT_4,10/37,0.0024789433908547903,0.0066105157089461075,3.5546170365068,21.32742802180424,-,DR 34,0.027725658119074934,True
DR 34-,lab,gs_ind_0,MP17_INTERFERON_MHC_II_1,30/40,4.45580868348549e-23,7.129293893576784e-22,30.50425918167854,1569.9092812820397,-,DR 34,1.642589313080091e-20,True
DR 34-,lab,gs_ind_0,MP18_INTERFERON_MHC_II_2,11/36,0.00048220540078602886,0.002571762137525487,4.225412592477625,32.27006918277949,-,DR 34,0.007357624128549738,True
DR 34-,lab,gs_ind_0,MP19_EPITHELIAL_SENESCENCE,10/37,0.0024789433908547903,0.0066105157089461075,3.5546170365068,21.32742802180424,-,DR 34,0.027725658119074934,True
DR 34-,lab,gs_ind_0,MP5_STRESS,14/37,4.894795962278927e-06,3.9158367698231414e-05,5.880725571844161,71.90561905068085,-,DR 34,0.0001524001337444682,True
DR 34-,lab,gs_ind_0,MP7_STRESS_IN_VITRO,7/17,0.0007324907256175764,0.0029299629024703054,6.609449981543005,47.714015180221494,-,DR 34,0.010259322989804838,True
DR 34-,hallmark,gs_ind_0,Apoptosis,19/55,4.7514454611635663e-07,6.493642130256875e-06,5.193818634665459,75.62016471643383,-,DR 34,2.01794107696237e-05,True
DR 34-,hallmark,gs_ind_0,Complement,21/67,7.438806695194335e-07,7.624776862574193e-06,4.519333872465331,63.774061146207,-,DR 34,2.9806975001265646e-05,True
DR 34-,hallmark,gs_ind_0,Hypoxia,17/70,0.0003285323785232208,0.0022449712532420086,3.11505258600932,24.985447909646208,-,DR 34,0.0056382763509683475,True
DR 34-,hallmark,gs_ind_0,IL-6/JAK/STAT3 Signaling,9/33,0.003807834545464743,0.017346801818228275,3.5971119518303403,20.038412169513247,-,DR 34,0.03725371886518373,True
DR 34-,hallmark,gs_ind_0,Inflammatory Response,21/76,7.321214104309135e-06,6.00339556553349e-05,3.7670455971291625,44.544313592818796,-,DR 34,0.00021487996555832163,True
DR 34-,hallmark,gs_ind_0,Interferon Alpha Response,38/40,2.1917771332127953e-37,8.986286246172461e-36,170.44246153846154,14387.207669938223,-,DR 34,1.8363107326990109e-34,True
DR 34-,hallmark,gs_ind_0,Interferon Gamma Response,50/81,4.5539006073511846e-32,9.335496245069928e-31,18.849285450614353,1360.2914603174247,-,DR 34,2.623046749834283e-29,True
DR 34-,hallmark,gs_ind_0,TNF-alpha Signaling via NF-kB,20/93,0.0005599417466895578,0.0032796588020388385,2.6693613733582073,19.98731790458649,-,DR 34,0.008377310288134683,True
DR 34-,hallmark,gs_ind_0,p53 Pathway,12/44,0.000845081237822188,0.0043310413438387135,3.6084472556621097,25.53365350308321,-,DR 34,0.011676564749279287,True
DR 35+,lab,gs_ind_0,MP17_INTERFERON_MHC_II_1,13/40,7.132734685467942e-05,0.0012838922433842297,4.643345454545455,44.33573388785754,+,DR 35,0.0015916533380453404,True
DR 35+,lab,gs_ind_0,MP18_INTERFERON_MHC_II_2,11/36,0.00048220540078602886,0.00433984860707426,4.225412592477625,32.27006918277949,+,DR 35,0.007357624128549738,True
DR 35+,lab,gs_ind_0,MP2_CELL_CYCLE_G1_S,10/33,0.0009428054085102686,0.005656832451061612,4.16904004020774,29.044245507124536,+,DR 35,0.012910690408366473,True
DR 35+,hallmark,gs_ind_0,Bile Acid Metabolism,6/13,0.0008738731352655757,0.012525514938806586,7.991602399314481,56.281462040462216,+,DR 35,0.012038288213165242,True
DR 35+,hallmark,gs_ind_0,DNA Repair,6/16,0.0031514828378030346,0.022585627004255083,5.698739135757131,32.82406608056813,+,DR 35,0.031986856644485424,True
DR 35+,hallmark,gs_ind_0,Glycolysis,13/47,0.00044081509382605446,0.009477524517260172,3.6866086956521738,28.486001648149458,+,DR 35,0.00725455697268021,True
DR 35+,hallmark,gs_ind_0,Interferon Alpha Response,17/40,5.7724890622615976e-08,2.482170296772487e-06,7.213461649950721,120.23093020303091,+,DR 35,2.972025653508541e-06,True
DR 35+,hallmark,gs_ind_0,Interferon Gamma Response,17/81,0.0019572560959152077,0.016832402424870788,2.567539023720508,16.011716996601287,+,DR 35,0.02361784511648091,True
DR 35+,hallmark,gs_ind_0,Reactive Oxygen Species Pathway,5/10,0.0015777264868780162,0.016832402424870788,9.184143222506394,59.25398339743649,+,DR 35,0.020117393830645553,True
DR 35-,lab,gs_ind_0,MP10_PROTEIN_MATURATION,7/14,0.00016816930893802333,0.0004804837398229238,9.268733850129198,80.55029573707145,-,DR 35,0.0031403823549784543,True
DR 35-,lab,gs_ind_0,MP13_EMT_2,18/40,7.48268786988063e-09,2.993075147952252e-08,8.012724505327245,149.92347421696005,-,DR 35,4.822409189427964e-07,True
DR 35-,lab,gs_ind_0,MP14_EMT_3,15/31,4.2790533113946706e-08,1.4263511037982237e-07,9.03691905578698,153.32894426449602,-,DR 35,2.3614224741205556e-06,True
DR 35-,lab,gs_ind_0,MP19_EPITHELIAL_SENESCENCE,18/37,1.534123293552256e-09,1.0227488623681708e-08,9.261046715841236,187.95578404760084,-,DR 35,1.096006222742449e-07,True
DR 35-,lab,gs_ind_0,MP22_SECRETED_1,23/26,6.0530921023747e-21,1.2106184204749398e-19,67.99396378269617,3165.3717966098834,-,DR 35,1.79952570372533e-18,True
DR 35-,lab,gs_ind_0,MP39_METAL_RESPONSE,11/36,0.00048220540078602886,0.001205513501965072,4.225412592477625,32.27006918277949,-,DR 35,0.007357624128549738,True
DR 35-,lab,gs_ind_0,MP5_STRESS,18/37,1.534123293552256e-09,1.0227488623681708e-08,9.261046715841236,187.95578404760084,-,DR 35,1.096006222742449e-07,True
DR 35-,lab,gs_ind_0,MP6_HYPOXIA,9/30,0.0018441881639332898,0.004098195919851755,4.105956645819418,25.849937434381317,-,DR 35,0.022721976094664705,True
DR 35-,lab,gs_ind_0,MP7_STRESS_IN_VITRO,12/17,2.893796018772118e-09,1.4468980093860588e-08,21.648179406800097,425.61828932480995,-,DR 35,2.0052048202258523e-07,True
DR 35-,hallmark,gs_ind_0,Apoptosis,21/55,1.4422776315988611e-08,1.6586192763386904e-07,6.132937709418272,110.72686133163931,-,DR 35,8.744757008430989e-07,True
DR 35-,hallmark,gs_ind_0,Cholesterol Homeostasis,8/16,5.5432325630216626e-05,0.0002833207754433294,9.311688311688311,91.25778256286647,-,DR 35,0.0012582864852415674,True
DR 35-,hallmark,gs_ind_0,Complement,14/67,0.005089950698728431,0.016724123724393417,2.539525444113152,13.4099314350564,-,DR 35,0.047915204943290324,True
DR 35-,hallmark,gs_ind_0,Epithelial Mesenchymal Transition,29/123,4.200782158740283e-06,3.220599655034217e-05,3.106221173276567,38.45576306453605,-,DR 35,0.00013303920403763038,True
DR 35-,hallmark,gs_ind_0,Estrogen Response Early,13/45,0.00027443218930083994,0.0011476255188944216,3.917907692307692,32.13000232506372,-,DR 35,0.004939779407415119,True
DR 35-,hallmark,gs_ind_0,Estrogen Response Late,14/65,0.003804085237894144,0.01346060930331774,2.6411671308467164,14.715737358853316,-,DR 35,0.03725371886518373,True
DR 35-,hallmark,gs_ind_0,Hypoxia,29/70,1.5744512561564122e-12,3.6212378891597483e-11,7.292879974709333,198.19943274475054,-,DR 35,2.0152976078802076e-10,True
DR 35-,hallmark,gs_ind_0,Inflammatory Response,22/76,1.8366616548098922e-06,1.689728722425101e-05,4.039395574743659,53.3505632636755,-,DR 35,6.550293510439195e-05,True
DR 35-,hallmark,gs_ind_0,Interferon Gamma Response,19/81,0.00023702631324292294,0.0010903210409174456,2.988495867768595,24.945989293752508,-,DR 35,0.00429161984842196,True
DR 35-,hallmark,gs_ind_0,TNF-alpha Signaling via NF-kB,44/93,1.2358377276400913e-21,5.68485354714442e-20,10.061219220963629,484.37262757264125,-,DR 35,3.927407068252097e-19,True
DR 35-,hallmark,gs_ind_0,UV Response Up,13/36,1.972636758902038e-05,0.00011342661363686718,5.445957446808511,58.999076046925126,-,DR 35,0.0005008214977972777,True
DR 35-,hallmark,gs_ind_0,Unfolded Protein Response,9/16,5.16300461734021e-06,3.392831605680709e-05,11.863011314186249,144.42020314734387,-,DR 35,0.00015808056662261586,True
DR 35-,hallmark,gs_ind_0,mTORC1 Signaling,13/49,0.0006860119522520405,0.002629712483632822,3.4806575342465753,25.35525184951136,-,DR 35,0.009801994034038457,True
DR 35-,hallmark,gs_ind_0,p53 Pathway,20/44,8.198431184075148e-10,1.2570927815581893e-08,8.235230934479056,172.29674490041774,-,DR 35,6.627784367757594e-08,True
DR 36+,lab,gs_ind_0,MP14_EMT_3,16/31,4.374399042453471e-09,8.74879808490694e-08,10.301862050878574,198.2850557075752,+,DR 36,2.921337795308057e-07,True
DR 36+,lab,gs_ind_0,MP17_INTERFERON_MHC_II_1,12/40,0.00032173233465304283,0.0021448822310202857,4.124203080645912,33.16597763632865,+,DR 36,0.005542215319929799,True
DR 36+,lab,gs_ind_0,MP18_INTERFERON_MHC_II_2,13/36,1.972636758902038e-05,0.0001972636758902038,5.445957446808511,58.999076046925126,+,DR 36,0.0005008214977972777,True
DR 36+,lab,gs_ind_0,MP20_MYC,4/7,0.002667000817497594,0.010668003269990376,11.761177753544166,69.70615686312823,+,DR 36,0.02871387796034793,True
DR 36+,lab,gs_ind_0,MP6_HYPOXIA,9/30,0.0018441881639332898,0.009220940819666448,4.105956645819418,25.849937434381317,+,DR 36,0.022721976094664705,True
DR 36-,lab,gs_ind_0,MP10_PROTEIN_MATURATION,6/14,0.00140315100501124,0.025256718090202322,7.047482231967337,46.295156411688296,-,DR 36,0.018213295298850123,True
DR 36-,lab,gs_ind_0,MP23_SECRETED_2,11/44,0.0029926320582315345,0.026933688524083812,3.201866656165085,18.60797463635411,-,DR 36,0.03166486457940508,True
DR 36-,hallmark,gs_ind_0,Androgen Response,9/20,5.291877103263162e-05,0.0021696696123378965,7.719491429220116,76.0119210824779,-,DR 36,0.0012223042452048445,True
DR 36-,hallmark,gs_ind_0,Cholesterol Homeostasis,6/16,0.0031514828378030346,0.025842159269984885,5.698739135757131,32.82406608056813,-,DR 36,0.031986856644485424,True
DR 36-,hallmark,gs_ind_0,Estrogen Response Late,15/65,0.0013181093910427006,0.013510621258187682,2.896399882575859,19.207640477550406,-,DR 36,0.017329095788658388,True
DR 36-,hallmark,gs_ind_0,Fatty Acid Metabolism,9/27,0.0007892992037056952,0.01078708911731117,4.779832051372521,34.14886524442345,-,DR 36,0.011021487062654073,True
DR 36-,hallmark,gs_ind_0,Xenobiotic Metabolism,13/46,0.00034926270856753123,0.00715988552563439,3.7988059701492536,30.237303351929924,-,DR 36,0.005971809132019236,True
DR 37+,lab,gs_ind_0,MP14_EMT_3,13/31,2.7789392831765666e-06,5.557878566353133e-05,6.937297297297297,88.75190544758766,+,DR 37,9.114129691727843e-05,True
DR 37+,lab,gs_ind_0,MP17_INTERFERON_MHC_II_1,11/40,0.0012931995232216237,0.00989202280269274,3.644246679486606,24.236557725058546,+,DR 37,0.017173093380418565,True
DR 37+,lab,gs_ind_0,MP18_INTERFERON_MHC_II_2,10/36,0.0019784045605385483,0.00989202280269274,3.6908334571386123,22.977152797893527,+,DR 37,0.02361784511648091,True
DR 37+,lab,gs_ind_0,MP39_METAL_RESPONSE,10/36,0.0019784045605385483,0.00989202280269274,3.6908334571386123,22.977152797893527,+,DR 37,0.02361784511648091,True
DR 37+,hallmark,gs_ind_0,DNA Repair,6/16,0.0031514828378030346,0.031134517475543824,5.698739135757131,32.82406608056813,+,DR 37,0.031986856644485424,True
DR 37+,hallmark,gs_ind_0,Estrogen Response Early,11/45,0.003620292729714398,0.031134517475543824,3.1072999120492524,17.466755483212417,+,DR 37,0.03613383825621725,True
DR 37+,hallmark,gs_ind_0,Estrogen Response Late,15/65,0.0013181093910427006,0.028339351907418063,2.896399882575859,19.207640477550406,+,DR 37,0.017329095788658388,True
DR 37+,hallmark,gs_ind_0,Interferon Alpha Response,12/40,0.00032173233465304283,0.013834490390080842,4.124203080645912,33.16597763632865,+,DR 37,0.005542215319929799,True
DR 37+,hallmark,gs_ind_0,Interferon Gamma Response,16/81,0.005045275687433396,0.03615780909327267,2.3695773598957364,12.533412593392379,+,DR 37,0.04759187383355801,True
DR 37+,hallmark,gs_ind_0,Unfolded Protein Response,6/16,0.0031514828378030346,0.031134517475543824,5.698739135757131,32.82406608056813,+,DR 37,0.031986856644485424,True
DR 38+,lab,gs_ind_0,MP13_EMT_2,11/40,0.0012931995232216237,0.005819397854497307,3.644246679486606,24.236557725058546,+,DR 38,0.017173093380418565,True
DR 38+,lab,gs_ind_0,MP14_EMT_3,11/31,0.000106824485721512,0.000640946914329072,5.270802496943175,48.19792256034924,+,DR 38,0.002168490000901882,True
DR 38+,lab,gs_ind_0,MP17_INTERFERON_MHC_II_1,10/40,0.004613401681204881,0.013840205043614644,3.1995611204337164,17.2097667263617,+,DR 38,0.0438320720556538,True
DR 38+,lab,gs_ind_0,MP19_EPITHELIAL_SENESCENCE,27/37,2.7286364532591274e-20,4.91154561586643e-19,27.02826952106491,1217.566778318061,+,DR 38,7.620337440374582e-18,True
DR 38+,lab,gs_ind_0,MP22_SECRETED_1,8/26,0.002775151373588268,0.009990544944917764,4.254475254475254,25.04630847976831,+,DR 38,0.02973929658022032,True
DR 38+,lab,gs_ind_0,MP23_SECRETED_2,18/44,4.713627632423846e-08,4.2422648691814617e-07,6.787955544068235,114.51432329727807,+,DR 38,2.5403972082115887e-06,True
DR 38+,hallmark,gs_ind_0,Complement,16/67,0.0006062150937822577,0.024854818845072565,3.0380456231746784,22.506679549362055,+,DR 38,0.008967701933061454,True
DR 38-,lab,gs_ind_0,MP14_EMT_3,9/31,0.0023774452607899232,0.023774452607899232,3.9212648680011606,23.6912188370526,-,DR 38,0.027184287249925474,True
DR 38-,lab,gs_ind_0,MP39_METAL_RESPONSE,10/36,0.0019784045605385483,0.023774452607899232,3.6908334571386123,22.977152797893527,-,DR 38,0.02361784511648091,True
DR 38-,hallmark,gs_ind_0,Androgen Response,8/20,0.0003802866440654024,0.01474925697341887,6.317818181818182,49.7501979495992,-,DR 38,0.006466276220861159,True
DR 38-,hallmark,gs_ind_0,Cholesterol Homeostasis,6/16,0.0031514828378030346,0.031057177038539142,5.698739135757131,32.82406608056813,-,DR 38,0.031986856644485424,True
DR 38-,hallmark,gs_ind_0,Fatty Acid Metabolism,8/27,0.0036112996556440864,0.031057177038539142,4.034032634032634,22.686139124561574,-,DR 38,0.03613383825621725,True
DR 38-,hallmark,gs_ind_0,Unfolded Protein Response,6/16,0.0031514828378030346,0.031057177038539142,5.698739135757131,32.82406608056813,-,DR 38,0.031986856644485424,True
DR 38-,hallmark,gs_ind_0,mTORC1 Signaling,13/49,0.0006860119522520405,0.01474925697341887,3.4806575342465753,25.35525184951136,-,DR 38,0.009801994034038457,True
DR 39+,lab,gs_ind_0,MP5_STRESS,10/37,0.0024789433908547903,0.044620981035386226,3.5546170365068,21.32742802180424,+,DR 39,0.027725658119074934,True
DR 39+,hallmark,gs_ind_0,Allograft Rejection,17/84,0.002958999333501443,0.11345080196744045,2.4491876072257543,14.26138463524012,+,DR 39,0.03163589078602007,True
DR 39-,lab,gs_ind_0,MP14_EMT_3,9/31,0.0023774452607899232,0.016891005177484764,3.9212648680011606,23.6912188370526,-,DR 39,0.027184287249925474,True
DR 39-,lab,gs_ind_0,MP20_MYC,4/7,0.002667000817497594,0.016891005177484764,11.761177753544166,69.70615686312823,-,DR 39,0.02871387796034793,True
DR 39-,lab,gs_ind_0,MP39_METAL_RESPONSE,11/36,0.00048220540078602886,0.009161902614934549,4.225412592477625,32.27006918277949,-,DR 39,0.007357624128549738,True
DR 40+,lab,gs_ind_0,MP10_PROTEIN_MATURATION,7/14,0.00016816930893802333,0.001765777743849245,9.268733850129198,80.55029573707145,+,DR 40,0.0031403823549784543,True
DR 40+,lab,gs_ind_0,MP3_CELL_CYCLE_HMG_RICH,5/11,0.002659499577535494,0.013962372782061343,7.766869958685816,46.054566494324,+,DR 40,0.02871387796034793,True
DR 40+,lab,gs_ind_0,MP7_STRESS_IN_VITRO,14/17,3.395682860455603e-12,7.130934006956766e-11,39.92914592110303,1054.4694984286346,+,DR 40,4.1177122686787944e-10,True
DR 40+,lab,gs_ind_0,MP8_PROTEASOMAL_DEGRADATION,4/5,0.00044837002986319467,0.003138590209042363,27.47328244274809,211.81603246804076,+,DR 40,0.007262176090016173,True
DR 40+,hallmark,gs_ind_0,DNA Repair,6/16,0.0031514828378030346,0.0271027524051061,5.698739135757131,32.82406608056813,+,DR 40,0.031986856644485424,True
DR 40+,hallmark,gs_ind_0,Glycolysis,13/47,0.00044081509382605446,0.005055946780856675,3.6866086956521738,28.486001648149458,+,DR 40,0.00725455697268021,True
DR 40+,hallmark,gs_ind_0,Myc Targets V1,7/16,0.00047032063077736506,0.005055946780856675,7.309261525907793,56.004262789456,+,DR 40,0.007357624128549738,True
DR 40+,hallmark,gs_ind_0,Unfolded Protein Response,9/16,5.16300461734021e-06,0.00020167222222660503,11.863011314186249,144.42020314734387,+,DR 40,0.00015808056662261586,True
DR 40+,hallmark,gs_ind_0,Xenobiotic Metabolism,11/46,0.0043492688870069565,0.031169760356883187,3.0180608718272697,16.41145302086597,+,DR 40,0.04237089012965762,True
DR 40+,hallmark,gs_ind_0,mTORC1 Signaling,16/49,9.380103359376977e-06,0.00020167222222660503,4.718480766897221,54.625473302418406,+,DR 40,0.00026930539738323435,True
DR 40-,lab,gs_ind_0,MP5_STRESS,13/37,2.776013555350533e-05,0.0004719223044095906,5.220734693877551,54.77547613677655,-,DR 40,0.0006750327421137337,True
DR 40-,hallmark,gs_ind_0,TNF-alpha Signaling via NF-kB,20/93,0.0005599417466895578,0.02351755336096143,2.6693613733582073,19.98731790458649,-,DR 40,0.008377310288134683,True
DR 41+,lab,gs_ind_0,MP10_PROTEIN_MATURATION,6/14,0.00140315100501124,0.013329934547606781,7.047482231967337,46.295156411688296,+,DR 41,0.018213295298850123,True
DR 41+,lab,gs_ind_0,MP14_EMT_3,11/31,0.000106824485721512,0.002029665228708728,5.270802496943175,48.19792256034924,+,DR 41,0.002168490000901882,True
DR 41+,lab,gs_ind_0,MP20_MYC,4/7,0.002667000817497594,0.016891005177484764,11.761177753544166,69.70615686312823,+,DR 41,0.02871387796034793,True
DR 41-,lab,gs_ind_0,MP12_EMT_1,11/47,0.005190642340472539,0.01764818395760663,2.9337116420284093,15.43395719507859,-,DR 41,0.04822274174374487,True
DR 41-,lab,gs_ind_0,MP1_CELL_CYCLE_G2_M,18/45,7.169496475591144e-08,1.2188144008504946e-06,6.537434620174346,107.54632571540039,-,DR 41,3.590982582556956e-06,True
DR 41-,lab,gs_ind_0,MP2_CELL_CYCLE_G1_S,14/33,9.460900596399045e-07,6.290905482568154e-06,7.102976558740634,98.52487694311493,-,DR 41,3.6635151216980504e-05,True
DR 41-,lab,gs_ind_0,MP3_CELL_CYCLE_HMG_RICH,8/11,1.1101597910414389e-06,6.290905482568154e-06,22.67717996289425,310.92696407503706,-,DR 41,4.1760133200971025e-05,True
DR 41-,lab,gs_ind_0,MP6_HYPOXIA,9/30,0.0018441881639332898,0.00783779969671648,4.105956645819418,25.849937434381317,-,DR 41,0.022721976094664705,True
DR 41-,hallmark,gs_ind_0,E2F Targets,35/64,6.605073144182779e-20,1.4861414574411253e-18,12.880997490910953,568.874619413803,-,DR 41,1.6908987249107914e-17,True
DR 41-,hallmark,gs_ind_0,Epithelial Mesenchymal Transition,24/123,0.0007207223186137899,0.004054063042202568,2.3737241448033366,17.174503353029007,-,DR 41,0.010171786965305801,True
DR 41-,hallmark,gs_ind_0,G2-M Checkpoint,37/61,3.11201551799833e-23,1.4004069830992486e-21,16.63078075266804,861.8766841328265,-,DR 41,1.2469710875596789e-20,True
DR 41-,hallmark,gs_ind_0,Glycolysis,12/47,0.0015956830393014216,0.007978415196507107,3.2979041356894685,21.23999789238365,-,DR 41,0.020117393830645553,True
DR 41-,hallmark,gs_ind_0,Mitotic Spindle,18/36,8.631350366979148e-10,1.0490365515992282e-08,9.767123287671232,203.84425786275344,-,DR 41,6.720722598010443e-08,True
DR 41-,hallmark,gs_ind_0,Myc Targets V1,12/16,9.324769347548695e-10,1.0490365515992282e-08,26.473622163277337,550.4707035185145,-,DR 41,6.9867540086999e-08,True
DR 41-,hallmark,gs_ind_0,Myc Targets V2,5/6,5.2667901907649824e-05,0.0003563506647656783,33.750213128729754,332.49037178650906,-,DR 41,0.0012223042452048445,True
DR 41-,hallmark,gs_ind_0,Spermatogenesis,7/20,0.002246635809414446,0.010109861142365006,5.132070054550675,31.29701252450603,-,DR 41,0.026342233612676253,True
DR 41-,hallmark,gs_ind_0,Unfolded Protein Response,8/16,5.5432325630216626e-05,0.0003563506647656783,9.311688311688311,91.25778256286647,-,DR 41,0.0012582864852415674,True
DR 41-,hallmark,gs_ind_0,mTORC1 Signaling,18/49,3.3483330607087063e-07,3.013499754637836e-06,5.694411828658404,84.90159064587739,-,DR 41,1.5352356958950965e-05,True
DR 42+,lab,gs_ind_0,MP13_EMT_2,10/40,0.004613401681204881,0.01120397551149757,3.1995611204337164,17.2097667263617,+,DR 42,0.0438320720556538,True
DR 42+,lab,gs_ind_0,MP14_EMT_3,15/31,4.2790533113946706e-08,3.63719531468547e-07,9.03691905578698,153.32894426449602,+,DR 42,2.3614224741205556e-06,True
DR 42+,lab,gs_ind_0,MP18_INTERFERON_MHC_II_2,13/36,1.972636758902038e-05,8.383706225333662e-05,5.445957446808511,58.999076046925126,+,DR 42,0.0005008214977972777,True
DR 42+,lab,gs_ind_0,MP19_EPITHELIAL_SENESCENCE,16/37,1.0822377398097633e-07,6.132680525588658e-07,7.401966345244848,118.72061765235777,+,DR 42,5.141187118601432e-06,True
DR 42+,lab,gs_ind_0,MP22_SECRETED_1,10/26,0.00010156676407456485,0.0003453269978535205,5.961107134335481,54.81115331382901,+,DR 42,0.00214667776735452,True
DR 42+,lab,gs_ind_0,MP23_SECRETED_2,20/44,8.198431184075148e-10,1.393733301292775e-08,8.235230934479056,172.29674490041774,+,DR 42,6.627784367757594e-08,True
DR 42+,lab,gs_ind_0,MP39_METAL_RESPONSE,10/36,0.0019784045605385483,0.005605479588192553,3.6908334571386123,22.977152797893527,+,DR 42,0.02361784511648091,True
DR 42+,hallmark,gs_ind_0,Epithelial Mesenchymal Transition,23/123,0.00172441803930137,0.07414997568995892,2.2401653703314413,14.253871294030667,+,DR 42,0.021681086835199762,True
DR 42-,lab,gs_ind_0,MP14_EMT_3,15/31,4.2790533113946706e-08,8.130201291649875e-07,9.03691905578698,153.32894426449602,-,DR 42,2.3614224741205556e-06,True
DR 42-,lab,gs_ind_0,MP20_MYC,4/7,0.002667000817497594,0.025336507766227145,11.761177753544166,69.70615686312823,-,DR 42,0.02871387796034793,True
DR 42-,hallmark,gs_ind_0,Cholesterol Homeostasis,6/16,0.0031514828378030346,0.03972429621208495,5.698739135757131,32.82406608056813,-,DR 42,0.031986856644485424,True
DR 42-,hallmark,gs_ind_0,Fatty Acid Metabolism,8/27,0.0036112996556440864,0.03972429621208495,4.034032634032634,22.686139124561574,-,DR 42,0.03613383825621725,True
DR 42-,hallmark,gs_ind_0,Glycolysis,12/47,0.0015956830393014216,0.035105026864631274,3.2979041356894685,21.23999789238365,-,DR 42,0.020117393830645553,True
DR 42-,hallmark,gs_ind_0,mTORC1 Signaling,17/49,1.8550635918236002e-06,8.162279804023841e-05,5.189478096835045,68.48861244153905,-,DR 42,6.550293510439195e-05,True
DR 43+,lab,gs_ind_0,MP10_PROTEIN_MATURATION,6/14,0.00140315100501124,0.005331973819042712,7.047482231967337,46.295156411688296,+,DR 43,0.018213295298850123,True
DR 43+,lab,gs_ind_0,MP17_INTERFERON_MHC_II_1,16/40,4.0142206067637117e-07,7.627019152851053e-06,6.484652397544384,95.50759751458982,+,DR 43,1.736857141405369e-05,True
DR 43+,lab,gs_ind_0,MP18_INTERFERON_MHC_II_2,11/36,0.00048220540078602886,0.0022904756537336373,4.225412592477625,32.27006918277949,+,DR 43,0.007357624128549738,True
DR 43+,lab,gs_ind_0,MP20_MYC,5/7,0.00016935438698180248,0.0016088666763271237,20.238874680306907,175.74461384929927,+,DR 43,0.0031403823549784543,True
DR 43+,lab,gs_ind_0,MP3_CELL_CYCLE_HMG_RICH,6/11,0.00027959877808904316,0.0017707922612306068,10.909792007478384,89.26560832643746,+,DR 43,0.0050034608521720815,True
DR 43+,hallmark,gs_ind_0,Cholesterol Homeostasis,6/16,0.0031514828378030346,0.028363345540227312,5.698739135757131,32.82406608056813,+,DR 43,0.031986856644485424,True
DR 43+,hallmark,gs_ind_0,Glycolysis,13/47,0.00044081509382605446,0.009918339611086225,3.6866086956521738,28.486001648149458,+,DR 43,0.00725455697268021,True
DR 43+,hallmark,gs_ind_0,Interferon Alpha Response,12/40,0.00032173233465304283,0.009918339611086225,4.124203080645912,33.16597763632865,+,DR 43,0.005542215319929799,True
DR 43+,hallmark,gs_ind_0,Interferon Gamma Response,18/81,0.000705808741803065,0.010587131127045974,2.773702944666163,20.126449725494094,+,DR 43,0.010007282099164686,True
DR 43+,hallmark,gs_ind_0,Reactive Oxygen Species Pathway,5/10,0.0015777264868780162,0.017749422977377683,9.184143222506394,59.25398339743649,+,DR 43,0.020117393830645553,True
DR 43-,lab,gs_ind_0,MP13_EMT_2,17/40,5.7724890622615976e-08,3.0786608332061854e-07,7.213461649950721,120.23093020303091,-,DR 43,2.972025653508541e-06,True
DR 43-,lab,gs_ind_0,MP14_EMT_3,16/31,4.374399042453471e-09,3.4995192339627765e-08,10.301862050878574,198.2850557075752,-,DR 43,2.921337795308057e-07,True
DR 43-,lab,gs_ind_0,MP19_EPITHELIAL_SENESCENCE,18/37,1.534123293552256e-09,2.4545972696836097e-08,9.261046715841236,187.95578404760084,-,DR 43,1.096006222742449e-07,True
DR 43-,lab,gs_ind_0,MP22_SECRETED_1,9/26,0.0005753353335499968,0.00184107306735999,5.055800074599031,37.71908715682361,-,DR 43,0.008552081345156082,True
DR 43-,lab,gs_ind_0,MP39_METAL_RESPONSE,14/36,3.334017181074282e-06,1.3336068724297128e-05,6.145546619005064,77.50353254618523,-,DR 43,0.00010631938526221653,True
DR 43-,hallmark,gs_ind_0,Coagulation,12/53,0.004738249092569799,0.03474716001217853,2.8115112971781024,15.047454754456218,-,DR 43,0.04483337129068097,True
DR 43-,hallmark,gs_ind_0,Estrogen Response Early,14/45,6.438646399233802e-05,0.0009443348052209576,4.3674624452104345,42.1486642286071,-,DR 43,0.0014579500052908775,True
DR 43-,hallmark,gs_ind_0,Estrogen Response Late,15/65,0.0013181093910427006,0.014499203301469707,2.896399882575859,19.207640477550406,-,DR 43,0.017329095788658388,True
DR 43-,hallmark,gs_ind_0,KRAS Signaling Dn,14/37,4.894795962278927e-06,0.00010768551117013638,5.880725571844161,71.90561905068085,-,DR 43,0.0001524001337444682,True
DR 43-,hallmark,gs_ind_0,TNF-alpha Signaling via NF-kB,18/93,0.0037506966120110356,0.03300613018569711,2.3167377302004897,12.940865336556511,-,DR 43,0.037048681646617045,True
DR 43-,hallmark,gs_ind_0,p53 Pathway,18/44,4.713627632423846e-08,2.0739961582664924e-06,6.787955544068235,114.51432329727807,-,DR 43,2.5403972082115887e-06,True
DR 44+,lab,gs_ind_0,MP13_EMT_2,11/40,0.0012931995232216237,0.008190263647070284,3.644246679486606,24.236557725058546,+,DR 44,0.017173093380418565,True
DR 44+,lab,gs_ind_0,MP39_METAL_RESPONSE,14/36,3.334017181074282e-06,6.334632644041136e-05,6.145546619005064,77.50353254618523,+,DR 44,0.00010631938526221653,True
DR 44+,lab,gs_ind_0,MP3_CELL_CYCLE_HMG_RICH,6/11,0.00027959877808904316,0.00265618839184591,10.909792007478384,89.26560832643746,+,DR 44,0.0050034608521720815,True
DR 44+,hallmark,gs_ind_0,Hypoxia,17/70,0.0003285323785232208,0.006899179948987637,3.11505258600932,24.985447909646208,+,DR 44,0.0056382763509683475,True
DR 44+,hallmark,gs_ind_0,p53 Pathway,15/44,9.960890575215879e-06,0.00041835740415906695,5.017725798346201,57.788365631575076,+,DR 44,0.00028246020781904474,True
DR 44-,lab,gs_ind_0,MP20_MYC,4/7,0.002667000817497594,0.05600701716744948,11.761177753544166,69.70615686312823,-,DR 44,0.02871387796034793,True
DR 44-,hallmark,gs_ind_0,Androgen Response,10/20,6.073508038562672e-06,0.00012754366880981613,9.398950131233596,112.89618680246704,-,DR 44,0.00018291977151435813,True
DR 44-,hallmark,gs_ind_0,Cholesterol Homeostasis,7/16,0.00047032063077736506,0.004938366623162333,7.309261525907793,56.004262789456,-,DR 44,0.007357624128549738,True
DR 44-,hallmark,gs_ind_0,Glycolysis,17/47,9.396446043670545e-07,3.946507338341629e-05,5.536025371867602,76.82765423786809,-,DR 44,3.653909145083028e-05,True
DR 44-,hallmark,gs_ind_0,mTORC1 Signaling,15/49,4.320330277245632e-05,0.0006048462388143884,4.278409312863784,42.996274902517925,-,DR 44,0.0010395865231095493,True
DR 45+,lab,gs_ind_0,MP14_EMT_3,14/31,3.67906202865104e-07,7.358124057302079e-06,7.923630792799694,117.39205927803582,+,DR 45,1.637982398842898e-05,True
DR 45+,lab,gs_ind_0,MP20_MYC,4/7,0.002667000817497594,0.01778000544998396,11.761177753544166,69.70615686312823,+,DR 45,0.02871387796034793,True
DR 45+,lab,gs_ind_0,MP39_METAL_RESPONSE,10/36,0.0019784045605385483,0.01778000544998396,3.6908334571386123,22.977152797893527,+,DR 45,0.02361784511648091,True
DR 45-,lab,gs_ind_0,MP13_EMT_2,12/40,0.00032173233465304283,0.002734724844550864,4.124203080645912,33.16597763632865,-,DR 45,0.005542215319929799,True
DR 45-,lab,gs_ind_0,MP14_EMT_3,12/31,1.841555527939586e-05,0.00031306443974972963,6.05828742433517,66.04935698143535,-,DR 45,0.00048352637451541956,True
DR 45-,lab,gs_ind_0,MP17_INTERFERON_MHC_II_1,11/40,0.0012931995232216237,0.007328130631589201,3.644246679486606,24.236557725058546,-,DR 45,0.017173093380418565,True
DR 45-,lab,gs_ind_0,MP18_INTERFERON_MHC_II_2,10/36,0.0019784045605385483,0.00840821938228883,3.6908334571386123,22.977152797893527,-,DR 45,0.02361784511648091,True
DR 45-,hallmark,gs_ind_0,Apical Junction,10/37,0.0024789433908547903,0.02850784899483009,3.5546170365068,21.32742802180424,-,DR 45,0.027725658119074934,True
DR 45-,hallmark,gs_ind_0,Interferon Alpha Response,11/40,0.0012931995232216237,0.019829059356064896,3.644246679486606,24.236557725058546,-,DR 45,0.017173093380418565,True
DR 45-,hallmark,gs_ind_0,Interferon Gamma Response,20/81,7.425424232442628e-05,0.003415695146923609,3.2123730378578026,30.543293105483034,-,DR 45,0.0016489809572576206,True
DR 45-,hallmark,gs_ind_0,KRAS Signaling Up,17/76,0.0009203178720889558,0.019829059356064896,2.7913127103702515,19.513484986547134,-,DR 45,0.012621502245791392,True
DR 46+,lab,gs_ind_0,MP14_EMT_3,9/31,0.0023774452607899232,0.011655635769070727,3.9212648680011606,23.6912188370526,+,DR 46,0.027184287249925474,True
DR 46+,lab,gs_ind_0,MP22_SECRETED_1,8/26,0.002775151373588268,0.011655635769070727,4.254475254475254,25.04630847976831,+,DR 46,0.02973929658022032,True
DR 46+,lab,gs_ind_0,MP39_METAL_RESPONSE,14/36,3.334017181074282e-06,2.3338120267519975e-05,6.145546619005064,77.50353254618523,+,DR 46,0.00010631938526221653,True
DR 46+,lab,gs_ind_0,MP5_STRESS,25/37,1.5429764668154007e-17,3.240250580312342e-16,20.78940170940171,804.7625894903986,+,DR 46,3.2318343450388028e-15,True
DR 46+,lab,gs_ind_0,MP6_HYPOXIA,18/30,1.4225290865998476e-11,1.49365554092984e-10,14.504,362.2518994835028,+,DR 46,1.5244218676865343e-09,True
DR 46+,lab,gs_ind_0,MP7_STRESS_IN_VITRO,6/17,0.004470933080813283,0.01564826578284649,5.200290600201185,28.134394569038342,+,DR 46,0.04332714960333882,True
DR 46+,hallmark,gs_ind_0,Apoptosis,16/55,4.811789316422528e-05,0.00046193177437656266,3.988165071524133,39.64976464307132,+,DR 46,0.0011483864695872577,True
DR 46+,hallmark,gs_ind_0,Epithelial Mesenchymal Transition,22/123,0.003907336199212616,0.020839126395800617,2.110568365277145,11.70288929633739,+,DR 46,0.03818664942942043,True
DR 46+,hallmark,gs_ind_0,Glycolysis,15/47,2.4747288817396626e-05,0.00029696746580875954,4.546838067592785,48.227377542811446,+,DR 46,0.0006147466677658419,True
DR 46+,hallmark,gs_ind_0,Hypoxia,28/70,1.12294832034289e-11,5.390151937645872e-10,6.8361125319693095,172.3553393302234,+,DR 46,1.2468785205156716e-09,True
DR 46+,hallmark,gs_ind_0,TGF-beta Signaling,7/10,8.363928127907535e-06,0.00013382285004652055,19.905869324473976,232.73111084286538,+,DR 46,0.00024393025831264504,True
DR 46+,hallmark,gs_ind_0,TNF-alpha Signaling via NF-kB,31/93,2.0869101219055488e-10,5.008584292573317e-09,5.169345132743363,115.22556302485127,+,DR 46,1.8144305361775036e-08,True
DR 46+,hallmark,gs_ind_0,UV Response Up,12/36,0.0001036536031328951,0.0008292288250631608,4.808368970930547,44.11416934971604,+,DR 46,0.00214667776735452,True
DR 46+,hallmark,gs_ind_0,mTORC1 Signaling,14/49,0.0001808341096007929,0.0012400053229768655,3.8665936638598346,33.32203534510104,+,DR 46,0.0033198548886073853,True
DR 46+,hallmark,gs_ind_0,p53 Pathway,11/44,0.0029926320582315345,0.017955792349389207,3.201866656165085,18.60797463635411,+,DR 46,0.03166486457940508,True
DR 46-,lab,gs_ind_0,MP14_EMT_3,9/31,0.0023774452607899232,0.020208284716714348,3.9212648680011606,23.6912188370526,-,DR 46,0.027184287249925474,True
DR 46-,lab,gs_ind_0,MP21_RESPIRATION,4/4,9.731911478979302e-05,0.0016544249514264815,82.46564885496183,761.7776794946161,-,DR 46,0.0021004519014115514,True
DR 47+,lab,gs_ind_0,MP14_EMT_3,10/31,0.0005406708160615204,0.010272745505168887,4.561984984435085,34.31844415681465,+,DR 47,0.008141866406573483,True
DR 47-,lab,gs_ind_0,MP12_EMT_1,14/47,0.00010981800866062544,0.000732120057737503,4.102076747629146,37.39734577513979,-,DR 47,0.0022049733503623618,True
DR 47-,lab,gs_ind_0,MP13_EMT_2,12/40,0.00032173233465304283,0.0012869293386121713,4.124203080645912,33.16597763632865,-,DR 47,0.005542215319929799,True
DR 47-,lab,gs_ind_0,MP14_EMT_3,16/31,4.374399042453471e-09,8.74879808490694e-08,10.301862050878574,198.2850557075752,-,DR 47,2.921337795308057e-07,True
DR 47-,lab,gs_ind_0,MP20_MYC,5/7,0.00016935438698180248,0.0008467719349090124,20.238874680306907,175.74461384929927,-,DR 47,0.0031403823549784543,True
DR 47-,lab,gs_ind_0,MP3_CELL_CYCLE_HMG_RICH,5/11,0.002659499577535494,0.00886499859178498,7.766869958685816,46.054566494324,-,DR 47,0.02871387796034793,True
DR 47-,lab,gs_ind_0,MP6_HYPOXIA,13/30,1.767860894658856e-06,1.7678608946588557e-05,7.337828571428571,97.1949714494191,-,DR 47,6.414411813061425e-05,True
DR 47-,hallmark,gs_ind_0,Glycolysis,11/47,0.005190642340472539,0.060990047500552334,2.9337116420284093,15.43395719507859,-,DR 47,0.04822274174374487,True
DR 47-,hallmark,gs_ind_0,Oxidative Phosphorylation,4/5,0.00044837002986319467,0.010536695701785075,27.47328244274809,211.81603246804076,-,DR 47,0.007262176090016173,True
DR 47-,hallmark,gs_ind_0,Reactive Oxygen Species Pathway,5/10,0.0015777264868780162,0.024717714961088922,9.184143222506394,59.25398339743649,-,DR 47,0.020117393830645553,True
DR 47-,hallmark,gs_ind_0,mTORC1 Signaling,17/49,1.8550635918236002e-06,8.718798881570921e-05,5.189478096835045,68.48861244153905,-,DR 47,6.550293510439195e-05,True
DR 48+,lab,gs_ind_0,MP14_EMT_3,10/31,0.0005406708160615204,0.010272745505168887,4.561984984435085,34.31844415681465,+,DR 48,0.008141866406573483,True
DR 48+,hallmark,gs_ind_0,Androgen Response,7/20,0.002246635809414446,0.0241613684231566,5.132070054550675,31.29701252450603,+,DR 48,0.026342233612676253,True
DR 48+,hallmark,gs_ind_0,Cholesterol Homeostasis,6/16,0.0031514828378030346,0.0241613684231566,5.698739135757131,32.82406608056813,+,DR 48,0.031986856644485424,True
DR 48+,hallmark,gs_ind_0,Fatty Acid Metabolism,10/27,0.00014740759323860102,0.0033903746444878236,5.61732283464567,49.557758165277875,+,DR 48,0.00283613440352181,True
DR 48+,hallmark,gs_ind_0,Pperoxisome,6/15,0.002146047010168408,0.0241613684231566,6.302124205114328,38.721056080646456,+,DR 48,0.025487073770247483,True
DR 48+,hallmark,gs_ind_0,Unfolded Protein Response,6/16,0.0031514828378030346,0.0241613684231566,5.698739135757131,32.82406608056813,+,DR 48,0.031986856644485424,True
DR 48+,hallmark,gs_ind_0,mTORC1 Signaling,20/49,8.346028867873653e-09,3.8391732792218807e-07,6.8201793511432465,126.86542976871202,+,DR 48,5.268287811392027e-07,True
DR 48-,lab,gs_ind_0,MP10_PROTEIN_MATURATION,7/14,0.00016816930893802333,0.0004204232723450583,9.268733850129198,80.55029573707145,-,DR 48,0.0031403823549784543,True
DR 48-,lab,gs_ind_0,MP13_EMT_2,15/40,2.5130974734866414e-06,7.5392924204599245e-06,5.817927170868347,75.01632101504757,-,DR 48,8.452812523960908e-05,True
DR 48-,lab,gs_ind_0,MP14_EMT_3,9/31,0.0023774452607899232,0.004457709863981106,3.9212648680011606,23.6912188370526,-,DR 48,0.027184287249925474,True
DR 48-,lab,gs_ind_0,MP17_INTERFERON_MHC_II_1,16/40,4.0142206067637117e-07,1.505332727536392e-06,6.484652397544384,95.50759751458982,-,DR 48,1.736857141405369e-05,True
DR 48-,lab,gs_ind_0,MP18_INTERFERON_MHC_II_2,19/36,8.253278601900896e-11,6.189958951425672e-10,10.949468713105077,254.22285384648416,-,DR 48,8.091725063310496e-09,True
DR 48-,lab,gs_ind_0,MP19_EPITHELIAL_SENESCENCE,17/37,1.3615028529052392e-08,6.807514264526196e-08,8.283046454442745,150.02329623756034,-,DR 48,8.30967569031436e-07,True
DR 48-,lab,gs_ind_0,MP22_SECRETED_1,9/26,0.0005753353335499968,0.0012328614290357074,5.055800074599031,37.71908715682361,-,DR 48,0.008552081345156082,True
DR 48-,lab,gs_ind_0,MP23_SECRETED_2,24/44,7.993415769267156e-14,1.1990123653900734e-12,12.056173564568507,363.58493591676364,-,DR 48,1.2381379596795667e-11,True
DR 48-,hallmark,gs_ind_0,Coagulation,14/53,0.0004469713429321258,0.003128799400524881,3.467166661010622,26.742312191693923,-,DR 48,0.007262176090016173,True
DR 48-,hallmark,gs_ind_0,Complement,21/67,7.438806695194335e-07,1.5621494059908106e-05,4.519333872465331,63.774061146207,-,DR 48,2.9806975001265646e-05,True
DR 48-,hallmark,gs_ind_0,Epithelial Mesenchymal Transition,24/123,0.0007207223186137899,0.004324333911682739,2.3737241448033366,17.174503353029007,-,DR 48,0.010171786965305801,True
DR 48-,hallmark,gs_ind_0,Hypoxia,18/70,9.822526375860494e-05,0.0008250922155722815,3.376099151989563,31.15547723321834,-,DR 48,0.0021052186762774493,True
DR 48-,hallmark,gs_ind_0,Inflammatory Response,17/76,0.0009203178720889558,0.004831668828467018,2.7913127103702515,19.513484986547134,-,DR 48,0.012621502245791392,True
DR 48-,hallmark,gs_ind_0,Interferon Gamma Response,24/81,3.678441094393076e-07,1.5449452596450922e-05,4.208966621505112,62.358393674352705,-,DR 48,1.637982398842898e-05,True
DR 48-,hallmark,gs_ind_0,KRAS Signaling Up,21/76,7.321214104309135e-06,7.687274809524591e-05,3.7670455971291625,44.544313592818796,-,DR 48,0.00021487996555832163,True
DR 48-,hallmark,gs_ind_0,TNF-alpha Signaling via NF-kB,24/93,5.825955381893746e-06,7.687274809524591e-05,3.458271343265331,41.68319312649587,-,DR 48,0.00017778809536269128,True
DR 49+,lab,gs_ind_0,MP5_STRESS,12/37,0.00014008246757100216,0.002661566883849041,4.617204972174546,40.96974909429703,+,DR 49,0.0027121849183494875,True
DR 49+,lab,gs_ind_0,MP7_STRESS_IN_VITRO,7/17,0.0007324907256175764,0.0069586618933669755,6.609449981543005,47.714015180221494,+,DR 49,0.010259322989804838,True
DR 49+,hallmark,gs_ind_0,Hypoxia,16/70,0.0010169272055556603,0.02135547131666887,2.8658909524875065,19.74876783775596,+,DR 49,0.013802652616201717,True
DR 49+,hallmark,gs_ind_0,p53 Pathway,12/44,0.000845081237822188,0.02135547131666887,3.6084472556621097,25.53365350308321,+,DR 49,0.011676564749279287,True
DR 49-,lab,gs_ind_0,MP10_PROTEIN_MATURATION,6/14,0.00140315100501124,0.023549962213120508,7.047482231967337,46.295156411688296,-,DR 49,0.018213295298850123,True
DR 49-,lab,gs_ind_0,MP15_EMT_4,10/37,0.0024789433908547903,0.023549962213120508,3.5546170365068,21.32742802180424,-,DR 49,0.027725658119074934,True
DR 49-,hallmark,gs_ind_0,Glycolysis,13/47,0.00044081509382605446,0.019395864128346395,3.6866086956521738,28.486001648149458,-,DR 49,0.00725455697268021,True
DR 49-,hallmark,gs_ind_0,mTORC1 Signaling,12/49,0.002351442988433525,0.05173174574553755,3.118479221927498,18.87530058397867,-,DR 49,0.027184287249925474,True
DR 50+,lab,gs_ind_0,MP10_PROTEIN_MATURATION,6/14,0.00140315100501124,0.00982205703507868,7.047482231967337,46.295156411688296,+,DR 50,0.018213295298850123,True
DR 50+,lab,gs_ind_0,MP12_EMT_1,11/47,0.005190642340472539,0.021800697829984665,2.9337116420284093,15.43395719507859,+,DR 50,0.04822274174374487,True
DR 50+,lab,gs_ind_0,MP14_EMT_3,12/31,1.841555527939586e-05,0.000207126859684714,6.05828742433517,66.04935698143535,+,DR 50,0.00048352637451541956,True
DR 50+,lab,gs_ind_0,MP18_INTERFERON_MHC_II_2,13/36,1.972636758902038e-05,0.000207126859684714,5.445957446808511,58.999076046925126,+,DR 50,0.0005008214977972777,True
DR 50+,lab,gs_ind_0,MP39_METAL_RESPONSE,10/36,0.0019784045605385483,0.01038662394282738,3.6908334571386123,22.977152797893527,+,DR 50,0.02361784511648091,True
DR 50+,hallmark,gs_ind_0,Coagulation,12/53,0.004738249092569799,0.10187235549025069,2.8115112971781024,15.047454754456218,+,DR 50,0.04483337129068097,True
DR 50+,hallmark,gs_ind_0,Epithelial Mesenchymal Transition,23/123,0.00172441803930137,0.07414997568995892,2.2401653703314413,14.253871294030667,+,DR 50,0.021681086835199762,True
DR 50-,lab,gs_ind_0,MP14_EMT_3,11/31,0.000106824485721512,0.002243314200151752,5.270802496943175,48.19792256034924,-,DR 50,0.002168490000901882,True
DR 50-,lab,gs_ind_0,MP20_MYC,4/7,0.002667000817497594,0.02800350858372474,11.761177753544166,69.70615686312823,-,DR 50,0.02871387796034793,True
DR 50-,hallmark,gs_ind_0,Estrogen Response Early,12/45,0.0010525899827390427,0.018538286220816692,3.4987529197513756,23.989204648608986,-,DR 50,0.01420302969388436,True
DR 50-,hallmark,gs_ind_0,Estrogen Response Late,15/65,0.0013181093910427006,0.018538286220816692,2.896399882575859,19.207640477550406,-,DR 50,0.017329095788658388,True
DR 50-,hallmark,gs_ind_0,Glycolysis,17/47,9.396446043670545e-07,4.4163296405251564e-05,5.536025371867602,76.82765423786809,-,DR 50,3.653909145083028e-05,True
DR 50-,hallmark,gs_ind_0,Reactive Oxygen Species Pathway,5/10,0.0015777264868780162,0.018538286220816692,9.184143222506394,59.25398339743649,-,DR 50,0.020117393830645553,True
DR 50-,hallmark,gs_ind_0,mTORC1 Signaling,12/49,0.002351442988433525,0.022103564091275136,3.118479221927498,18.87530058397867,-,DR 50,0.027184287249925474,True
DR 51+,lab,gs_ind_0,MP10_PROTEIN_MATURATION,6/14,0.00140315100501124,0.00561260402004496,7.047482231967337,46.295156411688296,+,DR 51,0.018213295298850123,True
DR 51+,lab,gs_ind_0,MP14_EMT_3,9/31,0.0023774452607899232,0.007082695402442258,3.9212648680011606,23.6912188370526,+,DR 51,0.027184287249925474,True
DR 51+,lab,gs_ind_0,MP15_EMT_4,10/37,0.0024789433908547903,0.007082695402442258,3.5546170365068,21.32742802180424,+,DR 51,0.027725658119074934,True
DR 51+,lab,gs_ind_0,MP17_INTERFERON_MHC_II_1,16/40,4.0142206067637117e-07,4.014220606763711e-06,6.484652397544384,95.50759751458982,+,DR 51,1.736857141405369e-05,True
DR 51+,lab,gs_ind_0,MP18_INTERFERON_MHC_II_2,11/36,0.00048220540078602886,0.002411027003930144,4.225412592477625,32.27006918277949,+,DR 51,0.007357624128549738,True
DR 51+,lab,gs_ind_0,MP19_EPITHELIAL_SENESCENCE,14/37,4.894795962278927e-06,3.2631973081859515e-05,5.880725571844161,71.90561905068085,+,DR 51,0.0001524001337444682,True
DR 51+,lab,gs_ind_0,MP23_SECRETED_2,20/44,8.198431184075148e-10,1.6396862368150294e-08,8.235230934479056,172.29674490041774,+,DR 51,6.627784367757594e-08,True
DR 51+,hallmark,gs_ind_0,Adipogenesis,8/27,0.0036112996556440864,0.024677214313567924,4.034032634032634,22.686139124561574,+,DR 51,0.03613383825621725,True
DR 51+,hallmark,gs_ind_0,Bile Acid Metabolism,6/13,0.0008738731352655757,0.00895719963647215,7.991602399314481,56.281462040462216,+,DR 51,0.012038288213165242,True
DR 51+,hallmark,gs_ind_0,Cholesterol Homeostasis,7/16,0.00047032063077736506,0.006427715287290656,7.309261525907793,56.004262789456,+,DR 51,0.007357624128549738,True
DR 51+,hallmark,gs_ind_0,Complement,15/67,0.0018313568863860435,0.015017126468365557,2.782877679373636,17.53963791494446,+,DR 51,0.022721976094664705,True
DR 51+,hallmark,gs_ind_0,Interferon Alpha Response,14/40,1.4139101995007215e-05,0.0005797031817952958,5.206181395113561,58.13517027878158,+,DR 51,0.00038781536900591216,True
DR 51+,hallmark,gs_ind_0,Interferon Gamma Response,19/81,0.00023702631324292294,0.00485903942147992,2.988495867768595,24.945989293752508,+,DR 51,0.00429161984842196,True
DR 51-,lab,gs_ind_0,MP14_EMT_3,13/31,2.7789392831765666e-06,5.2799846380354766e-05,6.937297297297297,88.75190544758766,-,DR 51,9.114129691727843e-05,True
DR 51-,hallmark,gs_ind_0,Estrogen Response Late,15/65,0.0013181093910427006,0.028998406602939415,2.896399882575859,19.207640477550406,-,DR 51,0.017329095788658388,True
DR 51-,hallmark,gs_ind_0,Unfolded Protein Response,6/16,0.0031514828378030346,0.04622174828777784,5.698739135757131,32.82406608056813,-,DR 51,0.031986856644485424,True
DR 51-,hallmark,gs_ind_0,mTORC1 Signaling,13/49,0.0006860119522520405,0.028998406602939415,3.4806575342465753,25.35525184951136,-,DR 51,0.009801994034038457,True
DR 52+,lab,gs_ind_0,MP14_EMT_3,13/31,2.7789392831765666e-06,5.557878566353133e-05,6.937297297297297,88.75190544758766,+,DR 52,9.114129691727843e-05,True
DR 52+,lab,gs_ind_0,MP21_RESPIRATION,3/4,0.0036541598583761372,0.03654159858376137,21.259915611814346,119.30828811722127,+,DR 52,0.03613383825621725,True
DR 52-,lab,gs_ind_0,MP13_EMT_2,15/40,2.5130974734866414e-06,1.1937212999061547e-05,5.817927170868347,75.01632101504757,-,DR 52,8.452812523960908e-05,True
DR 52-,lab,gs_ind_0,MP14_EMT_3,9/31,0.0023774452607899232,0.005887490553280127,3.9212648680011606,23.6912188370526,-,DR 52,0.027184287249925474,True
DR 52-,lab,gs_ind_0,MP15_EMT_4,10/37,0.0024789433908547903,0.005887490553280127,3.5546170365068,21.32742802180424,-,DR 52,0.027725658119074934,True
DR 52-,lab,gs_ind_0,MP17_INTERFERON_MHC_II_1,12/40,0.00032173233465304283,0.001222582871681563,4.124203080645912,33.16597763632865,-,DR 52,0.005542215319929799,True
DR 52-,lab,gs_ind_0,MP22_SECRETED_1,20/26,5.504690699218571e-16,1.0458912328515285e-14,31.354996803750268,1101.6816708653498,-,DR 52,1.079387861361667e-13,True
DR 52-,lab,gs_ind_0,MP23_SECRETED_2,16/44,1.8453265815821392e-06,1.1687068350020215e-05,5.561974040793039,73.43393280949257,-,DR 52,6.550293510439195e-05,True
DR 52-,lab,gs_ind_0,MP5_STRESS,20/37,1.400312117754428e-11,1.3302965118667067e-10,11.574752671151563,289.2732193906934,-,DR 52,1.5244218676865343e-09,True
DR 52-,lab,gs_ind_0,MP7_STRESS_IN_VITRO,7/17,0.0007324907256175764,0.002319553964455659,6.609449981543005,47.714015180221494,-,DR 52,0.010259322989804838,True
DR 52-,hallmark,gs_ind_0,Apoptosis,20/55,8.621498628392421e-08,7.586918792985331e-07,5.648277476493309,91.8772639867061,-,DR 52,4.294904397798084e-06,True
DR 52-,hallmark,gs_ind_0,Cholesterol Homeostasis,7/16,0.00047032063077736506,0.0018812825231094602,7.309261525907793,56.004262789456,-,DR 52,0.007357624128549738,True
DR 52-,hallmark,gs_ind_0,Complement,16/67,0.0006062150937822577,0.0022227886772016115,3.0380456231746784,22.506679549362055,-,DR 52,0.008967701933061454,True
DR 52-,hallmark,gs_ind_0,Epithelial Mesenchymal Transition,33/123,2.8170762043813174e-08,3.098783824819449e-07,3.780110497237569,65.71714994282064,-,DR 52,1.6749789870695628e-06,True
DR 52-,hallmark,gs_ind_0,Hypoxia,20/70,7.0128417306973415e-06,3.4285004016742554e-05,3.9368366199500837,46.72146191408534,-,DR 52,0.00020714855573752147,True
DR 52-,hallmark,gs_ind_0,IL-6/JAK/STAT3 Signaling,15/33,1.229685576790037e-07,9.017694229793605e-07,8.050921541487579,128.10092695747232,-,DR 52,5.811683218306144e-06,True
DR 52-,hallmark,gs_ind_0,Inflammatory Response,28/76,1.1695308887673635e-10,1.7379109381796754e-09,5.969968623935455,136.5286942744777,-,DR 52,1.0567055559686295e-08,True
DR 52-,hallmark,gs_ind_0,Interferon Alpha Response,12/40,0.00032173233465304283,0.0014156222724733885,4.124203080645912,33.16597763632865,-,DR 52,0.005542215319929799,True
DR 52-,hallmark,gs_ind_0,Interferon Gamma Response,29/81,1.1849392760315968e-10,1.7379109381796754e-09,5.728807441343885,130.93853605424994,-,DR 52,1.0602330454278831e-08,True
DR 52-,hallmark,gs_ind_0,KRAS Signaling Up,17/76,0.0009203178720889558,0.0031149220286087733,2.7913127103702515,19.513484986547134,-,DR 52,0.012621502245791392,True
DR 52-,hallmark,gs_ind_0,TNF-alpha Signaling via NF-kB,60/93,1.7170734398952942e-40,7.555123135539295e-39,22.7192330164126,2080.236188216609,-,DR 52,1.582454882207503e-37,True
DR 52-,hallmark,gs_ind_0,UV Response Up,14/36,3.334017181074282e-06,1.833709449590855e-05,6.145546619005064,77.50353254618523,-,DR 52,0.00010631938526221653,True
DR 52-,hallmark,gs_ind_0,p53 Pathway,17/44,3.0963242152835e-07,1.946260935321057e-06,6.150359177607134,92.18084518795865,-,DR 52,1.4411981802046836e-05,True
DR 53+,lab,gs_ind_0,MP13_EMT_2,14/40,1.4139101995007215e-05,0.00012493366139712907,5.206181395113561,58.13517027878158,+,DR 53,0.00038781536900591216,True
DR 53+,lab,gs_ind_0,MP14_EMT_3,21/31,6.723048069716144e-15,1.2773791332460673e-13,20.424857408144316,666.5291667682927,+,DR 53,1.147400203898222e-12,True
DR 53+,lab,gs_ind_0,MP18_INTERFERON_MHC_II_2,12/36,0.0001036536031328951,0.0004923546148812518,4.808368970930547,44.11416934971604,+,DR 53,0.00214667776735452,True
DR 53+,lab,gs_ind_0,MP19_EPITHELIAL_SENESCENCE,11/37,0.0006269497186846939,0.002382408931001837,4.0636730223527655,29.96814274201321,+,DR 53,0.00908485630094047,True
DR 53+,lab,gs_ind_0,MP39_METAL_RESPONSE,13/36,1.972636758902038e-05,0.00012493366139712907,5.445957446808511,58.999076046925126,+,DR 53,0.0005008214977972777,True
DR 53-,lab,gs_ind_0,MP10_PROTEIN_MATURATION,6/14,0.00140315100501124,0.02667000817497594,7.047482231967337,46.295156411688296,-,DR 53,0.018213295298850123,True
DR 53-,lab,gs_ind_0,MP20_MYC,4/7,0.002667000817497594,0.02667000817497594,11.761177753544166,69.70615686312823,-,DR 53,0.02871387796034793,True
DR 53-,hallmark,gs_ind_0,Cholesterol Homeostasis,7/16,0.00047032063077736506,0.021164428384981428,7.309261525907793,56.004262789456,-,DR 53,0.007357624128549738,True
DR 53-,hallmark,gs_ind_0,Glycolysis,12/47,0.0015956830393014216,0.03527164482650288,3.2979041356894685,21.23999789238365,-,DR 53,0.020117393830645553,True
DR 53-,hallmark,gs_ind_0,mTORC1 Signaling,12/49,0.002351442988433525,0.03527164482650288,3.118479221927498,18.87530058397867,-,DR 53,0.027184287249925474,True
DR 54+,lab,gs_ind_0,MP10_PROTEIN_MATURATION,9/14,1.0817504021820691e-06,5.679189611455863e-06,16.194873012105386,222.46783831980014,+,DR 54,4.119591614260309e-05,True
DR 54+,lab,gs_ind_0,MP13_EMT_2,11/40,0.0012931995232216237,0.0033946487484567624,3.644246679486606,24.236557725058546,+,DR 54,0.017173093380418565,True
DR 54+,lab,gs_ind_0,MP14_EMT_3,12/31,1.841555527939586e-05,6.445444347788552e-05,6.05828742433517,66.04935698143535,+,DR 54,0.00048352637451541956,True
DR 54+,lab,gs_ind_0,MP15_EMT_4,11/37,0.0006269497186846939,0.0018808491560540817,4.0636730223527655,29.96814274201321,+,DR 54,0.00908485630094047,True
DR 54+,lab,gs_ind_0,MP17_INTERFERON_MHC_II_1,27/40,7.22356538620946e-19,1.516948731103987e-17,20.986764862845554,876.6542753362174,+,DR 54,1.623716551202595e-16,True
DR 54+,lab,gs_ind_0,MP18_INTERFERON_MHC_II_2,20/36,7.046380102779776e-12,7.398699107918765e-11,12.28313606983967,315.4125966760852,+,DR 54,8.220182155344103e-10,True
DR 54+,lab,gs_ind_0,MP22_SECRETED_1,8/26,0.002775151373588268,0.0064753532050392925,4.254475254475254,25.04630847976831,+,DR 54,0.02973929658022032,True
DR 54+,lab,gs_ind_0,MP23_SECRETED_2,15/44,9.960890575215879e-06,4.1835740415906695e-05,5.017725798346201,57.788365631575076,+,DR 54,0.00028246020781904474,True
DR 54+,lab,gs_ind_0,MP39_METAL_RESPONSE,15/36,5.016413533153169e-07,3.511489473207218e-06,6.91587789130571,100.31743967013438,+,DR 54,2.0547229831795378e-05,True
DR 54+,hallmark,gs_ind_0,Apoptosis,14/55,0.0006745503680608378,0.004721852576425865,3.2963274007558385,24.06801654251319,+,DR 54,0.009743975222646835,True
DR 54+,hallmark,gs_ind_0,Coagulation,14/53,0.0004469713429321258,0.003754559280629857,3.467166661010622,26.742312191693923,+,DR 54,0.007262176090016173,True
DR 54+,hallmark,gs_ind_0,Complement,18/67,5.2203433420396796e-05,0.0007308480678855552,3.5868548498685486,35.36768830458141,+,DR 54,0.0012223042452048445,True
DR 54+,hallmark,gs_ind_0,Estrogen Response Late,16/65,0.0004197487478719283,0.003754559280629857,3.1644083107497742,24.605977796196147,+,DR 54,0.007059132226984838,True
DR 54+,hallmark,gs_ind_0,Interferon Alpha Response,24/40,4.087783337547536e-15,1.7168690017699653e-13,15.012533264657911,497.37683989866497,+,DR 54,7.529783615479586e-13,True
DR 54+,hallmark,gs_ind_0,Interferon Gamma Response,34/81,8.828026918876702e-15,1.8538856529641074e-13,7.649217638691323,247.53514528510487,+,DR 54,1.479256292443049e-12,True
DR 54-,hallmark,gs_ind_0,Androgen Response,9/20,5.291877103263162e-05,0.0011642129627178956,7.719491429220116,76.0119210824779,-,DR 54,0.0012223042452048445,True
DR 54-,hallmark,gs_ind_0,Cholesterol Homeostasis,7/16,0.00047032063077736506,0.006898035918068021,7.309261525907793,56.004262789456,-,DR 54,0.007357624128549738,True
DR 54-,hallmark,gs_ind_0,mTORC1 Signaling,18/49,3.3483330607087063e-07,1.4732665467118307e-05,5.694411828658404,84.90159064587739,-,DR 54,1.5352356958950965e-05,True
DR 55+,lab,gs_ind_0,MP14_EMT_3,12/31,1.841555527939586e-05,0.0003498955503085214,6.05828742433517,66.04935698143535,+,DR 55,0.00048352637451541956,True
DR 55+,lab,gs_ind_0,MP17_INTERFERON_MHC_II_1,10/40,0.004613401681204881,0.01753092638857855,3.1995611204337164,17.2097667263617,+,DR 55,0.0438320720556538,True
DR 55+,lab,gs_ind_0,MP18_INTERFERON_MHC_II_2,10/36,0.0019784045605385483,0.009397421662558105,3.6908334571386123,22.977152797893527,+,DR 55,0.02361784511648091,True
DR 55+,lab,gs_ind_0,MP20_MYC,5/7,0.00016935438698180248,0.0016088666763271237,20.238874680306907,175.74461384929927,+,DR 55,0.0031403823549784543,True
DR 55+,lab,gs_ind_0,MP8_PROTEASOMAL_DEGRADATION,4/5,0.00044837002986319467,0.002839676855800233,27.47328244274809,211.81603246804076,+,DR 55,0.007262176090016173,True
DR 55+,hallmark,gs_ind_0,Glycolysis,13/47,0.00044081509382605446,0.009697932064173197,3.6866086956521738,28.486001648149458,+,DR 55,0.00725455697268021,True
DR 55+,hallmark,gs_ind_0,mTORC1 Signaling,14/49,0.0001808341096007929,0.007956700822434888,3.8665936638598346,33.32203534510104,+,DR 55,0.0033198548886073853,True
DR 55-,lab,gs_ind_0,MP1_CELL_CYCLE_G2_M,29/45,2.3013345969638077e-19,4.372535734231235e-18,18.603321848219807,798.3732316809801,-,DR 55,5.3022749114046126e-17,True
DR 55-,lab,gs_ind_0,MP2_CELL_CYCLE_G1_S,17/33,1.4398960331151302e-09,1.3679012314593738e-08,10.314177194286186,209.98318690283074,-,DR 55,1.0531810985070666e-07,True
DR 55-,lab,gs_ind_0,MP3_CELL_CYCLE_HMG_RICH,8/11,1.1101597910414389e-06,7.031012009929113e-06,22.67717996289425,310.92696407503706,-,DR 55,4.1760133200971025e-05,True
DR 55-,hallmark,gs_ind_0,E2F Targets,35/64,6.605073144182779e-20,2.9062321834404228e-18,12.880997490910953,568.874619413803,-,DR 55,1.6908987249107914e-17,True
DR 55-,hallmark,gs_ind_0,G2-M Checkpoint,30/61,1.9305823950581527e-15,4.247281269127936e-14,10.048829306893824,340.46393031801335,-,DR 55,3.706718198511653e-13,True
DR 55-,hallmark,gs_ind_0,Mitotic Spindle,16/36,6.731188405582002e-08,9.87240966152027e-07,7.767400356930398,128.27029826205302,-,DR 55,3.4084962827386664e-06,True
DR 56+,lab,gs_ind_0,MP10_PROTEIN_MATURATION,9/14,1.0817504021820691e-06,1.9471507239277247e-05,16.194873012105386,222.46783831980014,+,DR 56,4.119591614260309e-05,True
DR 56+,lab,gs_ind_0,MP5_STRESS,12/37,0.00014008246757100216,0.0012607422081390195,4.617204972174546,40.96974909429703,+,DR 56,0.0027121849183494875,True
DR 56+,hallmark,gs_ind_0,Cholesterol Homeostasis,6/16,0.0031514828378030346,0.02311087414388892,5.698739135757131,32.82406608056813,+,DR 56,0.031986856644485424,True
DR 56+,hallmark,gs_ind_0,Estrogen Response Early,17/45,4.540944488544732e-07,1.998015574959682e-05,5.9312108609398155,86.62510107321158,+,DR 56,1.937469648445752e-05,True
DR 56+,hallmark,gs_ind_0,Estrogen Response Late,16/65,0.0004197487478719283,0.006156314968788282,3.1644083107497742,24.605977796196147,+,DR 56,0.007059132226984838,True
DR 56+,hallmark,gs_ind_0,Fatty Acid Metabolism,11/27,2.3637354495703175e-05,0.0005200217989054698,6.563284560646038,69.9165851355189,+,DR 56,0.0005951963361540997,True
DR 56+,hallmark,gs_ind_0,Hypoxia,16/70,0.0010169272055556603,0.011186199261112263,2.8658909524875065,19.74876783775596,+,DR 56,0.013802652616201717,True
DR 56+,hallmark,gs_ind_0,Xenobiotic Metabolism,12/46,0.0013008231383289865,0.011447243617295082,3.395417675777496,22.561728871625487,+,DR 56,0.01722469259028727,True
DR 56-,lab,gs_ind_0,MP14_EMT_3,15/31,4.2790533113946706e-08,8.55810662278934e-07,9.03691905578698,153.32894426449602,-,DR 56,2.3614224741205556e-06,True
DR 56-,lab,gs_ind_0,MP20_MYC,4/7,0.002667000817497594,0.02667000817497594,11.761177753544166,69.70615686312823,-,DR 56,0.02871387796034793,True
DR 57+,lab,gs_ind_0,MP20_MYC,4/7,0.002667000817497594,0.05334001634995188,11.761177753544166,69.70615686312823,+,DR 57,0.02871387796034793,True
DR 57-,lab,gs_ind_0,MP14_EMT_3,12/31,1.841555527939586e-05,0.0001841555527939586,6.05828742433517,66.04935698143535,-,DR 57,0.00048352637451541956,True
DR 57-,lab,gs_ind_0,MP17_INTERFERON_MHC_II_1,14/40,1.4139101995007215e-05,0.0001841555527939586,5.206181395113561,58.13517027878158,-,DR 57,0.00038781536900591216,True
DR 57-,lab,gs_ind_0,MP18_INTERFERON_MHC_II_2,12/36,0.0001036536031328951,0.0006910240208859674,4.808368970930547,44.11416934971604,-,DR 57,0.00214667776735452,True
DR 57-,hallmark,gs_ind_0,Interferon Alpha Response,10/40,0.004613401681204881,0.1983762722918099,3.1995611204337164,17.2097667263617,-,DR 57,0.0438320720556538,True
DR 58+,lab,gs_ind_0,MP14_EMT_3,11/31,0.000106824485721512,0.001014832614354364,5.270802496943175,48.19792256034924,+,DR 58,0.002168490000901882,True
DR 58+,lab,gs_ind_0,MP17_INTERFERON_MHC_II_1,10/40,0.004613401681204881,0.021913657985723187,3.1995611204337164,17.2097667263617,+,DR 58,0.0438320720556538,True
DR 58+,lab,gs_ind_0,MP18_INTERFERON_MHC_II_2,14/36,3.334017181074282e-06,6.334632644041136e-05,6.145546619005064,77.50353254618523,+,DR 58,0.00010631938526221653,True
DR 58+,lab,gs_ind_0,MP19_EPITHELIAL_SENESCENCE,11/37,0.0006269497186846939,0.003970681551669728,4.0636730223527655,29.96814274201321,+,DR 58,0.00908485630094047,True
DR 58+,hallmark,gs_ind_0,Xenobiotic Metabolism,12/46,0.0013008231383289865,0.0572362180864754,3.395417675777496,22.561728871625487,+,DR 58,0.01722469259028727,True
DR 58-,lab,gs_ind_0,MP14_EMT_3,14/31,3.67906202865104e-07,3.6790620286510396e-06,7.923630792799694,117.39205927803582,-,DR 58,1.637982398842898e-05,True
DR 58-,lab,gs_ind_0,MP17_INTERFERON_MHC_II_1,10/40,0.004613401681204881,0.015378005604016271,3.1995611204337164,17.2097667263617,-,DR 58,0.0438320720556538,True
DR 58-,lab,gs_ind_0,MP18_INTERFERON_MHC_II_2,17/36,8.064342339768543e-09,1.6128684679537085e-07,8.712708726332705,162.36841641689682,-,DR 58,5.125584758848751e-07,True
DR 58-,lab,gs_ind_0,MP20_MYC,5/7,0.00016935438698180248,0.0008467719349090124,20.238874680306907,175.74461384929927,-,DR 58,0.0031403823549784543,True
DR 58-,lab,gs_ind_0,MP21_RESPIRATION,4/4,9.731911478979302e-05,0.0006487940985986202,82.46564885496183,761.7776794946161,-,DR 58,0.0021004519014115514,True
DR 58-,lab,gs_ind_0,MP39_METAL_RESPONSE,10/36,0.0019784045605385483,0.007913618242154193,3.6908334571386123,22.977152797893527,-,DR 58,0.02361784511648091,True
DR 58-,hallmark,gs_ind_0,Fatty Acid Metabolism,8/27,0.0036112996556440864,0.08125424225199195,4.034032634032634,22.686139124561574,-,DR 58,0.03613383825621725,True
DR 58-,hallmark,gs_ind_0,mTORC1 Signaling,12/49,0.002351442988433525,0.08125424225199195,3.118479221927498,18.87530058397867,-,DR 58,0.027184287249925474,True
DR 59+,lab,gs_ind_0,MP14_EMT_3,9/31,0.0023774452607899232,0.01426467156473954,3.9212648680011606,23.6912188370526,+,DR 59,0.027184287249925474,True
DR 59+,lab,gs_ind_0,MP22_SECRETED_1,12/26,1.9872335795739027e-06,1.7885102216165124e-05,8.170218604225738,107.26489678134641,+,DR 59,6.96362915184528e-05,True
DR 59+,lab,gs_ind_0,MP5_STRESS,15/37,7.698806119523678e-07,1.3857851015142622e-05,6.604791853848457,92.97585560353329,+,DR 59,3.0451586780055887e-05,True
DR 59+,hallmark,gs_ind_0,Estrogen Response Late,14/65,0.003804085237894144,0.03499758418862613,2.6411671308467164,14.715737358853316,+,DR 59,0.03725371886518373,True
DR 59+,hallmark,gs_ind_0,Hypoxia,16/70,0.0010169272055556603,0.015592883818520125,2.8658909524875065,19.74876783775596,+,DR 59,0.013802652616201717,True
DR 59+,hallmark,gs_ind_0,TNF-alpha Signaling via NF-kB,25/93,1.5997360641219624e-06,7.358785894961028e-05,3.674901740595171,49.04403290298948,+,DR 59,5.87377193902311e-05,True
DR 59+,hallmark,gs_ind_0,UV Response Up,10/36,0.0019784045605385483,0.022751652446193305,3.6908334571386123,22.977152797893527,+,DR 59,0.02361784511648091,True
DR 59+,hallmark,gs_ind_0,p53 Pathway,15/44,9.960890575215879e-06,0.00022910048322996522,5.017725798346201,57.788365631575076,+,DR 59,0.00028246020781904474,True
DR 59-,lab,gs_ind_0,MP14_EMT_3,14/31,3.67906202865104e-07,7.358124057302079e-06,7.923630792799694,117.39205927803582,-,DR 59,1.637982398842898e-05,True
DR 59-,lab,gs_ind_0,MP17_INTERFERON_MHC_II_1,12/40,0.00032173233465304283,0.0016086616732652141,4.124203080645912,33.16597763632865,-,DR 59,0.005542215319929799,True
DR 59-,lab,gs_ind_0,MP18_INTERFERON_MHC_II_2,12/36,0.0001036536031328951,0.001036536031328951,4.808368970930547,44.11416934971604,-,DR 59,0.00214667776735452,True
DR 59-,lab,gs_ind_0,MP20_MYC,5/7,0.00016935438698180248,0.00112902924654535,20.238874680306907,175.74461384929927,-,DR 59,0.0031403823549784543,True
DR 59-,lab,gs_ind_0,MP3_CELL_CYCLE_HMG_RICH,5/11,0.002659499577535494,0.010637998310141976,7.766869958685816,46.054566494324,-,DR 59,0.02871387796034793,True
DR 59-,hallmark,gs_ind_0,Glycolysis,12/47,0.0015956830393014216,0.07021005372926255,3.2979041356894685,21.23999789238365,-,DR 59,0.020117393830645553,True
DR 59-,hallmark,gs_ind_0,Interferon Alpha Response,10/40,0.004613401681204881,0.10149483698650738,3.1995611204337164,17.2097667263617,-,DR 59,0.0438320720556538,True
DR 60+,lab,gs_ind_0,MP12_EMT_1,13/47,0.00044081509382605446,0.0018323805229869098,3.6866086956521738,28.486001648149458,+,DR 60,0.00725455697268021,True
DR 60+,lab,gs_ind_0,MP14_EMT_3,11/31,0.000106824485721512,0.0006765550762362427,5.270802496943175,48.19792256034924,+,DR 60,0.002168490000901882,True
DR 60+,lab,gs_ind_0,MP17_INTERFERON_MHC_II_1,18/40,7.48268786988063e-09,7.661125222780116e-08,8.012724505327245,149.92347421696005,+,DR 60,4.822409189427964e-07,True
DR 60+,lab,gs_ind_0,MP18_INTERFERON_MHC_II_2,17/36,8.064342339768543e-09,7.661125222780116e-08,8.712708726332705,162.36841641689682,+,DR 60,5.125584758848751e-07,True
DR 60+,lab,gs_ind_0,MP20_MYC,4/7,0.002667000817497594,0.008445502588742382,11.761177753544166,69.70615686312823,+,DR 60,0.02871387796034793,True
DR 60+,lab,gs_ind_0,MP39_METAL_RESPONSE,11/36,0.00048220540078602886,0.0018323805229869098,4.225412592477625,32.27006918277949,+,DR 60,0.007357624128549738,True
DR 60-,lab,gs_ind_0,MP14_EMT_3,15/31,4.2790533113946706e-08,8.986011953928808e-07,9.03691905578698,153.32894426449602,-,DR 60,2.3614224741205556e-06,True
DR 60-,lab,gs_ind_0,MP17_INTERFERON_MHC_II_1,12/40,0.00032173233465304283,0.0022521263425713,4.124203080645912,33.16597763632865,-,DR 60,0.005542215319929799,True
DR 60-,lab,gs_ind_0,MP18_INTERFERON_MHC_II_2,13/36,1.972636758902038e-05,0.000207126859684714,5.445957446808511,58.999076046925126,-,DR 60,0.0005008214977972777,True
DR 60-,lab,gs_ind_0,MP19_EPITHELIAL_SENESCENCE,10/37,0.0024789433908547903,0.01041156224159012,3.5546170365068,21.32742802180424,-,DR 60,0.027725658119074934,True
DR 60-,lab,gs_ind_0,MP39_METAL_RESPONSE,10/36,0.0019784045605385483,0.01038662394282738,3.6908334571386123,22.977152797893527,-,DR 60,0.02361784511648091,True
DR 60-,hallmark,gs_ind_0,Glycolysis,12/47,0.0015956830393014216,0.07180573676856397,3.2979041356894685,21.23999789238365,-,DR 60,0.020117393830645553,True
DR 61+,lab,gs_ind_0,MP14_EMT_3,12/31,1.841555527939586e-05,0.0002946488844703338,6.05828742433517,66.04935698143535,+,DR 61,0.00048352637451541956,True
DR 61-,lab,gs_ind_0,MP14_EMT_3,17/31,3.9289495101019593e-10,8.250793971214114e-09,11.74997651038241,254.4748676443258,-,DR 61,3.321944833495382e-08,True
DR 61-,lab,gs_ind_0,MP18_INTERFERON_MHC_II_2,11/36,0.00048220540078602886,0.005063156708253303,4.225412592477625,32.27006918277949,-,DR 61,0.007357624128549738,True
DR 61-,lab,gs_ind_0,MP39_METAL_RESPONSE,10/36,0.0019784045605385483,0.01301445280198765,3.6908334571386123,22.977152797893527,-,DR 61,0.02361784511648091,True
DR 61-,lab,gs_ind_0,MP5_STRESS,10/37,0.0024789433908547903,0.01301445280198765,3.5546170365068,21.32742802180424,-,DR 61,0.027725658119074934,True
DR 62+,lab,gs_ind_0,MP17_INTERFERON_MHC_II_1,14/40,1.4139101995007215e-05,0.00014794775691765285,5.206181395113561,58.13517027878158,+,DR 62,0.00038781536900591216,True
DR 62+,lab,gs_ind_0,MP18_INTERFERON_MHC_II_2,13/36,1.972636758902038e-05,0.00014794775691765285,5.445957446808511,58.999076046925126,+,DR 62,0.0005008214977972777,True
DR 62+,hallmark,gs_ind_0,Interferon Alpha Response,10/40,0.004613401681204881,0.20298967397301476,3.1995611204337164,17.2097667263617,+,DR 62,0.0438320720556538,True
DR 62-,lab,gs_ind_0,MP14_EMT_3,14/31,3.67906202865104e-07,2.4527080191006934e-06,7.923630792799694,117.39205927803582,-,DR 62,1.637982398842898e-05,True
DR 62-,lab,gs_ind_0,MP17_INTERFERON_MHC_II_1,21/40,8.800496173166468e-12,8.800496173166468e-11,10.942718377258768,278.5601699496994,-,DR 62,1.0013008979247181e-09,True
DR 62-,lab,gs_ind_0,MP18_INTERFERON_MHC_II_2,21/36,5.365238526610203e-13,1.0730477053220405e-11,13.79755593494474,389.83152836592353,-,DR 62,7.491823978975702e-11,True
DR 62-,lab,gs_ind_0,MP19_EPITHELIAL_SENESCENCE,12/37,0.00014008246757100216,0.0007004123378550108,4.617204972174546,40.96974909429703,-,DR 62,0.0027121849183494875,True
DR 62-,lab,gs_ind_0,MP23_SECRETED_2,11/44,0.0029926320582315345,0.011970528232926138,3.201866656165085,18.60797463635411,-,DR 62,0.03166486457940508,True
DR 62-,hallmark,gs_ind_0,Cholesterol Homeostasis,8/16,5.5432325630216626e-05,0.0012749434894949825,9.311688311688311,91.25778256286647,-,DR 62,0.0012582864852415674,True
DR 62-,hallmark,gs_ind_0,Interferon Alpha Response,16/40,4.0142206067637117e-07,1.8465414791113075e-05,6.484652397544384,95.50759751458982,-,DR 62,1.736857141405369e-05,True
DR 62-,hallmark,gs_ind_0,Interferon Gamma Response,18/81,0.000705808741803065,0.010822400707646996,2.773702944666163,20.126449725494094,-,DR 62,0.010007282099164686,True
DR 63+,lab,gs_ind_0,MP14_EMT_3,10/31,0.0005406708160615204,0.0032440248963691225,4.561984984435085,34.31844415681465,+,DR 63,0.008141866406573483,True
DR 63+,lab,gs_ind_0,MP17_INTERFERON_MHC_II_1,19/40,8.750940882826097e-10,7.875846794543488e-09,8.892369786661542,185.46539739039522,+,DR 63,6.720722598010443e-08,True
DR 63+,lab,gs_ind_0,MP18_INTERFERON_MHC_II_2,18/36,8.631350366979148e-10,7.875846794543488e-09,9.767123287671232,203.84425786275344,+,DR 63,6.720722598010443e-08,True
DR 63+,lab,gs_ind_0,MP19_EPITHELIAL_SENESCENCE,10/37,0.0024789433908547903,0.009601202942991337,3.5546170365068,21.32742802180424,+,DR 63,0.027725658119074934,True
DR 63+,lab,gs_ind_0,MP20_MYC,4/7,0.002667000817497594,0.009601202942991337,11.761177753544166,69.70615686312823,+,DR 63,0.02871387796034793,True
DR 63+,hallmark,gs_ind_0,Cholesterol Homeostasis,7/16,0.00047032063077736506,0.007054809461660476,7.309261525907793,56.004262789456,+,DR 63,0.007357624128549738,True
DR 63+,hallmark,gs_ind_0,Interferon Alpha Response,15/40,2.5130974734866414e-06,0.00011308938630689885,5.817927170868347,75.01632101504757,+,DR 63,8.452812523960908e-05,True
DR 63+,hallmark,gs_ind_0,Interferon Gamma Response,19/81,0.00023702631324292294,0.005333092047965766,2.988495867768595,24.945989293752508,+,DR 63,0.00429161984842196,True
DR 63-,lab,gs_ind_0,MP14_EMT_3,10/31,0.0005406708160615204,0.002568186376292222,4.561984984435085,34.31844415681465,-,DR 63,0.008141866406573483,True
DR 63-,lab,gs_ind_0,MP17_INTERFERON_MHC_II_1,13/40,7.132734685467942e-05,0.0013552195902389091,4.643345454545455,44.33573388785754,-,DR 63,0.0015916533380453404,True
DR 63-,lab,gs_ind_0,MP18_INTERFERON_MHC_II_2,11/36,0.00048220540078602886,0.002568186376292222,4.225412592477625,32.27006918277949,-,DR 63,0.007357624128549738,True
DR 63-,lab,gs_ind_0,MP39_METAL_RESPONSE,11/36,0.00048220540078602886,0.002568186376292222,4.225412592477625,32.27006918277949,-,DR 63,0.007357624128549738,True
DR 63-,hallmark,gs_ind_0,Interferon Alpha Response,12/40,0.00032173233465304283,0.014477955059386927,4.124203080645912,33.16597763632865,-,DR 63,0.005542215319929799,True
DR 64+,lab,gs_ind_0,MP14_EMT_3,16/31,4.374399042453471e-09,4.37439904245347e-08,10.301862050878574,198.2850557075752,+,DR 64,2.921337795308057e-07,True
DR 64+,lab,gs_ind_0,MP17_INTERFERON_MHC_II_1,17/40,5.7724890622615976e-08,3.848326041507732e-07,7.213461649950721,120.23093020303091,+,DR 64,2.972025653508541e-06,True
DR 64+,lab,gs_ind_0,MP18_INTERFERON_MHC_II_2,19/36,8.253278601900896e-11,1.6506557203801792e-09,10.949468713105077,254.22285384648416,+,DR 64,8.091725063310496e-09,True
DR 64+,lab,gs_ind_0,MP19_EPITHELIAL_SENESCENCE,16/37,1.0822377398097633e-07,5.411188699048816e-07,7.401966345244848,118.72061765235777,+,DR 64,5.141187118601432e-06,True
DR 64+,lab,gs_ind_0,MP20_MYC,5/7,0.00016935438698180248,0.0006774175479272099,20.238874680306907,175.74461384929927,+,DR 64,0.0031403823549784543,True
DR 64+,lab,gs_ind_0,MP21_RESPIRATION,3/4,0.0036541598583761372,0.010440456738217536,21.259915611814346,119.30828811722127,+,DR 64,0.03613383825621725,True
DR 64+,lab,gs_ind_0,MP39_METAL_RESPONSE,10/36,0.0019784045605385483,0.006594681868461828,3.6908334571386123,22.977152797893527,+,DR 64,0.02361784511648091,True
DR 64+,hallmark,gs_ind_0,Interferon Alpha Response,11/40,0.0012931995232216237,0.05819397854497306,3.644246679486606,24.236557725058546,+,DR 64,0.017173093380418565,True
DR 64-,lab,gs_ind_0,MP14_EMT_3,13/31,2.7789392831765666e-06,2.6399923190177383e-05,6.937297297297297,88.75190544758766,-,DR 64,9.114129691727843e-05,True
DR 64-,lab,gs_ind_0,MP17_INTERFERON_MHC_II_1,14/40,1.4139101995007215e-05,8.954764596837904e-05,5.206181395113561,58.13517027878158,-,DR 64,0.00038781536900591216,True
DR 64-,lab,gs_ind_0,MP18_INTERFERON_MHC_II_2,15/36,5.016413533153169e-07,9.531185712991022e-06,6.91587789130571,100.31743967013438,-,DR 64,2.0547229831795378e-05,True
DR 64-,lab,gs_ind_0,MP19_EPITHELIAL_SENESCENCE,11/37,0.0006269497186846939,0.0029780111637522965,4.0636730223527655,29.96814274201321,-,DR 64,0.00908485630094047,True
DR 64-,lab,gs_ind_0,MP20_MYC,4/7,0.002667000817497594,0.010134603106490859,11.761177753544166,69.70615686312823,-,DR 64,0.02871387796034793,True
