# signature_gene_contribution | collection gavish (pan-cancer malignant metaprograms (Gavish)) | DRVI run drvi_epicnv_64_nomt | 05_4 - 05_8 signature interpretation
# CAVEAT: Cells are the aneuploid epithelium called by inferCNV in 05_1: a per-cohort THRESHOLD on a CNV score, not a validated clone assignment - no matched normal, no bulk WGS.
# CAVEAT: Cells no run covered (not_tested) were excluded rather than assumed normal, and 19 of the 29 cohorts of the epithelial compartment reach the 200-cell floor, so this is the tumour the call could reach in the patients with the most of it.
# CAVEAT: The CellTypist labels carried along (cell_type_01_4) come from a NORMAL breast atlas with no malignant class and are landmarks, never identities: every state reported here is a state of malignant epithelium, named by its genes and not by that label.
signature,axis,gene,detection_rate,mean_expression,share_of_mean_signal,share_of_score_variance,spearman_with_score,rank_by_variance_share
MP10_PROTEIN_MATURATION,proteostasis,HLA-C,0.73678,1.684796,0.05776,0.056436,0.533034,1
MP10_PROTEIN_MATURATION,proteostasis,HLA-A,0.5929,1.200342,0.041151,0.051406,0.422169,2
MP10_PROTEIN_MATURATION,proteostasis,MALAT1,0.823797,2.870301,0.098402,0.045049,0.356609,3
MP10_PROTEIN_MATURATION,proteostasis,PPIB,0.735062,1.426937,0.04892,0.043146,0.4428,4
MP10_PROTEIN_MATURATION,proteostasis,ITM2B,0.67227,1.198153,0.041076,0.03804,0.47781,5
MP10_PROTEIN_MATURATION,proteostasis,TMEM59,0.631522,0.975496,0.033443,0.034356,0.515373,6
MP10_PROTEIN_MATURATION,proteostasis,HSPA5,0.528486,0.767445,0.02631,0.033627,0.487833,7
MP10_PROTEIN_MATURATION,proteostasis,HSP90B1,0.612981,0.937703,0.032147,0.033145,0.480176,8
MP10_PROTEIN_MATURATION,proteostasis,PDIA6,0.564749,0.837344,0.028707,0.032458,0.445165,9
MP10_PROTEIN_MATURATION,proteostasis,PDIA3,0.534348,0.736162,0.025238,0.0319,0.489925,10
MP10_PROTEIN_MATURATION,proteostasis,CLU,0.553297,1.001873,0.034347,0.031627,0.391095,11
MP10_PROTEIN_MATURATION,proteostasis,TIMP1,0.490764,0.792671,0.027175,0.030784,0.427017,12
MP10_PROTEIN_MATURATION,proteostasis,LAPTM4A,0.646749,1.028589,0.035263,0.029923,0.430233,13
MP10_PROTEIN_MATURATION,proteostasis,LGALS3BP,0.344185,0.431074,0.014778,0.027478,0.465486,14
MP10_PROTEIN_MATURATION,proteostasis,RPN2,0.435006,0.493473,0.016918,0.02413,0.476406,15
MP10_PROTEIN_MATURATION,proteostasis,SPP1,0.185596,0.31149,0.010679,0.022657,0.321499,16
MP10_PROTEIN_MATURATION,proteostasis,SERPINA1,0.241244,0.341967,0.011724,0.022488,0.411764,17
MP10_PROTEIN_MATURATION,proteostasis,PDIA4,0.388873,0.442306,0.015164,0.022327,0.430467,18
MP10_PROTEIN_MATURATION,proteostasis,PRDX4,0.471405,0.604339,0.020718,0.021618,0.345237,19
MP10_PROTEIN_MATURATION,proteostasis,EPCAM,0.491609,0.629203,0.021571,0.020441,0.363781,20
MP10_PROTEIN_MATURATION,proteostasis,DDOST,0.465393,0.535012,0.018342,0.0197,0.393046,21
MP10_PROTEIN_MATURATION,proteostasis,PSAP,0.511513,0.660482,0.022643,0.019229,0.370445,22
MP10_PROTEIN_MATURATION,proteostasis,GRN,0.412744,0.448741,0.015384,0.018204,0.402672,23
MP10_PROTEIN_MATURATION,proteostasis,APP,0.520865,0.720369,0.024696,0.01792,0.312791,24
MP10_PROTEIN_MATURATION,proteostasis,NEAT1,0.492754,0.79609,0.027292,0.017824,0.294659,25
MP10_PROTEIN_MATURATION,proteostasis,LAMP1,0.444849,0.487371,0.016708,0.01734,0.397116,26
MP10_PROTEIN_MATURATION,proteostasis,AZGP1,0.533025,1.216348,0.0417,0.015944,0.25411,27
MP10_PROTEIN_MATURATION,proteostasis,SLC3A2,0.405096,0.442899,0.015184,0.015707,0.352852,28
MP10_PROTEIN_MATURATION,proteostasis,LMAN2,0.41577,0.425923,0.014602,0.015442,0.374949,29
MP10_PROTEIN_MATURATION,proteostasis,ATP6AP2,0.381375,0.385431,0.013214,0.01456,0.379709,30
MP10_PROTEIN_MATURATION,proteostasis,LAMP2,0.324663,0.307359,0.010537,0.013927,0.373291,31
MP10_PROTEIN_MATURATION,proteostasis,LRPAP1,0.310921,0.273294,0.009369,0.013733,0.394311,32
MP10_PROTEIN_MATURATION,proteostasis,EPHX1,0.281665,0.270289,0.009266,0.013503,0.375199,33
MP10_PROTEIN_MATURATION,proteostasis,ATP6AP1,0.319891,0.288048,0.009875,0.013502,0.392306,34
MP10_PROTEIN_MATURATION,proteostasis,MAGED2,0.37749,0.430612,0.014763,0.013297,0.354434,35
MP10_PROTEIN_MATURATION,proteostasis,TM9SF2,0.359617,0.356734,0.01223,0.012967,0.359905,36
MP10_PROTEIN_MATURATION,proteostasis,APLP2,0.40361,0.43043,0.014756,0.012742,0.336096,37
MP10_PROTEIN_MATURATION,proteostasis,PIGT,0.315693,0.287833,0.009868,0.011213,0.339209,38
MP10_PROTEIN_MATURATION,proteostasis,CTSA,0.225049,0.182069,0.006242,0.010229,0.349202,39
MP10_PROTEIN_MATURATION,proteostasis,APMAP,0.282538,0.244381,0.008378,0.010148,0.346896,40
MP10_PROTEIN_MATURATION,proteostasis,GGH,0.237918,0.242413,0.008311,0.008978,0.241022,41
MP10_PROTEIN_MATURATION,proteostasis,CTSL,0.187259,0.157245,0.005391,0.00799,0.306607,42
MP10_PROTEIN_MATURATION,proteostasis,OS9,0.271482,0.233509,0.008005,0.007876,0.300892,43
MP10_PROTEIN_MATURATION,proteostasis,HEXB,0.237604,0.18812,0.006449,0.00756,0.296572,44
MP10_PROTEIN_MATURATION,proteostasis,SERPINE2,0.122095,0.116505,0.003994,0.006451,0.225346,45
MP10_PROTEIN_MATURATION,proteostasis,SIL1,0.16985,0.12068,0.004137,0.005242,0.263905,46
MP10_PROTEIN_MATURATION,proteostasis,GDF15,0.104631,0.134293,0.004604,0.003001,0.126761,47
MP10_PROTEIN_MATURATION,proteostasis,TSPAN1,0.08061,0.065549,0.002247,0.00216,0.152865,48
MP10_PROTEIN_MATURATION,proteostasis,CFI,0.014819,0.009342,0.00032,0.000576,0.098954,49
MP11_TRANSLATION_INITIATION,proteostasis,ZFAS1,0.569561,0.821071,0.066013,0.053929,0.397642,1
MP11_TRANSLATION_INITIATION,proteostasis,EIF3E,0.507,0.644502,0.051817,0.048418,0.381619,2
MP11_TRANSLATION_INITIATION,proteostasis,SNHG8,0.441114,0.576501,0.04635,0.04673,0.421791,3
MP11_TRANSLATION_INITIATION,proteostasis,IMPDH2,0.397121,0.447343,0.035966,0.046231,0.435862,4
MP11_TRANSLATION_INITIATION,proteostasis,RPL22L1,0.487342,0.622141,0.050019,0.046122,0.330638,5
MP11_TRANSLATION_INITIATION,proteostasis,EIF3F,0.507805,0.619725,0.049825,0.046036,0.373292,6
MP11_TRANSLATION_INITIATION,proteostasis,RSL1D1,0.439,0.483567,0.038878,0.041487,0.382128,7
MP11_TRANSLATION_INITIATION,proteostasis,EIF4B,0.411926,0.461288,0.037087,0.036683,0.386483,8
MP11_TRANSLATION_INITIATION,proteostasis,TKT,0.435251,0.495434,0.039832,0.035018,0.277775,9
MP11_TRANSLATION_INITIATION,proteostasis,SNHG7,0.307404,0.325289,0.026153,0.034043,0.311648,10
MP11_TRANSLATION_INITIATION,proteostasis,EIF3D,0.387837,0.394475,0.031715,0.033987,0.328687,11
MP11_TRANSLATION_INITIATION,proteostasis,AHCY,0.376849,0.379644,0.030523,0.032658,0.334479,12
MP11_TRANSLATION_INITIATION,proteostasis,APEX1,0.414339,0.42136,0.033877,0.032202,0.295383,13
MP11_TRANSLATION_INITIATION,proteostasis,MYC,0.301569,0.342121,0.027506,0.031984,0.32837,14
MP11_TRANSLATION_INITIATION,proteostasis,EIF3M,0.395267,0.404995,0.032561,0.031609,0.282991,15
MP11_TRANSLATION_INITIATION,proteostasis,CCDC85B,0.319837,0.309779,0.024906,0.02847,0.277209,16
MP11_TRANSLATION_INITIATION,proteostasis,FBL,0.390959,0.445778,0.03584,0.025907,0.307292,17
MP11_TRANSLATION_INITIATION,proteostasis,EIF2A,0.327948,0.309584,0.02489,0.023269,0.236524,18
MP11_TRANSLATION_INITIATION,proteostasis,EIF2S3,0.334819,0.316992,0.025486,0.022089,0.293497,19
MP11_TRANSLATION_INITIATION,proteostasis,PPP1R14B,0.279375,0.265367,0.021335,0.020885,0.170207,20
MP11_TRANSLATION_INITIATION,proteostasis,RGS10,0.29797,0.278899,0.022423,0.019379,0.210457,21
MP11_TRANSLATION_INITIATION,proteostasis,IGBP1,0.267392,0.227314,0.018276,0.018563,0.262581,22
MP11_TRANSLATION_INITIATION,proteostasis,NOB1,0.209971,0.164859,0.013254,0.01804,0.277909,23
MP11_TRANSLATION_INITIATION,proteostasis,EPB41L4A-AS1,0.165706,0.137564,0.01106,0.016497,0.320954,24
MP11_TRANSLATION_INITIATION,proteostasis,LETMD1,0.179802,0.139151,0.011188,0.016228,0.296726,25
MP11_TRANSLATION_INITIATION,proteostasis,ABHD14B,0.202296,0.165931,0.013341,0.015889,0.28541,26
MP11_TRANSLATION_INITIATION,proteostasis,CCNG1,0.245048,0.221286,0.017791,0.015768,0.291786,27
MP11_TRANSLATION_INITIATION,proteostasis,CCNB1IP1,0.204818,0.160684,0.012919,0.014984,0.258626,28
MP11_TRANSLATION_INITIATION,proteostasis,SRM,0.213025,0.182632,0.014683,0.014973,0.158035,29
MP11_TRANSLATION_INITIATION,proteostasis,PAICS,0.224885,0.187051,0.015039,0.01317,0.207236,30
MP11_TRANSLATION_INITIATION,proteostasis,NBEAL1,0.228102,0.184266,0.014815,0.012958,0.206308,31
MP11_TRANSLATION_INITIATION,proteostasis,OXA1L,0.223999,0.167125,0.013437,0.012867,0.207221,32
MP11_TRANSLATION_INITIATION,proteostasis,LTA4H,0.173013,0.131461,0.010569,0.011793,0.256544,33
MP11_TRANSLATION_INITIATION,proteostasis,EXOSC5,0.197579,0.151085,0.012147,0.011497,0.21693,34
MP11_TRANSLATION_INITIATION,proteostasis,MRPL45,0.157512,0.111165,0.008938,0.009656,0.226222,35
MP11_TRANSLATION_INITIATION,proteostasis,ZNF581,0.138331,0.09067,0.00729,0.009182,0.220885,36
MP11_TRANSLATION_INITIATION,proteostasis,LYRM4,0.158521,0.1161,0.009334,0.008505,0.190852,37
MP11_TRANSLATION_INITIATION,proteostasis,MRPL10,0.133669,0.090232,0.007255,0.007672,0.199588,38
MP11_TRANSLATION_INITIATION,proteostasis,NOA1,0.109143,0.069944,0.005623,0.007326,0.211297,39
MP11_TRANSLATION_INITIATION,proteostasis,SLC27A5,0.134159,0.099477,0.007998,0.007159,0.163744,40
MP11_TRANSLATION_INITIATION,proteostasis,NME1,0.126893,0.094362,0.007587,0.006933,0.185586,41
MP11_TRANSLATION_INITIATION,proteostasis,ZNF277,0.112783,0.073643,0.005921,0.006862,0.193022,42
MP11_TRANSLATION_INITIATION,proteostasis,TOP1MT,0.097419,0.062721,0.005043,0.004458,0.122762,43
MP11_TRANSLATION_INITIATION,proteostasis,HSD17B11,0.04492,0.030896,0.002484,0.001082,0.053601,44
MP11_TRANSLATION_INITIATION,proteostasis,SNHG19,0.01944,0.012521,0.001007,0.000803,0.07584,45
MP12_EMT_1,emt,VIM,0.579949,1.261276,0.084061,0.066478,0.472426,1
MP12_EMT_1,emt,LGALS1,0.552874,1.147175,0.076456,0.064177,0.458007,2
MP12_EMT_1,emt,TAGLN,0.246261,0.451581,0.030097,0.049169,0.416027,3
MP12_EMT_1,emt,MGP,0.863169,2.971898,0.198069,0.04848,0.28953,4
MP12_EMT_1,emt,TIMP1,0.490764,0.792671,0.052829,0.04159,0.284566,5
MP12_EMT_1,emt,FN1,0.206604,0.334261,0.022278,0.038281,0.349741,6
MP12_EMT_1,emt,SERPING1,0.285224,0.461944,0.030787,0.037004,0.2755,7
MP12_EMT_1,emt,MYL9,0.251796,0.343727,0.022909,0.036828,0.37902,8
MP12_EMT_1,emt,SPARC,0.187409,0.272796,0.018181,0.03606,0.397524,9
MP12_EMT_1,emt,CALD1,0.381961,0.497681,0.033169,0.035323,0.373177,10
MP12_EMT_1,emt,TPM1,0.621515,1.046347,0.069736,0.031634,0.246524,11
MP12_EMT_1,emt,TPM2,0.220332,0.292545,0.019497,0.031413,0.370701,12
MP12_EMT_1,emt,C1S,0.219677,0.333499,0.022227,0.031133,0.3667,13
MP12_EMT_1,emt,ACTA2,0.132169,0.183194,0.012209,0.024359,0.26133,14
MP12_EMT_1,emt,COL1A2,0.089158,0.140296,0.00935,0.024292,0.290429,15
MP12_EMT_1,emt,COL1A1,0.097651,0.148142,0.009873,0.023808,0.23708,16
MP12_EMT_1,emt,IGFBP7,0.145815,0.19916,0.013274,0.022918,0.29338,17
MP12_EMT_1,emt,NNMT,0.255886,0.3125,0.020827,0.022617,0.285808,18
MP12_EMT_1,emt,A2M,0.142571,0.170435,0.011359,0.02226,0.354696,19
MP12_EMT_1,emt,IGFBP4,0.382547,0.595573,0.039693,0.019858,0.144477,20
MP12_EMT_1,emt,BGN,0.118114,0.156613,0.010438,0.019207,0.270715,21
MP12_EMT_1,emt,COL3A1,0.072362,0.114566,0.007636,0.019065,0.254581,22
MP12_EMT_1,emt,DCN,0.075866,0.122689,0.008177,0.017012,0.268995,23
MP12_EMT_1,emt,COL6A2,0.145529,0.142939,0.009527,0.016841,0.264354,24
MP12_EMT_1,emt,LUM,0.070277,0.108006,0.007198,0.015502,0.247539,25
MP12_EMT_1,emt,TIMP3,0.108585,0.116475,0.007763,0.015367,0.282282,26
MP12_EMT_1,emt,IGFBP5,0.193216,0.301737,0.02011,0.013722,0.159633,27
MP12_EMT_1,emt,COL6A1,0.126743,0.113193,0.007544,0.013575,0.243949,28
MP12_EMT_1,emt,FBLN1,0.163524,0.153033,0.010199,0.013121,0.247463,29
MP12_EMT_1,emt,POSTN,0.05269,0.071061,0.004736,0.01285,0.243343,30
MP12_EMT_1,emt,SPARCL1,0.090453,0.11213,0.007473,0.012834,0.221269,31
MP12_EMT_1,emt,CAV1,0.098592,0.106189,0.007077,0.011563,0.251997,32
MP12_EMT_1,emt,ID3,0.198247,0.221316,0.01475,0.011519,0.092563,33
MP12_EMT_1,emt,RARRES2,0.099696,0.108881,0.007257,0.01049,0.163341,34
MP12_EMT_1,emt,COL4A2,0.100868,0.094013,0.006266,0.01007,0.255664,35
MP12_EMT_1,emt,C1R,0.116614,0.097185,0.006477,0.010007,0.239772,36
MP12_EMT_1,emt,FSTL1,0.109934,0.098715,0.006579,0.009091,0.219426,37
MP12_EMT_1,emt,PRSS23,0.161329,0.160697,0.01071,0.008274,0.084782,38
MP12_EMT_1,emt,CXCL12,0.046133,0.053735,0.003581,0.008026,0.197497,39
MP12_EMT_1,emt,TGFBI,0.078797,0.0789,0.005258,0.007917,0.223821,40
MP12_EMT_1,emt,CTSK,0.044783,0.05226,0.003483,0.007346,0.163226,41
MP12_EMT_1,emt,MMP2,0.049146,0.046812,0.00312,0.007332,0.206681,42
MP12_EMT_1,emt,COL4A1,0.055035,0.054847,0.003655,0.006764,0.198847,43
MP12_EMT_1,emt,COL6A3,0.057285,0.053351,0.003556,0.006661,0.131333,44
MP12_EMT_1,emt,CCDC80,0.034682,0.039789,0.002652,0.005833,0.169249,45
MP12_EMT_1,emt,SNAI2,0.028029,0.021504,0.001433,0.00308,0.159003,46
MP12_EMT_1,emt,TCF4,0.036277,0.033738,0.002249,0.003076,0.093122,47
MP12_EMT_1,emt,TSC22D3,0.220714,0.213251,0.014213,-0.003827,-0.153281,48
MP13_EMT_2,emt,LGALS1,0.552874,1.147175,0.082951,0.090462,0.570984,1
MP13_EMT_2,emt,MMP7,0.24209,0.494479,0.035755,0.064215,0.483954,2
MP13_EMT_2,emt,VIM,0.579949,1.261276,0.091201,0.060378,0.482273,3
MP13_EMT_2,emt,KRT7,0.593323,1.098423,0.079426,0.057892,0.357967,4
MP13_EMT_2,emt,KRT17,0.286955,0.568785,0.041128,0.056838,0.466426,5
MP13_EMT_2,emt,FN1,0.206604,0.334261,0.02417,0.050889,0.412133,6
MP13_EMT_2,emt,TPM1,0.621515,1.046347,0.07566,0.045224,0.338924,7
MP13_EMT_2,emt,TNFRSF12A,0.359072,0.438669,0.03172,0.040048,0.361946,8
MP13_EMT_2,emt,MT2A,0.661691,1.272208,0.091992,0.0389,0.281547,9
MP13_EMT_2,emt,IL32,0.232206,0.351582,0.025422,0.036321,0.40423,10
MP13_EMT_2,emt,FLNA,0.282756,0.297701,0.021526,0.031742,0.398235,11
MP13_EMT_2,emt,CAVIN3,0.185882,0.208146,0.015051,0.031366,0.438622,12
MP13_EMT_2,emt,LAMB3,0.13356,0.14739,0.010658,0.030592,0.362563,13
MP13_EMT_2,emt,RBP1,0.419996,0.618438,0.044719,0.028011,0.273016,14
MP13_EMT_2,emt,CST6,0.10489,0.125448,0.009071,0.026703,0.356459,15
MP13_EMT_2,emt,ANXA3,0.24363,0.243384,0.017599,0.023611,0.297406,16
MP13_EMT_2,emt,CDKN1A,0.412948,0.604551,0.043714,0.021672,0.158428,17
MP13_EMT_2,emt,RHOD,0.294576,0.271763,0.019651,0.019336,0.22665,18
MP13_EMT_2,emt,PLAUR,0.137186,0.128215,0.009271,0.018433,0.29005,19
MP13_EMT_2,emt,ITGB1,0.431462,0.494684,0.03577,0.017981,0.19134,20
MP13_EMT_2,emt,TNC,0.129974,0.118413,0.008562,0.017268,0.311903,21
MP13_EMT_2,emt,S100A2,0.113588,0.133022,0.009619,0.016866,0.299682,22
MP13_EMT_2,emt,LAMC2,0.089921,0.073963,0.005348,0.015205,0.307376,23
MP13_EMT_2,emt,SERPINE2,0.122095,0.116505,0.008424,0.012946,0.267774,24
MP13_EMT_2,emt,TGM2,0.084114,0.075601,0.005467,0.012726,0.228693,25
MP13_EMT_2,emt,PMEPA1,0.176939,0.136606,0.009878,0.012407,0.185326,26
MP13_EMT_2,emt,TGFBI,0.078797,0.0789,0.005705,0.012223,0.284503,27
MP13_EMT_2,emt,CAV1,0.098592,0.106189,0.007678,0.011278,0.26859,28
MP13_EMT_2,emt,ITGA6,0.185064,0.156991,0.011352,0.010978,0.212708,29
MP13_EMT_2,emt,IGFBP7,0.145815,0.19916,0.014401,0.010691,0.236216,30
MP13_EMT_2,emt,EMP3,0.12054,0.125765,0.009094,0.009851,0.177858,31
MP13_EMT_2,emt,ITGB6,0.130588,0.10511,0.0076,0.009625,0.166719,32
MP13_EMT_2,emt,THBS1,0.169591,0.167006,0.012076,0.009128,0.154528,33
MP13_EMT_2,emt,PDLIM7,0.124276,0.094783,0.006854,0.008643,0.213107,34
MP13_EMT_2,emt,LAMA3,0.047196,0.032333,0.002338,0.004915,0.128346,35
MP13_EMT_2,emt,CDA,0.021131,0.019178,0.001387,0.004659,0.158527,36
MP13_EMT_2,emt,ITGA3,0.074653,0.049653,0.00359,0.004238,0.09589,37
MP13_EMT_2,emt,COL17A1,0.027852,0.026854,0.001942,0.004188,0.168498,38
MP13_EMT_2,emt,PRSS23,0.161329,0.160697,0.01162,0.003936,0.06823,39
MP13_EMT_2,emt,ITGAV,0.15739,0.115599,0.008359,0.003691,0.07195,40
MP13_EMT_2,emt,PLAU,0.038635,0.03174,0.002295,0.002858,0.145571,41
MP13_EMT_2,emt,DCBLD2,0.098837,0.064847,0.004689,0.002789,0.076972,42
MP13_EMT_2,emt,INHBA,0.029828,0.023834,0.001723,0.002735,0.13375,43
MP13_EMT_2,emt,F3,0.04905,0.036251,0.002621,0.002702,0.075341,44
MP13_EMT_2,emt,IGFBP6,0.026379,0.026754,0.001935,0.001782,0.110337,45
MP13_EMT_2,emt,PDPN,0.014137,0.012329,0.000892,0.001295,0.112643,46
MP13_EMT_2,emt,SERPINE1,0.013987,0.010963,0.000793,0.000971,0.070195,47
MP13_EMT_2,emt,FSTL3,0.032432,0.02065,0.001493,0.000787,0.032291,48
MP13_EMT_2,emt,C15orf48,0.170872,0.217388,0.015719,-0.000417,-0.046997,49
MP13_EMT_2,emt,PTHLH,0.107917,0.139559,0.010091,-0.00158,-0.049381,50
MP14_EMT_3,emt,S100A6,0.77731,2.120982,0.048962,0.057399,0.640542,1
MP14_EMT_3,emt,S100A10,0.757324,1.751635,0.040435,0.04916,0.641567,2
MP14_EMT_3,emt,S100A11,0.903153,2.547027,0.058797,0.045214,0.652876,3
MP14_EMT_3,emt,IFI27,0.415893,1.075255,0.024822,0.043443,0.534813,4
MP14_EMT_3,emt,ANXA2,0.728941,1.459962,0.033702,0.038833,0.504293,5
MP14_EMT_3,emt,ANXA1,0.368751,0.67369,0.015552,0.038002,0.546832,6
MP14_EMT_3,emt,LGALS1,0.552874,1.147175,0.026482,0.036956,0.479396,7
MP14_EMT_3,emt,KRT7,0.593323,1.098423,0.025356,0.033153,0.516094,8
MP14_EMT_3,emt,S100A16,0.472142,0.772696,0.017837,0.033115,0.448928,9
MP14_EMT_3,emt,KRT19,0.765817,1.860968,0.042959,0.032805,0.478876,10
MP14_EMT_3,emt,TAGLN2,0.732485,1.451343,0.033503,0.032723,0.522784,11
MP14_EMT_3,emt,S100A14,0.485174,0.837784,0.01934,0.031307,0.399631,12
MP14_EMT_3,emt,MMP7,0.24209,0.494479,0.011415,0.029672,0.467069,13
MP14_EMT_3,emt,LGALS3,0.572451,0.972477,0.022449,0.027833,0.397095,14
MP14_EMT_3,emt,SH3BGRL3,0.657696,1.152803,0.026612,0.026801,0.403562,15
MP14_EMT_3,emt,HSPB1,0.613963,1.112635,0.025685,0.0258,0.330972,16
MP14_EMT_3,emt,MYL12A,0.663613,1.09962,0.025384,0.025327,0.442063,17
MP14_EMT_3,emt,ISG15,0.326203,0.503737,0.011628,0.025267,0.470281,18
MP14_EMT_3,emt,CLIC1,0.680817,1.13482,0.026197,0.023997,0.400157,19
MP14_EMT_3,emt,LMNA,0.60502,0.949374,0.021916,0.02176,0.364655,20
MP14_EMT_3,emt,TM4SF1,0.657819,1.264328,0.029186,0.020386,0.313734,21
MP14_EMT_3,emt,PHLDA2,0.321296,0.404903,0.009347,0.019746,0.388326,22
MP14_EMT_3,emt,KRT8,0.662059,1.158568,0.026745,0.019436,0.324482,23
MP14_EMT_3,emt,TNFRSF12A,0.359072,0.438669,0.010126,0.019244,0.411602,24
MP14_EMT_3,emt,CD24,0.739765,1.521049,0.035113,0.018964,0.292048,25
MP14_EMT_3,emt,PLP2,0.375377,0.441326,0.010188,0.018444,0.367366,26
MP14_EMT_3,emt,TMSB4X,0.841547,2.059284,0.047537,0.016769,0.341526,27
MP14_EMT_3,emt,IL32,0.232206,0.351582,0.008116,0.01667,0.428648,28
MP14_EMT_3,emt,MDK,0.677259,1.324748,0.030581,0.015051,0.242442,29
MP14_EMT_3,emt,VIM,0.579949,1.261276,0.029116,0.015008,0.282795,30
MP14_EMT_3,emt,CRIP2,0.473478,0.642031,0.014821,0.014117,0.27537,31
MP14_EMT_3,emt,EZR,0.418279,0.473418,0.010929,0.013517,0.288644,32
MP14_EMT_3,emt,CLDN4,0.592041,1.043649,0.024092,0.012031,0.171991,33
MP14_EMT_3,emt,STMN1,0.522596,0.890372,0.020554,0.011902,0.229745,34
MP14_EMT_3,emt,ANXA3,0.24363,0.243384,0.005618,0.011412,0.352276,35
MP14_EMT_3,emt,KRT18,0.692719,1.336158,0.030844,0.011338,0.135432,36
MP14_EMT_3,emt,FXYD3,0.523632,0.79714,0.018401,0.01099,0.241928,37
MP14_EMT_3,emt,FLNA,0.282756,0.297701,0.006872,0.010821,0.320439,38
MP14_EMT_3,emt,S100P,0.132605,0.157509,0.003636,0.008487,0.316205,39
MP14_EMT_3,emt,KLF6,0.528063,0.841265,0.01942,0.007427,0.101374,40
MP14_EMT_3,emt,TUBA1A,0.377721,0.479733,0.011074,0.007132,0.221246,41
MP14_EMT_3,emt,S100A4,0.232288,0.329096,0.007597,0.005492,0.262612,42
MP14_EMT_3,emt,RHOC,0.322809,0.298024,0.00688,0.005409,0.176613,43
MP14_EMT_3,emt,EMP1,0.213284,0.199237,0.004599,0.004988,0.173956,44
MP14_EMT_3,emt,EMP3,0.12054,0.125765,0.002903,0.002553,0.097815,45
MP14_EMT_3,emt,MYADM,0.204054,0.169126,0.003904,0.002481,0.099019,46
MP14_EMT_3,emt,CRIP1,0.125721,0.118339,0.002732,0.001453,0.106274,47
MP14_EMT_3,emt,CKB,0.161493,0.183618,0.004239,0.000217,0.043615,48
MP14_EMT_3,emt,C19orf33,0.048014,0.040228,0.000929,9.4e-05,0.025494,49
MP14_EMT_3,emt,RAB11FIP1,0.218205,0.210873,0.004868,-0.000147,0.017771,50
MP15_EMT_4,emt,CD74,0.616212,1.506172,0.084928,0.1122,0.528023,1
MP15_EMT_4,emt,IFITM1,0.557482,1.170395,0.065995,0.079541,0.417237,2
MP15_EMT_4,emt,TIMP1,0.490764,0.792671,0.044696,0.051444,0.354348,3
MP15_EMT_4,emt,LTF,0.183864,0.355312,0.020035,0.045933,0.356391,4
MP15_EMT_4,emt,FTH1,0.983354,3.834111,0.216194,0.044035,0.278244,5
MP15_EMT_4,emt,PNRC1,0.508296,0.664268,0.037456,0.040733,0.304332,6
MP15_EMT_4,emt,C1S,0.219677,0.333499,0.018805,0.039978,0.378907,7
MP15_EMT_4,emt,EGR1,0.415211,0.625469,0.035268,0.038383,0.28242,8
MP15_EMT_4,emt,SFRP1,0.251114,0.318667,0.017969,0.035166,0.314184,9
MP15_EMT_4,emt,KRT15,0.210666,0.324436,0.018294,0.030687,0.256765,10
MP15_EMT_4,emt,SOX4,0.494281,0.70777,0.039909,0.028423,0.185516,11
MP15_EMT_4,emt,CXCL14,0.092334,0.155455,0.008766,0.026351,0.309588,12
MP15_EMT_4,emt,TSC22D1,0.468706,0.584135,0.032938,0.026308,0.21635,13
MP15_EMT_4,emt,SOCS3,0.306095,0.383715,0.021637,0.025929,0.257176,14
MP15_EMT_4,emt,ASS1,0.322277,0.387578,0.021854,0.025701,0.254436,15
MP15_EMT_4,emt,GLUL,0.519447,0.665167,0.037507,0.025299,0.221266,16
MP15_EMT_4,emt,SPARC,0.187409,0.272796,0.015382,0.024533,0.292929,17
MP15_EMT_4,emt,NFIB,0.281175,0.26547,0.014969,0.021826,0.261893,18
MP15_EMT_4,emt,SDCBP,0.371491,0.396068,0.022333,0.019747,0.232911,19
MP15_EMT_4,emt,SELENOP,0.378553,0.537925,0.030332,0.019245,0.164555,20
MP15_EMT_4,emt,CCL2,0.076357,0.111679,0.006297,0.019159,0.26698,21
MP15_EMT_4,emt,NINJ1,0.4077,0.459294,0.025898,0.018808,0.177673,22
MP15_EMT_4,emt,NCOA7,0.237973,0.226292,0.01276,0.018669,0.248109,23
MP15_EMT_4,emt,SERPINH1,0.298706,0.303616,0.01712,0.01598,0.212662,24
MP15_EMT_4,emt,BCAM,0.341295,0.407691,0.022988,0.014547,0.125233,25
MP15_EMT_4,emt,DST,0.232165,0.226061,0.012747,0.014314,0.182624,26
MP15_EMT_4,emt,NTRK2,0.095824,0.085125,0.0048,0.013459,0.272215,27
MP15_EMT_4,emt,C1R,0.116614,0.097185,0.00548,0.012797,0.278288,28
MP15_EMT_4,emt,IFIT3,0.091189,0.092634,0.005223,0.011821,0.232824,29
MP15_EMT_4,emt,SERPINE2,0.122095,0.116505,0.006569,0.011321,0.201875,30
MP15_EMT_4,emt,DCN,0.075866,0.122689,0.006918,0.010444,0.204509,31
MP15_EMT_4,emt,SERPINF1,0.063828,0.078529,0.004428,0.009628,0.227762,32
MP15_EMT_4,emt,CAV1,0.098592,0.106189,0.005988,0.009591,0.195021,33
MP15_EMT_4,emt,IGFBP5,0.193216,0.301737,0.017014,0.009262,0.103883,34
MP15_EMT_4,emt,TXNIP,0.212548,0.20564,0.011595,0.008399,0.131701,35
MP15_EMT_4,emt,ANTXR1,0.0999,0.071607,0.004038,0.007389,0.186355,36
MP15_EMT_4,emt,COL17A1,0.027852,0.026854,0.001514,0.006755,0.204067,37
MP15_EMT_4,emt,C12orf75,0.180702,0.147393,0.008311,0.005736,0.096553,38
MP15_EMT_4,emt,HTRA1,0.060856,0.056369,0.003178,0.005135,0.110733,39
MP15_EMT_4,emt,SESN3,0.1002,0.07536,0.004249,0.004871,0.11732,40
MP15_EMT_4,emt,SNAI2,0.028029,0.021504,0.001213,0.003668,0.165261,41
MP15_EMT_4,emt,TP53AIP1,0.013087,0.009462,0.000534,0.002109,0.128471,42
MP15_EMT_4,emt,THBS2,0.028697,0.022297,0.001257,0.001862,0.087442,43
MP15_EMT_4,emt,MOXD1,0.02627,0.021524,0.001214,0.001139,0.067579,44
MP15_EMT_4,emt,ASPN,0.008098,0.010245,0.000578,0.000845,0.063152,45
MP15_EMT_4,emt,HOPX,0.027961,0.024092,0.001358,0.000481,0.01569,46
MP15_EMT_4,emt,DAPL1,0.030646,0.023932,0.001349,0.000167,0.014482,47
MP15_EMT_4,emt,ALDH3A1,0.003872,0.001868,0.000105,0.000152,0.018275,48
MP15_EMT_4,emt,SLC47A2,0.000273,0.000153,9e-06,2.7e-05,0.014863,49
MP16_MES_GLIOMA,emt,ANXA1,0.368751,0.67369,0.058907,0.109681,0.582351,1
MP16_MES_GLIOMA,emt,ANXA2,0.728941,1.459962,0.127657,0.10596,0.481459,2
MP16_MES_GLIOMA,emt,S100A16,0.472142,0.772696,0.067563,0.084793,0.429429,3
MP16_MES_GLIOMA,emt,LMNA,0.60502,0.949374,0.083012,0.079145,0.497581,4
MP16_MES_GLIOMA,emt,VIM,0.579949,1.261276,0.110284,0.072065,0.391577,5
MP16_MES_GLIOMA,emt,TNFRSF12A,0.359072,0.438669,0.038357,0.055056,0.436313,6
MP16_MES_GLIOMA,emt,CD44,0.379916,0.447569,0.039135,0.053225,0.404653,7
MP16_MES_GLIOMA,emt,ACTN1,0.351369,0.359367,0.031423,0.040454,0.408903,8
MP16_MES_GLIOMA,emt,ZYX,0.348125,0.363642,0.031796,0.03824,0.38714,9
MP16_MES_GLIOMA,emt,PDLIM4,0.25365,0.249596,0.021824,0.027764,0.341051,10
MP16_MES_GLIOMA,emt,CYTOR,0.26277,0.26243,0.022947,0.025585,0.306917,11
MP16_MES_GLIOMA,emt,CLIC4,0.291195,0.274876,0.024035,0.025444,0.311708,12
MP16_MES_GLIOMA,emt,WWTR1,0.272082,0.250171,0.021875,0.024927,0.320439,13
MP16_MES_GLIOMA,emt,EMP1,0.213284,0.199237,0.017421,0.023051,0.319798,14
MP16_MES_GLIOMA,emt,NAMPT,0.352924,0.345973,0.030251,0.022515,0.269099,15
MP16_MES_GLIOMA,emt,MIR4435-2HG,0.195534,0.178694,0.015625,0.022215,0.306191,16
MP16_MES_GLIOMA,emt,TNC,0.129974,0.118413,0.010354,0.021312,0.33739,17
MP16_MES_GLIOMA,emt,EGR1,0.415211,0.625469,0.05469,0.019536,0.176957,18
MP16_MES_GLIOMA,emt,VMP1,0.348329,0.384543,0.033624,0.015464,0.19427,19
MP16_MES_GLIOMA,emt,RCAN1,0.177675,0.178034,0.015567,0.013806,0.222118,20
MP16_MES_GLIOMA,emt,IGFBP3,0.081973,0.094352,0.00825,0.012316,0.220482,21
MP16_MES_GLIOMA,emt,VCL,0.164588,0.125933,0.011011,0.010696,0.227355,22
MP16_MES_GLIOMA,emt,IGFBP7,0.145815,0.19916,0.017414,0.010614,0.200751,23
MP16_MES_GLIOMA,emt,GNG12,0.172876,0.12631,0.011044,0.009212,0.204864,24
MP16_MES_GLIOMA,emt,IGF2BP2,0.080338,0.068344,0.005976,0.009203,0.245728,25
MP16_MES_GLIOMA,emt,JAG1,0.108448,0.075156,0.006572,0.008136,0.204477,26
MP16_MES_GLIOMA,emt,GADD45A,0.101673,0.065571,0.005733,0.005994,0.176243,27
MP16_MES_GLIOMA,emt,ELL2,0.105245,0.074127,0.006482,0.005302,0.156131,28
MP16_MES_GLIOMA,emt,CAMK2D,0.089785,0.061831,0.005406,0.005161,0.152201,29
MP16_MES_GLIOMA,emt,HIVEP3,0.088981,0.052441,0.004585,0.005154,0.160062,30
MP16_MES_GLIOMA,emt,PGM2L1,0.141685,0.108316,0.009471,0.004879,0.123152,31
MP16_MES_GLIOMA,emt,IL1RAP,0.045247,0.02879,0.002517,0.00483,0.185951,32
MP16_MES_GLIOMA,emt,PLAT,0.183278,0.229204,0.020041,0.004679,0.080866,33
MP16_MES_GLIOMA,emt,F3,0.04905,0.036251,0.00317,0.004079,0.14151,34
MP16_MES_GLIOMA,emt,SLC4A7,0.133192,0.106806,0.009339,0.004069,0.124786,35
MP16_MES_GLIOMA,emt,CREB5,0.047783,0.03695,0.003231,0.003608,0.151683,36
MP16_MES_GLIOMA,emt,NRP2,0.037313,0.027188,0.002377,0.003604,0.159393,37
MP16_MES_GLIOMA,emt,LYST,0.10354,0.070924,0.006201,0.003344,0.100533,38
MP16_MES_GLIOMA,emt,SAMD4A,0.023762,0.014096,0.001233,0.002231,0.140775,39
MP16_MES_GLIOMA,emt,BCAT1,0.014342,0.012219,0.001068,0.000955,0.076917,40
MP16_MES_GLIOMA,emt,ADAMTS9-AS2,0.007362,0.004559,0.000399,0.000509,0.077041,41
MP16_MES_GLIOMA,emt,AKAP12,0.007239,0.006128,0.000536,0.000465,0.062912,42
MP16_MES_GLIOMA,emt,FRMD5,0.003585,0.001726,0.000151,0.000279,0.048598,43
MP16_MES_GLIOMA,emt,GFAP,0.003217,0.002089,0.000183,0.000166,0.040932,44
MP16_MES_GLIOMA,emt,DIRAS3,0.0188,0.012363,0.001081,0.000151,0.015907,45
MP16_MES_GLIOMA,emt,KLHL4,0.000859,0.000753,6.6e-05,8.2e-05,0.026707,46
MP16_MES_GLIOMA,emt,SCG2,0.000709,0.000544,4.8e-05,3.7e-05,0.012361,47
MP16_MES_GLIOMA,emt,CADPS,0.000409,0.000259,2.3e-05,1.3e-05,0.01362,48
MP16_MES_GLIOMA,emt,GAP43,0.000982,0.000517,4.5e-05,-6e-06,0.002405,49
MP17_INTERFERON_MHC_II_1,immune,HLA-B,0.694232,1.661206,0.062339,0.050265,0.75456,1
MP17_INTERFERON_MHC_II_1,immune,CD74,0.616212,1.506172,0.056521,0.048141,0.752099,2
MP17_INTERFERON_MHC_II_1,immune,HLA-A,0.5929,1.200342,0.045045,0.043544,0.666942,3
MP17_INTERFERON_MHC_II_1,immune,IFI27,0.415893,1.075255,0.040351,0.03966,0.653811,4
MP17_INTERFERON_MHC_II_1,immune,HLA-DRA,0.356114,0.727282,0.027292,0.038958,0.639537,5
MP17_INTERFERON_MHC_II_1,immune,IFITM1,0.557482,1.170395,0.043921,0.038392,0.624554,6
MP17_INTERFERON_MHC_II_1,immune,IFITM3,0.772416,1.8686,0.070122,0.036202,0.631673,7
MP17_INTERFERON_MHC_II_1,immune,HLA-DRB1,0.29977,0.574106,0.021544,0.03597,0.628769,8
MP17_INTERFERON_MHC_II_1,immune,HLA-C,0.73678,1.684796,0.063225,0.034172,0.606184,9
MP17_INTERFERON_MHC_II_1,immune,B2M,0.907025,2.725752,0.102288,0.033875,0.717842,10
MP17_INTERFERON_MHC_II_1,immune,CXCL10,0.156163,0.395867,0.014856,0.03185,0.519035,11
MP17_INTERFERON_MHC_II_1,immune,IFI6,0.381689,0.685675,0.025731,0.029517,0.524482,12
MP17_INTERFERON_MHC_II_1,immune,PSMB9,0.342931,0.582009,0.021841,0.0293,0.629023,13
MP17_INTERFERON_MHC_II_1,immune,UBE2L6,0.377449,0.568115,0.021319,0.028885,0.540359,14
MP17_INTERFERON_MHC_II_1,immune,HLA-DPA1,0.280861,0.469028,0.017601,0.028049,0.575666,15
MP17_INTERFERON_MHC_II_1,immune,BST2,0.499216,0.871148,0.032691,0.026455,0.550838,16
MP17_INTERFERON_MHC_II_1,immune,HLA-DRB5,0.226058,0.371296,0.013933,0.02581,0.560758,17
MP17_INTERFERON_MHC_II_1,immune,HLA-DQB1,0.192548,0.317613,0.011919,0.025584,0.554318,18
MP17_INTERFERON_MHC_II_1,immune,HLA-DPB1,0.258313,0.394592,0.014808,0.024549,0.537964,19
MP17_INTERFERON_MHC_II_1,immune,TAP1,0.287268,0.388142,0.014566,0.02336,0.539237,20
MP17_INTERFERON_MHC_II_1,immune,ISG15,0.326203,0.503737,0.018903,0.022816,0.541837,21
MP17_INTERFERON_MHC_II_1,immune,C1S,0.219677,0.333499,0.012515,0.021671,0.52612,22
MP17_INTERFERON_MHC_II_1,immune,GBP1,0.196638,0.275386,0.010334,0.019867,0.520217,23
MP17_INTERFERON_MHC_II_1,immune,HLA-E,0.491814,0.668111,0.025072,0.01973,0.457125,24
MP17_INTERFERON_MHC_II_1,immune,HLA-DQA1,0.165801,0.247639,0.009293,0.019283,0.538818,25
MP17_INTERFERON_MHC_II_1,immune,TYMP,0.335296,0.421973,0.015835,0.018868,0.427447,26
MP17_INTERFERON_MHC_II_1,immune,PSMB8,0.38147,0.468109,0.017566,0.01744,0.487886,27
MP17_INTERFERON_MHC_II_1,immune,PLSCR1,0.314779,0.384883,0.014443,0.017098,0.445973,28
MP17_INTERFERON_MHC_II_1,immune,HLA-DMA,0.227666,0.273735,0.010272,0.016586,0.51741,29
MP17_INTERFERON_MHC_II_1,immune,HLA-F,0.228062,0.246911,0.009266,0.01455,0.502426,30
MP17_INTERFERON_MHC_II_1,immune,LAP3,0.291958,0.317999,0.011933,0.014323,0.376661,31
MP17_INTERFERON_MHC_II_1,immune,SOD2,0.351397,0.413376,0.015513,0.012833,0.332628,32
MP17_INTERFERON_MHC_II_1,immune,STAT1,0.326122,0.363442,0.013639,0.012601,0.42025,33
MP17_INTERFERON_MHC_II_1,immune,TNFSF10,0.369801,0.49503,0.018577,0.012102,0.311827,34
MP17_INTERFERON_MHC_II_1,immune,ISG20,0.233433,0.24972,0.009371,0.011649,0.372319,35
MP17_INTERFERON_MHC_II_1,immune,GBP2,0.202991,0.21033,0.007893,0.011262,0.400722,36
MP17_INTERFERON_MHC_II_1,immune,SAA1,0.200796,0.311254,0.01168,0.007898,0.351432,37
MP17_INTERFERON_MHC_II_1,immune,IFIT3,0.091189,0.092634,0.003476,0.007246,0.378367,38
MP17_INTERFERON_MHC_II_1,immune,IFI44L,0.148433,0.145902,0.005475,0.00671,0.397108,39
MP17_INTERFERON_MHC_II_1,immune,IFI35,0.154799,0.127853,0.004798,0.006036,0.322262,40
MP17_INTERFERON_MHC_II_1,immune,OAS1,0.115646,0.102034,0.003829,0.005928,0.34008,41
MP17_INTERFERON_MHC_II_1,immune,MX1,0.192003,0.193688,0.007268,0.005761,0.318522,42
MP17_INTERFERON_MHC_II_1,immune,IFIT2,0.067277,0.073867,0.002772,0.005565,0.284153,43
MP17_INTERFERON_MHC_II_1,immune,C1R,0.116614,0.097185,0.003647,0.005087,0.318309,44
MP17_INTERFERON_MHC_II_1,immune,PARP14,0.164792,0.139498,0.005235,0.004905,0.294702,45
MP17_INTERFERON_MHC_II_1,immune,PARP9,0.161534,0.122395,0.004593,0.004511,0.272145,46
MP17_INTERFERON_MHC_II_1,immune,IFI44,0.104958,0.082305,0.003089,0.002923,0.26629,47
MP17_INTERFERON_MHC_II_1,immune,IFIT1,0.053031,0.047931,0.001799,0.002216,0.203636,48
MP18_INTERFERON_MHC_II_2,immune,CD74,0.616212,1.506172,0.062683,0.076843,0.679,1
MP18_INTERFERON_MHC_II_2,immune,HLA-DRA,0.356114,0.727282,0.030268,0.062705,0.603883,2
MP18_INTERFERON_MHC_II_2,immune,IFITM3,0.772416,1.8686,0.077767,0.061617,0.603846,3
MP18_INTERFERON_MHC_II_2,immune,HLA-DRB1,0.29977,0.574106,0.023893,0.058703,0.607297,4
MP18_INTERFERON_MHC_II_2,immune,S100A10,0.757324,1.751635,0.072899,0.052491,0.468862,5
MP18_INTERFERON_MHC_II_2,immune,IFI6,0.381689,0.685675,0.028536,0.049863,0.555814,6
MP18_INTERFERON_MHC_II_2,immune,ANXA1,0.368751,0.67369,0.028037,0.048226,0.52434,7
MP18_INTERFERON_MHC_II_2,immune,SERPING1,0.285224,0.461944,0.019225,0.047989,0.503879,8
MP18_INTERFERON_MHC_II_2,immune,LGALS1,0.552874,1.147175,0.047743,0.047413,0.483915,9
MP18_INTERFERON_MHC_II_2,immune,HLA-DPA1,0.280861,0.469028,0.01952,0.045776,0.561499,10
MP18_INTERFERON_MHC_II_2,immune,MMP7,0.24209,0.494479,0.020579,0.044689,0.517626,11
MP18_INTERFERON_MHC_II_2,immune,HLA-DRB5,0.226058,0.371296,0.015452,0.042412,0.553463,12
MP18_INTERFERON_MHC_II_2,immune,ISG15,0.326203,0.503737,0.020964,0.035922,0.508182,13
MP18_INTERFERON_MHC_II_2,immune,C1S,0.219677,0.333499,0.013879,0.035235,0.513486,14
MP18_INTERFERON_MHC_II_2,immune,CD9,0.661036,1.168873,0.048646,0.03409,0.361867,15
MP18_INTERFERON_MHC_II_2,immune,LGALS3BP,0.344185,0.431074,0.01794,0.031079,0.463796,16
MP18_INTERFERON_MHC_II_2,immune,CRYAB,0.336414,0.535339,0.02228,0.029984,0.451357,17
MP18_INTERFERON_MHC_II_2,immune,HLA-DMA,0.227666,0.273735,0.011392,0.027419,0.502005,18
MP18_INTERFERON_MHC_II_2,immune,CLU,0.553297,1.001873,0.041696,0.023645,0.32178,19
MP18_INTERFERON_MHC_II_2,immune,MT1X,0.512481,0.787975,0.032794,0.01765,0.315468,20
MP18_INTERFERON_MHC_II_2,immune,CTSD,0.276826,0.285308,0.011874,0.017531,0.306092,21
MP18_INTERFERON_MHC_II_2,immune,MT2A,0.661691,1.272208,0.052946,0.017087,0.271545,22
MP18_INTERFERON_MHC_II_2,immune,CALM2,0.78309,1.549032,0.064467,0.015193,0.158183,23
MP18_INTERFERON_MHC_II_2,immune,NNMT,0.255886,0.3125,0.013006,0.014302,0.356007,24
MP18_INTERFERON_MHC_II_2,immune,C3,0.146647,0.153915,0.006406,0.013633,0.396159,25
MP18_INTERFERON_MHC_II_2,immune,A2M,0.142571,0.170435,0.007093,0.013236,0.331822,26
MP18_INTERFERON_MHC_II_2,immune,C1R,0.116614,0.097185,0.004045,0.008695,0.329456,27
MP18_INTERFERON_MHC_II_2,immune,TUBA1A,0.377721,0.479733,0.019965,0.008244,0.225278,28
MP18_INTERFERON_MHC_II_2,immune,ARPC1B,0.238245,0.214788,0.008939,0.008158,0.259005,29
MP18_INTERFERON_MHC_II_2,immune,DEPP1,0.120118,0.103809,0.00432,0.004735,0.178288,30
MP18_INTERFERON_MHC_II_2,immune,UCHL1,0.149851,0.171859,0.007152,0.002863,0.155173,31
MP18_INTERFERON_MHC_II_2,immune,S100B,0.167682,0.260207,0.010829,0.002659,0.14787,32
MP18_INTERFERON_MHC_II_2,immune,IFITM2,0.345889,0.46118,0.019193,0.002537,0.116045,33
MP18_INTERFERON_MHC_II_2,immune,CTNNAL1,0.129511,0.089778,0.003736,0.002504,0.109115,34
MP18_INTERFERON_MHC_II_2,immune,PMP22,0.257495,0.276709,0.011516,0.0022,0.078746,35
MP18_INTERFERON_MHC_II_2,immune,GPM6B,0.094079,0.067348,0.002803,0.001713,0.125373,36
MP18_INTERFERON_MHC_II_2,immune,TMEM176B,0.131569,0.143516,0.005973,0.001258,0.075349,37
MP18_INTERFERON_MHC_II_2,immune,DHRS3,0.091939,0.059971,0.002496,0.000988,0.068105,38
MP18_INTERFERON_MHC_II_2,immune,TMEM176A,0.138058,0.158018,0.006576,0.00096,0.06707,39
MP18_INTERFERON_MHC_II_2,immune,GPX3,0.040271,0.027744,0.001155,0.000945,0.108332,40
MP18_INTERFERON_MHC_II_2,immune,RARRES2,0.099696,0.108881,0.004531,0.000678,0.08041,41
MP18_INTERFERON_MHC_II_2,immune,ALDH1A1,0.015868,0.01296,0.000539,0.00016,0.047013,42
MP18_INTERFERON_MHC_II_2,immune,PLP1,0.012856,0.00951,0.000396,0.000141,0.030363,43
MP18_INTERFERON_MHC_II_2,immune,GFRA3,0.020122,0.013642,0.000568,7.3e-05,0.025371,44
MP18_INTERFERON_MHC_II_2,immune,EGFL8,0.004744,0.003158,0.000131,-4e-05,-0.006007,45
MP18_INTERFERON_MHC_II_2,immune,SEMA3B,0.039944,0.027617,0.001149,-0.000208,-0.011964,46
MP18_INTERFERON_MHC_II_2,immune,PDK4,0.09333,0.090374,0.003761,-0.001052,-0.025508,47
MP18_INTERFERON_MHC_II_2,immune,WFDC2,0.454078,0.872569,0.036314,-0.002103,0.032293,48
MP18_INTERFERON_MHC_II_2,immune,PLAT,0.183278,0.229204,0.009539,-0.005106,-0.129442,49
MP18_INTERFERON_MHC_II_2,immune,SELENOP,0.378553,0.537925,0.022387,-0.005734,-0.03027,50
MP19_EPITHELIAL_SENESCENCE,senescence,KRT7,0.593323,1.098423,0.078187,0.066306,0.536203,1
MP19_EPITHELIAL_SENESCENCE,senescence,ANXA1,0.368751,0.67369,0.047954,0.066302,0.456094,2
MP19_EPITHELIAL_SENESCENCE,senescence,TACSTD2,0.605524,1.094342,0.077897,0.06331,0.536736,3
MP19_EPITHELIAL_SENESCENCE,senescence,SLPI,0.429948,0.789589,0.056204,0.063249,0.516528,4
MP19_EPITHELIAL_SENESCENCE,senescence,S100A9,0.25031,0.440074,0.031325,0.056018,0.457657,5
MP19_EPITHELIAL_SENESCENCE,senescence,CLDN4,0.592041,1.043649,0.074288,0.047326,0.447659,6
MP19_EPITHELIAL_SENESCENCE,senescence,PDZK1IP1,0.317478,0.393085,0.02798,0.044007,0.49547,7
MP19_EPITHELIAL_SENESCENCE,senescence,KRT6B,0.198738,0.290228,0.020659,0.042752,0.440135,8
MP19_EPITHELIAL_SENESCENCE,senescence,CLDN7,0.488201,0.658227,0.046854,0.039082,0.467297,9
MP19_EPITHELIAL_SENESCENCE,senescence,CRABP2,0.448748,0.662899,0.047186,0.038017,0.389409,10
MP19_EPITHELIAL_SENESCENCE,senescence,CXCL17,0.174826,0.237873,0.016932,0.032325,0.426294,11
MP19_EPITHELIAL_SENESCENCE,senescence,KRT16,0.152768,0.211894,0.015083,0.031935,0.342056,12
MP19_EPITHELIAL_SENESCENCE,senescence,KRT17,0.286955,0.568785,0.040487,0.031798,0.260259,13
MP19_EPITHELIAL_SENESCENCE,senescence,S100A8,0.130165,0.220398,0.015688,0.02943,0.300638,14
MP19_EPITHELIAL_SENESCENCE,senescence,WFDC2,0.454078,0.872569,0.062111,0.025862,0.299634,15
MP19_EPITHELIAL_SENESCENCE,senescence,ELF3,0.435551,0.56101,0.039934,0.024922,0.358975,16
MP19_EPITHELIAL_SENESCENCE,senescence,SERPINB1,0.283819,0.283539,0.020183,0.024772,0.301833,17
MP19_EPITHELIAL_SENESCENCE,senescence,SAA1,0.200796,0.311254,0.022156,0.024442,0.329112,18
MP19_EPITHELIAL_SENESCENCE,senescence,DSC2,0.312393,0.342224,0.02436,0.024001,0.351562,19
MP19_EPITHELIAL_SENESCENCE,senescence,S100P,0.132605,0.157509,0.011212,0.020188,0.338975,20
MP19_EPITHELIAL_SENESCENCE,senescence,CLIC3,0.103663,0.114953,0.008182,0.018846,0.333533,21
MP19_EPITHELIAL_SENESCENCE,senescence,LCN2,0.10793,0.143726,0.010231,0.01857,0.334009,22
MP19_EPITHELIAL_SENESCENCE,senescence,FABP5,0.354491,0.591653,0.042115,0.018434,0.111116,23
MP19_EPITHELIAL_SENESCENCE,senescence,GPRC5A,0.20524,0.204225,0.014537,0.017201,0.300325,24
MP19_EPITHELIAL_SENESCENCE,senescence,PRSS22,0.168269,0.146292,0.010413,0.015423,0.322989,25
MP19_EPITHELIAL_SENESCENCE,senescence,MAL2,0.304132,0.294239,0.020944,0.013939,0.262378,26
MP19_EPITHELIAL_SENESCENCE,senescence,MALL,0.099382,0.088781,0.00632,0.013503,0.27782,27
MP19_EPITHELIAL_SENESCENCE,senescence,LYPD3,0.200237,0.191867,0.013657,0.012117,0.25695,28
MP19_EPITHELIAL_SENESCENCE,senescence,KRT6A,0.028656,0.04151,0.002955,0.01208,0.216799,29
MP19_EPITHELIAL_SENESCENCE,senescence,S100A7,0.028329,0.065183,0.00464,0.010694,0.16918,30
MP19_EPITHELIAL_SENESCENCE,senescence,PI3,0.04552,0.053153,0.003783,0.010693,0.249848,31
MP19_EPITHELIAL_SENESCENCE,senescence,LY6D,0.134759,0.199682,0.014214,0.00802,0.178563,32
MP19_EPITHELIAL_SENESCENCE,senescence,IGFBP3,0.081973,0.094352,0.006716,0.00722,0.181561,33
MP19_EPITHELIAL_SENESCENCE,senescence,C15orf48,0.170872,0.217388,0.015474,0.006718,0.133376,34
MP19_EPITHELIAL_SENESCENCE,senescence,PSCA,0.042943,0.035548,0.00253,0.00439,0.213276,35
MP19_EPITHELIAL_SENESCENCE,senescence,CEACAM6,0.033605,0.027548,0.001961,0.003133,0.142956,36
MP19_EPITHELIAL_SENESCENCE,senescence,AGR2,0.253882,0.368942,0.026262,0.0031,0.124417,37
MP19_EPITHELIAL_SENESCENCE,senescence,AQP3,0.087549,0.07888,0.005615,0.002476,0.110701,38
MP19_EPITHELIAL_SENESCENCE,senescence,SULT2B1,0.084127,0.064104,0.004563,0.002056,0.109618,39
MP19_EPITHELIAL_SENESCENCE,senescence,TSPAN1,0.08061,0.065549,0.004666,0.001959,0.113112,40
MP19_EPITHELIAL_SENESCENCE,senescence,CEACAM5,0.00972,0.008256,0.000588,0.00098,0.106933,41
MP19_EPITHELIAL_SENESCENCE,senescence,SERPINB3,0.002222,0.001853,0.000132,0.000568,0.061697,42
MP19_EPITHELIAL_SENESCENCE,senescence,SERPINB4,0.002181,0.001994,0.000142,0.000547,0.058239,43
MP19_EPITHELIAL_SENESCENCE,senescence,SPRR1B,0.001077,0.001244,8.9e-05,0.000379,0.039942,44
MP19_EPITHELIAL_SENESCENCE,senescence,IL1RN,0.026584,0.020574,0.001464,0.000377,0.04425,45
MP19_EPITHELIAL_SENESCENCE,senescence,SPRR3,0.006107,0.005808,0.000413,0.000244,0.025793,46
MP19_EPITHELIAL_SENESCENCE,senescence,MUC4,0.006435,0.00408,0.00029,0.000125,0.026839,47
MP19_EPITHELIAL_SENESCENCE,senescence,SPRR2D,0.000314,0.000431,3.1e-05,8.3e-05,0.023372,48
MP19_EPITHELIAL_SENESCENCE,senescence,SPRR2A,0.0003,0.00035,2.5e-05,8.2e-05,0.017221,49
MP19_EPITHELIAL_SENESCENCE,senescence,KRT13,0.006094,0.005176,0.000368,-0.0,-0.004197,50
MP20_MYC,metabolic,LDHA,0.688874,1.263673,0.059848,0.048072,0.416219,1
MP20_MYC,metabolic,ENO1,0.603738,0.999286,0.047327,0.047973,0.472703,2
MP20_MYC,metabolic,RAN,0.650498,1.043684,0.049429,0.047367,0.470286,3
MP20_MYC,metabolic,FABP5,0.354491,0.591653,0.028021,0.044683,0.535329,4
MP20_MYC,metabolic,HSPD1,0.575178,0.836259,0.039606,0.043293,0.456062,5
MP20_MYC,metabolic,HSPE1,0.654874,1.056366,0.05003,0.040215,0.414503,6
MP20_MYC,metabolic,RANBP1,0.49225,0.629542,0.029815,0.034068,0.427401,7
MP20_MYC,metabolic,SNRPD1,0.478208,0.592286,0.028051,0.034025,0.446446,8
MP20_MYC,metabolic,NCL,0.59958,0.849855,0.04025,0.033147,0.356951,9
MP20_MYC,metabolic,EIF5A,0.577304,0.806636,0.038203,0.032846,0.389816,10
MP20_MYC,metabolic,LDHB,0.543604,0.840521,0.039807,0.030032,0.313323,11
MP20_MYC,metabolic,PPA1,0.554688,0.750761,0.035556,0.029421,0.338503,12
MP20_MYC,metabolic,CCT5,0.381607,0.420993,0.019938,0.027168,0.415627,13
MP20_MYC,metabolic,C1QBP,0.481807,0.574276,0.027198,0.02601,0.359522,14
MP20_MYC,metabolic,FKBP4,0.465939,0.550693,0.026081,0.025995,0.333581,15
MP20_MYC,metabolic,CYCS,0.500116,0.618325,0.029284,0.025666,0.322784,16
MP20_MYC,metabolic,NHP2,0.556787,0.748782,0.035463,0.025161,0.302585,17
MP20_MYC,metabolic,ATP5MC1,0.529767,0.677252,0.032075,0.023833,0.315266,18
MP20_MYC,metabolic,EIF4EBP1,0.425095,0.589525,0.02792,0.023771,0.371709,19
MP20_MYC,metabolic,MRPL3,0.376972,0.381677,0.018076,0.02319,0.372658,20
MP20_MYC,metabolic,EBNA1BP2,0.339291,0.321097,0.015207,0.020517,0.350313,21
MP20_MYC,metabolic,CCT2,0.3734,0.369401,0.017495,0.020383,0.333151,22
MP20_MYC,metabolic,PA2G4,0.383924,0.39055,0.018497,0.019073,0.293124,23
MP20_MYC,metabolic,DCTPP1,0.317424,0.292046,0.013831,0.016535,0.307296,24
MP20_MYC,metabolic,PRMT1,0.33985,0.32866,0.015565,0.01619,0.288135,25
MP20_MYC,metabolic,NOP58,0.267296,0.232913,0.011031,0.015756,0.315935,26
MP20_MYC,metabolic,TIMM13,0.442749,0.502935,0.023819,0.01557,0.217237,27
MP20_MYC,metabolic,BZW2,0.287582,0.25457,0.012057,0.015402,0.311201,28
MP20_MYC,metabolic,SRM,0.213025,0.182632,0.00865,0.014835,0.325134,29
MP20_MYC,metabolic,SLIRP,0.35111,0.35442,0.016785,0.014215,0.266022,30
MP20_MYC,metabolic,DKC1,0.212179,0.171969,0.008145,0.01307,0.312532,31
MP20_MYC,metabolic,DCAF13,0.233651,0.208798,0.009889,0.013053,0.321616,32
MP20_MYC,metabolic,NIFK,0.25714,0.212789,0.010078,0.012716,0.273588,33
MP20_MYC,metabolic,PAICS,0.224885,0.187051,0.008859,0.012546,0.32663,34
MP20_MYC,metabolic,TOMM40,0.243957,0.200711,0.009506,0.011831,0.279561,35
MP20_MYC,metabolic,ODC1,0.208444,0.196929,0.009327,0.011207,0.254461,36
MP20_MYC,metabolic,NOP16,0.212902,0.175149,0.008295,0.01057,0.289769,37
MP20_MYC,metabolic,MYC,0.301569,0.342121,0.016203,0.009713,0.171183,38
MP20_MYC,metabolic,RUVBL1,0.167001,0.125326,0.005935,0.009225,0.26996,39
MP20_MYC,metabolic,MRTO4,0.166755,0.123124,0.005831,0.009214,0.270137,40
MP20_MYC,metabolic,DDX21,0.276839,0.236644,0.011208,0.009164,0.20245,41
MP20_MYC,metabolic,PNO1,0.167791,0.122434,0.005799,0.008708,0.274529,42
MP20_MYC,metabolic,GPATCH4,0.166005,0.116962,0.005539,0.0069,0.225396,43
MP20_MYC,metabolic,NOLC1,0.226916,0.18182,0.008611,0.006294,0.163139,44
MP20_MYC,metabolic,NOP56,0.174008,0.12462,0.005902,0.005616,0.17748,45
MP20_MYC,metabolic,CMSS1,0.132892,0.093331,0.00442,0.005483,0.213921,46
MP20_MYC,metabolic,NME1,0.126893,0.094362,0.004469,0.004907,0.197936,47
MP20_MYC,metabolic,GNL3,0.175617,0.130513,0.006181,0.004639,0.1411,48
MP20_MYC,metabolic,MRPL12,0.032841,0.018731,0.000887,0.000735,0.079917,49
MP21_RESPIRATION,metabolic,RPS21,0.858738,2.090434,0.059941,0.04174,0.56785,1
MP21_RESPIRATION,metabolic,ATP5F1E,0.776983,1.594051,0.045708,0.041379,0.623472,2
MP21_RESPIRATION,metabolic,NDUFS5,0.671043,1.147148,0.032893,0.034589,0.521352,3
MP21_RESPIRATION,metabolic,COX6B1,0.739629,1.358102,0.038942,0.034204,0.497564,4
MP21_RESPIRATION,metabolic,OST4,0.72361,1.304971,0.037418,0.031645,0.495273,5
MP21_RESPIRATION,metabolic,SEC61G,0.639592,1.038936,0.02979,0.03161,0.519683,6
MP21_RESPIRATION,metabolic,ATP5MF,0.610854,0.925862,0.026548,0.029543,0.507247,7
MP21_RESPIRATION,metabolic,NDUFB2,0.658732,1.044447,0.029948,0.028579,0.468596,8
MP21_RESPIRATION,metabolic,SNRPD2,0.674015,1.090161,0.031259,0.027273,0.459737,9
MP21_RESPIRATION,metabolic,UBL5,0.659101,1.023538,0.029349,0.026584,0.45923,10
MP21_RESPIRATION,metabolic,LGALS1,0.552874,1.147175,0.032894,0.026525,0.324363,11
MP21_RESPIRATION,metabolic,SNRPG,0.57256,0.802262,0.023004,0.026245,0.481903,12
MP21_RESPIRATION,metabolic,SEM1,0.598653,0.885979,0.025404,0.026006,0.47313,13
MP21_RESPIRATION,metabolic,COX7B,0.573732,0.802057,0.022998,0.025862,0.472396,14
MP21_RESPIRATION,metabolic,TMEM258,0.59549,0.857817,0.024597,0.025651,0.453308,15
MP21_RESPIRATION,metabolic,RPS29,0.522964,0.743508,0.021319,0.025589,0.46908,16
MP21_RESPIRATION,metabolic,NHP2,0.556787,0.748782,0.02147,0.025297,0.411941,17
MP21_RESPIRATION,metabolic,UQCR10,0.648003,0.987503,0.028315,0.024963,0.438629,18
MP21_RESPIRATION,metabolic,APRT,0.613813,0.895608,0.02568,0.024605,0.393917,19
MP21_RESPIRATION,metabolic,ROMO1,0.528213,0.716434,0.020543,0.023696,0.488155,20
MP21_RESPIRATION,metabolic,ATOX1,0.51852,0.682029,0.019556,0.023658,0.429561,21
MP21_RESPIRATION,metabolic,NDUFS6,0.507464,0.642001,0.018409,0.023369,0.445348,22
MP21_RESPIRATION,metabolic,NDUFB4,0.602157,0.857395,0.024585,0.023347,0.408839,23
MP21_RESPIRATION,metabolic,PFDN2,0.512426,0.694048,0.019901,0.023254,0.432224,24
MP21_RESPIRATION,metabolic,NDUFA1,0.513817,0.658722,0.018888,0.022537,0.445216,25
MP21_RESPIRATION,metabolic,RPL21,0.735798,1.325482,0.038007,0.022325,0.305987,26
MP21_RESPIRATION,metabolic,ATP5MC1,0.529767,0.677252,0.019419,0.020676,0.407065,27
MP21_RESPIRATION,metabolic,ATP5ME,0.414393,0.493451,0.014149,0.02011,0.447472,28
MP21_RESPIRATION,metabolic,NDUFAB1,0.555737,0.742773,0.021298,0.020075,0.359559,29
MP21_RESPIRATION,metabolic,NDUFA3,0.404551,0.482998,0.013849,0.018465,0.43878,30
MP21_RESPIRATION,metabolic,LSM7,0.488678,0.58612,0.016806,0.018348,0.401519,31
MP21_RESPIRATION,metabolic,NDUFC1,0.481371,0.581341,0.016669,0.015828,0.350775,32
MP21_RESPIRATION,metabolic,NEDD8,0.45979,0.520295,0.014919,0.015539,0.370919,33
MP21_RESPIRATION,metabolic,SNRPF,0.413221,0.450804,0.012926,0.015503,0.397339,34
MP21_RESPIRATION,metabolic,COX17,0.369174,0.381213,0.010931,0.014953,0.389584,35
MP21_RESPIRATION,metabolic,PSMB3,0.467452,0.564701,0.016192,0.01479,0.285811,36
MP21_RESPIRATION,metabolic,NDUFB1,0.328644,0.347101,0.009953,0.014669,0.409859,37
MP21_RESPIRATION,metabolic,NOP10,0.444726,0.490447,0.014063,0.014594,0.36345,38
MP21_RESPIRATION,metabolic,TIMM8B,0.351928,0.351205,0.01007,0.013861,0.366863,39
MP21_RESPIRATION,metabolic,SLIRP,0.35111,0.35442,0.010163,0.013399,0.380678,40
MP21_RESPIRATION,metabolic,NDUFA12,0.405082,0.416109,0.011931,0.012449,0.31576,41
MP21_RESPIRATION,metabolic,COPS9,0.413957,0.463319,0.013285,0.011971,0.309034,42
MP21_RESPIRATION,metabolic,PET100,0.302551,0.294799,0.008453,0.010425,0.334599,43
MP21_RESPIRATION,metabolic,COA3,0.4253,0.448639,0.012864,0.009085,0.224079,44
MP21_RESPIRATION,metabolic,NME1,0.126893,0.094362,0.002706,0.003157,0.211758,45
MP21_RESPIRATION,metabolic,NDUFA7,0.068954,0.042211,0.00121,0.001601,0.175569,46
MP21_RESPIRATION,metabolic,NDUFB8,0.043434,0.027016,0.000775,0.000428,0.075773,47
MP22_SECRETED_1,secreted,TM4SF1,0.657819,1.264328,0.119086,0.078219,0.481169,1
MP22_SECRETED_1,secreted,CDKN1A,0.412948,0.604551,0.056942,0.066989,0.528941,2
MP22_SECRETED_1,secreted,IER3,0.484247,0.767415,0.072282,0.062629,0.461181,3
MP22_SECRETED_1,secreted,ANXA1,0.368751,0.67369,0.063454,0.05663,0.346937,4
MP22_SECRETED_1,secreted,AREG,0.247625,0.404638,0.038113,0.048104,0.407252,5
MP22_SECRETED_1,secreted,CXCL2,0.201301,0.316149,0.029778,0.043408,0.404404,6
MP22_SECRETED_1,secreted,PHLDA2,0.321296,0.404903,0.038138,0.03978,0.360334,7
MP22_SECRETED_1,secreted,TNFRSF12A,0.359072,0.438669,0.041318,0.039465,0.365515,8
MP22_SECRETED_1,secreted,MAFF,0.245784,0.263446,0.024814,0.036261,0.430701,9
MP22_SECRETED_1,secreted,ICAM1,0.212807,0.242568,0.022847,0.030674,0.357034,10
MP22_SECRETED_1,secreted,MYC,0.301569,0.342121,0.032224,0.029943,0.328144,11
MP22_SECRETED_1,secreted,CSRNP1,0.231879,0.222958,0.021,0.028469,0.410472,12
MP22_SECRETED_1,secreted,ERRFI1,0.270827,0.258767,0.024373,0.026427,0.359314,13
MP22_SECRETED_1,secreted,FHL2,0.27763,0.278363,0.026219,0.025168,0.300254,14
MP22_SECRETED_1,secreted,NAMPT,0.352924,0.345973,0.032587,0.024434,0.287866,15
MP22_SECRETED_1,secreted,EMP1,0.213284,0.199237,0.018766,0.024393,0.34465,16
MP22_SECRETED_1,secreted,MIDN,0.234046,0.209268,0.019711,0.021625,0.30475,17
MP22_SECRETED_1,secreted,PHLDA1,0.228975,0.249479,0.023498,0.0214,0.258145,18
MP22_SECRETED_1,secreted,TRIB1,0.203904,0.176532,0.016627,0.020684,0.308928,19
MP22_SECRETED_1,secreted,ZC3H12A,0.198751,0.164077,0.015454,0.019838,0.32948,20
MP22_SECRETED_1,secreted,PIM3,0.264706,0.22748,0.021426,0.019823,0.273921,21
MP22_SECRETED_1,secreted,NCOA7,0.237973,0.226292,0.021314,0.018609,0.234158,22
MP22_SECRETED_1,secreted,MYADM,0.204054,0.169126,0.01593,0.016485,0.274541,23
MP22_SECRETED_1,secreted,PLAUR,0.137186,0.128215,0.012076,0.01628,0.256212,24
MP22_SECRETED_1,secreted,ARID5B,0.226944,0.190441,0.017938,0.014014,0.225871,25
MP22_SECRETED_1,secreted,DDX21,0.276839,0.236644,0.022289,0.013451,0.198948,26
MP22_SECRETED_1,secreted,CCL2,0.076357,0.111679,0.010519,0.013316,0.209203,27
MP22_SECRETED_1,secreted,GEM,0.153313,0.162438,0.0153,0.012129,0.166208,28
MP22_SECRETED_1,secreted,FOSL2,0.157526,0.115357,0.010865,0.011931,0.259151,29
MP22_SECRETED_1,secreted,KDM6B,0.138549,0.102152,0.009622,0.011344,0.247745,30
MP22_SECRETED_1,secreted,DUSP5,0.102164,0.079123,0.007453,0.010651,0.268748,31
MP22_SECRETED_1,secreted,FOSL1,0.081919,0.062813,0.005916,0.010108,0.261061,32
MP22_SECRETED_1,secreted,ARL5B,0.168596,0.134222,0.012642,0.009709,0.198852,33
MP22_SECRETED_1,secreted,MLF1,0.265688,0.231763,0.02183,0.008783,0.140054,34
MP22_SECRETED_1,secreted,TNFAIP3,0.082669,0.070062,0.006599,0.008305,0.2017,35
MP22_SECRETED_1,secreted,ITPKC,0.091039,0.062762,0.005912,0.007242,0.210218,36
MP22_SECRETED_1,secreted,CXCL1,0.041621,0.046799,0.004408,0.006996,0.177215,37
MP22_SECRETED_1,secreted,BIRC3,0.068286,0.055379,0.005216,0.006428,0.202245,38
MP22_SECRETED_1,secreted,CXCL8,0.039548,0.043199,0.004069,0.006282,0.173392,39
MP22_SECRETED_1,secreted,EPHA2,0.056889,0.03646,0.003434,0.005816,0.222712,40
MP22_SECRETED_1,secreted,PFKFB3,0.105994,0.076,0.007158,0.005786,0.155989,41
MP22_SECRETED_1,secreted,ZBTB43,0.100473,0.061622,0.005804,0.00496,0.142066,42
MP22_SECRETED_1,secreted,EDN1,0.060529,0.050578,0.004764,0.004677,0.151045,43
MP22_SECRETED_1,secreted,HBEGF,0.052759,0.032986,0.003107,0.004112,0.163177,44
MP22_SECRETED_1,secreted,PIM1,0.058948,0.047023,0.004429,0.003396,0.114911,45
MP22_SECRETED_1,secreted,LIF,0.016536,0.012098,0.00114,0.002534,0.146914,46
MP22_SECRETED_1,secreted,CCL20,0.012092,0.012399,0.001168,0.001589,0.076576,47
MP22_SECRETED_1,secreted,LUCAT1,0.004485,0.002973,0.00028,0.000497,0.065084,48
MP22_SECRETED_1,secreted,ARL14,0.002822,0.0017,0.00016,0.000208,0.04057,49
MP23_SECRETED_2,secreted,RARRES1,0.371614,0.890899,0.054408,0.095167,0.495315,1
MP23_SECRETED_2,secreted,KRT19,0.765817,1.860968,0.11365,0.069592,0.459798,2
MP23_SECRETED_2,secreted,SLPI,0.429948,0.789589,0.048221,0.068831,0.512236,3
MP23_SECRETED_2,secreted,CLU,0.553297,1.001873,0.061185,0.056707,0.397586,4
MP23_SECRETED_2,secreted,MMP7,0.24209,0.494479,0.030198,0.051531,0.401547,5
MP23_SECRETED_2,secreted,CLDN4,0.592041,1.043649,0.063736,0.048876,0.396606,6
MP23_SECRETED_2,secreted,LTF,0.183864,0.355312,0.021699,0.046092,0.402145,7
MP23_SECRETED_2,secreted,S100A9,0.25031,0.440074,0.026876,0.045198,0.370769,8
MP23_SECRETED_2,secreted,PDZK1IP1,0.317478,0.393085,0.024006,0.045007,0.481964,9
MP23_SECRETED_2,secreted,CD24,0.739765,1.521049,0.092891,0.043754,0.309864,10
MP23_SECRETED_2,secreted,TNFSF10,0.369801,0.49503,0.030232,0.040232,0.441996,11
MP23_SECRETED_2,secreted,MDK,0.677259,1.324748,0.080903,0.037482,0.262557,12
MP23_SECRETED_2,secreted,SAA1,0.200796,0.311254,0.019009,0.034128,0.35134,13
MP23_SECRETED_2,secreted,WFDC2,0.454078,0.872569,0.053288,0.033609,0.27342,14
MP23_SECRETED_2,secreted,ELF3,0.435551,0.56101,0.034261,0.02891,0.332974,15
MP23_SECRETED_2,secreted,CFB,0.197511,0.2009,0.012269,0.020043,0.327978,16
MP23_SECRETED_2,secreted,LCN2,0.10793,0.143726,0.008777,0.01894,0.321998,17
MP23_SECRETED_2,secreted,C3,0.146647,0.153915,0.0094,0.018746,0.35237,18
MP23_SECRETED_2,secreted,CXCL2,0.201301,0.316149,0.019307,0.018425,0.200329,19
MP23_SECRETED_2,secreted,SAA2,0.075048,0.085983,0.005251,0.015811,0.309509,20
MP23_SECRETED_2,secreted,SCGB3A1,0.126362,0.238253,0.01455,0.01541,0.173389,21
MP23_SECRETED_2,secreted,CP,0.127261,0.133537,0.008155,0.014479,0.246723,22
MP23_SECRETED_2,secreted,NCOA7,0.237973,0.226292,0.01382,0.014215,0.195221,23
MP23_SECRETED_2,secreted,CD82,0.231756,0.200689,0.012256,0.014095,0.240725,24
MP23_SECRETED_2,secreted,CTSC,0.20584,0.210014,0.012826,0.013728,0.179702,25
MP23_SECRETED_2,secreted,NDRG2,0.201873,0.218196,0.013325,0.013411,0.19171,26
MP23_SECRETED_2,secreted,PIGR,0.058171,0.076156,0.004651,0.011821,0.277266,27
MP23_SECRETED_2,secreted,TGM2,0.084114,0.075601,0.004617,0.008693,0.223861,28
MP23_SECRETED_2,secreted,AGR2,0.253882,0.368942,0.022532,0.007544,0.151346,29
MP23_SECRETED_2,secreted,IGFBP3,0.081973,0.094352,0.005762,0.006921,0.16904,30
MP23_SECRETED_2,secreted,FAM3D,0.05449,0.055527,0.003391,0.004546,0.163107,31
MP23_SECRETED_2,secreted,MUC5B,0.06177,0.045239,0.002763,0.004511,0.158414,32
MP23_SECRETED_2,secreted,TFF3,0.217892,0.42954,0.026232,0.003793,0.073575,33
MP23_SECRETED_2,secreted,CXCL1,0.041621,0.046799,0.002858,0.003254,0.096644,34
MP23_SECRETED_2,secreted,RDH10,0.096847,0.068624,0.004191,0.002987,0.071,35
MP23_SECRETED_2,secreted,TSPAN1,0.08061,0.065549,0.004003,0.00289,0.112854,36
MP23_SECRETED_2,secreted,FMO2,0.045411,0.041975,0.002563,0.002822,0.122258,37
MP23_SECRETED_2,secreted,BPIFB1,0.038294,0.035291,0.002155,0.002752,0.105839,38
MP23_SECRETED_2,secreted,KLK11,0.028697,0.027603,0.001686,0.00235,0.12548,39
MP23_SECRETED_2,secreted,KYNU,0.043093,0.036555,0.002232,0.002239,0.083773,40
MP23_SECRETED_2,secreted,PRSS23,0.161329,0.160697,0.009814,0.002002,0.047545,41
MP23_SECRETED_2,secreted,TSPAN8,0.038267,0.037179,0.002271,0.001523,0.050762,42
MP23_SECRETED_2,secreted,CXCL8,0.039548,0.043199,0.002638,0.001458,0.056679,43
MP23_SECRETED_2,secreted,SPINK1,0.009434,0.015153,0.000925,0.001343,0.065116,44
MP23_SECRETED_2,secreted,SERPINF1,0.063828,0.078529,0.004796,0.001201,0.070036,45
MP23_SECRETED_2,secreted,GSTA1,0.017682,0.017742,0.001083,0.001039,0.082408,46
MP23_SECRETED_2,secreted,MSMB,0.029392,0.023487,0.001434,0.000858,0.05325,47
MP23_SECRETED_2,secreted,VMO1,0.015364,0.010927,0.000667,0.000579,0.040535,48
MP23_SECRETED_2,secreted,AKR1C1,0.036876,0.036429,0.002225,0.000454,-0.017951,49
MP23_SECRETED_2,secreted,SCGB1A1,0.000232,0.000142,9e-06,3e-06,0.000209,50
MP24_CILIA,cilia,TUBA1A,0.377721,0.479733,0.136162,0.13052,0.307062,1
MP24_CILIA,cilia,NUCB2,0.355882,0.371916,0.105561,0.099819,0.252797,2
MP24_CILIA,cilia,IGFBP2,0.211348,0.259617,0.073687,0.079708,0.254867,3
MP24_CILIA,cilia,MLF1,0.265688,0.231763,0.065781,0.059135,0.183523,4
MP24_CILIA,cilia,IFT57,0.251237,0.197678,0.056107,0.051723,0.163051,5
MP24_CILIA,cilia,MORN2,0.231838,0.182322,0.051748,0.049183,0.169936,6
MP24_CILIA,cilia,IGFBP7,0.145815,0.19916,0.056527,0.047899,0.194586,7
MP24_CILIA,cilia,CRIP1,0.125721,0.118339,0.033588,0.045454,0.180474,8
MP24_CILIA,cilia,C12orf75,0.180702,0.147393,0.041834,0.037396,0.138375,9
MP24_CILIA,cilia,CETN2,0.185241,0.134273,0.038111,0.035177,0.128609,10
MP24_CILIA,cilia,PSENEN,0.166155,0.128658,0.036517,0.034786,0.171984,11
MP24_CILIA,cilia,DNALI1,0.094979,0.076952,0.021841,0.029721,0.234556,12
MP24_CILIA,cilia,KIF9,0.14816,0.106399,0.030199,0.029074,0.160615,13
MP24_CILIA,cilia,FAM229B,0.109934,0.078599,0.022309,0.024834,0.164036,14
MP24_CILIA,cilia,DPCD,0.122367,0.085453,0.024254,0.023928,0.138693,15
MP24_CILIA,cilia,TSPAN1,0.08061,0.065549,0.018605,0.02269,0.171149,16
MP24_CILIA,cilia,IQCG,0.106103,0.083036,0.023568,0.021669,0.117833,17
MP24_CILIA,cilia,CAPS,0.087304,0.066721,0.018937,0.018382,0.097378,18
MP24_CILIA,cilia,EFHC1,0.105135,0.076607,0.021743,0.018284,0.135178,19
MP24_CILIA,cilia,WDR54,0.078293,0.049834,0.014144,0.017424,0.133949,20
MP24_CILIA,cilia,SLC44A4,0.061579,0.047715,0.013543,0.016108,0.169841,21
MP24_CILIA,cilia,LRRC23,0.07956,0.050784,0.014414,0.013823,0.101496,22
MP24_CILIA,cilia,MRPS31,0.078947,0.051337,0.014571,0.011886,0.062189,23
MP24_CILIA,cilia,FABP6,0.025643,0.02382,0.006761,0.011334,0.13756,24
MP24_CILIA,cilia,OSCP1,0.059275,0.034314,0.009739,0.011254,0.09967,25
MP24_CILIA,cilia,SPA17,0.042248,0.025524,0.007244,0.00816,0.105831,26
MP24_CILIA,cilia,DYNLRB2,0.035759,0.02323,0.006593,0.008063,0.117591,27
MP24_CILIA,cilia,CES1,0.017341,0.02237,0.006349,0.007782,0.092004,28
MP24_CILIA,cilia,RSPH1,0.034954,0.021406,0.006076,0.007618,0.118263,29
MP24_CILIA,cilia,GSTA1,0.017682,0.017742,0.005036,0.006612,0.092191,30
MP24_CILIA,cilia,DNAH5,0.03111,0.019645,0.005576,0.005185,0.090612,31
MP24_CILIA,cilia,ZMYND10,0.016727,0.010123,0.002873,0.003563,0.085367,32
MP24_CILIA,cilia,TPPP3,0.012706,0.008271,0.002347,0.003174,0.059966,33
MP24_CILIA,cilia,LRRIQ1,0.012406,0.008292,0.002353,0.002598,0.068806,34
MP24_CILIA,cilia,CAPSL,0.002972,0.001808,0.000513,0.001573,0.069785,35
MP24_CILIA,cilia,DNAAF1,0.008357,0.00561,0.001592,0.001553,0.046902,36
MP24_CILIA,cilia,PLAC8,0.010947,0.007063,0.002005,0.001428,0.001512,37
MP24_CILIA,cilia,FOXJ1,0.007293,0.003924,0.001114,0.00127,0.040998,38
MP24_CILIA,cilia,MS4A8,0.000532,0.000269,7.6e-05,0.000208,0.0223,39
MP25_ASTROCYTES,neural,VIM,0.579949,1.261276,0.09055,0.112401,0.510414,1
MP25_ASTROCYTES,neural,MT2A,0.661691,1.272208,0.091335,0.076182,0.402206,2
MP25_ASTROCYTES,neural,CLU,0.553297,1.001873,0.071927,0.071485,0.375557,3
MP25_ASTROCYTES,neural,IFITM3,0.772416,1.8686,0.134152,0.069636,0.309488,4
MP25_ASTROCYTES,neural,MT1X,0.512481,0.787975,0.056571,0.059865,0.372665,5
MP25_ASTROCYTES,neural,APOE,0.253432,0.402402,0.02889,0.058354,0.409929,6
MP25_ASTROCYTES,neural,CD9,0.661036,1.168873,0.083917,0.046942,0.236272,7
MP25_ASTROCYTES,neural,CRYAB,0.336414,0.535339,0.038433,0.044997,0.323694,8
MP25_ASTROCYTES,neural,S100B,0.167682,0.260207,0.018681,0.044766,0.387704,9
MP25_ASTROCYTES,neural,CST3,0.528772,1.028357,0.073829,0.039096,0.185527,10
MP25_ASTROCYTES,neural,ZFP36,0.577318,1.098573,0.07887,0.03731,0.220765,11
MP25_ASTROCYTES,neural,FABP7,0.198806,0.349212,0.025071,0.036233,0.301451,12
MP25_ASTROCYTES,neural,SPARC,0.187409,0.272796,0.019585,0.034457,0.328601,13
MP25_ASTROCYTES,neural,ID3,0.198247,0.221316,0.015889,0.022136,0.223538,14
MP25_ASTROCYTES,neural,IGFBP7,0.145815,0.19916,0.014298,0.022064,0.270809,15
MP25_ASTROCYTES,neural,ITM2C,0.195602,0.174131,0.012501,0.019819,0.243549,16
MP25_ASTROCYTES,neural,SCRG1,0.074966,0.086753,0.006228,0.019483,0.273447,17
MP25_ASTROCYTES,neural,SPARCL1,0.090453,0.11213,0.00805,0.018768,0.279763,18
MP25_ASTROCYTES,neural,NDRG2,0.201873,0.218196,0.015665,0.01805,0.259091,19
MP25_ASTROCYTES,neural,PON2,0.304009,0.272677,0.019576,0.017316,0.179443,20
MP25_ASTROCYTES,neural,ID4,0.125135,0.112227,0.008057,0.015676,0.27516,21
MP25_ASTROCYTES,neural,TTYH1,0.130165,0.147801,0.010611,0.014706,0.232701,22
MP25_ASTROCYTES,neural,NTRK2,0.095824,0.085125,0.006111,0.01291,0.240238,23
MP25_ASTROCYTES,neural,GRAMD2B,0.141753,0.104606,0.00751,0.010648,0.176303,24
MP25_ASTROCYTES,neural,ID1,0.092157,0.087799,0.006303,0.010202,0.187362,25
MP25_ASTROCYTES,neural,PSAT1,0.119845,0.116294,0.008349,0.008839,0.166721,26
MP25_ASTROCYTES,neural,PLTP,0.089771,0.084546,0.00607,0.00875,0.185348,27
MP25_ASTROCYTES,neural,HEY1,0.048914,0.038415,0.002758,0.00745,0.211563,28
MP25_ASTROCYTES,neural,RAMP1,0.082042,0.069922,0.00502,0.00523,0.079417,29
MP25_ASTROCYTES,neural,AHCYL1,0.19004,0.134275,0.00964,0.00496,0.085824,30
MP25_ASTROCYTES,neural,RASSF4,0.089758,0.066664,0.004786,0.004526,0.130193,31
MP25_ASTROCYTES,neural,GJA1,0.045915,0.031744,0.002279,0.004351,0.164621,32
MP25_ASTROCYTES,neural,CPE,0.061947,0.051617,0.003706,0.003589,0.060319,33
MP25_ASTROCYTES,neural,ALDOC,0.040148,0.023605,0.001695,0.003131,0.142326,34
MP25_ASTROCYTES,neural,EDNRB,0.014901,0.011179,0.000803,0.003118,0.161767,35
MP25_ASTROCYTES,neural,MT3,0.013769,0.010841,0.000778,0.002266,0.12156,36
MP25_ASTROCYTES,neural,PLP1,0.012856,0.00951,0.000683,0.002024,0.106919,37
MP25_ASTROCYTES,neural,F3,0.04905,0.036251,0.002603,0.001588,0.049065,38
MP25_ASTROCYTES,neural,PMP2,0.006176,0.004343,0.000312,0.001306,0.106699,39
MP25_ASTROCYTES,neural,SLC1A3,0.020572,0.015125,0.001086,0.001191,0.081912,40
MP25_ASTROCYTES,neural,AGT,0.027156,0.019779,0.00142,0.001106,0.048314,41
MP25_ASTROCYTES,neural,ATP1B2,0.009829,0.00525,0.000377,0.001046,0.109189,42
MP25_ASTROCYTES,neural,GATM,0.077325,0.061606,0.004423,0.000851,0.016978,43
MP25_ASTROCYTES,neural,GFAP,0.003217,0.002089,0.00015,0.000428,0.065708,44
MP25_ASTROCYTES,neural,MLC1,0.002617,0.000873,6.3e-05,0.000303,0.067154,45
MP25_ASTROCYTES,neural,BCAN,0.006107,0.003431,0.000246,0.00029,0.032238,46
MP25_ASTROCYTES,neural,AQP4,0.001813,0.001126,8.1e-05,7.6e-05,0.022182,47
MP25_ASTROCYTES,neural,ATP1A2,0.001063,0.000806,5.8e-05,6.3e-05,0.013881,48
MP25_ASTROCYTES,neural,HEPN1,0.000191,7.8e-05,6e-06,1.3e-05,0.012224,49
MP26_NPC_GLIOMA,neural,STMN1,0.522596,0.890372,0.124287,0.148612,0.486736,1
MP26_NPC_GLIOMA,neural,CD24,0.739765,1.521049,0.212323,0.132668,0.401525,2
MP26_NPC_GLIOMA,neural,JPT1,0.526536,0.784384,0.109492,0.125204,0.439195,3
MP26_NPC_GLIOMA,neural,RBP1,0.419996,0.618438,0.086328,0.100216,0.377497,4
MP26_NPC_GLIOMA,neural,SOX4,0.494281,0.70777,0.098798,0.088593,0.344678,5
MP26_NPC_GLIOMA,neural,DDAH2,0.411217,0.43935,0.061329,0.060903,0.308004,6
MP26_NPC_GLIOMA,neural,UCHL1,0.149851,0.171859,0.02399,0.042491,0.325673,7
MP26_NPC_GLIOMA,neural,TUBB2A,0.252287,0.245594,0.034283,0.038037,0.236893,8
MP26_NPC_GLIOMA,neural,TUBB3,0.135346,0.125909,0.017576,0.035123,0.31463,9
MP26_NPC_GLIOMA,neural,CXADR,0.237918,0.206154,0.028777,0.030003,0.214942,10
MP26_NPC_GLIOMA,neural,FNBP1L,0.259185,0.214998,0.030012,0.026053,0.191159,11
MP26_NPC_GLIOMA,neural,NREP,0.127452,0.111398,0.01555,0.025329,0.272918,12
MP26_NPC_GLIOMA,neural,RND3,0.198274,0.177758,0.024813,0.021765,0.159996,13
MP26_NPC_GLIOMA,neural,BEX2,0.19871,0.178647,0.024937,0.020447,0.140854,14
MP26_NPC_GLIOMA,neural,TERF2IP,0.247543,0.194321,0.027125,0.019554,0.139397,15
MP26_NPC_GLIOMA,neural,MLLT11,0.084059,0.070579,0.009852,0.017545,0.203285,16
MP26_NPC_GLIOMA,neural,MAP1B,0.134896,0.107814,0.01505,0.016699,0.148159,17
MP26_NPC_GLIOMA,neural,RBFOX2,0.129933,0.08634,0.012052,0.011027,0.129115,18
MP26_NPC_GLIOMA,neural,ARL4D,0.109402,0.084439,0.011787,0.00724,0.0827,19
MP26_NPC_GLIOMA,neural,SOX11,0.033659,0.022709,0.00317,0.004558,0.14494,20
MP26_NPC_GLIOMA,neural,ENO2,0.053018,0.036481,0.005092,0.004443,0.075001,21
MP26_NPC_GLIOMA,neural,SYT1,0.028329,0.01879,0.002623,0.00381,0.095861,22
MP26_NPC_GLIOMA,neural,PAK3,0.028302,0.0195,0.002722,0.00347,0.1102,23
MP26_NPC_GLIOMA,neural,BASP1,0.030306,0.022187,0.003097,0.002867,0.064051,24
MP26_NPC_GLIOMA,neural,GPC2,0.024062,0.012724,0.001776,0.00285,0.097455,25
MP26_NPC_GLIOMA,neural,DLX5,0.01381,0.008928,0.001246,0.002339,0.083944,26
MP26_NPC_GLIOMA,neural,NSG1,0.019549,0.014244,0.001988,0.001885,0.056453,27
MP26_NPC_GLIOMA,neural,DCX,0.008984,0.005437,0.000759,0.001298,0.079297,28
MP26_NPC_GLIOMA,neural,MEG3,0.009557,0.009294,0.001297,0.000967,0.037503,29
MP26_NPC_GLIOMA,neural,KLHDC8A,0.007034,0.004368,0.00061,0.000694,0.032607,30
MP26_NPC_GLIOMA,neural,PKIA,0.010034,0.006428,0.000897,0.000601,0.027842,31
MP26_NPC_GLIOMA,neural,IGFBPL1,0.003299,0.001833,0.000256,0.000398,0.036247,32
MP26_NPC_GLIOMA,neural,CRMP1,0.002686,0.001798,0.000251,0.000393,0.039806,33
MP26_NPC_GLIOMA,neural,RTN1,0.017872,0.010543,0.001472,0.000384,0.003012,34
MP26_NPC_GLIOMA,neural,TCEAL7,0.006353,0.004134,0.000577,0.000327,0.019475,35
MP26_NPC_GLIOMA,neural,NNAT,0.002945,0.001935,0.00027,0.000193,0.014224,36
MP26_NPC_GLIOMA,neural,SNAP25,0.003067,0.001895,0.000264,0.000159,0.021963,37
MP26_NPC_GLIOMA,neural,STMN2,0.000777,0.000944,0.000132,0.000158,0.014028,38
MP26_NPC_GLIOMA,neural,KIF5C,0.024961,0.016461,0.002298,0.000145,-0.009675,39
MP26_NPC_GLIOMA,neural,TAGLN3,0.001568,0.000841,0.000117,0.000142,0.009863,40
MP26_NPC_GLIOMA,neural,ELAVL4,0.00199,0.000786,0.00011,0.000118,0.014321,41
MP26_NPC_GLIOMA,neural,DLX6-AS1,0.000968,0.000625,8.7e-05,9.5e-05,0.018992,42
MP26_NPC_GLIOMA,neural,SCG2,0.000709,0.000544,7.6e-05,8.6e-05,0.009925,43
MP26_NPC_GLIOMA,neural,SCG3,0.000695,0.000392,5.5e-05,8e-05,0.013966,44
MP26_NPC_GLIOMA,neural,GAP43,0.000982,0.000517,7.2e-05,4.3e-05,0.004679,45
MP26_NPC_GLIOMA,neural,STMN4,0.000395,0.000191,2.7e-05,2.8e-05,0.008341,46
MP26_NPC_GLIOMA,neural,GNG3,0.000586,0.000284,4e-05,2.7e-05,0.001195,47
MP26_NPC_GLIOMA,neural,NSG2,0.000164,0.000121,1.7e-05,-1.3e-05,-0.002911,48
MP26_NPC_GLIOMA,neural,MIAT,0.002495,0.001724,0.000241,-5.1e-05,-0.02167,49
MP27_OLIGO_PROGENITOR,neural,APOD,0.249656,0.520203,0.156209,0.213387,0.439809,1
MP27_OLIGO_PROGENITOR,neural,PGRMC1,0.486892,0.570475,0.171304,0.124427,0.316574,2
MP27_OLIGO_PROGENITOR,neural,MPZL1,0.354123,0.359214,0.107866,0.088116,0.225979,3
MP27_OLIGO_PROGENITOR,neural,FDFT1,0.320846,0.310317,0.093183,0.086149,0.250214,4
MP27_OLIGO_PROGENITOR,neural,SCRG1,0.074966,0.086753,0.02605,0.043925,0.227121,5
MP27_OLIGO_PROGENITOR,neural,DHCR7,0.155549,0.116908,0.035105,0.042683,0.204744,6
MP27_OLIGO_PROGENITOR,neural,PSAT1,0.119845,0.116294,0.034921,0.039388,0.217015,7
MP27_OLIGO_PROGENITOR,neural,SGK1,0.146443,0.128719,0.038652,0.037554,0.177423,8
MP27_OLIGO_PROGENITOR,neural,MSMO1,0.14407,0.109354,0.032837,0.035842,0.165268,9
MP27_OLIGO_PROGENITOR,neural,SIRT2,0.150287,0.109751,0.032957,0.033018,0.180443,10
MP27_OLIGO_PROGENITOR,neural,ACAT2,0.138086,0.101382,0.030443,0.025995,0.117997,11
MP27_OLIGO_PROGENITOR,neural,CNP,0.146074,0.101626,0.030517,0.025705,0.119339,12
MP27_OLIGO_PROGENITOR,neural,RTKN,0.148828,0.106826,0.032078,0.025157,0.115194,13
MP27_OLIGO_PROGENITOR,neural,LIMA1,0.159039,0.128924,0.038714,0.022366,0.08528,14
MP27_OLIGO_PROGENITOR,neural,TNFRSF21,0.097351,0.06937,0.020831,0.022002,0.149437,15
MP27_OLIGO_PROGENITOR,neural,HES6,0.050918,0.030456,0.009145,0.012337,0.129917,16
MP27_OLIGO_PROGENITOR,neural,SCD5,0.060229,0.037685,0.011316,0.012089,0.126063,17
MP27_OLIGO_PROGENITOR,neural,SMOC1,0.044252,0.033473,0.010051,0.011677,0.115181,18
MP27_OLIGO_PROGENITOR,neural,THY1,0.0322,0.039382,0.011826,0.011472,0.118414,19
MP27_OLIGO_PROGENITOR,neural,DLL3,0.04582,0.031814,0.009553,0.011287,0.143959,20
MP27_OLIGO_PROGENITOR,neural,SERINC5,0.074694,0.045974,0.013805,0.010013,0.058399,21
MP27_OLIGO_PROGENITOR,neural,LMF1,0.045901,0.026491,0.007955,0.00742,0.077534,22
MP27_OLIGO_PROGENITOR,neural,FIBIN,0.025657,0.018475,0.005548,0.00672,0.088112,23
MP27_OLIGO_PROGENITOR,neural,PDGFRA,0.023189,0.016893,0.005073,0.006703,0.114268,24
MP27_OLIGO_PROGENITOR,neural,PTGDS,0.016209,0.011757,0.00353,0.006042,0.11701,25
MP27_OLIGO_PROGENITOR,neural,PLP1,0.012856,0.00951,0.002856,0.005666,0.102212,26
MP27_OLIGO_PROGENITOR,neural,TUBB4A,0.019208,0.010917,0.003278,0.005314,0.121206,27
MP27_OLIGO_PROGENITOR,neural,SOX8,0.020067,0.011038,0.003314,0.005184,0.108999,28
MP27_OLIGO_PROGENITOR,neural,SLC1A1,0.024403,0.012167,0.003653,0.004185,0.071213,29
MP27_OLIGO_PROGENITOR,neural,CNTN1,0.009338,0.005348,0.001606,0.002884,0.104009,30
MP27_OLIGO_PROGENITOR,neural,ANGPTL2,0.010865,0.009111,0.002736,0.002602,0.043859,31
MP27_OLIGO_PROGENITOR,neural,DLL1,0.012747,0.007945,0.002386,0.00232,0.028967,32
MP27_OLIGO_PROGENITOR,neural,RGR,0.006312,0.004295,0.00129,0.001542,0.047031,33
MP27_OLIGO_PROGENITOR,neural,P2RX7,0.009966,0.00533,0.001601,0.001482,0.039874,34
MP27_OLIGO_PROGENITOR,neural,FGF12,0.008152,0.004697,0.00141,0.001354,0.042959,35
MP27_OLIGO_PROGENITOR,neural,OLIG1,0.00548,0.002634,0.000791,0.001335,0.065876,36
MP27_OLIGO_PROGENITOR,neural,BCAS1,0.012256,0.007272,0.002184,0.001096,0.008912,37
MP27_OLIGO_PROGENITOR,neural,BCAN,0.006107,0.003431,0.00103,0.000882,0.021565,38
MP27_OLIGO_PROGENITOR,neural,OLIG2,0.002822,0.001026,0.000308,0.000802,0.067599,39
MP27_OLIGO_PROGENITOR,neural,RAB33A,0.004226,0.002391,0.000718,0.000617,0.02507,40
MP27_OLIGO_PROGENITOR,neural,PLPPR1,0.004035,0.002252,0.000676,0.000601,0.022415,41
MP27_OLIGO_PROGENITOR,neural,OMG,0.000845,0.000398,0.000119,0.000191,0.029067,42
MP27_OLIGO_PROGENITOR,neural,ASCL1,0.000723,0.000635,0.000191,0.000191,0.019187,43
MP27_OLIGO_PROGENITOR,neural,NKAIN4,0.000804,0.000571,0.000171,0.000142,0.013089,44
MP27_OLIGO_PROGENITOR,neural,NEU4,0.000532,0.000334,1e-04,0.000124,0.013592,45
MP27_OLIGO_PROGENITOR,neural,GPR17,0.000123,0.000117,3.5e-05,8e-06,0.001385,46
MP27_OLIGO_PROGENITOR,neural,CA10,8.2e-05,4.3e-05,1.3e-05,7e-06,0.001472,47
MP27_OLIGO_PROGENITOR,neural,TNR,0.000314,0.000205,6.2e-05,-1e-06,-0.005648,48
MP28_OLIGO_NORMAL,neural,S100A1,0.336142,0.62639,0.110686,0.147644,0.46715,1
MP28_OLIGO_NORMAL,neural,CRYAB,0.336414,0.535339,0.094597,0.112825,0.384291,2
MP28_OLIGO_NORMAL,neural,APOD,0.249656,0.520203,0.091923,0.106232,0.363067,3
MP28_OLIGO_NORMAL,neural,GSN,0.431243,0.51283,0.09062,0.080415,0.295748,4
MP28_OLIGO_NORMAL,neural,ATP1B1,0.37205,0.406562,0.071842,0.052044,0.201077,5
MP28_OLIGO_NORMAL,neural,SELENOP,0.378553,0.537925,0.095054,0.048322,0.225457,6
MP28_OLIGO_NORMAL,neural,ELOVL1,0.296784,0.272758,0.048198,0.044232,0.186498,7
MP28_OLIGO_NORMAL,neural,KLK6,0.113656,0.142762,0.025227,0.041689,0.237259,8
MP28_OLIGO_NORMAL,neural,RNASE1,0.11551,0.157522,0.027835,0.036445,0.276254,9
MP28_OLIGO_NORMAL,neural,TF,0.099342,0.101551,0.017945,0.032546,0.237625,10
MP28_OLIGO_NORMAL,neural,SCD,0.121958,0.106574,0.018832,0.024916,0.178514,11
MP28_OLIGO_NORMAL,neural,PLEKHB1,0.118087,0.091309,0.016135,0.023184,0.220241,12
MP28_OLIGO_NORMAL,neural,SLC44A1,0.231756,0.189447,0.033476,0.021246,0.141047,13
MP28_OLIGO_NORMAL,neural,CA2,0.136041,0.125945,0.022255,0.02034,0.152432,14
MP28_OLIGO_NORMAL,neural,PPP1R14A,0.09656,0.095987,0.016961,0.019198,0.200179,15
MP28_OLIGO_NORMAL,neural,LHPP,0.165774,0.122168,0.021588,0.019179,0.142826,16
MP28_OLIGO_NORMAL,neural,SIRT2,0.150287,0.109751,0.019394,0.017107,0.146329,17
MP28_OLIGO_NORMAL,neural,CNP,0.146074,0.101626,0.017958,0.01654,0.141879,18
MP28_OLIGO_NORMAL,neural,LARP6,0.104999,0.071121,0.012568,0.015118,0.156406,19
MP28_OLIGO_NORMAL,neural,QDPR,0.147601,0.108647,0.019199,0.012119,0.107784,20
MP28_OLIGO_NORMAL,neural,MBP,0.111734,0.076736,0.01356,0.009853,0.07733,21
MP28_OLIGO_NORMAL,neural,CLDND1,0.148188,0.103796,0.018341,0.009759,0.081356,22
MP28_OLIGO_NORMAL,neural,BIN1,0.082655,0.053176,0.009396,0.009135,0.099521,23
MP28_OLIGO_NORMAL,neural,APLP1,0.039453,0.023314,0.00412,0.008225,0.161456,24
MP28_OLIGO_NORMAL,neural,HSPA2,0.101114,0.07677,0.013566,0.00819,0.087513,25
MP28_OLIGO_NORMAL,neural,SLC48A1,0.081633,0.054279,0.009591,0.008106,0.103158,26
MP28_OLIGO_NORMAL,neural,PACS2,0.083528,0.049836,0.008806,0.007774,0.099373,27
MP28_OLIGO_NORMAL,neural,FAM107B,0.09367,0.066572,0.011764,0.007427,0.070344,28
MP28_OLIGO_NORMAL,neural,ANLN,0.057748,0.043827,0.007745,0.00672,0.065481,29
MP28_OLIGO_NORMAL,neural,UGT8,0.036004,0.022695,0.00401,0.00512,0.104973,30
MP28_OLIGO_NORMAL,neural,ABCA2,0.043038,0.022781,0.004025,0.004148,0.095017,31
MP28_OLIGO_NORMAL,neural,PLP1,0.012856,0.00951,0.00168,0.004076,0.105379,32
MP28_OLIGO_NORMAL,neural,TUBB4A,0.019208,0.010917,0.001929,0.003766,0.112055,33
MP28_OLIGO_NORMAL,neural,PLLP,0.043584,0.02795,0.004939,0.003418,0.061447,34
MP28_OLIGO_NORMAL,neural,PTGDS,0.016209,0.011757,0.002077,0.003226,0.102152,35
MP28_OLIGO_NORMAL,neural,TMEM144,0.038581,0.025845,0.004567,0.002254,0.040893,36
MP28_OLIGO_NORMAL,neural,SLAIN1,0.017436,0.008189,0.001447,0.002028,0.07949,37
MP28_OLIGO_NORMAL,neural,CLDN11,0.013946,0.009119,0.001611,0.001721,0.063778,38
MP28_OLIGO_NORMAL,neural,CMTM5,0.008766,0.005488,0.00097,0.001611,0.0842,39
MP28_OLIGO_NORMAL,neural,MAL,0.005194,0.002906,0.000514,0.000797,0.054635,40
MP28_OLIGO_NORMAL,neural,ANKS1B,0.021472,0.013056,0.002307,0.00074,0.020647,41
MP28_OLIGO_NORMAL,neural,ERMN,0.002686,0.00123,0.000217,0.00034,0.042023,42
MP28_OLIGO_NORMAL,neural,MAG,0.002877,0.002126,0.000376,9.2e-05,0.006025,43
MP28_OLIGO_NORMAL,neural,HAPLN2,0.001254,0.000423,7.5e-05,5.8e-05,0.003546,44
MP28_OLIGO_NORMAL,neural,SPOCK3,0.000245,0.000128,2.3e-05,4.5e-05,0.014476,45
MP28_OLIGO_NORMAL,neural,STMN4,0.000395,0.000191,3.4e-05,1.6e-05,0.010357,46
MP28_OLIGO_NORMAL,neural,MOBP,0.000177,0.000111,2e-05,1.4e-05,0.002583,47
MP29_NPC_OPC,neural,BTG1,0.537142,0.786126,0.146487,0.136832,0.44934,1
MP29_NPC_OPC,neural,BTG2,0.355746,0.543785,0.101329,0.127288,0.547356,2
MP29_NPC_OPC,neural,SOX4,0.494281,0.70777,0.131886,0.115021,0.432747,3
MP29_NPC_OPC,neural,PNRC1,0.508296,0.664268,0.12378,0.108805,0.422601,4
MP29_NPC_OPC,neural,GOLGB1,0.292653,0.25749,0.047981,0.049073,0.292236,5
MP29_NPC_OPC,neural,TXNIP,0.212548,0.20564,0.038319,0.036577,0.275537,6
MP29_NPC_OPC,neural,KDM5B,0.219936,0.172334,0.032113,0.0326,0.257985,7
MP29_NPC_OPC,neural,UBE2H,0.219228,0.162713,0.03032,0.030804,0.21127,8
MP29_NPC_OPC,neural,KCNQ1OT1,0.15075,0.123149,0.022947,0.028226,0.20665,9
MP29_NPC_OPC,neural,KLHL24,0.15848,0.12169,0.022676,0.024587,0.26761,10
MP29_NPC_OPC,neural,BAZ2B,0.132592,0.097613,0.018189,0.023772,0.262987,11
MP29_NPC_OPC,neural,ZMYM2,0.142653,0.106845,0.019909,0.023404,0.263419,12
MP29_NPC_OPC,neural,TFDP2,0.216119,0.173391,0.03231,0.02323,0.164975,13
MP29_NPC_OPC,neural,MAP3K1,0.111038,0.081458,0.015179,0.019168,0.248987,14
MP29_NPC_OPC,neural,ZNF91,0.116682,0.082892,0.015446,0.018376,0.23584,15
MP29_NPC_OPC,neural,RAB3IP,0.140103,0.09749,0.018166,0.015701,0.16412,16
MP29_NPC_OPC,neural,MXD4,0.123022,0.079069,0.014734,0.015191,0.153726,17
MP29_NPC_OPC,neural,ARHGEF7,0.101073,0.067497,0.012577,0.013849,0.157325,18
MP29_NPC_OPC,neural,CHD7,0.109198,0.07118,0.013264,0.013283,0.140876,19
MP29_NPC_OPC,neural,TRIO,0.089212,0.057291,0.010676,0.013194,0.191094,20
MP29_NPC_OPC,neural,REV3L,0.100309,0.064371,0.011995,0.012303,0.147976,21
MP29_NPC_OPC,neural,LDLRAD3,0.096656,0.063621,0.011855,0.011242,0.148205,22
MP29_NPC_OPC,neural,SESN3,0.1002,0.07536,0.014043,0.01121,0.135832,23
MP29_NPC_OPC,neural,MTSS1,0.084386,0.057064,0.010633,0.011028,0.154085,24
MP29_NPC_OPC,neural,TANC2,0.065028,0.040448,0.007537,0.009801,0.159273,25
MP29_NPC_OPC,neural,HIP1,0.081374,0.047173,0.00879,0.009417,0.13665,26
MP29_NPC_OPC,neural,VCAN,0.046174,0.048517,0.009041,0.007139,0.104392,27
MP29_NPC_OPC,neural,GLCCI1,0.043706,0.024239,0.004517,0.006515,0.149261,28
MP29_NPC_OPC,neural,PEAK1,0.041212,0.026239,0.004889,0.005607,0.119585,29
MP29_NPC_OPC,neural,SOX6,0.045002,0.029049,0.005413,0.005348,0.072645,30
MP29_NPC_OPC,neural,MAP2,0.050605,0.034719,0.00647,0.005282,0.070998,31
MP29_NPC_OPC,neural,DSEL,0.043775,0.026993,0.00503,0.005206,0.128964,32
MP29_NPC_OPC,neural,ABAT,0.033468,0.019639,0.003659,0.005031,0.143149,33
MP29_NPC_OPC,neural,SOX11,0.033659,0.022709,0.004232,0.004849,0.099066,34
MP29_NPC_OPC,neural,KLF12,0.027334,0.017603,0.00328,0.004489,0.119873,35
MP29_NPC_OPC,neural,SPRY4,0.021962,0.012934,0.00241,0.002727,0.086766,36
MP29_NPC_OPC,neural,DLL3,0.04582,0.031814,0.005928,0.002529,0.030302,37
MP29_NPC_OPC,neural,FGFBP3,0.024512,0.014197,0.002645,0.002368,0.077122,38
MP29_NPC_OPC,neural,DOCK10,0.012378,0.008279,0.001543,0.001699,0.063154,39
MP29_NPC_OPC,neural,CADM2,0.010824,0.006944,0.001294,0.001432,0.060755,40
MP29_NPC_OPC,neural,MMP16,0.017314,0.008852,0.00165,0.001191,0.007714,41
MP29_NPC_OPC,neural,SOX5,0.008902,0.005298,0.000987,0.001173,0.039437,42
MP29_NPC_OPC,neural,DCX,0.008984,0.005437,0.001013,0.001029,0.048927,43
MP29_NPC_OPC,neural,GRIA2,0.006625,0.004016,0.000748,0.00078,0.034323,44
MP29_NPC_OPC,neural,RFTN2,0.00683,0.003666,0.000683,0.000666,0.02151,45
MP29_NPC_OPC,neural,FAM181B,0.008725,0.003816,0.000711,0.000522,0.007516,46
MP29_NPC_OPC,neural,OLIG1,0.00548,0.002634,0.000491,0.000298,0.010705,47
MP29_NPC_OPC,neural,OLIG2,0.002822,0.001026,0.000191,1e-04,-0.008612,48
MP29_NPC_OPC,neural,STMN4,0.000395,0.000191,3.6e-05,3.6e-05,0.012951,49
MP2_CELL_CYCLE_G1_S,cell_cycle,HMGB2,0.273581,0.306181,0.060317,0.054751,0.323257,1
MP2_CELL_CYCLE_G1_S,cell_cycle,TYMS,0.164383,0.169661,0.033423,0.047707,0.371979,2
MP2_CELL_CYCLE_G1_S,cell_cycle,TMEM106C,0.374122,0.404467,0.079679,0.045004,0.197094,3
MP2_CELL_CYCLE_G1_S,cell_cycle,UBE2T,0.169632,0.162246,0.031962,0.041264,0.358647,4
MP2_CELL_CYCLE_G1_S,cell_cycle,DUT,0.406309,0.440471,0.086771,0.040893,0.164054,5
MP2_CELL_CYCLE_G1_S,cell_cycle,SLBP,0.287964,0.276068,0.054384,0.03946,0.132529,6
MP2_CELL_CYCLE_G1_S,cell_cycle,MCM7,0.206917,0.182773,0.036006,0.036353,0.263194,7
MP2_CELL_CYCLE_G1_S,cell_cycle,CDK1,0.103895,0.116793,0.023008,0.035164,0.395426,8
MP2_CELL_CYCLE_G1_S,cell_cycle,TK1,0.135673,0.127007,0.02502,0.033476,0.335345,9
MP2_CELL_CYCLE_G1_S,cell_cycle,PCNA,0.213011,0.182717,0.035995,0.032873,0.194485,10
MP2_CELL_CYCLE_G1_S,cell_cycle,USP1,0.274154,0.22787,0.04489,0.028399,0.132763,11
MP2_CELL_CYCLE_G1_S,cell_cycle,DNMT1,0.218846,0.171746,0.033833,0.026857,0.162651,12
MP2_CELL_CYCLE_G1_S,cell_cycle,MAD2L1,0.112974,0.102268,0.020147,0.025867,0.342766,13
MP2_CELL_CYCLE_G1_S,cell_cycle,RNASEH2A,0.149987,0.116116,0.022874,0.023865,0.23815,14
MP2_CELL_CYCLE_G1_S,cell_cycle,GINS2,0.118645,0.093581,0.018435,0.02384,0.259814,15
MP2_CELL_CYCLE_G1_S,cell_cycle,CENPU,0.094556,0.073539,0.014487,0.022201,0.306087,16
MP2_CELL_CYCLE_G1_S,cell_cycle,RFC4,0.12583,0.095505,0.018814,0.021098,0.227762,17
MP2_CELL_CYCLE_G1_S,cell_cycle,ZWINT,0.091285,0.075384,0.01485,0.020868,0.314588,18
MP2_CELL_CYCLE_G1_S,cell_cycle,RAD51AP1,0.074844,0.060783,0.011974,0.019325,0.30389,19
MP2_CELL_CYCLE_G1_S,cell_cycle,CENPM,0.082996,0.064934,0.012792,0.018793,0.298109,20
MP2_CELL_CYCLE_G1_S,cell_cycle,ATAD2,0.106908,0.081018,0.01596,0.018418,0.237978,21
MP2_CELL_CYCLE_G1_S,cell_cycle,RRM1,0.136082,0.101768,0.020048,0.018303,0.179417,22
MP2_CELL_CYCLE_G1_S,cell_cycle,GMNN,0.186591,0.161658,0.031846,0.01803,0.151892,23
MP2_CELL_CYCLE_G1_S,cell_cycle,ASF1B,0.068423,0.052187,0.010281,0.017981,0.301459,24
MP2_CELL_CYCLE_G1_S,cell_cycle,CDCA4,0.119818,0.085199,0.016784,0.017931,0.197305,25
MP2_CELL_CYCLE_G1_S,cell_cycle,RFC2,0.135686,0.101544,0.020004,0.017641,0.178274,26
MP2_CELL_CYCLE_G1_S,cell_cycle,MCM3,0.131869,0.10069,0.019836,0.016912,0.179597,27
MP2_CELL_CYCLE_G1_S,cell_cycle,ORC6,0.079152,0.062322,0.012277,0.016799,0.296339,28
MP2_CELL_CYCLE_G1_S,cell_cycle,PKMYT1,0.063897,0.04883,0.009619,0.016515,0.309135,29
MP2_CELL_CYCLE_G1_S,cell_cycle,DHFR,0.081442,0.057283,0.011285,0.016469,0.211039,30
MP2_CELL_CYCLE_G1_S,cell_cycle,MCM5,0.093493,0.069212,0.013635,0.015819,0.180181,31
MP2_CELL_CYCLE_G1_S,cell_cycle,FEN1,0.092307,0.065499,0.012903,0.015612,0.217941,32
MP2_CELL_CYCLE_G1_S,cell_cycle,DNAJC9,0.167601,0.125351,0.024694,0.015451,0.122418,33
MP2_CELL_CYCLE_G1_S,cell_cycle,MYBL2,0.062247,0.045032,0.008871,0.01443,0.280105,34
MP2_CELL_CYCLE_G1_S,cell_cycle,CDCA5,0.052759,0.038297,0.007544,0.012459,0.285016,35
MP2_CELL_CYCLE_G1_S,cell_cycle,MCM4,0.097474,0.067405,0.013279,0.011449,0.149561,36
MP2_CELL_CYCLE_G1_S,cell_cycle,UHRF1,0.047483,0.037746,0.007436,0.010853,0.23476,37
MP2_CELL_CYCLE_G1_S,cell_cycle,CLSPN,0.043202,0.028703,0.005654,0.01067,0.253289,38
MP2_CELL_CYCLE_G1_S,cell_cycle,CDC45,0.03535,0.025989,0.00512,0.009457,0.248666,39
MP2_CELL_CYCLE_G1_S,cell_cycle,RRM2,0.034927,0.024043,0.004736,0.009006,0.243869,40
MP2_CELL_CYCLE_G1_S,cell_cycle,CENPK,0.047128,0.030358,0.00598,0.008609,0.215391,41
MP2_CELL_CYCLE_G1_S,cell_cycle,MCM6,0.053399,0.035259,0.006946,0.008461,0.15873,42
MP2_CELL_CYCLE_G1_S,cell_cycle,MCM2,0.052922,0.033948,0.006688,0.008259,0.170823,43
MP2_CELL_CYCLE_G1_S,cell_cycle,CDC6,0.037217,0.025299,0.004984,0.008159,0.217552,44
MP2_CELL_CYCLE_G1_S,cell_cycle,HELLS,0.056548,0.037066,0.007302,0.007236,0.143306,45
MP2_CELL_CYCLE_G1_S,cell_cycle,PCLAF,0.034463,0.023115,0.004554,0.006813,0.184383,46
MP2_CELL_CYCLE_G1_S,cell_cycle,E2F1,0.031042,0.017915,0.003529,0.005399,0.177083,47
MP2_CELL_CYCLE_G1_S,cell_cycle,CHAF1A,0.040148,0.022925,0.004516,0.004534,0.118114,48
MP2_CELL_CYCLE_G1_S,cell_cycle,PSMC3IP,0.0334,0.020454,0.004029,0.00427,0.12298,49
MP30_PDAC_CLASSICAL,epithelial_lineage,TFF3,0.217892,0.42954,0.098827,0.163394,0.560456,1
MP30_PDAC_CLASSICAL,epithelial_lineage,TFF1,0.126771,0.237006,0.05453,0.109563,0.463377,2
MP30_PDAC_CLASSICAL,epithelial_lineage,AGR2,0.253882,0.368942,0.084885,0.108613,0.503283,3
MP30_PDAC_CLASSICAL,epithelial_lineage,FXYD3,0.523632,0.79714,0.183404,0.100154,0.41018,4
MP30_PDAC_CLASSICAL,epithelial_lineage,AGR3,0.160716,0.229901,0.052895,0.078223,0.449856,5
MP30_PDAC_CLASSICAL,epithelial_lineage,SLC40A1,0.225594,0.281214,0.064701,0.058837,0.33414,6
MP30_PDAC_CLASSICAL,epithelial_lineage,PDZK1IP1,0.317478,0.393085,0.09044,0.056689,0.239825,7
MP30_PDAC_CLASSICAL,epithelial_lineage,CXCL17,0.174826,0.237873,0.054729,0.052317,0.246198,8
MP30_PDAC_CLASSICAL,epithelial_lineage,ISG20,0.233433,0.24972,0.057455,0.036213,0.190476,9
MP30_PDAC_CLASSICAL,epithelial_lineage,TSPAN1,0.08061,0.065549,0.015081,0.022245,0.256226,10
MP30_PDAC_CLASSICAL,epithelial_lineage,VSIG2,0.092907,0.079,0.018176,0.021929,0.282234,11
MP30_PDAC_CLASSICAL,epithelial_lineage,CA2,0.136041,0.125945,0.028977,0.018895,0.070106,12
MP30_PDAC_CLASSICAL,epithelial_lineage,TCN1,0.068259,0.090612,0.020848,0.015673,0.106505,13
MP30_PDAC_CLASSICAL,epithelial_lineage,SLC44A4,0.061579,0.047715,0.010978,0.015101,0.240064,14
MP30_PDAC_CLASSICAL,epithelial_lineage,PIGR,0.058171,0.076156,0.017522,0.013996,0.127462,15
MP30_PDAC_CLASSICAL,epithelial_lineage,PHGR1,0.035391,0.03606,0.008297,0.0133,0.213931,16
MP30_PDAC_CLASSICAL,epithelial_lineage,CEACAM1,0.098851,0.07241,0.01666,0.013193,0.146854,17
MP30_PDAC_CLASSICAL,epithelial_lineage,AKR7A3,0.050741,0.038805,0.008928,0.012224,0.201944,18
MP30_PDAC_CLASSICAL,epithelial_lineage,CEACAM6,0.033605,0.027548,0.006338,0.011101,0.185173,19
MP30_PDAC_CLASSICAL,epithelial_lineage,HPGD,0.048287,0.050077,0.011522,0.010364,0.174674,20
MP30_PDAC_CLASSICAL,epithelial_lineage,PSCA,0.042943,0.035548,0.008179,0.010314,0.153644,21
MP30_PDAC_CLASSICAL,epithelial_lineage,LYZ,0.052022,0.074145,0.017059,0.008761,0.059372,22
MP30_PDAC_CLASSICAL,epithelial_lineage,TSPAN8,0.038267,0.037179,0.008554,0.008705,0.105872,23
MP30_PDAC_CLASSICAL,epithelial_lineage,SPINK1,0.009434,0.015153,0.003486,0.006692,0.092442,24
MP30_PDAC_CLASSICAL,epithelial_lineage,CES2,0.075675,0.045338,0.010431,0.006562,0.072292,25
MP30_PDAC_CLASSICAL,epithelial_lineage,MUC5B,0.06177,0.045239,0.010408,0.005204,0.015838,26
MP30_PDAC_CLASSICAL,epithelial_lineage,FAM3D,0.05449,0.055527,0.012775,0.004936,0.060406,27
MP30_PDAC_CLASSICAL,epithelial_lineage,LINC01133,0.05374,0.044897,0.01033,0.004572,0.064401,28
MP30_PDAC_CLASSICAL,epithelial_lineage,CEACAM5,0.00972,0.008256,0.0019,0.003517,0.111774,29
MP30_PDAC_CLASSICAL,epithelial_lineage,OLFM4,0.012297,0.012156,0.002797,0.00224,0.051553,30
MP30_PDAC_CLASSICAL,epithelial_lineage,TFF2,0.006203,0.005011,0.001153,0.001718,0.067809,31
MP30_PDAC_CLASSICAL,epithelial_lineage,GPX2,0.01171,0.010814,0.002488,0.001358,0.053738,32
MP30_PDAC_CLASSICAL,epithelial_lineage,PLA2G10,0.007553,0.004355,0.001002,0.001319,0.070376,33
MP30_PDAC_CLASSICAL,epithelial_lineage,PLAC8,0.010947,0.007063,0.001625,0.000307,-0.027398,34
MP30_PDAC_CLASSICAL,epithelial_lineage,MUC13,0.00214,0.001193,0.000274,0.000274,0.024648,35
MP30_PDAC_CLASSICAL,epithelial_lineage,LGALS4,0.004785,0.002376,0.000547,0.000265,0.015302,36
MP30_PDAC_CLASSICAL,epithelial_lineage,GCNT3,0.001091,0.000595,0.000137,0.000227,0.028399,37
MP30_PDAC_CLASSICAL,epithelial_lineage,CEACAM7,0.0009,0.000568,0.000131,0.000225,0.032586,38
MP30_PDAC_CLASSICAL,epithelial_lineage,PDE4C,0.003204,0.001905,0.000438,0.000215,0.019937,39
MP30_PDAC_CLASSICAL,epithelial_lineage,VSIG1,0.000995,0.000551,0.000127,0.000135,0.006577,40
MP30_PDAC_CLASSICAL,epithelial_lineage,REG4,0.000872,0.000453,0.000104,0.000113,0.01859,41
MP30_PDAC_CLASSICAL,epithelial_lineage,MUC5AC,0.002645,0.001326,0.000305,9.3e-05,-0.009141,42
MP30_PDAC_CLASSICAL,epithelial_lineage,TM4SF4,0.001186,0.000708,0.000163,8.9e-05,0.012562,43
MP30_PDAC_CLASSICAL,epithelial_lineage,ANXA10,0.000314,0.000156,3.6e-05,5.5e-05,0.017641,44
MP30_PDAC_CLASSICAL,epithelial_lineage,CTSE,0.000723,0.000371,8.5e-05,4.9e-05,0.000586,45
MP30_PDAC_CLASSICAL,epithelial_lineage,DUOX2,0.001554,0.001032,0.000237,3.4e-05,0.004532,46
MP30_PDAC_CLASSICAL,epithelial_lineage,MUCL3,5.5e-05,2.5e-05,6e-06,2e-06,0.000937,47
MP30_PDAC_CLASSICAL,epithelial_lineage,CLDN18,5.5e-05,2.8e-05,7e-06,2e-06,0.00066,48
MP30_PDAC_CLASSICAL,epithelial_lineage,CDH17,4.1e-05,2.5e-05,6e-06,-1e-06,-0.002379,49
MP30_PDAC_CLASSICAL,epithelial_lineage,DUOXA2,0.000109,7.6e-05,1.8e-05,-8e-06,-0.00556,50
MP31_ALVEOLAR,epithelial_lineage,SLPI,0.429948,0.789589,0.139999,0.15663,0.52921,1
MP31_ALVEOLAR,epithelial_lineage,S100A9,0.25031,0.440074,0.078028,0.117741,0.430546,2
MP31_ALVEOLAR,epithelial_lineage,NPC2,0.524518,0.695908,0.123389,0.088416,0.38025,3
MP31_ALVEOLAR,epithelial_lineage,SERPINA1,0.241244,0.341967,0.060633,0.08131,0.352252,4
MP31_ALVEOLAR,epithelial_lineage,CXCL17,0.174826,0.237873,0.042177,0.081091,0.419833,5
MP31_ALVEOLAR,epithelial_lineage,FABP5,0.354491,0.591653,0.104904,0.074104,0.268023,6
MP31_ALVEOLAR,epithelial_lineage,EPHX1,0.281665,0.270289,0.047924,0.044925,0.257977,7
MP31_ALVEOLAR,epithelial_lineage,FASN,0.265647,0.284714,0.050482,0.041138,0.186288,8
MP31_ALVEOLAR,epithelial_lineage,SCGB3A1,0.126362,0.238253,0.042244,0.040237,0.198174,9
MP31_ALVEOLAR,epithelial_lineage,NNMT,0.255886,0.3125,0.055408,0.039977,0.25762,10
MP31_ALVEOLAR,epithelial_lineage,DHCR24,0.256268,0.245456,0.043521,0.039288,0.212106,11
MP31_ALVEOLAR,epithelial_lineage,C3,0.146647,0.153915,0.02729,0.037725,0.323694,12
MP31_ALVEOLAR,epithelial_lineage,SCD,0.121958,0.106574,0.018896,0.027636,0.184005,13
MP31_ALVEOLAR,epithelial_lineage,PIGR,0.058171,0.076156,0.013503,0.026714,0.220239,14
MP31_ALVEOLAR,epithelial_lineage,RNASE1,0.11551,0.157522,0.02793,0.018588,0.199192,15
MP31_ALVEOLAR,epithelial_lineage,MID1IP1,0.147574,0.106234,0.018836,0.013472,0.137624,16
MP31_ALVEOLAR,epithelial_lineage,ALOX15B,0.02019,0.024155,0.004283,0.011326,0.10329,17
MP31_ALVEOLAR,epithelial_lineage,MFSD2A,0.067223,0.043048,0.007633,0.007446,0.103768,18
MP31_ALVEOLAR,epithelial_lineage,LAMP3,0.040898,0.030657,0.005436,0.007198,0.145939,19
MP31_ALVEOLAR,epithelial_lineage,SUSD2,0.058498,0.042244,0.00749,0.005712,0.08668,20
MP31_ALVEOLAR,epithelial_lineage,LPCAT1,0.077134,0.045751,0.008112,0.005007,0.063133,21
MP31_ALVEOLAR,epithelial_lineage,SDR16C5,0.026706,0.018583,0.003295,0.005,0.08859,22
MP31_ALVEOLAR,epithelial_lineage,AK1,0.063447,0.036342,0.006444,0.004301,0.06351,23
MP31_ALVEOLAR,epithelial_lineage,HOPX,0.027961,0.024092,0.004272,0.003723,0.074016,24
MP31_ALVEOLAR,epithelial_lineage,AQP1,0.052309,0.050627,0.008976,0.003589,0.034916,25
MP31_ALVEOLAR,epithelial_lineage,ABCA3,0.041321,0.022858,0.004053,0.00356,0.071219,26
MP31_ALVEOLAR,epithelial_lineage,ALPL,0.046297,0.037594,0.006666,0.003003,0.048247,27
MP31_ALVEOLAR,epithelial_lineage,HSD17B6,0.01336,0.008548,0.001516,0.001738,0.060348,28
MP31_ALVEOLAR,epithelial_lineage,PEBP4,0.007934,0.00544,0.000965,0.001358,0.071452,29
MP31_ALVEOLAR,epithelial_lineage,C4BPA,0.00773,0.005144,0.000912,0.001288,0.078492,30
MP31_ALVEOLAR,epithelial_lineage,TFPI,0.063256,0.055054,0.009761,0.001271,0.021135,31
MP31_ALVEOLAR,epithelial_lineage,SFTPD,0.011533,0.006967,0.001235,0.00104,0.055004,32
MP31_ALVEOLAR,epithelial_lineage,DUOX1,0.009093,0.005866,0.00104,0.000894,0.047852,33
MP31_ALVEOLAR,epithelial_lineage,SFTA1P,0.003681,0.002355,0.000418,0.000523,0.041683,34
MP31_ALVEOLAR,epithelial_lineage,C16orf89,0.059166,0.050828,0.009012,0.000506,8.1e-05,35
MP31_ALVEOLAR,epithelial_lineage,PGC,0.001363,0.001174,0.000208,0.000462,0.038488,36
MP31_ALVEOLAR,epithelial_lineage,SFTA2,0.009434,0.006832,0.001211,0.000421,0.018676,37
MP31_ALVEOLAR,epithelial_lineage,CACNA2D2,0.009829,0.004827,0.000856,0.000389,0.01226,38
MP31_ALVEOLAR,epithelial_lineage,SPINK5,0.00289,0.002362,0.000419,0.000305,0.024493,39
MP31_ALVEOLAR,epithelial_lineage,SLC22A31,0.005549,0.002722,0.000483,0.000299,0.020631,40
MP31_ALVEOLAR,epithelial_lineage,DMBT1,0.002413,0.001496,0.000265,0.000237,0.02053,41
MP31_ALVEOLAR,epithelial_lineage,LRRK2,0.008289,0.005762,0.001022,0.000227,-0.00512,42
MP31_ALVEOLAR,epithelial_lineage,SFTPA2,0.002331,0.001075,0.000191,0.000116,0.01361,43
MP31_ALVEOLAR,epithelial_lineage,NAPSA,0.002604,0.001525,0.00027,0.000112,0.005206,44
MP31_ALVEOLAR,epithelial_lineage,SFTPC,0.000545,0.000309,5.5e-05,5.4e-05,0.014646,45
MP31_ALVEOLAR,epithelial_lineage,SFTA3,8.2e-05,2.3e-05,4e-06,6e-06,0.003524,46
MP31_ALVEOLAR,epithelial_lineage,SFTPB,9.5e-05,3.5e-05,6e-06,-6e-06,-0.011988,47
MP31_ALVEOLAR,epithelial_lineage,SCGB3A2,0.001459,0.001161,0.000206,-4.1e-05,-0.01108,48
MP31_ALVEOLAR,epithelial_lineage,PTPN13,0.070645,0.045812,0.008123,-5.5e-05,-0.021954,49
MP32_SKIN_PIGMENTATION,other_lineage,LGALS3,0.572451,0.972477,0.171929,0.120094,0.32887,1
MP32_SKIN_PIGMENTATION,other_lineage,APOE,0.253432,0.402402,0.071142,0.107449,0.420808,2
MP32_SKIN_PIGMENTATION,other_lineage,FXYD3,0.523632,0.79714,0.14093,0.089644,0.33416,3
MP32_SKIN_PIGMENTATION,other_lineage,S100B,0.167682,0.260207,0.046003,0.082148,0.348849,4
MP32_SKIN_PIGMENTATION,other_lineage,ASAH1,0.400992,0.423675,0.074903,0.054915,0.248872,5
MP32_SKIN_PIGMENTATION,other_lineage,ISG20,0.233433,0.24972,0.044149,0.04295,0.177364,6
MP32_SKIN_PIGMENTATION,other_lineage,GPNMB,0.1172,0.123082,0.02176,0.040814,0.297939,7
MP32_SKIN_PIGMENTATION,other_lineage,GYPC,0.144248,0.14479,0.025598,0.025032,0.166261,8
MP32_SKIN_PIGMENTATION,other_lineage,TIMP2,0.105953,0.083956,0.014843,0.024272,0.211814,9
MP32_SKIN_PIGMENTATION,other_lineage,TBC1D7,0.183183,0.14141,0.025001,0.0241,0.153294,10
MP32_SKIN_PIGMENTATION,other_lineage,GDF15,0.104631,0.134293,0.023742,0.023465,0.166421,11
MP32_SKIN_PIGMENTATION,other_lineage,QPCT,0.091925,0.087079,0.015395,0.022277,0.203991,12
MP32_SKIN_PIGMENTATION,other_lineage,WIPI1,0.159366,0.120526,0.021308,0.022112,0.184742,13
MP32_SKIN_PIGMENTATION,other_lineage,SNX10,0.153041,0.11782,0.02083,0.021434,0.134143,14
MP32_SKIN_PIGMENTATION,other_lineage,TNFRSF14,0.179993,0.140824,0.024897,0.021127,0.155279,15
MP32_SKIN_PIGMENTATION,other_lineage,PIR,0.127329,0.099024,0.017507,0.019996,0.118957,16
MP32_SKIN_PIGMENTATION,other_lineage,SPON2,0.074339,0.069158,0.012227,0.01683,0.174515,17
MP32_SKIN_PIGMENTATION,other_lineage,SNCA,0.051463,0.047928,0.008473,0.016287,0.190143,18
MP32_SKIN_PIGMENTATION,other_lineage,TRIM2,0.114801,0.085519,0.015119,0.01594,0.179125,19
MP32_SKIN_PIGMENTATION,other_lineage,ZNF106,0.161916,0.113415,0.020051,0.015038,0.119865,20
MP32_SKIN_PIGMENTATION,other_lineage,SH3BP5,0.13904,0.10808,0.019108,0.014786,0.112869,21
MP32_SKIN_PIGMENTATION,other_lineage,QDPR,0.147601,0.108647,0.019208,0.013514,0.131744,22
MP32_SKIN_PIGMENTATION,other_lineage,BCL2A1,0.043897,0.042152,0.007452,0.013321,0.163438,23
MP32_SKIN_PIGMENTATION,other_lineage,LYST,0.10354,0.070924,0.012539,0.013209,0.150328,24
MP32_SKIN_PIGMENTATION,other_lineage,MBP,0.111734,0.076736,0.013567,0.012776,0.100043,25
MP32_SKIN_PIGMENTATION,other_lineage,TBC1D16,0.121726,0.080883,0.0143,0.012663,0.125398,26
MP32_SKIN_PIGMENTATION,other_lineage,CHCHD6,0.1199,0.081243,0.014363,0.011708,0.125775,27
MP32_SKIN_PIGMENTATION,other_lineage,GPR137B,0.080188,0.054581,0.00965,0.010934,0.144624,28
MP32_SKIN_PIGMENTATION,other_lineage,RRAGD,0.057557,0.035298,0.006241,0.010764,0.167238,29
MP32_SKIN_PIGMENTATION,other_lineage,MXI1,0.112593,0.076706,0.013561,0.010531,0.109392,30
MP32_SKIN_PIGMENTATION,other_lineage,AVPI1,0.081428,0.050724,0.008968,0.009435,0.131156,31
MP32_SKIN_PIGMENTATION,other_lineage,NBL1,0.080228,0.057796,0.010218,0.008994,0.090727,32
MP32_SKIN_PIGMENTATION,other_lineage,MITF,0.04297,0.026655,0.004712,0.00862,0.159906,33
MP32_SKIN_PIGMENTATION,other_lineage,DAB2,0.050823,0.038844,0.006867,0.008223,0.139629,34
MP32_SKIN_PIGMENTATION,other_lineage,PHACTR1,0.024593,0.019416,0.003433,0.006471,0.119835,35
MP32_SKIN_PIGMENTATION,other_lineage,PLP1,0.012856,0.00951,0.001681,0.004517,0.098123,36
MP32_SKIN_PIGMENTATION,other_lineage,RAB38,0.053208,0.03725,0.006586,0.004117,0.070152,37
MP32_SKIN_PIGMENTATION,other_lineage,NSG1,0.019549,0.014244,0.002518,0.004116,0.122095,38
MP32_SKIN_PIGMENTATION,other_lineage,LINC00518,0.011302,0.00815,0.001441,0.00367,0.116969,39
MP32_SKIN_PIGMENTATION,other_lineage,GPR143,0.031137,0.018252,0.003227,0.003384,0.058966,40
MP32_SKIN_PIGMENTATION,other_lineage,GJB1,0.019304,0.011954,0.002113,0.002848,0.088184,41
MP32_SKIN_PIGMENTATION,other_lineage,CAPN3,0.006585,0.003823,0.000676,0.002049,0.09607,42
MP32_SKIN_PIGMENTATION,other_lineage,DCT,0.004213,0.002389,0.000422,0.001467,0.071503,43
MP32_SKIN_PIGMENTATION,other_lineage,MLANA,0.001472,0.001007,0.000178,0.001034,0.051615,44
MP32_SKIN_PIGMENTATION,other_lineage,PMEL,0.00743,0.004354,0.00077,0.000483,0.021934,45
MP32_SKIN_PIGMENTATION,other_lineage,TYRP1,0.001977,0.001004,0.000177,0.000218,0.024037,46
MP32_SKIN_PIGMENTATION,other_lineage,BIRC7,0.000464,0.000332,5.9e-05,0.000108,0.01775,47
MP32_SKIN_PIGMENTATION,other_lineage,TRPM1,0.000286,0.00019,3.4e-05,8.9e-05,0.014044,48
MP32_SKIN_PIGMENTATION,other_lineage,SLC45A2,0.001213,0.000685,0.000121,2.5e-05,0.003386,49
MP33_RBCS,other_lineage,S100A6,0.77731,2.120982,0.191823,0.136789,0.418807,1
MP33_RBCS,other_lineage,HBB,0.202664,0.577702,0.052248,0.135348,0.234755,2
MP33_RBCS,other_lineage,LMNA,0.60502,0.949374,0.085862,0.055349,0.287384,3
MP33_RBCS,other_lineage,HBA2,0.048137,0.109751,0.009926,0.051503,0.274646,4
MP33_RBCS,other_lineage,APOE,0.253432,0.402402,0.036393,0.051146,0.33093,5
MP33_RBCS,other_lineage,SLC25A37,0.241967,0.243857,0.022055,0.048084,0.311731,6
MP33_RBCS,other_lineage,PRDX2,0.61538,0.926212,0.083767,0.046206,0.270584,7
MP33_RBCS,other_lineage,EPCAM,0.491609,0.629203,0.056906,0.045456,0.299799,8
MP33_RBCS,other_lineage,MPC2,0.512781,0.657119,0.05943,0.044306,0.271257,9
MP33_RBCS,other_lineage,TMEM14C,0.548935,0.698712,0.063192,0.043473,0.292181,10
MP33_RBCS,other_lineage,HBA1,0.032405,0.071058,0.006427,0.03853,0.247706,11
MP33_RBCS,other_lineage,BLVRB,0.415348,0.495794,0.04484,0.036356,0.262083,12
MP33_RBCS,other_lineage,REXO2,0.362685,0.360711,0.032623,0.030982,0.289332,13
MP33_RBCS,other_lineage,MYC,0.301569,0.342121,0.030942,0.023565,0.230837,14
MP33_RBCS,other_lineage,FBXO7,0.247202,0.20016,0.018103,0.023159,0.212138,15
MP33_RBCS,other_lineage,CAST,0.335106,0.318931,0.028844,0.020804,0.213216,16
MP33_RBCS,other_lineage,FCGRT,0.286273,0.281843,0.02549,0.017811,0.197037,17
MP33_RBCS,other_lineage,SYNGR1,0.171186,0.144033,0.013026,0.015883,0.223066,18
MP33_RBCS,other_lineage,PLIN2,0.17135,0.144457,0.013065,0.0152,0.228718,19
MP33_RBCS,other_lineage,HAGH,0.205663,0.156681,0.01417,0.014104,0.184847,20
MP33_RBCS,other_lineage,APOC1,0.099123,0.110488,0.009993,0.013881,0.232368,21
MP33_RBCS,other_lineage,UROD,0.233106,0.182137,0.016473,0.013517,0.196675,22
MP33_RBCS,other_lineage,CA2,0.136041,0.125945,0.011391,0.01018,0.181712,23
MP33_RBCS,other_lineage,UBAC1,0.1372,0.090354,0.008172,0.009755,0.191491,24
MP33_RBCS,other_lineage,STRADB,0.130424,0.09836,0.008896,0.009005,0.103586,25
MP33_RBCS,other_lineage,NFIA,0.236296,0.20477,0.01852,0.006738,0.099787,26
MP33_RBCS,other_lineage,HMBS,0.112156,0.073592,0.006656,0.006167,0.145342,27
MP33_RBCS,other_lineage,TFRC,0.131801,0.092462,0.008362,0.005935,0.121995,28
MP33_RBCS,other_lineage,CASP3,0.097597,0.065757,0.005947,0.004477,0.117648,29
MP33_RBCS,other_lineage,FECH,0.067986,0.044816,0.004053,0.003712,0.091035,30
MP33_RBCS,other_lineage,CD36,0.038731,0.049073,0.004438,0.00361,0.069686,31
MP33_RBCS,other_lineage,HES6,0.050918,0.030456,0.002754,0.003145,0.125025,32
MP33_RBCS,other_lineage,HBD,0.001759,0.003428,0.00031,0.002931,0.06775,33
MP33_RBCS,other_lineage,AHSP,0.001636,0.00309,0.000279,0.002407,0.063294,34
MP33_RBCS,other_lineage,HBQ1,0.004512,0.00545,0.000493,0.002368,0.061449,35
MP33_RBCS,other_lineage,CA1,0.001132,0.002133,0.000193,0.001826,0.049003,36
MP33_RBCS,other_lineage,SMIM10,0.026938,0.014327,0.001296,0.001405,0.093393,37
MP33_RBCS,other_lineage,CNRIP1,0.009134,0.007462,0.000675,0.001171,0.084878,38
MP33_RBCS,other_lineage,KCNH2,0.011247,0.005568,0.000504,0.000962,0.092775,39
MP33_RBCS,other_lineage,FAM178B,0.011615,0.007594,0.000687,0.000948,0.058296,40
MP33_RBCS,other_lineage,HBG1,0.000518,0.000958,8.7e-05,0.000416,0.017289,41
MP33_RBCS,other_lineage,ANK1,0.002454,0.001469,0.000133,0.000407,0.022842,42
MP33_RBCS,other_lineage,GYPB,0.000273,0.000323,2.9e-05,0.000259,0.01812,43
MP33_RBCS,other_lineage,CSF2RB,0.003354,0.002631,0.000238,0.000227,0.025818,44
MP33_RBCS,other_lineage,KLF1,0.001527,0.00107,9.7e-05,0.000207,0.014357,45
MP33_RBCS,other_lineage,TFR2,0.003654,0.001688,0.000153,0.000168,0.028332,46
MP33_RBCS,other_lineage,GATA1,6.8e-05,0.000138,1.2e-05,9.6e-05,0.009819,47
MP33_RBCS,other_lineage,HBG2,0.000245,0.000247,2.2e-05,1.8e-05,0.007079,48
MP33_RBCS,other_lineage,RHAG,0.000136,8.5e-05,8e-06,9e-06,0.00277,49
MP34_PLATELET_ACTIVATION,other_lineage,LGALS1,0.552874,1.147175,0.087156,0.109215,0.422488,1
MP34_PLATELET_ACTIVATION,other_lineage,CD9,0.661036,1.168873,0.088804,0.095373,0.430443,2
MP34_PLATELET_ACTIVATION,other_lineage,PKM,0.630485,0.996805,0.075731,0.079666,0.417144,3
MP34_PLATELET_ACTIVATION,other_lineage,TPM1,0.621515,1.046347,0.079495,0.077575,0.402346,4
MP34_PLATELET_ACTIVATION,other_lineage,TMSB4X,0.841547,2.059284,0.156452,0.073006,0.296775,5
MP34_PLATELET_ACTIVATION,other_lineage,CLU,0.553297,1.001873,0.076117,0.070051,0.343003,6
MP34_PLATELET_ACTIVATION,other_lineage,TPM4,0.556269,0.779816,0.059246,0.065582,0.392193,7
MP34_PLATELET_ACTIVATION,other_lineage,DAD1,0.604093,0.860042,0.065341,0.061762,0.343742,8
MP34_PLATELET_ACTIVATION,other_lineage,GSN,0.431243,0.51283,0.038962,0.060966,0.450637,9
MP34_PLATELET_ACTIVATION,other_lineage,ACTN1,0.351369,0.359367,0.027303,0.043457,0.383058,10
MP34_PLATELET_ACTIVATION,other_lineage,PDLIM1,0.349733,0.383276,0.029119,0.030947,0.299612,11
MP34_PLATELET_ACTIVATION,other_lineage,RAP1B,0.351669,0.331471,0.025183,0.026719,0.283322,12
MP34_PLATELET_ACTIVATION,other_lineage,STOM,0.307295,0.329642,0.025044,0.023281,0.252596,13
MP34_PLATELET_ACTIVATION,other_lineage,LIMS1,0.217564,0.166303,0.012635,0.019846,0.275661,14
MP34_PLATELET_ACTIVATION,other_lineage,VASP,0.189645,0.13847,0.01052,0.016895,0.261617,15
MP34_PLATELET_ACTIVATION,other_lineage,MAX,0.262743,0.214174,0.016272,0.015676,0.201629,16
MP34_PLATELET_ACTIVATION,other_lineage,CCND3,0.210871,0.166378,0.01264,0.014963,0.221725,17
MP34_PLATELET_ACTIVATION,other_lineage,CKB,0.161493,0.183618,0.01395,0.014913,0.161709,18
MP34_PLATELET_ACTIVATION,other_lineage,SLC44A1,0.231756,0.189447,0.014393,0.014251,0.230744,19
MP34_PLATELET_ACTIVATION,other_lineage,FYB1,0.05888,0.052332,0.003976,0.012425,0.258864,20
MP34_PLATELET_ACTIVATION,other_lineage,VCL,0.164588,0.125933,0.009568,0.010536,0.195406,21
MP34_PLATELET_ACTIVATION,other_lineage,PPIF,0.211839,0.17405,0.013223,0.010259,0.173612,22
MP34_PLATELET_ACTIVATION,other_lineage,MGLL,0.138195,0.118058,0.008969,0.009798,0.173558,23
MP34_PLATELET_ACTIVATION,other_lineage,RAB27B,0.154622,0.133132,0.010115,0.008944,0.165426,24
MP34_PLATELET_ACTIVATION,other_lineage,PBX1,0.202991,0.163429,0.012416,0.005468,0.105874,25
MP34_PLATELET_ACTIVATION,other_lineage,PIM1,0.058948,0.047023,0.003573,0.004823,0.150514,26
MP34_PLATELET_ACTIVATION,other_lineage,PRKAR2B,0.083391,0.051497,0.003912,0.003847,0.113034,27
MP34_PLATELET_ACTIVATION,other_lineage,GUCY1B1,0.0492,0.034452,0.002617,0.003764,0.135141,28
MP34_PLATELET_ACTIVATION,other_lineage,TGFB1,0.041757,0.02993,0.002274,0.003039,0.105992,29
MP34_PLATELET_ACTIVATION,other_lineage,FCER1G,0.033209,0.039108,0.002971,0.003036,0.09048,30
MP34_PLATELET_ACTIVATION,other_lineage,PLEK,0.010456,0.010959,0.000833,0.0019,0.075564,31
MP34_PLATELET_ACTIVATION,other_lineage,C2orf88,0.03794,0.026124,0.001985,0.001627,0.080593,32
MP34_PLATELET_ACTIVATION,other_lineage,BIN2,0.010334,0.009215,0.0007,0.001449,0.05498,33
MP34_PLATELET_ACTIVATION,other_lineage,FLI1,0.008861,0.007915,0.000601,0.00116,0.067148,34
MP34_PLATELET_ACTIVATION,other_lineage,FERMT3,0.016373,0.010479,0.000796,0.000823,0.048686,35
MP34_PLATELET_ACTIVATION,other_lineage,LAT,0.012924,0.009836,0.000747,0.000721,0.046232,36
MP34_PLATELET_ACTIVATION,other_lineage,CAVIN2,0.007553,0.005784,0.000439,0.000653,0.061447,37
MP34_PLATELET_ACTIVATION,other_lineage,GATA2,0.016523,0.008895,0.000676,0.000444,0.039698,38
MP34_PLATELET_ACTIVATION,other_lineage,CMTM5,0.008766,0.005488,0.000417,0.000418,0.049945,39
MP34_PLATELET_ACTIVATION,other_lineage,NRGN,0.008616,0.004493,0.000341,0.00028,0.032377,40
MP34_PLATELET_ACTIVATION,other_lineage,CD36,0.038731,0.049073,0.003728,0.000242,0.007697,41
MP34_PLATELET_ACTIVATION,other_lineage,MMRN1,0.001895,0.002358,0.000179,0.000197,0.030036,42
MP34_PLATELET_ACTIVATION,other_lineage,MPIG6B,0.001336,0.000659,5e-05,5.1e-05,0.013919,43
MP34_PLATELET_ACTIVATION,other_lineage,FCER1A,0.000927,0.000728,5.5e-05,5e-05,0.019257,44
MP34_PLATELET_ACTIVATION,other_lineage,ITGA2B,0.003749,0.002057,0.000156,4.1e-05,0.016774,45
MP34_PLATELET_ACTIVATION,other_lineage,RGS18,0.000682,0.000417,3.2e-05,1.9e-05,0.012016,46
MP34_PLATELET_ACTIVATION,other_lineage,PF4,0.000382,0.000228,1.7e-05,1.1e-05,0.002811,47
MP34_PLATELET_ACTIVATION,other_lineage,GP9,9.5e-05,8.9e-05,7e-06,-1.4e-05,-0.002734,48
MP34_PLATELET_ACTIVATION,other_lineage,HBD,0.001759,0.003428,0.00026,-0.000157,0.00618,49
MP35_HEMATO_RELATED_1,other_lineage,CD74,0.616212,1.506172,0.13457,0.181574,0.606127,1
MP35_HEMATO_RELATED_1,other_lineage,BST2,0.499216,0.871148,0.077833,0.102457,0.499429,2
MP35_HEMATO_RELATED_1,other_lineage,FOS,0.756193,1.968031,0.175835,0.099624,0.403593,3
MP35_HEMATO_RELATED_1,other_lineage,MGST1,0.636484,1.09266,0.097624,0.084342,0.406011,4
MP35_HEMATO_RELATED_1,other_lineage,HLA-DQB1,0.192548,0.317613,0.028377,0.083026,0.493225,5
MP35_HEMATO_RELATED_1,other_lineage,MDK,0.677259,1.324748,0.11836,0.074583,0.329473,6
MP35_HEMATO_RELATED_1,other_lineage,KLF6,0.528063,0.841265,0.075163,0.066019,0.377413,7
MP35_HEMATO_RELATED_1,other_lineage,ZFP36L2,0.500961,0.732796,0.065472,0.065768,0.392906,8
MP35_HEMATO_RELATED_1,other_lineage,CD44,0.379916,0.447569,0.039988,0.05614,0.38635,9
MP35_HEMATO_RELATED_1,other_lineage,SERPINB1,0.283819,0.283539,0.025333,0.039191,0.344257,10
MP35_HEMATO_RELATED_1,other_lineage,NPDC1,0.282129,0.276252,0.024682,0.020527,0.238708,11
MP35_HEMATO_RELATED_1,other_lineage,GLIPR1,0.119177,0.106449,0.009511,0.01215,0.209637,12
MP35_HEMATO_RELATED_1,other_lineage,TNFSF13B,0.068982,0.06232,0.005568,0.011683,0.22617,13
MP35_HEMATO_RELATED_1,other_lineage,TSC22D3,0.220714,0.213251,0.019053,0.010955,0.122852,14
MP35_HEMATO_RELATED_1,other_lineage,SRGN,0.046283,0.057974,0.00518,0.010469,0.155636,15
MP35_HEMATO_RELATED_1,other_lineage,CFD,0.099655,0.13473,0.012037,0.0102,0.164354,16
MP35_HEMATO_RELATED_1,other_lineage,ITM2C,0.195602,0.174131,0.015558,0.008928,0.102679,17
MP35_HEMATO_RELATED_1,other_lineage,RAB32,0.137731,0.103998,0.009292,0.007522,0.141451,18
MP35_HEMATO_RELATED_1,other_lineage,LYZ,0.052022,0.074145,0.006624,0.00669,0.083586,19
MP35_HEMATO_RELATED_1,other_lineage,MBOAT7,0.149564,0.098723,0.00882,0.006365,0.111383,20
MP35_HEMATO_RELATED_1,other_lineage,ICAM3,0.11671,0.081088,0.007245,0.005845,0.091608,21
MP35_HEMATO_RELATED_1,other_lineage,CD52,0.015228,0.018858,0.001685,0.005587,0.123987,22
MP35_HEMATO_RELATED_1,other_lineage,ANKRD28,0.099451,0.069239,0.006186,0.005312,0.135722,23
MP35_HEMATO_RELATED_1,other_lineage,CST7,0.01351,0.016253,0.001452,0.005023,0.11456,24
MP35_HEMATO_RELATED_1,other_lineage,VAMP5,0.065382,0.062102,0.005548,0.003978,0.097315,25
MP35_HEMATO_RELATED_1,other_lineage,PTPRCAP,0.006748,0.008162,0.000729,0.003459,0.105779,26
MP35_HEMATO_RELATED_1,other_lineage,HOPX,0.027961,0.024092,0.002152,0.00222,0.06342,27
MP35_HEMATO_RELATED_1,other_lineage,SELL,0.007839,0.006695,0.000598,0.002099,0.088056,28
MP35_HEMATO_RELATED_1,other_lineage,PLAC8,0.010947,0.007063,0.000631,0.001557,0.074058,29
MP35_HEMATO_RELATED_1,other_lineage,CSF3R,0.038717,0.030472,0.002723,0.001493,0.073426,30
MP35_HEMATO_RELATED_1,other_lineage,CLEC11A,0.150123,0.126589,0.01131,0.001443,0.018926,31
MP35_HEMATO_RELATED_1,other_lineage,CD34,0.008807,0.011745,0.001049,0.000909,0.056126,32
MP35_HEMATO_RELATED_1,other_lineage,C1QTNF4,0.013496,0.008753,0.000782,0.000703,0.056619,33
MP35_HEMATO_RELATED_1,other_lineage,ARMH1,0.01017,0.00598,0.000534,0.000652,0.047186,34
MP35_HEMATO_RELATED_1,other_lineage,CPA3,0.001868,0.00249,0.000223,0.000329,0.038205,35
MP35_HEMATO_RELATED_1,other_lineage,FAM30A,0.001145,0.000723,6.5e-05,0.000325,0.049868,36
MP35_HEMATO_RELATED_1,other_lineage,AZU1,0.010511,0.006309,0.000564,0.00032,0.034664,37
MP35_HEMATO_RELATED_1,other_lineage,SPINK2,0.005767,0.002781,0.000248,0.000172,-0.0071,38
MP35_HEMATO_RELATED_1,other_lineage,CTSG,0.000654,0.00073,6.5e-05,9.7e-05,0.021207,39
MP35_HEMATO_RELATED_1,other_lineage,RNASE2,0.0006,0.000529,4.7e-05,8.2e-05,0.018317,40
MP35_HEMATO_RELATED_1,other_lineage,CRHBP,0.000641,0.000605,5.4e-05,6.7e-05,0.017425,41
MP35_HEMATO_RELATED_1,other_lineage,PRTN3,0.000872,0.000457,4.1e-05,4.3e-05,0.017522,42
MP35_HEMATO_RELATED_1,other_lineage,SMIM24,0.001227,0.000763,6.8e-05,3.9e-05,0.011887,43
MP35_HEMATO_RELATED_1,other_lineage,MPO,0.001786,0.001071,9.6e-05,1.8e-05,0.008099,44
MP35_HEMATO_RELATED_1,other_lineage,ELANE,0.000259,0.000126,1.1e-05,1.1e-05,0.009215,45
MP35_HEMATO_RELATED_1,other_lineage,PRSS57,0.000341,0.000168,1.5e-05,8e-06,0.001919,46
MP35_HEMATO_RELATED_1,other_lineage,BAALC,0.011329,0.010752,0.000961,5e-06,0.00625,47
MP35_HEMATO_RELATED_1,other_lineage,IGLL1,0.000164,9.9e-05,9e-06,4e-06,-6.8e-05,48
MP35_HEMATO_RELATED_1,other_lineage,AVP,0.000341,0.000176,1.6e-05,2e-06,-0.001677,49
MP35_HEMATO_RELATED_1,other_lineage,MS4A3,0.000218,0.000129,1.2e-05,-1.1e-05,-0.010492,50
MP36_IG,other_lineage,SELENOM,0.656497,1.159082,0.20651,0.1698,0.47503,1
MP36_IG,other_lineage,KLF6,0.528063,0.841265,0.149886,0.141177,0.45937,2
MP36_IG,other_lineage,CD63,0.622756,0.93663,0.166877,0.13001,0.431347,3
MP36_IG,other_lineage,PRDX4,0.471405,0.604339,0.107673,0.087641,0.287176,4
MP36_IG,other_lineage,HERPUD1,0.399234,0.430658,0.076729,0.086843,0.40101,5
MP36_IG,other_lineage,HLA-F,0.228062,0.246911,0.043991,0.06644,0.315481,6
MP36_IG,other_lineage,CITED2,0.265183,0.263688,0.046981,0.04782,0.285609,7
MP36_IG,other_lineage,DNAJB9,0.226971,0.202606,0.036098,0.043678,0.325056,8
MP36_IG,other_lineage,TXNIP,0.212548,0.20564,0.036638,0.037806,0.287816,9
MP36_IG,other_lineage,TSC22D3,0.220714,0.213251,0.037994,0.035447,0.231888,10
MP36_IG,other_lineage,CCPG1,0.176666,0.134111,0.023894,0.026562,0.254569,11
MP36_IG,other_lineage,MAN1A2,0.186795,0.128251,0.02285,0.024397,0.211438,12
MP36_IG,other_lineage,IGKC,0.028138,0.035385,0.006305,0.01445,0.122018,13
MP36_IG,other_lineage,IGHG1,0.0176,0.025655,0.004571,0.013914,0.114978,14
MP36_IG,other_lineage,JCHAIN,0.012747,0.016892,0.00301,0.007795,0.087503,15
MP36_IG,other_lineage,IGHA1,0.014628,0.01633,0.00291,0.006512,0.08719,16
MP36_IG,other_lineage,IGLV3-21,0.005848,0.010966,0.001954,0.006466,0.059377,17
MP36_IG,other_lineage,DERL3,0.021253,0.015307,0.002727,0.004876,0.054333,18
MP36_IG,other_lineage,ADA2,0.035322,0.024272,0.004324,0.004692,0.100579,19
MP36_IG,other_lineage,CD79A,0.006135,0.005678,0.001012,0.004347,0.09801,20
MP36_IG,other_lineage,IGKV4-1,0.011424,0.016518,0.002943,0.004217,0.064439,21
MP36_IG,other_lineage,CD27,0.00668,0.006651,0.001185,0.003877,0.091146,22
MP36_IG,other_lineage,IGLV3-1,0.006612,0.010261,0.001828,0.003715,0.05428,23
MP36_IG,other_lineage,IGHM,0.005739,0.005586,0.000995,0.003568,0.087329,24
MP36_IG,other_lineage,IGLC2,0.00788,0.007643,0.001362,0.003545,0.066506,25
MP36_IG,other_lineage,SEL1L3,0.024171,0.012783,0.002278,0.003215,0.070659,26
MP36_IG,other_lineage,IGLC3,0.00424,0.004512,0.000804,0.002427,0.050424,27
MP36_IG,other_lineage,IGHG3,0.002767,0.003296,0.000587,0.002196,0.055557,28
MP36_IG,other_lineage,IGHG2,0.003435,0.00382,0.000681,0.002175,0.056132,29
MP36_IG,other_lineage,IGLV6-57,0.003545,0.005356,0.000954,0.001837,0.046857,30
MP36_IG,other_lineage,ITGB7,0.006898,0.004392,0.000782,0.001777,0.064318,31
MP36_IG,other_lineage,IGHA2,0.003217,0.003233,0.000576,0.001338,0.040193,32
MP36_IG,other_lineage,IGLL5,0.001527,0.001702,0.000303,0.001218,0.038747,33
MP36_IG,other_lineage,IRF4,0.003899,0.002143,0.000382,0.001127,0.051826,34
MP36_IG,other_lineage,IGHG4,0.002236,0.002016,0.000359,0.000964,0.03554,35
MP36_IG,other_lineage,JSRP1,0.005739,0.00397,0.000707,0.000848,0.023309,36
MP36_IG,other_lineage,FCRL5,0.000832,0.000577,0.000103,0.000519,0.04432,37
MP36_IG,other_lineage,IGKV1-12,0.000436,0.000706,0.000126,0.000418,0.02272,38
MP36_IG,other_lineage,TNFRSF17,0.000545,0.000429,7.6e-05,0.000269,0.027531,39
MP36_IG,other_lineage,IGLC7,0.000177,0.000133,2.4e-05,4e-05,0.012154,40
MP36_IG,other_lineage,IGHGP,4.1e-05,5.7e-05,1e-05,3.6e-05,0.009051,41
MP37_HEMATO_RELATED_2,other_lineage,SOX4,0.494281,0.70777,0.176522,0.157675,0.361446,1
MP37_HEMATO_RELATED_2,other_lineage,SOD2,0.351397,0.413376,0.103099,0.097286,0.189306,2
MP37_HEMATO_RELATED_2,other_lineage,PDLIM1,0.349733,0.383276,0.095591,0.094158,0.292852,3
MP37_HEMATO_RELATED_2,other_lineage,SLC40A1,0.225594,0.281214,0.070136,0.079501,0.298808,4
MP37_HEMATO_RELATED_2,other_lineage,PDCD4,0.274004,0.28408,0.070851,0.067777,0.299713,5
MP37_HEMATO_RELATED_2,other_lineage,CYTOR,0.26277,0.26243,0.065452,0.064156,0.179729,6
MP37_HEMATO_RELATED_2,other_lineage,CD82,0.231756,0.200689,0.050053,0.053882,0.17911,7
MP37_HEMATO_RELATED_2,other_lineage,PBX1,0.202991,0.163429,0.04076,0.04404,0.223115,8
MP37_HEMATO_RELATED_2,other_lineage,PLIN2,0.17135,0.144457,0.036028,0.034032,0.070429,9
MP37_HEMATO_RELATED_2,other_lineage,LXN,0.143075,0.121616,0.030332,0.033402,0.112637,10
MP37_HEMATO_RELATED_2,other_lineage,KCNQ1OT1,0.15075,0.123149,0.030714,0.032719,0.134397,11
MP37_HEMATO_RELATED_2,other_lineage,PKIG,0.164751,0.117838,0.02939,0.029294,0.139052,12
MP37_HEMATO_RELATED_2,other_lineage,ZMYND8,0.092198,0.057752,0.014404,0.01689,0.130751,13
MP37_HEMATO_RELATED_2,other_lineage,STAM,0.10534,0.073672,0.018374,0.016537,0.066047,14
MP37_HEMATO_RELATED_2,other_lineage,CTNNBL1,0.107126,0.069287,0.017281,0.016297,0.057523,15
MP37_HEMATO_RELATED_2,other_lineage,DEPTOR,0.084427,0.060332,0.015047,0.016232,0.142118,16
MP37_HEMATO_RELATED_2,other_lineage,CASP3,0.097597,0.065757,0.0164,0.01572,0.086241,17
MP37_HEMATO_RELATED_2,other_lineage,PDZD8,0.091789,0.05743,0.014323,0.015249,0.130053,18
MP37_HEMATO_RELATED_2,other_lineage,GMPR,0.084196,0.064275,0.016031,0.013211,0.015015,19
MP37_HEMATO_RELATED_2,other_lineage,BMP2K,0.064796,0.043925,0.010955,0.01282,0.120978,20
MP37_HEMATO_RELATED_2,other_lineage,ATP6V0A2,0.065723,0.040569,0.010118,0.010426,0.070795,21
MP37_HEMATO_RELATED_2,other_lineage,CPPED1,0.061715,0.039106,0.009753,0.010304,0.072851,22
MP37_HEMATO_RELATED_2,other_lineage,MINPP1,0.058948,0.037993,0.009476,0.009293,0.080619,23
MP37_HEMATO_RELATED_2,other_lineage,IL1B,0.018554,0.022466,0.005603,0.008424,0.07655,24
MP37_HEMATO_RELATED_2,other_lineage,MPP1,0.04492,0.030525,0.007613,0.007359,0.019676,25
MP37_HEMATO_RELATED_2,other_lineage,ZEB2,0.027865,0.025037,0.006244,0.007224,0.006236,26
MP37_HEMATO_RELATED_2,other_lineage,PLEK,0.010456,0.010959,0.002733,0.004503,0.065624,27
MP37_HEMATO_RELATED_2,other_lineage,EREG,0.013864,0.009781,0.002439,0.003816,0.081958,28
MP37_HEMATO_RELATED_2,other_lineage,FAM117A,0.022998,0.012223,0.003049,0.003763,0.07253,29
MP37_HEMATO_RELATED_2,other_lineage,ALDH1A1,0.015868,0.01296,0.003232,0.003211,0.040164,30
MP37_HEMATO_RELATED_2,other_lineage,ICAM4,0.012665,0.007177,0.00179,0.002634,0.068981,31
MP37_HEMATO_RELATED_2,other_lineage,TPSB2,0.004335,0.0055,0.001372,0.002302,0.058353,32
MP37_HEMATO_RELATED_2,other_lineage,GATA2,0.016523,0.008895,0.002218,0.002158,0.036774,33
MP37_HEMATO_RELATED_2,other_lineage,NFE2,0.008411,0.006192,0.001544,0.002039,0.047906,34
MP37_HEMATO_RELATED_2,other_lineage,STXBP6,0.015937,0.009536,0.002378,0.002006,0.023083,35
MP37_HEMATO_RELATED_2,other_lineage,CNRIP1,0.009134,0.007462,0.001861,0.001734,0.01664,36
MP37_HEMATO_RELATED_2,other_lineage,ABCC4,0.012242,0.006958,0.001735,0.001613,-0.006266,37
MP37_HEMATO_RELATED_2,other_lineage,CPA3,0.001868,0.00249,0.000621,0.001244,0.042461,38
MP37_HEMATO_RELATED_2,other_lineage,CD84,0.005044,0.003515,0.000877,0.001158,0.036355,39
MP37_HEMATO_RELATED_2,other_lineage,RAB37,0.004758,0.003006,0.00075,0.000952,0.030787,40
MP37_HEMATO_RELATED_2,other_lineage,HBD,0.001759,0.003428,0.000855,0.000673,0.03599,41
MP37_HEMATO_RELATED_2,other_lineage,FREM1,0.003967,0.002214,0.000552,0.000604,-0.008845,42
MP37_HEMATO_RELATED_2,other_lineage,CYTL1,0.001663,0.0017,0.000424,0.000376,0.022868,43
MP37_HEMATO_RELATED_2,other_lineage,TESPA1,0.001827,0.000984,0.000246,0.000372,0.02094,44
MP37_HEMATO_RELATED_2,other_lineage,HPGDS,0.001077,0.00088,0.00022,0.000349,0.02041,45
MP37_HEMATO_RELATED_2,other_lineage,FCER1A,0.000927,0.000728,0.000182,0.000202,0.020265,46
MP37_HEMATO_RELATED_2,other_lineage,RGS18,0.000682,0.000417,0.000104,0.000194,0.024861,47
MP37_HEMATO_RELATED_2,other_lineage,KLF1,0.001527,0.00107,0.000267,0.000188,0.008878,48
MP38_GLUTATHIONE,detoxification,AZGP1,0.533025,1.216348,0.38283,0.390029,0.657916,1
MP38_GLUTATHIONE,detoxification,PCSK1N,0.203086,0.248875,0.07833,0.066549,0.080283,2
MP38_GLUTATHIONE,detoxification,CXCL14,0.092334,0.155455,0.048928,0.055543,0.191852,3
MP38_GLUTATHIONE,detoxification,GAMT,0.150641,0.122658,0.038605,0.050089,0.24609,4
MP38_GLUTATHIONE,detoxification,PEPD,0.210584,0.16995,0.053489,0.041259,0.070057,5
MP38_GLUTATHIONE,detoxification,FOLR1,0.086772,0.087416,0.027513,0.038657,0.179238,6
MP38_GLUTATHIONE,detoxification,LRP2,0.122313,0.108328,0.034095,0.036549,0.096022,7
MP38_GLUTATHIONE,detoxification,GCHFR,0.136,0.107972,0.033983,0.03445,0.127068,8
MP38_GLUTATHIONE,detoxification,PDZK1,0.045601,0.046707,0.0147,0.028882,0.220085,9
MP38_GLUTATHIONE,detoxification,TSPAN1,0.08061,0.065549,0.020631,0.027749,0.149051,10
MP38_GLUTATHIONE,detoxification,PXMP2,0.138536,0.091886,0.02892,0.024403,0.047601,11
MP38_GLUTATHIONE,detoxification,MSRA,0.127398,0.083882,0.026401,0.022441,0.03657,12
MP38_GLUTATHIONE,detoxification,RIDA,0.135209,0.095664,0.030109,0.021456,0.009596,13
MP38_GLUTATHIONE,detoxification,C11orf54,0.094584,0.06708,0.021113,0.020313,0.092775,14
MP38_GLUTATHIONE,detoxification,LACTB2,0.136872,0.095691,0.030117,0.019986,-0.008442,15
MP38_GLUTATHIONE,detoxification,AQP1,0.052309,0.050627,0.015934,0.017334,0.071121,16
MP38_GLUTATHIONE,detoxification,CES2,0.075675,0.045338,0.014269,0.014427,0.068951,17
MP38_GLUTATHIONE,detoxification,BBOX1,0.083487,0.068189,0.021461,0.012395,-0.043628,18
MP38_GLUTATHIONE,detoxification,CLDN10,0.033536,0.032751,0.010308,0.010233,0.048135,19
MP38_GLUTATHIONE,detoxification,KHK,0.052963,0.031351,0.009867,0.008619,0.026646,20
MP38_GLUTATHIONE,detoxification,AGT,0.027156,0.019779,0.006225,0.008284,0.062868,21
MP38_GLUTATHIONE,detoxification,GPX3,0.040271,0.027744,0.008732,0.008129,0.025615,22
MP38_GLUTATHIONE,detoxification,GSTA1,0.017682,0.017742,0.005584,0.007343,0.068896,23
MP38_GLUTATHIONE,detoxification,APOM,0.027388,0.017729,0.00558,0.00505,0.042711,24
MP38_GLUTATHIONE,detoxification,RBP5,0.023107,0.018436,0.005803,0.004334,0.020505,25
MP38_GLUTATHIONE,detoxification,GLYATL1,0.012651,0.009077,0.002857,0.004119,0.059392,26
MP38_GLUTATHIONE,detoxification,TNFAIP6,0.026447,0.02212,0.006962,0.004066,-0.020754,27
MP38_GLUTATHIONE,detoxification,LGALS2,0.009025,0.008042,0.002531,0.003252,0.053889,28
MP38_GLUTATHIONE,detoxification,DDC,0.004485,0.004981,0.001568,0.003148,0.050422,29
MP38_GLUTATHIONE,detoxification,SLC16A9,0.012024,0.007387,0.002325,0.002838,0.042609,30
MP38_GLUTATHIONE,detoxification,CFI,0.014819,0.009342,0.00294,0.002567,0.011615,31
MP38_GLUTATHIONE,detoxification,CLTRN,0.013578,0.00827,0.002603,0.00126,-0.005129,32
MP38_GLUTATHIONE,detoxification,CUBN,0.006353,0.003299,0.001038,0.000844,0.013399,33
MP38_GLUTATHIONE,detoxification,GAL3ST1,0.003204,0.001413,0.000445,0.000634,0.021135,34
MP38_GLUTATHIONE,detoxification,AMN,0.00638,0.003704,0.001166,0.000592,-0.010743,35
MP38_GLUTATHIONE,detoxification,GSTA2,0.001772,0.001418,0.000446,0.000502,0.014828,36
MP38_GLUTATHIONE,detoxification,AOC1,0.001295,0.000807,0.000254,0.000405,0.023798,37
MP38_GLUTATHIONE,detoxification,CDHR5,0.001568,0.000884,0.000278,0.000256,0.00121,38
MP38_GLUTATHIONE,detoxification,SMIM24,0.001227,0.000763,0.00024,0.00022,0.007412,39
MP38_GLUTATHIONE,detoxification,MIOX,0.000763,0.000479,0.000151,0.000205,0.010242,40
MP38_GLUTATHIONE,detoxification,AGXT2,0.001459,0.000741,0.000233,0.000181,0.012316,41
MP38_GLUTATHIONE,detoxification,PRAP1,0.000518,0.00033,0.000104,0.000172,0.015016,42
MP38_GLUTATHIONE,detoxification,SLC5A12,0.000995,0.000477,0.00015,0.000122,0.006146,43
MP38_GLUTATHIONE,detoxification,SLC6A13,0.000532,0.000405,0.000128,5.1e-05,0.002016,44
MP38_GLUTATHIONE,detoxification,NAT8,0.000177,5.7e-05,1.8e-05,3.4e-05,0.009882,45
MP38_GLUTATHIONE,detoxification,SLC17A3,0.00015,6e-05,1.9e-05,2.2e-05,0.004188,46
MP38_GLUTATHIONE,detoxification,ACSM2B,5.5e-05,3e-05,9e-06,6e-06,0.002809,47
MP38_GLUTATHIONE,detoxification,GLYAT,5.5e-05,1.6e-05,5e-06,-0.0,-0.001848,48
MP39_METAL_RESPONSE,detoxification,S100A6,0.77731,2.120982,0.135756,0.128343,0.612628,1
MP39_METAL_RESPONSE,detoxification,LGALS1,0.552874,1.147175,0.073426,0.097497,0.567226,2
MP39_METAL_RESPONSE,detoxification,ANXA1,0.368751,0.67369,0.04312,0.076839,0.520416,3
MP39_METAL_RESPONSE,detoxification,MMP7,0.24209,0.494479,0.03165,0.066195,0.462928,4
MP39_METAL_RESPONSE,detoxification,MT2A,0.661691,1.272208,0.081429,0.064537,0.41658,5
MP39_METAL_RESPONSE,detoxification,MT1X,0.512481,0.787975,0.050435,0.058094,0.445328,6
MP39_METAL_RESPONSE,detoxification,MT1E,0.444222,0.662814,0.042424,0.045923,0.392322,7
MP39_METAL_RESPONSE,detoxification,C1S,0.219677,0.333499,0.021346,0.045413,0.436284,8
MP39_METAL_RESPONSE,detoxification,PLP2,0.375377,0.441326,0.028248,0.04157,0.368134,9
MP39_METAL_RESPONSE,detoxification,TUBA1A,0.377721,0.479733,0.030706,0.026786,0.258173,10
MP39_METAL_RESPONSE,detoxification,MT1F,0.248033,0.232184,0.014861,0.024288,0.34017,11
MP39_METAL_RESPONSE,detoxification,SOX4,0.494281,0.70777,0.045302,0.024179,0.178355,12
MP39_METAL_RESPONSE,detoxification,DDIT4,0.305809,0.374121,0.023946,0.022308,0.262985,13
MP39_METAL_RESPONSE,detoxification,IGFBP5,0.193216,0.301737,0.019313,0.017443,0.192631,14
MP39_METAL_RESPONSE,detoxification,CEBPB,0.268414,0.232896,0.014907,0.016874,0.234243,15
MP39_METAL_RESPONSE,detoxification,MT1M,0.101714,0.102455,0.006558,0.016298,0.356527,16
MP39_METAL_RESPONSE,detoxification,CP,0.127261,0.133537,0.008547,0.015423,0.238984,17
MP39_METAL_RESPONSE,detoxification,BGN,0.118114,0.156613,0.010024,0.015257,0.237184,18
MP39_METAL_RESPONSE,detoxification,C1R,0.116614,0.097185,0.00622,0.013558,0.310353,19
MP39_METAL_RESPONSE,detoxification,SNHG7,0.307404,0.325289,0.020821,0.013156,0.116432,20
MP39_METAL_RESPONSE,detoxification,TMEM45A,0.195452,0.167767,0.010738,0.012258,0.201406,21
MP39_METAL_RESPONSE,detoxification,TGFBI,0.078797,0.0789,0.00505,0.011804,0.28098,22
MP39_METAL_RESPONSE,detoxification,KLF4,0.248701,0.242653,0.015531,0.011801,0.15078,23
MP39_METAL_RESPONSE,detoxification,EMP3,0.12054,0.125765,0.00805,0.011411,0.207795,24
MP39_METAL_RESPONSE,detoxification,IER2,0.608591,1.04033,0.066588,0.011152,0.041685,25
MP39_METAL_RESPONSE,detoxification,CAV1,0.098592,0.106189,0.006797,0.010898,0.261887,26
MP39_METAL_RESPONSE,detoxification,ID4,0.125135,0.112227,0.007183,0.010725,0.230112,27
MP39_METAL_RESPONSE,detoxification,PMP22,0.257495,0.276709,0.017711,0.010315,0.128989,28
MP39_METAL_RESPONSE,detoxification,GLUL,0.519447,0.665167,0.042575,0.010233,0.076214,29
MP39_METAL_RESPONSE,detoxification,NOL3,0.183264,0.141077,0.00903,0.0101,0.184845,30
MP39_METAL_RESPONSE,detoxification,RSL24D1,0.38177,0.398658,0.025517,0.009221,0.087957,31
MP39_METAL_RESPONSE,detoxification,DEPP1,0.120118,0.103809,0.006644,0.008138,0.177552,32
MP39_METAL_RESPONSE,detoxification,ID1,0.092157,0.087799,0.00562,0.007722,0.173872,33
MP39_METAL_RESPONSE,detoxification,CKB,0.161493,0.183618,0.011753,0.00661,0.088619,34
MP39_METAL_RESPONSE,detoxification,C5orf46,0.05175,0.043709,0.002798,0.005057,0.19239,35
MP39_METAL_RESPONSE,detoxification,EPB41L4A-AS1,0.165706,0.137564,0.008805,0.005014,0.073011,36
MP39_METAL_RESPONSE,detoxification,VCAN,0.046174,0.048517,0.003105,0.003925,0.156114,37
MP39_METAL_RESPONSE,detoxification,LOX,0.043993,0.03232,0.002069,0.003483,0.170145,38
MP39_METAL_RESPONSE,detoxification,EDN1,0.060529,0.050578,0.003237,0.002363,0.06887,39
MP39_METAL_RESPONSE,detoxification,STC1,0.053781,0.040977,0.002623,0.002308,0.077647,40
MP39_METAL_RESPONSE,detoxification,NPTX2,0.015173,0.013766,0.000881,0.001399,0.074436,41
MP39_METAL_RESPONSE,detoxification,MT1A,0.023217,0.019687,0.00126,0.001214,0.066455,42
MP39_METAL_RESPONSE,detoxification,SMIM3,0.079438,0.054257,0.003473,0.001192,0.019391,43
MP39_METAL_RESPONSE,detoxification,VCAM1,0.017055,0.016521,0.001057,0.001034,0.0644,44
MP39_METAL_RESPONSE,detoxification,MT3,0.013769,0.010841,0.000694,0.000929,0.073029,45
MP39_METAL_RESPONSE,detoxification,FKBP5,0.098742,0.076939,0.004925,0.000827,0.028535,46
MP39_METAL_RESPONSE,detoxification,FSTL3,0.032432,0.02065,0.001322,0.000747,0.034431,47
MP39_METAL_RESPONSE,detoxification,TMEM91,0.028765,0.019452,0.001245,0.000223,0.012293,48
MP39_METAL_RESPONSE,detoxification,ZBTB16,0.024034,0.0161,0.001031,-9e-05,-0.009898,49
MP39_METAL_RESPONSE,detoxification,TSC22D3,0.220714,0.213251,0.013649,-0.001993,-0.046106,50
MP3_CELL_CYCLE_HMG_RICH,cell_cycle,STMN1,0.522596,0.890372,0.024474,0.042563,0.588135,1
MP3_CELL_CYCLE_HMG_RICH,cell_cycle,YBX1,0.703257,1.340587,0.036849,0.038518,0.518875,2
MP3_CELL_CYCLE_HMG_RICH,cell_cycle,TUBB,0.677287,1.229696,0.033801,0.0375,0.504301,3
MP3_CELL_CYCLE_HMG_RICH,cell_cycle,TPI1,0.75288,1.492846,0.041034,0.036078,0.484983,4
MP3_CELL_CYCLE_HMG_RICH,cell_cycle,ATP5MC3,0.710578,1.26443,0.034756,0.035342,0.51726,5
MP3_CELL_CYCLE_HMG_RICH,cell_cycle,TUBA1B,0.606737,1.008265,0.027714,0.033241,0.470411,6
MP3_CELL_CYCLE_HMG_RICH,cell_cycle,SLC25A5,0.702166,1.268221,0.03486,0.03209,0.446433,7
MP3_CELL_CYCLE_HMG_RICH,cell_cycle,COX8A,0.683639,1.181132,0.032466,0.031884,0.468324,8
MP3_CELL_CYCLE_HMG_RICH,cell_cycle,SUMO2,0.785612,1.560998,0.042908,0.031513,0.450211,9
MP3_CELL_CYCLE_HMG_RICH,cell_cycle,HMGB1,0.73498,1.322352,0.036348,0.030757,0.415122,10
MP3_CELL_CYCLE_HMG_RICH,cell_cycle,HMGN2,0.724047,1.311169,0.036041,0.030659,0.404236,11
MP3_CELL_CYCLE_HMG_RICH,cell_cycle,RAN,0.650498,1.043684,0.028688,0.030082,0.440133,12
MP3_CELL_CYCLE_HMG_RICH,cell_cycle,HSPE1,0.654874,1.056366,0.029037,0.029413,0.452108,13
MP3_CELL_CYCLE_HMG_RICH,cell_cycle,SNRPG,0.57256,0.802262,0.022052,0.027949,0.492,14
MP3_CELL_CYCLE_HMG_RICH,cell_cycle,MIF,0.906902,2.358375,0.064825,0.026373,0.378995,15
MP3_CELL_CYCLE_HMG_RICH,cell_cycle,ANAPC11,0.659755,1.05632,0.029035,0.02602,0.412905,16
MP3_CELL_CYCLE_HMG_RICH,cell_cycle,HSPD1,0.575178,0.836259,0.022987,0.025898,0.406332,17
MP3_CELL_CYCLE_HMG_RICH,cell_cycle,ERH,0.651439,0.997606,0.027422,0.025261,0.395986,18
MP3_CELL_CYCLE_HMG_RICH,cell_cycle,CKS1B,0.394749,0.488791,0.013436,0.024873,0.495772,19
MP3_CELL_CYCLE_HMG_RICH,cell_cycle,SNRPD1,0.478208,0.592286,0.01628,0.024785,0.487684,20
MP3_CELL_CYCLE_HMG_RICH,cell_cycle,RANBP1,0.49225,0.629542,0.017304,0.023963,0.445769,21
MP3_CELL_CYCLE_HMG_RICH,cell_cycle,LSM4,0.517211,0.663962,0.018251,0.023485,0.439612,22
MP3_CELL_CYCLE_HMG_RICH,cell_cycle,COX5A,0.576159,0.821174,0.022572,0.022926,0.399343,23
MP3_CELL_CYCLE_HMG_RICH,cell_cycle,SNRPE,0.488474,0.604775,0.016624,0.022307,0.45728,24
MP3_CELL_CYCLE_HMG_RICH,cell_cycle,SNRPD3,0.545526,0.717863,0.019732,0.022028,0.407834,25
MP3_CELL_CYCLE_HMG_RICH,cell_cycle,HNRNPA2B1,0.717871,1.204412,0.033106,0.021238,0.30059,26
MP3_CELL_CYCLE_HMG_RICH,cell_cycle,ANP32B,0.456805,0.555248,0.015262,0.021065,0.406224,27
MP3_CELL_CYCLE_HMG_RICH,cell_cycle,SIVA1,0.513953,0.661709,0.018189,0.020723,0.368318,28
MP3_CELL_CYCLE_HMG_RICH,cell_cycle,HMGN1,0.707047,1.274416,0.03503,0.019675,0.256483,29
MP3_CELL_CYCLE_HMG_RICH,cell_cycle,ATP5MC1,0.529767,0.677252,0.018616,0.018705,0.375562,30
MP3_CELL_CYCLE_HMG_RICH,cell_cycle,UQCRQ,0.630513,0.987057,0.027132,0.016924,0.280299,31
MP3_CELL_CYCLE_HMG_RICH,cell_cycle,HMGB2,0.273581,0.306181,0.008416,0.015711,0.364234,32
MP3_CELL_CYCLE_HMG_RICH,cell_cycle,SNRPB,0.454869,0.51005,0.01402,0.014741,0.328319,33
MP3_CELL_CYCLE_HMG_RICH,cell_cycle,SNRPF,0.413221,0.450804,0.012391,0.014594,0.358899,34
MP3_CELL_CYCLE_HMG_RICH,cell_cycle,HMGA1,0.324349,0.355685,0.009777,0.013952,0.357763,35
MP3_CELL_CYCLE_HMG_RICH,cell_cycle,TYMS,0.164383,0.169661,0.004664,0.012802,0.41259,36
MP3_CELL_CYCLE_HMG_RICH,cell_cycle,SRSF7,0.450343,0.507289,0.013944,0.011577,0.259186,37
MP3_CELL_CYCLE_HMG_RICH,cell_cycle,SLIRP,0.35111,0.35442,0.009742,0.010596,0.320629,38
MP3_CELL_CYCLE_HMG_RICH,cell_cycle,DUT,0.406309,0.440471,0.012107,0.009524,0.201451,39
MP3_CELL_CYCLE_HMG_RICH,cell_cycle,TK1,0.135673,0.127007,0.003491,0.009295,0.382126,40
MP3_CELL_CYCLE_HMG_RICH,cell_cycle,MCM7,0.206917,0.182773,0.005024,0.008488,0.30359,41
MP3_CELL_CYCLE_HMG_RICH,cell_cycle,PCNA,0.213011,0.182717,0.005022,0.008204,0.282544,42
MP3_CELL_CYCLE_HMG_RICH,cell_cycle,NAA38,0.382247,0.404538,0.01112,0.007262,0.209933,43
MP3_CELL_CYCLE_HMG_RICH,cell_cycle,NUCB2,0.355882,0.371916,0.010223,0.004465,0.119974,44
MP3_CELL_CYCLE_HMG_RICH,cell_cycle,NME1,0.126893,0.094362,0.002594,0.003286,0.204445,45
MP3_CELL_CYCLE_HMG_RICH,cell_cycle,PCLAF,0.034463,0.023115,0.000635,0.001664,0.189567,46
MP40_PDAC_RELATED,epithelial_lineage,ANXA1,0.368751,0.67369,0.075811,0.102461,0.577041,1
MP40_PDAC_RELATED,epithelial_lineage,MMP7,0.24209,0.494479,0.055644,0.084063,0.529734,2
MP40_PDAC_RELATED,epithelial_lineage,SLPI,0.429948,0.789589,0.088853,0.072258,0.468261,3
MP40_PDAC_RELATED,epithelial_lineage,ISG15,0.326203,0.503737,0.056686,0.070021,0.484422,4
MP40_PDAC_RELATED,epithelial_lineage,KRT17,0.286955,0.568785,0.064006,0.058711,0.415075,5
MP40_PDAC_RELATED,epithelial_lineage,TNFRSF12A,0.359072,0.438669,0.049364,0.04969,0.368223,6
MP40_PDAC_RELATED,epithelial_lineage,KRT16,0.152768,0.211894,0.023845,0.047761,0.425409,7
MP40_PDAC_RELATED,epithelial_lineage,IL32,0.232206,0.351582,0.039564,0.046104,0.431182,8
MP40_PDAC_RELATED,epithelial_lineage,ISG20,0.233433,0.24972,0.028101,0.039347,0.371334,9
MP40_PDAC_RELATED,epithelial_lineage,MT1X,0.512481,0.787975,0.088672,0.03571,0.320047,10
MP40_PDAC_RELATED,epithelial_lineage,CST6,0.10489,0.125448,0.014117,0.035103,0.381631,11
MP40_PDAC_RELATED,epithelial_lineage,SLC16A3,0.14208,0.141902,0.015968,0.030358,0.387086,12
MP40_PDAC_RELATED,epithelial_lineage,KLK6,0.113656,0.142762,0.016065,0.027493,0.352622,13
MP40_PDAC_RELATED,epithelial_lineage,CLIC3,0.103663,0.114953,0.012936,0.026915,0.351498,14
MP40_PDAC_RELATED,epithelial_lineage,CD55,0.276758,0.2613,0.029404,0.025834,0.236124,15
MP40_PDAC_RELATED,epithelial_lineage,PLAUR,0.137186,0.128215,0.014428,0.024279,0.326543,16
MP40_PDAC_RELATED,epithelial_lineage,LCN2,0.10793,0.143726,0.016174,0.023059,0.319073,17
MP40_PDAC_RELATED,epithelial_lineage,KRT23,0.183346,0.216905,0.024409,0.022928,0.288899,18
MP40_PDAC_RELATED,epithelial_lineage,S100A4,0.232288,0.329096,0.037034,0.021703,0.314554,19
MP40_PDAC_RELATED,epithelial_lineage,MALL,0.099382,0.088781,0.009991,0.019257,0.298417,20
MP40_PDAC_RELATED,epithelial_lineage,LAMC2,0.089921,0.073963,0.008323,0.016794,0.294869,21
MP40_PDAC_RELATED,epithelial_lineage,EMP1,0.213284,0.199237,0.02242,0.015148,0.148645,22
MP40_PDAC_RELATED,epithelial_lineage,KLK7,0.060747,0.064709,0.007282,0.014539,0.285139,23
MP40_PDAC_RELATED,epithelial_lineage,SLC2A1,0.161548,0.127083,0.014301,0.012736,0.169734,24
MP40_PDAC_RELATED,epithelial_lineage,KLK10,0.064401,0.05965,0.006712,0.012427,0.244219,25
MP40_PDAC_RELATED,epithelial_lineage,CEACAM1,0.098851,0.07241,0.008148,0.009437,0.197028,26
MP40_PDAC_RELATED,epithelial_lineage,COL6A1,0.126743,0.113193,0.012738,0.006867,0.126855,27
MP40_PDAC_RELATED,epithelial_lineage,APOL1,0.0525,0.036185,0.004072,0.006188,0.177781,28
MP40_PDAC_RELATED,epithelial_lineage,FLNB,0.248715,0.220968,0.024866,0.005665,0.041896,29
MP40_PDAC_RELATED,epithelial_lineage,ALDH1A3,0.050441,0.038495,0.004332,0.003569,0.141313,30
MP40_PDAC_RELATED,epithelial_lineage,PSCA,0.042943,0.035548,0.004,0.003483,0.120246,31
MP40_PDAC_RELATED,epithelial_lineage,F3,0.04905,0.036251,0.004079,0.002945,0.063352,32
MP40_PDAC_RELATED,epithelial_lineage,CLDN23,0.062397,0.037149,0.00418,0.002882,0.088374,33
MP40_PDAC_RELATED,epithelial_lineage,TIMP2,0.105953,0.083956,0.009448,0.002371,0.03509,34
MP40_PDAC_RELATED,epithelial_lineage,LDLR,0.146647,0.118722,0.01336,0.002368,-0.005114,35
MP40_PDAC_RELATED,epithelial_lineage,EPS8L1,0.08395,0.056811,0.006393,0.00228,0.047208,36
MP40_PDAC_RELATED,epithelial_lineage,CEACAM6,0.033605,0.027548,0.0031,0.002197,0.046691,37
MP40_PDAC_RELATED,epithelial_lineage,KLK11,0.028697,0.027603,0.003106,0.002113,0.098049,38
MP40_PDAC_RELATED,epithelial_lineage,ANKRD36C,0.062683,0.057154,0.006432,0.001804,0.059055,39
MP40_PDAC_RELATED,epithelial_lineage,SDCBP2,0.029965,0.018073,0.002034,0.001784,0.088758,40
MP40_PDAC_RELATED,epithelial_lineage,LRRC8A,0.095552,0.057435,0.006463,0.00175,0.017546,41
MP40_PDAC_RELATED,epithelial_lineage,KLF2,0.059984,0.038761,0.004362,0.001637,0.038288,42
MP40_PDAC_RELATED,epithelial_lineage,LMO7,0.069022,0.047822,0.005381,0.001602,0.027578,43
MP40_PDAC_RELATED,epithelial_lineage,C15orf48,0.170872,0.217388,0.024463,0.001282,-0.045362,44
MP40_PDAC_RELATED,epithelial_lineage,RAB11FIP1,0.218205,0.210873,0.02373,0.00123,-0.006518,45
MP40_PDAC_RELATED,epithelial_lineage,SMIM5,0.016918,0.011077,0.001246,0.001008,0.055605,46
MP40_PDAC_RELATED,epithelial_lineage,IL1RN,0.026584,0.020574,0.002315,0.000324,-0.010746,47
MP40_PDAC_RELATED,epithelial_lineage,CEACAM5,0.00972,0.008256,0.000929,0.000281,0.026712,48
MP40_PDAC_RELATED,epithelial_lineage,MUC5AC,0.002645,0.001326,0.000149,0.000211,0.045269,49
MP40_PDAC_RELATED,epithelial_lineage,TFF2,0.006203,0.005011,0.000564,2.5e-05,-0.005228,50
MP41_UNASSIGNED,unassigned,MALAT1,0.823797,2.870301,0.199993,0.164501,0.680211,1
MP41_UNASSIGNED,unassigned,NEAT1,0.492754,0.79609,0.055469,0.081713,0.571696,2
MP41_UNASSIGNED,unassigned,DDX5,0.607433,0.852582,0.059405,0.040911,0.335494,3
MP41_UNASSIGNED,unassigned,PNRC1,0.508296,0.664268,0.046284,0.039058,0.342599,4
MP41_UNASSIGNED,unassigned,HNRNPU,0.496149,0.588125,0.040979,0.034138,0.342654,5
MP41_UNASSIGNED,unassigned,SON,0.38526,0.391309,0.027265,0.03325,0.404633,6
MP41_UNASSIGNED,unassigned,UBXN4,0.458645,0.514902,0.035877,0.031767,0.323785,7
MP41_UNASSIGNED,unassigned,PRRC2C,0.403528,0.408613,0.028471,0.031495,0.365699,8
MP41_UNASSIGNED,unassigned,TTC3,0.423609,0.483501,0.033689,0.02992,0.335172,9
MP41_UNASSIGNED,unassigned,NCL,0.59958,0.849855,0.059215,0.02698,0.17888,10
MP41_UNASSIGNED,unassigned,AKAP9,0.318937,0.284397,0.019816,0.026719,0.391461,11
MP41_UNASSIGNED,unassigned,RRBP1,0.329571,0.320469,0.022329,0.026616,0.333402,12
MP41_UNASSIGNED,unassigned,GOLGA4,0.333238,0.302948,0.021108,0.026286,0.369788,13
MP41_UNASSIGNED,unassigned,GOLGB1,0.292653,0.25749,0.017941,0.024625,0.393092,14
MP41_UNASSIGNED,unassigned,ZBTB20,0.239431,0.223764,0.015591,0.02359,0.364415,15
MP41_UNASSIGNED,unassigned,PNISR,0.298475,0.261773,0.01824,0.023188,0.367668,16
MP41_UNASSIGNED,unassigned,MLEC,0.346475,0.32092,0.022361,0.022869,0.315016,17
MP41_UNASSIGNED,unassigned,ATRX,0.324049,0.290202,0.02022,0.022511,0.342469,18
MP41_UNASSIGNED,unassigned,EIF3A,0.355718,0.335743,0.023393,0.022421,0.301716,19
MP41_UNASSIGNED,unassigned,MT-ND6,0.275026,0.286408,0.019956,0.02192,0.311586,20
MP41_UNASSIGNED,unassigned,DST,0.232165,0.226061,0.015751,0.021905,0.338345,21
MP41_UNASSIGNED,unassigned,LUC7L3,0.30525,0.266397,0.018562,0.021503,0.333947,22
MP41_UNASSIGNED,unassigned,PDIA4,0.388873,0.442306,0.030818,0.020134,0.205202,23
MP41_UNASSIGNED,unassigned,ANKRD12,0.242376,0.200104,0.013943,0.018466,0.341113,24
MP41_UNASSIGNED,unassigned,XIST,0.180497,0.173602,0.012096,0.017862,0.323627,25
MP41_UNASSIGNED,unassigned,BPTF,0.214838,0.164012,0.011428,0.015807,0.313545,26
MP41_UNASSIGNED,unassigned,KMT2C,0.202119,0.154757,0.010783,0.015718,0.336737,27
MP41_UNASSIGNED,unassigned,FNDC3B,0.215574,0.168535,0.011743,0.013947,0.264587,28
MP41_UNASSIGNED,unassigned,DDX24,0.2717,0.224822,0.015665,0.013622,0.235757,29
MP41_UNASSIGNED,unassigned,HIPK2,0.18141,0.13955,0.009723,0.013449,0.302825,30
MP41_UNASSIGNED,unassigned,EIF5B,0.242362,0.189567,0.013208,0.013002,0.243064,31
MP41_UNASSIGNED,unassigned,ZBTB38,0.214879,0.167945,0.011702,0.012053,0.261025,32
MP41_UNASSIGNED,unassigned,CEP350,0.174908,0.119082,0.008297,0.011787,0.290963,33
MP41_UNASSIGNED,unassigned,KMT2A,0.143852,0.098671,0.006875,0.010558,0.283235,34
MP41_UNASSIGNED,unassigned,UTRN,0.134487,0.100846,0.007027,0.010086,0.285111,35
MP41_UNASSIGNED,unassigned,CFLAR,0.186441,0.142696,0.009943,0.009501,0.200388,36
MP41_UNASSIGNED,unassigned,GLCCI1,0.043706,0.024239,0.001689,0.002463,0.142124,37
MP41_UNASSIGNED,unassigned,MEF2C,0.037204,0.030385,0.002117,0.002254,0.114447,38
MP41_UNASSIGNED,unassigned,CCDC69,0.014941,0.010228,0.000713,0.000872,0.100721,39
MP41_UNASSIGNED,unassigned,IRF4,0.003899,0.002143,0.000149,0.000311,0.061189,40
MP41_UNASSIGNED,unassigned,NEB,0.004308,0.002383,0.000166,0.000221,0.039855,41
MP4_CHROMATIN,chromatin,GOLGA4,0.333238,0.302948,0.048364,0.046731,0.318462,1
MP4_CHROMATIN,chromatin,GOLGB1,0.292653,0.25749,0.041107,0.043735,0.343905,2
MP4_CHROMATIN,chromatin,DST,0.232165,0.226061,0.036089,0.042389,0.311783,3
MP4_CHROMATIN,chromatin,MT-ND6,0.275026,0.286408,0.045723,0.040177,0.285538,4
MP4_CHROMATIN,chromatin,SYNE2,0.257099,0.220121,0.035141,0.038788,0.335623,5
MP4_CHROMATIN,chromatin,MACF1,0.237714,0.187895,0.029996,0.036284,0.303257,6
MP4_CHROMATIN,chromatin,ASH1L,0.249015,0.20204,0.032255,0.036034,0.315986,7
MP4_CHROMATIN,chromatin,ENAH,0.290472,0.25144,0.040141,0.035898,0.251561,8
MP4_CHROMATIN,chromatin,ARGLU1,0.274113,0.234087,0.037371,0.031142,0.277878,9
MP4_CHROMATIN,chromatin,KCNQ1OT1,0.15075,0.123149,0.01966,0.030169,0.272872,10
MP4_CHROMATIN,chromatin,PCM1,0.230747,0.187215,0.029888,0.029033,0.295336,11
MP4_CHROMATIN,chromatin,NRDC,0.262361,0.215829,0.034456,0.028984,0.241333,12
MP4_CHROMATIN,chromatin,PHF3,0.22603,0.182578,0.029148,0.027309,0.289298,13
MP4_CHROMATIN,chromatin,SENP6,0.220973,0.173849,0.027754,0.026592,0.28984,14
MP4_CHROMATIN,chromatin,SMARCA5,0.248606,0.20858,0.033299,0.026135,0.256571,15
MP4_CHROMATIN,chromatin,SMCHD1,0.202268,0.159869,0.025522,0.024928,0.256863,16
MP4_CHROMATIN,chromatin,ZNF638,0.202582,0.149847,0.023922,0.024296,0.25717,17
MP4_CHROMATIN,chromatin,TRIP11,0.205118,0.149635,0.023888,0.023117,0.244887,18
MP4_CHROMATIN,chromatin,BAZ1B,0.19717,0.141794,0.022637,0.022313,0.231761,19
MP4_CHROMATIN,chromatin,CLINT1,0.228116,0.179934,0.028726,0.021888,0.221271,20
MP4_CHROMATIN,chromatin,CEP350,0.174908,0.119082,0.019011,0.021581,0.255644,21
MP4_CHROMATIN,chromatin,SMC1A,0.194089,0.146068,0.023319,0.021078,0.221978,22
MP4_CHROMATIN,chromatin,TRIM44,0.177443,0.128465,0.020509,0.020087,0.233402,23
MP4_CHROMATIN,chromatin,RANBP2,0.161139,0.118466,0.018912,0.019994,0.251718,24
MP4_CHROMATIN,chromatin,TJP1,0.170463,0.119539,0.019084,0.019647,0.238938,25
MP4_CHROMATIN,chromatin,BDP1,0.163579,0.111403,0.017785,0.019261,0.242309,26
MP4_CHROMATIN,chromatin,KMT2A,0.143852,0.098671,0.015752,0.019079,0.257551,27
MP4_CHROMATIN,chromatin,SMC5,0.158562,0.112387,0.017942,0.019017,0.225683,28
MP4_CHROMATIN,chromatin,SPAG9,0.148106,0.104867,0.016742,0.017692,0.225406,29
MP4_CHROMATIN,chromatin,PTPN11,0.166483,0.120535,0.019243,0.016648,0.227607,30
MP4_CHROMATIN,chromatin,RIF1,0.134746,0.094283,0.015052,0.015563,0.217226,31
MP4_CHROMATIN,chromatin,SETD2,0.12493,0.085082,0.013583,0.015085,0.234099,32
MP4_CHROMATIN,chromatin,SPEN,0.120172,0.078581,0.012545,0.014872,0.237433,33
MP4_CHROMATIN,chromatin,ROCK2,0.125898,0.083025,0.013255,0.014531,0.190869,34
MP4_CHROMATIN,chromatin,AHCTF1,0.130956,0.085496,0.013649,0.014285,0.204916,35
MP4_CHROMATIN,chromatin,MSH6,0.125121,0.089313,0.014258,0.013242,0.177362,36
MP4_CHROMATIN,chromatin,SUZ12,0.124044,0.077941,0.012443,0.012905,0.199954,37
MP4_CHROMATIN,chromatin,ATAD2,0.106908,0.081018,0.012934,0.012237,0.147998,38
MP4_CHROMATIN,chromatin,UACA,0.104808,0.074021,0.011817,0.010329,0.170848,39
MP4_CHROMATIN,chromatin,SLK,0.097801,0.06142,0.009805,0.009863,0.192019,40
MP4_CHROMATIN,chromatin,ZMYM4,0.101686,0.065717,0.010491,0.009802,0.180702,41
MP4_CHROMATIN,chromatin,GOLIM4,0.074176,0.049806,0.007951,0.008488,0.168218,42
MP4_CHROMATIN,chromatin,PAXBP1,0.070604,0.042294,0.006752,0.007596,0.159442,43
MP4_CHROMATIN,chromatin,NOP14,0.082573,0.053415,0.008527,0.007399,0.148117,44
MP4_CHROMATIN,chromatin,ATAD5,0.034164,0.022243,0.003551,0.003775,0.104568,45
MP5_STRESS,stress,FOS,0.756193,1.968031,0.075461,0.063945,0.758186,1
MP5_STRESS,stress,JUNB,0.656183,1.329635,0.050983,0.055257,0.731754,2
MP5_STRESS,stress,JUN,0.680749,1.409628,0.05405,0.051293,0.703954,3
MP5_STRESS,stress,ZFP36,0.577318,1.098573,0.042123,0.050783,0.71038,4
MP5_STRESS,stress,FOSB,0.478372,0.814482,0.03123,0.041609,0.65061,5
MP5_STRESS,stress,IER2,0.608591,1.04033,0.03989,0.041154,0.648033,6
MP5_STRESS,stress,ATF3,0.493695,0.806221,0.030913,0.037862,0.614492,7
MP5_STRESS,stress,EGR1,0.415211,0.625469,0.023983,0.034252,0.61584,8
MP5_STRESS,stress,IER3,0.484247,0.767415,0.029425,0.034131,0.558529,9
MP5_STRESS,stress,BTG2,0.355746,0.543785,0.020851,0.032369,0.58698,10
MP5_STRESS,stress,KLF6,0.528063,0.841265,0.032257,0.031714,0.520291,11
MP5_STRESS,stress,DNAJB1,0.595899,0.898209,0.03444,0.029426,0.502841,12
MP5_STRESS,stress,PPP1R15A,0.459695,0.621514,0.023831,0.028892,0.568714,13
MP5_STRESS,stress,CDKN1A,0.412948,0.604551,0.023181,0.028747,0.51744,14
MP5_STRESS,stress,DUSP1,0.437187,0.628258,0.02409,0.028004,0.531533,15
MP5_STRESS,stress,SAT1,0.64011,1.216413,0.046642,0.028002,0.411199,16
MP5_STRESS,stress,RHOB,0.493681,0.719377,0.027583,0.026221,0.471337,17
MP5_STRESS,stress,NR4A1,0.365207,0.497978,0.019094,0.025877,0.52941,18
MP5_STRESS,stress,SERTAD1,0.439219,0.58242,0.022332,0.025564,0.518071,19
MP5_STRESS,stress,GADD45B,0.327403,0.439584,0.016855,0.024585,0.520595,20
MP5_STRESS,stress,SOCS3,0.306095,0.383715,0.014713,0.022545,0.501222,21
MP5_STRESS,stress,CXCL2,0.201301,0.316149,0.012122,0.018767,0.41647,22
MP5_STRESS,stress,HSPA1A,0.502979,0.754486,0.02893,0.018053,0.312111,23
MP5_STRESS,stress,NFKBIA,0.463171,0.608778,0.023343,0.01768,0.343814,24
MP5_STRESS,stress,MAFF,0.245784,0.263446,0.010101,0.017196,0.474049,25
MP5_STRESS,stress,CCNL1,0.39419,0.418328,0.01604,0.014079,0.366476,26
MP5_STRESS,stress,HSPA1B,0.388668,0.478023,0.018329,0.013637,0.312811,27
MP5_STRESS,stress,MCL1,0.429267,0.480319,0.018417,0.013129,0.317371,28
MP5_STRESS,stress,IRF1,0.342903,0.419781,0.016096,0.012934,0.300148,29
MP5_STRESS,stress,KLF4,0.248701,0.242653,0.009304,0.012529,0.377369,30
MP5_STRESS,stress,DNAJA1,0.554988,0.740392,0.028389,0.011853,0.216501,31
MP5_STRESS,stress,HERPUD1,0.399234,0.430658,0.016513,0.011322,0.282909,32
MP5_STRESS,stress,TOB1,0.248347,0.218447,0.008376,0.009137,0.327463,33
MP5_STRESS,stress,KLF10,0.238722,0.211604,0.008114,0.008956,0.315619,34
MP5_STRESS,stress,NFKBIZ,0.203618,0.18127,0.006951,0.008575,0.343325,35
MP5_STRESS,stress,ID3,0.198247,0.221316,0.008486,0.008488,0.277998,36
MP5_STRESS,stress,TRIB1,0.203904,0.176532,0.006769,0.008451,0.31689,37
MP5_STRESS,stress,PLK2,0.216501,0.20619,0.007906,0.008114,0.292206,38
MP5_STRESS,stress,RASD1,0.142435,0.138414,0.005307,0.007852,0.315218,39
MP5_STRESS,stress,CITED2,0.265183,0.263688,0.010111,0.006859,0.227287,40
MP5_STRESS,stress,HES1,0.217633,0.194258,0.007449,0.006042,0.228063,41
MP5_STRESS,stress,DDIT3,0.194321,0.174027,0.006673,0.004454,0.191556,42
MP5_STRESS,stress,HSPH1,0.330593,0.324302,0.012435,0.004389,0.135464,43
MP5_STRESS,stress,PMAIP1,0.154581,0.130313,0.004997,0.00423,0.193343,44
MP5_STRESS,stress,EGR2,0.083241,0.061599,0.002362,0.003603,0.250976,45
MP5_STRESS,stress,ID1,0.092157,0.087799,0.003367,0.003151,0.173742,46
MP5_STRESS,stress,ID2,0.12718,0.094149,0.00361,0.002849,0.180984,47
MP5_STRESS,stress,HSPA6,0.02897,0.032157,0.001233,0.000828,0.060149,48
MP5_STRESS,stress,DDIT4,0.305809,0.374121,0.014345,0.00061,0.031696,49
MP6_HYPOXIA,stress,S100A10,0.757324,1.751635,0.100554,0.081659,0.521552,1
MP6_HYPOXIA,stress,VIM,0.579949,1.261276,0.072405,0.072472,0.490823,2
MP6_HYPOXIA,stress,LDHA,0.688874,1.263673,0.072542,0.069026,0.509933,3
MP6_HYPOXIA,stress,ENO1,0.603738,0.999286,0.057365,0.062075,0.493243,4
MP6_HYPOXIA,stress,ALDOA,0.720461,1.344172,0.077163,0.059183,0.439497,5
MP6_HYPOXIA,stress,PGK1,0.546862,0.818221,0.046971,0.058926,0.499946,6
MP6_HYPOXIA,stress,BNIP3,0.41149,0.507722,0.029146,0.045173,0.38016,7
MP6_HYPOXIA,stress,MT2A,0.661691,1.272208,0.073032,0.037293,0.281594,8
MP6_HYPOXIA,stress,LGALS3,0.572451,0.972477,0.055826,0.036747,0.258799,9
MP6_HYPOXIA,stress,GPI,0.426322,0.532619,0.030575,0.036156,0.381181,10
MP6_HYPOXIA,stress,MT1X,0.512481,0.787975,0.045234,0.03606,0.336833,11
MP6_HYPOXIA,stress,FAM162A,0.386828,0.417503,0.023967,0.026615,0.253721,12
MP6_HYPOXIA,stress,DDIT4,0.305809,0.374121,0.021477,0.026157,0.312537,13
MP6_HYPOXIA,stress,SLC3A2,0.405096,0.442899,0.025425,0.022837,0.254726,14
MP6_HYPOXIA,stress,IGFBP5,0.193216,0.301737,0.017321,0.022533,0.263065,15
MP6_HYPOXIA,stress,SLC16A3,0.14208,0.141902,0.008146,0.018926,0.388957,16
MP6_HYPOXIA,stress,NDRG1,0.127384,0.127077,0.007295,0.016928,0.258855,17
MP6_HYPOXIA,stress,SLC2A1,0.161548,0.127083,0.007295,0.016152,0.250944,18
MP6_HYPOXIA,stress,ERO1A,0.162379,0.130985,0.007519,0.015987,0.275087,19
MP6_HYPOXIA,stress,NDUFA4L2,0.060025,0.086587,0.004971,0.015567,0.284882,20
MP6_HYPOXIA,stress,PFKP,0.162829,0.138068,0.007926,0.015294,0.327331,21
MP6_HYPOXIA,stress,TMEM45A,0.195452,0.167767,0.009631,0.015057,0.252282,22
MP6_HYPOXIA,stress,BNIP3L,0.371219,0.384197,0.022055,0.01482,0.148439,23
MP6_HYPOXIA,stress,P4HA1,0.182188,0.15405,0.008843,0.013055,0.243252,24
MP6_HYPOXIA,stress,NRN1,0.079983,0.085687,0.004919,0.012999,0.255597,25
MP6_HYPOXIA,stress,AK4,0.237455,0.197686,0.011348,0.012331,0.229884,26
MP6_HYPOXIA,stress,EGLN3,0.142162,0.133511,0.007664,0.011536,0.20738,27
MP6_HYPOXIA,stress,IGFBP3,0.081973,0.094352,0.005416,0.011158,0.220795,28
MP6_HYPOXIA,stress,VEGFA,0.164288,0.133254,0.00765,0.010807,0.179211,29
MP6_HYPOXIA,stress,PLOD2,0.161493,0.13216,0.007587,0.010324,0.219236,30
MP6_HYPOXIA,stress,ADM,0.084659,0.075249,0.00432,0.010235,0.198803,31
MP6_HYPOXIA,stress,HILPDA,0.147929,0.122447,0.007029,0.009484,0.16619,32
MP6_HYPOXIA,stress,CAV1,0.098592,0.106189,0.006096,0.00898,0.235299,33
MP6_HYPOXIA,stress,ANKRD37,0.150491,0.12256,0.007036,0.008812,0.150039,34
MP6_HYPOXIA,stress,ANGPTL4,0.134732,0.12082,0.006936,0.007923,0.119124,35
MP6_HYPOXIA,stress,DDIT3,0.194321,0.174027,0.00999,0.007639,0.132626,36
MP6_HYPOXIA,stress,ERRFI1,0.270827,0.258767,0.014855,0.007515,0.107258,37
MP6_HYPOXIA,stress,PFKFB3,0.105994,0.076,0.004363,0.00637,0.172382,38
MP6_HYPOXIA,stress,CA9,0.023476,0.022391,0.001285,0.005799,0.210717,39
MP6_HYPOXIA,stress,GBE1,0.066269,0.046631,0.002677,0.004523,0.160165,40
MP6_HYPOXIA,stress,ENO2,0.053018,0.036481,0.002094,0.004405,0.143417,41
MP6_HYPOXIA,stress,PDK1,0.049023,0.033728,0.001936,0.003473,0.165237,42
MP6_HYPOXIA,stress,WSB1,0.341622,0.357276,0.02051,0.003398,0.043233,43
MP6_HYPOXIA,stress,INSIG2,0.114133,0.078467,0.004504,0.003263,0.084147,44
MP6_HYPOXIA,stress,DNAJB9,0.226971,0.202606,0.011631,0.003186,0.052155,45
MP6_HYPOXIA,stress,HK2,0.064919,0.040362,0.002317,0.002803,0.093597,46
MP6_HYPOXIA,stress,EPB41L4A-AS1,0.165706,0.137564,0.007897,0.002132,0.023534,47
MP6_HYPOXIA,stress,AKAP12,0.007239,0.006128,0.000352,0.000323,0.054157,48
MP6_HYPOXIA,stress,CA12,0.129715,0.120235,0.006902,-0.004119,-0.151496,49
MP7_STRESS_IN_VITRO,stress,XBP1,0.600753,1.243534,0.07902,0.086988,0.558335,1
MP7_STRESS_IN_VITRO,stress,ATF3,0.493695,0.806221,0.051231,0.0647,0.465126,2
MP7_STRESS_IN_VITRO,stress,BTG1,0.537142,0.786126,0.049954,0.05816,0.405625,3
MP7_STRESS_IN_VITRO,stress,PPP1R15A,0.459695,0.621514,0.039494,0.049535,0.449857,4
MP7_STRESS_IN_VITRO,stress,GADD45B,0.327403,0.439584,0.027933,0.041141,0.470131,5
MP7_STRESS_IN_VITRO,stress,ZFAS1,0.569561,0.821071,0.052175,0.039122,0.290948,6
MP7_STRESS_IN_VITRO,stress,SQSTM1,0.551498,0.759184,0.048242,0.037918,0.216559,7
MP7_STRESS_IN_VITRO,stress,SNHG8,0.441114,0.576501,0.036633,0.037234,0.377718,8
MP7_STRESS_IN_VITRO,stress,HERPUD1,0.399234,0.430658,0.027366,0.035581,0.330971,9
MP7_STRESS_IN_VITRO,stress,HSPA5,0.528486,0.767445,0.048767,0.035532,0.153263,10
MP7_STRESS_IN_VITRO,stress,STC2,0.217387,0.323437,0.020553,0.034997,0.475555,11
MP7_STRESS_IN_VITRO,stress,NUPR1,0.531771,0.787712,0.050055,0.034117,0.281166,12
MP7_STRESS_IN_VITRO,stress,ARF4,0.594536,0.806142,0.051226,0.03138,0.19635,13
MP7_STRESS_IN_VITRO,stress,SLC3A2,0.405096,0.442899,0.028144,0.028401,0.197162,14
MP7_STRESS_IN_VITRO,stress,MAP1LC3B,0.410017,0.432476,0.027482,0.028136,0.274908,15
MP7_STRESS_IN_VITRO,stress,ATF4,0.382057,0.385064,0.024469,0.027059,0.268149,16
MP7_STRESS_IN_VITRO,stress,SNHG7,0.307404,0.325289,0.02067,0.022958,0.232091,17
MP7_STRESS_IN_VITRO,stress,EIF1B,0.382384,0.364896,0.023187,0.021897,0.214219,18
MP7_STRESS_IN_VITRO,stress,DNAJB9,0.226971,0.202606,0.012875,0.021185,0.32631,19
MP7_STRESS_IN_VITRO,stress,MTHFD2,0.351737,0.364237,0.023145,0.018796,0.184725,20
MP7_STRESS_IN_VITRO,stress,DDIT3,0.194321,0.174027,0.011058,0.018226,0.284703,21
MP7_STRESS_IN_VITRO,stress,GDF15,0.104631,0.134293,0.008534,0.017874,0.322368,22
MP7_STRESS_IN_VITRO,stress,DDIT4,0.305809,0.374121,0.023773,0.017322,0.121763,23
MP7_STRESS_IN_VITRO,stress,OSER1,0.255559,0.207609,0.013192,0.016905,0.226709,24
MP7_STRESS_IN_VITRO,stress,RSRC2,0.299783,0.253321,0.016097,0.016225,0.193505,25
MP7_STRESS_IN_VITRO,stress,SNHG12,0.209303,0.175851,0.011174,0.01499,0.221562,26
MP7_STRESS_IN_VITRO,stress,CEBPB,0.268414,0.232896,0.014799,0.01369,0.093069,27
MP7_STRESS_IN_VITRO,stress,TXNIP,0.212548,0.20564,0.013067,0.012495,0.214527,28
MP7_STRESS_IN_VITRO,stress,EPB41L4A-AS1,0.165706,0.137564,0.008741,0.011325,0.250226,29
MP7_STRESS_IN_VITRO,stress,CEBPG,0.26397,0.24958,0.015859,0.010879,0.10139,30
MP7_STRESS_IN_VITRO,stress,HSPA9,0.290022,0.256899,0.016325,0.010801,0.134949,31
MP7_STRESS_IN_VITRO,stress,TAF1D,0.22828,0.190937,0.012133,0.010652,0.1657,32
MP7_STRESS_IN_VITRO,stress,SNHG15,0.229125,0.195274,0.012409,0.010617,0.144137,33
MP7_STRESS_IN_VITRO,stress,SHMT2,0.209944,0.170814,0.010854,0.008223,0.103224,34
MP7_STRESS_IN_VITRO,stress,TRIB3,0.102177,0.082739,0.005258,0.008019,0.177983,35
MP7_STRESS_IN_VITRO,stress,ZFAND2A,0.190463,0.151425,0.009622,0.007986,0.066235,36
MP7_STRESS_IN_VITRO,stress,GADD45A,0.101673,0.065571,0.004167,0.005978,0.152462,37
MP7_STRESS_IN_VITRO,stress,PSAT1,0.119845,0.116294,0.00739,0.005571,0.038052,38
MP7_STRESS_IN_VITRO,stress,PDRG1,0.15878,0.122608,0.007791,0.005135,0.081924,39
MP7_STRESS_IN_VITRO,stress,ASNS,0.094679,0.079846,0.005074,0.005121,0.106639,40
MP7_STRESS_IN_VITRO,stress,PHGDH,0.24438,0.253898,0.016134,0.004818,-0.014783,41
MP7_STRESS_IN_VITRO,stress,CCDC174,0.108312,0.06943,0.004412,0.004596,0.103042,42
MP7_STRESS_IN_VITRO,stress,ZNF622,0.109771,0.071379,0.004536,0.00398,0.074572,43
MP7_STRESS_IN_VITRO,stress,UPP1,0.0999,0.078385,0.004981,0.003735,-0.005497,44
MP8_PROTEASOMAL_DEGRADATION,proteostasis,PRDX1,0.79127,1.674937,0.075953,0.058452,0.582054,1
MP8_PROTEASOMAL_DEGRADATION,proteostasis,PGK1,0.546862,0.818221,0.037104,0.042006,0.508536,2
MP8_PROTEASOMAL_DEGRADATION,proteostasis,ANXA1,0.368751,0.67369,0.03055,0.041267,0.349927,3
MP8_PROTEASOMAL_DEGRADATION,proteostasis,PSME2,0.528431,0.781244,0.035427,0.040484,0.467283,4
MP8_PROTEASOMAL_DEGRADATION,proteostasis,PSMB1,0.52764,0.703382,0.031896,0.037519,0.465409,5
MP8_PROTEASOMAL_DEGRADATION,proteostasis,HSPA5,0.528486,0.767445,0.034801,0.034592,0.371674,6
MP8_PROTEASOMAL_DEGRADATION,proteostasis,SSBP1,0.502134,0.641256,0.029079,0.032438,0.447678,7
MP8_PROTEASOMAL_DEGRADATION,proteostasis,ILF2,0.516448,0.673132,0.030524,0.031459,0.426589,8
MP8_PROTEASOMAL_DEGRADATION,proteostasis,TUBB4B,0.528813,0.726924,0.032964,0.030873,0.375793,9
MP8_PROTEASOMAL_DEGRADATION,proteostasis,PDIA3,0.534348,0.736162,0.033382,0.030596,0.365769,10
MP8_PROTEASOMAL_DEGRADATION,proteostasis,PSMA3,0.385574,0.414035,0.018775,0.027821,0.446865,11
MP8_PROTEASOMAL_DEGRADATION,proteostasis,PSMB3,0.467452,0.564701,0.025607,0.027697,0.429581,12
MP8_PROTEASOMAL_DEGRADATION,proteostasis,LAPTM4A,0.646749,1.028589,0.046643,0.026627,0.297085,13
MP8_PROTEASOMAL_DEGRADATION,proteostasis,CCT5,0.381607,0.420993,0.019091,0.026045,0.443453,14
MP8_PROTEASOMAL_DEGRADATION,proteostasis,XRCC6,0.400256,0.43108,0.019548,0.024715,0.413491,15
MP8_PROTEASOMAL_DEGRADATION,proteostasis,PSMB6,0.525691,0.6545,0.029679,0.024658,0.377228,16
MP8_PROTEASOMAL_DEGRADATION,proteostasis,MDH1,0.398811,0.438819,0.019899,0.024535,0.42121,17
MP8_PROTEASOMAL_DEGRADATION,proteostasis,PSMA4,0.381825,0.395453,0.017932,0.021564,0.395541,18
MP8_PROTEASOMAL_DEGRADATION,proteostasis,SSB,0.366079,0.36695,0.01664,0.021334,0.374509,19
MP8_PROTEASOMAL_DEGRADATION,proteostasis,CCT7,0.393167,0.402671,0.01826,0.021281,0.385806,20
MP8_PROTEASOMAL_DEGRADATION,proteostasis,NQO1,0.314288,0.338436,0.015347,0.020761,0.346421,21
MP8_PROTEASOMAL_DEGRADATION,proteostasis,NDUFS2,0.374054,0.371748,0.016858,0.01885,0.3681,22
MP8_PROTEASOMAL_DEGRADATION,proteostasis,CDC123,0.304159,0.286316,0.012983,0.017784,0.388702,23
MP8_PROTEASOMAL_DEGRADATION,proteostasis,PRDX2,0.61538,0.926212,0.042001,0.017772,0.261918,24
MP8_PROTEASOMAL_DEGRADATION,proteostasis,CCT8,0.372459,0.378301,0.017155,0.01713,0.330668,25
MP8_PROTEASOMAL_DEGRADATION,proteostasis,EIF3I,0.398539,0.40736,0.018472,0.016872,0.29461,26
MP8_PROTEASOMAL_DEGRADATION,proteostasis,SLC3A2,0.405096,0.442899,0.020084,0.016562,0.273265,27
MP8_PROTEASOMAL_DEGRADATION,proteostasis,PSMC4,0.305754,0.304774,0.01382,0.016167,0.366223,28
MP8_PROTEASOMAL_DEGRADATION,proteostasis,MRPL13,0.331725,0.311452,0.014123,0.015853,0.351111,29
MP8_PROTEASOMAL_DEGRADATION,proteostasis,PSMD13,0.297029,0.266842,0.0121,0.014949,0.326621,30
MP8_PROTEASOMAL_DEGRADATION,proteostasis,EIF4A3,0.315243,0.298585,0.01354,0.014944,0.318797,31
MP8_PROTEASOMAL_DEGRADATION,proteostasis,PCMT1,0.296239,0.262014,0.011881,0.014941,0.320834,32
MP8_PROTEASOMAL_DEGRADATION,proteostasis,PSMC2,0.226044,0.188212,0.008535,0.014805,0.380069,33
MP8_PROTEASOMAL_DEGRADATION,proteostasis,POLR2G,0.338078,0.334005,0.015146,0.014737,0.328503,34
MP8_PROTEASOMAL_DEGRADATION,proteostasis,SPCS2,0.494717,0.577488,0.026187,0.014139,0.222781,35
MP8_PROTEASOMAL_DEGRADATION,proteostasis,PRMT1,0.33985,0.32866,0.014904,0.014026,0.303858,36
MP8_PROTEASOMAL_DEGRADATION,proteostasis,SNRPB2,0.318024,0.291881,0.013236,0.013601,0.286986,37
MP8_PROTEASOMAL_DEGRADATION,proteostasis,MCTS1,0.293485,0.261446,0.011856,0.013478,0.308312,38
MP8_PROTEASOMAL_DEGRADATION,proteostasis,DDX39A,0.240495,0.215047,0.009752,0.012561,0.317245,39
MP8_PROTEASOMAL_DEGRADATION,proteostasis,PDHA1,0.233651,0.194848,0.008836,0.01171,0.335437,40
MP8_PROTEASOMAL_DEGRADATION,proteostasis,DCAF13,0.233651,0.208798,0.009468,0.010697,0.315569,41
MP8_PROTEASOMAL_DEGRADATION,proteostasis,CCNB1,0.114992,0.114475,0.005191,0.009304,0.273001,42
MP8_PROTEASOMAL_DEGRADATION,proteostasis,DPM1,0.195411,0.147227,0.006676,0.009234,0.288697,43
MP8_PROTEASOMAL_DEGRADATION,proteostasis,GSTO1,0.253664,0.21833,0.009901,0.008888,0.244424,44
MP8_PROTEASOMAL_DEGRADATION,proteostasis,RTCB,0.193544,0.147601,0.006693,0.007634,0.228832,45
MP8_PROTEASOMAL_DEGRADATION,proteostasis,IMPDH2,0.397121,0.447343,0.020286,0.004438,0.07798,46
MP8_PROTEASOMAL_DEGRADATION,proteostasis,NUP37,0.102423,0.070823,0.003212,0.004296,0.224079,47
MP8_PROTEASOMAL_DEGRADATION,proteostasis,ECH1,0.217619,0.184529,0.008368,0.003069,0.114327,48
MP8_PROTEASOMAL_DEGRADATION,proteostasis,NDUFA9,0.089635,0.059451,0.002696,0.002749,0.162567,49
MP8_PROTEASOMAL_DEGRADATION,proteostasis,EIF4A1,0.190599,0.15307,0.006941,0.002082,0.037984,50
MP9_UNFOLDED_PROTEIN_RESPONSE,proteostasis,PPIB,0.735062,1.426937,0.06675,0.059991,0.520027,1
MP9_UNFOLDED_PROTEIN_RESPONSE,proteostasis,CALR,0.6603,1.116533,0.052229,0.051073,0.529551,2
MP9_UNFOLDED_PROTEIN_RESPONSE,proteostasis,HSPA5,0.528486,0.767445,0.0359,0.046865,0.519012,3
MP9_UNFOLDED_PROTEIN_RESPONSE,proteostasis,PDIA6,0.564749,0.837344,0.039169,0.045971,0.510326,4
MP9_UNFOLDED_PROTEIN_RESPONSE,proteostasis,HSP90B1,0.612981,0.937703,0.043864,0.042884,0.484945,5
MP9_UNFOLDED_PROTEIN_RESPONSE,proteostasis,PDIA3,0.534348,0.736162,0.034436,0.041182,0.499987,6
MP9_UNFOLDED_PROTEIN_RESPONSE,proteostasis,KDELR2,0.545322,0.797944,0.037326,0.039172,0.428844,7
MP9_UNFOLDED_PROTEIN_RESPONSE,proteostasis,LAPTM4A,0.646749,1.028589,0.048116,0.033409,0.369799,8
MP9_UNFOLDED_PROTEIN_RESPONSE,proteostasis,PRDX4,0.471405,0.604339,0.02827,0.03257,0.421989,9
MP9_UNFOLDED_PROTEIN_RESPONSE,proteostasis,PDIA4,0.388873,0.442306,0.02069,0.032118,0.487479,10
MP9_UNFOLDED_PROTEIN_RESPONSE,proteostasis,HM13,0.422014,0.478728,0.022394,0.031008,0.437854,11
MP9_UNFOLDED_PROTEIN_RESPONSE,proteostasis,RPN2,0.435006,0.493473,0.023084,0.029384,0.446526,12
MP9_UNFOLDED_PROTEIN_RESPONSE,proteostasis,SELENOS,0.391395,0.418296,0.019567,0.027385,0.395711,13
MP9_UNFOLDED_PROTEIN_RESPONSE,proteostasis,MYDGF,0.460077,0.527956,0.024697,0.026128,0.385206,14
MP9_UNFOLDED_PROTEIN_RESPONSE,proteostasis,LMAN1,0.396071,0.418125,0.019559,0.025196,0.390408,15
MP9_UNFOLDED_PROTEIN_RESPONSE,proteostasis,OSTC,0.504669,0.599118,0.028026,0.024264,0.330293,16
MP9_UNFOLDED_PROTEIN_RESPONSE,proteostasis,ARF4,0.594536,0.806142,0.03771,0.022757,0.292686,17
MP9_UNFOLDED_PROTEIN_RESPONSE,proteostasis,SEC61G,0.639592,1.038936,0.0486,0.0223,0.196751,18
MP9_UNFOLDED_PROTEIN_RESPONSE,proteostasis,TMED9,0.422791,0.453811,0.021228,0.02195,0.378846,19
MP9_UNFOLDED_PROTEIN_RESPONSE,proteostasis,SDF2L1,0.323027,0.321343,0.015032,0.020808,0.360421,20
MP9_UNFOLDED_PROTEIN_RESPONSE,proteostasis,FKBP2,0.501793,0.590727,0.027633,0.020674,0.303546,21
MP9_UNFOLDED_PROTEIN_RESPONSE,proteostasis,SLC3A2,0.405096,0.442899,0.020718,0.020671,0.338175,22
MP9_UNFOLDED_PROTEIN_RESPONSE,proteostasis,HERPUD1,0.399234,0.430658,0.020145,0.018579,0.303287,23
MP9_UNFOLDED_PROTEIN_RESPONSE,proteostasis,DNAJB11,0.295516,0.267813,0.012528,0.01835,0.380389,24
MP9_UNFOLDED_PROTEIN_RESPONSE,proteostasis,LMAN2,0.41577,0.425923,0.019924,0.017982,0.335388,25
MP9_UNFOLDED_PROTEIN_RESPONSE,proteostasis,RRBP1,0.329571,0.320469,0.014991,0.017573,0.345788,26
MP9_UNFOLDED_PROTEIN_RESPONSE,proteostasis,MANF,0.287773,0.261257,0.012221,0.017517,0.359193,27
MP9_UNFOLDED_PROTEIN_RESPONSE,proteostasis,CRELD2,0.254727,0.21514,0.010064,0.016456,0.348525,28
MP9_UNFOLDED_PROTEIN_RESPONSE,proteostasis,ISG20,0.233433,0.24972,0.011681,0.015262,0.257143,29
MP9_UNFOLDED_PROTEIN_RESPONSE,proteostasis,MLEC,0.346475,0.32092,0.015012,0.015171,0.311915,30
MP9_UNFOLDED_PROTEIN_RESPONSE,proteostasis,SRPRB,0.21402,0.171989,0.008045,0.013471,0.359699,31
MP9_UNFOLDED_PROTEIN_RESPONSE,proteostasis,SELENOK,0.42245,0.439643,0.020566,0.012959,0.210788,32
MP9_UNFOLDED_PROTEIN_RESPONSE,proteostasis,CDK2AP2,0.37145,0.368473,0.017237,0.012904,0.242383,33
MP9_UNFOLDED_PROTEIN_RESPONSE,proteostasis,ERLEC1,0.33242,0.293859,0.013746,0.01283,0.263669,34
MP9_UNFOLDED_PROTEIN_RESPONSE,proteostasis,DNAJC3,0.270214,0.225283,0.010538,0.012237,0.305358,35
MP9_UNFOLDED_PROTEIN_RESPONSE,proteostasis,CKAP4,0.225362,0.174213,0.008149,0.011038,0.290697,36
MP9_UNFOLDED_PROTEIN_RESPONSE,proteostasis,SEC63,0.277194,0.224661,0.010509,0.010423,0.267936,37
MP9_UNFOLDED_PROTEIN_RESPONSE,proteostasis,ATF4,0.382057,0.385064,0.018013,0.009616,0.168164,38
MP9_UNFOLDED_PROTEIN_RESPONSE,proteostasis,DNAJB9,0.226971,0.202606,0.009478,0.007352,0.20594,39
MP9_UNFOLDED_PROTEIN_RESPONSE,proteostasis,SLC35B1,0.212016,0.157343,0.00736,0.007338,0.225622,40
MP9_UNFOLDED_PROTEIN_RESPONSE,proteostasis,PLPP5,0.253337,0.22263,0.010414,0.00672,0.207993,41
MP9_UNFOLDED_PROTEIN_RESPONSE,proteostasis,SRPRA,0.200646,0.156674,0.007329,0.006519,0.211214,42
MP9_UNFOLDED_PROTEIN_RESPONSE,proteostasis,HYOU1,0.160893,0.113699,0.005319,0.005183,0.202432,43
MP9_UNFOLDED_PROTEIN_RESPONSE,proteostasis,TXNDC15,0.161329,0.111646,0.005223,0.005074,0.200242,44
MP9_UNFOLDED_PROTEIN_RESPONSE,proteostasis,CCPG1,0.176666,0.134111,0.006273,0.004384,0.179757,45
MP9_UNFOLDED_PROTEIN_RESPONSE,proteostasis,SEL1L,0.151923,0.109658,0.00513,0.003909,0.160543,46
MP9_UNFOLDED_PROTEIN_RESPONSE,proteostasis,FKBP11,0.138822,0.10918,0.005107,0.003393,0.137983,47
